Area,short names,1990,1991,1992,1993,1994,1995,1996,1997,1998,1999,2000,2001,2002,2003,2004,2005,2006,2007,2008,2009,2010,2011,2012,2013,2014,2015,2016,2017,2018,2019,2020,2021
AFG,share_in_agricultural_area_1,7910,7910,7910,7824,7703,7653,7647,7685,7757,7653,7683,7683,7678,7772,7816,7805,7794,7794,7794,7793,7793,7791,7790,7785,7771,7765,7729,7699,7794,7788,7829,7829
AFG,share_in_agricultural_area_2,130,120,120,110,110,110,110,110,111,111,111,112,112,112,112,112,116,120,122,123,124,124,124,125,139,145,181,211,216,222,222,222
AFG,share_in_agricultural_area_3,30000,30000,30000,30000,30000,30000,30000,30000,30000,30000,30000,30000,30000,30000,30000,30000,30000,30000,30000,30000,30000,30000,30000,30000,30000,30000,30000,30000,30000,30000,30262,30262
AFG,share_in_land_area_1,65223,65223,65223,65223,65223,65223,65223,65223,65223,65223,65223,65223,65223,65223,65223,65223,65223,65223,65223,65223,65223,65223,65223,65223,65223,65223,65223,65223,65223,65223,65223,65223
AFG,share_in_land_area_2,38040,38030,38030,37934,37813,37763,37757,37795,37868,37764,37794,37795,37790,37884,37928,37917,37910,37914,37916,37916,37917,37915,37914,37910,37910,37910,37910,37910,38010,38010,38313,38313
AFG,share_in_land_area_3,25974.56,25984.56,25984.56,26080.56,26201.56,26251.56,26257.56,26219.56,26146.56,26250.56,26220.56,26219.56,26224.56,26130.56,26086.56,26097.56,26104.56,26100.56,26098.56,26098.56,26097.56,26099.56,26100.56,26104.56,26104.56,26104.56,26104.56,26104.56,26004.56,26004.56,25701.56,25701.56
AFG,share_in_land_area_4,1208.44,1208.44,1208.44,1208.44,1208.44,1208.44,1208.44,1208.44,1208.44,1208.44,1208.44,1208.44,1208.44,1208.44,1208.44,1208.44,1208.44,1208.44,1208.44,1208.44,1208.44,1208.44,1208.44,1208.44,1208.44,1208.44,1208.44,1208.44,1208.44,1208.44,1208.44,1208.44
AGO,share_in_agricultural_area_1,2900,2950,3000,3000,3000,3000,3000,3000,3000,3000,3000,3000,3100,3300,3300,3300,3300,3400,3400,4000,4200,4700,4700,4845,5010,5125,5347,5352,5357,5363,5368,5373
AGO,share_in_agricultural_area_2,200,200,200,200,200,200,200,200,200,200,200,200,200,200,200,200,200,200,200,235,235,235,255,290,300,300,310,315,317,317,317,317
AGO,share_in_agricultural_area_3,41356,41333,41311,41310,41310,41290,41247,41250,41313,41367,41323,41215,41138,40999,40810,40683,40637,40645,40595,40395,40415,40381,40348,40353,40364,40364,40167,40105,40118,40197,40207,40207
AGO,share_in_land_area_1,124670,124670,124670,124670,124670,124670,124670,124670,124670,124670,124670,124670,124670,124670,124670,124670,124670,124670,124670,124670,124670,124670,124670,124670,124670,124670,124670,124670,124670,124670,124670,124670
AGO,share_in_land_area_2,44456,44483,44511,44510,44510,44490,44447,44450,44513,44567,44523,44415,44438,44499,44310,44183,44137,44245,44195,44630,44850,45316,45303,45488,45674,45789,45824,45772,45792,45877,45892,45897
AGO,share_in_land_area_3,951.22,1079.64,1207.05,1363.47,1518.89,1694.3,1892.72,2045.14,2137.56,2238.97,2438.39,3101.45,3633.51,4127.57,4871.63,5553.7,6154.76,6601.82,7206.88,7326.94,7662,7751.06,8319.12,8689.19,9058.25,9498.31,10018.38,10625.43,11160.49,11630.56,12170.62,12720.69
AGO,share_in_land_area_4,79262.78,79107.36,78951.95,78796.53,78641.11,78485.7,78330.28,78174.86,78019.44,77864.03,77708.61,77153.55,76598.49,76043.43,75488.37,74933.3,74378.24,73823.18,73268.12,72713.06,72158,71602.94,71047.88,70492.81,69937.75,69382.69,68827.62,68272.57,67717.51,67162.44,66607.38,66052.31
ALB,share_in_agricultural_area_1,579,578,578,577,577,577,577,578,577,577,578,578,578,578,578,538,584,578,610,609,626,622,619.1,617.1,615.6,615.1,620.3,612,611.35,610,599.6,599.9
ALB,share_in_agricultural_area_2,125,125,125,125,125,125,125,122,122,122,121,121,121,121,121,121,121,120,87,87,70,74,76.9,79.2,80.4,81,83.2,84.2,84.65,86,87.96,87.63
ALB,share_in_agricultural_area_3,417,424,424,424,424,425,429,435,440,446,445,440,441,422,423,418,415,421,484,505.3,505.3,505,505.3,491,478.29,478.2,478.2,478.08,478.08,478,478,448.8
ALB,share_in_land_area_1,2740,2740,2740,2740,2740,2740,2740,2740,2740,2740,2740,2740,2740,2740,2740,2740,2740,2740,2740,2740,2740,2740,2740,2740,2740,2740,2740,2740,2740,2740,2740,2740
ALB,share_in_land_area_2,1121,1127,1127,1126,1126,1127,1131,1135,1139,1145,1144,1139,1140,1121,1122,1077,1120,1119,1181,1201.3,1201.3,1201,1201.3,1188.31,1175.38,1175.54,1183.1,1175.86,1175.73,1175.73,1167.34,1136.33
ALB,share_in_land_area_3,830.2,826.15,828.1,831.05,833,833.95,831.9,829.85,827.8,823.75,826.7,830.42,828.15,845.87,843.59,887.32,843.04,842.76,779.48,757.91,756.63,755.51,753.78,765.35,776.86,775.27,767.72,775.24,775.37,775.37,783.76,814.77
ALB,share_in_land_area_4,788.8,786.85,784.9,782.95,781,779.05,777.1,775.15,773.2,771.25,769.3,770.58,771.85,773.13,774.41,775.68,776.96,778.24,779.52,780.79,782.07,783.49,784.92,786.34,787.76,789.19,789.18,788.9,788.9,788.9,788.9,788.9
AND,share_in_agricultural_area_1,1,1,1,1,1,1,1,1,1,1,1,0.75,0.85,0.86,0.81,0.8,0.78,0.77,0.76,0.77,0.77,0.77,0.76,0.81,0.8,0.81,0.82,0.82,0.82,0.79,0.77,0.75
AND,share_in_agricultural_area_2,,,,,,,,,,,,,,,,,,,,,,,,,,,,,0.01,0.01,0.01,0.01
AND,share_in_agricultural_area_3,22,22,22,22,22,22,22,22,22,22,22,22,22,22,22,21,21,20,20,20,19,19,18,18,18,18,18,18,18,18,18,18
AND,share_in_land_area_1,47,47,47,47,47,47,47,47,47,47,47,47,47,47,47,47,47,47,47,47,47,47,47,47,47,47,47,47,47,47,47,47
AND,share_in_land_area_2,23,23,23,23,23,23,23,23,23,23,23,22.75,22.85,22.86,22.81,21.8,21.78,20.77,20.76,20.77,19.77,19.77,18.76,18.81,18.8,18.81,18.82,18.82,18.83,18.8,18.78,18.76
AND,share_in_land_area_3,8,8,8,8,8,8,8,8,8,8,8,8.25,8.15,8.14,8.19,9.2,9.22,10.23,10.24,10.23,11.23,11.23,12.24,12.19,12.2,12.19,12.18,12.18,12.17,12.2,12.22,12.24
AND,share_in_land_area_4,16,16,16,16,16,16,16,16,16,16,16,16,16,16,16,16,16,16,16,16,16,16,16,16,16,16,16,16,16,16,16,16
ARE,share_in_agricultural_area_1,35,35,38,40,42,43,46,45,36,43,60,71,75,64,63,68,50.6,44.6,51.6,49.9,50.6,45.1,37.1,37.5,44,44.1,44.5,44.5,42.3,49.9,49,50.3
ARE,share_in_agricultural_area_2,20,25,31,35,40,40,41,50,62,173,187,191,191,190,191,189,188,188,188,38,41.7,43.4,39.6,41.9,38.5,38.7,39.3,39.3,39.4,40.6,40.6,41.25
ARE,share_in_agricultural_area_3,230,250,270,280,290,300,300,300,300,300,300,300,300,300,300,300,300,300,300,300,300,300,300,300,300,300,300,300,300,300,300,300
ARE,share_in_land_area_1,7102,7102,7102,7102,7102,7102,7102,7102,7102,7102,7102,7102,7102,7102,7102,7102,7102,7102,7102,7102,7102,7102,7102,7102,7102,7102,7102,7102,7102,7102,7102,7102
ARE,share_in_land_area_2,285,310,339,355,372,383,387,395,398,516,547,562,566,554,554,557,538.6,532.6,539.6,387.9,392.3,388.5,376.7,379.83,383.06,382.94,384.52,384.46,401.58,410.26,409.63,412.1
ARE,share_in_land_area_3,6572,6540.56,6505.11,6482.67,6459.23,6441.78,6431.34,6416.9,6407.46,6283.01,6245.57,6229.78,6225,6236.21,6235.42,6231.64,6249.25,6254.46,6246.67,6397.59,6392.4,6396.2,6408,6404.87,6401.64,6401.76,6400.18,6400.24,6383.12,6374.44,6375.07,6372.6
ARE,share_in_land_area_4,245,251.44,257.89,264.33,270.77,277.21,283.66,290.1,296.54,302.99,309.43,310.22,311,311.79,312.58,313.36,314.15,314.94,315.73,316.51,317.3,317.3,317.3,317.3,317.3,317.3,317.3,317.3,317.3,317.3,317.3,317.3
ARG,share_in_agricultural_area_1,26575,26680,26785,26890,26998,27105,27212,27320,27425,27532,27640,27746,27862,29828.2,31794.4,33791.6,35582.5,36984.9,35636.3,34490.7,38003.1,38626.5,39622.9,39391.3,39215.7,40339.1,40162.5,40385.9,40208.76,40808.76,42008.76,42208.76
ARG,share_in_agricultural_area_2,1020,1020,1020,1020,1020,1020,1020,1015,1015,1000,1000,1000,1000,1000,1000,1000,1000,1000,1000,1000,1000,1000,1000,1000,1000,1000,1000,1000,1068,1068,1068,1068
ARG,share_in_agricultural_area_3,99970,99960,99950,99940,99930,99920,99910,99900,99890,99880,99870,99860,99848,98275.1,96702.2,95129.3,93556.4,91983.5,90410.6,88837.7,87264.8,85691.9,84119,82546.1,80973.2,79400.3,77827.4,76254.5,74681,74681,74681,74681
ARG,share_in_land_area_1,273669,273669,273669,273669,273669,273669,273669,273669,273669,273669,273669,273669,273669,273669,273669,273669,273669,273669,273669,273669,273669,273669,273669,273669,273669,273669,273669,273669,273669,273669,273669,273669
ARG,share_in_land_area_2,127565,127660,127755,127850,127948,128045,128142,128235,128330,128412,128510,128606,128710,129103.3,129496.6,129920.9,130138.9,129968.4,127046.9,124328.4,126267.9,125318.4,124741.9,122937.4,121188.9,120739.4,118989.9,117640.4,115957.76,116557.76,117757.76,117957.76
ARG,share_in_land_area_3,110900,110987.6,111075.2,111162.8,111247.4,111333,111418.6,111508.2,111595.8,111696.4,111781,112001.4,112213.8,112136.9,112060,111952.1,112050.5,112537.4,115775.3,118810.2,117187.1,118360,119159.9,121187.8,123159.7,123832.6,125669.1,127129.6,128920.24,128430.24,127338.24,127247.57
ARG,share_in_land_area_4,35204,35021.4,34838.8,34656.2,34473.6,34291,34108.4,33925.8,33743.2,33560.6,33378,33061.6,32745.2,32428.8,32112.4,31796,31479.6,31163.2,30846.8,30530.4,30214,29990.6,29767.2,29543.8,29320.4,29097,29010,28899,28791,28681,28573,28463.67
ARM,share_in_agricultural_area_1,,,423,433,435,435,450,455,455,450,450,455,455,455,455,455,452.9,452.1,450.4,449.4,448.5,449.2,448.4,448.2,447.5,446.7,446.4,446,445.6,444.8,444,443.42
ARM,share_in_agricultural_area_2,,,60,60,65,59,56,43,38,38,38,38,36,39,50,50,51,54,54,53,55.1,53.4,56.7,57.7,57.3,57.6,58,58.1,59.1,60,60,60.3
ARM,share_in_agricultural_area_3,,,687,688,700,750,800,834,835,835,835,835,900,950,1000,1100,1252.5,1245.8,1244.4,1243.9,1231.4,1195.5,1177.9,1177.1,1175.9,1172.4,1172.4,1172,1172.6,1172,1172,1171.1
ARM,share_in_land_area_1,,,2847,2847,2847,2847,2847,2847,2847,2847,2847,2847,2847,2847,2847,2847,2847,2847,2847,2847,2847,2847,2847,2847,2847,2847,2847,2847,2847,2847,2847,2847
ARM,share_in_land_area_2,,,1170,1181,1200,1244,1306,1332,1328,1323,1323,1328,1391,1444,1505,1605,1756.4,1751.9,1748.8,1746.3,1735,1698.1,1683,2051,2049.4,2045.7,2045.5,2043.8,2044.5,2044.2,2042.48,2042.08
ARM,share_in_land_area_3,,,1342.69,1331.9,1313.11,1269.32,1207.52,1181.73,1185.94,1191.15,1191.36,1186.57,1123.78,1070.98,1010.19,910.4,759.21,763.92,767.22,769.93,781.44,818.55,833.86,466.06,467.87,471.78,472.19,474.1,473.61,474.12,476.05,476.66
ARM,share_in_land_area_4,,,334.31,334.1,333.89,333.68,333.48,333.27,333.06,332.85,332.64,332.43,332.22,332.02,331.81,331.6,331.39,331.18,330.98,330.77,330.56,330.35,330.14,329.94,329.73,329.52,329.31,329.1,328.89,328.68,328.47,328.26
ATG,share_in_agricultural_area_1,4,4,4,4,4,4,4,4,4,4,4,4,4,4,4,4,4,4,4,4,4,4,4,4,4,4,4,4,4,4,4,4
ATG,share_in_agricultural_area_2,1,1,1,1,1,1,1,1,1,1,1,1,1,1,1,1,1,1,1,1,1,1,1,1,1,1,1,1,1,1,1,1
ATG,share_in_agricultural_area_3,4,4,4,4,4,4,4,4,4,4,4,4,4,4,4,4,4,4,4,4,4,4,4,4,4,4,4,4,4,4,4,4
ATG,share_in_land_area_1,44,44,44,44,44,44,44,44,44,44,44,44,44,44,44,44,44,44,44,44,44,44,44,44,44,44,44,44,44,44,44,44
ATG,share_in_land_area_2,9,9,9,9,9,9,9,9,9,9,9,9,9,9,9,9,9,9,9,9,9,9,9,9,9,9,9,9,9,9,9,9
ATG,share_in_land_area_3,24.89,24.96,25.02,25.09,25.15,25.22,25.29,25.35,25.42,25.48,25.55,25.62,25.68,25.75,25.82,25.88,25.95,26.02,26.09,26.15,26.22,26.29,26.35,26.42,26.48,26.55,26.62,26.68,26.75,26.82,26.88,26.95
ATG,share_in_land_area_4,10.11,10.04,9.98,9.91,9.85,9.78,9.71,9.65,9.58,9.52,9.45,9.38,9.32,9.25,9.18,9.12,9.05,8.98,8.91,8.85,8.78,8.71,8.65,8.58,8.52,8.45,8.38,8.32,8.25,8.18,8.12,8.05
AUS,share_in_agricultural_area_1,16956,17208,16226,17111,17843,16837,19193,20904,21350,22994,23473,24200,23735,23240,25743,26402,24228,23125,23994.1,27141.6,25591.75,31694.9,31637.4,31220.8,31960.3,31090.7,30057,30752,30974,30573,30644,31265
AUS,share_in_agricultural_area_2,181,174,178,186,200,203,216,229,245,270,296,320,325,335,337,340,337,405,379.9,369.4,376.25,383.1,355.6,390.2,346.7,306.3,321,322,332,347,352,385
AUS,share_in_agricultural_area_3,447300,445400,449600,442800,451100,446348,445821,441100,442286,430429,431700,431180,422940,415925,368826,383488,384737,374825.5,364914,356746,350404,364043,355083,340164,342116,316722,312224,340763,327589,331557,324779,331869
AUS,share_in_land_area_1,768230,768230,768230,768230,768230,768230,768230,768230,768230,768230,768230,768230,768230,768230,768230,768230,768230,768230,768230,768230,768230,768230,768230,768230,768230,768230,769202,769202,769202,769202,769202,769202
AUS,share_in_land_area_2,464437,462782,466004,460097,469143,463388,465230,462233,463881,453693,455469,455700,447000,439500,440110,445149,434925,425449,417288,409029,398580,409672.6,405474,396615.3,406269,365913,371078,393797,378082,383801,377002,387265
AUS,share_in_land_area_3,169910.8,171772.61,168757.42,174871.23,166032.04,171993.85,170358.66,173562.47,172121.28,182516.09,180946.9,180942.7,189869.5,197596.3,197213.1,192400.9,202851.7,212554.5,220942.3,229428.1,240103.9,228301.62,231790.54,239939.56,229576.18,269222.5,264086.8,241387.6,257114.9,251395.9,258194.9,247931.9
AUS,share_in_land_area_4,133882.2,133675.39,133468.58,133261.77,133054.96,132848.15,132641.34,132434.53,132227.72,132020.91,131814.1,131587.3,131360.5,131133.7,130906.9,130680.1,130453.3,130226.5,129999.7,129772.9,129546.1,130255.78,130965.46,131675.14,132384.82,133094.5,134037.2,134017.4,134005.1,134005.1,134005.1,134005.1
AUT,share_in_agricultural_area_1,1426,1445,1436,1419,1423,1414,1410,1406,1404,1402,1399,1387,1385,1380.03,1379.3,1380.7,1377.2,1376,1369,1366.6,1363.8,1359.6,1355.1,1353.9,1351.7,1346.1,1344.49,1328.94,1327.15,1325.53,1324.97,1319.77
AUT,share_in_agricultural_area_2,79,79,70,79,76,78,76,73,72,71,71,71,71,71,66,66,68,68,66.3,66.3,65.3,65.3,65.3,65.4,65.4,65.49,66.87,66.87,66.87,66.87,67.71,67.71
AUT,share_in_agricultural_area_3,1518.9,1512.9,1507,1501,1495.1,1489.1,1487.3,1485.6,1483.9,1482.2,1470.2,1458.1,1446.2,1434.2,1422.1,1410.1,1398.1,1386.1,1374.1,1362.1,1350.1,1332.4,1314.8,1297.1,1297.1,1306.86,1258.81,1258.81,1258.81,1258.81,1209.98,1209.98
AUT,share_in_land_area_1,8252,8252,8252,8252,8252,8252,8252,8252,8252,8252,8252,8252,8252,8252,8252,8252,8252,8252,8252,8252,8252,8252,8252,8252,8252,8252,8252,8252,8252,8252,8252,8252
AUT,share_in_land_area_2,3023.9,3036.9,3013,2999,2994.1,2981.1,2973.3,2964.6,2959.9,2955.2,2940.2,2916.1,2902.2,2885.23,2867.4,2856.8,2843.3,2830.1,2809.4,2795,2779.2,2757.3,2735.2,2716.4,2714.2,2718.45,2670.17,2654.62,2652.83,2651.21,2633.17,2597.46
AUT,share_in_land_area_3,1452.43,1433.18,1450.84,1458.59,1457.24,1464,1465.55,1468,1466.45,1464.91,1473.66,1495.25,1506.65,1521.11,1536.44,1544.53,1555.52,1566.22,1584.41,1596.31,1609.6,1627.9,1646.4,1661.61,1660.21,1652.36,1697.04,1709,1707.2,1705.23,1719.68,1751.8
AUT,share_in_land_area_4,3775.67,3781.92,3788.16,3794.41,3800.66,3806.9,3813.15,3819.4,3825.65,3831.89,3838.14,3840.65,3843.15,3845.66,3848.16,3850.67,3853.18,3855.68,3858.19,3860.69,3863.2,3866.8,3870.4,3873.99,3877.59,3881.19,3884.79,3888.38,3891.97,3895.56,3899.15,3902.74
AZE,share_in_agricultural_area_1,,,1704.5,1715.8,1723.6,1726.3,1784.8,1801.2,1809.7,1824.9,1825.6,1835.7,1837.3,1838.5,1840.7,1843.2,1841.3,1854,1860.2,1874,1884.1,1885.7,1896.8,1925.3,1926.5,1937.7,1999,2094.5,2097.9,2096,2084.3,2089
AZE,share_in_agricultural_area_2,,,310.3,310.5,308.7,309.5,262.9,260.8,250,236.9,236.8,227,225.9,225.8,222.8,221.5,221.1,224.7,227.5,227.1,227.4,227.2,230.9,230.3,233.5,237,241,246.8,255,260.3,272.7,274.1
AZE,share_in_agricultural_area_3,,,2431.4,2430.3,2453.7,2453.3,2478.5,2526.7,2622.4,2630.6,2678,2682.9,2681.7,2690.3,2691.4,2693.9,2693.6,2677.8,2669,2656.2,2655.3,2655.8,2640.6,2614.2,2609.7,2595.1,2533,2436.2,2426.6,2423.4,2423,2417.5
AZE,share_in_land_area_1,,,8321.7,8321.7,8321.7,8321.7,8321.7,8321.7,8309.2,8270.5,8260.5,8260.4,8261.8,8265.2,8267.2,8266,8263.7,8262.9,8262.7,8262.2,8265.6,8265.8,8265.8,8265.9,8266.3,8266.3,8267,8266.2,8265.4,8265.4,8264.6,8265
AZE,share_in_land_area_2,,,4446.2,4456.6,4486,4489.1,4526.2,4588.7,4682.1,4692.4,4740.4,4745.6,4744.9,4754.6,4754.9,4758.6,4756,4756.5,4756.7,4757.3,4766.8,4768.7,4768.3,4769.8,4769.7,4769.8,4773,4777.5,4779.5,4779.7,4780.1,4780.6
AZE,share_in_land_area_3,,,2922.26,2907.62,2873.97,2866.62,2825.27,2758.52,2648.38,2595.13,2532.88,2523.05,2520.63,2509.8,2506.97,2497.54,2493.32,2487.49,2482.56,2476.93,2466.31,2455.53,2446.85,2436.37,2427.79,2418.61,2406.52,2391.52,2377.19,2365.46,2352.73,2341.1
AZE,share_in_land_area_4,,,953.24,957.48,961.73,965.98,970.23,974.48,978.72,982.97,987.22,991.75,996.27,1000.8,1005.33,1009.86,1014.38,1018.91,1023.44,1027.97,1032.49,1041.57,1050.65,1059.73,1068.81,1077.89,1087.48,1097.18,1108.71,1120.24,1131.77,1143.3
BDI,share_in_agricultural_area_1,930,930,930,930,930,940,940,950,950,960,960,975,986,990,985,956,939,942,945,948,950,1000,1027,1054,1081,1108,1135,1162,1189,1216,1243,1270
BDI,share_in_agricultural_area_2,360,360,370,370,370,370,370,360,360,360,360,362,365,360,380,380,400,400,400,400,400,358,350,350,350,350,350,350,350,350,350,350
BDI,share_in_agricultural_area_3,792,787,782,777,773,727,683,642,603,567,547,514,483,483,483,483,483,483,483,483,483,483,483,483,483,483,483,483,483,483,483,483
BDI,share_in_land_area_1,2568,2568,2568,2568,2568,2568,2568,2568,2568,2568,2568,2568,2568,2568,2568,2568,2568,2568,2568,2568,2568,2568,2568,2568,2568,2568,2568,2568,2568,2568,2568,2568
BDI,share_in_land_area_2,2082,2077,2082,2077,2073,2037,1993,1952,1913,1887,1867,1851,1834,1833,1848,1819,1822,1825,1828,1831,1833,1841,1860,1887,1914,1941,1968,1995,2022,2049,2076,2103
BDI,share_in_land_area_3,209.52,222.77,226.03,239.28,251.54,295.79,348.04,397.3,444.55,478.81,507.06,523.06,540.06,541.06,526.06,555.06,552.06,549.06,546.06,543.06,541.06,515.92,479.78,435.64,391.5,347.36,320.36,293.36,266.36,239.36,212.36,185.36
BDI,share_in_land_area_4,276.48,268.23,259.97,251.72,243.46,235.21,226.96,218.7,210.45,202.19,193.94,193.94,193.94,193.94,193.94,193.94,193.94,193.94,193.94,193.94,193.94,211.08,228.22,245.36,262.5,279.64,279.64,279.64,279.64,279.64,279.64,279.64
BEL,share_in_agricultural_area_1,,,,,,,,,,,862,845,832,835,840,843,842,839,844,840,834,825,803,816,817,829.5,849.4,836,850,857.29,864.88,865.64
BEL,share_in_agricultural_area_2,,,,,,,,,,,20.6,20.8,21.1,21.2,21.3,21,21,20.9,21.3,21.6,21.7,21.7,22,22.3,22.3,22.5,23,23,24,23.67,23.61,23.75
BEL,share_in_agricultural_area_3,,,,,,,,,,,507,521,536,536,530,519,517,507,500,502,500,489,507,498.2,492,476,478.4,468,480,475.46,476.12,476.28
BEL,share_in_land_area_1,,,,,,,,,,,3028,3028,3028,3028,3028,3028,3028,3028,3028,3028,3028,3028,3028,3028,3028,3028,3028,3028,3028,3028,3028,3028
BEL,share_in_land_area_2,,,,,,,,,,,1389.6,1386.8,1389.1,1392.2,1391.3,1383,1380,1366.9,1365.3,1363.6,1355.7,1335.7,1332,1336.5,1331.3,1328,1350.8,1327,1354,1356.42,1364.61,1365.67
BEL,share_in_land_area_3,,,,,,,,,,,971.1,971.64,967.09,961.73,960.37,966.42,967.16,978,977.34,976.79,982.43,1002.54,1006.36,1001.97,1007.29,1010.7,987.9,1011.7,984.7,982.28,974.09,973.03
BEL,share_in_land_area_4,,,,,,,,,,,667.3,669.56,671.81,674.07,676.33,678.58,680.84,683.1,685.36,687.61,689.87,689.76,689.64,689.53,689.41,689.3,689.3,689.3,689.3,689.3,689.3,689.3
BEN,share_in_agricultural_area_1,1615,1620,1630,1650,1700,1790,1950,2100,2250,2300,2380,2450,2550,2650,2650,2654,2500,2500,2500,2500,2500,2500,2600,2700,2700,2700,2800,2800,2800,2800,2800,2800
BEN,share_in_agricultural_area_2,105,110,115,120,150,180,210,240,250,260,265,265,265,267,267,280,290,300,500,600,600,600,600,700,700,700,600,600,600,600,600,600
BEN,share_in_agricultural_area_3,550,550,550,550,550,550,550,550,550,550,550,550,550,550,550,550,550,550,550,550,550,550,550,550,550,550,550,550,550,550,550,550
BEN,share_in_land_area_1,11276,11276,11276,11276,11276,11276,11276,11276,11276,11276,11276,11276,11276,11276,11276,11276,11276,11276,11276,11276,11276,11276,11276,11276,11276,11276,11276,11276,11276,11276,11276,11276
BEN,share_in_land_area_2,2270,2280,2295,2320,2400,2520,2710,2890,3050,3110,3195,3265,3365,3467,3467,3484,3340,3350,3550,3650,3650,3650,3750,3950,3950,3950,3950,3950,3950,3950,3950,3950
BEN,share_in_land_area_3,4170.85,4230.85,4285.85,4330.85,4320.85,4270.85,4150.85,4040.85,3950.85,3960.85,3945.85,3925.85,3875.85,3823.85,3873.85,3906.85,4100.85,4140.85,3990.85,3940.85,3990.85,4040.85,3990.85,3840.85,3890.85,3940.85,3990.85,4040.85,4090.85,4140.85,4190.85,4240.85
BEN,share_in_land_area_4,4835.15,4765.15,4695.15,4625.15,4555.15,4485.15,4415.15,4345.15,4275.15,4205.15,4135.15,4085.15,4035.15,3985.15,3935.15,3885.15,3835.15,3785.15,3735.15,3685.15,3635.15,3585.15,3535.15,3485.15,3435.15,3385.15,3335.15,3285.15,3235.15,3185.15,3135.15,3085.15
BFA,share_in_agricultural_area_1,3505,3480,3455,3430,3361,3380,3480,3780,3900,3996,4091,4187,4283,4378,4474,4570,4665,4761,4857,4952,5048,5143,5239,5335,5430,5526,5622,5717,5813,5909,6004,6100
BFA,share_in_agricultural_area_2,70,70,70,70,70,70,70,70,70,70,72,76,78,80,97,113,125,130,142.5,160,194,270,300,390,420,460,480,500,600,610,610,640
BFA,share_in_agricultural_area_3,6000,6000,6000,6000,6000,6000,6000,6000,6000,6000,6000,6000,6000,6000,6000,6000,6000,6000,6000,6000,6000,6000,6000,6000,6000,6000,6000,6000,6000,6000,6000,6000
BFA,share_in_land_area_1,27360,27360,27360,27360,27360,27360,27360,27360,27360,27360,27360,27360,27360,27360,27360,27360,27360,27360,27360,27360,27360,27360,27360,27360,27360,27360,27360,27360,27360,27360,27360,27360
BFA,share_in_land_area_2,9575,9550,9525,9500,9431,9450,9550,9850,9970,10066,10163,10263,10361,10458,10571,10683,10790,10891,10999.5,11112,11242,11413,11539,11725,11850,11986,12102,12217,12413,12519,12614,12740
BFA,share_in_land_area_3,10068.4,10143.41,10218.42,10293.43,10412.44,10443.45,10393.46,10143.47,10073.48,10027.49,9980.5,9930.5,9882.5,9835.5,9772.5,9710.5,9653.5,9602.5,9544,9481.5,9401.5,9280.52,9204.54,9068.56,8993.58,8907.6,8841.6,8776.6,8630.6,8574.6,8529.6,8453.6
BFA,share_in_land_area_4,7716.6,7666.59,7616.58,7566.57,7516.56,7466.55,7416.54,7366.53,7316.52,7266.51,7216.5,7166.5,7116.5,7066.5,7016.5,6966.5,6916.5,6866.5,6816.5,6766.5,6716.5,6666.48,6616.46,6566.44,6516.42,6466.4,6416.4,6366.4,6316.4,6266.4,6216.4,6166.4
BGD,share_in_agricultural_area_1,9456,9385,8609,8506,8408,8404,8357,8390,8454,8436,8350,8303,8253,8228,8143,7911,7880,7816,7803,7796,7791,7678,7670,7678,7669,7732.24,7764.21,7757.33,7772.3,7967,8000,8110
BGD,share_in_agricultural_area_2,330,335,340,340,350,370,370,375,380,450,450,500,500,500,580,800,800,850,850,850,850,850,853,1000,1051,1102,1153,1204,1255,1305,1328,1358
BGD,share_in_agricultural_area_3,600,600,600,600,600,600,600,600,600,600,600,600,600,600,600,600,600,600,600,600,600,600,600,600,600,600,600,600,600,600,600,600
BGD,share_in_land_area_1,13017,13017,13017,13017,13017,13017,13017,13017,13017,13017,13017,13017,13017,13017,13017,13017,13017,13017,13017,13017,13017,13017,13017,13017,13017,13017,13017,13017,13017,13017,13017,13017
BGD,share_in_land_area_2,10386,10320,9549,9446,9358,9374,9327,9365,9434,9486,9400,9403,9353,9328,9323,9311,9280,9266,9253,9246,9241,9128,9123,9278,9320,9434.24,9517.21,9561.33,9627.3,9872,9928,10068
BGD,share_in_land_area_3,710.67,776.67,1547.67,1650.67,1738.67,1722.67,1769.67,1731.67,1662.67,1610.67,1696.67,1696.87,1750.07,1778.27,1786.47,1801.66,1835.86,1853.06,1869.26,1879.46,1887.66,2001.65,2007.63,1853.62,1812.61,1699.36,1616.39,1572.27,1506.3,1261.6,1205.6,1065.6
BGD,share_in_land_area_4,1920.33,1920.33,1920.33,1920.33,1920.33,1920.33,1920.33,1920.33,1920.33,1920.33,1920.33,1917.13,1913.93,1910.73,1907.53,1904.34,1901.14,1897.94,1894.74,1891.54,1888.34,1887.35,1886.37,1885.38,1884.39,1883.4,1883.4,1883.4,1883.4,1883.4,1883.4,1883.4
BGR,share_in_agricultural_area_1,3856,3864,4047,4063,4001,3998,4203,4298,3536,3578,3526,3467,3355,3323,3313,3173,3132,3085,3088,3146,3186,3250,3317,3479,3486,3509.7,3496,3489.08,3478,3476,3492,3500.48
BGR,share_in_agricultural_area_2,300,298,283,247,216,204,199,199,280,281,252,245,228,214,211,188,182,189,184,165,164,160,159,135,127,133.5,141,148.09,153,153,152,149.04
BGR,share_in_agricultural_area_3,2003,1999,1824,1811,1942,1962,1762,1706,1829,1820,1804,1786,1742,1789,1806,1904,1876,1842,1829,1719,1702,1678,1647,1381,1364,1368.7,1384,1392.35,1399,1408,1404,1397.08
BGR,share_in_land_area_1,11063,11063,11063,11063,11063,11063,11063,11063,11063,11063,11063,11063,10880,10877,10876,10864,10863,10861,10861,10856,10856,10856,10856,10856,10856,10856,10856,10856,10856,10856,10856,10856
BGR,share_in_land_area_2,6159,6161,6154,6121,6159,6164,6164,6203,5645,5679,5582,5498,5325,5326,5330,5265,5190,5116,5101,5030,5052,5088,5123,4995,4977,5011.9,5021,5029.52,5030,5037,5047,5046.6
BGR,share_in_land_area_3,1577,1570.2,1572.4,1600.6,1557.8,1548,1543.2,1499.4,2052.6,2013.8,2106,2153.8,2107.6,2067.4,2026.2,2043,2080.8,2116.6,2095.4,2125.2,2067,2011.8,1957.6,2066.4,2065.2,2011.1,1994,1972.48,1959,1939,1916,1903.4
BGR,share_in_land_area_4,3327,3331.8,3336.6,3341.4,3346.2,3351,3355.8,3360.6,3365.4,3370.2,3375,3411.2,3447.4,3483.6,3519.8,3556,3592.2,3628.4,3664.6,3700.8,3737,3756.2,3775.4,3794.6,3813.8,3833,3841,3854,3867,3880,3893,3906
BHR,share_in_agricultural_area_1,2,2,2,2,2,2,2,2,2,2,2.01,2.01,2.02,2.02,2.03,2.03,2.04,2.04,2.05,2.05,2.06,2.06,2.07,2.07,2.08,2.08,2.09,2.09,2.1,2.1,2.1,2.1
BHR,share_in_agricultural_area_2,4,4,4,4,4,4,4,4,4,4,3.89,3.78,3.67,3.56,3.45,3.34,3.23,3.12,3.01,2.9,2.79,2.68,2.57,2.46,2.35,2.24,2.13,2.02,2,2,2,2
BHR,share_in_agricultural_area_3,4,4,4,4,4,4,4,4,4,4,4,4,4,4,4,4,4,4,4,4,4,4,4,4,4,4,4,4,4,4,4,4
BHR,share_in_land_area_1,69,69,71,71,71,71,71,71,71,71,71,71,71,72,73,74,74,75,76,76,76.2,76.7,77,77,77.1,77.8,77.9,78,77.8,78,78.5,79
BHR,share_in_land_area_2,10,10,10,10,10,10,10,10,10,10,9.9,9.79,9.69,9.58,9.48,9.37,9.27,9.16,9.06,8.95,8.85,8.74,8.64,8.53,8.43,8.32,8.22,8.11,8.9,9.1,9.2,9.2
BHR,share_in_land_area_3,58.78,58.76,60.75,60.74,60.72,60.7,60.69,60.68,60.66,60.64,60.73,60.82,60.91,62,63.09,64.18,64.27,65.36,66.45,66.54,66.83,67.42,67.81,67.9,68.09,68.88,69.06,69.25,68.24,68.22,68.6,69.08
BHR,share_in_land_area_4,0.22,0.24,0.25,0.26,0.28,0.3,0.31,0.32,0.34,0.36,0.37,0.38,0.4,0.42,0.43,0.44,0.46,0.48,0.49,0.5,0.52,0.54,0.55,0.57,0.58,0.6,0.62,0.64,0.66,0.68,0.7,0.72
BHS,share_in_agricultural_area_1,7,7,7,7,6,6,6,6,6,6,7,7,7,7,7,7,7,7,7,7,7,8,8,8,8,8,8,8,8,8,8,8
BHS,share_in_agricultural_area_2,2,2,2,2,2,2,2,2,2,2,2,2,2,2,2,2,2,2,2,2,3,3,3,3,3,3,3,3,3,3,3,3
BHS,share_in_agricultural_area_3,2,2,2,2,2,2,2,2,2,2,2,2,2,2,2,2,2,2,2,2,2,2,2,2,2,2,2,2,2,2,2,2
BHS,share_in_land_area_1,1001,1001,1001,1001,1001,1001,1001,1001,1001,1001,1001,1001,1001,1001,1001,1001,1001,1001,1001,1001,1001,1001,1001,1001,1001,1001,1001,1001,1001,1001,1001,1001
BHS,share_in_land_area_2,11,11,11,11,10,10,10,10,10,10,11,11,11,11,11,11,11,11,11,11,12,13,13,13,13,13,13,13,13,13,13,13
BHS,share_in_land_area_3,480.14,480.14,480.14,480.14,481.14,481.14,481.14,481.14,481.14,481.14,480.14,480.14,480.14,480.14,480.14,480.14,480.14,480.14,480.14,480.14,479.14,478.14,478.14,478.14,478.14,478.14,478.14,478.14,478.14,478.14,478.14,478.14
BHS,share_in_land_area_4,509.86,509.86,509.86,509.86,509.86,509.86,509.86,509.86,509.86,509.86,509.86,509.86,509.86,509.86,509.86,509.86,509.86,509.86,509.86,509.86,509.86,509.86,509.86,509.86,509.86,509.86,509.86,509.86,509.86,509.86,509.86,509.86
BIH,share_in_agricultural_area_1,,,850,850,850,850,900,900,950,950,1000,1010,997,1017,1028,1025,1027,1022,1008,997,1004,1005,1003,1009,1006,1022,1026,1060,1029,1015,1015,1008
BIH,share_in_agricultural_area_2,,,150,140,130,125,120,115,110,105,100,97,96,95,97.4,95,96,95,90,102,105,102,105,106,106,105,104,107,100,106,107,108
BIH,share_in_agricultural_area_3,,,1200,1200,1200,1200,1150,1150,1100,1050,1030,1019,1030,1057,1044,1037,1036,1032,1032,1029,1035,1044,1048,1046,1045,1049,1079,1061,1082,1095,1120,1147
BIH,share_in_land_area_1,,,5120,5120,5120,5120,5120,5120,5120,5120,5120,5120,5120,5120,5120,5120,5120,5120,5120,5120,5120,5120,5120,5120,5120,5120,5120,5120,5120,5120,5120,5120
BIH,share_in_land_area_2,,,2200,2190,2180,2175,2170,2165,2160,2105,2130,2126,2123,2169,2169.4,2157,2159,2149,2130,2128,2144,2151,2156,2161,2157,2176,2209,2228,2211,2216,2242,2263
BIH,share_in_land_area_3,,,729.67,749.5,769.34,784.18,799.01,813.84,828.68,893.52,878.35,883.25,887.15,842.05,842.55,855.84,854.74,865.64,885.54,888.44,873.34,854.77,838.2,821.64,814.07,783.5,734.49,704.09,721.09,716.09,690.09,669.09
BIH,share_in_land_area_4,,,2190.33,2180.5,2170.66,2160.82,2150.99,2141.16,2131.32,2121.48,2111.65,2110.75,2109.85,2108.95,2108.05,2107.16,2106.26,2105.36,2104.46,2103.56,2102.66,2114.23,2125.8,2137.36,2148.93,2160.5,2176.51,2187.91,2187.91,2187.91,2187.91,2187.91
BLR,share_in_agricultural_area_1,,,6084,6104,6225,6232,6230,6175,6187,6182,6133,5761,5616,5569,5548,5542,5540,5519,5516,5544,5535,5529,5522,5559.7,5662.1,5677.4,5683.8,5727,5712,5713,5660,5624
BLR,share_in_agricultural_area_2,,,177,144,147,147,146,144,124,124,124,123,122,120,119,118,121,121,121,120,122,122,120,118.9,117.8,113.2,111.3,114,111,107,100,95
BLR,share_in_agricultural_area_3,,,3130,3106,2974,2960,2957,2987,2996,2975,2995,3244,3287,3297,3290,3289,3297,3276,3280,3263,3241,3224,3154,3032.6,2844,2783.6,2737.6,2653,2630,2568,2521,2454
BLR,share_in_land_area_1,,,20292.8,20289.2,20287.8,20286.8,20285.4,20285.5,20282.9,20283.5,20284.8,20284.4,20282.9,20282.6,20281.5,20283.3,20290.4,20290.1,20290.2,20289.8,20290.2,20291,20289.9,20290.8,20297.3,20297.8,20298.8,20298.8,20298,20296.5,20298,20295
BLR,share_in_land_area_2,,,9391,9354,9346,9339,9333,9306,9307,9281,9252,9128,9025,8986,8957,8949,8958,8916,8917,8927,8898,8875,8796,8726.4,8632.3,8581.9,8540.2,8502,8460,8391,8284,8176
BLR,share_in_land_area_3,,,3023.2,3007.3,2964.6,2921.3,2876.6,2854.4,2801.5,2778.8,2759.8,2847.7,2913.5,2916.5,2908.7,2882.8,2845.2,2851.2,2814.6,2768.5,2762.2,2785.3,2862.5,2932.3,3032.2,3082.4,3049,3072.7,3099.4,3152.4,3246.4,3336.9
BLR,share_in_land_area_4,,,7878.6,7927.9,7977.2,8026.5,8075.8,8125.1,8174.4,8223.7,8273,8308.7,8344.4,8380.1,8415.8,8451.5,8487.2,8522.9,8558.6,8594.3,8630,8630.7,8631.4,8632.1,8632.8,8633.5,8709.6,8724.1,8738.6,8753.1,8767.6,8782.1
BLZ,share_in_agricultural_area_1,52,54,56,60,60,62,63,64,64,64,64,65,70,70,70,70,70,70,70,73,75,75,78,78,78,88,88,90,90,92,98,100
BLZ,share_in_agricultural_area_2,25,27,31,34,34,34,34,34,34,36,35,34,32,32,32,32,32,32,32,32,32,32,32,32,32,32,32,32,32,32,32,32
BLZ,share_in_agricultural_area_3,49,49,49,49,49,50,50,50,50,50,50,50,50,50,50,50,50,50,50,50,50,50,50,50,50,50,50,50,50,50,50,50
BLZ,share_in_land_area_1,2281,2281,2281,2281,2281,2281,2281,2281,2281,2281,2281,2281,2281,2281,2281,2281,2281,2281,2281,2281,2281,2281,2281,2281,2281,2281,2281,2281,2281,2281,2281,2281
BLZ,share_in_land_area_2,126,130,136,143,143,146,147,148,148,150,149,149,152,152,152,152,152,152,152,155,157,157,160,160,160,170,170,172,172,174,180,182
BLZ,share_in_land_area_3,554.97,565.04,573.12,580.19,594.26,605.34,618.41,631.48,645.55,657.63,672.7,679.49,683.28,690.07,696.86,703.66,710.45,717.24,724.03,727.82,732.61,744.32,753.03,764.75,776.46,778.17,789.32,798.48,809.63,818.79,823.95,833.11
BLZ,share_in_land_area_4,1600.03,1585.96,1571.88,1557.81,1543.74,1529.66,1515.59,1501.52,1487.45,1473.37,1459.3,1452.51,1445.72,1438.93,1432.14,1425.34,1418.55,1411.76,1404.97,1398.18,1391.39,1379.68,1367.97,1356.25,1344.54,1332.83,1321.68,1310.52,1299.37,1288.21,1277.05,1265.89
BOL,share_in_agricultural_area_1,2100,2110,2150,2200,2350,2600,2690,2872,2974,3070,3144,3150,3300,3514,3579,3806,3891.5,3977,4062.5,4148,4233.5,4325,4417.5,4510,4515.84,4504.84,4538.23,4424.55,4627.6,4742.42,4756.67,4868.37
BOL,share_in_agricultural_area_2,155,186,181,178,166,165,163,171,177,168,168,175,180,193,197,199,207,219,219,219,219,219,223,228,233,245,247,247,249,253,251,251
BOL,share_in_agricultural_area_3,33200,33500,33500,33835,33835,33835,33831,33831,33831,33831,33831,33831,33831,32940,32841,32957,33000,33000,33000,33000,33000,33000,33000,33000,33000,33000,33000,33000,33000,33000,33000,33000
BOL,share_in_land_area_1,108330,108330,108330,108330,108330,108330,108330,108330,108330,108330,108330,108330,108330,108330,108330,108330,108330,108330,108330,108330,108330,108330,108330,108330,108330,108330,108330,108330,108330,108330,108330,108330
BOL,share_in_land_area_2,35455,35796,35831,36213,36351,36600,36684,36874,36982,37069,37143,37156,37311,36647,36617,36962,37098.5,37196,37281.5,37367,37452.5,37544,37640.5,37738,37748.84,37749.84,37785.23,37671.55,37876.6,37995.42,38007.67,38119.37
BOL,share_in_land_area_3,15070.28,14999.61,15234.95,15123.28,15255.61,15276.94,15463.28,15543.61,15705.94,15889.28,16085.61,16274.15,16320.69,17186.22,17417.76,17274.3,17339.34,17443.38,17559.41,17675.45,17791.49,17911.75,18027.01,18141.26,18342.18,18552.94,18794.09,19166.23,19200.16,19300.82,19488.57,19589.86
BOL,share_in_land_area_4,57804.72,57534.39,57264.05,56993.72,56723.39,56453.06,56182.72,55912.39,55642.06,55371.72,55101.39,54899.85,54698.31,54496.78,54295.24,54093.7,53892.16,53690.62,53489.09,53287.55,53086.01,52874.25,52662.49,52450.74,52238.98,52027.22,51750.68,51492.22,51253.24,51033.76,50833.76,50620.77
BRA,share_in_agricultural_area_1,47340,46226,45113,43999,42886,42563,43140,43717,44294,44871,45448,46025,46602,47179,47756,48333,48914,49537,50159,50782,51405,52027,52650,53272,53895,54518,55140,55762,56385,57007.69,57630.28,58252.76
BRA,share_in_agricultural_area_2,9116,8959,8801,8644,8486,7542,7918,8294,8670,9046,9422,9798,10174,10550,10926,11302,11679,11322,10966,10609,10252,9896,9539,9183,8826,8469,8113,7755.8,7756,7756,7756,7756
BRA,share_in_agricultural_area_3,178444,178295.2,178146.4,177997.6,177848.8,177700,176850.7,176001.4,175152.1,174302.8,173453.5,172604.2,171754.9,170905.6,170056.3,169207,168358,168812.8,169267.6,169722.4,170177.2,170632,171086.8,171541.6,171996.4,172451.2,172906,173360.8,173360.8,173360.8,173360.8,173360.8
BRA,share_in_land_area_1,835814,835814,835814,835814,835814,835814,835814,835814,835814,835814,835814,835814,835814,835814,835814,835814,835814,835814,835814,835814,835814,835814,835814,835814,835814,835814,835814,835814,835814,835814,835814,835814
BRA,share_in_land_area_2,234900,233480.2,232060.4,230640.6,229220.8,227805,227908.7,228012.4,228116.1,228219.8,228323.5,228427.2,228530.9,228634.6,228738.3,228842,228951,229671.8,230392.6,231113.4,231834.2,232555,233275.8,233996.6,234717.4,235438.2,236159,236878.6,237501.8,238124.49,238747.08,239369.56
BRA,share_in_land_area_3,12016,17216.74,22417.48,27618.22,32818.96,38015.7,41692.94,45370.18,49047.42,52724.66,56401.9,60248.99,64096.08,67943.17,71790.26,75637.35,79479.14,82709.13,85939.12,89169.11,92399.1,93217.48,94035.86,94854.24,95672.62,96491,97572.9,98843.8,99260.8,99891.01,100447.32,101053.07
BRA,share_in_land_area_4,588898,585117.06,581336.12,577555.18,573774.24,569993.3,566212.36,562431.42,558650.48,554869.54,551088.6,547137.81,543187.02,539236.23,535285.44,531334.65,527383.86,523433.07,519482.28,515531.49,511580.7,510041.52,508502.34,506963.16,505423.98,503884.8,502082.1,500091.6,499051.4,497798.5,496619.6,495391.37
BRB,share_in_agricultural_area_1,16,16,16,16,16,16,16,16,16,15,15,15,14,14,13,13,13,13,13,13,12,11,10,9.5,9,8,7,7,7,7,7,7
BRB,share_in_agricultural_area_2,1,1,1,1,1,1,1,1,1,1,1,1,1,1,1,1,1,1,1,1,1,1,1,1,1,1,1,1,1,1,1,1
BRB,share_in_agricultural_area_3,2,2,2,2,2,2,2,2,2,2,2,2,2,2,2,2,2,2,2,2,2,2,2,2,2,2,2,2,2,2,2,2
BRB,share_in_land_area_1,43,43,43,43,43,43,43,43,43,43,43,43,43,43,43,43,43,43,43,43,43,43,43,43,43,43,43,43,43,43,43,43
BRB,share_in_land_area_2,19,19,19,19,19,19,19,19,19,18,18,18,17,17,16,16,16,16,16,16,15,14,13,12.5,12,11,10,10,10,10,10,10
BRB,share_in_land_area_3,17.7,17.7,17.7,17.7,17.7,17.7,17.7,17.7,17.7,18.7,18.7,18.7,19.7,19.7,20.7,20.7,20.7,20.7,20.7,20.7,21.7,22.7,23.7,24.2,24.7,25.7,26.7,26.7,26.7,26.7,26.7,26.7
BRB,share_in_land_area_4,6.3,6.3,6.3,6.3,6.3,6.3,6.3,6.3,6.3,6.3,6.3,6.3,6.3,6.3,6.3,6.3,6.3,6.3,6.3,6.3,6.3,6.3,6.3,6.3,6.3,6.3,6.3,6.3,6.3,6.3,6.3,6.3
BRN,share_in_agricultural_area_1,4,4,4,4,4,4,4,4,4,4,4,4,4,4,4,4,4,4,4,4,4,4,4,4,4,4,4,4,4,4,4,4
BRN,share_in_agricultural_area_2,4,4,4,4,4,4,4,4,4,4,4,5,5,5,5,5,5,5,5,6,6,6,6,6,6,6,6,6,6,6,6,6
BRN,share_in_agricultural_area_3,5,5,5,5,5,4,4,4,4,4,4,4,4,4,4,4,3.3,3.4,3.4,3.4,3.4,3.4,3.4,3.4,3.4,3.4,3.4,3.4,3.4,3.4,3.4,3.4
BRN,share_in_land_area_1,527,527,527,527,527,527,527,527,527,527,527,527,527,527,527,527,527,527,527,527,527,527,527,527,527,527,527,527,527,527,527,527
BRN,share_in_land_area_2,13,13,13,13,13,12,12,12,12,12,12,13,13,13,13,13,12.3,12.4,12.4,13.4,13.4,13.4,13.4,13.4,13.4,13.4,13.4,13.4,13.4,13.4,13.4,13.4
BRN,share_in_land_area_3,101,102.6,104.2,105.8,107.4,110,111.6,113.2,114.8,116.4,118,118.7,120.4,122.1,123.8,125.5,127.9,129.5,131.2,131.9,133.6,133.6,133.6,133.6,133.6,133.6,133.6,133.6,133.6,133.6,133.6,133.6
BRN,share_in_land_area_4,413,411.4,409.8,408.2,406.6,405,403.4,401.8,400.2,398.6,397,395.3,393.6,391.9,390.2,388.5,386.8,385.1,383.4,381.7,380,380,380,380,380,380,380,380,380,380,380,380
BTN,share_in_agricultural_area_1,135,135,135,136,140,146,151,153,153,153,154,155,156,157,158,167,151.3,136.3,100,100,100.6,100.2,100.2,100.2,100.2,100.2,100,94.5,94,94,94,94
BTN,share_in_agricultural_area_2,19,19,19,19,19,19,19,19,19,19,19,19,19,19,19,19,18.7,19.7,14.3,13,12.4,12.4,12.4,12.4,12.4,12.4,6,5.5,6,6,6,6
BTN,share_in_agricultural_area_3,300,350,350,350,350,400,400,400,400,400,405,405,405,407,407,407,407,407,407,407,407,407,407,407,413,413,413,413,413,413,413,413
BTN,share_in_land_area_1,4672.3,4672.3,4672.3,4672.3,3980,3980,3980,3980,3980,3980,3980,3980,3980,3980,3811.7,3811.7,3811.7,3811.7,3811.7,3811.7,3811.7,3811.7,3811.7,3811.7,3811.7,3811.7,3814.4,3814.4,3814,3814,3814,3814
BTN,share_in_land_area_2,454,504,504,505,509,565,570,572,572,572,578,579,580,583,584,593,577,563,521.3,520,520,519.6,519.6,519.6,525.6,525.6,519,513,513,513,513,513
BTN,share_in_land_area_3,1711.58,1651.65,1641.72,1630.8,924.57,858.64,843.71,831.78,821.86,811.93,796,785.07,774.14,761.21,581.98,563.05,569.13,573.2,604.97,596.34,586.41,584.83,582.85,580.88,572.9,570.92,578.24,582.26,579.88,577.9,575.92,573.94
BTN,share_in_land_area_4,2506.72,2516.65,2526.58,2536.5,2546.43,2556.36,2566.29,2576.22,2586.14,2596.07,2606,2615.93,2625.86,2635.79,2645.72,2655.64,2665.57,2675.5,2685.43,2695.36,2705.29,2707.27,2709.25,2711.22,2713.2,2715.18,2717.16,2719.14,2721.12,2723.1,2725.08,2727.06
BWA,share_in_agricultural_area_1,420,300,250,350,395,345,345,300,230,240,350,200,245,195,226,213.5,201,182,279,316,259,324,285,280,402,259.6,259.6,259.6,259.6,260,260,260
BWA,share_in_agricultural_area_2,1,1,1,1,1,1,1,1,1,1,1,1,1,1,1,1.5,2,2,2,2,2,2,2,2,2,2,2,2,2,2,2,2
BWA,share_in_agricultural_area_3,25600,25600,25600,25600,25600,25600,25600,25600,25600,25600,25600,25600,25600,25600,25600,25600,25600,25600,25600,25600,25600,25600,25600,25600,25600,25600,25600,25600,25600,25600,25600,25600
BWA,share_in_land_area_1,56673,56673,56673,56673,56673,56673,56673,56673,56673,56673,56673,56673,56673,56673,56673,56673,56673,56673,56673,56673,56673,56673,56673,56673,56673,56673,56673,56673,56673,56673,56673,56673
BWA,share_in_land_area_2,26021,25901,25851,25951,25996,25946,25946,25901,25831,25841,25951,25801,25846,25796,25827,25815,25803,25784,25881,25918,25861,25926,25887,25882,26004,25861.6,25861.6,25861.6,25861.6,25862,25862,25862
BWA,share_in_land_area_3,11848.3,12086.6,12254.9,12273.2,12346.5,12514.8,12633.1,12796.4,12984.7,13093,13101.3,13369.6,13442.9,13611.2,13698.5,13828.8,13959.1,14096.4,14117.7,14199,14374.3,14427.6,14584.9,14708.2,14704.5,14965.2,15083.5,15201.8,15320.1,15438,15556.3,15674.6
BWA,share_in_land_area_4,18803.7,18685.4,18567.1,18448.8,18330.5,18212.2,18093.9,17975.6,17857.3,17739,17620.7,17502.4,17384.1,17265.8,17147.5,17029.2,16910.9,16792.6,16674.3,16556,16437.7,16319.4,16201.1,16082.8,15964.5,15846.2,15727.9,15609.6,15491.3,15373,15254.7,15136.4
CAF,share_in_agricultural_area_1,1870,1870,1870,1870,1870,1870,1870,1870,1870,1870,1870,1870,1870,1870,1870,1870,1870,1870,1870,1866,1834,1800,1800,1800,1800,1800,1800,1800,1800,1800,1800,1800
CAF,share_in_agricultural_area_2,86,88,90,90,90,90,90,90,90,90,92,92,92,85,85,85,80,80,80,80,83,85,90,96,117,117,117,117,119,119,119,120
CAF,share_in_agricultural_area_3,3000,3000,3000,3000,3000,2990,2990,2990,2990,2990,2990,2990,2990,2990,2990,2990,2990,2990,2990,2990,2990,2990,2990,2990,2990,2990,2990,2990,2990,2990,2990,2990
CAF,share_in_land_area_1,62298,62298,62298,62298,62298,62298,62298,62298,62298,62298,62298,62298,62298,62298,62298,62298,62298,62298,62298,62298,62298,62298,62298,62298,62298,62298,62298,62298,62298,62298,62298,62298
CAF,share_in_land_area_2,4956,4958,4960,4960,4960,4950,4950,4950,4950,4950,4952,4952,4952,4945,4945,4945,4940,4940,4940,4936,4907,4875,4880,4886,4907,4907,4907,4907,4909,4909,4909,4910
CAF,share_in_land_area_3,34139,34167,34195,34225,34255,34295,34325,34355,34385,34415,34443,34473,34503,34540,34570,34600,34635,34665,34695,34729,34788,34850,34875,34899,34908,34938,34968,34998,35026,35056,35086,35115
CAF,share_in_land_area_4,23203,23173,23143,23113,23083,23053,23023,22993,22963,22933,22903,22873,22843,22813,22783,22753,22723,22693,22663,22633,22603,22573,22543,22513,22483,22453,22423,22393,22363,22333,22303,22273
CAN,share_in_agricultural_area_1,41367,41317.41,41266,41214,41162,41110,41059,41037,41015,40993,40971,40948,40615,40282,39949,39616,39283,38884,38485,38086,37687,37285,37534,37783,38032,38282,38530,38509,38690,38648,38235,38259
CAN,share_in_agricultural_area_2,109,111.32,123,135,147,159,171.78,170,169,168,167,165,165,165,165,165,165.65,168,171,174,177,178.7,179,179,179,179,178,173,170,167,167,172
CAN,share_in_agricultural_area_3,19927,20105,20076,20048,20020,19992,19961,20008,20055,20102,20149,20195,21311,21499,21687,21875,21136,20956,20776,20596,20416,20236,20058,19880,19702,19524,19342,19185.6,19029.2,18872.8,18716.4,18560
CAN,share_in_land_area_1,896559,896559,896559,896559,896559,896559,896559,896559,896559,896559,896559,896559,896559,896559,896559,896559,896559,896559,896559,896559,896559,896559,896559,896559,896559,896559,896559,896559,896559,896559,896559,878870
CAN,share_in_land_area_2,61403,61533.25,61465,61397,61329,61261,61192,61215,61239,61263,61287,61308.16,62091,61946,61801,61656,60584,60008,59432,58856,58280,57699.7,57771,59796,59736,59677,59611,59404.2,59401.4,59175.6,58580.8,58430
CAN,share_in_land_area_3,486883.07,486799.92,486915.26,487030.36,487145.45,487260.55,487376.65,487400.74,487423.84,487446.93,487470.03,487496.85,486761.98,486954.96,487147.93,487340.91,488460.89,489084.86,489708.84,490332.81,490956.79,491578.39,491548.39,489564.69,489665.99,489766.29,489871.96,490115.75,490155.53,490418.32,491050.1,473548.89
CAN,share_in_land_area_4,348272.93,348225.83,348178.74,348131.64,348084.55,348037.45,347990.35,347943.26,347896.16,347849.07,347801.97,347753.99,347706.02,347658.04,347610.07,347562.09,347514.11,347466.14,347418.16,347370.19,347322.21,347280.91,347239.61,347198.31,347157.01,347115.71,347076.04,347039.05,347002.07,346965.08,346928.1,346891.11
CHE,share_in_agricultural_area_1,403.09,407.55,406.09,409.86,419.19,422.15,420.3,414.86,412.75,409.88,408.04,408.77,407.59,406.27,405.78,405.41,406.16,405.88,405.49,405.21,403.75,403.05,403.02,402.9,399.44,398.4,398.7,398.18,398.14,398.79,399.84,395.46
CHE,share_in_agricultural_area_2,23.26,23.08,23.26,23.18,23.44,23.54,23.38,22.87,23.39,23.19,23.88,23.91,24,23.24,23.27,23.36,23.35,23.42,23.53,23.99,24.02,24.11,24.34,24.6,25.54,24.81,25.05,24.9,25.22,25.02,25.2,25.23
CHE,share_in_agricultural_area_3,1178.68,1170.28,1166.83,1158.42,1144.12,1136.37,1134.64,1137.49,1136.01,1135.82,1133.89,1130.07,1128.13,1127.16,1124.51,1121.69,1117.91,1115.07,1112.01,1108.49,1106.64,1103.96,1100.48,1097.06,1096.3,1094.8,1091,1088.55,1085.21,1081.7,1077.4,1078.69
CHE,share_in_land_area_1,3952.93,3952.94,3952.94,3952.95,3952.96,3952.97,3952.85,3952.72,3952.6,3952.48,3952.36,3952.24,3952.11,3951.99,3951.87,3951.75,3951.62,3951.5,3951.44,3951.38,3951.32,3951.26,3951.2,3951.14,3951.08,3951.02,3950.96,3950.96,3950.96,3950.96,3950.96,3950.96
CHE,share_in_land_area_2,1605.03,1600.91,1596.18,1591.46,1586.75,1582.06,1578.31,1575.22,1572.14,1568.89,1565.82,1562.74,1559.73,1556.67,1553.56,1550.46,1547.42,1544.37,1541.03,1537.7,1534.41,1531.12,1527.84,1552.69,1549.57,1546.45,1543.35,1540.41,1537.48,1534.56,1531.65,1528.74
CHE,share_in_land_area_3,1194.4,1194.25,1194.73,1195.19,1195.64,1196.07,1195.43,1194.13,1192.81,1191.68,1190.36,1189.46,1188.5,1187.58,1186.72,1185.83,1184.9,1183.98,1183.4,1182.82,1182.19,1181.98,1181.77,1153.42,1153.04,1152.66,1152.27,1151.76,1151.25,1150.73,1150.21,1149.67
CHE,share_in_land_area_4,1153.5,1157.77,1162.04,1166.3,1170.57,1174.84,1179.11,1183.38,1187.64,1191.91,1196.18,1200.03,1203.89,1207.74,1211.6,1215.45,1219.3,1223.16,1227.01,1230.87,1234.72,1238.16,1241.6,1245.03,1248.47,1251.91,1255.35,1258.79,1262.23,1265.67,1269.11,1272.55
CHL,share_in_agricultural_area_1,2802,2685,2440,2304,2276,2120,1985,1982,1979,1800,1750,1750,1650,1500,1500,1450,1350,1262,1265.99,1269.99,1272.98,1276.97,1280.96,1284.96,1288.95,1291.94,1295.94,1299.93,1303.92,1306.91,1310.91,1313.9
CHL,share_in_agricultural_area_2,247,254,266,273,274,280,315,315,315,330,360,400,415,425,435,435,450,457,460.01,463.01,466.02,469.03,472.04,475.04,478.05,481.06,484.06,487.07,490.08,493.09,496.09,498
CHL,share_in_agricultural_area_3,12850,12850,12850,12900,12900,12930,12932,12925,12925,12930,13000,13000,13500,13500,14000,14000,14000,14013,13639.47,13265.95,12892.42,12518.9,12145.37,11771.84,11398.32,11024.79,10651.27,10277.74,9904.22,9530.69,9157.16,8783.64
CHL,share_in_land_area_1,74353.2,74353.2,74353.2,74353.2,74353.2,74353.2,74353.2,74353.2,74353.2,74353.2,74353.2,74353.2,74353.2,74353.2,74353.2,74353.2,74353.2,74353.2,74353.2,74353.2,74353.2,74353.2,74353.2,74353.2,74353.2,74353.2,74353.2,74353.2,74353.2,74353.2,74353.2,74353.2
CHL,share_in_land_area_2,15899,15789,15556,15477,15450,15330,15232,15222,15219,15060,15110,15150,15565,15425,15935,15885,15800,15732,15365.47,14998.95,14631.42,14264.9,13898.37,13531.84,13165.32,12797.79,12431.27,12064.74,11698.22,11330.69,10964.16,10829.19
CHL,share_in_land_area_3,43208.15,43261.05,43436.95,43458.85,43428.75,43491.64,43532.54,43485.44,43431.34,43533.24,43426.14,43295.32,42789.5,42838.68,42237.86,42197.04,42191.22,42168.4,42444.11,42719.81,42996.52,43188.88,43381.24,43573.6,43765.96,43959.33,44202.92,44446.52,44690.12,44934.71,45178.34,45190.39
CHL,share_in_land_area_4,15246.05,15303.15,15360.25,15417.35,15474.45,15531.56,15588.66,15645.76,15702.86,15759.96,15817.06,15907.88,15998.7,16089.52,16180.34,16271.16,16361.98,16452.8,16543.62,16634.44,16725.26,16899.42,17073.59,17247.75,17421.92,17596.08,17719.01,17841.94,17964.87,18087.8,18210.7,18333.62
CHN,share_in_agricultural_area_1,123800,124875,122900,121300,120700,119580,119339,119039.25,119039.5,119039.75,119040,119633.84,120027.69,120221.53,120415.38,120659.22,121003.07,120946.91,121190.76,121384.6,120132.3,118680,117327.7,116375.4,115603.1,114870.8,113451.83,112032.87,110613.9,109162,108962,108862
CHN,share_in_agricultural_area_2,7500,7500,7800,8700,9300,10420,10700,11000,11000,11000,11000,11000,11200,11600,12000,12350,12600,13250,13600,14000,14500,15200,15800,16000,16020,16000,16666.67,17333.33,18000,18700,18900,19000
CHN,share_in_agricultural_area_3,374394,379004,383614,388223,392833,392833,392833,392833,392833,392833,392833,392833,392833,392833,392833,392833,392833,392833,392833,392833,392830,392833,392833,392833,392833,392833,392833,392833,392833,392833,392833,392833
CHN,share_in_land_area_1,938825,938825,938825,938825,938825,938824,938823,938823,938823,938823,938822,938821.42,938821.32,938821.27,938821.25,938821.18,938821.14,938821.08,938821.08,938821.1,938821.1,938821.1,938821.1,938821.1,938821.1,938821.1,938821,938821,938821,938821,938821,938821
CHN,share_in_land_area_2,505694,511379,514314,518223,522833,522833,522872,522872.25,522872.5,522872.75,522873,523466.84,524060.69,524654.53,525248.38,525842.22,526436.07,527029.91,527623.76,528217.6,527462.3,526713,525960.7,525208.4,524456.1,523703.8,522951.5,522199.2,521446.9,520695,520695,520695
CHN,share_in_land_area_3,278734.41,271069.41,266156.42,260262.42,253669.43,251687.43,249662.43,247684.19,245703.94,243721.7,241738.45,238785.64,235832.82,232880.94,229934.19,226982.29,224031.49,221080.66,218129.83,215182.05,213578.89,212396.44,211217.36,210035.93,208851.85,207670.39,206259.68,205133.31,204008.65,202881.48,201003.01,199126.55
CHN,share_in_land_area_4,157140.59,159126.59,161112.58,163098.58,165084.57,167070.57,169056.57,171042.56,173028.56,175014.55,177000.55,179361.53,181722.52,184083.5,186444.48,188805.46,191166.45,193527.43,195888.41,198249.4,200610.38,202547.15,204483.93,206420.7,208357.48,210294.25,212459.87,214339.47,216219.04,218098.61,219978.18,221857.75
CIV,share_in_agricultural_area_1,2430,2450,2600,2902,3000,3000,3000,2900,2900,2800,2800,2800,2800,2800,2800,2800,2800,2900,2900,2900,2900,2900,3000,3500,3500,3500,3500,3500,3500,3500,3500,3500
CIV,share_in_agricultural_area_2,3500,3500,3600,3600,3700,3800,3800,3800,3800,3800,3800,3800,3800,3800,4000,4200,4300,4500,4500,4500,4500,4500,4500,4500,4650,5500,5200,5300,6450,6530,6600,6800
CIV,share_in_agricultural_area_3,13000,13000,13000,13000,13000,13000,13000,13000,13000,13000,13000,13000,13000,13000,13200,13200,13200,13200,13200,13200,13200,13200,13200,13200,13200,13200,13200,13200,13200,13200,13200,13200
CIV,share_in_land_area_1,31800,31800,31800,31800,31800,31800,31800,31800,31800,31800,31800,31800,31800,31800,31800,31800,31800,31800,31800,31800,31800,31800,31800,31800,31800,31800,31800,31800,31800,31800,31800,31800
CIV,share_in_land_area_2,18930,18950,19200,19502,19700,19800,19800,19700,19700,19600,19600,19600,19600,19600,20000,20200,20300,20600,20600,20600,20600,20600,20700,21200,21350,22200,21900,22000,23150,23230,23300,23500
CIV,share_in_land_area_3,5019.14,5274.78,5300.42,5274.06,5351.7,5527.34,5802.99,6178.63,6454.27,6829.91,7105.55,7218.44,7331.32,7444.21,7157.1,7069.98,7082.87,6895.76,7008.65,7121.53,7234.42,7347.31,7360.19,6973.08,6935.96,6198.85,6611.74,6624.63,5587.52,5620.4,5663.29,5576.17
CIV,share_in_land_area_4,7850.86,7575.22,7299.58,7023.94,6748.3,6472.66,6197.01,5921.37,5645.73,5370.09,5094.45,4981.56,4868.68,4755.79,4642.9,4530.02,4417.13,4304.24,4191.35,4078.47,3965.58,3852.69,3739.81,3626.92,3514.04,3401.15,3288.26,3175.37,3062.48,2949.6,2836.71,2723.83
CMR,share_in_agricultural_area_1,5940,5950,5960,5960,5960,5960,5960,5960,5960,5960,5960,5960,5960,5960,5960,5963,5963,5963,5963,5963,6200,6200,6200,6200,6200,6200,6200,6200,6200,6200,6200,6200
CMR,share_in_agricultural_area_2,1230,1200,1200,1200,1200,1200,1200,1200,1200,1200,1200,1200,1200,1200,1250,1250,1250,1250,1300,1350,1500,1550,1550,1550,1550,1550,1550,1550,1550,1550,1550,1550
CMR,share_in_agricultural_area_3,2000,2000,2000,2000,2000,2000,2000,2000,2000,2000,2000,2000,2000,2000,2000,2000,2000,2000,2000,2000,2000,2000,2000,2000,2000,2000,2000,2000,2000,2000,2000,2000
CMR,share_in_land_area_1,47271,47271,47271,47271,47271,47271,47271,47271,47271,47271,47271,47271,47271,47271,47271,47271,47271,47271,47271,47271,47271,47271,47271,47271,47271,47271,47271,47271,47271,47271,47271,47271
CMR,share_in_land_area_2,9170,9150,9160,9160,9160,9160,9160,9160,9160,9160,9160,9160,9160,9160,9210,9213,9213,9213,9263,9313,9700,9750,9750,9750,9750,9750,9750,9750,9750,9750,9750,9750
CMR,share_in_land_area_3,15601,15711.25,15791.5,15881.75,15972,16062.26,16152.51,16242.76,16333.01,16423.26,16513.51,16583.21,16652.91,16722.61,16742.31,16809.02,16878.72,16948.42,16968.12,16987.82,16670.52,16676.52,16732.52,16788.52,16844.52,16900.52,16956.52,17012.52,17068.52,17124.52,17180.52,17236.52
CMR,share_in_land_area_4,22500,22409.75,22319.5,22229.25,22139,22048.74,21958.49,21868.24,21777.99,21687.74,21597.49,21527.79,21458.09,21388.39,21318.69,21248.98,21179.28,21109.58,21039.88,20970.18,20900.48,20844.48,20788.48,20732.48,20676.48,20620.48,20564.48,20508.48,20452.48,20396.48,20340.48,20284.48
COD,share_in_agricultural_area_1,6670,6680,6700,6700,6700,6700,6700,6700,6700,6700,6700,6700,6700,6700,6700,6700,6700,6700,6750,7932,9114,10296,11476,11785,12314,12460,12662,13241,13494,13680,13680,13680
COD,share_in_agricultural_area_2,1190,1200,1200,1200,1200,1000,1000,900,900,800,800,750,750,750,750,750,750,750,750,755,1115,1140,1210,1445,1735,1790,1810,1880,1900,1950,2015,2018
COD,share_in_agricultural_area_3,18100,18100,18100,18100,18100,18100,18100,18100,18100,18100,18100,18100,18100,18100,18100,18100,18136,18200,18200,18200,18200,18200,18200,18200,18200,18200,18200,18200,18200,18200,18200,18200
COD,share_in_land_area_1,226705,226705,226705,226705,226705,226705,226705,226705,226705,226705,226705,226705,226705,226705,226705,226705,226705,226705,226705,226705,226705,226705,226705,226705,226705,226705,226705,226705,226705,226705,226705,226705
COD,share_in_land_area_2,25960,25980,26000,26000,26000,25800,25800,25700,25700,25600,25600,25550,25550,25550,25550,25550,25586,25650,25700,26887,28429,29636,30886,31430,32249,32450,32672,33321,33594,33830,33895,33898
COD,share_in_land_area_3,50116,50769,51422,52095,52768,53641,54314,55087,55760,56533,57206,57929,58602,59275,59948,60621,61258,61867,62490,61976,61107,61001.38,60852.75,61410.13,61692.5,62592.88,63472.26,63924.63,64753.01,65618.39,66654.76,67753.14
COD,share_in_land_area_4,150629,149956,149283,148610,147937,147264,146591,145918,145245,144572,143899,143226,142553,141880,141207,140534,139861,139188,138515,137842,137169,136067.62,134966.25,133864.87,132763.5,131662.12,130560.74,129459.37,128357.99,127256.61,126155.24,125053.86
COG,share_in_agricultural_area_1,479,481,480,485,473,475,477,490,491,495,490,490,490,490,490,490,490,490,490,500,510,530,530,550,550,550,550,550,550,550,550,550
COG,share_in_agricultural_area_2,42,42,45,45,45,45,45,46,47,49,50,50,50,50,55,57,60,60,60,63,66,66,72,77,77,77,77,78,81,83,89,128
COG,share_in_agricultural_area_3,10000,10000,10000,10000,10000,10000,10000,10000,10000,10000,10000,10000,10000,10000,10000,10000,10000,10000,10000,10000,10000,10000,10000,10000,10000,10000,10000,10000,10000,10000,10000,10000
COG,share_in_land_area_1,34150,34150,34150,34150,34150,34150,34150,34150,34150,34150,34150,34150,34150,34150,34150,34150,34150,34150,34150,34150,34150,34150,34150,34150,34150,34150,34150,34150,34150,34150,34150,34150
COG,share_in_land_area_2,10521,10523,10525,10530,10518,10520,10522,10536,10538,10544,10540,10540,10540,10540,10545,10547,10550,10550,10550,10563,10576,10596,10602,10627,10627,10627,10627,10628,10631,10633,10639,10678
COG,share_in_land_area_3,1314,1324,1334,1341,1365,1375,1385,1383,1393,1399,1415,1427,1439,1451,1458,1468,1477,1489,1501,1500,1499,1491,1497,1484,1496,1508,1520,1531,1543,1556,1565,1541
COG,share_in_land_area_4,22315,22303,22291,22279,22267,22255,22243,22231,22219,22207,22195,22183,22171,22159,22147,22135,22123,22111,22099,22087,22075,22063,22051,22039,22027,22015,22003,21991,21976,21961,21946,21931
COK,share_in_agricultural_area_1,2,2,2,2,2,2,1.9,1.8,1.7,1.6,1.5,1.4,1.3,1.3,1.2,1.1,1,0.9,0.8,0.7,0.6,0.5,0.5,0.5,0.5,0.5,0.5,0.5,0.5,0.5,0.5,0.5
COK,share_in_agricultural_area_2,4,4,3,3,3,3,3,3,3,3,3,3,2,1.4,1.4,1.4,1.4,1.4,1.4,1.4,1.4,1.4,1.4,1.4,1.4,1.4,1.4,1.4,1.4,1.4,1.4,1.4
COK,share_in_land_area_1,24,24,24,24,24,24,24,24,24,24,24,24,24,24,24,24,24,24,24,24,24,24,24,24,24,24,24,24,24,24,24,24
COK,share_in_land_area_2,6,6,5,5,5,5,4.9,4.8,4.7,4.6,4.5,4.4,3.3,2.7,2.6,2.5,2.4,2.3,2.2,2.1,2,1.9,1.9,1.9,1.9,1.9,1.9,1.9,1.9,1.9,1.9,1.9
COK,share_in_land_area_3,3.09,3.02,3.96,3.89,3.83,3.76,3.79,3.83,3.86,3.9,3.93,4.03,5.13,5.72,5.82,5.92,6.02,6.12,6.21,6.31,6.41,6.51,6.51,6.51,6.51,6.51,6.51,6.51,6.51,6.51,6.51,6.51
COK,share_in_land_area_4,14.91,14.98,15.04,15.11,15.17,15.24,15.31,15.37,15.44,15.5,15.57,15.57,15.57,15.58,15.58,15.58,15.58,15.58,15.59,15.59,15.59,15.59,15.59,15.59,15.59,15.59,15.59,15.59,15.59,15.59,15.59,15.59
COL,share_in_agricultural_area_1,3305,3038,3070,2923,2832,2399,2433,2539,2551,2536,2818,2434,2211,2264,2238,2026,1904.6,1998,1830,1775,1763,1586,1543,1423,1496,1514,1635,1781,2089.25,2112.49,2043,1993
COL,share_in_agricultural_area_2,1695,1763,1830,1897,1950,2031,1663,1718,1826,1828,1727,1701,1525,1485,1470,1587,1464.7,1572,1631,1579,1590,1823,1910,2025,2060,2150,2137,2099,2358,2505,2505,2505
COL,share_in_agricultural_area_3,40083,40083,40083,40083,40083,40083,40824,40825,41166,41304,40314,37610,37871,38302,38683,38944,38804.7,38866,39153,39186,39150,38312,39164.6,41367.6,41244,41120.4,40996.8,39607,39600,39737,39504.28,38220
COL,share_in_land_area_1,110950,110950,110950,110950,110950,110950,110950,110950,110950,110950,110950,110950,110950,110950,110950,110950,110950,110950,110950,110950,110950,110950,110950,110950,110950,110950,110950,110950,110950,110950,110950,110950
COL,share_in_land_area_2,45083,44884,44983,44903,44865,44513,44920,45082,45543,45668,44859,41745,41607,42051,42391,42557,42174,42436,42614,42540,42503,41721,42617.6,44815.6,44800,44784.4,44768.8,43487,44048,44354,44052.28,42718
COL,share_in_land_area_3,908.86,1330.12,1453.39,1755.65,2015.92,2590.18,2405.44,2465.71,2226.97,2324.24,3355.5,6662.27,6993.04,6741.81,6594.58,6621.36,7197.13,7127.9,7142.67,7409.44,7639.21,8555.84,7793.86,5730.49,5880.71,6030.94,6221.71,7723.23,7361.52,7254.8,7755.81,9289.37
COL,share_in_land_area_4,64958.14,64735.88,64513.61,64291.35,64069.08,63846.82,63624.56,63402.29,63180.03,62957.76,62735.5,62542.73,62349.96,62157.19,61964.42,61771.64,61578.87,61386.1,61193.33,61000.56,60807.79,60673.16,60538.54,60403.91,60269.29,60134.66,59959.49,59739.77,59540.48,59341.2,59141.91,58942.63
COM,share_in_agricultural_area_1,65,65,65,65,65,65,65,65,65,65,65,65,65,65,65,65,65,65,65,65,65,65,65,65,65,65,65,65,65,65,65,65
COM,share_in_agricultural_area_2,34,35,35,38,40,42,44,46,46,47,48,50,51,52,53,53,53,53,53,53,53,53,53,53,53,53,53,53,53,53,53,53
COM,share_in_agricultural_area_3,15,15,15,15,15,15,15,15,15,15,15,15,15,15,15,15,15,15,15,15,15,15,15,15,15,15,15,15,15,15,15,15
COM,share_in_land_area_1,186.1,186.1,186.1,186.1,186.1,186.1,186.1,186.1,186.1,186.1,186.1,186.1,186.1,186.1,186.1,186.1,186.1,186.1,186.1,186.1,186.1,186.1,186.1,186.1,186.1,186.1,186.1,186.1,186.1,186.1,186.1,186.1
COM,share_in_land_area_2,114,115,115,118,120,122,124,126,126,127,128,130,131,132,133,133,133,133,133,133,133,133,133,133,133,133,133,133,133,133,133,133
COM,share_in_land_area_3,26.04,25.48,25.92,23.35,21.79,20.23,18.67,17.11,17.54,16.98,16.42,14.86,14.3,13.73,13.17,13.61,14.05,14.49,14.92,15.36,15.8,16.24,16.68,17.11,17.55,17.99,18.43,18.87,19.3,19.74,20.18,20.62
COM,share_in_land_area_4,46.06,45.62,45.18,44.75,44.31,43.87,43.43,42.99,42.56,42.12,41.68,41.24,40.8,40.37,39.93,39.49,39.05,38.61,38.18,37.74,37.3,36.86,36.42,35.99,35.55,35.11,34.67,34.23,33.8,33.36,32.92,32.48
CPV,share_in_agricultural_area_1,41,41,41,41,41,42,42,44,44,44,44,46,47,47,48,48,48,48,50,50,50,50,50,50,50,50,50,50,50,50,50,50
CPV,share_in_agricultural_area_2,2,2,3,3,3,3,3,3,3,3,3,3,3,3,3,3,3,3,3,3,3,4,4,4,4,4,4,4,4,4,4,4
CPV,share_in_agricultural_area_3,25,25,25,25,25,25,25,25,25,25,25,25,25,25,25,25,25,25,25,25,25,25,25,25,25,25,25,25,25,25,25,25
CPV,share_in_land_area_1,403,403,403,403,403,403,403,403,403,403,403,403,403,403,403,403,403,403,403,403,403,403,403,403,403,403,403,403,403,403,403,403
CPV,share_in_land_area_2,68,68,69,69,69,70,70,72,72,72,72,74,75,75,76,76,76,76,78,78,78,79,79,79,79,79,79,79,79,79,79,79
CPV,share_in_land_area_3,319.62,317.19,313.75,311.32,308.88,305.45,303.02,298.58,296.15,293.71,291.28,288.98,287.68,287.38,286.08,285.78,285.48,285.18,282.88,282.58,282.28,280.98,280.68,280.38,280.08,279.78,279.48,279.18,278.88,278.58,278.28,277.98
CPV,share_in_land_area_4,15.38,17.81,20.25,22.68,25.12,27.55,29.98,32.42,34.85,37.29,39.72,40.02,40.32,40.62,40.92,41.22,41.52,41.82,42.12,42.42,42.72,43.02,43.32,43.62,43.92,44.22,44.52,44.82,45.12,45.42,45.72,46.02
CRI,share_in_agricultural_area_1,260,260,250,230,230,220,210,210,210,220,210,210,200,210,210,210,210,200,200,220,225,232,232,232,232,253.5,253.5,253,252.5,243,243,243
CRI,share_in_agricultural_area_2,250,255,260,270,290,290,285,280,280,280,280,280,290,290,290,280,295,300,300,310,315,315,315,319,319,319,323.5,328,330,333,343,368
CRI,share_in_agricultural_area_3,1688.6,1688.62,1650,1613,1575,1538,1500,1463,1425,1388,1350,1343,1336,1329,1322,1315,1310,1300,1293,1286,1279,1272,1265,1250,1234,1219,1200,1200,1200,1200,1200,1200
CRI,share_in_land_area_1,5106,5106,5106,5106,5106,5106,5106,5106,5106,5106,5106,5106,5106,5106,5106,5106,5106,5106,5106,5106,5106,5106,5106,5106,5106,5106,5106,5106,5106,5106,5106,5106
CRI,share_in_land_area_2,2198.6,2203.62,2160,2113,2095,2048,1995,1953,1915,1888,1840,1833,1826,1829,1822,1805,1815,1800,1793,1816,1819,1819,1812,1801,1785,1791.5,1777,1781,1782.5,1776,1786,1811
CRI,share_in_land_area_3,0,0,48.64,100.65,123.67,175.69,233.71,280.73,323.74,355.76,408.78,414.38,419.98,415.59,421.19,436.79,425.39,438.99,444.6,420.2,415.8,399.43,390.07,384.7,384.34,361.47,359.6,339.23,321.37,311.5,285.13,243.76
CRI,share_in_land_area_4,2907.4,2902.38,2897.36,2892.35,2887.33,2882.31,2877.29,2872.27,2867.26,2862.24,2857.22,2858.62,2860.02,2861.41,2862.81,2864.21,2865.61,2867.01,2868.4,2869.8,2871.2,2887.57,2903.93,2920.3,2936.66,2953.03,2969.4,2985.77,3002.13,3018.5,3034.87,3051.24
CUB,share_in_agricultural_area_1,3391,3435,3575,3630,3686,3684,3485,3628,3574,3610,3504,3739,3798,3752,3706,3672,3634,3573,3508.6,3446,3384,3321.2,3134.9,3156.4,3087.97,3013.7,2989.2,2908.6,2908.6,2908.6,2908.6,2908.6
CUB,share_in_agricultural_area_2,450,450,500,500,500,500,550,556,550,550,550,512,439,430,428,425,427,418,420,420,420,420,420,420.5,426.7,503.6,482.8,653,653,653,653,653
CUB,share_in_agricultural_area_3,2900,2870,2700,2600,2500,2500,2580,2503,2550,2500,2500,2405,2417,2456,2394,2540,2569,2629,2638.4,2647.8,2657.2,2666.6,2850.7,2765.4,2764.21,2723,2754.7,2738.4,2738.4,2839.4,2839.4,2839.4
CUB,share_in_land_area_1,10740,10740,10740,10740,10740,10740,10740,10740,10740,10740,10740,10740,10639,10640,10641,10644,10643,10644,10644,10644,10644,10686.3,10664.9,10422,10402,10410,10404,10380,10380,10380,10380,10380
CUB,share_in_land_area_2,6741,6755,6775,6730,6686,6684,6615,6687,6674,6660,6554,6656,6654,6638,6528,6637,6630,6620,6567,6513.8,6461.2,6407.8,6405.6,6342.3,6278.88,6240.3,6226.7,6300,6300,6401,6401,6401
CUB,share_in_land_area_3,1941,1889.3,1831.6,1838.9,1845.2,1809.5,1840.8,1731.1,1706.4,1682.7,1751,1599.3,1450.6,1417.9,1479.2,1323.5,1279.8,1241.1,1244.4,1247.9,1250.8,1296.1,1226.5,996.5,989.52,985.7,936.3,838,838,737,737,737
CUB,share_in_land_area_4,2058,2095.7,2133.4,2171.1,2208.8,2246.5,2284.2,2321.9,2359.6,2397.3,2435,2484.7,2534.4,2584.1,2633.8,2683.5,2733.2,2782.9,2832.6,2882.3,2932,2982.4,3032.8,3083.2,3133.6,3184,3241,3242,3242,3242,3242,3242
CYP,share_in_agricultural_area_1,105.6,106.2,107.6,108.7,99.4,99.1,99,98.1,100.1,101.1,98.4,98,100,112,113,123,115,109.8,82.4,86.9,82.6,84,85.8,79.73,80.18,98.38,81.6,94.33,104.56,96.4,99.45,95.16
CYP,share_in_agricultural_area_2,51,49,48,46,42,42,43,43,43,42,42,41,39,41,42,43,41,35.5,31.8,36.4,29.9,29.9,28.5,27.3,27,26.4,26.41,25.44,26.29,27.37,25.94,25.79
CYP,share_in_agricultural_area_3,4,4,4,4,2,2,1.2,1.1,1.1,1.1,1.1,1,1,1,1,1,1,1.9,1.4,4.3,2,2.4,2.6,1.8,1.8,1.9,1.38,1.65,1.59,1.56,2.26,2.19
CYP,share_in_land_area_1,924,924,924,924,924,924,924,924,924,924,924,924,924,924,924,924,924,924,924,924,924,924,924,924,924,924,924,924,924,924,924,924
CYP,share_in_land_area_2,160.6,159.2,159.6,158.7,143.4,143.1,143.2,142.2,144.2,144.2,141.5,140,140,154,156,167,157,147.2,115.6,127.6,114.5,116.3,116.9,109.23,109.38,127.18,109.69,121.77,132.78,125.62,128.14,123.62
CYP,share_in_land_area_3,602.29,602.64,601.19,601.04,615.29,614.54,613.39,613.34,610.29,609.24,610.89,612.27,612.14,598.02,595.9,584.78,594.65,604.33,635.81,623.68,636.66,634.89,634.31,642.01,641.88,624.11,641.7,629.64,618.65,625.83,623.33,627.87
CYP,share_in_land_area_4,161.11,162.16,163.21,164.26,165.31,166.36,167.41,168.46,169.51,170.56,171.61,171.73,171.86,171.98,172.1,172.22,172.35,172.47,172.59,172.72,172.84,172.81,172.79,172.76,172.74,172.71,172.61,172.59,172.57,172.55,172.53,172.51
CZE,share_in_agricultural_area_1,,,,3332,3317,3301,3257,3250,3261,3256,3243,3236,2779.69,2759.28,2730.49,2712.42,2637.44,2626.28,2600.24,2581.88,2547.93,2521.61,2518.8,2501,2489,2490,2491,2496,2484,2484.47,2484.15,2475.34
CZE,share_in_agricultural_area_2,,,,77,77,77,77,77,76,76,76,76,33.52,34.1,42.79,40.33,39.12,38.28,38.32,38.82,39.89,40.7,39.35,46,46,46,48,47,49,47.35,50.11,48.94
CZE,share_in_agricultural_area_3,,,,873,890,902,946,953,947,950,961,966,838.85,875.04,858.11,852.74,889.39,932.14,933.05,925.17,936.1,941.73,967.74,974,981,958,949,978,990,991.84,989.61,1005.52
CZE,share_in_land_area_1,,,,7727,7727,7727,7727,7727,7727,7727,7727,7727,7727,7727,7726,7726,7725,7725,7724,7724,7723,7723,7723,7722,7722,7721,7721,7721,7721,7720.55,7719.85,7718.68
CZE,share_in_land_area_2,,,,4282,4284,4280,4280,4280,4284,4282,4280,4278,3652.06,3668.42,3631.39,3605.49,3565.95,3596.7,3571.61,3545.87,3523.92,3504.04,3525.89,3521,3516,3494,3488,3521,3523,3523.66,3523.87,3529.8
CZE,share_in_land_area_3,,,,813.22,810.43,813.64,812.86,812.07,807.28,808.5,809.71,809.7,1433.63,1415.26,1449.28,1473.18,1509.71,1476.95,1499.03,1522.76,1541.7,1559.38,1535.33,1537.01,1539.81,1558.61,1563.15,1528.34,1524.53,1521.61,1518.89,1509.99
CZE,share_in_land_area_4,,,,2631.78,2632.57,2633.36,2634.14,2634.93,2635.72,2636.5,2637.29,2639.3,2641.31,2643.32,2645.33,2647.34,2649.34,2651.35,2653.36,2655.37,2657.38,2659.58,2661.78,2663.99,2666.19,2668.39,2669.85,2671.66,2673.47,2675.28,2677.09,2678.9
DEU,share_in_agricultural_area_1,11971,11559,11467,11676,11805,11835,11835,11832,11879,11822,11804,11813,11791,11827,11898,11904,11866,11877,11932,11945,11846,11875,11834,11876,11869,11846,11763,11772,11731,11714,11664,11658
DEU,share_in_agricultural_area_2,443,248,241,235,232,226,229,228,228,216,216,208,206,206,202,198,198,198,200,200,199,200,200,200,203,205,200,199,199,200,198,202
DEU,share_in_agricultural_area_3,5618,5329,5243,5251,5271,5282,5273,5267,5266,5114,5048,5013,4970,4968,4913,4929,4882,4875,4789,4741,4655,4644,4630,4621,4651,4677,4694,4715,4713,4751,4730,4730
DEU,share_in_land_area_1,34913,34913,34913,34912,34911,34910,34909,34905,34902,34898,34895,34890,34886,34881,34877,34876,34872,34867,34863,34861,34857,34856,34854,34888,34890,34886,34936,34937,34938,34939,34939,34939
DEU,share_in_land_area_2,18032,17136,16951,17162,17308,17343,17337,17327,17373,17152,17068,17034,16967,17001,17013,17031,16946,16950,16921,16886,16700,16719,16664,16697,18333,18424,18342,18097,18295,18311,18314,18240
DEU,share_in_land_area_3,5581,6471.6,6651.2,6433.8,6281.4,6240,6239.6,6240.2,6185.8,6397.4,6473,6496.5,6554,6509.5,6488,6463.5,6539,6524.5,6544,6571.5,6748,6726,6777,6776,5140,5043,5175,5421,5224,5209,5206,5280
DEU,share_in_land_area_4,11300,11305.4,11310.8,11316.2,11321.6,11327,11332.4,11337.8,11343.2,11348.6,11354,11359.5,11365,11370.5,11376,11381.5,11387,11392.5,11398,11403.5,11409,11411,11413,11415,11417,11419,11419,11419,11419,11419,11419,11419
DJI,share_in_agricultural_area_1,1,1,1,1,1,1,1,1,1,1,1,1,1,1,1,1,1.3,1.5,1.2,1.3,1.6,2,2,2,2,2,2,2,2,2,3,3
DJI,share_in_agricultural_area_2,,0.5,0.5,0.5,0.5,0.6,0.6,0.6,0.6,0.6,0.6,0.6,0.6,0.7,0.7,0.7,0.7,0.7,0.7,0.7,0.7,0.8,0.8,0.8,0.8,0.8,0.8,0.8,0.8,0.9,0.9,0.9
DJI,share_in_agricultural_area_3,1298,1335,1370,1400,1400,1450,1480,1500,1500,1550,1600,1680,1700,1700,1700,1700,1700,1700,1700,1700,1700,1700,1700,1700,1700,1700,1700,1700,1700,1700,1700,1700
DJI,share_in_land_area_1,2318,2318,2318,2318,2318,2318,2318,2318,2318,2318,2318,2318,2318,2318,2318,2318,2318,2318,2318,2318,2318,2318,2318,2318,2318,2318,2318,2318,2318,2318,2318,2318
DJI,share_in_land_area_2,1299,1336.5,1371.5,1401.5,1401.5,1451.6,1481.6,1501.6,1501.6,1551.6,1601.6,1681.6,1701.6,1701.7,1701.7,1701.7,1702,1702.2,1701.9,1702,1702.3,1702.8,1702.8,1702.8,1702.8,1702.8,1702.8,1702.8,1702.8,1702.9,1703.9,1703.9
DJI,share_in_land_area_3,1013.4,975.9,940.9,910.9,910.9,860.8,830.8,810.8,810.8,760.8,710.8,630.8,610.8,610.7,610.7,610.7,610.4,610.2,610.5,610.4,610.1,609.6,609.6,609.6,609.6,609.6,609.6,609.59,609.56,609.4,608.3,608.23
DJI,share_in_land_area_4,5.6,5.6,5.6,5.6,5.6,5.6,5.6,5.6,5.6,5.6,5.6,5.6,5.6,5.6,5.6,5.6,5.6,5.6,5.6,5.6,5.6,5.6,5.6,5.6,5.6,5.6,5.6,5.61,5.64,5.7,5.8,5.87
DMA,share_in_agricultural_area_1,5,4,4,4,4,3,3,3,3,4,5,5,5,5,5,5,5,5,5,6,6,6,6,6,6,6,6,6,6,6,6,6
DMA,share_in_agricultural_area_2,11,12,12,12,12,12,12,12,12,13,14,15,15,15,15,15,15,15,15,15,17,17,17,17,17,17,17,17,17,17,17,17
DMA,share_in_agricultural_area_3,2,2,2,2,2,2,2,2,2,2,2,2,2,2,2,2,2,2,2,2,2,2,2,2,2,2,2,2,2,2,2,2
DMA,share_in_land_area_1,75,75,75,75,75,75,75,75,75,75,75,75,75,75,75,75,75,75,75,75,75,75,75,75,75,75,75,75,75,75,75,75
DMA,share_in_land_area_2,18,18,18,18,18,17,17,17,17,19,21,22,22,22,22,22,22,22,22,23,25,25,25,25,25,25,25,25,25,25,25,25
DMA,share_in_land_area_3,6.69,6.93,7.18,7.42,7.67,8.91,9.15,9.4,9.64,7.89,6.13,5.13,5.13,5.13,5.13,5.13,5.13,5.13,5.13,4.13,2.13,2.13,2.13,2.13,2.13,2.13,2.13,2.13,2.13,2.13,2.13,2.13
DMA,share_in_land_area_4,50.31,50.07,49.82,49.58,49.33,49.09,48.85,48.6,48.36,48.11,47.87,47.87,47.87,47.87,47.87,47.87,47.87,47.87,47.87,47.87,47.87,47.87,47.87,47.87,47.87,47.87,47.87,47.87,47.87,47.87,47.87,47.87
DNK,share_in_agricultural_area_1,2561,2548,2539,2533,2365,2319,2322,2365,2366,2294,2281,2292,2276,2266,2269,2332,2347,2306,2402,2431,2421,2499,2418,2407.6,2432,2351.65,2370.5,2367.4,2388.4,2395.93,2370.93,2357
DNK,share_in_agricultural_area_2,10,10,9,9,9,9,9,8,8,8,8,8,7,8,7,7,6,7,5,6,5,4,6,25.4,27.63,27.25,29,29,31,23.35,26.65,27
DNK,share_in_agricultural_area_3,217,212,208,197,317,398,385,315,298,342,358,376,382,384,370,368,357,350,261,197,200,187,200,195,193,255,226,235,213,206.69,222.4,234
DNK,share_in_land_area_1,4000,4000,4000,4000,4000,4000,4000,4000,4000,4000,4000,4000,4000,4000,4000,4000,4000,4000,4000,4000,4000,4000,4000,4000,4000,4000,4000,4000,4000,4000,4000,4000
DNK,share_in_land_area_2,2788,2770,2756,2739,2691,2726,2716,2688,2672,2644,2647,2676,2665,2658,2646,2707,2710,2663,2668,2634,2626,2690,2624,2628.42,2653,2634.34,2625.49,2631.7,2632.88,2625.96,2619.99,2618
DNK,share_in_land_area_3,680.56,694.54,704.53,717.51,761.5,722.48,728.46,752.45,764.43,788.42,781.4,750.91,760.42,765.93,776.44,713.96,709.47,754.98,748.49,781,787.51,715.87,774.23,762.18,729.96,740.98,749.85,742.7,740.56,746.54,751.57,752.62
DNK,share_in_land_area_4,531.44,535.46,539.47,543.49,547.5,551.52,555.54,559.55,563.57,567.58,571.6,573.09,574.58,576.07,577.56,579.04,580.53,582.02,583.51,585,586.49,594.13,601.77,609.4,617.04,624.68,624.66,625.6,626.56,627.5,628.44,629.38
DOM,share_in_agricultural_area_1,900,900,900,900,900,930,935,860,870,850,898,898,898,820,820,820,820,820,800,800,800,800,800,800,800,877,877,877,877,877,877,877
DOM,share_in_agricultural_area_2,446,446,446,446,446,446,440,440,440,420,420,420,420,418,400,400,400,400,400,400,400,400,355,355,355,355,355,355,355,355,355,355
DOM,share_in_agricultural_area_3,1200,1200,1200,1200,1200,1200,1200,1200,1200,1197,1197,1197,1197,1197,1197,1197,1197,1197,1197,1197,1197,1197,1197,1197,1197,1197,1197,1197,1197,1197,1197,1197
DOM,share_in_land_area_1,4831,4831,4831,4831,4831,4831,4831,4831,4831,4831,4831,4831,4831,4831,4831,4831,4831,4831,4831,4831,4831,4831,4831,4831,4831,4831,4831,4831,4831,4753.1,4753.1,4753.1
DOM,share_in_land_area_2,2546,2546,2546,2546,2546,2576,2575,2500,2510,2467,2515,2515,2515,2435,2417,2417,2417,2417,2397,2397,2397,2397,2352,2352,2352,2429,2429,2429,2429,2429,2429,2429
DOM,share_in_land_area_3,690.11,652.35,614.59,576.84,539.08,471.32,434.56,471.8,424.05,429.29,343.53,333.46,323.4,393.34,401.27,391.2,381.14,371.08,381.01,370.94,360.88,354.77,393.67,387.56,381.46,298.35,290.26,282.17,274.08,188.09,180,171.91
DOM,share_in_land_area_4,1594.89,1632.65,1670.41,1708.16,1745.92,1783.68,1821.44,1859.2,1896.95,1934.71,1972.47,1982.54,1992.6,2002.66,2012.73,2022.8,2032.86,2042.92,2052.99,2063.05,2073.12,2079.23,2085.33,2091.44,2097.54,2103.65,2111.74,2119.83,2127.92,2136.01,2144.1,2152.19
DZA,share_in_agricultural_area_1,7081,7260,7562,7533,7477,7519,7521,7650,7661,7673,7662,7583,7547,7503.7,7493,7511,7470,7469,7489,7493,7502,7502,7506.5,7496.2,7469.4,7462.1,7404.2,7470.81,7500.7,7530.6,7530.6,7530.6
DZA,share_in_agricultural_area_2,554,546,532,531,529,510,519,509,513,519,530,580,659,741,803,852,908,921,911,906,909,919,924,939,969.8,1000.3,1013.4,1012.62,995.8,978.97,978.97,978.97
DZA,share_in_agricultural_area_3,31041,30816,30771,30798,31634,31620,31596,31531,31652,31539,31829,31946,31649,31661,32849,32848,32803,32862,32909,32981,32963,32967,32967.69,32996.44,32991.8,32994,32942.6,32851.71,32842.35,32806.5,32806.5,32806.5
DZA,share_in_land_area_1,238174,238174,238174,238174,238174,238174,238174,238174,238174,238174,238174,238174,238174,238174,238174,238174,238174,238174,238174,238174,238174,238174,238174,238174,238174,238174.1,238174.1,238174.1,238174.1,238174.1,238174.1,238174.1
DZA,share_in_land_area_2,38676,38622,38865,38862,39640,39649,39636,39690,39826,39731,40021,40109,39855,39905.7,41145,41211,41181,41252,41309,41380,41374,41388,41398.19,41431.64,41431,41456.4,41360.2,41335.14,41338.85,41316.07,41316.07,41316.07
DZA,share_in_land_area_3,197831,197893.8,197659.6,197671.4,196902.2,196902,196923.8,196878.6,196751.4,196855.2,196574,196452.1,196672.2,196587.6,195314.4,195214.5,195210.6,195105.7,195014.8,194909.9,194882,194860.4,194842.61,194801.56,194794.6,194761.7,194857.9,194895.96,194905.25,194919.03,194909.03,194899.7
DZA,share_in_land_area_4,1667,1658.2,1649.4,1640.6,1631.8,1623,1614.2,1605.4,1596.6,1587.8,1579,1612.9,1646.8,1680.7,1714.6,1748.5,1782.4,1816.3,1850.2,1884.1,1918,1925.6,1933.2,1940.8,1948.4,1956,1956,1943,1930,1939,1949,1958.33
ECU,share_in_agricultural_area_1,1604,1644,1633,1569,1621,1574,1607,1609,1602,1610,1616,1500,1360,1299,1277,1296,1233,1195,1236,1199.4,1186.4,1155.7,1147.9,1194,970,1068,976,1033,968,989,1038,1024
ECU,share_in_agricultural_area_2,1321,1351,1387,1405,1415,1427,1384,1395,1402,1370,1363,1300,1240,1188,1246,1214,1213,1220,1264,1349,1391.4,1379.5,1383,1469,1417,1483,1439,1430,1386,1440,1443,1423
ECU,share_in_agricultural_area_3,4921,4919,4933,5001,5093,5107,4996,5008,5023,5095,5087,4985,4890,4763,5004,4990,4998,4997,4945,4986,4919.9,4810.9,4976,4850,3087.45,3238,3101,3126,3094,2901,2939,3023
ECU,share_in_land_area_1,27684,27684,27684,27684,27684,27684,27684,27684,24836,24836,24836,24836,24836,24836,24836,24836,24836,24836,24836,24836,24836,24836,24836,24836,24836,24836,24836,24836,24836,24836,24836,24836
ECU,share_in_land_area_2,7846,7914,7953,7975,8129,8108,7987,8012,8027,8075,8066,7785,7490,7250,7527,7500,7444,7412,7445,7534.4,7497.7,7346.1,7506.9,7513,5475,5789,5516,5590,5448,5330,5420,5470
ECU,share_in_land_area_3,5205.79,5227.96,5279.13,5347.3,5283.47,5394.64,5605.82,5670.99,2898.16,2940.33,3039.5,3390.73,3755.96,4066.19,3859.42,3956.66,4082.89,4185.12,4222.35,4203.18,4310.11,4503.51,4384.51,4420.22,6500.02,6227.82,6565.09,6555.36,6761.63,6943.9,6918.17,6932.44
ECU,share_in_land_area_4,14632.21,14542.04,14451.87,14361.7,14271.53,14181.36,14091.18,14001.01,13910.84,13820.67,13730.5,13660.27,13590.04,13519.81,13449.58,13379.34,13309.11,13238.88,13168.65,13098.42,13028.19,12986.39,12944.59,12902.78,12860.98,12819.18,12754.91,12690.64,12626.37,12562.1,12497.83,12433.56
EGY,share_in_agricultural_area_1,2284,2267,2615.28,2616.18,2612.66,2817,2710.46,2778.92,2793.62,2994,2801,2861,2936,2906,2965,2563,2605,2564,2642,2884,2873,2808,2829,2707.97,2640.19,2865.88,2786.77,2911.97,3049,3219,3365,3077
EGY,share_in_agricultural_area_2,364,376,381,399,400,466,466,466,466,489,490,477,488,503,513,960,928,974,900,805,798,812,867,1023,1075,924,947,925,814,703,606,954
EGY,share_in_land_area_1,99545,99545,99545,99545,99545,99545,99545,99545,99545,99545,99545,99545,99545,99545,99545,99545,99545,99545,99545,99545,99545,99545,99545,99545,99545,99545,99545,99545,99545,99545,99545,99545
EGY,share_in_land_area_2,2648,2643,2996.28,3015.18,3012.66,3283,3176.46,3244.92,3259.62,3483,3291,3338,3424,3409,3478,3523,3533,3538,3542,3689,3671,3620,3696,3730.97,3715.19,3789.88,3733.77,3836.97,3863,3922,3971,4031
EGY,share_in_land_area_3,96853.19,96856.65,96501.83,96481.39,96482.37,96210.49,96315.49,96245.49,96229.25,96004.33,96194.79,96147.15,96060.5,96074.86,96005.22,95959.58,95948.93,95943.29,95938.65,95791,95808.36,95862.8,95790.25,95758.72,95777.95,95706.7,95766.25,95663.05,95637.02,95578.02,95529.02,95469.02
EGY,share_in_land_area_4,43.81,45.35,46.89,48.43,49.97,51.51,53.05,54.59,56.13,57.67,59.21,59.85,60.5,61.14,61.78,62.42,63.07,63.71,64.35,65,65.64,62.2,58.75,55.31,51.86,48.42,44.98,44.98,44.98,44.98,44.98,44.98
ERI,share_in_agricultural_area_1,,,,498,437,438,369,391,498,498,560,562,562,597,598,620,670,670,670,690,690,690,690,690,690,690,690,690,690,690,690,690
ERI,share_in_agricultural_area_2,,,,2,2,2,2,2,2,2,3,3,3,3,2,2,2,2,2,2,2,2,2,2,2,2,2,2,2,2,2,2
ERI,share_in_agricultural_area_3,,,,6900,6967,6967,6967,6967,6967,6967,6967,6967,6967,6967,6900,6900,6900,6900,6900,6900,6900,6900,6900,6900,6900,6900,6900,6900,6900,6900,6900,6900
ERI,share_in_land_area_1,,,,10100,10100,10100,10100,10100,10100,10100,10100,10100,10100,10100,12098.26,12102.53,12100.4,12103.26,12105.75,12106.96,12106.51,12108.9,12108.21,12104.93,12103.62,12108.88,12107.75,12107.12,12107.77,12108.05,12104.08,12104.08
ERI,share_in_land_area_2,,,,7400,7406,7407,7338,7360,7467,7467,7530,7532,7532,7567,7500,7522,7572,7572,7572,7592,7592,7592,7592,7592,7592,7592,7592,7592,7592,7592,7592,7592
ERI,share_in_land_area_3,,,,1559.42,1556.58,1558.74,1630.9,1612.06,1508.22,1511.38,1451.54,1452.7,1455.86,1424.02,3492.44,3477.87,3428.9,3434.92,3440.57,3424.94,3427.65,3433.2,3435.67,3435.55,3437.4,3445.82,3447.85,3450.38,3454.19,3457.63,3456.82,3459.98
ERI,share_in_land_area_4,,,,1140.58,1137.42,1134.26,1131.1,1127.94,1124.78,1121.62,1118.46,1115.3,1112.14,1108.98,1105.82,1102.66,1099.5,1096.34,1093.18,1090.02,1086.86,1083.7,1080.54,1077.38,1074.22,1071.06,1067.9,1064.74,1061.58,1058.42,1055.26,1052.1
ESP,share_in_agricultural_area_1,15335,15258,15201,14982,14806,14045,14450,14285,13684,13463,13400,13064,12909,13017,13025,12913,12720,12586,12488,12497,12528,12429,12570,12181,12278,12278.22,12337.18,12253.77,11884.25,11812.31,11639.4,11550.05
ESP,share_in_agricultural_area_2,4837,4831,4746,4675,4690,4708,4694,4774,4832,4865,4904,4980,4977,4964,4932,4931,4858,4810,4784,4719,4693,4563,4969,4952,4910,4909.67,4695.83,4731.4,4886.11,4947.49,5007,5059.76
ESP,share_in_agricultural_area_3,10300,10282,10332,10376,10687,10966,10995,11000,11442,11450,11462,11476,11533,11172,11114,11320,11035,10608,10870,10754,10324,10022,9403,9600.2,9390,9388.61,9232.69,9310.36,9412.96,9446.88,9496.24,9618.63
ESP,share_in_land_area_1,49944,49944,49944,49944,49944,49944,49944,49944,49944,49944,49900,49852,49904,49921,49918,49909,49898,49911,49880,49866,50001,49988,50021,50021,50021,49966.1,49956.4,49954.74,49960.35,49957,49955.66,49973.32
ESP,share_in_land_area_2,30472,30371,30279,30033,30183,29719,30139,30059,29958,29778,29766,29520,29419,29153,29071,29164,28613,28004,28142,27970,27545,27014,26942,26733.2,26578,26576.5,26265.7,26295.53,26183.32,26206.69,26142.64,26228.45
ESP,share_in_land_area_3,5567.34,5349.41,5122.49,5049.56,4580.63,4725.7,3986.78,3747.85,3529.92,3391,3040.07,3092.93,3100.79,3238.65,3172.51,2925.36,3320.22,3797.08,3482.94,3495.8,3910.66,4427.49,4531.32,4738.96,4892.99,4838.42,5135.46,5099.9,5213.43,5182.43,5240.86,5168.42
ESP,share_in_land_area_4,13904.66,14223.59,14542.51,14861.44,15180.37,15499.3,15818.22,16137.15,16456.08,16775,17093.93,17239.07,17384.21,17529.35,17674.49,17819.63,17964.78,18109.92,18255.06,18400.2,18545.34,18546.51,18547.68,18548.84,18550.01,18551.18,18555.24,18559.3,18563.59,18567.88,18572.17,18576.46
EST,share_in_agricultural_area_1,,,1115,1066,949,874,884,888,887,859,843,677,613.6,545,519.3,591.8,559.1,599.3,597.8,596.4,645,632.4,620.5,638,654,675,696,679,683,690,694,700
EST,share_in_agricultural_area_2,,,12,11,12,12,12,12,12,12,12,19,17.6,15.7,14.8,11.1,8.9,8.3,8,8.1,7.1,7,6.8,3,3,3,3,7,7,7,5,5
EST,share_in_agricultural_area_3,,,247,243,140,105,109,123,144,130,131,194,67,268,236.3,279,330.5,307,301,327.3,296.7,306.6,328.6,324,317,315,304,296,295,292,286,282
EST,share_in_land_area_1,,,4239,4239,4239,4239,4239,4239,4239,4239,4239,4239,4239,4239,4239,4239,4239,4239,4239,4239,4239,4239,4239,4347,4347,4347,4347,4275,4275,4275,4275,4275
EST,share_in_land_area_2,,,1374,1320,1101,991,1005,1023,1043,1001,986,890,698.2,828.7,770.4,881.9,898.5,914.6,906.8,931.8,948.8,946,955.9,965,974,993,1003,982,985,988.4,985,987
EST,share_in_land_area_3,,,652.5,703.2,918.9,1025.6,1008.31,987.01,963.71,1002.41,1014.11,1100.4,1282.48,1142.27,1190.86,1069.64,1043.33,1017.52,1015.61,980.89,954.18,939.98,913.08,994.99,968.99,932.99,922.75,854.6,851.6,848.2,851.6,849.6
EST,share_in_land_area_4,,,2212.5,2215.8,2219.1,2222.4,2225.69,2228.99,2232.29,2235.59,2238.89,2248.6,2258.32,2268.03,2277.74,2287.46,2297.17,2306.88,2316.59,2326.31,2336.02,2353.02,2370.02,2387.01,2404.01,2421.01,2421.25,2438.4,2438.4,2438.4,2438.4,2438.4
ETH,share_in_agricultural_area_1,,,,10000,9932,9940,9927,9900,9891,9881,9872,9862,9853,10928,12364,12823,13396,14038,13606,13948,14565,15193.2,15346,15471,15596,15721,15846,15969.2,16187,16192,16195.1,16314
ETH,share_in_agricultural_area_2,,,,540,540,560,573,592,558,676,662,697,645,679,737,768,823,1039,907,1037,1118,1132,1142,1228,1314,1400,1486,1570.9,1716,1998,2281,2281
ETH,share_in_agricultural_area_3,,,,20000,20000,20000,20000,20000,20000,20000,20000,20000,20000,20000,20000,20000,20000,20000,20000,20000,20000,20000,20000,20000,20000,20000,20000,20000,20000,20000,20000,20000
ETH,share_in_land_area_1,,,,100000,100000,100000,100000,100000,100000,100000,100000,100000,100000,100000,112859.73,112859.98,112861.32,112863.11,112856.84,112858.87,112857.1,112857.51,112858.2,112857.2,112853.83,112853.94,112855.85,112855.28,112856.14,112857.09,112857.13,112857.13
ETH,share_in_land_area_2,,,,30540,30472,30500,30500,30492,30449,30557,30534,30559,30498,31607,33101,33591,34219,35077,34513,34985,35683,36325.2,36488,36699,36910,37121,37332,37540.1,37903,38190,38476.1,38595
ETH,share_in_land_area_3,,,,50420.5,50561.5,50606.5,50679.5,50760.5,50876.5,50841.5,50937.5,50985.5,51119.5,50083.5,61522.23,61105.48,60551.82,59768.61,60399.34,60002.37,59375.6,58806.81,58717.7,58578.7,58437.33,58299.44,58163.35,58027.68,57738.64,57525.59,57312.53,57266.63
ETH,share_in_land_area_4,,,,19039.5,18966.5,18893.5,18820.5,18747.5,18674.5,18601.5,18528.5,18455.5,18382.5,18309.5,18236.5,18163.5,18090.5,18017.5,17944.5,17871.5,17798.5,17725.5,17652.5,17579.5,17506.5,17433.5,17360.5,17287.5,17214.5,17141.5,17068.5,16995.5
EUU,share_in_agricultural_area_1,103393.3,102669.2,109256,113787.3,113107.9,111513.3,111750.2,111647.8,110509.6,110367.7,109516.27,106991.56,105556.94,104686.56,104296.77,103831.97,103072.36,101576.78,102249.01,102045.27,101065.86,100843.67,101034.69,100285.48,100176.74,99898.11,99522.89,99505.01,98972.46,99493.21,98853.3,98866.82
EUU,share_in_agricultural_area_2,12964.8,12762.1,12805.7,12762.9,12689.3,12498.2,12438.5,12510.9,12703.7,12805.2,12762.25,12772.28,12453.69,12378.15,12286.69,12373.36,12205.67,12095.48,12067.99,11987.88,11962.76,11747,12070.99,11871.26,11891.26,11967.08,11773.59,11822.18,11956.98,12033.89,11896.5,11919.89
EUU,share_in_agricultural_area_3,58748.6,57469.8,60202.7,61957.7,62312.1,62433.3,61864.5,61247.64,61607.58,61494.92,60393.42,60699.48,60047.15,59204.72,58551.74,58844.95,58041.28,57515.46,57671.13,56923.04,56388.4,55842.14,54420.53,54973.59,53389.05,53399.87,53003.54,52905.4,52797.27,53537.67,52502.2,52119.46
EUU,share_in_land_area_1,362626.57,362637.57,386972.27,399507.27,399511.27,399508.27,399517.27,399508.27,399504.27,399501.27,399611.82,399558.82,399439.82,399488.02,399462.02,399433.02,399367.02,399362.02,399306.14,399399.1,399528.24,399518.82,399533.79,399672.84,399747.58,399685.23,399724.47,399652.32,399655.66,399644.06,399644.92,399658.18
EUU,share_in_land_area_2,175106.7,172901.1,182264.4,188507.9,188109.3,186444.8,186053.2,185406.34,184820.88,184667.82,182671.94,180463.62,178057.98,176269.63,175135.4,175050.48,173319.61,171187.92,171988.43,170956.49,169417.32,168447.91,167526.51,167717.08,167775.71,167704.61,166663.81,167444.72,166956.46,168497.04,167735.16,166119.41
EUU,share_in_land_area_3,57220.94,58803.25,62727.27,63824.95,63566.98,64567.92,64307.96,64285.25,64206.15,63695.64,65141.51,66815.33,68620.48,69975.53,70602.27,70176.69,71360.07,73005.27,71667.38,72310.79,73497.6,74128.88,74736.54,74356.31,74043.71,73723.76,74591.13,73523.29,73832.08,72097.27,72678.38,74125.08
EUU,share_in_land_area_4,130298.93,130933.22,141980.6,147174.42,147834.99,148495.55,149156.11,149816.68,150477.24,151137.81,151798.37,152279.86,152761.36,153242.85,153724.35,154205.84,154687.34,155168.83,155650.32,156131.82,156613.31,156942.02,157270.73,157599.44,157928.15,158256.86,158469.53,158684.31,158867.11,159049.75,159231.38,159413.68
FIN,share_in_agricultural_area_1,2268.9,2299.7,2284.4,2275.6,2299.7,2143.5,2123.4,2125.6,2167.2,2177.1,2188.1,2193.3,2205.1,2213.8,2220.7,2236.5,2260.5,2256.7,2259.1,2258.3,2254.8,2250.5,2249.1,2224.1,2230.8,2242.3,2246,2242,2243,2245,2243,2243
FIN,share_in_agricultural_area_2,2.1,2.1,2.1,2.1,2.2,2.5,2.6,3.1,3.2,3.3,3.9,3.7,3.9,4.2,4.3,4.3,4.3,4.2,4.3,4.2,4.1,4.1,4,3.4,3.3,3.3,3,3,5,5,5,4.4
FIN,share_in_agricultural_area_3,122,123,120,106,110,98,92,21.3,21.6,21,26,25,27,28,28,33,36,34,33,34,33,32,32,31,33,27.8,26,25,24,24,22,21
FIN,share_in_land_area_1,30459,30459,30459,30459,30459,30459,30459,30459,30459,30459,30459,30459,30459,30459,30459,30459,30411,30409,30390,30390,30390,30389,30389,30389,30389,30391,30391,30392,30392,30393,30394,30394.77
FIN,share_in_land_area_2,2393,2424.8,2406.5,2383.7,2411.9,2244,2218,2150,2192,2201.4,2218,2222,2236,2246,2253,2273.8,2300.8,2294.9,2296.4,2296.5,2291.9,2286.6,2285.1,2258.5,2267.1,2273.4,2275,2270,2272,2274,2270,2268
FIN,share_in_land_area_3,6190.67,6101.84,6063.11,6028.88,5943.65,6054.52,6023.48,6034.45,5935.42,5868.99,5795.36,5811.72,5818.09,5828.45,5841.82,5841.38,5786.74,5811.01,5810.87,5831.14,5856.1,5827,5795.1,5788.3,5746.3,5708.6,5707,5713,5711,5710,5715,5717.77
FIN,share_in_land_area_4,21875.33,21932.36,21989.39,22046.42,22103.45,22160.48,22217.52,22274.55,22331.58,22388.61,22445.64,22425.28,22404.91,22384.55,22364.18,22343.82,22323.46,22303.09,22282.73,22262.36,22242,22275.4,22308.8,22342.2,22375.6,22409,22409,22409,22409,22409,22409,22409
FJI,share_in_agricultural_area_1,160,171,165.2,159.4,153.6,142.8,137,131.2,125.4,121.6,115.8,110,104.2,98.4,92.6,86.8,81,75.2,69.4,61.8,63.2,64.6,66,67.4,68.8,70.2,71.6,73,74.4,75.8,76.8,76.8
FJI,share_in_agricultural_area_2,80,80,80,80,80,85,85,85,85,83,83,83,83,83,83,83,83,83,83,85,82.9,80.8,78.7,76.6,74.5,72.4,70.3,68.2,66.1,64,61.8,61.8
FJI,share_in_agricultural_area_3,170,173,173,173,173,173,173,173,173,173,173,173,173,173,173,173,173,173,173,173,173,173,173,173,173,173,173,173,173,173,173,173
FJI,share_in_land_area_1,1827,1827,1827,1827,1827,1827,1827,1827,1827,1827,1827,1827,1827,1827,1827,1827,1827,1827,1827,1827,1827,1827,1827,1827,1827,1827,1827,1827,1827,1827,1827,1827
FJI,share_in_land_area_2,410,424,418.2,412.4,406.6,400.8,395,389.2,383.4,377.6,371.8,366,360.2,354.4,348.6,342.8,337,331.2,325.4,319.8,319.1,318.4,317.7,317,316.3,315.6,314.9,314.2,313.5,312.8,311.6,311.6
FJI,share_in_land_area_3,477.31,456.63,455.75,454.88,454,453.12,452.24,451.36,450.49,449.61,448.73,447.85,446.98,446.1,445.22,444.34,443.47,442.59,441.71,440.64,434.66,428.68,422.71,416.73,410.76,404.78,398.8,392.82,386.84,380.86,375.38,368.7
FJI,share_in_land_area_4,939.69,946.37,953.05,959.72,966.4,973.08,979.76,986.44,993.11,999.79,1006.47,1013.15,1019.82,1026.5,1033.18,1039.86,1046.53,1053.21,1059.89,1066.56,1073.24,1079.92,1086.59,1093.27,1099.94,1106.62,1113.3,1119.98,1126.66,1133.34,1140.02,1146.7
FRA,share_in_agricultural_area_1,17784.8,17831.3,17846.9,18033.8,18096.2,18173.1,18205,18270.1,18318,18353.1,18354.4,18345.9,18371.5,18354.8,18368,18377.6,18339,18286.2,18268.7,18256.2,18300.7,18274.4,18281.7,18305.7,18333.1,18478.7,18355.92,18464.37,18126.4,18065.02,17956.56,17956.56
FRA,share_in_agricultural_area_2,1208.7,1206,1204.6,1195.8,1188.1,1174.7,1162.9,1150.8,1144,1143.9,1140.7,1134.7,1128.3,1116,1110.8,1110.6,1096.6,1072.1,1051.3,1027.2,1011.1,1007.2,1003.8,996.5,995.2,986.3,992.12,999.41,1005.8,1010.41,1013.98,1013.98
FRA,share_in_agricultural_area_3,11599.3,11447.6,11332.8,11061.7,10920.6,10802.4,10728.4,10618.7,10518,10432.1,10312.3,10232.7,10110.9,10063.8,9979.6,9902.2,9877.1,9847.8,9790.1,9736.5,9614.5,9597,9559.3,9471.5,9438.2,9261.9,9369.98,9233.72,9527.9,9545.75,9583.21,9583.21
FRA,share_in_land_area_1,54756.6,54756.6,54756.6,54756.6,54756.6,54756.6,54756.6,54756.6,54756.6,54756.6,54756.7,54756.7,54756.7,54786.7,54756.7,54755.7,54755.7,54755.7,54755.7,54755.7,54755.7,54755.7,54755.7,54755.7,54755.7,54755.7,54755.7,54755.7,54755.7,54755.7,54755.7,54755.7
FRA,share_in_land_area_2,30592.8,30484.9,30384.3,30291.3,30204.9,30150.2,30096.3,30039.6,29980,29929.1,29807.4,29713.3,29610.7,29534.6,29458.4,29390.4,29312.7,29206.1,29110.1,29019.9,28926.3,28878.6,28844.8,28773.7,28766.5,28726.9,28718.02,28697.5,28660.1,28621.19,28553.75,28553.75
FRA,share_in_land_area_3,9727.8,9750.5,9765.9,9773.7,9774.9,9744.4,9713.1,9684.6,9659,9624.7,9661.3,9642.3,9631.8,9624.8,9557.9,9511.8,9476.4,9469.9,9452.8,9429.9,9410.4,9374.7,9325.1,9312.8,9236.6,9192.8,9118.28,9055.4,9009.4,8964.91,8948.95,8865.55
FRA,share_in_land_area_4,14436,14521.2,14606.4,14691.6,14776.8,14862,14947.2,15032.4,15117.6,15202.8,15288,15401.1,15514.2,15627.3,15740.4,15853.5,15966.6,16079.7,16192.8,16305.9,16419,16502.4,16585.8,16669.2,16752.6,16836,16919.4,17002.8,17086.2,17169.6,17253,17336.4
FSM,share_in_agricultural_area_1,,2.5,2.5,2.5,2.5,2.5,2.5,2.5,2.5,2.5,2.5,2.5,2.5,2.5,2.5,2.5,2.5,2.5,2.5,2,2,2,2,2,2,2,2,2,2,2,2,2
FSM,share_in_agricultural_area_3,,3,3,3,3,3,3,3,3,3,3,3,3,3,3,3,3,3,3,3,3,3,3,3,3,3,3,3,3,3,3,3
FSM,share_in_land_area_1,,70,70,70,70,70,70,70,70,70,70,70,70,70,70,70,70,70,70,70,70,70,70,70,70,70,70,70,70,70,70,70
FSM,share_in_land_area_2,,5.5,5.5,5.5,5.5,5.5,5.5,5.5,5.5,5.5,5.5,5.5,5.5,5.5,5.5,5.5,5.5,5.5,5.5,5,5,5,5,5,5,5,5,5,5,5,5,5
FSM,share_in_land_area_3,,0.89,0.86,0.84,0.81,0.78,0.75,0.72,0.7,0.67,0.64,0.61,0.59,0.56,0.53,0.5,0.48,0.45,0.42,0.9,0.87,0.84,0.81,0.79,0.76,0.73,0.7,0.67,0.64,0.61,0.58,0.55
FSM,share_in_land_area_4,,63.61,63.64,63.66,63.69,63.72,63.75,63.78,63.8,63.83,63.86,63.89,63.91,63.94,63.97,64,64.02,64.05,64.08,64.1,64.13,64.16,64.19,64.21,64.24,64.27,64.3,64.33,64.36,64.39,64.42,64.45
GAB,share_in_agricultural_area_1,311,313,315,317,319,325,325,325,325,325,325,325,325,325,325,325,325,325,325,325,325,325,325,325,325,325,325,325,325,325,325,325
GAB,share_in_agricultural_area_2,162,162,165,165,165,170,170,170,170,170,170,170,170,170,170,170,170,170,170,170,170,170,170,170,170,170,170,170,170,170,170,170
GAB,share_in_agricultural_area_3,1532.38,1536.54,1537.7,1541.87,1546.03,1541.19,1547.35,1553.51,1559.68,1565.84,1572,1577.06,1582.12,1587.18,1592.24,1597.3,1602.35,1607.41,1612.47,1617.53,1622.59,1634.47,1646.35,1658.24,1658.24,1658.24,1658.24,1658.24,1658.24,1658.24,1658.24,1658.24
GAB,share_in_land_area_1,25767,25767,25767,25767,25767,25767,25767,25767,25767,25767,25767,25767,25767,25767,25767,25767,25767,25767,25767,25767,25767,25767,25767,25767,25767,25767,25767,25767,25767,25767,25767,25767
GAB,share_in_land_area_2,2005.38,2011.54,2017.7,2023.87,2030.03,2036.19,2042.35,2048.51,2054.68,2060.84,2067,2072.06,2077.12,2082.18,2087.24,2092.3,2097.35,2102.41,2107.47,2112.53,2117.59,2129.47,2141.35,2153.24,2153.24,2153.24,2153.24,2153.24,2153.24,2153.24,2153.24,2153.24
GAB,share_in_land_area_3,0,0,0,0,0,0,0,0,0,0,0,0,0,0,0,0,0,0,0,0,0,0,0,0,11.88,23.76,35.64,47.52,59.4,71.28,83.16,95.04
GAB,share_in_land_area_4,23761.62,23755.46,23749.3,23743.13,23736.97,23730.81,23724.65,23718.49,23712.32,23706.16,23700,23694.94,23689.88,23684.82,23679.76,23674.7,23669.65,23664.59,23659.53,23654.47,23649.41,23637.53,23625.65,23613.76,23601.88,23590,23578.12,23566.24,23554.36,23542.48,23530.6,23518.72
GBR,share_in_agricultural_area_1,6620,6567,6554,6091,5911,5936,6098,6368,6253,5917,5876,5651,5786,5659,5819,5729,6094,6085,6005,6049,5970,6062,6212,6265.4,6233.5,6011,6026.01,6082.88,6037.79,6085.6,5978.5,6009.8
GBR,share_in_agricultural_area_2,66,66,64,61,61,57,56,57,53,51,52,51,50,49,49,47,45,46,46,43,46,45,46,44.9,44.8,49,46.64,47.71,46.17,45.94,45.09,46.01
GBR,share_in_agricultural_area_3,11517,11510,11452,11382,11437,11386,11340,11160,11212,11251,11036,11251,11140,11248,11183,11180,11699,11516,11633,11233,11208,11057,10924,10939.9,10953.7,11078,11277.33,11335.57,11266.91,11389.75,11235.7,11159.32
GBR,share_in_land_area_1,24193,24193,24193,24193,24193,24193,24193,24193,24193,24193,24193,24193,24193,24193,24193,24193,24193,24193,24193,24193,24193,24193,24193,24193,24193,24193,24193,24193,24193,24193,24193,24193
GBR,share_in_land_area_2,18203,18143,18070,17534,17409,17379,17494,17585,17518,17219,16964,16953,16976,16956,17051,16956,17838,17647,17684,17325,17224,17164,17182,17583.21,17558.68,17466.94,17683.7,17797.37,17687.03,17815.82,17562.36,17554.72
GBR,share_in_land_area_3,3212,3254.4,3309.8,3828.2,3935.6,3948,3815.4,3706.8,3756.2,4037.6,4275,4275.5,4242,4251.5,4146,4230.5,3338,3518.5,3471,3819.5,3910,3950.8,3913.6,3493.19,3498.52,3571.06,3350.3,3231.63,3332.97,3195.18,3440.64,3439.61
GBR,share_in_land_area_4,2778,2795.6,2813.2,2830.8,2848.4,2866,2883.6,2901.2,2918.8,2936.4,2954,2964.5,2975,2985.5,2996,3006.5,3017,3027.5,3038,3048.5,3059,3078.2,3097.4,3116.6,3135.8,3155,3159,3164,3173,3182,3190,3198.67
GEO,share_in_agricultural_area_1,,,795,795,795,771,781,785,792,790,793,795,799,802,452,470,462,463,459,433,395,377.4,370,415.7,365,367.7,344,324,311,307,310,312
GEO,share_in_agricultural_area_2,,,334,333,332,307,285,278,270,270,269,268,265,264,100,110,116,114,115,125,125,125,125,130,110,110,110,120.8,123.2,125.6,127.9,127.9
GEO,share_in_agricultural_area_3,,,2100,2000,1970,1970,1969,1974,1983,1939,1938,1940,1940,1940,1940,1940,1940,1940,1940,1940,1940,1940,1940,1940.4,1941,1940.4,1940,1940,1940,1940,1940,1940
GEO,share_in_land_area_1,,,6949,6949,6949,6949,6949,6949,6949,6949,6949,6949,6949,6949,6949,6949,6949,6949,6949,6949,6949,6949,6949,6949,6949,6949,6949,6949,6949,6949,6949,6949
GEO,share_in_land_area_2,,,3229,3128,3097,3048,3035,3037,3045,2999,3000,3003,3004,3006,2492,2520,2518,2517,2514,2498,2460,2442.4,2435,2486.1,2460,2418.1,2394,2384.8,2374.2,2372.6,2377.9,2379.9
GEO,share_in_land_area_3,,,966.04,1066.21,1096.38,1144.55,1156.72,1153.89,1145.06,1190.23,1188.4,1179.22,1172.04,1163.86,1671.68,1637.5,1633.32,1628.14,1624.96,1634.78,1666.6,1684.2,1691.6,1640.5,1666.6,1708.5,1732.6,1741.8,1752.4,1754,1748.7,1746.7
GEO,share_in_land_area_4,,,2753.96,2754.79,2755.62,2756.45,2757.28,2758.11,2758.94,2759.77,2760.6,2766.78,2772.96,2779.14,2785.32,2791.5,2797.68,2803.86,2810.04,2816.22,2822.4,2822.4,2822.4,2822.4,2822.4,2822.4,2822.4,2822.4,2822.4,2822.4,2822.4,2822.4
GHA,share_in_agricultural_area_1,2700,2800,2800,2800,2800,3000,3200,3600,3648.26,3696.51,3744.77,3793.03,3841.28,3889.54,3937.8,3986.05,4034.31,4082.57,4130.82,4179.08,4227.33,4275.59,4323.85,4372.1,4420.36,4468.62,4516.87,4565.13,4613.39,4661.64,4709.9,4708.9
GHA,share_in_agricultural_area_2,1528,1520,1520,1600,1700,1700,1700,1700,1743.81,1787.62,1831.43,1875.23,1919.04,1962.85,2006.66,2050.47,2094.28,2138.09,2181.9,2225.7,2269.51,2313.32,2357.13,2400.94,2444.75,2488.56,2532.37,2576.17,2619.98,2663.79,2707.6,2708.6
GHA,share_in_agricultural_area_3,8400,8400,8400,8400,8400,8400,8400,8282.7,7593.15,7575.42,7189.32,7229.77,7290.15,6738.74,5925.12,6083.06,5915.21,6251.6,5692.04,5905.68,5903.59,5718.93,5669.36,5690.03,5509.55,5458.34,5308.7,4942.66,4984.17,5154.54,5186.24,5186.24
GHA,share_in_land_area_1,22754,22754,22754,22754,22754,22754,22754,22754,22754,22754,22754,22754,22754,22754,22754,22754,22754,22754,22754,22754,22754,22754,22754,22754,22754,22754,22754,22754,22754,22754,22753.3,22753.3
GHA,share_in_land_area_2,12628,12720,12720,12800,12900,13100,13300,13582.7,12985.21,13059.55,12765.52,12898.03,13050.48,12591.13,11869.57,12119.58,12043.79,12472.25,12004.76,12310.47,12400.44,12307.85,12350.34,12463.08,12374.65,12415.51,12357.94,12083.96,12217.54,12479.97,12603.74,12603.74
GHA,share_in_land_area_3,201.74,217.3,324.87,352.44,360,267.56,175.13,0,705.05,738.27,1139.87,1097.93,1036.05,1585.96,2398.09,2238.65,2405.01,2067.11,2625.17,2410.04,2410.63,2515.72,2485.73,2385.49,2486.41,2458.05,2473.82,2706,2565.2,2295.55,2163.85,2156.63
GHA,share_in_land_area_4,9924.26,9816.7,9709.13,9601.56,9494,9386.44,9278.87,9171.3,9063.74,8956.17,8848.61,8758.04,8667.47,8576.91,8486.34,8395.77,8305.2,8214.63,8124.07,8033.5,7942.93,7930.43,7917.93,7905.44,7892.94,7880.44,7922.24,7964.04,7971.26,7978.48,7985.71,7992.93
GIN,share_in_agricultural_area_1,2853,2829,2805,2782,2758,2734,2735,2736,2737,2738,2739,2740,2741,2742,2743,2741,2750,2800,2850,2850,2900,2900,3000,3100,3100,3100,3100,3100,3100,3100,3100,3100
GIN,share_in_agricultural_area_2,500,520,550,570,590,590,600,600,630,640,640,640,650,670,680,680,680,680,690,700,700,700,700,700,733,745,765,795,822,830,835,838
GIN,share_in_agricultural_area_3,10788,10700,10700,10700,10700,10700,10700,10700,10700,10700,10700,10700,10700,10700,10700,10700,10700,10700,10700,10700,10700,10700,10700,10700,10700,10700,10700,10700,10700,10700,10700,10700
GIN,share_in_land_area_1,24572,24572,24572,24572,24572,24572,24572,24572,24572,24572,24572,24572,24572,24572,24572,24572,24572,24572,24572,24572,24572,24572,24572,24572,24572,24572,24572,24572,24572,24572,24572,24572
GIN,share_in_land_area_2,14141,14049,14055,14052,14048,14024,14035,14036,14067,14078,14079,14080,14091,14112,14123,14121,14130,14180,14240,14250,14300,14300,14400,14500,14533,14545,14565,14595,14622,14630,14635,14638
GIN,share_in_land_area_3,3155,3281.7,3310.4,3348.1,3386.8,3445.5,3469.2,3502.9,3506.6,3530.3,3564,3599,3624,3639,3664,3702,3729,3715,3691,3717,3703,3739,3675,3611,3614,3638,3658,3668,3681,3713,3748,3785
GIN,share_in_land_area_4,7276,7241.3,7206.6,7171.9,7137.2,7102.5,7067.8,7033.1,6998.4,6963.7,6929,6893,6857,6821,6785,6749,6713,6677,6641,6605,6569,6533,6497,6461,6425,6389,6349,6309,6269,6229,6189,6149
GMB,share_in_agricultural_area_1,187,196,162,161,180,185,190,205,215,225,234,244,254,264,273,283,293,303,372,428,450,450,450,450,450,450,450,440,440,440,440,440
GMB,share_in_agricultural_area_2,5,5,5,5,5,5,5,5,5,5,5,5,5,5,5,5,6,6,7,7,7,7,7,7,7,7,7,7,7,7,7,7
GMB,share_in_agricultural_area_3,390,381,381,381,372,367,362,347,347,337,267,235,232,202,200,197,197,187,187,187,187,187,187,187,187,187,187,187,187,187,187,187
GMB,share_in_land_area_1,1012,1012,1012,1012,1012,1012,1012,1012,1012,1012,1012,1012,1012,1012,1012,1012,1012,1012,1012,1012,1012,1012,1012,1012,1012,1012,1012,1012,1012,1012,1012,1012
GMB,share_in_land_area_2,582,582,548,547,557,557,557,557,567,567,506,484,491,471,478,485,496,496,566,622,644,644,644,644,644,644,644,634,634,634,634,634
GMB,share_in_land_area_3,15.34,21.07,60.81,67.54,63.27,69,74.74,80.47,76.2,81.94,148.67,176.4,175.14,200.87,199.6,198.34,193.07,198.8,134.53,84.27,68,73.73,79.46,85.2,90.93,96.66,102.4,118.13,123.86,129.6,135.33,141.07
GMB,share_in_land_area_4,414.66,408.93,403.19,397.46,391.73,386,380.26,374.53,368.8,363.06,357.33,351.6,345.86,340.13,334.4,328.66,322.93,317.2,311.47,305.73,300,294.27,288.54,282.8,277.07,271.34,265.6,259.87,254.14,248.4,242.67,236.93
GNB,share_in_agricultural_area_1,250,250,250,270,280,280,270,270,260,280,300,300,280,270,280,280,280,280,280,280,300,300,300,300,300,300,300,300,300,300,300,300
GNB,share_in_agricultural_area_2,117,117,117,117,117,126,142,187,197,228,248,248,249,250,250,250,250,250,250,250,250,250,250,250,250,250,250,250,250,250,250,250
GNB,share_in_agricultural_area_3,211.67,215.45,215.45,215.45,215.45,214.9,217.34,180.78,189.23,146.68,115.12,123.56,151.01,168.46,166.9,175.34,183.79,192.24,200.68,209.12,197.57,206.01,214.46,222.9,231.35,239.79,248.23,256.67,265.11,265.11,265.11,265.11
GNB,share_in_land_area_1,2812,2812,2812,2812,2812,2812,2812,2812,2812,2812,2812,2812,2812,2812,2812,2812,2812,2812,2812,2812,2812,2812,2812,2812,2812,2812,2812,2812,2812,2812,2812,2812
GNB,share_in_land_area_2,578.67,582.45,582.45,602.45,612.45,620.9,629.34,637.78,646.23,654.67,663.12,671.56,680.01,688.46,696.9,705.34,713.79,722.24,730.68,739.12,747.57,756.01,764.46,772.9,781.35,789.79,798.23,806.67,815.11,815.11,815.11,815.11
GNB,share_in_land_area_3,0,4.66,13.11,1.56,0,0,0,0,0,0,0,0,0,0,0,0,0,0,0,0,0,0,0,0,0,0,0,0,0,8.44,16.88,25.32
GNB,share_in_land_area_4,2233.33,2224.89,2216.44,2208,2199.55,2191.1,2182.66,2174.22,2165.77,2157.32,2148.88,2140.44,2131.99,2123.54,2115.1,2106.66,2098.21,2089.76,2081.32,2072.88,2064.43,2055.99,2047.54,2039.1,2030.65,2022.21,2013.77,2005.33,1996.89,1988.45,1980.01,1971.57
GNQ,share_in_agricultural_area_1,16,16,17,17,17,17,18,19,20,20,22,30,37,37,37,37,41,41,46,54,54,54,54,54,54,54,54,54,54,53,53,53
GNQ,share_in_agricultural_area_2,85,85,85,83,83,83,83,83,80,80,78,70,63,63,63,63,59,59,54,46,46,46,46,46,46,46,46,46,46,47,47,47
GNQ,share_in_agricultural_area_3,2.85,2.85,2.85,2.85,2.85,2.85,2.85,2.85,2.85,2.85,2.85,2.85,2.85,2.85,2.85,2.98,3.11,3.24,3.37,3.5,3.63,3.76,3.89,4.02,4.15,4.28,4.41,4.54,4.67,4.8,4.92,4.92
GNQ,share_in_land_area_1,2805,2805,2805,2805,2805,2805,2805,2805,2805,2805,2805,2805,2805,2805,2805,2805,2805,2805,2805,2805,2805,2805,2805,2805,2805,2805,2805,2805,2805,2805,2805,2805
GNQ,share_in_land_area_2,103.85,103.85,104.85,102.85,102.85,102.85,103.85,104.85,102.85,102.85,102.85,102.85,102.85,102.85,102.85,102.98,103.11,103.24,103.37,103.5,103.63,103.76,103.89,104.02,104.15,104.28,104.41,104.54,104.67,104.8,104.92,104.92
GNQ,share_in_land_area_3,2,10.36,17.71,28.07,36.43,44.78,52.14,59.5,69.86,78.21,86.57,94.93,103.28,111.64,120,128.22,136.45,144.68,152.91,161.13,169.36,177.59,185.82,194.04,202.27,210.5,218.73,226.96,235.19,243.42,251.66,260.02
GNQ,share_in_land_area_4,2699.15,2690.79,2682.44,2674.08,2665.72,2657.36,2649.01,2640.65,2632.29,2623.94,2615.58,2607.22,2598.87,2590.51,2582.15,2573.8,2565.44,2557.08,2548.72,2540.37,2532.01,2523.65,2515.29,2506.94,2498.58,2490.22,2481.86,2473.5,2465.14,2456.78,2448.42,2440.06
GRC,share_in_agricultural_area_1,2899,2867,2864,2839,2836,2821,2810,2789,2784,2762,2741,2720,2717,2712,2629,2639,2584,2567,2556,2547,2567,2552,2540,2510,2224,2171,2140,2142.89,2141.29,2131.93,2131.93,2131.93
GRC,share_in_agricultural_area_2,1068,1077,1078,1081,1084,1083,1089,1096,1098,1108,1113,1132,1129,1132,1132,1136,1138,1134,1138,1139,1137,1148,1136,1124,1104,1111,1114,1082.69,1085.1,1088.23,1088.23,1088.23
GRC,share_in_agricultural_area_3,5255,5220,5225,5240,5250,5260,5273,5100,4900,4800,4675,4586,4497,4408,4319,4230,4141,4052,3963,3874,3785,3696,3607,3519,2873,2917,2882,2827.97,2717.29,2647.03,2647.03,2647.03
GRC,share_in_land_area_1,12890,12890,12890,12890,12890,12890,12890,12890,12890,12890,12890,12890,12890,12890,12890,12890,12890,12890,12890,12890,12890,12890,12890,12890,12890,12890,12890,12890,12890,12890,12890,12890
GRC,share_in_land_area_2,9222,9164,9167,9160,9170,9164,9172,8985,8782,8670,8529,8438,8343,8252,8080,8005,7863,7753,7657,7560,7489,7396,7283,7159,6207,6205,6142,6059.91,5949.86,5874.43,5874.43,5874.43
GRC,share_in_land_area_3,369.45,397.28,364.11,340.95,300.78,276.61,238.44,395.27,568.11,649.94,760.77,821.61,886.46,947.3,1089.14,1133.98,1245.83,1325.67,1391.51,1458.35,1499.2,1592.2,1705.2,1829.2,2781.2,2783.2,2846.2,2928.29,3038.34,3113.77,3113.77,3113.77
GRC,share_in_land_area_4,3298.55,3328.72,3358.89,3389.05,3419.22,3449.39,3479.56,3509.73,3539.89,3570.06,3600.23,3630.39,3660.54,3690.7,3720.86,3751.02,3781.17,3811.33,3841.49,3871.65,3901.8,3901.8,3901.8,3901.8,3901.8,3901.8,3901.8,3901.8,3901.8,3901.8,3901.8,3901.8
GRD,share_in_agricultural_area_1,2,2,2,2,2,1,1,1,1,1,1,2,2,2,2,2,2,2,2,3,3,3,3,3,3,3,3,3,3,3,3,3
GRD,share_in_agricultural_area_2,10,9,9,9,9,9,9,9,9,10,10,10,10,9,9,6,6,6,6,6,6,6,4,4,4,4,4,4,4,4,4,4
GRD,share_in_agricultural_area_3,1,1,1,1,1,1,1,1,1,1,1,1,1,1,1,1,1,1,1,1,1,1,1,1,1,1,1,1,1,1,1,1
GRD,share_in_land_area_1,34,34,34,34,34,34,34,34,34,34,34,34,34,34,34,34,34,34,34,34,34,34,34,34,34,34,34,34,34,34,34,34
GRD,share_in_land_area_2,13,12,12,12,12,11,11,11,11,12,12,13,13,12,12,9,9,9,9,10,10,10,8,8,8,8,8,8,8,8,8,8
GRD,share_in_land_area_3,3.3,4.3,4.3,4.3,4.3,5.3,5.3,5.3,5.3,4.3,4.3,3.3,3.3,4.3,4.3,7.3,7.3,7.3,7.3,6.3,6.3,6.3,8.3,8.3,8.3,8.3,8.3,8.3,8.3,8.3,8.3,8.3
GRD,share_in_land_area_4,17.7,17.7,17.7,17.7,17.7,17.7,17.7,17.7,17.7,17.7,17.7,17.7,17.7,17.7,17.7,17.7,17.7,17.7,17.7,17.7,17.7,17.7,17.7,17.7,17.7,17.7,17.7,17.7,17.7,17.7,17.7,17.7
GTM,share_in_agricultural_area_1,1300,1300,1300,1324,1354,1355,1361,1443.43,1525.86,1608.29,1690.72,1773.15,1855.58,1938,1669,1400,1506,1576,1581,1540.6,1500.2,1459.8,1419.4,1379,1412.9,1470,1487,1504,1521,1538,1554,1554
GTM,share_in_agricultural_area_2,485,485,485,556,556,555,549,560,571,582,593,604,615,626,700,841,850,931,943,950,970,1000,1020,1033,1061,1183,1183,1183,1183,1183,1183,1183
GTM,share_in_agricultural_area_3,2500,2500,2500,2602,2602,2602,2602,2571,2540,2509,2478,2447,2416,2385,2354,2321,1959.45,1941,1910,1879,1847,1835,1823,1811,1811,1811,1823.8,1836.6,1849.4,1862.2,1875,1875
GTM,share_in_land_area_1,10716,10716,10716,10716,10716,10716,10716,10716,10716,10716,10716,10716,10716,10716,10716,10716,10716,10716,10716,10716,10716,10716,10716,10716,10716,10716,10716,10716,10716,10716,10716,10716
GTM,share_in_land_area_2,4285,4285,4285,4482,4512,4512,4512,4574.43,4636.86,4699.29,4761.72,4824.15,4886.58,4949,4723,4562,4315.45,4448,4434,4369.6,4317.2,4294.8,4262.4,4223,4284.9,4464,4493.8,4523.6,4553.4,4583.2,4612,4612
GTM,share_in_land_area_3,1649.8,1707,1764.2,1624.4,1651.6,1708.8,1766,1760.77,1755.54,1750.31,1745.08,1731.31,1717.54,1703.78,1978.44,2188.1,2483.31,2399.42,2462.08,2575.14,2676.2,2725.96,2785.72,2852.48,2817.94,2666.2,2648,2629.8,2611.6,2593.4,2576.2,2587.8
GTM,share_in_land_area_4,4781.2,4724,4666.8,4609.6,4552.4,4495.2,4438,4380.8,4323.6,4266.4,4209.2,4160.54,4111.88,4063.22,4014.56,3965.9,3917.24,3868.58,3819.92,3771.26,3722.6,3695.24,3667.88,3640.52,3613.16,3585.8,3574.2,3562.6,3551,3539.4,3527.8,3516.2
GUY,share_in_agricultural_area_1,392,393.87,395.73,397.6,399.47,401.33,403.2,405.07,406.93,408.8,410.67,412.53,414.4,416.27,418.13,420,420,420,420,420,420,420,420,420,420,420,420,420,420,420,420,420
GUY,share_in_agricultural_area_2,22,22,22,22,22,24,25,25,25,25,26,28,28,28,28,28,28,28,28,28,28,28,28,28,28,28,28,28,28,28,28,29
GUY,share_in_agricultural_area_3,594,594,594,594,594,594,594,594,594,594,594,594,594,594,594,594,594,594,594,594,594,594,594,594,594,594,594,594,594,594,594,594
GUY,share_in_land_area_1,19685,19685,19685,19685,19685,19685,19685,19685,19685,19685,19685,19685,19685,19685,19685,19685,19685,19685,19685,19685,19685,19685,19685,19685,19685,19685,19685,19685,19685,19685,19685,19685
GUY,share_in_land_area_2,1008,1009.87,1011.73,1013.6,1015.47,1019.33,1022.2,1024.07,1025.93,1027.8,1030.67,1034.53,1036.4,1038.27,1040.13,1042,1042,1042,1042,1042,1042,1042,1042,1042,1042,1042,1042,1042,1042,1042,1042,1043
GUY,share_in_land_area_3,74.85,76.78,78.7,80.63,82.56,82.48,83.41,85.33,87.26,89.19,90.11,90.69,93.26,95.84,98.41,100.98,105.43,109.87,114.31,118.75,123.19,134.88,146.57,158.26,169.95,181.64,190.84,200.05,209.25,218.46,227.66,235.87
GUY,share_in_land_area_4,18602.15,18598.36,18594.56,18590.77,18586.98,18583.19,18579.39,18575.6,18571.81,18568.01,18564.22,18559.78,18555.34,18550.9,18546.46,18542.02,18537.57,18533.13,18528.69,18524.25,18519.81,18508.12,18496.43,18484.74,18473.05,18461.36,18452.16,18442.95,18433.75,18424.54,18415.34,18406.13
HND,share_in_agricultural_area_1,1462,1492,1515,1683,1650,1600,1600,1520,1520,1468,1068,1068,1068,1068,1050,1050,1050,1050,1018,1018,1018,1018,1018,1018,1018,1018,1018,1018,1018,1018,1018,1018
HND,share_in_agricultural_area_2,358,350,340,332,340,350,350,355,355,359,359,360,360,370,390,400,410,410,410,418,480,510,540,540,540,540,540,570,576,576,576,600
HND,share_in_agricultural_area_3,1500,1500,1500,1533,1530,1530,1530,1520,1520,1510,1508,1508,1600,1715,1700,1700,1700,1700,1756,1762,1770,1783,1800,1812,1817,1817,1866,1900,1915,1915,1944,1958
HND,share_in_land_area_1,11189,11189,11189,11189,11189,11189,11189,11189,11189,11189,11189,11189,11189,11189,11189,11189,11189,11189,11189,11189,11189,11189,11189,11189,11189,11189,11189,11189,11189,11189,11189,11189
HND,share_in_land_area_2,3320,3342,3355,3548,3520,3480,3480,3395,3395,3337,2935,2936,3028,3153,3140,3150,3160,3160,3184,3198,3268,3311,3358,3370,3375,3375,3424,3488,3509,3509,3538,3576
HND,share_in_land_area_3,881.22,880.17,888.12,716.07,765.02,825.98,846.93,952.88,973.83,1052.78,1475.73,1495.01,1423.29,1318.57,1351.85,1362.13,1372.41,1392.69,1388.97,1395.25,1345.53,1324.86,1300.19,1310.51,1327.84,1350.17,1321.95,1278.89,1278.84,1299.79,1291.74,1274.69
HND,share_in_land_area_4,6987.78,6966.83,6945.88,6924.93,6903.98,6883.02,6862.07,6841.12,6820.17,6799.22,6778.27,6757.99,6737.71,6717.43,6697.15,6676.87,6656.59,6636.31,6616.03,6595.75,6575.47,6553.14,6530.81,6508.49,6486.16,6463.83,6443.05,6422.11,6401.16,6380.21,6359.26,6338.31
HRV,share_in_agricultural_area_1,,,1212,1062,1104,1117,986,983,1089,1068,842,853,858,864,847,873,881,852,860.7,868.3,904.4,896.7,906.4,876.4,812.9,843.7,874,817,804,823,889,857
HRV,share_in_agricultural_area_2,,,113,117,117,116,125,125,129,129,69,70,70,71,70,73,76,80,86,88,84,83,79,72.9,77.6,75.5,72,72,72,74,79,79
HRV,share_in_agricultural_area_3,,,1079,1093,1091,1099,824,833,830,835,258,255,253,261,259,265,273,270,342.4,343.3,345.4,346.4,345.6,618,618,618,600,608,608,607,537,540
HRV,share_in_land_area_1,,,5591,5591,5591,5591,5598,5598,5591,5591,5591.2,5591.2,5591.2,5596.4,5596.4,5596.4,5596.4,5596.4,5596.4,5596.4,5596.4,5596.4,5596.4,5596.4,5596.4,5596.4,5596.4,5596.4,5596.4,5596.4,5596,5596
HRV,share_in_land_area_2,,,2404,2272,2312,2332,1935,1941,2048,2032,1169,1178,1181,1196,1176,1211,1230,1202,1289.1,1299.6,1333.8,1326.1,1331,1567.3,1688,1688,1688,1688,1688,1688,1647,1618
HRV,share_in_land_area_3,,,1330,1458.5,1415,1391.5,1792,1782.5,1665,1677.5,2537.2,2524.7,2518.2,2504.9,2521.4,2482.9,2460.4,2484.9,2394.3,2380.3,2342.6,2349.9,2344.6,2107.9,1986.8,1986.4,1984.28,1976.79,1974.29,1971.79,2009.89,2036.39
HRV,share_in_land_area_4,,,1857,1860.5,1864,1867.5,1871,1874.5,1878,1881.5,1885,1888.5,1892,1895.5,1899,1902.5,1906,1909.5,1913,1916.5,1920,1920.4,1920.8,1921.2,1921.6,1922,1924.12,1931.61,1934.11,1936.61,1939.11,1941.61
HTI,share_in_agricultural_area_1,780,780,780,780,800,800,800,900,900,900,900,900,900,900,900,1000,1000,1000,1000,1026.33,1180,1180,1180,1180,1180,1180,1180,1180,1180,1000,1000,1005
HTI,share_in_agricultural_area_2,320,320,300,300,300,300,300,300,300,300,300,280,280,280,280,280,280,280,280,300,314,339,354,398,398,398,398,340,325,300,300,300
HTI,share_in_agricultural_area_3,497,496,495,495,495,490,490,490,490,490,490,490,490,490,490,490,490,490,490,490,490,490,490,490,490,490,490,490,490,490,490,490
HTI,share_in_land_area_1,2756,2756,2756,2756,2756,2756,2756,2756,2756,2756,2756,2756,2756,2756,2756,2756,2756,2756,2756,2756,2756,2756,2756,2756,2756,2756,2756,2756,2756,2756,2756,2756
HTI,share_in_land_area_2,1597,1596,1575,1575,1595,1590,1590,1690,1690,1690,1690,1670,1670,1670,1670,1770,1770,1770,1770,1816.33,1984,2009,2024,2068,2068,2068,2068,2010,1995,1790,1790,1795
HTI,share_in_land_area_3,776.08,777.31,798.53,798.76,778.99,784.22,784.44,684.67,684.9,685.12,685.35,705.58,705.8,706.03,706.26,606.48,606.71,606.94,607.17,561.06,393.62,371.73,359.83,318.94,322.04,325.15,328.26,389.37,407.48,615.59,618.7,616.81
HTI,share_in_land_area_4,382.92,382.69,382.47,382.24,382.01,381.78,381.56,381.33,381.1,380.88,380.65,380.42,380.2,379.97,379.74,379.52,379.29,379.06,378.83,378.61,378.38,375.27,372.17,369.06,365.96,362.85,359.74,356.63,353.52,350.41,347.3,344.19
HUN,share_in_agricultural_area_1,5054,5056,4742,4748,4749,4806,4811,4820,4819,4815,4602,4606,4606,4597,4598,4601,4597,4592,4585,4585,4392,4395,4397,4316,4322,4324,4323,4323,4324,4317,4025.97,4139.7
HUN,share_in_agricultural_area_2,234,231,230,225,225,225,225,227,226,224,201,198,180,206,206,205,197,198,195,194,188,183,182,182,181,179,176,176,173,171,158.17,149.49
HUN,share_in_agricultural_area_3,1186,1173,1164,1157,1148,1148,1148,1148,1148,1147,1051,1061,1063,1062,1060,1057,1015,1017,1010,1004,763,759,759,759,761,761,783,804,799,790,732.54,754.49
HUN,share_in_land_area_1,8987,8987,8987,8986,8986,8986,8986,8980,8980,8980,8962,8962,8962,8962,8962,8961,8961,8961,8961,9053,9053,9053,9053,9053,9126,9126,9126,9126,9126,9126,9126,9126
HUN,share_in_land_area_2,6474,6460,6136,6130,6122,6179,6184,6195,6193,6186,5854,5865,5849,5865,5864,5863,5809,5807,5790,5783,5343,5337,5338,5591,5565,5582,5560,5564,5344,5319,4921.8,5049.18
HUN,share_in_land_area_3,699.1,702.37,1015.65,1009.92,1007.19,939.46,923.74,896.01,887.28,883.56,1186.83,1163.31,1166.79,1138.26,1126.74,1114.22,1155.7,1145.18,1149.65,1236.13,1663.61,1666.72,1662.84,1406.95,1503.07,1483.18,1507.27,1504.73,1726.08,1752.53,2151.19,2025.26
HUN,share_in_land_area_4,1813.9,1824.63,1835.35,1846.08,1856.81,1867.54,1878.26,1888.99,1899.72,1910.44,1921.17,1933.69,1946.21,1958.74,1971.26,1983.78,1996.3,2008.82,2021.35,2033.87,2046.39,2049.28,2052.16,2055.05,2057.93,2060.82,2058.73,2057.27,2055.92,2054.47,2053.01,2051.56
IDN,share_in_agricultural_area_1,20253,18081,18100,18129,17126,17342,17941,18500,18700,19700,20500,21175,21850,22525,23200,23230,23260,23290,23320,23350,23380,23410,23440,23470,23500,23800,25200,26300,26300,26300,26300,26300
IDN,share_in_agricultural_area_2,11720,11716,11451,12087,13045,13836,13850,13850,14000,15000,15500,16400,17000,17600,17700,17900,19000,20000,20300,21000,21000,22000,22000,22500,22800,23000,23500,26000,26600,26800,27000,27300
IDN,share_in_agricultural_area_3,13110,11727,11800,11800,11800,11800,11177,11177,11177,11177,11177,11100,11100,11000,11000,11000,11000,11000,11000,11000,11000,11000,11000,11000,11000,11000,11000,11000,11000,11000,11000,11000
IDN,share_in_land_area_1,181157,181157,181157,181157,181157,181157,181157,181157,181157,181157,187751.9,187751.9,187751.9,187751.9,187751.9,187751.9,187751.9,187751.9,187751.9,187751.9,187751.9,187751.9,187751.9,187751.9,187751.9,187751.9,187751.9,187751.9,187751.9,187751.9,187751.9,189255.55
IDN,share_in_land_area_2,45083,41524,41351,42016,41971,42978,42968,43527,43877,45877,47177,48675,49950,51125,51900,52130,53260,54290,54620,55350,55380,56410,56440,56970,57300,57800,59700,63300,63900,64100,64300,64600
IDN,share_in_land_area_3,17529,22814.5,24714,25775.5,27547,28266.5,30003,31170.5,32547,32273.5,39294.9,37958.98,36846.06,35833.14,35220.22,35152.3,34184.38,33316.46,33148.54,32580.62,32712.7,32608.96,33505.22,33901.48,34497.74,34924,32780.1,30502.1,30507.63,30913.17,31318.7,33127.88
IDN,share_in_land_area_4,118545,116818.5,115092,113365.5,111639,109912.5,108186,106459.5,104733,103006.5,101280,101117.92,100955.84,100793.76,100631.68,100469.6,100307.52,100145.44,99983.36,99821.28,99659.2,98732.94,97806.68,96880.42,95954.16,95027.9,95271.8,93949.8,93344.27,92738.73,92133.2,91527.66
IND,share_in_agricultural_area_1,163459,163182,162706,162586,162525,161911,161025,161601,161409,160975,160930,160325,160432,159799,159681,159444,158662,158022,157995,157924,157009,156979,156546,156442,156463,156413,156317,155895.14,155477.91,155369.08,154447.95,154447.95
IND,share_in_agricultural_area_2,6650,7000,7300,7700,7800,8000,8500,8500,8620,9150,9200,9500,9600,10000,10210,10230,10800,11180,11400,11800,12225,12390,12800,13000,13000,13000,13000,13000,13300,13300,13600,13600
IND,share_in_agricultural_area_3,11304,11404,11299,11096,10966,11034,11064,10880,10845,10896,10845,10662,10528,10450,10484,10452,10444,10418,10362,10344,10339,10301,10296,10256,10265,10262,10261,10340.47,10337.65,10375.87,10479.81,10480
IND,share_in_land_area_1,297319,297319,297319,297319,297319,297319,297319,297319,297319,297319,297319,297319,297319,297319,297319,297319,297319,297319,297319,297319,297319,297319,297319,297319,297319,297319,297319,297319,297319,297319,297319,297319
IND,share_in_land_area_2,181413,181586,181305,181382,181291,180945,180589,180981,180874,181021,180975,180487,180560,180249,180375,180126,179906,179620,179757,180068,179573,179670,179642,179698,179728,179675,179578,179235.6,179115.56,179044.95,178527.76,178527.95
IND,share_in_land_area_3,51968,51429.7,51345.4,50903.1,50628.8,50609.5,50600.2,49842.9,49584.6,49072.3,48753,49050.5,48787,48907.5,48591,48649.5,48679,48774.5,48447,47945.5,48250,47886.6,47648.2,47325.8,47029.4,46816,46646.6,46722.6,46576.24,46380.45,46631.24,46364.65
IND,share_in_land_area_4,63938,64303.3,64668.6,65033.9,65399.2,65764.5,66129.8,66495.1,66860.4,67225.7,67591,67781.5,67972,68162.5,68353,68543.5,68734,68924.5,69115,69305.5,69496,69762.4,70028.8,70295.2,70561.6,70828,71094.4,71360.8,71627.2,71893.6,72160,72426.4
IRL,share_in_agricultural_area_1,394.6,391.7,392.9,403.9,400.3,396.6,403.7,424.8,445.9,467,488.1,509.2,518.2,531.23,521.65,488.69,467.08,465.45,485.65,462.59,438.84,459.14,482.61,474.04,465.18,453,461,461,451,443,444,436
IRL,share_in_agricultural_area_2,3,3,3,3,3,3,3,3,3,3,2,2,2,2,2,3,3,3,2.7,3,2,1,1,1,1,1,1,1,1,1,1,1
IRL,share_in_agricultural_area_3,4139.8,4050.1,4020.3,4000.4,3990.3,3989.1,3935.1,3927.84,3920.58,3913.32,3906.06,3898.8,3852.8,3836.77,3781.35,3810.31,3789.92,3807.55,4140.65,4128.33,4127.16,4094.86,4049.39,4001.96,3999.82,3976,3999,4027,4064,4080,4067,3901
IRL,share_in_land_area_1,6889,6889,6889,6889,6889,6889,6889,6889,6889,6889,6889,6889,6889,6889,6889,6889,6889,6889,6889,6889,6889,6889,6889,6889,6889,6889,6889,6889,6889,6889,6889,6889
IRL,share_in_land_area_2,4537.4,4444.8,4416.2,4407.3,4393.6,4388.7,4341.8,4355.64,4369.48,4383.32,4396.16,4410,4373,4370,4305,4302,4260,4276,4629,4593.92,4568,4555,4533,4477,4466,4430,4461,4489,4516,4524,4512,4337
IRL,share_in_land_area_3,1889.96,1965.69,1977.42,1969.44,1966.27,1954.3,1984.33,1953.62,1922.9,1892.19,1862.48,1839.64,1867.64,1861.63,1917.63,1911.63,1944.63,1919.63,1557.62,1583.7,1600.62,1606.76,1621.9,1671.05,1675.19,1704.33,1665.65,1629.98,1598.98,1586.98,1594.98,1765.98
IRL,share_in_land_area_4,461.64,478.51,495.38,512.26,529.13,546,562.87,579.74,596.62,613.49,630.36,639.36,648.36,657.37,666.37,675.37,684.37,693.37,702.38,711.38,720.38,727.24,734.1,740.95,747.81,754.67,762.35,770.02,774.02,778.02,782.02,786.02
IRN,share_in_agricultural_area_1,15190,16681,16969,17332,17337,17388,17097,16502,16837,16337,14924,15861,16029,16197,16365,16533,16701,16869,15545,15566,15390,15214,15038,14687,14687,14687,14687,15134,15581,15620.33,15659.67,15699
IRN,share_in_agricultural_area_2,1310,1316,1318,1320,1320,1320,1330,1330,1350,1350,1360,1362,1415,1468,1521,1574,1627,1680,1637,1643.2,1672.4,1701.6,1730.8,1790,1790,1790,1790,1824,1857,1891,1891,1891
IRN,share_in_agricultural_area_3,45000,45000,45500,45500,45500,45500,46000,46000,46600,46000,46600,46600,46600,46600,46600,29524,29524,29524,29503,29477,29477,29477,29477,29477,29477,29477,29477,29477,29477,29477,29477,29477
IRN,share_in_land_area_1,162876,162876,162876,162876,162876,162876,162876,162876,162876,162876,162876,162876,162876,162876,162876,162876,162876,162876,162876,162876,162876,162876,162876,162876,162876,162876,162876,162250,162250,162250,162250,162250
IRN,share_in_land_area_2,61500,62997,63787,64152,64157,64208,64427,63832,64787,63687,62884,63823,64044,64265,64486,47631,47852,48073,46685,46686.2,46539.4,46392.6,46245.8,45954,45954,45954,45954,46435,46915,46988.33,47027.67,47067
IRN,share_in_land_area_3,92299.94,90777.98,89963.02,89573.06,89543.1,89467.14,89223.18,89793.22,88813.26,89888.3,90666.34,89590.71,89233.08,88875.44,88517.81,105236.18,104878.55,104520.92,105772.28,105634.45,105644.62,105791.42,105938.22,106230.02,106230.02,106230.02,106219.92,105104.41,104607.97,104518.2,104470.46,104417.37
IRN,share_in_land_area_4,9076.06,9101.02,9125.98,9150.94,9175.9,9200.86,9225.82,9250.78,9275.74,9300.7,9325.66,9462.29,9598.92,9735.56,9872.19,10008.82,10145.45,10282.08,10418.72,10555.35,10691.98,10691.98,10691.98,10691.98,10691.98,10691.98,10702.08,10710.59,10727.03,10743.47,10751.87,10765.63
IRQ,share_in_agricultural_area_1,5000,5400,5300,5600,5050,4800,4800,4400,4400,4300,4300,4300,4500,4500,4500,4650,4800,4950,4000,3650,4000,4300,4318.5,4563.75,4969,4969,4969,4969,4969,4969,4969,4969
IRQ,share_in_agricultural_area_2,230,230,250,270,300,300,300,260,250,200,200,190,190,190,190,190,190,190,190,200,220,250,250,300,300,300,340,360,380,400,470,470
IRQ,share_in_agricultural_area_3,4000,4000,4000,4000,4000,4000,4000,4000,4000,4000,4000,4000,4000,4000,4000,4000,4000,4000,4000,4000,4000,4000,4000,4000,4000,4000,4000,4000,4000,4000,4000,3985
IRQ,share_in_land_area_1,43737,43737,43737,43737,43737,43737,43737,43737,43737,43737,43737,43737,43737,43737,43737,43737,43737,43737,43737,43432,43432,43432,43432,43412.8,43412.8,43412.8,43412.8,43412.8,43412.8,43412.8,43412.8,43412.8
IRQ,share_in_land_area_2,9230,9630,9550,9870,9350,9100,9100,8660,8650,8500,8500,8490,8690,8690,8690,8840,8990,9140,8190,7850,8220,8550,8568.5,8863.75,9269,9269,9309,9329,9349,9369,9439,9424
IRQ,share_in_land_area_3,33703,33301.6,33380.2,33058.8,33577.4,33826,33824.6,34263.2,34271.8,34420.4,34419,34428.3,34227.6,34226.9,34226.2,34075.5,33924.8,33774.1,34723.4,34757.7,34387,34057,34038.5,33724.05,33318.8,33318.8,33278.8,33258.8,33238.8,33218.8,33148.8,33163.8
IRQ,share_in_land_area_4,804,805.4,806.8,808.2,809.6,811,812.4,813.8,815.2,816.6,818,818.7,819.4,820.1,820.8,821.5,822.2,822.9,823.6,824.3,825,825,825,825,825,825,825,825,825,825,825,825
ISL,share_in_agricultural_area_1,136,136,136,135,135,135,134,133,130,129,129,129,129,129,129,129,129,125,125,124,123,122.2,121.2,121.2,121.2,121,121,121,121,121,121,121
ISL,share_in_agricultural_area_3,1765,1765,1765,1765,1765,1764,1763,1762,1761,1760,1760,1760,1758,1756,1755,1753,1752,1751,1751,1751,1751,1751,1751,1751,1751,1751,1751,1751,1751,1751,1751,1751
ISL,share_in_land_area_1,10025,10025,10025,10025,10025,10025,10025,10025,10025,10025,10025,10025,10025,10025,10025,10025,10025,10025,10025,10025,10025,10025,10025,10025,10025,10025,10025,10025,10083,10083,10083,10083
ISL,share_in_land_area_2,1901,1901,1901,1900,1900,1899,1897,1895,1891,1889,1889,1889,1887,1885,1884,1882,1881,1876,1876,1875,1874,1873.2,1872.2,1872.2,1872.2,1872,1872,1872,1872,1872,1872,1872
ISL,share_in_land_area_3,8106.93,8105.65,8104.38,8104.1,8102.83,8102.55,8103.27,8104,8106.72,8107.45,8106.17,8104.69,8105.2,8105.72,8105.23,8105.75,8105.27,8108.78,8107.3,8106.81,8106.33,8106.43,8106.73,8106.04,8105.34,8104.84,8104.34,8103.62,8160.96,8160.31,8159.65,8159
ISL,share_in_land_area_4,17.07,18.35,19.62,20.9,22.17,23.45,24.73,26,27.28,28.55,29.83,31.31,32.8,34.28,35.77,37.25,38.73,40.22,41.7,43.19,44.67,45.37,46.07,46.76,47.46,48.16,48.66,49.38,50.04,50.69,51.35,52
ISR,share_in_agricultural_area_1,343,347,347,347,349,345,336,336,335,333,338,342,349,334,311,311,303,305.8,299.7,304.3,293.6,295.7,294.8,285.8,300.5,297.2,295,387,383.5,378,380,377
ISR,share_in_agricultural_area_2,88,86,85,85,85,83,83,83,84,85,86,84,84,86,69.5,69.5,69.8,75.3,77.3,78.3,77.3,81.3,91.4,94.5,97.2,96.7,97,96,99.8,100.4,101.4,102.5
ISR,share_in_agricultural_area_3,148,145,145,145,145,145,145,144,143,141,142,135,130,131,133,134,136,137,138.6,140,133.6,140,140,140,140,140,160,161,158,160,165,164
ISR,share_in_land_area_1,2164,2164,2164,2164,2164,2164,2164,2164,2164,2164,2164,2164,2164,2164,2164,2164,2164,2164,2164,2164,2164,2164,2164,2164,2164,2164,2164,2164,2164,2164,2164,2164
ISR,share_in_land_area_2,579,578,577,577,579,573,564,563,562,559,566,561,563,551,513.5,514.5,508.8,518.1,515.6,522.6,504.5,517,526.2,520.3,537.7,533.9,552,644,641.3,638.4,646.4,643.5
ISR,share_in_land_area_3,1453,1451.9,1450.8,1448.7,1444.6,1448.5,1455.4,1454.3,1453.2,1454.1,1445,1449.9,1447.8,1459.7,1497.1,1496,1501.6,1492.2,1494.6,1487.5,1505.5,1490.8,1479.4,1483.1,1463.5,1465.1,1472,1380,1382.7,1385.6,1377.6,1380.5
ISR,share_in_land_area_4,132,134.1,136.2,138.3,140.4,142.5,144.6,146.7,148.8,150.9,153,153.1,153.2,153.3,153.4,153.5,153.6,153.7,153.8,153.9,154,156.2,158.4,160.6,162.8,165,140,140,140,140,140,140
ITA,share_in_agricultural_area_1,9012,8900,8750,8550,8329,8283,8332,8253,8329,8545,8479,8339,8287,7959,7979,7780,7376,7171,7498,6981,7042,6720,7118,6827,6728,6601,6697,6736.27,6723,6914.18,7199.41,7192.81
ITA,share_in_agricultural_area_2,2960,2950,2879,2830,2814,2645,2674,2721,2808,2877,2805,2798,2607,2580,2550,2554,2545,2531,2543.2,2578.4,2587.8,2520.6,2442,2260,2393,2447,2452,2482,2437,2414.89,2185.16,2168.62
ITA,share_in_agricultural_area_3,4868,4204,4349,4530,4559,4405,4343,4371,4347,4377,4353,4365,4379,4368,4354,4402,4282,4460,4416,4423,4698,4612,4169,4543,4041,3897,3663,3608.3,3245,3791.89,3133.8,3041.6
ITA,share_in_land_area_1,29411,29411,29411,29411,29411,29411,29411,29411,29411,29411,29571.8,29571.8,29571.8,29571.8,29571.8,29571.8,29571.8,29571.8,29571.8,29571.8,29571.8,29571.8,29571.8,29571.8,29571.8,29571.8,29571.8,29571.8,29571.8,29571.7,29571.7,29571.7
ITA,share_in_land_area_2,16840,16054,15978,15910,15702,15333,15349,15345,15484,15799,15637,15502,15273,14907,14883,14736,14203,14162,14457.2,13982.4,14327.8,13852.6,13729,13630,13162,12945,12812,12826.57,12451,13150,13520.6,12403.03
ITA,share_in_land_area_3,4981.25,5689.3,5687.35,5677.4,5807.45,6098.5,6004.55,5930.6,5713.65,5320.7,5565.55,5634.67,5797.79,6097.91,6056.03,6137.16,6604.28,6579.4,6218.32,6627.24,6215.96,6637.35,6707.14,6752.34,7166.53,7329.72,7408.91,7340.53,7662.29,6909.38,6484.97,7548.73
ITA,share_in_land_area_4,7589.75,7667.7,7745.65,7823.6,7901.55,7979.5,8057.45,8135.4,8213.35,8291.3,8369.25,8435.13,8501.01,8566.89,8632.77,8698.64,8764.52,8830.4,8896.28,8962.16,9028.04,9081.85,9135.66,9189.46,9243.27,9297.08,9350.89,9404.7,9458.51,9512.32,9566.13,9619.94
JAM,share_in_agricultural_area_1,119,126,136,174,161,158,155,150,145,143,140,140,135,135,133,128,128,125,120,120,120,120,120,120,120,120,120,120,120,120,120,120
JAM,share_in_agricultural_area_2,100,100,100,100,110,110,110,110,110,110,110,110,110,110,110,110,110,110,100,97,72.3,71.5,70.8,69.8,68.9,68,68,68,68,68,68,68
JAM,share_in_agricultural_area_3,257,250,240,229,229,229,229,229,229,229,229,229,229,229,229,229,229,229,229,229,229,229,229,229,229,229,229,229,229,229,229,229
JAM,share_in_land_area_1,1083,1083,1083,1083,1083,1083,1083,1083,1083,1083,1083,1083,1083,1083,1083,1083,1083,1083,1083,1083,1083,1083,1083,1083,1083,1083,1083,1083,1083,1083,1083,1083
JAM,share_in_land_area_2,476,476,476,503,500,497,494,489,484,482,479,479,474,474,472,467,467,464,449,446,421.3,420.5,419.8,418.8,417.9,417,417,417,417,417,417,417
JAM,share_in_land_area_3,85.72,85.75,85.78,58.8,61.83,64.86,67.89,72.92,77.94,79.97,83,79.26,80.51,76.76,75.02,76.28,72.53,71.78,83.04,82.3,103.25,100.25,97.15,94.34,91.44,88.54,84.66,80.77,76.88,73,69.11,65.23
JAM,share_in_land_area_4,521.28,521.25,521.22,521.2,521.17,521.14,521.11,521.08,521.06,521.03,521,524.74,528.49,532.24,535.98,539.72,543.47,547.22,550.96,554.71,558.45,562.25,566.05,569.86,573.66,577.46,581.34,585.23,589.12,593,596.89,600.77
JOR,share_in_agricultural_area_1,179.2,149.4,259.7,229,211,252,180,187,190,190,190,192,195,177,209,185,190,140.3,149.5,200.8,177.6,175.6,217,231,237.5,227.9,237.26,187,201,214.8,206,199.2
JOR,share_in_agricultural_area_2,70,70,70,70,70,71,80,83,85,86,88,88,88,86,86,86,86,81,81,82.2,82.7,85,85.9,83.6,84.5,86.4,86.7,78,78.8,79.7,80.6,81.8
JOR,share_in_agricultural_area_3,791,791,791,791,791,791,791,791,791,791,791,742,742,742,742,742,742,742,742,742,742,742,742,742,742,742,742,742,742,742,742,742
JOR,share_in_land_area_1,8824,8824,8824,8824,8824,8824,8824,8824,8824,8824,8824,8824,8824,8824,8824,8824,8824,8824,8824,8878,8878,8878,8878,8878,8878,8878,8878,8878,8878,8879.4,8879.4,8879.4
JOR,share_in_land_area_2,1040.2,1010.4,1120.7,1090,1072,1114,1051,1061,1066,1067,1069,1022,1025,1005,1037,1013,1018,963.3,972.5,1025,1002.3,1002.6,1044.9,1056.6,1064,1056.3,1065.96,1007,1021.8,1036.5,1029,1023
JOR,share_in_land_area_3,7686.3,7716.1,7605.8,7636.5,7654.5,7612.5,7675.5,7665.5,7660.5,7659.5,7657.5,7704.5,7701.5,7721.5,7689.5,7713.5,7708.5,7763.2,7754,7755.5,7778.2,7777.9,7735.6,7723.9,7716.5,7724.2,7714.54,7773.5,7758.7,7745.4,7752.9,7758.9
JOR,share_in_land_area_4,97.5,97.5,97.5,97.5,97.5,97.5,97.5,97.5,97.5,97.5,97.5,97.5,97.5,97.5,97.5,97.5,97.5,97.5,97.5,97.5,97.5,97.5,97.5,97.5,97.5,97.5,97.5,97.5,97.5,97.5,97.5,97.5
JPN,share_in_agricultural_area_1,4768,4740,4714,4685,4660,4630,4602,4569,4535,4503,4474,4444,4419,4397,4379,4360,4343,4326,4308,4294,4282,4254,4246,4238,4222,4205,4184,4161,4142,4124,4104,4086
JPN,share_in_agricultural_area_2,475,464,451,439,423,408,392,380,370,363,356,349,344,339,335,332,328,324,320,315,311,307,303,300,296,291,287,283,278,273,268,263
JPN,share_in_agricultural_area_3,589,580,571,562,542,524,506,488,471,455,428,420,412,404,396,388,382.4,376.8,371.2,365.6,360,358,356,354,352,350,342,334,326,318,310,310
JPN,share_in_land_area_1,36460,36460,36460,36460,36460,36460,36450,36450,36450,36450,36450,36450,36450,36450,36450,36450,36450,36450,36450,36450,36450,36450,36450,36450,36450,36450,36450,36450,36450,36450,36450,36450
JPN,share_in_land_area_2,5832,5784,5736,5686,5625,5562,5500,5437,5376,5321,5258,5213,5175,5140,5110,5080,5053.4,5026.8,4999.2,4974.6,4953,4919,4905,4892,4870,4846,4813,4778,4746,4715,4682,4659
JPN,share_in_land_area_3,5678,5733.4,5788.8,5846.2,5914.6,5985,6044.4,6114.8,6183.2,6245.6,6316,6352,6381,6407,6428,6449,6466.6,6484.2,6502.8,6518.4,6531,6569.4,6587.8,6605.2,6631.6,6660,6697,6737,6769,6800,6833,6856
JPN,share_in_land_area_4,24950,24942.6,24935.2,24927.8,24920.4,24913,24905.6,24898.2,24890.8,24883.4,24876,24885,24894,24903,24912,24921,24930,24939,24948,24957,24966,24961.6,24957.2,24952.8,24948.4,24944,24940,24935,24935,24935,24935,24935
KAZ,share_in_agricultural_area_1,,,35055,35040,34683,34716.5,33007.6,32551.8,32154.8,32056.3,30159.3,29359.7,28345.9,28343.6,28478.8,28562.3,28616,28641.2,28519.8,28618.2,28683.8,29180.6,29332.5,29394.7,29470.2,29601.1,29642.2,29657,29748,29378.3,29553.2,29669.7
KAZ,share_in_agricultural_area_2,,,146,145,145,144,140,140,140,139,136,125.9,123,121.8,119.7,115.7,115.5,114.4,115,117.4,116.3,117.2,127.2,131.5,132,132,132,132,132,132,132,132
KAZ,share_in_agricultural_area_3,,,186262,186562,186823,182326,182326,183000,183035,182880,185098,185000,185000,184536,184072,183608,183145,182680,182216.6,182047.7,188361.7,187690.7,187552.4,187467.9,187197.2,186526.6,186467.9,186424.7,186156.1,184464,184318,183994.2
KAZ,share_in_land_area_1,,,269970,269970,269970,269970,269970,269970,269970,269970,269970,269970,269970,269970,269970,269970,269970,269970,269970,269970,269970,269970,269970,269970,269970,269970,269970,269970,269970,269970,269970,269970
KAZ,share_in_land_area_2,,,221463,221747,221651,217186.5,215473.6,215691.8,215329.8,215075.3,215393.3,214485.6,213468.9,213001.4,212670.5,212286,211876.5,211435.6,210851.4,210783.3,217161.8,216988.5,217012.1,216994.1,216799.4,216259.7,216242.1,216213.7,216036.1,213974.3,214003.2,213795.9
KAZ,share_in_land_area_3,,,45345.82,45062.35,45158.88,49623.91,51337.35,51119.68,51482.21,51737.24,51419.77,52334.95,53359.12,53834.1,54172.47,54564.45,54981.42,55429.8,56021.47,56097.05,49726.02,49854.07,49785.21,49757.95,49907.4,50401.84,50390.19,50389.34,50537.7,52570.26,52512.12,52690.18
KAZ,share_in_land_area_4,,,3161.18,3160.65,3160.12,3159.59,3159.05,3158.52,3157.99,3157.46,3156.93,3149.45,3141.98,3134.5,3127.03,3119.55,3112.08,3104.6,3097.13,3089.65,3082.18,3127.43,3172.69,3217.95,3263.2,3308.46,3337.71,3366.96,3396.2,3425.44,3454.68,3483.92
KEN,share_in_agricultural_area_1,4990,5097,5292,5060,5452,5438,4671,4814,4678,5096,4891,5128,5091,5146,5258,5264,5310,5300,5300,5500,5500,5800,5800,5800,5800,5800,5800,5800,5800,5800,5800,5800
KEN,share_in_agricultural_area_2,480,480,480,480,480,480,480,480,480,480,480,411,427,428,434,438,444,470,485,485,510,521,532,543,554,566,577,588,599,610,610,610
KEN,share_in_agricultural_area_3,21300,21300,21300,21300,21300,21300,21300,21300,21300,21300,21300,21300,21300,21300,21300,21300,21300,21300,21300,21300,21300,21300,21300,21300,21300,21300,21300,21300,21300,21300,21300,21300
KEN,share_in_land_area_1,56914,56914,56914,56914,56914,56914,56914,56914,56914,56914,56914,56914,56914,56914,56914,56914,56914,56914,56914,56914,56914,56914,56914,56914,56914,56914,56914,56914,56914,56914,56914,56914
KEN,share_in_land_area_2,26770,26877,27072,26840,27232,27218,26451,26594,26458,26876,26671,26839,26818,26874,26992,27002,27054,27070,27085,27285,27310,27621,27632,27643,27654,27666,27677,27688,27699,27710,27710,27710
KEN,share_in_land_area_3,26285.46,26168.2,25962.93,26184.66,25782.4,25786.14,26542.87,26389.6,26515.34,26087.08,26281.81,26148.3,26203.78,26182.26,26098.75,26123.24,26105.72,26124.2,26143.69,25978.18,25987.66,25695.45,25703.23,25711.02,25718.8,25725.59,25685.03,25644.47,25603.91,25592.91,25592.91,25592.91
KEN,share_in_land_area_4,3858.54,3868.8,3879.07,3889.34,3899.6,3909.86,3920.13,3930.4,3940.66,3950.92,3961.19,3926.7,3892.22,3857.74,3823.25,3788.76,3754.28,3719.8,3685.31,3650.82,3616.34,3597.55,3578.77,3559.98,3541.2,3522.41,3551.97,3581.53,3611.09,3611.09,3611.09,3611.09
KGZ,share_in_agricultural_area_1,,,1320,1352,1354,1356,1357,1358,1360,1368,1356,1344,1345,1344,1334,1284,1283.7,1280,1279.5,1276,1276.2,1275.9,1276.6,1278.7,1280.6,1280.6,1287.8,1287.8,1288,1287.4,1287.4,1287.4
KGZ,share_in_agricultural_area_2,,,68,68,68,68,68,68,68,67,67,66,66,67,72,72,71.9,73.4,73.4,75,74.2,74.7,74.8,75.3,75.2,75,76,76,77,76.6,76.7,76.7
KGZ,share_in_agricultural_area_3,,,8700,8700,8907,9113,9216,9235,9262,9291,9291,9366,9365,9429,9364,9389,9375.5,9375.2,9374.3,9266.3,9261.5,9257.9,9239.9,9202.7,9201.3,9200.6,9177.3,9176.3,9005.8,9004.4,9003.7,9002
KGZ,share_in_land_area_1,,,19180,19180,19180,19180,19180,19180,19180,19180,19180,19180,19180,19180,19180,19180,19180,19180,19180,19180,19180,19180,19180,19180,19180,19180,19180,19180,19180,19180,19180,19180
KGZ,share_in_land_area_2,,,10088,10120,10329,10537,10641,10661,10690,10726,10714,10776,10776,10840,10770,10745,10731.1,10728.6,10727.2,10617.3,10611.9,10608.5,10591.3,10556.7,10557.1,10556.2,10541.1,10540.1,10370.8,10368.4,10367.8,10366.1
KGZ,share_in_land_area_3,,,7946.68,7910.23,7696.79,7484.34,7375.89,7351.44,7318,7277.55,7285.1,7218.22,7213.34,7144.47,7209.59,7229.71,7238.73,7236.35,7232.88,7337.9,7338.42,7337.39,7350.17,7380.34,7375.52,7371.99,7382.66,7379.24,7530.3,7514.46,7496.82,7480.28
KGZ,share_in_land_area_4,,,1145.32,1149.77,1154.21,1158.66,1163.11,1167.56,1172,1176.45,1180.9,1185.78,1190.66,1195.53,1200.41,1205.29,1210.17,1215.05,1219.92,1224.8,1229.68,1234.11,1238.53,1242.96,1247.38,1251.81,1256.24,1260.66,1278.9,1297.14,1315.38,1333.62
KHM,share_in_agricultural_area_1,3695,3700,3700,3716,3700,3700,3700,3700,3700,3700,3700,3700,3700,3700,3700,3700,3700,3700,3700,3700,3748,3795.69,3852.37,3882.12,3911.88,3941.63,3971.38,4001.13,4030.88,4060.64,4090.39,4120.14
KHM,share_in_agricultural_area_2,110,110,115,115,120,120,130,130,130,140,140,140,150,150,150,156,155,155,155,155,155,155,180,190,190,206,229,283,325,390,455,479
KHM,share_in_agricultural_area_3,650,700,700,700,750,750,750,750,800,800,930,1050,1150,1250,1380,1500,1500,1500,1500,1500,1500,1500,1500,1500,1500,1500,1500,1500,1500,1500,1500,1500
KHM,share_in_land_area_1,17652,17652,17652,17652,17652,17652,17652,17652,17652,17652,17652,17652,17652,17652,17652,17652,17652,17652,17652,17652,17652,17652,17652,17652,17652,17652,17652,17652,17652,17652,17652,17652
KHM,share_in_land_area_2,4455,4510,4515,4531,4570,4570,4580,4580,4630,4640,4770,4890,5000,5100,5230,5356,5355,5355,5355,5355,5403,5450.69,5532.37,5572.12,5601.88,5647.63,5700.38,5784.13,5855.88,5950.64,6045.39,6099.14
KHM,share_in_land_area_3,2192.21,2159.59,2176.97,2183.35,2166.73,2189.1,2201.48,2223.86,2196.24,2208.62,2101,2000.18,1909.35,1828.53,1717.71,1610.88,1631.06,1650.24,1669.42,1688.59,1659.77,1960.56,2227.36,2536.09,2854.82,3157.55,3260.49,3332.43,3416.37,3477.3,3538.24,3640.18
KHM,share_in_land_area_4,11004.79,10982.41,10960.03,10937.65,10915.27,10892.9,10870.52,10848.14,10825.76,10803.38,10781,10761.82,10742.65,10723.47,10704.29,10685.12,10665.94,10646.76,10627.58,10608.41,10589.23,10240.75,9892.27,9543.78,9195.3,8846.82,8691.13,8535.44,8379.75,8224.06,8068.37,7912.68
KIR,share_in_agricultural_area_1,2,2,2,2,2,2,2,2,2,2,2,2,2,2,2,2,2,2,2,2,2,2,2,2,2,2,2,2,2,2,2,2
KIR,share_in_agricultural_area_2,37,37,37,35,35,35,35,35,32,32,32,32,32,32,32,32,32,32,32,32,32,32,32,32,32,32,32,32,32,32,32,32
KIR,share_in_land_area_1,81,81,81,81,81,81,81,81,81,81,81,81,81,81,81,81,81,81,81,81,81,81,81,81,81,81,81,81,81,81,81,81
KIR,share_in_land_area_2,39,39,39,37,37,37,37,37,34,34,34,34,34,34,34,34,34,34,34,34,34,34,34,34,34,34,34,34,34,34,34,34
KIR,share_in_land_area_3,40.82,40.82,40.82,42.82,42.82,42.82,42.82,42.82,45.82,45.82,45.82,45.82,45.82,45.82,45.82,45.82,45.82,45.82,45.82,45.82,45.82,45.82,45.82,45.82,45.82,45.82,45.82,45.82,45.82,45.82,45.82,45.82
KIR,share_in_land_area_4,1.18,1.18,1.18,1.18,1.18,1.18,1.18,1.18,1.18,1.18,1.18,1.18,1.18,1.18,1.18,1.18,1.18,1.18,1.18,1.18,1.18,1.18,1.18,1.18,1.18,1.18,1.18,1.18,1.18,1.18,1.18,1.18
KNA,share_in_agricultural_area_1,8,8,8,8,7,7,6,6,6,7,7,7,7,7,7,3.97,3.98,3.99,4,4,4.5,5,5,5,5,5,5,5,5,5,5,5
KNA,share_in_agricultural_area_2,2,2,2,2,1,1,1,1,1,1,0.5,0.3,0.1,0.1,0.03,0.03,0.03,0.1,0.1,0.2,0.1,0.1,0.1,0.1,0.1,0.1,0.1,0.1,0.1,0.1,0.1,0.1
KNA,share_in_agricultural_area_3,2,2,2,2,2,2,2,2,2,2,2,2,1,1,1,1,1,1,1,1.3,1.1,0.9,0.9,0.9,0.9,0.9,0.9,0.9,0.9,0.9,0.9,0.9
KNA,share_in_land_area_1,26,26,26,26,26,26,26,26,26,26,26,26,26,26,26,26,26,26,26,26,26,26,26,26,26,26,26,26,26,26,26,26
KNA,share_in_land_area_2,12,12,12,12,10,10,9,9,9,10,9.5,9.3,8.1,8.1,8.03,5,5.01,5.09,5.1,5.5,5.7,6,6,6,6,6,6,6,6,6,6,6
KNA,share_in_land_area_3,3,3,3,3,5,5,6,6,6,5,5.5,5.7,6.9,6.9,6.97,10,9.99,9.91,9.9,9.5,9.3,9,9,9,9,9,9,9,9,9,9,9
KNA,share_in_land_area_4,11,11,11,11,11,11,11,11,11,11,11,11,11,11,11,11,11,11,11,11,11,11,11,11,11,11,11,11,11,11,11,11
KOR,share_in_agricultural_area_1,1953,1927,1898,1875,1845,1783,1745,1722,1708,1699,1718,1689,1674,1659,1653,1643,1619,1597,1565,1536,1507,1488,1522.2,1495.8,1476,1464.5,1421,1396.7,1374,1364,1352,1343
KOR,share_in_agricultural_area_2,156,164,172,180,188,202,200,202,202,200,200,200,189,187,183,181,181,185,194,201,208,210,207.8,215.2,215,214.5,223,224,222,217,213,204
KOR,share_in_agricultural_area_3,70,70,66,63,63,63,63,59,59,55,55,56,56,56,57,57,58,58,58,58,58,58.1,58,57.7,57.3,57,56.8,56,56,56,56,56
KOR,share_in_land_area_1,9646,9646,9646,9646,9646,9646,9646,9646,9646,9646,9646,9674,9679,9680,9682,9685,9688,9692,9699,9706,9720,9719,9731,9742.6,9743,9744.5,9748.9,9751,9752,9760,9760,9760
KOR,share_in_land_area_2,2179,2161,2136,2118,2096,2048,2008,1983,1969,1954,1973,1945,1919,1902,1893,1881,1858,1840,1817,1795,1773,1756.1,1788,1768.7,1748.3,1736,1700.8,1676.7,1652,1637,1621,1603
KOR,share_in_land_area_3,916,941.5,974,999.5,1029,1084.5,1132,1164.5,1186,1208.5,1197,1261.9,1301.8,1328.7,1348.6,1372.5,1407.4,1438.3,1477.2,1515.1,1560,1585.9,1576,1616.9,1647.7,1671.5,1723.1,1757.3,1793,1826,1852,1880
KOR,share_in_land_area_4,6551,6543.5,6536,6528.5,6521,6513.5,6506,6498.5,6491,6483.5,6476,6467.1,6458.2,6449.3,6440.4,6431.5,6422.6,6413.7,6404.8,6395.9,6387,6377,6367,6357,6347,6337,6325,6317,6307,6297,6287,6277
KWT,share_in_agricultural_area_1,4,4,4,5,5,5,6,6,6,7,10,13,12,12,11,11,11,11.3,11.3,10.5,10,10.5,10,11.6,9.5,7.7,8,8.6,8,8,8,8
KWT,share_in_agricultural_area_2,1,1,1,1,1,1,1,1,1,1,2,2,3,3,3,3,3,3.7,3.7,5,6,6,6,6,6.6,5.7,6,6.8,6,6,6,6
KWT,share_in_agricultural_area_3,136,136,136,136,136,136,136,136,136,136,136,136,136,136,136,136,136,136,136,136,136,136,136,136,136,136,136,136,136,136,136,136
KWT,share_in_land_area_1,1782,1782,1782,1782,1782,1782,1782,1782,1782,1782,1782,1782,1782,1782,1782,1782,1782,1782,1782,1782,1782,1782,1782,1782,1782,1782,1782,1782,1782,1782,1782,1782
KWT,share_in_land_area_2,141,141,141,142,142,142,143,143,143,144,148,151,151,151,150,150,150,151,151,151.5,152,152.5,152,153.6,152.1,149.4,150,151.4,150,150,150,150
KWT,share_in_land_area_3,1637.55,1637.41,1637.27,1636.13,1635.99,1635.85,1634.71,1634.57,1634.43,1633.29,1629.15,1626.01,1625.87,1625.73,1626.59,1626.45,1626.31,1625.17,1625.03,1624.39,1623.75,1623.25,1623.75,1622.15,1623.65,1626.35,1625.75,1624.35,1625.75,1625.75,1625.75,1625.75
KWT,share_in_land_area_4,3.45,3.59,3.73,3.87,4.01,4.15,4.29,4.43,4.57,4.71,4.85,4.99,5.13,5.27,5.41,5.55,5.69,5.83,5.97,6.11,6.25,6.25,6.25,6.25,6.25,6.25,6.25,6.25,6.25,6.25,6.25,6.25
LAO,share_in_agricultural_area_1,799,799,799,799,822,828,824,854,862,877,920,970,1015,1060,1105,1150,1200,1240,1290,1360,1400,1428,1463.05,1498.1,1502.4,1506.7,1511,1439.2,1367.4,1295.6,1224,1224
LAO,share_in_agricultural_area_2,61,63,65,66,68,72,76,76,78,81,81,81,81,81,81,85,90,98,99,108,130,168.5,164.2,159.9,155.6,151.3,147,142.7,138.4,134.1,130,130
LAO,share_in_agricultural_area_3,800,800,800,800,800,800,800,826,825,815,805,790,780,770,760,750,735,725,715,700,690,680,680,677,677,677,677,677,677,677,677,677
LAO,share_in_land_area_1,23080,23080,23080,23080,23080,23080,23080,23080,23080,23080,23080,23080,23080,23080,23080,23080,23080,23080,23080,23080,23080,23080,23080,23080,23080,23080,23080,23080,23080,23080,23080,23080
LAO,share_in_land_area_2,1660,1662,1664,1665,1690,1700,1700,1756,1765,1773,1806,1841,1876,1911,1946,1985,2025,2063,2104,2168,2220,2276.5,2307.25,2335,2335,2335,2335,2258.9,2182.8,2106.7,2031,2031
LAO,share_in_land_area_3,3577,3616.8,3656.6,3697.4,3714.2,3746,3787.8,3773.6,3806.4,3840.2,3849,3862.45,3875.9,3889.35,3902.8,3912.25,3920.7,3931.15,3938.6,3923.05,3919.5,3897.5,3901.25,3908,3942.5,3977,4011.5,4122.1,4232.7,4343.3,4453.5,4488
LAO,share_in_land_area_4,17843,17801.2,17759.4,17717.6,17675.8,17634,17592.2,17550.4,17508.6,17466.8,17425,17376.55,17328.1,17279.65,17231.2,17182.75,17134.3,17085.85,17037.4,16988.95,16940.5,16906,16871.5,16837,16802.5,16768,16733.5,16699,16664.5,16630,16595.5,16561
LBN,share_in_agricultural_area_1,183,181,180,180,180,180,183,185,187,129,129,120,130,136,136.3,141.7,136,134.2,123,123,114,125,132,132,132,133,137,137.17,137.18,135.3,137.3,139.3
LBN,share_in_agricultural_area_2,122,125,126,126,127,129,135,137,139,136,141,143,141,141,142,141.3,143,142.9,140,140,126,126,126,128,130,132,134,136.15,134.37,136,140,140
LBN,share_in_agricultural_area_3,300,300,300,300,300,300,300,300,300,317.5,325,335,345,350,360,370,400,400,400,400,400,400,400,400,400,400,400,400,400,400,400,400
LBN,share_in_land_area_1,1023,1023,1023,1023,1023,1023,1023,1023,1023,1023,1023,1023,1023,1023,1023,1023,1023,1023,1023,1023,1023,1023,1023,1023,1023,1023,1023,1023,1023,1023,1023,1023
LBN,share_in_land_area_2,605,606,606,606,607,609,618,622,626,582.5,595,598,616,627,638.3,653,679,677.1,663,663,640,651,658,660,662,665,671,673.32,671.55,671.3,677.3,679.3
LBN,share_in_land_area_3,278.3,277.45,277.6,277.76,276.91,275.06,266.21,262.36,258.52,302.17,289.82,286.9,268.99,258.07,246.85,232.24,206.32,208.3,222.48,222.57,245.65,234.05,226.46,223.86,221.27,217.67,211.07,208.15,209.32,208.97,202.37,199.77
LBN,share_in_land_area_4,139.7,139.55,139.4,139.24,139.09,138.94,138.79,138.64,138.48,138.33,138.18,138.1,138.01,137.93,137.85,137.76,137.68,137.6,137.52,137.43,137.35,137.95,138.54,139.14,139.73,140.33,140.93,141.53,142.13,142.73,143.33,143.93
LBR,share_in_agricultural_area_1,350,350,350,350,350,350,350,370,380,400,400,400,400,400,400,400,400,400,430,470,480,500,500,500,500,500,500,500,500,500,500,500
LBR,share_in_agricultural_area_2,150,150,150,150,150,150,150,150,180,190,210,210,210,210,215,215,215,215,200,180,180,205,210,210,210,200,200,200,200,200,200,200
LBR,share_in_agricultural_area_3,563.76,594.02,623.92,653.99,684.07,714.51,745.22,755.48,746.74,746.74,757.12,787.29,817.57,847.85,873.1,902.96,932.8,962.18,977.22,987.13,1007.03,991.66,1016.64,1046.55,1076.37,1116.45,1146.48,1176.69,1206.9,1223.04,1223.04,1223.04
LBR,share_in_land_area_1,9632,9632,9632,9632,9632,9632,9632,9632,9632,9632,9632,9632,9632,9632,9632,9632,9632,9632,9632,9632,9632,9632,9632,9632,9632,9632,9632,9632,9632,9632,9632,9632
LBR,share_in_land_area_2,1063.76,1094.02,1123.92,1153.99,1184.07,1214.51,1245.22,1275.48,1306.74,1336.74,1367.12,1397.29,1427.57,1457.85,1488.1,1517.96,1547.8,1577.18,1607.22,1637.13,1667.03,1696.66,1726.64,1756.55,1786.37,1816.45,1846.48,1876.69,1906.9,1923.04,1923.04,1923.04
LBR,share_in_land_area_3,43,43,43.36,43.55,43.73,43.55,43.1,43.1,42.1,42.36,42.24,42.33,42.31,42.29,42.3,42.7,43.12,44,44.22,44.57,44.93,45.56,45.84,46.19,46.63,46.81,47.04,47.09,47.14,61.26,91.52,121.78
LBR,share_in_land_area_4,8525.24,8494.98,8464.72,8434.46,8404.2,8373.94,8343.68,8313.42,8283.16,8252.9,8222.64,8192.38,8162.12,8131.86,8101.6,8071.34,8041.08,8010.82,7980.56,7950.3,7920.04,7889.78,7859.52,7829.26,7799,7768.74,7738.48,7708.22,7677.96,7647.7,7617.44,7587.18
LBY,share_in_agricultural_area_1,1805,1810,1815,1815,1825,1870,2028,2028,1815,1815,1815,1815,1815,1815,1750,1750,1750,1750,1750,1750,1716,1716,1720,1720,1720,1720,1720,1720,1720,1720,1720,1720
LBY,share_in_agricultural_area_2,350,350,350,350,350,345,338,338,335,335,335,335,335,335,335,335,335,335,335,335,335,335,335,335,330,330,330,330,330,330,330,330
LBY,share_in_agricultural_area_3,13300,13300,13300,13300,13300,13300,13300,13300,13300,13300,13300,13300,13300,13300,13300,13300,13300,13300,13300,13300,13300,13300,13300,13300,13300,13300,13300,13300,13300,13300,13300,13300
LBY,share_in_land_area_1,175954,175954,175954,175954,175954,175954,175954,175954,175954,175954,175954,175954,175954,175954,175954,175954,175954,175954,175954,175954,175954,175954,175954,175954,175954,175954,175954,175954,175954,175954,175954,175954
LBY,share_in_land_area_2,15455,15460,15465,15465,15475,15515,15666,15666,15450,15450,15450,15450,15450,15450,15385,15385,15385,15385,15385,15385,15351,15351,15355,15355,15350,15350,15350,15350,15350,15350,15350,15350
LBY,share_in_land_area_3,160282,160277,160272,160272,160262,160222,160071,160071,160287,160287,160287,160287,160287,160287,160352,160352,160352,160352,160352,160352,160386,160386,160382,160382,160387,160387,160387,160387,160387,160387,160387,160387
LBY,share_in_land_area_4,217,217,217,217,217,217,217,217,217,217,217,217,217,217,217,217,217,217,217,217,217,217,217,217,217,217,217,217,217,217,217,217
LCA,share_in_agricultural_area_1,2.9,2.8,2.7,2.7,2.5,2,1.9,1.9,2,2,2,2,2,2,2,2.2,2.3,2.67,2.67,2.67,2.67,2.67,2.67,2.67,2.67,2.67,2.67,2.67,2.67,2.67,2.67,2.67
LCA,share_in_agricultural_area_2,16,15,15,15,15,14,13.8,13.5,12,12,10.9,10.6,9.9,9.2,8,7.7,7,6.9,6.9,6.9,6.9,6.9,6.9,6.9,6.9,6.9,6.9,6.9,6.9,6.9,6.9,6.9
LCA,share_in_agricultural_area_3,2,2,2,2,2,2,1.7,1.6,1.5,1.4,1.3,1.3,1.2,1.2,1.1,1,0.8,0.37,0.37,0.37,0.37,0.37,0.37,0.37,0.37,0.37,0.37,0.37,0.37,0.37,0.37,0.37
LCA,share_in_land_area_1,61,61,61,61,61,61,61,61,61,61,61,61,61,61,61,61,61,61,61,61,61,61,61,61,61,61,61,61,61,61,61,61
LCA,share_in_land_area_2,20.9,19.8,19.7,19.7,19.5,18,17.4,17,15.5,15.4,14.2,13.9,13.1,12.4,11.1,10.9,10.1,9.93,9.94,9.94,9.94,9.94,9.94,9.94,9.94,9.94,9.94,9.94,9.94,9.94,9.94,9.94
LCA,share_in_land_area_3,18.83,19.96,20.08,20.11,20.33,21.86,22.49,22.91,24.44,24.56,25.79,26.11,26.94,27.66,28.99,29.21,30.03,30.23,30.24,30.27,30.29,30.29,30.29,30.29,30.29,30.29,30.29,30.29,30.29,30.29,30.29,30.29
LCA,share_in_land_area_4,21.27,21.24,21.22,21.19,21.17,21.14,21.11,21.09,21.06,21.04,21.01,20.99,20.96,20.94,20.91,20.89,20.87,20.84,20.82,20.79,20.77,20.77,20.77,20.77,20.77,20.77,20.77,20.77,20.77,20.77,20.77,20.77
LIE,share_in_agricultural_area_1,4,4,4,4,4,4,4,4,4,4,4,3.9,3.37,3.24,3.11,2.98,2.85,2.72,2.59,2.46,2.33,2.2,2.07,1.94,1.83,1.81,1.78,1.75,1.74,1.73,1.73,1.73
LIE,share_in_agricultural_area_3,3,3,3,3,3,3,3,3,3,3,3,3,3.4,3.4,3.4,3.4,3.4,3.4,3.4,3.4,3.4,3.4,3.4,3.4,3.4,3.41,3.42,3.43,3.44,3.44,3.44,3.44
LIE,share_in_land_area_1,16,16,16,16,16,16,16,16,16,16,16,16,16,16,16,16,16,16,16,16,16,16,16,16,16,16,16,16,16,16,16,16
LIE,share_in_land_area_2,7,7,7,7,7,7,7,7,7,7,7,6.9,6.77,6.64,6.51,6.38,6.25,6.12,5.99,5.86,5.73,5.6,5.47,5.34,5.23,5.22,5.2,5.18,5.18,5.17,5.17,5.17
LIE,share_in_land_area_3,2.5,2.48,2.46,2.44,2.42,2.4,2.38,2.36,2.34,2.32,2.3,2.4,2.53,2.66,2.79,2.92,3.05,3.18,3.31,3.44,3.57,3.7,3.83,3.96,4.07,4.08,4.1,4.12,4.12,4.13,4.13,4.13
LIE,share_in_land_area_4,6.5,6.52,6.54,6.56,6.58,6.6,6.62,6.64,6.66,6.68,6.7,6.7,6.7,6.7,6.7,6.7,6.7,6.7,6.7,6.7,6.7,6.7,6.7,6.7,6.7,6.7,6.7,6.7,6.7,6.7,6.7,6.7
LKA,share_in_agricultural_area_1,900,903,905,880,883,886,887,888,889,905,915,916,936,950,900,1100,1050,1000,1200,1200,1200,1300,1300,1300,1300,1300,1310,1320.2,1371.6,1371.57,1372,1372
LKA,share_in_agricultural_area_2,1000,1000,1000,1000,1000,1000,1000,1000,1000,1000,995,995,980,980,970,970,950,950,955,970,980,990,1000,1000,1000,1000,1000,1000,1000,1000,1000,1000
LKA,share_in_agricultural_area_3,439,439,439,440,440,440,440,440,440,440,440,440,440,440,440,440,440,440,440,440,440,440,440,440,440,440,440,440,440,440,440,440
LKA,share_in_land_area_1,6271,6271,6271,6271,6271,6271,6271,6271,6271,6271,6271,6271,6271,6271,6271,6271,6271,6271,6271,6271,6271,6271,6271,6271,6271,6189.3,6189.3,6189.3,6186.4,6186.45,6186,6186
LKA,share_in_land_area_2,2339,2342,2344,2320,2323,2326,2327,2328,2329,2345,2350,2351,2356,2370,2310,2510,2440,2390,2595,2610,2620,2730,2740,2740,2740,2740,2750,2760.2,2811.6,2828.31,2829,2829
LKA,share_in_land_area_3,1581.67,1597.06,1613.45,1655.84,1671.23,1686.62,1704.02,1721.41,1738.8,1741.19,1754.58,1759.86,1761.14,1753.42,1819.7,1625.98,1702.26,1758.54,1559.82,1551.1,1547.38,1432.34,1417.3,1412.26,1407.22,1320.48,1313.64,1306.6,1255.46,1241.96,1243.98,1247.14
LKA,share_in_land_area_4,2350.33,2331.94,2313.55,2295.16,2276.77,2258.38,2239.98,2221.59,2203.2,2184.81,2166.42,2160.14,2153.86,2147.58,2141.3,2135.02,2128.74,2122.46,2116.18,2109.9,2103.62,2108.66,2113.7,2118.74,2123.78,2128.82,2125.66,2122.5,2119.34,2116.18,2113.02,2109.86
LSO,share_in_agricultural_area_1,317,319,332,330,325,320,322,325,325,325,330,330,300,300,310,323,303,325,358,335,322,308,281.3,248.1,272.3,219,352,414,429.3,429,429,429
LSO,share_in_agricultural_area_2,4,4,4,4,4,4,4,4,4,4,4,4,4,4,4,4,4,4,4,4,4,4,4,4,4,4,4,4,4,4,4,4
LSO,share_in_agricultural_area_3,2000,2000,2000,2000,2000,2000,2000,2000,2000,2000,2000,2000,2000,2000,2000,2000,2000,2000,2000,2000,2000,2000,2000,2000,2000,2000,2000,2000,2000,2000,2000,2000
LSO,share_in_land_area_1,3036,3036,3036,3036,3036,3036,3036,3036,3036,3036,3036,3036,3036,3036,3036,3036,3036,3036,3036,3036,3036,3036,3036,3036,3036,3036,3036,3036,3036,3036,3036,3036
LSO,share_in_land_area_2,2321,2323,2336,2334,2329,2324,2326,2329,2329,2329,2334,2334,2304,2304,2314,2327,2307,2329,2362,2339,2326,2312,2285.3,2252.1,2276.3,2223,2356,2418,2433.3,2433,2433,2433
LSO,share_in_land_area_3,680.48,678.48,665.48,667.48,672.48,677.48,675.48,672.48,672.48,672.48,667.48,667.48,697.48,697.48,687.48,674.48,694.48,672.48,639.48,662.48,675.48,689.48,716.18,749.38,725.18,778.48,645.48,583.48,568.18,568.48,568.48,568.48
LSO,share_in_land_area_4,34.52,34.52,34.52,34.52,34.52,34.52,34.52,34.52,34.52,34.52,34.52,34.52,34.52,34.52,34.52,34.52,34.52,34.52,34.52,34.52,34.52,34.52,34.52,34.52,34.52,34.52,34.52,34.52,34.52,34.52,34.52,34.52
LTU,share_in_agricultural_area_1,,,2885,2828,2590,2866,2866,2878,2890,2953,2878,1631,1639,1525,1616.4,1906.5,1878.8,1835.6,1861.5,2053.7,2127.4,2185.7,2260.5,2290.5,2350.2,2171.9,2142.8,2103.7,2115,2211.9,2249.4,2279
LTU,share_in_agricultural_area_2,,,44,45,40,43,44,43,43,43,43,43,43,43,32.8,39.8,35.6,29.9,27.4,27.7,30.7,30.9,31.8,32.5,34.1,35,34.7,35.5,36,35.1,35.4,36.2
LTU,share_in_agricultural_area_3,,,460,460,496,501,501,496,492,500,497,1222,1203,973,955.1,890.7,876.3,830.4,783.2,607.6,614.2,589.3,549.9,568.4,568.1,799,776.6,796.1,796,728,658,622.6
LTU,share_in_land_area_1,,,6268,6268,6268,6268,6268,6268,6268,6268,6268,6268,6268,6268,6268,6268,6268,6268,6267.5,6267.5,6267.5,6267.4,6267.4,6267.5,6265,6265,6264.2,6264.1,6263,6262,6262,6261
LTU,share_in_land_area_2,,,3389,3333,3126,3410,3411,3417,3425,3496,3418,2896,2885,2541,2604.3,2837,2790.7,2695.9,2672.1,2689,2772.3,2805.9,2842.2,2891.4,2952.4,3005.9,2953.9,2935.3,2947,2975,2942.8,2937.8
LTU,share_in_land_area_3,,,919,967.5,1167,875.5,867,853.5,838,759.5,830,1337,1333,1662,1583.7,1336,1367.3,1447.1,1455.4,1423.5,1325.2,1288.1,1248.4,1195.9,1129,1072.1,1120.3,1132.8,1118,1087,1118.2,1120.53
LTU,share_in_land_area_4,,,1960,1967.5,1975,1982.5,1990,1997.5,2005,2012.5,2020,2035,2050,2065,2080,2095,2110,2125,2140,2155,2170,2173.4,2176.8,2180.2,2183.6,2187,2190,2196,2198,2200,2201,2202.67
LUX,share_in_agricultural_area_1,,,,,,,,,,,62,62,62,62,62,60,60,61,62,61.77,61.95,62.12,62.56,62.45,62.61,62.8,61.86,62.04,62.11,61.96,62.13,62.47
LUX,share_in_agricultural_area_2,,,,,,,,,,,1,1,1,1,1,2,2,2,2,1.56,1.5,1.51,1.57,1.53,1.55,1.55,1.54,1.55,1.56,1.56,1.56,1.56
LUX,share_in_agricultural_area_3,,,,,,,,,,,65,65,65,65,65,67,67,68,67,67.37,67.59,67.64,67.29,66.9,66.83,66.92,67.12,67.41,67.7,67.88,68.25,68.54
LUX,share_in_land_area_1,,,,,,,,,,,257.45,257.45,257.45,257.45,257.45,257.45,257.45,257.45,257.45,257.45,257.45,257.45,257.45,257.45,257.45,257.45,257.45,257.45,257.45,257.45,257.45,257.45
LUX,share_in_land_area_2,,,,,,,,,,,128,128,128,128,128,129,129,131,131,130.7,131.04,131.27,131.42,130.88,130.99,131.27,130.65,131.16,131.57,131.6,132.15,132.81
LUX,share_in_land_area_3,,,,,,,,,,,42.75,42.55,42.35,42.15,41.95,40.75,40.55,38.35,38.15,38.25,37.71,37.48,37.33,37.87,37.76,37.48,38.09,37.59,37.18,37.14,36.6,35.94
LUX,share_in_land_area_4,,,,,,,,,,,86.7,86.9,87.1,87.3,87.5,87.7,87.9,88.1,88.3,88.5,88.7,88.7,88.7,88.7,88.7,88.7,88.7,88.7,88.7,88.7,88.7,88.7
LVA,share_in_agricultural_area_1,,,1688,1687,1710,1002,1060,1079,1059,987,970,958,973,957,1009,1092,1205,1188,1170,1168,1173,1158,1178,1208,1209,1229.8,1288,1290,1295,1319,1334,1362
LVA,share_in_agricultural_area_2,,,22,24,30,29,16,15,12,12,12,12,12,12,12,13,13,10,7,6,7,7,6,6,6,6.7,8,8,8,9,9,9
LVA,share_in_agricultural_area_3,,,820,803,800,801,798,678,678,618,606,611,610,613,621,629,637,641,648,659,625,651,657,663,657,648,635,635,635,632,626,599
LVA,share_in_land_area_1,,,6222.7,6222.7,6222.7,6222.7,6222.7,6222.7,6222.7,6222.7,6222.7,6222.7,6222.7,6222.7,6222.7,6222.7,6222.7,6222.7,6222.7,6222.7,6222.7,6222.7,6222.7,6222.7,6222.7,6222.7,6222.7,6222.7,6222.7,6222.7,6223,6223
LVA,share_in_land_area_2,,,2530,2514,2540,1832,1874,1772,1749,1617,1588,1581,1595,1582,1642,1734,1855,1839,1825,1833,1805,1816,1841,1877,1872,1884.5,1931,1933,1938,1960,1969,1970
LVA,share_in_land_area_3,,,506.1,515.3,482.5,1183.7,1134.9,1230.1,1246.3,1371.5,1393.7,1387.59,1360.48,1360.36,1287.25,1182.14,1048.03,1050.92,1051.8,1030.69,1045.58,1030.72,1001.85,961.99,963.12,946.76,896.39,890.52,881.65,855.78,843.21,838.34
LVA,share_in_land_area_4,,,3186.6,3193.4,3200.2,3207,3213.8,3220.6,3227.4,3234.2,3241,3254.11,3267.22,3280.34,3293.45,3306.56,3319.67,3332.78,3345.9,3359.01,3372.12,3375.98,3379.85,3383.71,3387.58,3391.44,3395.31,3399.18,3403.05,3406.92,3410.79,3414.66
MAR,share_in_agricultural_area_1,8707,8717,8934,8999,9124,8921,9096,8980,9033,8818,8767,8488,8402,9055,8210,8122,8064,8065,8052,8039.6,7729.3,7803.8,8047,8128,7601.1,7497.3,8221,8418.76,7852.17,6898.96,7624,7512
MAR,share_in_agricultural_area_2,736,738,782,812,840,828,870,915,943,875,885,882,881,821,831,867,882,895,929,963,1259,1300,1356,1457,1481.4,1549.7,1654,1627.79,1673.64,1712.94,1734,1779
MAR,share_in_agricultural_area_3,20900,20900,20900,20900,21000,21000,21000,21000,21000,21000,21000,21000,21000,21000,21000,21000,21000,21000,21000,21000,21000,21000,21000,21000,21000,21000,21000,21000,21000,21000,21000,21000
MAR,share_in_land_area_1,44630,44630,44630,44630,44630,44630,44630,44630,44630,44630,44630,44630,44630,44630,44630,44630,44630,44630,44630,44630,44630,44630,44630,44630,44630,44630,44630,44630,44630,44630,44630,44630
MAR,share_in_land_area_2,30343,30355,30616,30711,30964,30749,30966,30895,30976,30693,30652,30370,30283,30876,30041,29989,29946,29960,29981,30002.6,29988.3,30103.8,30403,30585,30082.5,30047,30962.9,31134.45,30613.71,29699.81,30358,30291
MAR,share_in_land_area_3,8801.71,8787.58,8524.46,8427.33,8172.21,8385.08,8165.96,8234.83,8151.71,8432.58,8471.46,8736.66,8806.85,8197.05,9015.25,9050.44,9076.64,9045.84,9008.04,8969.63,8967.13,8849.61,8548.38,8364.36,8864.83,8898.31,7967.31,7783.96,8294.7,9198.1,8529.51,8586.04
MAR,share_in_land_area_4,5485.29,5487.42,5489.54,5491.66,5493.79,5495.92,5498.04,5500.16,5502.29,5504.42,5506.54,5523.34,5540.15,5556.95,5573.75,5590.56,5607.36,5624.16,5640.96,5657.77,5674.57,5676.59,5678.62,5680.64,5682.67,5684.69,5699.79,5711.59,5721.59,5732.09,5742.49,5752.96
MCO,share_in_land_area_1,0.2,0.2,0.2,0.2,0.2,0.2,0.2,0.2,0.2,0.2,0.2,0.2,0.2,0.2,0.2,0.2,0.2,0.2,0.2,0.2,0.2,0.2,0.2,0.2,0.2,0.2,0.2,0.2,0.2,0.2,0.2,0.21
MCO,share_in_land_area_3,0.2,0.2,0.2,0.2,0.2,0.2,0.2,0.2,0.2,0.2,0.2,0.2,0.2,0.2,0.2,0.2,0.2,0.2,0.2,0.2,0.2,0.2,0.2,0.2,0.2,0.2,0.2,0.2,0.2,0.2,0.2,0.21
MCO,share_in_land_area_4,0,0,0,0,0,0,0,0,0,0,0,0,0,0,0,0,0,0,0,0,0,0,0,0,0,0,0,0,0,0,0,0
MDA,share_in_agricultural_area_1,,,1736,1744,1759,1773,1787,1787,1798,1812,1827,1849,1843,1845,1840,1833,1820,1822,1821,1817,1813,1811,1814,1816,1728,1733,1738,1738,1681.7,1689.9,1699.8,1711
MDA,share_in_agricultural_area_2,,,466,448,431,413,399,399,386,371,335,305,301,298,298,302,303,303,303,301,299,299,295,295,238,238,235,237,234.3,231.8,227.2,226
MDA,share_in_agricultural_area_3,,,358,365,367,370,370,370,372,374,382,385,390,385,384,364,360,360,357,354,353,352,351,350,349,347,344.9,342.3,341.1,339.9,337.6,338
MDA,share_in_land_area_1,,,3287,3295,3294,3293,3293,3292,3291,3290,3288,3288,3288,3287,3288,3289,3289,3289,3289,3289,3285,3285,3286,3288,3288,3288,3288,3289,3288.53,3288.59,3288.46,3297
MDA,share_in_land_area_2,,,2560,2557,2557,2556,2556,2556,2556,2557,2544,2539,2534,2528,2522,2499,2483,2485,2481,2472,2465,2462,2460,2461,2333,2336,2335.9,2335.3,2276.6,2281.9,2285.5,2299
MDA,share_in_land_area_3,,,397.8,406.9,404,402.1,400.2,397.3,394.4,390.5,399.6,401.59,403.58,405.57,409.56,430.55,443.54,438.53,439.52,445.51,445.5,446.12,446.74,445.36,570.98,565.6,565.6,567.2,625.43,620.19,616.46,611.5
MDA,share_in_land_area_4,,,329.2,331.1,333,334.9,336.8,338.7,340.6,342.5,344.4,347.41,350.42,353.43,356.44,359.45,362.46,365.47,368.48,371.49,374.5,376.88,379.26,381.64,384.02,386.4,386.5,386.5,386.5,386.5,386.5,386.5
MDG,share_in_agricultural_area_1,2720,2750,2780,2900,2900,2900,2900,2900,2900,2900,2900,2950,2950,2950,2950,3000,3000,3000,3000,3000,3000,3000,3000,3000,3000,3000,3000,3000,3000,3000,3000,3000
MDG,share_in_agricultural_area_2,605,600,590,590,580,580,580,590,590,600,600,600,600,600,600,600,600,600,600,600,600,600,600,600,600,600,600,600,600,600,600,600
MDG,share_in_agricultural_area_3,33000,33000,33000,33000,33000,33000,33116,34000,35000,36000,37000,37293,37293,37293,37293,37293,37293,37293,37295,37295,37295,37295,37295,37295,37295,37295,37295,37295,37295,37295,37295,37295
MDG,share_in_land_area_1,58154,58154,58154,58154,58154,58154,58154,58154,58154,58154,58154,58154,58154,58154,58154,58154,58154,58154,58154,58154,58154,58179.5,58179.5,58180,58180,58180,58180,58180,58180,58180,58180,58180
MDG,share_in_land_area_2,36325,36350,36370,36490,36480,36480,36596,37490,38490,39500,40500,40843,40843,40843,40843,40893,40893,40893,40895,40895,40895,40895,40895,40895,40895,40895,40895,40895,40895,40895,40895,40895
MDG,share_in_land_area_3,8135.55,8176.83,8223.11,8169.38,8245.66,8311.94,8262.22,7434.5,6500.77,5557.05,4623.33,4327.2,4374.07,4420.94,4467.81,4464.68,4511.54,4558.41,4603.28,4650.15,4697.02,4735.74,4748.96,4762.67,4775.89,4789.11,4802.32,4815.54,4828.76,4841.97,4855.19,4868.4
MDG,share_in_land_area_4,13693.45,13627.17,13560.89,13494.62,13428.34,13362.06,13295.78,13229.5,13163.23,13096.95,13030.67,12983.8,12936.93,12890.06,12843.19,12796.32,12749.46,12702.59,12655.72,12608.85,12561.98,12548.76,12535.54,12522.33,12509.11,12495.89,12482.68,12469.46,12456.24,12443.03,12429.81,12416.6
MDV,share_in_agricultural_area_1,3,3,3,3,3,3,3,3,3,3,3,3,3,3,3,3,3,3,3,3,3.9,3.9,3.9,3.9,3.9,3.9,3.9,3.9,3.9,3.9,3.9,3.9
MDV,share_in_agricultural_area_2,4,4,4,4,4,4,4,4,4,4,5,6,8,8,7,5,3,3,3,3,2,2,1.5,1.5,1.5,1.5,1.5,1.5,1.5,1.5,1.5,1
MDV,share_in_agricultural_area_3,1,1,1,1,1,1,1,1,1,1,1,1,1,1,1,1,1,1,1,1,1,1,1,1,1,1,1,1,1,1,1,1
MDV,share_in_land_area_1,30,30,30,30,30,30,30,30,30,30,30,30,30,30,30,30,30,30,30,30,30,30,30,30,30,30,30,30,30,30,30,30
MDV,share_in_land_area_2,8,8,8,8,8,8,8,8,8,8,9,10,12,12,11,9,7,7,7,7,6.9,6.9,6.4,6.4,6.4,6.4,6.4,6.4,6.4,6.4,6.4,5.9
MDV,share_in_land_area_3,21.18,21.18,21.18,21.18,21.18,21.18,21.18,21.18,21.18,21.18,20.18,19.18,17.18,17.18,18.18,20.18,22.18,22.18,22.18,22.18,22.28,22.28,22.78,22.78,22.78,22.78,22.78,22.78,22.78,22.78,22.78,23.28
MDV,share_in_land_area_4,0.82,0.82,0.82,0.82,0.82,0.82,0.82,0.82,0.82,0.82,0.82,0.82,0.82,0.82,0.82,0.82,0.82,0.82,0.82,0.82,0.82,0.82,0.82,0.82,0.82,0.82,0.82,0.82,0.82,0.82,0.82,0.82
MEX,share_in_agricultural_area_1,21709,22423,22429,22531,22549,22560,22717,22785,22831,22918,22905,23151,23184,23652,23214,23296,23363,23519,23306,23144,22933,22716,22552,22491,22161,22048,21749,20257,19900,19400,20071,20084
MEX,share_in_agricultural_area_2,2078,2273,2328,2291,2338,2392,2400,2397,2416,2395,2473,2492,2524,2121,2624,2607,2605,2626,2652,2627,2651,2681,2658,2532,2677,2695,2625,2669,2707,2729,2798,2815
MEX,share_in_agricultural_area_3,81364,81458,81420,81358,81303,81243,81193,81128,81078,81013,80952,80907,80842,80777,80732,80667,80602,80555,77397,76911,76223,75925,75302,74463,73910,73937,73964,74020,73909,73977,74269,74227
MEX,share_in_land_area_1,194395,194395,194395,194395,194395,194395,194395,194395,194395,194395,194395,194395,194395,194395,194395,194395,194395,194395,194395,194395,194395,194395,194395,194395,194395,194395,194395,194395,194395,194395,194395,194395
MEX,share_in_land_area_2,105151,106154,106177,106180,106190,106195,106310,106310,106325,106326,106330,106550,106550,106550,106570,106570,106570,106700,103355,102682,101807,101322,100512,99486,98748,98680,98338,96946,96516,96106,97138,97126
MEX,share_in_land_area_3,18652.35,17870.38,18068.41,18286.44,18497.47,18713.5,18819.53,19040.56,19246.59,19466.62,19683.65,19607.45,19751.26,19895.06,20018.87,20162.67,20306.47,20320.28,23809.08,24625.89,25644.69,26252.17,27184.65,28333.13,29193.61,29384.09,29853.85,31373.62,31931.39,32469.15,31564.92,31704.68
MEX,share_in_land_area_4,70591.65,70370.62,70149.59,69928.56,69707.53,69486.5,69265.47,69044.44,68823.41,68602.38,68381.35,68237.55,68093.74,67949.94,67806.13,67662.33,67518.53,67374.72,67230.92,67087.11,66943.31,66820.83,66698.35,66575.87,66453.39,66330.91,66203.15,66075.38,65947.61,65819.85,65692.08,65564.32
MHL,share_in_agricultural_area_1,,0.5,0.5,0.5,0.5,0.5,0.5,0.5,0.5,0.5,0.5,0.5,0.5,0.5,0.5,0.5,0.5,0.5,0.5,0.5,0.5,0.5,0.5,0.5,0.5,0.5,0.5,0.5,0.5,0.5,0.5,0.5
MHL,share_in_agricultural_area_2,,8,8,8,8,8,8,8,8,8,8,8,8,8,8,8,8,8,8,8,8,8,7,6.5,6.5,6.5,6.5,6.5,6.5,6.5,6.5,6.5
MHL,share_in_land_area_1,,18,18,18,18,18,18,18,18,18,18,18,18,18,18,18,18,18,18,18,18,18,18,18,18,18,18,18,18,18,18,18
MHL,share_in_land_area_2,,8.5,8.5,8.5,8.5,8.5,8.5,8.5,8.5,8.5,8.5,8.5,8.5,8.5,8.5,8.5,8.5,8.5,8.5,8.5,8.5,8.5,7.5,7,7,7,7,7,7,7,7,7
MHL,share_in_land_area_3,,0.1,0.1,0.1,0.1,0.1,0.1,0.1,0.1,0.1,0.1,0.1,0.1,0.1,0.1,0.1,0.1,0.1,0.1,0.1,0.1,0.1,1.1,1.6,1.6,1.6,1.6,1.6,1.6,1.6,1.6,1.6
MHL,share_in_land_area_4,,9.4,9.4,9.4,9.4,9.4,9.4,9.4,9.4,9.4,9.4,9.4,9.4,9.4,9.4,9.4,9.4,9.4,9.4,9.4,9.4,9.4,9.4,9.4,9.4,9.4,9.4,9.4,9.4,9.4,9.4,9.4
MKD,share_in_agricultural_area_1,,,606,609,609,606,609,600,587,588,555,568,499,471,461,448,439,431,424,420,414,414,414,413,412,414,416,417,418,419,416,417
MKD,share_in_agricultural_area_2,,,56,54,52,50,49,47,48,45,44,44,44,44,48,39,38,36,36,35,35,35,36,37,38,39,40,40,41,41,41,41
MKD,share_in_agricultural_area_3,,,645,634,635,631,632,636,656,649,636,630,791,786,753,741,747,609,603,558,670,669,817,810,811,809,809,809,805,805,805,802
MKD,share_in_land_area_1,,,2543,2543,2543,2543,2543,2543,2543,2543,2543,2543,2543,2543,2543,2543,2543,2523,2523,2522,2522,2522,2522,2522,2522,2522,2522,2522,2522,2522,2522,2522
MKD,share_in_land_area_2,,,1307,1297,1296,1287,1290,1283,1291,1282,1235,1242,1334,1301,1262,1228,1224,1076,1063,1013,1119,1118,1267,1260,1261,1262,1265,1266,1264,1265,1262,1260
MKD,share_in_land_area_3,,,314.89,320.33,316.78,321.23,313.67,316.12,303.56,308,350.45,343.16,250.87,283.59,322.3,356.01,359.72,487.43,500.15,548.86,442.57,436.78,280.98,281.19,273.39,265.6,255.33,254.51,256.51,255.51,258.51,260.51
MKD,share_in_land_area_4,,,921.11,925.66,930.22,934.78,939.33,943.88,948.44,953,957.55,957.84,958.13,958.41,958.7,958.99,959.28,959.57,959.85,960.14,960.43,967.22,974.02,980.81,987.61,994.4,1001.67,1001.49,1001.49,1001.49,1001.49,1001.49
MLI,share_in_agricultural_area_1,2053,2063,2163,3060,3160,3305,4530,4530,4530,4530,4530,4530,4900,5942,4902,5603,5677,5808,6031,6255.4,6261,6450,6639,6828,7017,7206,7396,7585,7774,7963,8152,8341
MLI,share_in_agricultural_area_2,75,80,90,100,110,114,120,120,120,120,135,140,145,145,150,150,150,150,150,150,150,150,150,150,150,150,150,150,150,150,150,150
MLI,share_in_agricultural_area_3,30000,30000,30000,30000,32000,32000,32000,33000,33000,33000,34000,34639,34639,34639,34639,34639,34639,34639,34640,34640,34640,34640,34640,34640,34640,34640,34640,34640,34640,34640,34640,34640
MLI,share_in_land_area_1,122019,122019,122019,122019,122019,122019,122019,122019,122019,122019,122019,122019,122019,122019,122019,122019,122019,122019,122019,122019,122019,122019,122019,122019,122019,122019,122019,122019,122019,122019,122019,122019
MLI,share_in_land_area_2,32128,32143,32253,33160,35270,35419,36650,37650,37650,37650,38665,39309,39684,40726,39691,40392,40466,40597,40821,41045.4,41051,41240,41429,41618,41807,41996,42186,42375,42564,42753,42942,43131
MLI,share_in_land_area_3,76595,76580,76470,75563,73453,73304,72073,71073,71073,71073,70058,69414,69039,67997,69032,68331,68257,68126,67902,67677.6,67672,67483,67294,67105,66916,66727,66537,66348,66159,65970,65781,65592
MLI,share_in_land_area_4,13296,13296,13296,13296,13296,13296,13296,13296,13296,13296,13296,13296,13296,13296,13296,13296,13296,13296,13296,13296,13296,13296,13296,13296,13296,13296,13296,13296,13296,13296,13296,13296
MLT,share_in_agricultural_area_1,12,12,12,12,12,10,10,9,8,8,8,9,9,9.3,9,8.2,8.2,8,8,8,9.08,9.08,9,8.97,8.97,8.97,9.07,9.07,9.07,9.07,7.8,7.8
MLT,share_in_agricultural_area_2,1,1,1,1,1,1,1,1,1,1,1,1,1,1.1,1,1.1,1.1,1.3,1.3,1.3,1.25,1.25,1.3,1.26,1.26,1.26,1.31,1.31,1.31,1.31,1.31,0.95
MLT,share_in_land_area_1,32,32,32,32,32,32,32,32,32,32,32,32,32,32,32,32,32,32,32,32,32,32,32,32,32,32,32,32,32,32,32,32
MLT,share_in_land_area_2,13,13,13,13,13,11,11,10,9,9,9,10,10,10.4,10,9.3,9.3,9.3,9.3,9.3,10.33,10.33,10.3,10.23,10.23,10.23,10.38,10.38,10.38,10.38,11.11,10.75
MLT,share_in_land_area_3,18.65,18.65,18.65,18.65,18.65,20.65,20.65,21.65,22.65,22.65,22.65,21.65,21.65,21.25,21.65,22.35,22.35,22.35,22.35,22.35,21.32,21.32,21.35,21.42,21.42,21.42,21.24,21.2,21.16,21.16,20.43,20.79
MLT,share_in_land_area_4,0.35,0.35,0.35,0.35,0.35,0.35,0.35,0.35,0.35,0.35,0.35,0.35,0.35,0.35,0.35,0.35,0.35,0.35,0.35,0.35,0.35,0.35,0.35,0.35,0.35,0.35,0.38,0.42,0.46,0.46,0.46,0.46
MMR,share_in_agricultural_area_1,9567,9554,9534,9579,9534,9540,9543,9559,9556,9690,9909,9990,9862,9851,9912,10059,10336,10577,10694,10794,10811,10786,10751,10772,10816,10933,10948,11061.6,11080.3,10990.4,10990,10990
MMR,share_in_agricultural_area_2,502,503,505,508,542,570,595,595,595,595,589,635,749,819,859,896,954,1101,1278,1341,1406,1464,1491,1509,1510,1510,1510,1510,1510,1510,1510,1510
MMR,share_in_agricultural_area_3,359,359,359,359,345,340,366,365,362,324,314,314,314,312,311,308,307,306,305,306,309,308,307,306,306,306,302,482,481,479,480,480
MMR,share_in_land_area_1,65354,65354,65354,65354,65354,65354,65354,65354,65354,65354,65354,65354,65354,65354,65342,65336,65347,65352,65331,65330,65326,65329,65315,65308,65308,65308,65278,65275,65270,65270,65267,65267
MMR,share_in_land_area_2,10428,10416,10398,10446,10421,10450,10504,10519,10513,10609,10812,10939,10925,10982,11082,11263,11597,11984,12277,12441,12526,12558,12549,12587,12632,12749,12760,13053.6,13071.3,12979.4,12980,12980
MMR,share_in_land_area_3,15707.52,16154.56,16607.59,16994.63,17454.67,17860.71,18241.74,18661.78,19102.82,19441.85,19673.89,19889.6,20246.31,20532.02,20762.73,20918.44,20938.16,20898.87,20927.58,21105.29,21359,21619.71,21904.42,22149.14,22393.85,22566.56,22815.27,22808.38,23075.39,23457,23743.11,24032.82
MMR,share_in_land_area_4,39218.48,38783.44,38348.41,37913.37,37478.33,37043.3,36608.26,36173.22,35738.18,35303.15,34868.11,34525.4,34182.69,33839.98,33497.27,33154.56,32811.84,32469.13,32126.42,31783.71,31441,31151.29,30861.58,30571.86,30282.15,29992.44,29702.73,29413.02,29123.31,28833.6,28543.89,28254.18
MNE,share_in_agricultural_area_1,,,,,,,,,,,,,,,,,174,174,173,173,172,173,172,7.8,8.73,8.7,9,9.2,9.2,9,9.1,8.9
MNE,share_in_agricultural_area_2,,,,,,,,,,,,,,,,,16,16,16,16,16,16,17,4.71,5.01,5.1,5.4,5.4,5.4,6,5.55,5.54
MNE,share_in_agricultural_area_3,,,,,,,,,,,,,,,,,325,324,324,325,324,324,324,210.62,216.58,217.6,241.3,241.7,242.1,243,243.3,241.1
MNE,share_in_land_area_1,,,,,,,,,,,,,,,,,1345,1345,1345,1345,1345,1345,1345,1345,1345,1345,1345,1345,1345,1345,1345,1345
MNE,share_in_land_area_2,,,,,,,,,,,,,,,,,515,514,513,514,512,513,513,223.13,230.32,231.4,255.7,256.3,256.8,257,257.95,255.56
MNE,share_in_land_area_3,,,,,,,,,,,,,,,,,83.4,64.3,45.2,24.1,6,5,5,294.87,287.68,286.6,262.3,261.7,261.2,261,260.05,262.44
MNE,share_in_land_area_4,,,,,,,,,,,,,,,,,746.6,766.7,786.8,806.9,827,827,827,827,827,827,827,827,827,827,827,827
MNG,share_in_agricultural_area_1,1370,1368,1362,1352,1321,1321,1321,1227,1346,1190,1174,1176.5,1179,1179.4,1174.9,1173.4,1175.3,1175,1197,1216.06,1236.03,1291.8,1319.1,1286.78,1312.7,1328.11,1323.35,1322.71,1327.4,1328.8,1340.48,1332.8
MNG,share_in_agricultural_area_2,1,1,1,1,1,1,1,1,1,1,2,2,2,2,2,2,2,2,2,2,3,3,4,5,5,5,5,5,5,5,5,5
MNG,share_in_agricultural_area_3,124285,124761,122227,117771,117147,117147,117147,127663,127785,129091,129294,128951,128937,113090,112975.8,112752.4,113550,113503,113308,113052,112971,112893,112744.8,112738.5,112364.3,112331.3,112232.44,112139.48,112100.6,112039.7,111354.07,111293.4
MNG,share_in_land_area_1,154743.87,154743.87,154743.87,154743.87,154743.87,154743.87,154743.87,154743.87,154743.87,154743.87,154743.87,154743.87,154743.9,155468.61,155444.4,155444.41,155745.91,155745.91,155746.51,155746.51,155729.24,155725.19,155725.19,155725.31,155725.29,155725.54,155725.54,155725.54,155725.5,155725.8,155750.68,155750.7
MNG,share_in_land_area_2,125656,126130,123590,119124,118469,118469,118469,128891,129132,130282,130470,130129.5,130118,114271.4,114152.7,113927.8,114727.3,114680,114507,114270.06,114210.03,114187.8,114067.9,114101.69,113758.8,113738.76,113671.41,113583.75,113549.4,113477,112787.2,112720.1
MNG,share_in_land_area_3,14735.87,14270.68,16819.49,21294.3,21958.11,21966.92,21975.73,11562.54,11330.35,10189.16,10009.97,10358.47,10378,26957.31,27059.8,27292.71,26802.71,26858.01,27039.61,27284.56,27335.31,27354.61,27475.62,27443.06,27787.05,27808.45,27876.91,27965.68,28001.1,28074.91,28790.7,28858.93
MNG,share_in_land_area_4,14352,14343.19,14334.38,14325.57,14316.76,14307.95,14299.14,14290.33,14281.52,14272.71,14263.9,14255.9,14247.9,14239.9,14231.9,14223.9,14215.9,14207.9,14199.9,14191.9,14183.9,14182.79,14181.67,14180.56,14179.44,14178.33,14177.22,14176.11,14175,14173.89,14172.78,14171.67
MOZ,share_in_agricultural_area_1,3450,3500,3520,3520,3570,3650,3750,3900,4000,3950,3900,4000,4450,4500,4600,5000,4900,5200,5400,5500,5650,5650,5650,5650,5650,5650,5650,5650,5650,5650,5650,5650
MOZ,share_in_agricultural_area_2,230,230,230,230,230,230,235,235,235,240,250,250,250,250,250,250,250,250,250,270,300,300,300,300,300,300,300,300,300,300,300,300
MOZ,share_in_agricultural_area_3,31580,31749,31948,32167,32336,32475,32589,32658,32777,33041,33300,33421.59,33193.17,33364.76,33486.34,33307.93,33629.52,33551.1,33572.69,33674.27,33715.86,33922.29,34128.72,34335.14,34541.57,34748,35059.71,35281.4,35463.83,35463.83,35463.83,35463.83
MOZ,share_in_land_area_1,78638,78638,78638,78638,78638,78638,78638,78638,78638,78638,78638,78638,78638,78638,78638,78638,78638,78638,78638,78638,78638,78638,78638,78638,78638,78638,78638,78638,78638,78638,78638,78638
MOZ,share_in_land_area_2,35260,35479,35698,35917,36136,36355,36574,36793,37012,37231,37450,37671.59,37893.17,38114.76,38336.34,38557.93,38779.52,39001.1,39222.69,39444.27,39665.86,39872.29,40078.72,40285.14,40491.57,40698,41009.71,41231.4,41413.83,41413.83,41413.83,41413.83
MOZ,share_in_land_area_3,0,0,0,0,0,0,0,0,0,0,0,0,0,0,0,0,0,0,0,0,0,0,0,0,0,0,0,0,0,258.06,480.41,726.56
MOZ,share_in_land_area_4,43378,43159,42940,42721,42502,42283,42064,41845,41626,41407,41188,40966.41,40744.83,40523.24,40301.66,40080.07,39858.48,39636.9,39415.31,39193.73,38972.14,38765.71,38559.28,38352.86,38146.43,37940,37628.29,37406.6,37224.17,36966.11,36743.76,36497.6
MRT,share_in_agricultural_area_1,400,410,420,431,450,450,450,450,450,450,450,450,450,450,450,450,450,450,450,450,450,450,450,450,450,450,450,450,450,450,450,450
MRT,share_in_agricultural_area_2,6,6,8,9,10,10,10,10,10,10,10,10,10,10,10,10,10,10,10,10,10,10,10,10,10,10,10,10,10,10,10,10
MRT,share_in_agricultural_area_3,39250,39250,39250,39250,39250,39250,39250,39250,39250,39250,39250,39250,39250,39250,39250,39250,39250,39250,39250,39250,39250,39250,39250,39250,39250,39250,39250,39250,39250,39250,39250,39250
MRT,share_in_land_area_1,103070,103070,103070,103070,103070,103070,103070,103070,103070,103070,103070,103070,103070,103070,103070,103070,103070,103070,103070,103070,103070,103070,103070,103070,103070,103070,103070,103070,103070,103070,103070,103070
MRT,share_in_land_area_2,39656,39666,39678,39690,39710,39710,39710,39710,39710,39710,39710,39710,39710,39710,39710,39710,39710,39710,39710,39710,39710,39710,39710,39710,39710,39710,39710,39710,39710,39710,39710,39710
MRT,share_in_land_area_3,62937.96,62933.4,62926.84,62920.28,62905.72,62911.16,62916.6,62922.04,62927.48,62932.92,62938.36,62943.8,62949.24,62954.68,62960.12,62965.56,62971,62976.44,62981.88,62987.32,62992.76,62998.2,63003.64,63009.08,63014.52,63019.96,63025.4,63030.8,63036.3,63041.7,63047.2,63052.63
MRT,share_in_land_area_4,476.04,470.6,465.16,459.72,454.28,448.84,443.4,437.96,432.52,427.08,421.64,416.2,410.76,405.32,399.88,394.44,389,383.56,378.12,372.68,367.24,361.8,356.36,350.92,345.48,340.04,334.6,329.2,323.7,318.3,312.8,307.37
MUS,share_in_agricultural_area_1,98,97,96,94,93,92,91,90,91,89,90,91,89,88,87,85,83,81,80,80,80,78,76,75,75,75,75,75,75,75,75,75
MUS,share_in_agricultural_area_2,6,6,6,6,5,5,5,5,4,4,4,4,4,4,4,4,4,4,4,4,4,4,4,4,4,4,4,4,4,4,4,4
MUS,share_in_agricultural_area_3,7,7,7,7,7,7,7,7,7,7,7,7,7,7,7,7,7,7,7,7,7,7,7,7,7,7,7,7,7,7,7,7
MUS,share_in_land_area_1,203,203,203,203,203,203,203,203,203,203,203,203,203,203,203,203,203,203,203,203,203,199.7,199.7,199.7,199.7,199.7,199.7,199.7,199.7,199.7,199.7,199.7
MUS,share_in_land_area_2,111,110,109,107,105,104,103,102,102,100,101,102,100,99,98,96,94,92,91,91,91,89,87,86,86,86,86,86,86,86,86,86
MUS,share_in_land_area_3,50.93,51.84,52.76,54.67,56.59,57.5,58.41,59.33,59.24,61.16,60.07,59.42,61.78,63.13,64.49,66.84,69.19,71.55,72.9,73.26,73.61,72.33,74.35,75.36,75.38,75.4,75.41,75.05,75.01,74.97,74.93,74.89
MUS,share_in_land_area_4,41.07,41.16,41.24,41.33,41.41,41.5,41.59,41.67,41.76,41.84,41.93,41.58,41.22,40.87,40.51,40.16,39.81,39.45,39.1,38.74,38.39,38.37,38.35,38.34,38.32,38.3,38.29,38.65,38.69,38.73,38.77,38.81
MWI,share_in_agricultural_area_1,2250,2350,2300,2300,2100,2300,2400,2450,2600,2700,2750,2850,2850,3000,3000,3200,3300,3300,3450,3500,3500,3500,3500,3545,3601,3656,3712,3767,3823,3878,3934,4000
MWI,share_in_agricultural_area_2,128,130,130,130,130,130,130,130,130,130,130,130,130,130,130,130,135,135,135,135,135,135,135,150,200,200,200,200,200,200,200,200
MWI,share_in_agricultural_area_3,1840,1840,1840,1840,1840,1850,1850,1850,1850,1850,1850,1850,1850,1850,1850,1850,1850,1850,1850,1850,1850,1850,1850,1850,1850,1850,1850,1850,1850,1850,1850,1850
MWI,share_in_land_area_1,9428,9428,9428,9428,9428,9428,9428,9428,9428,9428,9428,9428,9428,9428,9428,9428,9428,9428,9428,9428,9428,9428,9428,9428,9428,9428,9428,9428,9428,9428,9428,9428
MWI,share_in_land_area_2,4218,4320,4270,4270,4070,4280,4380,4430,4580,4680,4730,4830,4830,4980,4980,5180,5285,5285,5435,5485,5485,5485,5485,5545,5651,5706,5762,5817,5873,5928,5984,6050
MWI,share_in_land_area_3,1708.3,1648.3,1740.3,1782.3,2024.3,1856.3,1798.3,1790.3,1682.3,1624.3,1616.3,1558.3,1600.3,1492.3,1534.3,1376.3,1313.3,1355.3,1247.3,1239.3,1281.3,1323.3,1365.3,1347.3,1283.3,1270.3,1256.3,1243.3,1229.3,1216.3,1202.3,1178.3
MWI,share_in_land_area_4,3501.7,3459.7,3417.7,3375.7,3333.7,3291.7,3249.7,3207.7,3165.7,3123.7,3081.7,3039.7,2997.7,2955.7,2913.7,2871.7,2829.7,2787.7,2745.7,2703.7,2661.7,2619.7,2577.7,2535.7,2493.7,2451.7,2409.7,2367.7,2325.7,2283.7,2241.7,2199.7
MYS,share_in_agricultural_area_1,930.6,936.5,926.5,915.4,927.9,901,892.1,888.7,874.7,877.1,868.7,877,967.5,946.24,946.7,949.41,890.2,827.2,870.4,845,854.3,865.6,868.4,802.7,804,825.31,826,826,826,826,826,826
MYS,share_in_agricultural_area_2,5550,5580,5600,5695,5782,5784,5784,5785,5785,5785,5785,5785,5785,5885,5900,5900,5900,5995,5995,6090,6250,6380,6675.8,6971.6,7000,7459.66,7460,7460,7460,7460,7460,7460
MYS,share_in_agricultural_area_3,276,278,280,281,281,281,285,285,285,285,285,285,285,285,285,285,285,285,285,285,285,285,285,285,285,285,285,285,285,285,285,285
MYS,share_in_land_area_1,32855,32855,32855,32855,32855,32855,32855,32855,32855,32855,32855,32855,32855,32855,32855,32855,32855,32855,32855,32855,32855,32855,32855,32855,32855,32855,32855,32855,32855,32855,32855,32855
MYS,share_in_land_area_2,6756.6,6794.5,6806.5,6891.4,6990.9,6966,6961.1,6958.7,6944.7,6947.1,6938.7,6947,7037.5,7116.24,7131.7,7134.41,7075.2,7107.2,7150.4,7220,7389.3,7530.6,7829.2,8059.3,8089,8569.97,8571,8571,8586.5,8586.5,8586.5,8586.5
MYS,share_in_land_area_3,5479.9,5534.72,5615.43,5623.24,5616.46,5734.08,5831.69,5926.8,6033.52,6123.84,6224.95,6291.02,6274.89,6270.52,6329.43,6401.09,6534.67,6577.04,6608.21,6612.98,6518.05,6273.44,5871.52,5538.11,5405.09,4820.81,4969.36,5019.51,5054.16,5104.31,5154.46,5204.61
MYS,share_in_land_area_4,20618.5,20525.78,20433.07,20340.36,20247.64,20154.92,20062.21,19969.5,19876.78,19784.06,19691.35,19616.98,19542.61,19468.24,19393.87,19319.5,19245.13,19170.76,19096.39,19022.02,18947.65,19050.96,19154.28,19257.59,19360.91,19464.22,19314.64,19264.49,19214.34,19164.19,19114.04,19063.89
NAM,share_in_agricultural_area_1,660,660,660,698,747,816,816,816,816,816,816,816,816,815,815,814,813,800,800,800,800,800,800,800,800,800,800,800,800,800,800,800
NAM,share_in_agricultural_area_2,2,2,2,2,3,4,4,4,4,4,4,4,4,5,5,6,7,8,8,8,9,9,9,9,9,10,10,11,11,11,11,12
NAM,share_in_agricultural_area_3,38000,38000,38000,38000,38000,38000,38000,38000,38000,38000,38000,38000,38000,38000,38000,38000,38000,38000,38000,38000,38000,38000,38000,38000,38000,38000,38000,38000,38000,38000,38000,38000
NAM,share_in_land_area_1,82329,82329,82329,82329,82329,82329,82329,82329,82329,82329,82329,82329,82329,82329,82329,82329,82329,82329,82329,82329,82329,82329,82329,82329,82329,82329,82329,82329,82329,82329,82329,82329
NAM,share_in_land_area_2,38662,38662,38662,38700,38750,38820,38820,38820,38820,38820,38820,38820,38820,38820,38820,38820,38820,38808,38808,38808,38809,38809,38809,38809,38809,38810,38810,38811,38811,38811,38811,38812
NAM,share_in_land_area_3,34897.83,34968.84,35039.85,35072.86,35093.86,35094.87,35165.88,35236.89,35307.9,35378.91,35449.92,35520.93,35591.93,35662.94,35733.95,35804.96,35875.97,35958.98,36029.99,36101,36171.01,36242.02,36313.03,36384.03,36455.04,36525.05,36596.06,36666.07,36737.08,36808.09,36879.1,36949.11
NAM,share_in_land_area_4,8769.17,8698.16,8627.15,8556.14,8485.14,8414.13,8343.12,8272.11,8201.1,8130.09,8059.08,7988.07,7917.07,7846.06,7775.05,7704.04,7633.03,7562.02,7491.01,7420,7348.99,7277.98,7206.97,7135.97,7064.96,6993.95,6922.94,6851.93,6780.92,6709.91,6638.9,6567.89
NER,share_in_agricultural_area_1,11036,12092,12987,12986,12985,13985,13985,13985,13984,13984,13975,13970,13960,14050,14105,14123,14137,14925,14920,14900,15100,15600,15900,16800,16800,16800,17500,17700,17700,17700,17700,17700
NER,share_in_agricultural_area_2,11,13,13,14,15,15,15,15,16,16,25,30,40,50,55,60,70,75,80,100,100,100,100,100,100,113,113,113,113,113,113,113
NER,share_in_agricultural_area_3,22000,22000,22000,22000,22000,22000,22000,22000,22000,23000,23000,24000,24000,24312,24312,28782,28782,28782,28782,28782,28782,28782,28782,28782,28782,28782,28782,28782,28782,28782,28782,28782
NER,share_in_land_area_1,126670,126670,126670,126670,126670,126670,126670,126670,126670,126670,126670,126670,126670,126670,126670,126670,126670,126670,126670,126670,126670,126670,126670,126670,126670,126670,126670,126670,126670,126670,126670,126670
NER,share_in_land_area_2,33047,34105,35000,35000,35000,36000,36000,36000,36000,37000,37000,38000,38000,38412,38472,42965,42989,43782,43782,43782,43982,44482,44782,45682,45682,45695,46395,46595,46595,46595,46595,46595
NER,share_in_land_area_3,91678,90681.69,89848.38,89910.07,89971.76,89033.45,89095.14,89156.83,89218.52,88280.21,88341.9,87354.32,87366.74,86967.16,86919.58,82439,82427.42,81646.84,81659.26,81671.68,81484.1,80996.52,80708.94,79821.36,79833.78,79833.2,79145.62,78958.04,78970.46,78982.88,78995.3,79007.72
NER,share_in_land_area_4,1945,1883.31,1821.62,1759.93,1698.24,1636.55,1574.86,1513.17,1451.48,1389.79,1328.1,1315.68,1303.26,1290.84,1278.42,1266,1253.58,1241.16,1228.74,1216.32,1203.9,1191.48,1179.06,1166.64,1154.22,1141.8,1129.38,1116.96,1104.54,1092.12,1079.7,1067.28
NGA,share_in_agricultural_area_1,28074,29000,30100,30100,31000,32900,33100,33200,34000,35000,35000,35651,35688,35719,35751,35782,35814,35845,35877,36872,35940,35971,36003,36034,36066,36097,36129,36160,36420,36872,36872,36872
NGA,share_in_agricultural_area_2,4000,4300,4400,4800,4900,5200,5200,5300,5350,5500,5800,6000,6100,6200,6300,6400,6400,6400,6500,6500,6500,6500,6500,6500,6500,6500,6500,6600,6600,6600,6600,6600
NGA,share_in_agricultural_area_3,26640,26135,26096,26057,26018,25979,25940,25900,25861,24860,24708,24016,24020,24038,24052,24074,24183,24301,24319,23471,24554,24672,24790,24908,25027,25140,25262,25279,25172,24870,25021,25172
NGA,share_in_land_area_1,91077,91077,91077,91077,91077,91077,91077,91077,91077,91077,91077,91077,91077,91077,91077,91077,91077,91077,91077,91077,91077,91077,91077,91077,91077,91077,91077,91077,91077,91077,91077,91077
NGA,share_in_land_area_2,58714,59435,60596,60957,61918,64079,64240,64400,65211,65360,65508,65667,65808,65957,66103,66256,66397,66546,66696,66843,66994,67143,67293,67442,67593,67737,67891,68039,68192,68342,68493,68644
NGA,share_in_land_area_3,5836.91,5279.22,4281.52,4083.82,3286.13,1288.44,1290.74,1294.04,646.35,660.66,675.96,680.27,702.57,716.88,734.18,744.49,766.8,781.1,794.41,810.71,823.02,837.33,850.63,864.94,877.24,896.55,905.85,921.15,931.45,944.75,957.05,969.35
NGA,share_in_land_area_4,26526.09,26362.78,26199.48,26036.18,25872.87,25709.56,25546.26,25382.96,25219.65,25056.34,24893.04,24729.73,24566.43,24403.12,24239.82,24076.51,23913.2,23749.9,23586.59,23423.29,23259.98,23096.67,22933.37,22770.06,22606.76,22443.45,22280.15,22116.85,21953.55,21790.25,21626.95,21463.65
NIC,share_in_agricultural_area_1,1300,1300,1320,1350,1350,1650,1650,1750,1800,1850,1917,1912,1921,1931,1938,1944,1868,1790,1712,1634,1555,1503,1503,1503,1503,1503,1503,1503,1503,1503,1503,1503
NIC,share_in_agricultural_area_2,195,200,205,210,215,220,229,230,231,232,234,257,268,270,271,290,290,295,295,295,295,296,296,296,296,296,296,296,296,296,296,296
NIC,share_in_agricultural_area_3,2530,2560,2595,2630,2655,2683,2775,2828,2882,2936,2990,3006,3010,3016,3016,3016,3050,3090,3125,3160,3200,3271.9,3274,3274,3274,3274,3274,3282,3285,3285,3292,3292
NIC,share_in_land_area_1,12034,12034,12034,12034,12034,12034,12034,12034,12034,12034,12034,12034,12034,12034,12034,12034,12034,12034,12034,12034,12034,12034,12034,12034,12034,12034,12034,12034,12034,12034,12034,12034
NIC,share_in_land_area_2,4025,4060,4120,4190,4220,4553,4654,4808,4913,5018,5141,5175,5199,5217,5225,5250,5208,5175,5132,5089,5050,5070.9,5073,5073,5073,5073,5073,5081,5084,5084,5091,5091
NIC,share_in_land_area_3,1609.68,1674.68,1714.68,1744.68,1814.68,1581.68,1580.68,1526.68,1521.68,1516.68,1493.68,1580.8,1677.91,1781.03,1894.15,1990.26,2153.38,2307.5,2471.62,2635.73,2795.85,2831.07,2885.1,2941.22,2997.35,3053.47,3153.47,3245.47,3342.47,3442.47,3535.47,3635.47
NIC,share_in_land_area_4,6399.32,6299.32,6199.32,6099.32,5999.32,5899.32,5799.32,5699.32,5599.32,5499.32,5399.32,5278.2,5157.09,5035.97,4914.85,4793.73,4672.62,4551.5,4430.38,4309.27,4188.15,4132.03,4075.9,4019.78,3963.65,3907.53,3807.53,3707.53,3607.53,3507.53,3407.53,3307.53
NIU,share_in_agricultural_area_1,1,1,1,1,1,1,1,1,1,1,1,1,1,1,1,1,1,1,1,1,1,1,1,1,1,1,1,1,1,1,1,1
NIU,share_in_agricultural_area_2,2.8,2.8,2.8,2.8,2.8,2.8,2.8,2.8,2.8,2.8,2.8,2.8,2.8,2.8,2.8,2.8,2.8,2.8,2.8,2.8,2.8,2.8,2.8,2.8,2.8,2.8,2.8,2.8,2.8,2.8,2.8,2.8
NIU,share_in_agricultural_area_3,1,1,1,1,1,1,1,1,1,1,1,1,1,1,1,1,1,1,1,1,1,1,1,1,1,1,1,1,1,1,1,1
NIU,share_in_land_area_1,26,26,26,26,26,26,26,26,26,26,26,26,26,26,26,26,26,26,26,26,26,26,26,26,26,26,26,26,26,26,26,26
NIU,share_in_land_area_2,4.8,4.8,4.8,4.8,4.8,4.8,4.8,4.8,4.8,4.8,4.8,4.8,4.8,4.8,4.8,4.8,4.8,4.8,4.8,4.8,4.8,4.8,4.8,4.8,4.8,4.8,4.8,4.8,4.8,4.8,4.8,4.8
NIU,share_in_land_area_3,2.27,2.28,2.29,2.3,2.31,2.32,2.33,2.34,2.35,2.36,2.37,2.38,2.38,2.39,2.39,2.4,2.41,2.41,2.42,2.42,2.43,2.42,2.41,2.4,2.39,2.38,2.37,2.36,2.35,2.34,2.33,2.32
NIU,share_in_land_area_4,18.93,18.92,18.91,18.9,18.89,18.88,18.87,18.86,18.85,18.84,18.83,18.82,18.82,18.81,18.81,18.8,18.79,18.79,18.78,18.78,18.77,18.78,18.79,18.8,18.81,18.82,18.83,18.84,18.85,18.86,18.87,18.88
NLD,share_in_agricultural_area_1,924.4,892.3,900.2,902.3,903.3,919,927.1,971.2,929.9,1011.4,1022.7,1008.8,1015.2,1091.1,1127.5,1111,1069.8,1059.8,1066.6,1054.7,1022.6,1006,1011,1038.4,1045,1042,1028,1037,1021,1011.1,1004.83,1003
NLD,share_in_agricultural_area_2,32,33,34,35,35,35,34,34,34,35,35,33,33,32,31.1,31.8,32.7,33.9,34.9,35.5,36.4,36.4,35.8,36.1,36.3,38,38,38,38,37.7,37.21,37
NLD,share_in_agricultural_area_3,1061.6,1044.2,1029.6,1029.6,1012.1,1010.7,989.5,958.1,951.9,926.2,901.9,880.9,891.9,790.6,790.8,794.9,817.1,820.7,827.8,827.2,813.3,816,794.9,773.1,757.8,766,749,744,764,768,772.41,771
NLD,share_in_land_area_1,3376,3376,3376,3376,3376,3376,3376,3376,3376,3376,3376,3376,3376,3376,3376,3376,3376,3376,3376,3373,3373,3372,3372,3369,3369,3367,3367,3367,3367,3367,3367,3367
NLD,share_in_land_area_2,2018,1969.5,1963.8,1966.9,1950.4,1964.7,1950.6,1963.3,1915.8,1972.6,1959.6,1922.7,1940.1,1913.7,1949.4,1937.7,1919.6,1914.4,1929.3,1917.4,1872.3,1858.4,1841.7,1847.6,1839.1,1846,1815,1819,1823,1816.8,1814.45,1812
NLD,share_in_land_area_3,1012.67,1059.75,1064.04,1059.52,1074.6,1058.88,1071.57,1057.45,1103.53,1045.32,1056.9,1092.4,1073.6,1098.61,1061.51,1071.81,1088.51,1092.31,1076.02,1083.52,1127.22,1141.85,1160.28,1153.11,1163.34,1156.17,1186.24,1181.3,1176.37,1181.63,1183.05,1184.56
NLD,share_in_land_area_4,345.33,346.75,348.16,349.58,351,352.42,353.83,355.25,356.67,358.08,359.5,360.9,362.3,363.69,365.09,366.49,367.89,369.29,370.68,372.08,373.48,371.75,370.02,368.29,366.56,364.83,365.76,366.7,367.63,368.57,369.5,370.44
NOR,share_in_agricultural_area_1,860,887,878,885,896,987,995,897,898,882,879,881,878,871,869,862,858,852.6,845.1,834.88,825.6,818,811.9,807.79,808.18,807.14,805.12,801.49,803.21,802,804.5,804
NOR,share_in_agricultural_area_2,4,5,5,5,5,5,5,5,5,5,5,5,5,5,5,5,5,4.8,4.6,4.58,4.5,4.4,4.4,2.96,2.95,3.02,3.04,3.02,3.07,3.14,3.16,3
NOR,share_in_agricultural_area_3,112,118,120,123,129,135,132,136,144,151,158,161,163,164,166,169,172,174.6,175.1,174.8,175.8,176.6,176.5,176.39,175.63,175.87,175.5,180.6,180,179.11,178.3,177
NOR,share_in_land_area_1,36524.4,36524.4,36524.4,36524.4,36524.4,36524.4,36524.4,36524.4,36524.4,36524.4,36524.4,36524.4,36524.4,36524.4,36524.4,36524.4,36524.4,36524.4,36524.4,36524.4,36524.4,36524.4,36524.4,36512.3,36510.8,36519.07,36514.57,36512.3,36510.8,36509.4,36428.5,36427
NOR,share_in_land_area_2,976,1010,1003,1013,1030,1127,1132,1038,1047,1038,1042,1047,1046,1040,1040,1036,1035,1032,1024.8,1014.26,1005.9,999,992.8,987.14,986.76,986.03,983.66,985.11,986.28,984.25,985.96,985
NOR,share_in_land_area_3,23416.4,23384.3,23393.2,23385.1,23370,23274.9,23271.8,23367.7,23360.6,23371.5,23369.4,23365.5,23367.6,23374.7,23375.8,23380.9,23383,23387.1,23395.4,23407.04,23416.5,23415.6,23414,23399.75,23390.84,23392.04,23382.11,23370.59,23360.12,23352.95,23262.54,23254.2
NOR,share_in_land_area_4,12132,12130.1,12128.2,12126.3,12124.4,12122.5,12120.6,12118.7,12116.8,12114.9,12113,12111.9,12110.8,12109.7,12108.6,12107.5,12106.4,12105.3,12104.2,12103.1,12102,12109.8,12117.6,12125.4,12133.2,12141,12148.8,12156.6,12164.4,12172.2,12180,12187.8
NPL,share_in_agricultural_area_1,2320.4,2324,2327.3,2330.6,2333.9,2337.2,2340.5,2343.8,2347.1,2350.4,2354,2355,2335,2315,2300,2280,2260,2240,2220,2200,2180,2162.7,2118,2114,2113.7,2113.7,2113.7,2113.7,2113.7,2113.7,2113.7,2113.7
NPL,share_in_agricultural_area_2,29,29,37.9,46.8,55.7,64.6,73.5,82.4,91.3,100.2,109.1,118,120,125,130,133,135,135,140,147,152,168.6,208,212,212,212,212,212,212,212,212,212
NPL,share_in_agricultural_area_3,1795,1794,1793,1792,1791,1790,1789,1788,1787,1786,1786,1786,1786,1787,1788,1789,1790,1791,1792,1793,1794,1795.3,1795,1795,1795.3,1795.3,1795.3,1795.3,1795.3,1795.3,1795.3,1795.3
NPL,share_in_land_area_1,14300,14300,14300,14300,14300,14300,14300,14300,14300,14300,14335,14335,14335,14335,14335,14335,14335,14335,14335,14335,14335,14335,14335,14335,14335,14335,14335,14335,14335,14335,14335,14335
NPL,share_in_land_area_2,4144.4,4147,4158.2,4169.4,4180.6,4191.8,4203,4214.2,4225.4,4236.6,4249.1,4259,4241,4227,4218,4202,4185,4166,4152,4140,4126,4126.6,4121,4121,4121,4121,4121,4121,4121,4121,4121,4121
NPL,share_in_land_area_3,4483.6,4470.12,4448.05,4425.97,4403.9,4381.82,4359.74,4337.67,4315.59,4293.52,4305.14,4277.11,4276.99,4272.86,4263.73,4261.6,4260.48,4261.35,4257.22,4251.1,4246.97,4246.37,4251.97,4251.97,4251.97,4251.97,4251.97,4251.97,4251.97,4251.97,4251.97,4251.97
NPL,share_in_land_area_4,5672,5682.88,5693.75,5704.63,5715.5,5726.38,5737.26,5748.13,5759.01,5769.88,5780.76,5798.89,5817.01,5835.14,5853.27,5871.4,5889.52,5907.65,5925.78,5943.9,5962.03,5962.03,5962.03,5962.03,5962.03,5962.03,5962.03,5962.03,5962.03,5962.03,5962.03,5962.03
NRU,share_in_agricultural_area_2,0.4,0.4,0.4,0.4,0.4,0.4,0.4,0.4,0.4,0.4,0.4,0.4,0.4,0.4,0.4,0.4,0.4,0.4,0.4,0.4,0.4,0.4,0.4,0.4,0.4,0.4,0.4,0.4,0.4,0.4,0.4,0.4
NRU,share_in_land_area_1,2,2,2,2,2,2,2,2,2,2,2,2,2,2,2,2,2,2,2,2,2,2,2,2,2,2,2,2,2,2,2,2
NRU,share_in_land_area_2,0.4,0.4,0.4,0.4,0.4,0.4,0.4,0.4,0.4,0.4,0.4,0.4,0.4,0.4,0.4,0.4,0.4,0.4,0.4,0.4,0.4,0.4,0.4,0.4,0.4,0.4,0.4,0.4,0.4,0.4,0.4,0.4
NRU,share_in_land_area_3,1.6,1.6,1.6,1.6,1.6,1.6,1.6,1.6,1.6,1.6,1.6,1.6,1.6,1.6,1.6,1.6,1.6,1.6,1.6,1.6,1.6,1.6,1.6,1.6,1.6,1.6,1.6,1.6,1.6,1.6,1.6,1.6
NRU,share_in_land_area_4,0,0,0,0,0,0,0,0,0,0,0,0,0,0,0,0,0,0,0,0,0,0,0,0,0,0,0,0,0,0,0,0
NZL,share_in_agricultural_area_1,380,381,387.09,390.78,391.46,394.15,396.83,397.58,400.33,403.09,403.88,401.7,401.4,415,420,425,399,431,453,471,499,471,509,547,590,478,541,491,518.5,546,527,616
NZL,share_in_agricultural_area_2,47,48,45,44,46,46,46,48,48,48,50,55,58,55,63,63,63,69,69,71,71,71,71.4,71,67,67,67,67,70.5,74,74,74
NZL,share_in_agricultural_area_3,13490,13329.58,13169.17,13008.75,12848.33,12687.92,12527.5,12367.08,12206.67,12046.25,11885.83,11725,11565,11388,11407,11224,10913,10987,10852,10948,10838,10829,10629,10488,10459,10167,10006,10086,9909,9725,9553,9485
NZL,share_in_land_area_1,26331,26331,26331,26331,26331,26331,26331,26331,26331,26331,26331,26331,26331,26331,26331,26331,26331,26331,26331,26331,26331,26331,26331,26331,26331,26331,26331,26331,26331,26331,26331,26331
NZL,share_in_land_area_2,13917,13758.58,13601.25,13443.53,13285.79,13128.06,12970.33,12812.66,12655,12497.34,12339.71,12182.08,12024.4,11858,11890,11712,11375,11487,11374,11490,11408,11371,11209.4,11106,11116,10712,10614,10644,10498,10345,10154,10175
NZL,share_in_land_area_3,3041.73,3152.33,3261.84,3371.74,3481.67,3591.58,3701.5,3811.35,3921.19,4031.03,4140.85,4298.71,4456.62,4623.26,4591.49,4769.72,5106.95,4995.18,5108.42,4992.65,5074.88,5112.18,5274.08,5377.79,5368.09,5772.39,5870.25,5836.15,5977.85,6120.48,6284.41,6247.47
NZL,share_in_land_area_4,9372.27,9420.09,9467.9,9515.72,9563.54,9611.36,9659.17,9706.99,9754.81,9802.62,9850.44,9850.21,9849.98,9849.74,9849.51,9849.28,9849.05,9848.82,9848.58,9848.35,9848.12,9847.82,9847.52,9847.21,9846.91,9846.61,9846.75,9850.85,9855.15,9865.52,9892.59,9908.53
OMN,share_in_agricultural_area_1,35,35,35,29,29,28,28,29,31,31,31,31,31,31,29,28,26,28,30,37,34.3,36.9,33.7,37.7,37.5,52.16,56.11,69.3,76.66,77.84,74.66,82.61
OMN,share_in_agricultural_area_2,45,45,48,43,43,43,43,41,40,40,42,42.6,42.4,42,43,37,37,37,37,37,38.3,39.1,39.1,30.8,31.3,30.84,28.89,31.61,32.23,32.55,33.27,33.6
OMN,share_in_agricultural_area_3,1000,1000,1000,1000,1000,1000,1000,1000,1000,1000,1100,1100,1200,1300,1400,1400,1400,1400,1390.2,1380.4,1370.6,1360.8,1351,1351,1351,1351,1351,1351,1351,1351,1351,1351
OMN,share_in_land_area_1,30950,30950,30950,30950,30950,30950,30950,30950,30950,30950,30950,30950,30950,30950,30950,30950,30950,30950,30950,30950,30950,30950,30950,30950,30950,30950,30950,30950,30950,30950,30950,30950
OMN,share_in_land_area_2,1080,1080,1083,1072,1072,1071,1071,1070,1071,1071,1173,1173.6,1273.4,1373,1472,1465,1463,1465,1457.2,1454.4,1443.2,1436.8,1423.8,1419.5,1419.8,1434,1436,1451.92,1459.89,1461.4,1458.93,1466.22
OMN,share_in_land_area_3,29867,29867,29864,29875,29875,29876,29876,29877,29876,29876,29774,29773.4,29673.6,29574,29475,29482,29484,29482,29489.8,29492.6,29503.8,29510.2,29523.2,29527.5,29527.2,29513,29511.2,29495.38,29487.51,29486.1,29488.57,29481.35
OMN,share_in_land_area_4,3,3,3,3,3,3,3,3,3,3,3,3,3,3,3,3,3,3,3,3,3,3,3,3,3,3,2.8,2.7,2.6,2.5,2.5,2.43
PAK,share_in_agricultural_area_1,29750,29810,29920,30230,30250,30460,30550,31040,31120,31110,31040,31300,31220,31190,30310,30170,30320,30180,29460,29420,29390,30100,30240,30470,30440,30400,30990,31210,31160,30530,30930,30510
PAK,share_in_agricultural_area_2,456,460,460,520,540,566,622,629,640,646,658,672,664,652,735,795,815,833,853,857,852,836,823,810,812,802,804,793,793,793,793,793
PAK,share_in_agricultural_area_3,5000,5000,5000,5000,5000,5000,5000,5000,5000,5000,5000,5000,5000,5000,5000,5000,5000,5000,5000,5000,5000,5000,5000,5000,5000,5000,5000,5000,5000,5000,5000,5000
PAK,share_in_land_area_1,77088,77088,77088,77088,77088,77088,77088,77088,77088,77088,77088,77088,77088,77088,77088,77088,77088,77088,77088,77088,77088,77088,77088,77088,77088,77088,77088,77088,77088,77088,77088,77088
PAK,share_in_land_area_2,35206,35270,35380,35750,35790,36026,36172,36669,36760,36756,36698,36972,36884,36842,36045,35965,36135,36013,35313,35277,35242,35936,36063,36280,36252,36202,36794,37003,36953,36323,36723,36303
PAK,share_in_land_area_3,36895.21,36878.76,36816.32,36493.87,36501.42,36312.98,36214.53,35765.08,35721.63,35773.19,35878.74,35646.49,35776.25,35860,36698.75,36820.5,36692.26,36856.01,37597.76,37675.52,37752.27,37090.5,36995.72,36810.95,36871.17,36953.4,36425.76,36235.08,36326.42,36997.76,36639.1,37100.44
PAK,share_in_land_area_4,4986.79,4939.24,4891.68,4844.13,4796.58,4749.02,4701.47,4653.92,4606.37,4558.81,4511.26,4469.51,4427.75,4386,4344.25,4302.5,4260.74,4218.99,4177.24,4135.48,4093.73,4061.5,4029.28,3997.05,3964.83,3932.6,3868.24,3849.92,3808.58,3767.24,3725.9,3684.56
PAN,share_in_agricultural_area_1,499,499,500,500,500,500,500,510,520,530,548,548,548,548,548,548,540,540,540,540,568.89,565,565,565,565,565,565,565,565,565,565,565
PAN,share_in_agricultural_area_2,155,155,160,160,165,155,155,153,152,150,147,160,160,160,160,160,165,175,175,180,188.5,189,179,169,159,149,139,129,119,108.32,100.1,107.32
PAN,share_in_agricultural_area_3,1470,1480,1490,1490,1470,1477,1477,1477,1477,1477,1535,1532.4,1529.8,1527.2,1524.6,1522,1519.4,1516.8,1514.2,1511.6,1509,1509,1509,1509,1509,1509,1509,1509,1509,1509,1509,1509
PAN,share_in_land_area_1,7434,7434,7434,7434,7434,7434,7434,7434,7434,7434,7434,7434,7434,7434,7434,7434,7434,7434,7434,7434,7434,7434,7434,7434,7412,7412,7412,7412,7418,7418,7418,7418
PAN,share_in_land_area_2,2124,2134,2150,2150,2135,2132,2132,2140,2149,2157,2230,2240.4,2237.8,2235.2,2232.6,2230,2224.4,2231.8,2229.2,2231.6,2266.39,2263,2253,2243,2233,2223,2213,2203,2193,2183,2174.1,2181.32
PAN,share_in_land_area_3,702.6,709.13,709.65,726.18,757.7,777.23,793.76,802.28,809.81,818.33,761.86,762.88,776.89,790.9,804.92,818.94,835.95,839.96,853.98,863,839.62,854.43,875.84,897.26,896.67,918.09,939.5,960.92,988.33,1009.75,1030.06,1034.26
PAN,share_in_land_area_4,4607.4,4590.87,4574.35,4557.82,4541.3,4524.77,4508.24,4491.72,4475.19,4458.67,4442.14,4430.73,4419.31,4407.9,4396.48,4385.06,4373.65,4362.23,4350.82,4339.4,4327.99,4316.57,4305.16,4293.74,4282.33,4270.91,4259.5,4248.08,4236.67,4225.25,4213.84,4202.42
PER,share_in_agricultural_area_1,4101.01,4154.23,4207.45,4260.68,4313.9,4347.8,4381.7,4415.6,4449.5,4483.4,4517.3,4551.2,4585.1,4619,4652.9,4686.8,4720.7,4754.6,4788.5,4822.4,4856.3,4890.2,4924.16,4671.91,4419.67,4167.43,3798.17,3756.82,3814.35,3580.23,3935.26,4290.3
PER,share_in_agricultural_area_2,420,430,440,450,731.9,762,792,822,852,882,912,942,972,1002,1032,1090,1133,1176,1220,1263,1307,1360,1379,1495.46,1611.91,1728.37,1844.83,1961.28,2084.24,2098.06,2261.73,2425.39
PER,share_in_agricultural_area_3,17916,17916,17916,17916,17304,17387,17470,17553,17636,17719,17802,17885,17968,18051,18134,18216,18299,18382,18465,18548,18631,18714,18797.1,18800,18800,18800,18800,18800,18800,18800,18800,18800
PER,share_in_land_area_1,128000,128000,128000,128000,128000,128000,128000,128000,128000,128000,128000,128000,128000,128000,128000,128000,128000,128000,128000,128000,128000,128000,128000,128000,128000,128000,128000,128000,128000,128000,128000,128000
PER,share_in_land_area_2,22437.01,22500.23,22563.45,22626.68,22349.8,22496.8,22643.7,22790.6,22937.5,23084.4,23231.3,23378.2,23525.1,23672,23818.9,23992.8,24152.7,24312.6,24473.5,24633.4,24794.3,24964.2,25100.26,25197.37,24831.58,24695.8,24443,24518.11,24698.59,24478.29,24996.99,25515.69
PER,share_in_land_area_3,29114.45,29166.3,29218.15,29270,29661.94,29630.02,29598.19,29566.36,29534.53,29502.7,29470.87,29448.77,29426.68,29404.58,29382.48,29333.38,29298.29,29263.19,29227.09,29192,29155.9,29157.05,29192.05,29265.99,29802.84,30109.67,30546.72,30647.11,30625.37,31018.51,30672.64,30326.78
PER,share_in_land_area_4,76448.54,76333.47,76218.4,76103.33,75988.26,75873.18,75758.11,75643.04,75527.97,75412.9,75297.83,75173.03,75048.22,74923.42,74798.62,74673.82,74549.01,74424.21,74299.41,74174.6,74049.8,73878.75,73707.69,73536.64,73365.58,73194.53,73010.28,72834.78,72676.04,72503.2,72330.37,72157.53
PHL,share_in_agricultural_area_1,5480,5487,5435,5385,5335,5285,5235,5185,5135,5085,5034,4984,4935,4970,5120,5005,5155,5290,5450,5500,5300,5450,5580,5590,5590,5590,5590,5590,5590,5590,5590,5590
PHL,share_in_agricultural_area_2,4400,4400,4400,4400,4400,4400,4500,4700,4700,4700,4700,4700,4700,4770,4850,4850,4925,5000,5060,5100,5300,5310,5350,5379,5408,5437,5466,5500,5523,5546,5569,5593
PHL,share_in_agricultural_area_3,1260,1270,1280,1280,1280,1330,1370,1450,1450,1450,1500,1500,1500,1500,1500,1500,1500,1500,1500,1500,1500,1500,1500,1500,1500,1500,1500,1500,1500,1500,1500,1500
PHL,share_in_land_area_1,29817,29817,29817,29817,29817,29817,29817,29817,29817,29817,29817,29817,29817,29817,29817,29817,29817,29817,29817,29817,29817,29817,29817,29817,29817,29817,29817,29817,29817,29817,29817,29817
PHL,share_in_land_area_2,11140,11157,11115,11065,11015,11015,11105,11335,11285,11235,11234,11184,11135,11240,11470,11355,11580,11790,12010,12100,12100,12260,12430,12469,12498,12527,12556,12590,12613,12636,12659,12683
PHL,share_in_land_area_3,10898.19,10928.14,11017.1,11114.06,11211.01,11257.96,11214.92,11031.88,11128.83,11225.78,11273.74,11370.69,11466.65,11408.6,11225.56,11387.51,11209.46,11046.42,10873.37,10830.33,10877.28,10682.39,10477.51,10403.62,10339.74,10275.85,10211.96,10143.07,10085.19,10027.3,9969.41,9910.52
PHL,share_in_land_area_4,7778.81,7731.86,7684.9,7637.94,7590.99,7544.04,7497.08,7450.12,7403.17,7356.22,7309.26,7262.31,7215.35,7168.4,7121.44,7074.49,7027.54,6980.58,6933.63,6886.67,6839.72,6874.61,6909.49,6944.38,6979.26,7014.15,7049.04,7083.93,7118.81,7153.7,7188.59,7223.48
PLW,share_in_agricultural_area_1,,0.3,0.3,0.3,0.3,0.3,0.3,0.3,0.3,0.3,0.3,0.3,0.3,0.3,0.3,0.3,0.3,0.3,0.3,0.3,0.3,0.3,0.3,0.3,0.3,0.3,0.3,0.3,0.3,0.3,0.3,0.3
PLW,share_in_agricultural_area_2,,2,2,2,2,2,2,2,2,2,2,2,2,2,2,2,2,2,2,2,2,2,2,2,2,2,2,2,2,2,2,2
PLW,share_in_agricultural_area_3,,2,2,2,2,2,2,2,2,2,2,2,2,2,2,2,2,2,2,2,2,2,2,2,2,2,2,2,2,2,2,2
PLW,share_in_land_area_1,,46,46,46,46,46,46,46,46,46,46,46,46,46,46,46,46,46,46,46,46,46,46,46,46,46,46,46,46,46,46,46
PLW,share_in_land_area_2,,4.3,4.3,4.3,4.3,4.3,4.3,4.3,4.3,4.3,4.3,4.3,4.3,4.3,4.3,4.3,4.3,4.3,4.3,4.3,4.3,4.3,4.3,4.3,4.3,4.3,4.3,4.3,4.3,4.3,4.3,4.3
PLW,share_in_land_area_3,,3.41,3.26,3.12,2.98,2.84,2.69,2.55,2.41,2.26,2.12,2.02,1.92,1.83,1.73,1.63,1.53,1.43,1.34,1.24,1.14,1.05,0.97,0.88,0.8,0.71,0.62,0.54,0.45,0.37,0.29,0.21
PLW,share_in_land_area_4,,38.29,38.44,38.58,38.72,38.86,39.01,39.15,39.29,39.44,39.58,39.68,39.78,39.87,39.97,40.07,40.17,40.27,40.36,40.46,40.56,40.65,40.73,40.82,40.9,40.99,41.08,41.16,41.25,41.33,41.41,41.49
PNG,share_in_agricultural_area_1,192,192,192,193,193,194,195,197,199,203,205,210,220,225,230,240,258,263,295,300,300,300,300,300,315,320,326,330,330,329,331,331
PNG,share_in_agricultural_area_2,601,601,605,628,630,640,651,651,690,698,703,703,703,703,703,703,703,759,760,777,777,796,796,796,800,812,812,885,885,885,897,920
PNG,share_in_agricultural_area_3,135,140,145,150,155,160,170,175,175,180,180,180,180,180,190,190,190,190,190,190,190,190,190,190,190,190,190,190,190,190,190,190
PNG,share_in_land_area_1,45286,45286,45286,45286,45286,45286,45286,45286,45286,45286,45286,45286,45286,45286,45286,45286,45286,45286,45286,45286,45286,45286,45286,45286,45286,45286,45286,45286,45286,45286,45286,45286
PNG,share_in_land_area_2,928,933,942,971,978,994,1016,1023,1064,1081,1088,1093,1103,1108,1123,1133,1151,1212,1245,1267,1267,1286,1286,1286,1305,1322,1328,1405,1405,1404,1418,1441
PNG,share_in_land_area_3,7958.32,7965.49,7968.66,7951.83,7957.01,7953.18,7943.35,7948.52,7919.69,7914.86,7920.03,7924.94,7924.85,7929.76,7924.67,7924.57,7916.48,7865.39,7842.3,7830.21,7840.11,7852.01,7882.9,7913.79,7925.69,7939.58,7968.12,7924.65,7958.18,7992.71,8012.24,8022.77
PNG,share_in_land_area_4,36399.68,36387.51,36375.34,36363.17,36350.99,36338.82,36326.65,36314.48,36302.31,36290.14,36277.97,36268.06,36258.15,36248.24,36238.33,36228.43,36218.52,36208.61,36198.7,36188.79,36178.89,36147.99,36117.1,36086.21,36055.31,36024.42,35989.88,35956.35,35922.82,35889.29,35855.76,35822.23
POL,share_in_agricultural_area_1,14388,14360,14337,14305,14300,14210,14004,14006,14057,14072,13993,13584,13010,12587,12610,12141,12368,11823,12043,12066,10829,11098,10925,10792,10928,10887,10806,10907,11009,11055,11150,11078.76
POL,share_in_agricultural_area_2,345,355,362,363,352,365,345,315,322,329,337,340,327,314,352,378,373,375,374,373,390,390,398,412,376,391,393,384,353,340,380,380
POL,share_in_agricultural_area_3,4060,4038,4044,4047,4055,4047,4125,4136,4064,4034,4083,3864,3562,3268,3365,3387,3216,3271,3184,3180,3230,3291,3206,3206,3120,3093,3175,3171,3150,3128,3203,3040.7
POL,share_in_land_area_1,30629,30629,30629,30629,30629,30629,30629,30629,30629,30629,30629,30629,30629,30624,30633,30633,30632,30632,30630,30628,30628,30623,30622,30621,30619,30619,30619,30619,30617,30611,30613,30610
POL,share_in_land_area_2,18793,18753,18743,18715,18707,18622,18474,18457,18443,18435,18413,17788,16899,16169,16327,15906,15957,15469,15601,15619,14449,14779,14529,14609,14558,14545,14543,14620,14669,14689,14953,14719.46
POL,share_in_land_area_3,2954,2976.3,2968.6,2978.9,2969.2,3036.5,3166.8,3166.1,3162.4,3152.7,3157,3755,4617,5315,5139,5533,5454,5915,5754,5707,6850,6496.8,6727.6,6628.4,6659.2,6654,6641,6552,6489,6451,6177,6395.54
POL,share_in_land_area_4,8882,8899.7,8917.4,8935.1,8952.8,8970.5,8988.2,9005.9,9023.6,9041.3,9059,9086,9113,9140,9167,9194,9221,9248,9275,9302,9329,9347.2,9365.4,9383.6,9401.8,9420,9435,9447,9459,9471,9483,9495
PRK,share_in_agricultural_area_1,2288,2300,2300,2300,2400,2400,2300,2300,2300,2300,2300,2300,2300,2300,2300,2350,2350,2350,2400,2400,2400,2350,2350,2350,2335,2320,2310,2295,2295,2295,2295,2295
PRK,share_in_agricultural_area_2,180,180,180,200,200,200,200,200,200,200,200,200,200,200,200,200,200,200,200,220,230,230,230,230,245,260,260,255,255,250,250,250
PRK,share_in_agricultural_area_3,50,50,50,50,50,50,50,50,50,50,50,50,50,50,50,50,50,50,50,50,50,50,50,50,50,50,50,50,50,50,50,50
PRK,share_in_land_area_1,12041,12041,12041,12041,12041,12041,12041,12041,12041,12041,12041,12041,12041,12041,12041,12041,12041,12041,12041,12041,12041,12041,12041,12041,12041,12041,12041,12041,12041,12041,12041,12041
PRK,share_in_land_area_2,2518,2530,2530,2550,2650,2650,2550,2550,2550,2550,2550,2550,2550,2550,2550,2600,2600,2600,2650,2670,2680,2630,2630,2630,2630,2630,2620,2600,2600,2595,2595,2595
PRK,share_in_land_area_3,2610.97,2644.7,2690.44,2716.17,2661.91,2707.64,2853.37,2899.11,2944.84,2990.58,3036.31,3057.54,3078.77,3100,3121.23,3092.46,3113.69,3134.92,3106.15,3107.38,3118.61,3189.84,3211.07,3232.3,3253.53,3274.76,3305.99,3347.22,3368.45,3394.68,3415.91,3437.14
PRK,share_in_land_area_4,6912.03,6866.3,6820.56,6774.83,6729.09,6683.36,6637.63,6591.89,6546.16,6500.42,6454.69,6433.46,6412.23,6391,6369.77,6348.54,6327.31,6306.08,6284.85,6263.62,6242.39,6221.16,6199.93,6178.7,6157.47,6136.24,6115.01,6093.78,6072.55,6051.32,6030.09,6008.86
PRT,share_in_agricultural_area_1,2344,2309,2275,2240,2200,2153,2000,1882,1798.5,1715,1750.27,1628.56,1636.15,1554.42,1482.73,1305.46,1241.74,1148.25,1220.21,1200.98,1147.57,1126.77,1123.82,1138.51,1098.13,1069.96,982.23,968.05,960.44,997.76,972.91,965.23
PRT,share_in_agricultural_area_2,781,773,765,757,752,747,730,708,709.5,711,789.15,782.18,772.37,763.95,754.9,749.43,741.25,731,723,710,714,722,732,746,749.16,752.23,760.95,770.56,783.71,861.99,868.06,866.58
PRT,share_in_agricultural_area_3,838,838,838,962,1000,1024,1000,992,1214.5,1437,1416.96,1443.08,1469.2,1495.31,1631.98,1769,1774.67,1781.67,1782.65,1784.6,1792.6,1800.59,1808.59,1816.59,1816.59,1816.59,1875.85,1934.78,1992.61,2090.77,2113.29,2130.48
PRT,share_in_land_area_1,9150,9150,9150,9150,9150,9150,9150,9150,9150,9150,9150,9150,9150,9150,9150,9147,9147,9147,9147,9159,9159,9159,9159,9160.52,9160.56,9160.56,9160.56,9160.56,9160.56,9160.56,9160.56,9160.56
PRT,share_in_land_area_2,3963,3920,3878,3959,3952,3924,3730,3582,3722.5,3863,3956.38,3853.82,3877.72,3813.68,3869.61,3823.89,3757.66,3660.92,3725.86,3695.58,3654.17,3649.36,3664.41,3716.43,3699.69,3695.03,3636.46,4663.17,4663.17,5121.41,5121.41,5121.41
PRT,share_in_land_area_3,1788,1842.8,1896.6,1827.4,1846.2,1886,2091.8,2251.6,2122.9,1994.2,1912.62,2018.08,1997.08,2064.02,2010.99,2056.61,2125.74,2225.38,2163.34,2208.52,2252.83,2245.64,2218.59,2156.09,2160.87,2153.53,2212.1,1185.39,1185.39,727.15,727.15,727.15
PRT,share_in_land_area_4,3399,3387.2,3375.4,3363.6,3351.8,3340,3328.2,3316.4,3304.6,3292.8,3281,3278.1,3275.2,3272.3,3269.4,3266.5,3263.6,3260.7,3257.8,3254.9,3252,3264,3276,3288,3300,3312,3312,3312,3312,3312,3312,3312
PRY,share_in_agricultural_area_1,2110,2150,2300,2300,2450,2600,2600,2600,2850,2950,3020,3105,3210,3280,3370,3460,3550,3640,3757,3858,3975,4122,4360,4484,4663,4868,4664,4653,4734,4734,4734,4734
PRY,share_in_agricultural_area_2,89,85,85,85,85,85,85,85,86,87,90,95,98,100,100,100,100,100,80,80,85,85,85,85,85,85,85,85,88,90,90,90
PRY,share_in_agricultural_area_3,11940.57,11985.14,11985.14,11985.14,11985.14,11985.14,11985.14,11985.14,11985.14,11985.14,11985.14,11985.14,11985.14,11985.14,11985.14,11985.14,11985.14,11985.14,11985.14,11985.14,11985.14,11985.14,11985.14,11985.14,11985.14,11985.14,11985.14,11985.14,11985.14,11985.14,11985.14,11985.14
PRY,share_in_land_area_1,39730,39730,39730,39730,39730,39730,39730,39730,39730,39730,39730,39730,39730,39730,39730,39730,39730,39730,39730,39730,39730,39730,39730,39730,39730,39730,39730,39730,39730,39730,39730,39730
PRY,share_in_land_area_2,14139.57,14220.14,14370.14,14370.14,14520.14,14670.14,14670.14,14670.14,14921.14,15022.14,15095.14,15185.14,15293.14,15365.14,15455.14,15545.14,15635.14,15725.14,15822.14,15923.14,16045.14,16192.14,16430.14,16554.14,16733.14,16938.14,16734.14,16723.14,16807.14,16809.14,16809.14,16809.14
PRY,share_in_land_area_3,44.57,219.42,324.84,580.26,685.68,791.1,1046.53,1301.95,1306.37,1460.79,1643.21,1895.35,2129.5,2399.64,2651.79,2903.93,3156.07,3408.22,3653.36,3894.51,4114.65,4381.9,4558.16,4848.41,5083.67,5292.92,5662.73,6066.59,6261.93,6539.26,6818.6,7097.93
PRY,share_in_land_area_4,25545.86,25290.44,25035.02,24779.6,24524.18,24268.76,24013.33,23757.91,23502.49,23247.07,22991.65,22649.51,22307.36,21965.22,21623.07,21280.93,20938.79,20596.64,20254.5,19912.35,19570.21,19155.96,18741.7,18327.45,17913.19,17498.94,17333.13,16940.27,16660.93,16381.6,16102.26,15822.93
PSE,share_in_agricultural_area_1,109,106,104,104,73.83,82.93,77.98,76.53,78.1,55.6,71.21,70.91,73.78,72.5,73.9,75.42,75.74,73.83,74.96,66.8,43.7,44.24,47.82,61.61,59.46,57.3,58.42,58.35,54.29,50.23,46.16,41.9
PSE,share_in_agricultural_area_2,115,116,116,116,116,115,115,115,115,115,120,117,118,116,115,114.8,113.7,116.5,117.2,85.95,54.2,66,75.82,75.82,84,96.1,99,94.4,97.5,98.1,84.7,71.3
PSE,share_in_agricultural_area_3,277,277,277,277,277,277,277,277,277,277,277,277,277,277,277,277,277,277,277,277,277,277,277,277,277,277,277,277,277,277,277,278
PSE,share_in_land_area_1,602,602,602,602,602,602,602,602,602,602,602,602,602,602,602,602,602,602,602,602,602,602,602,602,602,602,602,602,602,602,602,602.5
PSE,share_in_land_area_2,501,499,497,497,466.83,474.93,469.98,468.53,470.1,447.6,468.21,464.91,468.78,465.5,465.9,467.22,466.44,467.33,469.16,429.75,374.9,387.24,400.64,414.43,420.46,430.4,434.42,429.75,428.79,425.33,407.86,398
PSE,share_in_land_area_3,91.92,93.92,95.92,95.92,126.09,117.99,122.94,124.39,122.82,145.32,124.71,127.92,123.96,127.16,126.67,125.27,125.96,124.98,123.07,162.39,217.15,204.78,191.33,177.51,171.44,161.46,157.44,162.11,163.07,166.53,184,194.36
PSE,share_in_land_area_4,9.08,9.08,9.08,9.08,9.08,9.08,9.08,9.08,9.08,9.08,9.08,9.17,9.25,9.34,9.43,9.52,9.6,9.69,9.78,9.86,9.95,9.99,10.03,10.06,10.1,10.14,10.14,10.14,10.14,10.14,10.14,10.14
QAT,share_in_agricultural_area_1,10,9,12,13,13,13,13,13,13,13,13,13.3,12.7,13.2,12.2,12,12.7,13.4,14.1,14.9,15.33,16.08,16.46,17.1,18.5,18.5,18.3,19,21,21,21,21
QAT,share_in_agricultural_area_2,1,2,2,2,2,2,3,3,3,3,3,3,3,3,3,2.6,2.6,2.6,2.6,2.5,2.77,2.72,3.04,3.1,2.5,2.5,2.7,3,3,3,3,3
QAT,share_in_agricultural_area_3,50,50,50,50,50,50,50,50,50,50,50,50,50,50,50,50,50,50,50,50,50,50,50,50,50,50,50,50,50,50,50,50
QAT,share_in_land_area_1,1161,1161,1161,1161,1161,1161,1161,1161,1161,1161,1161,1161,1161,1161,1161,1161,1161,1161,1161,1161,1161,1161,1161,1161,1149,1149,1149,1149,1149,1149,1149,1149
QAT,share_in_land_area_2,61,61,64,65,65,65,66,66,66,66,66,66.3,65.7,66.2,65.2,64.6,65.3,66,66.7,67.4,68.1,68.8,69.5,70.2,71,71,71,72,74,74,74,74
QAT,share_in_land_area_3,1100,1100,1097,1096,1096,1096,1095,1095,1095,1095,1095,1094.7,1095.3,1094.8,1095.8,1096.4,1095.7,1095,1094.3,1093.6,1092.9,1092.2,1091.5,1090.8,1078,1078,1078,1077,1075,1075,1075,1075
QAT,share_in_land_area_4,0,0,0,0,0,0,0,0,0,0,0,0,0,0,0,0,0,0,0,0,0,0,0,0,0,0,0,0,0,0,0,0
ROU,share_in_agricultural_area_1,9450,9423,9357,9341,9339,9337,9337,9346,9325,9332,9381,9371,9376,9377,8915,8985,8939,8675,8721,8789,9146,8995,8798,8746,8778,8778,8582,8543,8686,8966,8483,8588
ROU,share_in_agricultural_area_2,591,597,603,600,587,570,545,552,518,513,527,491,483,465,429,510,469,461,463,460,463,444,446,442,425,425,418,415,440,412,403,401
ROU,share_in_agricultural_area_3,4728,4778,4830,4852,4872,4890,4900,4900,4904,4936,4949,4936,4959,4958,4786,4685,4631,4494,4450,4372,4547,4543,4489,4717,4627,4655,4521,4420,4288,4448,4163,4090
ROU,share_in_land_area_1,22935,22946,22946,22946,22951,22949,22952,22953,22959,22960,22971,22971,22987,22995,23000,22998,22998,22989,22990,23006,23005,23017,23002,23003,23008,23008,23008,23008,23008,23008,23008,23008
ROU,share_in_land_area_2,14769,14798,14790,14793,14798,14797,14782,14798,14747,14781,14857,14798,14818,14800,14130,14180,14039,13630,13634,13621,14156,13982,13733,13905,13830,13858,13521,13378,13414,13826,13049,13079
ROU,share_in_land_area_3,1795,1777.5,1786,1783.5,1784,1783.5,1802,1787.5,1845,1812.5,1748,1792.1,1773.2,1784.3,2444.4,2377.5,2503.6,2888.7,2870.8,2884.9,2334,2442.81,2599.62,2351.42,2354.23,2249.04,2557.95,2700.95,2664.95,2252.95,3029.95,2999.95
ROU,share_in_land_area_4,6371,6370.5,6370,6369.5,6369,6368.5,6368,6367.5,6367,6366.5,6366,6380.9,6395.8,6410.7,6425.6,6440.5,6455.4,6470.3,6485.2,6500.1,6515,6592.19,6669.38,6746.58,6823.77,6900.96,6929.05,6929.05,6929.05,6929.05,6929.05,6929.05
RUS,share_in_agricultural_area_1,,,132008,129538,128422,127500,126024,127466,126132,124975,124374,123860,123465,122559,122146,121781,121574,121574,121649,121649,121649,121649,121649,121649,121649,121649,121649,121649,121649,121649,121649,121649
RUS,share_in_agricultural_area_2,,,1700,1757,1982,1900,1949,1918,1827,1845,1864,1858,1835,1814,1810,1800,1797,1794,1793,1793,1793,1793,1793,1793,1793,1793,1793,1793,1793,1793,1793,1793
RUS,share_in_agricultural_area_3,,,87923,87500,87307,87000,88138,88605,89328,89970,90924,91143,91351,91904,92024,92099,92117,92095,92052,92052,92052,92052,92052,92052,92052,92052,92052,92052,92052,92052,92052,92052
RUS,share_in_land_area_1,,,1638995,1638618,1638133,1637838,1637796,1637865,1638130,1638851,1638134,1638044,1638094,1638098,1638123,1638139,1637774,1637774,1637687,1637687,1637687,1637687,1637687,1637687,1637687,1637687,1637687,1637687,1637687,1637687,1637687,1637687
RUS,share_in_land_area_2,,,221631,218795,217711,216400,216111,217989,217287,216790,217162,216861,216651,216277,215980,215680,215488,215463,215494,215494,215494,215494,215494,215494,215494,215494,215494,215494,215494,215494,215494,215494
RUS,share_in_land_area_3,,,608350.38,610777.52,611344.66,612328.8,612543.94,610703.08,611638.22,612824.36,611703.5,611327.79,611001.08,610792.37,610527.66,610256.95,609497.24,608935.53,608230.82,607644.11,607057.4,607098.43,607139.46,607180.48,607221.51,607262.54,607071.97,606881.4,606881.4,606881.4,606881.4,606881.4
RUS,share_in_land_area_4,,,809013.62,809045.48,809077.34,809109.2,809141.06,809172.92,809204.78,809236.64,809268.5,809855.21,810441.92,811028.63,811615.34,812202.05,812788.76,813375.47,813962.18,814548.89,815135.6,815094.57,815053.54,815012.52,814971.49,814930.46,815121.03,815311.6,815311.6,815311.6,815311.6,815311.6
RWA,share_in_agricultural_area_1,880,880,880,850,700,700,750,800,820,866,1000,1100,1116,1119,1121,1124,1127,1130,1132,1158,1184,1210,1235,1261,1287,1288,1288,1289,1235,1192,1214.6,1268.4
RWA,share_in_agricultural_area_2,304,305,305,305,305,305,306,306,306,306,306,307,307,307,307,307,307,308,308,308,308,308,309,309,309,309,309,310,310,310,346,350
RWA,share_in_agricultural_area_3,694,690,650,600,545,545,545,545,545,545,520,490,465,460,455,450,450,440,440,440,430,425,415,410,410,410,408,406,404,402,398,386.06
RWA,share_in_land_area_1,2467,2467,2467,2467,2467,2467,2467,2467,2467,2467,2467,2467,2467,2467,2467,2467,2467,2467,2467,2467,2467,2467,2467,2467,2467,2467,2467,2467,2467,2467,2467,2467
RWA,share_in_land_area_2,1878,1875,1835,1755,1550,1550,1601,1651,1671,1717,1826,1897,1888,1886,1883,1881,1884,1878,1880,1906,1922,1943,1959,1980,2006,2007,2005,2005,1949,1904,1958.6,2004.46
RWA,share_in_land_area_3,272,278,321,404,612,615,567,520,503,460,354,285.2,296.4,300.6,305.8,310,309.2,317.4,317.6,293.8,280,258,241,219,192,190,190,189,244,288,232.4,185.54
RWA,share_in_land_area_4,317,314,311,308,305,302,299,296,293,290,287,284.8,282.6,280.4,278.2,276,273.8,271.6,269.4,267.2,265,266,267,268,269,270,272,273,274,275,276,277
SAU,share_in_agricultural_area_1,3390,3579,3650,3672,3667,3655,3646,3639,3637,3594,3592,3600,3600,3600,3500,3500,3450,3446,3339,3196,3180,3159,3117,3068,3430,3490,3477,3438,3430,3430,3430,3430
SAU,share_in_agricultural_area_2,91,93,96,113,118,130,139,146,148,191,193,191,193,198,209,217,224,229,233,239,226,229,228,227,145.3,147,150,158.1,165.5,186.44,207.37,207
SAU,share_in_agricultural_area_3,120000,120000,120000,127000,134000,141000,148000,155000,163000,170000,170000,170000,170000,170000,170000,170000,170000,170000,170000,170000,170000,170000,170000,170000,170000,170000,170000,170000,170000,170000,170000,170000
SAU,share_in_land_area_1,214969,214969,214969,214969,214969,214969,214969,214969,214969,214969,214969,214969,214969,214969,214969,214969,214969,214969,214969,214969,214969,214969,214969,214969,214969,214969,214969,214969,214969,214969,214969,214969
SAU,share_in_land_area_2,123481,123672,123746,130785,137785,144785,151785,158785,166785,173785,173785,173791,173793,173798,173709,173717,173674,173675,173572,173435,173406,173388,173345,173295,173608.3,173637,173627,173646.14,173645.01,173616.44,173637.37,173637
SAU,share_in_land_area_3,90511,90320,90246,83207,76207,69207,62207,55207,47207,40207,40207,40201,40199,40194,40283,40275,40318,40317,40420,40557,40586,40604,40647,40697,40383.7,40355,40365,40345.86,40346.99,40375.56,40354.63,40355
SAU,share_in_land_area_4,977,977,977,977,977,977,977,977,977,977,977,977,977,977,977,977,977,977,977,977,977,977,977,977,977,977,977,977,977,977,977,977
SDN,share_in_agricultural_area_1,,,,,,,,,,,,,,,,,,,,,,,19856.76,19839.96,19823.16,20080.08,20385,20689.92,20994.84,20994.84,20994.84,20994.84
SDN,share_in_agricultural_area_2,,,,,,,,,,,,,,,,,,,,,,,155.4,159.6,168,216,216,216,216,216,216,216
SDN,share_in_agricultural_area_3,,,,,,,,,,,,,,,,,,,,,,,91453.8,91453.8,91453.8,91453.8,91453.8,91453.8,91453.8,91453.8,91454,91454
SDN,share_in_land_area_1,,,,,,,,,,,,,,,,,,,,,,,186800,186800,186800,186800,186800,186800,186800,186800,186800,186800
SDN,share_in_land_area_2,,,,,,,,,,,,,,,,,,,,,,,111465.96,111453.36,111444.96,111749.88,112054.8,112359.72,112664.64,112664.64,112664.84,112664.84
SDN,share_in_land_area_3,,,,,,,,,,,,,,,,,,,,,,,55601.37,55788.21,55970.86,55840.19,55697.01,55564.25,55431.49,55603.65,55775.61,55947.77
SDN,share_in_land_area_4,,,,,,,,,,,,,,,,,,,,,,,19732.67,19558.43,19384.18,19209.93,19048.19,18876.03,18703.87,18531.71,18359.55,18187.39
SEN,share_in_agricultural_area_1,3092,2973,3044,3082,3178,3077,3217,2938,2685,3407,3322,3099,3050,2932,2987,3126,2838,2850,3620,3620,3620,3300,3300,3300,3300,3655,3610,3645,3680,3715,3750,3830
SEN,share_in_agricultural_area_2,33,36,36,36,37,38,40,40,55,55,55,50,50,50,50,50,52,53,55,58,58,65,65,68,72,73,78,78,78,80,80,81
SEN,share_in_agricultural_area_3,5744,5700,5700,5700,5700,5700,5650,5650,5650,5650,5650,5650,5650,5650,5650,5600,5600,5600,5600,5600,5600,5600,5600,5600,5600,5600,5600,5600,5600,5600,5600,5600
SEN,share_in_land_area_1,19253,19253,19253,19253,19253,19253,19253,19253,19253,19253,19253,19253,19253,19253,19253,19253,19253,19253,19253,19253,19253,19253,19253,19253,19253,19253,19253,19253,19253,19253,19253,19253
SEN,share_in_land_area_2,8869,8709,8780,8818,8915,8815,8907,8628,8390,9112,9027,8799,8750,8632,8687,8776,8490,8503,9275,9278,9278,8965,8965,8968,8972,9328,9288,9323,9358,9395,9430,9511
SEN,share_in_land_area_3,1080.84,1285.84,1259.84,1266.84,1214.84,1359.84,1312.84,1636.84,1919.84,1242.84,1372.84,1639.34,1726.84,1883.34,1866.84,1816.34,2140.84,2166.34,1432.84,1468.34,1506.84,1859.84,1899.84,1936.84,1972.84,1656.84,1736.84,1741.84,1746.84,1749.84,1754.84,1713.84
SEN,share_in_land_area_4,9303.16,9258.16,9213.16,9168.16,9123.16,9078.16,9033.16,8988.16,8943.16,8898.16,8853.16,8814.66,8776.16,8737.66,8699.16,8660.66,8622.16,8583.66,8545.16,8506.66,8468.16,8428.16,8388.16,8348.16,8308.16,8268.16,8228.16,8188.16,8148.16,8108.16,8068.16,8028.16
SGP,share_in_agricultural_area_1,1,1,1,1,1,1,1,1,1,1,1,1,1,0.6,0.7,0.66,0.65,0.7,0.6,0.6,0.64,0.63,0.63,0.57,0.56,0.56,0.56,0.56,0.56,0.56,0.56,0.56
SGP,share_in_agricultural_area_2,1,0.2,0.2,0.2,0.2,0.2,0.2,0.2,0.2,0.2,0.2,0.2,0.2,0.2,0.1,0.1,0.1,0.1,0.1,0.1,0.1,0.1,0.1,0.1,0.1,0.1,0.1,0.1,0.1,0.1,0.1,0.1
SGP,share_in_land_area_1,67,67,67,67,67,67,67,67,67,67,67,67,67.5,68.7,68.9,68.9,69.4,69.5,70,70,70.2,70.4,70.6,70.7,70.9,70.9,70.9,71.2,71.4,71.6,71.8,71.8
SGP,share_in_land_area_2,2,1.2,1.2,1.2,1.2,1.2,1.2,1.2,1.2,1.2,1.2,1.2,1.2,0.8,0.8,0.76,0.75,0.8,0.7,0.7,0.74,0.73,0.73,0.67,0.66,0.66,0.66,0.66,0.66,0.66,0.66,0.66
SGP,share_in_land_area_3,50.17,50.75,50.54,50.32,50.1,49.88,49.66,49.44,49.22,49.01,48.79,48.71,49.14,50.67,50.8,50.76,51.2,51.18,51.7,51.63,51.72,52.18,52.64,53.05,53.51,53.77,53.95,54.43,54.81,55.19,55.57,55.75
SGP,share_in_land_area_4,14.83,15.05,15.26,15.48,15.7,15.92,16.14,16.36,16.58,16.79,17.01,17.09,17.16,17.23,17.3,17.38,17.45,17.52,17.6,17.67,17.74,17.49,17.23,16.98,16.73,16.47,16.29,16.11,15.93,15.75,15.57,15.39
SLB,share_in_agricultural_area_1,11,11,11,11,11,12,12,12,13,14,14,15,15,16,17,18,17,18,19,19,20,20,22,22,23,23,23,23,23,23,23,23
SLB,share_in_agricultural_area_2,52,53,55,55,55,55,55,55,55,55,55,55,57,59,59,65,70,70,72,75,80,83,83,83,83.5,85,86,89,89,89,89,89
SLB,share_in_agricultural_area_3,5,5,5,5,6,6,6,6,6,7,7,7,7,8,8,8,8,8,8,8,8,8,8,8,8,8,8,8,8,8,8,8
SLB,share_in_land_area_1,2799,2799,2799,2799,2799,2799,2799,2799,2799,2799,2799,2799,2799,2799,2799,2799,2799,2799,2799,2799,2799,2799,2799,2799,2799,2799,2799,2799,2799,2799,2799,2799
SLB,share_in_land_area_2,68,69,71,71,72,73,73,73,74,76,76,77,79,83,84,91,95,96,99,102,108,111,113,113,114.5,116,117,120,120,120,120,120
SLB,share_in_land_area_3,186.09,185.82,184.55,185.28,185.01,184.74,185.48,186.21,185.94,184.67,185.4,185.13,183.86,180.6,180.33,174.06,170.79,170.52,168.26,165.99,160.72,158.45,157.18,157.92,157.15,156.38,156.11,153.84,154.57,155.3,156.03,156.76
SLB,share_in_land_area_4,2544.91,2544.18,2543.45,2542.72,2541.99,2541.26,2540.52,2539.79,2539.06,2538.33,2537.6,2536.87,2536.14,2535.4,2534.67,2533.94,2533.21,2532.48,2531.74,2531.01,2530.28,2529.55,2528.82,2528.08,2527.35,2526.62,2525.89,2525.16,2524.43,2523.7,2522.97,2522.24
SLE,share_in_agricultural_area_1,486,486,486,486,485,485,485,484,484,484,490,681.52,910.08,1236.67,1437.73,1472.02,1689.88,1283.72,1372.23,1460.97,1580.38,1652.63,1471.65,1583.65,1584,1584,1584,1584,1584,1584,1584,1584
SLE,share_in_agricultural_area_2,135,135,125,125,125,125,125,125,125,120,120,120,120,130,135,140,140,140,140,140,150,165,165,165,165,165,165,165,165,165,165,165
SLE,share_in_agricultural_area_3,2204,2204,2204,2200,2200,2200,2200,2200,2200,2200,2200,2200,2200,2200,2200,2200,2200,2200,2200,2200,2200,2200,2200,2200,2200,2200,2200,2200,2200,2200,2200,2200
SLE,share_in_land_area_1,7218,7218,7218,7218,7218,7218,7218,7218,7218,7218,7218,7218,7218,7218,7218,7218,7218,7218,7218,7218,7218,7218,7218,7218,7218,7218,7218,7218,7218,7218,7218,7218
SLE,share_in_land_area_2,2825,2825,2815,2811,2810,2810,2810,2809,2809,2804,2810,3001.52,3230.08,3566.67,3772.73,3812.02,4029.88,3623.72,3712.23,3800.97,3930.38,4017.63,3836.65,3948.65,3949,3949,3949,3949,3949,3949,3949,3949
SLE,share_in_land_area_3,1266.3,1286.03,1315.75,1339.48,1360.21,1379.94,1399.66,1420.39,1440.12,1464.84,1478.57,1306.78,1097.94,781.08,594.75,575.18,377.05,802.94,734.16,665.14,555.46,487.94,688.64,596.37,615.74,635.47,655.2,674.93,694.66,714.39,734.12,753.85
SLE,share_in_land_area_4,3126.7,3106.97,3087.25,3067.52,3047.79,3028.06,3008.34,2988.61,2968.88,2949.16,2929.43,2909.7,2889.98,2870.25,2850.52,2830.8,2811.07,2791.34,2771.61,2751.89,2732.16,2712.43,2692.71,2672.98,2653.26,2633.53,2613.8,2594.07,2574.34,2554.61,2534.88,2515.15
SLV,share_in_agricultural_area_1,550,565,588,586,584,582,565,565,600,631,627.1,623.2,619.3,615.4,611.5,607.6,604,630.5,638.8,647.1,655.4,663.7,672,680.3,688.6,696.9,705.2,713.5,721,721,721,721
SLV,share_in_agricultural_area_2,260,263,263,265,270,273,251,251,250,250,250,250,245,245,280,227,234,237,230,223,216,209,202,195,188,181,174,167,160,160,160,160
SLV,share_in_agricultural_area_3,460.8,455.7,450.5,445.4,440.3,435.2,430.1,425,419.8,414.7,409.6,404.5,399.4,394.3,389.2,384,378.9,373.8,368.7,363.6,358.5,353.3,348.2,343.1,337.6,345.1,334.9,324.7,314.7,314.7,314.7,314.7
SLV,share_in_land_area_1,2072,2072,2072,2072,2072,2072,2072,2072,2072,2072,2072,2072,2072,2072,2072,2072,2072,2072,2072,2072,2072,2072,2072,2072,2072,2072,2072,2072,2072,2072,2072,2072
SLV,share_in_land_area_2,1270.8,1283.7,1301.5,1296.4,1294.3,1290.2,1246.1,1241,1269.8,1295.7,1286.7,1277.7,1263.7,1254.7,1280.7,1218.6,1216.9,1241.3,1237.5,1233.7,1229.9,1226,1222.2,1218.4,1214.2,1223,1214.1,1205.2,1195.7,1195.7,1195.7,1195.7
SLV,share_in_land_area_3,82.32,73.92,60.62,70.22,76.82,85.42,134.02,143.62,119.32,97.92,111.42,124.92,143.42,156.92,135.42,202.02,208.22,188.32,196.62,204.92,213.22,221.62,229.92,238.22,246.92,242.62,256.02,269.42,283.42,287.92,292.42,296.92
SLV,share_in_land_area_4,718.88,714.38,709.88,705.38,700.88,696.38,691.88,687.38,682.88,678.38,673.88,669.38,664.88,660.38,655.88,651.38,646.88,642.38,637.88,633.38,628.88,624.38,619.88,615.38,610.88,606.38,601.88,597.38,592.88,588.38,583.88,579.38
SMR,share_in_agricultural_area_1,1,1,1,1,1,1,1,1,1,1,1,1,1,1,1,1,1,1,1,1,1,1,1,1,1,1.98,1.98,1.98,1.98,1.98,1.98,1.98
SMR,share_in_agricultural_area_2,,,,,,,,,,,,,,,,,,,,,,,,,,0.32,0.32,0.32,0.32,0.32,0.32,0.32
SMR,share_in_land_area_1,6,6,6,6,6,6,6,6,6,6,6,6,6,6,6,6,6,6,6,6,6,6,6,6,6,6,6,6,6,6,6,6
SMR,share_in_land_area_2,1,1,1,1,1,1,1,1,1,1,1,1,1,1,1,1,1,1,1,1,1,1,1,1,1,2.3,2.3,2.3,2.3,2.3,2.3,2.3
SMR,share_in_land_area_3,4,4,4,4,4,4,4,4,4,4,4,4,4,4,4,4,4,4,4,4,4,4,4,4,4,2.7,2.7,2.7,2.7,2.7,2.7,2.7
SMR,share_in_land_area_4,1,1,1,1,1,1,1,1,1,1,1,1,1,1,1,1,1,1,1,1,1,1,1,1,1,1,1,1,1,1,1,1
SOM,share_in_agricultural_area_1,1022,1022,1023,1024,1030,1035,1039,1043,1043,1043,1043,1045,1064,1083,1130,1100,1050,1000,1100,1100,1100,1000,1000,1100,1100,1100,1100,1100,1100,1100,1100,1100
SOM,share_in_agricultural_area_2,20,20,20,20,20,21,22,23,24,24,24,26,26,26,27,26,26,26,26,26,26,26,26,26,26,26,26,26,26,27,28,29
SOM,share_in_agricultural_area_3,43000,43000,43000,43000,43000,43000,43000,43000,43000,43000,43000,43000,43000,43000,43000,43000,43000,43000,43000,43000,43000,43000,43000,43000,43000,43000,43000,43000,43000,43000,43000,43000
SOM,share_in_land_area_1,62734,62734,62734,62734,62734,62734,62734,62734,62734,62734,62734,62734,62734,62734,62734,62734,62734,62734,62734,62734,62734,62734,62734,62734,62734,62734,62734,62734,62734,62734,62734,62734
SOM,share_in_land_area_2,44042,44042,44043,44044,44050,44056,44061,44066,44067,44067,44067,44071,44090,44109,44157,44126,44076,44026,44126,44126,44126,44026,44026,44126,44126,44126,44126,44126,44126,44127,44128,44129
SOM,share_in_land_area_3,10409.5,10486.25,10562,10637.75,10708.5,10779.25,10851,10922.75,10998.5,11075.25,11152,11224.75,11282.5,11340.25,11369,11476.75,11603.5,11730.25,11707,11783.75,11860.5,12037.25,12114,12090.75,12167.5,12244.25,12321,12397.75,12474.5,12550.25,12626,12701.75
SOM,share_in_land_area_4,8282.5,8205.75,8129,8052.25,7975.5,7898.75,7822,7745.25,7668.5,7591.75,7515,7438.25,7361.5,7284.75,7208,7131.25,7054.5,6977.75,6901,6824.25,6747.5,6670.75,6594,6517.25,6440.5,6363.75,6287,6210.25,6133.5,6056.75,5980,5903.25
SRB,share_in_agricultural_area_1,,,,,,,,,,,,,,,,,2595.7,2616.8,2660.5,2613.7,2654.3,2639.5,2562.1,2590.3,2605.7,2591,2598,2595,2583,2579,2604,2615
SRB,share_in_agricultural_area_2,,,,,,,,,,,,,,,,,191.2,189.9,190.4,189.3,190.1,188.6,187.3,187.7,187.5,200,204,208,205,206,207,204
SRB,share_in_agricultural_area_3,,,,,,,,,,,,,,,,,750.1,766.2,752.7,715,677.2,700.1,713.2,713.2,713.2,690,654,616,676,675,671,666
SRB,share_in_land_area_1,,,,,,,,,,,,,,,,,8746,8746,8746,8746,8746,8746,8746,8746,8746,8746,8746,8746,8746,8746,8409,8409
SRB,share_in_land_area_2,,,,,,,,,,,,,,,,,3537,3572.9,3603.6,3518,3521.6,3528.2,3462.6,3491.2,3506.4,3481,3456,3438,3487,3482,3504,3506
SRB,share_in_land_area_3,,,,,,,,,,,,,,,,,2597.2,2536,2480,2540.3,2511.4,2503.49,2567.79,2537.88,2521.38,2545.47,2569.82,2586.14,2537,2541.78,2182.35,2180.06
SRB,share_in_land_area_4,,,,,,,,,,,,,,,,,2611.8,2637.1,2662.4,2687.7,2713,2714.31,2715.61,2716.92,2718.22,2719.53,2720.18,2721.86,2722,2722.22,2722.65,2722.94
SSD,share_in_agricultural_area_1,,,,,,,,,,,,,,,,,,,,,,,2658.71,2616.43,2575.14,2537.85,2502.56,2467.28,2396.7,2394.7,2394.7,2394.7
SSD,share_in_agricultural_area_2,,,,,,,,,,,,,,,,,,,,,,,66,73,79,81,81,81,81,83,83,85
SSD,share_in_agricultural_area_3,,,,,,,,,,,,,,,,,,,,,,,25773.2,25773.2,25773.2,25773.2,25773.2,25773.2,25773.2,25773.2,25773,25773
SSD,share_in_land_area_1,,,,,,,,,,,,,,,,,,,,,,,63193,63193,63193,63193,63193,63193,63193,63193,63193,63193
SSD,share_in_land_area_2,,,,,,,,,,,,,,,,,,,,,,,28497.91,28462.62,28427.34,28392.05,28356.76,28321.48,28250.9,28250.9,28250.7,28252.7
SSD,share_in_land_area_3,,,,,,,,,,,,,,,,,,,,,,,27538.09,27573.38,27608.66,27643.95,27679.24,27714.52,27785.1,27785.1,27785.3,27783.3
SSD,share_in_land_area_4,,,,,,,,,,,,,,,,,,,,,,,7157,7157,7157,7157,7157,7157,7157,7157,7157,7157
STP,share_in_agricultural_area_1,2,2,2,2,3,4,4,5,5,6,6,6,6,6,6,6,6,6,6,6,6,4,4,4,4,4,4,4,4,4,4,4
STP,share_in_agricultural_area_2,26,27,27,27,27,23,23,21,25,28,29,29,29,29,28,27,27,27,27,27,26,29,30,30,32,32,35,36,37,37,37,38
STP,share_in_agricultural_area_3,1,1,1,1,1,1,1,1,1,1,1,1,1,1,1,1,1,1,1,1,1,1,1,1,1,1,1,1,1,1,1,1
STP,share_in_land_area_1,96,96,96,96,96,96,96,96,96,96,96,96,96,96,96,96,96,96,96,96,96,96,96,96,96,96,96,96,96,96,96,96
STP,share_in_land_area_2,29,30,30,30,31,28,28,27,31,35,36,36,36,36,35,34,34,34,34,34,33,34,35,35,37,37,40,41,42,42,42,42
STP,share_in_land_area_3,8.38,7.41,7.43,7.46,6.48,9.51,9.54,10.56,6.59,2.61,1.64,1.67,1.69,1.72,2.74,3.77,3.8,3.82,3.85,3.87,4.9,4.52,4.14,4.76,3.38,4,1.62,1.24,0.86,1.48,2.1,2.72
STP,share_in_land_area_4,58.62,58.59,58.57,58.54,58.52,58.49,58.46,58.44,58.41,58.39,58.36,58.33,58.31,58.28,58.26,58.23,58.2,58.18,58.15,58.13,58.1,57.48,56.86,56.24,55.62,55,54.38,53.76,53.14,52.52,51.9,51.28
SUR,share_in_agricultural_area_1,57,57,57,57,57,57,57,57,57,57,57,57,45,55,53,49,49,46,47,58,55,58,52,60,65,65,65,62,62,62,60,58
SUR,share_in_agricultural_area_2,11,11,11,11,11,11,11,10,10,10,10,8,7,6,6,6,6,6,5,5,6,5,5,6,6,6,6,6,6,5,5,4
SUR,share_in_agricultural_area_3,20,21,21,21,21,21,21,21,21,21,21,21,22,19.5,18.5,17.8,17.8,18,18.8,17.4,17.3,17,16.2,17.2,17.2,16,16,16,16,16,16,16
SUR,share_in_land_area_1,15600,15600,15600,15600,15600,15600,15600,15600,15600,15600,15600,15600,15600,15600,15600,15600,15600,15600,15600,15600,15600,15600,15600,15600,15600,15600,15600,15600,15600,15600,15600,15600
SUR,share_in_land_area_2,88,89,89,89,89,89,89,88,88,88,88,86,74,80.5,77.5,72.8,72.8,70,70.8,80.4,78.3,80,73.2,83.2,88.2,87,87,84,84,84,80,78
SUR,share_in_land_area_3,134.37,137.05,140.72,144.4,148.07,151.75,155.43,160.1,163.78,167.45,171.13,177.23,193.33,190.93,198.03,206.84,210.94,217.84,221.14,215.64,221.84,229.78,246.22,245.85,250.49,261.33,272.68,282.98,295.22,307.47,323.71,337.96
SUR,share_in_land_area_4,15377.63,15373.95,15370.28,15366.6,15362.93,15359.25,15355.57,15351.9,15348.22,15344.55,15340.87,15336.77,15332.67,15328.57,15324.47,15320.36,15316.26,15312.16,15308.06,15303.96,15299.86,15290.22,15280.58,15270.95,15261.31,15251.67,15240.32,15233.02,15220.78,15208.53,15196.29,15184.04
SVK,share_in_agricultural_area_1,,,,1562,1561,1557,1553,1550,1547,1539,1528,1442,1410,1413,1393,1391,1378,1377,1382,1382,1392,1391.2,1392.3,1361.6,1359.2,1350,1347,1343,1348,1349,1346,1326
SVK,share_in_agricultural_area_2,,,,49,50,49,49,49,48,48,47,29,28,28,27,26,25,25,23,24,25.4,20.3,20.2,20.8,18.8,18,18,18,17,18,18,18
SVK,share_in_agricultural_area_3,,,,835,835,840,842,846,848,856,865,784,799,795,514,524,536,528,532,524,527.3,518.2,514.9,511,511.4,520.6,521,518,524,518,519,512
SVK,share_in_land_area_1,,,,4810,4810,4810,4810,4810,4810,4810,4810,4810,4810,4811,4810,4810,4810,4810,4810,4809,4809.1,4808.8,4808.8,4808.8,4808,4808.2,4808,4808,4808,4808,4808,4808
SVK,share_in_land_area_2,,,,2446,2446,2446,2444,2445,2443,2443,2440,2255,2237,2236,1934,1941,1939,1930,1937,1930,1944.7,1929.7,1927.4,1925,1921,1922,1948,1942,1947,1941,1936,1878
SVK,share_in_land_area_3,,,,461.84,461.95,462.06,464.16,463.27,465.38,465.48,468.59,651.94,668.29,668.64,967.99,959.34,959.69,967.04,958.39,962.74,946.49,960.42,961.95,963.59,966.02,964.45,936.63,940.1,935.1,941.1,946.1,1004.1
SVK,share_in_land_area_4,,,,1902.16,1902.05,1901.94,1901.84,1901.73,1901.62,1901.52,1901.41,1903.06,1904.71,1906.36,1908.01,1909.66,1911.31,1912.96,1914.61,1916.26,1917.91,1918.68,1919.45,1920.21,1920.98,1921.75,1923.37,1925.9,1925.9,1925.9,1925.9,1925.9
SVN,share_in_agricultural_area_1,,,200,200,196,196,191,173,172,171,173,173,168,173,176,176,178,175,183.41,184.25,184.59,184.35,183.7,184.96,184.04,184.24,184.26,184,181.78,181.23,181.03,180.95
SVN,share_in_agricultural_area_2,,,36,35,34,33,33,32,31,31,31,30,30,29,29,28,28,26,50.07,50.9,51.72,52.54,51.97,52.31,53.07,53.1,53.46,54.04,53.97,53.23,52.92,52.4
SVN,share_in_agricultural_area_3,,,328,325,319,309,301,290,287,298,314,307,307,308,287,305,285,297,385.08,389.97,387.55,383.72,376.12,372.94,377.73,379.15,379.77,377.01,376.26,377.82,376.54,377.61
SVN,share_in_land_area_1,,,2014,2014,2014,2014,2014,2014,2014,2014,2014,2014,2014,2014,2014,2014,2014,2014,2014.62,2014.58,2014.62,2014.6,2014.57,2014,2014,2014.26,2014.2,2013.81,2013.64,2013.64,2013.64,2013.64
SVN,share_in_land_area_2,,,564,560,549,538,525,495,490,500,518,510,505,510,492,509,491,498,618.56,625.12,623.86,620.61,611.79,610.21,618.75,620.66,621.63,619.22,616.18,616.48,614.7,615.28
SVN,share_in_land_area_3,,,253,252.5,259,265.5,274,299.5,300,285.5,263,269.6,273.2,266.8,283.4,265,281.6,273.2,151.86,143.86,143.76,146.79,155.38,156.19,147.45,145.6,146.6,150.66,155.56,157.3,161.11,162.57
SVN,share_in_land_area_4,,,1197,1201.5,1206,1210.5,1215,1219.5,1224,1228.5,1233,1234.4,1235.8,1237.2,1238.6,1240,1241.4,1242.8,1244.2,1245.6,1247,1247.2,1247.4,1247.6,1247.8,1248,1245.97,1243.93,1241.9,1239.86,1237.83,1235.79
SWE,share_in_agricultural_area_1,2841,2787,2765,2777,2777,2764,2809,2796,2781,2744,2599.3,2678.8,2654.5,2641.6,2645.7,2687.1,2645.5,2631.4,2614.7,2627.7,2618.6,2604.1,2593.8,2588.62,2580.73,2575.19,2565.58,2555.11,2541.99,2540.12,2538.55,2535.17
SWE,share_in_agricultural_area_2,4,3,3,3,3,3,3,3,3,3,2.9,2.9,2.9,2.9,2.9,2.9,3.1,3.1,3.1,2.9,2.9,2.6,2.6,4.56,3.59,3.33,3.4,3.32,3.25,3.38,3.48,3.48
SWE,share_in_agricultural_area_3,568,568,576,576,576,500,485,460,447,447,371.9,371.9,482.3,484,504.4,511,501.2,486.2,457.7,436.3,451.9,441.3,434.8,442.9,435.68,449.84,451.94,452.94,455.14,461.28,463.52,463.52
SWE,share_in_land_area_1,40733.97,40733.97,40733.97,40733.97,40733.97,40733.97,40733.97,40733.97,40733.97,40733.97,40733.97,40733.97,40733.97,40733.97,40733.97,40733.97,40733.97,40733.97,40733.97,40733.97,40733.97,40733.97,40733.97,40733.97,40733.97,40731.06,40731.06,40731.06,40731.06,40728.36,40728.35,40728.35
SWE,share_in_land_area_2,3413,3358,3344,3356,3356,3267,3297,3259,3231,3194,2974.1,3053.9,3139.9,3128.7,3153.2,3201.2,3150.1,3120.9,3075.8,3067.2,3073.7,3063.1,3031.5,3036.08,3036.07,3028.35,3020.92,3138.37,3127.39,3132.78,3133.54,3002.91
SWE,share_in_land_area_3,9257.97,9302.97,9306.97,9284.97,9274.97,9353.97,9313.97,9341.97,9359.97,9386.97,9596.87,9526.07,9449.07,9469.27,9453.77,9414.77,9474.87,9513.07,9567.17,9584.77,9587.27,9616.47,9666.67,9680.69,9699.3,9722.71,9730.14,9612.69,9623.67,9615.58,9614.81,9745.44
SWE,share_in_land_area_4,28063,28073,28083,28093,28103,28113,28123,28133,28143,28153,28163,28154,28145,28136,28127,28118,28109,28100,28091,28082,28073,28054.4,28035.8,28017.2,27998.6,27980,27980,27980,27980,27980,27980,27980
SWZ,share_in_agricultural_area_1,180,183,179,178,178,178,178,178,178,178,178,178,178,178,178,178,177,177,177,177,177,177,177,177,177,177,177,177,177,177,177,177
SWZ,share_in_agricultural_area_2,12,12,12,12,12,12,12,13,13,13,13,14,14,14,14,14,14,14,14,15,16,16,16,16,17,17,17,17,18,18,18,18
SWZ,share_in_agricultural_area_3,1046,1032,1032,1032,1032,1032,1032,1032,1032,1032,1032,1032,1032,1032,1032,1032,1032,1032,1032,1032,1028.04,1028,1027,1026,1022,1018,1014,1010,1006,1002,1000,1000
SWZ,share_in_land_area_1,1720,1720,1720,1720,1720,1720,1720,1720,1720,1720,1720,1720,1720,1720,1720,1720,1720,1720,1720,1720,1720,1720,1720,1720,1720,1720,1720,1720,1720,1720,1720,1720
SWZ,share_in_land_area_2,1238,1227,1223,1222,1222,1222,1222,1223,1223,1223,1223,1224,1224,1224,1224,1224,1223,1223,1223,1224,1221.04,1221,1220,1218.75,1216,1212,1208,1204,1201,1197,1195,1195
SWZ,share_in_land_area_3,20.86,30.65,33.43,33.22,32,30.79,29.58,27.36,26.15,24.93,23.72,21.5,20.29,19.08,17.86,16.64,16.43,15.22,14,11.78,13.53,12.36,12.14,12.18,13.71,16.5,19.28,22.07,23.86,26.65,27.44,26.23
SWZ,share_in_land_area_4,461.14,462.35,463.57,464.78,466,467.21,468.42,469.64,470.85,472.07,473.28,474.5,475.71,476.92,478.14,479.36,480.57,481.78,483,484.22,485.43,486.64,487.86,489.07,490.29,491.5,492.72,493.93,495.14,496.35,497.56,498.77
SYC,share_in_agricultural_area_1,1,1,1,1,1,1,1,1,1,1,1,1,1,1,1,1,1,1,1,1,0.9,0.14,0.14,0.15,0.15,0.15,0.15,0.15,0.15,0.15,0.15,0.15
SYC,share_in_agricultural_area_2,3,3,3,3,3,3,3,3,3,3,3,3,3,3,3,3,3,2,2,1.9,1.5,1.33,1.36,1.4,1.4,1.4,1.4,1.4,1.4,1.4,1.4,1.4
SYC,share_in_land_area_1,46,46,46,46,46,46,46,46,46,46,46,46,46,46,46,46,46,46,46,46,46,46,46,46,46,46,46,46,46,46,46,46
SYC,share_in_land_area_2,4,4,4,4,4,4,4,4,4,4,4,4,4,4,4,4,4,3,3,2.9,2.4,1.5,1.5,1.55,1.55,1.55,1.55,1.55,1.55,1.55,1.55,1.55
SYC,share_in_land_area_3,8.3,8.3,8.3,8.3,8.3,8.3,8.3,8.3,8.3,8.3,8.3,8.3,8.3,8.3,8.3,8.3,8.3,9.3,9.3,9.4,9.9,10.8,10.8,10.75,10.75,10.75,10.75,10.75,10.75,10.75,10.75,10.75
SYC,share_in_land_area_4,33.7,33.7,33.7,33.7,33.7,33.7,33.7,33.7,33.7,33.7,33.7,33.7,33.7,33.7,33.7,33.7,33.7,33.7,33.7,33.7,33.7,33.7,33.7,33.7,33.7,33.7,33.7,33.7,33.7,33.7,33.7,33.7
SYR,share_in_agricultural_area_1,4885,4804,4766,4771,4812,4799,4739,4771,4709,4701,4542,4635,4593,4625,4757,4675,4670,4736,4699,4670,4687,4662,4665,4662,4661,4665,4664.6,4668.45,4662.32,4658.15,4660.62,4660.62
SYR,share_in_agricultural_area_2,741,772,788,655,675,703,731,750,775,801,810,815,828,853,869,887,917,947,967,994,1009,1054,1066,1071,1071,1066,1066,1066,1066,1066,1066,1066
SYR,share_in_agricultural_area_3,7869,7936,8059,8216,8299,8287,8320,8283,8270,8265,8359,8273,8338,8335,8279,8266,8290,8214,8232,8244,8212,8199,8190,8188,8187,8186,8185.53,8185.58,8189.36,8187.18,8186.76,8186.76
SYR,share_in_land_area_1,18378,18378,18378,18378,18378,18378,18378,18378,18378,18378,18378,18378,18378,18359,18357,18357,18363,18364,18364,18364,18363,18363,18363,18363,18363,18363,18363,18363,18363,18363,18363,18363
SYR,share_in_land_area_2,13495,13512,13613,13642,13786,13789,13790,13804,13754,13767,13711,13723,13759,13813,13905,13828,13877,13897,13898,13908,13908,13915,13921,13921,13919,13917,13916.13,13920.03,13917.69,13911.33,13913.38,13913.38
SYR,share_in_land_area_3,4510.92,4487.92,4380.92,4345.92,4195.92,4186.92,4179.92,4159.92,4203.92,4184.92,4234.92,4216.92,4174.92,4095.92,3995.92,4066.92,4017.92,3992.92,3985.92,3969.92,3962.92,3949.92,3937.92,3931.92,3927.92,3923.92,3924.79,3920.89,3923.23,3929.59,3927.54,3927.54
SYR,share_in_land_area_4,372.08,378.08,384.08,390.08,396.08,402.08,408.08,414.08,420.08,426.08,432.08,438.08,444.08,450.08,456.08,462.08,468.08,474.08,480.08,486.08,492.08,498.08,504.08,510.08,516.08,522.08,522.08,522.08,522.08,522.08,522.08,522.08
TCD,share_in_agricultural_area_1,3273,3322,3342,3370,3390,3420,3400,3600,3600,3600,3600,3700,3700,3800,3800,3900,3900,3900,3900,4000,4200,4300,4650,5000,5200,5200,5300,5300,5300,5300,5300,5300
TCD,share_in_agricultural_area_2,27,28,28,30,30,30,30,30,30,30,30,30,30,30,30,30,30,31,31,35,35,35,35,36,36,37,38,38,38,38,38,38
TCD,share_in_agricultural_area_3,45000,45000,45000,45000,45000,45000,45000,45000,45000,45000,45000,45000,45000,45000,45000,45000,45000,45000,45000,45000,45000,45000,45000,45000,45000,45000,45000,45000,45000,45000,45000,45000
TCD,share_in_land_area_1,125920,125920,125920,125920,125920,125920,125920,125920,125920,125920,125920,125920,125920,125920,125920,125920,125920,125920,125920,125920,125920,125920,125920,125920,125920,125920,125920,125920,125920,125920,125920,125920
TCD,share_in_land_area_2,48300,48350,48370,48400,48420,48450,48430,48630,48630,48630,48630,48730,48730,48830,48830,48930,48930,48931,48931,49035,49235,49335,49685,50036,50236,50237,50338,50338,50338,50338,50338,50338
TCD,share_in_land_area_3,70890,70877.7,70895.4,70903.1,70920.8,70928.5,70986.2,70823.9,70861.6,70899.3,70937,70919.3,71001.6,70983.9,71066.2,71048.5,71130.8,71212.1,71294.4,71272.7,71155,71183,70961,70738,70666,70793,70813,70931,71047,71160,71269,71380.67
TCD,share_in_land_area_4,6730,6692.3,6654.6,6616.9,6579.2,6541.5,6503.8,6466.1,6428.4,6390.7,6353,6270.7,6188.4,6106.1,6023.8,5941.5,5859.2,5776.9,5694.6,5612.3,5530,5402,5274,5146,5018,4890,4769,4651,4535,4422,4313,4201.33
TGO,share_in_agricultural_area_1,2070,2090,2110,2130,2150,2170,2190,2210,2230,2250,2270,2290,2310,2330,2350,2370,2390,2410,2430,2450,2460,2460,2650,2650,2650,2650,2650,2650,2650,2650,2650,2650
TGO,share_in_agricultural_area_2,90,95,95,100,100,100,100,120,120,120,130,130,130,130,130,150,180,185,205,205,205,205,200,170,170,170,170,170,170,170,170,170
TGO,share_in_agricultural_area_3,1000,1000,1000,1000,1000,1000,1000,1000,1000,1000,1000,1000,1000,1000,1000,1000,1000,1000,1000,1000,1000,1000,1000,1000,1000,1000,1000,1000,1000,1000,1000,1000
TGO,share_in_land_area_1,5439,5439,5439,5439,5439,5439,5439,5439,5439,5439,5439,5439,5439,5439,5439,5439,5439,5439,5439,5439,5439,5439,5439,5439,5439,5439,5439,5439,5439,5439,5439,5439
TGO,share_in_land_area_2,3160,3185,3205,3230,3250,3270,3290,3330,3350,3370,3400,3420,3440,3460,3480,3520,3570,3595,3635,3655,3665,3665,3850,3820,3820,3820,3820,3820,3820,3820,3820,3820
TGO,share_in_land_area_3,917.34,901.66,890.98,875.3,864.62,853.94,843.26,812.58,801.9,791.22,770.54,753.5,736.45,719.41,702.37,665.33,618.29,596.25,559.21,542.17,535.13,538.09,356.05,389.01,391.97,394.93,397.89,400.85,403.81,406.77,409.73,412.69
TGO,share_in_land_area_4,1361.66,1352.34,1343.02,1333.7,1324.38,1315.06,1305.74,1296.42,1287.1,1277.78,1268.46,1265.5,1262.55,1259.59,1256.63,1253.67,1250.71,1247.75,1244.79,1241.83,1238.87,1235.91,1232.95,1229.99,1227.03,1224.07,1221.11,1218.15,1215.19,1212.23,1209.27,1206.31
THA,share_in_agricultural_area_1,17494,17510,17238,17085,17078,17060,17224,17417,17589,17617,17675,17738,17781,17820,17912,17950,17953,17945,17838,17547,17524,17528,17432,17336.27,17042,16911,16867,16747,16745.7,16800,16971.9,17150
THA,share_in_agricultural_area_2,3109,3216,3336,3360,3460,3571,3500,3400,3320,3385,3420,3450,3500,3554,3555,3610,3700,3800,4000,4384,4500,4500,4600,4700,5000,5135,5175,5300,5300,5400,5500,5550
THA,share_in_agricultural_area_3,780,790,800,800,800,800,800,800,800,800,800,800,800,800,800,800,800,800,800,800,800,800,800,800,800,800,800,800,800,800,800,800
THA,share_in_land_area_1,51089,51089,51089,51089,51089,51089,51089,51089,51089,51089,51089,51089,51089,51089,51089,51089,51089,51089,51089,51089,51089,51089,51089,51089,51089,51089,51089,51089,51089,51089,51089,51089
THA,share_in_land_area_2,21383,21516,21374,21245,21338,21431,21524,21617,21709,21802,21895,21988,22081,22174,22267,22360,22453,22545,22638,22731,22824,22828,22832,22836.27,22842,22846,22842,22847,22845.7,23000,23271.9,23500
THA,share_in_land_area_3,10345,10248.3,10426.6,10591.9,10535.2,10478.5,10421.8,10365.1,10309.4,10252.7,10196,9995.5,9795,9594.5,9394,9193.5,8993,8793.5,8593,8392.5,8192,8190.4,8188.8,8186.93,8183.6,8182,8230,8261,8298.3,8180,7944.1,7752
THA,share_in_land_area_4,19361,19324.7,19288.4,19252.1,19215.8,19179.5,19143.2,19106.9,19070.6,19034.3,18998,19105.5,19213,19320.5,19428,19535.5,19643,19750.5,19858,19965.5,20073,20070.6,20068.2,20065.8,20063.4,20061,20017,19981,19945,19909,19873,19837
TJK,share_in_agricultural_area_1,,,860,869,850,844,811,811,784,784,784,783,781,782,778,757,737,746,741,751.4,746.9,743.2,738.6,769.4,800.2,828.8,856,837.9,839.4,844.2,839.4,838
TJK,share_in_agricultural_area_2,,,125,129,120,115,108,106,103,102,102,100,100,98,99,117,140,127,130,133,133.8,134.6,135.4,136.2,137,140,144.4,194.2,197.2,199,201.6,204
TJK,share_in_agricultural_area_3,,,3504,3545,3500,3623,3666,3645,3660,3682,3687,3690,3690,3716,3773,3798,3858,3856,3856,3875,3875,3875,3875,3875,3875,3875,3875,3875,3875,3875,3875,3875
TJK,share_in_land_area_1,,,13996,13996,13996,13996,13996,13996,13996,13996,13996,13996,13996,13996,13996,13996,13996,13996,13996,13996,13996,13996,13996,13996,13878.6,13879,13879,13879,13879,13879,13879,13879
TJK,share_in_land_area_2,,,4489,4543,4470,4582,4585,4562,4547,4568,4573,4573,4571,4596,4650,4672,4735,4729,4727,4759.4,4755.7,4752.8,4749,4780.6,4812.2,4843.8,4875.4,4907.1,4911.6,4918.2,4916,4917
TJK,share_in_land_area_3,,,9098.6,9044.4,9117.2,9005,9001.8,9024.6,9039.4,9018.2,9013,9013,9015,8990,8936,8914,8851,8857,8859,8826.6,8830.3,8830.84,8832.28,8798.32,8646.96,8613.4,8581.8,8550.1,8545.6,8538,8539.2,8537.2
TJK,share_in_land_area_4,,,408.4,408.6,408.8,409,409.2,409.4,409.6,409.8,410,410,410,410,410,410,410,410,410,410,410,412.36,414.72,417.08,419.44,421.8,421.8,421.8,421.8,422.8,423.8,424.8
TKM,share_in_agricultural_area_1,,,1487,1586,1690,1740,1740,1740,1740,1830,1940,2040,2040,2040,2040,2040,2040,2040,1990,1990,1940,1940,1940,1940,1940,1940,1940,1940,1940,1940,1940,1940
TKM,share_in_agricultural_area_2,,,63,64,60,60,60,60,60,60,60,60,60,60,60,60,60,60,60,60,60,60,60,60,60,60,60,60,60,60,60,60
TKM,share_in_agricultural_area_3,,,33800,33800,33700,33700,33700,33700,33700,33650,33500,33400,33250,33090,32950,32780,32600,32450,32300,32155,32000,31838,31838,31838,31838,31838,31838,31838,31838,31838,31838,31838
TKM,share_in_land_area_1,,,46993,46993,46993,46993,46993,46993,46993,46993,46993,46993,46993,46993,46993,46993,46993,46993,46993,46993,46993,46993,46993,46993,46993,46993,46993,46993,46993,46993,46993,46993
TKM,share_in_land_area_2,,,35350,35450,35450,35500,35500,35500,35500,35540,35500,35500,35350,35190,35050,34880,34700,34550,34350,34205,34000,33838,33838,33838,33838,33838,33838,33838,33838,33838,33838,33838
TKM,share_in_land_area_3,,,7516,7416,7416,7366,7366,7366,7366,7326,7366,7366,7516,7676,7816,7986,8166,8316,8516,8661,8866,9028,9028,9028,9028,9028,9028,9028,9028,9028,9028,9028
TKM,share_in_land_area_4,,,4127,4127,4127,4127,4127,4127,4127,4127,4127,4127,4127,4127,4127,4127,4127,4127,4127,4127,4127,4127,4127,4127,4127,4127,4127,4127,4127,4127,4127,4127
TLS,share_in_agricultural_area_1,110,120,120,125,130,130,130,127,125,120,120,119.6,119.2,118.8,118.4,118,117.6,117.2,116.8,116.4,116,115.6,115.2,114.8,114.4,114,113.6,113.2,112.8,111.5,111.5,111.5
TLS,share_in_agricultural_area_2,58,60,60,60,60,60,62,66,66,67,67,67,67,65,65,65,65,65,70,72,72,73,73.9,74.8,75.7,76.6,77.5,78.4,79.3,79.9,79.9,79.9
TLS,share_in_agricultural_area_3,150,150,150,150,150,150,150,150,150,150,150,150,150,150,150,150,150,150,150,150,150,150,150,150,150,150,150,150,150,150,150,150
TLS,share_in_land_area_1,1487,1487,1487,1487,1487,1487,1487,1487,1487,1487,1487,1487,1487,1487,1487,1487,1487,1487,1487,1487,1487,1487,1487,1487,1487,1487,1487,1487,1487,1487,1487,1487
TLS,share_in_land_area_2,318,330,330,335,340,340,342,343,341,337,337,336.6,336.2,333.8,333.4,333,332.6,332.2,336.8,338.4,338,338.6,339.1,339.6,340.1,340.6,341.1,341.6,342.1,341.4,341.4,341.4
TLS,share_in_land_area_3,205.9,195.3,196.7,193.1,189.5,190.9,190.3,190.7,194.1,199.5,200.9,202.7,204.5,208.3,210.1,211.9,213.7,215.5,212.3,212.1,213.9,214.7,215.6,216.5,217.4,218.3,219.2,219.8,221,223.1,224.5,225.9
TLS,share_in_land_area_4,963.1,961.7,960.3,958.9,957.5,956.1,954.7,953.3,951.9,950.5,949.1,947.7,946.3,944.9,943.5,942.1,940.7,939.3,937.9,936.5,935.1,933.7,932.3,930.9,929.5,928.1,926.7,925.6,923.9,922.5,921.1,919.7
TON,share_in_agricultural_area_1,16,16,16,16,16,16,16,15,15,15,15,15,15,15,15,15,16,16,16,17,17,17,18,18,19,20,20,20,20,20,20,20
TON,share_in_agricultural_area_2,12,12,12,12,12,13,13,12,12,12,11,11,11,11,11,11,11,11,11,11,11,11,11,11,11,11,11,11,11,11,11,11
TON,share_in_agricultural_area_3,4,4,4,4,4,4,4,4,4,4,4,4,4,4,4,4,4,4,4,4,4,4,4,4,4,4,4,4,4,4,4,4
TON,share_in_land_area_1,72,72,72,72,72,72,72,72,72,72,72,72,72,72,72,72,72,72,72,72,72,72,72,72,72,72,72,72,72,72,72,72
TON,share_in_land_area_2,32,32,32,32,32,33,33,31,31,31,30,30,30,30,30,30,31,31,31,32,32,32,33,33,34,35,35,35,35,35,35,35
TON,share_in_land_area_3,31.05,31.05,31.05,31.05,31.05,30.05,30.05,32.05,32.05,32.05,33.05,33.05,33.05,33.05,33.05,33.05,32.05,32.05,32.05,31.05,31.05,31.05,30.05,30.05,29.05,28.05,28.05,28.05,28.05,28.05,28.05,28.05
TON,share_in_land_area_4,8.95,8.95,8.95,8.95,8.95,8.95,8.95,8.95,8.95,8.95,8.95,8.95,8.95,8.95,8.95,8.95,8.95,8.95,8.95,8.95,8.95,8.95,8.95,8.95,8.95,8.95,8.95,8.95,8.95,8.95,8.95,8.95
TTO,share_in_agricultural_area_1,36,40,40,40,40,40,40,35,35,35,35,30,30,30,26,25,25,25,25,25,25,25,25,25,25,25,25,25,25,25,25,25
TTO,share_in_agricultural_area_2,35,35,35,35,35,30,30,30,25,25,25,23,23,23,22,22,22,22,22,22,22,22,22,22,22,22,22,22,22,22,22,22
TTO,share_in_agricultural_area_3,6,6,6,6,6,6,6,6,6,7,7,7,7,7,7,7,7,7,7,7,7,7,7,7,7,7,7,7,7,7,7,7
TTO,share_in_land_area_1,513,513,513,513,513,513,513,513,513,513,513,513,513,513,513,513,513,513,513,513,513,513,513,513,513,513,513,513,513,513,513,513
TTO,share_in_land_area_2,77,81,81,81,81,76,76,71,66,67,67,60,60,60,55,54,54,54,54,54,54,54,54,54,54,54,54,54,54,54,54,54
TTO,share_in_land_area_3,193.94,190.48,191.02,191.56,192.1,197.64,198.19,203.73,209.27,208.81,209.35,216.77,217.2,217.62,223.05,224.47,224.89,225.32,225.74,226.17,226.59,227.01,227.44,227.86,228.29,228.71,229.13,229.55,229.97,230.39,230.81,231.23
TTO,share_in_land_area_4,242.06,241.52,240.98,240.44,239.9,239.36,238.81,238.27,237.73,237.19,236.65,236.23,235.8,235.38,234.95,234.53,234.11,233.68,233.26,232.83,232.41,231.99,231.56,231.14,230.71,230.29,229.87,229.45,229.03,228.61,228.19,227.77
TUN,share_in_agricultural_area_1,2909,2908,2908,2987,2830,2842,2845,2845,2879,2909,2864,2774,2771,2790,2791,2730,2763,2733,2835,2707,2823,2839,2848,2853,2588,2570,2563.6,2606.9,2569.6,2569.6,2831.3,2831.3
TUN,share_in_agricultural_area_2,1942,1967,1973,1965,1983,2036,2083,2072,2071,2105,2126,2135,2137,2140,2154,2166,2182,2202,2206,2229,2363,2394,2275,2276,2332,2347,2371,2386,2380.9,2380.9,2119.2,2119.2
TUN,share_in_agricultural_area_3,4340,4335,4474,4470,4470,4470,4396,4430,4470,4512,4561,4590,4855,4854,4885,4928,4861,4870,4840,4853,4852,4839,4799,4814,4841,4917,4768,4750,4750,4750,4750,4750
TUN,share_in_land_area_1,15536,15536,15536,15536,15536,15536,15536,15536,15536,15536,15536,15536,15536,15536,15536,15536,15536,15536,15536,15536,15536,15536,15536,15536,15536,15536,15536,15536,15536,15536,15536,15536
TUN,share_in_land_area_2,9191,9210,9355,9422,9283,9348,9324,9347,9420,9526,9551,9499,9763,9784,9830,9824,9806,9805,9881,9789,10038,10072,9922,9943,9761,9834,9702.6,9742.9,9700.5,9700.5,9700.5,9700.5
TUN,share_in_land_area_3,5701.02,5679.64,5532.25,5462.86,5599.47,5532.09,5553.7,5528.31,5452.92,5344.54,5317.15,5367.19,5101.23,5078.28,5030.32,5034.36,5050.4,5049.44,4971.49,5061.53,4810.57,4775.04,4923.51,4900.98,5081.45,5006.92,5136.79,5094.96,5135.83,5134.3,5132.77,5131.24
TUN,share_in_land_area_4,643.98,646.36,648.75,651.14,653.53,655.91,658.3,660.69,663.08,665.46,667.85,669.81,671.77,673.72,675.68,677.64,679.6,681.56,683.51,685.47,687.43,688.96,690.49,692.02,693.55,695.08,696.61,698.14,699.67,701.2,702.73,704.26
TUR,share_in_agricultural_area_1,24647,24666,24514,24481,24705,24654,24514,24297,24439,24279,23826,23801,23994,23372,23871,23830,22981,21979,21555,21351,21384,20539,20577,20574,20699,20650,20382,19998,19723,19580,19586,19881
TUR,share_in_agricultural_area_2,3030,3023,3012,3054,3066,2461,2472,2567,2530,2523,2553,2550,2585,2655,2722,2776,2895,2909,2950,2943,3011,3091,3213,3232,3238,3284,3329,3348,3457,3519,3559,3591
TUR,share_in_agricultural_area_3,12000,12378,12378,12378,12378,12378,12378,12378,12950,13500,14100,14617,14617,14617,14617,14617,14617,14617,14617,14617,14617,14617,14617,14617,14617,14617,14617,14617,14617,14617,14617,14617
TUR,share_in_land_area_1,76963,76963,76963,76963,76963,76963,76963,76963,76963,76963,76963,76963,76963,76963,76963,76963,76963,76963,76963,76963,76963,76963,76963,76963,76963,76963,76963,76963,76963,76963,76963,76963
TUR,share_in_land_area_2,39677,40067,39904,39913,40149,39493,39364,39242,39919,40302,40479,40968,41196,40644,41210,41223,40493,39505,39122,38911,39012,38247,38407,38423,38554,38551,38328,37964,37802,37716,37762,38089
TUR,share_in_land_area_3,17502.52,17076.03,17202.55,17157.06,16884.57,17504.08,17596.6,17682.11,16968.62,16549.14,16335.65,15753.18,15431.7,15890.23,15230.76,15124.28,15760.81,16655.34,16944.87,17062.39,16867.92,17523.48,17254.03,17128.59,16888.14,16781.7,17004.7,17246.54,17252.64,17182.64,16980.64,16497.64
TUR,share_in_land_area_4,19783.48,19819.97,19856.45,19892.94,19929.43,19965.92,20002.4,20038.89,20075.38,20111.86,20148.35,20241.82,20335.3,20428.77,20522.24,20615.72,20709.19,20802.66,20896.13,20989.61,21083.08,21192.52,21301.97,21411.41,21520.86,21630.3,21630.3,21752.46,21908.36,22064.36,22220.36,22376.36
TUV,share_in_agricultural_area_2,2,2,2,2,2,2,2,2,2,2,2,1.7,1.7,1.7,1.7,1.7,1.7,1.8,1.8,1.8,1.8,1.8,1.8,1.8,1.8,1.8,1.8,1.8,1.8,1.8,1.8,1.8
TUV,share_in_land_area_1,3,3,3,3,3,3,3,3,3,3,3,3,3,3,3,3,3,3,3,3,3,3,3,3,3,3,3,3,3,3,3,3
TUV,share_in_land_area_2,2,2,2,2,2,2,2,2,2,2,2,1.7,1.7,1.7,1.7,1.7,1.7,1.8,1.8,1.8,1.8,1.8,1.8,1.8,1.8,1.8,1.8,1.8,1.8,1.8,1.8,1.8
TUV,share_in_land_area_3,0,0,0,0,0,0,0,0,0,0,0,0.3,0.3,0.3,0.3,0.3,0.3,0.2,0.2,0.2,0.2,0.2,0.2,0.2,0.2,0.2,0.2,0.2,0.2,0.2,0.2,0.2
TUV,share_in_land_area_4,1,1,1,1,1,1,1,1,1,1,1,1,1,1,1,1,1,1,1,1,1,1,1,1,1,1,1,1,1,1,1,1
TZA,share_in_agricultural_area_1,9000,9003,8800,8900,8900,8900,9000,8908,8725,8700,8600,8530,8600,8540,9097.1,9654.2,10211.3,10768.4,11325.7,11507.1,11688.5,11869.9,12051.3,12232.7,12414.1,12595.5,12776.9,12958.3,13139.7,13321.1,13502.5,13502.5
TZA,share_in_agricultural_area_2,1000,1000,1000,1000,1000,1000,1000,1095,1275,1300,1400,1570,1600,1730,1660,1660,1660,1650,1648.7,1679.6,1710.5,1741.4,1772.3,1803.2,1834.1,1865,1895.9,1926.8,1957.7,1988.6,2018.7,2018.7
TZA,share_in_agricultural_area_3,21189.99,21558.99,22133.99,22405.99,22777.99,23149.99,23421.99,23700,23800,23900,24000,24000,24000,24000,24000,24000,24000,24000,24000,24000,24000,24000,23673.99,24000,24000,24000,24000,24000,24000,24000,24000,24000
TZA,share_in_land_area_1,88580,88580,88580,88580,88580,88580,88580,88580,88580,88580,88580,88580,88580,88580,88580,88580,88580,88580,88580,88580,88580,88580,88580,88580,88580,88580,88580,88580,88580,88580,88580,88580
TZA,share_in_land_area_2,31189.99,31561.99,31933.99,32305.99,32677.99,33049.99,33421.99,33703,33800,33900,34000,34100,34200,34270,34757.1,35314.2,35871.3,36418.4,36974.4,37186.7,37399,37611.3,37497.59,38035.9,38248.2,38460.5,38672.8,38885.1,39097.4,39309.7,39521.2,39521.2
TZA,share_in_land_area_3,0,0,0,0,0,0,0,90.99,365.99,637.99,909.99,1181.99,1453.99,1755.99,1640.89,1455.79,1270.69,1095.59,911.59,1071.29,1230.99,1390.69,1876.4,1710.1,1869.8,2029.5,2286.2,2542.9,2799.6,3056.3,3313.8,3782.8
TZA,share_in_land_area_4,57390.01,57018.01,56646.01,56274.01,55902.01,55530.01,55158.01,54786.01,54414.01,54042.01,53670.01,53298.01,52926.01,52554.01,52182.01,51810.01,51438.01,51066.01,50694.01,50322.01,49950.01,49578.01,49206.01,48834,48462,48090,47621,47152,46683,46214,45745,45276
UGA,share_in_agricultural_area_1,5000,5020,5040,5040,5060,5060,5060,5060,5080,5100,5300,5400,5600,5850,5950,5950,6100,6250,6450,6600,6750,6850,6900,6900,6900,6900,6900,6900,6900,6900,6900,6900
UGA,share_in_agricultural_area_2,1850,1900,1900,1930,1930,1950,2000,2000,2050,2050,2100,2100,2100,2150,2200,2200,2200,2200,2200,2200,2200,2200,2200,2200,2200,2200,2200,2200,2200,2200,2200,2200
UGA,share_in_agricultural_area_3,5112,5112,5112,5112,5112,5112,5112,5112,5112,5112,5112,5112,5112,5112,5112,5112,5162.75,5213.5,5264.25,5315,5315,5315,5315,5315,5315,5315,5315,5315,5315,5315,5315,5315
UGA,share_in_land_area_1,19981,19981,19981,19981,19981,19981,19981,19981,19981,19981,19981,19981,19981,19981,19981,19981,19981,19981,19981,19981,20052,20052,20052,20052,20052,20052,20052,20052,20052,20052,20052,20052
UGA,share_in_land_area_2,11962,12032,12052,12082,12102,12122,12172,12172,12242,12262,12512,12612,12812,13112,13262,13262,13462.75,13663.5,13914.25,14115,14265,14365,14415,14415,14415,14415,14415,14415,14415,14415,14415,14415
UGA,share_in_land_area_3,4443.53,4414.78,4436.03,4447.29,4468.54,4489.79,4481.04,4522.29,4493.55,4514.8,4306.05,4247.3,4088.56,3829.81,3721.06,3762.32,3602.82,3443.32,3233.82,3074.33,3036.58,2977.83,2969.08,3010.34,3051.59,3092.84,3134.09,3175.34,3216.59,3257.85,3299.1,3340.36
UGA,share_in_land_area_4,3575.47,3534.22,3492.97,3451.71,3410.46,3369.21,3327.96,3286.71,3245.45,3204.2,3162.95,3121.7,3080.44,3039.19,2997.94,2956.68,2915.43,2874.18,2832.93,2791.67,2750.42,2709.17,2667.92,2626.66,2585.41,2544.16,2502.91,2461.66,2420.41,2379.15,2337.9,2296.64
UKR,share_in_agricultural_area_1,,,33362,33334,33291,33286,33189,33081,32858,32670,32564,32537,32544,32480,32482,32452,32446,32434,32474,32478,32477,32499,32518,32777,32770,32775,32776,32773,32889,32924,32924,32924
UKR,share_in_agricultural_area_2,,,1094,1083,1066,1043,1022,1000,963,945,932,924,913,907,904,901,899,899,900,898,897,896,894,894,893,892,897,895,863,853,853,853
UKR,share_in_agricultural_area_3,,,7473,7473,7504,7524,7629,7773,7790,7838,7910,7924,7939,7968,7968,7951,7939,7933,7918,7900,7893,7886,7885,7855,7848,7841,7842,7821,7577,7534,7534,7534
UKR,share_in_land_area_1,,,57935,57935,57935,57935,57935,57935,57935,57935,57935,57935,57934,57934,57934,57938,57936,57933,57932,57932,57932,57932,57932,57932,57929,57929,57929,57930,57940,57940,57940,57940
UKR,share_in_land_area_2,,,41929,41890,41861,41853,41840,41854,41611,41453,41406,41385,41396,41355,41354,41304,41284,41266,41292,41276,41267,41281,41297,42114,42099,42095,42102,42075,41913,41892,41892,41892
UKR,share_in_land_area_3,,,6684.8,6700.2,6705.6,6690,6679.4,6641.8,6861.2,6995.6,7019,7036.2,7020.4,7057.6,7054.8,7105,7119.2,7130.4,7099.6,7111.8,7117,7081.2,7043.4,6204.6,6194.8,6177,6163,6184,6349,6364,6358,6352
UKR,share_in_land_area_4,,,9321.2,9344.8,9368.4,9392,9415.6,9439.2,9462.8,9486.4,9510,9513.8,9517.6,9521.4,9525.2,9529,9532.8,9536.6,9540.4,9544.2,9548,9569.8,9591.6,9613.4,9635.2,9657,9664,9671,9678,9684,9690,9696
URY,share_in_agricultural_area_1,1241,1254,1267,1280,1293,1306,1319,1333,1347,1361,1373,1377,1381,1385,1389,1392,1396,1476,1826,2195,2033,2352,2160,2307.7,2436.1,2428.6,2226.3,2183.9,2151.8,2088.3,2024.4,2030.6
URY,share_in_agricultural_area_2,45,45,45,45,45,45,44,43,42,41,42,42,42,42,40,40,31,33,33,31,38,39,39,39,39,39,39,39,39,39,39,39
URY,share_in_agricultural_area_3,13631,13622,13613,13605,13596,13587,13578,13569,13561,13552,13543,13543,13500,13500,13400,13400,13268,13041,12815,12588,12362,12135,12038,12000,12000,12000,12000,12000,12000,12000,12000,12000
URY,share_in_land_area_1,17502,17502,17502,17502,17502,17502,17502,17502,17502,17502,17502,17502,17502,17502,17502,17502,17502,17502,17502,17502,17502,17502,17502,17502,17502,17502,17502,17502,17502,17502,17502,17502
URY,share_in_land_area_2,14917,14921,14925,14930,14934,14938,14941,14945,14950,14954,14958,14962,14923,14927,14829,14832,14695,14550,14674,14814,14433,14526,14237,14346.7,14475.1,14467.6,14265.3,14222.9,14190.8,14127.3,14063.4,14069.6
URY,share_in_land_area_3,1787,1725.9,1664.8,1602.7,1541.6,1480.5,1420.4,1359.3,1297.2,1236.1,1175,1134.77,1137.54,1097.31,1159.08,1119.85,1220.62,1329.39,1169.16,992.93,1337.7,1206.96,1458.22,1310.78,1144.64,1114.4,1289.7,1311.1,1322.2,1364.7,1407.6,1380.4
URY,share_in_land_area_4,798,855.1,912.2,969.3,1026.4,1083.5,1140.6,1197.7,1254.8,1311.9,1369,1405.23,1441.46,1477.69,1513.92,1550.15,1586.38,1622.61,1658.84,1695.07,1731.3,1769.04,1806.78,1844.52,1882.26,1920,1947,1968,1989,2010,2031,2052
USA,share_in_agricultural_area_1,185676,185676,184080,182748,181939,181839,179006,177592,176782,175368,175368,175400,172977,170731.3,168515.9,166270.6,164025.3,161780,160425.5,159071,157716.5,156362,155007.5,155553.4,156099.3,156645.1,157191,157736.8,157736.8,157736.8,157736.8,157736.8
USA,share_in_agricultural_area_2,2100,2100,2100,2200,2200,2300,2300,2500,2500,2700,2700,2700,2730,2730,2700,2700,2700,2700,2700,2700,2700,2700,2700,2700,2700,2700,2700,2700,2700,2700,2700,2700
USA,share_in_agricultural_area_3,239172,239172,239249,238000,237000,236000,235000,234793,235306,235819,236331,236844,237357,239561,241765,243969,246173.5,248377.6,247776.8,247176,246575.2,245974.4,245373.55,245373.6,245373.6,245373.6,245373.6,245373.55,245373.55,245373.55,245373.55,245373.55
USA,share_in_land_area_1,915896,915896,915896,915896,915896,915896,915896,915896,915896,915896,916192,916192,916192,916192,916192,916192,916192,916192,914742,914742,914742,914742,914742,914742,914742,914742,914742,914742,914742,914742,914742,914742
USA,share_in_land_area_2,426948,426948,425429,422948,421139,420139,416306,414885,414588,413887,414399,414944,413064,413022.3,412980.9,412939.6,412898.8,412857.6,410902.3,408947,406991.7,405036.4,403081.05,403627,404172.9,404718.7,405264.6,405810.35,405810.35,405810.35,405810.35,405810.35
USA,share_in_land_area_3,186498,186389.4,187799.8,190172.2,191872.6,192764,196488.4,197800.8,197989.2,198581.6,198257,197193.6,198555.2,198078.5,197601.5,197124.4,196646.8,196169.6,196156.5,197593.4,199030.3,200710.6,202390.95,201570,200749.1,199928.3,199382.4,199136.65,199136.65,199136.65,199136.65,199136.65
USA,share_in_land_area_4,302450,302558.6,302667.2,302775.8,302884.4,302993,303101.6,303210.2,303318.8,303427.4,303536,304054.4,304572.8,305091.2,305609.6,306128,306646.4,307164.8,307683.2,308201.6,308720,308995,309270,309545,309820,310095,310095,309795,309795,309795,309795,309795
UZB,share_in_agricultural_area_1,,,4474,4471,4468,4475,4476,4477,4478,4479,4480,4481,4484,4445,4406,4367,4328,4289,4250,4211,4172,4133,4094,4055,4044,4041,4035.3,4026.4,4019.8,4033.5,4023,4016.1
UZB,share_in_agricultural_area_2,,,380,376,372,368,364,360,356,352,348,344,343,345,347,349,351,353,355,357,359,361,363,368,372,381,386,391.6,398,403.8,415.2,421.4
UZB,share_in_agricultural_area_3,,,22870,22800,22800,22800,22800,22800,22500,22500,22500,22500,22219,22075,21931,21787,21643,21499,21355,21211,21067,20923,20779,20637,21126,21126,21124.4,21115.2,21102.5,21118,21244.3,21253.1
UZB,share_in_land_area_1,,,42540,42540,42540,42540,42540,42540,42540,42540,43596.5,43591.1,43591.1,43587.7,43585.3,43584.9,43585,43598.4,43596.7,43594.5,43589.2,43580.9,43580,43578.9,43578.9,44060,44059.1,44058.8,44058.7,44055.5,44065,44065.3
UZB,share_in_land_area_2,,,27724,27647,27640,27643,27640,27637,27334,27331,27328,27325,27046,26865,26684,26503,26322,26141,25960,25779,25598,25417,25236,25060,25542,25548,25545.7,25533.2,25520.3,25555.3,25682.5,25690.6
UZB,share_in_land_area_3,,,12184.21,12220,12185.79,12141.58,12103.38,12065.17,12326.96,12288.75,13307.04,13265.83,13506.01,13644.8,13784.58,13926.37,14068.66,14224.24,14364.73,14504.71,14641.6,14774.34,14914.48,15049.42,14527.46,14962.6,14927.1,14913.46,14900.42,14836.38,14692.84,14659.2
UZB,share_in_land_area_4,,,2631.79,2673,2714.21,2755.42,2796.62,2837.83,2879.04,2920.25,2961.46,3000.27,3039.09,3077.9,3116.72,3155.53,3194.34,3233.16,3271.97,3310.79,3349.6,3389.56,3429.52,3469.48,3509.44,3549.4,3586.3,3612.14,3637.98,3663.82,3689.66,3715.5
VCT,share_in_agricultural_area_1,3.08,2.97,2.86,2.75,2.64,2.53,2.42,2.31,2.2,2.09,2,2,2,2,2,2,2,2,2,2,2,2,2,2,2,2,2,2,2,2,2,2
VCT,share_in_agricultural_area_2,5.5,5.25,5,4.75,4.5,4.25,4,3.75,3.5,3.25,3,3,3,3,3,3,3,3,3,3,3,3,3,3,3,3,3,3,3,3,3,3
VCT,share_in_agricultural_area_3,2,2,2,2,2,2,2,2,2,2,2,2,2,2,2,2,2,2,2,2,2,2,2,2,2,2,2,2,2,2,2,2
VCT,share_in_land_area_1,39,39,39,39,39,39,39,39,39,39,39,39,39,39,39,39,39,39,39,39,39,39,39,39,39,39,39,39,39,39,39,39
VCT,share_in_land_area_2,10.58,10.22,9.86,9.5,9.14,8.78,8.42,8.06,7.7,7.34,7,7,7,7,7,7,7,7,7,7,7,7,7,7,7,7,7,7,7,7,7,7
VCT,share_in_land_area_3,0.88,1.14,1.4,1.66,1.92,2.18,2.44,2.7,2.96,3.22,3.46,3.46,3.46,3.46,3.46,3.46,3.46,3.46,3.46,3.46,3.46,3.46,3.46,3.46,3.46,3.46,3.46,3.46,3.46,3.46,3.46,3.46
VCT,share_in_land_area_4,27.54,27.64,27.74,27.84,27.94,28.04,28.14,28.24,28.34,28.44,28.54,28.54,28.54,28.54,28.54,28.54,28.54,28.54,28.54,28.54,28.54,28.54,28.54,28.54,28.54,28.54,28.54,28.54,28.54,28.54,28.54,28.54
VEN,share_in_agricultural_area_1,2832,2844,2601,2599,2593,2593,2593,2593,2593,2593,2595,2598,2598,2600,2650,2655,2655,2659,2700,2600,2600,2600,2600,2600,2600,2600,2600,2600,2600,2600,2600,2600
VEN,share_in_agricultural_area_2,778,768,761,763,773,783,793,803,803,800,800,800,800,700,700,700,700,700,700,700,700,700,700,700,700,700,700,700,700,700,700,700
VEN,share_in_agricultural_area_3,18250,18245,18245,18241,18240,18240,18240,18240,18240,18240,18240,18240,18240,18240,18240,18240,18200,18200,18200,18200,18200,18200,18200,18200,18200,18200,18200,18200,18200,18200,18200,18200
VEN,share_in_land_area_1,88205,88205,88205,88205,88205,88205,88205,88205,88205,88205,88205,88205,88205,88205,88205,88205,88205,88205,88205,88205,88205,88205,88205,88205,88205,88205,88205,88205,88205,88205,88205,88205
VEN,share_in_land_area_2,21860,21857,21607,21603,21606,21616,21626,21636,21636,21633,21635,21638,21638,21540,21590,21595,21555,21559,21600,21500,21500,21500,21500,21500,21500,21500,21500,21500,21500,21500,21500,21500
VEN,share_in_land_area_3,14319,14609.5,15147,15438.5,15723,16000.5,16278,16555.5,16843,17133.5,17419,17580.6,17745.2,18007.8,18122.4,18282,18486.6,18647.2,18770.8,19035.4,19200,19364.4,19528.8,19693.2,19857.6,20022,20161.74,20276.82,20367.24,20433,20474.1,20531.64
VEN,share_in_land_area_4,52026,51738.5,51451,51163.5,50876,50588.5,50301,50013.5,49726,49438.5,49151,48986.4,48821.8,48657.2,48492.6,48328,48163.4,47998.8,47834.2,47669.6,47505,47340.6,47176.2,47011.8,46847.4,46683,46543.26,46428.18,46337.76,46272,46230.9,46173.36
VNM,share_in_agricultural_area_1,5339,5368,5506,5516,5464,5403,5554,5668,5763,6000,6200,6649,6600,6581,6469.5,6358,6348,6309.6,6282.5,6300,6437.4,6437.6,6401.3,6422.8,6409.5,7002.8,6998,6988.3,6952.1,6784,6787,6787
VNM,share_in_agricultural_area_2,1045,1057,1191,1243,1348,1348,1450,1534,1650,1771,1938,2192,2213,2314,2684.1,3054.1,3088,3111,3316.3,3350,3680.7,3689,3750,3788,3822.2,4503,4532.2,4538.5,4546.4,4962,4931,4931
VNM,share_in_agricultural_area_3,342,326,328,328,328,328,678,642,642,642,642,642,642,642,642,642,642,642,642,642,642,642,642,642,642,642,642,642,642,642,642,642
VNM,share_in_land_area_1,32549,32549,32549,32549,32549,32549,32549,32549,32549,32549,31106,31109,31055,31007,31007,31283.7,31279.5,31255.8,31279.2,31276.2,31329.4,31328.4,31345.7,31300.73,31337.1,31338.3,31338.7,31340.3,31342.9,31342.9,31342.9,31342.9
VNM,share_in_land_area_2,6726,6751,7025,7087,7140,7079,7682,7844,8055,8413,8780,9483,9455,9537,9795.6,10054.1,10078,10062.6,10240.8,10292,10760.1,10768.6,10793.3,10852.8,10873.7,12147.8,12172.2,12168.8,12140.5,12388,12360,12360
VNM,share_in_land_area_3,16447.04,16181.23,15666.41,15363.6,15069.78,14889.97,14046.16,13643.34,13191.53,12592.71,10541.9,9681.5,9495.11,9204.71,8785.72,8643.52,8455.02,8286.33,7971.13,7756.54,7181.24,7036.98,6894.82,6655.59,6536.3,5128.64,4788.82,4756.11,4711.11,4387.71,4339.81,4263.91
VNM,share_in_land_area_4,9375.96,9616.77,9857.59,10098.4,10339.22,10580.03,10820.84,11061.66,11302.47,11543.29,11784.1,11944.5,12104.89,12265.29,12425.68,12586.08,12746.48,12906.87,13067.27,13227.66,13388.06,13522.82,13657.58,13792.34,13927.1,14061.86,14377.68,14415.39,14491.29,14567.19,14643.09,14718.99
VUT,share_in_agricultural_area_1,20,20,20,20,20,20,20,20,20,20,20,20,20,20,20,20,20,20,20,20,20,20,20,20,20,20,20,20,20,20,20,20
VUT,share_in_agricultural_area_2,97,99,100,102,103,105,107,108,110,111,113,115,116,118,119,121,123,125,125,125,125,125,125,125,125,125,125,125,125,125,125,125
VUT,share_in_agricultural_area_3,35,35,37,37,37,40,40,40,42,42,42,42,42,42,42,42,42,42,42,42,42,42,42,42,42,42,42,42,42,42,42,42
VUT,share_in_land_area_1,1219,1219,1219,1219,1219,1219,1219,1219,1219,1219,1219,1219,1219,1219,1219,1219,1219,1219,1219,1219,1219,1219,1219,1219,1219,1219,1219,1219,1219,1219,1219,1219
VUT,share_in_land_area_2,152,154,157,159,160,165,167,168,172,173,175,177,178,180,181,183,185,187,187,187,187,187,187,187,187,187,187,187,187,187,187,187
VUT,share_in_land_area_3,624.7,622.7,619.7,617.7,616.7,611.7,609.7,608.7,604.7,603.7,601.7,599.7,598.7,596.7,595.7,593.7,591.7,589.7,589.7,589.7,589.7,589.7,589.7,589.7,589.7,589.7,589.7,589.7,589.7,589.7,589.7,589.7
VUT,share_in_land_area_4,442.3,442.3,442.3,442.3,442.3,442.3,442.3,442.3,442.3,442.3,442.3,442.3,442.3,442.3,442.3,442.3,442.3,442.3,442.3,442.3,442.3,442.3,442.3,442.3,442.3,442.3,442.3,442.3,442.3,442.3,442.3,442.3
WORLD,share_in_agricultural_area_1,1367803.88,1369682.04,1365990.34,1364006.7,1360592,1360080.36,1359217.06,1363348.63,1362527.94,1363838.33,1360809.79,1361421.9,1359089.53,1362569.42,1365118.69,1367737.73,1364683.96,1363257.44,1362498.56,1368038.82,1367633.94,1375596.95,1380340.31,1382843.3,1385090.57,1388023.82,1390171.13,1392693.45,1392772.04,1391107.48,1394226.25,1396673.2
WORLD,share_in_agricultural_area_2,115425.05,116388.57,117708.99,120190.98,123097.41,124239.09,125541.88,127071.27,128442.77,131302.44,133134.86,135461.53,136848.45,138975.97,141849.49,144954.87,147787.44,151012.51,152592.05,154735.16,157727.18,160236.37,162355.21,164653.8,166129.59,169088.32,170005.58,174077.52,177921.81,180356.18,181682.69,183203.45
WORLD,share_in_agricultural_area_3,3294230.44,3295146.66,3336958.44,3319736.74,3342476.17,3340579.84,3347989.59,3362550.43,3375408.89,3373584.4,3379750.75,3378801.06,3371771.49,3347888.14,3301054.44,3302681.84,3302436.6,3292281.2,3275678.04,3262072.9,3258864.04,3267174.33,3254217.3,3239272.11,3235342.86,3207698.44,3200650.72,3225897.99,3209583.58,3211920.44,3203213.13,3207673.48
WORLD,share_in_land_area_1,13040090.52,13040100.53,12995803.73,12995429.14,12994224.45,12993928.46,12993882.94,13000816.91,12998213.69,12998892.47,13004794.7,13004676.69,13004457.99,13005171.63,13019826.78,13020101.01,13019879.82,13019858.04,13018272.02,13018116.12,13018353.82,13018402.02,13030805.33,13030629.12,13030567.17,13030932.46,13031912.24,13031183.65,13031254.3,13031170.14,13030777.67,13014611.75
WORLD,share_in_land_area_2,4777459.38,4781216.79,4820657.76,4803934.42,4826165.58,4824899.29,4832748.75,4852970.33,4866379.6,4868725.18,4873695.4,4875685.34,4867709.68,4849433.73,4853226.82,4850293.64,4840530.65,4833644.84,4818768.95,4809619.18,4806433.46,4816574.39,4815311.13,4815785.2,4824044.76,4788150.94,4794772.37,4820995.12,4805869.65,4811191.76,4807762.87,4817696.12
WORLD,share_in_land_area_3,4026197.71,4030288.71,3954389.33,3978576.47,3962979,3971787.7,3971731.1,3966281.89,3958107.79,3964279.38,3973049.77,3976115.09,3989045.3,4013208.15,4029243.46,4037624.13,4052339.2,4064376.48,4082839.61,4097006.74,4105603.41,4100000.57,4118157.05,4121996.66,4118165.05,4158914.05,4156536.33,4136431.35,4156461.37,4156135.3,4164083.99,4143009.04
WORLD,share_in_land_area_4,4236433.42,4228595.03,4220756.64,4212918.25,4205079.86,4197241.47,4189403.08,4181564.69,4173726.3,4165887.91,4158049.52,4152876.26,4147703.01,4142529.75,4137356.49,4132183.23,4127009.98,4121836.72,4116663.46,4111490.2,4106316.94,4101827.05,4097337.16,4092847.26,4088357.37,4083867.48,4080603.54,4073757.18,4068923.27,4063843.08,4058930.81,4053906.59
WSM,share_in_agricultural_area_1,19,19,17,17,17,17,17,17,17,16.3,14,14,13,13,12,11,10.4,10,9,7.9,12,16,20,24,28,32.46,25.76,19.06,12.35,11.29,11.29,11.29
WSM,share_in_agricultural_area_2,33,33,33,33,32,32,32,32,32,32,31,31,31,29,28,27,25.8,24.5,23,22,23.5,25,26.5,28,29.5,31.08,32.39,33.7,35,31.71,31.71,31.71
WSM,share_in_agricultural_area_3,2,2,2,2,2,2,2,2,2,2.5,3,3,3,3,3,4,4,4,5,5,6,7,8,9,10,12.08,10.66,9.24,7.82,6.41,6.41,6.41
WSM,share_in_land_area_1,283,283,283,283,283,283,283,283,283,283,283,283,283,283,283,283,283,283,283,283,283,283,283,283,283,283,283,278,278,278,278,278
WSM,share_in_land_area_2,54,54,52,52,51,51,51,51,51,50.8,48,48,47,45,43,42,40.2,38.5,37,34.9,41.5,48,54.5,61,67.5,75.62,68.81,62,55.17,49.41,49.41,49.41
WSM,share_in_land_area_3,52.87,53.35,55.83,56.32,57.8,58.28,58.76,59.24,59.73,60.41,63.69,64.17,65.65,68.14,70.62,72.1,74.38,76.56,78.55,81.13,75.01,68.99,62.98,56.96,50.95,43.31,50.6,52.89,60.2,66.44,66.92,67.4
WSM,share_in_land_area_4,176.13,175.65,175.17,174.68,174.2,173.72,173.24,172.76,172.27,171.79,171.31,170.83,170.35,169.86,169.38,168.9,168.42,167.94,167.45,166.97,166.49,166.01,165.52,165.04,164.55,164.07,163.59,163.11,162.63,162.15,161.67,161.19
YEM,share_in_agricultural_area_1,1523,1528,1378,1622,1627,1633,1647,1607,1564,1547,1545,1466,1415,1252,1325,1287,1374,1365,1245,1171,1291,1161,1204,1201,1153.6,1137.6,1095.8,1163,1167,1158,1158,1158
YEM,share_in_agricultural_area_2,103,103,103,103,103,103,108,113,116,121,124,129,241,243,232,236,253,262,272,281,288,291,297,298,298,295,290,289,285,294,294,294
YEM,share_in_agricultural_area_3,22000,22000,22000,22000,22000,22000,22000,22000,22000,22000,22000,22000,22000,22000,22000,22000,22000,22000,22000,22000,22000,22000,22000,22000,22000,22000,22000,22000,22000,22000,22000,22000
YEM,share_in_land_area_1,52797,52797,52797,52797,52797,52797,52797,52797,52797,52797,52797,52797,52797,52797,52797,52797,52797,52797,52797,52797,52797,52797,52797,52797,52797,52797,52797,52797,52797,52797,52797,52797
YEM,share_in_land_area_2,23626,23631,23481,23725,23730,23736,23755,23720,23680,23668,23669,23595,23656,23495,23557,23523,23627,23627,23517,23452,23579,23452,23501,23499,23451.6,23432.6,23385.8,23452,23452,23452,23452,23452
YEM,share_in_land_area_3,28622,28617,28767,28523,28518,28512,28493,28528,28568,28580,28579,28653,28592,28753,28691,28725,28621,28621,28731,28796,28669,28796,28747,28749,28796.4,28815.4,28862.2,28796,28796,28796,28796,28796
YEM,share_in_land_area_4,549,549,549,549,549,549,549,549,549,549,549,549,549,549,549,549,549,549,549,549,549,549,549,549,549,549,549,549,549,549,549,549
ZAF,share_in_agricultural_area_1,12800,12900,13163,13426,13450,13500,13650,13700,13700,13760,13812,13685,13700,13600,13300,13175,12600,12600,12800,12660,12533,12033,12000,12000,12000,12000,12000,12000,12000,12000,12000,12000
ZAF,share_in_agricultural_area_2,300,305,310,310,315,320,340,345,360,370,385,400,400,400,380,380,360,362,380,400,430,413,413,413,413,413,413,413,413,413,413,413
ZAF,share_in_agricultural_area_3,82500,82800,83000,83200,83500,83700,83900,83900,83928,83928,83928,83928,83928,83928,83928,83928,83928,83928,83928,83928,83928,83928,83928,83928,83928,83928,83928,83928,83928,83928,83928,83928
ZAF,share_in_land_area_1,121309,121309,121309,121309,121309,121309,121309,121309,121309,121309,121309,121309,121309,121309,121309,121309,121309,121309,121309,121309,121309,121309,121309,121309,121309,121309,121309,121309,121309,121309,121309,121309
ZAF,share_in_land_area_2,95600,96005,96473,96936,97265,97520,97890,97945,97988,98058,98125,98013,98028,97928,97608,97483,96888,96890,97108,96988,96891,96374,96341,96341,96341,96341,96341,96341,96341,96341,96341,96341
ZAF,share_in_land_area_3,7566.91,7198.31,6766.71,6340.11,6047.51,5828.91,5495.31,5476.71,5470.11,5436.51,5405.91,5554.31,5575.71,5712.11,6068.51,6229.91,6861.31,6895.71,6714.11,6870.51,7003.91,7557.31,7626.71,7663.11,7699.51,7735.91,7772.31,7808.71,7845.11,7881.51,7917.91,7954.31
ZAF,share_in_land_area_4,18142.09,18105.69,18069.29,18032.89,17996.49,17960.09,17923.69,17887.29,17850.89,17814.49,17778.09,17741.69,17705.29,17668.89,17632.49,17596.09,17559.69,17523.29,17486.89,17450.49,17414.09,17377.69,17341.29,17304.89,17268.49,17232.09,17195.69,17159.29,17122.89,17086.49,17050.09,17013.69
ZMB,share_in_agricultural_area_1,2891,2755,2779,2780,2850,2844,2844,2844,2844,2844,2844,2722,2582,2874,2862,2727,3013,2949,3052,3550,3400,3600,3800,3700,3700,3700,3700,3800,3800,3800,3800,3800
ZMB,share_in_agricultural_area_2,20,21,21,22,23,24,25,28,30,30,32,33,34,35,35,35,35,35,35,36,36,36,36,37,38,39,39,39,39,39,39,39
ZMB,share_in_agricultural_area_3,17900,18050,18265,18400,18600,18785,18965,19135,19300,19480,19650,19800,20000,20000,20000,20000,20000,20000,20000,20000,20000,20000,20000,20000,20000,20000,20000,20000,20000,20000,20000,20000
ZMB,share_in_land_area_1,74339,74339,74339,74339,74339,74339,74339,74339,74339,74339,74339,74339,74339,74339,74339,74339,74339,74339,74339,74339,74339,74339,74339,74339,74339,74339,74339,74339,74339,74339,74339,74339
ZMB,share_in_land_area_2,20811,20826,21065,21202,21473,21653,21834,22007,22174,22354,22526,22555,22616,22909,22897,22762,23048,22984,23087,23586,23436,23636,23836,23737,23738,23739,23739,23839,23839,23839,23839,23839
ZMB,share_in_land_area_3,6116,6136.8,5933.6,5832.4,5597.2,5453,5307.8,5170.6,5039.4,4895.2,4759,4765.8,4740.6,4483.4,4531.2,4702,4451.8,4551.6,4484.4,4021.2,4207,4195.18,4183.36,4470.54,4657.72,4844.9,5033.2,5121.33,5309.54,5497.76,5685.97,5874.19
ZMB,share_in_land_area_4,47412,47376.2,47340.4,47304.6,47268.8,47233,47197.2,47161.4,47125.6,47089.8,47054,47018.2,46982.4,46946.6,46910.8,46875,46839.2,46803.4,46767.6,46731.8,46696,46507.82,46319.64,46131.46,45943.28,45755.1,45566.8,45378.67,45190.46,45002.24,44814.03,44625.81
ZWE,share_in_agricultural_area_1,2910,2950,2990,3030,3100,3110,3400,3500,3400,3550,3600,3600,3650,3650,3800,3900,4100,4000,4250,4100,4000,4200,4000,4000,4000,4000,4000,4000,4000,4000,4000,4000
ZWE,share_in_agricultural_area_2,100,100,100,100,100,100,100,100,100,100,100,100,100,100,100,100,100,100,100,100,100,100,100,100,100,100,100,100,100,100,100,100
ZWE,share_in_agricultural_area_3,10000,10130,10260,10390,10520,10650,10735,10819,11020,11190,11360,11540,11720,11900,12100,12100,12100,12100,12100,12100,12100,12100,12100,12100,12100,12100,12100,12100,12100,12100,12100,12100
ZWE,share_in_land_area_1,38685,38685,38685,38685,38685,38685,38685,38685,38685,38685,38685,38685,38685,38685,38685,38685,38685,38685,38685,38685,38685,38685,38685,38685,38685,38685,38685,38685,38685,38685,38685,38685
ZWE,share_in_land_area_2,13010,13180,13350,13520,13720,13860,14235,14419,14520,14840,15060,15240,15470,15650,16000,16100,16300,16200,16450,16300,16200,16400,16200,16200,16200,16200,16200,16200,16200,16200,16200,16200
ZWE,share_in_land_area_3,6848.32,6724.39,6600.46,6476.53,6322.6,6228.67,5899.74,5761.81,5706.88,5432.95,5259.02,5125.09,4941.16,4807.23,4503.3,4449.37,4295.44,4441.51,4237.58,4433.65,4579.72,4425.79,4671.86,4717.93,4764,4810.07,4856.14,4902.21,4948.28,4994.35,5040.42,5086.49
ZWE,share_in_land_area_4,18826.68,18780.61,18734.54,18688.47,18642.4,18596.33,18550.26,18504.19,18458.12,18412.05,18365.98,18319.91,18273.84,18227.77,18181.7,18135.63,18089.56,18043.49,17997.42,17951.35,17905.28,17859.21,17813.14,17767.07,17721,17674.93,17628.86,17582.79,17536.72,17490.65,17444.58,17398.51
