_id,name,year,selling_price,km_driven,fuel,seller_type,transmission,owner
690ac12956d1bc009301b49d,Maruti 800 AC,2007,60000,70000,Petrol,Individual,Manual,First Owner
690ac12956d1bc009301b49e,Maruti Wagon R LXI Minor,2007,135000,50000,Petrol,Individual,Manual,First Owner
690ac12956d1bc009301b49f,Hyundai Verna 1.6 SX,2012,600000,100000,Diesel,Individual,Manual,First Owner
690ac12956d1bc009301b4a0,Datsun RediGO T Option,2017,250000,46000,Petrol,Individual,Manual,First Owner
690ac12956d1bc009301b4a1,Honda Amaze VX i-DTEC,2014,450000,141000,Diesel,Individual,Manual,Second Owner
690ac12956d1bc009301b4a2,Maruti Alto LX BSIII,2007,140000,125000,Petrol,Individual,Manual,First Owner
690ac12956d1bc009301b4a3,Hyundai Xcent 1.2 Kappa S,2016,550000,25000,Petrol,Individual,Manual,First Owner
690ac12956d1bc009301b4a4,Tata Indigo Grand Petrol,2014,240000,60000,Petrol,Individual,Manual,Second Owner
690ac12956d1bc009301b4a5,Hyundai Creta 1.6 VTVT S,2015,850000,25000,Petrol,Individual,Manual,First Owner
690ac12956d1bc009301b4a6,Maruti Celerio Green VXI,2017,365000,78000,CNG,Individual,Manual,First Owner
690ac12956d1bc009301b4a7,Chevrolet Sail 1.2 Base,2015,260000,35000,Petrol,Individual,Manual,First Owner
690ac12956d1bc009301b4a8,Tata Indigo Grand Petrol,2014,250000,100000,Petrol,Individual,Manual,First Owner
690ac12956d1bc009301b4a9,Toyota Corolla Altis 1.8 VL CVT,2018,1650000,25000,Petrol,Dealer,Automatic,First Owner
690ac12956d1bc009301b4aa,Maruti 800 AC,2007,60000,70000,Petrol,Individual,Manual,First Owner
690ac12956d1bc009301b4ab,Maruti Wagon R LXI Minor,2007,135000,50000,Petrol,Individual,Manual,First Owner
690ac12956d1bc009301b4ac,Hyundai Verna 1.6 SX,2012,600000,100000,Diesel,Individual,Manual,First Owner
690ac12956d1bc009301b4ad,Datsun RediGO T Option,2017,250000,46000,Petrol,Individual,Manual,First Owner
690ac12956d1bc009301b4ae,Honda Amaze VX i-DTEC,2014,450000,141000,Diesel,Individual,Manual,Second Owner
690ac12956d1bc009301b4af,Maruti Alto LX BSIII,2007,140000,125000,Petrol,Individual,Manual,First Owner
690ac12956d1bc009301b4b0,Hyundai Xcent 1.2 Kappa S,2016,550000,25000,Petrol,Individual,Manual,First Owner
690ac12956d1bc009301b4b1,Tata Indigo Grand Petrol,2014,240000,60000,Petrol,Individual,Manual,Second Owner
690ac12956d1bc009301b4b2,Hyundai Creta 1.6 VTVT S,2015,850000,25000,Petrol,Individual,Manual,First Owner
690ac12956d1bc009301b4b3,Maruti Celerio Green VXI,2017,365000,78000,CNG,Individual,Manual,First Owner
690ac12956d1bc009301b4b4,Chevrolet Sail 1.2 Base,2015,260000,35000,Petrol,Individual,Manual,First Owner
690ac12956d1bc009301b4b5,Tata Indigo Grand Petrol,2014,250000,100000,Petrol,Individual,Manual,First Owner
690ac12956d1bc009301b4b6,Toyota Corolla Altis 1.8 VL CVT,2018,1650000,25000,Petrol,Dealer,Automatic,First Owner
690ac12956d1bc009301b4b7,Maruti Ciaz VXi Plus,2015,585000,24000,Petrol,Dealer,Manual,First Owner
690ac12956d1bc009301b4b8,Hyundai Venue SX Opt Diesel,2019,1195000,5000,Diesel,Dealer,Manual,First Owner
690ac12956d1bc009301b4b9,Chevrolet Enjoy TCDi LTZ 7 Seater,2013,390000,33000,Diesel,Individual,Manual,Second Owner
690ac12956d1bc009301b4ba,Jaguar XF 2.2 Litre Luxury,2014,1964999,28000,Diesel,Dealer,Automatic,First Owner
690ac12956d1bc009301b4bb,Mercedes-Benz New C-Class 220 CDI AT,2013,1425000,59000,Diesel,Dealer,Automatic,First Owner
690ac12956d1bc009301b4bc,Maruti Vitara Brezza ZDi Plus AMT,2018,975000,4500,Diesel,Dealer,Automatic,First Owner
690ac12956d1bc009301b4bd,Audi Q5 2.0 TDI,2011,1190000,175900,Diesel,Dealer,Automatic,First Owner
690ac12956d1bc009301b4be,Honda City V MT,2018,930000,14500,Petrol,Dealer,Manual,First Owner
690ac12956d1bc009301b4bf,Tata Tigor 1.2 Revotron XT,2018,525000,15000,Petrol,Individual,Manual,First Owner
690ac12956d1bc009301b4c0,Audi A6 2.0 TDI  Design Edition,2013,1735000,50000,Diesel,Dealer,Automatic,First Owner
690ac12956d1bc009301b4c1,Mercedes-Benz New C-Class C 220 CDI Avantgarde,2012,1375000,33800,Diesel,Dealer,Automatic,Second Owner
690ac12956d1bc009301b4c2,Skoda Superb Ambition 2.0 TDI CR AT,2011,450000,130400,Diesel,Dealer,Automatic,Second Owner
690ac12956d1bc009301b4c3,Toyota Corolla Altis G AT,2016,900000,50000,Petrol,Individual,Automatic,First Owner
690ac12956d1bc009301b4c4,Toyota Innova 2.5 G (Diesel) 7 Seater,2015,1300000,80000,Diesel,Individual,Manual,First Owner
690ac12956d1bc009301b4c5,Jeep Compass 1.4 Sport Plus BSIV,2019,1400000,10000,Petrol,Individual,Manual,First Owner
690ac12956d1bc009301b4c6,Mercedes-Benz E-Class E 200 CGI Elegance,2010,850000,119000,Petrol,Dealer,Automatic,First Owner
690ac12956d1bc009301b4c7,Hyundai i10 Magna 1.1L,2014,229999,60000,Petrol,Individual,Manual,Fourth & Above Owner
690ac12956d1bc009301b4c8,BMW 3 Series 320d Sport Line,2013,1550000,75800,Diesel,Dealer,Automatic,Second Owner
690ac12956d1bc009301b4c9,Audi Q7 35 TDI Quattro Premium,2009,1250000,78000,Diesel,Dealer,Automatic,Third Owner
690ac12956d1bc009301b4ca,Hyundai Elantra CRDi S,2012,625000,40000,Diesel,Individual,Manual,First Owner
690ac12956d1bc009301b4cb,Mahindra Scorpio 1.99 S10,2014,1050000,50000,Diesel,Individual,Manual,First Owner
690ac12956d1bc009301b4cc,Honda City i DTEC V,2014,560000,74000,Diesel,Individual,Manual,Second Owner
690ac12956d1bc009301b4cd,Maruti Wagon R VXI BS IV with ABS,2014,290000,64000,Petrol,Individual,Manual,Second Owner
690ac12956d1bc009301b4ce,Maruti Wagon R VXI BS IV,2012,275000,60000,Petrol,Individual,Manual,Second Owner
690ac12956d1bc009301b4cf,Mahindra Scorpio LX,2009,411000,120000,Diesel,Individual,Manual,Second Owner
690ac12956d1bc009301b4d0,Hyundai Santro Xing GLS,2009,150000,79000,Petrol,Individual,Manual,Third Owner
690ac12956d1bc009301b4d1,Hyundai Grand i10 1.2 Kappa Asta,2019,500000,15000,Petrol,Individual,Manual,First Owner
690ac12956d1bc009301b4d2,Maruti Alto LXi,2006,100000,80000,Petrol,Individual,Manual,First Owner
690ac12956d1bc009301b4d3,Maruti Swift Dzire VDI Optional,2017,725000,18500,Diesel,Dealer,Manual,First Owner
690ac12956d1bc009301b4d4,Maruti Eeco 5 Seater AC BSIV,2018,401000,10200,Petrol,Dealer,Manual,First Owner
690ac12956d1bc009301b4d5,Hyundai i20 Sportz 1.4 CRDi,2018,750000,29000,Diesel,Dealer,Manual,First Owner
690ac12956d1bc009301b4d6,Maruti Omni Maruti Omni MPI STD BSIII 5-STR W/ IMMOBILISER,2018,310000,28000,Petrol,Dealer,Manual,First Owner
690ac12956d1bc009301b4d7,Maruti Swift ZDi BSIV,2016,665000,46000,Diesel,Dealer,Manual,First Owner
690ac12956d1bc009301b4d8,Hyundai i20 2015-2017 Sportz Option 1.4 CRDi,2014,465000,70000,Diesel,Dealer,Manual,First Owner
690ac12956d1bc009301b4d9,Maruti Alto LXi,2012,160000,60000,Petrol,Individual,Manual,Second Owner
690ac12956d1bc009301b4da,Mahindra Jeep CL 500 MDI,1996,250000,35000,Diesel,Individual,Manual,Second Owner
690ac12956d1bc009301b4db,Honda City i DTEC VX,2014,675000,90000,Diesel,Dealer,Manual,First Owner
690ac12956d1bc009301b4dc,Maruti Wagon R VXI BS IV,2013,300000,80000,Petrol,Dealer,Manual,First Owner
690ac12956d1bc009301b4dd,Tata Indica DLS,2005,70000,80000,Diesel,Individual,Manual,First Owner
690ac12956d1bc009301b4de,Hyundai EON Magna Plus,2014,240000,73300,Petrol,Dealer,Manual,Second Owner
690ac12956d1bc009301b4df,Toyota Etios GD,2014,525000,92000,Diesel,Dealer,Manual,First Owner
690ac12956d1bc009301b4e0,Maruti Alto LXi,2009,151000,66764,Petrol,Dealer,Manual,Second Owner
690ac12956d1bc009301b4e1,Maruti Alto LXi,2009,140000,100000,Petrol,Individual,Manual,First Owner
690ac12956d1bc009301b4e2,Chevrolet Tavera Neo LS B3 - 7(C) seats BSIII,2010,280000,350000,Diesel,Individual,Manual,Second Owner
690ac12956d1bc009301b4e3,Toyota Corolla Altis Diesel D4DG,2011,350000,230000,Diesel,Individual,Manual,First Owner
690ac12956d1bc009301b4e4,Mahindra Scorpio 1.99 S6 Plus,2017,570000,60000,Diesel,Individual,Manual,First Owner
690ac12956d1bc009301b4e5,Hyundai EON Magna Plus,2018,300000,31000,Petrol,Individual,Manual,First Owner
690ac12956d1bc009301b4e6,Tata Indigo Classic Dicor,2007,100000,39000,Diesel,Individual,Manual,First Owner
690ac12956d1bc009301b4e7,Toyota Innova 2.5 V Diesel 8-seater,2009,500000,120000,Diesel,Individual,Manual,Third Owner
690ac12956d1bc009301b4e8,Tata Indica Vista Quadrajet LS,2014,125000,166000,Diesel,Individual,Manual,Fourth & Above Owner
690ac12956d1bc009301b4e9,Maruti Swift 1.3 VXi,2006,130000,110000,Petrol,Individual,Manual,Third Owner
690ac12956d1bc009301b4ea,Ford EcoSport 1.5 Diesel Titanium BSIV,2017,925000,35000,Diesel,Individual,Manual,First Owner
690ac12956d1bc009301b4eb,Maruti Ciaz 1.3 Delta,2018,750000,60000,Diesel,Individual,Manual,First Owner
690ac12956d1bc009301b4ec,Honda Civic 1.8 V AT,2007,200000,54000,Petrol,Individual,Automatic,Second Owner
690ac12956d1bc009301b4ed,Hyundai i10 Sportz 1.2,2010,248000,63000,Petrol,Individual,Manual,Second Owner
690ac12956d1bc009301b4ee,Skoda Rapid 1.5 TDI Elegance,2014,450000,120000,Diesel,Individual,Manual,Second Owner
690ac12956d1bc009301b4ef,Hyundai Getz GLS,2005,80000,120000,Petrol,Individual,Manual,Third Owner
690ac12956d1bc009301b4f0,Nissan Terrano XL,2014,650000,76000,Petrol,Individual,Manual,Second Owner
690ac12956d1bc009301b4f1,Hyundai Grand i10 CRDi Sportz,2015,450000,80000,Diesel,Individual,Manual,First Owner
690ac12956d1bc009301b4f2,Hyundai Elite i20 Diesel Era,2019,650000,25000,Diesel,Individual,Manual,First Owner
690ac12956d1bc009301b4f3,Honda Amaze S i-VTEC,2016,495000,11958,Petrol,Dealer,Manual,First Owner
690ac12956d1bc009301b4f4,Honda Brio S MT,2015,371000,20000,Petrol,Dealer,Manual,First Owner
690ac12956d1bc009301b4f5,Hyundai Creta 1.6 SX Option,2017,1025000,9000,Petrol,Dealer,Manual,First Owner
690ac12956d1bc009301b4f6,Mercedes-Benz S-Class S 350d Connoisseurs Edition,2017,8150000,6500,Diesel,Dealer,Automatic,First Owner
690ac12956d1bc009301b4f7,Mahindra XUV500 W8 2WD,2015,750000,70000,Diesel,Individual,Manual,First Owner
690ac12956d1bc009301b4f8,Renault Duster 85PS Diesel RxL Optional,2013,600000,120000,Diesel,Individual,Manual,First Owner
690ac12956d1bc009301b4f9,Hyundai Santro Xing XO,2007,80000,58000,Petrol,Dealer,Manual,Second Owner
690ac12956d1bc009301b4fa,Mahindra Bolero 2011-2019 SLE,2013,325000,62200,Diesel,Dealer,Manual,First Owner
690ac12956d1bc009301b4fb,Audi A6 2.0 TDI Premium Plus,2014,1470000,34000,Diesel,Dealer,Automatic,Second Owner
690ac12956d1bc009301b4fc,Fiat Avventura MULTIJET Emotion,2015,350000,53000,Diesel,Individual,Manual,Second Owner
690ac12956d1bc009301b4fd,Audi A8 4.2 TDI,2013,2800000,49000,Diesel,Dealer,Automatic,First Owner
690ac12956d1bc009301b4fe,Datsun RediGO 1.0 S,2017,210000,15000,Petrol,Dealer,Manual,Second Owner
690ac12956d1bc009301b4ff,Volkswagen Jetta 1.4 TSI Comfortline,2013,450000,50000,Petrol,Individual,Manual,First Owner
690ac12956d1bc009301b500,Audi A4 2.0 TDI 177 Bhp Premium Plus,2013,1150000,53000,Diesel,Dealer,Automatic,First Owner
690ac12956d1bc009301b501,Honda Civic 1.8 V AT,2009,210000,63500,Petrol,Dealer,Automatic,First Owner
690ac12956d1bc009301b502,Mercedes-Benz E-Class Exclusive E 200 BSIV,2018,4500000,9800,Petrol,Dealer,Automatic,First Owner
690ac12956d1bc009301b503,BMW X1 sDrive 20d xLine,2017,2750000,13000,Diesel,Individual,Automatic,First Owner
690ac12956d1bc009301b504,Volvo V40 D3 R Design,2018,1975000,21000,Diesel,Dealer,Automatic,First Owner
690ac12956d1bc009301b505,Maruti SX4 Zxi BSIII,2008,175000,29173,Petrol,Dealer,Manual,First Owner
690ac12956d1bc009301b506,BMW 7 Series 730Ld,2012,2500000,48000,Diesel,Dealer,Automatic,First Owner
690ac12956d1bc009301b507,Mahindra Bolero Power Plus SLX,2017,628000,120000,Diesel,Individual,Manual,First Owner
690ac12956d1bc009301b508,Hyundai Sonata CRDi M/T,2010,600000,100000,Diesel,Individual,Manual,First Owner
690ac12956d1bc009301b509,Nissan Micra Active XV Petrol,2017,399000,30000,Petrol,Individual,Manual,First Owner
690ac12956d1bc009301b50a,Mahindra Xylo D4,2018,750000,87000,Diesel,Individual,Manual,First Owner
690ac12956d1bc009301b50b,Hyundai Elite i20 Sportz Plus Dual Tone BSIV,2019,750000,15000,Petrol,Individual,Manual,First Owner
690ac12956d1bc009301b50c,Renault KWID RXT,2017,315000,16000,Petrol,Individual,Manual,First Owner
690ac12956d1bc009301b50d,Mahindra Xylo E4 BS III,2012,600000,60000,Diesel,Individual,Manual,First Owner
690ac12956d1bc009301b50e,Maruti Wagon R LXI Minor,2010,100000,60000,Petrol,Individual,Manual,Fourth & Above Owner
690ac12956d1bc009301b50f,Maruti SX4 ZXI MT BSIV,2011,250000,110000,Petrol,Individual,Manual,Third Owner
690ac12956d1bc009301b510,Renault KWID RXT,2017,350000,25000,Petrol,Individual,Manual,First Owner
690ac12956d1bc009301b511,Hyundai Creta 1.4 CRDi S,2016,780000,60000,Diesel,Individual,Manual,First Owner
690ac12956d1bc009301b512,Maruti Swift Dzire VDI,2014,434000,79350,Diesel,Individual,Manual,Second Owner
690ac12956d1bc009301b513,Hyundai Verna 1.6 VTVT AT S Option,2016,690000,80000,Petrol,Individual,Automatic,First Owner
690ac12956d1bc009301b514,Mahindra Scorpio LX BSIV,2014,555000,90000,Diesel,Individual,Manual,Second Owner
690ac12956d1bc009301b515,Maruti SX4 Vxi BSIII,2007,120000,90000,Petrol,Individual,Manual,Second Owner
690ac12956d1bc009301b516,Maruti Ertiga VDI,2014,500000,120000,Diesel,Individual,Manual,Second Owner
690ac12956d1bc009301b517,Chevrolet Beat Diesel,2013,165000,60000,Diesel,Individual,Manual,Second Owner
690ac12956d1bc009301b518,Maruti Zen LX,2004,95000,50000,Petrol,Individual,Manual,First Owner
690ac12956d1bc009301b519,Maruti Baleno Delta 1.2,2018,550000,20000,Petrol,Individual,Manual,First Owner
690ac12956d1bc009301b51a,Maruti Swift Vdi BSIII,2007,100000,110000,Diesel,Individual,Manual,Fourth & Above Owner
690ac12956d1bc009301b51b,Tata Nano Lx BSIV,2012,100000,50000,Petrol,Individual,Manual,Second Owner
690ac12956d1bc009301b51c,Toyota Innova 2.5 GX (Diesel) 8 Seater,2012,500000,100000,Diesel,Individual,Manual,First Owner
690ac12956d1bc009301b51d,Maruti Ertiga SHVS VDI,2016,800000,70000,Diesel,Individual,Manual,Second Owner
690ac12956d1bc009301b51e,Hyundai Creta 1.6 CRDi SX,2016,840000,70000,Diesel,Individual,Manual,Second Owner
690ac12956d1bc009301b51f,Honda Amaze S i-Vtech,2016,490000,50000,Petrol,Individual,Manual,First Owner
690ac12956d1bc009301b520,Tata Indica Vista Aqua 1.4 TDI,2010,125000,81000,Diesel,Individual,Manual,Second Owner
690ac12956d1bc009301b521,Chevrolet Tavera Neo 2 LS B4 7 Str BSIII,2012,400000,120000,Diesel,Individual,Manual,Third Owner
690ac12956d1bc009301b522,Chevrolet Cruze LTZ,2015,1000000,3600,Diesel,Dealer,Manual,First Owner
690ac12956d1bc009301b523,Ford Figo Aspire 1.2 Ti-VCT Titanium Plus,2015,530000,14272,Petrol,Dealer,Manual,First Owner
690ac12956d1bc009301b524,Ford EcoSport 1.5 Diesel Titanium Plus BSIV,2017,840000,49213,Diesel,Dealer,Manual,First Owner
690ac12956d1bc009301b525,Hyundai i10 Sportz 1.1L,2015,229999,40000,Petrol,Individual,Manual,First Owner
690ac12956d1bc009301b526,Maruti 800 Std,1998,40000,40000,Petrol,Individual,Manual,Fourth & Above Owner
690ac12956d1bc009301b527,Chevrolet Spark 1.0 LS,2012,130000,80000,Petrol,Individual,Manual,First Owner
690ac12956d1bc009301b528,Hyundai EON Era Plus,2015,200000,70000,Petrol,Individual,Manual,First Owner
690ac12956d1bc009301b529,Tata Indica Vista Aqua TDI BSIII,2011,120000,70000,Diesel,Individual,Manual,First Owner
690ac12956d1bc009301b52a,Hyundai Santro LP zipPlus,2003,75000,57000,Petrol,Individual,Manual,First Owner
690ac12956d1bc009301b52b,Tata Bolt Quadrajet XE,2016,250000,120000,Diesel,Individual,Manual,First Owner
690ac12956d1bc009301b52c,Maruti 800 AC BSIII,2005,100000,30000,Petrol,Individual,Manual,First Owner
690ac12956d1bc009301b52d,Hyundai EON Era Plus,2013,280000,3240,Petrol,Individual,Manual,Second Owner
690ac12956d1bc009301b52e,Hyundai i20 Magna 1.2,2015,540000,5000,Petrol,Individual,Manual,First Owner
690ac12956d1bc009301b52f,Hyundai i20 1.2 Asta,2018,700000,10000,Petrol,Individual,Manual,First Owner
690ac12956d1bc009301b530,Maruti Ciaz VDi Plus,2015,525000,100000,Diesel,Individual,Manual,First Owner
690ac12956d1bc009301b531,Hyundai i20 Asta 1.4 CRDi,2016,430000,80000,Diesel,Individual,Manual,First Owner
690ac12956d1bc009301b532,Hyundai Santro LE,2002,65000,70000,Petrol,Individual,Manual,First Owner
690ac12956d1bc009301b533,Maruti Vitara Brezza VDi,2018,800000,35000,Diesel,Individual,Manual,First Owner
690ac12956d1bc009301b534,Hyundai Santro Xing XL eRLX Euro III,2007,75000,114000,Petrol,Individual,Manual,Second Owner
690ac12956d1bc009301b535,Hyundai Getz 1.3 GLS,2008,210000,53772,Petrol,Individual,Manual,First Owner
690ac12956d1bc009301b536,Mahindra Quanto C8,2012,195000,140000,Diesel,Individual,Manual,Second Owner
690ac12956d1bc009301b537,Chevrolet Tavera Neo 3 LS 7 C BSIII,2015,400000,120000,Diesel,Individual,Manual,First Owner
690ac12956d1bc009301b538,Hyundai EON Magna Plus,2012,170000,60000,Petrol,Individual,Manual,First Owner
690ac12956d1bc009301b539,Renault KWID RXT,2016,225000,25000,Petrol,Individual,Manual,First Owner
690ac12956d1bc009301b53a,Maruti Wagon R DUO LPG,2014,210000,90000,LPG,Individual,Manual,First Owner
690ac12956d1bc009301b53b,Maruti Wagon R LXI,2020,240000,120000,Petrol,Individual,Manual,First Owner
690ac12956d1bc009301b53c,Chevrolet Enjoy 1.3 TCDi LS 8,2015,300000,175000,Diesel,Individual,Manual,First Owner
690ac12956d1bc009301b53d,Chevrolet Spark 1.0 LS,2011,99000,100000,Petrol,Individual,Manual,Third Owner
690ac12956d1bc009301b53e,Honda City i VTEC SV,2014,620000,36000,Petrol,Individual,Manual,First Owner
690ac12956d1bc009301b53f,Honda Amaze VX i-DTEC,2013,500000,30000,Diesel,Individual,Manual,First Owner
690ac12956d1bc009301b540,Jaguar XJ 5.0 L V8 Supercharged,2010,2550000,40000,Petrol,Individual,Automatic,Second Owner
690ac12956d1bc009301b541,Honda Brio E MT,2013,260000,70000,Petrol,Individual,Manual,Second Owner
690ac12956d1bc009301b542,Maruti Swift VVT ZXI,2017,550000,60000,Petrol,Individual,Manual,First Owner
690ac12956d1bc009301b543,Tata Indigo CR4,2011,150000,155500,Diesel,Individual,Manual,First Owner
690ac12956d1bc009301b544,Hyundai i10 Asta AT,2011,350000,50000,Petrol,Individual,Automatic,Second Owner
690ac12956d1bc009301b545,Chevrolet Beat LT,2016,320000,40000,Petrol,Individual,Manual,First Owner
690ac12956d1bc009301b546,Maruti Swift VDI BSIV,2015,400000,100000,Diesel,Individual,Manual,Third Owner
690ac12956d1bc009301b547,Maruti Alto LXi,2012,175000,80000,Petrol,Individual,Manual,Third Owner
690ac12956d1bc009301b548,Chevrolet Beat LT,2011,120000,90000,Petrol,Individual,Manual,Second Owner
690ac12956d1bc009301b549,Renault Duster 110PS Diesel RxZ,2013,320000,90000,Diesel,Individual,Manual,Second Owner
690ac12956d1bc009301b54a,Hyundai Santro Xing XG,2006,70000,110000,Petrol,Individual,Manual,Third Owner
690ac12956d1bc009301b54b,Maruti Swift Dzire ZXI Plus,2019,810000,15000,Petrol,Individual,Manual,First Owner
690ac12956d1bc009301b54c,Maruti 800 AC,2007,95000,100000,Petrol,Individual,Manual,Second Owner
690ac12956d1bc009301b54d,Maruti Alto K10 LXI CNG,2020,282000,40000,CNG,Individual,Manual,First Owner
690ac12956d1bc009301b54e,Maruti 800 Std BSII,2004,80000,60000,Petrol,Individual,Manual,Second Owner
690ac12956d1bc009301b54f,Tata Nano LX SE,2013,72000,25000,Petrol,Individual,Manual,First Owner
690ac12956d1bc009301b550,Hyundai i20 Magna 1.2,2016,600000,25000,Petrol,Individual,Manual,First Owner
690ac12956d1bc009301b551,Skoda Rapid 1.6 MPI Ambition With Alloy Wheel,2015,640000,23000,Petrol,Individual,Manual,First Owner
690ac12956d1bc009301b552,Maruti Alto K10 VXI,2018,380000,22155,Petrol,Individual,Manual,First Owner
690ac12956d1bc009301b553,Maruti Ciaz 1.4 Delta,2018,650000,70000,Petrol,Individual,Manual,First Owner
690ac12956d1bc009301b554,Maruti Alto LX,2009,150000,60000,Petrol,Individual,Manual,Second Owner
690ac12956d1bc009301b555,Hyundai i20 Asta,2009,280000,110000,Petrol,Individual,Manual,Second Owner
690ac12956d1bc009301b556,Tata Nexon 1.2 Revotron XM,2018,430000,30000,Petrol,Individual,Manual,First Owner
690ac12956d1bc009301b557,Mahindra Bolero Power Plus SLX,2019,800000,15000,Diesel,Individual,Manual,First Owner
690ac12956d1bc009301b558,Maruti Zen D,2003,75000,100000,Diesel,Individual,Manual,Second Owner
690ac12956d1bc009301b559,Volkswagen Vento Celeste 1.5 TDI Highline AT,2016,650000,70000,Diesel,Individual,Automatic,First Owner
690ac12956d1bc009301b55a,Maruti Eeco 7 Seater Standard BSIV,2017,390000,24000,Petrol,Individual,Manual,First Owner
690ac12956d1bc009301b55b,Honda City 1.5 EXI,2005,100000,120000,Petrol,Individual,Manual,Second Owner
690ac12956d1bc009301b55c,Mercedes-Benz New C-Class 220 CDI AT,2013,1500000,35000,Diesel,Individual,Automatic,First Owner
690ac12956d1bc009301b55d,Maruti SX4 Zxi with Leather BSIII,2007,175000,78380,Petrol,Individual,Manual,First Owner
690ac12956d1bc009301b55e,Renault Duster 110PS Diesel RxZ,2012,434999,110000,Diesel,Individual,Manual,Second Owner
690ac12956d1bc009301b55f,Ford Figo Diesel Titanium,2010,170000,90000,Diesel,Individual,Manual,Third Owner
690ac12956d1bc009301b560,Ford Figo Diesel Titanium,2011,190000,90000,Diesel,Individual,Manual,Third Owner
690ac12956d1bc009301b561,Maruti Swift Dzire VDi,2009,250000,150000,Diesel,Individual,Manual,Third Owner
690ac12956d1bc009301b562,Mahindra Xylo E4,2009,229999,230000,Diesel,Individual,Manual,Third Owner
690ac12956d1bc009301b563,Maruti Esteem Vxi - BSIII,2006,140000,70000,Petrol,Individual,Manual,Third Owner
690ac12956d1bc009301b564,Maruti Swift VDI BSIV,2017,600000,80362,Diesel,Individual,Manual,First Owner
690ac12956d1bc009301b565,Hyundai i20 1.2 Sportz,2012,280000,110000,Petrol,Individual,Manual,Third Owner
690ac12956d1bc009301b566,Chevrolet Beat Diesel LT,2012,150000,60000,Diesel,Individual,Manual,First Owner
690ac12956d1bc009301b567,Chevrolet Cruze LTZ AT,2015,650000,50000,Diesel,Individual,Automatic,First Owner
690ac12956d1bc009301b568,Nissan Micra XL,2014,210000,40000,Petrol,Individual,Manual,Second Owner
690ac12956d1bc009301b569,BMW 5 Series 520d Luxury Line,2017,2900000,40000,Diesel,Individual,Automatic,First Owner
690ac12956d1bc009301b56a,Chevrolet Enjoy 1.3 TCDi LS 8,2013,425000,20000,Diesel,Dealer,Manual,First Owner
690ac12956d1bc009301b56b,Hyundai EON Era Plus Option,2014,265000,55000,Petrol,Dealer,Manual,First Owner
690ac12956d1bc009301b56c,Fiat Linea T Jet Emotion,2018,890000,1136,Petrol,Dealer,Manual,First Owner
690ac12956d1bc009301b56d,Renault Scala RxL,2013,365000,55000,Petrol,Dealer,Manual,First Owner
690ac12956d1bc009301b56e,Ford Figo Petrol Titanium,2014,350000,43000,Petrol,Dealer,Manual,First Owner
690ac12956d1bc009301b56f,Maruti Ciaz ZDi SHVS,2016,685000,60000,Diesel,Individual,Manual,First Owner
690ac12956d1bc009301b570,Skoda Rapid 1.5 TDI Ambition BSIV,2018,940000,2650,Diesel,Dealer,Manual,First Owner
690ac12956d1bc009301b571,Mahindra XUV500 W6 2WD,2017,1000000,40000,Diesel,Individual,Manual,First Owner
690ac12956d1bc009301b572,Mahindra XUV300 W8 Option,2019,1150000,15000,Petrol,Dealer,Manual,First Owner
690ac12956d1bc009301b573,Maruti Ertiga SHVS ZDI,2016,450000,115962,Diesel,Individual,Manual,Second Owner
690ac12956d1bc009301b574,Nissan Terrano XE D,2015,590000,65000,Diesel,Dealer,Manual,First Owner
690ac12956d1bc009301b575,Maruti S-Cross Facelift,2017,800000,40000,Diesel,Individual,Manual,First Owner
690ac12956d1bc009301b576,Hyundai i20 Magna 1.4 CRDi (Diesel),2012,385000,58000,Diesel,Dealer,Manual,First Owner
690ac12956d1bc009301b577,Mercedes-Benz New C-Class C 220 CDI BE Avantgare,2013,2000000,15000,Diesel,Individual,Automatic,First Owner
690ac12956d1bc009301b578,Hyundai EON Era Plus,2012,235000,54000,Petrol,Dealer,Manual,First Owner
690ac12956d1bc009301b579,Volkswagen Ameo 1.5 TDI Highline,2017,640000,56000,Diesel,Dealer,Manual,First Owner
690ac12956d1bc009301b57a,Maruti Alto LX,2006,52000,120000,Petrol,Individual,Manual,Third Owner
690ac12956d1bc009301b57b,Maruti Omni LPG CARGO BSIII W IMMOBILISER,2009,80000,90000,LPG,Individual,Manual,Second Owner
690ac12956d1bc009301b57c,Maruti Alto LX,2012,140000,70000,Petrol,Individual,Manual,Second Owner
690ac12956d1bc009301b57d,Hyundai Verna i (Petrol),2008,120000,90000,Petrol,Individual,Manual,Second Owner
690ac12956d1bc009301b57e,Mahindra Renault Logan 1.5 DLS,2008,89999,213000,Diesel,Individual,Manual,First Owner
690ac12956d1bc009301b57f,Chevrolet Optra Magnum 2.0 LS BSIII,2012,180000,120000,Diesel,Individual,Manual,First Owner
690ac12956d1bc009301b580,Mahindra Scorpio S11 BSIV,2017,1500000,20000,Diesel,Individual,Manual,First Owner
690ac12956d1bc009301b581,Hyundai i20 Active 1.2 SX,2017,700000,10000,Petrol,Individual,Manual,First Owner
690ac12956d1bc009301b582,Maruti SX4 Celebration Diesel,2012,285000,80000,Diesel,Individual,Manual,Second Owner
690ac12956d1bc009301b583,Hyundai Grand i10 Magna,2015,390000,90000,Petrol,Individual,Manual,First Owner
690ac12956d1bc009301b584,Maruti Alto LXi BSIII,2008,125000,80000,Petrol,Individual,Manual,First Owner
690ac12956d1bc009301b585,Maruti SX4 Zxi with Leather BSIII,2008,225000,60000,Petrol,Individual,Manual,Second Owner
690ac12956d1bc009301b586,Hyundai i10 Era,2011,175000,139000,Petrol,Individual,Manual,Second Owner
690ac12956d1bc009301b587,Toyota Innova 2.5 V Diesel 7-seater,2011,1075000,160000,Diesel,Individual,Manual,Second Owner
690ac12956d1bc009301b588,Honda Mobilio V i DTEC,2014,300000,150000,Diesel,Individual,Manual,First Owner
690ac12956d1bc009301b589,Toyota Innova 2.5 G (Diesel) 7 Seater BS IV,2010,700000,163000,Diesel,Individual,Manual,Fourth & Above Owner
690ac12956d1bc009301b58a,Tata Indica V2 2001-2011 DLS BSIII,2009,90000,120000,Diesel,Dealer,Manual,First Owner
690ac12956d1bc009301b58b,Tata Indica Vista TDI LS,2011,120000,120000,Diesel,Individual,Manual,Second Owner
690ac12956d1bc009301b58c,Chevrolet Beat Diesel LS,2012,220000,100000,Diesel,Individual,Manual,Second Owner
690ac12956d1bc009301b58d,Tata Zest Quadrajet 1.3 75PS XE,2015,300000,140000,Diesel,Dealer,Manual,First Owner
690ac12956d1bc009301b58e,Skoda Fabia 1.2L Diesel Ambiente,2010,180000,87000,Diesel,Dealer,Manual,Second Owner
690ac12956d1bc009301b58f,Maruti 800 Std,2013,170000,70000,Petrol,Individual,Manual,First Owner
690ac12956d1bc009301b590,Ford Figo Petrol Titanium,2015,300000,50000,Petrol,Individual,Manual,Second Owner
690ac12956d1bc009301b591,Toyota Innova 2.5 VX (Diesel) 8 Seater,2014,1050000,70000,Diesel,Individual,Manual,First Owner
690ac12956d1bc009301b592,Honda Mobilio V i DTEC,2014,300000,150000,Diesel,Individual,Manual,First Owner
690ac12956d1bc009301b593,Hyundai Grand i10 1.2 CRDi Asta,2018,465000,25000,Diesel,Individual,Manual,First Owner
690ac12956d1bc009301b594,Chevrolet Beat Diesel LT,2011,130000,80000,Diesel,Individual,Manual,Second Owner
690ac12956d1bc009301b595,Datsun GO Plus T Option Petrol,2018,434999,10000,Petrol,Individual,Manual,First Owner
690ac12956d1bc009301b596,Hyundai Grand i10 1.2 Kappa Asta,2018,500000,32000,Petrol,Individual,Manual,First Owner
690ac12956d1bc009301b597,Maruti Omni MPI STD BSIV,2018,200000,10000,Petrol,Individual,Manual,First Owner
690ac12956d1bc009301b598,Maruti Baleno Alpha 1.2,2017,625000,52000,Petrol,Dealer,Manual,First Owner
690ac12956d1bc009301b599,Ford Fiesta Classic 1.4 SXI Duratorq,2006,110000,120000,Diesel,Individual,Manual,Third Owner
690ac12956d1bc009301b59a,Hyundai Elite i20 Asta Option BSIV,2019,800000,11240,Petrol,Individual,Manual,First Owner
690ac12956d1bc009301b59b,Hyundai Grand i10 CRDi Magna,2017,490000,66000,Diesel,Dealer,Manual,First Owner
690ac12956d1bc009301b59c,Maruti Ertiga SHVS ZDI,2017,880000,64000,Diesel,Dealer,Manual,First Owner
690ac12956d1bc009301b59d,Hyundai Santro Xing GL Plus,2013,290000,49000,Petrol,Individual,Manual,First Owner
690ac12956d1bc009301b59e,Tata Sumo GX TC 7 Str BSIII,2006,115999,100000,Diesel,Individual,Manual,Second Owner
690ac12956d1bc009301b59f,Renault KWID RXT,2018,360000,26500,Petrol,Individual,Manual,First Owner
690ac12956d1bc009301b5a0,Maruti 800 AC,2002,65000,100000,Petrol,Individual,Manual,Second Owner
690ac12956d1bc009301b5a1,Maruti Vitara Brezza LDi Option,2017,685000,72000,Diesel,Dealer,Manual,First Owner
690ac12956d1bc009301b5a2,Honda Jazz S,2009,300000,50000,Petrol,Individual,Manual,First Owner
690ac12956d1bc009301b5a3,Hyundai i20 1.4 Sportz,2017,680000,44000,Diesel,Dealer,Manual,First Owner
690ac12956d1bc009301b5a4,Maruti Ertiga SHVS ZDI Plus,2017,1000000,60000,Diesel,Individual,Manual,Second Owner
690ac12956d1bc009301b5a5,Tata Sumo SE Plus BSIII,2002,100000,120000,Diesel,Individual,Manual,First Owner
690ac12956d1bc009301b5a6,Mahindra Xylo E4,2010,160000,130000,Diesel,Individual,Manual,First Owner
690ac12956d1bc009301b5a7,Maruti Swift ZDi BSIV,2017,450000,70000,Diesel,Individual,Manual,First Owner
690ac12956d1bc009301b5a8,Maruti Ertiga VXI,2014,600000,20000,Petrol,Individual,Manual,First Owner
690ac12956d1bc009301b5a9,Hyundai i20 1.4 Magna ABS,2009,180000,60000,Diesel,Individual,Manual,Second Owner
690ac12956d1bc009301b5aa,Maruti Alto LXi,2007,100000,195000,Petrol,Individual,Manual,First Owner
690ac12956d1bc009301b5ab,Maruti Alto LXi,2010,120000,90000,Petrol,Individual,Manual,Second Owner
690ac12956d1bc009301b5ac,Hyundai Getz GL,2006,130000,80000,Petrol,Individual,Manual,Third Owner
690ac12956d1bc009301b5ad,Maruti Wagon R LX BS IV,2011,160000,155000,Petrol,Individual,Manual,First Owner
690ac12956d1bc009301b5ae,Mahindra Bolero Power Plus SLX,2019,860000,35000,Diesel,Individual,Manual,First Owner
690ac12956d1bc009301b5af,Hyundai i20 1.2 Spotz,2018,650000,20000,Petrol,Individual,Manual,Second Owner
690ac12956d1bc009301b5b0,Maruti Wagon R LXI Minor,2010,100000,80000,Petrol,Individual,Manual,Second Owner
690ac12956d1bc009301b5b1,Maruti Alto 800 VXI,2017,282000,20000,Petrol,Individual,Manual,First Owner
690ac12956d1bc009301b5b2,Hyundai i20 Asta (o),2009,300000,50000,Petrol,Individual,Manual,First Owner
690ac12956d1bc009301b5b3,Hyundai i20 Asta,2010,270000,110000,Petrol,Individual,Manual,Second Owner
690ac12956d1bc009301b5b4,Hyundai Verna 1.6 SX CRDi (O),2013,550000,29000,Diesel,Individual,Manual,First Owner
690ac12956d1bc009301b5b5,Mahindra Xylo D2 BSIV,2013,450000,120000,Diesel,Individual,Manual,First Owner
690ac12956d1bc009301b5b6,Mahindra Bolero SLX 2WD BSIII,2011,430000,70000,Diesel,Individual,Manual,Second Owner
690ac12956d1bc009301b5b7,Maruti Ertiga VXI ABS,2013,350000,40000,Petrol,Individual,Manual,First Owner
690ac12956d1bc009301b5b8,Honda Brio 1.2 E MT,2017,350000,20000,Petrol,Individual,Manual,First Owner
690ac12956d1bc009301b5b9,Toyota Etios Liva G,2013,229999,50000,Petrol,Individual,Manual,Second Owner
690ac12956d1bc009301b5ba,Maruti Alto 800 LXI,2013,110000,50000,Petrol,Individual,Manual,First Owner
690ac12956d1bc009301b5bb,Maruti Swift Dzire 1.2 Vxi BSIV,2012,395000,49000,Petrol,Individual,Manual,Second Owner
690ac12956d1bc009301b5bc,Mahindra Scorpio VLS AT 2.2 mHAWK,2011,650000,70000,Diesel,Individual,Automatic,Second Owner
690ac12956d1bc009301b5bd,Mahindra Bolero SLX,2011,350000,90000,Diesel,Individual,Manual,Second Owner
690ac12956d1bc009301b5be,Mahindra XUV500 W11 Option AWD,2020,1400000,25000,Diesel,Dealer,Manual,First Owner
690ac12956d1bc009301b5bf,Tata Tiago 1.2 Revotron XZ,2018,360000,4000,Petrol,Individual,Manual,First Owner
690ac12956d1bc009301b5c0,Mahindra Marazzo M8 8Str,2018,1300000,10000,Diesel,Individual,Manual,First Owner
690ac12956d1bc009301b5c1,Renault Duster 110PS Diesel RxL,2015,800000,15000,Diesel,Individual,Manual,First Owner
690ac12956d1bc009301b5c2,Hyundai EON Magna Plus,2018,229999,30000,Petrol,Individual,Manual,First Owner
690ac12956d1bc009301b5c3,Maruti Wagon R VXI,2014,315000,41000,Petrol,Dealer,Manual,First Owner
690ac12956d1bc009301b5c4,Chevrolet Spark 1.0 LT,2012,125000,28000,Petrol,Individual,Manual,First Owner
690ac12956d1bc009301b5c5,Maruti Baleno Alpha,2019,700000,16000,Petrol,Individual,Manual,First Owner
690ac12956d1bc009301b5c6,Hyundai EON 1.0 Kappa Magna Plus,2015,160000,70000,Petrol,Individual,Manual,First Owner
690ac12956d1bc009301b5c7,Ford Figo Aspire 1.2 Ti-VCT Trend,2017,530000,10832,Petrol,Dealer,Manual,First Owner
690ac12956d1bc009301b5c8,Ford Figo Aspire Facelift,2018,624000,14681,Diesel,Dealer,Manual,First Owner
690ac12956d1bc009301b5c9,Hyundai i10 Era,2009,250000,50000,Petrol,Individual,Manual,First Owner
690ac12956d1bc009301b5ca,Mahindra Bolero SLX,2016,585000,51000,Diesel,Dealer,Manual,First Owner
690ac12956d1bc009301b5cb,Hyundai Verna 1.4 VTVT,2015,500000,25000,Petrol,Individual,Manual,First Owner
690ac12956d1bc009301b5cc,Chevrolet Sail 1.2 LT ABS,2014,350000,30000,Petrol,Individual,Manual,First Owner
690ac12956d1bc009301b5cd,Honda City i-DTEC SV,2014,495000,80000,Diesel,Dealer,Manual,First Owner
690ac12956d1bc009301b5ce,Hyundai Grand i10 1.2 Kappa Asta,2017,500000,50000,Petrol,Individual,Manual,First Owner
690ac12956d1bc009301b5cf,Mahindra Bolero Power Plus Plus AC BSIV PS,2015,430000,200000,Diesel,Individual,Manual,First Owner
690ac12956d1bc009301b5d0,Hyundai Grand i10 1.2 Kappa Sportz Option,2013,345000,44000,Petrol,Dealer,Manual,First Owner
690ac12956d1bc009301b5d1,Maruti Baleno Sigma 1.2,2015,500000,10000,Petrol,Individual,Manual,First Owner
690ac12956d1bc009301b5d2,Tata Tiago 1.2 Revotron XZ,2019,425000,19600,Petrol,Individual,Manual,First Owner
690ac12956d1bc009301b5d3,Maruti Wagon R LXI,2005,80000,40000,Petrol,Individual,Manual,Second Owner
690ac12956d1bc009301b5d4,Chevrolet Beat Diesel LS,2011,106000,50000,Diesel,Individual,Manual,First Owner
690ac12956d1bc009301b5d5,Maruti A-Star Vxi,2009,180000,46730,Petrol,Individual,Manual,First Owner
690ac12956d1bc009301b5d6,Datsun GO A,2015,250000,40000,Petrol,Individual,Manual,Second Owner
690ac12956d1bc009301b5d7,Skoda Yeti Ambition 4WD,2011,350000,80000,Diesel,Individual,Manual,First Owner
690ac12956d1bc009301b5d8,Maruti Zen LXi BSII,2002,60000,80000,Petrol,Individual,Manual,Second Owner
690ac12956d1bc009301b5d9,Hyundai Verna CRDi 1.6 EX,2018,900000,24000,Diesel,Individual,Manual,First Owner
690ac12956d1bc009301b5da,Ford Aspire Titanium Diesel BSIV,2017,700000,21170,Diesel,Dealer,Manual,First Owner
690ac12956d1bc009301b5db,BMW 3 Series 320d Sport,2013,2000000,167223,Diesel,Dealer,Automatic,First Owner
690ac12956d1bc009301b5dc,Maruti Ertiga SHVS ZDI Plus,2017,1000000,40000,Diesel,Individual,Manual,First Owner
690ac12956d1bc009301b5dd,BMW X1 sDrive 20d Exclusive,2011,1375000,60000,Diesel,Individual,Automatic,First Owner
690ac12956d1bc009301b5de,Toyota Innova Crysta 2.4 VX MT,2016,1800000,141440,Diesel,Dealer,Manual,First Owner
690ac12956d1bc009301b5df,Chevrolet Tavera Neo 3 10 Seats BSIV,2007,160000,120000,Diesel,Individual,Manual,Third Owner
690ac12956d1bc009301b5e0,Mitsubishi Outlander 2.4,2012,525000,140000,Petrol,Individual,Automatic,First Owner
690ac12956d1bc009301b5e1,Mahindra XUV500 W8 2WD,2012,850000,212814,Diesel,Dealer,Manual,First Owner
690ac12956d1bc009301b5e2,Maruti Baleno Alpha 1.3,2019,800000,30000,Diesel,Individual,Manual,First Owner
690ac12956d1bc009301b5e3,Ford Figo Aspire 1.5 TDCi Titanium,2017,700000,88635,Diesel,Dealer,Manual,First Owner
690ac12956d1bc009301b5e4,Maruti Swift Dzire VDI,2018,800000,25000,Diesel,Individual,Manual,First Owner
690ac12956d1bc009301b5e5,Hyundai i20 1.2 Spotz,2017,575000,20000,Petrol,Individual,Manual,Second Owner
690ac12956d1bc009301b5e6,Renault Duster 110PS Diesel RxZ,2012,350000,110000,Diesel,Individual,Manual,Second Owner
690ac12956d1bc009301b5e7,Maruti Swift Vdi BSIII,2008,250000,120000,Diesel,Individual,Manual,Third Owner
690ac12956d1bc009301b5e8,Ford Endeavour Titanium 4X2,2011,600000,149674,Diesel,Dealer,Manual,Second Owner
690ac12956d1bc009301b5e9,Mahindra Scorpio 2.6 Turbo 9 Str,2007,370000,100000,Diesel,Individual,Manual,Third Owner
690ac12956d1bc009301b5ea,Maruti Baleno Vxi,2006,80000,120000,Petrol,Individual,Manual,Third Owner
690ac12956d1bc009301b5eb,Tata Indica DLX,2003,50000,120000,Diesel,Individual,Manual,Second Owner
690ac12956d1bc009301b5ec,Hyundai Verna CRDi 1.6 EX,2018,900000,25000,Diesel,Individual,Manual,First Owner
690ac12956d1bc009301b5ed,Maruti Wagon R VXI BS IV,2014,300000,35000,Petrol,Individual,Manual,Second Owner
690ac12956d1bc009301b5ee,Tata Indica LSI,2002,125000,40000,Petrol,Individual,Manual,First Owner
690ac12956d1bc009301b5ef,Maruti Swift Dzire VDI,2015,490000,60000,Diesel,Individual,Manual,Second Owner
690ac12956d1bc009301b5f0,Toyota Etios Liva GD,2012,300000,50000,Diesel,Individual,Manual,Second Owner
690ac12956d1bc009301b5f1,Tata Nano STD,2013,55000,25000,Petrol,Individual,Manual,Fourth & Above Owner
690ac12956d1bc009301b5f2,Hyundai Grand i10 Sportz,2016,350000,25000,Petrol,Individual,Manual,First Owner
690ac12956d1bc009301b5f3,Hyundai Grand i10 1.2 CRDi Asta,2019,755000,8000,Diesel,Individual,Manual,First Owner
690ac12956d1bc009301b5f4,Maruti Ertiga SHVS VDI,2017,720000,60000,Diesel,Individual,Manual,First Owner
690ac12956d1bc009301b5f5,Mahindra Bolero SLX,2006,229999,200000,Diesel,Individual,Manual,Third Owner
690ac12956d1bc009301b5f6,Mahindra Scorpio S7 140 BSIV,2018,1100000,20000,Diesel,Individual,Manual,First Owner
690ac12956d1bc009301b5f7,Volkswagen Polo Petrol Comfortline 1.2L,2013,400000,100000,Petrol,Individual,Manual,First Owner
690ac12956d1bc009301b5f8,Hyundai Xcent 1.1 CRDi Base,2015,350000,70000,Diesel,Individual,Manual,Second Owner
690ac12956d1bc009301b5f9,Chevrolet Beat Diesel PS,2012,159000,68000,Diesel,Dealer,Manual,First Owner
690ac12956d1bc009301b5fa,Maruti Swift ZXi BSIV,2017,550000,38000,Petrol,Dealer,Manual,First Owner
690ac12956d1bc009301b5fb,Maruti Ritz VDi,2013,335000,80000,Diesel,Dealer,Manual,First Owner
690ac12956d1bc009301b5fc,Tata Indigo CS Emax CNG GLX,2014,185000,72000,CNG,Dealer,Manual,First Owner
690ac12956d1bc009301b5fd,Maruti Eeco 5 STR With AC Plus HTR CNG,2012,229999,75000,CNG,Dealer,Manual,First Owner
690ac12956d1bc009301b5fe,Maruti Estilo LXI,2014,225000,43000,Petrol,Dealer,Manual,First Owner
690ac12956d1bc009301b5ff,Maruti Swift VXI with ABS,2007,250000,120000,Petrol,Individual,Manual,Second Owner
690ac12956d1bc009301b600,Tata Zest Quadrajet 1.3 XM,2015,400000,100000,Diesel,Individual,Manual,First Owner
690ac12956d1bc009301b601,Maruti Swift VDI BSIV,2014,470000,163000,Diesel,Individual,Manual,First Owner
690ac12956d1bc009301b602,Maruti Alto K10 VXI AGS Optional,2018,300000,25000,Petrol,Individual,Automatic,First Owner
690ac12956d1bc009301b603,Maruti Alto LX,2011,145000,25000,Petrol,Individual,Manual,First Owner
690ac12956d1bc009301b604,Maruti SX4 Vxi BSIII,2007,100000,90000,Petrol,Individual,Manual,Second Owner
690ac12956d1bc009301b605,Mahindra Scorpio SLE BSIV,2014,500000,70000,Diesel,Individual,Manual,Second Owner
690ac12956d1bc009301b606,Hyundai Santro Xing GLS CNG,2010,130000,98000,CNG,Individual,Manual,Second Owner
690ac12956d1bc009301b607,Chevrolet Cruze LTZ,2010,240000,81925,Diesel,Individual,Manual,First Owner
690ac12956d1bc009301b608,Ford Figo Diesel Celebration Edition,2013,150000,80000,Diesel,Individual,Manual,Second Owner
690ac12956d1bc009301b609,Renault KWID RXT Optional,2017,270000,40000,Petrol,Individual,Manual,First Owner
690ac12956d1bc009301b60a,Maruti Swift Dzire VDI,2014,400000,90000,Diesel,Individual,Manual,First Owner
690ac12956d1bc009301b60b,Hyundai EON Era Plus,2012,200000,46000,Petrol,Individual,Manual,First Owner
690ac12956d1bc009301b60c,Mahindra XUV500 W6 2WD,2012,550000,80000,Diesel,Individual,Manual,First Owner
690ac12956d1bc009301b60d,Renault KWID 1.0 RXT Optional,2018,325000,35000,Petrol,Individual,Manual,First Owner
690ac12956d1bc009301b60e,Skoda Rapid 1.5 TDI AT Style BSIV,2017,860000,82080,Diesel,Individual,Automatic,First Owner
690ac12956d1bc009301b60f,Mahindra XUV500 W8 2WD,2012,600000,200000,Diesel,Individual,Manual,First Owner
690ac12956d1bc009301b610,Chevrolet Spark 1.0,2009,125000,70000,Petrol,Individual,Manual,First Owner
690ac12956d1bc009301b611,Maruti 800 AC,2000,60000,40000,Petrol,Individual,Manual,Third Owner
690ac12956d1bc009301b612,Chevrolet Tavera Neo 3 10 Seats BSIV,2010,300000,120000,Diesel,Individual,Manual,Third Owner
690ac12956d1bc009301b613,Ford Fiesta 1.6 ZXi Duratec,2007,190000,60000,Petrol,Individual,Manual,Third Owner
690ac12956d1bc009301b614,Maruti Ertiga VDI,2013,400000,110000,Diesel,Individual,Manual,First Owner
690ac12956d1bc009301b615,Tata Manza Aura Quadrajet BS IV,2011,260000,97000,Diesel,Individual,Manual,Second Owner
690ac12956d1bc009301b616,Maruti Swift VVT VXI,2017,400000,30000,Petrol,Individual,Manual,First Owner
690ac12956d1bc009301b617,Hyundai i20 Sportz Petrol,2010,250000,40000,Petrol,Individual,Manual,First Owner
690ac12956d1bc009301b618,Hyundai Grand i10 1.2 Kappa Asta,2019,600000,10000,Petrol,Individual,Manual,First Owner
690ac12956d1bc009301b619,Maruti Zen Estilo VXI BSIV,2010,175000,52047,Petrol,Individual,Manual,First Owner
690ac12956d1bc009301b61a,Toyota Innova 2.5 G (Diesel) 8 Seater BS IV,2011,450000,200000,Diesel,Individual,Manual,Third Owner
690ac12956d1bc009301b61b,Tata Tiago 1.2 Revotron XZA,2019,350000,15000,Petrol,Individual,Automatic,Second Owner
690ac12956d1bc009301b61c,Maruti Vitara Brezza ZDi,2018,800000,50000,Diesel,Individual,Manual,First Owner
690ac12956d1bc009301b61d,Maruti Swift VXI BSIII,2011,250000,70000,Petrol,Individual,Manual,Second Owner
690ac12956d1bc009301b61e,Maruti Swift VXI BSIV,2019,600000,10000,Petrol,Individual,Manual,First Owner
690ac12956d1bc009301b61f,Maruti Swift VDI BSIV,2017,600000,90000,Diesel,Individual,Manual,First Owner
690ac12956d1bc009301b620,Maruti Alto 800 LXI,2016,130000,40000,Petrol,Individual,Manual,First Owner
690ac12956d1bc009301b621,Maruti Wagon R LXI,2006,90000,62009,Petrol,Individual,Manual,Second Owner
690ac12956d1bc009301b622,Hyundai i20 Active 1.2 S,2017,595000,33100,Petrol,Individual,Manual,Second Owner
690ac12956d1bc009301b623,Hyundai EON Era Plus,2014,190000,40000,Petrol,Individual,Manual,Second Owner
690ac12956d1bc009301b624,Hyundai Santro GLS I - Euro I,1999,50000,120000,Petrol,Individual,Manual,Second Owner
690ac12956d1bc009301b625,Maruti Wagon R LXI Minor,2007,95000,80000,Petrol,Individual,Manual,First Owner
690ac12956d1bc009301b626,Tata Safari Storme VX,2016,1000000,70000,Diesel,Individual,Manual,First Owner
690ac12956d1bc009301b627,Mahindra Scorpio REV 116,2006,220000,220000,Petrol,Individual,Manual,Second Owner
690ac12956d1bc009301b628,Mahindra Bolero SLX,2010,400000,50000,Diesel,Individual,Manual,First Owner
690ac12956d1bc009301b629,Datsun GO Plus A,2015,315000,45000,Petrol,Individual,Manual,Second Owner
690ac12956d1bc009301b62a,Toyota Fortuner 4x4 MT,2014,1000000,110000,Diesel,Individual,Manual,First Owner
690ac12956d1bc009301b62b,Ford Ecosport 1.5 DV5 MT Titanium,2014,500000,49000,Diesel,Individual,Manual,First Owner
690ac12956d1bc009301b62c,Mahindra XUV500 W11 AT BSIV,2018,1600000,35000,Diesel,Individual,Automatic,First Owner
690ac12956d1bc009301b62d,Mahindra Supro VX 8 Str,2017,500000,160000,Diesel,Individual,Manual,First Owner
690ac12956d1bc009301b62e,Maruti Alto LX,2007,70000,180000,Petrol,Individual,Manual,Third Owner
690ac12956d1bc009301b62f,Maruti 800 AC,2007,105000,60000,Petrol,Individual,Manual,Second Owner
690ac12956d1bc009301b630,Ford Endeavour 2.5L 4X2 MT,2008,400000,110000,Diesel,Individual,Manual,Third Owner
690ac12956d1bc009301b631,Maruti Wagon R LXI,2004,80000,60000,Petrol,Individual,Manual,Third Owner
690ac12956d1bc009301b632,Maruti Alto 800 VXI,2016,300000,30000,Petrol,Individual,Manual,First Owner
690ac12956d1bc009301b633,Mahindra KUV 100 D75 K2,2017,409999,40000,Diesel,Individual,Manual,First Owner
690ac12956d1bc009301b634,Maruti Swift Glam,2009,250000,70000,Petrol,Individual,Manual,First Owner
690ac12956d1bc009301b635,Tata New Safari DICOR 2.2 EX 4x2,2010,250000,120000,Diesel,Individual,Manual,Second Owner
690ac12956d1bc009301b636,Maruti Swift Dzire VDI,2012,215000,80000,Diesel,Individual,Manual,Third Owner
690ac12956d1bc009301b637,Toyota Fortuner 4x4 MT,2015,1400000,120000,Diesel,Individual,Manual,First Owner
690ac12956d1bc009301b638,Honda Brio 1.2 VX MT,2018,475000,20000,Petrol,Individual,Manual,First Owner
690ac12956d1bc009301b639,Honda Brio 1.2 VX MT,2018,475000,22000,Petrol,Individual,Manual,First Owner
690ac12956d1bc009301b63a,Chevrolet Spark 1.0 LS,2008,75000,35000,Petrol,Individual,Manual,Second Owner
690ac12956d1bc009301b63b,Chevrolet Sail Hatchback LS ABS,2013,200000,120000,Diesel,Individual,Manual,Second Owner
690ac12956d1bc009301b63c,Tata Tiago NRG Petrol,2019,575000,8000,Petrol,Individual,Manual,First Owner
690ac12956d1bc009301b63d,Maruti Ritz VDi,2011,150000,40000,Diesel,Individual,Manual,Second Owner
690ac12956d1bc009301b63e,Maruti Vitara Brezza ZDi Plus,2018,850000,10000,Diesel,Individual,Manual,First Owner
690ac12956d1bc009301b63f,Hyundai Santro Era,2019,350000,30000,Petrol,Individual,Manual,First Owner
690ac12956d1bc009301b640,Ford Endeavour 2.5L 4X2 MT,2011,550000,54000,Diesel,Individual,Manual,Second Owner
690ac12956d1bc009301b641,Hyundai Verna 1.4 VTVT,2017,330000,80577,Petrol,Individual,Manual,First Owner
690ac12956d1bc009301b642,Honda City i-DTEC V,2017,1044999,25000,Diesel,Individual,Manual,First Owner
690ac12956d1bc009301b643,Hyundai Verna 1.6 CRDI,2011,300000,127500,Diesel,Individual,Manual,Second Owner
690ac12956d1bc009301b644,Hyundai EON D Lite Plus,2015,235000,40903,Petrol,Dealer,Manual,First Owner
690ac12956d1bc009301b645,Ford Figo Petrol Titanium,2011,120000,60000,Petrol,Individual,Manual,Third Owner
690ac12956d1bc009301b646,Maruti Wagon R VXI,2004,130000,46000,Petrol,Individual,Manual,First Owner
690ac12956d1bc009301b647,Ford Endeavour 4x4 XLT,2004,275000,22288,Diesel,Dealer,Manual,Second Owner
690ac12956d1bc009301b648,Volkswagen Jetta 2.0 TDI Trendline,2011,270000,180000,Diesel,Individual,Manual,Second Owner
690ac12956d1bc009301b649,Volkswagen Polo 1.5 TDI Highline,2015,500000,30000,Diesel,Individual,Manual,Second Owner
690ac12956d1bc009301b64a,Hyundai Grand i10 Sportz,2015,400000,61690,Petrol,Dealer,Manual,First Owner
690ac12956d1bc009301b64b,Hyundai i20 Asta 1.2,2015,600000,64484,Petrol,Dealer,Manual,First Owner
690ac12956d1bc009301b64c,Audi Q5 2.0 TDI,2012,1350000,90000,Diesel,Individual,Automatic,Second Owner
690ac12956d1bc009301b64d,Renault Duster 85PS Diesel RxE,2013,400000,75976,Diesel,Dealer,Manual,Second Owner
690ac12956d1bc009301b64e,Ford Figo Diesel Titanium,2011,220000,70000,Diesel,Individual,Manual,Second Owner
690ac12956d1bc009301b64f,Honda Brio E MT,2012,300000,85962,Petrol,Dealer,Manual,Second Owner
690ac12956d1bc009301b650,Maruti Omni E MPI STD BS IV,2018,250000,120000,Petrol,Individual,Manual,First Owner
690ac12956d1bc009301b651,Honda Mobilio V i DTEC,2015,600000,120000,Diesel,Individual,Manual,First Owner
690ac12956d1bc009301b652,Honda Brio S Option AT,2012,285000,75000,Petrol,Individual,Automatic,Second Owner
690ac12956d1bc009301b653,Honda Accord 2.4 MT,2009,350000,57035,Petrol,Dealer,Manual,First Owner
690ac12956d1bc009301b654,Mahindra Bolero SLX,2011,170000,70000,Diesel,Individual,Manual,Third Owner
690ac12956d1bc009301b655,Ford Figo 1.2P Ambiente MT,2015,229999,45000,Petrol,Individual,Manual,First Owner
690ac12956d1bc009301b656,Mahindra XUV500 W6 2WD,2013,500000,72104,Diesel,Dealer,Manual,Second Owner
690ac12956d1bc009301b657,Tata Nano Lx,2011,75000,15000,Petrol,Individual,Manual,First Owner
690ac12956d1bc009301b658,Hyundai i20 Active 1.2 SX,2016,600000,30000,Petrol,Individual,Manual,First Owner
690ac12956d1bc009301b659,Tata Indigo LS Dicor,2011,220000,80000,Diesel,Individual,Manual,First Owner
690ac12956d1bc009301b65a,Tata Indica Vista Terra 1.4 TDI,2009,150000,164000,Diesel,Individual,Manual,Second Owner
690ac12956d1bc009301b65b,Maruti Alto LX,2006,65000,124439,Petrol,Individual,Manual,Second Owner
690ac12956d1bc009301b65c,Maruti Zen VXI,2006,120000,77000,Petrol,Individual,Manual,Second Owner
690ac12956d1bc009301b65d,Maruti Swift Dzire VDI,2014,240000,90000,Diesel,Individual,Manual,First Owner
690ac12956d1bc009301b65e,Renault KWID 1.0 RXT Optional,2017,390000,30000,Petrol,Individual,Manual,First Owner
690ac12956d1bc009301b65f,Chevrolet Beat LS,2012,180000,50000,Petrol,Individual,Manual,First Owner
690ac12956d1bc009301b660,Maruti Swift VDI,2012,320000,80000,Diesel,Individual,Manual,Second Owner
690ac12956d1bc009301b661,Maruti Alto 800 LXI,2018,310000,5000,Petrol,Individual,Manual,First Owner
690ac12956d1bc009301b662,Maruti Wagon R AMT VXI,2018,420000,24000,Petrol,Individual,Automatic,First Owner
690ac12956d1bc009301b663,Tata Tiago NRG Petrol,2019,550000,10000,Petrol,Individual,Manual,First Owner
690ac12956d1bc009301b664,Maruti Ertiga SHVS VDI,2016,550000,78000,Diesel,Individual,Manual,Third Owner
690ac12956d1bc009301b665,Mahindra TUV 300 T4 Plus,2018,760000,50000,Diesel,Individual,Manual,First Owner
690ac12956d1bc009301b666,Maruti 800 AC BSII,2001,43000,100000,Petrol,Individual,Manual,Second Owner
690ac12956d1bc009301b667,Maruti Omni MPI STD BSIV,2018,250000,20000,Petrol,Individual,Manual,First Owner
690ac12956d1bc009301b668,Hyundai Santro Magna BSIV,2019,500000,1250,Petrol,Individual,Manual,First Owner
690ac12956d1bc009301b669,Tata Zest Revotron 1.2 XT,2015,380000,17152,Petrol,Individual,Manual,First Owner
690ac12956d1bc009301b66a,Mahindra XUV500 W11 Option AT AWD,2019,1850000,5000,Diesel,Individual,Automatic,First Owner
690ac12956d1bc009301b66b,Volkswagen Polo Diesel Trendline 1.2L,2012,350000,77000,Diesel,Individual,Manual,First Owner
690ac12956d1bc009301b66c,Hyundai Verna CRDi,2008,195000,90000,Diesel,Individual,Manual,Second Owner
690ac12956d1bc009301b66d,Chevrolet Beat LS,2011,225000,80000,Petrol,Individual,Manual,Second Owner
690ac12956d1bc009301b66e,Toyota Innova 2.5 G (Diesel) 7 Seater,2015,1125000,65000,Diesel,Individual,Manual,First Owner
690ac12956d1bc009301b66f,Tata Indica Vista Quadrajet LX,2011,133000,80000,Diesel,Individual,Manual,First Owner
690ac12956d1bc009301b670,Hyundai EON Era Plus,2013,200000,24005,Petrol,Individual,Manual,First Owner
690ac12956d1bc009301b671,Maruti Vitara Brezza ZDi Plus,2018,940000,20000,Diesel,Individual,Manual,First Owner
690ac12956d1bc009301b672,Renault Duster 85PS Diesel RxL,2014,400000,120000,Diesel,Individual,Manual,First Owner
690ac12956d1bc009301b673,Hyundai i10 Era 1.1,2009,120000,120000,Petrol,Individual,Manual,Second Owner
690ac12956d1bc009301b674,Maruti Swift Dzire ZDI,2015,625000,80000,Diesel,Individual,Manual,First Owner
690ac12956d1bc009301b675,Maruti Swift 1.3 VXi,2005,110000,80000,Petrol,Individual,Manual,First Owner
690ac12956d1bc009301b676,Renault Duster 110PS Diesel RxZ,2012,490000,100000,Diesel,Individual,Manual,First Owner
690ac12956d1bc009301b677,Maruti Alto LX,2009,140000,120000,Petrol,Individual,Manual,Second Owner
690ac12956d1bc009301b678,Ford Figo Diesel ZXI,2011,175000,149000,Diesel,Individual,Manual,Second Owner
690ac12956d1bc009301b679,Maruti Wagon R LXI BSIII,2005,90000,65000,Petrol,Individual,Manual,Second Owner
690ac12956d1bc009301b67a,Maruti Swift Ldi BSIV,2009,275000,100000,Diesel,Individual,Manual,Second Owner
690ac12956d1bc009301b67b,Volkswagen Vento Diesel Highline,2011,300000,65000,Diesel,Individual,Manual,Second Owner
690ac12956d1bc009301b67c,Datsun GO Plus T Option BSIV,2018,270000,19000,Petrol,Individual,Manual,Second Owner
690ac12956d1bc009301b67d,Chevrolet Beat LT,2010,130000,80000,Petrol,Individual,Manual,Second Owner
690ac12956d1bc009301b67e,Maruti Alto K10 VXI Airbag,2015,275000,30000,Petrol,Individual,Manual,First Owner
690ac12956d1bc009301b67f,Maruti Swift VDI,2012,352000,109000,Diesel,Individual,Manual,First Owner
690ac12956d1bc009301b680,Hyundai EON LPG Magna Plus,2012,180000,90000,LPG,Individual,Manual,First Owner
690ac12956d1bc009301b681,Maruti Alto LX,2012,150000,90000,Petrol,Individual,Manual,First Owner
690ac12956d1bc009301b682,Volkswagen Vento Diesel Highline,2011,300000,65000,Diesel,Individual,Manual,Second Owner
690ac12956d1bc009301b683,Maruti Swift Vdi BSIII,2010,300000,110000,Diesel,Individual,Manual,Second Owner
690ac12956d1bc009301b684,Mahindra Bolero DI DX 7 Seater,2007,225000,120000,Diesel,Individual,Manual,First Owner
690ac12956d1bc009301b685,Honda Mobilio V i DTEC,2014,600000,44000,Diesel,Individual,Manual,First Owner
690ac12956d1bc009301b686,Maruti Ertiga BSIV ZXI,2015,500000,80000,Petrol,Individual,Manual,First Owner
690ac12956d1bc009301b687,Honda BR-V i-VTEC S MT,2018,900000,5000,Petrol,Individual,Manual,First Owner
690ac12956d1bc009301b688,Hyundai i20 Magna 1.2,2016,600000,61000,Petrol,Individual,Manual,First Owner
690ac12956d1bc009301b689,Toyota Etios VD,2011,450000,100000,Diesel,Individual,Manual,Second Owner
690ac12956d1bc009301b68a,Hyundai i10 Era 1.1,2009,270000,27633,Petrol,Individual,Manual,First Owner
690ac12956d1bc009301b68b,Maruti Swift Vdi BSIII,2010,310000,100000,Diesel,Individual,Manual,Third Owner
690ac12956d1bc009301b68c,Hyundai Santro Xing GLS Audio LPG,2012,250000,100000,LPG,Individual,Manual,First Owner
690ac12956d1bc009301b68d,Ford Figo 1.2P Titanium MT,2019,700000,12586,Petrol,Dealer,Manual,First Owner
690ac12956d1bc009301b68e,Fiat Avventura Urban Cross 1.3 Multijet Emotion,2018,650000,38083,Diesel,Dealer,Manual,First Owner
690ac12956d1bc009301b68f,Ford Figo Diesel ZXI,2012,400000,55328,Diesel,Dealer,Manual,First Owner
690ac12956d1bc009301b690,Ford Figo Diesel Titanium,2012,425000,81632,Diesel,Dealer,Manual,First Owner
690ac12956d1bc009301b691,Ford Aspire Titanium Diesel BSIV,2016,600000,155201,Diesel,Dealer,Manual,First Owner
690ac12956d1bc009301b692,Ford EcoSport 1.5 TDCi Titanium BSIV,2013,600000,93283,Diesel,Dealer,Manual,First Owner
690ac12956d1bc009301b693,Maruti Swift Ldi BSIII,2009,300000,217871,Diesel,Dealer,Manual,First Owner
690ac12956d1bc009301b694,Ford Fiesta Classic 1.4 Duratorq CLXI,2012,450000,90165,Diesel,Dealer,Manual,First Owner
690ac12956d1bc009301b695,Ford Ecosport 1.5 DV5 MT Titanium,2014,750000,101504,Diesel,Dealer,Manual,First Owner
690ac12956d1bc009301b696,Ford Figo Titanium Diesel BSIV,2010,325000,86017,Diesel,Dealer,Manual,Second Owner
690ac12956d1bc009301b697,Mahindra XUV500 W8 2WD,2013,900000,85036,Diesel,Dealer,Manual,Second Owner
690ac12956d1bc009301b698,Ford Ikon 1.3L Rocam Flair,2006,180000,91086,Petrol,Dealer,Manual,Second Owner
690ac12956d1bc009301b699,Fiat Punto 1.3 Emotion,2013,350000,160254,Diesel,Dealer,Manual,Second Owner
690ac12956d1bc009301b69a,Ford EcoSport 1.5 TDCi Titanium BSIV,2013,600000,125531,Diesel,Dealer,Manual,Second Owner
690ac12956d1bc009301b69b,Honda WR-V i-DTEC V,2019,900000,60000,Diesel,Individual,Manual,First Owner
690ac12956d1bc009301b69c,Skoda Laura L n K 1.9 PD,2006,350000,100000,Diesel,Individual,Manual,First Owner
690ac12956d1bc009301b69d,Maruti Ritz LDi,2013,280000,90000,Diesel,Individual,Manual,Third Owner
690ac12956d1bc009301b69e,Mahindra Xylo D2,2009,225000,120000,Diesel,Individual,Manual,Second Owner
690ac12956d1bc009301b69f,Honda City i DTEC S,2014,520000,82000,Diesel,Individual,Manual,First Owner
690ac12956d1bc009301b6a0,Mahindra Scorpio 1.99 S4,2016,509999,60000,Diesel,Individual,Manual,First Owner
690ac12956d1bc009301b6a1,Maruti Baleno Alpha 1.2,2019,556000,24000,Petrol,Individual,Manual,First Owner
690ac12956d1bc009301b6a2,Tata Indigo Grand Dicor,2014,225000,120000,Diesel,Individual,Manual,First Owner
690ac12956d1bc009301b6a3,Honda Amaze EX i-Dtech,2013,325000,65000,Diesel,Dealer,Manual,First Owner
690ac12956d1bc009301b6a4,Maruti Swift VDI,2013,365000,65000,Diesel,Dealer,Manual,First Owner
690ac12956d1bc009301b6a5,Hyundai Creta 1.6 CRDi SX Plus,2015,850000,84000,Diesel,Dealer,Manual,First Owner
690ac12956d1bc009301b6a6,Toyota Etios GD SP,2013,350000,75000,Diesel,Dealer,Manual,First Owner
690ac12956d1bc009301b6a7,Maruti Swift VDI,2007,225000,50000,Diesel,Dealer,Manual,First Owner
690ac12956d1bc009301b6a8,Maruti Alto LX,2011,135000,50000,Petrol,Individual,Manual,First Owner
690ac12956d1bc009301b6a9,Maruti Wagon R LXI Minor,2007,140000,49000,Petrol,Dealer,Manual,First Owner
690ac12956d1bc009301b6aa,Maruti SX4 S Cross DDiS 320 Delta,2016,665000,560000,Diesel,Dealer,Manual,First Owner
690ac12956d1bc009301b6ab,Renault KWID RXT,2015,275000,14365,Petrol,Dealer,Manual,First Owner
690ac12956d1bc009301b6ac,Toyota Fortuner 2.8 4WD AT BSIV,2017,2750000,41000,Diesel,Individual,Automatic,First Owner
690ac12956d1bc009301b6ad,Hyundai Verna 1.6 SX,2013,484999,65000,Diesel,Dealer,Manual,First Owner
690ac12956d1bc009301b6ae,Maruti Ciaz VDi Option SHVS,2015,565000,65000,Diesel,Dealer,Manual,First Owner
690ac12956d1bc009301b6af,Maruti Swift Dzire VDI,2013,425000,61083,Diesel,Dealer,Manual,First Owner
690ac12956d1bc009301b6b0,Toyota Innova 2.5 VX (Diesel) 8 Seater,2013,925000,75000,Diesel,Individual,Manual,First Owner
690ac12956d1bc009301b6b1,Mahindra Scorpio VLX 2WD AIRBAG SE BSIV,2012,565000,72000,Diesel,Dealer,Manual,First Owner
690ac12956d1bc009301b6b2,Renault Duster 110PS Diesel RxL,2014,525000,65000,Diesel,Dealer,Manual,First Owner
690ac12956d1bc009301b6b3,Hyundai Tucson 2.0 e-VGT 2WD MT,2017,1650000,55000,Diesel,Dealer,Manual,First Owner
690ac12956d1bc009301b6b4,Hyundai EON Era Plus,2015,295000,21000,Petrol,Dealer,Manual,Second Owner
690ac12956d1bc009301b6b5,Jaguar XF 5.0 Litre V8 Petrol,2012,2050000,66363,Petrol,Dealer,Automatic,Second Owner
690ac12956d1bc009301b6b6,Hyundai Creta 1.6 VTVT AT SX Plus,2018,1475000,11700,Petrol,Dealer,Automatic,First Owner
690ac12956d1bc009301b6b7,Hyundai Verna VTVT 1.6 AT SX Option,2017,1100000,10000,Petrol,Individual,Automatic,First Owner
690ac12956d1bc009301b6b8,Mercedes-Benz GL-Class 350 CDI Blue Efficiency,2014,4400000,100000,Diesel,Individual,Automatic,Second Owner
690ac12956d1bc009301b6b9,Maruti Swift ZXI BSIV,2016,670000,7104,Petrol,Trustmark Dealer,Manual,First Owner
690ac12956d1bc009301b6ba,Maruti S-Cross Zeta DDiS 200 SH,2015,750000,45974,Diesel,Trustmark Dealer,Manual,First Owner
690ac12956d1bc009301b6bb,Hyundai Verna 1.6 VTVT SX,2015,760000,55340,Petrol,Trustmark Dealer,Manual,First Owner
690ac12956d1bc009301b6bc,Volkswagen Polo GTI,2017,850000,20000,Petrol,Dealer,Automatic,Second Owner
690ac12956d1bc009301b6bd,Renault Pulse RxL,2015,390000,61585,Diesel,Trustmark Dealer,Manual,First Owner
690ac12956d1bc009301b6be,Maruti Celerio VXI AMT BSIV,2016,450000,39415,Petrol,Trustmark Dealer,Automatic,Second Owner
690ac12956d1bc009301b6bf,Honda Brio V MT,2014,425000,29654,Petrol,Trustmark Dealer,Manual,First Owner
690ac12956d1bc009301b6c0,Maruti Baleno Alpha 1.3,2016,770000,64672,Diesel,Trustmark Dealer,Manual,First Owner
690ac12956d1bc009301b6c1,Hyundai Creta 1.6 SX Automatic Diesel,2015,1150000,54634,Diesel,Trustmark Dealer,Automatic,Second Owner
690ac12956d1bc009301b6c2,Honda City i VTEC V,2015,775000,66521,Petrol,Trustmark Dealer,Manual,First Owner
690ac12956d1bc009301b6c3,Toyota Innova Crysta 2.4 GX AT,2018,1725000,23974,Diesel,Dealer,Automatic,Second Owner
690ac12956d1bc009301b6c4,BMW 3 Series 320d Luxury Line,2016,2150000,43000,Diesel,Dealer,Automatic,First Owner
690ac12956d1bc009301b6c5,Renault Duster 85PS Diesel RxL,2013,450000,1000,Diesel,Dealer,Manual,Second Owner
690ac12956d1bc009301b6c6,Mercedes-Benz C-Class Progressive C 220d,2018,3800000,10000,Diesel,Dealer,Automatic,First Owner
690ac12956d1bc009301b6c7,Audi A4 3.0 TDI Quattro,2013,1580000,86000,Diesel,Dealer,Automatic,First Owner
690ac12956d1bc009301b6c8,BMW X5 xDrive 30d xLine,2019,4950000,30000,Diesel,Dealer,Automatic,First Owner
690ac12956d1bc009301b6c9,Hyundai Creta 1.6 CRDi SX,2016,535000,52600,Diesel,Individual,Manual,First Owner
690ac12956d1bc009301b6ca,Maruti SX4 Vxi BSIV,2012,225000,110000,Petrol,Individual,Manual,Second Owner
690ac12956d1bc009301b6cb,Hyundai Grand i10 1.2 Kappa Magna AT,2017,550000,19890,Petrol,Dealer,Automatic,First Owner
690ac12956d1bc009301b6cc,Maruti Swift ZXI BSIV,2016,670000,7104,Petrol,Trustmark Dealer,Manual,First Owner
690ac12956d1bc009301b6cd,Maruti Ertiga VXI,2015,625000,11918,Petrol,Trustmark Dealer,Manual,First Owner
690ac12956d1bc009301b6ce,Hyundai Grand i10 Magna AT,2017,520000,10510,Petrol,Dealer,Automatic,First Owner
690ac12956d1bc009301b6cf,Chevrolet Beat LT Option,2016,239000,41000,Petrol,Dealer,Manual,First Owner
690ac12956d1bc009301b6d0,Toyota Fortuner 4x2 AT,2017,2600000,47162,Diesel,Trustmark Dealer,Automatic,First Owner
690ac12956d1bc009301b6d1,Maruti S-Cross Zeta DDiS 200 SH,2015,750000,45974,Diesel,Trustmark Dealer,Manual,First Owner
690ac12956d1bc009301b6d2,Hyundai i10 Magna,2012,229999,49824,Petrol,Dealer,Manual,First Owner
690ac12956d1bc009301b6d3,Audi A6 2.0 TDI Premium Plus,2013,1300000,58500,Diesel,Dealer,Automatic,First Owner
690ac12956d1bc009301b6d4,Hyundai Santro GS,2005,80000,56580,Petrol,Dealer,Manual,First Owner
690ac12956d1bc009301b6d5,Skoda Laura Ambiente 2.0 TDI CR MT,2012,385000,52000,Diesel,Dealer,Manual,First Owner
690ac12956d1bc009301b6d6,Hyundai Verna 1.6 VTVT SX,2015,760000,55340,Petrol,Trustmark Dealer,Manual,First Owner
690ac12956d1bc009301b6d7,Maruti Swift Dzire VDI,2017,600000,46507,Diesel,Trustmark Dealer,Manual,First Owner
690ac12956d1bc009301b6d8,Renault Duster 85PS Diesel RxL,2013,450000,1000,Diesel,Dealer,Manual,Second Owner
690ac12956d1bc009301b6d9,Mercedes-Benz C-Class Progressive C 220d,2018,3800000,10000,Diesel,Dealer,Automatic,First Owner
690ac12956d1bc009301b6da,Audi A4 3.0 TDI Quattro,2013,1580000,86000,Diesel,Dealer,Automatic,First Owner
690ac12956d1bc009301b6db,BMW X5 xDrive 30d xLine,2019,4950000,30000,Diesel,Dealer,Automatic,First Owner
690ac12956d1bc009301b6dc,Hyundai Creta 1.6 CRDi SX,2016,535000,52600,Diesel,Individual,Manual,First Owner
690ac12956d1bc009301b6dd,Maruti SX4 Vxi BSIV,2012,225000,110000,Petrol,Individual,Manual,Second Owner
690ac12956d1bc009301b6de,Hyundai Grand i10 1.2 Kappa Magna AT,2017,550000,19890,Petrol,Dealer,Automatic,First Owner
690ac12956d1bc009301b6df,Maruti Swift ZXI BSIV,2016,670000,7104,Petrol,Trustmark Dealer,Manual,First Owner
690ac12956d1bc009301b6e0,Maruti Ertiga VXI,2015,625000,11918,Petrol,Trustmark Dealer,Manual,First Owner
690ac12956d1bc009301b6e1,Hyundai Grand i10 Magna AT,2017,520000,10510,Petrol,Dealer,Automatic,First Owner
690ac12956d1bc009301b6e2,Chevrolet Beat LT Option,2016,239000,41000,Petrol,Dealer,Manual,First Owner
690ac12956d1bc009301b6e3,Toyota Fortuner 4x2 AT,2017,2600000,47162,Diesel,Trustmark Dealer,Automatic,First Owner
690ac12956d1bc009301b6e4,Maruti S-Cross Zeta DDiS 200 SH,2015,750000,45974,Diesel,Trustmark Dealer,Manual,First Owner
690ac12956d1bc009301b6e5,Hyundai i10 Magna,2012,229999,49824,Petrol,Dealer,Manual,First Owner
690ac12956d1bc009301b6e6,Audi A6 2.0 TDI Premium Plus,2013,1300000,58500,Diesel,Dealer,Automatic,First Owner
690ac12956d1bc009301b6e7,Hyundai Santro GS,2005,80000,56580,Petrol,Dealer,Manual,First Owner
690ac12956d1bc009301b6e8,Skoda Laura Ambiente 2.0 TDI CR MT,2012,385000,52000,Diesel,Dealer,Manual,First Owner
690ac12956d1bc009301b6e9,Hyundai Verna 1.6 VTVT SX,2015,760000,55340,Petrol,Trustmark Dealer,Manual,First Owner
690ac12956d1bc009301b6ea,Maruti Swift Dzire VDI,2017,600000,46507,Diesel,Trustmark Dealer,Manual,First Owner
690ac12956d1bc009301b6eb,Renault Duster 85PS Diesel RxL,2013,450000,1000,Diesel,Dealer,Manual,Second Owner
690ac12956d1bc009301b6ec,Mercedes-Benz C-Class Progressive C 220d,2018,3800000,10000,Diesel,Dealer,Automatic,First Owner
690ac12956d1bc009301b6ed,Audi A4 3.0 TDI Quattro,2013,1580000,86000,Diesel,Dealer,Automatic,First Owner
690ac12956d1bc009301b6ee,BMW X5 xDrive 30d xLine,2019,4950000,30000,Diesel,Dealer,Automatic,First Owner
690ac12956d1bc009301b6ef,Hyundai Creta 1.6 CRDi SX,2016,535000,52600,Diesel,Individual,Manual,First Owner
690ac12956d1bc009301b6f0,Maruti SX4 Vxi BSIV,2012,225000,110000,Petrol,Individual,Manual,Second Owner
690ac12956d1bc009301b6f1,Hyundai Grand i10 1.2 Kappa Magna AT,2017,550000,19890,Petrol,Dealer,Automatic,First Owner
690ac12956d1bc009301b6f2,Maruti Swift ZXI BSIV,2016,670000,7104,Petrol,Trustmark Dealer,Manual,First Owner
690ac12956d1bc009301b6f3,Maruti Ertiga VXI,2015,625000,11918,Petrol,Trustmark Dealer,Manual,First Owner
690ac12956d1bc009301b6f4,Hyundai Grand i10 Magna AT,2017,520000,10510,Petrol,Dealer,Automatic,First Owner
690ac12956d1bc009301b6f5,Chevrolet Beat LT Option,2016,239000,41000,Petrol,Dealer,Manual,First Owner
690ac12956d1bc009301b6f6,Toyota Fortuner 4x2 AT,2017,2600000,47162,Diesel,Trustmark Dealer,Automatic,First Owner
690ac12956d1bc009301b6f7,Maruti S-Cross Zeta DDiS 200 SH,2015,750000,45974,Diesel,Trustmark Dealer,Manual,First Owner
690ac12956d1bc009301b6f8,Hyundai i10 Magna,2012,229999,49824,Petrol,Dealer,Manual,First Owner
690ac12956d1bc009301b6f9,Audi A6 2.0 TDI Premium Plus,2013,1300000,58500,Diesel,Dealer,Automatic,First Owner
690ac12956d1bc009301b6fa,Hyundai Santro GS,2005,80000,56580,Petrol,Dealer,Manual,First Owner
690ac12956d1bc009301b6fb,Skoda Laura Ambiente 2.0 TDI CR MT,2012,385000,52000,Diesel,Dealer,Manual,First Owner
690ac12956d1bc009301b6fc,Hyundai Verna 1.6 VTVT SX,2015,760000,55340,Petrol,Trustmark Dealer,Manual,First Owner
690ac12956d1bc009301b6fd,Maruti Swift Dzire VDI,2017,600000,46507,Diesel,Trustmark Dealer,Manual,First Owner
690ac12956d1bc009301b6fe,Renault Duster 85PS Diesel RxL,2013,450000,1000,Diesel,Dealer,Manual,Second Owner
690ac12956d1bc009301b6ff,Mercedes-Benz C-Class Progressive C 220d,2018,3800000,10000,Diesel,Dealer,Automatic,First Owner
690ac12956d1bc009301b700,Audi A4 3.0 TDI Quattro,2013,1580000,86000,Diesel,Dealer,Automatic,First Owner
690ac12956d1bc009301b701,BMW X5 xDrive 30d xLine,2019,4950000,30000,Diesel,Dealer,Automatic,First Owner
690ac12956d1bc009301b702,Hyundai Creta 1.6 CRDi SX,2016,535000,52600,Diesel,Individual,Manual,First Owner
690ac12956d1bc009301b703,Maruti SX4 Vxi BSIV,2012,225000,110000,Petrol,Individual,Manual,Second Owner
690ac12956d1bc009301b704,Hyundai Grand i10 1.2 Kappa Magna AT,2017,550000,19890,Petrol,Dealer,Automatic,First Owner
690ac12956d1bc009301b705,Maruti Swift ZXI BSIV,2016,670000,7104,Petrol,Trustmark Dealer,Manual,First Owner
690ac12956d1bc009301b706,Maruti Ertiga VXI,2015,625000,11918,Petrol,Trustmark Dealer,Manual,First Owner
690ac12956d1bc009301b707,Hyundai Grand i10 Magna AT,2017,520000,10510,Petrol,Dealer,Automatic,First Owner
690ac12956d1bc009301b708,Chevrolet Beat LT Option,2016,239000,41000,Petrol,Dealer,Manual,First Owner
690ac12956d1bc009301b709,Toyota Fortuner 4x2 AT,2017,2600000,47162,Diesel,Trustmark Dealer,Automatic,First Owner
690ac12956d1bc009301b70a,Maruti S-Cross Zeta DDiS 200 SH,2015,750000,45974,Diesel,Trustmark Dealer,Manual,First Owner
690ac12956d1bc009301b70b,Hyundai i10 Magna,2012,229999,49824,Petrol,Dealer,Manual,First Owner
690ac12956d1bc009301b70c,Audi A6 2.0 TDI Premium Plus,2013,1300000,58500,Diesel,Dealer,Automatic,First Owner
690ac12956d1bc009301b70d,Hyundai Santro GS,2005,80000,56580,Petrol,Dealer,Manual,First Owner
690ac12956d1bc009301b70e,Skoda Laura Ambiente 2.0 TDI CR MT,2012,385000,52000,Diesel,Dealer,Manual,First Owner
690ac12956d1bc009301b70f,Hyundai Verna 1.6 VTVT SX,2015,760000,55340,Petrol,Trustmark Dealer,Manual,First Owner
690ac12956d1bc009301b710,Maruti Swift Dzire VDI,2017,600000,46507,Diesel,Trustmark Dealer,Manual,First Owner
690ac12956d1bc009301b711,Hyundai i20 Sportz 1.2,2013,350000,50000,Petrol,Individual,Manual,Second Owner
690ac12956d1bc009301b712,Maruti Alto 800 LXI,2014,114999,30000,Petrol,Individual,Manual,First Owner
690ac12956d1bc009301b713,Hyundai i20 Sportz 1.2,2013,380000,50000,Petrol,Individual,Manual,Second Owner
690ac12956d1bc009301b714,Maruti Gypsy E MG410W ST,1995,95000,100000,Petrol,Individual,Manual,Second Owner
690ac12956d1bc009301b715,Mahindra Scorpio 1.99 S6 Plus,2016,900000,35000,Diesel,Individual,Manual,First Owner
690ac12956d1bc009301b716,Chevrolet Beat LT,2012,200999,90000,Petrol,Individual,Manual,Second Owner
690ac12956d1bc009301b717,Maruti Omni E MPI STD BS IV,2014,229999,11451,Petrol,Individual,Manual,First Owner
690ac12956d1bc009301b718,Tata Nexon 1.5 Revotorq XZ,2019,800000,60000,Diesel,Individual,Manual,First Owner
690ac12956d1bc009301b719,Mahindra Verito 1.5 D4 BSIV,2012,150000,172000,Diesel,Individual,Manual,Second Owner
690ac12956d1bc009301b71a,Maruti Swift VDI,2018,600000,60000,Diesel,Individual,Manual,First Owner
690ac12956d1bc009301b71b,Chevrolet Tavera LS B3 7 Seats BSII,2005,150000,150000,Diesel,Individual,Manual,First Owner
690ac12956d1bc009301b71c,Chevrolet Optra Magnum 2.0 LS,2009,150000,66000,Diesel,Individual,Manual,First Owner
690ac12956d1bc009301b71d,Maruti Eeco 5 Seater Standard BSIV,2019,380000,5000,Petrol,Individual,Manual,First Owner
690ac12956d1bc009301b71e,Maruti Swift 1.3 VXi,2006,80000,66508,Petrol,Individual,Manual,Second Owner
690ac12956d1bc009301b71f,Honda Civic 1.8 MT Sport,2007,225000,55000,Petrol,Individual,Manual,Second Owner
690ac12956d1bc009301b720,Tata Nano Lx BSIV,2012,75000,29900,Petrol,Individual,Manual,First Owner
690ac12956d1bc009301b721,Tata Hexa XT 4X4,2017,1600000,3000,Diesel,Individual,Manual,First Owner
690ac12956d1bc009301b722,Tata Indica Vista Quadrajet VX,2012,185000,85000,Diesel,Individual,Manual,First Owner
690ac12956d1bc009301b723,Mahindra Scorpio 2.6 CRDe SLE,2011,425000,50000,Diesel,Individual,Manual,First Owner
690ac12956d1bc009301b724,Tata Indica Vista Aqua 1.4 TDI,2010,100000,120000,Diesel,Individual,Manual,Second Owner
690ac12956d1bc009301b725,Maruti Zen Estilo LXI BSIII,2008,140000,90000,Petrol,Individual,Manual,Third Owner
690ac12956d1bc009301b726,Maruti Swift Dzire AMT ZXI Plus BS IV,2017,710000,8000,Petrol,Individual,Automatic,First Owner
690ac12956d1bc009301b727,Honda Amaze S AT i-Vtech,2015,450000,7900,Petrol,Individual,Automatic,First Owner
690ac12956d1bc009301b728,Datsun RediGO T Option,2017,210000,50000,Petrol,Individual,Manual,First Owner
690ac12956d1bc009301b729,Maruti Alto K10 VXI,2016,270000,25000,Petrol,Individual,Manual,First Owner
690ac12956d1bc009301b72a,Maruti Alto LXi,2009,110000,20000,Petrol,Individual,Manual,First Owner
690ac12956d1bc009301b72b,Maruti Swift VXI,2018,540000,17500,Petrol,Individual,Manual,First Owner
690ac12956d1bc009301b72c,Mahindra Renault Logan 1.4 GLX Petrol,2008,145000,25000,Petrol,Individual,Manual,First Owner
690ac12956d1bc009301b72d,Tata Safari Storme VX,2013,360000,206500,Diesel,Individual,Manual,First Owner
690ac12956d1bc009301b72e,Hyundai i10 Magna LPG,2013,250000,88600,LPG,Individual,Manual,First Owner
690ac12956d1bc009301b72f,Tata Venture EX,2012,110000,80000,Diesel,Individual,Manual,First Owner
690ac12956d1bc009301b730,Chevrolet Captiva LT,2008,250000,100000,Diesel,Individual,Manual,Fourth & Above Owner
690ac12956d1bc009301b731,Ford Fiesta Classic 1.4 Duratorq CLXI,2011,150000,186000,Diesel,Individual,Manual,Second Owner
690ac12956d1bc009301b732,Chevrolet Aveo U-VA 1.2 LS,2010,140000,60000,Petrol,Individual,Manual,First Owner
690ac12956d1bc009301b733,Maruti Ciaz Zeta BSIV,2019,925000,11000,Petrol,Individual,Manual,First Owner
690ac12956d1bc009301b734,Tata Hexa XM,2017,969999,30000,Diesel,Individual,Manual,First Owner
690ac12956d1bc009301b735,Hyundai Santro Xing GL PLUS CNG,2007,90000,80000,CNG,Individual,Manual,Third Owner
690ac12956d1bc009301b736,Hyundai Santro GLS I - Euro I,2001,55000,60000,Petrol,Individual,Manual,Third Owner
690ac12956d1bc009301b737,Hyundai Verna CRDi,2007,155000,100000,Diesel,Individual,Manual,Fourth & Above Owner
690ac12956d1bc009301b738,Mahindra Thar CRDe ABS,2019,900000,15000,Diesel,Individual,Manual,First Owner
690ac12956d1bc009301b739,Maruti Alto K10 2010-2014 VXI,2011,135000,90000,Petrol,Individual,Manual,First Owner
690ac12956d1bc009301b73a,Maruti 800 AC,2012,180000,120000,Petrol,Individual,Manual,First Owner
690ac12956d1bc009301b73b,Hyundai Verna 1.6 SX,2013,495000,100000,Diesel,Individual,Manual,Second Owner
690ac12956d1bc009301b73c,Toyota Innova 2.5 V Diesel 8-seater,2009,400000,138000,Diesel,Individual,Manual,Third Owner
690ac12956d1bc009301b73d,Hyundai Verna CRDi,2008,250000,110000,Diesel,Individual,Manual,Second Owner
690ac12956d1bc009301b73e,Maruti Alto K10 LXI,2015,138000,120000,Petrol,Individual,Manual,Fourth & Above Owner
690ac12956d1bc009301b73f,Honda City 1.5 V AT,2011,311000,70000,Petrol,Individual,Automatic,Second Owner
690ac12956d1bc009301b740,Maruti Alto 800 VXI,2015,190000,70000,Petrol,Individual,Manual,First Owner
690ac12956d1bc009301b741,Mahindra Bolero SLX,2011,311000,140000,Diesel,Individual,Manual,First Owner
690ac12956d1bc009301b742,Maruti Ritz LXI,2009,300000,15000,Petrol,Individual,Manual,First Owner
690ac12956d1bc009301b743,Honda Jazz VX,2018,600000,20000,Petrol,Individual,Manual,First Owner
690ac12956d1bc009301b744,Mahindra Scorpio SLE BSIII,2009,550000,100000,Diesel,Individual,Manual,First Owner
690ac12956d1bc009301b745,Skoda Rapid 1.6 MPI AT Elegance Plus,2015,600000,70000,Petrol,Individual,Automatic,First Owner
690ac12956d1bc009301b746,Maruti Alto 800 VXI,2018,195000,5000,Petrol,Individual,Manual,First Owner
690ac12956d1bc009301b747,Tata Nano LX,2013,58000,27974,Petrol,Individual,Manual,First Owner
690ac12956d1bc009301b748,Maruti Alto 800 VXI,2018,183000,40000,Petrol,Individual,Manual,First Owner
690ac12956d1bc009301b749,Maruti Zen Estilo 1.1 VXI BSIII,2007,95000,80000,Petrol,Individual,Manual,First Owner
690ac12956d1bc009301b74a,Maruti Wagon R LX Minor,2013,250000,38000,Petrol,Individual,Manual,First Owner
690ac12956d1bc009301b74b,Maruti Wagon R LX Minor,2013,250000,38000,Petrol,Individual,Manual,First Owner
690ac12956d1bc009301b74c,Tata Zest Revotron 1.2 XT,2014,400000,35000,Petrol,Individual,Manual,First Owner
690ac12956d1bc009301b74d,Hyundai Verna 1.6 SX CRDi (O),2012,409999,60000,Diesel,Individual,Manual,Second Owner
690ac12956d1bc009301b74e,Skoda Octavia Classic 1.9 TDI MT,2004,120000,120000,Diesel,Individual,Manual,Second Owner
690ac12956d1bc009301b74f,Maruti Swift AMT VXI,2018,600000,18000,Petrol,Individual,Automatic,First Owner
690ac12956d1bc009301b750,Honda Amaze SX i-VTEC,2016,600000,10000,Petrol,Individual,Manual,First Owner
690ac12956d1bc009301b751,Mahindra XUV500 W6 2WD,2015,825000,90000,Diesel,Individual,Manual,Third Owner
690ac12956d1bc009301b752,Toyota Etios GD,2016,625000,80000,Diesel,Individual,Manual,Second Owner
690ac12956d1bc009301b753,Hyundai Grand i10 Nios Magna CRDi,2020,700000,1400,Diesel,Individual,Manual,First Owner
690ac12956d1bc009301b754,Chevrolet Beat LS,2011,160000,60000,Petrol,Individual,Manual,First Owner
690ac12956d1bc009301b755,Maruti Alto LX,2011,114999,60000,Petrol,Individual,Manual,Third Owner
690ac12956d1bc009301b756,Maruti Wagon R LXI Minor,2009,150000,53000,Petrol,Individual,Manual,First Owner
690ac12956d1bc009301b757,Volkswagen Jetta 1.9 L TDI,2010,250000,100000,Diesel,Dealer,Manual,First Owner
690ac12956d1bc009301b758,Hyundai Verna 1.6 SX,2012,390000,86000,Diesel,Dealer,Manual,Second Owner
690ac12956d1bc009301b759,Renault Duster 85PS Diesel RxL,2015,650000,100000,Diesel,Individual,Manual,First Owner
690ac12956d1bc009301b75a,Hyundai Xcent 1.1 CRDi SX Option,2016,600000,30000,Diesel,Individual,Manual,First Owner
690ac12956d1bc009301b75b,Hyundai i20 1.2 Sportz,2011,250000,120000,Petrol,Individual,Manual,First Owner
690ac12956d1bc009301b75c,Hyundai Santro Xing GL Plus LPG,2011,229999,60000,LPG,Individual,Manual,Second Owner
690ac12956d1bc009301b75d,Maruti Ritz LDi,2016,299000,50000,Diesel,Individual,Manual,Second Owner
690ac12956d1bc009301b75e,Chevrolet Cruze LTZ,2010,330000,124000,Diesel,Individual,Manual,Second Owner
690ac12956d1bc009301b75f,Hyundai Accent Executive,2012,180000,100000,Petrol,Individual,Manual,Third Owner
690ac12956d1bc009301b760,Hyundai Grand i10 1.2 Kappa Asta,2017,475000,42000,Petrol,Individual,Manual,First Owner
690ac12956d1bc009301b761,Hyundai Grand i10 CRDi Sportz,2015,325000,100000,Diesel,Individual,Manual,First Owner
690ac12956d1bc009301b762,Honda City i VTEC V,2016,639000,28205,Petrol,Dealer,Manual,First Owner
690ac12956d1bc009301b763,Maruti Celerio VXI AT,2017,415000,32670,Petrol,Dealer,Automatic,First Owner
690ac12956d1bc009301b764,Hyundai Creta 1.6 CRDi AT SX Plus,2016,1199000,30093,Diesel,Dealer,Automatic,First Owner
690ac12956d1bc009301b765,Maruti Ertiga VXI CNG,2013,525000,56228,CNG,Dealer,Manual,First Owner
690ac12956d1bc009301b766,Hyundai Verna 1.6 SX VTVT,2013,425000,59319,Petrol,Dealer,Manual,First Owner
690ac12956d1bc009301b767,Maruti Vitara Brezza VDi,2016,699000,39503,Diesel,Dealer,Manual,First Owner
690ac12956d1bc009301b768,Hyundai Grand i10 1.2 Kappa Sportz Dual Tone,2013,325000,35299,Petrol,Dealer,Manual,First Owner
690ac12956d1bc009301b769,Toyota Etios V,2011,275000,51687,Petrol,Dealer,Manual,First Owner
690ac12956d1bc009301b76a,Volkswagen Vento Petrol Highline AT,2011,269000,76259,Petrol,Dealer,Automatic,First Owner
690ac12956d1bc009301b76b,Volkswagen Polo Diesel Highline 1.2L,2013,399000,44049,Diesel,Dealer,Manual,First Owner
690ac12956d1bc009301b76c,Mahindra KUV 100 mFALCON D75 K8,2017,475000,45087,Diesel,Dealer,Manual,First Owner
690ac12956d1bc009301b76d,Toyota Etios V,2011,249000,41125,Petrol,Dealer,Manual,First Owner
690ac12956d1bc009301b76e,Audi A4 New  2.0 TDI Multitronic,2014,1549000,42215,Diesel,Dealer,Automatic,First Owner
690ac12956d1bc009301b76f,Volkswagen Polo Petrol Highline 1.2L,2011,254999,54206,Petrol,Dealer,Manual,First Owner
690ac12956d1bc009301b770,Skoda Rapid 1.6 MPI Active,2012,269000,52547,Petrol,Dealer,Manual,First Owner
690ac12956d1bc009301b771,Maruti Ertiga ZDI,2014,665000,59110,Diesel,Dealer,Manual,First Owner
690ac12956d1bc009301b772,Maruti Wagon R Stingray LXI,2014,299000,54565,Petrol,Dealer,Manual,First Owner
690ac12956d1bc009301b773,Hyundai i20 Asta,2010,265000,47564,Petrol,Dealer,Manual,Second Owner
690ac12956d1bc009301b774,Volkswagen Polo Petrol Highline 1.2L,2010,211000,45143,Petrol,Dealer,Manual,Second Owner
690ac12956d1bc009301b775,Skoda Superb 1.8 TSI,2013,599000,61624,Petrol,Dealer,Automatic,Second Owner
690ac12956d1bc009301b776,Tata Indigo LS,2007,55000,195000,Diesel,Individual,Manual,Third Owner
690ac12956d1bc009301b777,Hyundai Verna 1.6 SX CRDi (O),2014,550000,50000,Diesel,Individual,Manual,First Owner
690ac12956d1bc009301b778,Land Rover Discovery Sport TD4 HSE 7S,2018,4000000,68000,Diesel,Individual,Automatic,First Owner
690ac12956d1bc009301b779,Tata Sumo GX TC 8 Str,2010,220000,120000,Diesel,Individual,Manual,Second Owner
690ac12956d1bc009301b77a,Maruti Swift VXI,2019,500000,20000,Petrol,Individual,Manual,First Owner
690ac12956d1bc009301b77b,Maruti Alto LXi,2010,140000,30000,Petrol,Individual,Manual,First Owner
690ac12956d1bc009301b77c,Maruti Swift VDI,2013,325000,60000,Diesel,Individual,Manual,First Owner
690ac12956d1bc009301b77d,Hyundai i20 Magna,2010,210000,90000,Petrol,Individual,Manual,Third Owner
690ac12956d1bc009301b77e,Maruti Alto LXi,2008,110000,90000,Petrol,Individual,Manual,Second Owner
690ac12956d1bc009301b77f,Hyundai Verna CRDi 1.6 SX Option,2019,1200000,25000,Diesel,Individual,Manual,First Owner
690ac12956d1bc009301b780,Maruti Alto 800 VXI,2017,229999,40000,Petrol,Individual,Manual,First Owner
690ac12956d1bc009301b781,Maruti SX4 Vxi BSIV,2012,225000,110000,Petrol,Individual,Manual,Second Owner
690ac12956d1bc009301b782,Maruti Alto 800 LXI,2006,165000,132000,Petrol,Individual,Manual,First Owner
690ac12956d1bc009301b783,Tata Tiago XZA AMT,2018,525000,10980,Petrol,Dealer,Automatic,First Owner
690ac12956d1bc009301b784,Hyundai EON Era Plus,2018,325000,20629,Petrol,Dealer,Manual,First Owner
690ac12956d1bc009301b785,Toyota Innova Crysta 2.4 VX MT BSIV,2018,1500000,50000,Diesel,Individual,Manual,First Owner
690ac12956d1bc009301b786,Hyundai Grand i10 AT Asta,2015,400000,30000,Petrol,Individual,Automatic,First Owner
690ac12956d1bc009301b787,Maruti Ciaz VXi,2015,550000,69782,Petrol,Dealer,Manual,First Owner
690ac12956d1bc009301b788,Maruti 800 Std,2003,98000,54000,Petrol,Individual,Manual,First Owner
690ac12956d1bc009301b789,Mahindra XUV500 W8 4WD,2013,900000,63654,Diesel,Dealer,Manual,First Owner
690ac12956d1bc009301b78a,Renault Lodgy 85PS RxL,2017,700000,60000,Diesel,Individual,Manual,First Owner
690ac12956d1bc009301b78b,Mahindra Scorpio S6 Plus 7 Seater,2015,890000,52000,Diesel,Dealer,Manual,First Owner
690ac12956d1bc009301b78c,Maruti Swift LDI BSIV,2015,490000,59385,Diesel,Dealer,Manual,First Owner
690ac12956d1bc009301b78d,Hyundai i20 2015-2017 Magna 1.2,2015,525000,70378,Petrol,Dealer,Manual,First Owner
690ac12956d1bc009301b78e,Maruti Wagon R LXI BS IV,2013,330000,55425,Petrol,Dealer,Manual,First Owner
690ac12956d1bc009301b78f,Mahindra Bolero 2011-2019 SLX 2WD BSIII,2013,550000,78413,Diesel,Dealer,Manual,Second Owner
690ac12956d1bc009301b790,Mahindra Bolero Power Plus SLX,2018,790000,40890,Diesel,Dealer,Manual,First Owner
690ac12956d1bc009301b791,Honda Brio S MT,2015,350000,34823,Petrol,Dealer,Manual,Second Owner
690ac12956d1bc009301b792,Toyota Innova Crysta 2.8 ZX AT BSIV,2017,1700000,75000,Diesel,Individual,Automatic,First Owner
690ac12956d1bc009301b793,Maruti Ciaz VDI SHVS,2017,750000,55545,Diesel,Dealer,Manual,First Owner
690ac12956d1bc009301b794,Honda Amaze EX i-Dtech,2014,409999,56541,Diesel,Dealer,Manual,First Owner
690ac12956d1bc009301b795,Hyundai EON Magna Plus,2016,220000,43700,Petrol,Individual,Manual,First Owner
690ac12956d1bc009301b796,Tata Indica GLS BS IV,2009,68000,120000,Petrol,Individual,Manual,Second Owner
690ac12956d1bc009301b797,Hyundai EON Era Plus,2017,290000,20000,Petrol,Individual,Manual,First Owner
690ac12956d1bc009301b798,Honda City i DTec SV,2014,600000,27483,Diesel,Dealer,Manual,First Owner
690ac12956d1bc009301b799,Maruti Swift LXI,2019,470000,8000,Petrol,Individual,Manual,First Owner
690ac12956d1bc009301b79a,Hyundai i10 Sportz 1.2,2008,150000,30000,Petrol,Individual,Manual,First Owner
690ac12956d1bc009301b79b,Maruti Alto 800 LXI,2014,180000,56207,Petrol,Dealer,Manual,Second Owner
690ac12956d1bc009301b79c,Maruti Zen LXI,2006,80000,70000,Petrol,Individual,Manual,First Owner
690ac12956d1bc009301b79d,Honda WR-V i-VTEC VX,2018,875000,1440,Petrol,Individual,Manual,First Owner
690ac12956d1bc009301b79e,Maruti Alto 800 LXI,2019,300000,50000,Petrol,Individual,Manual,First Owner
690ac12956d1bc009301b79f,Toyota Fortuner 2.8 2WD AT BSIV,2017,2800000,20000,Diesel,Individual,Automatic,First Owner
690ac12956d1bc009301b7a0,Toyota Innova Crysta 2.4 ZX MT,2017,1330000,91195,Diesel,Dealer,Manual,First Owner
690ac12956d1bc009301b7a1,Volkswagen Polo 1.5 TDI Trendline,2011,220000,63657,Diesel,Dealer,Manual,First Owner
690ac12956d1bc009301b7a2,Mahindra Verito Vibe 1.5 dCi D4,2013,250000,60000,Diesel,Individual,Manual,First Owner
690ac12956d1bc009301b7a3,Toyota Innova 2.5 G (Diesel) 7 Seater,2016,919999,75000,Diesel,Dealer,Manual,First Owner
690ac12956d1bc009301b7a4,Volkswagen Vento Magnific 1.6 Highline,2013,380000,97248,Petrol,Dealer,Manual,First Owner
690ac12956d1bc009301b7a5,Maruti Swift VDI,2012,450000,46000,Diesel,Individual,Manual,First Owner
690ac12956d1bc009301b7a6,Hyundai Verna 1.6 VTVT AT S Option,2016,770000,10000,Petrol,Individual,Automatic,First Owner
690ac12956d1bc009301b7a7,Maruti Swift Dzire LDI,2018,550000,80000,Diesel,Individual,Manual,First Owner
690ac12956d1bc009301b7a8,Tata New Safari DICOR 2.2 GX 4x2,2011,320000,100000,Diesel,Individual,Manual,Second Owner
690ac12956d1bc009301b7a9,Maruti SX4 Vxi BSIV,2013,400000,35000,Petrol,Individual,Manual,First Owner
690ac12956d1bc009301b7aa,Maruti Celerio VXI AT,2017,450000,50000,Petrol,Individual,Automatic,First Owner
690ac12956d1bc009301b7ab,Maruti SX4 ZDI,2011,220000,90000,Diesel,Individual,Manual,Third Owner
690ac12956d1bc009301b7ac,Mahindra XUV500 W8 2WD,2012,400000,150000,Diesel,Individual,Manual,Second Owner
690ac12956d1bc009301b7ad,Hyundai Verna 1.6 SX VTVT (O),2013,530000,89000,Petrol,Individual,Manual,Second Owner
690ac12956d1bc009301b7ae,Maruti Swift Dzire VDI,2014,390000,60000,Diesel,Individual,Manual,Second Owner
690ac12956d1bc009301b7af,Fiat Grande Punto 1.3 Dynamic (Diesel),2012,185000,100000,Diesel,Individual,Manual,Second Owner
690ac12956d1bc009301b7b0,Maruti SX4 Vxi BSIV,2012,300000,100000,Petrol,Individual,Manual,Second Owner
690ac12956d1bc009301b7b1,Maruti Swift VDI BSIV,2014,575000,90000,Diesel,Individual,Manual,Second Owner
690ac12956d1bc009301b7b2,Maruti Wagon R Stingray VXI,2014,300000,75000,Petrol,Individual,Manual,First Owner
690ac12956d1bc009301b7b3,Toyota Etios Liva 1.4 VD,2017,425000,36000,Diesel,Dealer,Manual,First Owner
690ac12956d1bc009301b7b4,Hyundai Xcent 1.2 Kappa SX,2016,350000,12000,Petrol,Individual,Manual,First Owner
690ac12956d1bc009301b7b5,Honda Amaze VX O iDTEC,2017,550000,12997,Diesel,Dealer,Manual,First Owner
690ac12956d1bc009301b7b6,Maruti Ciaz 1.4 AT Zeta,2017,500000,40000,Petrol,Individual,Automatic,First Owner
690ac12956d1bc009301b7b7,Mahindra Scorpio S4 4WD,2015,600000,60000,Diesel,Individual,Manual,First Owner
690ac12956d1bc009301b7b8,Mahindra Quanto C8,2013,300000,25000,Diesel,Individual,Manual,Second Owner
690ac12956d1bc009301b7b9,Hyundai Verna CRDi 1.6 SX Option,2018,1150000,26430,Diesel,Dealer,Manual,First Owner
690ac12956d1bc009301b7ba,Maruti Swift 1.3 VXI ABS,2015,475000,24600,Petrol,Dealer,Manual,First Owner
690ac12956d1bc009301b7bb,Maruti Wagon R LXI,2011,260000,28481,Petrol,Dealer,Manual,First Owner
690ac12956d1bc009301b7bc,Ford Ecosport 1.0 Ecoboost Titanium Optional,2013,350000,100000,Petrol,Individual,Manual,First Owner
690ac12956d1bc009301b7bd,Mahindra XUV500 W8 2WD,2013,750000,41988,Diesel,Dealer,Manual,First Owner
690ac12956d1bc009301b7be,Maruti Wagon R LXI,2009,180000,30375,Petrol,Dealer,Manual,First Owner
690ac12956d1bc009301b7bf,Renault KWID Climber 1.0 AMT BSIV,2017,350000,7658,Petrol,Dealer,Automatic,First Owner
690ac12956d1bc009301b7c0,Maruti Swift Dzire VDI,2017,611000,34400,Diesel,Dealer,Manual,First Owner
690ac12956d1bc009301b7c1,Renault KWID RXL BSIV,2017,325000,18500,Petrol,Dealer,Manual,First Owner
690ac12956d1bc009301b7c2,Hyundai EON 1.0 Era Plus,2012,225000,48000,Petrol,Dealer,Manual,First Owner
690ac12956d1bc009301b7c3,Maruti Wagon R AMT VXI,2014,300000,28942,Petrol,Dealer,Automatic,First Owner
690ac12956d1bc009301b7c4,Mahindra Bolero Power Plus SLX,2017,400000,50000,Diesel,Individual,Manual,Second Owner
690ac12956d1bc009301b7c5,Mahindra XUV500 W8 2WD,2012,711000,53600,Diesel,Dealer,Manual,First Owner
690ac12956d1bc009301b7c6,Toyota Innova 2.5 G (Diesel) 8 Seater,2015,851000,53652,Diesel,Dealer,Manual,First Owner
690ac12956d1bc009301b7c7,Maruti Ertiga VXI,2014,500000,25000,Petrol,Individual,Manual,First Owner
690ac12956d1bc009301b7c8,Toyota Innova 2.5 G4 Diesel 8-seater,2007,250000,80000,Diesel,Individual,Manual,Second Owner
690ac12956d1bc009301b7c9,Maruti Alto 800 VXI,2017,150000,50000,Petrol,Individual,Manual,First Owner
690ac12956d1bc009301b7ca,Mahindra Scorpio 1.99 S10,2016,610000,15000,Diesel,Individual,Manual,Second Owner
690ac12956d1bc009301b7cb,Mahindra KUV 100 G80 K2,2018,450000,5000,Petrol,Individual,Manual,First Owner
690ac12956d1bc009301b7cc,Hyundai i20 1.4 Asta Option,2017,744000,106000,Diesel,Individual,Manual,First Owner
690ac12956d1bc009301b7cd,Chevrolet Spark 1.0,2008,120000,100000,Petrol,Individual,Manual,Third Owner
690ac12956d1bc009301b7ce,Renault KWID RXL,2016,220000,60000,Petrol,Individual,Manual,Third Owner
690ac12956d1bc009301b7cf,Maruti Ertiga ZDI,2012,480000,120000,Diesel,Individual,Manual,Fourth & Above Owner
690ac12956d1bc009301b7d0,Maruti Celerio ZXI Optional AMT BSIV,2017,370000,82000,Petrol,Individual,Automatic,First Owner
690ac12956d1bc009301b7d1,Fiat Palio D 1.9 EL PS,2003,55000,35000,Diesel,Individual,Manual,Second Owner
690ac12956d1bc009301b7d2,Hyundai EON Magna Plus,2013,125000,205000,Petrol,Individual,Manual,First Owner
690ac12956d1bc009301b7d3,Hyundai Verna 1.6 CRDI,2011,260000,125000,Diesel,Individual,Manual,Third Owner
690ac12956d1bc009301b7d4,Fiat Linea Classic 1.3 Multijet,2015,350000,130000,Diesel,Individual,Manual,First Owner
690ac12956d1bc009301b7d5,Maruti Alto 800 CNG LXI,2012,170000,97000,CNG,Individual,Manual,Second Owner
690ac12956d1bc009301b7d6,Hyundai Grand i10 Sportz,2015,350000,90000,Petrol,Individual,Manual,Second Owner
690ac12956d1bc009301b7d7,Maruti Swift Dzire VXi,2009,250000,60000,Petrol,Individual,Manual,Third Owner
690ac12956d1bc009301b7d8,Tata Indigo CR4,2013,170000,60000,Diesel,Individual,Manual,First Owner
690ac12956d1bc009301b7d9,Mahindra Scorpio S11 BSIV,2018,1300000,35000,Diesel,Individual,Manual,First Owner
690ac12956d1bc009301b7da,Hyundai Grand i10 1.2 Kappa Sportz BSIV,2019,550000,25000,Petrol,Individual,Manual,First Owner
690ac12956d1bc009301b7db,Honda Brio 1.2 S MT,2017,400000,15000,Petrol,Individual,Manual,First Owner
690ac12956d1bc009301b7dc,Tata Nano Lx,2011,120000,20000,Petrol,Individual,Manual,First Owner
690ac12956d1bc009301b7dd,Tata Nano Lx,2011,120000,20000,Petrol,Individual,Manual,First Owner
690ac12956d1bc009301b7de,Ford Figo Petrol Titanium,2010,275000,70000,Petrol,Individual,Manual,First Owner
690ac12956d1bc009301b7df,Tata Zest Revotron 1.2T XE,2016,285000,90000,Petrol,Individual,Manual,First Owner
690ac12956d1bc009301b7e0,Hyundai Creta 1.4 CRDi Base,2016,900000,80000,Diesel,Individual,Manual,First Owner
690ac12956d1bc009301b7e1,Mercedes-Benz M-Class ML 350 CDI,2014,2500000,79500,Diesel,Individual,Automatic,Second Owner
690ac12956d1bc009301b7e2,Hyundai Verna 1.6 SX CRDi (O),2013,620000,70000,Diesel,Individual,Manual,Second Owner
690ac12956d1bc009301b7e3,Toyota Innova Crysta 2.4 GX MT 8S BSIV,2018,1700000,5000,Diesel,Individual,Manual,First Owner
690ac12956d1bc009301b7e4,Ford Figo Aspire 1.2 Ti-VCT Titanium Plus,2018,650000,15000,Petrol,Individual,Manual,First Owner
690ac12956d1bc009301b7e5,Maruti Ertiga VXI,2014,500000,35000,Petrol,Individual,Manual,First Owner
690ac12956d1bc009301b7e6,Tata New Safari DICOR 2.2 EX 4x4,2009,250000,120000,Diesel,Individual,Manual,Second Owner
690ac12956d1bc009301b7e7,Mahindra Marazzo M4,2018,950000,15000,Diesel,Individual,Manual,Second Owner
690ac12956d1bc009301b7e8,Toyota Etios Cross 1.2L G,2015,320000,60000,Petrol,Individual,Manual,First Owner
690ac12956d1bc009301b7e9,Renault Duster 110PS Diesel RxZ,2013,450000,120000,Diesel,Individual,Manual,First Owner
690ac12956d1bc009301b7ea,Mahindra KUV 100 mFALCON D75 K8 AW,2016,350000,90000,Diesel,Individual,Manual,First Owner
690ac12956d1bc009301b7eb,Maruti Swift Dzire VXI,2015,400000,90000,Petrol,Individual,Manual,First Owner
690ac12956d1bc009301b7ec,Maruti Omni MPI STD BSIV,2018,200000,10000,Petrol,Individual,Manual,First Owner
690ac12956d1bc009301b7ed,Hyundai i20 Asta 1.4 CRDi (Diesel),2009,250000,72000,Diesel,Individual,Manual,Second Owner
690ac12956d1bc009301b7ee,Toyota Innova 2.0 GX 8 STR BSIV,2011,550000,197000,Petrol,Individual,Manual,Second Owner
690ac12956d1bc009301b7ef,Maruti Zen LXI,1999,85000,70000,Petrol,Individual,Manual,Second Owner
690ac12956d1bc009301b7f0,Hyundai Santro LP zipPlus,2001,52000,50000,Petrol,Individual,Manual,Third Owner
690ac12956d1bc009301b7f1,Tata Hexa XTA,2017,1200000,50000,Diesel,Individual,Automatic,First Owner
690ac12956d1bc009301b7f2,Hyundai Verna 1.6 SX VTVT AT,2011,450000,60000,Petrol,Individual,Automatic,Third Owner
690ac12956d1bc009301b7f3,Maruti Swift Dzire VXI 1.2 BS IV,2018,615000,40000,Petrol,Individual,Manual,First Owner
690ac12956d1bc009301b7f4,Maruti SX4 ZDI Leather,2012,400000,60000,Diesel,Individual,Manual,Second Owner
690ac12956d1bc009301b7f5,Tata Nano LX,2013,60000,40000,Petrol,Individual,Manual,First Owner
690ac12956d1bc009301b7f6,Maruti Ignis 1.2 Alpha BSIV,2017,500000,9161,Petrol,Individual,Manual,First Owner
690ac12956d1bc009301b7f7,Honda Mobilio V i VTEC,2015,600000,45000,Petrol,Individual,Manual,First Owner
690ac12956d1bc009301b7f8,Hyundai Getz 1.3 GVS,2010,110000,110000,Petrol,Individual,Manual,First Owner
690ac12956d1bc009301b7f9,Hyundai Santro Xing GL Plus,2013,175000,80000,Petrol,Individual,Manual,First Owner
690ac12956d1bc009301b7fa,Ford Fiesta Titanium 1.5 TDCi,2011,325000,100000,Diesel,Individual,Manual,Second Owner
690ac12956d1bc009301b7fb,Maruti Swift Dzire LDI,2017,425000,90000,Diesel,Individual,Manual,First Owner
690ac12956d1bc009301b7fc,Hyundai Accent GLE CNG,2009,160000,70000,CNG,Individual,Manual,Third Owner
690ac12956d1bc009301b7fd,Maruti Zen Estilo LXI BSIII,2007,100000,80000,Petrol,Individual,Manual,Third Owner
690ac12956d1bc009301b7fe,Maruti Swift Dzire LDI,2014,390000,110000,Diesel,Individual,Manual,Second Owner
690ac12956d1bc009301b7ff,Hyundai i20 1.2 Spotz,2017,400000,50000,Petrol,Individual,Manual,First Owner
690ac12956d1bc009301b800,Tata Tigor 1.2 Revotron XM,2018,509999,5000,Petrol,Individual,Manual,First Owner
690ac12956d1bc009301b801,Hyundai i10 Magna 1.1,2008,150000,90000,Petrol,Individual,Manual,Third Owner
690ac12956d1bc009301b802,Hyundai Santro Xing GLS,2009,110000,120000,Petrol,Individual,Manual,First Owner
690ac12956d1bc009301b803,Nissan Sunny Diesel XV,2013,450000,80000,Diesel,Individual,Manual,First Owner
690ac12956d1bc009301b804,Hyundai i20 1.2 Spotz,2017,400000,38000,Petrol,Individual,Manual,Second Owner
690ac12956d1bc009301b805,Hyundai Santro Xing GLS,2009,140000,120000,Petrol,Individual,Manual,First Owner
690ac12956d1bc009301b806,Tata Indigo CR4,2011,130000,90000,Diesel,Individual,Manual,First Owner
690ac12956d1bc009301b807,Maruti Alto 800 LXI,2017,160000,50000,Petrol,Individual,Manual,First Owner
690ac12956d1bc009301b808,Maruti Alto 800 LXI,2016,150000,60000,Petrol,Individual,Manual,First Owner
690ac12956d1bc009301b809,Mahindra XUV500 W8 2WD,2013,500000,100000,Diesel,Individual,Manual,Second Owner
690ac12956d1bc009301b80a,Tata Nano Std,2011,40000,19000,Petrol,Individual,Manual,First Owner
690ac12956d1bc009301b80b,Chevrolet Tavera LT L1 7 Seats BSIII,2006,140000,200000,Diesel,Individual,Manual,Third Owner
690ac12956d1bc009301b80c,Mahindra Verito 1.5 D2 BSIV,2015,227000,70000,Diesel,Individual,Manual,Second Owner
690ac12956d1bc009301b80d,Maruti Swift VDI,2011,285000,50000,Diesel,Individual,Manual,Second Owner
690ac12956d1bc009301b80e,Maruti Alto LX,2012,155000,19077,Petrol,Individual,Manual,Second Owner
690ac12956d1bc009301b80f,Hyundai EON D Lite,2016,210000,30000,Petrol,Individual,Manual,First Owner
690ac12956d1bc009301b810,Maruti Alto LXi,2009,140000,80000,Petrol,Individual,Manual,Second Owner
690ac12956d1bc009301b811,Toyota Innova 2.5 GX (Diesel) 7 Seater,2015,940000,128000,Diesel,Individual,Manual,First Owner
690ac12956d1bc009301b812,Nissan Terrano XV Premium 110 PS,2013,750000,80000,Diesel,Individual,Manual,First Owner
690ac12956d1bc009301b813,Maruti Baleno Alpha 1.3,2016,610000,100000,Diesel,Individual,Manual,First Owner
690ac12956d1bc009301b814,Nissan Sunny XV D Premium Leather,2015,450000,50000,Diesel,Individual,Manual,First Owner
690ac12956d1bc009301b815,Toyota Etios Liva GD,2012,409999,56000,Diesel,Individual,Manual,First Owner
690ac12956d1bc009301b816,Hyundai EON 1.0 Era Plus,2018,100000,21302,Petrol,Individual,Manual,First Owner
690ac12956d1bc009301b817,Renault KWID 1.0 RXT Optional,2018,300000,10500,Petrol,Individual,Manual,First Owner
690ac12956d1bc009301b818,Mahindra Bolero 2011-2019 SLX,2013,400000,107000,Diesel,Individual,Manual,First Owner
690ac12956d1bc009301b819,Hyundai i10 Sportz 1.2,2010,210000,60000,Petrol,Individual,Manual,Second Owner
690ac12956d1bc009301b81a,Hyundai Santro Xing XG eRLX Euro III,2006,90000,120000,Petrol,Individual,Manual,Second Owner
690ac12956d1bc009301b81b,Maruti Wagon R LXI BS IV,2010,222000,70000,Petrol,Individual,Manual,First Owner
690ac12956d1bc009301b81c,Maruti Alto 800 LXI,2015,240000,50000,Petrol,Individual,Manual,Second Owner
690ac12956d1bc009301b81d,Toyota Etios Liva GD,2013,450000,70000,Diesel,Individual,Manual,Second Owner
690ac12956d1bc009301b81e,Renault Duster 85PS Diesel RxL,2013,450000,1000,Diesel,Dealer,Manual,Second Owner
690ac12956d1bc009301b81f,Mercedes-Benz C-Class Progressive C 220d,2018,3800000,10000,Diesel,Dealer,Automatic,First Owner
690ac12956d1bc009301b820,Audi A4 3.0 TDI Quattro,2013,1580000,86000,Diesel,Dealer,Automatic,First Owner
690ac12956d1bc009301b821,BMW X5 xDrive 30d xLine,2019,4950000,30000,Diesel,Dealer,Automatic,First Owner
690ac12956d1bc009301b822,Hyundai Creta 1.6 CRDi SX,2016,535000,52600,Diesel,Individual,Manual,First Owner
690ac12956d1bc009301b823,Maruti SX4 Vxi BSIV,2012,225000,110000,Petrol,Individual,Manual,Second Owner
690ac12956d1bc009301b824,Hyundai Grand i10 1.2 Kappa Magna AT,2017,550000,19890,Petrol,Dealer,Automatic,First Owner
690ac12956d1bc009301b825,Maruti Swift ZXI BSIV,2016,670000,7104,Petrol,Trustmark Dealer,Manual,First Owner
690ac12956d1bc009301b826,Maruti Ertiga VXI,2015,625000,11918,Petrol,Trustmark Dealer,Manual,First Owner
690ac12956d1bc009301b827,Hyundai Grand i10 Magna AT,2017,520000,10510,Petrol,Dealer,Automatic,First Owner
690ac12956d1bc009301b828,Chevrolet Beat LT Option,2016,239000,41000,Petrol,Dealer,Manual,First Owner
690ac12956d1bc009301b829,Toyota Fortuner 4x2 AT,2017,2600000,47162,Diesel,Trustmark Dealer,Automatic,First Owner
690ac12956d1bc009301b82a,Maruti S-Cross Zeta DDiS 200 SH,2015,750000,45974,Diesel,Trustmark Dealer,Manual,First Owner
690ac12956d1bc009301b82b,Hyundai i10 Magna,2012,229999,49824,Petrol,Dealer,Manual,First Owner
690ac12956d1bc009301b82c,Audi A6 2.0 TDI Premium Plus,2013,1300000,58500,Diesel,Dealer,Automatic,First Owner
690ac12956d1bc009301b82d,Hyundai Santro GS,2005,80000,56580,Petrol,Dealer,Manual,First Owner
690ac12956d1bc009301b82e,Skoda Laura Ambiente 2.0 TDI CR MT,2012,385000,52000,Diesel,Dealer,Manual,First Owner
690ac12956d1bc009301b82f,Hyundai Verna 1.6 VTVT SX,2015,760000,55340,Petrol,Trustmark Dealer,Manual,First Owner
690ac12956d1bc009301b830,Maruti Swift Dzire VDI,2017,600000,46507,Diesel,Trustmark Dealer,Manual,First Owner
690ac12956d1bc009301b831,Renault Duster 85PS Diesel RxL,2013,450000,1000,Diesel,Dealer,Manual,Second Owner
690ac12956d1bc009301b832,Mercedes-Benz C-Class Progressive C 220d,2018,3800000,10000,Diesel,Dealer,Automatic,First Owner
690ac12956d1bc009301b833,Audi A4 3.0 TDI Quattro,2013,1580000,86000,Diesel,Dealer,Automatic,First Owner
690ac12956d1bc009301b834,BMW X5 xDrive 30d xLine,2019,4950000,30000,Diesel,Dealer,Automatic,First Owner
690ac12956d1bc009301b835,Hyundai Creta 1.6 CRDi SX,2016,535000,52600,Diesel,Individual,Manual,First Owner
690ac12956d1bc009301b836,Maruti SX4 Vxi BSIV,2012,225000,110000,Petrol,Individual,Manual,Second Owner
690ac12956d1bc009301b837,Hyundai Grand i10 1.2 Kappa Magna AT,2017,550000,19890,Petrol,Dealer,Automatic,First Owner
690ac12956d1bc009301b838,Maruti Swift ZXI BSIV,2016,670000,7104,Petrol,Trustmark Dealer,Manual,First Owner
690ac12956d1bc009301b839,Maruti Ertiga VXI,2015,625000,11918,Petrol,Trustmark Dealer,Manual,First Owner
690ac12956d1bc009301b83a,Hyundai Grand i10 Magna AT,2017,520000,10510,Petrol,Dealer,Automatic,First Owner
690ac12956d1bc009301b83b,Chevrolet Beat LT Option,2016,239000,41000,Petrol,Dealer,Manual,First Owner
690ac12956d1bc009301b83c,Toyota Fortuner 4x2 AT,2017,2600000,47162,Diesel,Trustmark Dealer,Automatic,First Owner
690ac12956d1bc009301b83d,Maruti S-Cross Zeta DDiS 200 SH,2015,750000,45974,Diesel,Trustmark Dealer,Manual,First Owner
690ac12956d1bc009301b83e,Hyundai i10 Magna,2012,229999,49824,Petrol,Dealer,Manual,First Owner
690ac12956d1bc009301b83f,Audi A6 2.0 TDI Premium Plus,2013,1300000,58500,Diesel,Dealer,Automatic,First Owner
690ac12956d1bc009301b840,Hyundai Santro GS,2005,80000,56580,Petrol,Dealer,Manual,First Owner
690ac12956d1bc009301b841,Skoda Laura Ambiente 2.0 TDI CR MT,2012,385000,52000,Diesel,Dealer,Manual,First Owner
690ac12956d1bc009301b842,Hyundai Verna 1.6 VTVT SX,2015,760000,55340,Petrol,Trustmark Dealer,Manual,First Owner
690ac12956d1bc009301b843,Maruti Swift Dzire VDI,2017,600000,46507,Diesel,Trustmark Dealer,Manual,First Owner
690ac12956d1bc009301b844,Volkswagen Jetta 2.0L TDI Highline AT,2012,735000,55300,Diesel,Dealer,Automatic,First Owner
690ac12956d1bc009301b845,Tata Indica Vista Quadrajet 90 VX,2012,285000,74300,Diesel,Dealer,Manual,First Owner
690ac12956d1bc009301b846,Honda City VX MT,2010,350000,48781,Petrol,Dealer,Manual,First Owner
690ac12956d1bc009301b847,Volkswagen Jetta 1.9 Highline TDI,2010,290000,87620,Diesel,Dealer,Automatic,First Owner
690ac12956d1bc009301b848,Volkswagen Vento 1.5 TDI Highline Plus AT,2017,890000,40219,Diesel,Dealer,Automatic,First Owner
690ac12956d1bc009301b849,Honda Jazz VX,2011,385000,11473,Petrol,Dealer,Manual,First Owner
690ac12956d1bc009301b84a,Maruti Eeco 5 Seater AC BSIV,2017,425000,8352,Petrol,Dealer,Manual,First Owner
690ac12956d1bc009301b84b,Maruti Wagon R VXI AMT1.2BSIV,2017,525000,9745,Petrol,Dealer,Automatic,First Owner
690ac12956d1bc009301b84c,Hyundai Grand i10 Asta,2017,550000,9748,Petrol,Dealer,Manual,First Owner
690ac12956d1bc009301b84d,Volkswagen Polo 1.0 MPI Trendline,2012,271000,49000,Petrol,Dealer,Manual,First Owner
690ac12956d1bc009301b84e,Hyundai Creta 1.6 CRDi SX Option,2018,1490000,20694,Diesel,Dealer,Manual,First Owner
690ac12956d1bc009301b84f,Hyundai Grand i10 Asta Option,2015,490000,31080,Petrol,Dealer,Manual,First Owner
690ac12956d1bc009301b850,Hyundai EON Era Plus,2014,260000,37605,Petrol,Dealer,Manual,First Owner
690ac12956d1bc009301b851,Hyundai Xcent 1.1 CRDi SX Option,2014,455000,55850,Diesel,Dealer,Manual,First Owner
690ac12956d1bc009301b852,Tata Nano Lx BSIV,2010,75000,58850,Petrol,Dealer,Manual,First Owner
690ac12956d1bc009301b853,Toyota Etios Cross 1.2L G,2015,421000,23839,Petrol,Dealer,Manual,First Owner
690ac12956d1bc009301b854,Maruti Swift DDiS LDI,2016,550000,54000,Diesel,Dealer,Manual,First Owner
690ac12956d1bc009301b855,Hyundai i10 Sportz 1.2 AT,2013,330000,38000,Petrol,Dealer,Automatic,First Owner
690ac12956d1bc009301b856,Volkswagen Vento 1.5 TDI Comfortline,2012,390000,45454,Diesel,Dealer,Manual,First Owner
690ac12956d1bc009301b857,Skoda Rapid 1.5 TDI AT Ambition,2015,599000,46957,Diesel,Dealer,Automatic,First Owner
690ac12956d1bc009301b858,Hyundai Getz GLE,2007,110000,60000,Petrol,Individual,Manual,Fourth & Above Owner
690ac12956d1bc009301b859,Renault KWID RXT Optional,2016,250000,25000,Petrol,Individual,Manual,First Owner
690ac12956d1bc009301b85a,Mahindra Scorpio M2DI,2012,600000,110000,Diesel,Individual,Manual,Fourth & Above Owner
690ac12956d1bc009301b85b,Ford Endeavour XLT TDCi 4X2,2008,280000,190000,Diesel,Individual,Manual,Second Owner
690ac12956d1bc009301b85c,Audi Q3 35 TDI Quattro Technology,2018,2700000,25000,Diesel,Individual,Automatic,First Owner
690ac12956d1bc009301b85d,Mahindra Renault Logan 1.4 GLX Petrol,2008,80000,90000,Petrol,Individual,Manual,First Owner
690ac12956d1bc009301b85e,Maruti Alto K10 VXI,2019,350000,5000,Petrol,Individual,Manual,First Owner
690ac12956d1bc009301b85f,Maruti Swift VDI BSIV,2015,475000,60000,Diesel,Individual,Manual,First Owner
690ac12956d1bc009301b860,Audi A5 Sportback,2020,4700000,1500,Diesel,Individual,Automatic,First Owner
690ac12956d1bc009301b861,Maruti Swift Dzire VDI,2018,500000,50000,Diesel,Individual,Manual,First Owner
690ac12956d1bc009301b862,Chevrolet Sail Hatchback 1.3 TCDi LT ABS,2014,250000,120000,Diesel,Individual,Manual,First Owner
690ac12956d1bc009301b863,Hyundai Accent CRDi,2005,100000,120000,Diesel,Individual,Manual,Second Owner
690ac12956d1bc009301b864,Maruti Alto K10 VXI Airbag,2019,350000,5000,Petrol,Individual,Manual,First Owner
690ac12956d1bc009301b865,BMW 7 Series Signature 730Ld,2014,4000000,47000,Diesel,Individual,Automatic,First Owner
690ac12956d1bc009301b866,Toyota Camry 2.5 Hybrid,2017,1900000,20000,Petrol,Individual,Automatic,First Owner
690ac12956d1bc009301b867,Hyundai Santro Xing XG,2005,95000,120000,Petrol,Individual,Manual,Second Owner
690ac12956d1bc009301b868,Hyundai Grand i10 CRDi Sportz,2015,409999,58000,Diesel,Individual,Manual,First Owner
690ac12956d1bc009301b869,Mahindra XUV500 W5 BSIV,2018,1050000,35000,Diesel,Individual,Manual,First Owner
690ac12956d1bc009301b86a,Maruti Alto K10 VXI,2017,320000,30000,Petrol,Individual,Manual,First Owner
690ac12956d1bc009301b86b,Mahindra XUV300 W8 Option Diesel BSIV,2019,1000000,10000,Diesel,Individual,Manual,First Owner
690ac12956d1bc009301b86c,Toyota Innova Crysta 2.4 VX MT BSIV,2017,1770000,25000,Diesel,Individual,Manual,First Owner
690ac12956d1bc009301b86d,Mahindra Thar CRDe,2018,950000,20000,Diesel,Individual,Manual,First Owner
690ac12956d1bc009301b86e,Maruti Swift Dzire ZDI,2018,750000,50000,Diesel,Individual,Manual,First Owner
690ac12956d1bc009301b86f,Hyundai EON Magna Plus,2014,220000,42000,Petrol,Individual,Manual,First Owner
690ac12956d1bc009301b870,Tata Hexa XM,2017,1000000,50000,Diesel,Individual,Manual,First Owner
690ac12956d1bc009301b871,Honda Mobilio E i DTEC,2017,660000,116000,Diesel,Individual,Manual,First Owner
690ac12956d1bc009301b872,Maruti Ertiga ZDI,2015,716000,100000,Diesel,Individual,Manual,First Owner
690ac12956d1bc009301b873,Maruti Ciaz ZXi Plus,2015,675000,66000,Petrol,Individual,Manual,First Owner
690ac12956d1bc009301b874,Mahindra Scorpio LX,2010,385000,110000,Diesel,Individual,Manual,Third Owner
690ac12956d1bc009301b875,Fiat Grande Punto EVO 1.3 Dynamic,2014,325000,70000,Diesel,Individual,Manual,First Owner
690ac12956d1bc009301b876,Hyundai Creta 1.6 CRDi SX Option,2015,950000,60000,Diesel,Individual,Manual,First Owner
690ac12956d1bc009301b877,Ford Endeavour Hurricane Limited Edition,2007,400000,110000,Diesel,Individual,Automatic,Fourth & Above Owner
690ac12956d1bc009301b878,Tata Indica Vista TDI LS,2014,250000,25000,Diesel,Individual,Manual,First Owner
690ac12956d1bc009301b879,Land Rover Discovery S 2.0 SD4,2018,4000000,68000,Petrol,Individual,Automatic,First Owner
690ac12956d1bc009301b87a,Maruti Alto 800 LXI,2014,210000,20000,Petrol,Individual,Manual,First Owner
690ac12956d1bc009301b87b,Hyundai i10 Era 1.1 iTech SE,2011,147000,110000,Petrol,Individual,Manual,Second Owner
690ac12956d1bc009301b87c,Maruti Vitara Brezza VDi Option,2018,725000,26350,Diesel,Individual,Manual,First Owner
690ac12956d1bc009301b87d,Mahindra Scorpio SLE BSIV,2012,550000,90000,Diesel,Individual,Manual,First Owner
690ac12956d1bc009301b87e,Hyundai i20 Sportz Option 1.2,2016,475000,25000,Petrol,Individual,Manual,First Owner
690ac12956d1bc009301b87f,Hyundai Santro Xing GLS,2014,250000,50000,Petrol,Individual,Manual,Second Owner
690ac12956d1bc009301b880,Tata Indica LSI,2006,70000,60000,Petrol,Individual,Manual,Second Owner
690ac12956d1bc009301b881,Hyundai EON Era Plus,2012,160000,70000,Petrol,Individual,Manual,Third Owner
690ac12956d1bc009301b882,Ford Endeavour 3.0L 4X4 AT,2011,1000000,90000,Diesel,Individual,Automatic,Second Owner
690ac12956d1bc009301b883,Hyundai Santro LE zipPlus,2001,68000,70000,Petrol,Individual,Manual,First Owner
690ac12956d1bc009301b884,Hyundai Grand i10 1.2 Kappa Asta,2017,500000,26500,Petrol,Individual,Manual,First Owner
690ac12a56d1bc009301b885,Tata Indigo CR4,2013,170000,60000,Diesel,Individual,Manual,First Owner
690ac12a56d1bc009301b886,Mahindra Scorpio S11 BSIV,2018,1300000,35000,Diesel,Individual,Manual,First Owner
690ac12a56d1bc009301b887,Hyundai Creta 1.4 EX Diesel,2020,1050000,10000,Diesel,Individual,Manual,First Owner
690ac12a56d1bc009301b888,Maruti Ritz LXI,2009,300000,15000,Petrol,Individual,Manual,First Owner
690ac12a56d1bc009301b889,Hyundai i20 Magna 1.2,2016,600000,25000,Petrol,Individual,Manual,First Owner
690ac12a56d1bc009301b88a,Hyundai Verna CRDi 1.6 SX,2017,900000,50000,Diesel,Individual,Manual,First Owner
690ac12a56d1bc009301b88b,Hyundai Grand i10 1.2 Kappa Sportz BSIV,2019,550000,25000,Petrol,Individual,Manual,First Owner
690ac12a56d1bc009301b88c,Maruti Alto LX,2007,100000,52000,Petrol,Individual,Manual,Second Owner
690ac12a56d1bc009301b88d,Honda Brio 1.2 S MT,2017,400000,15000,Petrol,Individual,Manual,First Owner
690ac12a56d1bc009301b88e,Tata Nano Lx,2011,120000,20000,Petrol,Individual,Manual,First Owner
690ac12a56d1bc009301b88f,Hyundai i20 Asta 1.4 CRDi,2013,300000,90000,Diesel,Individual,Manual,First Owner
690ac12a56d1bc009301b890,Tata Indigo LX,2011,140000,60000,Diesel,Individual,Manual,Second Owner
690ac12a56d1bc009301b891,Skoda Rapid 1.6 MPI Ambition With Alloy Wheel,2015,640000,23000,Petrol,Individual,Manual,First Owner
690ac12a56d1bc009301b892,Maruti Alto K10 VXI,2018,380000,22155,Petrol,Individual,Manual,First Owner
690ac12a56d1bc009301b893,Tata Nano Lx,2011,120000,20000,Petrol,Individual,Manual,First Owner
690ac12a56d1bc009301b894,Maruti Ciaz 1.4 Delta,2018,650000,70000,Petrol,Individual,Manual,First Owner
690ac12a56d1bc009301b895,Maruti Alto LX,2009,150000,60000,Petrol,Individual,Manual,Second Owner
690ac12a56d1bc009301b896,Ford Figo Aspire 1.2 Ti-VCT Trend,2018,550000,35000,Petrol,Individual,Manual,First Owner
690ac12a56d1bc009301b897,Mahindra XUV500 W8 4WD,2012,650000,71042,Diesel,Dealer,Manual,First Owner
690ac12a56d1bc009301b898,Mitsubishi Pajero Sport 4X4,2012,1025000,167870,Diesel,Dealer,Manual,Second Owner
690ac12a56d1bc009301b899,Ford Fiesta 1.5 TDCi Titanium,2011,195000,133564,Diesel,Dealer,Manual,First Owner
690ac12a56d1bc009301b89a,Mercedes-Benz C-Class Progressive C 220d,2018,3800000,10000,Diesel,Dealer,Automatic,First Owner
690ac12a56d1bc009301b89b,BMW 3 Series 320d Sport,2013,1490000,40000,Diesel,Dealer,Automatic,First Owner
690ac12a56d1bc009301b89c,BMW X5 xDrive 30d xLine,2019,4950000,30000,Diesel,Dealer,Automatic,First Owner
690ac12a56d1bc009301b89d,Honda City i-VTEC CVT ZX,2018,1140000,23038,Petrol,Trustmark Dealer,Automatic,First Owner
690ac12a56d1bc009301b89e,Chevrolet Beat Diesel LS,2011,95000,70000,Diesel,Individual,Manual,First Owner
690ac12a56d1bc009301b89f,BMW 3 Series GT Luxury Line,2017,3050000,30000,Diesel,Individual,Automatic,First Owner
690ac12a56d1bc009301b8a0,Hyundai Grand i10 1.2 Kappa Magna AT,2017,550000,19890,Petrol,Dealer,Automatic,First Owner
690ac12a56d1bc009301b8a1,Maruti Ertiga VXI,2015,625000,11918,Petrol,Trustmark Dealer,Manual,First Owner
690ac12a56d1bc009301b8a2,Hyundai Grand i10 Magna AT,2017,520000,10510,Petrol,Dealer,Automatic,First Owner
690ac12a56d1bc009301b8a3,Chevrolet Beat LT Option,2016,239000,41000,Petrol,Dealer,Manual,First Owner
690ac12a56d1bc009301b8a4,Toyota Fortuner 4x2 AT,2017,2600000,47162,Diesel,Trustmark Dealer,Automatic,First Owner
690ac12a56d1bc009301b8a5,Hyundai i10 Magna,2012,229999,49824,Petrol,Dealer,Manual,First Owner
690ac12a56d1bc009301b8a6,Audi A6 2.0 TDI Premium Plus,2013,1300000,58500,Diesel,Dealer,Automatic,First Owner
690ac12a56d1bc009301b8a7,Maruti Baleno Delta 1.2,2017,585000,43608,Petrol,Trustmark Dealer,Manual,First Owner
690ac12a56d1bc009301b8a8,Maruti Baleno Alpha CVT,2018,825000,11212,Petrol,Trustmark Dealer,Automatic,First Owner
690ac12a56d1bc009301b8a9,Hyundai i20 1.4 Magna Executive,2013,280000,52000,Diesel,Dealer,Manual,First Owner
690ac12a56d1bc009301b8aa,Maruti Baleno Zeta,2016,725000,49217,Petrol,Trustmark Dealer,Manual,First Owner
690ac12a56d1bc009301b8ab,Mahindra Verito 1.5 D4 BSIV,2015,300000,90000,Diesel,Individual,Manual,First Owner
690ac12a56d1bc009301b8ac,Hyundai Xcent 1.2 Kappa S,2015,375000,70000,Petrol,Individual,Manual,First Owner
690ac12a56d1bc009301b8ad,Honda City VTEC,2003,310000,90000,Petrol,Individual,Manual,Fourth & Above Owner
690ac12a56d1bc009301b8ae,Maruti Swift Dzire VDi,2011,375000,190000,Diesel,Individual,Manual,Third Owner
690ac12a56d1bc009301b8af,Ford Endeavour 3.2 Titanium AT 4X4,2016,1950000,106000,Diesel,Individual,Automatic,First Owner
690ac12a56d1bc009301b8b0,Tata Xenon XT EX 4X2,2012,400000,80000,Diesel,Individual,Manual,Second Owner
690ac12a56d1bc009301b8b1,Nissan Terrano XL Plus 85 PS,2014,550000,80000,Diesel,Individual,Manual,Second Owner
690ac12a56d1bc009301b8b2,Maruti Eeco 7 Seater Standard BSIV,2018,270000,20000,Petrol,Individual,Manual,First Owner
690ac12a56d1bc009301b8b3,Maruti Ertiga ZDI,2012,555000,110000,Diesel,Individual,Manual,Second Owner
690ac12a56d1bc009301b8b4,Ford Ecosport 1.5 DV5 MT Ambiente,2013,500000,60000,Diesel,Individual,Manual,Second Owner
690ac12a56d1bc009301b8b5,Skoda Laura Elegance 1.9 TDI  AT,2010,400000,130000,Diesel,Individual,Automatic,Second Owner
690ac12a56d1bc009301b8b6,Hyundai EON 1.0 Era Plus,2017,280000,28838,Petrol,Individual,Manual,First Owner
690ac12a56d1bc009301b8b7,Tata Indica GLS BS IV,2008,80000,200000,Petrol,Individual,Manual,First Owner
690ac12a56d1bc009301b8b8,Tata Indica DLS,2006,55000,100000,Diesel,Individual,Manual,First Owner
690ac12a56d1bc009301b8b9,Maruti Alto 800 LXI Airbag,2014,250000,50000,Petrol,Individual,Manual,First Owner
690ac12a56d1bc009301b8ba,Mahindra Bolero SLX 2WD,2010,250000,190000,Diesel,Individual,Manual,Fourth & Above Owner
690ac12a56d1bc009301b8bb,Mahindra Jeep MM 540,2007,95000,100000,Diesel,Individual,Manual,Second Owner
690ac12a56d1bc009301b8bc,Mahindra Scorpio 1.99 S10,2014,725000,135000,Diesel,Individual,Manual,Second Owner
690ac12a56d1bc009301b8bd,Mahindra Bolero Power Plus Plus AC BSIV PS,2015,320000,50000,Diesel,Individual,Manual,Third Owner
690ac12a56d1bc009301b8be,Skoda Octavia Elegance 2.0 TDI AT,2014,1200000,135000,Diesel,Individual,Automatic,Third Owner
690ac12a56d1bc009301b8bf,Chevrolet Beat Diesel LS,2012,160000,50000,Diesel,Individual,Manual,First Owner
690ac12a56d1bc009301b8c0,Honda Jazz 1.5 VX i DTEC,2018,790000,19571,Diesel,Dealer,Manual,First Owner
690ac12a56d1bc009301b8c1,Honda City i-VTEC ZX,2018,1200000,29600,Petrol,Dealer,Manual,First Owner
690ac12a56d1bc009301b8c2,Maruti Swift LXI,2011,175000,70000,Petrol,Individual,Manual,First Owner
690ac12a56d1bc009301b8c3,Maruti Vitara Brezza ZDi Plus AMT Dual Tone,2018,950000,15000,Diesel,Individual,Automatic,First Owner
690ac12a56d1bc009301b8c4,Maruti Celerio LXI MT BSIV,2019,340000,50000,Petrol,Individual,Manual,First Owner
690ac12a56d1bc009301b8c5,Renault Captur 1.5 Diesel RXT,2017,825000,13500,Diesel,Individual,Manual,First Owner
690ac12a56d1bc009301b8c6,Audi A4 30 TFSI Technology,2018,3100000,22000,Petrol,Individual,Automatic,First Owner
690ac12a56d1bc009301b8c7,Honda Amaze VX Diesel BSIV,2018,780000,25000,Diesel,Dealer,Manual,First Owner
690ac12a56d1bc009301b8c8,Toyota Corolla Altis 1.8 VL AT,2010,350000,80000,Petrol,Individual,Automatic,Third Owner
690ac12a56d1bc009301b8c9,Honda Amaze VX Petrol BSIV,2018,690000,39000,Petrol,Dealer,Manual,First Owner
690ac12a56d1bc009301b8ca,Maruti Alto 800 VXI,2016,245000,60000,Petrol,Individual,Manual,First Owner
690ac12a56d1bc009301b8cb,Honda Amaze VX Diesel BSIV,2018,790000,49000,Diesel,Dealer,Manual,First Owner
690ac12a56d1bc009301b8cc,Honda Amaze VX i-VTEC,2018,680000,48600,Petrol,Dealer,Manual,First Owner
690ac12a56d1bc009301b8cd,Hyundai Grand i10 Asta Option,2017,540000,20000,Petrol,Individual,Manual,Second Owner
690ac12a56d1bc009301b8ce,Mahindra KUV 100 mFALCON G80 K2,2016,425000,25000,Petrol,Individual,Manual,First Owner
690ac12a56d1bc009301b8cf,Maruti Zen Estilo Sports,2008,140000,120000,Petrol,Individual,Manual,First Owner
690ac12a56d1bc009301b8d0,Maruti Ertiga ZDI Plus,2019,1100000,30000,Diesel,Individual,Manual,First Owner
690ac12a56d1bc009301b8d1,Renault Lodgy 85PS RxL,2015,715000,35000,Diesel,Individual,Manual,First Owner
690ac12a56d1bc009301b8d2,Audi A4 3.0 TDI Quattro,2013,1580000,86000,Diesel,Dealer,Automatic,First Owner
690ac12a56d1bc009301b8d3,Audi Q3 2.0 TDI Quattro Premium Plus,2015,1750000,127643,Diesel,Dealer,Automatic,First Owner
690ac12a56d1bc009301b8d4,Tata Zest Revotron 1.2T XMS,2018,400000,54000,Petrol,Dealer,Manual,Second Owner
690ac12a56d1bc009301b8d5,Audi A6 2.0 TDI  Design Edition,2014,1750000,102354,Diesel,Dealer,Automatic,First Owner
690ac12a56d1bc009301b8d6,Audi Q5 2.0 TFSI Quattro Premium Plus,2014,1850000,62237,Petrol,Dealer,Automatic,First Owner
690ac12a56d1bc009301b8d7,Hyundai Santro Xing XL eRLX Euro III,2005,114999,90000,Petrol,Dealer,Manual,Second Owner
690ac12a56d1bc009301b8d8,Ford EcoSport 1.5 TDCi Titanium BSIV,2018,950000,21394,Diesel,Dealer,Manual,First Owner
690ac12a56d1bc009301b8d9,Datsun GO T Petrol,2015,310000,32686,Petrol,Dealer,Manual,First Owner
690ac12a56d1bc009301b8da,Mahindra Jeep CJ 500 DI,2006,575000,1001,Diesel,Dealer,Manual,First Owner
690ac12a56d1bc009301b8db,Renault Pulse RxZ,2017,490000,22000,Diesel,Dealer,Manual,First Owner
690ac12a56d1bc009301b8dc,Hyundai Grand i10 Magna,2017,480000,53261,Petrol,Dealer,Manual,First Owner
690ac12a56d1bc009301b8dd,Land Rover Discovery Sport SD4 HSE Luxury,2016,3500000,53000,Diesel,Dealer,Automatic,First Owner
690ac12a56d1bc009301b8de,Renault KWID 1.0 RXT Optional,2018,370000,10000,Petrol,Dealer,Manual,First Owner
690ac12a56d1bc009301b8df,Maruti Baleno Alpha 1.3,2017,835000,14000,Diesel,Dealer,Manual,First Owner
690ac12a56d1bc009301b8e0,Volkswagen Polo 2015-2019 1.2 MPI Highline,2017,650000,44000,Petrol,Dealer,Manual,First Owner
690ac12a56d1bc009301b8e1,Toyota Etios VD,2014,670000,39895,Diesel,Dealer,Manual,First Owner
690ac12a56d1bc009301b8e2,Chevrolet Cruze LTZ AT,2017,950000,73000,Diesel,Dealer,Automatic,First Owner
690ac12a56d1bc009301b8e3,Honda City i-VTEC SV,2014,690000,17000,Petrol,Dealer,Manual,First Owner
690ac12a56d1bc009301b8e4,Volkswagen Polo 2015-2019 1.2 MPI Highline,2017,670000,18591,Petrol,Dealer,Manual,First Owner
690ac12a56d1bc009301b8e5,Tata Nexon 1.5 Revotorq XZ,2017,925000,26766,Diesel,Dealer,Manual,First Owner
690ac12a56d1bc009301b8e6,Hyundai EON Magna Plus,2015,250000,30000,Petrol,Individual,Manual,First Owner
690ac12a56d1bc009301b8e7,Tata Sumo Gold EX,2016,509999,42000,Diesel,Individual,Manual,First Owner
690ac12a56d1bc009301b8e8,Honda City i DTEC VX,2014,520000,110000,Diesel,Individual,Manual,First Owner
690ac12a56d1bc009301b8e9,Tata Indica DLE,2005,100000,100000,Diesel,Individual,Manual,First Owner
690ac12a56d1bc009301b8ea,Tata Indica DLS,2006,85000,300000,Diesel,Individual,Manual,Second Owner
690ac12a56d1bc009301b8eb,Tata Indigo LX,2009,130000,110000,Diesel,Individual,Manual,Third Owner
690ac12a56d1bc009301b8ec,Ford EcoSport 1.5 TDCi Titanium BSIV,2018,950000,27620,Diesel,Dealer,Manual,First Owner
690ac12a56d1bc009301b8ed,Ford Figo Aspire 1.2 Ti-VCT Titanium Plus,2015,450000,70000,Petrol,Individual,Manual,First Owner
690ac12a56d1bc009301b8ee,Honda City S,2012,320000,50000,Petrol,Individual,Manual,Second Owner
690ac12a56d1bc009301b8ef,Maruti Swift Dzire VDI,2015,480000,50000,Diesel,Individual,Manual,First Owner
690ac12a56d1bc009301b8f0,Mercedes-Benz New C-Class C 220 CDI Grand Edition,2014,2490000,46000,Diesel,Individual,Automatic,First Owner
690ac12a56d1bc009301b8f1,Toyota Innova 2.5 VX 8 STR,2012,790000,82000,Diesel,Individual,Manual,First Owner
690ac12a56d1bc009301b8f2,Maruti Omni MPI STD BSIV,2016,120000,120000,Petrol,Individual,Manual,First Owner
690ac12a56d1bc009301b8f3,Maruti Alto LXi,2006,75000,80000,Petrol,Individual,Manual,Third Owner
690ac12a56d1bc009301b8f4,Tata Indica GLS BS IV,2010,99000,70000,Petrol,Individual,Manual,First Owner
690ac12a56d1bc009301b8f5,Maruti S-Cross Zeta DDiS 200 SH,2018,1015000,20000,Diesel,Individual,Manual,First Owner
690ac12a56d1bc009301b8f6,Mahindra Xylo D4 BSIV,2013,250000,200000,Diesel,Individual,Manual,Second Owner
690ac12a56d1bc009301b8f7,Toyota Innova Crysta 2.5 VX BS IV,2011,520000,120000,Diesel,Individual,Manual,First Owner
690ac12a56d1bc009301b8f8,Hyundai Verna CRDi 1.6 AT SX Option,2018,1100000,30000,Diesel,Individual,Automatic,First Owner
690ac12a56d1bc009301b8f9,Toyota Innova 2.5 V Diesel 7-seater,2005,200000,223000,Diesel,Individual,Manual,First Owner
690ac12a56d1bc009301b8fa,Maruti Swift Dzire VDI,2016,525000,60000,Diesel,Individual,Manual,First Owner
690ac12a56d1bc009301b8fb,Hyundai i20 Asta 1.2,2016,500000,40000,Petrol,Individual,Manual,First Owner
690ac12a56d1bc009301b8fc,Mahindra Scorpio S2 7 Seater,2016,675000,161327,Diesel,Individual,Manual,First Owner
690ac12a56d1bc009301b8fd,Hyundai i10 Magna 1.2 iTech SE,2009,150000,60000,Petrol,Individual,Manual,Third Owner
690ac12a56d1bc009301b8fe,Mahindra Bolero DI,2007,250000,50000,Diesel,Individual,Manual,First Owner
690ac12a56d1bc009301b8ff,Hyundai Grand i10 1.2 Kappa Sportz BSIV,2018,450000,6000,Petrol,Individual,Manual,First Owner
690ac12a56d1bc009301b900,Hyundai Santro Xing XS,2009,150000,68000,Petrol,Individual,Manual,Second Owner
690ac12a56d1bc009301b901,Chevrolet Beat Diesel LS,2012,200000,85000,Diesel,Individual,Manual,First Owner
690ac12a56d1bc009301b902,Mahindra Scorpio VLS AT 2.2 mHAWK,2011,525000,70000,Diesel,Individual,Automatic,First Owner
690ac12a56d1bc009301b903,Maruti Esteem VX,1999,60000,35000,Petrol,Individual,Manual,Second Owner
690ac12a56d1bc009301b904,Maruti Swift Vdi BSIII,2010,180000,100000,Diesel,Individual,Manual,Second Owner
690ac12a56d1bc009301b905,Honda Amaze S i-Dtech,2015,475000,110000,Diesel,Individual,Manual,First Owner
690ac12a56d1bc009301b906,Mahindra Scorpio VLS AT 2.2 mHAWK,2010,380000,195000,Diesel,Individual,Automatic,Second Owner
690ac12a56d1bc009301b907,Maruti Alto 800 LXI,2015,285000,46000,Petrol,Individual,Manual,Second Owner
690ac12a56d1bc009301b908,Maruti Alto LXi BSIII,2008,91200,60000,Petrol,Individual,Manual,Second Owner
690ac12a56d1bc009301b909,Datsun RediGO T Option,2017,250000,46000,Petrol,Individual,Manual,First Owner
690ac12a56d1bc009301b90a,Hyundai Grand i10 CRDi Sportz,2015,400000,42000,Diesel,Individual,Manual,First Owner
690ac12a56d1bc009301b90b,Hyundai Santro Xing XG AT,2006,160000,90000,Petrol,Individual,Automatic,Second Owner
690ac12a56d1bc009301b90c,Skoda Yeti Ambition 4X2,2012,650000,85000,Diesel,Individual,Manual,Second Owner
690ac12a56d1bc009301b90d,Hyundai Verna 1.6 SX,2012,409999,120000,Diesel,Individual,Manual,Third Owner
690ac12a56d1bc009301b90e,Ford Ecosport 1.5 DV5 MT Titanium,2013,425000,72000,Diesel,Individual,Manual,First Owner
690ac12a56d1bc009301b90f,Maruti Wagon R LXI CNG,2013,250000,71000,CNG,Individual,Manual,Second Owner
690ac12a56d1bc009301b910,Maruti Swift Dzire VXi,2009,200000,110000,Petrol,Individual,Manual,Fourth & Above Owner
690ac12a56d1bc009301b911,Maruti Wagon R LXI CNG,2013,250000,71000,CNG,Individual,Manual,Second Owner
690ac12a56d1bc009301b912,Volkswagen Polo Diesel Trendline 1.2L,2010,130000,144000,Diesel,Individual,Manual,Fourth & Above Owner
690ac12a56d1bc009301b913,Maruti Eeco 5 Seater AC BSIV,2017,260000,30000,Petrol,Dealer,Manual,First Owner
690ac12a56d1bc009301b914,Hyundai Verna SX,2007,155000,65000,Petrol,Dealer,Manual,First Owner
690ac12a56d1bc009301b915,Honda Jazz 1.5 VX i DTEC,2015,450000,38000,Diesel,Individual,Manual,First Owner
690ac12a56d1bc009301b916,Maruti SX4 Celebration Petrol,2012,220000,90000,Petrol,Individual,Manual,Second Owner
690ac12a56d1bc009301b917,Hyundai i20 Active S Diesel,2018,650000,37000,Diesel,Dealer,Manual,First Owner
690ac12a56d1bc009301b918,Maruti Alto 800 LXI,2018,285000,30000,Petrol,Dealer,Manual,First Owner
690ac12a56d1bc009301b919,Honda Amaze V CVT Petrol BSIV,2018,725000,26000,Petrol,Dealer,Automatic,First Owner
690ac12a56d1bc009301b91a,Maruti Ciaz ZXi,2016,625000,30000,Petrol,Dealer,Manual,First Owner
690ac12a56d1bc009301b91b,Hyundai i20 Active SX Petrol,2016,550000,23000,Petrol,Dealer,Manual,First Owner
690ac12a56d1bc009301b91c,Hyundai i10 Magna,2012,240000,40000,Petrol,Dealer,Manual,First Owner
690ac12a56d1bc009301b91d,Nissan Terrano XL 85 PS,2014,600000,27000,Diesel,Dealer,Manual,First Owner
690ac12a56d1bc009301b91e,Tata New Safari DICOR 2.2 EX 4x2,2012,350000,65000,Diesel,Dealer,Manual,First Owner
690ac12a56d1bc009301b91f,Hyundai EON Magna Plus,2015,245000,32000,Petrol,Dealer,Manual,First Owner
690ac12a56d1bc009301b920,Mahindra Bolero B6,2016,600000,56000,Diesel,Dealer,Manual,First Owner
690ac12a56d1bc009301b921,BMW X1 sDrive 20d xLine,2017,2400000,30000,Diesel,Individual,Automatic,First Owner
690ac12a56d1bc009301b922,Mahindra Scorpio SLE BS IV,2014,620000,80000,Diesel,Dealer,Manual,First Owner
690ac12a56d1bc009301b923,Maruti Swift Dzire 1.2 Vxi BSIV,2014,395000,52000,Petrol,Dealer,Manual,Second Owner
690ac12a56d1bc009301b924,Maruti Ertiga ZXI,2014,635000,13250,Petrol,Dealer,Manual,First Owner
690ac12a56d1bc009301b925,Maruti Alto LX,2011,180000,36000,Petrol,Dealer,Manual,First Owner
690ac12a56d1bc009301b926,Maruti Swift ZDI Plus,2015,484999,73000,Diesel,Dealer,Manual,Second Owner
690ac12a56d1bc009301b927,Maruti Alto LX,2004,110000,60000,Petrol,Individual,Manual,First Owner
690ac12a56d1bc009301b928,Maruti Wagon R VXI BSIII,2006,150000,60000,Petrol,Individual,Manual,Second Owner
690ac12a56d1bc009301b929,Chevrolet Tavera Neo 2 LT L 9 Str,2012,400000,110000,Diesel,Individual,Manual,First Owner
690ac12a56d1bc009301b92a,Tata Indica Vista Aura Plus 1.3 Quadrajet,2012,200000,70000,Diesel,Individual,Manual,Second Owner
690ac12a56d1bc009301b92b,Renault Duster 85PS Diesel RxL Plus,2013,302000,60000,Diesel,Individual,Manual,Second Owner
690ac12a56d1bc009301b92c,Maruti Swift Dzire Vdi BSIV,2011,215000,90000,Diesel,Individual,Manual,Fourth & Above Owner
690ac12a56d1bc009301b92d,Maruti Wagon R VXI BSIII,2004,155000,80000,Petrol,Individual,Manual,Second Owner
690ac12a56d1bc009301b92e,Toyota Innova 2.5 G (Diesel) 8 Seater,2014,1000000,101000,Diesel,Individual,Manual,Second Owner
690ac12a56d1bc009301b92f,Mahindra Bolero Power Plus SLX,2018,550000,44000,Diesel,Individual,Manual,First Owner
690ac12a56d1bc009301b930,Maruti Swift 1.3 VXi,2006,200000,45000,Petrol,Individual,Manual,First Owner
690ac12a56d1bc009301b931,Mahindra Scorpio S2 7 Seater,2017,750000,120000,Diesel,Individual,Manual,First Owner
690ac12a56d1bc009301b932,Maruti Zen LXI,2005,90000,90000,Petrol,Individual,Manual,Second Owner
690ac12a56d1bc009301b933,Maruti Wagon R LXI Minor,2007,80000,120000,Petrol,Individual,Manual,Second Owner
690ac12a56d1bc009301b934,Hyundai EON D Lite Plus,2013,229999,13500,Petrol,Individual,Manual,First Owner
690ac12a56d1bc009301b935,Renault KWID 1.0 RXT Optional,2017,350000,10000,Petrol,Individual,Manual,First Owner
690ac12a56d1bc009301b936,Hyundai Grand i10 Magna,2015,325000,25000,Petrol,Individual,Manual,Third Owner
690ac12a56d1bc009301b937,Tata Tigor 1.2 Revotron XT,2018,450000,8500,Petrol,Individual,Manual,First Owner
690ac12a56d1bc009301b938,Maruti SX4 Celebration Diesel,2012,250000,120000,Diesel,Individual,Manual,First Owner
690ac12a56d1bc009301b939,Volkswagen Polo Diesel Comfortline 1.2L,2012,225000,120000,Diesel,Individual,Manual,First Owner
690ac12a56d1bc009301b93a,Maruti Alto LXi,2009,150000,90246,Petrol,Individual,Manual,Third Owner
690ac12a56d1bc009301b93b,Maruti Alto LX BSIII,2008,110000,90000,Petrol,Individual,Manual,Second Owner
690ac12a56d1bc009301b93c,Maruti Alto LXi BSIII,2010,150000,40000,Petrol,Individual,Manual,Second Owner
690ac12a56d1bc009301b93d,Maruti Gypsy King Hard Top,2000,165000,60000,Petrol,Individual,Manual,Fourth & Above Owner
690ac12a56d1bc009301b93e,Renault Duster 85PS Diesel RxL,2017,610000,32000,Diesel,Individual,Manual,Second Owner
690ac12a56d1bc009301b93f,Tata Manza Club Class Quadrajet90 VX,2013,170000,60400,Diesel,Individual,Manual,First Owner
690ac12a56d1bc009301b940,Hyundai Verna CRDi,2008,150000,70950,Diesel,Individual,Manual,Second Owner
690ac12a56d1bc009301b941,Hyundai i20 Asta 1.4 CRDi,2013,300000,90000,Diesel,Individual,Manual,First Owner
690ac12a56d1bc009301b942,Hyundai Xcent 1.1 CRDi Base,2015,375000,72000,Diesel,Individual,Manual,First Owner
690ac12a56d1bc009301b943,Maruti Swift VDI,2013,390000,90000,Diesel,Individual,Manual,First Owner
690ac12a56d1bc009301b944,Hyundai i20 Active 1.2 S,2017,600000,10000,Petrol,Individual,Manual,First Owner
690ac12a56d1bc009301b945,Maruti Alto 800 LXI,2014,204999,25000,Petrol,Individual,Manual,Second Owner
690ac12a56d1bc009301b946,Hyundai Verna CRDi,2009,270000,80000,Diesel,Individual,Manual,Second Owner
690ac12a56d1bc009301b947,Hyundai Grand i10 Sportz,2017,375000,10000,Petrol,Individual,Manual,First Owner
690ac12a56d1bc009301b948,Maruti Baleno Zeta,2020,700000,1100,Petrol,Individual,Manual,First Owner
690ac12a56d1bc009301b949,Maruti Swift VXI Deca,2017,455000,40000,Petrol,Individual,Manual,First Owner
690ac12a56d1bc009301b94a,Hyundai i10 Sportz 1.1L,2017,375000,10000,Petrol,Individual,Manual,First Owner
690ac12a56d1bc009301b94b,Hyundai Grand i10 Asta,2014,341000,31491,Petrol,Individual,Manual,First Owner
690ac12a56d1bc009301b94c,Maruti Swift Dzire VDI,2014,200000,107143,Diesel,Individual,Manual,Second Owner
690ac12a56d1bc009301b94d,Maruti Ignis 1.2 AMT Delta BSIV,2017,450000,15000,Petrol,Individual,Automatic,First Owner
690ac12a56d1bc009301b94e,Hyundai Santro Xing GL Plus,2012,170000,50000,Petrol,Individual,Manual,Second Owner
690ac12a56d1bc009301b94f,Toyota Innova Crysta 2.4 VX MT 8S BSIV,2017,1900000,100000,Diesel,Individual,Manual,First Owner
690ac12a56d1bc009301b950,Mahindra Bolero Power Plus LX,2016,500000,60000,Diesel,Individual,Manual,First Owner
690ac12a56d1bc009301b951,Maruti Vitara Brezza ZDi Plus,2016,819999,85000,Diesel,Individual,Manual,First Owner
690ac12a56d1bc009301b952,Maruti Swift 1.2 DLX,2014,351000,40000,Petrol,Individual,Manual,Second Owner
690ac12a56d1bc009301b953,Hyundai i10 Magna 1.2 iTech SE,2011,195000,80000,Petrol,Individual,Manual,Second Owner
690ac12a56d1bc009301b954,Maruti Swift Dzire VDi,2008,250000,82000,Diesel,Individual,Manual,Second Owner
690ac12a56d1bc009301b955,Maruti Zen Estilo 1.1 VXI BSIII,2008,120000,70000,Petrol,Individual,Manual,Second Owner
690ac12a56d1bc009301b956,Maruti A-Star Vxi,2009,180000,70000,Petrol,Individual,Manual,Third Owner
690ac12a56d1bc009301b957,Mahindra KUV 100 mFALCON D75 K6,2016,430000,20000,Diesel,Individual,Manual,First Owner
690ac12a56d1bc009301b958,Tata Nano Cx BSIV,2012,75000,35000,Petrol,Individual,Manual,Second Owner
690ac12a56d1bc009301b959,Mahindra Xylo D4,2017,750000,80000,Diesel,Individual,Manual,First Owner
690ac12a56d1bc009301b95a,Tata Nano Lx,2011,60000,40000,Petrol,Individual,Manual,First Owner
690ac12a56d1bc009301b95b,Toyota Innova 2.5 VX (Diesel) 8 Seater,2015,1500000,46412,Diesel,Individual,Manual,First Owner
690ac12a56d1bc009301b95c,Mahindra Bolero SLX 2WD BSIII,2011,390000,150000,Diesel,Individual,Manual,Fourth & Above Owner
690ac12a56d1bc009301b95d,Mahindra TUV 300 T4,2016,630000,50000,Diesel,Individual,Manual,First Owner
690ac12a56d1bc009301b95e,Tata Safari Storme VX Varicor 400,2018,1085000,15000,Diesel,Individual,Manual,First Owner
690ac12a56d1bc009301b95f,Hyundai i10 Magna 1.2 iTech SE,2012,190000,60000,Petrol,Individual,Manual,Second Owner
690ac12a56d1bc009301b960,Maruti Baleno Delta Automatic,2018,550000,25000,Petrol,Individual,Automatic,First Owner
690ac12a56d1bc009301b961,Maruti Alto 800 LXI,2012,200000,90000,Petrol,Individual,Manual,Third Owner
690ac12a56d1bc009301b962,Chevrolet Spark 1.0 LT,2011,165000,60000,Petrol,Individual,Manual,First Owner
690ac12a56d1bc009301b963,Ford Figo Diesel Celebration Edition,2013,260000,65000,Diesel,Individual,Manual,First Owner
690ac12a56d1bc009301b964,Maruti Alto LX,2011,151000,40000,Petrol,Individual,Manual,First Owner
690ac12a56d1bc009301b965,Maruti Vitara Brezza VDi,2018,780000,50000,Diesel,Individual,Manual,First Owner
690ac12a56d1bc009301b966,Tata Indica Vista Quadrajet LX,2012,175000,80000,Diesel,Individual,Manual,Third Owner
690ac12a56d1bc009301b967,Tata Indica Vista TDI LS,2010,170000,107500,Diesel,Dealer,Manual,First Owner
690ac12a56d1bc009301b968,Tata Indica Vista TDI LS,2013,210000,135000,Diesel,Dealer,Manual,Second Owner
690ac12a56d1bc009301b969,Maruti Alto LXi,2007,90000,43826,Petrol,Dealer,Manual,Second Owner
690ac12a56d1bc009301b96a,Hyundai i20 Active S Petrol,2016,535000,55838,Petrol,Dealer,Manual,First Owner
690ac12a56d1bc009301b96b,Maruti Swift VDI BSIV,2007,195000,112880,Diesel,Dealer,Manual,First Owner
690ac12a56d1bc009301b96c,Tata Indica Vista Terra Quadrajet 1.3L,2011,140000,90000,Diesel,Individual,Manual,Third Owner
690ac12a56d1bc009301b96d,Nissan Sunny XL,2012,350000,40000,Petrol,Individual,Manual,First Owner
690ac12a56d1bc009301b96e,Hyundai Verna 1.6 SX VTVT (O),2013,425000,66000,Petrol,Individual,Manual,First Owner
690ac12a56d1bc009301b96f,Renault KWID 1.0 RXT Optional,2017,300000,30300,Petrol,Individual,Manual,First Owner
690ac12a56d1bc009301b970,Volkswagen Vento Diesel Style Limited Edition,2013,340000,85000,Diesel,Individual,Manual,Second Owner
690ac12a56d1bc009301b971,Maruti Swift Dzire VXi,2009,250000,80659,Petrol,Dealer,Manual,First Owner
690ac12a56d1bc009301b972,Chevrolet Aveo 1.4 LS,2008,170000,81324,Petrol,Dealer,Manual,First Owner
690ac12a56d1bc009301b973,Honda Amaze S i-Dtech,2013,315000,127884,Diesel,Dealer,Manual,First Owner
690ac12a56d1bc009301b974,Chevrolet Beat PS,2015,200000,50000,Petrol,Individual,Manual,First Owner
690ac12a56d1bc009301b975,Chevrolet Beat PS,2016,300000,25000,Petrol,Individual,Manual,First Owner
690ac12a56d1bc009301b976,Honda Amaze S i-Dtech,2015,300000,66755,Diesel,Dealer,Manual,First Owner
690ac12a56d1bc009301b977,Honda City E,2013,380000,123084,Petrol,Dealer,Manual,First Owner
690ac12a56d1bc009301b978,Maruti Swift VXI BSIII,2009,250000,806599,Petrol,Dealer,Manual,First Owner
690ac12a56d1bc009301b979,Honda Amaze S i-Dtech,2013,310000,95851,Diesel,Dealer,Manual,First Owner
690ac12a56d1bc009301b97a,Maruti Wagon R VXI Minor ABS,2010,260000,50000,Petrol,Individual,Manual,First Owner
690ac12a56d1bc009301b97b,Maruti Omni BSIII 8-STR W/ IMMOBILISER,2008,150000,50000,Petrol,Individual,Manual,Second Owner
690ac12a56d1bc009301b97c,Maruti Esteem Vxi - BSIII,2006,85000,60000,Petrol,Individual,Manual,Second Owner
690ac12a56d1bc009301b97d,Maruti Alto 800 LXI,2015,280000,15000,Petrol,Individual,Manual,Second Owner
690ac12a56d1bc009301b97e,Mahindra Xylo H4 ABS,2016,850000,40000,Diesel,Individual,Manual,First Owner
690ac12a56d1bc009301b97f,Datsun GO Plus T Option BSIV,2017,375000,20000,Petrol,Individual,Manual,Second Owner
690ac12a56d1bc009301b980,Hyundai Elantra CRDi (Leather Option),2006,125000,120000,Diesel,Individual,Manual,Third Owner
690ac12a56d1bc009301b981,Chevrolet Beat Diesel LT,2012,250000,110000,Diesel,Individual,Manual,First Owner
690ac12a56d1bc009301b982,Toyota Corolla Altis D-4D J,2014,715000,234000,Diesel,Individual,Manual,First Owner
690ac12a56d1bc009301b983,Hyundai i20 1.4 CRDi Era,2011,220000,70000,Diesel,Individual,Manual,First Owner
690ac12a56d1bc009301b984,Tata Indica Vista Aqua 1.3 Quadrajet,2010,110000,110000,Diesel,Individual,Manual,Second Owner
690ac12a56d1bc009301b985,Hyundai Verna XXi (Petrol),2007,150000,84000,Petrol,Individual,Manual,Second Owner
690ac12a56d1bc009301b986,Nissan Sunny Diesel XV,2012,300000,170000,Diesel,Individual,Manual,First Owner
690ac12a56d1bc009301b987,Datsun RediGO T Option,2017,220000,40000,Petrol,Individual,Manual,First Owner
690ac12a56d1bc009301b988,Maruti Wagon R LX,2006,75000,96000,Petrol,Individual,Manual,Second Owner
690ac12a56d1bc009301b989,Tata Indigo LS,2009,100000,20000,Diesel,Individual,Manual,First Owner
690ac12a56d1bc009301b98a,Ford Figo Aspire 1.2 Ti-VCT Trend,2016,380000,15000,Petrol,Individual,Manual,First Owner
690ac12a56d1bc009301b98b,Hyundai Santro Xing XK (Non-AC),2007,100000,50000,Petrol,Individual,Manual,First Owner
690ac12a56d1bc009301b98c,Volkswagen Passat 1.8 TSI MT,2010,480000,80000,Petrol,Individual,Manual,Second Owner
690ac12a56d1bc009301b98d,Toyota Etios GD,2012,300000,124000,Diesel,Individual,Manual,First Owner
690ac12a56d1bc009301b98e,Chevrolet Beat Diesel LS,2013,190000,70000,Diesel,Individual,Manual,First Owner
690ac12a56d1bc009301b98f,Ford Figo Diesel LXI,2012,190000,130000,Diesel,Individual,Manual,Second Owner
690ac12a56d1bc009301b990,Ford EcoSport 1.5 Ti VCT MT Trend BSIV,2017,650000,19014,Petrol,Dealer,Manual,First Owner
690ac12a56d1bc009301b991,Toyota Corolla Executive (HE),2009,300000,23262,Petrol,Dealer,Manual,First Owner
690ac12a56d1bc009301b992,Ford Freestyle Titanium Diesel BSIV,2016,700000,29600,Diesel,Dealer,Manual,First Owner
690ac12a56d1bc009301b993,Hyundai i10 Sportz 1.1L,2015,310000,35925,Petrol,Dealer,Manual,First Owner
690ac12a56d1bc009301b994,Maruti Ignis 1.2 Zeta BSIV,2018,500000,12000,Petrol,Individual,Manual,First Owner
690ac12a56d1bc009301b995,Toyota Etios V,2013,415000,40771,Petrol,Dealer,Manual,First Owner
690ac12a56d1bc009301b996,Maruti Celerio VXI AT,2015,395000,30500,Petrol,Dealer,Automatic,Second Owner
690ac12a56d1bc009301b997,Toyota Etios Liva 1.2 G,2014,430000,42000,Petrol,Dealer,Manual,Second Owner
690ac12a56d1bc009301b998,Toyota Corolla H6,2007,215000,55800,Petrol,Dealer,Manual,Second Owner
690ac12a56d1bc009301b999,Renault Duster RXL AWD,2014,550000,66569,Diesel,Dealer,Manual,First Owner
690ac12a56d1bc009301b99a,Volkswagen Polo 1.5 TDI Trendline,2014,415000,81358,Diesel,Dealer,Manual,First Owner
690ac12a56d1bc009301b99b,Volkswagen Polo 1.5 TDI Comfortline,2015,450000,82695,Diesel,Dealer,Manual,First Owner
690ac12a56d1bc009301b99c,Ford Figo Diesel EXI,2014,285000,68293,Diesel,Dealer,Manual,Second Owner
690ac12a56d1bc009301b99d,Honda Jazz VX CVT,2016,580000,32000,Petrol,Dealer,Automatic,First Owner
690ac12a56d1bc009301b99e,Maruti Swift Dzire Tour LDI,2014,300000,190621,Diesel,Dealer,Manual,First Owner
690ac12a56d1bc009301b99f,Hyundai Verna CRDi 1.6 SX Option,2018,1200000,60000,Diesel,Individual,Manual,First Owner
690ac12a56d1bc009301b9a0,Maruti 800 Std MPFi,2006,78000,64700,Petrol,Individual,Manual,First Owner
690ac12a56d1bc009301b9a1,Maruti 800 AC,2002,65000,100000,Petrol,Individual,Manual,Second Owner
690ac12a56d1bc009301b9a2,Tata Zest Quadrajet 1.3 75PS XE,2016,400000,88470,Diesel,Individual,Manual,First Owner
690ac12a56d1bc009301b9a3,Hyundai Verna 1.6 CRDI SX Option,2016,850000,75000,Diesel,Individual,Manual,First Owner
690ac12a56d1bc009301b9a4,Volkswagen Vento Diesel Highline,2013,450000,120000,Diesel,Individual,Manual,Second Owner
690ac12a56d1bc009301b9a5,Mercedes-Benz E-Class E250 CDI Blue Efficiency,2012,2500000,35000,Diesel,Individual,Automatic,First Owner
690ac12a56d1bc009301b9a6,Toyota Etios 1.4 VXD,2017,780000,70000,Diesel,Individual,Manual,First Owner
690ac12a56d1bc009301b9a7,Toyota Fortuner 2.8 2WD AT BSIV,2017,3200000,57000,Diesel,Individual,Automatic,First Owner
690ac12a56d1bc009301b9a8,Maruti Alto 800 VXI,2020,350000,1000,Petrol,Individual,Manual,First Owner
690ac12a56d1bc009301b9a9,Mahindra Quanto C6,2013,285000,120000,Diesel,Individual,Manual,Second Owner
690ac12a56d1bc009301b9aa,Volkswagen Vento 1.5 TDI Highline,2015,525000,98000,Diesel,Dealer,Manual,First Owner
690ac12a56d1bc009301b9ab,Maruti Ciaz ZDi,2014,550000,90000,Diesel,Dealer,Manual,Second Owner
690ac12a56d1bc009301b9ac,Volkswagen Ameo 1.5 TDI Comfortline,2018,580000,70000,Diesel,Individual,Manual,First Owner
690ac12a56d1bc009301b9ad,Tata Nano CX SE,2013,75000,25000,Petrol,Individual,Manual,Third Owner
690ac12a56d1bc009301b9ae,Tata Manza Aura Quadrajet,2009,185000,60000,Diesel,Individual,Manual,Third Owner
690ac12a56d1bc009301b9af,Maruti Omni E 8 Str STD,2007,110000,90000,Petrol,Individual,Manual,Fourth & Above Owner
690ac12a56d1bc009301b9b0,Honda City 1.5 EXI,2004,180000,200000,Petrol,Individual,Manual,Second Owner
690ac12a56d1bc009301b9b1,Volkswagen Polo Diesel Comfortline 1.2L,2010,350000,110000,Diesel,Individual,Manual,Second Owner
690ac12a56d1bc009301b9b2,Chevrolet Optra 1.6 LS,2005,60000,126000,Petrol,Individual,Manual,Second Owner
690ac12a56d1bc009301b9b3,Mahindra TUV 300 T10,2018,695000,70000,Diesel,Individual,Manual,First Owner
690ac12a56d1bc009301b9b4,Mahindra Alturas G4 4X2 AT BSIV,2019,2700000,5000,Diesel,Individual,Automatic,First Owner
690ac12a56d1bc009301b9b5,Maruti Zen Estilo LX BSIII,2007,135000,74183,Petrol,Individual,Manual,Second Owner
690ac12a56d1bc009301b9b6,Mahindra Bolero Power Plus Plus AC BSIV PS,2015,640000,70000,Diesel,Individual,Manual,Second Owner
690ac12a56d1bc009301b9b7,Maruti Alto 800 VXI,2014,160000,90000,Petrol,Individual,Manual,First Owner
690ac12a56d1bc009301b9b8,Tata Indica LXI,2004,80000,46000,Petrol,Individual,Manual,Second Owner
690ac12a56d1bc009301b9b9,Maruti Swift Dzire VDI,2013,340000,110000,Diesel,Individual,Manual,Second Owner
690ac12a56d1bc009301b9ba,Maruti Ritz VDi,2012,110000,80000,Diesel,Individual,Manual,Second Owner
690ac12a56d1bc009301b9bb,Tata Sumo Gold EX,2013,250000,90000,Diesel,Individual,Manual,Second Owner
690ac12a56d1bc009301b9bc,Toyota Innova Crysta 2.4 VX MT BSIV,2017,1300000,70000,Diesel,Individual,Manual,First Owner
690ac12a56d1bc009301b9bd,Mahindra Quanto C6,2014,250000,1,Diesel,Individual,Manual,Second Owner
690ac12a56d1bc009301b9be,Toyota Innova 2.5 G (Diesel) 8 Seater BS IV,2009,450000,192000,Diesel,Individual,Manual,First Owner
690ac12a56d1bc009301b9bf,Maruti Wagon R LX Minor,2013,240000,70000,Petrol,Individual,Manual,Fourth & Above Owner
690ac12a56d1bc009301b9c0,Mahindra Bolero DI DX 7 Seater,2007,225000,120000,Diesel,Individual,Manual,Second Owner
690ac12a56d1bc009301b9c1,Maruti Wagon R VXI Optional,2015,275000,60000,Petrol,Individual,Manual,Second Owner
690ac12a56d1bc009301b9c2,Tata Sumo Victa CX 7/9 Str BSII,2012,320000,120000,Diesel,Individual,Manual,Second Owner
690ac12a56d1bc009301b9c3,Maruti Alto LX BSIII,2008,75000,120000,Petrol,Individual,Manual,First Owner
690ac12a56d1bc009301b9c4,Tata Indica GLS BS IV,2007,85000,50000,Petrol,Individual,Manual,Second Owner
690ac12a56d1bc009301b9c5,Tata Indica Vista Aqua TDI BSIII,2009,90000,120000,Diesel,Individual,Manual,First Owner
690ac12a56d1bc009301b9c6,Maruti Wagon R LXI Minor,2007,85000,80000,Petrol,Individual,Manual,Second Owner
690ac12a56d1bc009301b9c7,Mahindra Scorpio M2DI,2008,350000,80000,Diesel,Individual,Manual,Second Owner
690ac12a56d1bc009301b9c8,Skoda Superb Elegance 2.0 TDI CR AT,2009,355000,100000,Diesel,Individual,Automatic,Second Owner
690ac12a56d1bc009301b9c9,Maruti Swift VXI,2020,619000,1500,Petrol,Individual,Manual,First Owner
690ac12a56d1bc009301b9ca,Jeep Compass 2.0 Longitude Option BSIV,2018,1700000,50000,Diesel,Individual,Manual,First Owner
690ac12a56d1bc009301b9cb,Tata Indica DL,2006,55000,100000,Diesel,Individual,Manual,Second Owner
690ac12a56d1bc009301b9cc,Ford Fiesta 1.6 ZXi Leather,2006,95000,83411,Petrol,Individual,Manual,First Owner
690ac12a56d1bc009301b9cd,Volkswagen Vento Diesel Highline,2011,300000,120000,Diesel,Individual,Manual,Second Owner
690ac12a56d1bc009301b9ce,Ford Fiesta 1.6 ZXi Leather,2006,81000,83411,Petrol,Individual,Manual,First Owner
690ac12a56d1bc009301b9cf,Skoda Superb Elegance 2.0 TDI CR AT,2015,1000000,80000,Diesel,Individual,Automatic,Second Owner
690ac12a56d1bc009301b9d0,Maruti Ertiga VDI,2019,925000,50000,Diesel,Individual,Manual,First Owner
690ac12a56d1bc009301b9d1,Mahindra Bolero Power Plus Plus AC BSIV PS,2015,450000,40000,Diesel,Individual,Manual,First Owner
690ac12a56d1bc009301b9d2,Mahindra Scorpio EX,2014,600000,13270,Diesel,Individual,Manual,First Owner
690ac12a56d1bc009301b9d3,Hyundai Santro Xing XL AT eRLX Euro III,2006,85000,100000,Petrol,Individual,Automatic,Third Owner
690ac12a56d1bc009301b9d4,Mahindra Thar DI 4X4 PS,2016,700000,50000,Diesel,Individual,Manual,First Owner
690ac12a56d1bc009301b9d5,Hyundai Grand i10 1.2 Kappa Magna BSIV,2017,486000,26500,Petrol,Individual,Manual,First Owner
690ac12a56d1bc009301b9d6,Maruti Swift VDI,2013,400000,90000,Diesel,Individual,Manual,First Owner
690ac12a56d1bc009301b9d7,Ford Fiesta 1.4 Duratec ZXI,2008,120000,100000,Petrol,Individual,Manual,Third Owner
690ac12a56d1bc009301b9d8,Maruti Alto 800 LXI,2018,275000,35000,Petrol,Individual,Manual,First Owner
690ac12a56d1bc009301b9d9,Hyundai i20 Asta Option 1.4 CRDi,2016,580000,57000,Diesel,Individual,Manual,First Owner
690ac12a56d1bc009301b9da,Maruti Swift Dzire LXI,2015,375000,70000,Petrol,Individual,Manual,First Owner
690ac12a56d1bc009301b9db,Maruti Wagon R VXI BS IV with ABS,2015,229999,100000,Petrol,Individual,Manual,Third Owner
690ac12a56d1bc009301b9dc,Maruti Alto LX,2010,110000,88000,Petrol,Individual,Manual,Second Owner
690ac12a56d1bc009301b9dd,Maruti Swift Dzire VDI,2017,600000,60000,Diesel,Individual,Manual,First Owner
690ac12a56d1bc009301b9de,Maruti A-Star Vxi,2009,120000,76000,Petrol,Individual,Manual,Second Owner
690ac12a56d1bc009301b9df,Ford Figo Diesel Titanium,2010,200000,100000,Diesel,Individual,Manual,Second Owner
690ac12a56d1bc009301b9e0,Hyundai Verna 1.6 SX CRDi (O),2012,450000,110000,Diesel,Individual,Manual,Second Owner
690ac12a56d1bc009301b9e1,Hyundai Verna 1.6 SX CRDi (O),2012,550000,80000,Diesel,Individual,Manual,Second Owner
690ac12a56d1bc009301b9e2,Maruti Alto LX,2012,220000,80000,Petrol,Individual,Manual,Second Owner
690ac12a56d1bc009301b9e3,Maruti 800 EX,2001,40000,30000,Petrol,Individual,Manual,First Owner
690ac12a56d1bc009301b9e4,Renault KWID Climber 1.0 AMT,2017,300000,20000,Petrol,Individual,Automatic,First Owner
690ac12a56d1bc009301b9e5,Mahindra Bolero Power Plus SLE,2018,630000,40000,Diesel,Individual,Manual,First Owner
690ac12a56d1bc009301b9e6,Maruti Swift Dzire VDI,2017,610000,40000,Diesel,Individual,Manual,Second Owner
690ac12a56d1bc009301b9e7,Hyundai Xcent 1.2 VTVT S,2019,660000,7000,Petrol,Individual,Manual,Second Owner
690ac12a56d1bc009301b9e8,Maruti Wagon R LXI LPG BSIV,2012,220000,80000,LPG,Individual,Manual,Second Owner
690ac12a56d1bc009301b9e9,Nissan Micra Diesel XV Premium,2011,138000,90000,Diesel,Individual,Manual,Second Owner
690ac12a56d1bc009301b9ea,Nissan Micra Diesel XV Premium,2013,210000,13770,Diesel,Individual,Manual,First Owner
690ac12a56d1bc009301b9eb,Maruti Zen LXi - BS III,2005,125000,34000,Petrol,Dealer,Manual,First Owner
690ac12a56d1bc009301b9ec,Maruti Alto LXi BSIII,2008,125000,102000,Petrol,Dealer,Manual,First Owner
690ac12a56d1bc009301b9ed,Honda City i DTEC SV,2014,725000,110000,Diesel,Individual,Manual,First Owner
690ac12a56d1bc009301b9ee,Maruti Alto K10 2010-2014 VXI,2011,170000,90000,Petrol,Individual,Manual,Second Owner
690ac12a56d1bc009301b9ef,Toyota Innova 2.5 VX (Diesel) 7 Seater,2015,1200000,70000,Diesel,Individual,Manual,Third Owner
690ac12a56d1bc009301b9f0,Maruti Wagon R VXI BSIII,2003,70000,90000,Petrol,Individual,Manual,Second Owner
690ac12a56d1bc009301b9f1,Maruti Alto LXi,2007,100000,70000,Petrol,Individual,Manual,Second Owner
690ac12a56d1bc009301b9f2,Honda Civic 1.8 (E) MT,2006,300000,80000,Petrol,Individual,Manual,Second Owner
690ac12a56d1bc009301b9f3,Maruti Swift VDI,2013,450000,100000,Diesel,Individual,Manual,Second Owner
690ac12a56d1bc009301b9f4,Maruti Swift Dzire VDI,2015,530000,100000,Diesel,Individual,Manual,First Owner
690ac12a56d1bc009301b9f5,Maruti Zen Estilo 1.1 LXI BSIII,2007,100000,143000,Petrol,Individual,Manual,Third Owner
690ac12a56d1bc009301b9f6,Honda City 1.5 V MT,2010,350000,115000,Petrol,Individual,Manual,Second Owner
690ac12a56d1bc009301b9f7,Tata Manza ELAN Quadrajet BS IV,2011,165000,100000,Diesel,Individual,Manual,Second Owner
690ac12a56d1bc009301b9f8,Maruti Swift Dzire ZDI,2019,475000,120000,Diesel,Individual,Manual,Second Owner
690ac12a56d1bc009301b9f9,Mahindra Xylo E4 ABS BS IV,2013,350000,42000,Diesel,Individual,Manual,First Owner
690ac12a56d1bc009301b9fa,Renault KWID RXL,2016,229999,38000,Petrol,Individual,Manual,First Owner
690ac12a56d1bc009301b9fb,Honda WR-V i-DTEC VX,2018,800000,35000,Diesel,Individual,Manual,First Owner
690ac12a56d1bc009301b9fc,Maruti Swift Dzire ZDI,2014,475000,120000,Diesel,Individual,Manual,Second Owner
690ac12a56d1bc009301b9fd,Nissan Terrano XL 110 PS,2014,425000,136906,Diesel,Individual,Manual,First Owner
690ac12a56d1bc009301b9fe,Maruti Ciaz VDi Plus,2015,660000,97000,Diesel,Individual,Manual,Second Owner
690ac12a56d1bc009301b9ff,Honda Amaze S CVT Petrol,2019,610000,10000,Petrol,Individual,Automatic,First Owner
690ac12a56d1bc009301ba00,Honda Brio S MT,2013,240000,50000,Petrol,Individual,Manual,Third Owner
690ac12a56d1bc009301ba01,Maruti Esteem Lxi,2005,70000,60000,Petrol,Individual,Manual,Second Owner
690ac12a56d1bc009301ba02,Toyota Corolla Altis Diesel D4DGL,2011,550000,120000,Diesel,Individual,Manual,First Owner
690ac12a56d1bc009301ba03,Tata Indica Vista Aura 1.2 Safire,2010,100000,120000,Petrol,Individual,Manual,Second Owner
690ac12a56d1bc009301ba04,Mahindra Bolero SLE,2010,350000,90000,Diesel,Individual,Manual,Second Owner
690ac12a56d1bc009301ba05,Hyundai EON Era Plus,2013,200000,120000,Petrol,Individual,Manual,First Owner
690ac12a56d1bc009301ba06,Hyundai Elite i20 Asta Option CVT BSIV,2019,720000,3000,Petrol,Individual,Automatic,First Owner
690ac12a56d1bc009301ba07,Maruti Ritz VDi,2014,350000,133000,Diesel,Individual,Manual,First Owner
690ac12a56d1bc009301ba08,Maruti Wagon R VXI BS IV,2016,400000,25000,Petrol,Individual,Manual,First Owner
690ac12a56d1bc009301ba09,Hyundai i20 Active 1.2 S,2017,570000,35000,Petrol,Individual,Manual,First Owner
690ac12a56d1bc009301ba0a,Maruti Omni MPI STD BSIV,2015,130000,70000,Petrol,Individual,Manual,First Owner
690ac12a56d1bc009301ba0b,Maruti Alto 800 LXI,2016,210000,52000,Petrol,Individual,Manual,First Owner
690ac12a56d1bc009301ba0c,Hyundai Creta 1.4 E Plus,2018,800000,52000,Diesel,Individual,Manual,First Owner
690ac12a56d1bc009301ba0d,Honda Jazz 1.5 E i DTEC,2017,700000,39000,Diesel,Individual,Manual,First Owner
690ac12a56d1bc009301ba0e,Tata Indica Vista Quadrajet VX,2011,200000,28689,Diesel,Individual,Manual,First Owner
690ac12a56d1bc009301ba0f,Tata Aria Pure LX 4x2,2014,495000,90000,Diesel,Individual,Manual,Second Owner
690ac12a56d1bc009301ba10,Ford Fiesta Classic 1.4 Duratorq CLXI,2014,325000,80322,Diesel,Dealer,Manual,First Owner
690ac12a56d1bc009301ba11,Ford Freestyle Trend Petrol BSIV,2019,650000,8000,Petrol,Individual,Manual,First Owner
690ac12a56d1bc009301ba12,Mahindra Jeep MM 775 XDB,2000,155000,50000,Diesel,Individual,Manual,Second Owner
690ac12a56d1bc009301ba13,Maruti 800 AC BSIII,2007,75000,90000,Petrol,Individual,Manual,Second Owner
690ac12a56d1bc009301ba14,Hyundai Grand i10 1.2 CRDi Magna,2015,350000,61658,Diesel,Dealer,Manual,First Owner
690ac12a56d1bc009301ba15,Maruti Zen Estilo LX BSIV,2010,90000,50000,Petrol,Individual,Manual,Third Owner
690ac12a56d1bc009301ba16,Maruti Ertiga SHVS VDI,2016,600000,80000,Diesel,Individual,Manual,First Owner
690ac12a56d1bc009301ba17,Mahindra Scorpio SLE BSIII,2010,400000,185000,Diesel,Individual,Manual,First Owner
690ac12a56d1bc009301ba18,Maruti Swift VDI BSIV,2014,370000,57000,Diesel,Individual,Manual,Second Owner
690ac12a56d1bc009301ba19,Maruti 800 DX,2000,50000,60000,Petrol,Individual,Manual,First Owner
690ac12a56d1bc009301ba1a,Honda City 1.5 GXI,2004,125000,120000,Petrol,Individual,Manual,Second Owner
690ac12a56d1bc009301ba1b,Honda CR-V Diesel 4WD,2018,1800000,26000,Diesel,Individual,Automatic,First Owner
690ac12a56d1bc009301ba1c,Hyundai Grand i10 1.2 Kappa Magna AT,2019,650000,20000,Petrol,Individual,Automatic,First Owner
690ac12a56d1bc009301ba1d,Maruti Ertiga BSIV VXI AT,2017,800000,30600,Petrol,Individual,Automatic,First Owner
690ac12a56d1bc009301ba1e,Volkswagen Polo 1.0 TSI Highline Plus,2020,802000,5000,Petrol,Individual,Manual,First Owner
690ac12a56d1bc009301ba1f,Audi A4 35 TDI Premium,2015,2300000,35000,Diesel,Individual,Automatic,Third Owner
690ac12a56d1bc009301ba20,Hyundai Xcent 1.1 CRDi SX,2016,430000,35000,Diesel,Individual,Manual,First Owner
690ac12a56d1bc009301ba21,Hyundai Verna 1.6 SX VTVT,2017,650000,23000,Petrol,Individual,Manual,First Owner
690ac12a56d1bc009301ba22,Mahindra Scorpio 2.6 SLX Turbo 7 Seater,2004,170000,120000,Diesel,Individual,Manual,First Owner
690ac12a56d1bc009301ba23,Skoda Superb Elegance 2.0 TDI CR AT,2011,450000,235000,Diesel,Individual,Automatic,First Owner
690ac12a56d1bc009301ba24,Maruti Alto 800 LXI,2013,250000,87000,Petrol,Individual,Manual,First Owner
690ac12a56d1bc009301ba25,Ford Ecosport 1.0 Ecoboost Titanium,2014,550000,72000,Petrol,Individual,Manual,Second Owner
690ac12a56d1bc009301ba26,Jaguar XF 3.0 Litre S Premium Luxury,2013,2000000,64000,Diesel,Individual,Automatic,Second Owner
690ac12a56d1bc009301ba27,Maruti Zen Estilo VXI BSIII,2007,140000,100000,Petrol,Individual,Manual,Second Owner
690ac12a56d1bc009301ba28,Chevrolet Beat LT,2012,155000,12000,Petrol,Individual,Manual,First Owner
690ac12a56d1bc009301ba29,Hyundai Accent Executive,2010,120000,67000,Petrol,Individual,Manual,Third Owner
690ac12a56d1bc009301ba2a,Toyota Innova 2.5 E 8 STR,2012,287000,70000,Diesel,Individual,Manual,First Owner
690ac12a56d1bc009301ba2b,Maruti Baleno Alpha 1.3,2016,675000,60000,Diesel,Individual,Manual,First Owner
690ac12a56d1bc009301ba2c,Hyundai i10 Magna 1.2 iTech SE,2011,235000,74500,Petrol,Individual,Manual,Second Owner
690ac12a56d1bc009301ba2d,Hyundai i20 1.4 CRDi Asta,2011,300000,118700,Diesel,Individual,Manual,Second Owner
690ac12a56d1bc009301ba2e,Nissan Micra XL CVT,2015,434999,40000,Petrol,Individual,Automatic,Second Owner
690ac12a56d1bc009301ba2f,Mahindra Scorpio VLX AT 2WD BSIII,2004,225000,223660,Diesel,Individual,Automatic,Third Owner
690ac12a56d1bc009301ba30,Toyota Corolla AE,2006,160000,140000,Petrol,Individual,Manual,Second Owner
690ac12a56d1bc009301ba31,Hyundai Grand i10 Nios Sportz,2020,600000,5000,Petrol,Individual,Manual,First Owner
690ac12a56d1bc009301ba32,Chevrolet Tavera Neo 3 LT 9 Seats BSIII,2016,470000,100000,Diesel,Individual,Manual,Second Owner
690ac12a56d1bc009301ba33,Maruti Swift Dzire VXi,2011,300000,100000,Petrol,Individual,Manual,Second Owner
690ac12a56d1bc009301ba34,Maruti Baleno Delta 1.2,2018,600000,2000,Petrol,Individual,Manual,First Owner
690ac12a56d1bc009301ba35,Hyundai Grand i10 Nios AMT Magna,2020,640000,4000,Petrol,Individual,Automatic,First Owner
690ac12a56d1bc009301ba36,Tata Indica DLS,2006,50000,120000,Diesel,Individual,Manual,Fourth & Above Owner
690ac12a56d1bc009301ba37,Hyundai Verna 1.6 VTVT S,2015,600000,35000,Petrol,Individual,Manual,First Owner
690ac12a56d1bc009301ba38,Hyundai i10 Magna LPG,2014,290000,29000,LPG,Individual,Manual,First Owner
690ac12a56d1bc009301ba39,Hyundai Verna 1.6 VTVT S,2015,600000,30000,Petrol,Individual,Manual,First Owner
690ac12a56d1bc009301ba3a,Tata Manza Aqua Quadrajet BS IV,2012,190000,120000,Diesel,Individual,Manual,First Owner
690ac12a56d1bc009301ba3b,Hyundai i10 Era 1.1,2008,160000,110000,Petrol,Individual,Manual,Third Owner
690ac12a56d1bc009301ba3c,Maruti Alto K10 VXI,2017,325000,15000,Petrol,Individual,Manual,First Owner
690ac12a56d1bc009301ba3d,Mahindra Bolero DI,2006,200000,73756,Diesel,Individual,Manual,First Owner
690ac12a56d1bc009301ba3e,Toyota Fortuner 2.8 2WD AT BSIV,2018,2800000,40000,Diesel,Individual,Automatic,First Owner
690ac12a56d1bc009301ba3f,Chevrolet Spark 1.0 LS,2011,125000,60000,Petrol,Individual,Manual,Third Owner
690ac12a56d1bc009301ba40,Hyundai i10 Magna 1.1,2008,155000,60000,Petrol,Individual,Manual,Fourth & Above Owner
690ac12a56d1bc009301ba41,Hyundai i20 Asta 1.4 CRDi,2015,550000,90000,Diesel,Individual,Manual,First Owner
690ac12a56d1bc009301ba42,Maruti Wagon R LX BSIII,2009,130000,70000,Petrol,Individual,Manual,Fourth & Above Owner
690ac12a56d1bc009301ba43,Maruti 800 AC,2002,80000,70000,Petrol,Individual,Manual,Second Owner
690ac12a56d1bc009301ba44,Toyota Etios Cross 1.4L GD,2015,500000,80000,Diesel,Individual,Manual,Second Owner
690ac12a56d1bc009301ba45,Renault KWID RXT BSIV,2019,250000,27000,Petrol,Individual,Manual,First Owner
690ac12a56d1bc009301ba46,Mahindra XUV500 W8 2WD,2012,580000,70000,Diesel,Individual,Manual,First Owner
690ac12a56d1bc009301ba47,Daewoo Matiz SD,2002,60000,50000,Petrol,Individual,Manual,First Owner
690ac12a56d1bc009301ba48,Toyota Etios GD,2012,300000,185000,Diesel,Individual,Manual,First Owner
690ac12a56d1bc009301ba49,Ford Figo Diesel Titanium,2014,200000,90000,Diesel,Individual,Manual,Second Owner
690ac12a56d1bc009301ba4a,Tata Hexa XT,2017,1200000,16400,Diesel,Individual,Manual,First Owner
690ac12a56d1bc009301ba4b,Toyota Etios Cross 1.4L GD,2015,350000,80000,Diesel,Individual,Manual,Second Owner
690ac12a56d1bc009301ba4c,Mahindra XUV500 W8 4WD,2012,600000,80000,Diesel,Individual,Manual,Second Owner
690ac12a56d1bc009301ba4d,Honda Jazz V,2019,650000,4000,Petrol,Individual,Manual,First Owner
690ac12a56d1bc009301ba4e,Maruti A-Star Lxi,2008,120000,40000,Petrol,Individual,Manual,First Owner
690ac12a56d1bc009301ba4f,Tata New Safari DICOR 2.2 EX 4x2,2010,180000,120000,Diesel,Individual,Manual,Second Owner
690ac12a56d1bc009301ba50,Hyundai Verna VTVT 1.6 AT SX Option,2018,950000,41395,Petrol,Individual,Automatic,First Owner
690ac12a56d1bc009301ba51,Tata Manza Aura Quadrajet BS IV,2012,250999,35000,Diesel,Individual,Manual,Second Owner
690ac12a56d1bc009301ba52,Skoda Laura Ambiente 2.0 TDI CR MT,2012,385000,52000,Diesel,Dealer,Manual,First Owner
690ac12a56d1bc009301ba53,Audi A8 L 3.0 TDI quattro,2009,1250000,47000,Diesel,Dealer,Automatic,Second Owner
690ac12a56d1bc009301ba54,Chevrolet Beat LT,2013,165000,50000,Petrol,Individual,Manual,First Owner
690ac12a56d1bc009301ba55,Hyundai Elantra SX,2015,700000,48000,Petrol,Dealer,Manual,First Owner
690ac12a56d1bc009301ba56,Mahindra XUV500 W8 4WD,2015,750000,53000,Diesel,Dealer,Manual,First Owner
690ac12a56d1bc009301ba57,Mahindra Renault Logan 1.5 DLS,2008,89999,213000,Diesel,Individual,Manual,First Owner
690ac12a56d1bc009301ba58,Datsun redi-GO AMT 1.0 T Option,2018,290000,15000,Petrol,Dealer,Automatic,First Owner
690ac12a56d1bc009301ba59,Tata Nano Cx BSIII,2014,45000,7000,Petrol,Individual,Manual,Second Owner
690ac12a56d1bc009301ba5a,Skoda Superb Ambition 2.0 TDI CR AT,2013,675000,88000,Diesel,Dealer,Automatic,First Owner
690ac12a56d1bc009301ba5b,Nissan Terrano XL Plus 85 PS,2015,530000,55000,Diesel,Dealer,Manual,First Owner
690ac12a56d1bc009301ba5c,BMW X1 sDrive20d M Sport,2014,1485000,48000,Diesel,Dealer,Automatic,First Owner
690ac12a56d1bc009301ba5d,Chevrolet Enjoy TCDi LT 7 Seater,2014,325000,71014,Diesel,Dealer,Manual,First Owner
690ac12a56d1bc009301ba5e,Honda Amaze S Diesel,2015,400000,60000,Diesel,Dealer,Manual,First Owner
690ac12a56d1bc009301ba5f,Mahindra KUV 100 D75 K6 Plus,2017,380000,71000,Diesel,Dealer,Manual,First Owner
690ac12a56d1bc009301ba60,Honda City i-VTEC CVT VX,2016,750000,45000,Petrol,Dealer,Automatic,First Owner
690ac12a56d1bc009301ba61,Honda Brio VX,2017,390000,45000,Petrol,Dealer,Manual,First Owner
690ac12a56d1bc009301ba62,Maruti Alto LXi,2009,110000,20000,Petrol,Individual,Manual,First Owner
690ac12a56d1bc009301ba63,MG Hector Sharp Diesel MT BSIV,2019,1825000,14000,Diesel,Dealer,Manual,First Owner
690ac12a56d1bc009301ba64,Audi A4 35 TDI Premium Plus,2019,3256000,17000,Diesel,Dealer,Automatic,First Owner
690ac12a56d1bc009301ba65,Renault Scala Diesel RxL,2015,370000,60000,Diesel,Dealer,Manual,First Owner
690ac12a56d1bc009301ba66,Chevrolet Beat Diesel LT,2013,210000,80000,Diesel,Individual,Manual,Second Owner
690ac12a56d1bc009301ba67,Skoda Laura Ambiente 1.9 PD,2007,175000,181000,Diesel,Individual,Manual,Fourth & Above Owner
690ac12a56d1bc009301ba68,Hyundai Verna 1.6 SX CRDi (O),2012,575000,89550,Diesel,Individual,Manual,Second Owner
690ac12a56d1bc009301ba69,Mahindra Xylo D4,2010,320000,90000,Diesel,Individual,Manual,Third Owner
690ac12a56d1bc009301ba6a,Maruti Swift Ldi BSIV,2010,280000,149500,Diesel,Individual,Manual,Third Owner
690ac12a56d1bc009301ba6b,Renault Duster 85PS Diesel RxL Optional,2013,500000,190000,Diesel,Individual,Manual,Second Owner
690ac12a56d1bc009301ba6c,Ford Fiesta Diesel Style,2013,380000,83000,Diesel,Dealer,Manual,First Owner
690ac12a56d1bc009301ba6d,Maruti 800 AC BSIII,2005,120000,20000,Petrol,Individual,Manual,Second Owner
690ac12a56d1bc009301ba6e,Maruti Eeco 5 Seater AC BSIV,2018,395000,20000,Petrol,Individual,Manual,First Owner
690ac12a56d1bc009301ba6f,Skoda Laura 1.9 TDI MT Ambiente,2010,360000,160000,Diesel,Individual,Manual,First Owner
690ac12a56d1bc009301ba70,Nissan Terrano XL Plus 85 PS,2015,451000,100000,Diesel,Individual,Manual,First Owner
690ac12a56d1bc009301ba71,Chevrolet Spark 1.0 LS,2010,175000,45000,Petrol,Individual,Manual,Second Owner
690ac12a56d1bc009301ba72,Chevrolet Spark 1.0 LS,2009,170000,44800,Petrol,Individual,Manual,Second Owner
690ac12a56d1bc009301ba73,Hyundai Santro Xing XL eRLX Euro III,2006,100000,40000,Petrol,Individual,Manual,Second Owner
690ac12a56d1bc009301ba74,Maruti Omni MPI STD BSIV,2014,150000,120000,Petrol,Individual,Manual,Third Owner
690ac12a56d1bc009301ba75,Tata Indica Vista Quadrajet LX,2011,149000,10000,Diesel,Individual,Manual,Second Owner
690ac12a56d1bc009301ba76,Tata Indica Vista Aqua 1.3 Quadrajet,2011,160000,80000,Diesel,Individual,Manual,Second Owner
690ac12a56d1bc009301ba77,Datsun GO Plus T Option Petrol,2018,434999,10000,Petrol,Individual,Manual,First Owner
690ac12a56d1bc009301ba78,Mahindra XUV500 W8 4WD,2014,800000,156000,Diesel,Individual,Manual,First Owner
690ac12a56d1bc009301ba79,Toyota Innova 2.5 VX (Diesel) 7 Seater BS IV,2010,819999,120000,Diesel,Individual,Manual,Second Owner
690ac12a56d1bc009301ba7a,Maruti Baleno Vxi,2007,163000,100000,Petrol,Individual,Manual,Second Owner
690ac12a56d1bc009301ba7b,Mercedes-Benz E-Class 220 CDI,2001,350000,100000,Diesel,Individual,Manual,Second Owner
690ac12a56d1bc009301ba7c,Tata Indica GLS BS IV,2006,75000,100000,Petrol,Individual,Manual,Second Owner
690ac12a56d1bc009301ba7d,Maruti Alto LXi,2012,180000,60000,Petrol,Individual,Manual,Second Owner
690ac12a56d1bc009301ba7e,Ford Figo Aspire 1.5 TDCi Trend,2017,675000,30000,Diesel,Individual,Manual,First Owner
690ac12a56d1bc009301ba7f,Maruti Swift VDI,2013,400000,170000,Diesel,Individual,Manual,First Owner
690ac12a56d1bc009301ba80,Volkswagen Polo Diesel Highline 1.2L,2013,434999,100000,Diesel,Individual,Manual,Second Owner
690ac12a56d1bc009301ba81,Tata Indigo GLX,2006,100000,110000,Petrol,Individual,Manual,Second Owner
690ac12a56d1bc009301ba82,Maruti Swift Dzire LDI Optional,2015,419000,170000,Diesel,Individual,Manual,Second Owner
690ac12a56d1bc009301ba83,Tata Indica GLS BS IV,2009,200000,100000,Petrol,Individual,Manual,First Owner
690ac12a56d1bc009301ba84,Renault Scala Diesel RxL,2014,400000,35000,Diesel,Individual,Manual,First Owner
690ac12a56d1bc009301ba85,Ford EcoSport 1.5 Diesel Ambiente BSIV,2018,790000,40000,Diesel,Individual,Manual,Second Owner
690ac12a56d1bc009301ba86,Renault Duster 85PS Diesel RxL Plus,2015,500000,90000,Diesel,Individual,Manual,Second Owner
690ac12a56d1bc009301ba87,Skoda Rapid 1.6 TDI Elegance,2012,275000,120000,Diesel,Individual,Manual,Second Owner
690ac12a56d1bc009301ba88,Hyundai i20 1.4 CRDi Sportz,2012,450000,120000,Diesel,Individual,Manual,Second Owner
690ac12a56d1bc009301ba89,Mahindra XUV500 W11 Option AWD,2020,1400000,25000,Diesel,Dealer,Manual,First Owner
690ac12a56d1bc009301ba8a,Renault Duster 110PS Diesel RxL,2015,800000,15000,Diesel,Individual,Manual,First Owner
690ac12a56d1bc009301ba8b,Maruti Wagon R VXI,2014,315000,41000,Petrol,Dealer,Manual,First Owner
690ac12a56d1bc009301ba8c,Maruti Baleno Alpha,2019,700000,16000,Petrol,Individual,Manual,First Owner
690ac12a56d1bc009301ba8d,Mahindra Bolero SLX,2016,585000,51000,Diesel,Dealer,Manual,First Owner
690ac12a56d1bc009301ba8e,Chevrolet Sail 1.2 LT ABS,2014,350000,30000,Petrol,Individual,Manual,First Owner
690ac12a56d1bc009301ba8f,Honda City i-DTEC SV,2014,495000,80000,Diesel,Dealer,Manual,First Owner
690ac12a56d1bc009301ba90,Hyundai Grand i10 1.2 Kappa Asta,2017,500000,50000,Petrol,Individual,Manual,First Owner
690ac12a56d1bc009301ba91,Hyundai Grand i10 1.2 Kappa Sportz Option,2013,345000,44000,Petrol,Dealer,Manual,First Owner
690ac12a56d1bc009301ba92,Maruti Baleno Sigma 1.2,2015,500000,10000,Petrol,Individual,Manual,First Owner
690ac12a56d1bc009301ba93,Maruti Wagon R VXI,2016,360000,33000,Petrol,Dealer,Manual,First Owner
690ac12a56d1bc009301ba94,Maruti Alto LXi BSIII,2010,210000,25000,Petrol,Individual,Manual,First Owner
690ac12a56d1bc009301ba95,Maruti Alto K10 LXI,2014,220000,66000,Petrol,Dealer,Manual,First Owner
690ac12a56d1bc009301ba96,Chevrolet Aveo 1.4 LT BSIV,2009,250000,48000,Petrol,Individual,Manual,First Owner
690ac12a56d1bc009301ba97,Toyota Innova 2.5 G (Diesel) 8 Seater,2016,990000,146000,Diesel,Dealer,Manual,First Owner
690ac12a56d1bc009301ba98,Mahindra Quanto C4,2013,220000,100000,Diesel,Individual,Manual,Fourth & Above Owner
690ac12a56d1bc009301ba99,Jaguar XF 3.0 Litre S Premium Luxury,2012,1800000,50000,Diesel,Individual,Automatic,Second Owner
690ac12a56d1bc009301ba9a,Honda City i VTEC V,2014,530000,50000,Petrol,Individual,Manual,First Owner
690ac12a56d1bc009301ba9b,Maruti Baleno Alpha 1.3,2016,575000,50000,Diesel,Individual,Manual,First Owner
690ac12a56d1bc009301ba9c,Mahindra Xylo E4,2012,400000,99000,Diesel,Dealer,Manual,First Owner
690ac12a56d1bc009301ba9d,Honda Mobilio S i DTEC,2016,680000,50000,Diesel,Individual,Manual,First Owner
690ac12a56d1bc009301ba9e,Hyundai Santa Fe 4WD AT,2014,1000000,80000,Diesel,Individual,Automatic,First Owner
690ac12a56d1bc009301ba9f,Maruti Alto 800 LXI,2016,260000,45000,Petrol,Individual,Manual,Second Owner
690ac12a56d1bc009301baa0,Tata Manza Aura (ABS) Safire BS IV,2010,150000,50000,Petrol,Individual,Manual,Second Owner
690ac12a56d1bc009301baa1,Maruti Alto LXi BSIII,2008,180000,70000,Petrol,Individual,Manual,Third Owner
690ac12a56d1bc009301baa2,Force One EX,2014,346000,37516,Diesel,Individual,Manual,First Owner
690ac12a56d1bc009301baa3,Mahindra Xylo D2 BS IV,2015,450000,20000,Diesel,Individual,Manual,First Owner
690ac12a56d1bc009301baa4,Hyundai Grand i10 1.2 Kappa Sportz BSIV,2019,500000,5000,Petrol,Individual,Manual,First Owner
690ac12a56d1bc009301baa5,Hyundai Grand i10 1.2 CRDi Asta,2019,700000,8000,Diesel,Individual,Manual,First Owner
690ac12a56d1bc009301baa6,Maruti Alto 800 LXI,2019,280000,25880,Petrol,Individual,Manual,First Owner
690ac12a56d1bc009301baa7,Hyundai Santro Magna AMT BSIV,2019,475000,10000,Petrol,Individual,Automatic,First Owner
690ac12a56d1bc009301baa8,Maruti Swift Dzire VDi,2009,300000,50000,Diesel,Individual,Manual,First Owner
690ac12a56d1bc009301baa9,Maruti Alto K10 LXI,2014,200999,40000,Petrol,Individual,Manual,First Owner
690ac12a56d1bc009301baaa,Skoda Laura 1.9 TDI MT Ambiente,2009,200000,100000,Diesel,Individual,Manual,Third Owner
690ac12a56d1bc009301baab,Chevrolet Aveo U-VA 1.2 LS,2009,210000,80000,Petrol,Individual,Manual,Second Owner
690ac12a56d1bc009301baac,Tata Indigo LS BSII,2012,160000,110000,Diesel,Individual,Manual,First Owner
690ac12a56d1bc009301baad,Hyundai Verna CRDi SX ABS,2009,175000,136000,Diesel,Individual,Manual,Second Owner
690ac12a56d1bc009301baae,Tata New Safari DICOR 2.2 GX 4x2 BS IV,2012,320000,80000,Diesel,Individual,Manual,First Owner
690ac12a56d1bc009301baaf,Maruti Alto LXi,2009,110000,50000,Petrol,Individual,Manual,Second Owner
690ac12a56d1bc009301bab0,Maruti Wagon R LXI Minor,2008,300000,30000,Petrol,Individual,Manual,First Owner
690ac12a56d1bc009301bab1,Honda City V MT,2012,700000,10000,Petrol,Individual,Manual,First Owner
690ac12a56d1bc009301bab2,Tata Indica Vista Aura 1.3 Quadrajet,2009,135000,90000,Diesel,Individual,Manual,Fourth & Above Owner
690ac12a56d1bc009301bab3,Mahindra Bolero Power Plus Plus Non AC BSIV PS,2015,500000,110000,Diesel,Individual,Manual,First Owner
690ac12a56d1bc009301bab4,Mahindra Scorpio VLX 2WD AIRBAG BSIV,2012,550000,120000,Diesel,Individual,Manual,Second Owner
690ac12a56d1bc009301bab5,Toyota Innova 2.5 Z Diesel 7 Seater BS IV,2014,1050000,90000,Diesel,Individual,Manual,Third Owner
690ac12a56d1bc009301bab6,Honda City i VTEC V,2016,500000,20000,Petrol,Individual,Manual,First Owner
690ac12a56d1bc009301bab7,Maruti Ritz VDi,2011,180000,90000,Diesel,Individual,Manual,Second Owner
690ac12a56d1bc009301bab8,Hyundai Santro Xing GLS,2010,170000,50000,Petrol,Individual,Manual,Second Owner
690ac12a56d1bc009301bab9,Honda Brio 1.2 S Option MT,2019,484999,9000,Petrol,Individual,Manual,First Owner
690ac12a56d1bc009301baba,Maruti A-Star Vxi,2011,150000,70000,Petrol,Individual,Manual,Second Owner
690ac12a56d1bc009301babb,Maruti Alto K10 VXI Airbag,2018,380000,25000,Petrol,Individual,Manual,First Owner
690ac12a56d1bc009301babc,Hyundai Santro Sportz BSIV,2019,480000,10000,Petrol,Individual,Manual,First Owner
690ac12a56d1bc009301babd,Tata Indica Vista Aura 1.3 Quadrajet,2009,135000,90000,Diesel,Individual,Manual,Fourth & Above Owner
690ac12a56d1bc009301babe,Volkswagen Polo Diesel Highline 1.2L,2011,290000,60000,Diesel,Individual,Manual,Second Owner
690ac12a56d1bc009301babf,Fiat Linea Dynamic,2013,350000,70000,Petrol,Individual,Manual,First Owner
690ac12a56d1bc009301bac0,Maruti Alto 800 LXI,2014,110000,25000,Petrol,Individual,Manual,First Owner
690ac12a56d1bc009301bac1,Hyundai Santro LE zipPlus,2003,70000,80000,Petrol,Individual,Manual,Third Owner
690ac12a56d1bc009301bac2,Volkswagen Vento Petrol Highline AT,2011,300000,70000,Petrol,Individual,Automatic,Third Owner
690ac12a56d1bc009301bac3,Maruti Alto 800 LX,2017,180000,60000,Petrol,Individual,Manual,First Owner
690ac12a56d1bc009301bac4,Renault KWID RXL,2020,300000,20000,Petrol,Individual,Manual,First Owner
690ac12a56d1bc009301bac5,Maruti Baleno Delta 1.2,2017,509000,60000,Petrol,Individual,Manual,First Owner
690ac12a56d1bc009301bac6,Maruti SX4 S Cross DDiS 320 Zeta,2016,650000,80000,Diesel,Individual,Manual,First Owner
690ac12a56d1bc009301bac7,Maruti Swift VDI BSIV,2015,450000,70000,Diesel,Individual,Manual,Third Owner
690ac12a56d1bc009301bac8,Mahindra Jeep Classic,1999,170000,2020,Diesel,Individual,Manual,Second Owner
690ac12a56d1bc009301bac9,Mahindra Scorpio 2.6 Turbo 7 Str,2007,210000,100000,Diesel,Individual,Manual,Second Owner
690ac12a56d1bc009301baca,Hyundai i20 Asta 1.4 CRDi,2013,360000,80000,Diesel,Individual,Manual,Second Owner
690ac12a56d1bc009301bacb,Toyota Innova 2.5 GX (Diesel) 7 Seater BS IV,2011,495000,120000,Diesel,Individual,Manual,Second Owner
690ac12a56d1bc009301bacc,Maruti Alto LX,2006,105000,100000,Petrol,Individual,Manual,Third Owner
690ac12a56d1bc009301bacd,Hyundai i20 Magna,2010,270000,60000,Petrol,Individual,Manual,Third Owner
690ac12a56d1bc009301bace,Ford Figo Petrol LXI,2010,130000,110000,Petrol,Individual,Manual,First Owner
690ac12a56d1bc009301bacf,Honda City i DTEC S,2014,700000,90000,Diesel,Individual,Manual,Second Owner
690ac12a56d1bc009301bad0,Chevrolet Cruze LTZ,2012,400000,40000,Diesel,Individual,Manual,First Owner
690ac12a56d1bc009301bad1,Maruti Swift ZXI ABS,2009,250000,60000,Petrol,Individual,Manual,Second Owner
690ac12a56d1bc009301bad2,Honda Amaze VX i-DTEC,2013,325000,94000,Diesel,Individual,Manual,Second Owner
690ac12a56d1bc009301bad3,Maruti Alto LXi,2008,69000,100000,Petrol,Individual,Manual,First Owner
690ac12a56d1bc009301bad4,Mahindra Scorpio S11 BSIV,2018,1380000,25000,Diesel,Individual,Manual,First Owner
690ac12a56d1bc009301bad5,Maruti Zen Estilo VXI BSIII,2007,90000,90000,Petrol,Individual,Manual,First Owner
690ac12a56d1bc009301bad6,Mahindra XUV500 W6 1.99 mHawk,2016,1000000,40000,Diesel,Individual,Manual,First Owner
690ac12a56d1bc009301bad7,Hyundai Accent GLE CNG,2010,145000,90000,CNG,Individual,Manual,Second Owner
690ac12a56d1bc009301bad8,Maruti Alto K10 LX,2020,250000,1100,Petrol,Individual,Manual,Fourth & Above Owner
690ac12a56d1bc009301bad9,Maruti Swift VDI,2011,256000,70000,Diesel,Individual,Manual,Third Owner
690ac12a56d1bc009301bada,Tata Indica DLS,2005,70000,120000,Diesel,Individual,Manual,First Owner
690ac12a56d1bc009301badb,Maruti Wagon R VX,2000,50000,88500,Petrol,Individual,Manual,Fourth & Above Owner
690ac12a56d1bc009301badc,Renault KWID RXT,2016,240000,70000,Petrol,Individual,Manual,Second Owner
690ac12a56d1bc009301badd,Tata Indica Vista Aqua 1.2 Safire BSIV,2010,97000,128000,Petrol,Individual,Manual,First Owner
690ac12a56d1bc009301bade,Tata Indigo CR4,2012,130000,120000,Diesel,Individual,Manual,First Owner
690ac12a56d1bc009301badf,Maruti Swift 1.3 VXi,2009,199000,52536,Petrol,Individual,Manual,First Owner
690ac12a56d1bc009301bae0,Honda Civic 1.8 S AT,2006,125000,70000,Petrol,Individual,Automatic,First Owner
690ac12a56d1bc009301bae1,Hyundai Xcent 1.1 CRDi Base,2015,420000,60000,Diesel,Individual,Manual,First Owner
690ac12a56d1bc009301bae2,Mahindra NuvoSport N8,2016,525000,110000,Diesel,Individual,Manual,First Owner
690ac12a56d1bc009301bae3,Hyundai Santro Xing GLS,2008,125000,85000,Petrol,Individual,Manual,First Owner
690ac12a56d1bc009301bae4,Hyundai Verna Transform CRDi VGT SX ABS,2010,325000,135000,Diesel,Individual,Manual,First Owner
690ac12a56d1bc009301bae5,Volkswagen Vento New Diesel Highline,2012,330000,86000,Diesel,Individual,Manual,Fourth & Above Owner
690ac12a56d1bc009301bae6,Maruti Wagon R LXI BS IV,2010,110000,50000,Petrol,Individual,Manual,First Owner
690ac12a56d1bc009301bae7,Maruti S-Presso VXI Plus,2019,450000,1950,Petrol,Individual,Manual,First Owner
690ac12a56d1bc009301bae8,Maruti Swift 1.3 VXi,2005,85000,118400,Petrol,Individual,Manual,First Owner
690ac12a56d1bc009301bae9,Honda Civic 1.8 S MT,2007,229999,70000,Petrol,Individual,Manual,Second Owner
690ac12a56d1bc009301baea,Hyundai i10 Magna,2012,250000,60000,Petrol,Individual,Manual,Second Owner
690ac12a56d1bc009301baeb,Ford Ecosport 1.5 DV5 MT Titanium,2015,650000,68000,Diesel,Individual,Manual,First Owner
690ac12a56d1bc009301baec,Maruti Swift Dzire VDI,2017,600000,46507,Diesel,Trustmark Dealer,Manual,First Owner
690ac12a56d1bc009301baed,Toyota Etios Liva 1.2 VX,2017,650000,6480,Petrol,Trustmark Dealer,Manual,First Owner
690ac12a56d1bc009301baee,Maruti Vitara Brezza VDi,2017,750000,32077,Diesel,Trustmark Dealer,Manual,First Owner
690ac12a56d1bc009301baef,Toyota Yaris G,2018,850000,19107,Petrol,Trustmark Dealer,Manual,First Owner
690ac12a56d1bc009301baf0,Hyundai EON Era Plus Option,2017,315000,18469,Petrol,Trustmark Dealer,Manual,First Owner
690ac12a56d1bc009301baf1,Maruti Swift LXI Option,2015,415000,28217,Petrol,Trustmark Dealer,Manual,First Owner
690ac12a56d1bc009301baf2,Maruti Ciaz ZDi Plus,2016,640000,72787,Diesel,Trustmark Dealer,Manual,First Owner
690ac12a56d1bc009301baf3,Maruti Ciaz 1.4 Alpha,2017,780000,31063,Petrol,Trustmark Dealer,Manual,First Owner
690ac12a56d1bc009301baf4,Toyota Fortuner 4x2 AT,2017,2595000,79641,Diesel,Trustmark Dealer,Automatic,First Owner
690ac12a56d1bc009301baf5,Hyundai Creta 1.6 CRDi SX,2015,850000,58692,Diesel,Trustmark Dealer,Manual,First Owner
690ac12a56d1bc009301baf6,Hyundai Creta 1.6 CRDi SX,2015,900000,54784,Diesel,Trustmark Dealer,Manual,First Owner
690ac12a56d1bc009301baf7,Toyota Corolla Altis GL MT,2016,1150000,64156,Petrol,Trustmark Dealer,Manual,First Owner
690ac12a56d1bc009301baf8,Maruti Esteem Lxi - BSIII,2007,75000,54000,Petrol,Individual,Manual,First Owner
690ac12a56d1bc009301baf9,Volkswagen Vento Diesel Comfortline,2012,215000,97000,Diesel,Individual,Manual,First Owner
690ac12a56d1bc009301bafa,Maruti SX4 ZXI AT,2009,130000,120000,Petrol,Individual,Automatic,Second Owner
690ac12a56d1bc009301bafb,Hyundai Santro Magna AMT BSIV,2019,400000,16000,Petrol,Individual,Automatic,First Owner
690ac12a56d1bc009301bafc,Maruti Swift Dzire AMT ZXI,2019,550000,60000,Petrol,Individual,Automatic,First Owner
690ac12a56d1bc009301bafd,Chevrolet Beat LT,2016,245000,52000,Petrol,Dealer,Manual,First Owner
690ac12a56d1bc009301bafe,Maruti Swift VDI BSIV,2010,320000,110000,Diesel,Individual,Manual,Fourth & Above Owner
690ac12a56d1bc009301baff,Mahindra TUV 300 T8 AMT,2016,730000,60000,Diesel,Individual,Automatic,Second Owner
690ac12a56d1bc009301bb00,Ford Fusion 1.6 Duratec Petrol,2005,120000,100000,Petrol,Individual,Manual,Third Owner
690ac12a56d1bc009301bb01,Honda City i-VTEC VX,2017,950000,35000,Petrol,Individual,Manual,First Owner
690ac12a56d1bc009301bb02,Maruti Wagon R VXI BS IV,2017,350000,48000,Petrol,Individual,Manual,Third Owner
690ac12a56d1bc009301bb03,Maruti Esteem Vxi,2005,100000,20000,Petrol,Individual,Manual,Second Owner
690ac12a56d1bc009301bb04,Maruti Wagon R VXI BS IV,2017,350000,30000,Petrol,Individual,Manual,First Owner
690ac12a56d1bc009301bb05,Maruti Wagon R VXI BSIII,2005,80000,40000,Petrol,Individual,Manual,Second Owner
690ac12a56d1bc009301bb06,Hyundai Verna 1.6 VTVT,2013,370000,60000,Petrol,Individual,Manual,First Owner
690ac12a56d1bc009301bb07,Hyundai EON D Lite Plus,2012,160000,70000,Petrol,Individual,Manual,Second Owner
690ac12a56d1bc009301bb08,Tata Sumo Victa EX 7/9 Str BSII,2009,130000,120000,Diesel,Individual,Manual,First Owner
690ac12a56d1bc009301bb09,Chevrolet Sail Hatchback 1.2 LS,2016,250000,30000,Petrol,Individual,Manual,First Owner
690ac12a56d1bc009301bb0a,Tata New Safari DICOR 2.2 GX 4x2 BS IV,2012,270000,80000,Diesel,Individual,Manual,Second Owner
690ac12a56d1bc009301bb0b,BMW X1 sDrive 20d xLine,2019,2600000,9500,Diesel,Individual,Automatic,First Owner
690ac12a56d1bc009301bb0c,Hyundai EON Era Plus,2013,160000,80000,Petrol,Individual,Manual,First Owner
690ac12a56d1bc009301bb0d,Hyundai EON Magna Plus,2016,229999,80000,Petrol,Individual,Manual,First Owner
690ac12a56d1bc009301bb0e,Mahindra Bolero Power Plus ZLX,2017,750000,29000,Diesel,Individual,Manual,First Owner
690ac12a56d1bc009301bb0f,Chevrolet Optra Magnum 2.0 LS,2011,195000,120000,Diesel,Individual,Manual,First Owner
690ac12a56d1bc009301bb10,Toyota Etios Cross 1.2L G,2015,320000,60000,Petrol,Individual,Manual,First Owner
690ac12a56d1bc009301bb11,Mahindra Scorpio S7 140 BSIV,2018,1100000,20000,Diesel,Individual,Manual,First Owner
690ac12a56d1bc009301bb12,Datsun RediGO S,2016,270000,22000,Petrol,Individual,Manual,First Owner
690ac12a56d1bc009301bb13,Skoda Fabia 1.2 MPI Ambition Plus,2012,300000,50000,Petrol,Individual,Manual,First Owner
690ac12a56d1bc009301bb14,Chevrolet Beat Diesel LT,2012,200000,50000,Diesel,Individual,Manual,First Owner
690ac12a56d1bc009301bb15,Maruti Zen Estilo 1.1 LXI BSIII,2007,120000,81366,Petrol,Individual,Manual,First Owner
690ac12a56d1bc009301bb16,Maruti Esteem Vxi - BSIII,2006,95000,110000,Petrol,Individual,Manual,First Owner
690ac12a56d1bc009301bb17,Volkswagen Polo Petrol Comfortline 1.2L,2013,400000,100000,Petrol,Individual,Manual,First Owner
690ac12a56d1bc009301bb18,Toyota Innova 2.5 G (Diesel) 8 Seater BS IV,2006,229999,300000,Diesel,Individual,Manual,First Owner
690ac12a56d1bc009301bb19,Mahindra KUV 100 mFALCON D75 K6,2016,430000,20000,Diesel,Individual,Manual,First Owner
690ac12a56d1bc009301bb1a,Renault Fluence 1.5,2012,300000,90000,Diesel,Individual,Manual,First Owner
690ac12a56d1bc009301bb1b,Fiat Linea Dynamic,2013,350000,70000,Petrol,Individual,Manual,First Owner
690ac12a56d1bc009301bb1c,Renault Duster 110PS Diesel RxZ,2013,450000,120000,Diesel,Individual,Manual,First Owner
690ac12a56d1bc009301bb1d,Renault KWID RXT,2016,200000,53000,Petrol,Individual,Manual,Second Owner
690ac12a56d1bc009301bb1e,Maruti Alto 800 LXI,2017,250000,30000,Petrol,Individual,Manual,First Owner
690ac12a56d1bc009301bb1f,Maruti Swift Dzire 1.2 Vxi BSIV,2012,368000,90000,Petrol,Individual,Manual,Second Owner
690ac12a56d1bc009301bb20,Maruti Swift Dzire 1.2 Vxi BSIV,2012,368000,90000,Petrol,Individual,Manual,Second Owner
690ac12a56d1bc009301bb21,Toyota Innova 2.5 GX (Diesel) 7 Seater,2014,650000,244000,Diesel,Individual,Manual,First Owner
690ac12a56d1bc009301bb22,Mahindra Jeep CL 500 MDI,1997,150000,120000,Diesel,Individual,Manual,Third Owner
690ac12a56d1bc009301bb23,Maruti Wagon R LXI DUO BS IV,2012,180000,60000,LPG,Individual,Manual,First Owner
690ac12a56d1bc009301bb24,Hyundai Grand i10 1.2 Kappa Sportz Option,2017,525000,15000,Petrol,Individual,Manual,First Owner
690ac12a56d1bc009301bb25,Ford Endeavour 4x4 XLT,2005,350000,150000,Diesel,Individual,Manual,Second Owner
690ac12a56d1bc009301bb26,Mahindra TUV 300 Plus P4,2018,850000,30000,Diesel,Individual,Manual,Second Owner
690ac12a56d1bc009301bb27,Volkswagen Jetta 2.0 TDI Comfortline,2011,350000,312000,Diesel,Individual,Manual,Third Owner
690ac12a56d1bc009301bb28,Maruti Esteem Lxi - BSIII,2007,75000,54000,Petrol,Individual,Manual,First Owner
690ac12a56d1bc009301bb29,Maruti Swift 1.3 VXi,2005,160000,67000,Petrol,Individual,Manual,First Owner
690ac12a56d1bc009301bb2a,Maruti Swift LDI Optional,2017,500000,40000,Diesel,Individual,Manual,First Owner
690ac12a56d1bc009301bb2b,Hyundai Santro Xing GLS,2008,130000,100000,Petrol,Individual,Manual,First Owner
690ac12a56d1bc009301bb2c,Tata Zest Quadrajet 1.3 75PS XE,2015,350000,100000,Diesel,Individual,Manual,Second Owner
690ac12a56d1bc009301bb2d,Maruti Wagon R LXI,2005,70000,80000,Petrol,Individual,Manual,First Owner
690ac12a56d1bc009301bb2e,Toyota Innova 2.5 G (Diesel) 7 Seater,2014,750000,145000,Diesel,Individual,Manual,Second Owner
690ac12a56d1bc009301bb2f,Honda Amaze VX i-DTEC,2013,450000,53000,Diesel,Individual,Manual,First Owner
690ac12a56d1bc009301bb30,Maruti Swift Dzire LDI,2015,430000,73000,Diesel,Individual,Manual,Third Owner
690ac12a56d1bc009301bb31,Maruti SX4 VDI,2011,260000,90000,Diesel,Individual,Manual,Third Owner
690ac12a56d1bc009301bb32,Maruti Swift VDI,2013,370000,80000,Diesel,Individual,Manual,Third Owner
690ac12a56d1bc009301bb33,Chevrolet Aveo 1.4 CNG,2011,229999,100000,CNG,Individual,Manual,First Owner
690ac12a56d1bc009301bb34,Ford Figo Diesel EXI,2011,140000,90000,Diesel,Individual,Manual,Third Owner
690ac12a56d1bc009301bb35,Toyota Innova 2.5 G (Diesel) 7 Seater,2013,700000,200000,Diesel,Individual,Manual,First Owner
690ac12a56d1bc009301bb36,Hyundai Elite i20 Magna Plus BSIV,2020,545000,7300,Petrol,Individual,Manual,First Owner
690ac12a56d1bc009301bb37,Datsun RediGO T Option,2017,200000,30000,Petrol,Individual,Manual,First Owner
690ac12a56d1bc009301bb38,Tata Safari Storme VX,2015,500000,120000,Diesel,Individual,Manual,First Owner
690ac12a56d1bc009301bb39,Maruti Alto LXi,2008,70000,90000,Petrol,Individual,Manual,Second Owner
690ac12a56d1bc009301bb3a,Mahindra Thar 4X4,2013,580000,25000,Diesel,Individual,Manual,Third Owner
690ac12a56d1bc009301bb3b,Maruti Eeco 5 STR With AC Plus HTR CNG,2012,160000,70000,CNG,Individual,Manual,Second Owner
690ac12a56d1bc009301bb3c,Hyundai Grand i10 1.2 Kappa Sportz BSIV,2018,450000,6000,Petrol,Individual,Manual,First Owner
690ac12a56d1bc009301bb3d,Maruti Alto LXi,2010,160000,36000,Petrol,Individual,Manual,First Owner
690ac12a56d1bc009301bb3e,Maruti Ertiga SHVS ZDI Plus,2016,760000,49000,Diesel,Individual,Manual,First Owner
690ac12a56d1bc009301bb3f,Hyundai EON Magna Optional,2015,300000,22000,Petrol,Individual,Manual,First Owner
690ac12a56d1bc009301bb40,Maruti Omni 5 Str STD LPG,1998,50000,35000,LPG,Individual,Manual,Second Owner
690ac12a56d1bc009301bb41,Mahindra Bolero 2011-2019 SLX,2019,800000,24000,Diesel,Individual,Manual,First Owner
690ac12a56d1bc009301bb42,Maruti Swift Dzire VDI,2018,680000,20000,Diesel,Individual,Manual,First Owner
690ac12a56d1bc009301bb43,Maruti 800 DUO AC LPG,2009,85000,50000,LPG,Individual,Manual,Second Owner
690ac12a56d1bc009301bb44,Toyota Innova Crysta 2.4 G MT BSIV,2016,1300000,70000,Diesel,Individual,Manual,First Owner
690ac12a56d1bc009301bb45,Maruti Swift VXI BSIV,2016,500000,60000,Petrol,Individual,Manual,First Owner
690ac12a56d1bc009301bb46,Audi Q5 2.0 TDI,2015,3500000,35000,Diesel,Individual,Automatic,First Owner
690ac12a56d1bc009301bb47,Hyundai Accent GLX,2008,145000,60000,Petrol,Individual,Manual,First Owner
690ac12a56d1bc009301bb48,Mahindra Quanto C6,2013,300000,60000,Diesel,Individual,Manual,First Owner
690ac12a56d1bc009301bb49,Maruti Swift VDI Optional,2017,600000,60000,Diesel,Individual,Manual,Second Owner
690ac12a56d1bc009301bb4a,Maruti Swift Dzire VXI,2015,400000,70000,Petrol,Individual,Manual,Second Owner
690ac12a56d1bc009301bb4b,Hyundai Santro Xing XK eRLX EuroIII,2007,130000,135000,Petrol,Individual,Manual,Second Owner
690ac12a56d1bc009301bb4c,Maruti 800 AC BSII,2001,45000,72539,Petrol,Individual,Manual,Second Owner
690ac12a56d1bc009301bb4d,Maruti Baleno Zeta 1.2,2017,641000,25000,Petrol,Individual,Manual,First Owner
690ac12a56d1bc009301bb4e,Maruti Swift Dzire VDI,2015,650000,50000,Diesel,Individual,Manual,First Owner
690ac12a56d1bc009301bb4f,Ford Freestyle Titanium Diesel,2020,784000,101,Diesel,Dealer,Manual,Test Drive Car
690ac12a56d1bc009301bb50,Ford Figo Titanium,2020,635000,101,Petrol,Dealer,Manual,Test Drive Car
690ac12a56d1bc009301bb51,Ford Ecosport 1.5 Diesel Titanium,2020,1000000,101,Diesel,Dealer,Manual,Test Drive Car
690ac12a56d1bc009301bb52,Ford Figo 1.5D Titanium Opt MT,2015,495000,52328,Diesel,Dealer,Manual,First Owner
690ac12a56d1bc009301bb53,Hyundai Santro Xing GLS,2013,324000,30000,Petrol,Individual,Manual,First Owner
690ac12a56d1bc009301bb54,Ford Endeavour 3.2 Titanium AT 4X4,2016,2100000,91505,Diesel,Dealer,Automatic,First Owner
690ac12a56d1bc009301bb55,Maruti Alto 800 LXI,2018,200000,35000,Petrol,Individual,Manual,First Owner
690ac12a56d1bc009301bb56,Maruti Swift Dzire VDI,2015,320000,60000,Diesel,Individual,Manual,First Owner
690ac12a56d1bc009301bb57,Hyundai EON Magna Optional,2015,300000,20500,Petrol,Individual,Manual,First Owner
690ac12a56d1bc009301bb58,Tata Indica Vista Quadrajet LX,2013,180000,200000,Diesel,Individual,Manual,First Owner
690ac12a56d1bc009301bb59,Toyota Innova 2.5 V Diesel 8-seater,2008,500000,154000,Diesel,Individual,Manual,Third Owner
690ac12a56d1bc009301bb5a,Toyota Etios VX,2011,305000,120000,Petrol,Individual,Manual,Second Owner
690ac12a56d1bc009301bb5b,Maruti 800 AC,2009,125000,50000,Petrol,Individual,Manual,Fourth & Above Owner
690ac12a56d1bc009301bb5c,Maruti Swift Dzire ZDI,2015,800000,135000,Diesel,Individual,Manual,First Owner
690ac12a56d1bc009301bb5d,Mahindra Scorpio SLE BSIV,2009,420000,100000,Diesel,Individual,Manual,First Owner
690ac12a56d1bc009301bb5e,Maruti Vitara Brezza ZDi Plus,2017,875000,40000,Diesel,Individual,Manual,First Owner
690ac12a56d1bc009301bb5f,Maruti Swift Dzire ZDI,2014,580000,70000,Diesel,Individual,Manual,First Owner
690ac12a56d1bc009301bb60,Maruti Swift Ldi BSIV,2011,350000,133000,Diesel,Individual,Manual,Second Owner
690ac12a56d1bc009301bb61,Hyundai Accent GLS,2004,120000,110000,Petrol,Individual,Manual,Second Owner
690ac12a56d1bc009301bb62,Tata Indica Vista TDI LS,2013,150000,180000,Diesel,Individual,Manual,Third Owner
690ac12a56d1bc009301bb63,Renault Duster 110PS Diesel RxZ,2013,650000,120000,Diesel,Individual,Manual,First Owner
690ac12a56d1bc009301bb64,Maruti Alto K10 2010-2014 VXI,2010,225000,80000,Petrol,Individual,Manual,Second Owner
690ac12a56d1bc009301bb65,Honda Amaze S AT i-Vtech,2014,400000,15000,Petrol,Individual,Automatic,First Owner
690ac12a56d1bc009301bb66,Hyundai Getz GLS,2005,250000,70000,Petrol,Individual,Manual,First Owner
690ac12a56d1bc009301bb67,Hyundai Santro Xing GL Plus,2008,120000,41723,Petrol,Individual,Manual,Second Owner
690ac12a56d1bc009301bb68,Maruti SX4 Vxi BSIV,2010,250000,70000,Petrol,Individual,Manual,First Owner
690ac12a56d1bc009301bb69,Maruti Alto K10 LXI,2012,175000,20000,Petrol,Individual,Manual,Second Owner
690ac12a56d1bc009301bb6a,Renault Duster 85PS Diesel RxL,2013,450000,1000,Diesel,Dealer,Manual,Second Owner
690ac12a56d1bc009301bb6b,Maruti Ignis 1.3 Delta,2018,590000,26350,Diesel,Dealer,Manual,First Owner
690ac12a56d1bc009301bb6c,Tata Indigo CS LX (TDI) BS-III,2015,225000,68745,Diesel,Dealer,Manual,First Owner
690ac12a56d1bc009301bb6d,Mahindra XUV500 W6 2WD,2016,900000,47000,Diesel,Individual,Manual,First Owner
690ac12a56d1bc009301bb6e,Maruti Alto K10 VXI AGS,2017,375000,27289,Petrol,Dealer,Automatic,First Owner
690ac12a56d1bc009301bb6f,Hyundai EON Era Plus,2016,320000,24662,Petrol,Dealer,Manual,First Owner
690ac12a56d1bc009301bb70,Maruti Swift Dzire VDI,2013,525000,37000,Diesel,Dealer,Manual,First Owner
690ac12a56d1bc009301bb71,Nissan Evalia XV,2014,650000,28245,Diesel,Dealer,Manual,First Owner
690ac12a56d1bc009301bb72,Hyundai Grand i10 1.2 CRDi Sportz Option,2017,575000,27005,Diesel,Dealer,Manual,First Owner
690ac12a56d1bc009301bb73,Hyundai i10 Magna,2014,355000,39227,Petrol,Dealer,Manual,First Owner
690ac12a56d1bc009301bb74,Mahindra KUV 100 D75 K4 Plus 5Str,2016,470000,31367,Diesel,Dealer,Manual,First Owner
690ac12a56d1bc009301bb75,Maruti Wagon R LXI,2008,221000,35008,Petrol,Dealer,Manual,First Owner
690ac12a56d1bc009301bb76,Hyundai Santro Xing GLS,2009,195000,27005,Petrol,Dealer,Manual,First Owner
690ac12a56d1bc009301bb77,Hyundai Santro Xing XG,2004,90000,100005,Petrol,Dealer,Manual,Second Owner
690ac12a56d1bc009301bb78,Hyundai Verna SX Diesel,2013,580000,45264,Diesel,Dealer,Manual,First Owner
690ac12a56d1bc009301bb79,Maruti Eeco 7 Seater Standard BSIV,2014,325000,39093,Petrol,Dealer,Manual,First Owner
690ac12a56d1bc009301bb7a,Honda City Corporate Edition,2013,495000,45241,Petrol,Dealer,Manual,First Owner
690ac12a56d1bc009301bb7b,Hyundai EON Era,2014,290000,12000,Petrol,Dealer,Manual,First Owner
690ac12a56d1bc009301bb7c,Datsun RediGO 1.0 T Option,2018,375000,2769,Petrol,Dealer,Manual,First Owner
690ac12a56d1bc009301bb7d,Tata Indica Vista TDI LS,2011,211000,43128,Diesel,Dealer,Manual,First Owner
690ac12a56d1bc009301bb7e,Hyundai i20 Asta,2010,270000,110000,Petrol,Individual,Manual,Second Owner
690ac12a56d1bc009301bb7f,Maruti Alto LXI,2004,70000,50000,Petrol,Individual,Manual,Second Owner
690ac12a56d1bc009301bb80,Hyundai i10 Magna 1.2,2010,225000,60000,Petrol,Individual,Manual,Second Owner
690ac12a56d1bc009301bb81,Mahindra Scorpio LX,2014,420000,70000,Diesel,Individual,Manual,Third Owner
690ac12a56d1bc009301bb82,Chevrolet Sail Hatchback 1.2 LS,2015,280000,22255,Petrol,Individual,Manual,First Owner
690ac12a56d1bc009301bb83,Hyundai i20 Sportz 1.2,2013,400000,59213,Petrol,Individual,Manual,First Owner
690ac12a56d1bc009301bb84,Mahindra XUV500 W6 2WD,2015,850000,55000,Diesel,Individual,Manual,First Owner
690ac12a56d1bc009301bb85,Ford Fiesta Titanium 1.5 TDCi,2011,550000,80000,Diesel,Individual,Manual,First Owner
690ac12a56d1bc009301bb86,Ford Fiesta Titanium 1.5 TDCi,2011,550000,80000,Diesel,Individual,Manual,First Owner
690ac12a56d1bc009301bb87,Renault Captur 1.5 Diesel RXT Mono,2018,1000000,40000,Diesel,Individual,Manual,First Owner
690ac12a56d1bc009301bb88,Mahindra Xylo D2 Maxx,2014,350000,170000,Diesel,Individual,Manual,First Owner
690ac12a56d1bc009301bb89,Tata New Safari DICOR 2.2 EX 4x2,2011,350000,170000,Diesel,Individual,Manual,Second Owner
690ac12a56d1bc009301bb8a,Honda Civic 1.8 S MT,2007,170000,70000,Petrol,Individual,Manual,Third Owner
690ac12a56d1bc009301bb8b,Ford Aspire Titanium BSIV,2020,828999,1010,Petrol,Dealer,Manual,Test Drive Car
690ac12a56d1bc009301bb8c,Ford EcoSport 1.5 Ti VCT MT Titanium BE BSIV,2020,1119000,1010,Petrol,Dealer,Manual,Test Drive Car
690ac12a56d1bc009301bb8d,Ford Figo Titanium,2020,746000,1111,Petrol,Dealer,Manual,Test Drive Car
690ac12a56d1bc009301bb8e,Ford Ecosport 1.5 Petrol Trend,2020,1030000,1010,Petrol,Dealer,Manual,Test Drive Car
690ac12a56d1bc009301bb8f,Ford EcoSport 1.5 TDCi Titanium Plus BSIV,2020,1334000,1010,Diesel,Dealer,Manual,Test Drive Car
690ac12a56d1bc009301bb90,Ford Freestyle Titanium,2020,811999,1010,Petrol,Dealer,Manual,Test Drive Car
690ac12a56d1bc009301bb91,Ford Ecosport Thunder Edition Diesel,2020,1331000,1010,Diesel,Dealer,Manual,Test Drive Car
690ac12a56d1bc009301bb92,Ford Freestyle Titanium Plus,2020,852000,1010,Petrol,Dealer,Manual,Test Drive Car
690ac12a56d1bc009301bb93,Tata Indica DLE,2006,45000,120000,Diesel,Individual,Manual,Second Owner
690ac12a56d1bc009301bb94,Renault Duster 85PS Diesel RxL Optional,2013,430000,70000,Diesel,Individual,Manual,Third Owner
690ac12a56d1bc009301bb95,Tata Indigo LX,2011,140000,60000,Diesel,Individual,Manual,Second Owner
690ac12a56d1bc009301bb96,Mahindra Scorpio S2 9 Seater,2015,830000,70000,Diesel,Individual,Manual,First Owner
690ac12a56d1bc009301bb97,Mahindra Scorpio VLS 2.2 mHawk,2009,409999,110000,Diesel,Individual,Manual,Second Owner
690ac12a56d1bc009301bb98,Maruti Swift VDI,2012,190000,80000,Diesel,Individual,Manual,Third Owner
690ac12a56d1bc009301bb99,Honda Accord VTi-L (MT),2007,200000,80000,Petrol,Individual,Manual,Second Owner
690ac12a56d1bc009301bb9a,Hyundai Accent GLX,2006,120000,110000,Petrol,Individual,Manual,Second Owner
690ac12a56d1bc009301bb9b,Mahindra Bolero Power Plus Plus AC BSIV PS,2019,850000,50000,Diesel,Individual,Manual,First Owner
690ac12a56d1bc009301bb9c,Tata Indigo CS LE (TDI) BS-III,2011,95000,115000,Diesel,Individual,Manual,Fourth & Above Owner
690ac12a56d1bc009301bb9d,Maruti Wagon R LXI BS IV,2013,213000,80000,Petrol,Individual,Manual,First Owner
690ac12a56d1bc009301bb9e,Volkswagen Ameo 1.5 TDI Highline Plus 16,2018,660000,25000,Diesel,Individual,Manual,First Owner
690ac12a56d1bc009301bb9f,Nissan Micra XL,2017,415000,48965,Petrol,Dealer,Manual,First Owner
690ac12a56d1bc009301bba0,Ford Ecosport 1.5 Petrol Titanium Plus,2019,1100000,5166,Petrol,Dealer,Manual,Test Drive Car
690ac12a56d1bc009301bba1,Mahindra XUV500 W8 4WD,2012,650000,76290,Diesel,Dealer,Manual,First Owner
690ac12a56d1bc009301bba2,Mahindra XUV500 AT W10 AWD,2016,969999,70000,Diesel,Individual,Automatic,Second Owner
690ac12a56d1bc009301bba3,Mahindra XUV500 W10 2WD,2016,1250000,35000,Diesel,Individual,Manual,First Owner
690ac12a56d1bc009301bba4,Maruti Swift Dzire AMT VDI,2017,715000,25000,Diesel,Individual,Automatic,First Owner
690ac12a56d1bc009301bba5,Maruti Swift Dzire AMT VDI,2017,715000,25000,Diesel,Individual,Automatic,First Owner
690ac12a56d1bc009301bba6,Maruti Swift VDI,2016,565000,47000,Diesel,Dealer,Manual,First Owner
690ac12a56d1bc009301bba7,Mahindra Thar 4X4,2013,615000,45766,Diesel,Individual,Manual,Second Owner
690ac12a56d1bc009301bba8,Tata New Safari 4X4,2007,199000,78771,Diesel,Dealer,Manual,Second Owner
690ac12a56d1bc009301bba9,Maruti Swift Vdi BSIII,2010,325000,79357,Diesel,Dealer,Manual,First Owner
690ac12a56d1bc009301bbaa,Ford Figo Diesel EXI,2012,409999,28000,Diesel,Individual,Manual,First Owner
690ac12a56d1bc009301bbab,Hyundai Verna SX CRDi AT,2012,500000,72000,Diesel,Dealer,Automatic,Second Owner
690ac12a56d1bc009301bbac,Ford Figo Diesel LXI,2011,225000,76736,Diesel,Dealer,Manual,Second Owner
690ac12a56d1bc009301bbad,Maruti Alto LX BSIII,2007,135000,70000,Petrol,Individual,Manual,Second Owner
690ac12a56d1bc009301bbae,Renault Koleos 2.0 Diesel,2012,750000,80000,Diesel,Individual,Automatic,Second Owner
690ac12a56d1bc009301bbaf,Maruti Wagon R LXI DUO BSIII,2009,155000,60000,LPG,Individual,Manual,Second Owner
690ac12a56d1bc009301bbb0,Volkswagen Polo Diesel Highline 1.2L,2012,335000,77000,Diesel,Dealer,Manual,Third Owner
690ac12a56d1bc009301bbb1,Ford Ikon 1.8 D,2005,114999,92645,Diesel,Dealer,Manual,Fourth & Above Owner
690ac12a56d1bc009301bbb2,Mercedes-Benz New C-Class 200 CDI Classic,2007,699000,101849,Diesel,Dealer,Manual,Second Owner
690ac12a56d1bc009301bbb3,Mahindra Bolero DI,2004,110000,120000,Diesel,Individual,Manual,Fourth & Above Owner
690ac12a56d1bc009301bbb4,Hyundai i20 Asta 1.2,2012,300000,80000,Petrol,Individual,Manual,First Owner
690ac12a56d1bc009301bbb5,Mahindra Scorpio S4 4WD,2014,700000,70000,Diesel,Individual,Manual,Second Owner
690ac12a56d1bc009301bbb6,Maruti Ertiga SHVS LDI Option,2017,700000,120000,Diesel,Individual,Manual,First Owner
690ac12a56d1bc009301bbb7,Maruti Alto 800 LXI,2013,210000,42000,Petrol,Individual,Manual,Third Owner
690ac12a56d1bc009301bbb8,Maruti Ertiga VDI,2012,600000,120000,Diesel,Individual,Manual,Third Owner
690ac12a56d1bc009301bbb9,Tata Manza Aura (ABS) Quadrajet BS IV,2012,180000,155836,Diesel,Individual,Manual,Second Owner
690ac12a56d1bc009301bbba,Maruti Wagon R VXi BSII,2011,220000,59000,Petrol,Individual,Manual,Second Owner
690ac12a56d1bc009301bbbb,Chevrolet Spark 1.0 LT,2009,70000,60000,Petrol,Individual,Manual,First Owner
690ac12a56d1bc009301bbbc,Hyundai Creta 1.4 CRDi Base,2018,950000,70000,Diesel,Individual,Manual,Second Owner
690ac12a56d1bc009301bbbd,Ford Fiesta 1.5 TDCi Ambiente,2014,800000,20000,Diesel,Individual,Manual,First Owner
690ac12a56d1bc009301bbbe,Mahindra XUV500 W8 4WD,2012,700000,120000,Diesel,Individual,Manual,Third Owner
690ac12a56d1bc009301bbbf,Renault KWID 1.0,2016,265000,40000,Petrol,Individual,Manual,First Owner
690ac12a56d1bc009301bbc0,Volkswagen Polo Diesel Trendline 1.2L,2011,175000,90000,Diesel,Individual,Manual,Third Owner
690ac12a56d1bc009301bbc1,Mahindra Quanto C6,2012,260000,89000,Diesel,Individual,Manual,Second Owner
690ac12a56d1bc009301bbc2,Toyota Innova 2.5 VX (Diesel) 7 Seater,2013,950000,80000,Diesel,Individual,Manual,Third Owner
690ac12a56d1bc009301bbc3,Maruti Swift Vdi BSIII,2009,250000,200000,Diesel,Individual,Manual,Fourth & Above Owner
690ac12a56d1bc009301bbc4,Mahindra Scorpio S10 7 Seater,2015,630000,50000,Diesel,Individual,Manual,First Owner
690ac12a56d1bc009301bbc5,Tata Nano LX SE,2012,35000,35000,Petrol,Individual,Manual,Third Owner
690ac12a56d1bc009301bbc6,Renault Duster 85PS Diesel RxL,2013,450000,1000,Diesel,Dealer,Manual,Second Owner
690ac12a56d1bc009301bbc7,Mercedes-Benz C-Class Progressive C 220d,2018,3800000,10000,Diesel,Dealer,Automatic,First Owner
690ac12a56d1bc009301bbc8,Audi A4 3.0 TDI Quattro,2013,1580000,86000,Diesel,Dealer,Automatic,First Owner
690ac12a56d1bc009301bbc9,BMW X5 xDrive 30d xLine,2019,4950000,30000,Diesel,Dealer,Automatic,First Owner
690ac12a56d1bc009301bbca,Hyundai Creta 1.6 CRDi SX,2016,535000,52600,Diesel,Individual,Manual,First Owner
690ac12a56d1bc009301bbcb,Maruti SX4 Vxi BSIV,2012,225000,110000,Petrol,Individual,Manual,Second Owner
690ac12a56d1bc009301bbcc,Hyundai Grand i10 1.2 Kappa Magna AT,2017,550000,19890,Petrol,Dealer,Automatic,First Owner
690ac12a56d1bc009301bbcd,Maruti Swift ZXI BSIV,2016,670000,7104,Petrol,Trustmark Dealer,Manual,First Owner
690ac12a56d1bc009301bbce,Maruti Ertiga VXI,2015,625000,11918,Petrol,Trustmark Dealer,Manual,First Owner
690ac12a56d1bc009301bbcf,Hyundai Grand i10 Magna AT,2017,520000,10510,Petrol,Dealer,Automatic,First Owner
690ac12a56d1bc009301bbd0,Chevrolet Beat LT Option,2016,239000,41000,Petrol,Dealer,Manual,First Owner
690ac12a56d1bc009301bbd1,Toyota Fortuner 4x2 AT,2017,2600000,47162,Diesel,Trustmark Dealer,Automatic,First Owner
690ac12a56d1bc009301bbd2,Maruti S-Cross Zeta DDiS 200 SH,2015,750000,45974,Diesel,Trustmark Dealer,Manual,First Owner
690ac12a56d1bc009301bbd3,Hyundai i10 Magna,2012,229999,49824,Petrol,Dealer,Manual,First Owner
690ac12a56d1bc009301bbd4,Audi A6 2.0 TDI Premium Plus,2013,1300000,58500,Diesel,Dealer,Automatic,First Owner
690ac12a56d1bc009301bbd5,Hyundai Santro GS,2005,80000,56580,Petrol,Dealer,Manual,First Owner
690ac12a56d1bc009301bbd6,Skoda Laura Ambiente 2.0 TDI CR MT,2012,385000,52000,Diesel,Dealer,Manual,First Owner
690ac12a56d1bc009301bbd7,Hyundai Verna 1.6 VTVT SX,2015,760000,55340,Petrol,Trustmark Dealer,Manual,First Owner
690ac12a56d1bc009301bbd8,Maruti Swift Dzire VDI,2017,600000,46507,Diesel,Trustmark Dealer,Manual,First Owner
690ac12a56d1bc009301bbd9,Chevrolet Enjoy TCDi LS 8 Seater,2014,330000,200000,Diesel,Individual,Manual,Third Owner
690ac12a56d1bc009301bbda,Maruti Alto LXi,2009,150000,120000,Petrol,Individual,Manual,First Owner
690ac12a56d1bc009301bbdb,Tata Indigo LS,2008,105000,90000,Diesel,Individual,Manual,First Owner
690ac12a56d1bc009301bbdc,Tata Indica Vista TDI LX,2013,185000,65000,Diesel,Individual,Manual,First Owner
690ac12a56d1bc009301bbdd,Fiat Grande Punto EVO 1.3 Active,2014,260000,50000,Diesel,Individual,Manual,First Owner
690ac12a56d1bc009301bbde,Maruti Swift Dzire VDi,2012,450000,33000,Diesel,Individual,Manual,First Owner
690ac12a56d1bc009301bbdf,Maruti Swift VXI Deca,2016,500000,38000,Petrol,Individual,Manual,First Owner
690ac12a56d1bc009301bbe0,Maruti Alto K10 2010-2014 VXI,2012,260000,40000,Petrol,Individual,Manual,First Owner
690ac12a56d1bc009301bbe1,Volkswagen Polo Diesel Trendline 1.2L,2012,265000,55000,Diesel,Individual,Manual,Second Owner
690ac12a56d1bc009301bbe2,Mahindra Thar CRDe,2017,800000,26000,Diesel,Individual,Manual,Second Owner
690ac12a56d1bc009301bbe3,Tata Safari Storme VX Varicor 400,2016,869999,80000,Diesel,Individual,Manual,First Owner
690ac12a56d1bc009301bbe4,Maruti Baleno Alpha 1.2,2018,690000,40000,Petrol,Individual,Manual,First Owner
690ac12a56d1bc009301bbe5,Mitsubishi Pajero 2.8 SFX BSIV Dual Tone,2011,825000,120000,Diesel,Individual,Manual,First Owner
690ac12a56d1bc009301bbe6,Maruti Alto LX BSIII,2006,160000,63230,Petrol,Individual,Manual,Second Owner
690ac12a56d1bc009301bbe7,Mahindra Scorpio 2.6 SLX CRDe,2006,300000,120000,Diesel,Individual,Manual,Second Owner
690ac12a56d1bc009301bbe8,Maruti Wagon R VXI,2005,100000,100000,Petrol,Individual,Manual,Third Owner
690ac12a56d1bc009301bbe9,Hyundai i20 Asta 1.4 CRDi,2015,530000,77000,Diesel,Individual,Manual,Second Owner
690ac12a56d1bc009301bbea,Maruti Swift VXI Optional,2016,360000,30000,Petrol,Individual,Manual,First Owner
690ac12a56d1bc009301bbeb,Maruti Swift 1.2 DLX,2015,220000,40000,Petrol,Individual,Manual,First Owner
690ac12a56d1bc009301bbec,Maruti Alto 800 LXI,2017,178000,35000,Petrol,Individual,Manual,First Owner
690ac12a56d1bc009301bbed,Mahindra Thar DI 4X2,2018,515000,5000,Diesel,Individual,Manual,First Owner
690ac12a56d1bc009301bbee,Maruti Ritz VXi,2014,300000,35000,Petrol,Individual,Manual,First Owner
690ac12a56d1bc009301bbef,Tata Indigo LS,2008,105000,90000,Diesel,Individual,Manual,First Owner
690ac12a56d1bc009301bbf0,Tata Indica Vista TDI LX,2013,185000,65000,Diesel,Individual,Manual,First Owner
690ac12a56d1bc009301bbf1,Tata Indica Vista Quadrajet LS,2012,150000,80000,Diesel,Individual,Manual,Second Owner
690ac12a56d1bc009301bbf2,Fiat Grande Punto EVO 1.3 Active,2014,260000,50000,Diesel,Individual,Manual,First Owner
690ac12a56d1bc009301bbf3,Maruti Swift Dzire VDi,2012,450000,33000,Diesel,Individual,Manual,First Owner
690ac12a56d1bc009301bbf4,Maruti Swift VXI Deca,2016,500000,38000,Petrol,Individual,Manual,First Owner
690ac12a56d1bc009301bbf5,Maruti Alto K10 2010-2014 VXI,2012,260000,40000,Petrol,Individual,Manual,First Owner
690ac12a56d1bc009301bbf6,Volkswagen Polo Diesel Trendline 1.2L,2012,265000,55000,Diesel,Individual,Manual,Second Owner
690ac12a56d1bc009301bbf7,Tata Nexon 1.2 Revotron XZ Plus Dual Tone,2017,750000,15000,Petrol,Individual,Manual,First Owner
690ac12a56d1bc009301bbf8,Mahindra Thar CRDe,2017,800000,26000,Diesel,Individual,Manual,Second Owner
690ac12a56d1bc009301bbf9,Tata Safari Storme VX Varicor 400,2016,869999,80000,Diesel,Individual,Manual,First Owner
690ac12a56d1bc009301bbfa,Toyota Innova 2.5 G1 BSIV,2012,950000,80000,Diesel,Individual,Manual,First Owner
690ac12a56d1bc009301bbfb,Maruti Baleno Alpha 1.2,2018,690000,40000,Petrol,Individual,Manual,First Owner
690ac12a56d1bc009301bbfc,Mitsubishi Pajero 2.8 SFX BSIV Dual Tone,2011,825000,120000,Diesel,Individual,Manual,First Owner
690ac12a56d1bc009301bbfd,Maruti 800 Std,2013,170000,70000,Petrol,Individual,Manual,First Owner
690ac12a56d1bc009301bbfe,Maruti Alto LX BSIII,2006,160000,63230,Petrol,Individual,Manual,Second Owner
690ac12a56d1bc009301bbff,Mahindra Scorpio 2.6 SLX CRDe,2006,300000,120000,Diesel,Individual,Manual,Second Owner
690ac12a56d1bc009301bc00,Datsun GO Plus A,2015,315000,45000,Petrol,Individual,Manual,Second Owner
690ac12a56d1bc009301bc01,Maruti 800 Std BSII,2006,90000,40000,Petrol,Individual,Manual,Second Owner
690ac12a56d1bc009301bc02,Maruti Wagon R VXI,2005,100000,100000,Petrol,Individual,Manual,Third Owner
690ac12a56d1bc009301bc03,Tata Indica GLS BS IV,2008,65000,110000,Petrol,Individual,Manual,Third Owner
690ac12a56d1bc009301bc04,Hyundai Verna 1.6 CRDI,2012,312000,90000,Diesel,Individual,Manual,Second Owner
690ac12a56d1bc009301bc05,Maruti Vitara Brezza LDi,2018,700000,25000,Diesel,Individual,Manual,First Owner
690ac12a56d1bc009301bc06,Hyundai Santro Xing XL eRLX Euro III,2005,150000,47000,Petrol,Individual,Manual,First Owner
690ac12a56d1bc009301bc07,Renault Fluence 1.5,2013,450000,60000,Diesel,Individual,Manual,First Owner
690ac12a56d1bc009301bc08,Hyundai Verna Transform CRDi VGT ABS,2010,229999,120000,Diesel,Individual,Manual,Second Owner
690ac12a56d1bc009301bc09,Maruti Swift Ldi BSIII,2008,111000,120000,Diesel,Individual,Manual,First Owner
690ac12a56d1bc009301bc0a,Maruti Swift Dzire VDi,2012,250000,140000,Diesel,Individual,Manual,Second Owner
690ac12a56d1bc009301bc0b,Ford Freestyle Titanium Plus Diesel,2019,750000,1001,Diesel,Dealer,Manual,First Owner
690ac12a56d1bc009301bc0c,Ford Figo 1.5P Titanium AT,2017,774000,1758,Petrol,Dealer,Automatic,First Owner
690ac12a56d1bc009301bc0d,Ford Figo 1.5P Titanium AT,2018,711000,1452,Petrol,Dealer,Automatic,First Owner
690ac12a56d1bc009301bc0e,Ford Figo 1.5D Titanium MT,2017,600000,35122,Diesel,Dealer,Manual,First Owner
690ac12a56d1bc009301bc0f,Maruti Swift Dzire VDI,2015,455000,92621,Diesel,Dealer,Manual,First Owner
690ac12a56d1bc009301bc10,Datsun GO T Petrol,2015,225000,92198,Petrol,Dealer,Manual,Second Owner
690ac12a56d1bc009301bc11,Maruti Swift Dzire VDI,2019,650000,5000,Diesel,Individual,Manual,First Owner
690ac12a56d1bc009301bc12,Chevrolet Beat LT,2013,200000,50000,Petrol,Individual,Manual,First Owner
690ac12a56d1bc009301bc13,Hyundai Creta 1.6 CRDi AT SX Plus,2016,875000,74000,Diesel,Individual,Automatic,First Owner
690ac12a56d1bc009301bc14,Skoda Rapid 1.5 TDI AT Ambition BSIV,2017,750000,40000,Diesel,Individual,Automatic,First Owner
690ac12a56d1bc009301bc15,Maruti Swift Dzire AMT VDI,2019,725000,22000,Diesel,Individual,Automatic,First Owner
690ac12a56d1bc009301bc16,Maruti Alto LXi,2007,100000,100000,Petrol,Individual,Manual,Second Owner
690ac12a56d1bc009301bc17,Tata Hexa XT,2019,1100000,40000,Diesel,Individual,Manual,First Owner
690ac12a56d1bc009301bc18,Ford Endeavour 3.2 Titanium AT 4X4,2017,2700000,30000,Diesel,Individual,Automatic,First Owner
690ac12a56d1bc009301bc19,Renault KWID RXT Optional,2016,280000,23000,Petrol,Individual,Manual,First Owner
690ac12a56d1bc009301bc1a,Tata Indica Vista Aqua TDI BSIII,2009,150000,30000,Diesel,Individual,Manual,First Owner
690ac12a56d1bc009301bc1b,Tata Manza Aura Safire,2010,200000,50000,Petrol,Individual,Manual,First Owner
690ac12a56d1bc009301bc1c,Maruti Ritz VDi,2010,148000,100000,Diesel,Individual,Manual,Second Owner
690ac12a56d1bc009301bc1d,Maruti Swift Dzire VXi,2011,254999,70000,Petrol,Individual,Manual,Second Owner
690ac12a56d1bc009301bc1e,Maruti Swift Dzire ZXI,2013,360000,60000,Petrol,Individual,Manual,Second Owner
690ac12a56d1bc009301bc1f,Maruti Alto LX,2006,95000,90000,Petrol,Individual,Manual,Second Owner
690ac12a56d1bc009301bc20,Mahindra Bolero SLE BSIII,2007,185000,230000,Diesel,Individual,Manual,Second Owner
690ac12a56d1bc009301bc21,Tata Indica Vista Quadrajet VX,2012,185000,40000,Diesel,Individual,Manual,First Owner
690ac12a56d1bc009301bc22,Renault KWID RXL,2019,300000,15000,Petrol,Individual,Manual,First Owner
690ac12a56d1bc009301bc23,Hyundai Verna VTVT 1.6 SX,2018,800000,40000,Petrol,Individual,Manual,First Owner
690ac12a56d1bc009301bc24,Maruti Zen LX,2000,60000,50000,Petrol,Individual,Manual,First Owner
690ac12a56d1bc009301bc25,Fiat Punto 1.2 Active,2010,80000,50000,Petrol,Individual,Manual,Second Owner
690ac12a56d1bc009301bc26,Hyundai Xcent 1.2 VTVT S,2018,500000,8000,Petrol,Individual,Manual,First Owner
690ac12a56d1bc009301bc27,Hyundai EON Era Plus,2013,250000,35000,Petrol,Individual,Manual,First Owner
690ac12a56d1bc009301bc28,Tata New Safari DICOR 2.2 EX 4x2,2010,250000,80000,Diesel,Individual,Manual,First Owner
690ac12a56d1bc009301bc29,Maruti Wagon R LXI BSIII,2005,125000,50000,Petrol,Individual,Manual,Second Owner
690ac12a56d1bc009301bc2a,Maruti Alto LXi BSII,2002,100000,80000,Petrol,Individual,Manual,Fourth & Above Owner
690ac12a56d1bc009301bc2b,Mahindra Scorpio M2DI,2010,480000,90000,Diesel,Individual,Manual,First Owner
690ac12a56d1bc009301bc2c,Mahindra KUV 100 G80 K2,2018,320000,30000,Petrol,Individual,Manual,Second Owner
690ac12a56d1bc009301bc2d,Maruti A-Star Vxi,2010,130000,70000,Petrol,Individual,Manual,Second Owner
690ac12a56d1bc009301bc2e,Tata Indica DLS,2006,57000,80000,Diesel,Individual,Manual,Second Owner
690ac12a56d1bc009301bc2f,Hyundai Santro GLS I - Euro I,2005,75000,60000,Petrol,Individual,Manual,First Owner
690ac12a56d1bc009301bc30,Maruti 800 DX,2003,60000,35000,Petrol,Individual,Manual,First Owner
690ac12a56d1bc009301bc31,Maruti Alto LXi BSIII,2008,125000,70000,Petrol,Individual,Manual,First Owner
690ac12a56d1bc009301bc32,Honda City 1.5 EXI S,2004,105000,100000,Petrol,Individual,Manual,Third Owner
690ac12a56d1bc009301bc33,Maruti Wagon R LXI DUO BSIII,2008,125000,152000,LPG,Individual,Manual,Second Owner
690ac12a56d1bc009301bc34,Maruti Zen LXI,1998,69000,70000,Petrol,Individual,Manual,Second Owner
690ac12a56d1bc009301bc35,Tata Indigo LX,2012,130000,90000,Diesel,Individual,Manual,Second Owner
690ac12a56d1bc009301bc36,Maruti Baleno Zeta 1.2,2019,630000,40000,Petrol,Individual,Manual,First Owner
690ac12a56d1bc009301bc37,Honda Amaze E i-VTEC,2016,330000,50000,Petrol,Individual,Manual,Second Owner
690ac12a56d1bc009301bc38,Maruti Wagon R VXI BS IV,2014,340000,15000,Petrol,Individual,Manual,Second Owner
690ac12a56d1bc009301bc39,Hyundai Santro Xing XG eRLX Euro III,2006,60000,120000,Petrol,Individual,Manual,Third Owner
690ac12a56d1bc009301bc3a,Tata Safari Storme EX,2014,550000,78322,Diesel,Individual,Manual,First Owner
690ac12a56d1bc009301bc3b,Maruti Ertiga VDI,2014,480000,110000,Diesel,Individual,Manual,Second Owner
690ac12a56d1bc009301bc3c,Hyundai Verna 1.6 SX CRDi (O),2013,315000,80000,Diesel,Individual,Manual,Second Owner
690ac12a56d1bc009301bc3d,Ford Fiesta Titanium 1.5 TDCi,2012,165000,120000,Diesel,Individual,Manual,First Owner
690ac12a56d1bc009301bc3e,Chevrolet Beat LS,2016,170000,125000,Petrol,Individual,Manual,First Owner
690ac12a56d1bc009301bc3f,Maruti Baleno Delta 1.2,2018,550000,8000,Petrol,Individual,Manual,First Owner
690ac12a56d1bc009301bc40,Volkswagen Ameo 1.2 MPI Trendline,2018,465000,13000,Petrol,Individual,Manual,First Owner
690ac12a56d1bc009301bc41,Tata Indica Vista Quadrajet LX,2012,120000,80000,Diesel,Individual,Manual,Third Owner
690ac12a56d1bc009301bc42,Hyundai Verna 1.6 Xi ABS,2008,220000,54309,Petrol,Individual,Manual,First Owner
690ac12a56d1bc009301bc43,Ford Figo Diesel LXI,2011,180000,70000,Diesel,Individual,Manual,Second Owner
690ac12a56d1bc009301bc44,Chevrolet Aveo 1.6 LT,2006,150000,34600,Petrol,Individual,Manual,Third Owner
690ac12a56d1bc009301bc45,Tata Zest Revotron 1.2T XMS,2016,520000,25000,Petrol,Individual,Manual,First Owner
690ac12a56d1bc009301bc46,Tata Safari Storme EX,2013,430000,80000,Diesel,Individual,Manual,Third Owner
690ac12a56d1bc009301bc47,Mahindra Bolero DI DX 8 Seater,2009,300000,55000,Diesel,Individual,Manual,Second Owner
690ac12a56d1bc009301bc48,Hyundai Venue SX Opt Diesel,2020,1000000,5000,Diesel,Individual,Manual,First Owner
690ac12a56d1bc009301bc49,Honda WR-V i-DTEC VX,2017,725000,30000,Diesel,Individual,Manual,First Owner
690ac12a56d1bc009301bc4a,Hyundai Verna 1.4 EX,2011,500000,31000,Diesel,Individual,Manual,First Owner
690ac12a56d1bc009301bc4b,Maruti Wagon R LXI BS IV,2011,250000,50000,Petrol,Individual,Manual,First Owner
690ac12a56d1bc009301bc4c,Maruti Swift Dzire VDI,2018,700000,38217,Diesel,Individual,Manual,First Owner
690ac12a56d1bc009301bc4d,Ford Figo Petrol ZXI,2011,185000,50000,Petrol,Individual,Manual,Third Owner
690ac12a56d1bc009301bc4e,Maruti Ritz VDi,2011,200000,120000,Diesel,Individual,Manual,First Owner
690ac12a56d1bc009301bc4f,Mahindra Bolero DI,2004,315000,110000,Diesel,Individual,Manual,Third Owner
690ac12a56d1bc009301bc50,Tata Hexa XT,2019,1100000,40000,Diesel,Individual,Manual,First Owner
690ac12a56d1bc009301bc51,Hyundai Santro LP zipPlus,2001,52000,50000,Petrol,Individual,Manual,Third Owner
690ac12a56d1bc009301bc52,Hyundai i20 Active 1.2 S,2017,600000,10000,Petrol,Individual,Manual,First Owner
690ac12a56d1bc009301bc53,Tata Harrier XZ BSIV,2019,1700000,10000,Diesel,Individual,Manual,First Owner
690ac12a56d1bc009301bc54,Nissan Terrano XL Plus 85 PS,2015,451000,100000,Diesel,Individual,Manual,First Owner
690ac12a56d1bc009301bc55,Mahindra KUV 100 mFALCON G80 K8 5str,2016,370000,60000,Petrol,Individual,Manual,First Owner
690ac12a56d1bc009301bc56,Ford Endeavour 3.2 Titanium AT 4X4,2017,2700000,30000,Diesel,Individual,Automatic,First Owner
690ac12a56d1bc009301bc57,Renault KWID RXT Optional,2016,280000,23000,Petrol,Individual,Manual,First Owner
690ac12a56d1bc009301bc58,Maruti Wagon R VXI BS IV,2017,350000,30000,Petrol,Individual,Manual,First Owner
690ac12a56d1bc009301bc59,Hyundai i10 Sportz,2011,250000,50000,Petrol,Individual,Manual,First Owner
690ac12a56d1bc009301bc5a,Maruti Alto 800 LXI,2014,204999,25000,Petrol,Individual,Manual,Second Owner
690ac12a56d1bc009301bc5b,Maruti Ignis 1.2 Delta BSIV,2019,500000,15000,Petrol,Individual,Manual,First Owner
690ac12a56d1bc009301bc5c,Tata Indica Vista Aqua TDI BSIII,2009,150000,30000,Diesel,Individual,Manual,First Owner
690ac12a56d1bc009301bc5d,Chevrolet Spark 1.0 LS,2010,175000,45000,Petrol,Individual,Manual,Second Owner
690ac12a56d1bc009301bc5e,Chevrolet Spark 1.0 LS,2009,170000,44800,Petrol,Individual,Manual,Second Owner
690ac12a56d1bc009301bc5f,Tata Manza Aura Safire,2010,200000,50000,Petrol,Individual,Manual,First Owner
690ac12a56d1bc009301bc60,Hyundai Creta 1.4 E Plus,2018,800000,52000,Diesel,Individual,Manual,First Owner
690ac12a56d1bc009301bc61,Tata Hexa XTA,2017,1200000,50000,Diesel,Individual,Automatic,First Owner
690ac12a56d1bc009301bc62,Toyota Corolla Altis 1.8 J,2008,400000,35000,Petrol,Individual,Manual,Second Owner
690ac12a56d1bc009301bc63,Maruti Ritz VDi,2010,148000,100000,Diesel,Individual,Manual,Second Owner
690ac12a56d1bc009301bc64,Tata Manza Club Class Quadrajet90 LS,2014,200000,100000,Diesel,Individual,Manual,First Owner
690ac12a56d1bc009301bc65,Maruti Swift Dzire VDI,2016,284000,40000,Diesel,Individual,Manual,Second Owner
690ac12a56d1bc009301bc66,Maruti Wagon R VXI Minor,2007,80000,60000,Petrol,Individual,Manual,Third Owner
690ac12a56d1bc009301bc67,Chevrolet Beat PS,2014,170000,77000,Petrol,Individual,Manual,First Owner
690ac12a56d1bc009301bc68,Hyundai Accent Executive,2011,150000,60000,Petrol,Individual,Manual,First Owner
690ac12a56d1bc009301bc69,Tata Manza Aura (ABS) Safire BS IV,2010,110000,77073,Petrol,Individual,Manual,Second Owner
690ac12a56d1bc009301bc6a,Ford Figo Aspire 1.5 TDCi Titanium,2016,400000,70000,Diesel,Individual,Manual,First Owner
690ac12a56d1bc009301bc6b,Hyundai i10 Magna LPG,2013,275000,90000,LPG,Individual,Manual,Second Owner
690ac12a56d1bc009301bc6c,Toyota Innova 2.5 G (Diesel) 7 Seater,2013,800000,186000,Diesel,Individual,Manual,Third Owner
690ac12a56d1bc009301bc6d,Mahindra Scorpio M2DI,2014,550000,90000,Diesel,Individual,Manual,First Owner
690ac12a56d1bc009301bc6e,Maruti Alto LX BSIII,2007,125000,100000,Petrol,Individual,Manual,Second Owner
690ac12a56d1bc009301bc6f,Chevrolet Beat LT,2010,135000,80000,Petrol,Individual,Manual,Second Owner
690ac12a56d1bc009301bc70,Mahindra Scorpio LX BSIV,2012,349000,150000,Diesel,Individual,Manual,First Owner
690ac12a56d1bc009301bc71,Maruti Swift VDI BSIV,2014,458000,80000,Diesel,Individual,Manual,First Owner
690ac12a56d1bc009301bc72,Maruti Alto K10 VXI,2018,300000,35000,Petrol,Individual,Manual,First Owner
690ac12a56d1bc009301bc73,Maruti Alto LXi,2008,95000,70000,Petrol,Individual,Manual,First Owner
690ac12a56d1bc009301bc74,Maruti S-Cross Zeta DDiS 200 SH,2018,850000,50000,Diesel,Individual,Manual,First Owner
690ac12a56d1bc009301bc75,Ford Freestyle Titanium Diesel,2019,750000,25000,Diesel,Individual,Manual,First Owner
690ac12a56d1bc009301bc76,Ford Figo Diesel Celebration Edition,2013,190000,120000,Diesel,Individual,Manual,First Owner
690ac12a56d1bc009301bc77,Maruti Wagon R LXI Minor,2009,150000,70000,Petrol,Individual,Manual,First Owner
690ac12a56d1bc009301bc78,Hyundai Accent GLE,2009,114999,106000,Petrol,Individual,Manual,Third Owner
690ac12a56d1bc009301bc79,Toyota Innova 2.0 VX 7 Seater,2010,320000,120000,Petrol,Individual,Manual,Third Owner
690ac12a56d1bc009301bc7a,Maruti Alto 800 CNG LXI Optional,2019,300000,120000,CNG,Individual,Manual,First Owner
690ac12a56d1bc009301bc7b,Maruti Ritz LXi,2016,275000,160000,Petrol,Individual,Manual,First Owner
690ac12a56d1bc009301bc7c,Chevrolet Aveo 1.6 LT with ABS,2010,140000,120000,Petrol,Individual,Manual,Second Owner
690ac12a56d1bc009301bc7d,Tata Altroz XZ,2020,830000,10000,Petrol,Individual,Manual,First Owner
690ac12a56d1bc009301bc7e,Volkswagen Polo SR Petrol 1.2L,2013,380000,50000,Petrol,Individual,Manual,First Owner
690ac12a56d1bc009301bc7f,Hyundai i10 Magna 1.2,2010,150000,90000,Petrol,Individual,Manual,Second Owner
690ac12a56d1bc009301bc80,Chevrolet Spark 1.0 LS,2008,50000,70000,Petrol,Individual,Manual,First Owner
690ac12a56d1bc009301bc81,Mahindra Bolero SLX,2008,155000,100000,Diesel,Individual,Manual,First Owner
690ac12a56d1bc009301bc82,Mahindra Bolero SLX,2008,155000,100000,Diesel,Individual,Manual,First Owner
690ac12a56d1bc009301bc83,Skoda Superb 1.8 TFSI MT,2010,300000,80000,Petrol,Individual,Manual,First Owner
690ac12a56d1bc009301bc84,Maruti Alto 800 LXI,2018,300000,16584,Petrol,Dealer,Manual,First Owner
690ac12a56d1bc009301bc85,Tata Tiago 2019-2020 XE Diesel,2016,385000,38000,Diesel,Dealer,Manual,First Owner
690ac12a56d1bc009301bc86,Maruti Wagon R LXI,2010,221000,51000,Petrol,Dealer,Manual,First Owner
690ac12a56d1bc009301bc87,Tata Tiago 1.05 Revotorq XE,2016,381000,38000,Diesel,Dealer,Manual,First Owner
690ac12a56d1bc009301bc88,Maruti Alto 800 LXI,2015,250999,35000,Petrol,Dealer,Manual,First Owner
690ac12a56d1bc009301bc89,Hyundai Santro LS zipPlus,2002,60000,120000,Petrol,Individual,Manual,Third Owner
690ac12a56d1bc009301bc8a,Tata Tiago 1.05 Revotorq XE,2016,380000,38000,Diesel,Dealer,Manual,First Owner
690ac12a56d1bc009301bc8b,Skoda Laura L n K 1.9 PD,2008,180000,144000,Diesel,Individual,Manual,Third Owner
690ac12a56d1bc009301bc8c,Maruti Ciaz ZDi Plus,2017,751000,64000,Diesel,Dealer,Manual,First Owner
690ac12a56d1bc009301bc8d,Mahindra XUV500 AT W10 FWD,2015,1250000,60000,Diesel,Dealer,Automatic,First Owner
690ac12a56d1bc009301bc8e,Hyundai EON 1.0 Era Plus,2014,229999,65000,Petrol,Dealer,Manual,First Owner
690ac12a56d1bc009301bc8f,Tata Safari Storme EX,2019,1250000,24000,Diesel,Individual,Manual,First Owner
690ac12a56d1bc009301bc90,Mahindra Scorpio VLX 2WD BSIV,2014,782000,58000,Diesel,Dealer,Manual,Second Owner
690ac12a56d1bc009301bc91,Mahindra Scorpio VLX 2.2 mHawk Airbag BSIV,2014,780000,58000,Diesel,Dealer,Manual,Second Owner
690ac12a56d1bc009301bc92,Maruti Alto 800 LXI,2016,245000,68000,Petrol,Dealer,Manual,First Owner
690ac12a56d1bc009301bc93,Hyundai i20 1.4 CRDi Sportz,2011,321000,81257,Diesel,Dealer,Manual,First Owner
690ac12a56d1bc009301bc94,Hyundai Grand i10 1.2 CRDi Sportz Option,2017,509999,44000,Diesel,Dealer,Manual,First Owner
690ac12a56d1bc009301bc95,Tata Nano CX SE,2015,110000,45000,Petrol,Dealer,Manual,First Owner
690ac12a56d1bc009301bc96,Volkswagen Polo Diesel Highline 1.2L,2013,400000,75000,Diesel,Dealer,Manual,First Owner
690ac12a56d1bc009301bc97,Maruti Swift VXI,2013,370000,90000,Petrol,Individual,Manual,First Owner
690ac12a56d1bc009301bc98,Hyundai Verna CRDi ABS,2007,175000,80000,Diesel,Individual,Manual,Second Owner
690ac12a56d1bc009301bc99,Mercedes-Benz E-Class 230,1998,1000000,35000,Petrol,Individual,Automatic,Second Owner
690ac12a56d1bc009301bc9a,Maruti Alto 800 LXI,2013,92800,25000,Petrol,Individual,Manual,Second Owner
690ac12a56d1bc009301bc9b,Tata Xenon XT EX 4X2,2014,291000,90000,Diesel,Individual,Manual,First Owner
690ac12a56d1bc009301bc9c,Maruti Alto 800 LXI,2013,92800,25000,Petrol,Individual,Manual,Second Owner
690ac12a56d1bc009301bc9d,Hyundai Verna 1.6 SX CRDi (O),2013,335000,110000,Diesel,Individual,Manual,Third Owner
690ac12a56d1bc009301bc9e,Maruti Omni 8 Seater BSIV,2013,170000,35000,Petrol,Individual,Manual,First Owner
690ac12a56d1bc009301bc9f,Maruti Alto 800 LXI,2019,295000,10000,Petrol,Individual,Manual,First Owner
690ac12a56d1bc009301bca0,Renault KWID RXL,2019,375000,10000,Petrol,Individual,Manual,First Owner
690ac12a56d1bc009301bca1,Hyundai EON Era Plus,2012,215000,70000,Petrol,Individual,Manual,Second Owner
690ac12a56d1bc009301bca2,Ford Fiesta 1.4 ZXi TDCi ABS,2009,150000,110000,Diesel,Individual,Manual,Second Owner
690ac12a56d1bc009301bca3,Maruti Alto LXI,2003,60000,5000,Petrol,Individual,Manual,Second Owner
690ac12a56d1bc009301bca4,Maruti Alto LX,2006,52000,120000,Petrol,Individual,Manual,Third Owner
690ac12a56d1bc009301bca5,Maruti Omni LPG CARGO BSIII W IMMOBILISER,2009,80000,90000,LPG,Individual,Manual,Second Owner
690ac12a56d1bc009301bca6,Maruti Alto LX,2012,140000,70000,Petrol,Individual,Manual,Second Owner
690ac12a56d1bc009301bca7,Hyundai Verna i (Petrol),2008,120000,90000,Petrol,Individual,Manual,Second Owner
690ac12a56d1bc009301bca8,Ford Fiesta Classic 1.4 SXI Duratorq,2006,110000,120000,Diesel,Individual,Manual,Third Owner
690ac12a56d1bc009301bca9,Tata New Safari Dicor EX 4X2 BS IV,2012,280000,110000,Diesel,Individual,Manual,Fourth & Above Owner
690ac12a56d1bc009301bcaa,Toyota Etios VD,2016,450000,50000,Diesel,Individual,Manual,Second Owner
690ac12a56d1bc009301bcab,Mahindra XUV500 W7,2018,1150000,58000,Diesel,Individual,Manual,First Owner
690ac12a56d1bc009301bcac,Maruti Baleno Delta 1.3,2018,650000,15000,Diesel,Individual,Manual,First Owner
690ac12a56d1bc009301bcad,Tata Zest Revotron 1.2T XE,2015,300000,60000,Petrol,Individual,Manual,Second Owner
690ac12a56d1bc009301bcae,Tata Nano Twist XT,2015,73000,57000,Petrol,Individual,Manual,First Owner
690ac12a56d1bc009301bcaf,Maruti Swift VDI BSIV,2015,400000,87000,Diesel,Individual,Manual,Third Owner
690ac12a56d1bc009301bcb0,Renault KWID 1.0 RXT Optional,2017,300000,70000,Petrol,Individual,Manual,First Owner
690ac12a56d1bc009301bcb1,Maruti Wagon R AX,2012,300000,30000,Petrol,Individual,Automatic,Second Owner
690ac12a56d1bc009301bcb2,Maruti Swift Dzire VDI,2012,450000,80000,Diesel,Individual,Manual,First Owner
690ac12a56d1bc009301bcb3,Hyundai Santro Xing GLS,2009,200000,100000,Petrol,Individual,Manual,Second Owner
690ac12a56d1bc009301bcb4,Maruti Swift VXI,2019,580000,40000,Petrol,Individual,Manual,First Owner
690ac12a56d1bc009301bcb5,Hyundai Grand i10 1.2 Kappa Asta,2017,550000,3917,Petrol,Individual,Manual,First Owner
690ac12a56d1bc009301bcb6,Mahindra Scorpio SLX 2.6 Turbo 8 Str,2007,190000,160000,Diesel,Individual,Manual,Second Owner
690ac12a56d1bc009301bcb7,Tata Tiago 1.05 Revotorq XT Option,2017,450000,35000,Diesel,Individual,Manual,First Owner
690ac12a56d1bc009301bcb8,Chevrolet Spark 1.0 LS,2014,220000,70000,Petrol,Individual,Manual,First Owner
690ac12a56d1bc009301bcb9,Maruti SX4 ZXI MT BSIV,2012,310000,69069,Petrol,Dealer,Manual,First Owner
690ac12a56d1bc009301bcba,Hyundai Elite i20 Sportz Plus BSIV,2019,650000,13500,Petrol,Individual,Manual,First Owner
690ac12a56d1bc009301bcbb,Maruti Wagon R Stingray VXI,2014,300000,59059,Petrol,Dealer,Manual,First Owner
690ac12a56d1bc009301bcbc,Hyundai Accent Executive,2013,200000,70000,Petrol,Individual,Manual,First Owner
690ac12a56d1bc009301bcbd,Honda Brio S MT,2012,285000,39039,Petrol,Dealer,Manual,First Owner
690ac12a56d1bc009301bcbe,Honda Brio Exclusive Edition,2014,335000,33033,Petrol,Dealer,Manual,First Owner
690ac12a56d1bc009301bcbf,Hyundai Verna Transform SX VTVT,2011,370000,55168,Petrol,Individual,Manual,Second Owner
690ac12a56d1bc009301bcc0,Hyundai i20 1.2 Sportz,2013,375000,41041,Petrol,Dealer,Manual,First Owner
690ac12a56d1bc009301bcc1,Hyundai i10 Magna,2009,235000,67067,Petrol,Dealer,Manual,First Owner
690ac12a56d1bc009301bcc2,Hyundai i10 Sportz 1.2 AT,2013,345000,66066,Petrol,Dealer,Automatic,First Owner
690ac12a56d1bc009301bcc3,Mahindra Quanto C8,2013,365000,82082,Diesel,Dealer,Manual,First Owner
690ac12a56d1bc009301bcc4,Hyundai Grand i10 Sportz,2014,400000,48000,Petrol,Individual,Manual,First Owner
690ac12a56d1bc009301bcc5,Hyundai EON D Lite Plus,2015,250000,30000,Petrol,Individual,Manual,First Owner
690ac12a56d1bc009301bcc6,Hyundai Verna SX CRDi AT,2012,465000,70070,Diesel,Dealer,Automatic,First Owner
690ac12a56d1bc009301bcc7,Renault KWID RXT,2017,300000,10000,Petrol,Individual,Manual,First Owner
690ac12a56d1bc009301bcc8,Maruti Swift Dzire ZXI 1.2 BS IV,2018,655000,25000,Petrol,Individual,Manual,First Owner
690ac12a56d1bc009301bcc9,Maruti Wagon R LXI CNG,2016,350000,30000,CNG,Individual,Manual,Second Owner
690ac12a56d1bc009301bcca,Hyundai i10 Sportz 1.2 AT,2015,500000,50000,Petrol,Dealer,Automatic,First Owner
690ac12a56d1bc009301bccb,Hyundai Grand i10 AT Asta,2015,465000,63063,Petrol,Dealer,Automatic,First Owner
690ac12a56d1bc009301bccc,Maruti Swift VDi BSIII W/ ABS,2008,263000,70000,Diesel,Individual,Manual,First Owner
690ac12a56d1bc009301bccd,Maruti Omni MPI STD BSIV,2012,250000,90000,Petrol,Individual,Manual,First Owner
690ac12a56d1bc009301bcce,Hyundai Accent GLE 1,1999,60000,90000,Petrol,Individual,Manual,Fourth & Above Owner
690ac12a56d1bc009301bccf,Hyundai Getz GLX,2005,70000,90000,Petrol,Individual,Manual,Third Owner
690ac12a56d1bc009301bcd0,Chevrolet Sail Hatchback 1.2 LS,2016,250000,30000,Petrol,Individual,Manual,First Owner
690ac12a56d1bc009301bcd1,Hyundai EON Magna Plus,2016,229999,80000,Petrol,Individual,Manual,First Owner
690ac12a56d1bc009301bcd2,Chevrolet Optra Magnum 2.0 LS,2011,195000,120000,Diesel,Individual,Manual,First Owner
690ac12a56d1bc009301bcd3,Datsun RediGO S,2016,270000,22000,Petrol,Individual,Manual,First Owner
690ac12a56d1bc009301bcd4,Honda WR-V i-DTEC VX,2017,650000,140000,Diesel,Individual,Manual,First Owner
690ac12a56d1bc009301bcd5,Hyundai i20 Asta 1.4 CRDi,2014,370000,80000,Diesel,Individual,Manual,Second Owner
690ac12a56d1bc009301bcd6,Maruti Swift VDI Optional,2016,509999,40000,Diesel,Individual,Manual,First Owner
690ac12a56d1bc009301bcd7,Maruti Zen Estilo VXI BSIV,2011,280000,33000,Petrol,Individual,Manual,First Owner
690ac12a56d1bc009301bcd8,Maruti A-Star Vxi,2010,180000,40000,Petrol,Individual,Manual,First Owner
690ac12a56d1bc009301bcd9,Renault KWID 1.0 RXT Optional,2018,300000,10500,Petrol,Individual,Manual,First Owner
690ac12a56d1bc009301bcda,Mahindra Bolero 2011-2019 SLX,2013,400000,107000,Diesel,Individual,Manual,First Owner
690ac12a56d1bc009301bcdb,Hyundai i10 Sportz 1.2,2010,210000,60000,Petrol,Individual,Manual,Second Owner
690ac12a56d1bc009301bcdc,Hyundai Santro Xing XG eRLX Euro III,2006,90000,120000,Petrol,Individual,Manual,Second Owner
690ac12a56d1bc009301bcdd,Maruti Wagon R LXI BS IV,2010,222000,70000,Petrol,Individual,Manual,First Owner
690ac12a56d1bc009301bcde,Maruti Alto 800 LXI,2015,240000,50000,Petrol,Individual,Manual,Second Owner
690ac12a56d1bc009301bcdf,Toyota Etios Liva GD,2013,450000,70000,Diesel,Individual,Manual,Second Owner
690ac12a56d1bc009301bce0,Ford Ecosport 1.5 Petrol Ambiente,2017,650000,6000,Petrol,Individual,Manual,First Owner
690ac12a56d1bc009301bce1,Hyundai Verna SX Diesel,2010,200000,78000,Diesel,Dealer,Manual,Second Owner
690ac12a56d1bc009301bce2,Hyundai Verna SX Diesel,2011,210000,72000,Diesel,Dealer,Manual,Third Owner
690ac12a56d1bc009301bce3,Tata Nano Cx BSIV,2011,75000,9528,Petrol,Dealer,Manual,First Owner
690ac12a56d1bc009301bce4,Toyota Innova 2.5 G (Diesel) 8 Seater,2011,450000,135200,Diesel,Dealer,Manual,First Owner
690ac12a56d1bc009301bce5,Hyundai i20 1.2 Sportz,2011,220000,58000,Petrol,Dealer,Manual,Second Owner
690ac12a56d1bc009301bce6,Hyundai i20 Magna 1.4 CRDi (Diesel),2013,325000,78000,Diesel,Dealer,Manual,Second Owner
690ac12a56d1bc009301bce7,Tata Zest Revotron 1.2T XE,2018,450000,45000,Petrol,Individual,Manual,First Owner
690ac12a56d1bc009301bce8,Ford EcoSport 1.5 Diesel Titanium Plus BSIV,2017,825000,35000,Diesel,Individual,Manual,First Owner
690ac12a56d1bc009301bce9,Hyundai Accent GLS,2007,125000,76000,Petrol,Dealer,Manual,Third Owner
690ac12a56d1bc009301bcea,Mahindra Xylo D2 BS IV,2015,434999,100000,Diesel,Individual,Manual,Third Owner
690ac12a56d1bc009301bceb,Mahindra Scorpio SLE BSIV,2011,484999,99000,Diesel,Individual,Manual,Second Owner
690ac12a56d1bc009301bcec,Maruti Ritz VDi,2009,175000,80000,Diesel,Individual,Manual,Third Owner
690ac12a56d1bc009301bced,Honda Civic 1.8 S MT,2006,220000,120000,Petrol,Individual,Manual,Third Owner
690ac12a56d1bc009301bcee,Honda BR-V i-VTEC VX MT,2020,1250000,1100,Petrol,Dealer,Manual,First Owner
690ac12a56d1bc009301bcef,Maruti Omni E MPI STD BS IV,2017,215000,34000,Petrol,Dealer,Manual,First Owner
690ac12a56d1bc009301bcf0,Mahindra XUV500 W6 2WD,2014,625000,68000,Diesel,Dealer,Manual,First Owner
690ac12a56d1bc009301bcf1,Ford EcoSport 1.5 Diesel Titanium BSIV,2018,615000,15000,Diesel,Individual,Manual,First Owner
690ac12a56d1bc009301bcf2,Chevrolet Beat Diesel PS,2012,130000,58000,Diesel,Dealer,Manual,First Owner
690ac12a56d1bc009301bcf3,Tata Indigo CS eLX BS IV,2013,175000,50300,Diesel,Individual,Manual,First Owner
690ac12a56d1bc009301bcf4,Tata Indigo CR4,2011,150000,70000,Diesel,Individual,Manual,Second Owner
690ac12a56d1bc009301bcf5,Tata Indica Vista TDI LS,2011,195000,60000,Diesel,Individual,Manual,Third Owner
690ac12a56d1bc009301bcf6,Maruti Ertiga 1.5 VDI,2020,550000,90000,Diesel,Individual,Manual,First Owner
690ac12a56d1bc009301bcf7,Isuzu D-Max V-Cross Standard,2018,1500000,40000,Diesel,Individual,Manual,First Owner
690ac12a56d1bc009301bcf8,Skoda Superb 1.8 TFSI MT,2010,400000,80000,Petrol,Individual,Manual,Second Owner
690ac12a56d1bc009301bcf9,Nissan Kicks XV Premium D BSIV,2019,1350000,15000,Diesel,Individual,Manual,First Owner
690ac12a56d1bc009301bcfa,Maruti Swift 1.2 DLX,2015,217000,45000,Petrol,Individual,Manual,First Owner
690ac12a56d1bc009301bcfb,Maruti Swift VDI BSIV,2011,290000,130000,Diesel,Individual,Manual,Second Owner
690ac12a56d1bc009301bcfc,Mahindra Bolero Power Plus SLX,2018,700000,80000,Diesel,Individual,Manual,First Owner
690ac12a56d1bc009301bcfd,Maruti Alto 800 Base,2014,175000,40000,Petrol,Individual,Manual,First Owner
690ac12a56d1bc009301bcfe,Volkswagen Ameo 1.5 TDI Highline 16 Alloy,2017,575000,80000,Diesel,Individual,Manual,First Owner
690ac12a56d1bc009301bcff,Maruti Ritz LDi,2016,380000,100000,Diesel,Individual,Manual,Second Owner
690ac12a56d1bc009301bd00,Mahindra Xylo D4 BSIV,2013,350000,151624,Diesel,Individual,Manual,Second Owner
690ac12a56d1bc009301bd01,Renault Duster 85PS Diesel RxL Optional,2012,450000,160000,Diesel,Individual,Manual,First Owner
690ac12a56d1bc009301bd02,Hyundai Santro AT CNG,2005,130000,110000,CNG,Individual,Manual,Second Owner
690ac12a56d1bc009301bd03,Maruti Swift VDI BSIV,2015,320000,74820,Diesel,Individual,Manual,First Owner
690ac12a56d1bc009301bd04,Mahindra XUV500 W6 2WD,2014,550000,82000,Diesel,Individual,Manual,First Owner
690ac12a56d1bc009301bd05,Maruti Wagon R VXI BS IV,2015,370000,50000,Petrol,Individual,Manual,Second Owner
690ac12a56d1bc009301bd06,Chevrolet Beat LT,2010,114999,70000,Petrol,Individual,Manual,Second Owner
690ac12a56d1bc009301bd07,Ford Ecosport Sports Petrol,2020,1100000,1000,Petrol,Individual,Manual,First Owner
690ac12a56d1bc009301bd08,Hyundai Tucson CRDi,2006,170000,170000,Diesel,Individual,Manual,First Owner
690ac12a56d1bc009301bd09,Tata Indigo TDI,2008,80000,150000,Diesel,Individual,Manual,Third Owner
690ac12a56d1bc009301bd0a,Ford EcoSport 1.5 Diesel Titanium BSIV,2019,950000,17000,Diesel,Individual,Manual,First Owner
690ac12a56d1bc009301bd0b,Maruti Swift Dzire VDI,2014,425000,150000,Diesel,Individual,Manual,First Owner
690ac12a56d1bc009301bd0c,Hyundai i20 Asta Option 1.4 CRDi,2015,500000,80000,Diesel,Individual,Manual,First Owner
690ac12a56d1bc009301bd0d,Hyundai Santro Xing XG eRLX Euro III,2005,70000,170000,Petrol,Individual,Manual,Third Owner
690ac12a56d1bc009301bd0e,Honda Amaze S i-Dtech,2013,349000,120000,Diesel,Individual,Manual,First Owner
690ac12a56d1bc009301bd0f,Hyundai i20 1.2 Sportz,2012,330000,90000,Petrol,Individual,Manual,Third Owner
690ac12a56d1bc009301bd10,Hyundai Santro Xing GLS,2010,120000,90000,Petrol,Individual,Manual,Third Owner
690ac12a56d1bc009301bd11,Hyundai Verna 1.6 SX CRDi (O),2013,430000,100000,Diesel,Individual,Manual,Second Owner
690ac12a56d1bc009301bd12,Maruti Swift VDI BSIV,2014,390000,90000,Diesel,Individual,Manual,First Owner
690ac12a56d1bc009301bd13,Nissan Micra Diesel XV Primo,2012,225000,129000,Diesel,Individual,Manual,First Owner
690ac12a56d1bc009301bd14,Mahindra Scorpio VLS AT 2.2 mHAWK,2010,350000,186000,Diesel,Individual,Automatic,Second Owner
690ac12a56d1bc009301bd15,Tata Sumo LX,2009,100000,66778,Diesel,Individual,Manual,First Owner
690ac12a56d1bc009301bd16,Hyundai EON Era Plus,2014,190000,50000,Petrol,Individual,Manual,First Owner
690ac12a56d1bc009301bd17,Hyundai i20 Sportz 1.4 CRDi,2014,315000,110000,Diesel,Individual,Manual,Second Owner
690ac12a56d1bc009301bd18,Hyundai Grand i10 CRDi Magna,2015,300000,60000,Diesel,Individual,Manual,Second Owner
690ac12a56d1bc009301bd19,Renault KWID RXT,2016,280000,40000,Petrol,Individual,Manual,First Owner
690ac12a56d1bc009301bd1a,Hyundai Tucson 2.0 e-VGT 2WD MT,2017,1650000,55000,Diesel,Dealer,Manual,First Owner
690ac12a56d1bc009301bd1b,Hyundai EON Era Plus,2015,295000,21000,Petrol,Dealer,Manual,Second Owner
690ac12a56d1bc009301bd1c,Jaguar XF 5.0 Litre V8 Petrol,2012,2050000,66363,Petrol,Dealer,Automatic,Second Owner
690ac12a56d1bc009301bd1d,Hyundai Creta 1.6 VTVT AT SX Plus,2018,1475000,11700,Petrol,Dealer,Automatic,First Owner
690ac12a56d1bc009301bd1e,Hyundai Verna VTVT 1.6 AT SX Option,2017,1100000,10000,Petrol,Individual,Automatic,First Owner
690ac12a56d1bc009301bd1f,Mercedes-Benz GL-Class 350 CDI Blue Efficiency,2014,4400000,100000,Diesel,Individual,Automatic,Second Owner
690ac12a56d1bc009301bd20,Maruti Swift ZXI BSIV,2016,670000,7104,Petrol,Trustmark Dealer,Manual,First Owner
690ac12a56d1bc009301bd21,Maruti S-Cross Zeta DDiS 200 SH,2015,750000,45974,Diesel,Trustmark Dealer,Manual,First Owner
690ac12a56d1bc009301bd22,Hyundai Verna 1.6 VTVT SX,2015,760000,55340,Petrol,Trustmark Dealer,Manual,First Owner
690ac12a56d1bc009301bd23,Volkswagen Polo GTI,2017,850000,20000,Petrol,Dealer,Automatic,Second Owner
690ac12a56d1bc009301bd24,Renault Pulse RxL,2015,390000,61585,Diesel,Trustmark Dealer,Manual,First Owner
690ac12a56d1bc009301bd25,Maruti Celerio VXI AMT BSIV,2016,450000,39415,Petrol,Trustmark Dealer,Automatic,Second Owner
690ac12a56d1bc009301bd26,Honda Brio V MT,2014,425000,29654,Petrol,Trustmark Dealer,Manual,First Owner
690ac12a56d1bc009301bd27,Maruti Baleno Alpha 1.3,2016,770000,64672,Diesel,Trustmark Dealer,Manual,First Owner
690ac12a56d1bc009301bd28,Hyundai Creta 1.6 SX Automatic Diesel,2015,1150000,54634,Diesel,Trustmark Dealer,Automatic,Second Owner
690ac12a56d1bc009301bd29,Honda City i VTEC V,2015,775000,66521,Petrol,Trustmark Dealer,Manual,First Owner
690ac12a56d1bc009301bd2a,Hyundai Elite i20 Asta Option CVT BSIV,2019,720000,3000,Petrol,Individual,Automatic,First Owner
690ac12a56d1bc009301bd2b,Toyota Innova Crysta 2.4 GX AT,2018,1725000,23974,Diesel,Dealer,Automatic,Second Owner
690ac12a56d1bc009301bd2c,Tata Tiago 1.2 Revotron XZ,2018,539000,10000,Petrol,Individual,Manual,First Owner
690ac12a56d1bc009301bd2d,Maruti Celerio ZXI,2017,420000,50000,Petrol,Individual,Manual,First Owner
690ac12a56d1bc009301bd2e,Maruti Omni E 8 Str STD,2001,85000,70000,Petrol,Individual,Manual,Third Owner
690ac12a56d1bc009301bd2f,OpelCorsa 1.6Gls,2004,142000,73000,Petrol,Individual,Manual,Fourth & Above Owner
690ac12a56d1bc009301bd30,Hyundai EON D Lite,2014,180000,76000,Petrol,Individual,Manual,Second Owner
690ac12a56d1bc009301bd31,Chevrolet Tavera Neo 3 Max 9 Str BSIII,2014,400000,120000,Diesel,Individual,Manual,Second Owner
690ac12a56d1bc009301bd32,Mahindra Scorpio VLX 2WD ABS AT BSIII,2009,360000,170000,Diesel,Individual,Automatic,Third Owner
690ac12a56d1bc009301bd33,Hyundai Santro Xing XG,2003,85000,110000,Petrol,Individual,Manual,Second Owner
690ac12a56d1bc009301bd34,Honda Brio 1.2 S MT,2016,350000,63400,Petrol,Individual,Manual,First Owner
690ac12a56d1bc009301bd35,Datsun GO Plus T BSIV,2015,380000,25000,Petrol,Individual,Manual,First Owner
690ac12a56d1bc009301bd36,Hyundai i10 Era,2009,140000,80000,Petrol,Individual,Manual,Third Owner
690ac12a56d1bc009301bd37,Maruti Wagon R VXI BS IV,2012,200000,90000,Petrol,Individual,Manual,First Owner
690ac12a56d1bc009301bd38,Hyundai Santro Xing GL,2011,150000,157000,Petrol,Individual,Manual,First Owner
690ac12a56d1bc009301bd39,Tata Indica Vista Quadrajet LS,2012,150000,80000,Diesel,Individual,Manual,Second Owner
690ac12a56d1bc009301bd3a,Maruti 800 Std BSII,2006,90000,40000,Petrol,Individual,Manual,Second Owner
690ac12a56d1bc009301bd3b,Mahindra Bolero SLX 2WD,2007,300000,100000,Diesel,Individual,Manual,Second Owner
690ac12a56d1bc009301bd3c,Renault KWID RXT,2017,280000,50000,Petrol,Individual,Manual,First Owner
690ac12a56d1bc009301bd3d,Maruti Alto K10 2010-2014 VXI,2011,200000,40000,Petrol,Individual,Manual,First Owner
690ac12a56d1bc009301bd3e,Chevrolet Aveo U-VA 1.2 LT WO ABS Airbag,2009,110000,38500,Petrol,Individual,Manual,Second Owner
690ac12a56d1bc009301bd3f,Hyundai i10 Magna,2008,140000,103921,Petrol,Individual,Manual,Second Owner
690ac12a56d1bc009301bd40,Hyundai Creta 1.4 EX Diesel,2020,1050000,10000,Diesel,Individual,Manual,First Owner
690ac12a56d1bc009301bd41,Honda City i-VTEC VX,2018,1150000,14825,Petrol,Dealer,Manual,First Owner
690ac12a56d1bc009301bd42,Honda BR-V i-DTEC VX MT,2016,910000,43377,Diesel,Dealer,Manual,First Owner
690ac12a56d1bc009301bd43,Ford Figo Diesel Titanium,2010,160000,102307,Diesel,Dealer,Manual,First Owner
690ac12a56d1bc009301bd44,Maruti Zen LX,2004,105000,79000,Petrol,Individual,Manual,Second Owner
690ac12a56d1bc009301bd45,Skoda Octavia Elegance 2.0 TDI AT,2014,1200000,135000,Diesel,Individual,Automatic,Third Owner
690ac12a56d1bc009301bd46,Renault KWID 1.0 RXT Optional,2018,300000,10500,Petrol,Individual,Manual,First Owner
690ac12a56d1bc009301bd47,Maruti Wagon R LXI,2004,70000,90000,Petrol,Individual,Manual,Fourth & Above Owner
690ac12a56d1bc009301bd48,Chevrolet Beat Diesel,2012,160000,110000,Diesel,Individual,Manual,First Owner
690ac12a56d1bc009301bd49,Chevrolet Beat Diesel LS,2012,160000,50000,Diesel,Individual,Manual,First Owner
690ac12a56d1bc009301bd4a,Chevrolet Sail Hatchback LT ABS,2013,225000,80000,Diesel,Individual,Manual,First Owner
690ac12a56d1bc009301bd4b,Honda Jazz 1.5 VX i DTEC,2018,790000,19571,Diesel,Dealer,Manual,First Owner
690ac12a56d1bc009301bd4c,Honda City 1.3 EXI,2002,145000,100000,Petrol,Individual,Manual,First Owner
690ac12a56d1bc009301bd4d,Honda City i-VTEC ZX,2018,1200000,29600,Petrol,Dealer,Manual,First Owner
690ac12a56d1bc009301bd4e,Ford EcoSport 1.5 Diesel Titanium Plus BSIV,2018,930000,20000,Diesel,Individual,Manual,First Owner
690ac12a56d1bc009301bd4f,Hyundai EON D Lite,2016,210000,30000,Petrol,Individual,Manual,First Owner
690ac12a56d1bc009301bd50,Hyundai Getz 1.5 CRDi GVS,2008,110000,154000,Diesel,Individual,Manual,Third Owner
690ac12a56d1bc009301bd51,Maruti Swift LXI,2011,175000,70000,Petrol,Individual,Manual,First Owner
690ac12a56d1bc009301bd52,Maruti Vitara Brezza ZDi Plus AMT Dual Tone,2018,950000,15000,Diesel,Individual,Automatic,First Owner
690ac12a56d1bc009301bd53,Renault Lodgy Stepway 85PS RXZ 8S,2017,650000,40000,Diesel,Individual,Manual,First Owner
690ac12a56d1bc009301bd54,Maruti Swift VXI,2019,550000,51000,Petrol,Individual,Manual,First Owner
690ac12a56d1bc009301bd55,Maruti Alto LX BSIII,2008,85000,120000,Petrol,Individual,Manual,Second Owner
690ac12a56d1bc009301bd56,Maruti Celerio LXI MT BSIV,2019,340000,50000,Petrol,Individual,Manual,First Owner
690ac12a56d1bc009301bd57,Renault Captur 1.5 Diesel RXT,2017,825000,13500,Diesel,Individual,Manual,First Owner
690ac12a56d1bc009301bd58,Toyota Etios 1.5 V,2016,509999,35000,Petrol,Individual,Manual,First Owner
690ac12a56d1bc009301bd59,Renault Duster 85PS Diesel RxL,2013,450000,1000,Diesel,Dealer,Manual,Second Owner
690ac12a56d1bc009301bd5a,Mercedes-Benz C-Class Progressive C 220d,2018,3800000,10000,Diesel,Dealer,Automatic,First Owner
690ac12a56d1bc009301bd5b,Audi A4 3.0 TDI Quattro,2013,1580000,86000,Diesel,Dealer,Automatic,First Owner
690ac12a56d1bc009301bd5c,BMW X5 xDrive 30d xLine,2019,4950000,30000,Diesel,Dealer,Automatic,First Owner
690ac12a56d1bc009301bd5d,Hyundai Creta 1.6 CRDi SX,2016,535000,52600,Diesel,Individual,Manual,First Owner
690ac12a56d1bc009301bd5e,Maruti SX4 Vxi BSIV,2012,225000,110000,Petrol,Individual,Manual,Second Owner
690ac12a56d1bc009301bd5f,Hyundai Grand i10 1.2 Kappa Magna AT,2017,550000,19890,Petrol,Dealer,Automatic,First Owner
690ac12a56d1bc009301bd60,Maruti Swift ZXI BSIV,2016,670000,7104,Petrol,Trustmark Dealer,Manual,First Owner
690ac12a56d1bc009301bd61,Maruti Ertiga VXI,2015,625000,11918,Petrol,Trustmark Dealer,Manual,First Owner
690ac12a56d1bc009301bd62,Hyundai Grand i10 Magna AT,2017,520000,10510,Petrol,Dealer,Automatic,First Owner
690ac12a56d1bc009301bd63,Chevrolet Beat LT Option,2016,239000,41000,Petrol,Dealer,Manual,First Owner
690ac12a56d1bc009301bd64,Toyota Fortuner 4x2 AT,2017,2600000,47162,Diesel,Trustmark Dealer,Automatic,First Owner
690ac12a56d1bc009301bd65,Maruti S-Cross Zeta DDiS 200 SH,2015,750000,45974,Diesel,Trustmark Dealer,Manual,First Owner
690ac12a56d1bc009301bd66,Hyundai i10 Magna,2012,229999,49824,Petrol,Dealer,Manual,First Owner
690ac12a56d1bc009301bd67,Audi A6 2.0 TDI Premium Plus,2013,1300000,58500,Diesel,Dealer,Automatic,First Owner
690ac12a56d1bc009301bd68,Hyundai Santro GS,2005,80000,56580,Petrol,Dealer,Manual,First Owner
690ac12a56d1bc009301bd69,Skoda Laura Ambiente 2.0 TDI CR MT,2012,385000,52000,Diesel,Dealer,Manual,First Owner
690ac12a56d1bc009301bd6a,Hyundai Verna 1.6 VTVT SX,2015,760000,55340,Petrol,Trustmark Dealer,Manual,First Owner
690ac12a56d1bc009301bd6b,Maruti Swift Dzire VDI,2017,600000,46507,Diesel,Trustmark Dealer,Manual,First Owner
690ac12a56d1bc009301bd6c,Renault Duster 85PS Diesel RxL,2013,450000,1000,Diesel,Dealer,Manual,Second Owner
690ac12a56d1bc009301bd6d,Mercedes-Benz C-Class Progressive C 220d,2018,3800000,10000,Diesel,Dealer,Automatic,First Owner
690ac12a56d1bc009301bd6e,Audi A4 3.0 TDI Quattro,2013,1580000,86000,Diesel,Dealer,Automatic,First Owner
690ac12a56d1bc009301bd6f,BMW X5 xDrive 30d xLine,2019,4950000,30000,Diesel,Dealer,Automatic,First Owner
690ac12a56d1bc009301bd70,Hyundai Creta 1.6 CRDi SX,2016,535000,52600,Diesel,Individual,Manual,First Owner
690ac12a56d1bc009301bd71,Maruti SX4 Vxi BSIV,2012,225000,110000,Petrol,Individual,Manual,Second Owner
690ac12a56d1bc009301bd72,Hyundai Grand i10 1.2 Kappa Magna AT,2017,550000,19890,Petrol,Dealer,Automatic,First Owner
690ac12a56d1bc009301bd73,Maruti Swift ZXI BSIV,2016,670000,7104,Petrol,Trustmark Dealer,Manual,First Owner
690ac12a56d1bc009301bd74,Maruti Ertiga VXI,2015,625000,11918,Petrol,Trustmark Dealer,Manual,First Owner
690ac12a56d1bc009301bd75,Hyundai Grand i10 Magna AT,2017,520000,10510,Petrol,Dealer,Automatic,First Owner
690ac12a56d1bc009301bd76,Chevrolet Beat LT Option,2016,239000,41000,Petrol,Dealer,Manual,First Owner
690ac12a56d1bc009301bd77,Toyota Fortuner 4x2 AT,2017,2600000,47162,Diesel,Trustmark Dealer,Automatic,First Owner
690ac12a56d1bc009301bd78,Maruti S-Cross Zeta DDiS 200 SH,2015,750000,45974,Diesel,Trustmark Dealer,Manual,First Owner
690ac12a56d1bc009301bd79,Hyundai i10 Magna,2012,229999,49824,Petrol,Dealer,Manual,First Owner
690ac12a56d1bc009301bd7a,Audi A6 2.0 TDI Premium Plus,2013,1300000,58500,Diesel,Dealer,Automatic,First Owner
690ac12a56d1bc009301bd7b,Hyundai Santro GS,2005,80000,56580,Petrol,Dealer,Manual,First Owner
690ac12a56d1bc009301bd7c,Skoda Laura Ambiente 2.0 TDI CR MT,2012,385000,52000,Diesel,Dealer,Manual,First Owner
690ac12a56d1bc009301bd7d,Hyundai Verna 1.6 VTVT SX,2015,760000,55340,Petrol,Trustmark Dealer,Manual,First Owner
690ac12a56d1bc009301bd7e,Maruti Swift Dzire VDI,2017,600000,46507,Diesel,Trustmark Dealer,Manual,First Owner
690ac12a56d1bc009301bd7f,Maruti Baleno Alpha 1.3,2017,650000,70000,Diesel,Individual,Manual,First Owner
690ac12a56d1bc009301bd80,Chevrolet Spark 1.0 LS,2011,140000,60000,Petrol,Individual,Manual,Second Owner
690ac12a56d1bc009301bd81,Maruti Alto LXi,2011,150000,70000,Petrol,Individual,Manual,First Owner
690ac12a56d1bc009301bd82,Datsun GO Plus A Option Petrol,2018,450000,10000,Petrol,Individual,Manual,Second Owner
690ac12a56d1bc009301bd83,Hyundai Accent CRDi,2006,170000,245244,Diesel,Individual,Manual,Fourth & Above Owner
690ac12a56d1bc009301bd84,Renault KWID 1.0 RXT Optional,2017,400000,60000,Petrol,Individual,Manual,First Owner
690ac12a56d1bc009301bd85,Tata Tiago 1.2 Revotron XE,2016,300000,30000,Petrol,Individual,Manual,First Owner
690ac12a56d1bc009301bd86,Maruti Alto 800 Base,2012,250000,8000,Petrol,Individual,Manual,First Owner
690ac12a56d1bc009301bd87,Tata Tigor 1.2 Revotron XM,2019,500000,10000,Petrol,Individual,Manual,First Owner
690ac12a56d1bc009301bd88,Hyundai Accent CRDi,2002,85000,100000,Diesel,Individual,Manual,Third Owner
690ac12a56d1bc009301bd89,Nissan Sunny Diesel XL,2012,300000,110000,Diesel,Individual,Manual,First Owner
690ac12a56d1bc009301bd8a,Hyundai Santro GS,2005,80000,56580,Petrol,Dealer,Manual,First Owner
690ac12a56d1bc009301bd8b,Mahindra XUV500 AT W8 FWD,2015,740000,45000,Diesel,Dealer,Automatic,First Owner
690ac12a56d1bc009301bd8c,Hyundai Santro Xing XG,2005,70000,68500,Petrol,Dealer,Manual,First Owner
690ac12a56d1bc009301bd8d,Hyundai Santro Sportz AMT,2019,484999,5007,Petrol,Dealer,Automatic,First Owner
690ac12a56d1bc009301bd8e,Nissan Micra Active XV S,2013,164000,30000,Petrol,Individual,Manual,First Owner
690ac12a56d1bc009301bd8f,Honda City 1.5 V AT,2008,140000,70000,Petrol,Individual,Automatic,First Owner
690ac12a56d1bc009301bd90,Mercedes-Benz E-Class E250 CDI Elegance,2011,999000,49600,Diesel,Dealer,Automatic,First Owner
690ac12a56d1bc009301bd91,Maruti Alto LXI,2005,56000,23000,Petrol,Individual,Manual,Second Owner
690ac12a56d1bc009301bd92,BMW 7 Series 730Ld,2006,1050000,30000,Diesel,Dealer,Automatic,First Owner
690ac12a56d1bc009301bd93,Hyundai Verna 1.6 VTVT,2010,190000,38000,Petrol,Dealer,Manual,First Owner
690ac12a56d1bc009301bd94,Audi Q5 3.0 TDI Quattro Technology,2018,3899000,22000,Diesel,Dealer,Automatic,First Owner
690ac12a56d1bc009301bd95,Hyundai i10 Sportz 1.2,2011,235000,43100,Petrol,Dealer,Manual,First Owner
690ac12a56d1bc009301bd96,Datsun GO Plus T,2017,350000,10171,Petrol,Dealer,Manual,First Owner
690ac12a56d1bc009301bd97,Renault Duster 110PS Diesel RxL,2015,465000,41123,Diesel,Dealer,Manual,First Owner
690ac12a56d1bc009301bd98,Toyota Camry Hybrid 2.5,2017,1900000,20118,Petrol,Dealer,Automatic,First Owner
690ac12a56d1bc009301bd99,Honda City i DTec SV,2014,450000,40000,Diesel,Dealer,Manual,First Owner
690ac12a56d1bc009301bd9a,Volkswagen Jetta 2.0L TDI Highline,2015,790000,52517,Diesel,Dealer,Manual,First Owner
690ac12a56d1bc009301bd9b,Mahindra Marazzo M2 8Str,2019,900000,20000,Diesel,Individual,Manual,First Owner
690ac12a56d1bc009301bd9c,Ford Ecosport 1.5 DV5 MT Titanium Optional,2014,450000,99117,Diesel,Dealer,Manual,First Owner
690ac12a56d1bc009301bd9d,Chevrolet Spark 1.0 LS,2009,135000,90000,Petrol,Individual,Manual,First Owner
690ac12a56d1bc009301bd9e,Maruti Celerio ZXI MT BSIV,2019,425000,3700,Petrol,Individual,Manual,First Owner
690ac12a56d1bc009301bd9f,Tata Indica Vista Terra 1.4 TDI,2010,100000,80000,Diesel,Individual,Manual,First Owner
690ac12a56d1bc009301bda0,Ford EcoSport 1.5 TDCi Titanium BSIV,2015,650000,100000,Diesel,Individual,Manual,Second Owner
690ac12a56d1bc009301bda1,Tata Indica Vista Aqua 1.4 TDI,2011,90000,54000,Diesel,Individual,Manual,First Owner
690ac12a56d1bc009301bda2,Hyundai EON Era Plus,2017,250000,19000,Petrol,Individual,Manual,First Owner
690ac12a56d1bc009301bda3,Maruti Swift Dzire VDI,2014,300000,120000,Diesel,Individual,Manual,First Owner
690ac12a56d1bc009301bda4,Maruti Wagon R VXI BS IV,2014,275000,30000,Petrol,Individual,Manual,First Owner
690ac12a56d1bc009301bda5,Honda BRV i-VTEC V MT,2017,600000,43500,Petrol,Individual,Manual,First Owner
690ac12a56d1bc009301bda6,Renault KWID RXT,2016,270000,60000,Petrol,Individual,Manual,Second Owner
690ac12a56d1bc009301bda7,Renault KWID RXT Optional,2016,240000,70000,Petrol,Individual,Manual,Second Owner
690ac12a56d1bc009301bda8,Skoda Octavia Elegance 2.0 TDI AT,2014,1200000,135000,Diesel,Individual,Automatic,Third Owner
690ac12a56d1bc009301bda9,Chevrolet Beat Diesel LS,2012,160000,50000,Diesel,Individual,Manual,First Owner
690ac12a56d1bc009301bdaa,Honda Jazz 1.5 VX i DTEC,2018,790000,19571,Diesel,Dealer,Manual,First Owner
690ac12a56d1bc009301bdab,Honda City i-VTEC ZX,2018,1200000,29600,Petrol,Dealer,Manual,First Owner
690ac12a56d1bc009301bdac,Maruti Swift LXI,2011,175000,70000,Petrol,Individual,Manual,First Owner
690ac12a56d1bc009301bdad,Maruti Vitara Brezza ZDi Plus AMT Dual Tone,2018,950000,15000,Diesel,Individual,Automatic,First Owner
690ac12a56d1bc009301bdae,Maruti Celerio LXI MT BSIV,2019,340000,50000,Petrol,Individual,Manual,First Owner
690ac12a56d1bc009301bdaf,Renault Captur 1.5 Diesel RXT,2017,825000,13500,Diesel,Individual,Manual,First Owner
690ac12a56d1bc009301bdb0,Audi A4 30 TFSI Technology,2018,3100000,22000,Petrol,Individual,Automatic,First Owner
690ac12a56d1bc009301bdb1,Honda Amaze VX Diesel BSIV,2018,780000,25000,Diesel,Dealer,Manual,First Owner
690ac12a56d1bc009301bdb2,Toyota Corolla Altis 1.8 VL AT,2010,350000,80000,Petrol,Individual,Automatic,Third Owner
690ac12a56d1bc009301bdb3,Honda Amaze VX Petrol BSIV,2018,690000,39000,Petrol,Dealer,Manual,First Owner
690ac12a56d1bc009301bdb4,Maruti Alto 800 VXI,2016,245000,60000,Petrol,Individual,Manual,First Owner
690ac12a56d1bc009301bdb5,Honda Amaze VX Diesel BSIV,2018,790000,49000,Diesel,Dealer,Manual,First Owner
690ac12a56d1bc009301bdb6,Honda Amaze VX i-VTEC,2018,680000,48600,Petrol,Dealer,Manual,First Owner
690ac12a56d1bc009301bdb7,Hyundai Grand i10 Asta Option,2017,540000,20000,Petrol,Individual,Manual,Second Owner
690ac12a56d1bc009301bdb8,Mahindra KUV 100 mFALCON G80 K2,2016,425000,25000,Petrol,Individual,Manual,First Owner
690ac12a56d1bc009301bdb9,Maruti Zen Estilo Sports,2008,140000,120000,Petrol,Individual,Manual,First Owner
690ac12a56d1bc009301bdba,Maruti Ertiga ZDI Plus,2019,1100000,30000,Diesel,Individual,Manual,First Owner
690ac12a56d1bc009301bdbb,Renault Lodgy 85PS RxL,2015,715000,35000,Diesel,Individual,Manual,First Owner
690ac12a56d1bc009301bdbc,Maruti Swift VXI,2013,370000,90000,Petrol,Individual,Manual,First Owner
690ac12a56d1bc009301bdbd,Hyundai Verna CRDi ABS,2007,175000,80000,Diesel,Individual,Manual,Second Owner
690ac12a56d1bc009301bdbe,Mercedes-Benz E-Class 230,1998,1000000,35000,Petrol,Individual,Automatic,Second Owner
690ac12a56d1bc009301bdbf,Maruti Alto 800 LXI,2013,92800,25000,Petrol,Individual,Manual,Second Owner
690ac12a56d1bc009301bdc0,Tata Xenon XT EX 4X2,2014,291000,90000,Diesel,Individual,Manual,First Owner
690ac12a56d1bc009301bdc1,Maruti Alto 800 LXI,2013,92800,25000,Petrol,Individual,Manual,Second Owner
690ac12a56d1bc009301bdc2,Renault KWID 1.0 RXT Optional,2016,350000,20000,Petrol,Individual,Manual,First Owner
690ac12a56d1bc009301bdc3,Maruti Omni 5 Str STD,1998,65000,60000,Petrol,Dealer,Manual,Third Owner
690ac12a56d1bc009301bdc4,Maruti Swift Dzire VDI,2015,650000,58000,Diesel,Individual,Manual,First Owner
690ac12a56d1bc009301bdc5,Maruti Wagon R LX BS IV,2014,350000,40000,Petrol,Dealer,Manual,First Owner
690ac12a56d1bc009301bdc6,Maruti Wagon R LXI,2005,75000,70000,Petrol,Individual,Manual,Second Owner
690ac12a56d1bc009301bdc7,Hyundai i20 Asta (o) 1.4 CRDi (Diesel),2012,440000,70000,Diesel,Dealer,Manual,First Owner
690ac12a56d1bc009301bdc8,Hyundai Santro Xing GLS,2013,270000,60000,Petrol,Individual,Manual,First Owner
690ac12a56d1bc009301bdc9,Toyota Innova 2.5 V Diesel 7-seater,2014,1150000,135000,Diesel,Dealer,Manual,First Owner
690ac12a56d1bc009301bdca,Maruti Omni 8 Seater BSII,2015,238000,70000,Petrol,Dealer,Manual,First Owner
690ac12a56d1bc009301bdcb,Mercedes-Benz B Class B180 Sports,2013,1100000,40000,Petrol,Individual,Automatic,Second Owner
690ac12a56d1bc009301bdcc,Mahindra XUV500 W10 2WD,2015,1200000,75000,Diesel,Dealer,Manual,Second Owner
690ac12a56d1bc009301bdcd,Skoda Fabia 1.2L Diesel Ambiente,2010,260000,150000,Diesel,Individual,Manual,First Owner
690ac12a56d1bc009301bdce,Toyota Etios VD,2012,350000,140000,Diesel,Individual,Manual,Third Owner
690ac12a56d1bc009301bdcf,Toyota Etios Liva VD,2015,480000,70000,Diesel,Individual,Manual,First Owner
690ac12a56d1bc009301bdd0,Toyota Etios Liva GD,2012,345000,137250,Diesel,Individual,Manual,Second Owner
690ac12a56d1bc009301bdd1,Mahindra Scorpio M2DI,2013,500000,110000,Diesel,Individual,Manual,Second Owner
690ac12a56d1bc009301bdd2,Hyundai Grand i10 Asta Option,2017,595000,27000,Petrol,Dealer,Manual,First Owner
690ac12a56d1bc009301bdd3,Hyundai Verna CRDi 1.6 SX Option,2019,1295000,9000,Diesel,Dealer,Manual,First Owner
690ac12a56d1bc009301bdd4,Volkswagen Vento 1.5 TDI Highline BSIV,2019,1350000,5400,Diesel,Dealer,Manual,Test Drive Car
690ac12a56d1bc009301bdd5,Renault KWID Climber 1.0 MT Opt BSIV,2020,541000,1000,Petrol,Dealer,Manual,Test Drive Car
690ac12a56d1bc009301bdd6,Hyundai Santro Asta,2018,515000,16000,Petrol,Dealer,Manual,First Owner
690ac12a56d1bc009301bdd7,Ford Figo Aspire Titanium Plus Diesel,2019,894999,13000,Diesel,Dealer,Manual,Test Drive Car
690ac12a56d1bc009301bdd8,Renault Pulse RxZ Optional,2012,325000,47000,Diesel,Dealer,Manual,First Owner
690ac12a56d1bc009301bdd9,Maruti Ciaz 1.4 Alpha,2018,925000,22000,Petrol,Individual,Manual,First Owner
690ac12a56d1bc009301bdda,Nissan Terrano XL P,2017,844999,30000,Petrol,Individual,Manual,First Owner
690ac12a56d1bc009301bddb,Maruti Ciaz 1.4 Alpha,2018,925000,20000,Petrol,Individual,Manual,First Owner
690ac12a56d1bc009301bddc,Tata Manza Club Class Quadrajet90 LX,2013,300000,60000,Diesel,Individual,Manual,First Owner
690ac12a56d1bc009301bddd,Toyota Camry M/t,2008,650000,75000,Petrol,Individual,Manual,Second Owner
690ac12a56d1bc009301bdde,Maruti Alto K10 LXI,2010,175000,64000,Petrol,Dealer,Manual,First Owner
690ac12a56d1bc009301bddf,Maruti SX4 S Cross DDiS 320 Delta,2015,325000,80000,Diesel,Individual,Manual,First Owner
690ac12a56d1bc009301bde0,Renault Duster 85PS Diesel RxZ,2017,600000,90000,Diesel,Individual,Manual,First Owner
690ac12a56d1bc009301bde1,Maruti Swift ZXI Plus,2018,700000,30000,Petrol,Individual,Manual,First Owner
690ac12a56d1bc009301bde2,Toyota Corolla H3,2003,95000,120000,Petrol,Individual,Automatic,Second Owner
690ac12a56d1bc009301bde3,Maruti Celerio ZXI,2019,490000,20000,Petrol,Dealer,Manual,First Owner
690ac12a56d1bc009301bde4,Tata Safari DICOR 2.2 EX 4x2,2013,380000,100000,Diesel,Individual,Manual,First Owner
690ac12a56d1bc009301bde5,Hyundai Grand i10 1.2 Kappa Sportz Dual Tone,2018,550000,31000,Petrol,Dealer,Manual,First Owner
690ac12a56d1bc009301bde6,Maruti Alto 800 LXI,2013,225000,47000,Petrol,Dealer,Manual,First Owner
690ac12a56d1bc009301bde7,Tata Nexon 1.2 Revotron XM,2018,570000,11200,Petrol,Individual,Manual,First Owner
690ac12a56d1bc009301bde8,Maruti Alto 800 LXI,2018,305000,35000,Petrol,Dealer,Manual,First Owner
690ac12a56d1bc009301bde9,Maruti Wagon R Duo Lxi,2010,240000,50000,LPG,Dealer,Manual,First Owner
690ac12a56d1bc009301bdea,Maruti Ertiga SHVS VDI,2015,700000,55000,Diesel,Dealer,Manual,First Owner
690ac12a56d1bc009301bdeb,Maruti Omni E MPI STD BS IV,2018,288000,20000,Petrol,Dealer,Manual,First Owner
690ac12a56d1bc009301bdec,Mahindra Bolero B4,2017,800000,75000,Diesel,Dealer,Manual,First Owner
690ac12a56d1bc009301bded,Maruti Celerio VXI,2017,430000,93000,Petrol,Dealer,Manual,First Owner
690ac12a56d1bc009301bdee,Chevrolet Beat Diesel LT Option,2009,195000,57000,Diesel,Dealer,Manual,Second Owner
690ac12a56d1bc009301bdef,Maruti Eeco Smiles 5 Seater AC,2014,325000,30000,Petrol,Dealer,Manual,First Owner
690ac12a56d1bc009301bdf0,Renault Duster 85PS Diesel RxE,2013,450000,73000,Diesel,Dealer,Manual,First Owner
690ac12a56d1bc009301bdf1,Maruti Swift Dzire VDI,2016,630000,65000,Diesel,Dealer,Manual,First Owner
690ac12a56d1bc009301bdf2,Maruti Swift 1.3 VXi,2009,250000,62000,Petrol,Dealer,Manual,Second Owner
690ac12a56d1bc009301bdf3,Hyundai Santro GLS I - Euro II,2007,135000,85000,Petrol,Dealer,Manual,First Owner
690ac12a56d1bc009301bdf4,Chevrolet Spark 1.0 PS,2010,110000,73000,Petrol,Individual,Manual,First Owner
690ac12a56d1bc009301bdf5,Maruti Swift ZDi,2012,350000,55000,Diesel,Dealer,Manual,First Owner
690ac12a56d1bc009301bdf6,Maruti Omni E MPI STD BS IV,2016,240000,5800,Petrol,Individual,Manual,Second Owner
690ac12a56d1bc009301bdf7,Toyota Innova 2.5 V Diesel 8-seater,2009,350000,350000,Diesel,Individual,Manual,First Owner
690ac12a56d1bc009301bdf8,Maruti Swift ZXI Plus,2018,600000,30000,Petrol,Individual,Manual,First Owner
690ac12a56d1bc009301bdf9,Maruti Swift Dzire VDI,2018,750000,20000,Diesel,Individual,Manual,First Owner
690ac12a56d1bc009301bdfa,Hyundai EON Era Plus,2018,270000,20000,Petrol,Individual,Manual,First Owner
690ac12a56d1bc009301bdfb,Maruti Alto LXi,2007,90000,100000,Petrol,Individual,Manual,Second Owner
690ac12a56d1bc009301bdfc,Maruti Wagon R Stingray VXI,2013,350000,65000,Petrol,Individual,Manual,First Owner
690ac12a56d1bc009301bdfd,Ford Figo Diesel Celebration Edition,2013,285000,90000,Diesel,Individual,Manual,Second Owner
690ac12a56d1bc009301bdfe,Toyota Innova 2.5 E Diesel MS 7-seater,2011,665000,267000,Diesel,Individual,Manual,Second Owner
690ac12a56d1bc009301bdff,Mahindra Scorpio 2.6 CRDe,2005,175000,250000,Diesel,Individual,Manual,Second Owner
690ac12a56d1bc009301be00,Mahindra Xylo D2,2011,350000,140000,Diesel,Individual,Manual,Second Owner
690ac12a56d1bc009301be01,Honda City i-VTEC CVT ZX,2018,1225000,22000,Petrol,Dealer,Automatic,First Owner
690ac12a56d1bc009301be02,Honda Jazz Select Edition Active,2010,285000,60000,Petrol,Dealer,Manual,Second Owner
690ac12a56d1bc009301be03,Honda City i-VTEC VX,2018,1000000,28635,Petrol,Dealer,Manual,First Owner
690ac12a56d1bc009301be04,Honda Amaze VX Diesel BSIV,2018,780000,32114,Diesel,Dealer,Manual,First Owner
690ac12a56d1bc009301be05,Maruti Celerio VXI,2014,300000,82000,Petrol,Dealer,Manual,Second Owner
690ac12a56d1bc009301be06,Maruti Swift VXI BSIII,2006,160000,95149,Petrol,Dealer,Manual,Second Owner
690ac12a56d1bc009301be07,Honda Amaze VX i-VTEC,2018,625000,68458,Petrol,Dealer,Manual,First Owner
690ac12a56d1bc009301be08,Maruti Ritz VXi,2010,265000,42000,Petrol,Individual,Manual,First Owner
690ac12a56d1bc009301be09,Honda City i DTEC V,2014,515000,90000,Diesel,Individual,Manual,Second Owner
690ac12a56d1bc009301be0a,Hyundai EON D Lite,2016,210000,30000,Petrol,Individual,Manual,First Owner
690ac12a56d1bc009301be0b,Maruti Alto LXi,2009,140000,80000,Petrol,Individual,Manual,Second Owner
690ac12a56d1bc009301be0c,Toyota Innova 2.5 GX (Diesel) 7 Seater,2015,940000,128000,Diesel,Individual,Manual,First Owner
690ac12a56d1bc009301be0d,Nissan Terrano XV Premium 110 PS,2013,750000,80000,Diesel,Individual,Manual,First Owner
690ac12a56d1bc009301be0e,Maruti Baleno Alpha 1.3,2016,610000,100000,Diesel,Individual,Manual,First Owner
690ac12a56d1bc009301be0f,Nissan Sunny XV D Premium Leather,2015,450000,50000,Diesel,Individual,Manual,First Owner
690ac12a56d1bc009301be10,Toyota Etios Liva GD,2012,409999,56000,Diesel,Individual,Manual,First Owner
690ac12a56d1bc009301be11,Hyundai EON 1.0 Era Plus,2018,100000,21302,Petrol,Individual,Manual,First Owner
690ac12a56d1bc009301be12,Hyundai i20 Active 1.4 SX,2016,650000,100000,Diesel,Individual,Manual,First Owner
690ac12a56d1bc009301be13,Mahindra TUV 300 T8,2017,650000,80000,Diesel,Individual,Manual,First Owner
690ac12a56d1bc009301be14,Hyundai Getz 1.3 GLS,2010,150000,105546,Petrol,Individual,Manual,First Owner
690ac12a56d1bc009301be15,Toyota Etios Liva 1.2 V,2018,500000,10000,Petrol,Individual,Manual,First Owner
690ac12a56d1bc009301be16,Toyota Innova 2.5 GX 7 STR BSIV,2012,1000000,80000,Diesel,Individual,Manual,Second Owner
690ac12a56d1bc009301be17,Hyundai i20 Magna Optional 1.2,2013,340000,35000,Petrol,Individual,Manual,First Owner
690ac12a56d1bc009301be18,Hyundai Elite i20 Asta Option BSIV,2019,800000,11240,Petrol,Individual,Manual,First Owner
690ac12a56d1bc009301be19,Toyota Innova 2.5 G (Diesel) 8 Seater,2013,1010000,120000,Diesel,Individual,Manual,First Owner
690ac12a56d1bc009301be1a,Toyota Etios GD,2011,350000,120000,Diesel,Individual,Manual,Third Owner
690ac12a56d1bc009301be1b,Maruti Swift VDI BSIV,2016,595000,70000,Diesel,Individual,Manual,First Owner
690ac12a56d1bc009301be1c,Mahindra Scorpio VLX 2WD BSIV,2014,700000,130000,Diesel,Individual,Manual,Third Owner
690ac12a56d1bc009301be1d,Renault KWID RXL,2019,265000,40000,Petrol,Individual,Manual,First Owner
690ac12a56d1bc009301be1e,Maruti Alto K10 VXI,2015,320000,60000,Petrol,Individual,Manual,Second Owner
690ac12a56d1bc009301be1f,Honda City 1.5 S MT,2011,310000,110000,Petrol,Individual,Manual,First Owner
690ac12a56d1bc009301be20,Honda City i DTEC VX,2014,700000,130000,Diesel,Individual,Manual,First Owner
690ac12a56d1bc009301be21,Maruti Alto LXi BSIII,2009,130000,80000,Petrol,Individual,Manual,Second Owner
690ac12a56d1bc009301be22,Maruti Swift Dzire VDi,2009,150000,120000,Diesel,Individual,Manual,Second Owner
690ac12a56d1bc009301be23,Honda Amaze E i-Dtech,2015,300000,104000,Diesel,Individual,Manual,Second Owner
690ac12a56d1bc009301be24,Maruti Swift Dzire LXi,2011,150000,100000,Petrol,Individual,Manual,Second Owner
690ac12a56d1bc009301be25,Honda City 1.3 EXI,2003,120000,132343,Petrol,Individual,Manual,Second Owner
690ac12a56d1bc009301be26,Hyundai Creta 1.4 CRDi S Plus,2016,950000,90000,Diesel,Individual,Manual,Second Owner
690ac12a56d1bc009301be27,Maruti Wagon R VXI BS IV,2007,100000,60000,Petrol,Individual,Manual,Second Owner
690ac12a56d1bc009301be28,Honda Jazz 1.5 SV i DTEC,2015,450000,76000,Diesel,Individual,Manual,First Owner
690ac12a56d1bc009301be29,Maruti 800 EX,2004,30000,60000,Petrol,Individual,Manual,Third Owner
690ac12a56d1bc009301be2a,Mahindra Renault Logan 1.6 Petrol GLSX,2009,200000,30000,Petrol,Individual,Manual,Second Owner
690ac12a56d1bc009301be2b,Tata Indigo LS,2010,250000,96000,Diesel,Individual,Manual,Second Owner
690ac12a56d1bc009301be2c,Mahindra Marazzo M8 8Str,2018,1300000,10000,Diesel,Individual,Manual,First Owner
690ac12a56d1bc009301be2d,Toyota Etios Liva 1.4 VD,2017,425000,36000,Diesel,Dealer,Manual,First Owner
690ac12a56d1bc009301be2e,Honda Amaze VX O iDTEC,2017,550000,12997,Diesel,Dealer,Manual,First Owner
690ac12a56d1bc009301be2f,Maruti Ciaz 1.4 AT Zeta,2017,500000,40000,Petrol,Individual,Automatic,First Owner
690ac12a56d1bc009301be30,Hyundai Verna CRDi 1.6 SX Option,2018,1150000,26430,Diesel,Dealer,Manual,First Owner
690ac12a56d1bc009301be31,Maruti Swift 1.3 VXI ABS,2015,475000,24600,Petrol,Dealer,Manual,First Owner
690ac12a56d1bc009301be32,Maruti Wagon R LXI,2011,260000,28481,Petrol,Dealer,Manual,First Owner
690ac12a56d1bc009301be33,Ford Ecosport 1.0 Ecoboost Titanium Optional,2013,350000,100000,Petrol,Individual,Manual,First Owner
690ac12a56d1bc009301be34,Mahindra XUV500 W8 2WD,2013,750000,41988,Diesel,Dealer,Manual,First Owner
690ac12a56d1bc009301be35,Maruti Wagon R LXI,2009,180000,30375,Petrol,Dealer,Manual,First Owner
690ac12a56d1bc009301be36,Renault KWID Climber 1.0 AMT BSIV,2017,350000,7658,Petrol,Dealer,Automatic,First Owner
690ac12a56d1bc009301be37,Maruti Swift Dzire VDI,2017,611000,34400,Diesel,Dealer,Manual,First Owner
690ac12a56d1bc009301be38,Renault KWID RXL BSIV,2017,325000,18500,Petrol,Dealer,Manual,First Owner
690ac12a56d1bc009301be39,Maruti Alto VXi,2015,280000,26134,Petrol,Dealer,Manual,First Owner
690ac12a56d1bc009301be3a,Maruti Wagon R AMT VXI,2014,300000,28942,Petrol,Dealer,Automatic,First Owner
690ac12a56d1bc009301be3b,Mahindra XUV500 W8 2WD,2012,711000,53600,Diesel,Dealer,Manual,First Owner
690ac12a56d1bc009301be3c,Toyota Innova 2.5 G (Diesel) 8 Seater,2015,851000,53652,Diesel,Dealer,Manual,First Owner
690ac12a56d1bc009301be3d,Maruti Ritz VDi,2011,260000,52895,Diesel,Dealer,Manual,First Owner
690ac12a56d1bc009301be3e,Hyundai Verna SX Diesel,2013,550000,42324,Diesel,Dealer,Manual,Second Owner
690ac12a56d1bc009301be3f,Mahindra XUV500 W10 1.99 mHawk,2016,1044999,65000,Diesel,Dealer,Manual,First Owner
690ac12a56d1bc009301be40,Mahindra Scorpio EX,2012,550000,60236,Diesel,Dealer,Manual,First Owner
690ac12a56d1bc009301be41,Maruti Wagon R VXI BS IV,2014,210000,70000,Petrol,Individual,Manual,Second Owner
690ac12a56d1bc009301be42,Maruti Wagon R VXI BS IV,2014,210000,70000,Petrol,Individual,Manual,Third Owner
690ac12a56d1bc009301be43,Mahindra Xylo E8,2009,290000,100000,Diesel,Individual,Manual,Second Owner
690ac12a56d1bc009301be44,Fiat 500 Lounge,2008,250999,110000,Diesel,Individual,Manual,First Owner
690ac12a56d1bc009301be45,Renault Triber RXT BSIV,2019,600000,10300,Petrol,Individual,Manual,First Owner
690ac12a56d1bc009301be46,Fiat Grande Punto EVO 1.3 Active,2014,270000,120000,Diesel,Individual,Manual,Second Owner
690ac12a56d1bc009301be47,Tata New Safari 4X4 EX,2012,550000,142000,Diesel,Individual,Manual,First Owner
690ac12a56d1bc009301be48,Mahindra TUV 300 mHAWK100 T8,2017,800000,25000,Diesel,Individual,Manual,First Owner
690ac12a56d1bc009301be49,Tata Altroz XE,2020,500000,5000,Petrol,Individual,Manual,First Owner
690ac12a56d1bc009301be4a,Hyundai Creta 1.6 CRDi SX,2016,535000,52600,Diesel,Individual,Manual,First Owner
690ac12a56d1bc009301be4b,Hyundai Grand i10 1.2 Kappa Sportz BSIV,2016,396000,28643,Petrol,Dealer,Manual,First Owner
690ac12a56d1bc009301be4c,Honda City i DTEC VX,2014,600000,50000,Diesel,Individual,Manual,First Owner
690ac12a56d1bc009301be4d,Maruti Wagon R ZXI 1.2,2019,575000,30000,Petrol,Dealer,Manual,First Owner
690ac12a56d1bc009301be4e,Hyundai Santro Sportz BSIV,2020,520000,5000,Petrol,Individual,Manual,First Owner
690ac12a56d1bc009301be4f,Mahindra XUV500 AT W10 FWD,2018,1400000,30000,Diesel,Individual,Automatic,First Owner
690ac12a56d1bc009301be50,Maruti Baleno Delta Automatic,2018,600000,7600,Petrol,Individual,Automatic,First Owner
690ac12a56d1bc009301be51,Chevrolet Beat Diesel LS,2013,195000,47253,Diesel,Dealer,Manual,First Owner
690ac12a56d1bc009301be52,Maruti Alto K10 VXI AGS,2015,281000,4432,Petrol,Dealer,Automatic,Second Owner
690ac12a56d1bc009301be53,Tata Indica GLS BS IV,2010,75000,110000,Petrol,Individual,Manual,Second Owner
690ac12a56d1bc009301be54,Hyundai Grand i10 Sportz,2014,400000,25000,Petrol,Individual,Manual,First Owner
690ac12a56d1bc009301be55,Tata Indica Vista Terra 1.4 TDI,2009,93000,70000,Diesel,Individual,Manual,Second Owner
690ac12a56d1bc009301be56,Hyundai i20 Active S Petrol,2016,560000,68523,Petrol,Dealer,Manual,First Owner
690ac12a56d1bc009301be57,Hyundai EON 1.0 Era Plus,2019,400000,5000,Petrol,Individual,Manual,First Owner
690ac12a56d1bc009301be58,Tata Tigor 1.2 Revotron XT,2018,459999,40000,Petrol,Individual,Manual,First Owner
690ac12a56d1bc009301be59,Hyundai Xcent 1.2 CRDi E,2017,450000,43000,Diesel,Individual,Manual,First Owner
690ac12a56d1bc009301be5a,Maruti Alto Green LXi (CNG),2010,88000,80251,CNG,Dealer,Manual,Second Owner
690ac12a56d1bc009301be5b,Hyundai i20 1.2 Era,2010,250000,34500,Petrol,Individual,Manual,Second Owner
690ac12a56d1bc009301be5c,Ford Ikon 1.4 ZXi,2000,22000,42743,Petrol,Dealer,Manual,Third Owner
690ac12a56d1bc009301be5d,Chevrolet Beat Diesel LS,2013,130000,93900,Diesel,Individual,Manual,Second Owner
690ac12a56d1bc009301be5e,Maruti Zen VXi - BS III,2004,79000,80000,Petrol,Individual,Manual,First Owner
690ac12a56d1bc009301be5f,Chevrolet Beat Diesel LS,2012,120000,110000,Diesel,Individual,Manual,First Owner
690ac12a56d1bc009301be60,BMW 7 Series 730Ld,2011,1700000,100000,Diesel,Individual,Automatic,Second Owner
690ac12a56d1bc009301be61,Chevrolet Optra Magnum 2.0 LT,2012,300000,25000,Diesel,Individual,Manual,First Owner
690ac12a56d1bc009301be62,Chevrolet Optra Magnum 2.0 LT,2012,300000,25000,Diesel,Individual,Manual,First Owner
690ac12a56d1bc009301be63,Maruti A-Star Lxi,2009,145000,25000,Petrol,Individual,Manual,First Owner
690ac12a56d1bc009301be64,Ford Endeavour 3.2 Titanium AT 4X4,2019,3200000,20000,Diesel,Individual,Automatic,First Owner
690ac12a56d1bc009301be65,Chevrolet Spark 1.0 LT,2013,240000,10000,Petrol,Individual,Manual,First Owner
690ac12a56d1bc009301be66,Honda WR-V i-DTEC VX,2018,700000,30000,Diesel,Individual,Manual,First Owner
690ac12a56d1bc009301be67,Hyundai Accent GLX,2010,145000,110000,Petrol,Individual,Manual,Second Owner
690ac12a56d1bc009301be68,Maruti Ertiga VDI Limited Edition,2014,535000,80000,Diesel,Individual,Manual,Second Owner
690ac12a56d1bc009301be69,Mahindra KUV 100 mFALCON G80 K2 Plus,2016,420000,21000,Petrol,Individual,Manual,First Owner
690ac12a56d1bc009301be6a,Maruti Alto K10 VXI,2016,350000,20000,Petrol,Individual,Manual,First Owner
690ac12a56d1bc009301be6b,Maruti Swift VDI BSIV,2015,550000,32000,Diesel,Individual,Manual,First Owner
690ac12a56d1bc009301be6c,Mitsubishi Montero 3.2 MT,2007,750000,180000,Diesel,Individual,Manual,First Owner
690ac12a56d1bc009301be6d,Tata Indica Vista Aqua 1.3 Quadrajet ABS BSIV,2012,198000,70000,Diesel,Individual,Manual,Second Owner
690ac12a56d1bc009301be6e,Hyundai i20 Magna Optional 1.4 CRDi,2013,420000,50000,Diesel,Individual,Manual,First Owner
690ac12a56d1bc009301be6f,Hyundai i20 Magna Optional 1.4 CRDi,2013,420000,50000,Diesel,Individual,Manual,First Owner
690ac12a56d1bc009301be70,Ford Endeavour 4x2 XLT,2004,195000,120000,Diesel,Individual,Manual,First Owner
690ac12a56d1bc009301be71,Hyundai EON Sportz,2012,150000,55766,Petrol,Individual,Manual,Second Owner
690ac12a56d1bc009301be72,Nissan Micra XL,2011,275000,40000,Petrol,Individual,Manual,Second Owner
690ac12a56d1bc009301be73,Maruti 800 Std,2001,65000,60000,Petrol,Individual,Manual,Third Owner
690ac12a56d1bc009301be74,Maruti Swift LXi BSIV,2008,200000,50000,Petrol,Individual,Manual,First Owner
690ac12a56d1bc009301be75,Maruti Swift Dzire VDi,2010,250000,110000,Diesel,Individual,Manual,Second Owner
690ac12a56d1bc009301be76,Renault Duster 85PS Diesel RxL,2013,450000,1000,Diesel,Dealer,Manual,Second Owner
690ac12a56d1bc009301be77,Maruti Ignis 1.3 Delta,2018,590000,26350,Diesel,Dealer,Manual,First Owner
690ac12a56d1bc009301be78,Maruti SX4 Vxi BSIV,2012,225000,110000,Petrol,Individual,Manual,Second Owner
690ac12a56d1bc009301be79,Tata Indigo CS LX (TDI) BS-III,2015,225000,68745,Diesel,Dealer,Manual,First Owner
690ac12a56d1bc009301be7a,Maruti Alto 800 LXI,2006,165000,132000,Petrol,Individual,Manual,First Owner
690ac12a56d1bc009301be7b,Mahindra Bolero Power Plus SLX,2019,860000,35000,Diesel,Individual,Manual,First Owner
690ac12a56d1bc009301be7c,Mahindra XUV500 W6 2WD,2016,900000,47000,Diesel,Individual,Manual,First Owner
690ac12a56d1bc009301be7d,Tata Indigo TDI,2013,182000,100000,Diesel,Individual,Manual,First Owner
690ac12a56d1bc009301be7e,Tata Indica Vista Terra 1.4 TDI,2010,100000,80000,Diesel,Individual,Manual,First Owner
690ac12a56d1bc009301be7f,Hyundai Santro Xing XL eRLX Euro III,2006,100000,40000,Petrol,Individual,Manual,Second Owner
690ac12a56d1bc009301be80,Maruti Alto K10 VXI AGS,2017,375000,27289,Petrol,Dealer,Automatic,First Owner
690ac12a56d1bc009301be81,Tata Tiago XZA AMT,2018,525000,10980,Petrol,Dealer,Automatic,First Owner
690ac12a56d1bc009301be82,Hyundai EON Era Plus,2016,320000,24662,Petrol,Dealer,Manual,First Owner
690ac12a56d1bc009301be83,Maruti Swift Dzire VDI,2013,525000,37000,Diesel,Dealer,Manual,First Owner
690ac12a56d1bc009301be84,Nissan Evalia XV,2014,650000,28245,Diesel,Dealer,Manual,First Owner
690ac12a56d1bc009301be85,Hyundai Grand i10 1.2 CRDi Sportz Option,2017,575000,27005,Diesel,Dealer,Manual,First Owner
690ac12a56d1bc009301be86,Hyundai i10 Magna,2014,355000,39227,Petrol,Dealer,Manual,First Owner
690ac12a56d1bc009301be87,Mahindra KUV 100 D75 K4 Plus 5Str,2016,470000,31367,Diesel,Dealer,Manual,First Owner
690ac12a56d1bc009301be88,Maruti Wagon R LXI,2008,221000,35008,Petrol,Dealer,Manual,First Owner
690ac12a56d1bc009301be89,Hyundai Santro Xing GLS,2009,195000,27005,Petrol,Dealer,Manual,First Owner
690ac12a56d1bc009301be8a,Maruti Zen VX,2001,85000,86000,Petrol,Individual,Manual,Second Owner
690ac12a56d1bc009301be8b,Maruti Swift VDI,2013,400000,50000,Diesel,Individual,Manual,First Owner
690ac12a56d1bc009301be8c,Maruti Baleno Delta 1.3,2017,650000,20000,Diesel,Individual,Manual,First Owner
690ac12a56d1bc009301be8d,Hyundai i10 Magna 1.2,2010,400000,50000,Petrol,Individual,Manual,First Owner
690ac12a56d1bc009301be8e,Tata Manza Aura (ABS) Quadrajet BS IV,2012,295000,80000,Diesel,Individual,Manual,Second Owner
690ac12a56d1bc009301be8f,Maruti Omni LPG STD BSIV,2006,60000,135000,LPG,Individual,Manual,Fourth & Above Owner
690ac12a56d1bc009301be90,Maruti Zen D PS,2003,110000,120000,Diesel,Individual,Manual,Third Owner
690ac12a56d1bc009301be91,Fiat Linea 1.3 Multijet Emotion,2015,550000,113600,Diesel,Individual,Manual,First Owner
690ac12a56d1bc009301be92,Hyundai Santro Xing GLS,2008,190000,70000,Petrol,Individual,Manual,Third Owner
690ac12a56d1bc009301be93,Ford Aspire Titanium Plus Diesel BSIV,2018,861999,20000,Diesel,Dealer,Manual,First Owner
690ac12a56d1bc009301be94,Ford Aspire Titanium Plus BSIV,2018,782000,14000,Petrol,Dealer,Manual,First Owner
690ac12a56d1bc009301be95,Ford Freestyle Titanium Plus Diesel BSIV,2018,836000,26000,Diesel,Dealer,Manual,First Owner
690ac12a56d1bc009301be96,Honda City i VTEC V,2016,696000,138925,Petrol,Dealer,Manual,First Owner
690ac12a56d1bc009301be97,Honda Jazz 1.5 VX i DTEC,2016,596000,121764,Diesel,Dealer,Manual,First Owner
690ac12a56d1bc009301be98,Honda Jazz 1.2 VX i VTEC,2016,612000,105429,Petrol,Dealer,Manual,First Owner
690ac12a56d1bc009301be99,Maruti Alto 800 LXI,2015,114999,35000,Petrol,Individual,Manual,First Owner
690ac12a56d1bc009301be9a,Tata Bolt Quadrajet XE,2017,340000,60000,Diesel,Individual,Manual,First Owner
690ac12a56d1bc009301be9b,Maruti Swift ZXI Plus,2020,550000,5000,Petrol,Individual,Manual,First Owner
690ac12a56d1bc009301be9c,Chevrolet Aveo U-VA 1.2 LT,2008,114999,70000,Petrol,Individual,Manual,Third Owner
690ac12a56d1bc009301be9d,Maruti Wagon R VXI,2000,105000,80000,Petrol,Individual,Manual,First Owner
690ac12a56d1bc009301be9e,Maruti Vitara Brezza ZDi,2019,890000,20000,Diesel,Individual,Manual,First Owner
690ac12a56d1bc009301be9f,Tata Nexon 1.2 Revotron XZ Plus,2019,715000,8000,Petrol,Individual,Manual,First Owner
690ac12a56d1bc009301bea0,Hyundai i20 Asta (o),2014,525000,54000,Petrol,Dealer,Manual,Second Owner
690ac12a56d1bc009301bea1,Volkswagen Jetta 2.0L TDI Highline AT,2012,735000,55300,Diesel,Dealer,Automatic,First Owner
690ac12a56d1bc009301bea2,Honda Amaze S i-VTEC,2016,495000,11958,Petrol,Dealer,Manual,First Owner
690ac12a56d1bc009301bea3,Hyundai Creta 1.6 SX Option,2017,1025000,9000,Petrol,Dealer,Manual,First Owner
690ac12a56d1bc009301bea4,Mahindra XUV500 W8 2WD,2015,750000,70000,Diesel,Individual,Manual,First Owner
690ac12a56d1bc009301bea5,Renault Duster 85PS Diesel RxL Optional,2013,600000,120000,Diesel,Individual,Manual,First Owner
690ac12a56d1bc009301bea6,Hyundai i20 Asta 1.2,2014,475000,23122,Petrol,Dealer,Manual,Second Owner
690ac12a56d1bc009301bea7,Hyundai Santro Xing XO,2007,80000,58000,Petrol,Dealer,Manual,Second Owner
690ac12a56d1bc009301bea8,Mahindra Bolero 2011-2019 SLE,2013,325000,62200,Diesel,Dealer,Manual,First Owner
690ac12a56d1bc009301bea9,Audi A6 2.0 TDI Premium Plus,2014,1470000,34000,Diesel,Dealer,Automatic,Second Owner
690ac12a56d1bc009301beaa,Fiat Avventura MULTIJET Emotion,2015,350000,53000,Diesel,Individual,Manual,Second Owner
690ac12a56d1bc009301beab,Audi A8 4.2 TDI,2013,2800000,49000,Diesel,Dealer,Automatic,First Owner
690ac12a56d1bc009301beac,Datsun RediGO 1.0 S,2017,210000,15000,Petrol,Dealer,Manual,Second Owner
690ac12a56d1bc009301bead,Chevrolet Cruze LT,2012,349000,44500,Diesel,Dealer,Manual,Second Owner
690ac12a56d1bc009301beae,Volkswagen Jetta 1.4 TSI Comfortline,2013,450000,50000,Petrol,Individual,Manual,First Owner
690ac12a56d1bc009301beaf,Audi A4 2.0 TDI 177 Bhp Premium Plus,2013,1150000,53000,Diesel,Dealer,Automatic,First Owner
690ac12a56d1bc009301beb0,Honda Civic 1.8 V AT,2009,210000,63500,Petrol,Dealer,Automatic,First Owner
690ac12a56d1bc009301beb1,Mercedes-Benz E-Class Exclusive E 200 BSIV,2018,4500000,9800,Petrol,Dealer,Automatic,First Owner
690ac12a56d1bc009301beb2,Volkswagen Polo GTI,2017,825000,13599,Petrol,Dealer,Automatic,First Owner
690ac12a56d1bc009301beb3,BMW X1 sDrive 20d xLine,2017,2750000,13000,Diesel,Individual,Automatic,First Owner
690ac12a56d1bc009301beb4,Chevrolet Beat Diesel,2012,160000,110000,Diesel,Individual,Manual,First Owner
690ac12a56d1bc009301beb5,Mahindra Scorpio SLE BSIV,2014,550000,100000,Diesel,Individual,Manual,Second Owner
690ac12a56d1bc009301beb6,Maruti Swift 1.3 VXI ABS,2006,95000,110000,Petrol,Individual,Manual,Third Owner
690ac12a56d1bc009301beb7,Toyota Innova 2.5 G (Diesel) 7 Seater,2014,725000,90000,Diesel,Individual,Manual,Second Owner
690ac12a56d1bc009301beb8,Tata Tigor 1.2 Revotron XZ Option,2019,670000,17000,Petrol,Individual,Manual,First Owner
690ac12a56d1bc009301beb9,Maruti Alto LX,2008,65000,140000,Petrol,Individual,Manual,First Owner
690ac12a56d1bc009301beba,Mahindra Xylo D4,2015,500000,50000,Diesel,Individual,Manual,Second Owner
690ac12a56d1bc009301bebb,Mahindra KUV 100 mFALCON G80 K8 5str,2017,600000,53000,Petrol,Individual,Manual,First Owner
690ac12a56d1bc009301bebc,Maruti Wagon R VXI Optional,2017,350000,70000,Petrol,Individual,Manual,Second Owner
690ac12a56d1bc009301bebd,Chevrolet Beat Diesel LT,2012,200000,70000,Diesel,Individual,Manual,Second Owner
690ac12a56d1bc009301bebe,Hyundai Getz 1.5 CRDi GVS,2008,110000,154000,Diesel,Individual,Manual,Third Owner
690ac12a56d1bc009301bebf,Hyundai EON Sportz,2012,150000,80000,Petrol,Individual,Manual,First Owner
690ac12a56d1bc009301bec0,Maruti Zen D PS,2003,75000,110000,Diesel,Individual,Manual,Second Owner
690ac12a56d1bc009301bec1,Honda Amaze EX i-Dtech,2013,350000,90000,Diesel,Individual,Manual,Second Owner
690ac12a56d1bc009301bec2,Toyota Innova Crysta 2.4 VX MT 8S BSIV,2018,1700000,15000,Diesel,Individual,Manual,First Owner
690ac12a56d1bc009301bec3,BMW X1 sDrive20d,2011,890000,86000,Diesel,Individual,Automatic,Second Owner
690ac12a56d1bc009301bec4,Mahindra Scorpio M2DI,2014,500000,120000,Diesel,Individual,Manual,First Owner
690ac12a56d1bc009301bec5,Hyundai Elite i20 Sportz Plus Dual Tone BSIV,2019,600000,5200,Petrol,Individual,Manual,First Owner
690ac12a56d1bc009301bec6,Chevrolet Beat LS,2010,99000,60000,Petrol,Individual,Manual,Second Owner
690ac12a56d1bc009301bec7,Hyundai i10 Era 1.1 iTech SE,2011,235000,46000,Petrol,Individual,Manual,First Owner
690ac12a56d1bc009301bec8,Tata Indigo GLX,2006,75000,40000,Petrol,Individual,Manual,Second Owner
690ac12a56d1bc009301bec9,Honda City i DTEC VX,2014,600000,90000,Diesel,Individual,Manual,Second Owner
690ac12a56d1bc009301beca,Hyundai Verna CRDi 1.6 SX,2019,1000000,25000,Diesel,Individual,Manual,Second Owner
690ac12a56d1bc009301becb,Hyundai Verna 1.6 SX,2012,390000,90000,Diesel,Individual,Manual,First Owner
690ac12a56d1bc009301becc,Volkswagen Polo 1.5 TDI Highline,2015,600000,70000,Diesel,Individual,Manual,First Owner
690ac12a56d1bc009301becd,Hyundai i20 1.2 Spotz,2017,600000,70000,Petrol,Individual,Manual,Second Owner
690ac12a56d1bc009301bece,Hyundai Elite i20 Magna Plus Diesel,2019,730000,35000,Diesel,Individual,Manual,Second Owner
690ac12a56d1bc009301becf,Hyundai Grand i10 1.2 Kappa Magna AT,2017,450000,12700,Petrol,Individual,Automatic,First Owner
690ac12a56d1bc009301bed0,Maruti Ritz LDi,2011,250000,80000,Diesel,Individual,Manual,First Owner
690ac12a56d1bc009301bed1,Mahindra XUV500 W10 2WD,2018,1400000,20000,Diesel,Individual,Manual,First Owner
690ac12a56d1bc009301bed2,Renault KWID 1.0 RXT Optional,2018,300000,20000,Petrol,Individual,Manual,First Owner
690ac12a56d1bc009301bed3,Ford EcoSport 1.5 Petrol Titanium BSIV,2017,800000,19000,Petrol,Individual,Manual,First Owner
690ac12a56d1bc009301bed4,Fiat Grande Punto Active (Diesel),2009,125000,95000,Diesel,Individual,Manual,Second Owner
690ac12a56d1bc009301bed5,BMW X1 sDrive 20d xLine,2019,2600000,9500,Diesel,Individual,Automatic,First Owner
690ac12a56d1bc009301bed6,Skoda Fabia 1.2 MPI Ambition Plus,2012,300000,50000,Petrol,Individual,Manual,First Owner
690ac12a56d1bc009301bed7,Volkswagen Polo Diesel Trendline 1.2L,2012,295000,90000,Diesel,Individual,Manual,First Owner
690ac12a56d1bc009301bed8,Ford Ecosport 1.0 Ecoboost Platinum Edition BSIV,2013,650000,45839,Petrol,Dealer,Manual,First Owner
690ac12a56d1bc009301bed9,Chevrolet Aveo 1.4 LS,2010,200000,74510,Petrol,Dealer,Manual,First Owner
690ac12a56d1bc009301beda,Chevrolet Aveo U-VA 1.2 LS,2009,130000,87293,Petrol,Dealer,Manual,First Owner
690ac12a56d1bc009301bedb,Ford Figo Diesel EXI,2012,250000,156040,Diesel,Dealer,Manual,First Owner
690ac12a56d1bc009301bedc,Ford Endeavour 2.5L 4X2 MT,2004,400000,93415,Diesel,Dealer,Manual,First Owner
690ac12a56d1bc009301bedd,Ford Aspire Titanium BSIV,2017,430000,101159,Petrol,Dealer,Manual,First Owner
690ac12a56d1bc009301bede,Hyundai EON 1.0 Kappa Magna Plus,2015,170000,80000,Petrol,Individual,Manual,Second Owner
690ac12a56d1bc009301bedf,Tata Tiago 2019-2020 XZ,2019,450000,12000,Petrol,Individual,Manual,First Owner
690ac12a56d1bc009301bee0,Maruti Swift ZXI,2013,350000,90000,Petrol,Individual,Manual,First Owner
690ac12a56d1bc009301bee1,Chevrolet Spark 1.0 LT,2011,130000,68519,Petrol,Dealer,Manual,First Owner
690ac12a56d1bc009301bee2,Chevrolet Beat Diesel LS,2012,180000,55130,Diesel,Dealer,Manual,First Owner
690ac12a56d1bc009301bee3,Ford Ecosport 1.0 Ecoboost Titanium Optional,2014,475000,65239,Petrol,Dealer,Manual,First Owner
690ac12a56d1bc009301bee4,Volkswagen Polo 1.2 MPI Comfortline,2015,470000,58182,Petrol,Dealer,Manual,First Owner
690ac12a56d1bc009301bee5,Ford Fiesta Diesel Trend,2012,200000,91245,Diesel,Dealer,Manual,First Owner
690ac12a56d1bc009301bee6,Mahindra XUV500 W8 2WD,2013,650000,102989,Diesel,Dealer,Manual,First Owner
690ac12a56d1bc009301bee7,Honda City 1.5 E MT,2010,400000,50000,Petrol,Individual,Manual,First Owner
690ac12a56d1bc009301bee8,Maruti Zen VXI,2000,100000,120000,Petrol,Individual,Manual,First Owner
690ac12a56d1bc009301bee9,Maruti Swift Dzire VDI,2014,409999,90000,Diesel,Individual,Manual,First Owner
690ac12a56d1bc009301beea,Maruti Swift VDI BSIV,2018,640000,25000,Diesel,Individual,Manual,First Owner
690ac12a56d1bc009301beeb,Maruti Wagon R LXI Minor,2007,160000,80000,Petrol,Individual,Manual,Second Owner
690ac12a56d1bc009301beec,Tata Indigo TDI,2013,182000,100000,Diesel,Individual,Manual,First Owner
690ac12a56d1bc009301beed,Maruti Baleno Zeta 1.3,2018,750000,70000,Diesel,Individual,Manual,First Owner
690ac12a56d1bc009301beee,Mahindra Jeep MM 550 XDB,2002,150000,50000,Diesel,Individual,Manual,Third Owner
690ac12a56d1bc009301beef,Maruti Alto STD,2008,80000,100000,Petrol,Individual,Manual,Second Owner
690ac12a56d1bc009301bef0,Maruti Celerio VDi,2016,240000,90000,Diesel,Individual,Manual,Third Owner
690ac12a56d1bc009301bef1,Maruti Esteem Lxi,2005,60000,60000,Petrol,Individual,Manual,Third Owner
690ac12a56d1bc009301bef2,Maruti Alto LX,2007,70000,120000,Petrol,Individual,Manual,Third Owner
690ac12a56d1bc009301bef3,Volkswagen Jetta 1.9 Highline TDI,2008,285000,90000,Diesel,Individual,Automatic,Second Owner
690ac12a56d1bc009301bef4,Maruti Swift VDI BSIV,2015,350000,60000,Diesel,Individual,Manual,Second Owner
690ac12a56d1bc009301bef5,Hyundai i20 Active 1.4 SX with AVN,2015,699000,30000,Diesel,Individual,Manual,Second Owner
690ac12a56d1bc009301bef6,Ford Figo Diesel ZXI,2011,275000,108000,Diesel,Individual,Manual,Second Owner
690ac12a56d1bc009301bef7,Hyundai i20 1.4 CRDi Magna,2012,350000,160000,Diesel,Individual,Manual,Second Owner
690ac12a56d1bc009301bef8,Maruti Alto LXi BSIII,2006,135000,90000,Petrol,Individual,Manual,Third Owner
690ac12a56d1bc009301bef9,Mahindra Xylo E4 8S,2010,325000,120000,Diesel,Individual,Manual,Third Owner
690ac12a56d1bc009301befa,Mahindra XUV500 W8 2WD,2012,650000,102000,Diesel,Individual,Manual,Second Owner
690ac12a56d1bc009301befb,Mahindra Bolero SLE,2009,300000,178000,Diesel,Individual,Manual,Second Owner
690ac12a56d1bc009301befc,Toyota Innova 2.5 VX (Diesel) 8 Seater,2014,1200000,200000,Diesel,Individual,Manual,Second Owner
690ac12a56d1bc009301befd,Ford Fiesta Petrol Trend,2012,450000,60000,Petrol,Dealer,Manual,First Owner
690ac12a56d1bc009301befe,Tata Tiago 1.2 Revotron XE,2019,425000,3000,Petrol,Individual,Manual,First Owner
690ac12a56d1bc009301beff,Maruti Alto LXi,2006,150000,75118,Petrol,Individual,Manual,Second Owner
690ac12a56d1bc009301bf00,Maruti Ritz LDi,2013,290000,140000,Diesel,Individual,Manual,Second Owner
690ac12a56d1bc009301bf01,Hyundai Xcent 1.2 Kappa Base,2014,335000,60000,Petrol,Individual,Manual,Second Owner
690ac12a56d1bc009301bf02,Chevrolet Optra 1.6,2006,120000,79000,Petrol,Dealer,Manual,Fourth & Above Owner
690ac12a56d1bc009301bf03,Ford Ikon 1.6 ZXI NXt,2005,20000,25000,Petrol,Individual,Manual,Second Owner
690ac12a56d1bc009301bf04,Hyundai Getz GLS,2005,250000,70000,Petrol,Individual,Manual,First Owner
690ac12a56d1bc009301bf05,Hyundai Santro Xing GL Plus,2008,120000,41723,Petrol,Individual,Manual,Second Owner
690ac12a56d1bc009301bf06,Maruti SX4 Vxi BSIV,2010,250000,70000,Petrol,Individual,Manual,First Owner
690ac12a56d1bc009301bf07,Tata Indigo LS,2012,220000,70000,Diesel,Individual,Manual,Second Owner
690ac12a56d1bc009301bf08,Ford Ikon 1.3 Flair,2005,61000,4637,Petrol,Individual,Manual,Second Owner
690ac12a56d1bc009301bf09,Maruti Swift VDI BSIV,2016,620000,70000,Diesel,Individual,Manual,First Owner
690ac12a56d1bc009301bf0a,Maruti Swift Dzire LDIX Limited Edition,2014,425000,100000,Diesel,Individual,Manual,Second Owner
690ac12a56d1bc009301bf0b,Tata Indica Vista Aqua 1.3 Quadrajet,2009,85000,120000,Diesel,Individual,Manual,Second Owner
690ac12a56d1bc009301bf0c,Maruti Swift 1.3 DLX,2015,270000,40000,Diesel,Individual,Manual,Second Owner
690ac12a56d1bc009301bf0d,Maruti Swift Vdi BSIII,2009,180000,220000,Diesel,Individual,Manual,First Owner
690ac12a56d1bc009301bf0e,Renault KWID 1.0 RXT Optional,2018,300000,20000,Petrol,Individual,Manual,First Owner
690ac12a56d1bc009301bf0f,Ford EcoSport 1.5 Petrol Titanium BSIV,2017,800000,19000,Petrol,Individual,Manual,First Owner
690ac12a56d1bc009301bf10,Fiat Grande Punto Active (Diesel),2009,125000,95000,Diesel,Individual,Manual,Second Owner
690ac12a56d1bc009301bf11,Mahindra KUV 100 mFALCON G80 K2,2017,450000,30000,Petrol,Individual,Manual,First Owner
690ac12a56d1bc009301bf12,Tata New Safari DICOR 2.2 VX 4x4,2012,450000,42655,Diesel,Individual,Manual,First Owner
690ac12a56d1bc009301bf13,Renault KWID 1.0 RXL,2017,250000,43000,Petrol,Individual,Manual,Second Owner
690ac12a56d1bc009301bf14,Toyota Innova 2.5 VX 8 STR BSIV,2012,725000,70000,Diesel,Individual,Manual,First Owner
690ac12a56d1bc009301bf15,Hyundai i20 Magna,2010,250000,55000,Petrol,Individual,Manual,First Owner
690ac12a56d1bc009301bf16,Fiat Punto 1.3 Active,2010,99000,80000,Diesel,Individual,Manual,Second Owner
690ac12a56d1bc009301bf17,Renault KWID 1.0,2017,350000,55000,Petrol,Individual,Manual,First Owner
690ac12a56d1bc009301bf18,Hyundai Xcent 1.2 VTVT E Plus,2018,511000,70000,Petrol,Individual,Manual,First Owner
690ac12a56d1bc009301bf19,Maruti Ritz VDi,2012,300000,80000,Diesel,Individual,Manual,First Owner
690ac12a56d1bc009301bf1a,Audi Q5 2.0 TFSI Quattro,2010,1100000,110000,Petrol,Individual,Automatic,First Owner
690ac12a56d1bc009301bf1b,Hyundai i10 Sportz 1.2,2010,125000,60000,Petrol,Individual,Manual,Third Owner
690ac12a56d1bc009301bf1c,Tata Tiago 1.2 Revotron XZ,2018,500000,30000,Petrol,Individual,Manual,First Owner
690ac12a56d1bc009301bf1d,Renault Duster 85PS Diesel RxL,2013,385000,80000,Diesel,Individual,Manual,Second Owner
690ac12a56d1bc009301bf1e,Skoda Rapid 1.6 MPI Elegance,2012,350000,90000,Petrol,Individual,Manual,First Owner
690ac12a56d1bc009301bf1f,Maruti 800 Std BSIII,2003,60000,50000,Petrol,Individual,Manual,First Owner
690ac12a56d1bc009301bf20,Hyundai Santro Xing GLS,2012,300000,50000,Petrol,Individual,Manual,First Owner
690ac12a56d1bc009301bf21,Hyundai i20 1.4 CRDi Asta,2012,400000,70000,Diesel,Individual,Manual,First Owner
690ac12a56d1bc009301bf22,Ford Ecosport 1.5 DV5 MT Titanium,2014,550000,110000,Diesel,Individual,Manual,First Owner
690ac12a56d1bc009301bf23,Nissan Sunny XL,2012,300000,80000,Petrol,Individual,Manual,Second Owner
690ac12a56d1bc009301bf24,Maruti Swift VDI,2012,250000,156000,Diesel,Individual,Manual,First Owner
690ac12a56d1bc009301bf25,Toyota Innova 2.5 GX 7 STR,2012,800000,180000,Diesel,Individual,Manual,First Owner
690ac12a56d1bc009301bf26,Maruti Eeco 5 Seater AC BSIV,2018,300000,25000,Petrol,Individual,Manual,First Owner
690ac12a56d1bc009301bf27,Maruti Alto LX,2004,80000,120000,Petrol,Individual,Manual,First Owner
690ac12a56d1bc009301bf28,Mahindra Scorpio S5 BSIV,2020,1200000,11000,Diesel,Individual,Manual,First Owner
690ac12a56d1bc009301bf29,Renault KWID AMT,2017,355000,40000,Petrol,Individual,Automatic,First Owner
690ac12a56d1bc009301bf2a,Maruti Swift Dzire VDI,2015,520000,50000,Diesel,Individual,Manual,First Owner
690ac12a56d1bc009301bf2b,Hyundai Verna 1.6 CRDI,2012,500000,26000,Diesel,Individual,Manual,First Owner
690ac12a56d1bc009301bf2c,Maruti Alto LXi,2008,114999,30000,Petrol,Individual,Manual,First Owner
690ac12a56d1bc009301bf2d,Toyota Fortuner 4x2 Manual,2014,1800000,50000,Diesel,Individual,Manual,First Owner
690ac12a56d1bc009301bf2e,Mahindra TUV 300 T6 Plus,2018,800000,20000,Diesel,Individual,Manual,First Owner
690ac12a56d1bc009301bf2f,Maruti Alto LXi BSIII,2008,105000,30000,Petrol,Individual,Manual,Second Owner
690ac12a56d1bc009301bf30,Maruti Alto LXi,2011,135000,78000,Petrol,Individual,Manual,First Owner
690ac12a56d1bc009301bf31,Maruti Wagon R VXI BS IV,2011,170000,40000,Petrol,Individual,Manual,Second Owner
690ac12a56d1bc009301bf32,Hyundai Verna 1.6 SX VTVT,2014,550000,100000,Petrol,Individual,Manual,First Owner
690ac12a56d1bc009301bf33,Honda City 1.5 V MT,2009,250000,70000,Petrol,Individual,Manual,Third Owner
690ac12a56d1bc009301bf34,Hyundai Elantra CRDi SX,2014,650000,30000,Diesel,Individual,Manual,Second Owner
690ac12a56d1bc009301bf35,Honda City 1.5 V AT Exclusive,2008,210000,77000,Petrol,Individual,Automatic,Third Owner
690ac12a56d1bc009301bf36,Volkswagen Vento Diesel Highline,2011,260000,150000,Diesel,Individual,Manual,First Owner
690ac12a56d1bc009301bf37,Maruti Swift Dzire ZDI,2016,750000,69000,Diesel,Individual,Manual,First Owner
690ac12a56d1bc009301bf38,Toyota Innova Crysta 2.8 GX AT BSIV,2016,1350000,120000,Diesel,Individual,Automatic,First Owner
690ac12a56d1bc009301bf39,Maruti Ritz VDi,2012,220000,120000,Diesel,Individual,Manual,Second Owner
690ac12a56d1bc009301bf3a,Hyundai Getz 1.3 GLS,2008,110000,110000,Petrol,Individual,Manual,Second Owner
690ac12a56d1bc009301bf3b,Mahindra XUV500 AT W8 FWD,2017,1230000,70000,Diesel,Individual,Automatic,First Owner
690ac12a56d1bc009301bf3c,Mahindra Quanto C6,2013,220000,110000,Diesel,Individual,Manual,First Owner
690ac12a56d1bc009301bf3d,Tata Indigo LX Dicor,2009,130000,50000,Diesel,Individual,Manual,First Owner
690ac12a56d1bc009301bf3e,Hyundai i20 1.2 Magna,2012,330000,44000,Petrol,Individual,Manual,First Owner
690ac12a56d1bc009301bf3f,Honda City 1.5 S MT,2010,254999,90000,Petrol,Individual,Manual,Second Owner
690ac12a56d1bc009301bf40,Hyundai Verna 1.6 SX VTVT (O),2014,600000,50000,Petrol,Individual,Manual,Second Owner
690ac12a56d1bc009301bf41,Hyundai i10 Magna,2012,210000,50000,Petrol,Individual,Manual,First Owner
690ac12a56d1bc009301bf42,Chevrolet Enjoy TCDi LT 7 Seater,2014,300000,146000,Diesel,Individual,Manual,First Owner
690ac12a56d1bc009301bf43,Tata Tiago 1.2 Revotron XTA,2018,426000,15000,Petrol,Individual,Automatic,First Owner
690ac12a56d1bc009301bf44,Maruti Alto K10 VXI,2015,265000,60000,Petrol,Individual,Manual,First Owner
690ac12a56d1bc009301bf45,Hyundai Xcent 1.2 Kappa SX,2016,450000,35000,Petrol,Individual,Manual,Second Owner
690ac12a56d1bc009301bf46,Hyundai Verna 1.6 SX,2012,480000,80000,Diesel,Individual,Manual,First Owner
690ac12a56d1bc009301bf47,Tata Nano Lx,2010,40000,90000,Petrol,Individual,Manual,First Owner
690ac12a56d1bc009301bf48,Honda City 1.5 S MT,2011,395000,70000,Petrol,Individual,Manual,Second Owner
690ac12a56d1bc009301bf49,Maruti Wagon R VXI BS IV,2013,229999,62000,Petrol,Individual,Manual,Second Owner
690ac12a56d1bc009301bf4a,Ford Ecosport 1.5 Petrol Titanium Plus AT,2018,875000,10000,Petrol,Individual,Automatic,First Owner
690ac12a56d1bc009301bf4b,Maruti Eeco 5 STR With AC Plus HTR CNG,2010,170000,80000,CNG,Individual,Manual,Fourth & Above Owner
690ac12a56d1bc009301bf4c,Hyundai i20 Sportz 1.2,2015,500000,35000,Petrol,Individual,Manual,Second Owner
690ac12a56d1bc009301bf4d,Renault Duster 85PS Diesel RxL,2013,450000,1000,Diesel,Dealer,Manual,Second Owner
690ac12a56d1bc009301bf4e,Mercedes-Benz C-Class Progressive C 220d,2018,3800000,10000,Diesel,Dealer,Automatic,First Owner
690ac12a56d1bc009301bf4f,Audi A4 3.0 TDI Quattro,2013,1580000,86000,Diesel,Dealer,Automatic,First Owner
690ac12a56d1bc009301bf50,BMW X5 xDrive 30d xLine,2019,4950000,30000,Diesel,Dealer,Automatic,First Owner
690ac12a56d1bc009301bf51,Hyundai Creta 1.6 CRDi SX,2016,535000,52600,Diesel,Individual,Manual,First Owner
690ac12a56d1bc009301bf52,Maruti SX4 Vxi BSIV,2012,225000,110000,Petrol,Individual,Manual,Second Owner
690ac12a56d1bc009301bf53,Hyundai Grand i10 1.2 Kappa Magna AT,2017,550000,19890,Petrol,Dealer,Automatic,First Owner
690ac12a56d1bc009301bf54,Maruti Swift ZXI BSIV,2016,670000,7104,Petrol,Trustmark Dealer,Manual,First Owner
690ac12a56d1bc009301bf55,Maruti Ertiga VXI,2015,625000,11918,Petrol,Trustmark Dealer,Manual,First Owner
690ac12a56d1bc009301bf56,Hyundai Grand i10 Magna AT,2017,520000,10510,Petrol,Dealer,Automatic,First Owner
690ac12a56d1bc009301bf57,Chevrolet Beat LT Option,2016,239000,41000,Petrol,Dealer,Manual,First Owner
690ac12a56d1bc009301bf58,Toyota Fortuner 4x2 AT,2017,2600000,47162,Diesel,Trustmark Dealer,Automatic,First Owner
690ac12a56d1bc009301bf59,Maruti S-Cross Zeta DDiS 200 SH,2015,750000,45974,Diesel,Trustmark Dealer,Manual,First Owner
690ac12a56d1bc009301bf5a,Hyundai i10 Magna,2012,229999,49824,Petrol,Dealer,Manual,First Owner
690ac12a56d1bc009301bf5b,Audi A6 2.0 TDI Premium Plus,2013,1300000,58500,Diesel,Dealer,Automatic,First Owner
690ac12a56d1bc009301bf5c,Hyundai Santro GS,2005,80000,56580,Petrol,Dealer,Manual,First Owner
690ac12a56d1bc009301bf5d,Skoda Laura Ambiente 2.0 TDI CR MT,2012,385000,52000,Diesel,Dealer,Manual,First Owner
690ac12a56d1bc009301bf5e,Hyundai Verna 1.6 VTVT SX,2015,760000,55340,Petrol,Trustmark Dealer,Manual,First Owner
690ac12a56d1bc009301bf5f,Maruti Swift Dzire VDI,2017,600000,46507,Diesel,Trustmark Dealer,Manual,First Owner
690ac12a56d1bc009301bf60,Maruti Ignis 1.2 Sigma BSIV,2019,450000,40000,Petrol,Individual,Manual,First Owner
690ac12a56d1bc009301bf61,Maruti Ignis 1.2 Sigma BSIV,2019,450000,40000,Petrol,Individual,Manual,First Owner
690ac12a56d1bc009301bf62,Maruti Ertiga VDI,2012,550000,120000,Diesel,Individual,Manual,Third Owner
690ac12a56d1bc009301bf63,Tata Manza Aura Safire BS IV,2013,200000,60000,Petrol,Individual,Manual,First Owner
690ac12a56d1bc009301bf64,Tata Indica GLS BS IV,2008,80000,90000,Petrol,Individual,Manual,Second Owner
690ac12a56d1bc009301bf65,Tata New Safari DICOR 2.2 EX 4x2,2010,300000,250000,Diesel,Individual,Manual,Second Owner
690ac12a56d1bc009301bf66,Ford Aspire Titanium Plus Diesel BSIV,2019,675000,15000,Diesel,Individual,Manual,First Owner
690ac12a56d1bc009301bf67,Maruti Eeco 7 Seater Standard BSIV,2017,260000,30000,Petrol,Individual,Manual,First Owner
690ac12a56d1bc009301bf68,Hyundai Grand i10 1.2 Kappa Asta,2019,500000,15000,Petrol,Individual,Manual,First Owner
690ac12a56d1bc009301bf69,Hyundai EON Sportz,2012,150000,55766,Petrol,Individual,Manual,Second Owner
690ac12a56d1bc009301bf6a,Maruti Alto LXi,2006,100000,80000,Petrol,Individual,Manual,First Owner
690ac12a56d1bc009301bf6b,Maruti Wagon R LXI,2001,70000,117000,Petrol,Individual,Manual,Second Owner
690ac12a56d1bc009301bf6c,Maruti Alto LX,2004,100000,70000,Petrol,Individual,Manual,First Owner
690ac12a56d1bc009301bf6d,Toyota Innova 2.5 VX (Diesel) 7 Seater,2012,730000,110000,Diesel,Individual,Manual,Second Owner
690ac12a56d1bc009301bf6e,Nissan Terrano XL 85 PS,2016,525000,100000,Diesel,Individual,Manual,Second Owner
690ac12a56d1bc009301bf6f,Nissan Terrano XL 85 PS,2016,525000,105000,Diesel,Individual,Manual,Second Owner
690ac12a56d1bc009301bf70,Toyota Innova 2.5 V Diesel 7-seater,2009,550000,182000,Diesel,Individual,Manual,Third Owner
690ac12a56d1bc009301bf71,Toyota Corolla Altis Diesel D4DJ,2012,420000,95000,Diesel,Individual,Manual,Second Owner
690ac12a56d1bc009301bf72,Honda Amaze SX i-VTEC,2015,500000,70000,Petrol,Individual,Manual,First Owner
690ac12a56d1bc009301bf73,Maruti Wagon R LXI Minor,2009,165000,76000,Petrol,Individual,Manual,Second Owner
690ac12a56d1bc009301bf74,Hyundai Verna 1.6 SX,2014,650000,70000,Diesel,Individual,Manual,Second Owner
690ac12a56d1bc009301bf75,Chevrolet Beat Diesel LT,2013,195000,46000,Diesel,Individual,Manual,First Owner
690ac12a56d1bc009301bf76,Maruti Zen LX,1999,75000,70000,Petrol,Individual,Manual,First Owner
690ac12a56d1bc009301bf77,Hyundai Accent CRDi,2005,100000,120000,Diesel,Individual,Manual,Second Owner
690ac12a56d1bc009301bf78,Toyota Innova Crysta 2.4 VX MT BSIV,2017,1770000,25000,Diesel,Individual,Manual,First Owner
690ac12a56d1bc009301bf79,Maruti Esteem Lxi - BSIII,2006,90000,90000,Petrol,Individual,Manual,First Owner
690ac12a56d1bc009301bf7a,Hyundai Xcent 1.1 CRDi Base,2016,515000,50000,Diesel,Individual,Manual,First Owner
690ac12a56d1bc009301bf7b,Honda Jazz 1.5 VX i DTEC,2017,700000,24585,Diesel,Dealer,Manual,Test Drive Car
690ac12a56d1bc009301bf7c,Maruti Zen LX,2001,62000,70000,Petrol,Individual,Manual,First Owner
690ac12a56d1bc009301bf7d,Toyota Etios GD SP,2011,220000,110000,Diesel,Individual,Manual,Third Owner
690ac12a56d1bc009301bf7e,Hyundai Santro Magna CNG BSIV,2019,520000,10000,CNG,Individual,Manual,First Owner
690ac12a56d1bc009301bf7f,Fiat Linea Emotion,2010,170000,100000,Petrol,Individual,Manual,First Owner
690ac12a56d1bc009301bf80,Ford Figo Diesel Titanium,2011,190000,110000,Diesel,Individual,Manual,Second Owner
690ac12a56d1bc009301bf81,Ford Figo Diesel Titanium,2011,150000,100000,Diesel,Individual,Manual,Second Owner
690ac12a56d1bc009301bf82,Maruti Zen Estilo LXI BS IV,2009,125000,65000,Petrol,Individual,Manual,First Owner
690ac12a56d1bc009301bf83,Honda Amaze EX i-Dtech,2015,290000,40000,Diesel,Individual,Manual,Third Owner
690ac12a56d1bc009301bf84,Maruti Celerio X ZXI BSIV,2019,490000,13900,Petrol,Individual,Manual,First Owner
690ac12a56d1bc009301bf85,Tata Tigor 1.2 Revotron XZ Option,2017,434999,17563,Petrol,Individual,Manual,First Owner
690ac12a56d1bc009301bf86,Tata Zest Revotron 1.2T XE,2016,380000,15000,Petrol,Individual,Manual,First Owner
690ac12a56d1bc009301bf87,Volkswagen Polo Diesel Trendline 1.2L,2012,200000,82000,Diesel,Individual,Manual,Second Owner
690ac12a56d1bc009301bf88,Ford Figo 1.5D Trend MT,2016,495000,40000,Diesel,Individual,Manual,First Owner
690ac12a56d1bc009301bf89,Toyota Innova 2.5 Z Diesel 7 Seater BS IV,2014,894999,173000,Diesel,Individual,Manual,Third Owner
690ac12a56d1bc009301bf8a,Mahindra XUV500 W6 2WD,2014,600000,151000,Diesel,Individual,Manual,Second Owner
690ac12a56d1bc009301bf8b,Honda Brio S MT,2015,300000,50000,Petrol,Individual,Manual,First Owner
690ac12a56d1bc009301bf8c,Honda Amaze E i-VTEC,2017,430000,15000,Petrol,Individual,Manual,First Owner
690ac12a56d1bc009301bf8d,Honda Amaze E i-DTEC,2017,370000,80000,Diesel,Individual,Manual,First Owner
690ac12a56d1bc009301bf8e,Maruti Baleno Zeta 1.2,2019,750000,11000,Petrol,Individual,Manual,First Owner
690ac12a56d1bc009301bf8f,Maruti Alto K10 LXI CNG Optional,2016,300000,50000,CNG,Individual,Manual,First Owner
690ac12a56d1bc009301bf90,BMW X1 sDrive20d,2012,700000,120000,Diesel,Individual,Automatic,Second Owner
690ac12a56d1bc009301bf91,Maruti Wagon R LXI DUO BSIII,2007,100000,70000,LPG,Individual,Manual,Third Owner
690ac12a56d1bc009301bf92,Hyundai Grand i10 Sportz,2015,300000,90000,Petrol,Individual,Manual,First Owner
690ac12a56d1bc009301bf93,Tata Indica Vista Quadrajet VX,2012,130000,185000,Diesel,Individual,Manual,Second Owner
690ac12a56d1bc009301bf94,Hyundai i20 Asta Option 1.4 CRDi,2016,650000,40000,Diesel,Individual,Manual,First Owner
690ac12a56d1bc009301bf95,Maruti Swift VDI BSIV,2017,509999,25000,Diesel,Individual,Manual,First Owner
690ac12a56d1bc009301bf96,Toyota Innova 2.5 VX (Diesel) 7 Seater,2013,1000000,117780,Diesel,Individual,Manual,Second Owner
690ac12a56d1bc009301bf97,Hyundai Verna CRDi SX,2010,280000,120000,Diesel,Individual,Manual,Second Owner
690ac12a56d1bc009301bf98,Maruti Swift DDiS VDI,2017,600000,120000,Diesel,Individual,Manual,First Owner
690ac12a56d1bc009301bf99,Skoda Rapid 1.6 TDI Ambition,2013,210000,120000,Diesel,Individual,Manual,Third Owner
690ac12a56d1bc009301bf9a,Audi Q3 2.0 TDI Quattro Premium Plus,2014,1150000,110000,Diesel,Individual,Automatic,Second Owner
690ac12a56d1bc009301bf9b,Hyundai EON Magna Plus,2018,229999,30000,Petrol,Individual,Manual,First Owner
690ac12a56d1bc009301bf9c,Hyundai EON Magna Plus,2018,245000,30000,Petrol,Individual,Manual,First Owner
690ac12a56d1bc009301bf9d,Mahindra Scorpio S4 4WD,2015,600000,60000,Diesel,Individual,Manual,First Owner
690ac12a56d1bc009301bf9e,Hyundai Grand i10 Sportz,2016,375000,25000,Petrol,Individual,Manual,First Owner
690ac12a56d1bc009301bf9f,Mahindra Scorpio 1.99 S10,2015,150000,55000,Diesel,Individual,Manual,Second Owner
690ac12a56d1bc009301bfa0,Mahindra XUV500 W10 2WD,2018,1450000,20000,Diesel,Individual,Manual,First Owner
690ac12a56d1bc009301bfa1,Maruti Ertiga VDI,2014,500000,100000,Diesel,Individual,Manual,Second Owner
690ac12a56d1bc009301bfa2,Maruti Alto LXi,2007,75000,40000,Petrol,Individual,Manual,Second Owner
690ac12a56d1bc009301bfa3,Hyundai Sonata AT Leather,2006,225000,80000,Petrol,Individual,Automatic,Third Owner
690ac12a56d1bc009301bfa4,Hyundai Sonata 2.4L AT,2006,275000,80000,Petrol,Individual,Automatic,Fourth & Above Owner
690ac12a56d1bc009301bfa5,Mahindra Bolero Power Plus SLX,2018,620000,35000,Diesel,Individual,Manual,First Owner
690ac12a56d1bc009301bfa6,Nissan X-Trail SLX MT,2010,600000,110000,Diesel,Individual,Manual,Second Owner
690ac12a56d1bc009301bfa7,Mahindra Xylo E8 ABS Airbag BSIV,2011,275000,160000,Diesel,Individual,Manual,First Owner
690ac12a56d1bc009301bfa8,Tata Indigo TDI,2013,125000,125000,Diesel,Individual,Manual,First Owner
690ac12a56d1bc009301bfa9,Tata Indigo GLS,2011,80000,62000,Petrol,Individual,Manual,Second Owner
690ac12a56d1bc009301bfaa,Nissan Micra Diesel XV,2011,199000,120000,Diesel,Individual,Manual,Second Owner
690ac12a56d1bc009301bfab,Nissan Micra XL,2016,440000,33000,Petrol,Individual,Manual,Second Owner
690ac12a56d1bc009301bfac,Maruti Swift Dzire LDI,2013,250000,80000,Diesel,Individual,Manual,Fourth & Above Owner
690ac12a56d1bc009301bfad,Hyundai i20 1.4 Sportz,2017,700000,35000,Diesel,Individual,Manual,First Owner
690ac12a56d1bc009301bfae,Hyundai Grand i10 CRDi Asta Option,2015,450000,50000,Diesel,Individual,Manual,First Owner
690ac12a56d1bc009301bfaf,Maruti Alto 800 Std Optional,2019,240000,5000,Petrol,Individual,Manual,First Owner
690ac12a56d1bc009301bfb0,Hyundai Xcent 1.2 Kappa SX,2016,350000,12000,Petrol,Individual,Manual,First Owner
690ac12a56d1bc009301bfb1,Ford EcoSport 1.5 TDCi Titanium BSIV,2016,650000,81595,Diesel,Dealer,Manual,First Owner
690ac12a56d1bc009301bfb2,Hyundai Getz GLS ABS,2005,71000,22000,Petrol,Individual,Manual,First Owner
690ac12a56d1bc009301bfb3,Maruti Swift VXI Optional,2015,400000,40000,Petrol,Individual,Manual,First Owner
690ac12a56d1bc009301bfb4,Maruti Alto LXi BSIII,2008,130000,40000,Petrol,Individual,Manual,Second Owner
690ac12a56d1bc009301bfb5,Mahindra Scorpio 2.6 CRDe SLE,2013,300000,70000,Diesel,Individual,Manual,Second Owner
690ac12a56d1bc009301bfb6,Nissan Kicks XL D BSIV,2019,1100000,4000,Diesel,Individual,Manual,First Owner
690ac12a56d1bc009301bfb7,BMW 3 Series 320d Luxury Line,2015,2200000,24000,Diesel,Individual,Automatic,First Owner
690ac12a56d1bc009301bfb8,Honda Amaze VX i-VTEC,2018,800000,13500,Petrol,Dealer,Manual,First Owner
690ac12a56d1bc009301bfb9,Maruti Ritz VDI (ABS) BS IV,2013,490000,40000,Diesel,Individual,Manual,First Owner
690ac12a56d1bc009301bfba,Honda Jazz 1.2 VX i VTEC,2018,836000,9700,Petrol,Dealer,Manual,First Owner
690ac12a56d1bc009301bfbb,Volkswagen Polo Petrol Comfortline 1.2L,2012,375000,62000,Petrol,Individual,Manual,Second Owner
690ac12a56d1bc009301bfbc,Honda BR-V i-DTEC VX MT,2016,1249000,24000,Diesel,Dealer,Manual,First Owner
690ac12a56d1bc009301bfbd,Honda WR-V i-DTEC VX,2019,1240000,13000,Diesel,Dealer,Manual,First Owner
690ac12a56d1bc009301bfbe,Tata Nano Std BSII,2009,35000,50000,Petrol,Individual,Manual,Third Owner
690ac12a56d1bc009301bfbf,Honda BR-V i-VTEC VX MT,2017,1068000,36000,Petrol,Dealer,Manual,First Owner
690ac12a56d1bc009301bfc0,Honda BR-V i-DTEC VX MT,2017,1189000,40000,Diesel,Dealer,Manual,First Owner
690ac12a56d1bc009301bfc1,Hyundai Elite i20 Petrol Asta Option,2018,700000,27000,Petrol,Individual,Manual,First Owner
690ac12a56d1bc009301bfc2,Maruti Alto K10 VXI,2016,350000,40000,Petrol,Individual,Manual,First Owner
690ac12a56d1bc009301bfc3,Hyundai i10 Magna 1.2,2009,254999,80000,Petrol,Individual,Manual,Second Owner
690ac12a56d1bc009301bfc4,Mahindra Scorpio 2.6 CRDe,2005,229999,221000,Diesel,Individual,Manual,Third Owner
690ac12a56d1bc009301bfc5,Hyundai i20 Asta Option 1.4 CRDi,2016,750000,80000,Diesel,Individual,Manual,First Owner
690ac12a56d1bc009301bfc6,Maruti Ritz VDi,2012,325000,119000,Diesel,Individual,Manual,Second Owner
690ac12a56d1bc009301bfc7,Toyota Innova 2.5 G4 Diesel 7-seater,2009,760000,190000,Diesel,Individual,Manual,Second Owner
690ac12a56d1bc009301bfc8,Maruti Celerio ZXI AT,2017,509999,25000,Petrol,Individual,Automatic,First Owner
690ac12a56d1bc009301bfc9,Nissan Micra XL,2013,363000,28740,Petrol,Individual,Manual,First Owner
690ac12a56d1bc009301bfca,Maruti Alto K10 LXI,2010,229999,48500,Petrol,Individual,Manual,First Owner
690ac12a56d1bc009301bfcb,Nissan Sunny XL,2012,290000,110000,Petrol,Individual,Manual,Second Owner
690ac12a56d1bc009301bfcc,Maruti Swift VXI,2018,550000,30000,Petrol,Individual,Manual,First Owner
690ac12a56d1bc009301bfcd,Tata Indica Vista TDI LX,2011,125000,120000,Diesel,Individual,Manual,Second Owner
690ac12a56d1bc009301bfce,Volvo XC60 D5 Inscription,2014,2000000,130000,Diesel,Individual,Automatic,First Owner
690ac12a56d1bc009301bfcf,Toyota Innova 2.5 G4 Diesel 7-seater,2008,350000,140000,Diesel,Individual,Manual,Second Owner
690ac12a56d1bc009301bfd0,Hyundai Verna 1.6 SX CRDi (O),2011,390000,90000,Diesel,Individual,Manual,First Owner
690ac12a56d1bc009301bfd1,Maruti Wagon R VXI Minor ABS,2010,260000,50000,Petrol,Individual,Manual,First Owner
690ac12a56d1bc009301bfd2,Maruti Omni BSIII 8-STR W/ IMMOBILISER,2008,150000,50000,Petrol,Individual,Manual,Second Owner
690ac12a56d1bc009301bfd3,Maruti Esteem Vxi - BSIII,2006,85000,60000,Petrol,Individual,Manual,Second Owner
690ac12a56d1bc009301bfd4,Maruti Alto 800 LXI,2015,280000,15000,Petrol,Individual,Manual,Second Owner
690ac12a56d1bc009301bfd5,Maruti Celerio VXI,2015,220000,45000,Petrol,Individual,Manual,First Owner
690ac12a56d1bc009301bfd6,Hyundai Santro Xing XG,2005,140000,80000,Petrol,Individual,Manual,Third Owner
690ac12a56d1bc009301bfd7,Maruti Wagon R AMT VXI Option,2018,370000,15000,Petrol,Individual,Automatic,First Owner
690ac12a56d1bc009301bfd8,Maruti Swift Dzire VDI,2019,650000,20000,Diesel,Individual,Manual,First Owner
690ac12a56d1bc009301bfd9,Maruti Alto 800 LX,2017,280000,37000,Petrol,Individual,Manual,First Owner
690ac12a56d1bc009301bfda,Maruti Swift Dzire VDI,2016,540000,80000,Diesel,Individual,Manual,First Owner
690ac12a56d1bc009301bfdb,Ambassador Classic 2000 Dsz,2002,50000,120000,Diesel,Individual,Manual,Fourth & Above Owner
690ac12a56d1bc009301bfdc,Maruti Ciaz Sigma BSIV,2018,800000,20000,Petrol,Individual,Manual,First Owner
690ac12a56d1bc009301bfdd,Ford Figo 1.5D Titanium MT,2016,515000,25000,Diesel,Individual,Manual,First Owner
690ac12a56d1bc009301bfde,Hyundai i20 1.2 Magna,2010,220000,96000,Petrol,Individual,Manual,Third Owner
690ac12a56d1bc009301bfdf,Hyundai i20 Asta (o),2014,525000,54000,Petrol,Dealer,Manual,Second Owner
690ac12a56d1bc009301bfe0,Chevrolet Spark 1.0 LT Option Pack w/ Airbag,2013,165000,53000,Petrol,Dealer,Manual,First Owner
690ac12a56d1bc009301bfe1,Fiat Linea 1.3 Emotion,2010,221000,65000,Diesel,Dealer,Manual,First Owner
690ac12a56d1bc009301bfe2,Chevrolet Beat LT,2015,245000,43000,Petrol,Dealer,Manual,First Owner
690ac12a56d1bc009301bfe3,Ford Figo 1.2P Titanium Plus MT,2012,260000,42000,Petrol,Dealer,Manual,First Owner
690ac12a56d1bc009301bfe4,Skoda Superb Elegance 2.0 TDI CR AT,2011,550000,73000,Diesel,Dealer,Automatic,First Owner
690ac12a56d1bc009301bfe5,Hyundai Grand i10 1.2 Kappa Era,2015,434999,29000,Petrol,Dealer,Manual,First Owner
690ac12a56d1bc009301bfe6,Tata Safari Storme EX,2013,450000,95000,Diesel,Dealer,Manual,First Owner
690ac12a56d1bc009301bfe7,Chevrolet Sail 1.2 Base,2014,290000,25000,Petrol,Individual,Manual,First Owner
690ac12a56d1bc009301bfe8,Volkswagen Vento 1.0 TSI Highline Plus,2011,305000,53000,Petrol,Dealer,Manual,Second Owner
690ac12a56d1bc009301bfe9,Ford Classic 1.6 Duratec LXI,2011,265000,20000,Petrol,Dealer,Manual,First Owner
690ac12a56d1bc009301bfea,Honda Brio 1.2 S MT,2014,325000,57000,Petrol,Dealer,Manual,First Owner
690ac12a56d1bc009301bfeb,Chevrolet Cruze LTZ,2014,550000,52000,Diesel,Dealer,Manual,First Owner
690ac12a56d1bc009301bfec,Maruti Zen Estilo LXI BSIII,2008,105000,40000,Petrol,Individual,Manual,First Owner
690ac12a56d1bc009301bfed,Honda Brio 1.2 S MT,2012,275000,47000,Petrol,Dealer,Manual,First Owner
690ac12a56d1bc009301bfee,Honda City 1.5 V MT,2012,434999,47000,Petrol,Dealer,Manual,Second Owner
690ac12a56d1bc009301bfef,Hyundai Verna 1.6 CRDi SX,2016,690000,73000,Diesel,Dealer,Manual,First Owner
690ac12a56d1bc009301bff0,Honda Brio V MT,2012,249000,42000,Petrol,Dealer,Manual,Second Owner
690ac12a56d1bc009301bff1,Hyundai EON D Lite Plus,2012,204999,60000,Petrol,Dealer,Manual,Third Owner
690ac12a56d1bc009301bff2,Chevrolet Beat Diesel LT,2012,200000,50000,Diesel,Individual,Manual,First Owner
690ac12a56d1bc009301bff3,Maruti Wagon R VXI Optional,2015,190000,120000,Petrol,Individual,Manual,First Owner
690ac12a56d1bc009301bff4,Maruti Alto LXi,2012,150000,50000,Petrol,Individual,Manual,First Owner
690ac12a56d1bc009301bff5,Maruti Zen LX,1999,70000,70000,Petrol,Individual,Manual,Fourth & Above Owner
690ac12a56d1bc009301bff6,Mahindra Bolero Power Plus SLX,2018,900000,25000,Diesel,Individual,Manual,First Owner
690ac12a56d1bc009301bff7,Maruti Ertiga ZXI AT Petrol,2019,950000,11000,Petrol,Individual,Automatic,First Owner
690ac12a56d1bc009301bff8,Maruti Swift Dzire VXI,2013,475000,80000,Petrol,Individual,Manual,First Owner
690ac12a56d1bc009301bff9,Maruti 800 Std,1998,55000,80000,Petrol,Individual,Manual,Fourth & Above Owner
690ac12a56d1bc009301bffa,Ford Fiesta Titanium 1.5 TDCi,2013,450000,75000,Diesel,Individual,Manual,Second Owner
690ac12a56d1bc009301bffb,BMW 5 Series 525d Sedan,2009,1200000,45000,Diesel,Individual,Automatic,Third Owner
690ac12a56d1bc009301bffc,Mahindra Bolero SLX,2007,300000,100000,Diesel,Individual,Manual,Second Owner
690ac12a56d1bc009301bffd,Honda City i DTEC E,2014,350000,60000,Diesel,Individual,Manual,Second Owner
690ac12a56d1bc009301bffe,Tata Indica Vista Quadrajet LS,2011,229999,160000,Diesel,Individual,Manual,Second Owner
690ac12a56d1bc009301bfff,Hyundai Creta 1.6 Gamma SX Plus,2015,821000,50000,Petrol,Individual,Manual,First Owner
690ac12a56d1bc009301c000,Maruti Alto K10 VXI,2014,200000,80000,Petrol,Individual,Manual,Second Owner
690ac12a56d1bc009301c001,Mahindra Scorpio 1.99 S10,2017,1000000,60000,Diesel,Individual,Manual,Second Owner
690ac12a56d1bc009301c002,Maruti Alto 800 VXI,2016,220000,60000,Petrol,Individual,Manual,Second Owner
690ac12a56d1bc009301c003,Ford Figo Aspire 1.5 TDCi Trend,2015,459999,148620,Diesel,Dealer,Manual,First Owner
690ac12a56d1bc009301c004,Maruti SX4 ZDI,2012,310000,70000,Diesel,Individual,Manual,Second Owner
690ac12a56d1bc009301c005,Hyundai Elite i20 Diesel Asta Option,2018,815000,42000,Diesel,Individual,Manual,First Owner
690ac12a56d1bc009301c006,Hyundai Verna 1.6 CRDI SX Option,2017,1200000,40000,Diesel,Individual,Manual,First Owner
690ac12a56d1bc009301c007,Chevrolet Optra Magnum 2.0 LT,2011,170000,150000,Diesel,Individual,Manual,Second Owner
690ac12a56d1bc009301c008,Maruti S-Cross Alpha DDiS 200 SH,2017,1000000,30000,Diesel,Individual,Manual,First Owner
690ac12a56d1bc009301c009,Hyundai Santro Xing GLS,2010,155000,90000,Petrol,Individual,Manual,Fourth & Above Owner
690ac12a56d1bc009301c00a,Mahindra TUV 300 T6 Plus,2017,400000,120000,Diesel,Individual,Manual,First Owner
690ac12a56d1bc009301c00b,Mahindra Quanto C4,2016,400000,80000,Diesel,Individual,Manual,Second Owner
690ac12a56d1bc009301c00c,Tata Indica Vista Aura 1.3 Quadrajet BSIV,2010,250000,80000,Diesel,Individual,Manual,Second Owner
690ac12a56d1bc009301c00d,Tata Indigo GLX,2008,150000,50000,Petrol,Individual,Manual,Third Owner
690ac12a56d1bc009301c00e,Hyundai Santro LP zipPlus,2002,80000,70000,Petrol,Individual,Manual,Second Owner
690ac12a56d1bc009301c00f,Maruti SX4 ZXI AT,2009,130000,120000,Petrol,Individual,Automatic,Second Owner
690ac12a56d1bc009301c010,Volkswagen Vento 1.5 TDI Comfortline AT,2014,325000,70000,Diesel,Individual,Automatic,First Owner
690ac12a56d1bc009301c011,Volkswagen Jetta 2.0L TDI Highline AT,2012,735000,55300,Diesel,Dealer,Automatic,First Owner
690ac12a56d1bc009301c012,Tata Indica Vista Quadrajet 90 VX,2012,285000,74300,Diesel,Dealer,Manual,First Owner
690ac12a56d1bc009301c013,Honda City VX MT,2010,350000,48781,Petrol,Dealer,Manual,First Owner
690ac12a56d1bc009301c014,Volkswagen Jetta 1.9 Highline TDI,2010,290000,87620,Diesel,Dealer,Automatic,First Owner
690ac12a56d1bc009301c015,Volkswagen Vento 1.5 TDI Highline Plus AT,2017,890000,40219,Diesel,Dealer,Automatic,First Owner
690ac12a56d1bc009301c016,Honda Jazz VX,2011,385000,11473,Petrol,Dealer,Manual,First Owner
690ac12a56d1bc009301c017,Maruti Eeco 5 Seater AC BSIV,2017,425000,8352,Petrol,Dealer,Manual,First Owner
690ac12a56d1bc009301c018,Maruti Wagon R VXI AMT1.2BSIV,2017,525000,9745,Petrol,Dealer,Automatic,First Owner
690ac12a56d1bc009301c019,Hyundai Grand i10 Asta,2017,550000,9748,Petrol,Dealer,Manual,First Owner
690ac12a56d1bc009301c01a,Volkswagen Polo 1.0 MPI Trendline,2012,271000,49000,Petrol,Dealer,Manual,First Owner
690ac12a56d1bc009301c01b,Hyundai Creta 1.6 CRDi SX Option,2018,1490000,20694,Diesel,Dealer,Manual,First Owner
690ac12a56d1bc009301c01c,Hyundai Grand i10 Asta Option,2015,490000,31080,Petrol,Dealer,Manual,First Owner
690ac12a56d1bc009301c01d,Hyundai EON Era Plus,2014,260000,37605,Petrol,Dealer,Manual,First Owner
690ac12a56d1bc009301c01e,Hyundai Xcent 1.1 CRDi SX Option,2014,455000,55850,Diesel,Dealer,Manual,First Owner
690ac12a56d1bc009301c01f,Tata Nano Lx BSIV,2010,75000,58850,Petrol,Dealer,Manual,First Owner
690ac12a56d1bc009301c020,Toyota Etios Cross 1.2L G,2015,421000,23839,Petrol,Dealer,Manual,First Owner
690ac12a56d1bc009301c021,Maruti Swift DDiS LDI,2016,550000,54000,Diesel,Dealer,Manual,First Owner
690ac12a56d1bc009301c022,Hyundai i10 Sportz 1.2 AT,2013,330000,38000,Petrol,Dealer,Automatic,First Owner
690ac12a56d1bc009301c023,Volkswagen Vento 1.5 TDI Comfortline,2012,390000,45454,Diesel,Dealer,Manual,First Owner
690ac12a56d1bc009301c024,Skoda Rapid 1.5 TDI AT Ambition,2015,599000,46957,Diesel,Dealer,Automatic,First Owner
690ac12a56d1bc009301c025,Hyundai Elite i20 Sportz Plus CVT BSIV,2019,738000,8000,Petrol,Individual,Automatic,First Owner
690ac12a56d1bc009301c026,Maruti Alto K10 VXI,2016,300000,30000,Petrol,Individual,Manual,First Owner
690ac12a56d1bc009301c027,Tata Indica Vista Quadrajet LX,2012,150000,110000,Diesel,Individual,Manual,First Owner
690ac12a56d1bc009301c028,Toyota Innova 2.5 G4 Diesel 7-seater,2007,440000,223000,Diesel,Individual,Manual,Fourth & Above Owner
690ac12a56d1bc009301c029,Volkswagen Vento IPL II Diesel Trendline,2011,280000,110000,Diesel,Individual,Manual,First Owner
690ac12a56d1bc009301c02a,Hyundai Santro GS,2006,100000,120000,Petrol,Individual,Manual,Second Owner
690ac12a56d1bc009301c02b,Maruti Swift VXi BSIV,2008,150000,100000,Petrol,Individual,Manual,Second Owner
690ac12a56d1bc009301c02c,Maruti Swift Dzire VDI,2014,380000,100000,Diesel,Individual,Manual,Second Owner
690ac12a56d1bc009301c02d,Maruti Alto LX,2006,90000,60000,Petrol,Individual,Manual,Second Owner
690ac12a56d1bc009301c02e,Mahindra Scorpio VLS 2.2 mHawk,2008,300000,270000,Diesel,Individual,Manual,Third Owner
690ac12a56d1bc009301c02f,Skoda Fabia 1.2 TDI Active,2011,275000,60000,Diesel,Individual,Manual,Second Owner
690ac12a56d1bc009301c030,Maruti Zen Estilo Sports,2009,180000,41090,Petrol,Individual,Manual,First Owner
690ac12a56d1bc009301c031,Maruti Swift VDI,2012,225000,296823,Diesel,Individual,Manual,First Owner
690ac12a56d1bc009301c032,Maruti Alto 800 LXI,2014,200000,40000,Petrol,Individual,Manual,First Owner
690ac12a56d1bc009301c033,Toyota Corolla Altis G,2011,500000,40000,Petrol,Individual,Manual,Second Owner
690ac12a56d1bc009301c034,Ford Fiesta 1.6 Duratec S,2010,300000,70000,Petrol,Individual,Manual,Second Owner
690ac12a56d1bc009301c035,Hyundai Verna 1.6 CRDi SX,2015,765000,80000,Diesel,Individual,Manual,Second Owner
690ac12a56d1bc009301c036,Maruti Swift Dzire VDI,2017,650000,90000,Diesel,Individual,Manual,First Owner
690ac12a56d1bc009301c037,Maruti Wagon R VXI Plus Optional,2017,380000,19000,Petrol,Individual,Manual,First Owner
690ac12a56d1bc009301c038,Maruti Swift Dzire VDI,2014,480000,110000,Diesel,Individual,Manual,Second Owner
690ac12a56d1bc009301c039,Mahindra Jeep MM 540,1996,200000,60000,Diesel,Individual,Manual,First Owner
690ac12a56d1bc009301c03a,Maruti Wagon R VXI Plus Optional,2017,380000,19000,Petrol,Individual,Manual,First Owner
690ac12a56d1bc009301c03b,Maruti Zen Estilo LXI Green (CNG),2010,145000,68000,CNG,Individual,Manual,Second Owner
690ac12a56d1bc009301c03c,Maruti Ritz VDi,2011,280000,120000,Diesel,Individual,Manual,Second Owner
690ac12a56d1bc009301c03d,Maruti Swift Dzire VDI,2014,254999,30000,Diesel,Individual,Manual,First Owner
690ac12a56d1bc009301c03e,Tata Bolt Revotron XE,2016,300000,90000,Petrol,Individual,Manual,Second Owner
690ac12a56d1bc009301c03f,Maruti Swift VDI BSIV,2015,480000,140000,Diesel,Individual,Manual,Third Owner
690ac12a56d1bc009301c040,Skoda Rapid Monte Carlo 1.6 MPI AT BSIV,2017,850000,44500,Petrol,Individual,Automatic,First Owner
690ac12a56d1bc009301c041,Hyundai i20 Asta 1.4 CRDi,2014,350000,52000,Diesel,Individual,Manual,Second Owner
690ac12a56d1bc009301c042,Hyundai i20 Active 1.2 SX,2016,650000,26000,Petrol,Individual,Manual,First Owner
690ac12a56d1bc009301c043,Hyundai i20 Active 1.2 SX,2016,650000,26000,Petrol,Individual,Manual,First Owner
690ac12a56d1bc009301c044,Tata New Safari 4X2,2007,550000,80000,Petrol,Individual,Manual,Second Owner
690ac12a56d1bc009301c045,Maruti Celerio VXI,2015,300000,35000,Petrol,Individual,Manual,First Owner
690ac12a56d1bc009301c046,Maruti Swift 1.3 VXi,2008,150000,60000,Petrol,Individual,Manual,Second Owner
690ac12a56d1bc009301c047,Hyundai Grand i10 Sportz,2014,300000,120000,Petrol,Individual,Manual,First Owner
690ac12a56d1bc009301c048,Hyundai Santro Xing XG,2004,80000,58000,Petrol,Individual,Manual,First Owner
690ac12a56d1bc009301c049,Tata Manza Club Class Quadrajet90 LS,2014,200000,100000,Diesel,Individual,Manual,First Owner
690ac12a56d1bc009301c04a,Hyundai EON Magna Plus,2016,220000,43700,Petrol,Individual,Manual,First Owner
690ac12a56d1bc009301c04b,Tata Indica GLS BS IV,2009,68000,120000,Petrol,Individual,Manual,Second Owner
690ac12a56d1bc009301c04c,Tata Manza ELAN Quadrajet BS IV,2011,180000,80000,Diesel,Individual,Manual,Third Owner
690ac12a56d1bc009301c04d,Hyundai EON Era Plus,2017,290000,20000,Petrol,Individual,Manual,First Owner
690ac12a56d1bc009301c04e,Maruti Eeco 5 Seater AC BSIV,2018,300000,25000,Petrol,Individual,Manual,First Owner
690ac12a56d1bc009301c04f,Honda City i DTec SV,2014,600000,27483,Diesel,Dealer,Manual,First Owner
690ac12a56d1bc009301c050,Maruti Swift LXI,2019,470000,8000,Petrol,Individual,Manual,First Owner
690ac12a56d1bc009301c051,Hyundai i10 Sportz 1.2,2008,150000,30000,Petrol,Individual,Manual,First Owner
690ac12a56d1bc009301c052,Maruti Swift VVT VXI,2017,400000,30000,Petrol,Individual,Manual,First Owner
690ac12a56d1bc009301c053,Ford Fiesta 1.4 ZXi TDCi ABS,2009,110000,100000,Diesel,Individual,Manual,Fourth & Above Owner
690ac12a56d1bc009301c054,Maruti Alto 800 LXI,2014,180000,56207,Petrol,Dealer,Manual,Second Owner
690ac12a56d1bc009301c055,Hyundai i20 Sportz Petrol,2010,250000,40000,Petrol,Individual,Manual,First Owner
690ac12a56d1bc009301c056,Maruti Zen LXI,2006,80000,70000,Petrol,Individual,Manual,First Owner
690ac12a56d1bc009301c057,Honda WR-V i-VTEC VX,2018,875000,1440,Petrol,Individual,Manual,First Owner
690ac12a56d1bc009301c058,Hyundai Grand i10 Sportz,2015,425000,12000,Petrol,Individual,Manual,First Owner
690ac12a56d1bc009301c059,Maruti Alto 800 LXI,2019,300000,50000,Petrol,Individual,Manual,First Owner
690ac12a56d1bc009301c05a,Honda Amaze VX i-DTEC,2016,700000,35000,Diesel,Individual,Manual,First Owner
690ac12a56d1bc009301c05b,Maruti Zen Estilo VXI BSIV,2010,130000,50000,Petrol,Individual,Manual,Second Owner
690ac12a56d1bc009301c05c,Maruti Ertiga SHVS ZDI Plus,2017,1000000,60000,Diesel,Individual,Manual,Second Owner
690ac12a56d1bc009301c05d,Maruti Swift Dzire ZDI,2017,650000,67000,Diesel,Individual,Manual,First Owner
690ac12a56d1bc009301c05e,Renault Duster Petrol RxL,2013,400000,100000,Petrol,Individual,Manual,Second Owner
690ac12a56d1bc009301c05f,Mahindra TUV 300 mHAWK100 T8,2017,800000,60000,Diesel,Individual,Manual,First Owner
690ac12a56d1bc009301c060,Mahindra Bolero Power Plus SLX,2017,675000,70000,Diesel,Individual,Manual,First Owner
690ac12a56d1bc009301c061,Maruti Omni E MPI STD BS IV,2017,210000,50000,Petrol,Individual,Manual,Fourth & Above Owner
690ac12a56d1bc009301c062,Tata New Safari DICOR 2.2 EX 4x2,2009,150000,120000,Diesel,Individual,Manual,Third Owner
690ac12a56d1bc009301c063,Maruti Omni CNG,2007,45000,100000,CNG,Individual,Manual,Fourth & Above Owner
690ac12a56d1bc009301c064,Hyundai i20 Sportz 1.2,2015,516000,90000,Petrol,Individual,Manual,First Owner
690ac12a56d1bc009301c065,Hyundai i20 Sportz 1.2,2014,450000,80000,Petrol,Individual,Manual,First Owner
690ac12a56d1bc009301c066,Chevrolet Spark 1.0 LS,2012,134000,90000,Petrol,Individual,Manual,Second Owner
690ac12a56d1bc009301c067,Toyota Etios VD,2014,509999,157000,Diesel,Individual,Manual,Second Owner
690ac12a56d1bc009301c068,Volkswagen Polo 1.2 MPI Comfortline,2016,500000,20000,Petrol,Individual,Manual,First Owner
690ac12a56d1bc009301c069,Maruti Zen Estilo 1.1 LXI BSIII,2008,130000,80000,Petrol,Individual,Manual,Fourth & Above Owner
690ac12a56d1bc009301c06a,Maruti Swift ZDi BSIV,2015,575000,60000,Diesel,Individual,Manual,First Owner
690ac12a56d1bc009301c06b,Hyundai Elite i20 Sportz Plus BSIV,2015,550000,49000,Petrol,Individual,Manual,First Owner
690ac12a56d1bc009301c06c,Tata Indica Vista Terra TDI BSIII,2009,145000,89255,Diesel,Individual,Manual,First Owner
690ac12a56d1bc009301c06d,Maruti Alto 800 LXI,2020,347000,5000,Petrol,Individual,Manual,First Owner
690ac12a56d1bc009301c06e,Tata Indica Vista Quadrajet VX,2013,275000,110000,Diesel,Individual,Manual,First Owner
690ac12a56d1bc009301c06f,Toyota Innova 2.5 V Diesel 8-seater,2010,630000,200000,Diesel,Individual,Manual,Third Owner
690ac12a56d1bc009301c070,Chevrolet Beat Diesel,2012,160000,90000,Diesel,Individual,Manual,Second Owner
690ac12a56d1bc009301c071,Fiat Grande Punto 1.3 Dynamic (Diesel),2010,150000,63000,Diesel,Individual,Manual,Third Owner
690ac12a56d1bc009301c072,Honda Mobilio S i VTEC,2015,550000,23000,Petrol,Individual,Manual,First Owner
690ac12a56d1bc009301c073,Mahindra Quanto C6,2013,349000,100000,Diesel,Individual,Manual,First Owner
690ac12a56d1bc009301c074,Mahindra Bolero DI DX 8 Seater,2004,229999,168000,Diesel,Individual,Manual,Fourth & Above Owner
690ac12a56d1bc009301c075,Tata Indica Vista Aqua 1.4 TDI,2008,110000,90000,Diesel,Individual,Manual,Third Owner
690ac12a56d1bc009301c076,Maruti Wagon R LXI Minor,2008,110000,70000,Petrol,Individual,Manual,Third Owner
690ac12a56d1bc009301c077,Renault KWID RXE,2018,245000,5550,Petrol,Individual,Manual,Second Owner
690ac12a56d1bc009301c078,Maruti Alto K10 VXI,2014,180000,100000,Petrol,Individual,Manual,Second Owner
690ac12a56d1bc009301c079,Maruti Wagon R VXI BS IV,2014,290000,80000,Petrol,Individual,Manual,Second Owner
690ac12a56d1bc009301c07a,Hyundai i20 Magna,2010,250000,40000,Petrol,Individual,Manual,First Owner
690ac12a56d1bc009301c07b,Tata Indigo TDI,2010,150000,100000,Diesel,Individual,Manual,First Owner
690ac12a56d1bc009301c07c,Maruti 800 AC BSII,2004,55000,35000,Petrol,Individual,Manual,Third Owner
690ac12a56d1bc009301c07d,Skoda Laura L n K 1.9 PD,2006,500000,75000,Diesel,Individual,Manual,Second Owner
690ac12a56d1bc009301c07e,Mahindra Quanto C4,2013,290000,150000,Diesel,Individual,Manual,Fourth & Above Owner
690ac12a56d1bc009301c07f,Hyundai Santro Magna AMT BSIV,2019,400000,16000,Petrol,Individual,Automatic,First Owner
690ac12a56d1bc009301c080,Maruti Alto STD,2009,72000,70000,Petrol,Individual,Manual,First Owner
690ac12a56d1bc009301c081,Maruti Ritz VDi,2014,250000,115000,Diesel,Individual,Manual,First Owner
690ac12a56d1bc009301c082,Maruti Swift AMT VXI,2019,575000,25000,Petrol,Individual,Automatic,First Owner
690ac12a56d1bc009301c083,Kia Seltos HTK Plus AT D,2019,1300000,10000,Diesel,Individual,Automatic,First Owner
690ac12a56d1bc009301c084,Hyundai Santro Magna BSIV,2019,425000,15000,Petrol,Individual,Manual,First Owner
690ac12a56d1bc009301c085,Maruti Eeco CNG 5 Seater AC BSIV,2019,470000,10000,CNG,Individual,Manual,First Owner
690ac12a56d1bc009301c086,Toyota Etios VX,2012,220000,80000,Petrol,Individual,Manual,Third Owner
690ac12a56d1bc009301c087,Maruti Alto 800 LXI,2020,310000,1700,Petrol,Individual,Manual,First Owner
690ac12a56d1bc009301c088,Ford Figo 1.5D Trend MT,2016,400000,45217,Diesel,Dealer,Manual,First Owner
690ac12a56d1bc009301c089,Volkswagen Vento Diesel Comfortline,2012,215000,97000,Diesel,Individual,Manual,First Owner
690ac12a56d1bc009301c08a,Hyundai EON Magna Plus,2018,310000,20000,Petrol,Individual,Manual,First Owner
690ac12a56d1bc009301c08b,Maruti Ciaz ZDi Plus SHVS,2017,750000,50000,Diesel,Individual,Manual,First Owner
690ac12a56d1bc009301c08c,Tata New Safari DICOR 2.2 EX 4x2,2009,204999,120000,Diesel,Individual,Manual,Second Owner
690ac12a56d1bc009301c08d,Maruti Swift 1.3 VXi,2010,260000,50000,Petrol,Individual,Manual,First Owner
690ac12a56d1bc009301c08e,Maruti Alto LXi,2012,180000,40000,Petrol,Individual,Manual,Second Owner
690ac12a56d1bc009301c08f,Mahindra Renault Logan 1.5 DLE Diesel,2007,125000,110000,Diesel,Individual,Manual,Second Owner
690ac12a56d1bc009301c090,Maruti Swift VDI BSIV,2014,420000,155000,Diesel,Individual,Manual,First Owner
690ac12a56d1bc009301c091,Maruti Alto K10 LXI,2011,220000,70000,Petrol,Individual,Manual,Second Owner
690ac12a56d1bc009301c092,Maruti Alto K10 2010-2014 VXI,2010,200000,70000,Petrol,Individual,Manual,Third Owner
690ac12a56d1bc009301c093,Ford Ikon 1.4 TDCi DuraTorq,2009,130000,100000,Diesel,Individual,Manual,Third Owner
690ac12a56d1bc009301c094,Tata Tiago XT,2016,335000,41000,Petrol,Dealer,Manual,First Owner
690ac12a56d1bc009301c095,Ford Endeavour Titanium Plus 4X4,2017,2650000,60000,Diesel,Dealer,Automatic,First Owner
690ac12a56d1bc009301c096,Ford Endeavour 3.2 Titanium AT 4X4,2018,2675000,56000,Diesel,Dealer,Automatic,First Owner
690ac12a56d1bc009301c097,Ford Endeavour Titanium Plus 4X4,2017,2675000,60000,Diesel,Dealer,Automatic,First Owner
690ac12a56d1bc009301c098,Honda City V AT,2011,434999,97000,Petrol,Dealer,Automatic,Second Owner
690ac12a56d1bc009301c099,Honda City i VTEC S,2014,500000,60000,Petrol,Individual,Manual,First Owner
690ac12a56d1bc009301c09a,Maruti Alto K10 VXI Airbag,2017,290000,60000,Petrol,Individual,Manual,First Owner
690ac12a56d1bc009301c09b,Ford Ecosport 1.5 Ti VCT AT Titanium,2014,475000,48000,Petrol,Dealer,Automatic,Second Owner
690ac12a56d1bc009301c09c,Maruti Swift Dzire VDi,2009,270000,190000,Diesel,Individual,Manual,Third Owner
690ac12a56d1bc009301c09d,Hyundai Xcent 1.2 VTVT S,2019,600000,80000,Petrol,Individual,Manual,First Owner
690ac12a56d1bc009301c09e,Hyundai i20 Asta 1.4 CRDi,2013,300000,70000,Diesel,Individual,Manual,Second Owner
690ac12a56d1bc009301c09f,Volkswagen Jetta 2.0L TDI Comfortline,2012,415000,80000,Diesel,Individual,Manual,Second Owner
690ac12a56d1bc009301c0a0,Maruti Vitara Brezza ZDi Plus AMT,2018,800000,30000,Diesel,Individual,Automatic,Second Owner
690ac12a56d1bc009301c0a1,Hyundai Grand i10 Sportz,2016,420000,44440,Petrol,Individual,Manual,Second Owner
690ac12a56d1bc009301c0a2,Hyundai Creta 1.6 CRDi SX Plus,2018,1250000,30000,Diesel,Individual,Manual,First Owner
690ac12a56d1bc009301c0a3,Maruti Swift VDI BSIV,2011,270000,120000,Diesel,Individual,Manual,First Owner
690ac12a56d1bc009301c0a4,Hyundai Grand i10 CRDi Sportz,2015,390000,80000,Diesel,Individual,Manual,Second Owner
690ac12a56d1bc009301c0a5,Skoda Laura Ambiente 2.0 TDI CR MT,2012,400000,110000,Diesel,Individual,Manual,First Owner
690ac12a56d1bc009301c0a6,Ford Fiesta 1.4 ZXi Leather,2007,100000,170000,Petrol,Individual,Manual,First Owner
690ac12a56d1bc009301c0a7,Audi A6 2.7 TDI,2010,850000,46000,Diesel,Individual,Automatic,First Owner
690ac12a56d1bc009301c0a8,Chevrolet Cruze LTZ AT,2012,359000,120000,Diesel,Individual,Automatic,Third Owner
690ac12a56d1bc009301c0a9,Maruti Swift Dzire ZDI,2015,470000,91365,Diesel,Dealer,Manual,First Owner
690ac12a56d1bc009301c0aa,Maruti Swift Dzire VDI,2013,360000,90010,Diesel,Dealer,Manual,Second Owner
690ac12a56d1bc009301c0ab,Maruti Ertiga VDI,2013,250999,80000,Diesel,Individual,Manual,First Owner
690ac12a56d1bc009301c0ac,Tata Nano Lx BSIV,2012,45000,35000,Petrol,Individual,Manual,Second Owner
690ac12a56d1bc009301c0ad,Maruti Wagon R VXI BSII,2006,75000,80000,Petrol,Individual,Manual,Second Owner
690ac12a56d1bc009301c0ae,Maruti Swift Dzire VDI,2013,495000,31800,Diesel,Dealer,Manual,First Owner
690ac12a56d1bc009301c0af,Maruti Wagon R CNG LXI,2013,310000,59100,CNG,Dealer,Manual,First Owner
690ac12a56d1bc009301c0b0,Honda Jazz 1.2 V i VTEC,2016,540000,31200,Petrol,Dealer,Manual,First Owner
690ac12a56d1bc009301c0b1,Maruti Ciaz VDi Plus SHVS,2016,665000,51000,Diesel,Dealer,Manual,First Owner
690ac12a56d1bc009301c0b2,Hyundai i20 Magna 1.4 CRDi (Diesel),2013,425000,22700,Diesel,Dealer,Manual,Second Owner
690ac12a56d1bc009301c0b3,Audi A4 2.0 TDI,2011,1295000,58000,Diesel,Dealer,Automatic,First Owner
690ac12a56d1bc009301c0b4,Maruti Ciaz VDI SHVS,2016,675000,50900,Diesel,Dealer,Manual,First Owner
690ac12a56d1bc009301c0b5,Maruti Vitara Brezza ZDi Plus Dual Tone,2018,980000,10000,Diesel,Individual,Manual,First Owner
690ac12a56d1bc009301c0b6,Chevrolet Beat Diesel LS,2014,320000,60000,Diesel,Individual,Manual,First Owner
690ac12a56d1bc009301c0b7,Maruti Ritz VXI,2011,250000,80000,Petrol,Individual,Manual,Second Owner
690ac12a56d1bc009301c0b8,Maruti Baleno Zeta 1.3,2016,600000,72000,Diesel,Individual,Manual,First Owner
690ac12a56d1bc009301c0b9,Hyundai Xcent 1.2 Kappa S,2016,300000,96000,Petrol,Individual,Manual,First Owner
690ac12a56d1bc009301c0ba,Chevrolet Beat Diesel LS,2014,305000,66000,Diesel,Individual,Manual,First Owner
690ac12a56d1bc009301c0bb,Tata New Safari DICOR 2.2 GX 4x2 BS IV,2012,270000,80000,Diesel,Individual,Manual,Second Owner
690ac12a56d1bc009301c0bc,Renault Fluence 1.5,2012,300000,90000,Diesel,Individual,Manual,First Owner
690ac12a56d1bc009301c0bd,Maruti Wagon R LXI Minor,2009,106000,70000,Petrol,Individual,Manual,First Owner
690ac12a56d1bc009301c0be,Hyundai Accent GLS 1.6 ABS,2006,90000,75000,Petrol,Individual,Manual,Third Owner
690ac12a56d1bc009301c0bf,Tata Tiago 1.2 Revotron XZ,2019,539000,2417,Petrol,Individual,Manual,First Owner
690ac12a56d1bc009301c0c0,Ford Fiesta 1.4 ZXi TDCi ABS,2009,110000,100000,Diesel,Individual,Manual,Fourth & Above Owner
690ac12a56d1bc009301c0c1,Hyundai EON Era Plus Option,2016,250000,30000,Petrol,Individual,Manual,Second Owner
690ac12a56d1bc009301c0c2,Hyundai i20 Asta (o),2009,300000,50000,Petrol,Individual,Manual,First Owner
690ac12a56d1bc009301c0c3,Mahindra Scorpio BSIV,2018,707000,60000,Diesel,Individual,Manual,First Owner
690ac12a56d1bc009301c0c4,Hyundai Getz GLS,2007,95000,120000,Petrol,Individual,Manual,Fourth & Above Owner
690ac12a56d1bc009301c0c5,Maruti Eeco CNG 5 Seater AC BSIV,2020,495000,7000,CNG,Individual,Manual,First Owner
690ac12a56d1bc009301c0c6,Tata Indigo TDI,2012,200000,35000,Diesel,Individual,Manual,First Owner
690ac12a56d1bc009301c0c7,Maruti A-Star Vxi,2009,110000,110000,Petrol,Individual,Manual,Fourth & Above Owner
690ac12a56d1bc009301c0c8,Maruti Alto LXi,2008,100000,130000,Petrol,Individual,Manual,Fourth & Above Owner
690ac12a56d1bc009301c0c9,Maruti Alto 800 LX,2016,150000,25000,Petrol,Individual,Manual,Second Owner
690ac12a56d1bc009301c0ca,Toyota Etios 1.5 V,2016,509999,35000,Petrol,Individual,Manual,First Owner
690ac12a56d1bc009301c0cb,Ford Ikon 1.3 Flair,2005,50000,80000,Petrol,Individual,Manual,Third Owner
690ac12a56d1bc009301c0cc,Chevrolet Aveo 1.4,2007,85000,70000,Petrol,Individual,Manual,Second Owner
690ac12a56d1bc009301c0cd,Hyundai Grand i10 1.2 Kappa Magna BSIV,2018,475000,23000,Petrol,Individual,Manual,First Owner
690ac12a56d1bc009301c0ce,Volkswagen Polo 1.2 MPI Highline,2014,425000,40000,Petrol,Individual,Manual,First Owner
690ac12a56d1bc009301c0cf,BMW 5 Series 530i,2006,480000,110000,Petrol,Individual,Automatic,Second Owner
690ac12a56d1bc009301c0d0,Maruti S-Cross Delta DDiS 200 SH,2019,950000,10000,Diesel,Individual,Manual,First Owner
690ac12a56d1bc009301c0d1,Maruti Swift Dzire VDI,2015,535000,80000,Diesel,Individual,Manual,First Owner
690ac12a56d1bc009301c0d2,Hyundai Verna CRDi SX ABS,2009,325000,25000,Diesel,Individual,Manual,Third Owner
690ac12a56d1bc009301c0d3,Maruti Wagon R Stingray VXI,2013,270000,74000,Petrol,Individual,Manual,Third Owner
690ac12a56d1bc009301c0d4,Maruti Celerio VXI,2015,300000,60000,Petrol,Individual,Manual,Third Owner
690ac12a56d1bc009301c0d5,Volkswagen Vento Diesel Trendline,2011,325000,70000,Diesel,Individual,Manual,First Owner
690ac12a56d1bc009301c0d6,Tata New Safari DICOR 2.2 EX 4x2,2010,350000,100000,Diesel,Individual,Manual,First Owner
690ac12a56d1bc009301c0d7,Hyundai Verna CRDi SX,2008,229999,146000,Diesel,Individual,Manual,Third Owner
690ac12a56d1bc009301c0d8,Maruti Swift Dzire LDi,2012,325000,120000,Diesel,Individual,Manual,Second Owner
690ac12a56d1bc009301c0d9,Maruti Wagon R LXI,2005,70000,70000,Petrol,Individual,Manual,Second Owner
690ac12a56d1bc009301c0da,Skoda Laura Ambiente,2008,190000,120000,Diesel,Individual,Manual,Third Owner
690ac12a56d1bc009301c0db,Chevrolet Cruze LTZ,2011,345000,65500,Diesel,Individual,Manual,First Owner
690ac12a56d1bc009301c0dc,Mahindra Scorpio 1.99 S10,2016,1025000,70000,Diesel,Individual,Manual,First Owner
690ac12a56d1bc009301c0dd,Maruti Alto 800 LXI,2012,120000,50000,Petrol,Individual,Manual,First Owner
690ac12a56d1bc009301c0de,Maruti Alto LXi BSIII,2009,114999,90000,Petrol,Individual,Manual,Second Owner
690ac12a56d1bc009301c0df,Honda City 1.5 S MT,2009,300000,120000,Petrol,Individual,Manual,Second Owner
690ac12a56d1bc009301c0e0,Maruti Celerio VXI,2016,340000,56000,Petrol,Dealer,Manual,First Owner
690ac12a56d1bc009301c0e1,Maruti Wagon R LXI,2005,90000,70000,Petrol,Individual,Manual,Second Owner
690ac12a56d1bc009301c0e2,Maruti Alto LX,2006,150000,140300,Petrol,Individual,Manual,First Owner
690ac12a56d1bc009301c0e3,Maruti Alto K10 2010-2014 VXI,2010,115999,70000,Petrol,Individual,Manual,First Owner
690ac12a56d1bc009301c0e4,Toyota Etios Liva 1.4 VD,2017,425000,36000,Diesel,Dealer,Manual,First Owner
690ac12a56d1bc009301c0e5,Honda Amaze VX O iDTEC,2017,550000,12997,Diesel,Dealer,Manual,First Owner
690ac12a56d1bc009301c0e6,Maruti Ciaz 1.4 AT Zeta,2017,500000,40000,Petrol,Individual,Automatic,First Owner
690ac12a56d1bc009301c0e7,Mahindra Quanto C8,2013,300000,25000,Diesel,Individual,Manual,Second Owner
690ac12a56d1bc009301c0e8,Hyundai Verna CRDi 1.6 SX Option,2018,1150000,26430,Diesel,Dealer,Manual,First Owner
690ac12a56d1bc009301c0e9,Maruti Swift 1.3 VXI ABS,2015,475000,24600,Petrol,Dealer,Manual,First Owner
690ac12a56d1bc009301c0ea,Maruti Wagon R LXI,2011,260000,28481,Petrol,Dealer,Manual,First Owner
690ac12a56d1bc009301c0eb,Ford Ecosport 1.0 Ecoboost Titanium Optional,2013,350000,100000,Petrol,Individual,Manual,First Owner
690ac12a56d1bc009301c0ec,Mahindra XUV500 W8 2WD,2013,750000,41988,Diesel,Dealer,Manual,First Owner
690ac12a56d1bc009301c0ed,Renault KWID Climber 1.0 AMT BSIV,2017,350000,7658,Petrol,Dealer,Automatic,First Owner
690ac12a56d1bc009301c0ee,Maruti Wagon R LXI,2009,180000,30375,Petrol,Dealer,Manual,First Owner
690ac12a56d1bc009301c0ef,Maruti Swift Dzire VDI,2017,611000,34400,Diesel,Dealer,Manual,First Owner
690ac12a56d1bc009301c0f0,Renault KWID RXL BSIV,2017,325000,18500,Petrol,Dealer,Manual,First Owner
690ac12a56d1bc009301c0f1,Hyundai EON 1.0 Era Plus,2012,225000,48000,Petrol,Dealer,Manual,First Owner
690ac12a56d1bc009301c0f2,Maruti Wagon R AMT VXI,2014,300000,28942,Petrol,Dealer,Automatic,First Owner
690ac12a56d1bc009301c0f3,Mahindra Bolero Power Plus SLX,2017,400000,50000,Diesel,Individual,Manual,Second Owner
690ac12a56d1bc009301c0f4,Mahindra XUV500 W8 2WD,2012,711000,53600,Diesel,Dealer,Manual,First Owner
690ac12a56d1bc009301c0f5,Toyota Innova 2.5 G (Diesel) 8 Seater,2015,851000,53652,Diesel,Dealer,Manual,First Owner
690ac12a56d1bc009301c0f6,Maruti Wagon R VXI,2016,375000,23000,Petrol,Dealer,Manual,Second Owner
690ac12a56d1bc009301c0f7,Maruti Zen Estilo LXI BSIII,2007,275000,10211,Petrol,Individual,Manual,First Owner
690ac12a56d1bc009301c0f8,Mahindra Scorpio 2.6 SLX Turbo 7 Seater,2005,120000,120000,Diesel,Individual,Manual,Third Owner
690ac12a56d1bc009301c0f9,Maruti Celerio ZDi,2015,350000,120000,Diesel,Individual,Manual,First Owner
690ac12a56d1bc009301c0fa,Maruti Celerio ZXI,2017,409999,35000,Petrol,Individual,Manual,First Owner
690ac12a56d1bc009301c0fb,Hyundai Verna 1.6 SX,2012,500000,130000,Diesel,Individual,Manual,First Owner
690ac12a56d1bc009301c0fc,Nissan Sunny Diesel XL,2013,220000,90000,Diesel,Individual,Manual,Second Owner
690ac12a56d1bc009301c0fd,Ford Fiesta 1.6 Duratec EXI Ltd,2008,120000,80000,Petrol,Individual,Manual,Second Owner
690ac12a56d1bc009301c0fe,Hyundai Santro Xing XK,2007,70000,55000,Petrol,Individual,Manual,Second Owner
690ac12a56d1bc009301c0ff,Maruti Swift Dzire ZXI Plus,2017,800000,15000,Petrol,Individual,Manual,First Owner
690ac12a56d1bc009301c100,Maruti Swift Dzire VDI,2014,450000,260000,Diesel,Individual,Manual,Second Owner
690ac12a56d1bc009301c101,Mahindra Scorpio SLE BSIV,2012,525000,145000,Diesel,Individual,Manual,First Owner
690ac12a56d1bc009301c102,Datsun GO Plus Remix Limited Edition,2016,300000,35000,Petrol,Individual,Manual,First Owner
690ac12a56d1bc009301c103,Hyundai i10 Magna,2008,195000,56000,Petrol,Individual,Manual,Second Owner
690ac12a56d1bc009301c104,Ford Fiesta Classic 1.4 SXI Duratorq,2007,130000,98000,Diesel,Individual,Manual,Second Owner
690ac12a56d1bc009301c105,Toyota Etios VD,2011,300000,135000,Diesel,Individual,Manual,Second Owner
690ac12a56d1bc009301c106,Maruti Alto VXi,2002,120000,60000,Petrol,Individual,Manual,Third Owner
690ac12a56d1bc009301c107,Toyota Innova 2.5 G3,2010,450000,120000,Diesel,Individual,Manual,Third Owner
690ac12a56d1bc009301c108,Tata Indigo LS,2010,160000,102000,Diesel,Individual,Manual,Second Owner
690ac12a56d1bc009301c109,Mahindra Bolero Power Plus Plus AC BSIV PS,2018,800000,35000,Diesel,Individual,Manual,First Owner
690ac12a56d1bc009301c10a,Maruti 800 AC,2013,100000,80000,Petrol,Individual,Manual,First Owner
690ac12a56d1bc009301c10b,Volkswagen Polo GTI,2017,825000,13599,Petrol,Dealer,Automatic,First Owner
690ac12a56d1bc009301c10c,Maruti Alto 800 LXI,2015,265000,32933,Petrol,Dealer,Manual,First Owner
690ac12a56d1bc009301c10d,Maruti Wagon R LXI,2008,175000,54551,Petrol,Dealer,Manual,First Owner
690ac12a56d1bc009301c10e,Maruti Omni 8 Seater BSIV,2014,250999,57112,Petrol,Dealer,Manual,First Owner
690ac12a56d1bc009301c10f,Hyundai Xcent 1.2 VTVT S AT,2015,471000,41025,Petrol,Dealer,Automatic,First Owner
690ac12a56d1bc009301c110,Maruti Swift Dzire LDI,2019,650000,5000,Diesel,Individual,Manual,First Owner
690ac12a56d1bc009301c111,Maruti Swift Dzire LDI,2019,650000,5000,Diesel,Individual,Manual,First Owner
690ac12a56d1bc009301c112,Hyundai EON Magna,2012,225000,53122,Petrol,Dealer,Manual,Second Owner
690ac12a56d1bc009301c113,Maruti Alto 800 LXI CNG,2013,245000,64111,CNG,Dealer,Manual,First Owner
690ac12a56d1bc009301c114,Maruti Ritz LXi,2011,221000,78892,Petrol,Dealer,Manual,First Owner
690ac12a56d1bc009301c115,Hyundai i20 1.2 Asta,2011,271000,74113,Petrol,Dealer,Manual,First Owner
690ac12a56d1bc009301c116,Maruti Wagon R VXI,2012,290000,80000,Petrol,Dealer,Manual,First Owner
690ac12a56d1bc009301c117,Maruti Swift VXi BSIV,2017,525000,39000,Petrol,Dealer,Manual,First Owner
690ac12a56d1bc009301c118,Volkswagen Vento 1.6 Highline,2012,377000,84775,Petrol,Dealer,Manual,First Owner
690ac12a56d1bc009301c119,Tata Nano LX SE,2012,95000,20778,Petrol,Dealer,Manual,First Owner
690ac12a56d1bc009301c11a,Maruti Ertiga VDI,2015,763000,64441,Diesel,Dealer,Manual,First Owner
690ac12a56d1bc009301c11b,Honda Amaze S i-Vtech,2015,450000,43192,Petrol,Dealer,Manual,First Owner
690ac12a56d1bc009301c11c,Tata Nano Twist XE,2014,140000,44416,Petrol,Dealer,Manual,First Owner
690ac12a56d1bc009301c11d,Maruti Ciaz VDi Plus SHVS,2016,701000,79991,Diesel,Dealer,Manual,First Owner
690ac12a56d1bc009301c11e,Nissan Micra Diesel XV,2011,277000,62601,Diesel,Dealer,Manual,Second Owner
690ac12a56d1bc009301c11f,Maruti Baleno Delta Automatic,2018,520000,50000,Petrol,Individual,Automatic,First Owner
690ac12a56d1bc009301c120,Ford Figo Aspire 1.5 TDCi Ambiente ABS,2017,550000,100000,Diesel,Individual,Manual,First Owner
690ac12a56d1bc009301c121,Volkswagen Vento Diesel Highline,2011,260000,97000,Diesel,Individual,Manual,Third Owner
690ac12a56d1bc009301c122,Renault Pulse RxZ,2015,420000,100000,Diesel,Individual,Manual,First Owner
690ac12a56d1bc009301c123,OpelCorsa 1.4 GL,2002,35000,100000,Petrol,Individual,Manual,Third Owner
690ac12a56d1bc009301c124,Mahindra XUV500 W7 BSIV,2018,1150000,20000,Diesel,Individual,Manual,First Owner
690ac12a56d1bc009301c125,Maruti Ciaz 1.4 Zeta,2017,680000,46000,Petrol,Individual,Manual,First Owner
690ac12a56d1bc009301c126,Maruti Swift VDI,2012,425000,40000,Diesel,Individual,Manual,First Owner
690ac12a56d1bc009301c127,Maruti Swift Dzire LDI,2014,450000,70000,Diesel,Individual,Manual,Second Owner
690ac12a56d1bc009301c128,Toyota Innova 2.5 GX (Diesel) 8 Seater BS IV,2008,590000,89600,Diesel,Individual,Manual,Third Owner
690ac12a56d1bc009301c129,Volkswagen Jetta 1.4 TSI Comfortline,2017,936999,60800,Petrol,Individual,Manual,First Owner
690ac12a56d1bc009301c12a,Honda Mobilio S i DTEC,2015,420000,104000,Diesel,Individual,Manual,Second Owner
690ac12a56d1bc009301c12b,Volkswagen Polo 1.5 TDI Highline,2014,450000,80000,Diesel,Individual,Manual,Second Owner
690ac12a56d1bc009301c12c,Maruti 800 AC,2004,40000,69111,Petrol,Individual,Manual,Third Owner
690ac12a56d1bc009301c12d,Toyota Innova 2.5 G (Diesel) 8 Seater,2014,520000,70000,Diesel,Individual,Manual,Second Owner
690ac12a56d1bc009301c12e,Maruti 800 AC,2007,80000,120000,Petrol,Individual,Manual,First Owner
690ac12a56d1bc009301c12f,Tata Nano CX,2014,55000,40000,Petrol,Individual,Manual,First Owner
690ac12a56d1bc009301c130,Mahindra Bolero DI DX 7 Seater,2001,80000,100000,Diesel,Individual,Manual,Third Owner
690ac12a56d1bc009301c131,Maruti Alto 800 LXI,2019,210000,20000,Petrol,Individual,Manual,First Owner
690ac12a56d1bc009301c132,Ford Figo Petrol Titanium,2015,300000,50000,Petrol,Individual,Manual,Second Owner
690ac12a56d1bc009301c133,Tata Tiago 1.05 Revotorq XM,2017,260000,50000,Diesel,Individual,Manual,First Owner
690ac12a56d1bc009301c134,Tata Zest Quadrajet 1.3,2016,250000,70000,Diesel,Individual,Manual,First Owner
690ac12a56d1bc009301c135,Tata Indica Vista Aqua TDI BSIII,2008,80000,90000,Diesel,Individual,Manual,First Owner
690ac12a56d1bc009301c136,Toyota Innova 2.5 GX (Diesel) 7 Seater BS IV,2010,450000,150000,Diesel,Individual,Manual,Second Owner
690ac12a56d1bc009301c137,Toyota Innova 2.5 G (Diesel) 8 Seater BS IV,2005,310000,120000,Diesel,Individual,Manual,Second Owner
690ac12a56d1bc009301c138,Toyota Innova 2.5 GX (Diesel) 8 Seater,2012,500000,100000,Diesel,Individual,Manual,First Owner
690ac12a56d1bc009301c139,Maruti Ertiga SHVS VDI,2016,800000,70000,Diesel,Individual,Manual,Second Owner
690ac12a56d1bc009301c13a,Hyundai Creta 1.6 CRDi SX,2016,840000,70000,Diesel,Individual,Manual,Second Owner
690ac12a56d1bc009301c13b,Honda Amaze S i-Vtech,2016,490000,50000,Petrol,Individual,Manual,First Owner
690ac12a56d1bc009301c13c,Tata Indica Vista Aqua 1.4 TDI,2010,125000,81000,Diesel,Individual,Manual,Second Owner
690ac12a56d1bc009301c13d,Chevrolet Tavera Neo 2 LS B4 7 Str BSIII,2012,400000,120000,Diesel,Individual,Manual,Third Owner
690ac12a56d1bc009301c13e,Chevrolet Cruze LTZ,2015,1000000,3600,Diesel,Dealer,Manual,First Owner
690ac12a56d1bc009301c13f,Ford Figo Aspire 1.2 Ti-VCT Titanium Plus,2015,530000,14272,Petrol,Dealer,Manual,First Owner
690ac12a56d1bc009301c140,Ford EcoSport 1.5 Diesel Titanium Plus BSIV,2017,840000,49213,Diesel,Dealer,Manual,First Owner
690ac12a56d1bc009301c141,Hyundai i10 Sportz 1.1L,2015,229999,40000,Petrol,Individual,Manual,First Owner
690ac12a56d1bc009301c142,Maruti 800 Std,1998,40000,40000,Petrol,Individual,Manual,Fourth & Above Owner
690ac12a56d1bc009301c143,Chevrolet Spark 1.0 LS,2012,130000,80000,Petrol,Individual,Manual,First Owner
690ac12a56d1bc009301c144,Hyundai EON Era Plus,2015,200000,70000,Petrol,Individual,Manual,First Owner
690ac12a56d1bc009301c145,Tata Indica Vista Aqua TDI BSIII,2011,120000,70000,Diesel,Individual,Manual,First Owner
690ac12a56d1bc009301c146,Hyundai Santro LP zipPlus,2003,75000,57000,Petrol,Individual,Manual,First Owner
690ac12a56d1bc009301c147,Tata Bolt Quadrajet XE,2016,250000,120000,Diesel,Individual,Manual,First Owner
690ac12a56d1bc009301c148,Maruti 800 AC BSIII,2005,100000,30000,Petrol,Individual,Manual,First Owner
690ac12a56d1bc009301c149,Hyundai EON Era Plus,2013,280000,3240,Petrol,Individual,Manual,Second Owner
690ac12a56d1bc009301c14a,Hyundai i20 Magna 1.2,2015,540000,5000,Petrol,Individual,Manual,First Owner
690ac12a56d1bc009301c14b,Hyundai i20 1.2 Asta,2018,700000,10000,Petrol,Individual,Manual,First Owner
690ac12a56d1bc009301c14c,Ford Figo Petrol EXI,2014,350000,90000,Petrol,Individual,Manual,Second Owner
690ac12a56d1bc009301c14d,Maruti SX4 VDI,2011,320000,100000,Diesel,Individual,Manual,First Owner
690ac12a56d1bc009301c14e,Honda Amaze S i-DTEC,2016,475000,90000,Diesel,Individual,Manual,First Owner
690ac12a56d1bc009301c14f,Tata Manza Aura (ABS) Quadrajet BS IV,2011,220000,140000,Diesel,Individual,Manual,Second Owner
690ac12a56d1bc009301c150,Nissan Micra Diesel XV Premium,2013,210000,13770,Diesel,Individual,Manual,First Owner
690ac12a56d1bc009301c151,Ford Ikon 1.3 Flair,2005,61000,4637,Petrol,Individual,Manual,Second Owner
690ac12a56d1bc009301c152,Skoda Superb Elegance 2.0 TDI CR AT,2009,355000,100000,Diesel,Individual,Automatic,Second Owner
690ac12a56d1bc009301c153,Chevrolet Beat Diesel LT,2012,150000,60000,Diesel,Individual,Manual,First Owner
690ac12a56d1bc009301c154,Tata Indica Vista Quadrajet LX,2011,133000,80000,Diesel,Individual,Manual,First Owner
690ac12a56d1bc009301c155,Chevrolet Cruze LTZ AT,2015,650000,50000,Diesel,Individual,Automatic,First Owner
690ac12a56d1bc009301c156,Nissan Micra XL,2014,210000,40000,Petrol,Individual,Manual,Second Owner
690ac12a56d1bc009301c157,Chevrolet Beat Diesel LS,2013,130000,93900,Diesel,Individual,Manual,Second Owner
690ac12a56d1bc009301c158,Maruti 800 AC,2007,60000,70000,Petrol,Individual,Manual,First Owner
690ac12a56d1bc009301c159,Mahindra Scorpio 2.6 SLX Turbo 7 Seater,2005,120000,120000,Diesel,Individual,Manual,Third Owner
690ac12a56d1bc009301c15a,BMW 5 Series 520d Luxury Line,2017,2900000,40000,Diesel,Individual,Automatic,First Owner
690ac12a56d1bc009301c15b,Hyundai Accent CRDi,2005,100000,120000,Diesel,Individual,Manual,Second Owner
690ac12a56d1bc009301c15c,Maruti Zen VXi - BS III,2004,79000,80000,Petrol,Individual,Manual,First Owner
690ac12a56d1bc009301c15d,Chevrolet Beat Diesel LS,2012,120000,110000,Diesel,Individual,Manual,First Owner
690ac12a56d1bc009301c15e,Maruti Zen LXi - BS III,2005,125000,34000,Petrol,Dealer,Manual,First Owner
690ac12a56d1bc009301c15f,Chevrolet Enjoy 1.3 TCDi LS 8,2013,425000,20000,Diesel,Dealer,Manual,First Owner
690ac12a56d1bc009301c160,Maruti Wagon R LXI,2001,70000,117000,Petrol,Individual,Manual,Second Owner
690ac12a56d1bc009301c161,Maruti Swift VXI,2020,619000,1500,Petrol,Individual,Manual,First Owner
690ac12a56d1bc009301c162,Nissan Micra XL,2017,415000,48965,Petrol,Dealer,Manual,First Owner
690ac12a56d1bc009301c163,Hyundai EON Era Plus Option,2014,265000,55000,Petrol,Dealer,Manual,First Owner
690ac12a56d1bc009301c164,Tata Indica GLS BS IV,2008,70000,60000,Petrol,Individual,Manual,First Owner
690ac12a56d1bc009301c165,Chevrolet Sail Hatchback 1.3 TCDi,2015,281000,40000,Diesel,Individual,Manual,First Owner
690ac12a56d1bc009301c166,Tata Indigo Grand Dicor,2013,211000,80000,Diesel,Individual,Manual,First Owner
690ac12a56d1bc009301c167,Hyundai Elite i20 Petrol Magna Exective,2018,550000,11000,Petrol,Individual,Manual,First Owner
690ac12a56d1bc009301c168,Chevrolet Enjoy TCDi LT 8 Seater,2014,350000,110000,Diesel,Individual,Manual,First Owner
690ac12a56d1bc009301c169,Maruti Wagon R VXI AMT,2017,420000,19890,Petrol,Dealer,Automatic,First Owner
690ac12a56d1bc009301c16a,Renault KWID RXT,2015,270000,20969,Petrol,Dealer,Manual,First Owner
690ac12a56d1bc009301c16b,Maruti Celerio VXI,2016,399000,20194,Petrol,Dealer,Manual,First Owner
690ac12a56d1bc009301c16c,Ford Figo Trend,2016,440000,34982,Petrol,Dealer,Manual,First Owner
690ac12a56d1bc009301c16d,Hyundai EON Magna,2012,250000,44588,Petrol,Dealer,Manual,First Owner
690ac12a56d1bc009301c16e,Ford Ecosport 1.5 Diesel Titanium,2016,650000,57904,Diesel,Dealer,Manual,First Owner
690ac12a56d1bc009301c16f,Maruti Alto K10 VXI,2015,270000,59258,Petrol,Dealer,Manual,First Owner
690ac12a56d1bc009301c170,Ford Figo Trend,2016,390000,60826,Petrol,Dealer,Manual,First Owner
690ac12a56d1bc009301c171,Mahindra XUV500 W10 2WD,2018,1500000,50000,Diesel,Individual,Manual,First Owner
690ac12a56d1bc009301c172,Maruti 800 AC,2014,225000,35000,Petrol,Individual,Manual,First Owner
690ac12a56d1bc009301c173,Mahindra XUV500 W8 2WD,2015,900000,110000,Diesel,Individual,Manual,Second Owner
690ac12a56d1bc009301c174,Hyundai Tucson 2.0 e-VGT 2WD AT GL,2018,1600000,40000,Diesel,Individual,Automatic,First Owner
690ac12a56d1bc009301c175,Tata Nexon 1.2 Revotron XZ Plus Dual Tone,2019,800000,10000,Petrol,Individual,Manual,First Owner
690ac12a56d1bc009301c176,Honda Amaze E i-Dtech,2013,320000,50000,Diesel,Individual,Manual,First Owner
690ac12a56d1bc009301c177,Maruti Alto 800 LXI,2016,300000,25000,Petrol,Individual,Manual,First Owner
690ac12a56d1bc009301c178,Hyundai i20 1.2 Asta Dual Tone,2018,740000,25000,Petrol,Individual,Manual,First Owner
690ac12a56d1bc009301c179,Datsun RediGO SV 1.0,2019,350000,1300,Petrol,Individual,Manual,First Owner
690ac12a56d1bc009301c17a,Datsun GO T BSIV,2014,280000,40000,Petrol,Individual,Manual,First Owner
690ac12a56d1bc009301c17b,Maruti Swift Dzire AMT VDI,2018,675000,50000,Diesel,Individual,Automatic,First Owner
690ac12a56d1bc009301c17c,Hyundai i10 Era 1.1 iTech SE,2011,300000,20000,Petrol,Individual,Manual,First Owner
690ac12a56d1bc009301c17d,Chevrolet Captiva 2.0L VCDi,2011,400000,76000,Diesel,Individual,Manual,Third Owner
690ac12a56d1bc009301c17e,Mahindra Scorpio VLX 2WD BSIV,2010,420000,100000,Diesel,Individual,Manual,Third Owner
690ac12a56d1bc009301c17f,Tata New Safari 3L Dicor LX 4x2,2008,300000,120000,Diesel,Individual,Manual,First Owner
690ac12a56d1bc009301c180,Maruti Wagon R VXI Minor,2010,170000,70000,Petrol,Individual,Manual,First Owner
690ac12a56d1bc009301c181,Hyundai EON Era Plus,2014,210000,70000,Petrol,Individual,Manual,Third Owner
690ac12a56d1bc009301c182,Maruti Ertiga VDI,2015,600000,60000,Diesel,Individual,Manual,Second Owner
690ac12a56d1bc009301c183,Maruti Wagon R VXI BS IV,2014,260000,38000,Petrol,Individual,Manual,Second Owner
690ac12a56d1bc009301c184,Tata Nano Twist XT,2015,82000,19000,Petrol,Individual,Manual,First Owner
690ac12a56d1bc009301c185,Mahindra TUV 300 T8,2016,690000,75000,Diesel,Individual,Manual,First Owner
690ac12a56d1bc009301c186,Hyundai Grand i10 CRDi Asta,2015,300000,70000,Diesel,Individual,Manual,First Owner
690ac12a56d1bc009301c187,Honda BRV i-DTEC V MT,2017,1250000,30000,Diesel,Individual,Manual,First Owner
690ac12a56d1bc009301c188,Hyundai Verna CRDi 1.6 EX,2017,799000,31707,Diesel,Individual,Manual,First Owner
690ac12a56d1bc009301c189,Toyota Fortuner 3.0 Diesel,2010,1000000,180000,Diesel,Individual,Manual,First Owner
690ac12a56d1bc009301c18a,Maruti Alto 800 LXI,2014,190000,90000,Petrol,Individual,Manual,Second Owner
690ac12a56d1bc009301c18b,Mahindra Verito 1.5 D2 BSIII,2014,250000,30000,Diesel,Individual,Manual,First Owner
690ac12a56d1bc009301c18c,Hyundai Verna 1.6 i ABS,2009,200000,60000,Petrol,Individual,Manual,First Owner
690ac12a56d1bc009301c18d,Mahindra Bolero DI,2005,300000,90000,Diesel,Individual,Manual,Second Owner
690ac12a56d1bc009301c18e,Tata Zest Revotron 1.2T XMS,2015,250000,120000,Petrol,Individual,Manual,Second Owner
690ac12a56d1bc009301c18f,Maruti 800 AC,2008,90000,70000,Petrol,Individual,Manual,Third Owner
690ac12a56d1bc009301c190,Hyundai Santro LE zipPlus,2001,68000,70000,Petrol,Individual,Manual,First Owner
690ac12a56d1bc009301c191,Hyundai Grand i10 1.2 Kappa Asta,2017,500000,26500,Petrol,Individual,Manual,First Owner
690ac12a56d1bc009301c192,Hyundai Verna CRDi 1.6 SX,2017,900000,50000,Diesel,Individual,Manual,First Owner
690ac12a56d1bc009301c193,Maruti Alto LX,2007,100000,52000,Petrol,Individual,Manual,Second Owner
690ac12a56d1bc009301c194,Renault Duster 85PS Diesel RxL,2016,700000,160000,Diesel,Individual,Manual,First Owner
690ac12a56d1bc009301c195,Volvo XC60 D3 Kinetic,2012,1750000,115992,Diesel,Dealer,Automatic,Third Owner
690ac12a56d1bc009301c196,Maruti Wagon R VXI Optional,2017,290000,110000,Petrol,Individual,Manual,Second Owner
690ac12a56d1bc009301c197,Toyota Innova 2.5 Z Diesel 7 Seater BS IV,2014,1050000,97000,Diesel,Individual,Manual,Second Owner
690ac12a56d1bc009301c198,Tata Indigo LX Dicor,2008,70000,100000,Diesel,Individual,Manual,Third Owner
690ac12a56d1bc009301c199,Maruti Swift ZDi BSIV,2016,520000,41000,Diesel,Individual,Manual,First Owner
690ac12a56d1bc009301c19a,Tata Indigo LS,2012,150000,90000,Diesel,Individual,Manual,First Owner
690ac12a56d1bc009301c19b,Hyundai i10 Magna 1.1,2008,120000,90000,Petrol,Individual,Manual,First Owner
690ac12a56d1bc009301c19c,Hyundai i20 Asta Option 1.2,2016,600000,25000,Petrol,Individual,Manual,First Owner
690ac12a56d1bc009301c19d,Tata Xenon XT EX 4X4,2010,150000,70000,Diesel,Individual,Manual,Second Owner
690ac12a56d1bc009301c19e,Volkswagen Vento Petrol Highline,2011,400000,60000,Petrol,Individual,Manual,First Owner
690ac12a56d1bc009301c19f,Maruti Alto 800 LXI,2015,310000,30000,Petrol,Individual,Manual,Second Owner
690ac12a56d1bc009301c1a0,Maruti Baleno Alpha 1.2,2015,550000,30000,Petrol,Individual,Manual,First Owner
690ac12a56d1bc009301c1a1,Hyundai i20 Asta Option 1.4 CRDi,2016,550000,60000,Diesel,Individual,Manual,First Owner
690ac12a56d1bc009301c1a2,Hyundai Grand i10 CRDi Magna,2013,320000,73000,Diesel,Individual,Manual,First Owner
690ac12a56d1bc009301c1a3,Maruti 800 AC BSII,1992,50000,100000,Petrol,Individual,Manual,Fourth & Above Owner
690ac12a56d1bc009301c1a4,Hyundai Grand i10 1.2 Kappa Asta,2018,500000,32000,Petrol,Individual,Manual,First Owner
690ac12a56d1bc009301c1a5,Renault KWID RXT,2018,360000,26500,Petrol,Individual,Manual,First Owner
690ac12a56d1bc009301c1a6,Maruti Vitara Brezza VDi Option,2017,700000,50000,Diesel,Individual,Manual,Second Owner
690ac12a56d1bc009301c1a7,Maruti Ertiga VDI,2012,700000,110000,Diesel,Individual,Manual,Second Owner
690ac12a56d1bc009301c1a8,Hyundai i20 1.4 Sportz,2017,655000,84000,Diesel,Dealer,Manual,First Owner
690ac12a56d1bc009301c1a9,Maruti Vitara Brezza VDi Option,2017,700000,50000,Diesel,Individual,Manual,Second Owner
690ac12a56d1bc009301c1aa,Chevrolet Beat LT LPG,2011,200000,110000,LPG,Individual,Manual,First Owner
690ac12a56d1bc009301c1ab,Renault Duster 85PS Diesel RxL Optional,2012,375000,150000,Diesel,Individual,Manual,First Owner
690ac12a56d1bc009301c1ac,Hyundai Verna 1.6 SX,2012,470000,109052,Diesel,Dealer,Manual,First Owner
690ac12a56d1bc009301c1ad,Maruti Ciaz VDi,2015,550000,90658,Diesel,Dealer,Manual,First Owner
690ac12a56d1bc009301c1ae,Honda Amaze VX i-DTEC,2014,500000,110000,Diesel,Individual,Manual,Second Owner
690ac12a56d1bc009301c1af,Datsun GO T Option BSIV,2015,210000,25000,Petrol,Individual,Manual,First Owner
690ac12a56d1bc009301c1b0,Maruti Eeco 7 Seater Standard BSIV,2018,270000,20000,Petrol,Individual,Manual,First Owner
690ac12a56d1bc009301c1b1,Skoda Superb 1.8 TFSI MT,2010,300000,80000,Petrol,Individual,Manual,First Owner
690ac12a56d1bc009301c1b2,Maruti Wagon R VXI Minor,2007,80000,60000,Petrol,Individual,Manual,Third Owner
690ac12a56d1bc009301c1b3,Mercedes-Benz E-Class E250 Edition E,2013,1451000,81000,Diesel,Dealer,Automatic,First Owner
690ac12a56d1bc009301c1b4,Tata Safari Storme VX Varicor 400,2018,1085000,15000,Diesel,Individual,Manual,First Owner
690ac12a56d1bc009301c1b5,Hyundai Verna SX AT Diesel,2009,245000,75000,Diesel,Dealer,Automatic,First Owner
690ac12a56d1bc009301c1b6,Honda WR-V i-VTEC VX,2017,700000,25552,Petrol,Dealer,Manual,Second Owner
690ac12a56d1bc009301c1b7,Hyundai EON Magna Plus,2018,300000,20000,Petrol,Individual,Manual,First Owner
690ac12a56d1bc009301c1b8,Hyundai Xcent 1.2 CRDi E,2017,350000,80000,Diesel,Individual,Manual,First Owner
690ac12a56d1bc009301c1b9,Hyundai Elite i20 Asta Option CVT BSIV,2017,635000,25000,Petrol,Dealer,Automatic,First Owner
690ac12a56d1bc009301c1ba,Honda City S,2012,325000,40700,Petrol,Individual,Manual,First Owner
690ac12a56d1bc009301c1bb,Mahindra XUV500 AT W10 1.99 mHawk,2017,1150000,65500,Diesel,Dealer,Automatic,First Owner
690ac12a56d1bc009301c1bc,Tata Indigo GLE BSIII,2008,110000,42000,Petrol,Dealer,Manual,First Owner
690ac12a56d1bc009301c1bd,Honda City 1.5 V MT,2018,890000,8000,Petrol,Dealer,Manual,First Owner
690ac12a56d1bc009301c1be,Maruti Swift 1.3 LXI,2007,73000,80000,Petrol,Individual,Manual,Second Owner
690ac12a56d1bc009301c1bf,Chevrolet Beat PS,2014,170000,77000,Petrol,Individual,Manual,First Owner
690ac12a56d1bc009301c1c0,Maruti Ciaz ZXi Plus,2016,750000,6000,Petrol,Dealer,Manual,First Owner
690ac12a56d1bc009301c1c1,Hyundai EON 1.0 Era Plus,2017,280000,28838,Petrol,Individual,Manual,First Owner
690ac12a56d1bc009301c1c2,Maruti Baleno Alpha 1.2,2018,690000,11174,Petrol,Dealer,Manual,First Owner
690ac12a56d1bc009301c1c3,Tata Indigo GLS,2008,130000,120000,Petrol,Individual,Manual,First Owner
690ac12a56d1bc009301c1c4,Maruti Swift 1.3 LXI,2007,73000,80000,Petrol,Individual,Manual,Second Owner
690ac12a56d1bc009301c1c5,Hyundai Santro Xing GLS,2007,85000,85000,Petrol,Individual,Manual,Second Owner
690ac12a56d1bc009301c1c6,Hyundai Elantra 2.0 SX AT,2018,1575000,10000,Petrol,Individual,Automatic,First Owner
690ac12a56d1bc009301c1c7,Nissan Sunny Diesel XV,2013,325000,105000,Diesel,Individual,Manual,First Owner
690ac12a56d1bc009301c1c8,Honda City 1.3 EXI,1998,85000,120000,Petrol,Individual,Manual,Second Owner
690ac12a56d1bc009301c1c9,Hyundai Verna 1.6 CRDI SX Option,2018,860000,30000,Diesel,Dealer,Manual,Second Owner
690ac12a56d1bc009301c1ca,Maruti S-Cross Sigma DDiS 200 SH,2017,690000,41000,Diesel,Individual,Manual,First Owner
690ac12a56d1bc009301c1cb,Hyundai Elantra CRDi S,2013,650000,54000,Diesel,Dealer,Manual,First Owner
690ac12a56d1bc009301c1cc,Chevrolet Sail LS ABS,2014,375000,40000,Diesel,Individual,Manual,First Owner
690ac12a56d1bc009301c1cd,Hyundai Verna 1.6 SX CRDi (O),2013,525000,71000,Diesel,Dealer,Manual,First Owner
690ac12a56d1bc009301c1ce,Maruti Eeco Smiles 5 Seater AC,2016,330000,72500,Petrol,Dealer,Manual,First Owner
690ac12a56d1bc009301c1cf,Maruti Eeco Smiles 5 Seater AC,2013,280000,76600,Petrol,Dealer,Manual,First Owner
690ac12a56d1bc009301c1d0,Maruti Swift ZXI,2014,470000,40000,Petrol,Individual,Manual,First Owner
690ac12a56d1bc009301c1d1,Volkswagen Polo Diesel Trendline 1.2L,2011,350000,110000,Diesel,Individual,Manual,First Owner
690ac12a56d1bc009301c1d2,Honda City 1.5 V Elegance,2012,480000,63000,Petrol,Dealer,Manual,First Owner
690ac12a56d1bc009301c1d3,Hyundai Verna 1.6 CRDi SX,2016,620000,60000,Diesel,Individual,Manual,First Owner
690ac12a56d1bc009301c1d4,Datsun GO T BSIV,2014,250000,58000,Petrol,Individual,Manual,First Owner
690ac12a56d1bc009301c1d5,Chevrolet Spark 1.0,2010,78692,80000,Petrol,Individual,Manual,Second Owner
690ac12a56d1bc009301c1d6,Hyundai i20 Magna Optional 1.4 CRDi,2012,350000,80000,Diesel,Individual,Manual,First Owner
690ac12a56d1bc009301c1d7,Maruti Wagon R LX Minor,2013,250000,70000,Petrol,Individual,Manual,Second Owner
690ac12a56d1bc009301c1d8,Hyundai i20 1.2 Sportz,2011,260000,97700,Petrol,Individual,Manual,Fourth & Above Owner
690ac12a56d1bc009301c1d9,Honda Mobilio S i DTEC,2016,640000,36000,Diesel,Individual,Manual,Second Owner
690ac12a56d1bc009301c1da,Tata New Safari DICOR 2.2 EX 4x2,2008,220000,90000,Diesel,Individual,Manual,Second Owner
690ac12a56d1bc009301c1db,Volkswagen Vento 1.5 TDI Highline,2015,465000,130000,Diesel,Individual,Manual,First Owner
690ac12a56d1bc009301c1dc,Maruti Swift Vdi BSIII,2010,229999,120000,Diesel,Individual,Manual,Second Owner
690ac12a56d1bc009301c1dd,Maruti Wagon R VXI BS IV,2018,425000,15000,Petrol,Individual,Manual,First Owner
690ac12a56d1bc009301c1de,Tata Indica GLS BS IV,2008,95000,120000,Petrol,Individual,Manual,Third Owner
690ac12a56d1bc009301c1df,Hyundai EON LPG Magna Plus,2012,170000,170000,LPG,Individual,Manual,Third Owner
690ac12a56d1bc009301c1e0,Datsun RediGO T Option,2016,229999,37500,Petrol,Individual,Manual,Second Owner
690ac12a56d1bc009301c1e1,Maruti 800 Std,1999,45000,50000,Petrol,Individual,Manual,Third Owner
690ac12a56d1bc009301c1e2,Maruti Grand Vitara MT,2007,479000,145000,Petrol,Individual,Manual,Third Owner
690ac12a56d1bc009301c1e3,Mahindra KUV 100 mFALCON G80 K8 5str,2016,370000,60000,Petrol,Individual,Manual,First Owner
690ac12a56d1bc009301c1e4,Hyundai EON Sportz,2016,340000,30000,Petrol,Individual,Manual,First Owner
690ac12a56d1bc009301c1e5,Maruti Swift Dzire ZXI,2016,620000,35000,Petrol,Individual,Manual,First Owner
690ac12a56d1bc009301c1e6,Tata Manza Club Class Quadrajet90 EX,2012,270000,60000,Diesel,Individual,Manual,First Owner
690ac12a56d1bc009301c1e7,Tata Tiago 1.05 Revotorq XZ Plus,2018,400000,35000,Diesel,Individual,Manual,First Owner
690ac12a56d1bc009301c1e8,Maruti Wagon R VXI Optional,2015,260000,40000,Petrol,Individual,Manual,First Owner
690ac12a56d1bc009301c1e9,Hyundai Santro LE zipPlus,2003,48000,50000,Petrol,Individual,Manual,Fourth & Above Owner
690ac12a56d1bc009301c1ea,Tata Nano Twist XE,2015,100000,23800,Petrol,Individual,Manual,Second Owner
690ac12a56d1bc009301c1eb,Nissan Terrano XL Plus 85 PS,2015,490000,70000,Diesel,Individual,Manual,First Owner
690ac12a56d1bc009301c1ec,Maruti Wagon R Duo Lxi,2010,120000,90000,LPG,Individual,Manual,Second Owner
690ac12a56d1bc009301c1ed,Hyundai i10 Era,2008,125000,102000,Petrol,Individual,Manual,Second Owner
690ac12a56d1bc009301c1ee,Hyundai EON Era Plus,2013,160000,80000,Petrol,Individual,Manual,First Owner
690ac12a56d1bc009301c1ef,Maruti Alto 800 LXI,2019,190000,5000,Petrol,Individual,Manual,First Owner
690ac12a56d1bc009301c1f0,Tata Harrier XZ BSIV,2019,1700000,10000,Diesel,Individual,Manual,First Owner
690ac12a56d1bc009301c1f1,Hyundai i10 Sportz,2011,250000,50000,Petrol,Individual,Manual,First Owner
690ac12a56d1bc009301c1f2,Maruti Ignis 1.2 Delta BSIV,2019,500000,15000,Petrol,Individual,Manual,First Owner
690ac12a56d1bc009301c1f3,Toyota Corolla Altis 1.8 J,2008,400000,35000,Petrol,Individual,Manual,Second Owner
690ac12a56d1bc009301c1f4,Fiat Linea T Jet Plus,2011,500000,20000,Petrol,Individual,Manual,First Owner
690ac12a56d1bc009301c1f5,Toyota Fortuner 4x2 AT,2014,1800000,99000,Diesel,Individual,Automatic,First Owner
690ac12a56d1bc009301c1f6,Honda Civic 1.8 V MT,2008,320000,90000,Petrol,Individual,Manual,First Owner
690ac12a56d1bc009301c1f7,Honda Civic 1.8 S AT,2007,250000,47000,Petrol,Dealer,Automatic,First Owner
690ac12a56d1bc009301c1f8,Ford Figo Diesel Titanium,2010,105000,90000,Diesel,Individual,Manual,Third Owner
690ac12a56d1bc009301c1f9,Hyundai i20 Active 1.2 SX,2018,550000,20000,Petrol,Individual,Manual,First Owner
690ac12a56d1bc009301c1fa,Hyundai Grand i10 1.2 Kappa Sportz AT,2019,600000,1100,Petrol,Individual,Automatic,First Owner
690ac12a56d1bc009301c1fb,Maruti Alto 800 VXI,2020,210000,40000,Petrol,Individual,Manual,First Owner
690ac12a56d1bc009301c1fc,Maruti Alto 800 LXI Airbag,2012,210000,15000,Petrol,Individual,Manual,First Owner
690ac12a56d1bc009301c1fd,Maruti Alto LXi,2009,150000,40000,Petrol,Individual,Manual,First Owner
690ac12a56d1bc009301c1fe,Hyundai i10 Era 1.1,2008,125000,60000,Petrol,Individual,Manual,First Owner
690ac12a56d1bc009301c1ff,Maruti Celerio VXI,2016,380000,20000,Petrol,Individual,Manual,First Owner
690ac12a56d1bc009301c200,Maruti Baleno Delta 1.2,2019,600000,5000,Petrol,Individual,Manual,First Owner
690ac12a56d1bc009301c201,Maruti Swift VXI Deca,2016,490000,27000,Petrol,Individual,Manual,First Owner
690ac12a56d1bc009301c202,Maruti Swift Dzire LDI,2018,545000,38000,Diesel,Individual,Manual,Second Owner
690ac12a56d1bc009301c203,Maruti Wagon R VXI BS IV,2015,250000,25000,Petrol,Individual,Manual,First Owner
690ac12a56d1bc009301c204,Hyundai Venue SX Opt Turbo BSIV,2020,1050000,1100,Petrol,Individual,Manual,First Owner
690ac12a56d1bc009301c205,Maruti Wagon R LX Minor,2007,100000,100000,Petrol,Individual,Manual,First Owner
690ac12a56d1bc009301c206,Ford Figo Diesel ZXI,2014,250000,100000,Diesel,Individual,Manual,Second Owner
690ac12a56d1bc009301c207,Maruti Wagon R LX BSIII,2007,100000,110000,Petrol,Individual,Manual,First Owner
690ac12a56d1bc009301c208,Ford Figo 1.5D Ambiente ABS MT,2016,350000,60000,Diesel,Individual,Manual,Second Owner
690ac12a56d1bc009301c209,Renault Duster 110PS Diesel RxZ Plus,2012,370000,70000,Diesel,Individual,Manual,Second Owner
690ac12a56d1bc009301c20a,Maruti Zen VXi - BS III,2004,121000,110000,Petrol,Individual,Manual,Second Owner
690ac12a56d1bc009301c20b,Ford Figo Aspire 1.5 Ti-VCT Titanium,2017,570000,44077,Petrol,Dealer,Automatic,First Owner
690ac12a56d1bc009301c20c,Maruti Ertiga SHVS VDI,2017,785000,24000,Diesel,Individual,Manual,First Owner
690ac12a56d1bc009301c20d,Maruti Ciaz S 1.3,2018,850000,30000,Diesel,Individual,Manual,First Owner
690ac12a56d1bc009301c20e,Maruti Wagon R VXI BS IV,2016,375000,30000,Petrol,Individual,Manual,Second Owner
690ac12a56d1bc009301c20f,Maruti Baleno Alpha 1.2,2017,619000,40000,Petrol,Individual,Manual,First Owner
690ac12a56d1bc009301c210,Chevrolet Cruze LTZ,2011,335000,90000,Diesel,Individual,Manual,Second Owner
690ac12a56d1bc009301c211,Toyota Innova 2.5 G (Diesel) 8 Seater BS IV,2006,500000,50000,Diesel,Individual,Manual,First Owner
690ac12a56d1bc009301c212,Maruti Wagon R LX,2003,60000,100000,Petrol,Individual,Manual,Second Owner
690ac12a56d1bc009301c213,Maruti Zen Estilo VXI BSIV,2010,130000,50000,Petrol,Individual,Manual,Second Owner
690ac12a56d1bc009301c214,Mahindra Ingenio CRDe,2015,210000,210000,Diesel,Individual,Manual,First Owner
690ac12a56d1bc009301c215,Toyota Innova Crysta 2.4 VX MT 8S BSIV,2019,1900000,20000,Diesel,Individual,Manual,First Owner
690ac12a56d1bc009301c216,Tata Indigo TDI,2013,270000,70000,Diesel,Individual,Manual,Second Owner
690ac12a56d1bc009301c217,Maruti Wagon R LXI Minor,2010,225000,100000,Petrol,Individual,Manual,Second Owner
690ac12a56d1bc009301c218,Maruti SX4 ZXI MT BSIV,2011,150000,160000,Petrol,Individual,Manual,Second Owner
690ac12a56d1bc009301c219,Chevrolet Beat Diesel LT,2013,173000,70000,Diesel,Individual,Manual,First Owner
690ac12a56d1bc009301c21a,BMW 5 Series 520d Luxury Line,2018,4800000,9422,Diesel,Individual,Automatic,First Owner
690ac12a56d1bc009301c21b,Volkswagen Vento 1.5 Highline Plus AT 16 Alloy,2017,710000,110000,Diesel,Individual,Automatic,First Owner
690ac12a56d1bc009301c21c,Toyota Corolla Altis 1.8 GL,2019,1500000,20000,Petrol,Individual,Manual,First Owner
690ac12a56d1bc009301c21d,Maruti Baleno Zeta 1.2,2017,550000,20000,Petrol,Individual,Manual,First Owner
690ac12a56d1bc009301c21e,Maruti 800 AC BSIII,2008,58000,70000,Petrol,Individual,Manual,Second Owner
690ac12a56d1bc009301c21f,Audi A4 1.8 TFSI,2012,1200000,60000,Petrol,Individual,Automatic,Third Owner
690ac12a56d1bc009301c220,Mahindra Scorpio M2DI,2013,500000,150000,Diesel,Individual,Manual,First Owner
690ac12a56d1bc009301c221,Maruti Swift LXi BSIV,2009,120000,83000,Petrol,Individual,Manual,Second Owner
690ac12a56d1bc009301c222,Toyota Innova 2.5 EV Diesel PS 7 Seater BSIII,2012,300000,250000,Diesel,Individual,Manual,First Owner
690ac12a56d1bc009301c223,Hyundai EON Era Plus,2018,300000,30000,Petrol,Individual,Manual,First Owner
690ac12a56d1bc009301c224,Datsun GO Plus T Option BSIV,2015,295000,21000,Petrol,Individual,Manual,First Owner
690ac12a56d1bc009301c225,Maruti Ertiga VXI CNG,2018,587000,80000,CNG,Individual,Manual,First Owner
690ac12a56d1bc009301c226,Ambassador Grand 1800 ISZ MPFI PW CL,2012,430000,50000,Petrol,Individual,Manual,Second Owner
690ac12a56d1bc009301c227,Hyundai Verna i (Petrol),2007,123000,50000,Petrol,Individual,Manual,Second Owner
690ac12a56d1bc009301c228,Skoda Laura Ambiente 2.0 TDI CR AT,2012,450000,48500,Diesel,Individual,Automatic,Second Owner
690ac12a56d1bc009301c229,Maruti Wagon R LXI Minor,2007,130000,60000,Petrol,Individual,Manual,Third Owner
690ac12a56d1bc009301c22a,Tata Indica Vista Aqua 1.4 TDI,2010,110000,90000,Diesel,Individual,Manual,Second Owner
690ac12a56d1bc009301c22b,Mahindra Xylo Celebration Edition BSIV,2010,200000,240000,Diesel,Individual,Manual,Third Owner
690ac12a56d1bc009301c22c,Hyundai Grand i10 Magna,2015,320000,70000,Petrol,Individual,Manual,Second Owner
690ac12a56d1bc009301c22d,Maruti Wagon R LXI BS IV,2014,300000,50000,Petrol,Individual,Manual,First Owner
690ac12a56d1bc009301c22e,Volkswagen CrossPolo 1.2 MPI,2016,350000,110000,Petrol,Individual,Manual,First Owner
690ac12a56d1bc009301c22f,Maruti Ertiga VXI Petrol,2018,800000,50000,Petrol,Individual,Manual,First Owner
690ac12a56d1bc009301c230,Hyundai Xcent 1.1 CRDi S,2016,270000,175000,Diesel,Individual,Manual,First Owner
690ac12a56d1bc009301c231,Hyundai i20 1.2 Magna Executive,2017,540000,60000,Petrol,Individual,Manual,First Owner
690ac12a56d1bc009301c232,Maruti Wagon R LXI CNG,2011,160000,60000,CNG,Individual,Manual,Second Owner
690ac12a56d1bc009301c233,Maruti SX4 VDI,2013,340000,100000,Diesel,Individual,Manual,Second Owner
690ac12a56d1bc009301c234,Maruti Eeco 5 Seater AC BSIV,2017,350000,40000,Petrol,Individual,Manual,Second Owner
690ac12a56d1bc009301c235,Volkswagen Vento Diesel Style Limited Edition,2011,300000,100000,Diesel,Individual,Manual,First Owner
690ac12a56d1bc009301c236,Maruti Ritz VDi,2013,330000,63000,Diesel,Individual,Manual,First Owner
690ac12a56d1bc009301c237,Maruti Wagon R LXI CNG,2016,325000,80000,CNG,Individual,Manual,Second Owner
690ac12a56d1bc009301c238,Maruti Swift Dzire VDI,2013,250000,55000,Diesel,Individual,Manual,First Owner
690ac12a56d1bc009301c239,Maruti Swift Star VDI,2013,250000,55000,Diesel,Individual,Manual,First Owner
690ac12a56d1bc009301c23a,Chevrolet Beat LT Option,2015,240000,60000,Petrol,Individual,Manual,First Owner
690ac12a56d1bc009301c23b,Hyundai Grand i10 1.2 Kappa Magna BSIV,2020,545000,5000,Petrol,Individual,Manual,First Owner
690ac12a56d1bc009301c23c,Hyundai i10 Magna 1.1 iTech SE,2015,300000,48000,Petrol,Dealer,Manual,First Owner
690ac12a56d1bc009301c23d,Chevrolet Beat LT,2010,130000,80000,Petrol,Individual,Manual,Second Owner
690ac12a56d1bc009301c23e,Renault KWID RXT,2017,240000,50000,Petrol,Individual,Manual,First Owner
690ac12a56d1bc009301c23f,Renault KWID 1.0 RXT Optional,2018,360000,15000,Petrol,Individual,Manual,First Owner
690ac12a56d1bc009301c240,Hyundai i20 1.4 CRDi Magna,2012,250000,70000,Diesel,Individual,Manual,First Owner
690ac12a56d1bc009301c241,Skoda Laura Elegance 2.0 TDI CR AT,2019,475000,105000,Diesel,Dealer,Automatic,First Owner
690ac12a56d1bc009301c242,Hyundai i20 Asta Option 1.4 CRDi,2016,600000,50000,Diesel,Individual,Manual,Second Owner
690ac12a56d1bc009301c243,Tata Indigo CR4,2010,150000,80000,Diesel,Individual,Manual,Second Owner
690ac12a56d1bc009301c244,Ford EcoSport 1.5 Diesel Trend BSIV,2017,700000,50000,Diesel,Individual,Manual,First Owner
690ac12a56d1bc009301c245,Mahindra XUV500 W6 2WD,2016,1290000,5000,Diesel,Individual,Manual,First Owner
690ac12a56d1bc009301c246,Hyundai Santro Xing XG,2004,80000,58000,Petrol,Individual,Manual,First Owner
690ac12a56d1bc009301c247,Hyundai Grand i10 Sportz,2015,425000,12000,Petrol,Individual,Manual,First Owner
690ac12a56d1bc009301c248,Maruti Celerio ZXI AMT BSIV,2018,500000,10000,Petrol,Individual,Automatic,First Owner
690ac12a56d1bc009301c249,Hyundai Santro Xing GLS,2012,193000,45000,Petrol,Individual,Manual,Second Owner
690ac12a56d1bc009301c24a,Honda City i VTEC V,2015,800000,10000,Petrol,Individual,Manual,First Owner
690ac12a56d1bc009301c24b,Maruti Wagon R LXI Minor,2008,150000,50000,Petrol,Individual,Manual,First Owner
690ac12a56d1bc009301c24c,Maruti 800 AC,2002,80000,40000,Petrol,Individual,Manual,Fourth & Above Owner
690ac12a56d1bc009301c24d,Ford Figo Diesel EXI,2010,130000,100000,Diesel,Individual,Manual,Third Owner
690ac12a56d1bc009301c24e,Ford Figo Diesel EXI,2012,280000,80000,Diesel,Individual,Manual,Second Owner
690ac12a56d1bc009301c24f,Mahindra Xylo D2 BS IV,2011,229999,110000,Diesel,Individual,Manual,Second Owner
690ac12a56d1bc009301c250,Maruti Zen Estilo VXI BSIII,2008,80000,120000,Petrol,Individual,Manual,First Owner
690ac12a56d1bc009301c251,Tata Nano Cx BSIII,2010,70000,10000,Petrol,Individual,Manual,First Owner
690ac12a56d1bc009301c252,Maruti Ritz VDi,2013,240000,60000,Diesel,Individual,Manual,Second Owner
690ac12a56d1bc009301c253,Mahindra Xylo E8,2010,380000,72000,Diesel,Individual,Manual,Second Owner
690ac12a56d1bc009301c254,Maruti Ritz VDi,2013,240000,60000,Diesel,Individual,Manual,Second Owner
690ac12a56d1bc009301c255,Hyundai Santro Xing XO,2006,80000,110000,Petrol,Individual,Manual,First Owner
690ac12a56d1bc009301c256,Hyundai i10 Era,2013,265000,50000,Petrol,Individual,Manual,First Owner
690ac12a56d1bc009301c257,Hyundai EON Magna Plus Option,2018,320000,25000,Petrol,Individual,Manual,First Owner
690ac12a56d1bc009301c258,Nissan Terrano XL 110 PS,2014,500000,120000,Diesel,Individual,Manual,Third Owner
690ac12a56d1bc009301c259,Hyundai Creta 1.6 CRDi SX Option,2016,1300000,55000,Diesel,Individual,Manual,First Owner
690ac12a56d1bc009301c25a,Mahindra Scorpio S11 BSIV,2018,1500000,35000,Diesel,Individual,Manual,First Owner
690ac12a56d1bc009301c25b,Toyota Innova Crysta 2.8 ZX AT BSIV,2016,1800000,110000,Diesel,Individual,Automatic,First Owner
690ac12a56d1bc009301c25c,Mahindra XUV500 W6 2WD,2014,600000,80000,Diesel,Individual,Manual,Second Owner
690ac12a56d1bc009301c25d,Tata Tiago 1.2 Revotron XT,2018,420000,80000,Petrol,Individual,Manual,First Owner
690ac12a56d1bc009301c25e,Maruti Zen Estilo LXI BS IV,2009,140000,120000,Petrol,Individual,Manual,First Owner
690ac12a56d1bc009301c25f,Skoda Laura Ambiente 2.0 TDI CR MT,2010,300000,100000,Diesel,Individual,Manual,Second Owner
690ac12a56d1bc009301c260,Hyundai Santro Xing XL eRLX Euro III,2006,100000,60000,Petrol,Dealer,Manual,Second Owner
690ac12a56d1bc009301c261,Maruti Alto K10 VXI,2017,350000,25000,Petrol,Dealer,Manual,First Owner
690ac12a56d1bc009301c262,Ford EcoSport 1.5 Ti VCT MT Titanium BE BSIV,2018,850000,19000,Petrol,Dealer,Manual,First Owner
690ac12a56d1bc009301c263,Maruti Alto LX,2008,140000,54000,Petrol,Dealer,Manual,First Owner
690ac12a56d1bc009301c264,Ford Aspire Titanium Plus BSIV,2015,550000,17100,Petrol,Dealer,Manual,Second Owner
690ac12a56d1bc009301c265,Hyundai Grand i10 Asta Option AT,2017,525000,19000,Petrol,Dealer,Automatic,First Owner
690ac12a56d1bc009301c266,Ford Ecosport 1.5 DV5 MT Titanium,2015,470000,146000,Diesel,Dealer,Manual,First Owner
690ac12a56d1bc009301c267,Ford Endeavour 3.0L 4X4 AT,2013,900000,98000,Diesel,Dealer,Automatic,First Owner
690ac12a56d1bc009301c268,Ford Endeavour 2.5L 4X2,2011,500000,224642,Diesel,Dealer,Manual,Second Owner
690ac12a56d1bc009301c269,Maruti Zen LXI,1998,80000,120000,Petrol,Individual,Manual,Second Owner
690ac12a56d1bc009301c26a,Mahindra Verito 1.5 D2 BSIII,2011,175000,175000,Diesel,Individual,Manual,First Owner
690ac12a56d1bc009301c26b,Mahindra XUV500 AT W10 AWD,2017,1350000,15000,Diesel,Individual,Automatic,Second Owner
690ac12a56d1bc009301c26c,Renault Duster 110PS Diesel RxZ,2017,800000,50000,Diesel,Individual,Manual,First Owner
690ac12a56d1bc009301c26d,Datsun RediGO 1.0 S,2017,250000,15000,Petrol,Individual,Manual,First Owner
690ac12a56d1bc009301c26e,Maruti Ignis 1.2 AMT Alpha BSIV,2018,700000,25000,Petrol,Individual,Automatic,First Owner
690ac12a56d1bc009301c26f,Tata Nexon 1.5 Revotorq XM,2019,800000,25000,Diesel,Individual,Manual,First Owner
690ac12a56d1bc009301c270,Mahindra XUV500 W6 2WD,2013,660000,69000,Diesel,Individual,Manual,First Owner
690ac12a56d1bc009301c271,Maruti Swift VDI BSIV,2015,465000,60000,Diesel,Individual,Manual,Third Owner
690ac12a56d1bc009301c272,Mahindra Scorpio 2.6 CRDe,2006,180000,222435,Diesel,Individual,Manual,Second Owner
690ac12a56d1bc009301c273,Maruti Swift Dzire VDI,2017,600000,66000,Diesel,Individual,Manual,Third Owner
690ac12a56d1bc009301c274,Ford Fiesta 1.4 ZXi Duratec,2010,150000,110000,Petrol,Individual,Manual,First Owner
690ac12a56d1bc009301c275,Hyundai Verna 1.6 SX,2014,450000,78000,Diesel,Individual,Manual,Second Owner
690ac12a56d1bc009301c276,Hyundai Elite i20 Sportz Plus BSIV,2019,721000,10000,Petrol,Individual,Manual,First Owner
690ac12a56d1bc009301c277,Maruti Swift 1.2 DLX,2018,300000,35000,Petrol,Individual,Manual,First Owner
690ac12a56d1bc009301c278,Mahindra Scorpio BSIV,2019,1000000,10000,Diesel,Individual,Manual,First Owner
690ac12a56d1bc009301c279,Renault KWID RXT,2016,300000,40000,Petrol,Individual,Manual,First Owner
690ac12a56d1bc009301c27a,Mahindra Scorpio LX,2013,450000,120000,Diesel,Individual,Manual,First Owner
690ac12a56d1bc009301c27b,Maruti Esteem AX,1997,79000,70000,Petrol,Individual,Automatic,First Owner
690ac12a56d1bc009301c27c,Ford Figo 1.5D Trend MT,2017,545000,40000,Diesel,Individual,Manual,First Owner
690ac12a56d1bc009301c27d,Honda Amaze V Diesel BSIV,2018,844999,20000,Diesel,Individual,Manual,First Owner
690ac12a56d1bc009301c27e,Skoda Rapid 1.5 TDI Ambition,2016,700000,93000,Diesel,Individual,Manual,First Owner
690ac12a56d1bc009301c27f,Toyota Etios VD,2016,650000,159000,Diesel,Individual,Manual,First Owner
690ac12a56d1bc009301c280,Ford Ecosport 1.5 DV5 MT Titanium,2014,525000,75000,Diesel,Individual,Manual,Second Owner
690ac12a56d1bc009301c281,Ford Fiesta Classic 1.4 SXI Duratorq,2006,110000,101100,Diesel,Individual,Manual,Third Owner
690ac12a56d1bc009301c282,Tata Indica Vista Aqua 1.3 Quadrajet BSIV,2011,180000,66000,Diesel,Individual,Manual,First Owner
690ac12a56d1bc009301c283,Hyundai i10 Era,2012,280000,30000,Petrol,Individual,Manual,Second Owner
690ac12a56d1bc009301c284,Renault KWID 1.0 RXT Optional,2019,400000,10000,Petrol,Individual,Manual,First Owner
690ac12a56d1bc009301c285,Mahindra XUV500 W8 4WD,2012,625000,126000,Diesel,Individual,Manual,Second Owner
690ac12a56d1bc009301c286,Volkswagen Vento 1.5 TDI Highline,2015,535000,70000,Diesel,Individual,Manual,First Owner
690ac12a56d1bc009301c287,Maruti Swift VDI Optional,2017,459999,50000,Diesel,Individual,Manual,First Owner
690ac12a56d1bc009301c288,Mahindra Bolero DI,2010,300000,100000,Diesel,Individual,Manual,First Owner
690ac12a56d1bc009301c289,Honda Civic 1.8 V AT,2007,280000,60000,Petrol,Individual,Automatic,First Owner
690ac12a56d1bc009301c28a,Honda Mobilio V i VTEC,2014,500000,70000,Petrol,Individual,Manual,First Owner
690ac12a56d1bc009301c28b,Hyundai Creta 1.6 SX,2019,1200000,1200,Petrol,Individual,Manual,First Owner
690ac12a56d1bc009301c28c,Renault KWID RXT,2016,300000,40000,Petrol,Individual,Manual,First Owner
690ac12a56d1bc009301c28d,Tata Manza ELAN Quadrajet BS IV,2011,180000,80000,Diesel,Individual,Manual,Third Owner
690ac12a56d1bc009301c28e,Hyundai i10 Sportz AT,2011,180000,134444,Petrol,Individual,Automatic,Second Owner
690ac12a56d1bc009301c28f,Maruti Alto LXi,2009,78000,120000,Petrol,Individual,Manual,Second Owner
690ac12a56d1bc009301c290,Nissan Micra Diesel XV Premium,2011,160000,120000,Diesel,Individual,Manual,First Owner
690ac12a56d1bc009301c291,Mahindra Scorpio VLX 2WD AIRBAG BSIV,2014,600000,238000,Diesel,Individual,Manual,First Owner
690ac12a56d1bc009301c292,Maruti Wagon R LXI Minor,2008,110000,100000,Petrol,Individual,Manual,Second Owner
690ac12a56d1bc009301c293,Mahindra Bolero SLX 4WD BSIII,2011,450000,110000,Diesel,Individual,Manual,Second Owner
690ac12a56d1bc009301c294,Mahindra Scorpio S9 BSIV,2019,1350000,35000,Diesel,Individual,Manual,First Owner
690ac12a56d1bc009301c295,Honda City 1.3 DX,2003,120000,165000,Petrol,Individual,Manual,Second Owner
690ac12a56d1bc009301c296,Honda BR-V i-DTEC VX MT,2018,1040000,42000,Diesel,Individual,Manual,First Owner
690ac12a56d1bc009301c297,Hyundai Grand i10 CRDi Sportz,2014,390000,70000,Diesel,Individual,Manual,Second Owner
690ac12a56d1bc009301c298,Tata Nano Lx BSIII,2011,65000,60000,Petrol,Individual,Manual,Second Owner
690ac12a56d1bc009301c299,Volkswagen Polo Diesel Highline 1.2L,2013,320000,115000,Diesel,Individual,Manual,Third Owner
690ac12a56d1bc009301c29a,Volkswagen Ameo 1.5 TDI Highline,2017,720000,70000,Diesel,Individual,Manual,First Owner
690ac12a56d1bc009301c29b,Maruti Swift ZXI ABS,2007,220000,80000,Petrol,Individual,Manual,Second Owner
690ac12a56d1bc009301c29c,Maruti Wagon R LXI BS IV,2011,225000,65000,Petrol,Dealer,Manual,First Owner
690ac12a56d1bc009301c29d,Tata Manza Aura (ABS) Quadrajet BS IV,2010,200000,150000,Diesel,Individual,Manual,Second Owner
690ac12a56d1bc009301c29e,Toyota Etios GD,2015,434999,75000,Diesel,Dealer,Manual,Second Owner
690ac12a56d1bc009301c29f,Ford Figo Diesel Titanium,2012,300000,63700,Diesel,Individual,Manual,First Owner
690ac12a56d1bc009301c2a0,Honda Amaze VX i-DTEC,2018,700000,74800,Diesel,Individual,Manual,First Owner
690ac12a56d1bc009301c2a1,Ford Endeavour 2.5L 4X2 MT,2009,500000,105000,Diesel,Individual,Manual,Second Owner
690ac12a56d1bc009301c2a2,Renault Duster 85PS Diesel RxE,2016,500000,40000,Diesel,Individual,Manual,First Owner
690ac12a56d1bc009301c2a3,Maruti Ritz LDi,2016,400000,90000,Diesel,Individual,Manual,Second Owner
690ac12a56d1bc009301c2a4,Toyota Corolla Altis D-4D J,2015,825000,75000,Diesel,Dealer,Manual,Second Owner
690ac12a56d1bc009301c2a5,Maruti Swift Dzire VDI,2018,720000,15000,Diesel,Individual,Manual,First Owner
690ac12a56d1bc009301c2a6,Maruti 800 AC Uniq,2009,110000,30000,Petrol,Individual,Manual,Second Owner
690ac12a56d1bc009301c2a7,Mahindra Scorpio VLX 2WD AIRBAG BSIV,2014,600000,100000,Diesel,Individual,Manual,Second Owner
690ac12a56d1bc009301c2a8,Mahindra Scorpio VLX 2WD AT BSIV,2009,275000,155000,Diesel,Individual,Automatic,Third Owner
690ac12a56d1bc009301c2a9,Land Rover Range Rover Evoque 2.2L Dynamic,2012,2349000,149000,Diesel,Individual,Automatic,Second Owner
690ac12a56d1bc009301c2aa,Hyundai i20 1.4 Sportz,2017,740000,60000,Diesel,Individual,Manual,First Owner
690ac12a56d1bc009301c2ab,Maruti Baleno Alpha 1.3,2017,800000,90000,Diesel,Individual,Manual,First Owner
690ac12a56d1bc009301c2ac,Hyundai Verna CRDi 1.6 SX Option,2019,1100000,100000,Diesel,Individual,Manual,First Owner
690ac12a56d1bc009301c2ad,BMW X1 sDrive20d,2012,750000,100000,Diesel,Individual,Automatic,Second Owner
690ac12a56d1bc009301c2ae,Maruti Alto K10 2010-2014 VXI,2012,200000,90000,Petrol,Individual,Manual,Second Owner
690ac12a56d1bc009301c2af,Tata Spacio SA 6 Seater,2009,210000,75000,Diesel,Individual,Manual,First Owner
690ac12a56d1bc009301c2b0,Maruti Swift VDI BSIV,2009,270000,120000,Diesel,Individual,Manual,Second Owner
690ac12a56d1bc009301c2b1,Toyota Etios 1.4 VXD,2016,630000,90000,Diesel,Individual,Manual,Second Owner
690ac12a56d1bc009301c2b2,Hyundai Xcent 1.2 Kappa S,2015,375000,55000,Petrol,Individual,Manual,First Owner
690ac12a56d1bc009301c2b3,Mahindra Xylo D2,2010,300000,70000,Diesel,Individual,Manual,First Owner
690ac12a56d1bc009301c2b4,Mahindra Bolero Power Plus SLX,2016,580000,95000,Diesel,Individual,Manual,Second Owner
690ac12a56d1bc009301c2b5,Hyundai Verna 1.4 CRDi,2014,550000,50000,Diesel,Individual,Manual,First Owner
690ac12a56d1bc009301c2b6,Maruti Ciaz ZDi Plus SHVS,2016,750000,50000,Diesel,Individual,Manual,First Owner
690ac12a56d1bc009301c2b7,Maruti Omni E MPI STD BS IV,2014,250000,60516,Petrol,Individual,Manual,First Owner
690ac12a56d1bc009301c2b8,Hyundai Verna 1.6 SX,2012,434999,235000,Diesel,Individual,Manual,Second Owner
690ac12a56d1bc009301c2b9,Mercedes-Benz E-Class 280 CDI,2007,900000,76731,Diesel,Dealer,Automatic,First Owner
690ac12a56d1bc009301c2ba,Maruti Swift ZDI,2016,685000,64000,Diesel,Dealer,Manual,First Owner
690ac12a56d1bc009301c2bb,Maruti Swift VDI BSIV,2014,540000,65000,Diesel,Dealer,Manual,First Owner
690ac12a56d1bc009301c2bc,Honda City i-VTEC CVT ZX,2018,1165000,13000,Petrol,Dealer,Automatic,Test Drive Car
690ac12a56d1bc009301c2bd,Ford Ecosport 1.5 DV5 MT Titanium Optional,2014,610000,77000,Diesel,Dealer,Manual,First Owner
690ac12a56d1bc009301c2be,Hyundai EON Era,2011,254999,24000,Petrol,Dealer,Manual,First Owner
690ac12a56d1bc009301c2bf,Nissan Micra Active XV,2014,280000,63840,Petrol,Dealer,Manual,First Owner
690ac12a56d1bc009301c2c0,Tata Tiago 1.2 Revotron XT,2017,370000,25000,Petrol,Individual,Manual,First Owner
690ac12a56d1bc009301c2c1,Tata New Safari DICOR 2.2 EX 4x2,2011,459999,76400,Diesel,Individual,Manual,Second Owner
690ac12a56d1bc009301c2c2,Maruti Zen LX,1998,42000,70000,Petrol,Individual,Manual,Third Owner
690ac12a56d1bc009301c2c3,Maruti Zen LX,1998,42000,70000,Petrol,Individual,Manual,Third Owner
690ac12a56d1bc009301c2c4,Fiat Linea Active (Diesel),2011,190000,80000,Diesel,Individual,Manual,Third Owner
690ac12a56d1bc009301c2c5,Fiat Punto 1.4 Emotion,2010,165000,100000,Petrol,Individual,Manual,Fourth & Above Owner
690ac12a56d1bc009301c2c6,Ford EcoSport 1.5 Diesel Trend Plus BSIV,2017,710000,40000,Diesel,Individual,Manual,First Owner
690ac12a56d1bc009301c2c7,Hyundai Creta 1.6 SX Option,2018,1200000,15000,Petrol,Individual,Manual,First Owner
690ac12a56d1bc009301c2c8,Maruti Zen Estilo LXI BS IV,2011,229999,70000,Petrol,Individual,Manual,First Owner
690ac12a56d1bc009301c2c9,Renault KWID RXT,2018,310000,15000,Petrol,Individual,Manual,First Owner
690ac12a56d1bc009301c2ca,Maruti Wagon R VXI BS IV,2015,320000,40000,Petrol,Individual,Manual,First Owner
690ac12a56d1bc009301c2cb,Maruti 800 AC,2006,100000,54000,Petrol,Individual,Manual,First Owner
690ac12a56d1bc009301c2cc,Hyundai Verna CRDi,2009,160000,90000,Diesel,Individual,Manual,First Owner
690ac12a56d1bc009301c2cd,Maruti 800 AC BSIII,2007,60000,52000,Petrol,Individual,Manual,First Owner
690ac12a56d1bc009301c2ce,Tata Indigo LS,2012,100000,200000,Diesel,Individual,Manual,Third Owner
690ac12a56d1bc009301c2cf,Chevrolet Beat Diesel LT,2016,350000,35000,Diesel,Individual,Manual,Second Owner
690ac12a56d1bc009301c2d0,Renault Duster 110PS Diesel RxZ AWD,2017,700000,60000,Diesel,Individual,Manual,First Owner
690ac12a56d1bc009301c2d1,Maruti Alto K10 VXI,2017,300000,31489,Petrol,Individual,Manual,First Owner
690ac12a56d1bc009301c2d2,Hyundai i20 1.4 Asta Option,2018,830000,40000,Diesel,Individual,Manual,First Owner
690ac12a56d1bc009301c2d3,Mahindra Quanto C6,2013,220000,110000,Diesel,Individual,Manual,First Owner
690ac12a56d1bc009301c2d4,Tata Indigo LX Dicor,2009,130000,50000,Diesel,Individual,Manual,First Owner
690ac12a56d1bc009301c2d5,Hyundai i20 1.2 Magna,2012,330000,44000,Petrol,Individual,Manual,First Owner
690ac12a56d1bc009301c2d6,Honda City 1.5 S MT,2010,254999,90000,Petrol,Individual,Manual,Second Owner
690ac12a56d1bc009301c2d7,Hyundai Verna 1.6 SX VTVT (O),2014,600000,50000,Petrol,Individual,Manual,Second Owner
690ac12a56d1bc009301c2d8,Hyundai i10 Magna,2012,210000,50000,Petrol,Individual,Manual,First Owner
690ac12a56d1bc009301c2d9,Maruti Zen Estilo 1.1 LXI BSIII,2007,120000,81366,Petrol,Individual,Manual,First Owner
690ac12a56d1bc009301c2da,Maruti Esteem Vxi - BSIII,2006,95000,110000,Petrol,Individual,Manual,First Owner
690ac12a56d1bc009301c2db,Toyota Innova 2.5 G (Diesel) 8 Seater BS IV,2006,229999,300000,Diesel,Individual,Manual,First Owner
690ac12a56d1bc009301c2dc,Hyundai Verna Transform VTVT,2010,229999,70000,Petrol,Individual,Manual,First Owner
690ac12a56d1bc009301c2dd,Hyundai i20 Magna Optional 1.4 CRDi,2013,400000,100000,Diesel,Individual,Manual,First Owner
690ac12a56d1bc009301c2de,Maruti Gypsy King Hard Top Ambulance BSIV,2005,300000,70000,Petrol,Individual,Manual,Second Owner
690ac12a56d1bc009301c2df,Ford Figo Diesel Celebration Edition,2013,300000,50000,Diesel,Individual,Manual,First Owner
690ac12a56d1bc009301c2e0,Ford Fiesta 1.4 SXi TDCi,2009,80000,180000,Diesel,Individual,Manual,Second Owner
690ac12a56d1bc009301c2e1,Maruti 800 AC,2008,80000,50000,Petrol,Individual,Manual,Second Owner
690ac12a56d1bc009301c2e2,Maruti Esteem Vxi,2007,100000,90000,Petrol,Individual,Manual,Second Owner
690ac12a56d1bc009301c2e3,Tata Indica Vista Quadrajet LS,2012,300000,110000,Diesel,Individual,Manual,First Owner
690ac12a56d1bc009301c2e4,Maruti Baleno Zeta Automatic,2018,700000,26000,Petrol,Individual,Automatic,First Owner
690ac12a56d1bc009301c2e5,Maruti Vitara Brezza ZDi Plus,2016,975000,65000,Diesel,Individual,Manual,First Owner
690ac12a56d1bc009301c2e6,Chevrolet Captiva LT,2009,500000,130000,Diesel,Individual,Manual,First Owner
690ac12a56d1bc009301c2e7,Renault Duster 85PS Diesel RxL Optional,2013,550000,75000,Diesel,Individual,Manual,Second Owner
690ac12a56d1bc009301c2e8,Nissan Terrano XV Premium 110 PS,2014,550000,110000,Diesel,Individual,Manual,Second Owner
690ac12a56d1bc009301c2e9,Maruti Alto K10 2010-2014 VXI,2014,240000,50000,Petrol,Individual,Manual,First Owner
690ac12a56d1bc009301c2ea,Maruti 800 Std,1997,50000,80000,Petrol,Individual,Manual,Second Owner
690ac12a56d1bc009301c2eb,Tata Indica Vista Aura 1.2 Safire,2009,120000,80000,Petrol,Individual,Manual,Second Owner
690ac12a56d1bc009301c2ec,Maruti Alto 800 LXI,2013,900000,60000,Petrol,Individual,Manual,Second Owner
690ac12a56d1bc009301c2ed,Honda City 1.5 V MT,2009,250000,90000,Petrol,Individual,Manual,Second Owner
690ac12a56d1bc009301c2ee,Renault KWID 1.0 RXT Optional,2017,280000,36000,Petrol,Individual,Manual,First Owner
690ac12a56d1bc009301c2ef,Tata Indica Vista Terra Quadrajet 1.3L BS IV,2010,85000,87000,Diesel,Individual,Manual,First Owner
690ac12a56d1bc009301c2f0,Tata Indica Vista Terra 1.4 TDI,2011,90000,80000,Diesel,Individual,Manual,First Owner
690ac12a56d1bc009301c2f1,Chevrolet Enjoy TCDi LT 8 Seater,2015,500000,50000,Diesel,Individual,Manual,First Owner
690ac12a56d1bc009301c2f2,Maruti 800 Std,2013,200000,60000,Petrol,Individual,Manual,First Owner
690ac12a56d1bc009301c2f3,Renault KWID RXT,2015,250000,50000,Petrol,Individual,Manual,First Owner
690ac12a56d1bc009301c2f4,Maruti Swift Dzire VDI,2014,185000,40000,Diesel,Individual,Manual,Third Owner
690ac12a56d1bc009301c2f5,Hyundai i10 Magna 1.1,2008,100000,60000,Petrol,Individual,Manual,Second Owner
690ac12a56d1bc009301c2f6,Toyota Etios VXD,2015,610000,55000,Diesel,Individual,Manual,First Owner
690ac12a56d1bc009301c2f7,Mahindra Quanto C8,2012,290000,80000,Diesel,Individual,Manual,First Owner
690ac12a56d1bc009301c2f8,Mahindra Xylo E9,2012,300000,295000,Diesel,Individual,Manual,First Owner
690ac12a56d1bc009301c2f9,Hyundai EON Era Plus,2015,225000,80000,Petrol,Individual,Manual,First Owner
690ac12a56d1bc009301c2fa,Maruti Alto K10 VXI,2017,320000,50000,Petrol,Individual,Manual,Second Owner
690ac12a56d1bc009301c2fb,Tata Indigo CR4,2012,135000,158000,Diesel,Individual,Manual,Third Owner
690ac12a56d1bc009301c2fc,Toyota Innova 2.5 G (Diesel) 7 Seater BS IV,2006,400000,400000,Diesel,Individual,Manual,Third Owner
690ac12a56d1bc009301c2fd,Maruti Wagon R VXI BS IV,2016,400000,25000,Petrol,Individual,Manual,First Owner
690ac12a56d1bc009301c2fe,Hyundai i20 Active 1.2 S,2017,570000,35000,Petrol,Individual,Manual,First Owner
690ac12a56d1bc009301c2ff,Maruti Ignis 1.2 Zeta BSIV,2018,500000,12000,Petrol,Individual,Manual,First Owner
690ac12a56d1bc009301c300,Maruti Omni MPI STD BSIV,2015,130000,70000,Petrol,Individual,Manual,First Owner
690ac12a56d1bc009301c301,Tata Tiago 1.2 Revotron XZ,2018,360000,4000,Petrol,Individual,Manual,First Owner
690ac12a56d1bc009301c302,Ford Figo Aspire 1.2 Ti-VCT Trend,2017,530000,10832,Petrol,Dealer,Manual,First Owner
690ac12a56d1bc009301c303,Hyundai i10 Era,2009,250000,50000,Petrol,Individual,Manual,First Owner
690ac12a56d1bc009301c304,Nissan Sunny XL,2016,600000,19495,Petrol,Dealer,Manual,First Owner
690ac12a56d1bc009301c305,Renault Duster 85PS Diesel RxL Plus,2013,570000,62668,Diesel,Dealer,Manual,First Owner
690ac12a56d1bc009301c306,Mahindra XUV500 W6 2WD,2013,850000,85710,Diesel,Dealer,Manual,First Owner
690ac12a56d1bc009301c307,Ford Figo Diesel EXI,2011,250000,55130,Diesel,Dealer,Manual,Second Owner
690ac12a56d1bc009301c308,Ford Ecosport 1.5 DV5 MT Titanium,2014,580000,63356,Diesel,Dealer,Manual,Second Owner
690ac12a56d1bc009301c309,Toyota Fortuner 3.0 Diesel,2012,1680000,129627,Diesel,Dealer,Manual,First Owner
690ac12a56d1bc009301c30a,Chevrolet Spark 1.0 LT,2010,180000,15000,Petrol,Individual,Manual,First Owner
690ac12a56d1bc009301c30b,Tata Tiago 1.2 Revotron XE,2017,300000,50000,Petrol,Individual,Manual,First Owner
690ac12a56d1bc009301c30c,Toyota Etios Liva VX,2012,269000,70000,Petrol,Individual,Manual,Second Owner
690ac12a56d1bc009301c30d,Maruti Alto K10 VXI,2018,231999,20000,Petrol,Individual,Manual,First Owner
690ac12a56d1bc009301c30e,Chevrolet Beat LS,2011,150000,60000,Petrol,Individual,Manual,Third Owner
690ac12a56d1bc009301c30f,Hyundai Grand i10 Asta Option,2017,495000,5000,Petrol,Individual,Manual,First Owner
690ac12a56d1bc009301c310,Maruti Ciaz VXi,2014,700000,15000,Petrol,Individual,Manual,First Owner
690ac12a56d1bc009301c311,Datsun GO Plus T BSIV,2018,400000,4400,Petrol,Individual,Manual,Second Owner
690ac12a56d1bc009301c312,Mahindra Xylo H4,2019,599000,15000,Diesel,Individual,Manual,Third Owner
690ac12a56d1bc009301c313,Renault Duster 85PS Diesel RxL Optional,2013,421000,45000,Diesel,Individual,Manual,First Owner
690ac12a56d1bc009301c314,Ford EcoSport 1.5 Diesel Trend BSIV,2018,841000,1000,Diesel,Individual,Manual,First Owner
690ac12a56d1bc009301c315,Hyundai i10 Magna 1.1L,2014,295000,38500,Petrol,Individual,Manual,First Owner
690ac12a56d1bc009301c316,Hyundai i10 Sportz,2011,220000,25000,Petrol,Individual,Manual,First Owner
690ac12a56d1bc009301c317,Ford Classic 1.4 Duratorq LXI,2013,250000,35000,Diesel,Individual,Manual,First Owner
690ac12a56d1bc009301c318,Toyota Fortuner 3.0 Diesel,2009,1100000,110000,Diesel,Individual,Manual,Second Owner
690ac12a56d1bc009301c319,Hyundai Verna 1.6 VTVT,2012,300000,40000,Petrol,Individual,Manual,First Owner
690ac12a56d1bc009301c31a,Chevrolet Aveo U-VA 1.2,2007,80000,110000,Petrol,Individual,Manual,Second Owner
690ac12a56d1bc009301c31b,Chevrolet Beat Diesel LT,2013,215000,20000,Diesel,Individual,Manual,Third Owner
690ac12a56d1bc009301c31c,Hyundai EON Magna Plus,2012,245000,14987,Petrol,Dealer,Manual,First Owner
690ac12a56d1bc009301c31d,Ford EcoSport 1.5 TDCi Titanium BSIV,2016,650000,25061,Diesel,Dealer,Manual,First Owner
690ac12a56d1bc009301c31e,Ford Ecosport 1.5 Diesel Titanium,2017,760000,42494,Diesel,Dealer,Manual,First Owner
690ac12a56d1bc009301c31f,Honda Amaze S i-Dtech,2014,395000,44875,Diesel,Dealer,Manual,First Owner
690ac12a56d1bc009301c320,Ford Figo Diesel EXI,2014,280000,89741,Diesel,Dealer,Manual,Second Owner
690ac12a56d1bc009301c321,Honda Jazz 1.5 S i DTEC,2016,495000,65000,Diesel,Dealer,Manual,First Owner
690ac12a56d1bc009301c322,Honda Jazz 1.5 VX i DTEC,2016,525000,35000,Diesel,Dealer,Manual,First Owner
690ac12a56d1bc009301c323,Toyota Innova 2.5 GX 8 STR BSIV,2009,420000,347089,Diesel,Dealer,Manual,First Owner
690ac12a56d1bc009301c324,Tata New Safari DICOR 2.2 VX 4x2,2010,210000,34500,Diesel,Individual,Manual,First Owner
690ac12a56d1bc009301c325,Hyundai i20 Active 1.2 S,2018,650000,30000,Petrol,Individual,Manual,First Owner
690ac12a56d1bc009301c326,BMW 3 Series 320d Luxury Line,2018,2300000,39000,Diesel,Individual,Automatic,First Owner
690ac12a56d1bc009301c327,Ford Freestyle Titanium Plus Diesel BSIV,2019,525000,16000,Diesel,Individual,Manual,First Owner
690ac12a56d1bc009301c328,Maruti Wagon R LXI CNG,2010,195000,80000,CNG,Individual,Manual,Second Owner
690ac12a56d1bc009301c329,Maruti Ertiga SHVS VDI,2016,650000,60000,Diesel,Individual,Manual,First Owner
690ac12a56d1bc009301c32a,Mahindra TUV 300 T6 Plus,2015,540000,110000,Diesel,Individual,Manual,First Owner
690ac12a56d1bc009301c32b,Maruti Alto 800 LXI,2014,180000,61000,Petrol,Individual,Manual,First Owner
690ac12a56d1bc009301c32c,Mahindra Bolero Power Plus ZLX,2017,750000,29000,Diesel,Individual,Manual,First Owner
690ac12a56d1bc009301c32d,Maruti Ertiga SHVS ZDI Plus,2018,980000,50000,Diesel,Individual,Manual,First Owner
690ac12a56d1bc009301c32e,Fiat Grande Punto EVO 90HP 1.3 Sport,2014,250000,90000,Diesel,Individual,Manual,First Owner
690ac12a56d1bc009301c32f,Hyundai Grand i10 1.2 Kappa Sportz AT,2018,550000,35000,Petrol,Individual,Automatic,First Owner
690ac12a56d1bc009301c330,Volkswagen Vento 1.6 Highline,2015,509999,43000,Petrol,Individual,Manual,Second Owner
690ac12a56d1bc009301c331,Maruti Alto K10 LXI,2017,320000,50000,Petrol,Individual,Manual,First Owner
690ac12a56d1bc009301c332,Hyundai EON D Lite,2016,275000,25000,Petrol,Individual,Manual,First Owner
690ac12a56d1bc009301c333,Mahindra XUV500 W8 2WD,2013,550000,222252,Diesel,Individual,Manual,First Owner
690ac12a56d1bc009301c334,Maruti Wagon R VXI Minor,2009,145000,50000,Petrol,Individual,Manual,Second Owner
690ac12a56d1bc009301c335,Fiat Grande Punto Emotion 90Hp,2013,250000,80000,Diesel,Individual,Manual,First Owner
690ac12a56d1bc009301c336,Hyundai Verna 1.6 SX,2012,520000,35000,Diesel,Individual,Manual,First Owner
690ac12a56d1bc009301c337,Maruti Alto LXi,2007,95000,85000,Petrol,Individual,Manual,Second Owner
690ac12a56d1bc009301c338,Toyota Innova 2.5 V Diesel 7-seater,2011,725000,110000,Diesel,Individual,Manual,Third Owner
690ac12a56d1bc009301c339,Maruti 800 AC,2006,55000,70000,Petrol,Individual,Manual,Second Owner
690ac12a56d1bc009301c33a,Honda City i DTEC VX,2014,600000,100000,Diesel,Individual,Manual,First Owner
690ac12a56d1bc009301c33b,Volkswagen Vento New Diesel Highline,2013,330000,120000,Diesel,Individual,Manual,Second Owner
690ac12a56d1bc009301c33c,Maruti Swift Dzire VDI,2015,470000,89000,Diesel,Individual,Manual,First Owner
690ac12a56d1bc009301c33d,Maruti Swift ZDi,2013,365000,120000,Diesel,Individual,Manual,First Owner
690ac12a56d1bc009301c33e,Hyundai EON Magna Plus,2013,250000,40000,Petrol,Individual,Manual,Second Owner
690ac12a56d1bc009301c33f,Maruti Wagon R VXI BS IV,2017,430000,17000,Petrol,Individual,Manual,First Owner
690ac12a56d1bc009301c340,Maruti Swift VDI,2013,400000,125000,Diesel,Individual,Manual,Second Owner
690ac12a56d1bc009301c341,Maruti Swift Dzire ZXI,2015,615000,110000,Petrol,Individual,Manual,Second Owner
690ac12a56d1bc009301c342,Ford Figo Diesel Titanium,2011,150000,120000,Diesel,Individual,Manual,Second Owner
690ac12a56d1bc009301c343,Ford Figo Diesel ZXI,2014,240000,90000,Diesel,Individual,Manual,First Owner
690ac12a56d1bc009301c344,Mahindra Scorpio S10 7 Seater,2014,800000,90000,Diesel,Individual,Manual,First Owner
690ac12a56d1bc009301c345,Hyundai EON LPG Magna Plus,2015,240000,110000,LPG,Individual,Manual,First Owner
690ac12a56d1bc009301c346,Ford Ecosport 1.5 DV5 MT Titanium,2014,600000,87000,Diesel,Individual,Manual,Second Owner
690ac12a56d1bc009301c347,Mahindra Scorpio LX,2014,800000,15000,Diesel,Individual,Manual,First Owner
690ac12a56d1bc009301c348,Hyundai EON 1.0 Kappa Magna Plus,2015,160000,70000,Petrol,Individual,Manual,First Owner
690ac12a56d1bc009301c349,Ford Fiesta Classic 1.6 Duratec CLXI,2012,350000,38000,Petrol,Individual,Manual,First Owner
690ac12a56d1bc009301c34a,Honda City 1.5 V MT,2011,300000,64000,Petrol,Individual,Manual,Second Owner
690ac12a56d1bc009301c34b,Tata Sumo Gold EX BSIII,2015,399000,55250,Diesel,Individual,Manual,First Owner
690ac12a56d1bc009301c34c,Mahindra Bolero DI,2011,300000,110000,Diesel,Individual,Manual,First Owner
690ac12a56d1bc009301c34d,Maruti A-Star AT VXI,2012,150000,70000,Petrol,Individual,Automatic,First Owner
690ac12a56d1bc009301c34e,Chevrolet Cruze LTZ,2010,320000,60000,Diesel,Individual,Manual,Third Owner
690ac12a56d1bc009301c34f,Tata Hexa XM,2018,1280000,17000,Diesel,Individual,Manual,First Owner
690ac12a56d1bc009301c350,Renault KWID 1.0 RXT Optional,2017,300000,13000,Petrol,Individual,Manual,Second Owner
690ac12a56d1bc009301c351,Nissan Terrano XL Plus ICC WT20 SE,2016,1000000,60000,Diesel,Individual,Manual,First Owner
690ac12a56d1bc009301c352,Mitsubishi Pajero Sport 4X4,2012,1090000,120000,Diesel,Individual,Manual,Second Owner
690ac12a56d1bc009301c353,Tata New Safari DICOR 2.2 GX 4x2 BS IV,2012,450000,97000,Diesel,Individual,Manual,Second Owner
690ac12a56d1bc009301c354,Tata Indica GLS BS IV,2007,60000,130000,Petrol,Individual,Manual,Second Owner
690ac12a56d1bc009301c355,Maruti Swift Dzire ZXI,2013,500000,50000,Petrol,Individual,Manual,First Owner
690ac12a56d1bc009301c356,Tata Indigo CR4,2012,200000,120000,Diesel,Individual,Manual,Second Owner
690ac12a56d1bc009301c357,Ford Ecosport 1.5 DV5 MT Titanium,2015,650000,68000,Diesel,Individual,Manual,First Owner
690ac12a56d1bc009301c358,Maruti Alto LXi,2006,60000,100000,Petrol,Individual,Manual,Second Owner
690ac12a56d1bc009301c359,Maruti Ertiga VDI,2013,250999,80000,Diesel,Individual,Manual,First Owner
690ac12a56d1bc009301c35a,Hyundai Accent Executive CNG,2012,185000,67000,CNG,Dealer,Manual,Second Owner
690ac12a56d1bc009301c35b,Maruti Alto K10 VXI,2015,155000,60000,Petrol,Individual,Manual,First Owner
690ac12a56d1bc009301c35c,Maruti Swift VXI,2019,600000,5000,Petrol,Individual,Manual,First Owner
690ac12a56d1bc009301c35d,Renault KWID RXE,2016,300000,20000,Petrol,Individual,Manual,First Owner
690ac12a56d1bc009301c35e,Hyundai Creta 1.6 E Plus,2018,850000,12500,Petrol,Individual,Manual,First Owner
690ac12a56d1bc009301c35f,Maruti Eeco CNG 5 Seater AC BSIV,2019,470000,4000,CNG,Individual,Manual,First Owner
690ac12a56d1bc009301c360,Ford Figo 1.2P Titanium MT,2019,600000,25000,Petrol,Individual,Manual,First Owner
690ac12a56d1bc009301c361,Toyota Innova 2.5 G (Diesel) 7 Seater,2013,700000,70000,Diesel,Individual,Manual,Second Owner
690ac12a56d1bc009301c362,Maruti Wagon R LXI DUO BSIII,2007,70000,162000,LPG,Individual,Manual,First Owner
690ac12a56d1bc009301c363,Toyota Fortuner 3.0 Diesel,2010,1250000,205000,Diesel,Individual,Manual,Second Owner
690ac12a56d1bc009301c364,Audi A6 2.8 FSI,2008,650000,70000,Petrol,Individual,Automatic,Third Owner
690ac12a56d1bc009301c365,Hyundai Xcent 1.2 CRDi S,2018,450000,70000,Diesel,Individual,Manual,Second Owner
690ac12a56d1bc009301c366,Mahindra XUV500 W8 2WD,2014,750000,100000,Diesel,Individual,Manual,Second Owner
690ac12a56d1bc009301c367,Toyota Innova 2.5 G (Diesel) 7 Seater,2013,775000,70000,Diesel,Individual,Manual,Second Owner
690ac12a56d1bc009301c368,Hyundai Santa Fe 4X4,2011,800000,220000,Diesel,Individual,Manual,First Owner
690ac12a56d1bc009301c369,Honda Amaze E i-Vtech,2015,360000,80000,Petrol,Individual,Manual,Second Owner
690ac12a56d1bc009301c36a,Toyota Corolla Altis Diesel D4DG,2010,250000,120000,Diesel,Individual,Manual,First Owner
690ac12a56d1bc009301c36b,Jeep Compass 2.0 Longitude Option BSIV,2017,1490000,22038,Diesel,Individual,Manual,First Owner
690ac12a56d1bc009301c36c,Nissan Terrano XL 110 PS,2013,600000,80000,Diesel,Individual,Manual,First Owner
690ac12a56d1bc009301c36d,Maruti Alto LX,2010,120000,90000,Petrol,Individual,Manual,First Owner
690ac12a56d1bc009301c36e,Tata New Safari DICOR 2.2 EX 4x2,2012,320000,140000,Diesel,Individual,Manual,Second Owner
690ac12a56d1bc009301c36f,Mahindra Thar 4X2,2011,400000,120000,Diesel,Individual,Manual,Second Owner
690ac12a56d1bc009301c370,Maruti Swift Dzire ZDI,2015,302000,60000,Diesel,Individual,Manual,First Owner
690ac12a56d1bc009301c371,Chevrolet Beat Diesel LT,2011,130000,80000,Diesel,Individual,Manual,Second Owner
690ac12a56d1bc009301c372,Maruti Swift Dzire LXI Option,2014,150000,60000,Petrol,Individual,Manual,Second Owner
690ac12a56d1bc009301c373,Tata Indica Vista Aura Plus 1.3 Quadrajet,2012,200000,90000,Diesel,Individual,Manual,Second Owner
690ac12a56d1bc009301c374,Toyota Innova 2.5 G1 BSIV,2012,950000,80000,Diesel,Individual,Manual,First Owner
690ac12a56d1bc009301c375,Maruti Swift Vdi BSIII,2008,120000,175000,Diesel,Individual,Manual,Second Owner
690ac12a56d1bc009301c376,Mahindra XUV500 W7 BSIV,2019,1400000,10000,Diesel,Individual,Manual,First Owner
690ac12a56d1bc009301c377,Hyundai i20 1.2 Asta Option,2017,620000,65000,Petrol,Individual,Manual,First Owner
690ac12a56d1bc009301c378,Toyota Innova 2.5 GX 8 STR BSIV,2012,449000,90000,Diesel,Individual,Manual,First Owner
690ac12a56d1bc009301c379,Maruti Alto LXi,2007,100000,70000,Petrol,Individual,Manual,First Owner
690ac12a56d1bc009301c37a,Hyundai Grand i10 1.2 Kappa Sportz BSIV,2018,600000,2500,Petrol,Individual,Manual,First Owner
690ac12a56d1bc009301c37b,Honda Amaze VX i-DTEC,2016,700000,35000,Diesel,Individual,Manual,First Owner
690ac12a56d1bc009301c37c,Chevrolet Beat Diesel LT,2012,250000,40000,Diesel,Individual,Manual,First Owner
690ac12a56d1bc009301c37d,Maruti Baleno RS 1.0 Petrol,2018,550000,63000,Petrol,Individual,Manual,First Owner
690ac12a56d1bc009301c37e,Skoda Superb Ambition 2.0 TDI CR AT,2013,675000,88000,Diesel,Dealer,Automatic,First Owner
690ac12a56d1bc009301c37f,Nissan Terrano XL Plus 85 PS,2015,530000,55000,Diesel,Dealer,Manual,First Owner
690ac12a56d1bc009301c380,Chevrolet Enjoy TCDi LT 7 Seater,2014,325000,71014,Diesel,Dealer,Manual,First Owner
690ac12a56d1bc009301c381,Renault Scala Diesel RxL,2015,370000,60000,Diesel,Dealer,Manual,First Owner
690ac12a56d1bc009301c382,Skoda Rapid 1.5 TDI Ambition,2014,360000,70000,Diesel,Individual,Manual,First Owner
690ac12a56d1bc009301c383,Skoda Superb LK 1.8 TSI AT,2012,650000,60000,Petrol,Dealer,Automatic,First Owner
690ac12a56d1bc009301c384,Ford Fiesta 1.5 TDCi Titanium,2012,199000,92000,Diesel,Dealer,Manual,Third Owner
690ac12a56d1bc009301c385,Mahindra Quanto C6,2014,285000,89126,Diesel,Individual,Manual,First Owner
690ac12a56d1bc009301c386,Volkswagen Jetta 1.9 TDI Comfortline DSG,2009,260000,134000,Diesel,Individual,Automatic,First Owner
690ac12a56d1bc009301c387,Maruti Ciaz 1.4 AT Zeta,2019,869999,15000,Petrol,Dealer,Automatic,First Owner
690ac12a56d1bc009301c388,Hyundai Grand i10 1.2 CRDi Magna,2016,425000,42500,Diesel,Dealer,Manual,First Owner
690ac12a56d1bc009301c389,Chevrolet Cruze LTZ AT,2012,490000,42000,Diesel,Dealer,Automatic,First Owner
690ac12a56d1bc009301c38a,Mahindra XUV500 AT W8 FWD,2015,750000,70000,Diesel,Individual,Automatic,Second Owner
690ac12a56d1bc009301c38b,Honda City 1.5 EXI,2004,125000,110000,Petrol,Individual,Manual,Third Owner
690ac12a56d1bc009301c38c,Fiat Linea 1.3 Emotion,2014,221000,131365,Diesel,Individual,Manual,First Owner
690ac12a56d1bc009301c38d,Volkswagen Vento 1.5 TDI Highline AT,2016,724000,48980,Diesel,Dealer,Automatic,First Owner
690ac12a56d1bc009301c38e,Honda Amaze VX AT i-Vtech,2014,440000,46000,Petrol,Dealer,Automatic,First Owner
690ac12a56d1bc009301c38f,Chevrolet Spark 1.0 LS,2009,70000,60000,Petrol,Individual,Manual,Third Owner
690ac12a56d1bc009301c390,Maruti Baleno Delta Diesel,2015,511000,58000,Diesel,Dealer,Manual,First Owner
690ac12a56d1bc009301c391,Maruti S-Cross Alpha DDiS 200 SH,2016,790000,22000,Diesel,Dealer,Manual,First Owner
690ac12a56d1bc009301c392,Hyundai i20 1.2 Asta Option,2017,640000,37000,Petrol,Individual,Manual,First Owner
690ac12a56d1bc009301c393,Hyundai Santro Xing GLS,2009,120000,70000,Petrol,Individual,Manual,Fourth & Above Owner
690ac12a56d1bc009301c394,Chevrolet Beat Diesel LT,2012,126000,98900,Diesel,Individual,Manual,Third Owner
690ac12a56d1bc009301c395,Chevrolet Beat Diesel LT,2012,120000,125000,Diesel,Individual,Manual,First Owner
690ac12a56d1bc009301c396,Mahindra TUV 300 T4 Plus,2017,650000,60000,Diesel,Individual,Manual,First Owner
690ac12a56d1bc009301c397,Hyundai Grand i10 Asta,2014,450000,80000,Petrol,Individual,Manual,Second Owner
690ac12a56d1bc009301c398,Maruti Zen Estilo LXI Green (CNG),2010,110000,80000,CNG,Individual,Manual,Fourth & Above Owner
690ac12a56d1bc009301c399,Mahindra Bolero Power Plus Plus AC BSIV PS,2017,600000,40000,Diesel,Individual,Manual,First Owner
690ac12a56d1bc009301c39a,Mahindra XUV500 W8 4WD,2012,620000,80000,Diesel,Individual,Manual,Second Owner
690ac12a56d1bc009301c39b,Ford Ecosport 1.5 DV5 MT Titanium,2014,600000,30000,Diesel,Individual,Manual,First Owner
690ac12a56d1bc009301c39c,Mahindra Bolero Power Plus ZLX,2018,795000,35000,Diesel,Individual,Manual,First Owner
690ac12a56d1bc009301c39d,Tata Winger Deluxe - Hi Roof (AC),2011,300000,180000,Diesel,Individual,Manual,Third Owner
690ac12a56d1bc009301c39e,Renault Lodgy 85PS RxL,2015,495000,60000,Diesel,Individual,Manual,First Owner
690ac12a56d1bc009301c39f,Audi A4 3.0 TDI Quattro,2013,1580000,86000,Diesel,Dealer,Automatic,First Owner
690ac12a56d1bc009301c3a0,Audi Q3 2.0 TDI Quattro Premium Plus,2015,1750000,127643,Diesel,Dealer,Automatic,First Owner
690ac12a56d1bc009301c3a1,Tata Hexa XTA,2018,1350000,34000,Diesel,Individual,Automatic,First Owner
690ac12a56d1bc009301c3a2,Mahindra Xylo D4,2014,350000,145000,Diesel,Individual,Manual,First Owner
690ac12a56d1bc009301c3a3,Datsun RediGO AMT 1.0 S,2018,300000,25000,Petrol,Individual,Automatic,First Owner
690ac12a56d1bc009301c3a4,Tata Zest Revotron 1.2T XMS,2018,400000,54000,Petrol,Dealer,Manual,Second Owner
690ac12a56d1bc009301c3a5,Audi A6 2.0 TDI  Design Edition,2014,1750000,102354,Diesel,Dealer,Automatic,First Owner
690ac12a56d1bc009301c3a6,Maruti Zen LX,1999,70000,70000,Petrol,Individual,Manual,Fourth & Above Owner
690ac12a56d1bc009301c3a7,Nissan Sunny XL D,2018,500000,70000,Diesel,Individual,Manual,First Owner
690ac12a56d1bc009301c3a8,Audi Q3 35 TDI Quattro Technology,2017,2575000,36000,Diesel,Dealer,Automatic,First Owner
690ac12a56d1bc009301c3a9,Honda Brio VX,2014,345000,58000,Petrol,Dealer,Manual,First Owner
690ac12a56d1bc009301c3aa,Tata Indigo CR4,2013,220000,100000,Diesel,Individual,Manual,First Owner
690ac12a56d1bc009301c3ab,Audi Q5 2.0 TFSI Quattro Premium Plus,2014,1850000,62237,Petrol,Dealer,Automatic,First Owner
690ac12a56d1bc009301c3ac,Hyundai Santro Xing XL eRLX Euro III,2005,114999,90000,Petrol,Dealer,Manual,Second Owner
690ac12a56d1bc009301c3ad,Maruti 800 AC,1999,50000,100000,Petrol,Individual,Manual,Second Owner
690ac12a56d1bc009301c3ae,Honda Jazz Select Edition,2017,585000,14000,Petrol,Dealer,Manual,First Owner
690ac12a56d1bc009301c3af,Ford EcoSport 1.5 TDCi Titanium BSIV,2018,950000,21394,Diesel,Dealer,Manual,First Owner
690ac12a56d1bc009301c3b0,Maruti Swift Dzire AMT VXI,2018,625000,13800,Petrol,Individual,Automatic,First Owner
690ac12a56d1bc009301c3b1,Hyundai Creta 1.6 SX Automatic,2017,1035000,23000,Petrol,Dealer,Automatic,First Owner
690ac12a56d1bc009301c3b2,Datsun GO T Petrol,2015,310000,32686,Petrol,Dealer,Manual,First Owner
690ac12a56d1bc009301c3b3,Mahindra Xylo D4,2017,600000,99700,Diesel,Individual,Manual,First Owner
690ac12a56d1bc009301c3b4,Toyota Fortuner 2.8 4WD AT BSIV,2019,3100000,5000,Diesel,Individual,Automatic,First Owner
690ac12a56d1bc009301c3b5,Honda City i-DTEC SV,2014,650000,49654,Diesel,Dealer,Manual,First Owner
690ac12a56d1bc009301c3b6,Hyundai Grand i10 Asta,2016,550000,45457,Petrol,Dealer,Manual,First Owner
690ac12a56d1bc009301c3b7,Hyundai Creta 1.6 CRDi SX,2017,1260000,39221,Diesel,Dealer,Manual,First Owner
690ac12a56d1bc009301c3b8,Hyundai i20 Sportz 1.2,2016,660000,48220,Petrol,Dealer,Manual,First Owner
690ac12a56d1bc009301c3b9,Hyundai i20 Sportz 1.2,2017,700000,11114,Petrol,Dealer,Manual,First Owner
690ac12a56d1bc009301c3ba,Hyundai Getz 1.5 CRDi GVS,2008,235000,60208,Diesel,Dealer,Manual,First Owner
690ac12a56d1bc009301c3bb,Volkswagen Vento 1.5 TDI Highline,2013,475000,80000,Diesel,Dealer,Manual,First Owner
690ac12a56d1bc009301c3bc,Mercedes-Benz E-Class 280 CDI Elegance,2008,795000,98600,Diesel,Dealer,Automatic,First Owner
690ac12a56d1bc009301c3bd,Audi RS7 2015-2019 Sportback Performance,2016,8900000,13000,Petrol,Dealer,Automatic,First Owner
690ac12a56d1bc009301c3be,Audi Q5 3.0 TDI Quattro Technology,2015,3200000,30000,Diesel,Dealer,Automatic,First Owner
690ac12a56d1bc009301c3bf,MG Hector Smart AT,2019,1860000,18000,Petrol,Dealer,Automatic,First Owner
690ac12a56d1bc009301c3c0,Land Rover Range Rover 4.4 Diesel LWB Vogue SE,2010,4200000,100000,Diesel,Dealer,Automatic,First Owner
690ac12a56d1bc009301c3c1,Honda City VX CVT,2015,850000,58000,Petrol,Dealer,Automatic,First Owner
690ac12a56d1bc009301c3c2,Mahindra Xylo D4,2017,585000,85441,Diesel,Dealer,Manual,First Owner
690ac12a56d1bc009301c3c3,Mahindra Verito 1.5 D4 BSIV,2015,380000,64541,Diesel,Dealer,Manual,First Owner
690ac12a56d1bc009301c3c4,Maruti Swift Dzire VDI,2019,650000,35000,Diesel,Individual,Manual,First Owner
690ac12a56d1bc009301c3c5,Maruti Swift ZXI Plus,2018,600000,30000,Petrol,Individual,Manual,First Owner
690ac12a56d1bc009301c3c6,Nissan Micra Active XV,2017,434999,16267,Petrol,Dealer,Manual,First Owner
690ac12a56d1bc009301c3c7,Volkswagen Vento 1.5 TDI Highline,2013,525000,71500,Diesel,Dealer,Manual,First Owner
690ac12a56d1bc009301c3c8,BMW 5 Series 520d Luxury Line,2019,4800000,12999,Diesel,Dealer,Automatic,First Owner
690ac12a56d1bc009301c3c9,Chevrolet Aveo U-VA 1.2 LS,2008,160000,80000,Petrol,Individual,Manual,First Owner
690ac12a56d1bc009301c3ca,Maruti Zen Estilo 1.1 LXI BSIII,2007,160000,90000,Petrol,Individual,Manual,Second Owner
690ac12a56d1bc009301c3cb,Chevrolet Spark 1.0 LT,2012,125000,28000,Petrol,Individual,Manual,First Owner
690ac12a56d1bc009301c3cc,Mahindra Bolero Power Plus Plus AC BSIV PS,2015,430000,200000,Diesel,Individual,Manual,First Owner
690ac12a56d1bc009301c3cd,Hyundai Creta 1.6 VTVT S,2017,900000,14700,Petrol,Individual,Manual,First Owner
690ac12a56d1bc009301c3ce,Maruti Alto LX,2000,61000,90000,Petrol,Individual,Manual,Second Owner
690ac12a56d1bc009301c3cf,Maruti Wagon R LXI BS IV,2017,400000,50000,Petrol,Individual,Manual,First Owner
690ac12a56d1bc009301c3d0,Hyundai Santro Xing XS,2009,150000,100000,Petrol,Individual,Manual,Second Owner
690ac12a56d1bc009301c3d1,Volkswagen Polo GT 1.0 TSI,2019,950000,24000,Petrol,Individual,Automatic,First Owner
690ac12a56d1bc009301c3d2,Tata Indigo CR4,2013,220000,100000,Diesel,Individual,Manual,First Owner
690ac12a56d1bc009301c3d3,Hyundai Getz GLX,2007,110000,90000,Petrol,Individual,Manual,First Owner
690ac12a56d1bc009301c3d4,Tata Bolt Revotron XM,2015,375000,30000,Petrol,Individual,Manual,First Owner
690ac12a56d1bc009301c3d5,Datsun GO Plus T Option,2017,350000,80000,Petrol,Individual,Manual,First Owner
690ac12a56d1bc009301c3d6,Hyundai i20 Magna 1.4 CRDi (Diesel),2012,310000,92686,Diesel,Dealer,Manual,Second Owner
690ac12a56d1bc009301c3d7,Tata Indica GLS BS IV,2010,90000,300000,Petrol,Individual,Manual,Third Owner
690ac12a56d1bc009301c3d8,Volkswagen Vento Petrol Highline,2011,350000,90000,Petrol,Individual,Manual,Second Owner
690ac12a56d1bc009301c3d9,Hyundai Santro LS zipPlus,2003,100000,60000,Petrol,Individual,Manual,First Owner
690ac12a56d1bc009301c3da,Mahindra XUV500 AT W6 2WD,2017,1300000,40000,Diesel,Individual,Automatic,First Owner
690ac12a56d1bc009301c3db,Maruti Wagon R LXI,2004,70000,90000,Petrol,Individual,Manual,Fourth & Above Owner
690ac12a56d1bc009301c3dc,Chevrolet Sail Hatchback LT ABS,2013,225000,80000,Diesel,Individual,Manual,First Owner
690ac12a56d1bc009301c3dd,Honda City 1.3 EXI,2002,145000,100000,Petrol,Individual,Manual,First Owner
690ac12a56d1bc009301c3de,Ford EcoSport 1.5 Diesel Titanium Plus BSIV,2018,930000,20000,Diesel,Individual,Manual,First Owner
690ac12a56d1bc009301c3df,Maruti Swift VXI,2019,550000,51000,Petrol,Individual,Manual,First Owner
690ac12a56d1bc009301c3e0,Maruti Alto LX BSIII,2008,85000,120000,Petrol,Individual,Manual,Second Owner
690ac12a56d1bc009301c3e1,Hyundai EON Era Plus Sports Edition,2014,280000,55000,Petrol,Individual,Manual,First Owner
690ac12a56d1bc009301c3e2,Hyundai EON Magna Plus,2018,360000,6000,Petrol,Individual,Manual,First Owner
690ac12a56d1bc009301c3e3,Maruti Alto LXi,2011,150000,40000,Petrol,Individual,Manual,Second Owner
690ac12a56d1bc009301c3e4,Skoda Rapid 1.6 MPI AT Ambition BSIV,2017,900000,15000,Petrol,Individual,Automatic,First Owner
690ac12a56d1bc009301c3e5,Ambassador CLASSIC 1500 DSL AC,2005,120000,50000,Diesel,Individual,Manual,Second Owner
690ac12a56d1bc009301c3e6,Fiat Linea T Jet Emotion,2010,215000,90000,Petrol,Individual,Manual,Second Owner
690ac12a56d1bc009301c3e7,Renault Scala Diesel RxL,2013,550000,38500,Diesel,Individual,Manual,First Owner
690ac12a56d1bc009301c3e8,Tata Nexon 1.2 Revotron XZ Plus Dual Tone,2018,775000,35000,Petrol,Individual,Manual,First Owner
690ac12a56d1bc009301c3e9,Maruti Gypsy King HT BSIV,2001,409999,49359,Petrol,Individual,Manual,Third Owner
690ac12a56d1bc009301c3ea,Maruti 800 AC Uniq,2005,65000,70000,Petrol,Individual,Manual,Second Owner
690ac12a56d1bc009301c3eb,Maruti Wagon R LXI Minor,2008,200000,90000,Petrol,Individual,Manual,Second Owner
690ac12a56d1bc009301c3ec,Maruti Wagon R VXI BS IV,2010,240000,50000,Petrol,Individual,Manual,Second Owner
690ac12a56d1bc009301c3ed,Toyota Innova 2.5 VX 8 STR,2012,800000,108731,Diesel,Individual,Manual,First Owner
690ac12a56d1bc009301c3ee,Toyota Innova 2.5 EV Diesel MS 7 Str BSIII,2010,400000,120000,Diesel,Individual,Manual,First Owner
690ac12a56d1bc009301c3ef,Tata Sumo Gold EX BSIII,2016,500000,60000,Diesel,Individual,Manual,First Owner
690ac12a56d1bc009301c3f0,Mahindra Renault Logan 1.5 DLX Diesel,2007,150000,90000,Diesel,Individual,Manual,Third Owner
690ac12a56d1bc009301c3f1,Toyota Etios GD,2014,500000,140000,Diesel,Individual,Manual,Second Owner
690ac12a56d1bc009301c3f2,Hyundai EON Magna Plus,2014,320000,80000,Petrol,Individual,Manual,First Owner
690ac12a56d1bc009301c3f3,Nissan Micra Diesel XV,2013,300000,90000,Diesel,Individual,Manual,First Owner
690ac12a56d1bc009301c3f4,Renault Lodgy Stepway 85PS RXZ 8S,2017,650000,40000,Diesel,Individual,Manual,First Owner
690ac12a56d1bc009301c3f5,Maruti Alto 800 LXI,2018,285000,14000,Petrol,Individual,Manual,First Owner
690ac12a56d1bc009301c3f6,Tata Aria Pleasure 4x2,2012,360000,70000,Diesel,Individual,Manual,Second Owner
690ac12a56d1bc009301c3f7,Honda Accord 2.4 MT,2009,450000,55000,Petrol,Individual,Manual,Second Owner
690ac12a56d1bc009301c3f8,Maruti Alto LXi,2011,175000,60000,Petrol,Individual,Manual,Third Owner
690ac12a56d1bc009301c3f9,Chevrolet Cruze LT,2011,350000,74000,Diesel,Individual,Manual,Second Owner
690ac12a56d1bc009301c3fa,Ford Figo Aspire 1.5 TDCi Titanium,2020,530000,45000,Diesel,Dealer,Manual,First Owner
690ac12a56d1bc009301c3fb,Honda City i-DTEC ZX,2017,1025000,38000,Diesel,Dealer,Manual,First Owner
690ac12a56d1bc009301c3fc,Honda BR-V i-DTEC VX MT,2017,950000,24000,Diesel,Dealer,Manual,First Owner
690ac12a56d1bc009301c3fd,Honda WR-V i-VTEC VX,2017,725000,29976,Petrol,Dealer,Manual,First Owner
690ac12a56d1bc009301c3fe,Honda City i VTEC VX,2017,919999,41000,Petrol,Dealer,Manual,First Owner
690ac12a56d1bc009301c3ff,Honda Jazz 1.5 V i DTEC,2018,700000,15000,Diesel,Dealer,Manual,First Owner
690ac12a56d1bc009301c400,Honda Jazz 1.5 VX i DTEC,2017,725000,36000,Diesel,Dealer,Manual,First Owner
690ac12a56d1bc009301c401,Honda BR-V i-VTEC VX MT,2017,840000,30646,Petrol,Dealer,Manual,First Owner
690ac12a56d1bc009301c402,Maruti Wagon R VXI BS IV,2015,365000,23600,Petrol,Dealer,Manual,First Owner
690ac12a56d1bc009301c403,Honda City i DTEC SV,2014,665000,71318,Diesel,Dealer,Manual,First Owner
690ac12a56d1bc009301c404,Maruti 800 Std,2003,50000,78098,Petrol,Individual,Manual,First Owner
690ac12a56d1bc009301c405,Hyundai EON Era Plus,2014,225000,30000,Petrol,Individual,Manual,First Owner
690ac12a56d1bc009301c406,Hyundai i10 Era,2012,229999,45000,Petrol,Individual,Manual,Second Owner
690ac12a56d1bc009301c407,Hyundai Santro Xing GL,2008,145000,67000,Petrol,Individual,Manual,First Owner
690ac12a56d1bc009301c408,Ford Figo Aspire Facelift,2018,624000,14681,Diesel,Dealer,Manual,First Owner
690ac12a56d1bc009301c409,Hyundai Verna 1.4 VTVT,2015,500000,25000,Petrol,Individual,Manual,First Owner
690ac12a56d1bc009301c40a,Ford EcoSport 1.5 Ti VCT MT Titanium BSIV,2017,750000,18054,Petrol,Dealer,Manual,First Owner
690ac12a56d1bc009301c40b,Honda City i DTEC VX,2015,785000,40000,Diesel,Individual,Manual,First Owner
690ac12a56d1bc009301c40c,Hyundai i10 Sportz,2011,225000,30000,Petrol,Individual,Manual,First Owner
690ac12a56d1bc009301c40d,Hyundai Xcent 1.1 CRDi Base,2017,300000,80000,Diesel,Individual,Manual,First Owner
690ac12a56d1bc009301c40e,Hyundai i20 Asta 1.4 CRDi,2016,680000,20000,Diesel,Individual,Manual,First Owner
690ac12a56d1bc009301c40f,Mahindra TUV 300 T8,2016,700000,40000,Diesel,Individual,Manual,First Owner
690ac12a56d1bc009301c410,Tata Indigo CS eLS BS IV,2011,180000,120000,Diesel,Individual,Manual,First Owner
690ac12a56d1bc009301c411,Ford Fiesta 1.4 SXi TDCi ABS,2008,270000,120000,Diesel,Individual,Manual,Second Owner
690ac12a56d1bc009301c412,Maruti Swift Dzire VXi,2010,370000,97000,Petrol,Individual,Manual,Second Owner
690ac12a56d1bc009301c413,Mahindra Xylo H8 ABS with Airbags,2018,1100000,70000,Diesel,Individual,Manual,First Owner
690ac12a56d1bc009301c414,Hyundai Accent CRDi,2004,120000,120000,Diesel,Individual,Manual,Second Owner
690ac12a56d1bc009301c415,Skoda Rapid 1.6 TDI PRESTIGE,2013,430000,88000,Diesel,Individual,Manual,Second Owner
690ac12a56d1bc009301c416,Maruti Swift ZDi,2014,550000,38406,Diesel,Dealer,Manual,First Owner
690ac12a56d1bc009301c417,Hyundai Santro Xing GLS,2014,320000,54350,Petrol,Dealer,Manual,First Owner
690ac12a56d1bc009301c418,Maruti Wagon R VXI BS IV,2015,390000,32260,Petrol,Dealer,Manual,First Owner
690ac12a56d1bc009301c419,Renault Duster 85PS Diesel RxE,2014,550000,58231,Diesel,Dealer,Manual,First Owner
690ac12a56d1bc009301c41a,Maruti Swift VXI,2012,370000,59858,Petrol,Dealer,Manual,First Owner
690ac12a56d1bc009301c41b,Maruti Alto LXi BSIII,2010,190000,73350,Petrol,Dealer,Manual,First Owner
690ac12a56d1bc009301c41c,Renault Duster 110PS Diesel RxZ,2013,509999,88473,Diesel,Dealer,Manual,First Owner
690ac12a56d1bc009301c41d,Honda City S,2013,450000,96987,Petrol,Dealer,Manual,First Owner
690ac12a56d1bc009301c41e,Mercedes-Benz GLS 2016-2020 350d 4MATIC,2016,5500000,77350,Diesel,Dealer,Automatic,First Owner
690ac12a56d1bc009301c41f,Maruti Swift Dzire VDI,2015,550000,61187,Diesel,Dealer,Manual,First Owner
690ac12a56d1bc009301c420,Mahindra Xylo E6,2009,400000,68350,Diesel,Dealer,Manual,First Owner
690ac12a56d1bc009301c421,Ford EcoSport 1.5 TDCi Titanium BSIV,2015,585000,81150,Diesel,Dealer,Manual,First Owner
690ac12a56d1bc009301c422,Hyundai Grand i10 1.2 Kappa Asta,2019,500000,30000,Petrol,Individual,Manual,First Owner
690ac12a56d1bc009301c423,Maruti Ciaz ZXi,2015,800000,30000,Petrol,Individual,Manual,First Owner
690ac12a56d1bc009301c424,Maruti Swift Vdi BSIII,2009,265000,120000,Diesel,Individual,Manual,Second Owner
690ac12a56d1bc009301c425,Ford Figo Diesel Titanium,2012,175000,180000,Diesel,Individual,Manual,First Owner
690ac12a56d1bc009301c426,Fiat Palio 1.2 Sport,2007,125000,50000,Petrol,Individual,Manual,Second Owner
690ac12a56d1bc009301c427,Tata Manza Aqua Quadrajet BS IV,2010,165000,80000,Diesel,Individual,Manual,First Owner
690ac12a56d1bc009301c428,Mahindra Verito 1.5 D2 BSIII,2011,150000,280000,Diesel,Individual,Manual,First Owner
690ac12a56d1bc009301c429,Hyundai Creta 1.6 CRDi SX Option,2015,1025000,90000,Diesel,Individual,Manual,Second Owner
690ac12a56d1bc009301c42a,Toyota Innova 2.5 VX (Diesel) 8 Seater,2014,1030000,250000,Diesel,Individual,Manual,Second Owner
690ac12a56d1bc009301c42b,Chevrolet Cruze LT,2012,380000,90000,Diesel,Individual,Manual,Fourth & Above Owner
690ac12a56d1bc009301c42c,Maruti Swift Dzire LDi,2010,250000,110000,Diesel,Individual,Manual,Third Owner
690ac12a56d1bc009301c42d,Maruti Zen LX,2000,85000,80000,Petrol,Individual,Manual,Second Owner
690ac12a56d1bc009301c42e,Fiat Punto EVO 1.3 Dynamic,2016,500000,35000,Diesel,Individual,Manual,First Owner
690ac12a56d1bc009301c42f,Hyundai EON Era Plus,2018,350000,15000,Petrol,Individual,Manual,First Owner
690ac12a56d1bc009301c430,Maruti Alto LXi BSIII,2010,190000,52000,Petrol,Individual,Manual,Second Owner
690ac12a56d1bc009301c431,Volkswagen Jetta 1.9 TDI Trendline,2009,940000,140000,Diesel,Individual,Manual,First Owner
690ac12a56d1bc009301c432,Maruti Swift VXI,2013,475000,60000,Petrol,Individual,Manual,Second Owner
690ac12a56d1bc009301c433,Maruti Alto 800 LXI,2018,300000,17000,Petrol,Individual,Manual,First Owner
690ac12a56d1bc009301c434,Chevrolet Beat LS,2016,250000,70000,Petrol,Individual,Manual,Third Owner
690ac12a56d1bc009301c435,Maruti Zen LX,2001,93000,97000,Petrol,Individual,Manual,Fourth & Above Owner
690ac12a56d1bc009301c436,Ford Figo Diesel ZXI,2012,290000,125000,Diesel,Individual,Manual,Second Owner
690ac12a56d1bc009301c437,Tata Indica GLS BS IV,2010,75000,300000,Petrol,Individual,Manual,Third Owner
690ac12a56d1bc009301c438,Mahindra XUV500 W8 2WD,2015,1000000,120000,Diesel,Individual,Manual,Second Owner
690ac12a56d1bc009301c439,Hyundai i20 Asta 1.4 CRDi,2015,550000,87000,Diesel,Individual,Manual,First Owner
690ac12a56d1bc009301c43a,Fiat Punto 1.3 Emotion,2010,285000,75000,Diesel,Individual,Manual,Third Owner
690ac12a56d1bc009301c43b,Tata Indigo Grand Petrol,2014,240000,60000,Petrol,Individual,Manual,Second Owner
690ac12a56d1bc009301c43c,Hyundai Creta 1.6 VTVT S,2015,850000,25000,Petrol,Individual,Manual,First Owner
690ac12a56d1bc009301c43d,Hyundai i20 Active 1.2 SX,2016,650000,26000,Petrol,Individual,Manual,First Owner
690ac12a56d1bc009301c43e,Maruti Celerio Green VXI,2017,365000,78000,CNG,Individual,Manual,First Owner
690ac12a56d1bc009301c43f,Hyundai i20 Active 1.2 SX,2016,650000,26000,Petrol,Individual,Manual,First Owner
690ac12a56d1bc009301c440,Chevrolet Sail 1.2 Base,2015,260000,35000,Petrol,Individual,Manual,First Owner
690ac12a56d1bc009301c441,Tata Indigo Grand Petrol,2014,250000,100000,Petrol,Individual,Manual,First Owner
690ac12a56d1bc009301c442,Tata New Safari 4X2,2007,550000,80000,Petrol,Individual,Manual,Second Owner
690ac12a56d1bc009301c443,Maruti Wagon R LXI,2004,70000,90000,Petrol,Individual,Manual,Fourth & Above Owner
690ac12a56d1bc009301c444,Chevrolet Sail Hatchback LT ABS,2013,225000,80000,Diesel,Individual,Manual,First Owner
690ac12a56d1bc009301c445,Honda City 1.3 EXI,2002,145000,100000,Petrol,Individual,Manual,First Owner
690ac12a56d1bc009301c446,Ford EcoSport 1.5 Diesel Titanium Plus BSIV,2018,930000,20000,Diesel,Individual,Manual,First Owner
690ac12a56d1bc009301c447,Maruti Swift VXI,2019,550000,51000,Petrol,Individual,Manual,First Owner
690ac12a56d1bc009301c448,Maruti Alto LX BSIII,2008,85000,120000,Petrol,Individual,Manual,Second Owner
690ac12a56d1bc009301c449,Hyundai EON Era Plus Sports Edition,2014,280000,55000,Petrol,Individual,Manual,First Owner
690ac12a56d1bc009301c44a,Hyundai EON Magna Plus,2018,360000,6000,Petrol,Individual,Manual,First Owner
690ac12a56d1bc009301c44b,Maruti Alto LXi,2011,150000,40000,Petrol,Individual,Manual,Second Owner
690ac12a56d1bc009301c44c,Skoda Rapid 1.6 MPI AT Ambition BSIV,2017,900000,15000,Petrol,Individual,Automatic,First Owner
690ac12a56d1bc009301c44d,Ambassador CLASSIC 1500 DSL AC,2005,120000,50000,Diesel,Individual,Manual,Second Owner
690ac12a56d1bc009301c44e,Fiat Linea T Jet Emotion,2010,215000,90000,Petrol,Individual,Manual,Second Owner
690ac12a56d1bc009301c44f,Renault Scala Diesel RxL,2013,550000,38500,Diesel,Individual,Manual,First Owner
690ac12a56d1bc009301c450,Tata Nexon 1.2 Revotron XZ Plus Dual Tone,2018,775000,35000,Petrol,Individual,Manual,First Owner
690ac12a56d1bc009301c451,Maruti Gypsy King HT BSIV,2001,409999,49359,Petrol,Individual,Manual,Third Owner
690ac12a56d1bc009301c452,Maruti 800 AC Uniq,2005,65000,70000,Petrol,Individual,Manual,Second Owner
690ac12a56d1bc009301c453,Maruti Wagon R LXI Minor,2008,200000,90000,Petrol,Individual,Manual,Second Owner
690ac12a56d1bc009301c454,Maruti Wagon R VXI BS IV,2010,240000,50000,Petrol,Individual,Manual,Second Owner
690ac12a56d1bc009301c455,Toyota Innova 2.5 VX 8 STR,2012,800000,108731,Diesel,Individual,Manual,First Owner
690ac12a56d1bc009301c456,Toyota Innova 2.5 EV Diesel MS 7 Str BSIII,2010,400000,120000,Diesel,Individual,Manual,First Owner
690ac12a56d1bc009301c457,Maruti Wagon R VXI BSIII,2012,229999,40000,Petrol,Individual,Manual,Second Owner
690ac12a56d1bc009301c458,Ford Ecosport 1.5 DV5 MT Titanium,2014,580000,120000,Diesel,Individual,Manual,First Owner
690ac12a56d1bc009301c459,Toyota Corolla H2,2005,175000,100000,Petrol,Individual,Manual,Fourth & Above Owner
690ac12a56d1bc009301c45a,Maruti Ritz VDi,2012,250000,110000,Diesel,Individual,Manual,Fourth & Above Owner
690ac12a56d1bc009301c45b,Hyundai EON Magna Plus,2014,320000,80000,Petrol,Individual,Manual,First Owner
690ac12a56d1bc009301c45c,Nissan Micra Diesel XV,2013,300000,90000,Diesel,Individual,Manual,First Owner
690ac12a56d1bc009301c45d,Mahindra TUV 300 mHAWK100 T8,2017,800000,60000,Diesel,Individual,Manual,First Owner
690ac12a56d1bc009301c45e,Hyundai Verna SX AT Diesel,2009,245000,75000,Diesel,Dealer,Automatic,First Owner
690ac12a56d1bc009301c45f,Hyundai EON Magna Plus,2018,300000,20000,Petrol,Individual,Manual,First Owner
690ac12a56d1bc009301c460,Hyundai Xcent 1.2 CRDi E,2017,350000,80000,Diesel,Individual,Manual,First Owner
690ac12a56d1bc009301c461,Maruti Zen LX - BS III,2006,70000,105700,Petrol,Individual,Manual,First Owner
690ac12a56d1bc009301c462,Maruti Celerio VXI Optional,2017,430999,14000,Petrol,Dealer,Manual,First Owner
690ac12a56d1bc009301c463,Chevrolet Spark 1.0,2010,80000,70000,Petrol,Individual,Manual,First Owner
690ac12a56d1bc009301c464,Maruti Alto 800 LXI Optional,2019,335000,28000,Petrol,Dealer,Manual,First Owner
690ac12a56d1bc009301c465,Maruti Eeco 7 Seater Standard BSIV,2017,350000,51000,Petrol,Dealer,Manual,First Owner
690ac12a56d1bc009301c466,Maruti Alto 800 LXI Opt BSIV,2018,315000,56000,Petrol,Dealer,Manual,First Owner
690ac12a56d1bc009301c467,Volkswagen Vento 1.5 TDI Highline Plus AT BSIV,2019,1100000,35000,Diesel,Individual,Automatic,First Owner
690ac12a56d1bc009301c468,Maruti Esteem Lxi - BSIII,2005,80000,24000,Petrol,Individual,Manual,First Owner
690ac12a56d1bc009301c469,Maruti Alto K10 VXI Optional,2014,285000,64000,Petrol,Dealer,Manual,Second Owner
690ac12a56d1bc009301c46a,Tata Indigo TDI,2009,100000,120000,Diesel,Individual,Manual,Third Owner
690ac12a56d1bc009301c46b,Maruti Alto LXi,2011,225000,37091,Petrol,Individual,Manual,First Owner
690ac12a56d1bc009301c46c,Volvo XC 90 D5 Inscription BSIV,2017,4500000,80000,Diesel,Individual,Automatic,First Owner
690ac12a56d1bc009301c46d,Maruti Alto K10 VXI,2018,320000,38900,Petrol,Individual,Manual,Third Owner
690ac12a56d1bc009301c46e,Hyundai Creta 1.6 CRDi SX Plus,2016,1249000,60000,Diesel,Individual,Manual,Third Owner
690ac12a56d1bc009301c46f,Maruti Wagon R LXI Minor,2008,120000,110000,Petrol,Individual,Manual,Third Owner
690ac12a56d1bc009301c470,Volkswagen Vento Diesel Trendline,2011,200000,100000,Diesel,Individual,Manual,Second Owner
690ac12a56d1bc009301c471,Hyundai Creta 1.6 CRDi SX,2016,1151000,85000,Diesel,Individual,Manual,First Owner
690ac12a56d1bc009301c472,Tata Indica Vista Quadrajet LS,2012,120000,140000,Diesel,Individual,Manual,First Owner
690ac12a56d1bc009301c473,Renault KWID RXT,2017,220000,20000,Petrol,Individual,Manual,First Owner
690ac12a56d1bc009301c474,Tata Nexon 1.2 Revotron XZ Plus Dual Tone,2017,750000,15000,Petrol,Individual,Manual,First Owner
690ac12a56d1bc009301c475,Mahindra TUV 300 T10 Dual Tone,2018,784000,40000,Diesel,Individual,Manual,First Owner
690ac12a56d1bc009301c476,Honda Jazz 1.2 S i VTEC,2017,500000,50000,Petrol,Individual,Manual,First Owner
690ac12a56d1bc009301c477,Hyundai EON Era Plus,2018,350000,20000,Petrol,Individual,Manual,First Owner
690ac12a56d1bc009301c478,Mahindra XUV500 W7 AT BSIV,2018,1400000,50000,Diesel,Individual,Automatic,First Owner
690ac12a56d1bc009301c479,Mahindra Thar CRDe AC,2014,600000,100000,Diesel,Individual,Manual,Second Owner
690ac12a56d1bc009301c47a,Hyundai Grand i10 1.2 Kappa Magna BSIV,2019,525000,9400,Petrol,Individual,Manual,First Owner
690ac12a56d1bc009301c47b,Ford EcoSport 1.5 Diesel Titanium Plus BSIV,2017,930000,12000,Diesel,Individual,Manual,First Owner
690ac12a56d1bc009301c47c,Maruti Eeco 5 STR With AC Plus HTR CNG,2017,440000,14100,CNG,Dealer,Manual,First Owner
690ac12a56d1bc009301c47d,Maruti Celerio ZXI,2016,434999,21000,Petrol,Dealer,Manual,First Owner
690ac12a56d1bc009301c47e,Hyundai i10 Magna,2011,250000,28000,Petrol,Dealer,Manual,First Owner
690ac12a56d1bc009301c47f,Maruti Ertiga SHVS ZDI Plus,2017,940000,35000,Diesel,Dealer,Manual,First Owner
690ac12a56d1bc009301c480,Hyundai Verna 1.6 CRDi AT SX,2017,1050000,31000,Diesel,Dealer,Automatic,First Owner
690ac12a56d1bc009301c481,Maruti Ertiga SHVS ZDI,2016,825000,58000,Diesel,Dealer,Manual,First Owner
690ac12a56d1bc009301c482,Maruti Wagon R VXI Minor,2012,229999,25000,Petrol,Individual,Manual,First Owner
690ac12a56d1bc009301c483,Hyundai i20 1.2 Asta,2011,375000,72000,Petrol,Dealer,Manual,First Owner
690ac12a56d1bc009301c484,Maruti Ertiga ZDI,2013,640000,89000,Diesel,Dealer,Manual,First Owner
690ac12a56d1bc009301c485,Toyota Innova 2.5 V Diesel 8-seater,2012,800000,160000,Diesel,Dealer,Manual,First Owner
690ac12a56d1bc009301c486,Ford Figo Petrol ZXI,2012,130000,30000,Petrol,Individual,Manual,Third Owner
690ac12a56d1bc009301c487,Hyundai i10 Sportz 1.1L,2014,300000,37555,Petrol,Dealer,Manual,First Owner
690ac12a56d1bc009301c488,Maruti Wagon R VXI BS IV,2018,440000,14000,Petrol,Dealer,Manual,First Owner
690ac12a56d1bc009301c489,Maruti Ertiga VXI CNG,2014,595000,56600,CNG,Dealer,Manual,First Owner
690ac12a56d1bc009301c48a,Mahindra Scorpio EX,2013,450000,110000,Diesel,Individual,Manual,First Owner
690ac12a56d1bc009301c48b,Maruti Vitara Brezza VDi Option,2017,690000,50000,Diesel,Individual,Manual,First Owner
690ac12a56d1bc009301c48c,Maruti Alto 800 VXI,2019,300000,5000,Petrol,Individual,Manual,First Owner
690ac12a56d1bc009301c48d,Chevrolet Sail 1.2 Base,2014,170000,100000,Petrol,Individual,Manual,Second Owner
690ac12a56d1bc009301c48e,Toyota Etios Liva GD SP,2012,280000,120000,Diesel,Individual,Manual,First Owner
690ac12a56d1bc009301c48f,Maruti Swift VXI BSIII,2009,220000,67580,Petrol,Individual,Manual,Second Owner
690ac12a56d1bc009301c490,Hyundai Santro Xing GLS,2009,140000,100000,Petrol,Individual,Manual,Third Owner
690ac12a56d1bc009301c491,Maruti Esteem Lxi,2004,45000,60000,Petrol,Individual,Manual,First Owner
690ac12a56d1bc009301c492,Ford Figo Diesel Titanium,2014,200000,125000,Diesel,Individual,Manual,Second Owner
690ac12a56d1bc009301c493,Mahindra Scorpio 2.6 Turbo 7 Str,2008,325000,120000,Diesel,Individual,Manual,Second Owner
690ac12a56d1bc009301c494,Hyundai Verna CRDi SX,2010,300000,130000,Diesel,Individual,Manual,Second Owner
690ac12a56d1bc009301c495,Maruti 800 AC,2009,120000,250000,Petrol,Individual,Manual,Second Owner
690ac12a56d1bc009301c496,Hyundai Creta 1.6 CRDi SX,2016,535000,52600,Diesel,Individual,Manual,First Owner
690ac12a56d1bc009301c497,Honda City i DTEC S,2014,520000,82000,Diesel,Individual,Manual,First Owner
690ac12a56d1bc009301c498,Hyundai Grand i10 1.2 Kappa Magna AT,2017,550000,19890,Petrol,Dealer,Automatic,First Owner
690ac12a56d1bc009301c499,Mahindra Verito Vibe 1.5 dCi D6,2015,280000,40000,Diesel,Individual,Manual,First Owner
690ac12a56d1bc009301c49a,Nissan Sunny XL D,2013,225000,78000,Diesel,Dealer,Manual,First Owner
690ac12a56d1bc009301c49b,Ford EcoSport 1.5 Petrol Titanium Plus AT BSIV,2015,750000,48238,Petrol,Trustmark Dealer,Automatic,First Owner
690ac12a56d1bc009301c49c,Hyundai i20 1.2 Magna Executive,2016,535000,38365,Petrol,Dealer,Manual,First Owner
690ac12a56d1bc009301c49d,Mahindra XUV500 W10 1.99 mHawk,2016,1250000,23670,Diesel,Trustmark Dealer,Manual,First Owner
690ac12a56d1bc009301c49e,Maruti Baleno Zeta 1.2,2017,650000,49834,Petrol,Trustmark Dealer,Manual,First Owner
690ac12a56d1bc009301c49f,Honda Brio S MT,2013,295000,57353,Petrol,Trustmark Dealer,Manual,First Owner
690ac12a56d1bc009301c4a0,Maruti Swift DDiS VDI,2015,480000,68308,Diesel,Trustmark Dealer,Manual,First Owner
690ac12a56d1bc009301c4a1,Honda City i DTEC SV,2015,575000,63240,Diesel,Trustmark Dealer,Manual,First Owner
690ac12a56d1bc009301c4a2,Mahindra Scorpio 1.99 S4,2016,509999,60000,Diesel,Individual,Manual,First Owner
690ac12a56d1bc009301c4a3,Maruti Alto LXi,2008,69000,100000,Petrol,Individual,Manual,First Owner
690ac12a56d1bc009301c4a4,Tata Manza Aura Safire BS IV,2013,200000,60000,Petrol,Individual,Manual,First Owner
690ac12a56d1bc009301c4a5,Toyota Innova 2.5 GX 8 STR BSIV,2012,449000,90000,Diesel,Individual,Manual,First Owner
690ac12a56d1bc009301c4a6,Tata Harrier XE,2020,426000,1000,Diesel,Individual,Manual,First Owner
690ac12a56d1bc009301c4a7,Ford Ecosport 1.5 Petrol Ambiente,2017,650000,6000,Petrol,Individual,Manual,First Owner
690ac12a56d1bc009301c4a8,Tata Tiago 1.05 Revotorq XM,2017,260000,50000,Diesel,Individual,Manual,First Owner
690ac12a56d1bc009301c4a9,Mahindra Bolero Power Plus Plus AC BSIV PS,2015,295000,90000,Diesel,Individual,Manual,Third Owner
690ac12a56d1bc009301c4aa,Maruti Eeco 5 Seater AC BSIV,2017,260000,30000,Petrol,Dealer,Manual,First Owner
690ac12a56d1bc009301c4ab,Tata Indica Vista Quadrajet LS,2012,120000,140000,Diesel,Individual,Manual,First Owner
690ac12a56d1bc009301c4ac,Hyundai Verna SX,2007,155000,65000,Petrol,Dealer,Manual,First Owner
690ac12a56d1bc009301c4ad,Honda Jazz 1.5 VX i DTEC,2015,450000,38000,Diesel,Individual,Manual,First Owner
690ac12a56d1bc009301c4ae,Tata New Safari DICOR 2.2 GX 4x2 BS IV,2012,320000,80000,Diesel,Individual,Manual,First Owner
690ac12a56d1bc009301c4af,Hyundai Verna i (Petrol),2007,123000,50000,Petrol,Individual,Manual,Second Owner
690ac12a56d1bc009301c4b0,Hyundai Santro Xing XO,2006,80000,110000,Petrol,Individual,Manual,First Owner
690ac12a56d1bc009301c4b1,Maruti SX4 Celebration Petrol,2012,220000,90000,Petrol,Individual,Manual,Second Owner
690ac12a56d1bc009301c4b2,Hyundai i20 Active S Diesel,2018,650000,37000,Diesel,Dealer,Manual,First Owner
690ac12a56d1bc009301c4b3,Maruti Alto 800 LXI,2018,285000,30000,Petrol,Dealer,Manual,First Owner
690ac12a56d1bc009301c4b4,Honda Amaze V CVT Petrol BSIV,2018,725000,26000,Petrol,Dealer,Automatic,First Owner
690ac12a56d1bc009301c4b5,Tata Indica Vista Aqua 1.2 Safire BSIV,2010,97000,128000,Petrol,Individual,Manual,First Owner
690ac12a56d1bc009301c4b6,Maruti Ciaz ZXi,2016,625000,30000,Petrol,Dealer,Manual,First Owner
690ac12a56d1bc009301c4b7,Hyundai i20 Active SX Petrol,2016,550000,23000,Petrol,Dealer,Manual,First Owner
690ac12a56d1bc009301c4b8,Tata Indigo CR4,2012,130000,120000,Diesel,Individual,Manual,First Owner
690ac12a56d1bc009301c4b9,Hyundai i10 Magna,2012,240000,40000,Petrol,Dealer,Manual,First Owner
690ac12a56d1bc009301c4ba,Nissan Terrano XL 85 PS,2014,600000,27000,Diesel,Dealer,Manual,First Owner
690ac12a56d1bc009301c4bb,Tata New Safari DICOR 2.2 EX 4x2,2012,350000,65000,Diesel,Dealer,Manual,First Owner
690ac12a56d1bc009301c4bc,Hyundai EON Magna Plus,2015,245000,32000,Petrol,Dealer,Manual,First Owner
690ac12a56d1bc009301c4bd,Maruti Swift 1.3 VXi,2009,199000,52536,Petrol,Individual,Manual,First Owner
690ac12a56d1bc009301c4be,Mahindra Xylo E4,2011,330000,100000,Diesel,Individual,Manual,Second Owner
690ac12a56d1bc009301c4bf,Maruti Ritz VXI,2009,150000,80000,Petrol,Individual,Manual,First Owner
690ac12a56d1bc009301c4c0,Hyundai Creta 1.6 CRDi SX,2016,927999,90000,Diesel,Individual,Manual,First Owner
690ac12a56d1bc009301c4c1,Maruti Zen LXI,2003,70000,60000,Petrol,Individual,Manual,Fourth & Above Owner
690ac12a56d1bc009301c4c2,Hyundai Xcent 1.2 CRDi SX,2015,399000,55000,Diesel,Dealer,Manual,First Owner
690ac12a56d1bc009301c4c3,Maruti Swift VDI Optional,2015,350000,90000,Diesel,Individual,Manual,First Owner
690ac12a56d1bc009301c4c4,Mahindra Scorpio 2.6 CRDe,2006,125000,50000,Diesel,Individual,Manual,Second Owner
690ac12a56d1bc009301c4c5,Hyundai Santro Xing XS,2008,150000,90000,Petrol,Individual,Manual,Second Owner
690ac12a56d1bc009301c4c6,Hyundai EON Era Plus,2015,250000,25000,Petrol,Individual,Manual,First Owner
690ac12a56d1bc009301c4c7,Hyundai Verna 1.6 SX CRDi (O),2014,675000,61000,Diesel,Dealer,Manual,First Owner
690ac12a56d1bc009301c4c8,Maruti S-Cross Alpha DDiS 200 SH,2018,950000,30000,Diesel,Individual,Manual,First Owner
690ac12a56d1bc009301c4c9,Maruti Eeco 5 STR With AC Plus HTR CNG,2018,409999,45000,CNG,Individual,Manual,First Owner
690ac12a56d1bc009301c4ca,Fiat Linea Emotion (Diesel),2011,225000,60000,Diesel,Individual,Manual,First Owner
690ac12a56d1bc009301c4cb,Honda Civic 1.8 V MT,2008,350000,75000,Petrol,Individual,Manual,Second Owner
690ac12a56d1bc009301c4cc,Tata Indica LSI,2005,51111,140000,Petrol,Individual,Manual,Third Owner
690ac12a56d1bc009301c4cd,Chevrolet Sail 1.3 LS,2013,290000,56000,Diesel,Dealer,Manual,First Owner
690ac12a56d1bc009301c4ce,Toyota Camry Hybrid,2006,310000,62000,Electric,Dealer,Automatic,Second Owner
690ac12a56d1bc009301c4cf,Hyundai Verna CRDi SX,2007,212000,58000,Diesel,Dealer,Manual,Second Owner
690ac12a56d1bc009301c4d0,Skoda Octavia Elegance 2.0 TDI AT,2013,900000,49000,Diesel,Dealer,Automatic,Second Owner
690ac12a56d1bc009301c4d1,Chevrolet Beat Diesel LT,2011,221000,56000,Diesel,Dealer,Manual,Second Owner
690ac12a56d1bc009301c4d2,Toyota Innova 2.5 G (Diesel) 7 Seater,2013,675000,73000,Diesel,Dealer,Manual,First Owner
690ac12a56d1bc009301c4d3,Honda Amaze S i-Dtech,2014,421000,69000,Diesel,Dealer,Manual,First Owner
690ac12a56d1bc009301c4d4,Maruti SX4 Zxi BSIII,2008,350000,10000,Petrol,Individual,Manual,First Owner
690ac12a56d1bc009301c4d5,Hyundai Accent Executive CNG,2010,140000,110000,CNG,Individual,Manual,First Owner
690ac12a56d1bc009301c4d6,Skoda Octavia Ambiente 1.9 TDI MT,2002,90000,116000,Diesel,Individual,Manual,Second Owner
690ac12a56d1bc009301c4d7,Honda City Edge Edition Diesel SV,2018,830000,40000,Diesel,Individual,Manual,First Owner
690ac12a56d1bc009301c4d8,Maruti Wagon R LXI Minor,2009,180000,30000,Petrol,Individual,Manual,First Owner
690ac12a56d1bc009301c4d9,Maruti Swift Vdi BSIII,2009,210000,109000,Diesel,Individual,Manual,Second Owner
690ac12a56d1bc009301c4da,Maruti SX4 S Cross DDiS 320 Zeta,2017,700000,90000,Diesel,Individual,Manual,First Owner
690ac12a56d1bc009301c4db,Tata Nano Cx BSIII,2014,45000,7000,Petrol,Individual,Manual,Second Owner
690ac12a56d1bc009301c4dc,Tata Indigo LX,2012,125000,120000,Diesel,Individual,Manual,First Owner
690ac12a56d1bc009301c4dd,Hyundai Verna 1.6 VTVT S,2017,530000,64916,Petrol,Individual,Manual,First Owner
690ac12a56d1bc009301c4de,Ford Ecosport 1.5 DV5 MT Trend,2018,800000,37161,Diesel,Dealer,Manual,First Owner
690ac12a56d1bc009301c4df,Maruti Baleno Zeta 1.2,2016,580000,15000,Petrol,Individual,Manual,First Owner
690ac12a56d1bc009301c4e0,Audi Q3 2.0 TDI Quattro Premium Plus,2012,1400000,118000,Diesel,Individual,Automatic,Second Owner
690ac12a56d1bc009301c4e1,Renault KWID 1.0 RXL,2018,300000,50852,Petrol,Individual,Manual,First Owner
690ac12a56d1bc009301c4e2,Renault KWID RXT Optional,2016,300000,30000,Petrol,Individual,Manual,First Owner
690ac12a56d1bc009301c4e3,Maruti Ciaz ZDi SHVS,2015,700000,77000,Diesel,Individual,Manual,First Owner
690ac12a56d1bc009301c4e4,Nissan Sunny XL,2012,250000,70000,Petrol,Individual,Manual,Third Owner
690ac12a56d1bc009301c4e5,Chevrolet Tavera Neo 3 9 Str BSIII,2016,500000,120000,Diesel,Individual,Manual,First Owner
690ac12a56d1bc009301c4e6,Honda Accord 2.4 AT,2009,428000,40000,Petrol,Individual,Automatic,Third Owner
690ac12a56d1bc009301c4e7,Tata Harrier XZ BSIV,2019,1400000,33000,Diesel,Individual,Manual,First Owner
690ac12a56d1bc009301c4e8,Hyundai EON Era Plus,2013,219000,53500,Petrol,Individual,Manual,Third Owner
690ac12a56d1bc009301c4e9,Maruti Ertiga SHVS LDI,2017,500000,40000,Diesel,Individual,Manual,First Owner
690ac12a56d1bc009301c4ea,Honda City i DTEC S,2014,520000,82000,Diesel,Individual,Manual,First Owner
690ac12a56d1bc009301c4eb,Mahindra Scorpio 1.99 S4,2016,509999,60000,Diesel,Individual,Manual,First Owner
690ac12a56d1bc009301c4ec,Maruti Baleno Alpha 1.2,2019,556000,24000,Petrol,Individual,Manual,First Owner
690ac12a56d1bc009301c4ed,Tata Indigo Grand Dicor,2014,225000,120000,Diesel,Individual,Manual,First Owner
690ac12a56d1bc009301c4ee,Honda Amaze EX i-Dtech,2013,325000,65000,Diesel,Dealer,Manual,First Owner
690ac12a56d1bc009301c4ef,Maruti Swift VDI,2013,365000,65000,Diesel,Dealer,Manual,First Owner
690ac12a56d1bc009301c4f0,Hyundai Creta 1.6 CRDi SX Plus,2015,850000,84000,Diesel,Dealer,Manual,First Owner
690ac12a56d1bc009301c4f1,Toyota Etios GD SP,2013,350000,75000,Diesel,Dealer,Manual,First Owner
690ac12a56d1bc009301c4f2,Maruti Swift VDI,2007,225000,50000,Diesel,Dealer,Manual,First Owner
690ac12a56d1bc009301c4f3,Maruti Alto LX,2011,135000,50000,Petrol,Individual,Manual,First Owner
690ac12a56d1bc009301c4f4,Maruti Wagon R LXI Minor,2007,140000,49000,Petrol,Dealer,Manual,First Owner
690ac12a56d1bc009301c4f5,Maruti SX4 S Cross DDiS 320 Delta,2016,665000,560000,Diesel,Dealer,Manual,First Owner
690ac12a56d1bc009301c4f6,Renault KWID RXT,2015,275000,14365,Petrol,Dealer,Manual,First Owner
690ac12a56d1bc009301c4f7,Toyota Fortuner 2.8 4WD AT BSIV,2017,2750000,41000,Diesel,Individual,Automatic,First Owner
690ac12a56d1bc009301c4f8,Hyundai Verna 1.6 SX,2013,484999,65000,Diesel,Dealer,Manual,First Owner
690ac12a56d1bc009301c4f9,Maruti Ciaz VDi Option SHVS,2015,565000,65000,Diesel,Dealer,Manual,First Owner
690ac12a56d1bc009301c4fa,Maruti Swift Dzire VDI,2013,425000,61083,Diesel,Dealer,Manual,First Owner
690ac12a56d1bc009301c4fb,Toyota Innova 2.5 VX (Diesel) 8 Seater,2013,925000,75000,Diesel,Individual,Manual,First Owner
690ac12a56d1bc009301c4fc,Mahindra Scorpio VLX 2WD AIRBAG SE BSIV,2012,565000,72000,Diesel,Dealer,Manual,First Owner
690ac12a56d1bc009301c4fd,Renault Duster 110PS Diesel RxL,2014,525000,65000,Diesel,Dealer,Manual,First Owner
690ac12a56d1bc009301c4fe,Honda City 1.5 S MT,2010,409999,60000,Petrol,Individual,Manual,First Owner
690ac12a56d1bc009301c4ff,Tata Tigor 1.2 Revotron XZ Option,2018,570000,5000,Petrol,Individual,Manual,First Owner
690ac12a56d1bc009301c500,Maruti SX4 Zxi BSIII,2007,160000,80000,Petrol,Individual,Manual,Third Owner
690ac12a56d1bc009301c501,Maruti Ciaz ZDi Plus SHVS,2017,749000,51500,Diesel,Individual,Manual,Second Owner
690ac12a56d1bc009301c502,Maruti Swift Dzire VDi,2010,300000,120000,Diesel,Individual,Manual,Third Owner
690ac12a56d1bc009301c503,Ford EcoSport 1.5 Diesel Titanium Plus BSIV,2014,550000,79800,Diesel,Dealer,Manual,First Owner
690ac12a56d1bc009301c504,Ford EcoSport 1.5 Diesel Titanium Plus BSIV,2015,550000,97000,Diesel,Dealer,Manual,Second Owner
690ac12a56d1bc009301c505,Ford Ecosport 1.5 Diesel Titanium Plus,2019,1250000,6590,Diesel,Dealer,Manual,First Owner
690ac12a56d1bc009301c506,Ford Figo Aspire 1.5 TDCi Titanium,2017,700000,49957,Diesel,Dealer,Manual,First Owner
690ac12a56d1bc009301c507,Ford Figo 1.5 Sports Edition MT,2017,600000,43235,Diesel,Dealer,Manual,First Owner
690ac12a56d1bc009301c508,Ford EcoSport 1.5 TDCi Titanium Plus BE BSIV,2018,925000,50699,Diesel,Dealer,Manual,First Owner
690ac12a56d1bc009301c509,Ford Endeavour 3.2 Titanium AT 4X4,2016,1800000,126000,Diesel,Dealer,Automatic,First Owner
690ac12a56d1bc009301c50a,Ford Figo Aspire 1.5 TDCi Titanium Plus,2015,459999,140730,Diesel,Dealer,Manual,Second Owner
690ac12a56d1bc009301c50b,Hyundai i20 Active 1.2 SX,2015,565000,46000,Petrol,Individual,Manual,First Owner
690ac12a56d1bc009301c50c,Hyundai EON Era Plus,2013,170000,80000,Petrol,Individual,Manual,Third Owner
690ac12a56d1bc009301c50d,Toyota Qualis FS B3,2001,150000,256000,Diesel,Dealer,Manual,First Owner
690ac12a56d1bc009301c50e,Mahindra Scorpio VLX 2WD BSIII,2008,295000,120000,Diesel,Individual,Manual,First Owner
690ac12a56d1bc009301c50f,Hyundai i20 Active 1.4 SX,2018,819999,40000,Diesel,Individual,Manual,First Owner
690ac12a56d1bc009301c510,Hyundai Elite i20 Diesel Asta Option,2019,819999,40000,Diesel,Individual,Manual,First Owner
690ac12a56d1bc009301c511,Maruti Ritz VXi,2015,320000,40000,Petrol,Individual,Manual,First Owner
690ac12a56d1bc009301c512,Ford Ecosport 1.5 DV5 MT Titanium,2015,550000,135000,Diesel,Individual,Manual,Second Owner
690ac12a56d1bc009301c513,Mahindra Bolero 2011-2019 SLX,2015,550000,50000,Diesel,Individual,Manual,First Owner
690ac12a56d1bc009301c514,Volkswagen Ameo 1.5 TDI Comfortline,2017,590000,98000,Diesel,Individual,Manual,First Owner
690ac12a56d1bc009301c515,Toyota Innova 2.5 VX (Diesel) 8 Seater,2014,1050000,70000,Diesel,Individual,Manual,First Owner
690ac12a56d1bc009301c516,Honda City i DTec V,2017,950000,50000,Diesel,Individual,Manual,First Owner
690ac12a56d1bc009301c517,Honda City i-DTEC VX,2017,1000000,30000,Diesel,Individual,Manual,First Owner
690ac12a56d1bc009301c518,Nissan Terrano XE 85 PS,2013,500000,120000,Diesel,Individual,Manual,First Owner
690ac12a56d1bc009301c519,Fiat Punto EVO 1.3 Emotion,2017,450000,70000,Diesel,Individual,Manual,First Owner
690ac12a56d1bc009301c51a,Maruti Swift Dzire VDI Optional,2017,720000,35000,Diesel,Individual,Manual,First Owner
690ac12a56d1bc009301c51b,Maruti Celerio VDi,2015,390000,70000,Diesel,Individual,Manual,Second Owner
690ac12a56d1bc009301c51c,Mahindra Thar 4X2,2014,500000,35000,Diesel,Individual,Manual,First Owner
690ac12a56d1bc009301c51d,Toyota Fortuner 2.7 2WD AT,2016,2500000,70000,Petrol,Individual,Automatic,Second Owner
690ac12a56d1bc009301c51e,Hyundai i20 1.4 Asta Option,2017,780000,50000,Diesel,Individual,Manual,First Owner
690ac12a56d1bc009301c51f,Maruti Swift Dzire ZDI,2015,484999,90000,Diesel,Individual,Manual,Second Owner
690ac12a56d1bc009301c520,Volkswagen Vento Diesel Highline,2012,420000,90000,Diesel,Individual,Manual,Second Owner
690ac12a56d1bc009301c521,Mahindra XUV500 W10 AWD,2015,1225000,70000,Diesel,Individual,Manual,First Owner
690ac12a56d1bc009301c522,Tata Indica Vista TDI LX,2015,350000,50000,Diesel,Individual,Manual,Second Owner
690ac12a56d1bc009301c523,Mahindra Verito 1.5 D4 BSIV,2015,350000,120000,Diesel,Individual,Manual,Third Owner
690ac12a56d1bc009301c524,Toyota Innova 2.5 G (Diesel) 8 Seater BS IV,2011,800000,230000,Diesel,Individual,Manual,First Owner
690ac12a56d1bc009301c525,Hyundai Santro Xing XG AT,2004,125000,70000,Petrol,Individual,Automatic,Second Owner
690ac12a56d1bc009301c526,Tata Indica V2 DLS BSII,2010,75000,100000,Diesel,Individual,Manual,Third Owner
690ac12a56d1bc009301c527,Mahindra KUV 100 G80 K4 Plus,2018,509999,15000,Petrol,Individual,Manual,First Owner
690ac12a56d1bc009301c528,Tata Indigo Classic Dicor,2014,215000,80000,Diesel,Individual,Manual,Third Owner
690ac12a56d1bc009301c529,Hyundai Grand i10 1.2 CRDi Asta,2018,465000,25000,Diesel,Individual,Manual,First Owner
690ac12a56d1bc009301c52a,Maruti Baleno Alpha 1.2,2017,625000,52000,Petrol,Dealer,Manual,First Owner
690ac12a56d1bc009301c52b,Hyundai Grand i10 CRDi Magna,2017,490000,66000,Diesel,Dealer,Manual,First Owner
690ac12a56d1bc009301c52c,Maruti Ertiga SHVS ZDI,2017,880000,64000,Diesel,Dealer,Manual,First Owner
690ac12a56d1bc009301c52d,Hyundai Santro Xing GL Plus,2013,290000,49000,Petrol,Individual,Manual,First Owner
690ac12a56d1bc009301c52e,Tata Sumo GX TC 7 Str BSIII,2006,115999,100000,Diesel,Individual,Manual,Second Owner
690ac12a56d1bc009301c52f,Maruti Vitara Brezza LDi Option,2017,685000,72000,Diesel,Dealer,Manual,First Owner
690ac12a56d1bc009301c530,Honda Jazz S,2009,300000,50000,Petrol,Individual,Manual,First Owner
690ac12a56d1bc009301c531,Hyundai i20 1.4 Sportz,2017,680000,44000,Diesel,Dealer,Manual,First Owner
690ac12a56d1bc009301c532,Maruti Swift Dzire VDI,2014,480000,101000,Diesel,Dealer,Manual,First Owner
690ac12a56d1bc009301c533,Maruti Swift VDI,2016,630000,55000,Diesel,Dealer,Manual,First Owner
690ac12a56d1bc009301c534,Honda City 1.5 GXI,2007,190000,115000,Petrol,Dealer,Manual,Second Owner
690ac12a56d1bc009301c535,Maruti Swift VDI,2015,500000,100000,Diesel,Dealer,Manual,First Owner
690ac12a56d1bc009301c536,Volkswagen Jetta 2.0L TDI Comfortline,2014,850000,52000,Diesel,Dealer,Manual,Second Owner
690ac12a56d1bc009301c537,Maruti SX4 ZDI,2011,350000,105000,Diesel,Dealer,Manual,First Owner
690ac12a56d1bc009301c538,Renault Duster 85PS Diesel RxE,2013,425000,170000,Diesel,Dealer,Manual,First Owner
690ac12a56d1bc009301c539,Maruti Swift VDI BSIV,2015,495000,105000,Diesel,Dealer,Manual,First Owner
690ac12a56d1bc009301c53a,Maruti Ertiga SHVS VDI,2017,890000,60000,Diesel,Individual,Manual,Second Owner
690ac12a56d1bc009301c53b,Hyundai Verna CRDi 1.6 AT EX,2018,1100000,25000,Diesel,Individual,Automatic,Second Owner
690ac12a56d1bc009301c53c,Mahindra XUV500 W8 2WD,2014,650000,218000,Diesel,Individual,Manual,Second Owner
690ac12a56d1bc009301c53d,Hyundai Grand i10 1.2 CRDi Asta,2018,465000,25000,Diesel,Individual,Manual,First Owner
690ac12a56d1bc009301c53e,Maruti Baleno Alpha 1.2,2017,625000,52000,Petrol,Dealer,Manual,First Owner
690ac12a56d1bc009301c53f,Hyundai Grand i10 CRDi Magna,2017,490000,66000,Diesel,Dealer,Manual,First Owner
690ac12a56d1bc009301c540,Maruti Ertiga SHVS ZDI,2017,880000,64000,Diesel,Dealer,Manual,First Owner
690ac12a56d1bc009301c541,Hyundai Santro Xing GL Plus,2013,290000,49000,Petrol,Individual,Manual,First Owner
690ac12a56d1bc009301c542,Tata Sumo GX TC 7 Str BSIII,2006,115999,100000,Diesel,Individual,Manual,Second Owner
690ac12a56d1bc009301c543,Maruti Vitara Brezza LDi Option,2017,685000,72000,Diesel,Dealer,Manual,First Owner
690ac12a56d1bc009301c544,Honda Jazz S,2009,300000,50000,Petrol,Individual,Manual,First Owner
690ac12a56d1bc009301c545,Hyundai i20 1.4 Sportz,2017,680000,44000,Diesel,Dealer,Manual,First Owner
690ac12a56d1bc009301c546,Maruti Swift Dzire VDI,2014,480000,101000,Diesel,Dealer,Manual,First Owner
690ac12a56d1bc009301c547,Maruti Swift VDI,2016,630000,55000,Diesel,Dealer,Manual,First Owner
690ac12a56d1bc009301c548,Honda City 1.5 GXI,2007,190000,115000,Petrol,Dealer,Manual,Second Owner
690ac12a56d1bc009301c549,Maruti Swift VDI,2015,500000,100000,Diesel,Dealer,Manual,First Owner
690ac12a56d1bc009301c54a,Volkswagen Jetta 2.0L TDI Comfortline,2014,850000,52000,Diesel,Dealer,Manual,Second Owner
690ac12a56d1bc009301c54b,Maruti SX4 ZDI,2011,350000,105000,Diesel,Dealer,Manual,First Owner
690ac12a56d1bc009301c54c,Renault Duster 85PS Diesel RxE,2013,425000,170000,Diesel,Dealer,Manual,First Owner
690ac12a56d1bc009301c54d,Maruti Swift VDI BSIV,2015,495000,105000,Diesel,Dealer,Manual,First Owner
690ac12a56d1bc009301c54e,Maruti Ertiga SHVS VDI,2017,890000,60000,Diesel,Individual,Manual,Second Owner
690ac12a56d1bc009301c54f,Hyundai Verna CRDi 1.6 AT EX,2018,1100000,25000,Diesel,Individual,Automatic,Second Owner
690ac12a56d1bc009301c550,Mahindra XUV500 W8 2WD,2014,650000,218000,Diesel,Individual,Manual,Second Owner
690ac12a56d1bc009301c551,Ford Fiesta 1.6 ZXi Duratec,2009,233000,58000,Petrol,Individual,Manual,Third Owner
690ac12a56d1bc009301c552,Tata Indigo CS LS (TDI) BS-III,2015,300000,110000,Diesel,Individual,Manual,Second Owner
690ac12a56d1bc009301c553,Honda Amaze S Petrol BSIV,2020,614000,1000,Petrol,Individual,Manual,First Owner
690ac12a56d1bc009301c554,Hyundai i10 Sportz 1.2,2010,250000,100000,Petrol,Individual,Manual,Second Owner
690ac12a56d1bc009301c555,Hyundai i10 Sportz 1.2,2010,250000,110000,Petrol,Individual,Manual,Second Owner
690ac12a56d1bc009301c556,Maruti Alto LXi,2011,200000,40000,Petrol,Individual,Manual,First Owner
690ac12a56d1bc009301c557,Maruti Wagon R LX Minor,2013,290000,52000,Petrol,Individual,Manual,First Owner
690ac12a56d1bc009301c558,Maruti Wagon R LXI BS IV,2013,320000,80000,Petrol,Individual,Manual,Second Owner
690ac12a56d1bc009301c559,Hyundai Santro Xing XS eRLX Euro III,2006,145000,52000,Petrol,Individual,Manual,Second Owner
690ac12a56d1bc009301c55a,Maruti Alto LXI,2005,100000,124000,Petrol,Individual,Manual,Second Owner
690ac12a56d1bc009301c55b,Fiat Punto 1.3 Emotion,2010,130000,210000,Diesel,Individual,Manual,Second Owner
690ac12a56d1bc009301c55c,Hyundai Santro AT,2006,145000,66000,Petrol,Individual,Automatic,Second Owner
690ac12a56d1bc009301c55d,Maruti Alto LX BSIII,2008,110000,120000,Petrol,Individual,Manual,Third Owner
690ac12a56d1bc009301c55e,Maruti Swift Dzire VDI,2019,680000,40000,Diesel,Individual,Manual,First Owner
690ac12a56d1bc009301c55f,Maruti 800 Std,2004,37500,90000,Petrol,Individual,Manual,Second Owner
690ac12a56d1bc009301c560,Maruti Ritz VDi,2011,200000,120000,Diesel,Individual,Manual,Second Owner
690ac12a56d1bc009301c561,Nissan Sunny Diesel XL,2012,300000,110000,Diesel,Individual,Manual,First Owner
690ac12a56d1bc009301c562,Hyundai Santro GS,2005,80000,56580,Petrol,Dealer,Manual,First Owner
690ac12a56d1bc009301c563,Mahindra XUV500 AT W8 FWD,2015,740000,45000,Diesel,Dealer,Automatic,First Owner
690ac12a56d1bc009301c564,Mahindra Scorpio S10 7 Seater,2015,630000,50000,Diesel,Individual,Manual,First Owner
690ac12a56d1bc009301c565,Hyundai Santro Xing XG,2005,70000,68500,Petrol,Dealer,Manual,First Owner
690ac12a56d1bc009301c566,Hyundai Santro Sportz AMT,2019,484999,5007,Petrol,Dealer,Automatic,First Owner
690ac12a56d1bc009301c567,Nissan Micra Active XV S,2013,164000,30000,Petrol,Individual,Manual,First Owner
690ac12a56d1bc009301c568,Honda City 1.5 V AT,2008,140000,70000,Petrol,Individual,Automatic,First Owner
690ac12a56d1bc009301c569,Mercedes-Benz E-Class E250 CDI Elegance,2011,999000,49600,Diesel,Dealer,Automatic,First Owner
690ac12a56d1bc009301c56a,Maruti Alto LXI,2005,56000,23000,Petrol,Individual,Manual,Second Owner
690ac12a56d1bc009301c56b,BMW 7 Series 730Ld,2006,1050000,30000,Diesel,Dealer,Automatic,First Owner
690ac12a56d1bc009301c56c,Hyundai Verna 1.6 VTVT,2010,190000,38000,Petrol,Dealer,Manual,First Owner
690ac12a56d1bc009301c56d,Audi Q5 3.0 TDI Quattro Technology,2018,3899000,22000,Diesel,Dealer,Automatic,First Owner
690ac12a56d1bc009301c56e,Maruti Ritz VDi,2011,150000,40000,Diesel,Individual,Manual,Second Owner
690ac12a56d1bc009301c56f,Hyundai i10 Sportz 1.2,2011,235000,43100,Petrol,Dealer,Manual,First Owner
690ac12a56d1bc009301c570,Mahindra Xylo H4,2019,599000,15000,Diesel,Individual,Manual,Third Owner
690ac12a56d1bc009301c571,Maruti Alto 800 LXI,2018,200000,35000,Petrol,Individual,Manual,First Owner
690ac12a56d1bc009301c572,Datsun GO Plus T,2017,350000,10171,Petrol,Dealer,Manual,First Owner
690ac12a56d1bc009301c573,Renault Duster 110PS Diesel RxL,2015,465000,41123,Diesel,Dealer,Manual,First Owner
690ac12a56d1bc009301c574,Toyota Camry Hybrid 2.5,2017,1900000,20118,Petrol,Dealer,Automatic,First Owner
690ac12a56d1bc009301c575,Maruti Ertiga 1.5 VDI,2019,1000000,15000,Diesel,Individual,Manual,First Owner
690ac12a56d1bc009301c576,Ford Endeavour 2.2 Titanium AT 4X2,2019,2800000,10000,Diesel,Individual,Automatic,First Owner
690ac12a56d1bc009301c577,Maruti Swift Dzire VDI,2015,470000,170000,Diesel,Individual,Manual,First Owner
690ac12a56d1bc009301c578,Maruti Celerio ZXI,2017,415000,20000,Petrol,Individual,Manual,First Owner
690ac12a56d1bc009301c579,Nissan Terrano XL 85 PS,2014,500000,82000,Diesel,Individual,Manual,First Owner
690ac12a56d1bc009301c57a,Chevrolet Spark 1.0 LT BS3,2013,150000,60000,Petrol,Individual,Manual,Second Owner
690ac12a56d1bc009301c57b,Maruti Alto STD,2005,95000,50000,Petrol,Individual,Manual,Second Owner
690ac12a56d1bc009301c57c,Maruti Swift LDI,2012,400000,70000,Diesel,Individual,Manual,First Owner
690ac12a56d1bc009301c57d,Maruti Alto LX,2008,114999,66782,Petrol,Individual,Manual,Second Owner
690ac12a56d1bc009301c57e,Maruti Alto LX,2006,75000,130000,Petrol,Individual,Manual,First Owner
690ac12a56d1bc009301c57f,Hyundai Verna 1.6 SX CRDi (O),2013,500000,120000,Diesel,Individual,Manual,First Owner
690ac12a56d1bc009301c580,Maruti 800 AC,2014,195000,75000,Petrol,Individual,Manual,Second Owner
690ac12a56d1bc009301c581,Maruti Alto 800 Base,2015,155000,40000,Petrol,Individual,Manual,First Owner
690ac12a56d1bc009301c582,Maruti Alto LXi,2000,65000,90000,Petrol,Individual,Manual,Second Owner
690ac12a56d1bc009301c583,Honda City 1.5 GXI,2005,65000,150000,Petrol,Individual,Manual,Third Owner
690ac12a56d1bc009301c584,Tata Nano XM,2015,190000,60000,Petrol,Individual,Manual,Second Owner
690ac12a56d1bc009301c585,Mahindra Verito 1.5 D6 BSIII,2012,200000,112198,Diesel,Individual,Manual,Second Owner
690ac12a56d1bc009301c586,Tata Manza Aura Safire BS IV,2010,160000,60000,Petrol,Individual,Manual,Second Owner
690ac12a56d1bc009301c587,Tata Indica Vista Aqua 1.4 TDI,2010,150000,130000,Diesel,Individual,Manual,Second Owner
690ac12a56d1bc009301c588,Ford EcoSport 1.5 TDCi Titanium BSIV,2015,530000,175000,Diesel,Individual,Manual,Third Owner
690ac12a56d1bc009301c589,Mahindra Scorpio S2 7 Seater,2015,750000,120000,Diesel,Individual,Manual,First Owner
690ac12a56d1bc009301c58a,Maruti Ritz VDi,2012,225000,90000,Diesel,Individual,Manual,Second Owner
690ac12a56d1bc009301c58b,Toyota Innova 2.5 VX (Diesel) 8 Seater BS IV,2012,600000,170000,Diesel,Individual,Manual,First Owner
690ac12a56d1bc009301c58c,Hyundai i20 Magna 1.4 CRDi (Diesel),2014,409999,80000,Diesel,Individual,Manual,Second Owner
690ac12a56d1bc009301c58d,Hyundai i20 Magna 1.4 CRDi,2014,409999,80000,Diesel,Individual,Manual,Second Owner
690ac12a56d1bc009301c58e,Maruti 800 AC BSIII,2009,110000,83000,Petrol,Individual,Manual,Second Owner
690ac12a56d1bc009301c58f,Hyundai Creta 1.6 CRDi SX Option,2016,865000,90000,Diesel,Individual,Manual,First Owner
690ac12a56d1bc009301c590,Renault KWID RXT,2016,225000,40000,Petrol,Individual,Manual,First Owner
690ac17d56d1bc00930288ef,Maruti 800 AC,2007,60000,70000,Petrol,Individual,Manual,First Owner
690ac17d56d1bc00930288f0,Maruti Wagon R LXI Minor,2007,135000,50000,Petrol,Individual,Manual,First Owner
690ac17d56d1bc00930288f1,Hyundai Verna 1.6 SX,2012,600000,100000,Diesel,Individual,Manual,First Owner
690ac17d56d1bc00930288f2,Datsun RediGO T Option,2017,250000,46000,Petrol,Individual,Manual,First Owner
690ac17d56d1bc00930288f3,Honda Amaze VX i-DTEC,2014,450000,141000,Diesel,Individual,Manual,Second Owner
690ac17d56d1bc00930288f4,Maruti Alto LX BSIII,2007,140000,125000,Petrol,Individual,Manual,First Owner
690ac17d56d1bc00930288f5,Hyundai Xcent 1.2 Kappa S,2016,550000,25000,Petrol,Individual,Manual,First Owner
690ac17d56d1bc00930288f6,Tata Indigo Grand Petrol,2014,240000,60000,Petrol,Individual,Manual,Second Owner
690ac17d56d1bc00930288f7,Hyundai Creta 1.6 VTVT S,2015,850000,25000,Petrol,Individual,Manual,First Owner
690ac17d56d1bc00930288f8,Maruti Celerio Green VXI,2017,365000,78000,CNG,Individual,Manual,First Owner
690ac17d56d1bc00930288f9,Chevrolet Sail 1.2 Base,2015,260000,35000,Petrol,Individual,Manual,First Owner
690ac17d56d1bc00930288fa,Tata Indigo Grand Petrol,2014,250000,100000,Petrol,Individual,Manual,First Owner
690ac17d56d1bc00930288fb,Toyota Corolla Altis 1.8 VL CVT,2018,1650000,25000,Petrol,Dealer,Automatic,First Owner
690ac17d56d1bc00930288fc,Maruti 800 AC,2007,60000,70000,Petrol,Individual,Manual,First Owner
690ac17d56d1bc00930288fd,Maruti Wagon R LXI Minor,2007,135000,50000,Petrol,Individual,Manual,First Owner
690ac17d56d1bc00930288fe,Hyundai Verna 1.6 SX,2012,600000,100000,Diesel,Individual,Manual,First Owner
690ac17d56d1bc00930288ff,Datsun RediGO T Option,2017,250000,46000,Petrol,Individual,Manual,First Owner
690ac17d56d1bc0093028900,Honda Amaze VX i-DTEC,2014,450000,141000,Diesel,Individual,Manual,Second Owner
690ac17d56d1bc0093028901,Maruti Alto LX BSIII,2007,140000,125000,Petrol,Individual,Manual,First Owner
690ac17d56d1bc0093028902,Hyundai Xcent 1.2 Kappa S,2016,550000,25000,Petrol,Individual,Manual,First Owner
690ac17d56d1bc0093028903,Tata Indigo Grand Petrol,2014,240000,60000,Petrol,Individual,Manual,Second Owner
690ac17d56d1bc0093028904,Hyundai Creta 1.6 VTVT S,2015,850000,25000,Petrol,Individual,Manual,First Owner
690ac17d56d1bc0093028905,Maruti Celerio Green VXI,2017,365000,78000,CNG,Individual,Manual,First Owner
690ac17d56d1bc0093028906,Chevrolet Sail 1.2 Base,2015,260000,35000,Petrol,Individual,Manual,First Owner
690ac17d56d1bc0093028907,Tata Indigo Grand Petrol,2014,250000,100000,Petrol,Individual,Manual,First Owner
690ac17d56d1bc0093028908,Toyota Corolla Altis 1.8 VL CVT,2018,1650000,25000,Petrol,Dealer,Automatic,First Owner
690ac17d56d1bc0093028909,Maruti Ciaz VXi Plus,2015,585000,24000,Petrol,Dealer,Manual,First Owner
690ac17d56d1bc009302890a,Hyundai Venue SX Opt Diesel,2019,1195000,5000,Diesel,Dealer,Manual,First Owner
690ac17d56d1bc009302890b,Chevrolet Enjoy TCDi LTZ 7 Seater,2013,390000,33000,Diesel,Individual,Manual,Second Owner
690ac17d56d1bc009302890c,Jaguar XF 2.2 Litre Luxury,2014,1964999,28000,Diesel,Dealer,Automatic,First Owner
690ac17d56d1bc009302890d,Mercedes-Benz New C-Class 220 CDI AT,2013,1425000,59000,Diesel,Dealer,Automatic,First Owner
690ac17d56d1bc009302890e,Maruti Vitara Brezza ZDi Plus AMT,2018,975000,4500,Diesel,Dealer,Automatic,First Owner
690ac17d56d1bc009302890f,Audi Q5 2.0 TDI,2011,1190000,175900,Diesel,Dealer,Automatic,First Owner
690ac17d56d1bc0093028910,Honda City V MT,2018,930000,14500,Petrol,Dealer,Manual,First Owner
690ac17d56d1bc0093028911,Tata Tigor 1.2 Revotron XT,2018,525000,15000,Petrol,Individual,Manual,First Owner
690ac17d56d1bc0093028912,Audi A6 2.0 TDI  Design Edition,2013,1735000,50000,Diesel,Dealer,Automatic,First Owner
690ac17d56d1bc0093028913,Mercedes-Benz New C-Class C 220 CDI Avantgarde,2012,1375000,33800,Diesel,Dealer,Automatic,Second Owner
690ac17d56d1bc0093028914,Skoda Superb Ambition 2.0 TDI CR AT,2011,450000,130400,Diesel,Dealer,Automatic,Second Owner
690ac17d56d1bc0093028915,Toyota Corolla Altis G AT,2016,900000,50000,Petrol,Individual,Automatic,First Owner
690ac17d56d1bc0093028916,Toyota Innova 2.5 G (Diesel) 7 Seater,2015,1300000,80000,Diesel,Individual,Manual,First Owner
690ac17d56d1bc0093028917,Jeep Compass 1.4 Sport Plus BSIV,2019,1400000,10000,Petrol,Individual,Manual,First Owner
690ac17d56d1bc0093028918,Mercedes-Benz E-Class E 200 CGI Elegance,2010,850000,119000,Petrol,Dealer,Automatic,First Owner
690ac17d56d1bc0093028919,Hyundai i10 Magna 1.1L,2014,229999,60000,Petrol,Individual,Manual,Fourth & Above Owner
690ac17d56d1bc009302891a,BMW 3 Series 320d Sport Line,2013,1550000,75800,Diesel,Dealer,Automatic,Second Owner
690ac17d56d1bc009302891b,Audi Q7 35 TDI Quattro Premium,2009,1250000,78000,Diesel,Dealer,Automatic,Third Owner
690ac17d56d1bc009302891c,Hyundai Elantra CRDi S,2012,625000,40000,Diesel,Individual,Manual,First Owner
690ac17d56d1bc009302891d,Mahindra Scorpio 1.99 S10,2014,1050000,50000,Diesel,Individual,Manual,First Owner
690ac17d56d1bc009302891e,Honda City i DTEC V,2014,560000,74000,Diesel,Individual,Manual,Second Owner
690ac17d56d1bc009302891f,Maruti Wagon R VXI BS IV with ABS,2014,290000,64000,Petrol,Individual,Manual,Second Owner
690ac17d56d1bc0093028920,Maruti Wagon R VXI BS IV,2012,275000,60000,Petrol,Individual,Manual,Second Owner
690ac17d56d1bc0093028921,Mahindra Scorpio LX,2009,411000,120000,Diesel,Individual,Manual,Second Owner
690ac17d56d1bc0093028922,Hyundai Santro Xing GLS,2009,150000,79000,Petrol,Individual,Manual,Third Owner
690ac17d56d1bc0093028923,Hyundai Grand i10 1.2 Kappa Asta,2019,500000,15000,Petrol,Individual,Manual,First Owner
690ac17d56d1bc0093028924,Maruti Alto LXi,2006,100000,80000,Petrol,Individual,Manual,First Owner
690ac17d56d1bc0093028925,Maruti Swift Dzire VDI Optional,2017,725000,18500,Diesel,Dealer,Manual,First Owner
690ac17d56d1bc0093028926,Maruti Eeco 5 Seater AC BSIV,2018,401000,10200,Petrol,Dealer,Manual,First Owner
690ac17d56d1bc0093028927,Hyundai i20 Sportz 1.4 CRDi,2018,750000,29000,Diesel,Dealer,Manual,First Owner
690ac17d56d1bc0093028928,Maruti Omni Maruti Omni MPI STD BSIII 5-STR W/ IMMOBILISER,2018,310000,28000,Petrol,Dealer,Manual,First Owner
690ac17d56d1bc0093028929,Maruti Swift ZDi BSIV,2016,665000,46000,Diesel,Dealer,Manual,First Owner
690ac17d56d1bc009302892a,Hyundai i20 2015-2017 Sportz Option 1.4 CRDi,2014,465000,70000,Diesel,Dealer,Manual,First Owner
690ac17d56d1bc009302892b,Maruti Alto LXi,2012,160000,60000,Petrol,Individual,Manual,Second Owner
690ac17d56d1bc009302892c,Mahindra Jeep CL 500 MDI,1996,250000,35000,Diesel,Individual,Manual,Second Owner
690ac17d56d1bc009302892d,Honda City i DTEC VX,2014,675000,90000,Diesel,Dealer,Manual,First Owner
690ac17d56d1bc009302892e,Maruti Wagon R VXI BS IV,2013,300000,80000,Petrol,Dealer,Manual,First Owner
690ac17d56d1bc009302892f,Tata Indica DLS,2005,70000,80000,Diesel,Individual,Manual,First Owner
690ac17d56d1bc0093028930,Hyundai EON Magna Plus,2014,240000,73300,Petrol,Dealer,Manual,Second Owner
690ac17d56d1bc0093028931,Toyota Etios GD,2014,525000,92000,Diesel,Dealer,Manual,First Owner
690ac17d56d1bc0093028932,Maruti Alto LXi,2009,151000,66764,Petrol,Dealer,Manual,Second Owner
690ac17d56d1bc0093028933,Maruti Alto LXi,2009,140000,100000,Petrol,Individual,Manual,First Owner
690ac17d56d1bc0093028934,Chevrolet Tavera Neo LS B3 - 7(C) seats BSIII,2010,280000,350000,Diesel,Individual,Manual,Second Owner
690ac17d56d1bc0093028935,Toyota Corolla Altis Diesel D4DG,2011,350000,230000,Diesel,Individual,Manual,First Owner
690ac17d56d1bc0093028936,Mahindra Scorpio 1.99 S6 Plus,2017,570000,60000,Diesel,Individual,Manual,First Owner
690ac17d56d1bc0093028937,Hyundai EON Magna Plus,2018,300000,31000,Petrol,Individual,Manual,First Owner
690ac17d56d1bc0093028938,Tata Indigo Classic Dicor,2007,100000,39000,Diesel,Individual,Manual,First Owner
690ac17d56d1bc0093028939,Toyota Innova 2.5 V Diesel 8-seater,2009,500000,120000,Diesel,Individual,Manual,Third Owner
690ac17d56d1bc009302893a,Tata Indica Vista Quadrajet LS,2014,125000,166000,Diesel,Individual,Manual,Fourth & Above Owner
690ac17d56d1bc009302893b,Maruti Swift 1.3 VXi,2006,130000,110000,Petrol,Individual,Manual,Third Owner
690ac17d56d1bc009302893c,Ford EcoSport 1.5 Diesel Titanium BSIV,2017,925000,35000,Diesel,Individual,Manual,First Owner
690ac17d56d1bc009302893d,Maruti Ciaz 1.3 Delta,2018,750000,60000,Diesel,Individual,Manual,First Owner
690ac17d56d1bc009302893e,Honda Civic 1.8 V AT,2007,200000,54000,Petrol,Individual,Automatic,Second Owner
690ac17d56d1bc009302893f,Hyundai i10 Sportz 1.2,2010,248000,63000,Petrol,Individual,Manual,Second Owner
690ac17d56d1bc0093028940,Skoda Rapid 1.5 TDI Elegance,2014,450000,120000,Diesel,Individual,Manual,Second Owner
690ac17d56d1bc0093028941,Hyundai Getz GLS,2005,80000,120000,Petrol,Individual,Manual,Third Owner
690ac17d56d1bc0093028942,Nissan Terrano XL,2014,650000,76000,Petrol,Individual,Manual,Second Owner
690ac17d56d1bc0093028943,Hyundai Grand i10 CRDi Sportz,2015,450000,80000,Diesel,Individual,Manual,First Owner
690ac17d56d1bc0093028944,Hyundai Elite i20 Diesel Era,2019,650000,25000,Diesel,Individual,Manual,First Owner
690ac17d56d1bc0093028945,Honda Amaze S i-VTEC,2016,495000,11958,Petrol,Dealer,Manual,First Owner
690ac17d56d1bc0093028946,Honda Brio S MT,2015,371000,20000,Petrol,Dealer,Manual,First Owner
690ac17d56d1bc0093028947,Hyundai Creta 1.6 SX Option,2017,1025000,9000,Petrol,Dealer,Manual,First Owner
690ac17d56d1bc0093028948,Mercedes-Benz S-Class S 350d Connoisseurs Edition,2017,8150000,6500,Diesel,Dealer,Automatic,First Owner
690ac17d56d1bc0093028949,Mahindra XUV500 W8 2WD,2015,750000,70000,Diesel,Individual,Manual,First Owner
690ac17d56d1bc009302894a,Renault Duster 85PS Diesel RxL Optional,2013,600000,120000,Diesel,Individual,Manual,First Owner
690ac17d56d1bc009302894b,Hyundai Santro Xing XO,2007,80000,58000,Petrol,Dealer,Manual,Second Owner
690ac17d56d1bc009302894c,Mahindra Bolero 2011-2019 SLE,2013,325000,62200,Diesel,Dealer,Manual,First Owner
690ac17d56d1bc009302894d,Audi A6 2.0 TDI Premium Plus,2014,1470000,34000,Diesel,Dealer,Automatic,Second Owner
690ac17d56d1bc009302894e,Fiat Avventura MULTIJET Emotion,2015,350000,53000,Diesel,Individual,Manual,Second Owner
690ac17d56d1bc009302894f,Audi A8 4.2 TDI,2013,2800000,49000,Diesel,Dealer,Automatic,First Owner
690ac17d56d1bc0093028950,Datsun RediGO 1.0 S,2017,210000,15000,Petrol,Dealer,Manual,Second Owner
690ac17d56d1bc0093028951,Volkswagen Jetta 1.4 TSI Comfortline,2013,450000,50000,Petrol,Individual,Manual,First Owner
690ac17d56d1bc0093028952,Audi A4 2.0 TDI 177 Bhp Premium Plus,2013,1150000,53000,Diesel,Dealer,Automatic,First Owner
690ac17d56d1bc0093028953,Honda Civic 1.8 V AT,2009,210000,63500,Petrol,Dealer,Automatic,First Owner
690ac17d56d1bc0093028954,Mercedes-Benz E-Class Exclusive E 200 BSIV,2018,4500000,9800,Petrol,Dealer,Automatic,First Owner
690ac17d56d1bc0093028955,BMW X1 sDrive 20d xLine,2017,2750000,13000,Diesel,Individual,Automatic,First Owner
690ac17d56d1bc0093028956,Volvo V40 D3 R Design,2018,1975000,21000,Diesel,Dealer,Automatic,First Owner
690ac17d56d1bc0093028957,Maruti SX4 Zxi BSIII,2008,175000,29173,Petrol,Dealer,Manual,First Owner
690ac17d56d1bc0093028958,BMW 7 Series 730Ld,2012,2500000,48000,Diesel,Dealer,Automatic,First Owner
690ac17d56d1bc0093028959,Mahindra Bolero Power Plus SLX,2017,628000,120000,Diesel,Individual,Manual,First Owner
690ac17d56d1bc009302895a,Hyundai Sonata CRDi M/T,2010,600000,100000,Diesel,Individual,Manual,First Owner
690ac17d56d1bc009302895b,Nissan Micra Active XV Petrol,2017,399000,30000,Petrol,Individual,Manual,First Owner
690ac17d56d1bc009302895c,Mahindra Xylo D4,2018,750000,87000,Diesel,Individual,Manual,First Owner
690ac17d56d1bc009302895d,Hyundai Elite i20 Sportz Plus Dual Tone BSIV,2019,750000,15000,Petrol,Individual,Manual,First Owner
690ac17d56d1bc009302895e,Renault KWID RXT,2017,315000,16000,Petrol,Individual,Manual,First Owner
690ac17d56d1bc009302895f,Mahindra Xylo E4 BS III,2012,600000,60000,Diesel,Individual,Manual,First Owner
690ac17d56d1bc0093028960,Maruti Wagon R LXI Minor,2010,100000,60000,Petrol,Individual,Manual,Fourth & Above Owner
690ac17d56d1bc0093028961,Maruti SX4 ZXI MT BSIV,2011,250000,110000,Petrol,Individual,Manual,Third Owner
690ac17d56d1bc0093028962,Renault KWID RXT,2017,350000,25000,Petrol,Individual,Manual,First Owner
690ac17d56d1bc0093028963,Hyundai Creta 1.4 CRDi S,2016,780000,60000,Diesel,Individual,Manual,First Owner
690ac17d56d1bc0093028964,Maruti Swift Dzire VDI,2014,434000,79350,Diesel,Individual,Manual,Second Owner
690ac17d56d1bc0093028965,Hyundai Verna 1.6 VTVT AT S Option,2016,690000,80000,Petrol,Individual,Automatic,First Owner
690ac17d56d1bc0093028966,Mahindra Scorpio LX BSIV,2014,555000,90000,Diesel,Individual,Manual,Second Owner
690ac17d56d1bc0093028967,Maruti SX4 Vxi BSIII,2007,120000,90000,Petrol,Individual,Manual,Second Owner
690ac17d56d1bc0093028968,Maruti Ertiga VDI,2014,500000,120000,Diesel,Individual,Manual,Second Owner
690ac17d56d1bc0093028969,Chevrolet Beat Diesel,2013,165000,60000,Diesel,Individual,Manual,Second Owner
690ac17d56d1bc009302896a,Maruti Zen LX,2004,95000,50000,Petrol,Individual,Manual,First Owner
690ac17d56d1bc009302896b,Maruti Baleno Delta 1.2,2018,550000,20000,Petrol,Individual,Manual,First Owner
690ac17d56d1bc009302896c,Maruti Swift Vdi BSIII,2007,100000,110000,Diesel,Individual,Manual,Fourth & Above Owner
690ac17d56d1bc009302896d,Tata Nano Lx BSIV,2012,100000,50000,Petrol,Individual,Manual,Second Owner
690ac17d56d1bc009302896e,Toyota Innova 2.5 GX (Diesel) 8 Seater,2012,500000,100000,Diesel,Individual,Manual,First Owner
690ac17d56d1bc009302896f,Maruti Ertiga SHVS VDI,2016,800000,70000,Diesel,Individual,Manual,Second Owner
690ac17d56d1bc0093028970,Hyundai Creta 1.6 CRDi SX,2016,840000,70000,Diesel,Individual,Manual,Second Owner
690ac17d56d1bc0093028971,Honda Amaze S i-Vtech,2016,490000,50000,Petrol,Individual,Manual,First Owner
690ac17d56d1bc0093028972,Tata Indica Vista Aqua 1.4 TDI,2010,125000,81000,Diesel,Individual,Manual,Second Owner
690ac17d56d1bc0093028973,Chevrolet Tavera Neo 2 LS B4 7 Str BSIII,2012,400000,120000,Diesel,Individual,Manual,Third Owner
690ac17d56d1bc0093028974,Chevrolet Cruze LTZ,2015,1000000,3600,Diesel,Dealer,Manual,First Owner
690ac17d56d1bc0093028975,Ford Figo Aspire 1.2 Ti-VCT Titanium Plus,2015,530000,14272,Petrol,Dealer,Manual,First Owner
690ac17d56d1bc0093028976,Ford EcoSport 1.5 Diesel Titanium Plus BSIV,2017,840000,49213,Diesel,Dealer,Manual,First Owner
690ac17d56d1bc0093028977,Hyundai i10 Sportz 1.1L,2015,229999,40000,Petrol,Individual,Manual,First Owner
690ac17d56d1bc0093028978,Maruti 800 Std,1998,40000,40000,Petrol,Individual,Manual,Fourth & Above Owner
690ac17d56d1bc0093028979,Chevrolet Spark 1.0 LS,2012,130000,80000,Petrol,Individual,Manual,First Owner
690ac17d56d1bc009302897a,Hyundai EON Era Plus,2015,200000,70000,Petrol,Individual,Manual,First Owner
690ac17d56d1bc009302897b,Tata Indica Vista Aqua TDI BSIII,2011,120000,70000,Diesel,Individual,Manual,First Owner
690ac17d56d1bc009302897c,Hyundai Santro LP zipPlus,2003,75000,57000,Petrol,Individual,Manual,First Owner
690ac17d56d1bc009302897d,Tata Bolt Quadrajet XE,2016,250000,120000,Diesel,Individual,Manual,First Owner
690ac17d56d1bc009302897e,Maruti 800 AC BSIII,2005,100000,30000,Petrol,Individual,Manual,First Owner
690ac17d56d1bc009302897f,Hyundai EON Era Plus,2013,280000,3240,Petrol,Individual,Manual,Second Owner
690ac17d56d1bc0093028980,Hyundai i20 Magna 1.2,2015,540000,5000,Petrol,Individual,Manual,First Owner
690ac17d56d1bc0093028981,Hyundai i20 1.2 Asta,2018,700000,10000,Petrol,Individual,Manual,First Owner
690ac17d56d1bc0093028982,Maruti Ciaz VDi Plus,2015,525000,100000,Diesel,Individual,Manual,First Owner
690ac17d56d1bc0093028983,Hyundai i20 Asta 1.4 CRDi,2016,430000,80000,Diesel,Individual,Manual,First Owner
690ac17d56d1bc0093028984,Hyundai Santro LE,2002,65000,70000,Petrol,Individual,Manual,First Owner
690ac17d56d1bc0093028985,Maruti Vitara Brezza VDi,2018,800000,35000,Diesel,Individual,Manual,First Owner
690ac17d56d1bc0093028986,Hyundai Santro Xing XL eRLX Euro III,2007,75000,114000,Petrol,Individual,Manual,Second Owner
690ac17d56d1bc0093028987,Hyundai Getz 1.3 GLS,2008,210000,53772,Petrol,Individual,Manual,First Owner
690ac17d56d1bc0093028988,Mahindra Quanto C8,2012,195000,140000,Diesel,Individual,Manual,Second Owner
690ac17d56d1bc0093028989,Chevrolet Tavera Neo 3 LS 7 C BSIII,2015,400000,120000,Diesel,Individual,Manual,First Owner
690ac17d56d1bc009302898a,Hyundai EON Magna Plus,2012,170000,60000,Petrol,Individual,Manual,First Owner
690ac17d56d1bc009302898b,Renault KWID RXT,2016,225000,25000,Petrol,Individual,Manual,First Owner
690ac17d56d1bc009302898c,Maruti Wagon R DUO LPG,2014,210000,90000,LPG,Individual,Manual,First Owner
690ac17d56d1bc009302898d,Maruti Wagon R LXI,2020,240000,120000,Petrol,Individual,Manual,First Owner
690ac17d56d1bc009302898e,Chevrolet Enjoy 1.3 TCDi LS 8,2015,300000,175000,Diesel,Individual,Manual,First Owner
690ac17d56d1bc009302898f,Chevrolet Spark 1.0 LS,2011,99000,100000,Petrol,Individual,Manual,Third Owner
690ac17d56d1bc0093028990,Honda City i VTEC SV,2014,620000,36000,Petrol,Individual,Manual,First Owner
690ac17d56d1bc0093028991,Honda Amaze VX i-DTEC,2013,500000,30000,Diesel,Individual,Manual,First Owner
690ac17d56d1bc0093028992,Jaguar XJ 5.0 L V8 Supercharged,2010,2550000,40000,Petrol,Individual,Automatic,Second Owner
690ac17d56d1bc0093028993,Honda Brio E MT,2013,260000,70000,Petrol,Individual,Manual,Second Owner
690ac17d56d1bc0093028994,Maruti Swift VVT ZXI,2017,550000,60000,Petrol,Individual,Manual,First Owner
690ac17d56d1bc0093028995,Tata Indigo CR4,2011,150000,155500,Diesel,Individual,Manual,First Owner
690ac17d56d1bc0093028996,Hyundai i10 Asta AT,2011,350000,50000,Petrol,Individual,Automatic,Second Owner
690ac17d56d1bc0093028997,Chevrolet Beat LT,2016,320000,40000,Petrol,Individual,Manual,First Owner
690ac17d56d1bc0093028998,Maruti Swift VDI BSIV,2015,400000,100000,Diesel,Individual,Manual,Third Owner
690ac17d56d1bc0093028999,Maruti Alto LXi,2012,175000,80000,Petrol,Individual,Manual,Third Owner
690ac17d56d1bc009302899a,Chevrolet Beat LT,2011,120000,90000,Petrol,Individual,Manual,Second Owner
690ac17d56d1bc009302899b,Renault Duster 110PS Diesel RxZ,2013,320000,90000,Diesel,Individual,Manual,Second Owner
690ac17d56d1bc009302899c,Hyundai Santro Xing XG,2006,70000,110000,Petrol,Individual,Manual,Third Owner
690ac17d56d1bc009302899d,Maruti Swift Dzire ZXI Plus,2019,810000,15000,Petrol,Individual,Manual,First Owner
690ac17d56d1bc009302899e,Maruti 800 AC,2007,95000,100000,Petrol,Individual,Manual,Second Owner
690ac17d56d1bc009302899f,Maruti Alto K10 LXI CNG,2020,282000,40000,CNG,Individual,Manual,First Owner
690ac17d56d1bc00930289a0,Maruti 800 Std BSII,2004,80000,60000,Petrol,Individual,Manual,Second Owner
690ac17d56d1bc00930289a1,Tata Nano LX SE,2013,72000,25000,Petrol,Individual,Manual,First Owner
690ac17d56d1bc00930289a2,Hyundai i20 Magna 1.2,2016,600000,25000,Petrol,Individual,Manual,First Owner
690ac17d56d1bc00930289a3,Skoda Rapid 1.6 MPI Ambition With Alloy Wheel,2015,640000,23000,Petrol,Individual,Manual,First Owner
690ac17d56d1bc00930289a4,Maruti Alto K10 VXI,2018,380000,22155,Petrol,Individual,Manual,First Owner
690ac17d56d1bc00930289a5,Maruti Ciaz 1.4 Delta,2018,650000,70000,Petrol,Individual,Manual,First Owner
690ac17d56d1bc00930289a6,Maruti Alto LX,2009,150000,60000,Petrol,Individual,Manual,Second Owner
690ac17d56d1bc00930289a7,Hyundai i20 Asta,2009,280000,110000,Petrol,Individual,Manual,Second Owner
690ac17d56d1bc00930289a8,Tata Nexon 1.2 Revotron XM,2018,430000,30000,Petrol,Individual,Manual,First Owner
690ac17d56d1bc00930289a9,Mahindra Bolero Power Plus SLX,2019,800000,15000,Diesel,Individual,Manual,First Owner
690ac17d56d1bc00930289aa,Maruti Zen D,2003,75000,100000,Diesel,Individual,Manual,Second Owner
690ac17d56d1bc00930289ab,Volkswagen Vento Celeste 1.5 TDI Highline AT,2016,650000,70000,Diesel,Individual,Automatic,First Owner
690ac17d56d1bc00930289ac,Maruti Eeco 7 Seater Standard BSIV,2017,390000,24000,Petrol,Individual,Manual,First Owner
690ac17d56d1bc00930289ad,Honda City 1.5 EXI,2005,100000,120000,Petrol,Individual,Manual,Second Owner
690ac17d56d1bc00930289ae,Mercedes-Benz New C-Class 220 CDI AT,2013,1500000,35000,Diesel,Individual,Automatic,First Owner
690ac17d56d1bc00930289af,Maruti SX4 Zxi with Leather BSIII,2007,175000,78380,Petrol,Individual,Manual,First Owner
690ac17d56d1bc00930289b0,Renault Duster 110PS Diesel RxZ,2012,434999,110000,Diesel,Individual,Manual,Second Owner
690ac17d56d1bc00930289b1,Ford Figo Diesel Titanium,2010,170000,90000,Diesel,Individual,Manual,Third Owner
690ac17d56d1bc00930289b2,Ford Figo Diesel Titanium,2011,190000,90000,Diesel,Individual,Manual,Third Owner
690ac17d56d1bc00930289b3,Maruti Swift Dzire VDi,2009,250000,150000,Diesel,Individual,Manual,Third Owner
690ac17d56d1bc00930289b4,Mahindra Xylo E4,2009,229999,230000,Diesel,Individual,Manual,Third Owner
690ac17d56d1bc00930289b5,Maruti Esteem Vxi - BSIII,2006,140000,70000,Petrol,Individual,Manual,Third Owner
690ac17d56d1bc00930289b6,Maruti Swift VDI BSIV,2017,600000,80362,Diesel,Individual,Manual,First Owner
690ac17d56d1bc00930289b7,Hyundai i20 1.2 Sportz,2012,280000,110000,Petrol,Individual,Manual,Third Owner
690ac17d56d1bc00930289b8,Chevrolet Beat Diesel LT,2012,150000,60000,Diesel,Individual,Manual,First Owner
690ac17d56d1bc00930289b9,Chevrolet Cruze LTZ AT,2015,650000,50000,Diesel,Individual,Automatic,First Owner
690ac17d56d1bc00930289ba,Nissan Micra XL,2014,210000,40000,Petrol,Individual,Manual,Second Owner
690ac17d56d1bc00930289bb,BMW 5 Series 520d Luxury Line,2017,2900000,40000,Diesel,Individual,Automatic,First Owner
690ac17d56d1bc00930289bc,Chevrolet Enjoy 1.3 TCDi LS 8,2013,425000,20000,Diesel,Dealer,Manual,First Owner
690ac17d56d1bc00930289bd,Hyundai EON Era Plus Option,2014,265000,55000,Petrol,Dealer,Manual,First Owner
690ac17d56d1bc00930289be,Fiat Linea T Jet Emotion,2018,890000,1136,Petrol,Dealer,Manual,First Owner
690ac17d56d1bc00930289bf,Renault Scala RxL,2013,365000,55000,Petrol,Dealer,Manual,First Owner
690ac17d56d1bc00930289c0,Ford Figo Petrol Titanium,2014,350000,43000,Petrol,Dealer,Manual,First Owner
690ac17d56d1bc00930289c1,Maruti Ciaz ZDi SHVS,2016,685000,60000,Diesel,Individual,Manual,First Owner
690ac17d56d1bc00930289c2,Skoda Rapid 1.5 TDI Ambition BSIV,2018,940000,2650,Diesel,Dealer,Manual,First Owner
690ac17d56d1bc00930289c3,Mahindra XUV500 W6 2WD,2017,1000000,40000,Diesel,Individual,Manual,First Owner
690ac17d56d1bc00930289c4,Mahindra XUV300 W8 Option,2019,1150000,15000,Petrol,Dealer,Manual,First Owner
690ac17d56d1bc00930289c5,Maruti Ertiga SHVS ZDI,2016,450000,115962,Diesel,Individual,Manual,Second Owner
690ac17d56d1bc00930289c6,Nissan Terrano XE D,2015,590000,65000,Diesel,Dealer,Manual,First Owner
690ac17d56d1bc00930289c7,Maruti S-Cross Facelift,2017,800000,40000,Diesel,Individual,Manual,First Owner
690ac17d56d1bc00930289c8,Hyundai i20 Magna 1.4 CRDi (Diesel),2012,385000,58000,Diesel,Dealer,Manual,First Owner
690ac17d56d1bc00930289c9,Mercedes-Benz New C-Class C 220 CDI BE Avantgare,2013,2000000,15000,Diesel,Individual,Automatic,First Owner
690ac17d56d1bc00930289ca,Hyundai EON Era Plus,2012,235000,54000,Petrol,Dealer,Manual,First Owner
690ac17d56d1bc00930289cb,Volkswagen Ameo 1.5 TDI Highline,2017,640000,56000,Diesel,Dealer,Manual,First Owner
690ac17d56d1bc00930289cc,Maruti Alto LX,2006,52000,120000,Petrol,Individual,Manual,Third Owner
690ac17d56d1bc00930289cd,Maruti Omni LPG CARGO BSIII W IMMOBILISER,2009,80000,90000,LPG,Individual,Manual,Second Owner
690ac17d56d1bc00930289ce,Maruti Alto LX,2012,140000,70000,Petrol,Individual,Manual,Second Owner
690ac17d56d1bc00930289cf,Hyundai Verna i (Petrol),2008,120000,90000,Petrol,Individual,Manual,Second Owner
690ac17d56d1bc00930289d0,Mahindra Renault Logan 1.5 DLS,2008,89999,213000,Diesel,Individual,Manual,First Owner
690ac17d56d1bc00930289d1,Chevrolet Optra Magnum 2.0 LS BSIII,2012,180000,120000,Diesel,Individual,Manual,First Owner
690ac17d56d1bc00930289d2,Mahindra Scorpio S11 BSIV,2017,1500000,20000,Diesel,Individual,Manual,First Owner
690ac17d56d1bc00930289d3,Hyundai i20 Active 1.2 SX,2017,700000,10000,Petrol,Individual,Manual,First Owner
690ac17d56d1bc00930289d4,Maruti SX4 Celebration Diesel,2012,285000,80000,Diesel,Individual,Manual,Second Owner
690ac17d56d1bc00930289d5,Hyundai Grand i10 Magna,2015,390000,90000,Petrol,Individual,Manual,First Owner
690ac17d56d1bc00930289d6,Maruti Alto LXi BSIII,2008,125000,80000,Petrol,Individual,Manual,First Owner
690ac17d56d1bc00930289d7,Maruti SX4 Zxi with Leather BSIII,2008,225000,60000,Petrol,Individual,Manual,Second Owner
690ac17d56d1bc00930289d8,Hyundai i10 Era,2011,175000,139000,Petrol,Individual,Manual,Second Owner
690ac17d56d1bc00930289d9,Toyota Innova 2.5 V Diesel 7-seater,2011,1075000,160000,Diesel,Individual,Manual,Second Owner
690ac17d56d1bc00930289da,Honda Mobilio V i DTEC,2014,300000,150000,Diesel,Individual,Manual,First Owner
690ac17d56d1bc00930289db,Toyota Innova 2.5 G (Diesel) 7 Seater BS IV,2010,700000,163000,Diesel,Individual,Manual,Fourth & Above Owner
690ac17d56d1bc00930289dc,Tata Indica V2 2001-2011 DLS BSIII,2009,90000,120000,Diesel,Dealer,Manual,First Owner
690ac17d56d1bc00930289dd,Tata Indica Vista TDI LS,2011,120000,120000,Diesel,Individual,Manual,Second Owner
690ac17d56d1bc00930289de,Chevrolet Beat Diesel LS,2012,220000,100000,Diesel,Individual,Manual,Second Owner
690ac17d56d1bc00930289df,Tata Zest Quadrajet 1.3 75PS XE,2015,300000,140000,Diesel,Dealer,Manual,First Owner
690ac17d56d1bc00930289e0,Skoda Fabia 1.2L Diesel Ambiente,2010,180000,87000,Diesel,Dealer,Manual,Second Owner
690ac17d56d1bc00930289e1,Maruti 800 Std,2013,170000,70000,Petrol,Individual,Manual,First Owner
690ac17d56d1bc00930289e2,Ford Figo Petrol Titanium,2015,300000,50000,Petrol,Individual,Manual,Second Owner
690ac17d56d1bc00930289e3,Toyota Innova 2.5 VX (Diesel) 8 Seater,2014,1050000,70000,Diesel,Individual,Manual,First Owner
690ac17d56d1bc00930289e4,Honda Mobilio V i DTEC,2014,300000,150000,Diesel,Individual,Manual,First Owner
690ac17d56d1bc00930289e5,Hyundai Grand i10 1.2 CRDi Asta,2018,465000,25000,Diesel,Individual,Manual,First Owner
690ac17d56d1bc00930289e6,Chevrolet Beat Diesel LT,2011,130000,80000,Diesel,Individual,Manual,Second Owner
690ac17d56d1bc00930289e7,Datsun GO Plus T Option Petrol,2018,434999,10000,Petrol,Individual,Manual,First Owner
690ac17d56d1bc00930289e8,Hyundai Grand i10 1.2 Kappa Asta,2018,500000,32000,Petrol,Individual,Manual,First Owner
690ac17d56d1bc00930289e9,Maruti Omni MPI STD BSIV,2018,200000,10000,Petrol,Individual,Manual,First Owner
690ac17d56d1bc00930289ea,Maruti Baleno Alpha 1.2,2017,625000,52000,Petrol,Dealer,Manual,First Owner
690ac17d56d1bc00930289eb,Ford Fiesta Classic 1.4 SXI Duratorq,2006,110000,120000,Diesel,Individual,Manual,Third Owner
690ac17d56d1bc00930289ec,Hyundai Elite i20 Asta Option BSIV,2019,800000,11240,Petrol,Individual,Manual,First Owner
690ac17d56d1bc00930289ed,Hyundai Grand i10 CRDi Magna,2017,490000,66000,Diesel,Dealer,Manual,First Owner
690ac17d56d1bc00930289ee,Maruti Ertiga SHVS ZDI,2017,880000,64000,Diesel,Dealer,Manual,First Owner
690ac17d56d1bc00930289ef,Hyundai Santro Xing GL Plus,2013,290000,49000,Petrol,Individual,Manual,First Owner
690ac17d56d1bc00930289f0,Tata Sumo GX TC 7 Str BSIII,2006,115999,100000,Diesel,Individual,Manual,Second Owner
690ac17d56d1bc00930289f1,Renault KWID RXT,2018,360000,26500,Petrol,Individual,Manual,First Owner
690ac17d56d1bc00930289f2,Maruti 800 AC,2002,65000,100000,Petrol,Individual,Manual,Second Owner
690ac17d56d1bc00930289f3,Maruti Vitara Brezza LDi Option,2017,685000,72000,Diesel,Dealer,Manual,First Owner
690ac17d56d1bc00930289f4,Honda Jazz S,2009,300000,50000,Petrol,Individual,Manual,First Owner
690ac17d56d1bc00930289f5,Hyundai i20 1.4 Sportz,2017,680000,44000,Diesel,Dealer,Manual,First Owner
690ac17d56d1bc00930289f6,Maruti Ertiga SHVS ZDI Plus,2017,1000000,60000,Diesel,Individual,Manual,Second Owner
690ac17d56d1bc00930289f7,Tata Sumo SE Plus BSIII,2002,100000,120000,Diesel,Individual,Manual,First Owner
690ac17d56d1bc00930289f8,Mahindra Xylo E4,2010,160000,130000,Diesel,Individual,Manual,First Owner
690ac17d56d1bc00930289f9,Maruti Swift ZDi BSIV,2017,450000,70000,Diesel,Individual,Manual,First Owner
690ac17d56d1bc00930289fa,Maruti Ertiga VXI,2014,600000,20000,Petrol,Individual,Manual,First Owner
690ac17d56d1bc00930289fb,Hyundai i20 1.4 Magna ABS,2009,180000,60000,Diesel,Individual,Manual,Second Owner
690ac17d56d1bc00930289fc,Maruti Alto LXi,2007,100000,195000,Petrol,Individual,Manual,First Owner
690ac17d56d1bc00930289fd,Maruti Alto LXi,2010,120000,90000,Petrol,Individual,Manual,Second Owner
690ac17d56d1bc00930289fe,Hyundai Getz GL,2006,130000,80000,Petrol,Individual,Manual,Third Owner
690ac17d56d1bc00930289ff,Maruti Wagon R LX BS IV,2011,160000,155000,Petrol,Individual,Manual,First Owner
690ac17d56d1bc0093028a00,Mahindra Bolero Power Plus SLX,2019,860000,35000,Diesel,Individual,Manual,First Owner
690ac17d56d1bc0093028a01,Hyundai i20 1.2 Spotz,2018,650000,20000,Petrol,Individual,Manual,Second Owner
690ac17d56d1bc0093028a02,Maruti Wagon R LXI Minor,2010,100000,80000,Petrol,Individual,Manual,Second Owner
690ac17d56d1bc0093028a03,Maruti Alto 800 VXI,2017,282000,20000,Petrol,Individual,Manual,First Owner
690ac17d56d1bc0093028a04,Hyundai i20 Asta (o),2009,300000,50000,Petrol,Individual,Manual,First Owner
690ac17d56d1bc0093028a05,Hyundai i20 Asta,2010,270000,110000,Petrol,Individual,Manual,Second Owner
690ac17d56d1bc0093028a06,Hyundai Verna 1.6 SX CRDi (O),2013,550000,29000,Diesel,Individual,Manual,First Owner
690ac17d56d1bc0093028a07,Mahindra Xylo D2 BSIV,2013,450000,120000,Diesel,Individual,Manual,First Owner
690ac17d56d1bc0093028a08,Mahindra Bolero SLX 2WD BSIII,2011,430000,70000,Diesel,Individual,Manual,Second Owner
690ac17d56d1bc0093028a09,Maruti Ertiga VXI ABS,2013,350000,40000,Petrol,Individual,Manual,First Owner
690ac17d56d1bc0093028a0a,Honda Brio 1.2 E MT,2017,350000,20000,Petrol,Individual,Manual,First Owner
690ac17d56d1bc0093028a0b,Toyota Etios Liva G,2013,229999,50000,Petrol,Individual,Manual,Second Owner
690ac17d56d1bc0093028a0c,Maruti Alto 800 LXI,2013,110000,50000,Petrol,Individual,Manual,First Owner
690ac17d56d1bc0093028a0d,Maruti Swift Dzire 1.2 Vxi BSIV,2012,395000,49000,Petrol,Individual,Manual,Second Owner
690ac17d56d1bc0093028a0e,Mahindra Scorpio VLS AT 2.2 mHAWK,2011,650000,70000,Diesel,Individual,Automatic,Second Owner
690ac17d56d1bc0093028a0f,Mahindra Bolero SLX,2011,350000,90000,Diesel,Individual,Manual,Second Owner
690ac17d56d1bc0093028a10,Mahindra XUV500 W11 Option AWD,2020,1400000,25000,Diesel,Dealer,Manual,First Owner
690ac17d56d1bc0093028a11,Tata Tiago 1.2 Revotron XZ,2018,360000,4000,Petrol,Individual,Manual,First Owner
690ac17d56d1bc0093028a12,Mahindra Marazzo M8 8Str,2018,1300000,10000,Diesel,Individual,Manual,First Owner
690ac17d56d1bc0093028a13,Renault Duster 110PS Diesel RxL,2015,800000,15000,Diesel,Individual,Manual,First Owner
690ac17d56d1bc0093028a14,Hyundai EON Magna Plus,2018,229999,30000,Petrol,Individual,Manual,First Owner
690ac17d56d1bc0093028a15,Maruti Wagon R VXI,2014,315000,41000,Petrol,Dealer,Manual,First Owner
690ac17d56d1bc0093028a16,Chevrolet Spark 1.0 LT,2012,125000,28000,Petrol,Individual,Manual,First Owner
690ac17d56d1bc0093028a17,Maruti Baleno Alpha,2019,700000,16000,Petrol,Individual,Manual,First Owner
690ac17d56d1bc0093028a18,Hyundai EON 1.0 Kappa Magna Plus,2015,160000,70000,Petrol,Individual,Manual,First Owner
690ac17d56d1bc0093028a19,Ford Figo Aspire 1.2 Ti-VCT Trend,2017,530000,10832,Petrol,Dealer,Manual,First Owner
690ac17d56d1bc0093028a1a,Ford Figo Aspire Facelift,2018,624000,14681,Diesel,Dealer,Manual,First Owner
690ac17d56d1bc0093028a1b,Hyundai i10 Era,2009,250000,50000,Petrol,Individual,Manual,First Owner
690ac17d56d1bc0093028a1c,Mahindra Bolero SLX,2016,585000,51000,Diesel,Dealer,Manual,First Owner
690ac17d56d1bc0093028a1d,Hyundai Verna 1.4 VTVT,2015,500000,25000,Petrol,Individual,Manual,First Owner
690ac17d56d1bc0093028a1e,Chevrolet Sail 1.2 LT ABS,2014,350000,30000,Petrol,Individual,Manual,First Owner
690ac17d56d1bc0093028a1f,Honda City i-DTEC SV,2014,495000,80000,Diesel,Dealer,Manual,First Owner
690ac17d56d1bc0093028a20,Hyundai Grand i10 1.2 Kappa Asta,2017,500000,50000,Petrol,Individual,Manual,First Owner
690ac17d56d1bc0093028a21,Mahindra Bolero Power Plus Plus AC BSIV PS,2015,430000,200000,Diesel,Individual,Manual,First Owner
690ac17d56d1bc0093028a22,Hyundai Grand i10 1.2 Kappa Sportz Option,2013,345000,44000,Petrol,Dealer,Manual,First Owner
690ac17d56d1bc0093028a23,Maruti Baleno Sigma 1.2,2015,500000,10000,Petrol,Individual,Manual,First Owner
690ac17d56d1bc0093028a24,Tata Tiago 1.2 Revotron XZ,2019,425000,19600,Petrol,Individual,Manual,First Owner
690ac17d56d1bc0093028a25,Maruti Wagon R LXI,2005,80000,40000,Petrol,Individual,Manual,Second Owner
690ac17d56d1bc0093028a26,Chevrolet Beat Diesel LS,2011,106000,50000,Diesel,Individual,Manual,First Owner
690ac17d56d1bc0093028a27,Maruti A-Star Vxi,2009,180000,46730,Petrol,Individual,Manual,First Owner
690ac17d56d1bc0093028a28,Datsun GO A,2015,250000,40000,Petrol,Individual,Manual,Second Owner
690ac17d56d1bc0093028a29,Skoda Yeti Ambition 4WD,2011,350000,80000,Diesel,Individual,Manual,First Owner
690ac17d56d1bc0093028a2a,Maruti Zen LXi BSII,2002,60000,80000,Petrol,Individual,Manual,Second Owner
690ac17d56d1bc0093028a2b,Hyundai Verna CRDi 1.6 EX,2018,900000,24000,Diesel,Individual,Manual,First Owner
690ac17d56d1bc0093028a2c,Ford Aspire Titanium Diesel BSIV,2017,700000,21170,Diesel,Dealer,Manual,First Owner
690ac17d56d1bc0093028a2d,BMW 3 Series 320d Sport,2013,2000000,167223,Diesel,Dealer,Automatic,First Owner
690ac17d56d1bc0093028a2e,Maruti Ertiga SHVS ZDI Plus,2017,1000000,40000,Diesel,Individual,Manual,First Owner
690ac17d56d1bc0093028a2f,BMW X1 sDrive 20d Exclusive,2011,1375000,60000,Diesel,Individual,Automatic,First Owner
690ac17d56d1bc0093028a30,Toyota Innova Crysta 2.4 VX MT,2016,1800000,141440,Diesel,Dealer,Manual,First Owner
690ac17d56d1bc0093028a31,Chevrolet Tavera Neo 3 10 Seats BSIV,2007,160000,120000,Diesel,Individual,Manual,Third Owner
690ac17d56d1bc0093028a32,Mitsubishi Outlander 2.4,2012,525000,140000,Petrol,Individual,Automatic,First Owner
690ac17d56d1bc0093028a33,Mahindra XUV500 W8 2WD,2012,850000,212814,Diesel,Dealer,Manual,First Owner
690ac17d56d1bc0093028a34,Maruti Baleno Alpha 1.3,2019,800000,30000,Diesel,Individual,Manual,First Owner
690ac17d56d1bc0093028a35,Ford Figo Aspire 1.5 TDCi Titanium,2017,700000,88635,Diesel,Dealer,Manual,First Owner
690ac17d56d1bc0093028a36,Maruti Swift Dzire VDI,2018,800000,25000,Diesel,Individual,Manual,First Owner
690ac17d56d1bc0093028a37,Hyundai i20 1.2 Spotz,2017,575000,20000,Petrol,Individual,Manual,Second Owner
690ac17d56d1bc0093028a38,Renault Duster 110PS Diesel RxZ,2012,350000,110000,Diesel,Individual,Manual,Second Owner
690ac17d56d1bc0093028a39,Maruti Swift Vdi BSIII,2008,250000,120000,Diesel,Individual,Manual,Third Owner
690ac17d56d1bc0093028a3a,Ford Endeavour Titanium 4X2,2011,600000,149674,Diesel,Dealer,Manual,Second Owner
690ac17d56d1bc0093028a3b,Mahindra Scorpio 2.6 Turbo 9 Str,2007,370000,100000,Diesel,Individual,Manual,Third Owner
690ac17d56d1bc0093028a3c,Maruti Baleno Vxi,2006,80000,120000,Petrol,Individual,Manual,Third Owner
690ac17d56d1bc0093028a3d,Tata Indica DLX,2003,50000,120000,Diesel,Individual,Manual,Second Owner
690ac17d56d1bc0093028a3e,Hyundai Verna CRDi 1.6 EX,2018,900000,25000,Diesel,Individual,Manual,First Owner
690ac17d56d1bc0093028a3f,Maruti Wagon R VXI BS IV,2014,300000,35000,Petrol,Individual,Manual,Second Owner
690ac17d56d1bc0093028a40,Tata Indica LSI,2002,125000,40000,Petrol,Individual,Manual,First Owner
690ac17d56d1bc0093028a41,Maruti Swift Dzire VDI,2015,490000,60000,Diesel,Individual,Manual,Second Owner
690ac17d56d1bc0093028a42,Toyota Etios Liva GD,2012,300000,50000,Diesel,Individual,Manual,Second Owner
690ac17d56d1bc0093028a43,Tata Nano STD,2013,55000,25000,Petrol,Individual,Manual,Fourth & Above Owner
690ac17d56d1bc0093028a44,Hyundai Grand i10 Sportz,2016,350000,25000,Petrol,Individual,Manual,First Owner
690ac17d56d1bc0093028a45,Hyundai Grand i10 1.2 CRDi Asta,2019,755000,8000,Diesel,Individual,Manual,First Owner
690ac17d56d1bc0093028a46,Maruti Ertiga SHVS VDI,2017,720000,60000,Diesel,Individual,Manual,First Owner
690ac17d56d1bc0093028a47,Mahindra Bolero SLX,2006,229999,200000,Diesel,Individual,Manual,Third Owner
690ac17d56d1bc0093028a48,Mahindra Scorpio S7 140 BSIV,2018,1100000,20000,Diesel,Individual,Manual,First Owner
690ac17d56d1bc0093028a49,Volkswagen Polo Petrol Comfortline 1.2L,2013,400000,100000,Petrol,Individual,Manual,First Owner
690ac17d56d1bc0093028a4a,Hyundai Xcent 1.1 CRDi Base,2015,350000,70000,Diesel,Individual,Manual,Second Owner
690ac17d56d1bc0093028a4b,Chevrolet Beat Diesel PS,2012,159000,68000,Diesel,Dealer,Manual,First Owner
690ac17d56d1bc0093028a4c,Maruti Swift ZXi BSIV,2017,550000,38000,Petrol,Dealer,Manual,First Owner
690ac17d56d1bc0093028a4d,Maruti Ritz VDi,2013,335000,80000,Diesel,Dealer,Manual,First Owner
690ac17d56d1bc0093028a4e,Tata Indigo CS Emax CNG GLX,2014,185000,72000,CNG,Dealer,Manual,First Owner
690ac17d56d1bc0093028a4f,Maruti Eeco 5 STR With AC Plus HTR CNG,2012,229999,75000,CNG,Dealer,Manual,First Owner
690ac17d56d1bc0093028a50,Maruti Estilo LXI,2014,225000,43000,Petrol,Dealer,Manual,First Owner
690ac17d56d1bc0093028a51,Maruti Swift VXI with ABS,2007,250000,120000,Petrol,Individual,Manual,Second Owner
690ac17d56d1bc0093028a52,Tata Zest Quadrajet 1.3 XM,2015,400000,100000,Diesel,Individual,Manual,First Owner
690ac17d56d1bc0093028a53,Maruti Swift VDI BSIV,2014,470000,163000,Diesel,Individual,Manual,First Owner
690ac17d56d1bc0093028a54,Maruti Alto K10 VXI AGS Optional,2018,300000,25000,Petrol,Individual,Automatic,First Owner
690ac17d56d1bc0093028a55,Maruti Alto LX,2011,145000,25000,Petrol,Individual,Manual,First Owner
690ac17d56d1bc0093028a56,Maruti SX4 Vxi BSIII,2007,100000,90000,Petrol,Individual,Manual,Second Owner
690ac17d56d1bc0093028a57,Mahindra Scorpio SLE BSIV,2014,500000,70000,Diesel,Individual,Manual,Second Owner
690ac17d56d1bc0093028a58,Hyundai Santro Xing GLS CNG,2010,130000,98000,CNG,Individual,Manual,Second Owner
690ac17d56d1bc0093028a59,Chevrolet Cruze LTZ,2010,240000,81925,Diesel,Individual,Manual,First Owner
690ac17d56d1bc0093028a5a,Ford Figo Diesel Celebration Edition,2013,150000,80000,Diesel,Individual,Manual,Second Owner
690ac17d56d1bc0093028a5b,Renault KWID RXT Optional,2017,270000,40000,Petrol,Individual,Manual,First Owner
690ac17d56d1bc0093028a5c,Maruti Swift Dzire VDI,2014,400000,90000,Diesel,Individual,Manual,First Owner
690ac17d56d1bc0093028a5d,Hyundai EON Era Plus,2012,200000,46000,Petrol,Individual,Manual,First Owner
690ac17d56d1bc0093028a5e,Mahindra XUV500 W6 2WD,2012,550000,80000,Diesel,Individual,Manual,First Owner
690ac17d56d1bc0093028a5f,Renault KWID 1.0 RXT Optional,2018,325000,35000,Petrol,Individual,Manual,First Owner
690ac17d56d1bc0093028a60,Skoda Rapid 1.5 TDI AT Style BSIV,2017,860000,82080,Diesel,Individual,Automatic,First Owner
690ac17d56d1bc0093028a61,Mahindra XUV500 W8 2WD,2012,600000,200000,Diesel,Individual,Manual,First Owner
690ac17d56d1bc0093028a62,Chevrolet Spark 1.0,2009,125000,70000,Petrol,Individual,Manual,First Owner
690ac17d56d1bc0093028a63,Maruti 800 AC,2000,60000,40000,Petrol,Individual,Manual,Third Owner
690ac17d56d1bc0093028a64,Chevrolet Tavera Neo 3 10 Seats BSIV,2010,300000,120000,Diesel,Individual,Manual,Third Owner
690ac17d56d1bc0093028a65,Ford Fiesta 1.6 ZXi Duratec,2007,190000,60000,Petrol,Individual,Manual,Third Owner
690ac17d56d1bc0093028a66,Maruti Ertiga VDI,2013,400000,110000,Diesel,Individual,Manual,First Owner
690ac17d56d1bc0093028a67,Tata Manza Aura Quadrajet BS IV,2011,260000,97000,Diesel,Individual,Manual,Second Owner
690ac17d56d1bc0093028a68,Maruti Swift VVT VXI,2017,400000,30000,Petrol,Individual,Manual,First Owner
690ac17d56d1bc0093028a69,Hyundai i20 Sportz Petrol,2010,250000,40000,Petrol,Individual,Manual,First Owner
690ac17d56d1bc0093028a6a,Hyundai Grand i10 1.2 Kappa Asta,2019,600000,10000,Petrol,Individual,Manual,First Owner
690ac17d56d1bc0093028a6b,Maruti Zen Estilo VXI BSIV,2010,175000,52047,Petrol,Individual,Manual,First Owner
690ac17d56d1bc0093028a6c,Toyota Innova 2.5 G (Diesel) 8 Seater BS IV,2011,450000,200000,Diesel,Individual,Manual,Third Owner
690ac17d56d1bc0093028a6d,Tata Tiago 1.2 Revotron XZA,2019,350000,15000,Petrol,Individual,Automatic,Second Owner
690ac17d56d1bc0093028a6e,Maruti Vitara Brezza ZDi,2018,800000,50000,Diesel,Individual,Manual,First Owner
690ac17d56d1bc0093028a6f,Maruti Swift VXI BSIII,2011,250000,70000,Petrol,Individual,Manual,Second Owner
690ac17d56d1bc0093028a70,Maruti Swift VXI BSIV,2019,600000,10000,Petrol,Individual,Manual,First Owner
690ac17d56d1bc0093028a71,Maruti Swift VDI BSIV,2017,600000,90000,Diesel,Individual,Manual,First Owner
690ac17d56d1bc0093028a72,Maruti Alto 800 LXI,2016,130000,40000,Petrol,Individual,Manual,First Owner
690ac17d56d1bc0093028a73,Maruti Wagon R LXI,2006,90000,62009,Petrol,Individual,Manual,Second Owner
690ac17d56d1bc0093028a74,Hyundai i20 Active 1.2 S,2017,595000,33100,Petrol,Individual,Manual,Second Owner
690ac17d56d1bc0093028a75,Hyundai EON Era Plus,2014,190000,40000,Petrol,Individual,Manual,Second Owner
690ac17d56d1bc0093028a76,Hyundai Santro GLS I - Euro I,1999,50000,120000,Petrol,Individual,Manual,Second Owner
690ac17d56d1bc0093028a77,Maruti Wagon R LXI Minor,2007,95000,80000,Petrol,Individual,Manual,First Owner
690ac17d56d1bc0093028a78,Tata Safari Storme VX,2016,1000000,70000,Diesel,Individual,Manual,First Owner
690ac17d56d1bc0093028a79,Mahindra Scorpio REV 116,2006,220000,220000,Petrol,Individual,Manual,Second Owner
690ac17d56d1bc0093028a7a,Mahindra Bolero SLX,2010,400000,50000,Diesel,Individual,Manual,First Owner
690ac17d56d1bc0093028a7b,Datsun GO Plus A,2015,315000,45000,Petrol,Individual,Manual,Second Owner
690ac17d56d1bc0093028a7c,Toyota Fortuner 4x4 MT,2014,1000000,110000,Diesel,Individual,Manual,First Owner
690ac17d56d1bc0093028a7d,Ford Ecosport 1.5 DV5 MT Titanium,2014,500000,49000,Diesel,Individual,Manual,First Owner
690ac17d56d1bc0093028a7e,Mahindra XUV500 W11 AT BSIV,2018,1600000,35000,Diesel,Individual,Automatic,First Owner
690ac17d56d1bc0093028a7f,Mahindra Supro VX 8 Str,2017,500000,160000,Diesel,Individual,Manual,First Owner
690ac17d56d1bc0093028a80,Maruti Alto LX,2007,70000,180000,Petrol,Individual,Manual,Third Owner
690ac17d56d1bc0093028a81,Maruti 800 AC,2007,105000,60000,Petrol,Individual,Manual,Second Owner
690ac17d56d1bc0093028a82,Ford Endeavour 2.5L 4X2 MT,2008,400000,110000,Diesel,Individual,Manual,Third Owner
690ac17d56d1bc0093028a83,Maruti Wagon R LXI,2004,80000,60000,Petrol,Individual,Manual,Third Owner
690ac17d56d1bc0093028a84,Maruti Alto 800 VXI,2016,300000,30000,Petrol,Individual,Manual,First Owner
690ac17d56d1bc0093028a85,Mahindra KUV 100 D75 K2,2017,409999,40000,Diesel,Individual,Manual,First Owner
690ac17d56d1bc0093028a86,Maruti Swift Glam,2009,250000,70000,Petrol,Individual,Manual,First Owner
690ac17d56d1bc0093028a87,Tata New Safari DICOR 2.2 EX 4x2,2010,250000,120000,Diesel,Individual,Manual,Second Owner
690ac17d56d1bc0093028a88,Maruti Swift Dzire VDI,2012,215000,80000,Diesel,Individual,Manual,Third Owner
690ac17d56d1bc0093028a89,Toyota Fortuner 4x4 MT,2015,1400000,120000,Diesel,Individual,Manual,First Owner
690ac17d56d1bc0093028a8a,Honda Brio 1.2 VX MT,2018,475000,20000,Petrol,Individual,Manual,First Owner
690ac17d56d1bc0093028a8b,Honda Brio 1.2 VX MT,2018,475000,22000,Petrol,Individual,Manual,First Owner
690ac17d56d1bc0093028a8c,Chevrolet Spark 1.0 LS,2008,75000,35000,Petrol,Individual,Manual,Second Owner
690ac17d56d1bc0093028a8d,Chevrolet Sail Hatchback LS ABS,2013,200000,120000,Diesel,Individual,Manual,Second Owner
690ac17d56d1bc0093028a8e,Tata Tiago NRG Petrol,2019,575000,8000,Petrol,Individual,Manual,First Owner
690ac17d56d1bc0093028a8f,Maruti Ritz VDi,2011,150000,40000,Diesel,Individual,Manual,Second Owner
690ac17d56d1bc0093028a90,Maruti Vitara Brezza ZDi Plus,2018,850000,10000,Diesel,Individual,Manual,First Owner
690ac17d56d1bc0093028a91,Hyundai Santro Era,2019,350000,30000,Petrol,Individual,Manual,First Owner
690ac17d56d1bc0093028a92,Ford Endeavour 2.5L 4X2 MT,2011,550000,54000,Diesel,Individual,Manual,Second Owner
690ac17d56d1bc0093028a93,Hyundai Verna 1.4 VTVT,2017,330000,80577,Petrol,Individual,Manual,First Owner
690ac17d56d1bc0093028a94,Honda City i-DTEC V,2017,1044999,25000,Diesel,Individual,Manual,First Owner
690ac17d56d1bc0093028a95,Hyundai Verna 1.6 CRDI,2011,300000,127500,Diesel,Individual,Manual,Second Owner
690ac17d56d1bc0093028a96,Hyundai EON D Lite Plus,2015,235000,40903,Petrol,Dealer,Manual,First Owner
690ac17d56d1bc0093028a97,Ford Figo Petrol Titanium,2011,120000,60000,Petrol,Individual,Manual,Third Owner
690ac17d56d1bc0093028a98,Maruti Wagon R VXI,2004,130000,46000,Petrol,Individual,Manual,First Owner
690ac17d56d1bc0093028a99,Ford Endeavour 4x4 XLT,2004,275000,22288,Diesel,Dealer,Manual,Second Owner
690ac17d56d1bc0093028a9a,Volkswagen Jetta 2.0 TDI Trendline,2011,270000,180000,Diesel,Individual,Manual,Second Owner
690ac17d56d1bc0093028a9b,Volkswagen Polo 1.5 TDI Highline,2015,500000,30000,Diesel,Individual,Manual,Second Owner
690ac17d56d1bc0093028a9c,Hyundai Grand i10 Sportz,2015,400000,61690,Petrol,Dealer,Manual,First Owner
690ac17d56d1bc0093028a9d,Hyundai i20 Asta 1.2,2015,600000,64484,Petrol,Dealer,Manual,First Owner
690ac17d56d1bc0093028a9e,Audi Q5 2.0 TDI,2012,1350000,90000,Diesel,Individual,Automatic,Second Owner
690ac17d56d1bc0093028a9f,Renault Duster 85PS Diesel RxE,2013,400000,75976,Diesel,Dealer,Manual,Second Owner
690ac17d56d1bc0093028aa0,Ford Figo Diesel Titanium,2011,220000,70000,Diesel,Individual,Manual,Second Owner
690ac17d56d1bc0093028aa1,Honda Brio E MT,2012,300000,85962,Petrol,Dealer,Manual,Second Owner
690ac17d56d1bc0093028aa2,Maruti Omni E MPI STD BS IV,2018,250000,120000,Petrol,Individual,Manual,First Owner
690ac17d56d1bc0093028aa3,Honda Mobilio V i DTEC,2015,600000,120000,Diesel,Individual,Manual,First Owner
690ac17d56d1bc0093028aa4,Honda Brio S Option AT,2012,285000,75000,Petrol,Individual,Automatic,Second Owner
690ac17d56d1bc0093028aa5,Honda Accord 2.4 MT,2009,350000,57035,Petrol,Dealer,Manual,First Owner
690ac17d56d1bc0093028aa6,Mahindra Bolero SLX,2011,170000,70000,Diesel,Individual,Manual,Third Owner
690ac17d56d1bc0093028aa7,Ford Figo 1.2P Ambiente MT,2015,229999,45000,Petrol,Individual,Manual,First Owner
690ac17d56d1bc0093028aa8,Mahindra XUV500 W6 2WD,2013,500000,72104,Diesel,Dealer,Manual,Second Owner
690ac17d56d1bc0093028aa9,Tata Nano Lx,2011,75000,15000,Petrol,Individual,Manual,First Owner
690ac17d56d1bc0093028aaa,Hyundai i20 Active 1.2 SX,2016,600000,30000,Petrol,Individual,Manual,First Owner
690ac17d56d1bc0093028aab,Tata Indigo LS Dicor,2011,220000,80000,Diesel,Individual,Manual,First Owner
690ac17d56d1bc0093028aac,Tata Indica Vista Terra 1.4 TDI,2009,150000,164000,Diesel,Individual,Manual,Second Owner
690ac17d56d1bc0093028aad,Maruti Alto LX,2006,65000,124439,Petrol,Individual,Manual,Second Owner
690ac17d56d1bc0093028aae,Maruti Zen VXI,2006,120000,77000,Petrol,Individual,Manual,Second Owner
690ac17d56d1bc0093028aaf,Maruti Swift Dzire VDI,2014,240000,90000,Diesel,Individual,Manual,First Owner
690ac17d56d1bc0093028ab0,Renault KWID 1.0 RXT Optional,2017,390000,30000,Petrol,Individual,Manual,First Owner
690ac17d56d1bc0093028ab1,Chevrolet Beat LS,2012,180000,50000,Petrol,Individual,Manual,First Owner
690ac17d56d1bc0093028ab2,Maruti Swift VDI,2012,320000,80000,Diesel,Individual,Manual,Second Owner
690ac17d56d1bc0093028ab3,Maruti Alto 800 LXI,2018,310000,5000,Petrol,Individual,Manual,First Owner
690ac17d56d1bc0093028ab4,Maruti Wagon R AMT VXI,2018,420000,24000,Petrol,Individual,Automatic,First Owner
690ac17d56d1bc0093028ab5,Tata Tiago NRG Petrol,2019,550000,10000,Petrol,Individual,Manual,First Owner
690ac17d56d1bc0093028ab6,Maruti Ertiga SHVS VDI,2016,550000,78000,Diesel,Individual,Manual,Third Owner
690ac17d56d1bc0093028ab7,Mahindra TUV 300 T4 Plus,2018,760000,50000,Diesel,Individual,Manual,First Owner
690ac17d56d1bc0093028ab8,Maruti 800 AC BSII,2001,43000,100000,Petrol,Individual,Manual,Second Owner
690ac17d56d1bc0093028ab9,Maruti Omni MPI STD BSIV,2018,250000,20000,Petrol,Individual,Manual,First Owner
690ac17d56d1bc0093028aba,Hyundai Santro Magna BSIV,2019,500000,1250,Petrol,Individual,Manual,First Owner
690ac17d56d1bc0093028abb,Tata Zest Revotron 1.2 XT,2015,380000,17152,Petrol,Individual,Manual,First Owner
690ac17d56d1bc0093028abc,Mahindra XUV500 W11 Option AT AWD,2019,1850000,5000,Diesel,Individual,Automatic,First Owner
690ac17d56d1bc0093028abd,Volkswagen Polo Diesel Trendline 1.2L,2012,350000,77000,Diesel,Individual,Manual,First Owner
690ac17d56d1bc0093028abe,Hyundai Verna CRDi,2008,195000,90000,Diesel,Individual,Manual,Second Owner
690ac17d56d1bc0093028abf,Chevrolet Beat LS,2011,225000,80000,Petrol,Individual,Manual,Second Owner
690ac17d56d1bc0093028ac0,Toyota Innova 2.5 G (Diesel) 7 Seater,2015,1125000,65000,Diesel,Individual,Manual,First Owner
690ac17d56d1bc0093028ac1,Tata Indica Vista Quadrajet LX,2011,133000,80000,Diesel,Individual,Manual,First Owner
690ac17d56d1bc0093028ac2,Hyundai EON Era Plus,2013,200000,24005,Petrol,Individual,Manual,First Owner
690ac17d56d1bc0093028ac3,Maruti Vitara Brezza ZDi Plus,2018,940000,20000,Diesel,Individual,Manual,First Owner
690ac17d56d1bc0093028ac4,Renault Duster 85PS Diesel RxL,2014,400000,120000,Diesel,Individual,Manual,First Owner
690ac17d56d1bc0093028ac5,Hyundai i10 Era 1.1,2009,120000,120000,Petrol,Individual,Manual,Second Owner
690ac17d56d1bc0093028ac6,Maruti Swift Dzire ZDI,2015,625000,80000,Diesel,Individual,Manual,First Owner
690ac17d56d1bc0093028ac7,Maruti Swift 1.3 VXi,2005,110000,80000,Petrol,Individual,Manual,First Owner
690ac17d56d1bc0093028ac8,Renault Duster 110PS Diesel RxZ,2012,490000,100000,Diesel,Individual,Manual,First Owner
690ac17d56d1bc0093028ac9,Maruti Alto LX,2009,140000,120000,Petrol,Individual,Manual,Second Owner
690ac17d56d1bc0093028aca,Ford Figo Diesel ZXI,2011,175000,149000,Diesel,Individual,Manual,Second Owner
690ac17d56d1bc0093028acb,Maruti Wagon R LXI BSIII,2005,90000,65000,Petrol,Individual,Manual,Second Owner
690ac17d56d1bc0093028acc,Maruti Swift Ldi BSIV,2009,275000,100000,Diesel,Individual,Manual,Second Owner
690ac17d56d1bc0093028acd,Volkswagen Vento Diesel Highline,2011,300000,65000,Diesel,Individual,Manual,Second Owner
690ac17d56d1bc0093028ace,Datsun GO Plus T Option BSIV,2018,270000,19000,Petrol,Individual,Manual,Second Owner
690ac17d56d1bc0093028acf,Chevrolet Beat LT,2010,130000,80000,Petrol,Individual,Manual,Second Owner
690ac17d56d1bc0093028ad0,Maruti Alto K10 VXI Airbag,2015,275000,30000,Petrol,Individual,Manual,First Owner
690ac17d56d1bc0093028ad1,Maruti Swift VDI,2012,352000,109000,Diesel,Individual,Manual,First Owner
690ac17d56d1bc0093028ad2,Hyundai EON LPG Magna Plus,2012,180000,90000,LPG,Individual,Manual,First Owner
690ac17d56d1bc0093028ad3,Maruti Alto LX,2012,150000,90000,Petrol,Individual,Manual,First Owner
690ac17d56d1bc0093028ad4,Volkswagen Vento Diesel Highline,2011,300000,65000,Diesel,Individual,Manual,Second Owner
690ac17d56d1bc0093028ad5,Maruti Swift Vdi BSIII,2010,300000,110000,Diesel,Individual,Manual,Second Owner
690ac17d56d1bc0093028ad6,Mahindra Bolero DI DX 7 Seater,2007,225000,120000,Diesel,Individual,Manual,First Owner
690ac17d56d1bc0093028ad7,Honda Mobilio V i DTEC,2014,600000,44000,Diesel,Individual,Manual,First Owner
690ac17d56d1bc0093028ad8,Maruti Ertiga BSIV ZXI,2015,500000,80000,Petrol,Individual,Manual,First Owner
690ac17d56d1bc0093028ad9,Honda BR-V i-VTEC S MT,2018,900000,5000,Petrol,Individual,Manual,First Owner
690ac17d56d1bc0093028ada,Hyundai i20 Magna 1.2,2016,600000,61000,Petrol,Individual,Manual,First Owner
690ac17d56d1bc0093028adb,Toyota Etios VD,2011,450000,100000,Diesel,Individual,Manual,Second Owner
690ac17d56d1bc0093028adc,Hyundai i10 Era 1.1,2009,270000,27633,Petrol,Individual,Manual,First Owner
690ac17d56d1bc0093028add,Maruti Swift Vdi BSIII,2010,310000,100000,Diesel,Individual,Manual,Third Owner
690ac17d56d1bc0093028ade,Hyundai Santro Xing GLS Audio LPG,2012,250000,100000,LPG,Individual,Manual,First Owner
690ac17d56d1bc0093028adf,Ford Figo 1.2P Titanium MT,2019,700000,12586,Petrol,Dealer,Manual,First Owner
690ac17d56d1bc0093028ae0,Fiat Avventura Urban Cross 1.3 Multijet Emotion,2018,650000,38083,Diesel,Dealer,Manual,First Owner
690ac17d56d1bc0093028ae1,Ford Figo Diesel ZXI,2012,400000,55328,Diesel,Dealer,Manual,First Owner
690ac17d56d1bc0093028ae2,Ford Figo Diesel Titanium,2012,425000,81632,Diesel,Dealer,Manual,First Owner
690ac17d56d1bc0093028ae3,Ford Aspire Titanium Diesel BSIV,2016,600000,155201,Diesel,Dealer,Manual,First Owner
690ac17d56d1bc0093028ae4,Ford EcoSport 1.5 TDCi Titanium BSIV,2013,600000,93283,Diesel,Dealer,Manual,First Owner
690ac17d56d1bc0093028ae5,Maruti Swift Ldi BSIII,2009,300000,217871,Diesel,Dealer,Manual,First Owner
690ac17d56d1bc0093028ae6,Ford Fiesta Classic 1.4 Duratorq CLXI,2012,450000,90165,Diesel,Dealer,Manual,First Owner
690ac17d56d1bc0093028ae7,Ford Ecosport 1.5 DV5 MT Titanium,2014,750000,101504,Diesel,Dealer,Manual,First Owner
690ac17d56d1bc0093028ae8,Ford Figo Titanium Diesel BSIV,2010,325000,86017,Diesel,Dealer,Manual,Second Owner
690ac17d56d1bc0093028ae9,Mahindra XUV500 W8 2WD,2013,900000,85036,Diesel,Dealer,Manual,Second Owner
690ac17d56d1bc0093028aea,Ford Ikon 1.3L Rocam Flair,2006,180000,91086,Petrol,Dealer,Manual,Second Owner
690ac17d56d1bc0093028aeb,Fiat Punto 1.3 Emotion,2013,350000,160254,Diesel,Dealer,Manual,Second Owner
690ac17d56d1bc0093028aec,Ford EcoSport 1.5 TDCi Titanium BSIV,2013,600000,125531,Diesel,Dealer,Manual,Second Owner
690ac17d56d1bc0093028aed,Honda WR-V i-DTEC V,2019,900000,60000,Diesel,Individual,Manual,First Owner
690ac17d56d1bc0093028aee,Skoda Laura L n K 1.9 PD,2006,350000,100000,Diesel,Individual,Manual,First Owner
690ac17d56d1bc0093028aef,Maruti Ritz LDi,2013,280000,90000,Diesel,Individual,Manual,Third Owner
690ac17d56d1bc0093028af0,Mahindra Xylo D2,2009,225000,120000,Diesel,Individual,Manual,Second Owner
690ac17d56d1bc0093028af1,Honda City i DTEC S,2014,520000,82000,Diesel,Individual,Manual,First Owner
690ac17d56d1bc0093028af2,Mahindra Scorpio 1.99 S4,2016,509999,60000,Diesel,Individual,Manual,First Owner
690ac17d56d1bc0093028af3,Maruti Baleno Alpha 1.2,2019,556000,24000,Petrol,Individual,Manual,First Owner
690ac17d56d1bc0093028af4,Tata Indigo Grand Dicor,2014,225000,120000,Diesel,Individual,Manual,First Owner
690ac17d56d1bc0093028af5,Honda Amaze EX i-Dtech,2013,325000,65000,Diesel,Dealer,Manual,First Owner
690ac17d56d1bc0093028af6,Maruti Swift VDI,2013,365000,65000,Diesel,Dealer,Manual,First Owner
690ac17d56d1bc0093028af7,Hyundai Creta 1.6 CRDi SX Plus,2015,850000,84000,Diesel,Dealer,Manual,First Owner
690ac17d56d1bc0093028af8,Toyota Etios GD SP,2013,350000,75000,Diesel,Dealer,Manual,First Owner
690ac17d56d1bc0093028af9,Maruti Swift VDI,2007,225000,50000,Diesel,Dealer,Manual,First Owner
690ac17d56d1bc0093028afa,Maruti Alto LX,2011,135000,50000,Petrol,Individual,Manual,First Owner
690ac17d56d1bc0093028afb,Maruti Wagon R LXI Minor,2007,140000,49000,Petrol,Dealer,Manual,First Owner
690ac17d56d1bc0093028afc,Maruti SX4 S Cross DDiS 320 Delta,2016,665000,560000,Diesel,Dealer,Manual,First Owner
690ac17d56d1bc0093028afd,Renault KWID RXT,2015,275000,14365,Petrol,Dealer,Manual,First Owner
690ac17d56d1bc0093028afe,Toyota Fortuner 2.8 4WD AT BSIV,2017,2750000,41000,Diesel,Individual,Automatic,First Owner
690ac17d56d1bc0093028aff,Hyundai Verna 1.6 SX,2013,484999,65000,Diesel,Dealer,Manual,First Owner
690ac17d56d1bc0093028b00,Maruti Ciaz VDi Option SHVS,2015,565000,65000,Diesel,Dealer,Manual,First Owner
690ac17d56d1bc0093028b01,Maruti Swift Dzire VDI,2013,425000,61083,Diesel,Dealer,Manual,First Owner
690ac17d56d1bc0093028b02,Toyota Innova 2.5 VX (Diesel) 8 Seater,2013,925000,75000,Diesel,Individual,Manual,First Owner
690ac17d56d1bc0093028b03,Mahindra Scorpio VLX 2WD AIRBAG SE BSIV,2012,565000,72000,Diesel,Dealer,Manual,First Owner
690ac17d56d1bc0093028b04,Renault Duster 110PS Diesel RxL,2014,525000,65000,Diesel,Dealer,Manual,First Owner
690ac17d56d1bc0093028b05,Hyundai Tucson 2.0 e-VGT 2WD MT,2017,1650000,55000,Diesel,Dealer,Manual,First Owner
690ac17d56d1bc0093028b06,Hyundai EON Era Plus,2015,295000,21000,Petrol,Dealer,Manual,Second Owner
690ac17d56d1bc0093028b07,Jaguar XF 5.0 Litre V8 Petrol,2012,2050000,66363,Petrol,Dealer,Automatic,Second Owner
690ac17d56d1bc0093028b08,Hyundai Creta 1.6 VTVT AT SX Plus,2018,1475000,11700,Petrol,Dealer,Automatic,First Owner
690ac17d56d1bc0093028b09,Hyundai Verna VTVT 1.6 AT SX Option,2017,1100000,10000,Petrol,Individual,Automatic,First Owner
690ac17d56d1bc0093028b0a,Mercedes-Benz GL-Class 350 CDI Blue Efficiency,2014,4400000,100000,Diesel,Individual,Automatic,Second Owner
690ac17d56d1bc0093028b0b,Maruti Swift ZXI BSIV,2016,670000,7104,Petrol,Trustmark Dealer,Manual,First Owner
690ac17d56d1bc0093028b0c,Maruti S-Cross Zeta DDiS 200 SH,2015,750000,45974,Diesel,Trustmark Dealer,Manual,First Owner
690ac17d56d1bc0093028b0d,Hyundai Verna 1.6 VTVT SX,2015,760000,55340,Petrol,Trustmark Dealer,Manual,First Owner
690ac17d56d1bc0093028b0e,Volkswagen Polo GTI,2017,850000,20000,Petrol,Dealer,Automatic,Second Owner
690ac17d56d1bc0093028b0f,Renault Pulse RxL,2015,390000,61585,Diesel,Trustmark Dealer,Manual,First Owner
690ac17d56d1bc0093028b10,Maruti Celerio VXI AMT BSIV,2016,450000,39415,Petrol,Trustmark Dealer,Automatic,Second Owner
690ac17d56d1bc0093028b11,Honda Brio V MT,2014,425000,29654,Petrol,Trustmark Dealer,Manual,First Owner
690ac17d56d1bc0093028b12,Maruti Baleno Alpha 1.3,2016,770000,64672,Diesel,Trustmark Dealer,Manual,First Owner
690ac17d56d1bc0093028b13,Hyundai Creta 1.6 SX Automatic Diesel,2015,1150000,54634,Diesel,Trustmark Dealer,Automatic,Second Owner
690ac17d56d1bc0093028b14,Honda City i VTEC V,2015,775000,66521,Petrol,Trustmark Dealer,Manual,First Owner
690ac17d56d1bc0093028b15,Toyota Innova Crysta 2.4 GX AT,2018,1725000,23974,Diesel,Dealer,Automatic,Second Owner
690ac17d56d1bc0093028b16,BMW 3 Series 320d Luxury Line,2016,2150000,43000,Diesel,Dealer,Automatic,First Owner
690ac17d56d1bc0093028b17,Renault Duster 85PS Diesel RxL,2013,450000,1000,Diesel,Dealer,Manual,Second Owner
690ac17d56d1bc0093028b18,Mercedes-Benz C-Class Progressive C 220d,2018,3800000,10000,Diesel,Dealer,Automatic,First Owner
690ac17d56d1bc0093028b19,Audi A4 3.0 TDI Quattro,2013,1580000,86000,Diesel,Dealer,Automatic,First Owner
690ac17d56d1bc0093028b1a,BMW X5 xDrive 30d xLine,2019,4950000,30000,Diesel,Dealer,Automatic,First Owner
690ac17d56d1bc0093028b1b,Hyundai Creta 1.6 CRDi SX,2016,535000,52600,Diesel,Individual,Manual,First Owner
690ac17d56d1bc0093028b1c,Maruti SX4 Vxi BSIV,2012,225000,110000,Petrol,Individual,Manual,Second Owner
690ac17d56d1bc0093028b1d,Hyundai Grand i10 1.2 Kappa Magna AT,2017,550000,19890,Petrol,Dealer,Automatic,First Owner
690ac17d56d1bc0093028b1e,Maruti Swift ZXI BSIV,2016,670000,7104,Petrol,Trustmark Dealer,Manual,First Owner
690ac17d56d1bc0093028b1f,Maruti Ertiga VXI,2015,625000,11918,Petrol,Trustmark Dealer,Manual,First Owner
690ac17d56d1bc0093028b20,Hyundai Grand i10 Magna AT,2017,520000,10510,Petrol,Dealer,Automatic,First Owner
690ac17d56d1bc0093028b21,Chevrolet Beat LT Option,2016,239000,41000,Petrol,Dealer,Manual,First Owner
690ac17d56d1bc0093028b22,Toyota Fortuner 4x2 AT,2017,2600000,47162,Diesel,Trustmark Dealer,Automatic,First Owner
690ac17d56d1bc0093028b23,Maruti S-Cross Zeta DDiS 200 SH,2015,750000,45974,Diesel,Trustmark Dealer,Manual,First Owner
690ac17d56d1bc0093028b24,Hyundai i10 Magna,2012,229999,49824,Petrol,Dealer,Manual,First Owner
690ac17d56d1bc0093028b25,Audi A6 2.0 TDI Premium Plus,2013,1300000,58500,Diesel,Dealer,Automatic,First Owner
690ac17d56d1bc0093028b26,Hyundai Santro GS,2005,80000,56580,Petrol,Dealer,Manual,First Owner
690ac17d56d1bc0093028b27,Skoda Laura Ambiente 2.0 TDI CR MT,2012,385000,52000,Diesel,Dealer,Manual,First Owner
690ac17d56d1bc0093028b28,Hyundai Verna 1.6 VTVT SX,2015,760000,55340,Petrol,Trustmark Dealer,Manual,First Owner
690ac17d56d1bc0093028b29,Maruti Swift Dzire VDI,2017,600000,46507,Diesel,Trustmark Dealer,Manual,First Owner
690ac17d56d1bc0093028b2a,Renault Duster 85PS Diesel RxL,2013,450000,1000,Diesel,Dealer,Manual,Second Owner
690ac17d56d1bc0093028b2b,Mercedes-Benz C-Class Progressive C 220d,2018,3800000,10000,Diesel,Dealer,Automatic,First Owner
690ac17d56d1bc0093028b2c,Audi A4 3.0 TDI Quattro,2013,1580000,86000,Diesel,Dealer,Automatic,First Owner
690ac17d56d1bc0093028b2d,BMW X5 xDrive 30d xLine,2019,4950000,30000,Diesel,Dealer,Automatic,First Owner
690ac17d56d1bc0093028b2e,Hyundai Creta 1.6 CRDi SX,2016,535000,52600,Diesel,Individual,Manual,First Owner
690ac17d56d1bc0093028b2f,Maruti SX4 Vxi BSIV,2012,225000,110000,Petrol,Individual,Manual,Second Owner
690ac17d56d1bc0093028b30,Hyundai Grand i10 1.2 Kappa Magna AT,2017,550000,19890,Petrol,Dealer,Automatic,First Owner
690ac17d56d1bc0093028b31,Maruti Swift ZXI BSIV,2016,670000,7104,Petrol,Trustmark Dealer,Manual,First Owner
690ac17d56d1bc0093028b32,Maruti Ertiga VXI,2015,625000,11918,Petrol,Trustmark Dealer,Manual,First Owner
690ac17d56d1bc0093028b33,Hyundai Grand i10 Magna AT,2017,520000,10510,Petrol,Dealer,Automatic,First Owner
690ac17d56d1bc0093028b34,Chevrolet Beat LT Option,2016,239000,41000,Petrol,Dealer,Manual,First Owner
690ac17d56d1bc0093028b35,Toyota Fortuner 4x2 AT,2017,2600000,47162,Diesel,Trustmark Dealer,Automatic,First Owner
690ac17d56d1bc0093028b36,Maruti S-Cross Zeta DDiS 200 SH,2015,750000,45974,Diesel,Trustmark Dealer,Manual,First Owner
690ac17d56d1bc0093028b37,Hyundai i10 Magna,2012,229999,49824,Petrol,Dealer,Manual,First Owner
690ac17d56d1bc0093028b38,Audi A6 2.0 TDI Premium Plus,2013,1300000,58500,Diesel,Dealer,Automatic,First Owner
690ac17d56d1bc0093028b39,Hyundai Santro GS,2005,80000,56580,Petrol,Dealer,Manual,First Owner
690ac17d56d1bc0093028b3a,Skoda Laura Ambiente 2.0 TDI CR MT,2012,385000,52000,Diesel,Dealer,Manual,First Owner
690ac17d56d1bc0093028b3b,Hyundai Verna 1.6 VTVT SX,2015,760000,55340,Petrol,Trustmark Dealer,Manual,First Owner
690ac17d56d1bc0093028b3c,Maruti Swift Dzire VDI,2017,600000,46507,Diesel,Trustmark Dealer,Manual,First Owner
690ac17d56d1bc0093028b3d,Renault Duster 85PS Diesel RxL,2013,450000,1000,Diesel,Dealer,Manual,Second Owner
690ac17d56d1bc0093028b3e,Mercedes-Benz C-Class Progressive C 220d,2018,3800000,10000,Diesel,Dealer,Automatic,First Owner
690ac17d56d1bc0093028b3f,Audi A4 3.0 TDI Quattro,2013,1580000,86000,Diesel,Dealer,Automatic,First Owner
690ac17d56d1bc0093028b40,BMW X5 xDrive 30d xLine,2019,4950000,30000,Diesel,Dealer,Automatic,First Owner
690ac17d56d1bc0093028b41,Hyundai Creta 1.6 CRDi SX,2016,535000,52600,Diesel,Individual,Manual,First Owner
690ac17d56d1bc0093028b42,Maruti SX4 Vxi BSIV,2012,225000,110000,Petrol,Individual,Manual,Second Owner
690ac17d56d1bc0093028b43,Hyundai Grand i10 1.2 Kappa Magna AT,2017,550000,19890,Petrol,Dealer,Automatic,First Owner
690ac17d56d1bc0093028b44,Maruti Swift ZXI BSIV,2016,670000,7104,Petrol,Trustmark Dealer,Manual,First Owner
690ac17d56d1bc0093028b45,Maruti Ertiga VXI,2015,625000,11918,Petrol,Trustmark Dealer,Manual,First Owner
690ac17d56d1bc0093028b46,Hyundai Grand i10 Magna AT,2017,520000,10510,Petrol,Dealer,Automatic,First Owner
690ac17d56d1bc0093028b47,Chevrolet Beat LT Option,2016,239000,41000,Petrol,Dealer,Manual,First Owner
690ac17d56d1bc0093028b48,Toyota Fortuner 4x2 AT,2017,2600000,47162,Diesel,Trustmark Dealer,Automatic,First Owner
690ac17d56d1bc0093028b49,Maruti S-Cross Zeta DDiS 200 SH,2015,750000,45974,Diesel,Trustmark Dealer,Manual,First Owner
690ac17d56d1bc0093028b4a,Hyundai i10 Magna,2012,229999,49824,Petrol,Dealer,Manual,First Owner
690ac17d56d1bc0093028b4b,Audi A6 2.0 TDI Premium Plus,2013,1300000,58500,Diesel,Dealer,Automatic,First Owner
690ac17d56d1bc0093028b4c,Hyundai Santro GS,2005,80000,56580,Petrol,Dealer,Manual,First Owner
690ac17d56d1bc0093028b4d,Skoda Laura Ambiente 2.0 TDI CR MT,2012,385000,52000,Diesel,Dealer,Manual,First Owner
690ac17d56d1bc0093028b4e,Hyundai Verna 1.6 VTVT SX,2015,760000,55340,Petrol,Trustmark Dealer,Manual,First Owner
690ac17d56d1bc0093028b4f,Maruti Swift Dzire VDI,2017,600000,46507,Diesel,Trustmark Dealer,Manual,First Owner
690ac17d56d1bc0093028b50,Renault Duster 85PS Diesel RxL,2013,450000,1000,Diesel,Dealer,Manual,Second Owner
690ac17d56d1bc0093028b51,Mercedes-Benz C-Class Progressive C 220d,2018,3800000,10000,Diesel,Dealer,Automatic,First Owner
690ac17d56d1bc0093028b52,Audi A4 3.0 TDI Quattro,2013,1580000,86000,Diesel,Dealer,Automatic,First Owner
690ac17d56d1bc0093028b53,BMW X5 xDrive 30d xLine,2019,4950000,30000,Diesel,Dealer,Automatic,First Owner
690ac17d56d1bc0093028b54,Hyundai Creta 1.6 CRDi SX,2016,535000,52600,Diesel,Individual,Manual,First Owner
690ac17d56d1bc0093028b55,Maruti SX4 Vxi BSIV,2012,225000,110000,Petrol,Individual,Manual,Second Owner
690ac17d56d1bc0093028b56,Hyundai Grand i10 1.2 Kappa Magna AT,2017,550000,19890,Petrol,Dealer,Automatic,First Owner
690ac17d56d1bc0093028b57,Maruti Swift ZXI BSIV,2016,670000,7104,Petrol,Trustmark Dealer,Manual,First Owner
690ac17d56d1bc0093028b58,Maruti Ertiga VXI,2015,625000,11918,Petrol,Trustmark Dealer,Manual,First Owner
690ac17d56d1bc0093028b59,Hyundai Grand i10 Magna AT,2017,520000,10510,Petrol,Dealer,Automatic,First Owner
690ac17d56d1bc0093028b5a,Chevrolet Beat LT Option,2016,239000,41000,Petrol,Dealer,Manual,First Owner
690ac17d56d1bc0093028b5b,Toyota Fortuner 4x2 AT,2017,2600000,47162,Diesel,Trustmark Dealer,Automatic,First Owner
690ac17d56d1bc0093028b5c,Maruti S-Cross Zeta DDiS 200 SH,2015,750000,45974,Diesel,Trustmark Dealer,Manual,First Owner
690ac17d56d1bc0093028b5d,Hyundai i10 Magna,2012,229999,49824,Petrol,Dealer,Manual,First Owner
690ac17d56d1bc0093028b5e,Audi A6 2.0 TDI Premium Plus,2013,1300000,58500,Diesel,Dealer,Automatic,First Owner
690ac17d56d1bc0093028b5f,Hyundai Santro GS,2005,80000,56580,Petrol,Dealer,Manual,First Owner
690ac17d56d1bc0093028b60,Skoda Laura Ambiente 2.0 TDI CR MT,2012,385000,52000,Diesel,Dealer,Manual,First Owner
690ac17d56d1bc0093028b61,Hyundai Verna 1.6 VTVT SX,2015,760000,55340,Petrol,Trustmark Dealer,Manual,First Owner
690ac17d56d1bc0093028b62,Maruti Swift Dzire VDI,2017,600000,46507,Diesel,Trustmark Dealer,Manual,First Owner
690ac17d56d1bc0093028b63,Hyundai i20 Sportz 1.2,2013,350000,50000,Petrol,Individual,Manual,Second Owner
690ac17d56d1bc0093028b64,Maruti Alto 800 LXI,2014,114999,30000,Petrol,Individual,Manual,First Owner
690ac17d56d1bc0093028b65,Hyundai i20 Sportz 1.2,2013,380000,50000,Petrol,Individual,Manual,Second Owner
690ac17d56d1bc0093028b66,Maruti Gypsy E MG410W ST,1995,95000,100000,Petrol,Individual,Manual,Second Owner
690ac17d56d1bc0093028b67,Mahindra Scorpio 1.99 S6 Plus,2016,900000,35000,Diesel,Individual,Manual,First Owner
690ac17d56d1bc0093028b68,Chevrolet Beat LT,2012,200999,90000,Petrol,Individual,Manual,Second Owner
690ac17d56d1bc0093028b69,Maruti Omni E MPI STD BS IV,2014,229999,11451,Petrol,Individual,Manual,First Owner
690ac17d56d1bc0093028b6a,Tata Nexon 1.5 Revotorq XZ,2019,800000,60000,Diesel,Individual,Manual,First Owner
690ac17d56d1bc0093028b6b,Mahindra Verito 1.5 D4 BSIV,2012,150000,172000,Diesel,Individual,Manual,Second Owner
690ac17d56d1bc0093028b6c,Maruti Swift VDI,2018,600000,60000,Diesel,Individual,Manual,First Owner
690ac17d56d1bc0093028b6d,Chevrolet Tavera LS B3 7 Seats BSII,2005,150000,150000,Diesel,Individual,Manual,First Owner
690ac17d56d1bc0093028b6e,Chevrolet Optra Magnum 2.0 LS,2009,150000,66000,Diesel,Individual,Manual,First Owner
690ac17d56d1bc0093028b6f,Maruti Eeco 5 Seater Standard BSIV,2019,380000,5000,Petrol,Individual,Manual,First Owner
690ac17d56d1bc0093028b70,Maruti Swift 1.3 VXi,2006,80000,66508,Petrol,Individual,Manual,Second Owner
690ac17d56d1bc0093028b71,Honda Civic 1.8 MT Sport,2007,225000,55000,Petrol,Individual,Manual,Second Owner
690ac17d56d1bc0093028b72,Tata Nano Lx BSIV,2012,75000,29900,Petrol,Individual,Manual,First Owner
690ac17d56d1bc0093028b73,Tata Hexa XT 4X4,2017,1600000,3000,Diesel,Individual,Manual,First Owner
690ac17d56d1bc0093028b74,Tata Indica Vista Quadrajet VX,2012,185000,85000,Diesel,Individual,Manual,First Owner
690ac17d56d1bc0093028b75,Mahindra Scorpio 2.6 CRDe SLE,2011,425000,50000,Diesel,Individual,Manual,First Owner
690ac17d56d1bc0093028b76,Tata Indica Vista Aqua 1.4 TDI,2010,100000,120000,Diesel,Individual,Manual,Second Owner
690ac17d56d1bc0093028b77,Maruti Zen Estilo LXI BSIII,2008,140000,90000,Petrol,Individual,Manual,Third Owner
690ac17d56d1bc0093028b78,Maruti Swift Dzire AMT ZXI Plus BS IV,2017,710000,8000,Petrol,Individual,Automatic,First Owner
690ac17d56d1bc0093028b79,Honda Amaze S AT i-Vtech,2015,450000,7900,Petrol,Individual,Automatic,First Owner
690ac17d56d1bc0093028b7a,Datsun RediGO T Option,2017,210000,50000,Petrol,Individual,Manual,First Owner
690ac17d56d1bc0093028b7b,Maruti Alto K10 VXI,2016,270000,25000,Petrol,Individual,Manual,First Owner
690ac17d56d1bc0093028b7c,Maruti Alto LXi,2009,110000,20000,Petrol,Individual,Manual,First Owner
690ac17d56d1bc0093028b7d,Maruti Swift VXI,2018,540000,17500,Petrol,Individual,Manual,First Owner
690ac17d56d1bc0093028b7e,Mahindra Renault Logan 1.4 GLX Petrol,2008,145000,25000,Petrol,Individual,Manual,First Owner
690ac17d56d1bc0093028b7f,Tata Safari Storme VX,2013,360000,206500,Diesel,Individual,Manual,First Owner
690ac17d56d1bc0093028b80,Hyundai i10 Magna LPG,2013,250000,88600,LPG,Individual,Manual,First Owner
690ac17d56d1bc0093028b81,Tata Venture EX,2012,110000,80000,Diesel,Individual,Manual,First Owner
690ac17d56d1bc0093028b82,Chevrolet Captiva LT,2008,250000,100000,Diesel,Individual,Manual,Fourth & Above Owner
690ac17d56d1bc0093028b83,Ford Fiesta Classic 1.4 Duratorq CLXI,2011,150000,186000,Diesel,Individual,Manual,Second Owner
690ac17d56d1bc0093028b84,Chevrolet Aveo U-VA 1.2 LS,2010,140000,60000,Petrol,Individual,Manual,First Owner
690ac17d56d1bc0093028b85,Maruti Ciaz Zeta BSIV,2019,925000,11000,Petrol,Individual,Manual,First Owner
690ac17d56d1bc0093028b86,Tata Hexa XM,2017,969999,30000,Diesel,Individual,Manual,First Owner
690ac17d56d1bc0093028b87,Hyundai Santro Xing GL PLUS CNG,2007,90000,80000,CNG,Individual,Manual,Third Owner
690ac17d56d1bc0093028b88,Hyundai Santro GLS I - Euro I,2001,55000,60000,Petrol,Individual,Manual,Third Owner
690ac17d56d1bc0093028b89,Hyundai Verna CRDi,2007,155000,100000,Diesel,Individual,Manual,Fourth & Above Owner
690ac17d56d1bc0093028b8a,Mahindra Thar CRDe ABS,2019,900000,15000,Diesel,Individual,Manual,First Owner
690ac17d56d1bc0093028b8b,Maruti Alto K10 2010-2014 VXI,2011,135000,90000,Petrol,Individual,Manual,First Owner
690ac17d56d1bc0093028b8c,Maruti 800 AC,2012,180000,120000,Petrol,Individual,Manual,First Owner
690ac17d56d1bc0093028b8d,Hyundai Verna 1.6 SX,2013,495000,100000,Diesel,Individual,Manual,Second Owner
690ac17d56d1bc0093028b8e,Toyota Innova 2.5 V Diesel 8-seater,2009,400000,138000,Diesel,Individual,Manual,Third Owner
690ac17d56d1bc0093028b8f,Hyundai Verna CRDi,2008,250000,110000,Diesel,Individual,Manual,Second Owner
690ac17d56d1bc0093028b90,Maruti Alto K10 LXI,2015,138000,120000,Petrol,Individual,Manual,Fourth & Above Owner
690ac17d56d1bc0093028b91,Honda City 1.5 V AT,2011,311000,70000,Petrol,Individual,Automatic,Second Owner
690ac17d56d1bc0093028b92,Maruti Alto 800 VXI,2015,190000,70000,Petrol,Individual,Manual,First Owner
690ac17d56d1bc0093028b93,Mahindra Bolero SLX,2011,311000,140000,Diesel,Individual,Manual,First Owner
690ac17d56d1bc0093028b94,Maruti Ritz LXI,2009,300000,15000,Petrol,Individual,Manual,First Owner
690ac17d56d1bc0093028b95,Honda Jazz VX,2018,600000,20000,Petrol,Individual,Manual,First Owner
690ac17d56d1bc0093028b96,Mahindra Scorpio SLE BSIII,2009,550000,100000,Diesel,Individual,Manual,First Owner
690ac17d56d1bc0093028b97,Skoda Rapid 1.6 MPI AT Elegance Plus,2015,600000,70000,Petrol,Individual,Automatic,First Owner
690ac17d56d1bc0093028b98,Maruti Alto 800 VXI,2018,195000,5000,Petrol,Individual,Manual,First Owner
690ac17d56d1bc0093028b99,Tata Nano LX,2013,58000,27974,Petrol,Individual,Manual,First Owner
690ac17d56d1bc0093028b9a,Maruti Alto 800 VXI,2018,183000,40000,Petrol,Individual,Manual,First Owner
690ac17d56d1bc0093028b9b,Maruti Zen Estilo 1.1 VXI BSIII,2007,95000,80000,Petrol,Individual,Manual,First Owner
690ac17d56d1bc0093028b9c,Maruti Wagon R LX Minor,2013,250000,38000,Petrol,Individual,Manual,First Owner
690ac17d56d1bc0093028b9d,Maruti Wagon R LX Minor,2013,250000,38000,Petrol,Individual,Manual,First Owner
690ac17d56d1bc0093028b9e,Tata Zest Revotron 1.2 XT,2014,400000,35000,Petrol,Individual,Manual,First Owner
690ac17d56d1bc0093028b9f,Hyundai Verna 1.6 SX CRDi (O),2012,409999,60000,Diesel,Individual,Manual,Second Owner
690ac17d56d1bc0093028ba0,Skoda Octavia Classic 1.9 TDI MT,2004,120000,120000,Diesel,Individual,Manual,Second Owner
690ac17d56d1bc0093028ba1,Maruti Swift AMT VXI,2018,600000,18000,Petrol,Individual,Automatic,First Owner
690ac17d56d1bc0093028ba2,Honda Amaze SX i-VTEC,2016,600000,10000,Petrol,Individual,Manual,First Owner
690ac17d56d1bc0093028ba3,Mahindra XUV500 W6 2WD,2015,825000,90000,Diesel,Individual,Manual,Third Owner
690ac17d56d1bc0093028ba4,Toyota Etios GD,2016,625000,80000,Diesel,Individual,Manual,Second Owner
690ac17d56d1bc0093028ba5,Hyundai Grand i10 Nios Magna CRDi,2020,700000,1400,Diesel,Individual,Manual,First Owner
690ac17d56d1bc0093028ba6,Chevrolet Beat LS,2011,160000,60000,Petrol,Individual,Manual,First Owner
690ac17d56d1bc0093028ba7,Maruti Alto LX,2011,114999,60000,Petrol,Individual,Manual,Third Owner
690ac17d56d1bc0093028ba8,Maruti Wagon R LXI Minor,2009,150000,53000,Petrol,Individual,Manual,First Owner
690ac17d56d1bc0093028ba9,Volkswagen Jetta 1.9 L TDI,2010,250000,100000,Diesel,Dealer,Manual,First Owner
690ac17d56d1bc0093028baa,Hyundai Verna 1.6 SX,2012,390000,86000,Diesel,Dealer,Manual,Second Owner
690ac17d56d1bc0093028bab,Renault Duster 85PS Diesel RxL,2015,650000,100000,Diesel,Individual,Manual,First Owner
690ac17d56d1bc0093028bac,Hyundai Xcent 1.1 CRDi SX Option,2016,600000,30000,Diesel,Individual,Manual,First Owner
690ac17d56d1bc0093028bad,Hyundai i20 1.2 Sportz,2011,250000,120000,Petrol,Individual,Manual,First Owner
690ac17d56d1bc0093028bae,Hyundai Santro Xing GL Plus LPG,2011,229999,60000,LPG,Individual,Manual,Second Owner
690ac17d56d1bc0093028baf,Maruti Ritz LDi,2016,299000,50000,Diesel,Individual,Manual,Second Owner
690ac17d56d1bc0093028bb0,Chevrolet Cruze LTZ,2010,330000,124000,Diesel,Individual,Manual,Second Owner
690ac17d56d1bc0093028bb1,Hyundai Accent Executive,2012,180000,100000,Petrol,Individual,Manual,Third Owner
690ac17d56d1bc0093028bb2,Hyundai Grand i10 1.2 Kappa Asta,2017,475000,42000,Petrol,Individual,Manual,First Owner
690ac17d56d1bc0093028bb3,Hyundai Grand i10 CRDi Sportz,2015,325000,100000,Diesel,Individual,Manual,First Owner
690ac17d56d1bc0093028bb4,Honda City i VTEC V,2016,639000,28205,Petrol,Dealer,Manual,First Owner
690ac17d56d1bc0093028bb5,Maruti Celerio VXI AT,2017,415000,32670,Petrol,Dealer,Automatic,First Owner
690ac17d56d1bc0093028bb6,Hyundai Creta 1.6 CRDi AT SX Plus,2016,1199000,30093,Diesel,Dealer,Automatic,First Owner
690ac17d56d1bc0093028bb7,Maruti Ertiga VXI CNG,2013,525000,56228,CNG,Dealer,Manual,First Owner
690ac17d56d1bc0093028bb8,Hyundai Verna 1.6 SX VTVT,2013,425000,59319,Petrol,Dealer,Manual,First Owner
690ac17d56d1bc0093028bb9,Maruti Vitara Brezza VDi,2016,699000,39503,Diesel,Dealer,Manual,First Owner
690ac17d56d1bc0093028bba,Hyundai Grand i10 1.2 Kappa Sportz Dual Tone,2013,325000,35299,Petrol,Dealer,Manual,First Owner
690ac17d56d1bc0093028bbb,Toyota Etios V,2011,275000,51687,Petrol,Dealer,Manual,First Owner
690ac17d56d1bc0093028bbc,Volkswagen Vento Petrol Highline AT,2011,269000,76259,Petrol,Dealer,Automatic,First Owner
690ac17d56d1bc0093028bbd,Volkswagen Polo Diesel Highline 1.2L,2013,399000,44049,Diesel,Dealer,Manual,First Owner
690ac17d56d1bc0093028bbe,Mahindra KUV 100 mFALCON D75 K8,2017,475000,45087,Diesel,Dealer,Manual,First Owner
690ac17d56d1bc0093028bbf,Toyota Etios V,2011,249000,41125,Petrol,Dealer,Manual,First Owner
690ac17d56d1bc0093028bc0,Audi A4 New  2.0 TDI Multitronic,2014,1549000,42215,Diesel,Dealer,Automatic,First Owner
690ac17d56d1bc0093028bc1,Volkswagen Polo Petrol Highline 1.2L,2011,254999,54206,Petrol,Dealer,Manual,First Owner
690ac17d56d1bc0093028bc2,Skoda Rapid 1.6 MPI Active,2012,269000,52547,Petrol,Dealer,Manual,First Owner
690ac17d56d1bc0093028bc3,Maruti Ertiga ZDI,2014,665000,59110,Diesel,Dealer,Manual,First Owner
690ac17d56d1bc0093028bc4,Maruti Wagon R Stingray LXI,2014,299000,54565,Petrol,Dealer,Manual,First Owner
690ac17d56d1bc0093028bc5,Hyundai i20 Asta,2010,265000,47564,Petrol,Dealer,Manual,Second Owner
690ac17d56d1bc0093028bc6,Volkswagen Polo Petrol Highline 1.2L,2010,211000,45143,Petrol,Dealer,Manual,Second Owner
690ac17d56d1bc0093028bc7,Skoda Superb 1.8 TSI,2013,599000,61624,Petrol,Dealer,Automatic,Second Owner
690ac17d56d1bc0093028bc8,Tata Indigo LS,2007,55000,195000,Diesel,Individual,Manual,Third Owner
690ac17d56d1bc0093028bc9,Hyundai Verna 1.6 SX CRDi (O),2014,550000,50000,Diesel,Individual,Manual,First Owner
690ac17d56d1bc0093028bca,Land Rover Discovery Sport TD4 HSE 7S,2018,4000000,68000,Diesel,Individual,Automatic,First Owner
690ac17d56d1bc0093028bcb,Tata Sumo GX TC 8 Str,2010,220000,120000,Diesel,Individual,Manual,Second Owner
690ac17d56d1bc0093028bcc,Maruti Swift VXI,2019,500000,20000,Petrol,Individual,Manual,First Owner
690ac17d56d1bc0093028bcd,Maruti Alto LXi,2010,140000,30000,Petrol,Individual,Manual,First Owner
690ac17d56d1bc0093028bce,Maruti Swift VDI,2013,325000,60000,Diesel,Individual,Manual,First Owner
690ac17d56d1bc0093028bcf,Hyundai i20 Magna,2010,210000,90000,Petrol,Individual,Manual,Third Owner
690ac17d56d1bc0093028bd0,Maruti Alto LXi,2008,110000,90000,Petrol,Individual,Manual,Second Owner
690ac17d56d1bc0093028bd1,Hyundai Verna CRDi 1.6 SX Option,2019,1200000,25000,Diesel,Individual,Manual,First Owner
690ac17d56d1bc0093028bd2,Maruti Alto 800 VXI,2017,229999,40000,Petrol,Individual,Manual,First Owner
690ac17d56d1bc0093028bd3,Maruti SX4 Vxi BSIV,2012,225000,110000,Petrol,Individual,Manual,Second Owner
690ac17d56d1bc0093028bd4,Maruti Alto 800 LXI,2006,165000,132000,Petrol,Individual,Manual,First Owner
690ac17d56d1bc0093028bd5,Tata Tiago XZA AMT,2018,525000,10980,Petrol,Dealer,Automatic,First Owner
690ac17d56d1bc0093028bd6,Hyundai EON Era Plus,2018,325000,20629,Petrol,Dealer,Manual,First Owner
690ac17d56d1bc0093028bd7,Toyota Innova Crysta 2.4 VX MT BSIV,2018,1500000,50000,Diesel,Individual,Manual,First Owner
690ac17d56d1bc0093028bd8,Hyundai Grand i10 AT Asta,2015,400000,30000,Petrol,Individual,Automatic,First Owner
690ac17d56d1bc0093028bd9,Maruti Ciaz VXi,2015,550000,69782,Petrol,Dealer,Manual,First Owner
690ac17d56d1bc0093028bda,Maruti 800 Std,2003,98000,54000,Petrol,Individual,Manual,First Owner
690ac17d56d1bc0093028bdb,Mahindra XUV500 W8 4WD,2013,900000,63654,Diesel,Dealer,Manual,First Owner
690ac17d56d1bc0093028bdc,Renault Lodgy 85PS RxL,2017,700000,60000,Diesel,Individual,Manual,First Owner
690ac17d56d1bc0093028bdd,Mahindra Scorpio S6 Plus 7 Seater,2015,890000,52000,Diesel,Dealer,Manual,First Owner
690ac17d56d1bc0093028bde,Maruti Swift LDI BSIV,2015,490000,59385,Diesel,Dealer,Manual,First Owner
690ac17d56d1bc0093028bdf,Hyundai i20 2015-2017 Magna 1.2,2015,525000,70378,Petrol,Dealer,Manual,First Owner
690ac17d56d1bc0093028be0,Maruti Wagon R LXI BS IV,2013,330000,55425,Petrol,Dealer,Manual,First Owner
690ac17d56d1bc0093028be1,Mahindra Bolero 2011-2019 SLX 2WD BSIII,2013,550000,78413,Diesel,Dealer,Manual,Second Owner
690ac17d56d1bc0093028be2,Mahindra Bolero Power Plus SLX,2018,790000,40890,Diesel,Dealer,Manual,First Owner
690ac17d56d1bc0093028be3,Honda Brio S MT,2015,350000,34823,Petrol,Dealer,Manual,Second Owner
690ac17d56d1bc0093028be4,Toyota Innova Crysta 2.8 ZX AT BSIV,2017,1700000,75000,Diesel,Individual,Automatic,First Owner
690ac17d56d1bc0093028be5,Maruti Ciaz VDI SHVS,2017,750000,55545,Diesel,Dealer,Manual,First Owner
690ac17d56d1bc0093028be6,Honda Amaze EX i-Dtech,2014,409999,56541,Diesel,Dealer,Manual,First Owner
690ac17d56d1bc0093028be7,Hyundai EON Magna Plus,2016,220000,43700,Petrol,Individual,Manual,First Owner
690ac17d56d1bc0093028be8,Tata Indica GLS BS IV,2009,68000,120000,Petrol,Individual,Manual,Second Owner
690ac17d56d1bc0093028be9,Hyundai EON Era Plus,2017,290000,20000,Petrol,Individual,Manual,First Owner
690ac17d56d1bc0093028bea,Honda City i DTec SV,2014,600000,27483,Diesel,Dealer,Manual,First Owner
690ac17d56d1bc0093028beb,Maruti Swift LXI,2019,470000,8000,Petrol,Individual,Manual,First Owner
690ac17d56d1bc0093028bec,Hyundai i10 Sportz 1.2,2008,150000,30000,Petrol,Individual,Manual,First Owner
690ac17d56d1bc0093028bed,Maruti Alto 800 LXI,2014,180000,56207,Petrol,Dealer,Manual,Second Owner
690ac17d56d1bc0093028bee,Maruti Zen LXI,2006,80000,70000,Petrol,Individual,Manual,First Owner
690ac17d56d1bc0093028bef,Honda WR-V i-VTEC VX,2018,875000,1440,Petrol,Individual,Manual,First Owner
690ac17d56d1bc0093028bf0,Maruti Alto 800 LXI,2019,300000,50000,Petrol,Individual,Manual,First Owner
690ac17d56d1bc0093028bf1,Toyota Fortuner 2.8 2WD AT BSIV,2017,2800000,20000,Diesel,Individual,Automatic,First Owner
690ac17d56d1bc0093028bf2,Toyota Innova Crysta 2.4 ZX MT,2017,1330000,91195,Diesel,Dealer,Manual,First Owner
690ac17d56d1bc0093028bf3,Volkswagen Polo 1.5 TDI Trendline,2011,220000,63657,Diesel,Dealer,Manual,First Owner
690ac17d56d1bc0093028bf4,Mahindra Verito Vibe 1.5 dCi D4,2013,250000,60000,Diesel,Individual,Manual,First Owner
690ac17d56d1bc0093028bf5,Toyota Innova 2.5 G (Diesel) 7 Seater,2016,919999,75000,Diesel,Dealer,Manual,First Owner
690ac17d56d1bc0093028bf6,Volkswagen Vento Magnific 1.6 Highline,2013,380000,97248,Petrol,Dealer,Manual,First Owner
690ac17d56d1bc0093028bf7,Maruti Swift VDI,2012,450000,46000,Diesel,Individual,Manual,First Owner
690ac17d56d1bc0093028bf8,Hyundai Verna 1.6 VTVT AT S Option,2016,770000,10000,Petrol,Individual,Automatic,First Owner
690ac17d56d1bc0093028bf9,Maruti Swift Dzire LDI,2018,550000,80000,Diesel,Individual,Manual,First Owner
690ac17d56d1bc0093028bfa,Tata New Safari DICOR 2.2 GX 4x2,2011,320000,100000,Diesel,Individual,Manual,Second Owner
690ac17d56d1bc0093028bfb,Maruti SX4 Vxi BSIV,2013,400000,35000,Petrol,Individual,Manual,First Owner
690ac17d56d1bc0093028bfc,Maruti Celerio VXI AT,2017,450000,50000,Petrol,Individual,Automatic,First Owner
690ac17d56d1bc0093028bfd,Maruti SX4 ZDI,2011,220000,90000,Diesel,Individual,Manual,Third Owner
690ac17d56d1bc0093028bfe,Mahindra XUV500 W8 2WD,2012,400000,150000,Diesel,Individual,Manual,Second Owner
690ac17d56d1bc0093028bff,Hyundai Verna 1.6 SX VTVT (O),2013,530000,89000,Petrol,Individual,Manual,Second Owner
690ac17d56d1bc0093028c00,Maruti Swift Dzire VDI,2014,390000,60000,Diesel,Individual,Manual,Second Owner
690ac17d56d1bc0093028c01,Fiat Grande Punto 1.3 Dynamic (Diesel),2012,185000,100000,Diesel,Individual,Manual,Second Owner
690ac17d56d1bc0093028c02,Maruti SX4 Vxi BSIV,2012,300000,100000,Petrol,Individual,Manual,Second Owner
690ac17d56d1bc0093028c03,Maruti Swift VDI BSIV,2014,575000,90000,Diesel,Individual,Manual,Second Owner
690ac17d56d1bc0093028c04,Maruti Wagon R Stingray VXI,2014,300000,75000,Petrol,Individual,Manual,First Owner
690ac17d56d1bc0093028c05,Toyota Etios Liva 1.4 VD,2017,425000,36000,Diesel,Dealer,Manual,First Owner
690ac17d56d1bc0093028c06,Hyundai Xcent 1.2 Kappa SX,2016,350000,12000,Petrol,Individual,Manual,First Owner
690ac17d56d1bc0093028c07,Honda Amaze VX O iDTEC,2017,550000,12997,Diesel,Dealer,Manual,First Owner
690ac17d56d1bc0093028c08,Maruti Ciaz 1.4 AT Zeta,2017,500000,40000,Petrol,Individual,Automatic,First Owner
690ac17d56d1bc0093028c09,Mahindra Scorpio S4 4WD,2015,600000,60000,Diesel,Individual,Manual,First Owner
690ac17d56d1bc0093028c0a,Mahindra Quanto C8,2013,300000,25000,Diesel,Individual,Manual,Second Owner
690ac17d56d1bc0093028c0b,Hyundai Verna CRDi 1.6 SX Option,2018,1150000,26430,Diesel,Dealer,Manual,First Owner
690ac17d56d1bc0093028c0c,Maruti Swift 1.3 VXI ABS,2015,475000,24600,Petrol,Dealer,Manual,First Owner
690ac17d56d1bc0093028c0d,Maruti Wagon R LXI,2011,260000,28481,Petrol,Dealer,Manual,First Owner
690ac17d56d1bc0093028c0e,Ford Ecosport 1.0 Ecoboost Titanium Optional,2013,350000,100000,Petrol,Individual,Manual,First Owner
690ac17d56d1bc0093028c0f,Mahindra XUV500 W8 2WD,2013,750000,41988,Diesel,Dealer,Manual,First Owner
690ac17d56d1bc0093028c10,Maruti Wagon R LXI,2009,180000,30375,Petrol,Dealer,Manual,First Owner
690ac17d56d1bc0093028c11,Renault KWID Climber 1.0 AMT BSIV,2017,350000,7658,Petrol,Dealer,Automatic,First Owner
690ac17d56d1bc0093028c12,Maruti Swift Dzire VDI,2017,611000,34400,Diesel,Dealer,Manual,First Owner
690ac17d56d1bc0093028c13,Renault KWID RXL BSIV,2017,325000,18500,Petrol,Dealer,Manual,First Owner
690ac17d56d1bc0093028c14,Hyundai EON 1.0 Era Plus,2012,225000,48000,Petrol,Dealer,Manual,First Owner
690ac17d56d1bc0093028c15,Maruti Wagon R AMT VXI,2014,300000,28942,Petrol,Dealer,Automatic,First Owner
690ac17d56d1bc0093028c16,Mahindra Bolero Power Plus SLX,2017,400000,50000,Diesel,Individual,Manual,Second Owner
690ac17d56d1bc0093028c17,Mahindra XUV500 W8 2WD,2012,711000,53600,Diesel,Dealer,Manual,First Owner
690ac17d56d1bc0093028c18,Toyota Innova 2.5 G (Diesel) 8 Seater,2015,851000,53652,Diesel,Dealer,Manual,First Owner
690ac17d56d1bc0093028c19,Maruti Ertiga VXI,2014,500000,25000,Petrol,Individual,Manual,First Owner
690ac17d56d1bc0093028c1a,Toyota Innova 2.5 G4 Diesel 8-seater,2007,250000,80000,Diesel,Individual,Manual,Second Owner
690ac17d56d1bc0093028c1b,Maruti Alto 800 VXI,2017,150000,50000,Petrol,Individual,Manual,First Owner
690ac17d56d1bc0093028c1c,Mahindra Scorpio 1.99 S10,2016,610000,15000,Diesel,Individual,Manual,Second Owner
690ac17d56d1bc0093028c1d,Mahindra KUV 100 G80 K2,2018,450000,5000,Petrol,Individual,Manual,First Owner
690ac17d56d1bc0093028c1e,Hyundai i20 1.4 Asta Option,2017,744000,106000,Diesel,Individual,Manual,First Owner
690ac17d56d1bc0093028c1f,Chevrolet Spark 1.0,2008,120000,100000,Petrol,Individual,Manual,Third Owner
690ac17d56d1bc0093028c20,Renault KWID RXL,2016,220000,60000,Petrol,Individual,Manual,Third Owner
690ac17d56d1bc0093028c21,Maruti Ertiga ZDI,2012,480000,120000,Diesel,Individual,Manual,Fourth & Above Owner
690ac17d56d1bc0093028c22,Maruti Celerio ZXI Optional AMT BSIV,2017,370000,82000,Petrol,Individual,Automatic,First Owner
690ac17d56d1bc0093028c23,Fiat Palio D 1.9 EL PS,2003,55000,35000,Diesel,Individual,Manual,Second Owner
690ac17d56d1bc0093028c24,Hyundai EON Magna Plus,2013,125000,205000,Petrol,Individual,Manual,First Owner
690ac17d56d1bc0093028c25,Hyundai Verna 1.6 CRDI,2011,260000,125000,Diesel,Individual,Manual,Third Owner
690ac17d56d1bc0093028c26,Fiat Linea Classic 1.3 Multijet,2015,350000,130000,Diesel,Individual,Manual,First Owner
690ac17d56d1bc0093028c27,Maruti Alto 800 CNG LXI,2012,170000,97000,CNG,Individual,Manual,Second Owner
690ac17d56d1bc0093028c28,Hyundai Grand i10 Sportz,2015,350000,90000,Petrol,Individual,Manual,Second Owner
690ac17d56d1bc0093028c29,Maruti Swift Dzire VXi,2009,250000,60000,Petrol,Individual,Manual,Third Owner
690ac17d56d1bc0093028c2a,Tata Indigo CR4,2013,170000,60000,Diesel,Individual,Manual,First Owner
690ac17d56d1bc0093028c2b,Mahindra Scorpio S11 BSIV,2018,1300000,35000,Diesel,Individual,Manual,First Owner
690ac17d56d1bc0093028c2c,Hyundai Grand i10 1.2 Kappa Sportz BSIV,2019,550000,25000,Petrol,Individual,Manual,First Owner
690ac17d56d1bc0093028c2d,Honda Brio 1.2 S MT,2017,400000,15000,Petrol,Individual,Manual,First Owner
690ac17d56d1bc0093028c2e,Tata Nano Lx,2011,120000,20000,Petrol,Individual,Manual,First Owner
690ac17d56d1bc0093028c2f,Tata Nano Lx,2011,120000,20000,Petrol,Individual,Manual,First Owner
690ac17d56d1bc0093028c30,Ford Figo Petrol Titanium,2010,275000,70000,Petrol,Individual,Manual,First Owner
690ac17d56d1bc0093028c31,Tata Zest Revotron 1.2T XE,2016,285000,90000,Petrol,Individual,Manual,First Owner
690ac17d56d1bc0093028c32,Hyundai Creta 1.4 CRDi Base,2016,900000,80000,Diesel,Individual,Manual,First Owner
690ac17d56d1bc0093028c33,Mercedes-Benz M-Class ML 350 CDI,2014,2500000,79500,Diesel,Individual,Automatic,Second Owner
690ac17d56d1bc0093028c34,Hyundai Verna 1.6 SX CRDi (O),2013,620000,70000,Diesel,Individual,Manual,Second Owner
690ac17d56d1bc0093028c35,Toyota Innova Crysta 2.4 GX MT 8S BSIV,2018,1700000,5000,Diesel,Individual,Manual,First Owner
690ac17d56d1bc0093028c36,Ford Figo Aspire 1.2 Ti-VCT Titanium Plus,2018,650000,15000,Petrol,Individual,Manual,First Owner
690ac17d56d1bc0093028c37,Maruti Ertiga VXI,2014,500000,35000,Petrol,Individual,Manual,First Owner
690ac17d56d1bc0093028c38,Tata New Safari DICOR 2.2 EX 4x4,2009,250000,120000,Diesel,Individual,Manual,Second Owner
690ac17d56d1bc0093028c39,Mahindra Marazzo M4,2018,950000,15000,Diesel,Individual,Manual,Second Owner
690ac17d56d1bc0093028c3a,Toyota Etios Cross 1.2L G,2015,320000,60000,Petrol,Individual,Manual,First Owner
690ac17d56d1bc0093028c3b,Renault Duster 110PS Diesel RxZ,2013,450000,120000,Diesel,Individual,Manual,First Owner
690ac17d56d1bc0093028c3c,Mahindra KUV 100 mFALCON D75 K8 AW,2016,350000,90000,Diesel,Individual,Manual,First Owner
690ac17d56d1bc0093028c3d,Maruti Swift Dzire VXI,2015,400000,90000,Petrol,Individual,Manual,First Owner
690ac17d56d1bc0093028c3e,Maruti Omni MPI STD BSIV,2018,200000,10000,Petrol,Individual,Manual,First Owner
690ac17d56d1bc0093028c3f,Hyundai i20 Asta 1.4 CRDi (Diesel),2009,250000,72000,Diesel,Individual,Manual,Second Owner
690ac17d56d1bc0093028c40,Toyota Innova 2.0 GX 8 STR BSIV,2011,550000,197000,Petrol,Individual,Manual,Second Owner
690ac17d56d1bc0093028c41,Maruti Zen LXI,1999,85000,70000,Petrol,Individual,Manual,Second Owner
690ac17d56d1bc0093028c42,Hyundai Santro LP zipPlus,2001,52000,50000,Petrol,Individual,Manual,Third Owner
690ac17d56d1bc0093028c43,Tata Hexa XTA,2017,1200000,50000,Diesel,Individual,Automatic,First Owner
690ac17d56d1bc0093028c44,Hyundai Verna 1.6 SX VTVT AT,2011,450000,60000,Petrol,Individual,Automatic,Third Owner
690ac17d56d1bc0093028c45,Maruti Swift Dzire VXI 1.2 BS IV,2018,615000,40000,Petrol,Individual,Manual,First Owner
690ac17d56d1bc0093028c46,Maruti SX4 ZDI Leather,2012,400000,60000,Diesel,Individual,Manual,Second Owner
690ac17d56d1bc0093028c47,Tata Nano LX,2013,60000,40000,Petrol,Individual,Manual,First Owner
690ac17d56d1bc0093028c48,Maruti Ignis 1.2 Alpha BSIV,2017,500000,9161,Petrol,Individual,Manual,First Owner
690ac17d56d1bc0093028c49,Honda Mobilio V i VTEC,2015,600000,45000,Petrol,Individual,Manual,First Owner
690ac17d56d1bc0093028c4a,Hyundai Getz 1.3 GVS,2010,110000,110000,Petrol,Individual,Manual,First Owner
690ac17d56d1bc0093028c4b,Hyundai Santro Xing GL Plus,2013,175000,80000,Petrol,Individual,Manual,First Owner
690ac17d56d1bc0093028c4c,Ford Fiesta Titanium 1.5 TDCi,2011,325000,100000,Diesel,Individual,Manual,Second Owner
690ac17d56d1bc0093028c4d,Maruti Swift Dzire LDI,2017,425000,90000,Diesel,Individual,Manual,First Owner
690ac17d56d1bc0093028c4e,Hyundai Accent GLE CNG,2009,160000,70000,CNG,Individual,Manual,Third Owner
690ac17d56d1bc0093028c4f,Maruti Zen Estilo LXI BSIII,2007,100000,80000,Petrol,Individual,Manual,Third Owner
690ac17d56d1bc0093028c50,Maruti Swift Dzire LDI,2014,390000,110000,Diesel,Individual,Manual,Second Owner
690ac17d56d1bc0093028c51,Hyundai i20 1.2 Spotz,2017,400000,50000,Petrol,Individual,Manual,First Owner
690ac17d56d1bc0093028c52,Tata Tigor 1.2 Revotron XM,2018,509999,5000,Petrol,Individual,Manual,First Owner
690ac17d56d1bc0093028c53,Hyundai i10 Magna 1.1,2008,150000,90000,Petrol,Individual,Manual,Third Owner
690ac17d56d1bc0093028c54,Hyundai Santro Xing GLS,2009,110000,120000,Petrol,Individual,Manual,First Owner
690ac17d56d1bc0093028c55,Nissan Sunny Diesel XV,2013,450000,80000,Diesel,Individual,Manual,First Owner
690ac17d56d1bc0093028c56,Hyundai i20 1.2 Spotz,2017,400000,38000,Petrol,Individual,Manual,Second Owner
690ac17d56d1bc0093028c57,Hyundai Santro Xing GLS,2009,140000,120000,Petrol,Individual,Manual,First Owner
690ac17d56d1bc0093028c58,Tata Indigo CR4,2011,130000,90000,Diesel,Individual,Manual,First Owner
690ac17d56d1bc0093028c59,Maruti Alto 800 LXI,2017,160000,50000,Petrol,Individual,Manual,First Owner
690ac17d56d1bc0093028c5a,Maruti Alto 800 LXI,2016,150000,60000,Petrol,Individual,Manual,First Owner
690ac17d56d1bc0093028c5b,Mahindra XUV500 W8 2WD,2013,500000,100000,Diesel,Individual,Manual,Second Owner
690ac17d56d1bc0093028c5c,Tata Nano Std,2011,40000,19000,Petrol,Individual,Manual,First Owner
690ac17d56d1bc0093028c5d,Chevrolet Tavera LT L1 7 Seats BSIII,2006,140000,200000,Diesel,Individual,Manual,Third Owner
690ac17d56d1bc0093028c5e,Mahindra Verito 1.5 D2 BSIV,2015,227000,70000,Diesel,Individual,Manual,Second Owner
690ac17d56d1bc0093028c5f,Maruti Swift VDI,2011,285000,50000,Diesel,Individual,Manual,Second Owner
690ac17d56d1bc0093028c60,Maruti Alto LX,2012,155000,19077,Petrol,Individual,Manual,Second Owner
690ac17d56d1bc0093028c61,Hyundai EON D Lite,2016,210000,30000,Petrol,Individual,Manual,First Owner
690ac17d56d1bc0093028c62,Maruti Alto LXi,2009,140000,80000,Petrol,Individual,Manual,Second Owner
690ac17d56d1bc0093028c63,Toyota Innova 2.5 GX (Diesel) 7 Seater,2015,940000,128000,Diesel,Individual,Manual,First Owner
690ac17d56d1bc0093028c64,Nissan Terrano XV Premium 110 PS,2013,750000,80000,Diesel,Individual,Manual,First Owner
690ac17d56d1bc0093028c65,Maruti Baleno Alpha 1.3,2016,610000,100000,Diesel,Individual,Manual,First Owner
690ac17d56d1bc0093028c66,Nissan Sunny XV D Premium Leather,2015,450000,50000,Diesel,Individual,Manual,First Owner
690ac17d56d1bc0093028c67,Toyota Etios Liva GD,2012,409999,56000,Diesel,Individual,Manual,First Owner
690ac17d56d1bc0093028c68,Hyundai EON 1.0 Era Plus,2018,100000,21302,Petrol,Individual,Manual,First Owner
690ac17d56d1bc0093028c69,Renault KWID 1.0 RXT Optional,2018,300000,10500,Petrol,Individual,Manual,First Owner
690ac17d56d1bc0093028c6a,Mahindra Bolero 2011-2019 SLX,2013,400000,107000,Diesel,Individual,Manual,First Owner
690ac17d56d1bc0093028c6b,Hyundai i10 Sportz 1.2,2010,210000,60000,Petrol,Individual,Manual,Second Owner
690ac17d56d1bc0093028c6c,Hyundai Santro Xing XG eRLX Euro III,2006,90000,120000,Petrol,Individual,Manual,Second Owner
690ac17d56d1bc0093028c6d,Maruti Wagon R LXI BS IV,2010,222000,70000,Petrol,Individual,Manual,First Owner
690ac17d56d1bc0093028c6e,Maruti Alto 800 LXI,2015,240000,50000,Petrol,Individual,Manual,Second Owner
690ac17d56d1bc0093028c6f,Toyota Etios Liva GD,2013,450000,70000,Diesel,Individual,Manual,Second Owner
690ac17d56d1bc0093028c70,Renault Duster 85PS Diesel RxL,2013,450000,1000,Diesel,Dealer,Manual,Second Owner
690ac17d56d1bc0093028c71,Mercedes-Benz C-Class Progressive C 220d,2018,3800000,10000,Diesel,Dealer,Automatic,First Owner
690ac17d56d1bc0093028c72,Audi A4 3.0 TDI Quattro,2013,1580000,86000,Diesel,Dealer,Automatic,First Owner
690ac17d56d1bc0093028c73,BMW X5 xDrive 30d xLine,2019,4950000,30000,Diesel,Dealer,Automatic,First Owner
690ac17d56d1bc0093028c74,Hyundai Creta 1.6 CRDi SX,2016,535000,52600,Diesel,Individual,Manual,First Owner
690ac17d56d1bc0093028c75,Maruti SX4 Vxi BSIV,2012,225000,110000,Petrol,Individual,Manual,Second Owner
690ac17d56d1bc0093028c76,Hyundai Grand i10 1.2 Kappa Magna AT,2017,550000,19890,Petrol,Dealer,Automatic,First Owner
690ac17d56d1bc0093028c77,Maruti Swift ZXI BSIV,2016,670000,7104,Petrol,Trustmark Dealer,Manual,First Owner
690ac17d56d1bc0093028c78,Maruti Ertiga VXI,2015,625000,11918,Petrol,Trustmark Dealer,Manual,First Owner
690ac17d56d1bc0093028c79,Hyundai Grand i10 Magna AT,2017,520000,10510,Petrol,Dealer,Automatic,First Owner
690ac17d56d1bc0093028c7a,Chevrolet Beat LT Option,2016,239000,41000,Petrol,Dealer,Manual,First Owner
690ac17d56d1bc0093028c7b,Toyota Fortuner 4x2 AT,2017,2600000,47162,Diesel,Trustmark Dealer,Automatic,First Owner
690ac17d56d1bc0093028c7c,Maruti S-Cross Zeta DDiS 200 SH,2015,750000,45974,Diesel,Trustmark Dealer,Manual,First Owner
690ac17d56d1bc0093028c7d,Hyundai i10 Magna,2012,229999,49824,Petrol,Dealer,Manual,First Owner
690ac17d56d1bc0093028c7e,Audi A6 2.0 TDI Premium Plus,2013,1300000,58500,Diesel,Dealer,Automatic,First Owner
690ac17d56d1bc0093028c7f,Hyundai Santro GS,2005,80000,56580,Petrol,Dealer,Manual,First Owner
690ac17d56d1bc0093028c80,Skoda Laura Ambiente 2.0 TDI CR MT,2012,385000,52000,Diesel,Dealer,Manual,First Owner
690ac17d56d1bc0093028c81,Hyundai Verna 1.6 VTVT SX,2015,760000,55340,Petrol,Trustmark Dealer,Manual,First Owner
690ac17d56d1bc0093028c82,Maruti Swift Dzire VDI,2017,600000,46507,Diesel,Trustmark Dealer,Manual,First Owner
690ac17d56d1bc0093028c83,Renault Duster 85PS Diesel RxL,2013,450000,1000,Diesel,Dealer,Manual,Second Owner
690ac17d56d1bc0093028c84,Mercedes-Benz C-Class Progressive C 220d,2018,3800000,10000,Diesel,Dealer,Automatic,First Owner
690ac17d56d1bc0093028c85,Audi A4 3.0 TDI Quattro,2013,1580000,86000,Diesel,Dealer,Automatic,First Owner
690ac17d56d1bc0093028c86,BMW X5 xDrive 30d xLine,2019,4950000,30000,Diesel,Dealer,Automatic,First Owner
690ac17d56d1bc0093028c87,Hyundai Creta 1.6 CRDi SX,2016,535000,52600,Diesel,Individual,Manual,First Owner
690ac17d56d1bc0093028c88,Maruti SX4 Vxi BSIV,2012,225000,110000,Petrol,Individual,Manual,Second Owner
690ac17d56d1bc0093028c89,Hyundai Grand i10 1.2 Kappa Magna AT,2017,550000,19890,Petrol,Dealer,Automatic,First Owner
690ac17d56d1bc0093028c8a,Maruti Swift ZXI BSIV,2016,670000,7104,Petrol,Trustmark Dealer,Manual,First Owner
690ac17d56d1bc0093028c8b,Maruti Ertiga VXI,2015,625000,11918,Petrol,Trustmark Dealer,Manual,First Owner
690ac17d56d1bc0093028c8c,Hyundai Grand i10 Magna AT,2017,520000,10510,Petrol,Dealer,Automatic,First Owner
690ac17d56d1bc0093028c8d,Chevrolet Beat LT Option,2016,239000,41000,Petrol,Dealer,Manual,First Owner
690ac17d56d1bc0093028c8e,Toyota Fortuner 4x2 AT,2017,2600000,47162,Diesel,Trustmark Dealer,Automatic,First Owner
690ac17d56d1bc0093028c8f,Maruti S-Cross Zeta DDiS 200 SH,2015,750000,45974,Diesel,Trustmark Dealer,Manual,First Owner
690ac17d56d1bc0093028c90,Hyundai i10 Magna,2012,229999,49824,Petrol,Dealer,Manual,First Owner
690ac17d56d1bc0093028c91,Audi A6 2.0 TDI Premium Plus,2013,1300000,58500,Diesel,Dealer,Automatic,First Owner
690ac17d56d1bc0093028c92,Hyundai Santro GS,2005,80000,56580,Petrol,Dealer,Manual,First Owner
690ac17d56d1bc0093028c93,Skoda Laura Ambiente 2.0 TDI CR MT,2012,385000,52000,Diesel,Dealer,Manual,First Owner
690ac17d56d1bc0093028c94,Hyundai Verna 1.6 VTVT SX,2015,760000,55340,Petrol,Trustmark Dealer,Manual,First Owner
690ac17d56d1bc0093028c95,Maruti Swift Dzire VDI,2017,600000,46507,Diesel,Trustmark Dealer,Manual,First Owner
690ac17d56d1bc0093028c96,Volkswagen Jetta 2.0L TDI Highline AT,2012,735000,55300,Diesel,Dealer,Automatic,First Owner
690ac17d56d1bc0093028c97,Tata Indica Vista Quadrajet 90 VX,2012,285000,74300,Diesel,Dealer,Manual,First Owner
690ac17d56d1bc0093028c98,Honda City VX MT,2010,350000,48781,Petrol,Dealer,Manual,First Owner
690ac17d56d1bc0093028c99,Volkswagen Jetta 1.9 Highline TDI,2010,290000,87620,Diesel,Dealer,Automatic,First Owner
690ac17d56d1bc0093028c9a,Volkswagen Vento 1.5 TDI Highline Plus AT,2017,890000,40219,Diesel,Dealer,Automatic,First Owner
690ac17d56d1bc0093028c9b,Honda Jazz VX,2011,385000,11473,Petrol,Dealer,Manual,First Owner
690ac17d56d1bc0093028c9c,Maruti Eeco 5 Seater AC BSIV,2017,425000,8352,Petrol,Dealer,Manual,First Owner
690ac17d56d1bc0093028c9d,Maruti Wagon R VXI AMT1.2BSIV,2017,525000,9745,Petrol,Dealer,Automatic,First Owner
690ac17d56d1bc0093028c9e,Hyundai Grand i10 Asta,2017,550000,9748,Petrol,Dealer,Manual,First Owner
690ac17d56d1bc0093028c9f,Volkswagen Polo 1.0 MPI Trendline,2012,271000,49000,Petrol,Dealer,Manual,First Owner
690ac17d56d1bc0093028ca0,Hyundai Creta 1.6 CRDi SX Option,2018,1490000,20694,Diesel,Dealer,Manual,First Owner
690ac17d56d1bc0093028ca1,Hyundai Grand i10 Asta Option,2015,490000,31080,Petrol,Dealer,Manual,First Owner
690ac17d56d1bc0093028ca2,Hyundai EON Era Plus,2014,260000,37605,Petrol,Dealer,Manual,First Owner
690ac17d56d1bc0093028ca3,Hyundai Xcent 1.1 CRDi SX Option,2014,455000,55850,Diesel,Dealer,Manual,First Owner
690ac17d56d1bc0093028ca4,Tata Nano Lx BSIV,2010,75000,58850,Petrol,Dealer,Manual,First Owner
690ac17d56d1bc0093028ca5,Toyota Etios Cross 1.2L G,2015,421000,23839,Petrol,Dealer,Manual,First Owner
690ac17d56d1bc0093028ca6,Maruti Swift DDiS LDI,2016,550000,54000,Diesel,Dealer,Manual,First Owner
690ac17d56d1bc0093028ca7,Hyundai i10 Sportz 1.2 AT,2013,330000,38000,Petrol,Dealer,Automatic,First Owner
690ac17d56d1bc0093028ca8,Volkswagen Vento 1.5 TDI Comfortline,2012,390000,45454,Diesel,Dealer,Manual,First Owner
690ac17d56d1bc0093028ca9,Skoda Rapid 1.5 TDI AT Ambition,2015,599000,46957,Diesel,Dealer,Automatic,First Owner
690ac17d56d1bc0093028caa,Hyundai Getz GLE,2007,110000,60000,Petrol,Individual,Manual,Fourth & Above Owner
690ac17d56d1bc0093028cab,Renault KWID RXT Optional,2016,250000,25000,Petrol,Individual,Manual,First Owner
690ac17d56d1bc0093028cac,Mahindra Scorpio M2DI,2012,600000,110000,Diesel,Individual,Manual,Fourth & Above Owner
690ac17d56d1bc0093028cad,Ford Endeavour XLT TDCi 4X2,2008,280000,190000,Diesel,Individual,Manual,Second Owner
690ac17d56d1bc0093028cae,Audi Q3 35 TDI Quattro Technology,2018,2700000,25000,Diesel,Individual,Automatic,First Owner
690ac17d56d1bc0093028caf,Mahindra Renault Logan 1.4 GLX Petrol,2008,80000,90000,Petrol,Individual,Manual,First Owner
690ac17d56d1bc0093028cb0,Maruti Alto K10 VXI,2019,350000,5000,Petrol,Individual,Manual,First Owner
690ac17d56d1bc0093028cb1,Maruti Swift VDI BSIV,2015,475000,60000,Diesel,Individual,Manual,First Owner
690ac17d56d1bc0093028cb2,Audi A5 Sportback,2020,4700000,1500,Diesel,Individual,Automatic,First Owner
690ac17d56d1bc0093028cb3,Maruti Swift Dzire VDI,2018,500000,50000,Diesel,Individual,Manual,First Owner
690ac17d56d1bc0093028cb4,Chevrolet Sail Hatchback 1.3 TCDi LT ABS,2014,250000,120000,Diesel,Individual,Manual,First Owner
690ac17d56d1bc0093028cb5,Hyundai Accent CRDi,2005,100000,120000,Diesel,Individual,Manual,Second Owner
690ac17d56d1bc0093028cb6,Maruti Alto K10 VXI Airbag,2019,350000,5000,Petrol,Individual,Manual,First Owner
690ac17d56d1bc0093028cb7,BMW 7 Series Signature 730Ld,2014,4000000,47000,Diesel,Individual,Automatic,First Owner
690ac17d56d1bc0093028cb8,Toyota Camry 2.5 Hybrid,2017,1900000,20000,Petrol,Individual,Automatic,First Owner
690ac17d56d1bc0093028cb9,Hyundai Santro Xing XG,2005,95000,120000,Petrol,Individual,Manual,Second Owner
690ac17d56d1bc0093028cba,Hyundai Grand i10 CRDi Sportz,2015,409999,58000,Diesel,Individual,Manual,First Owner
690ac17d56d1bc0093028cbb,Mahindra XUV500 W5 BSIV,2018,1050000,35000,Diesel,Individual,Manual,First Owner
690ac17d56d1bc0093028cbc,Maruti Alto K10 VXI,2017,320000,30000,Petrol,Individual,Manual,First Owner
690ac17d56d1bc0093028cbd,Mahindra XUV300 W8 Option Diesel BSIV,2019,1000000,10000,Diesel,Individual,Manual,First Owner
690ac17d56d1bc0093028cbe,Toyota Innova Crysta 2.4 VX MT BSIV,2017,1770000,25000,Diesel,Individual,Manual,First Owner
690ac17d56d1bc0093028cbf,Mahindra Thar CRDe,2018,950000,20000,Diesel,Individual,Manual,First Owner
690ac17d56d1bc0093028cc0,Maruti Swift Dzire ZDI,2018,750000,50000,Diesel,Individual,Manual,First Owner
690ac17d56d1bc0093028cc1,Hyundai EON Magna Plus,2014,220000,42000,Petrol,Individual,Manual,First Owner
690ac17d56d1bc0093028cc2,Tata Hexa XM,2017,1000000,50000,Diesel,Individual,Manual,First Owner
690ac17d56d1bc0093028cc3,Honda Mobilio E i DTEC,2017,660000,116000,Diesel,Individual,Manual,First Owner
690ac17d56d1bc0093028cc4,Maruti Ertiga ZDI,2015,716000,100000,Diesel,Individual,Manual,First Owner
690ac17d56d1bc0093028cc5,Maruti Ciaz ZXi Plus,2015,675000,66000,Petrol,Individual,Manual,First Owner
690ac17d56d1bc0093028cc6,Mahindra Scorpio LX,2010,385000,110000,Diesel,Individual,Manual,Third Owner
690ac17d56d1bc0093028cc7,Fiat Grande Punto EVO 1.3 Dynamic,2014,325000,70000,Diesel,Individual,Manual,First Owner
690ac17d56d1bc0093028cc8,Hyundai Creta 1.6 CRDi SX Option,2015,950000,60000,Diesel,Individual,Manual,First Owner
690ac17d56d1bc0093028cc9,Ford Endeavour Hurricane Limited Edition,2007,400000,110000,Diesel,Individual,Automatic,Fourth & Above Owner
690ac17d56d1bc0093028cca,Tata Indica Vista TDI LS,2014,250000,25000,Diesel,Individual,Manual,First Owner
690ac17d56d1bc0093028ccb,Land Rover Discovery S 2.0 SD4,2018,4000000,68000,Petrol,Individual,Automatic,First Owner
690ac17d56d1bc0093028ccc,Maruti Alto 800 LXI,2014,210000,20000,Petrol,Individual,Manual,First Owner
690ac17d56d1bc0093028ccd,Hyundai i10 Era 1.1 iTech SE,2011,147000,110000,Petrol,Individual,Manual,Second Owner
690ac17d56d1bc0093028cce,Maruti Vitara Brezza VDi Option,2018,725000,26350,Diesel,Individual,Manual,First Owner
690ac17d56d1bc0093028ccf,Mahindra Scorpio SLE BSIV,2012,550000,90000,Diesel,Individual,Manual,First Owner
690ac17d56d1bc0093028cd0,Hyundai i20 Sportz Option 1.2,2016,475000,25000,Petrol,Individual,Manual,First Owner
690ac17d56d1bc0093028cd1,Hyundai Santro Xing GLS,2014,250000,50000,Petrol,Individual,Manual,Second Owner
690ac17d56d1bc0093028cd2,Tata Indica LSI,2006,70000,60000,Petrol,Individual,Manual,Second Owner
690ac17d56d1bc0093028cd3,Hyundai EON Era Plus,2012,160000,70000,Petrol,Individual,Manual,Third Owner
690ac17d56d1bc0093028cd4,Ford Endeavour 3.0L 4X4 AT,2011,1000000,90000,Diesel,Individual,Automatic,Second Owner
690ac17d56d1bc0093028cd5,Hyundai Santro LE zipPlus,2001,68000,70000,Petrol,Individual,Manual,First Owner
690ac17d56d1bc0093028cd6,Hyundai Grand i10 1.2 Kappa Asta,2017,500000,26500,Petrol,Individual,Manual,First Owner
690ac17d56d1bc0093028cd7,Tata Indigo CR4,2013,170000,60000,Diesel,Individual,Manual,First Owner
690ac17d56d1bc0093028cd8,Mahindra Scorpio S11 BSIV,2018,1300000,35000,Diesel,Individual,Manual,First Owner
690ac17d56d1bc0093028cd9,Hyundai Creta 1.4 EX Diesel,2020,1050000,10000,Diesel,Individual,Manual,First Owner
690ac17d56d1bc0093028cda,Maruti Ritz LXI,2009,300000,15000,Petrol,Individual,Manual,First Owner
690ac17d56d1bc0093028cdb,Hyundai i20 Magna 1.2,2016,600000,25000,Petrol,Individual,Manual,First Owner
690ac17d56d1bc0093028cdc,Hyundai Verna CRDi 1.6 SX,2017,900000,50000,Diesel,Individual,Manual,First Owner
690ac17d56d1bc0093028cdd,Hyundai Grand i10 1.2 Kappa Sportz BSIV,2019,550000,25000,Petrol,Individual,Manual,First Owner
690ac17d56d1bc0093028cde,Maruti Alto LX,2007,100000,52000,Petrol,Individual,Manual,Second Owner
690ac17d56d1bc0093028cdf,Honda Brio 1.2 S MT,2017,400000,15000,Petrol,Individual,Manual,First Owner
690ac17d56d1bc0093028ce0,Tata Nano Lx,2011,120000,20000,Petrol,Individual,Manual,First Owner
690ac17d56d1bc0093028ce1,Hyundai i20 Asta 1.4 CRDi,2013,300000,90000,Diesel,Individual,Manual,First Owner
690ac17d56d1bc0093028ce2,Tata Indigo LX,2011,140000,60000,Diesel,Individual,Manual,Second Owner
690ac17d56d1bc0093028ce3,Skoda Rapid 1.6 MPI Ambition With Alloy Wheel,2015,640000,23000,Petrol,Individual,Manual,First Owner
690ac17d56d1bc0093028ce4,Maruti Alto K10 VXI,2018,380000,22155,Petrol,Individual,Manual,First Owner
690ac17d56d1bc0093028ce5,Tata Nano Lx,2011,120000,20000,Petrol,Individual,Manual,First Owner
690ac17d56d1bc0093028ce6,Maruti Ciaz 1.4 Delta,2018,650000,70000,Petrol,Individual,Manual,First Owner
690ac17d56d1bc0093028ce7,Maruti Alto LX,2009,150000,60000,Petrol,Individual,Manual,Second Owner
690ac17d56d1bc0093028ce8,Ford Figo Aspire 1.2 Ti-VCT Trend,2018,550000,35000,Petrol,Individual,Manual,First Owner
690ac17d56d1bc0093028ce9,Mahindra XUV500 W8 4WD,2012,650000,71042,Diesel,Dealer,Manual,First Owner
690ac17d56d1bc0093028cea,Mitsubishi Pajero Sport 4X4,2012,1025000,167870,Diesel,Dealer,Manual,Second Owner
690ac17d56d1bc0093028ceb,Ford Fiesta 1.5 TDCi Titanium,2011,195000,133564,Diesel,Dealer,Manual,First Owner
690ac17d56d1bc0093028cec,Mercedes-Benz C-Class Progressive C 220d,2018,3800000,10000,Diesel,Dealer,Automatic,First Owner
690ac17d56d1bc0093028ced,BMW 3 Series 320d Sport,2013,1490000,40000,Diesel,Dealer,Automatic,First Owner
690ac17d56d1bc0093028cee,BMW X5 xDrive 30d xLine,2019,4950000,30000,Diesel,Dealer,Automatic,First Owner
690ac17d56d1bc0093028cef,Honda City i-VTEC CVT ZX,2018,1140000,23038,Petrol,Trustmark Dealer,Automatic,First Owner
690ac17d56d1bc0093028cf0,Chevrolet Beat Diesel LS,2011,95000,70000,Diesel,Individual,Manual,First Owner
690ac17d56d1bc0093028cf1,BMW 3 Series GT Luxury Line,2017,3050000,30000,Diesel,Individual,Automatic,First Owner
690ac17d56d1bc0093028cf2,Hyundai Grand i10 1.2 Kappa Magna AT,2017,550000,19890,Petrol,Dealer,Automatic,First Owner
690ac17d56d1bc0093028cf3,Maruti Ertiga VXI,2015,625000,11918,Petrol,Trustmark Dealer,Manual,First Owner
690ac17d56d1bc0093028cf4,Hyundai Grand i10 Magna AT,2017,520000,10510,Petrol,Dealer,Automatic,First Owner
690ac17d56d1bc0093028cf5,Chevrolet Beat LT Option,2016,239000,41000,Petrol,Dealer,Manual,First Owner
690ac17d56d1bc0093028cf6,Toyota Fortuner 4x2 AT,2017,2600000,47162,Diesel,Trustmark Dealer,Automatic,First Owner
690ac17d56d1bc0093028cf7,Hyundai i10 Magna,2012,229999,49824,Petrol,Dealer,Manual,First Owner
690ac17d56d1bc0093028cf8,Audi A6 2.0 TDI Premium Plus,2013,1300000,58500,Diesel,Dealer,Automatic,First Owner
690ac17d56d1bc0093028cf9,Maruti Baleno Delta 1.2,2017,585000,43608,Petrol,Trustmark Dealer,Manual,First Owner
690ac17d56d1bc0093028cfa,Maruti Baleno Alpha CVT,2018,825000,11212,Petrol,Trustmark Dealer,Automatic,First Owner
690ac17d56d1bc0093028cfb,Hyundai i20 1.4 Magna Executive,2013,280000,52000,Diesel,Dealer,Manual,First Owner
690ac17d56d1bc0093028cfc,Maruti Baleno Zeta,2016,725000,49217,Petrol,Trustmark Dealer,Manual,First Owner
690ac17d56d1bc0093028cfd,Mahindra Verito 1.5 D4 BSIV,2015,300000,90000,Diesel,Individual,Manual,First Owner
690ac17d56d1bc0093028cfe,Hyundai Xcent 1.2 Kappa S,2015,375000,70000,Petrol,Individual,Manual,First Owner
690ac17d56d1bc0093028cff,Honda City VTEC,2003,310000,90000,Petrol,Individual,Manual,Fourth & Above Owner
690ac17d56d1bc0093028d00,Maruti Swift Dzire VDi,2011,375000,190000,Diesel,Individual,Manual,Third Owner
690ac17d56d1bc0093028d01,Ford Endeavour 3.2 Titanium AT 4X4,2016,1950000,106000,Diesel,Individual,Automatic,First Owner
690ac17d56d1bc0093028d02,Tata Xenon XT EX 4X2,2012,400000,80000,Diesel,Individual,Manual,Second Owner
690ac17d56d1bc0093028d03,Nissan Terrano XL Plus 85 PS,2014,550000,80000,Diesel,Individual,Manual,Second Owner
690ac17d56d1bc0093028d04,Maruti Eeco 7 Seater Standard BSIV,2018,270000,20000,Petrol,Individual,Manual,First Owner
690ac17d56d1bc0093028d05,Maruti Ertiga ZDI,2012,555000,110000,Diesel,Individual,Manual,Second Owner
690ac17d56d1bc0093028d06,Ford Ecosport 1.5 DV5 MT Ambiente,2013,500000,60000,Diesel,Individual,Manual,Second Owner
690ac17d56d1bc0093028d07,Skoda Laura Elegance 1.9 TDI  AT,2010,400000,130000,Diesel,Individual,Automatic,Second Owner
690ac17d56d1bc0093028d08,Hyundai EON 1.0 Era Plus,2017,280000,28838,Petrol,Individual,Manual,First Owner
690ac17d56d1bc0093028d09,Tata Indica GLS BS IV,2008,80000,200000,Petrol,Individual,Manual,First Owner
690ac17d56d1bc0093028d0a,Tata Indica DLS,2006,55000,100000,Diesel,Individual,Manual,First Owner
690ac17d56d1bc0093028d0b,Maruti Alto 800 LXI Airbag,2014,250000,50000,Petrol,Individual,Manual,First Owner
690ac17d56d1bc0093028d0c,Mahindra Bolero SLX 2WD,2010,250000,190000,Diesel,Individual,Manual,Fourth & Above Owner
690ac17d56d1bc0093028d0d,Mahindra Jeep MM 540,2007,95000,100000,Diesel,Individual,Manual,Second Owner
690ac17d56d1bc0093028d0e,Mahindra Scorpio 1.99 S10,2014,725000,135000,Diesel,Individual,Manual,Second Owner
690ac17d56d1bc0093028d0f,Mahindra Bolero Power Plus Plus AC BSIV PS,2015,320000,50000,Diesel,Individual,Manual,Third Owner
690ac17d56d1bc0093028d10,Skoda Octavia Elegance 2.0 TDI AT,2014,1200000,135000,Diesel,Individual,Automatic,Third Owner
690ac17d56d1bc0093028d11,Chevrolet Beat Diesel LS,2012,160000,50000,Diesel,Individual,Manual,First Owner
690ac17d56d1bc0093028d12,Honda Jazz 1.5 VX i DTEC,2018,790000,19571,Diesel,Dealer,Manual,First Owner
690ac17d56d1bc0093028d13,Honda City i-VTEC ZX,2018,1200000,29600,Petrol,Dealer,Manual,First Owner
690ac17d56d1bc0093028d14,Maruti Swift LXI,2011,175000,70000,Petrol,Individual,Manual,First Owner
690ac17d56d1bc0093028d15,Maruti Vitara Brezza ZDi Plus AMT Dual Tone,2018,950000,15000,Diesel,Individual,Automatic,First Owner
690ac17d56d1bc0093028d16,Maruti Celerio LXI MT BSIV,2019,340000,50000,Petrol,Individual,Manual,First Owner
690ac17d56d1bc0093028d17,Renault Captur 1.5 Diesel RXT,2017,825000,13500,Diesel,Individual,Manual,First Owner
690ac17d56d1bc0093028d18,Audi A4 30 TFSI Technology,2018,3100000,22000,Petrol,Individual,Automatic,First Owner
690ac17d56d1bc0093028d19,Honda Amaze VX Diesel BSIV,2018,780000,25000,Diesel,Dealer,Manual,First Owner
690ac17d56d1bc0093028d1a,Toyota Corolla Altis 1.8 VL AT,2010,350000,80000,Petrol,Individual,Automatic,Third Owner
690ac17d56d1bc0093028d1b,Honda Amaze VX Petrol BSIV,2018,690000,39000,Petrol,Dealer,Manual,First Owner
690ac17d56d1bc0093028d1c,Maruti Alto 800 VXI,2016,245000,60000,Petrol,Individual,Manual,First Owner
690ac17d56d1bc0093028d1d,Honda Amaze VX Diesel BSIV,2018,790000,49000,Diesel,Dealer,Manual,First Owner
690ac17d56d1bc0093028d1e,Honda Amaze VX i-VTEC,2018,680000,48600,Petrol,Dealer,Manual,First Owner
690ac17d56d1bc0093028d1f,Hyundai Grand i10 Asta Option,2017,540000,20000,Petrol,Individual,Manual,Second Owner
690ac17d56d1bc0093028d20,Mahindra KUV 100 mFALCON G80 K2,2016,425000,25000,Petrol,Individual,Manual,First Owner
690ac17d56d1bc0093028d21,Maruti Zen Estilo Sports,2008,140000,120000,Petrol,Individual,Manual,First Owner
690ac17d56d1bc0093028d22,Maruti Ertiga ZDI Plus,2019,1100000,30000,Diesel,Individual,Manual,First Owner
690ac17d56d1bc0093028d23,Renault Lodgy 85PS RxL,2015,715000,35000,Diesel,Individual,Manual,First Owner
690ac17d56d1bc0093028d24,Audi A4 3.0 TDI Quattro,2013,1580000,86000,Diesel,Dealer,Automatic,First Owner
690ac17d56d1bc0093028d25,Audi Q3 2.0 TDI Quattro Premium Plus,2015,1750000,127643,Diesel,Dealer,Automatic,First Owner
690ac17d56d1bc0093028d26,Tata Zest Revotron 1.2T XMS,2018,400000,54000,Petrol,Dealer,Manual,Second Owner
690ac17d56d1bc0093028d27,Audi A6 2.0 TDI  Design Edition,2014,1750000,102354,Diesel,Dealer,Automatic,First Owner
690ac17d56d1bc0093028d28,Audi Q5 2.0 TFSI Quattro Premium Plus,2014,1850000,62237,Petrol,Dealer,Automatic,First Owner
690ac17d56d1bc0093028d29,Hyundai Santro Xing XL eRLX Euro III,2005,114999,90000,Petrol,Dealer,Manual,Second Owner
690ac17d56d1bc0093028d2a,Ford EcoSport 1.5 TDCi Titanium BSIV,2018,950000,21394,Diesel,Dealer,Manual,First Owner
690ac17d56d1bc0093028d2b,Datsun GO T Petrol,2015,310000,32686,Petrol,Dealer,Manual,First Owner
690ac17d56d1bc0093028d2c,Mahindra Jeep CJ 500 DI,2006,575000,1001,Diesel,Dealer,Manual,First Owner
690ac17d56d1bc0093028d2d,Renault Pulse RxZ,2017,490000,22000,Diesel,Dealer,Manual,First Owner
690ac17d56d1bc0093028d2e,Hyundai Grand i10 Magna,2017,480000,53261,Petrol,Dealer,Manual,First Owner
690ac17d56d1bc0093028d2f,Land Rover Discovery Sport SD4 HSE Luxury,2016,3500000,53000,Diesel,Dealer,Automatic,First Owner
690ac17d56d1bc0093028d30,Renault KWID 1.0 RXT Optional,2018,370000,10000,Petrol,Dealer,Manual,First Owner
690ac17d56d1bc0093028d31,Maruti Baleno Alpha 1.3,2017,835000,14000,Diesel,Dealer,Manual,First Owner
690ac17d56d1bc0093028d32,Volkswagen Polo 2015-2019 1.2 MPI Highline,2017,650000,44000,Petrol,Dealer,Manual,First Owner
690ac17d56d1bc0093028d33,Toyota Etios VD,2014,670000,39895,Diesel,Dealer,Manual,First Owner
690ac17d56d1bc0093028d34,Chevrolet Cruze LTZ AT,2017,950000,73000,Diesel,Dealer,Automatic,First Owner
690ac17d56d1bc0093028d35,Honda City i-VTEC SV,2014,690000,17000,Petrol,Dealer,Manual,First Owner
690ac17d56d1bc0093028d36,Volkswagen Polo 2015-2019 1.2 MPI Highline,2017,670000,18591,Petrol,Dealer,Manual,First Owner
690ac17d56d1bc0093028d37,Tata Nexon 1.5 Revotorq XZ,2017,925000,26766,Diesel,Dealer,Manual,First Owner
690ac17d56d1bc0093028d38,Hyundai EON Magna Plus,2015,250000,30000,Petrol,Individual,Manual,First Owner
690ac17d56d1bc0093028d39,Tata Sumo Gold EX,2016,509999,42000,Diesel,Individual,Manual,First Owner
690ac17d56d1bc0093028d3a,Honda City i DTEC VX,2014,520000,110000,Diesel,Individual,Manual,First Owner
690ac17d56d1bc0093028d3b,Tata Indica DLE,2005,100000,100000,Diesel,Individual,Manual,First Owner
690ac17d56d1bc0093028d3c,Tata Indica DLS,2006,85000,300000,Diesel,Individual,Manual,Second Owner
690ac17d56d1bc0093028d3d,Tata Indigo LX,2009,130000,110000,Diesel,Individual,Manual,Third Owner
690ac17d56d1bc0093028d3e,Ford EcoSport 1.5 TDCi Titanium BSIV,2018,950000,27620,Diesel,Dealer,Manual,First Owner
690ac17d56d1bc0093028d3f,Ford Figo Aspire 1.2 Ti-VCT Titanium Plus,2015,450000,70000,Petrol,Individual,Manual,First Owner
690ac17d56d1bc0093028d40,Honda City S,2012,320000,50000,Petrol,Individual,Manual,Second Owner
690ac17d56d1bc0093028d41,Maruti Swift Dzire VDI,2015,480000,50000,Diesel,Individual,Manual,First Owner
690ac17d56d1bc0093028d42,Mercedes-Benz New C-Class C 220 CDI Grand Edition,2014,2490000,46000,Diesel,Individual,Automatic,First Owner
690ac17d56d1bc0093028d43,Toyota Innova 2.5 VX 8 STR,2012,790000,82000,Diesel,Individual,Manual,First Owner
690ac17d56d1bc0093028d44,Maruti Omni MPI STD BSIV,2016,120000,120000,Petrol,Individual,Manual,First Owner
690ac17d56d1bc0093028d45,Maruti Alto LXi,2006,75000,80000,Petrol,Individual,Manual,Third Owner
690ac17d56d1bc0093028d46,Tata Indica GLS BS IV,2010,99000,70000,Petrol,Individual,Manual,First Owner
690ac17d56d1bc0093028d47,Maruti S-Cross Zeta DDiS 200 SH,2018,1015000,20000,Diesel,Individual,Manual,First Owner
690ac17d56d1bc0093028d48,Mahindra Xylo D4 BSIV,2013,250000,200000,Diesel,Individual,Manual,Second Owner
690ac17d56d1bc0093028d49,Toyota Innova Crysta 2.5 VX BS IV,2011,520000,120000,Diesel,Individual,Manual,First Owner
690ac17d56d1bc0093028d4a,Hyundai Verna CRDi 1.6 AT SX Option,2018,1100000,30000,Diesel,Individual,Automatic,First Owner
690ac17d56d1bc0093028d4b,Toyota Innova 2.5 V Diesel 7-seater,2005,200000,223000,Diesel,Individual,Manual,First Owner
690ac17d56d1bc0093028d4c,Maruti Swift Dzire VDI,2016,525000,60000,Diesel,Individual,Manual,First Owner
690ac17d56d1bc0093028d4d,Hyundai i20 Asta 1.2,2016,500000,40000,Petrol,Individual,Manual,First Owner
690ac17d56d1bc0093028d4e,Mahindra Scorpio S2 7 Seater,2016,675000,161327,Diesel,Individual,Manual,First Owner
690ac17d56d1bc0093028d4f,Hyundai i10 Magna 1.2 iTech SE,2009,150000,60000,Petrol,Individual,Manual,Third Owner
690ac17d56d1bc0093028d50,Mahindra Bolero DI,2007,250000,50000,Diesel,Individual,Manual,First Owner
690ac17d56d1bc0093028d51,Hyundai Grand i10 1.2 Kappa Sportz BSIV,2018,450000,6000,Petrol,Individual,Manual,First Owner
690ac17d56d1bc0093028d52,Hyundai Santro Xing XS,2009,150000,68000,Petrol,Individual,Manual,Second Owner
690ac17d56d1bc0093028d53,Chevrolet Beat Diesel LS,2012,200000,85000,Diesel,Individual,Manual,First Owner
690ac17d56d1bc0093028d54,Mahindra Scorpio VLS AT 2.2 mHAWK,2011,525000,70000,Diesel,Individual,Automatic,First Owner
690ac17d56d1bc0093028d55,Maruti Esteem VX,1999,60000,35000,Petrol,Individual,Manual,Second Owner
690ac17d56d1bc0093028d56,Maruti Swift Vdi BSIII,2010,180000,100000,Diesel,Individual,Manual,Second Owner
690ac17d56d1bc0093028d57,Honda Amaze S i-Dtech,2015,475000,110000,Diesel,Individual,Manual,First Owner
690ac17d56d1bc0093028d58,Mahindra Scorpio VLS AT 2.2 mHAWK,2010,380000,195000,Diesel,Individual,Automatic,Second Owner
690ac17d56d1bc0093028d59,Maruti Alto 800 LXI,2015,285000,46000,Petrol,Individual,Manual,Second Owner
690ac17d56d1bc0093028d5a,Maruti Alto LXi BSIII,2008,91200,60000,Petrol,Individual,Manual,Second Owner
690ac17d56d1bc0093028d5b,Datsun RediGO T Option,2017,250000,46000,Petrol,Individual,Manual,First Owner
690ac17d56d1bc0093028d5c,Hyundai Grand i10 CRDi Sportz,2015,400000,42000,Diesel,Individual,Manual,First Owner
690ac17d56d1bc0093028d5d,Hyundai Santro Xing XG AT,2006,160000,90000,Petrol,Individual,Automatic,Second Owner
690ac17d56d1bc0093028d5e,Skoda Yeti Ambition 4X2,2012,650000,85000,Diesel,Individual,Manual,Second Owner
690ac17d56d1bc0093028d5f,Hyundai Verna 1.6 SX,2012,409999,120000,Diesel,Individual,Manual,Third Owner
690ac17d56d1bc0093028d60,Ford Ecosport 1.5 DV5 MT Titanium,2013,425000,72000,Diesel,Individual,Manual,First Owner
690ac17d56d1bc0093028d61,Maruti Wagon R LXI CNG,2013,250000,71000,CNG,Individual,Manual,Second Owner
690ac17d56d1bc0093028d62,Maruti Swift Dzire VXi,2009,200000,110000,Petrol,Individual,Manual,Fourth & Above Owner
690ac17d56d1bc0093028d63,Maruti Wagon R LXI CNG,2013,250000,71000,CNG,Individual,Manual,Second Owner
690ac17d56d1bc0093028d64,Volkswagen Polo Diesel Trendline 1.2L,2010,130000,144000,Diesel,Individual,Manual,Fourth & Above Owner
690ac17d56d1bc0093028d65,Maruti Eeco 5 Seater AC BSIV,2017,260000,30000,Petrol,Dealer,Manual,First Owner
690ac17d56d1bc0093028d66,Hyundai Verna SX,2007,155000,65000,Petrol,Dealer,Manual,First Owner
690ac17d56d1bc0093028d67,Honda Jazz 1.5 VX i DTEC,2015,450000,38000,Diesel,Individual,Manual,First Owner
690ac17d56d1bc0093028d68,Maruti SX4 Celebration Petrol,2012,220000,90000,Petrol,Individual,Manual,Second Owner
690ac17d56d1bc0093028d69,Hyundai i20 Active S Diesel,2018,650000,37000,Diesel,Dealer,Manual,First Owner
690ac17d56d1bc0093028d6a,Maruti Alto 800 LXI,2018,285000,30000,Petrol,Dealer,Manual,First Owner
690ac17d56d1bc0093028d6b,Honda Amaze V CVT Petrol BSIV,2018,725000,26000,Petrol,Dealer,Automatic,First Owner
690ac17d56d1bc0093028d6c,Maruti Ciaz ZXi,2016,625000,30000,Petrol,Dealer,Manual,First Owner
690ac17d56d1bc0093028d6d,Hyundai i20 Active SX Petrol,2016,550000,23000,Petrol,Dealer,Manual,First Owner
690ac17d56d1bc0093028d6e,Hyundai i10 Magna,2012,240000,40000,Petrol,Dealer,Manual,First Owner
690ac17d56d1bc0093028d6f,Nissan Terrano XL 85 PS,2014,600000,27000,Diesel,Dealer,Manual,First Owner
690ac17d56d1bc0093028d70,Tata New Safari DICOR 2.2 EX 4x2,2012,350000,65000,Diesel,Dealer,Manual,First Owner
690ac17d56d1bc0093028d71,Hyundai EON Magna Plus,2015,245000,32000,Petrol,Dealer,Manual,First Owner
690ac17d56d1bc0093028d72,Mahindra Bolero B6,2016,600000,56000,Diesel,Dealer,Manual,First Owner
690ac17d56d1bc0093028d73,BMW X1 sDrive 20d xLine,2017,2400000,30000,Diesel,Individual,Automatic,First Owner
690ac17d56d1bc0093028d74,Mahindra Scorpio SLE BS IV,2014,620000,80000,Diesel,Dealer,Manual,First Owner
690ac17d56d1bc0093028d75,Maruti Swift Dzire 1.2 Vxi BSIV,2014,395000,52000,Petrol,Dealer,Manual,Second Owner
690ac17d56d1bc0093028d76,Maruti Ertiga ZXI,2014,635000,13250,Petrol,Dealer,Manual,First Owner
690ac17d56d1bc0093028d77,Maruti Alto LX,2011,180000,36000,Petrol,Dealer,Manual,First Owner
690ac17d56d1bc0093028d78,Maruti Swift ZDI Plus,2015,484999,73000,Diesel,Dealer,Manual,Second Owner
690ac17d56d1bc0093028d79,Maruti Alto LX,2004,110000,60000,Petrol,Individual,Manual,First Owner
690ac17d56d1bc0093028d7a,Maruti Wagon R VXI BSIII,2006,150000,60000,Petrol,Individual,Manual,Second Owner
690ac17d56d1bc0093028d7b,Chevrolet Tavera Neo 2 LT L 9 Str,2012,400000,110000,Diesel,Individual,Manual,First Owner
690ac17d56d1bc0093028d7c,Tata Indica Vista Aura Plus 1.3 Quadrajet,2012,200000,70000,Diesel,Individual,Manual,Second Owner
690ac17d56d1bc0093028d7d,Renault Duster 85PS Diesel RxL Plus,2013,302000,60000,Diesel,Individual,Manual,Second Owner
690ac17d56d1bc0093028d7e,Maruti Swift Dzire Vdi BSIV,2011,215000,90000,Diesel,Individual,Manual,Fourth & Above Owner
690ac17d56d1bc0093028d7f,Maruti Wagon R VXI BSIII,2004,155000,80000,Petrol,Individual,Manual,Second Owner
690ac17d56d1bc0093028d80,Toyota Innova 2.5 G (Diesel) 8 Seater,2014,1000000,101000,Diesel,Individual,Manual,Second Owner
690ac17d56d1bc0093028d81,Mahindra Bolero Power Plus SLX,2018,550000,44000,Diesel,Individual,Manual,First Owner
690ac17d56d1bc0093028d82,Maruti Swift 1.3 VXi,2006,200000,45000,Petrol,Individual,Manual,First Owner
690ac17d56d1bc0093028d83,Mahindra Scorpio S2 7 Seater,2017,750000,120000,Diesel,Individual,Manual,First Owner
690ac17d56d1bc0093028d84,Maruti Zen LXI,2005,90000,90000,Petrol,Individual,Manual,Second Owner
690ac17d56d1bc0093028d85,Maruti Wagon R LXI Minor,2007,80000,120000,Petrol,Individual,Manual,Second Owner
690ac17d56d1bc0093028d86,Hyundai EON D Lite Plus,2013,229999,13500,Petrol,Individual,Manual,First Owner
690ac17d56d1bc0093028d87,Renault KWID 1.0 RXT Optional,2017,350000,10000,Petrol,Individual,Manual,First Owner
690ac17d56d1bc0093028d88,Hyundai Grand i10 Magna,2015,325000,25000,Petrol,Individual,Manual,Third Owner
690ac17d56d1bc0093028d89,Tata Tigor 1.2 Revotron XT,2018,450000,8500,Petrol,Individual,Manual,First Owner
690ac17d56d1bc0093028d8a,Maruti SX4 Celebration Diesel,2012,250000,120000,Diesel,Individual,Manual,First Owner
690ac17d56d1bc0093028d8b,Volkswagen Polo Diesel Comfortline 1.2L,2012,225000,120000,Diesel,Individual,Manual,First Owner
690ac17d56d1bc0093028d8c,Maruti Alto LXi,2009,150000,90246,Petrol,Individual,Manual,Third Owner
690ac17d56d1bc0093028d8d,Maruti Alto LX BSIII,2008,110000,90000,Petrol,Individual,Manual,Second Owner
690ac17d56d1bc0093028d8e,Maruti Alto LXi BSIII,2010,150000,40000,Petrol,Individual,Manual,Second Owner
690ac17d56d1bc0093028d8f,Maruti Gypsy King Hard Top,2000,165000,60000,Petrol,Individual,Manual,Fourth & Above Owner
690ac17d56d1bc0093028d90,Renault Duster 85PS Diesel RxL,2017,610000,32000,Diesel,Individual,Manual,Second Owner
690ac17d56d1bc0093028d91,Tata Manza Club Class Quadrajet90 VX,2013,170000,60400,Diesel,Individual,Manual,First Owner
690ac17d56d1bc0093028d92,Hyundai Verna CRDi,2008,150000,70950,Diesel,Individual,Manual,Second Owner
690ac17d56d1bc0093028d93,Hyundai i20 Asta 1.4 CRDi,2013,300000,90000,Diesel,Individual,Manual,First Owner
690ac17d56d1bc0093028d94,Hyundai Xcent 1.1 CRDi Base,2015,375000,72000,Diesel,Individual,Manual,First Owner
690ac17d56d1bc0093028d95,Maruti Swift VDI,2013,390000,90000,Diesel,Individual,Manual,First Owner
690ac17d56d1bc0093028d96,Hyundai i20 Active 1.2 S,2017,600000,10000,Petrol,Individual,Manual,First Owner
690ac17d56d1bc0093028d97,Maruti Alto 800 LXI,2014,204999,25000,Petrol,Individual,Manual,Second Owner
690ac17d56d1bc0093028d98,Hyundai Verna CRDi,2009,270000,80000,Diesel,Individual,Manual,Second Owner
690ac17d56d1bc0093028d99,Hyundai Grand i10 Sportz,2017,375000,10000,Petrol,Individual,Manual,First Owner
690ac17d56d1bc0093028d9a,Maruti Baleno Zeta,2020,700000,1100,Petrol,Individual,Manual,First Owner
690ac17d56d1bc0093028d9b,Maruti Swift VXI Deca,2017,455000,40000,Petrol,Individual,Manual,First Owner
690ac17d56d1bc0093028d9c,Hyundai i10 Sportz 1.1L,2017,375000,10000,Petrol,Individual,Manual,First Owner
690ac17d56d1bc0093028d9d,Hyundai Grand i10 Asta,2014,341000,31491,Petrol,Individual,Manual,First Owner
690ac17d56d1bc0093028d9e,Maruti Swift Dzire VDI,2014,200000,107143,Diesel,Individual,Manual,Second Owner
690ac17d56d1bc0093028d9f,Maruti Ignis 1.2 AMT Delta BSIV,2017,450000,15000,Petrol,Individual,Automatic,First Owner
690ac17d56d1bc0093028da0,Hyundai Santro Xing GL Plus,2012,170000,50000,Petrol,Individual,Manual,Second Owner
690ac17d56d1bc0093028da1,Toyota Innova Crysta 2.4 VX MT 8S BSIV,2017,1900000,100000,Diesel,Individual,Manual,First Owner
690ac17d56d1bc0093028da2,Mahindra Bolero Power Plus LX,2016,500000,60000,Diesel,Individual,Manual,First Owner
690ac17d56d1bc0093028da3,Maruti Vitara Brezza ZDi Plus,2016,819999,85000,Diesel,Individual,Manual,First Owner
690ac17d56d1bc0093028da4,Maruti Swift 1.2 DLX,2014,351000,40000,Petrol,Individual,Manual,Second Owner
690ac17d56d1bc0093028da5,Hyundai i10 Magna 1.2 iTech SE,2011,195000,80000,Petrol,Individual,Manual,Second Owner
690ac17d56d1bc0093028da6,Maruti Swift Dzire VDi,2008,250000,82000,Diesel,Individual,Manual,Second Owner
690ac17d56d1bc0093028da7,Maruti Zen Estilo 1.1 VXI BSIII,2008,120000,70000,Petrol,Individual,Manual,Second Owner
690ac17d56d1bc0093028da8,Maruti A-Star Vxi,2009,180000,70000,Petrol,Individual,Manual,Third Owner
690ac17d56d1bc0093028da9,Mahindra KUV 100 mFALCON D75 K6,2016,430000,20000,Diesel,Individual,Manual,First Owner
690ac17d56d1bc0093028daa,Tata Nano Cx BSIV,2012,75000,35000,Petrol,Individual,Manual,Second Owner
690ac17d56d1bc0093028dab,Mahindra Xylo D4,2017,750000,80000,Diesel,Individual,Manual,First Owner
690ac17d56d1bc0093028dac,Tata Nano Lx,2011,60000,40000,Petrol,Individual,Manual,First Owner
690ac17d56d1bc0093028dad,Toyota Innova 2.5 VX (Diesel) 8 Seater,2015,1500000,46412,Diesel,Individual,Manual,First Owner
690ac17d56d1bc0093028dae,Mahindra Bolero SLX 2WD BSIII,2011,390000,150000,Diesel,Individual,Manual,Fourth & Above Owner
690ac17d56d1bc0093028daf,Mahindra TUV 300 T4,2016,630000,50000,Diesel,Individual,Manual,First Owner
690ac17d56d1bc0093028db0,Tata Safari Storme VX Varicor 400,2018,1085000,15000,Diesel,Individual,Manual,First Owner
690ac17d56d1bc0093028db1,Hyundai i10 Magna 1.2 iTech SE,2012,190000,60000,Petrol,Individual,Manual,Second Owner
690ac17d56d1bc0093028db2,Maruti Baleno Delta Automatic,2018,550000,25000,Petrol,Individual,Automatic,First Owner
690ac17d56d1bc0093028db3,Maruti Alto 800 LXI,2012,200000,90000,Petrol,Individual,Manual,Third Owner
690ac17d56d1bc0093028db4,Chevrolet Spark 1.0 LT,2011,165000,60000,Petrol,Individual,Manual,First Owner
690ac17d56d1bc0093028db5,Ford Figo Diesel Celebration Edition,2013,260000,65000,Diesel,Individual,Manual,First Owner
690ac17d56d1bc0093028db6,Maruti Alto LX,2011,151000,40000,Petrol,Individual,Manual,First Owner
690ac17d56d1bc0093028db7,Maruti Vitara Brezza VDi,2018,780000,50000,Diesel,Individual,Manual,First Owner
690ac17d56d1bc0093028db8,Tata Indica Vista Quadrajet LX,2012,175000,80000,Diesel,Individual,Manual,Third Owner
690ac17d56d1bc0093028db9,Tata Indica Vista TDI LS,2010,170000,107500,Diesel,Dealer,Manual,First Owner
690ac17d56d1bc0093028dba,Tata Indica Vista TDI LS,2013,210000,135000,Diesel,Dealer,Manual,Second Owner
690ac17d56d1bc0093028dbb,Maruti Alto LXi,2007,90000,43826,Petrol,Dealer,Manual,Second Owner
690ac17d56d1bc0093028dbc,Hyundai i20 Active S Petrol,2016,535000,55838,Petrol,Dealer,Manual,First Owner
690ac17d56d1bc0093028dbd,Maruti Swift VDI BSIV,2007,195000,112880,Diesel,Dealer,Manual,First Owner
690ac17d56d1bc0093028dbe,Tata Indica Vista Terra Quadrajet 1.3L,2011,140000,90000,Diesel,Individual,Manual,Third Owner
690ac17d56d1bc0093028dbf,Nissan Sunny XL,2012,350000,40000,Petrol,Individual,Manual,First Owner
690ac17d56d1bc0093028dc0,Hyundai Verna 1.6 SX VTVT (O),2013,425000,66000,Petrol,Individual,Manual,First Owner
690ac17d56d1bc0093028dc1,Renault KWID 1.0 RXT Optional,2017,300000,30300,Petrol,Individual,Manual,First Owner
690ac17d56d1bc0093028dc2,Volkswagen Vento Diesel Style Limited Edition,2013,340000,85000,Diesel,Individual,Manual,Second Owner
690ac17d56d1bc0093028dc3,Maruti Swift Dzire VXi,2009,250000,80659,Petrol,Dealer,Manual,First Owner
690ac17d56d1bc0093028dc4,Chevrolet Aveo 1.4 LS,2008,170000,81324,Petrol,Dealer,Manual,First Owner
690ac17d56d1bc0093028dc5,Honda Amaze S i-Dtech,2013,315000,127884,Diesel,Dealer,Manual,First Owner
690ac17d56d1bc0093028dc6,Chevrolet Beat PS,2015,200000,50000,Petrol,Individual,Manual,First Owner
690ac17d56d1bc0093028dc7,Chevrolet Beat PS,2016,300000,25000,Petrol,Individual,Manual,First Owner
690ac17d56d1bc0093028dc8,Honda Amaze S i-Dtech,2015,300000,66755,Diesel,Dealer,Manual,First Owner
690ac17d56d1bc0093028dc9,Honda City E,2013,380000,123084,Petrol,Dealer,Manual,First Owner
690ac17d56d1bc0093028dca,Maruti Swift VXI BSIII,2009,250000,806599,Petrol,Dealer,Manual,First Owner
690ac17d56d1bc0093028dcb,Honda Amaze S i-Dtech,2013,310000,95851,Diesel,Dealer,Manual,First Owner
690ac17d56d1bc0093028dcc,Maruti Wagon R VXI Minor ABS,2010,260000,50000,Petrol,Individual,Manual,First Owner
690ac17d56d1bc0093028dcd,Maruti Omni BSIII 8-STR W/ IMMOBILISER,2008,150000,50000,Petrol,Individual,Manual,Second Owner
690ac17d56d1bc0093028dce,Maruti Esteem Vxi - BSIII,2006,85000,60000,Petrol,Individual,Manual,Second Owner
690ac17d56d1bc0093028dcf,Maruti Alto 800 LXI,2015,280000,15000,Petrol,Individual,Manual,Second Owner
690ac17d56d1bc0093028dd0,Mahindra Xylo H4 ABS,2016,850000,40000,Diesel,Individual,Manual,First Owner
690ac17d56d1bc0093028dd1,Datsun GO Plus T Option BSIV,2017,375000,20000,Petrol,Individual,Manual,Second Owner
690ac17d56d1bc0093028dd2,Hyundai Elantra CRDi (Leather Option),2006,125000,120000,Diesel,Individual,Manual,Third Owner
690ac17d56d1bc0093028dd3,Chevrolet Beat Diesel LT,2012,250000,110000,Diesel,Individual,Manual,First Owner
690ac17d56d1bc0093028dd4,Toyota Corolla Altis D-4D J,2014,715000,234000,Diesel,Individual,Manual,First Owner
690ac17d56d1bc0093028dd5,Hyundai i20 1.4 CRDi Era,2011,220000,70000,Diesel,Individual,Manual,First Owner
690ac17d56d1bc0093028dd6,Tata Indica Vista Aqua 1.3 Quadrajet,2010,110000,110000,Diesel,Individual,Manual,Second Owner
690ac17d56d1bc0093028dd7,Hyundai Verna XXi (Petrol),2007,150000,84000,Petrol,Individual,Manual,Second Owner
690ac17d56d1bc0093028dd8,Nissan Sunny Diesel XV,2012,300000,170000,Diesel,Individual,Manual,First Owner
690ac17d56d1bc0093028dd9,Datsun RediGO T Option,2017,220000,40000,Petrol,Individual,Manual,First Owner
690ac17d56d1bc0093028dda,Maruti Wagon R LX,2006,75000,96000,Petrol,Individual,Manual,Second Owner
690ac17d56d1bc0093028ddb,Tata Indigo LS,2009,100000,20000,Diesel,Individual,Manual,First Owner
690ac17d56d1bc0093028ddc,Ford Figo Aspire 1.2 Ti-VCT Trend,2016,380000,15000,Petrol,Individual,Manual,First Owner
690ac17d56d1bc0093028ddd,Hyundai Santro Xing XK (Non-AC),2007,100000,50000,Petrol,Individual,Manual,First Owner
690ac17d56d1bc0093028dde,Volkswagen Passat 1.8 TSI MT,2010,480000,80000,Petrol,Individual,Manual,Second Owner
690ac17d56d1bc0093028ddf,Toyota Etios GD,2012,300000,124000,Diesel,Individual,Manual,First Owner
690ac17d56d1bc0093028de0,Chevrolet Beat Diesel LS,2013,190000,70000,Diesel,Individual,Manual,First Owner
690ac17d56d1bc0093028de1,Ford Figo Diesel LXI,2012,190000,130000,Diesel,Individual,Manual,Second Owner
690ac17d56d1bc0093028de2,Ford EcoSport 1.5 Ti VCT MT Trend BSIV,2017,650000,19014,Petrol,Dealer,Manual,First Owner
690ac17d56d1bc0093028de3,Toyota Corolla Executive (HE),2009,300000,23262,Petrol,Dealer,Manual,First Owner
690ac17d56d1bc0093028de4,Ford Freestyle Titanium Diesel BSIV,2016,700000,29600,Diesel,Dealer,Manual,First Owner
690ac17d56d1bc0093028de5,Hyundai i10 Sportz 1.1L,2015,310000,35925,Petrol,Dealer,Manual,First Owner
690ac17d56d1bc0093028de6,Maruti Ignis 1.2 Zeta BSIV,2018,500000,12000,Petrol,Individual,Manual,First Owner
690ac17d56d1bc0093028de7,Toyota Etios V,2013,415000,40771,Petrol,Dealer,Manual,First Owner
690ac17d56d1bc0093028de8,Maruti Celerio VXI AT,2015,395000,30500,Petrol,Dealer,Automatic,Second Owner
690ac17d56d1bc0093028de9,Toyota Etios Liva 1.2 G,2014,430000,42000,Petrol,Dealer,Manual,Second Owner
690ac17d56d1bc0093028dea,Toyota Corolla H6,2007,215000,55800,Petrol,Dealer,Manual,Second Owner
690ac17d56d1bc0093028deb,Renault Duster RXL AWD,2014,550000,66569,Diesel,Dealer,Manual,First Owner
690ac17d56d1bc0093028dec,Volkswagen Polo 1.5 TDI Trendline,2014,415000,81358,Diesel,Dealer,Manual,First Owner
690ac17d56d1bc0093028ded,Volkswagen Polo 1.5 TDI Comfortline,2015,450000,82695,Diesel,Dealer,Manual,First Owner
690ac17d56d1bc0093028dee,Ford Figo Diesel EXI,2014,285000,68293,Diesel,Dealer,Manual,Second Owner
690ac17d56d1bc0093028def,Honda Jazz VX CVT,2016,580000,32000,Petrol,Dealer,Automatic,First Owner
690ac17d56d1bc0093028df0,Maruti Swift Dzire Tour LDI,2014,300000,190621,Diesel,Dealer,Manual,First Owner
690ac17d56d1bc0093028df1,Hyundai Verna CRDi 1.6 SX Option,2018,1200000,60000,Diesel,Individual,Manual,First Owner
690ac17d56d1bc0093028df2,Maruti 800 Std MPFi,2006,78000,64700,Petrol,Individual,Manual,First Owner
690ac17d56d1bc0093028df3,Maruti 800 AC,2002,65000,100000,Petrol,Individual,Manual,Second Owner
690ac17d56d1bc0093028df4,Tata Zest Quadrajet 1.3 75PS XE,2016,400000,88470,Diesel,Individual,Manual,First Owner
690ac17d56d1bc0093028df5,Hyundai Verna 1.6 CRDI SX Option,2016,850000,75000,Diesel,Individual,Manual,First Owner
690ac17d56d1bc0093028df6,Volkswagen Vento Diesel Highline,2013,450000,120000,Diesel,Individual,Manual,Second Owner
690ac17d56d1bc0093028df7,Mercedes-Benz E-Class E250 CDI Blue Efficiency,2012,2500000,35000,Diesel,Individual,Automatic,First Owner
690ac17d56d1bc0093028df8,Toyota Etios 1.4 VXD,2017,780000,70000,Diesel,Individual,Manual,First Owner
690ac17d56d1bc0093028df9,Toyota Fortuner 2.8 2WD AT BSIV,2017,3200000,57000,Diesel,Individual,Automatic,First Owner
690ac17d56d1bc0093028dfa,Maruti Alto 800 VXI,2020,350000,1000,Petrol,Individual,Manual,First Owner
690ac17d56d1bc0093028dfb,Mahindra Quanto C6,2013,285000,120000,Diesel,Individual,Manual,Second Owner
690ac17d56d1bc0093028dfc,Volkswagen Vento 1.5 TDI Highline,2015,525000,98000,Diesel,Dealer,Manual,First Owner
690ac17d56d1bc0093028dfd,Maruti Ciaz ZDi,2014,550000,90000,Diesel,Dealer,Manual,Second Owner
690ac17d56d1bc0093028dfe,Volkswagen Ameo 1.5 TDI Comfortline,2018,580000,70000,Diesel,Individual,Manual,First Owner
690ac17d56d1bc0093028dff,Tata Nano CX SE,2013,75000,25000,Petrol,Individual,Manual,Third Owner
690ac17d56d1bc0093028e00,Tata Manza Aura Quadrajet,2009,185000,60000,Diesel,Individual,Manual,Third Owner
690ac17d56d1bc0093028e01,Maruti Omni E 8 Str STD,2007,110000,90000,Petrol,Individual,Manual,Fourth & Above Owner
690ac17d56d1bc0093028e02,Honda City 1.5 EXI,2004,180000,200000,Petrol,Individual,Manual,Second Owner
690ac17d56d1bc0093028e03,Volkswagen Polo Diesel Comfortline 1.2L,2010,350000,110000,Diesel,Individual,Manual,Second Owner
690ac17d56d1bc0093028e04,Chevrolet Optra 1.6 LS,2005,60000,126000,Petrol,Individual,Manual,Second Owner
690ac17d56d1bc0093028e05,Mahindra TUV 300 T10,2018,695000,70000,Diesel,Individual,Manual,First Owner
690ac17d56d1bc0093028e06,Mahindra Alturas G4 4X2 AT BSIV,2019,2700000,5000,Diesel,Individual,Automatic,First Owner
690ac17d56d1bc0093028e07,Maruti Zen Estilo LX BSIII,2007,135000,74183,Petrol,Individual,Manual,Second Owner
690ac17d56d1bc0093028e08,Mahindra Bolero Power Plus Plus AC BSIV PS,2015,640000,70000,Diesel,Individual,Manual,Second Owner
690ac17d56d1bc0093028e09,Maruti Alto 800 VXI,2014,160000,90000,Petrol,Individual,Manual,First Owner
690ac17d56d1bc0093028e0a,Tata Indica LXI,2004,80000,46000,Petrol,Individual,Manual,Second Owner
690ac17d56d1bc0093028e0b,Maruti Swift Dzire VDI,2013,340000,110000,Diesel,Individual,Manual,Second Owner
690ac17d56d1bc0093028e0c,Maruti Ritz VDi,2012,110000,80000,Diesel,Individual,Manual,Second Owner
690ac17d56d1bc0093028e0d,Tata Sumo Gold EX,2013,250000,90000,Diesel,Individual,Manual,Second Owner
690ac17d56d1bc0093028e0e,Toyota Innova Crysta 2.4 VX MT BSIV,2017,1300000,70000,Diesel,Individual,Manual,First Owner
690ac17d56d1bc0093028e0f,Mahindra Quanto C6,2014,250000,1,Diesel,Individual,Manual,Second Owner
690ac17d56d1bc0093028e10,Toyota Innova 2.5 G (Diesel) 8 Seater BS IV,2009,450000,192000,Diesel,Individual,Manual,First Owner
690ac17d56d1bc0093028e11,Maruti Wagon R LX Minor,2013,240000,70000,Petrol,Individual,Manual,Fourth & Above Owner
690ac17d56d1bc0093028e12,Mahindra Bolero DI DX 7 Seater,2007,225000,120000,Diesel,Individual,Manual,Second Owner
690ac17d56d1bc0093028e13,Maruti Wagon R VXI Optional,2015,275000,60000,Petrol,Individual,Manual,Second Owner
690ac17d56d1bc0093028e14,Tata Sumo Victa CX 7/9 Str BSII,2012,320000,120000,Diesel,Individual,Manual,Second Owner
690ac17d56d1bc0093028e15,Maruti Alto LX BSIII,2008,75000,120000,Petrol,Individual,Manual,First Owner
690ac17d56d1bc0093028e16,Tata Indica GLS BS IV,2007,85000,50000,Petrol,Individual,Manual,Second Owner
690ac17d56d1bc0093028e17,Tata Indica Vista Aqua TDI BSIII,2009,90000,120000,Diesel,Individual,Manual,First Owner
690ac17d56d1bc0093028e18,Maruti Wagon R LXI Minor,2007,85000,80000,Petrol,Individual,Manual,Second Owner
690ac17d56d1bc0093028e19,Mahindra Scorpio M2DI,2008,350000,80000,Diesel,Individual,Manual,Second Owner
690ac17d56d1bc0093028e1a,Skoda Superb Elegance 2.0 TDI CR AT,2009,355000,100000,Diesel,Individual,Automatic,Second Owner
690ac17d56d1bc0093028e1b,Maruti Swift VXI,2020,619000,1500,Petrol,Individual,Manual,First Owner
690ac17d56d1bc0093028e1c,Jeep Compass 2.0 Longitude Option BSIV,2018,1700000,50000,Diesel,Individual,Manual,First Owner
690ac17d56d1bc0093028e1d,Tata Indica DL,2006,55000,100000,Diesel,Individual,Manual,Second Owner
690ac17d56d1bc0093028e1e,Ford Fiesta 1.6 ZXi Leather,2006,95000,83411,Petrol,Individual,Manual,First Owner
690ac17d56d1bc0093028e1f,Volkswagen Vento Diesel Highline,2011,300000,120000,Diesel,Individual,Manual,Second Owner
690ac17d56d1bc0093028e20,Ford Fiesta 1.6 ZXi Leather,2006,81000,83411,Petrol,Individual,Manual,First Owner
690ac17d56d1bc0093028e21,Skoda Superb Elegance 2.0 TDI CR AT,2015,1000000,80000,Diesel,Individual,Automatic,Second Owner
690ac17d56d1bc0093028e22,Maruti Ertiga VDI,2019,925000,50000,Diesel,Individual,Manual,First Owner
690ac17d56d1bc0093028e23,Mahindra Bolero Power Plus Plus AC BSIV PS,2015,450000,40000,Diesel,Individual,Manual,First Owner
690ac17d56d1bc0093028e24,Mahindra Scorpio EX,2014,600000,13270,Diesel,Individual,Manual,First Owner
690ac17d56d1bc0093028e25,Hyundai Santro Xing XL AT eRLX Euro III,2006,85000,100000,Petrol,Individual,Automatic,Third Owner
690ac17d56d1bc0093028e26,Mahindra Thar DI 4X4 PS,2016,700000,50000,Diesel,Individual,Manual,First Owner
690ac17d56d1bc0093028e27,Hyundai Grand i10 1.2 Kappa Magna BSIV,2017,486000,26500,Petrol,Individual,Manual,First Owner
690ac17d56d1bc0093028e28,Maruti Swift VDI,2013,400000,90000,Diesel,Individual,Manual,First Owner
690ac17d56d1bc0093028e29,Ford Fiesta 1.4 Duratec ZXI,2008,120000,100000,Petrol,Individual,Manual,Third Owner
690ac17d56d1bc0093028e2a,Maruti Alto 800 LXI,2018,275000,35000,Petrol,Individual,Manual,First Owner
690ac17d56d1bc0093028e2b,Hyundai i20 Asta Option 1.4 CRDi,2016,580000,57000,Diesel,Individual,Manual,First Owner
690ac17d56d1bc0093028e2c,Maruti Swift Dzire LXI,2015,375000,70000,Petrol,Individual,Manual,First Owner
690ac17d56d1bc0093028e2d,Maruti Wagon R VXI BS IV with ABS,2015,229999,100000,Petrol,Individual,Manual,Third Owner
690ac17d56d1bc0093028e2e,Maruti Alto LX,2010,110000,88000,Petrol,Individual,Manual,Second Owner
690ac17d56d1bc0093028e2f,Maruti Swift Dzire VDI,2017,600000,60000,Diesel,Individual,Manual,First Owner
690ac17d56d1bc0093028e30,Maruti A-Star Vxi,2009,120000,76000,Petrol,Individual,Manual,Second Owner
690ac17d56d1bc0093028e31,Ford Figo Diesel Titanium,2010,200000,100000,Diesel,Individual,Manual,Second Owner
690ac17d56d1bc0093028e32,Hyundai Verna 1.6 SX CRDi (O),2012,450000,110000,Diesel,Individual,Manual,Second Owner
690ac17d56d1bc0093028e33,Hyundai Verna 1.6 SX CRDi (O),2012,550000,80000,Diesel,Individual,Manual,Second Owner
690ac17d56d1bc0093028e34,Maruti Alto LX,2012,220000,80000,Petrol,Individual,Manual,Second Owner
690ac17d56d1bc0093028e35,Maruti 800 EX,2001,40000,30000,Petrol,Individual,Manual,First Owner
690ac17d56d1bc0093028e36,Renault KWID Climber 1.0 AMT,2017,300000,20000,Petrol,Individual,Automatic,First Owner
690ac17d56d1bc0093028e37,Mahindra Bolero Power Plus SLE,2018,630000,40000,Diesel,Individual,Manual,First Owner
690ac17d56d1bc0093028e38,Maruti Swift Dzire VDI,2017,610000,40000,Diesel,Individual,Manual,Second Owner
690ac17d56d1bc0093028e39,Hyundai Xcent 1.2 VTVT S,2019,660000,7000,Petrol,Individual,Manual,Second Owner
690ac17d56d1bc0093028e3a,Maruti Wagon R LXI LPG BSIV,2012,220000,80000,LPG,Individual,Manual,Second Owner
690ac17d56d1bc0093028e3b,Nissan Micra Diesel XV Premium,2011,138000,90000,Diesel,Individual,Manual,Second Owner
690ac17d56d1bc0093028e3c,Nissan Micra Diesel XV Premium,2013,210000,13770,Diesel,Individual,Manual,First Owner
690ac17d56d1bc0093028e3d,Maruti Zen LXi - BS III,2005,125000,34000,Petrol,Dealer,Manual,First Owner
690ac17d56d1bc0093028e3e,Maruti Alto LXi BSIII,2008,125000,102000,Petrol,Dealer,Manual,First Owner
690ac17d56d1bc0093028e3f,Honda City i DTEC SV,2014,725000,110000,Diesel,Individual,Manual,First Owner
690ac17d56d1bc0093028e40,Maruti Alto K10 2010-2014 VXI,2011,170000,90000,Petrol,Individual,Manual,Second Owner
690ac17d56d1bc0093028e41,Toyota Innova 2.5 VX (Diesel) 7 Seater,2015,1200000,70000,Diesel,Individual,Manual,Third Owner
690ac17d56d1bc0093028e42,Maruti Wagon R VXI BSIII,2003,70000,90000,Petrol,Individual,Manual,Second Owner
690ac17d56d1bc0093028e43,Maruti Alto LXi,2007,100000,70000,Petrol,Individual,Manual,Second Owner
690ac17d56d1bc0093028e44,Honda Civic 1.8 (E) MT,2006,300000,80000,Petrol,Individual,Manual,Second Owner
690ac17d56d1bc0093028e45,Maruti Swift VDI,2013,450000,100000,Diesel,Individual,Manual,Second Owner
690ac17d56d1bc0093028e46,Maruti Swift Dzire VDI,2015,530000,100000,Diesel,Individual,Manual,First Owner
690ac17d56d1bc0093028e47,Maruti Zen Estilo 1.1 LXI BSIII,2007,100000,143000,Petrol,Individual,Manual,Third Owner
690ac17d56d1bc0093028e48,Honda City 1.5 V MT,2010,350000,115000,Petrol,Individual,Manual,Second Owner
690ac17d56d1bc0093028e49,Tata Manza ELAN Quadrajet BS IV,2011,165000,100000,Diesel,Individual,Manual,Second Owner
690ac17d56d1bc0093028e4a,Maruti Swift Dzire ZDI,2019,475000,120000,Diesel,Individual,Manual,Second Owner
690ac17d56d1bc0093028e4b,Mahindra Xylo E4 ABS BS IV,2013,350000,42000,Diesel,Individual,Manual,First Owner
690ac17d56d1bc0093028e4c,Renault KWID RXL,2016,229999,38000,Petrol,Individual,Manual,First Owner
690ac17d56d1bc0093028e4d,Honda WR-V i-DTEC VX,2018,800000,35000,Diesel,Individual,Manual,First Owner
690ac17d56d1bc0093028e4e,Maruti Swift Dzire ZDI,2014,475000,120000,Diesel,Individual,Manual,Second Owner
690ac17d56d1bc0093028e4f,Nissan Terrano XL 110 PS,2014,425000,136906,Diesel,Individual,Manual,First Owner
690ac17d56d1bc0093028e50,Maruti Ciaz VDi Plus,2015,660000,97000,Diesel,Individual,Manual,Second Owner
690ac17d56d1bc0093028e51,Honda Amaze S CVT Petrol,2019,610000,10000,Petrol,Individual,Automatic,First Owner
690ac17d56d1bc0093028e52,Honda Brio S MT,2013,240000,50000,Petrol,Individual,Manual,Third Owner
690ac17d56d1bc0093028e53,Maruti Esteem Lxi,2005,70000,60000,Petrol,Individual,Manual,Second Owner
690ac17d56d1bc0093028e54,Toyota Corolla Altis Diesel D4DGL,2011,550000,120000,Diesel,Individual,Manual,First Owner
690ac17d56d1bc0093028e55,Tata Indica Vista Aura 1.2 Safire,2010,100000,120000,Petrol,Individual,Manual,Second Owner
690ac17d56d1bc0093028e56,Mahindra Bolero SLE,2010,350000,90000,Diesel,Individual,Manual,Second Owner
690ac17d56d1bc0093028e57,Hyundai EON Era Plus,2013,200000,120000,Petrol,Individual,Manual,First Owner
690ac17d56d1bc0093028e58,Hyundai Elite i20 Asta Option CVT BSIV,2019,720000,3000,Petrol,Individual,Automatic,First Owner
690ac17d56d1bc0093028e59,Maruti Ritz VDi,2014,350000,133000,Diesel,Individual,Manual,First Owner
690ac17d56d1bc0093028e5a,Maruti Wagon R VXI BS IV,2016,400000,25000,Petrol,Individual,Manual,First Owner
690ac17d56d1bc0093028e5b,Hyundai i20 Active 1.2 S,2017,570000,35000,Petrol,Individual,Manual,First Owner
690ac17d56d1bc0093028e5c,Maruti Omni MPI STD BSIV,2015,130000,70000,Petrol,Individual,Manual,First Owner
690ac17d56d1bc0093028e5d,Maruti Alto 800 LXI,2016,210000,52000,Petrol,Individual,Manual,First Owner
690ac17d56d1bc0093028e5e,Hyundai Creta 1.4 E Plus,2018,800000,52000,Diesel,Individual,Manual,First Owner
690ac17d56d1bc0093028e5f,Honda Jazz 1.5 E i DTEC,2017,700000,39000,Diesel,Individual,Manual,First Owner
690ac17d56d1bc0093028e60,Tata Indica Vista Quadrajet VX,2011,200000,28689,Diesel,Individual,Manual,First Owner
690ac17d56d1bc0093028e61,Tata Aria Pure LX 4x2,2014,495000,90000,Diesel,Individual,Manual,Second Owner
690ac17d56d1bc0093028e62,Ford Fiesta Classic 1.4 Duratorq CLXI,2014,325000,80322,Diesel,Dealer,Manual,First Owner
690ac17d56d1bc0093028e63,Ford Freestyle Trend Petrol BSIV,2019,650000,8000,Petrol,Individual,Manual,First Owner
690ac17d56d1bc0093028e64,Mahindra Jeep MM 775 XDB,2000,155000,50000,Diesel,Individual,Manual,Second Owner
690ac17d56d1bc0093028e65,Maruti 800 AC BSIII,2007,75000,90000,Petrol,Individual,Manual,Second Owner
690ac17d56d1bc0093028e66,Hyundai Grand i10 1.2 CRDi Magna,2015,350000,61658,Diesel,Dealer,Manual,First Owner
690ac17d56d1bc0093028e67,Maruti Zen Estilo LX BSIV,2010,90000,50000,Petrol,Individual,Manual,Third Owner
690ac17d56d1bc0093028e68,Maruti Ertiga SHVS VDI,2016,600000,80000,Diesel,Individual,Manual,First Owner
690ac17d56d1bc0093028e69,Mahindra Scorpio SLE BSIII,2010,400000,185000,Diesel,Individual,Manual,First Owner
690ac17d56d1bc0093028e6a,Maruti Swift VDI BSIV,2014,370000,57000,Diesel,Individual,Manual,Second Owner
690ac17d56d1bc0093028e6b,Maruti 800 DX,2000,50000,60000,Petrol,Individual,Manual,First Owner
690ac17d56d1bc0093028e6c,Honda City 1.5 GXI,2004,125000,120000,Petrol,Individual,Manual,Second Owner
690ac17d56d1bc0093028e6d,Honda CR-V Diesel 4WD,2018,1800000,26000,Diesel,Individual,Automatic,First Owner
690ac17d56d1bc0093028e6e,Hyundai Grand i10 1.2 Kappa Magna AT,2019,650000,20000,Petrol,Individual,Automatic,First Owner
690ac17d56d1bc0093028e6f,Maruti Ertiga BSIV VXI AT,2017,800000,30600,Petrol,Individual,Automatic,First Owner
690ac17d56d1bc0093028e70,Volkswagen Polo 1.0 TSI Highline Plus,2020,802000,5000,Petrol,Individual,Manual,First Owner
690ac17d56d1bc0093028e71,Audi A4 35 TDI Premium,2015,2300000,35000,Diesel,Individual,Automatic,Third Owner
690ac17d56d1bc0093028e72,Hyundai Xcent 1.1 CRDi SX,2016,430000,35000,Diesel,Individual,Manual,First Owner
690ac17d56d1bc0093028e73,Hyundai Verna 1.6 SX VTVT,2017,650000,23000,Petrol,Individual,Manual,First Owner
690ac17d56d1bc0093028e74,Mahindra Scorpio 2.6 SLX Turbo 7 Seater,2004,170000,120000,Diesel,Individual,Manual,First Owner
690ac17d56d1bc0093028e75,Skoda Superb Elegance 2.0 TDI CR AT,2011,450000,235000,Diesel,Individual,Automatic,First Owner
690ac17d56d1bc0093028e76,Maruti Alto 800 LXI,2013,250000,87000,Petrol,Individual,Manual,First Owner
690ac17d56d1bc0093028e77,Ford Ecosport 1.0 Ecoboost Titanium,2014,550000,72000,Petrol,Individual,Manual,Second Owner
690ac17d56d1bc0093028e78,Jaguar XF 3.0 Litre S Premium Luxury,2013,2000000,64000,Diesel,Individual,Automatic,Second Owner
690ac17d56d1bc0093028e79,Maruti Zen Estilo VXI BSIII,2007,140000,100000,Petrol,Individual,Manual,Second Owner
690ac17d56d1bc0093028e7a,Chevrolet Beat LT,2012,155000,12000,Petrol,Individual,Manual,First Owner
690ac17d56d1bc0093028e7b,Hyundai Accent Executive,2010,120000,67000,Petrol,Individual,Manual,Third Owner
690ac17d56d1bc0093028e7c,Toyota Innova 2.5 E 8 STR,2012,287000,70000,Diesel,Individual,Manual,First Owner
690ac17d56d1bc0093028e7d,Maruti Baleno Alpha 1.3,2016,675000,60000,Diesel,Individual,Manual,First Owner
690ac17d56d1bc0093028e7e,Hyundai i10 Magna 1.2 iTech SE,2011,235000,74500,Petrol,Individual,Manual,Second Owner
690ac17d56d1bc0093028e7f,Hyundai i20 1.4 CRDi Asta,2011,300000,118700,Diesel,Individual,Manual,Second Owner
690ac17d56d1bc0093028e80,Nissan Micra XL CVT,2015,434999,40000,Petrol,Individual,Automatic,Second Owner
690ac17d56d1bc0093028e81,Mahindra Scorpio VLX AT 2WD BSIII,2004,225000,223660,Diesel,Individual,Automatic,Third Owner
690ac17d56d1bc0093028e82,Toyota Corolla AE,2006,160000,140000,Petrol,Individual,Manual,Second Owner
690ac17d56d1bc0093028e83,Hyundai Grand i10 Nios Sportz,2020,600000,5000,Petrol,Individual,Manual,First Owner
690ac17d56d1bc0093028e84,Chevrolet Tavera Neo 3 LT 9 Seats BSIII,2016,470000,100000,Diesel,Individual,Manual,Second Owner
690ac17d56d1bc0093028e85,Maruti Swift Dzire VXi,2011,300000,100000,Petrol,Individual,Manual,Second Owner
690ac17d56d1bc0093028e86,Maruti Baleno Delta 1.2,2018,600000,2000,Petrol,Individual,Manual,First Owner
690ac17d56d1bc0093028e87,Hyundai Grand i10 Nios AMT Magna,2020,640000,4000,Petrol,Individual,Automatic,First Owner
690ac17d56d1bc0093028e88,Tata Indica DLS,2006,50000,120000,Diesel,Individual,Manual,Fourth & Above Owner
690ac17d56d1bc0093028e89,Hyundai Verna 1.6 VTVT S,2015,600000,35000,Petrol,Individual,Manual,First Owner
690ac17d56d1bc0093028e8a,Hyundai i10 Magna LPG,2014,290000,29000,LPG,Individual,Manual,First Owner
690ac17d56d1bc0093028e8b,Hyundai Verna 1.6 VTVT S,2015,600000,30000,Petrol,Individual,Manual,First Owner
690ac17d56d1bc0093028e8c,Tata Manza Aqua Quadrajet BS IV,2012,190000,120000,Diesel,Individual,Manual,First Owner
690ac17d56d1bc0093028e8d,Hyundai i10 Era 1.1,2008,160000,110000,Petrol,Individual,Manual,Third Owner
690ac17d56d1bc0093028e8e,Maruti Alto K10 VXI,2017,325000,15000,Petrol,Individual,Manual,First Owner
690ac17d56d1bc0093028e8f,Mahindra Bolero DI,2006,200000,73756,Diesel,Individual,Manual,First Owner
690ac17d56d1bc0093028e90,Toyota Fortuner 2.8 2WD AT BSIV,2018,2800000,40000,Diesel,Individual,Automatic,First Owner
690ac17d56d1bc0093028e91,Chevrolet Spark 1.0 LS,2011,125000,60000,Petrol,Individual,Manual,Third Owner
690ac17d56d1bc0093028e92,Hyundai i10 Magna 1.1,2008,155000,60000,Petrol,Individual,Manual,Fourth & Above Owner
690ac17d56d1bc0093028e93,Hyundai i20 Asta 1.4 CRDi,2015,550000,90000,Diesel,Individual,Manual,First Owner
690ac17d56d1bc0093028e94,Maruti Wagon R LX BSIII,2009,130000,70000,Petrol,Individual,Manual,Fourth & Above Owner
690ac17d56d1bc0093028e95,Maruti 800 AC,2002,80000,70000,Petrol,Individual,Manual,Second Owner
690ac17d56d1bc0093028e96,Toyota Etios Cross 1.4L GD,2015,500000,80000,Diesel,Individual,Manual,Second Owner
690ac17d56d1bc0093028e97,Renault KWID RXT BSIV,2019,250000,27000,Petrol,Individual,Manual,First Owner
690ac17d56d1bc0093028e98,Mahindra XUV500 W8 2WD,2012,580000,70000,Diesel,Individual,Manual,First Owner
690ac17d56d1bc0093028e99,Daewoo Matiz SD,2002,60000,50000,Petrol,Individual,Manual,First Owner
690ac17d56d1bc0093028e9a,Toyota Etios GD,2012,300000,185000,Diesel,Individual,Manual,First Owner
690ac17d56d1bc0093028e9b,Ford Figo Diesel Titanium,2014,200000,90000,Diesel,Individual,Manual,Second Owner
690ac17d56d1bc0093028e9c,Tata Hexa XT,2017,1200000,16400,Diesel,Individual,Manual,First Owner
690ac17d56d1bc0093028e9d,Toyota Etios Cross 1.4L GD,2015,350000,80000,Diesel,Individual,Manual,Second Owner
690ac17d56d1bc0093028e9e,Mahindra XUV500 W8 4WD,2012,600000,80000,Diesel,Individual,Manual,Second Owner
690ac17d56d1bc0093028e9f,Honda Jazz V,2019,650000,4000,Petrol,Individual,Manual,First Owner
690ac17d56d1bc0093028ea0,Maruti A-Star Lxi,2008,120000,40000,Petrol,Individual,Manual,First Owner
690ac17d56d1bc0093028ea1,Tata New Safari DICOR 2.2 EX 4x2,2010,180000,120000,Diesel,Individual,Manual,Second Owner
690ac17d56d1bc0093028ea2,Hyundai Verna VTVT 1.6 AT SX Option,2018,950000,41395,Petrol,Individual,Automatic,First Owner
690ac17d56d1bc0093028ea3,Tata Manza Aura Quadrajet BS IV,2012,250999,35000,Diesel,Individual,Manual,Second Owner
690ac17d56d1bc0093028ea4,Skoda Laura Ambiente 2.0 TDI CR MT,2012,385000,52000,Diesel,Dealer,Manual,First Owner
690ac17d56d1bc0093028ea5,Audi A8 L 3.0 TDI quattro,2009,1250000,47000,Diesel,Dealer,Automatic,Second Owner
690ac17d56d1bc0093028ea6,Chevrolet Beat LT,2013,165000,50000,Petrol,Individual,Manual,First Owner
690ac17d56d1bc0093028ea7,Hyundai Elantra SX,2015,700000,48000,Petrol,Dealer,Manual,First Owner
690ac17d56d1bc0093028ea8,Mahindra XUV500 W8 4WD,2015,750000,53000,Diesel,Dealer,Manual,First Owner
690ac17d56d1bc0093028ea9,Mahindra Renault Logan 1.5 DLS,2008,89999,213000,Diesel,Individual,Manual,First Owner
690ac17d56d1bc0093028eaa,Datsun redi-GO AMT 1.0 T Option,2018,290000,15000,Petrol,Dealer,Automatic,First Owner
690ac17d56d1bc0093028eab,Tata Nano Cx BSIII,2014,45000,7000,Petrol,Individual,Manual,Second Owner
690ac17d56d1bc0093028eac,Skoda Superb Ambition 2.0 TDI CR AT,2013,675000,88000,Diesel,Dealer,Automatic,First Owner
690ac17d56d1bc0093028ead,Nissan Terrano XL Plus 85 PS,2015,530000,55000,Diesel,Dealer,Manual,First Owner
690ac17d56d1bc0093028eae,BMW X1 sDrive20d M Sport,2014,1485000,48000,Diesel,Dealer,Automatic,First Owner
690ac17d56d1bc0093028eaf,Chevrolet Enjoy TCDi LT 7 Seater,2014,325000,71014,Diesel,Dealer,Manual,First Owner
690ac17d56d1bc0093028eb0,Honda Amaze S Diesel,2015,400000,60000,Diesel,Dealer,Manual,First Owner
690ac17d56d1bc0093028eb1,Mahindra KUV 100 D75 K6 Plus,2017,380000,71000,Diesel,Dealer,Manual,First Owner
690ac17d56d1bc0093028eb2,Honda City i-VTEC CVT VX,2016,750000,45000,Petrol,Dealer,Automatic,First Owner
690ac17d56d1bc0093028eb3,Honda Brio VX,2017,390000,45000,Petrol,Dealer,Manual,First Owner
690ac17d56d1bc0093028eb4,Maruti Alto LXi,2009,110000,20000,Petrol,Individual,Manual,First Owner
690ac17d56d1bc0093028eb5,MG Hector Sharp Diesel MT BSIV,2019,1825000,14000,Diesel,Dealer,Manual,First Owner
690ac17d56d1bc0093028eb6,Audi A4 35 TDI Premium Plus,2019,3256000,17000,Diesel,Dealer,Automatic,First Owner
690ac17d56d1bc0093028eb7,Renault Scala Diesel RxL,2015,370000,60000,Diesel,Dealer,Manual,First Owner
690ac17d56d1bc0093028eb8,Chevrolet Beat Diesel LT,2013,210000,80000,Diesel,Individual,Manual,Second Owner
690ac17d56d1bc0093028eb9,Skoda Laura Ambiente 1.9 PD,2007,175000,181000,Diesel,Individual,Manual,Fourth & Above Owner
690ac17d56d1bc0093028eba,Hyundai Verna 1.6 SX CRDi (O),2012,575000,89550,Diesel,Individual,Manual,Second Owner
690ac17d56d1bc0093028ebb,Mahindra Xylo D4,2010,320000,90000,Diesel,Individual,Manual,Third Owner
690ac17d56d1bc0093028ebc,Maruti Swift Ldi BSIV,2010,280000,149500,Diesel,Individual,Manual,Third Owner
690ac17d56d1bc0093028ebd,Renault Duster 85PS Diesel RxL Optional,2013,500000,190000,Diesel,Individual,Manual,Second Owner
690ac17d56d1bc0093028ebe,Ford Fiesta Diesel Style,2013,380000,83000,Diesel,Dealer,Manual,First Owner
690ac17d56d1bc0093028ebf,Maruti 800 AC BSIII,2005,120000,20000,Petrol,Individual,Manual,Second Owner
690ac17d56d1bc0093028ec0,Maruti Eeco 5 Seater AC BSIV,2018,395000,20000,Petrol,Individual,Manual,First Owner
690ac17d56d1bc0093028ec1,Skoda Laura 1.9 TDI MT Ambiente,2010,360000,160000,Diesel,Individual,Manual,First Owner
690ac17d56d1bc0093028ec2,Nissan Terrano XL Plus 85 PS,2015,451000,100000,Diesel,Individual,Manual,First Owner
690ac17d56d1bc0093028ec3,Chevrolet Spark 1.0 LS,2010,175000,45000,Petrol,Individual,Manual,Second Owner
690ac17d56d1bc0093028ec4,Chevrolet Spark 1.0 LS,2009,170000,44800,Petrol,Individual,Manual,Second Owner
690ac17d56d1bc0093028ec5,Hyundai Santro Xing XL eRLX Euro III,2006,100000,40000,Petrol,Individual,Manual,Second Owner
690ac17d56d1bc0093028ec6,Maruti Omni MPI STD BSIV,2014,150000,120000,Petrol,Individual,Manual,Third Owner
690ac17d56d1bc0093028ec7,Tata Indica Vista Quadrajet LX,2011,149000,10000,Diesel,Individual,Manual,Second Owner
690ac17d56d1bc0093028ec8,Tata Indica Vista Aqua 1.3 Quadrajet,2011,160000,80000,Diesel,Individual,Manual,Second Owner
690ac17d56d1bc0093028ec9,Datsun GO Plus T Option Petrol,2018,434999,10000,Petrol,Individual,Manual,First Owner
690ac17d56d1bc0093028eca,Mahindra XUV500 W8 4WD,2014,800000,156000,Diesel,Individual,Manual,First Owner
690ac17d56d1bc0093028ecb,Toyota Innova 2.5 VX (Diesel) 7 Seater BS IV,2010,819999,120000,Diesel,Individual,Manual,Second Owner
690ac17d56d1bc0093028ecc,Maruti Baleno Vxi,2007,163000,100000,Petrol,Individual,Manual,Second Owner
690ac17d56d1bc0093028ecd,Mercedes-Benz E-Class 220 CDI,2001,350000,100000,Diesel,Individual,Manual,Second Owner
690ac17d56d1bc0093028ece,Tata Indica GLS BS IV,2006,75000,100000,Petrol,Individual,Manual,Second Owner
690ac17d56d1bc0093028ecf,Maruti Alto LXi,2012,180000,60000,Petrol,Individual,Manual,Second Owner
690ac17d56d1bc0093028ed0,Ford Figo Aspire 1.5 TDCi Trend,2017,675000,30000,Diesel,Individual,Manual,First Owner
690ac17d56d1bc0093028ed1,Maruti Swift VDI,2013,400000,170000,Diesel,Individual,Manual,First Owner
690ac17d56d1bc0093028ed2,Volkswagen Polo Diesel Highline 1.2L,2013,434999,100000,Diesel,Individual,Manual,Second Owner
690ac17d56d1bc0093028ed3,Tata Indigo GLX,2006,100000,110000,Petrol,Individual,Manual,Second Owner
690ac17d56d1bc0093028ed4,Maruti Swift Dzire LDI Optional,2015,419000,170000,Diesel,Individual,Manual,Second Owner
690ac17d56d1bc0093028ed5,Tata Indica GLS BS IV,2009,200000,100000,Petrol,Individual,Manual,First Owner
690ac17d56d1bc0093028ed6,Renault Scala Diesel RxL,2014,400000,35000,Diesel,Individual,Manual,First Owner
690ac17d56d1bc0093028ed7,Ford EcoSport 1.5 Diesel Ambiente BSIV,2018,790000,40000,Diesel,Individual,Manual,Second Owner
690ac17d56d1bc0093028ed8,Renault Duster 85PS Diesel RxL Plus,2015,500000,90000,Diesel,Individual,Manual,Second Owner
690ac17d56d1bc0093028ed9,Skoda Rapid 1.6 TDI Elegance,2012,275000,120000,Diesel,Individual,Manual,Second Owner
690ac17d56d1bc0093028eda,Hyundai i20 1.4 CRDi Sportz,2012,450000,120000,Diesel,Individual,Manual,Second Owner
690ac17d56d1bc0093028edb,Mahindra XUV500 W11 Option AWD,2020,1400000,25000,Diesel,Dealer,Manual,First Owner
690ac17d56d1bc0093028edc,Renault Duster 110PS Diesel RxL,2015,800000,15000,Diesel,Individual,Manual,First Owner
690ac17d56d1bc0093028edd,Maruti Wagon R VXI,2014,315000,41000,Petrol,Dealer,Manual,First Owner
690ac17d56d1bc0093028ede,Maruti Baleno Alpha,2019,700000,16000,Petrol,Individual,Manual,First Owner
690ac17d56d1bc0093028edf,Mahindra Bolero SLX,2016,585000,51000,Diesel,Dealer,Manual,First Owner
690ac17d56d1bc0093028ee0,Chevrolet Sail 1.2 LT ABS,2014,350000,30000,Petrol,Individual,Manual,First Owner
690ac17d56d1bc0093028ee1,Honda City i-DTEC SV,2014,495000,80000,Diesel,Dealer,Manual,First Owner
690ac17d56d1bc0093028ee2,Hyundai Grand i10 1.2 Kappa Asta,2017,500000,50000,Petrol,Individual,Manual,First Owner
690ac17d56d1bc0093028ee3,Hyundai Grand i10 1.2 Kappa Sportz Option,2013,345000,44000,Petrol,Dealer,Manual,First Owner
690ac17d56d1bc0093028ee4,Maruti Baleno Sigma 1.2,2015,500000,10000,Petrol,Individual,Manual,First Owner
690ac17d56d1bc0093028ee5,Maruti Wagon R VXI,2016,360000,33000,Petrol,Dealer,Manual,First Owner
690ac17d56d1bc0093028ee6,Maruti Alto LXi BSIII,2010,210000,25000,Petrol,Individual,Manual,First Owner
690ac17d56d1bc0093028ee7,Maruti Alto K10 LXI,2014,220000,66000,Petrol,Dealer,Manual,First Owner
690ac17d56d1bc0093028ee8,Chevrolet Aveo 1.4 LT BSIV,2009,250000,48000,Petrol,Individual,Manual,First Owner
690ac17d56d1bc0093028ee9,Toyota Innova 2.5 G (Diesel) 8 Seater,2016,990000,146000,Diesel,Dealer,Manual,First Owner
690ac17d56d1bc0093028eea,Mahindra Quanto C4,2013,220000,100000,Diesel,Individual,Manual,Fourth & Above Owner
690ac17d56d1bc0093028eeb,Jaguar XF 3.0 Litre S Premium Luxury,2012,1800000,50000,Diesel,Individual,Automatic,Second Owner
690ac17d56d1bc0093028eec,Honda City i VTEC V,2014,530000,50000,Petrol,Individual,Manual,First Owner
690ac17d56d1bc0093028eed,Maruti Baleno Alpha 1.3,2016,575000,50000,Diesel,Individual,Manual,First Owner
690ac17d56d1bc0093028eee,Mahindra Xylo E4,2012,400000,99000,Diesel,Dealer,Manual,First Owner
690ac17d56d1bc0093028eef,Honda Mobilio S i DTEC,2016,680000,50000,Diesel,Individual,Manual,First Owner
690ac17d56d1bc0093028ef0,Hyundai Santa Fe 4WD AT,2014,1000000,80000,Diesel,Individual,Automatic,First Owner
690ac17d56d1bc0093028ef1,Maruti Alto 800 LXI,2016,260000,45000,Petrol,Individual,Manual,Second Owner
690ac17d56d1bc0093028ef2,Tata Manza Aura (ABS) Safire BS IV,2010,150000,50000,Petrol,Individual,Manual,Second Owner
690ac17d56d1bc0093028ef3,Maruti Alto LXi BSIII,2008,180000,70000,Petrol,Individual,Manual,Third Owner
690ac17d56d1bc0093028ef4,Force One EX,2014,346000,37516,Diesel,Individual,Manual,First Owner
690ac17d56d1bc0093028ef5,Mahindra Xylo D2 BS IV,2015,450000,20000,Diesel,Individual,Manual,First Owner
690ac17d56d1bc0093028ef6,Hyundai Grand i10 1.2 Kappa Sportz BSIV,2019,500000,5000,Petrol,Individual,Manual,First Owner
690ac17d56d1bc0093028ef7,Hyundai Grand i10 1.2 CRDi Asta,2019,700000,8000,Diesel,Individual,Manual,First Owner
690ac17d56d1bc0093028ef8,Maruti Alto 800 LXI,2019,280000,25880,Petrol,Individual,Manual,First Owner
690ac17d56d1bc0093028ef9,Hyundai Santro Magna AMT BSIV,2019,475000,10000,Petrol,Individual,Automatic,First Owner
690ac17d56d1bc0093028efa,Maruti Swift Dzire VDi,2009,300000,50000,Diesel,Individual,Manual,First Owner
690ac17d56d1bc0093028efb,Maruti Alto K10 LXI,2014,200999,40000,Petrol,Individual,Manual,First Owner
690ac17d56d1bc0093028efc,Skoda Laura 1.9 TDI MT Ambiente,2009,200000,100000,Diesel,Individual,Manual,Third Owner
690ac17d56d1bc0093028efd,Chevrolet Aveo U-VA 1.2 LS,2009,210000,80000,Petrol,Individual,Manual,Second Owner
690ac17d56d1bc0093028efe,Tata Indigo LS BSII,2012,160000,110000,Diesel,Individual,Manual,First Owner
690ac17d56d1bc0093028eff,Hyundai Verna CRDi SX ABS,2009,175000,136000,Diesel,Individual,Manual,Second Owner
690ac17d56d1bc0093028f00,Tata New Safari DICOR 2.2 GX 4x2 BS IV,2012,320000,80000,Diesel,Individual,Manual,First Owner
690ac17d56d1bc0093028f01,Maruti Alto LXi,2009,110000,50000,Petrol,Individual,Manual,Second Owner
690ac17d56d1bc0093028f02,Maruti Wagon R LXI Minor,2008,300000,30000,Petrol,Individual,Manual,First Owner
690ac17d56d1bc0093028f03,Honda City V MT,2012,700000,10000,Petrol,Individual,Manual,First Owner
690ac17d56d1bc0093028f04,Tata Indica Vista Aura 1.3 Quadrajet,2009,135000,90000,Diesel,Individual,Manual,Fourth & Above Owner
690ac17d56d1bc0093028f05,Mahindra Bolero Power Plus Plus Non AC BSIV PS,2015,500000,110000,Diesel,Individual,Manual,First Owner
690ac17d56d1bc0093028f06,Mahindra Scorpio VLX 2WD AIRBAG BSIV,2012,550000,120000,Diesel,Individual,Manual,Second Owner
690ac17d56d1bc0093028f07,Toyota Innova 2.5 Z Diesel 7 Seater BS IV,2014,1050000,90000,Diesel,Individual,Manual,Third Owner
690ac17d56d1bc0093028f08,Honda City i VTEC V,2016,500000,20000,Petrol,Individual,Manual,First Owner
690ac17d56d1bc0093028f09,Maruti Ritz VDi,2011,180000,90000,Diesel,Individual,Manual,Second Owner
690ac17d56d1bc0093028f0a,Hyundai Santro Xing GLS,2010,170000,50000,Petrol,Individual,Manual,Second Owner
690ac17d56d1bc0093028f0b,Honda Brio 1.2 S Option MT,2019,484999,9000,Petrol,Individual,Manual,First Owner
690ac17d56d1bc0093028f0c,Maruti A-Star Vxi,2011,150000,70000,Petrol,Individual,Manual,Second Owner
690ac17d56d1bc0093028f0d,Maruti Alto K10 VXI Airbag,2018,380000,25000,Petrol,Individual,Manual,First Owner
690ac17d56d1bc0093028f0e,Hyundai Santro Sportz BSIV,2019,480000,10000,Petrol,Individual,Manual,First Owner
690ac17d56d1bc0093028f0f,Tata Indica Vista Aura 1.3 Quadrajet,2009,135000,90000,Diesel,Individual,Manual,Fourth & Above Owner
690ac17d56d1bc0093028f10,Volkswagen Polo Diesel Highline 1.2L,2011,290000,60000,Diesel,Individual,Manual,Second Owner
690ac17d56d1bc0093028f11,Fiat Linea Dynamic,2013,350000,70000,Petrol,Individual,Manual,First Owner
690ac17d56d1bc0093028f12,Maruti Alto 800 LXI,2014,110000,25000,Petrol,Individual,Manual,First Owner
690ac17d56d1bc0093028f13,Hyundai Santro LE zipPlus,2003,70000,80000,Petrol,Individual,Manual,Third Owner
690ac17d56d1bc0093028f14,Volkswagen Vento Petrol Highline AT,2011,300000,70000,Petrol,Individual,Automatic,Third Owner
690ac17d56d1bc0093028f15,Maruti Alto 800 LX,2017,180000,60000,Petrol,Individual,Manual,First Owner
690ac17d56d1bc0093028f16,Renault KWID RXL,2020,300000,20000,Petrol,Individual,Manual,First Owner
690ac17d56d1bc0093028f17,Maruti Baleno Delta 1.2,2017,509000,60000,Petrol,Individual,Manual,First Owner
690ac17d56d1bc0093028f18,Maruti SX4 S Cross DDiS 320 Zeta,2016,650000,80000,Diesel,Individual,Manual,First Owner
690ac17d56d1bc0093028f19,Maruti Swift VDI BSIV,2015,450000,70000,Diesel,Individual,Manual,Third Owner
690ac17d56d1bc0093028f1a,Mahindra Jeep Classic,1999,170000,2020,Diesel,Individual,Manual,Second Owner
690ac17d56d1bc0093028f1b,Mahindra Scorpio 2.6 Turbo 7 Str,2007,210000,100000,Diesel,Individual,Manual,Second Owner
690ac17d56d1bc0093028f1c,Hyundai i20 Asta 1.4 CRDi,2013,360000,80000,Diesel,Individual,Manual,Second Owner
690ac17d56d1bc0093028f1d,Toyota Innova 2.5 GX (Diesel) 7 Seater BS IV,2011,495000,120000,Diesel,Individual,Manual,Second Owner
690ac17d56d1bc0093028f1e,Maruti Alto LX,2006,105000,100000,Petrol,Individual,Manual,Third Owner
690ac17d56d1bc0093028f1f,Hyundai i20 Magna,2010,270000,60000,Petrol,Individual,Manual,Third Owner
690ac17d56d1bc0093028f20,Ford Figo Petrol LXI,2010,130000,110000,Petrol,Individual,Manual,First Owner
690ac17d56d1bc0093028f21,Honda City i DTEC S,2014,700000,90000,Diesel,Individual,Manual,Second Owner
690ac17d56d1bc0093028f22,Chevrolet Cruze LTZ,2012,400000,40000,Diesel,Individual,Manual,First Owner
690ac17d56d1bc0093028f23,Maruti Swift ZXI ABS,2009,250000,60000,Petrol,Individual,Manual,Second Owner
690ac17d56d1bc0093028f24,Honda Amaze VX i-DTEC,2013,325000,94000,Diesel,Individual,Manual,Second Owner
690ac17d56d1bc0093028f25,Maruti Alto LXi,2008,69000,100000,Petrol,Individual,Manual,First Owner
690ac17d56d1bc0093028f26,Mahindra Scorpio S11 BSIV,2018,1380000,25000,Diesel,Individual,Manual,First Owner
690ac17d56d1bc0093028f27,Maruti Zen Estilo VXI BSIII,2007,90000,90000,Petrol,Individual,Manual,First Owner
690ac17d56d1bc0093028f28,Mahindra XUV500 W6 1.99 mHawk,2016,1000000,40000,Diesel,Individual,Manual,First Owner
690ac17d56d1bc0093028f29,Hyundai Accent GLE CNG,2010,145000,90000,CNG,Individual,Manual,Second Owner
690ac17d56d1bc0093028f2a,Maruti Alto K10 LX,2020,250000,1100,Petrol,Individual,Manual,Fourth & Above Owner
690ac17d56d1bc0093028f2b,Maruti Swift VDI,2011,256000,70000,Diesel,Individual,Manual,Third Owner
690ac17d56d1bc0093028f2c,Tata Indica DLS,2005,70000,120000,Diesel,Individual,Manual,First Owner
690ac17d56d1bc0093028f2d,Maruti Wagon R VX,2000,50000,88500,Petrol,Individual,Manual,Fourth & Above Owner
690ac17d56d1bc0093028f2e,Renault KWID RXT,2016,240000,70000,Petrol,Individual,Manual,Second Owner
690ac17d56d1bc0093028f2f,Tata Indica Vista Aqua 1.2 Safire BSIV,2010,97000,128000,Petrol,Individual,Manual,First Owner
690ac17d56d1bc0093028f30,Tata Indigo CR4,2012,130000,120000,Diesel,Individual,Manual,First Owner
690ac17d56d1bc0093028f31,Maruti Swift 1.3 VXi,2009,199000,52536,Petrol,Individual,Manual,First Owner
690ac17d56d1bc0093028f32,Honda Civic 1.8 S AT,2006,125000,70000,Petrol,Individual,Automatic,First Owner
690ac17d56d1bc0093028f33,Hyundai Xcent 1.1 CRDi Base,2015,420000,60000,Diesel,Individual,Manual,First Owner
690ac17d56d1bc0093028f34,Mahindra NuvoSport N8,2016,525000,110000,Diesel,Individual,Manual,First Owner
690ac17d56d1bc0093028f35,Hyundai Santro Xing GLS,2008,125000,85000,Petrol,Individual,Manual,First Owner
690ac17d56d1bc0093028f36,Hyundai Verna Transform CRDi VGT SX ABS,2010,325000,135000,Diesel,Individual,Manual,First Owner
690ac17d56d1bc0093028f37,Volkswagen Vento New Diesel Highline,2012,330000,86000,Diesel,Individual,Manual,Fourth & Above Owner
690ac17d56d1bc0093028f38,Maruti Wagon R LXI BS IV,2010,110000,50000,Petrol,Individual,Manual,First Owner
690ac17d56d1bc0093028f39,Maruti S-Presso VXI Plus,2019,450000,1950,Petrol,Individual,Manual,First Owner
690ac17d56d1bc0093028f3a,Maruti Swift 1.3 VXi,2005,85000,118400,Petrol,Individual,Manual,First Owner
690ac17d56d1bc0093028f3b,Honda Civic 1.8 S MT,2007,229999,70000,Petrol,Individual,Manual,Second Owner
690ac17d56d1bc0093028f3c,Hyundai i10 Magna,2012,250000,60000,Petrol,Individual,Manual,Second Owner
690ac17d56d1bc0093028f3d,Ford Ecosport 1.5 DV5 MT Titanium,2015,650000,68000,Diesel,Individual,Manual,First Owner
690ac17d56d1bc0093028f3e,Maruti Swift Dzire VDI,2017,600000,46507,Diesel,Trustmark Dealer,Manual,First Owner
690ac17d56d1bc0093028f3f,Toyota Etios Liva 1.2 VX,2017,650000,6480,Petrol,Trustmark Dealer,Manual,First Owner
690ac17d56d1bc0093028f40,Maruti Vitara Brezza VDi,2017,750000,32077,Diesel,Trustmark Dealer,Manual,First Owner
690ac17d56d1bc0093028f41,Toyota Yaris G,2018,850000,19107,Petrol,Trustmark Dealer,Manual,First Owner
690ac17d56d1bc0093028f42,Hyundai EON Era Plus Option,2017,315000,18469,Petrol,Trustmark Dealer,Manual,First Owner
690ac17d56d1bc0093028f43,Maruti Swift LXI Option,2015,415000,28217,Petrol,Trustmark Dealer,Manual,First Owner
690ac17d56d1bc0093028f44,Maruti Ciaz ZDi Plus,2016,640000,72787,Diesel,Trustmark Dealer,Manual,First Owner
690ac17d56d1bc0093028f45,Maruti Ciaz 1.4 Alpha,2017,780000,31063,Petrol,Trustmark Dealer,Manual,First Owner
690ac17d56d1bc0093028f46,Toyota Fortuner 4x2 AT,2017,2595000,79641,Diesel,Trustmark Dealer,Automatic,First Owner
690ac17d56d1bc0093028f47,Hyundai Creta 1.6 CRDi SX,2015,850000,58692,Diesel,Trustmark Dealer,Manual,First Owner
690ac17d56d1bc0093028f48,Hyundai Creta 1.6 CRDi SX,2015,900000,54784,Diesel,Trustmark Dealer,Manual,First Owner
690ac17d56d1bc0093028f49,Toyota Corolla Altis GL MT,2016,1150000,64156,Petrol,Trustmark Dealer,Manual,First Owner
690ac17d56d1bc0093028f4a,Maruti Esteem Lxi - BSIII,2007,75000,54000,Petrol,Individual,Manual,First Owner
690ac17d56d1bc0093028f4b,Volkswagen Vento Diesel Comfortline,2012,215000,97000,Diesel,Individual,Manual,First Owner
690ac17d56d1bc0093028f4c,Maruti SX4 ZXI AT,2009,130000,120000,Petrol,Individual,Automatic,Second Owner
690ac17d56d1bc0093028f4d,Hyundai Santro Magna AMT BSIV,2019,400000,16000,Petrol,Individual,Automatic,First Owner
690ac17d56d1bc0093028f4e,Maruti Swift Dzire AMT ZXI,2019,550000,60000,Petrol,Individual,Automatic,First Owner
690ac17d56d1bc0093028f4f,Chevrolet Beat LT,2016,245000,52000,Petrol,Dealer,Manual,First Owner
690ac17d56d1bc0093028f50,Maruti Swift VDI BSIV,2010,320000,110000,Diesel,Individual,Manual,Fourth & Above Owner
690ac17d56d1bc0093028f51,Mahindra TUV 300 T8 AMT,2016,730000,60000,Diesel,Individual,Automatic,Second Owner
690ac17d56d1bc0093028f52,Ford Fusion 1.6 Duratec Petrol,2005,120000,100000,Petrol,Individual,Manual,Third Owner
690ac17d56d1bc0093028f53,Honda City i-VTEC VX,2017,950000,35000,Petrol,Individual,Manual,First Owner
690ac17d56d1bc0093028f54,Maruti Wagon R VXI BS IV,2017,350000,48000,Petrol,Individual,Manual,Third Owner
690ac17d56d1bc0093028f55,Maruti Esteem Vxi,2005,100000,20000,Petrol,Individual,Manual,Second Owner
690ac17d56d1bc0093028f56,Maruti Wagon R VXI BS IV,2017,350000,30000,Petrol,Individual,Manual,First Owner
690ac17d56d1bc0093028f57,Maruti Wagon R VXI BSIII,2005,80000,40000,Petrol,Individual,Manual,Second Owner
690ac17d56d1bc0093028f58,Hyundai Verna 1.6 VTVT,2013,370000,60000,Petrol,Individual,Manual,First Owner
690ac17d56d1bc0093028f59,Hyundai EON D Lite Plus,2012,160000,70000,Petrol,Individual,Manual,Second Owner
690ac17d56d1bc0093028f5a,Tata Sumo Victa EX 7/9 Str BSII,2009,130000,120000,Diesel,Individual,Manual,First Owner
690ac17d56d1bc0093028f5b,Chevrolet Sail Hatchback 1.2 LS,2016,250000,30000,Petrol,Individual,Manual,First Owner
690ac17d56d1bc0093028f5c,Tata New Safari DICOR 2.2 GX 4x2 BS IV,2012,270000,80000,Diesel,Individual,Manual,Second Owner
690ac17d56d1bc0093028f5d,BMW X1 sDrive 20d xLine,2019,2600000,9500,Diesel,Individual,Automatic,First Owner
690ac17d56d1bc0093028f5e,Hyundai EON Era Plus,2013,160000,80000,Petrol,Individual,Manual,First Owner
690ac17d56d1bc0093028f5f,Hyundai EON Magna Plus,2016,229999,80000,Petrol,Individual,Manual,First Owner
690ac17d56d1bc0093028f60,Mahindra Bolero Power Plus ZLX,2017,750000,29000,Diesel,Individual,Manual,First Owner
690ac17d56d1bc0093028f61,Chevrolet Optra Magnum 2.0 LS,2011,195000,120000,Diesel,Individual,Manual,First Owner
690ac17d56d1bc0093028f62,Toyota Etios Cross 1.2L G,2015,320000,60000,Petrol,Individual,Manual,First Owner
690ac17d56d1bc0093028f63,Mahindra Scorpio S7 140 BSIV,2018,1100000,20000,Diesel,Individual,Manual,First Owner
690ac17d56d1bc0093028f64,Datsun RediGO S,2016,270000,22000,Petrol,Individual,Manual,First Owner
690ac17d56d1bc0093028f65,Skoda Fabia 1.2 MPI Ambition Plus,2012,300000,50000,Petrol,Individual,Manual,First Owner
690ac17d56d1bc0093028f66,Chevrolet Beat Diesel LT,2012,200000,50000,Diesel,Individual,Manual,First Owner
690ac17d56d1bc0093028f67,Maruti Zen Estilo 1.1 LXI BSIII,2007,120000,81366,Petrol,Individual,Manual,First Owner
690ac17d56d1bc0093028f68,Maruti Esteem Vxi - BSIII,2006,95000,110000,Petrol,Individual,Manual,First Owner
690ac17d56d1bc0093028f69,Volkswagen Polo Petrol Comfortline 1.2L,2013,400000,100000,Petrol,Individual,Manual,First Owner
690ac17d56d1bc0093028f6a,Toyota Innova 2.5 G (Diesel) 8 Seater BS IV,2006,229999,300000,Diesel,Individual,Manual,First Owner
690ac17d56d1bc0093028f6b,Mahindra KUV 100 mFALCON D75 K6,2016,430000,20000,Diesel,Individual,Manual,First Owner
690ac17d56d1bc0093028f6c,Renault Fluence 1.5,2012,300000,90000,Diesel,Individual,Manual,First Owner
690ac17d56d1bc0093028f6d,Fiat Linea Dynamic,2013,350000,70000,Petrol,Individual,Manual,First Owner
690ac17d56d1bc0093028f6e,Renault Duster 110PS Diesel RxZ,2013,450000,120000,Diesel,Individual,Manual,First Owner
690ac17d56d1bc0093028f6f,Renault KWID RXT,2016,200000,53000,Petrol,Individual,Manual,Second Owner
690ac17d56d1bc0093028f70,Maruti Alto 800 LXI,2017,250000,30000,Petrol,Individual,Manual,First Owner
690ac17d56d1bc0093028f71,Maruti Swift Dzire 1.2 Vxi BSIV,2012,368000,90000,Petrol,Individual,Manual,Second Owner
690ac17d56d1bc0093028f72,Maruti Swift Dzire 1.2 Vxi BSIV,2012,368000,90000,Petrol,Individual,Manual,Second Owner
690ac17d56d1bc0093028f73,Toyota Innova 2.5 GX (Diesel) 7 Seater,2014,650000,244000,Diesel,Individual,Manual,First Owner
690ac17d56d1bc0093028f74,Mahindra Jeep CL 500 MDI,1997,150000,120000,Diesel,Individual,Manual,Third Owner
690ac17d56d1bc0093028f75,Maruti Wagon R LXI DUO BS IV,2012,180000,60000,LPG,Individual,Manual,First Owner
690ac17d56d1bc0093028f76,Hyundai Grand i10 1.2 Kappa Sportz Option,2017,525000,15000,Petrol,Individual,Manual,First Owner
690ac17d56d1bc0093028f77,Ford Endeavour 4x4 XLT,2005,350000,150000,Diesel,Individual,Manual,Second Owner
690ac17d56d1bc0093028f78,Mahindra TUV 300 Plus P4,2018,850000,30000,Diesel,Individual,Manual,Second Owner
690ac17d56d1bc0093028f79,Volkswagen Jetta 2.0 TDI Comfortline,2011,350000,312000,Diesel,Individual,Manual,Third Owner
690ac17d56d1bc0093028f7a,Maruti Esteem Lxi - BSIII,2007,75000,54000,Petrol,Individual,Manual,First Owner
690ac17d56d1bc0093028f7b,Maruti Swift 1.3 VXi,2005,160000,67000,Petrol,Individual,Manual,First Owner
690ac17d56d1bc0093028f7c,Maruti Swift LDI Optional,2017,500000,40000,Diesel,Individual,Manual,First Owner
690ac17d56d1bc0093028f7d,Hyundai Santro Xing GLS,2008,130000,100000,Petrol,Individual,Manual,First Owner
690ac17d56d1bc0093028f7e,Tata Zest Quadrajet 1.3 75PS XE,2015,350000,100000,Diesel,Individual,Manual,Second Owner
690ac17d56d1bc0093028f7f,Maruti Wagon R LXI,2005,70000,80000,Petrol,Individual,Manual,First Owner
690ac17d56d1bc0093028f80,Toyota Innova 2.5 G (Diesel) 7 Seater,2014,750000,145000,Diesel,Individual,Manual,Second Owner
690ac17d56d1bc0093028f81,Honda Amaze VX i-DTEC,2013,450000,53000,Diesel,Individual,Manual,First Owner
690ac17d56d1bc0093028f82,Maruti Swift Dzire LDI,2015,430000,73000,Diesel,Individual,Manual,Third Owner
690ac17d56d1bc0093028f83,Maruti SX4 VDI,2011,260000,90000,Diesel,Individual,Manual,Third Owner
690ac17d56d1bc0093028f84,Maruti Swift VDI,2013,370000,80000,Diesel,Individual,Manual,Third Owner
690ac17d56d1bc0093028f85,Chevrolet Aveo 1.4 CNG,2011,229999,100000,CNG,Individual,Manual,First Owner
690ac17d56d1bc0093028f86,Ford Figo Diesel EXI,2011,140000,90000,Diesel,Individual,Manual,Third Owner
690ac17d56d1bc0093028f87,Toyota Innova 2.5 G (Diesel) 7 Seater,2013,700000,200000,Diesel,Individual,Manual,First Owner
690ac17d56d1bc0093028f88,Hyundai Elite i20 Magna Plus BSIV,2020,545000,7300,Petrol,Individual,Manual,First Owner
690ac17d56d1bc0093028f89,Datsun RediGO T Option,2017,200000,30000,Petrol,Individual,Manual,First Owner
690ac17d56d1bc0093028f8a,Tata Safari Storme VX,2015,500000,120000,Diesel,Individual,Manual,First Owner
690ac17d56d1bc0093028f8b,Maruti Alto LXi,2008,70000,90000,Petrol,Individual,Manual,Second Owner
690ac17d56d1bc0093028f8c,Mahindra Thar 4X4,2013,580000,25000,Diesel,Individual,Manual,Third Owner
690ac17d56d1bc0093028f8d,Maruti Eeco 5 STR With AC Plus HTR CNG,2012,160000,70000,CNG,Individual,Manual,Second Owner
690ac17d56d1bc0093028f8e,Hyundai Grand i10 1.2 Kappa Sportz BSIV,2018,450000,6000,Petrol,Individual,Manual,First Owner
690ac17d56d1bc0093028f8f,Maruti Alto LXi,2010,160000,36000,Petrol,Individual,Manual,First Owner
690ac17d56d1bc0093028f90,Maruti Ertiga SHVS ZDI Plus,2016,760000,49000,Diesel,Individual,Manual,First Owner
690ac17d56d1bc0093028f91,Hyundai EON Magna Optional,2015,300000,22000,Petrol,Individual,Manual,First Owner
690ac17d56d1bc0093028f92,Maruti Omni 5 Str STD LPG,1998,50000,35000,LPG,Individual,Manual,Second Owner
690ac17d56d1bc0093028f93,Mahindra Bolero 2011-2019 SLX,2019,800000,24000,Diesel,Individual,Manual,First Owner
690ac17d56d1bc0093028f94,Maruti Swift Dzire VDI,2018,680000,20000,Diesel,Individual,Manual,First Owner
690ac17d56d1bc0093028f95,Maruti 800 DUO AC LPG,2009,85000,50000,LPG,Individual,Manual,Second Owner
690ac17d56d1bc0093028f96,Toyota Innova Crysta 2.4 G MT BSIV,2016,1300000,70000,Diesel,Individual,Manual,First Owner
690ac17d56d1bc0093028f97,Maruti Swift VXI BSIV,2016,500000,60000,Petrol,Individual,Manual,First Owner
690ac17d56d1bc0093028f98,Audi Q5 2.0 TDI,2015,3500000,35000,Diesel,Individual,Automatic,First Owner
690ac17d56d1bc0093028f99,Hyundai Accent GLX,2008,145000,60000,Petrol,Individual,Manual,First Owner
690ac17d56d1bc0093028f9a,Mahindra Quanto C6,2013,300000,60000,Diesel,Individual,Manual,First Owner
690ac17d56d1bc0093028f9b,Maruti Swift VDI Optional,2017,600000,60000,Diesel,Individual,Manual,Second Owner
690ac17d56d1bc0093028f9c,Maruti Swift Dzire VXI,2015,400000,70000,Petrol,Individual,Manual,Second Owner
690ac17d56d1bc0093028f9d,Hyundai Santro Xing XK eRLX EuroIII,2007,130000,135000,Petrol,Individual,Manual,Second Owner
690ac17d56d1bc0093028f9e,Maruti 800 AC BSII,2001,45000,72539,Petrol,Individual,Manual,Second Owner
690ac17d56d1bc0093028f9f,Maruti Baleno Zeta 1.2,2017,641000,25000,Petrol,Individual,Manual,First Owner
690ac17d56d1bc0093028fa0,Maruti Swift Dzire VDI,2015,650000,50000,Diesel,Individual,Manual,First Owner
690ac17d56d1bc0093028fa1,Ford Freestyle Titanium Diesel,2020,784000,101,Diesel,Dealer,Manual,Test Drive Car
690ac17d56d1bc0093028fa2,Ford Figo Titanium,2020,635000,101,Petrol,Dealer,Manual,Test Drive Car
690ac17d56d1bc0093028fa3,Ford Ecosport 1.5 Diesel Titanium,2020,1000000,101,Diesel,Dealer,Manual,Test Drive Car
690ac17d56d1bc0093028fa4,Ford Figo 1.5D Titanium Opt MT,2015,495000,52328,Diesel,Dealer,Manual,First Owner
690ac17d56d1bc0093028fa5,Hyundai Santro Xing GLS,2013,324000,30000,Petrol,Individual,Manual,First Owner
690ac17d56d1bc0093028fa6,Ford Endeavour 3.2 Titanium AT 4X4,2016,2100000,91505,Diesel,Dealer,Automatic,First Owner
690ac17d56d1bc0093028fa7,Maruti Alto 800 LXI,2018,200000,35000,Petrol,Individual,Manual,First Owner
690ac17d56d1bc0093028fa8,Maruti Swift Dzire VDI,2015,320000,60000,Diesel,Individual,Manual,First Owner
690ac17d56d1bc0093028fa9,Hyundai EON Magna Optional,2015,300000,20500,Petrol,Individual,Manual,First Owner
690ac17d56d1bc0093028faa,Tata Indica Vista Quadrajet LX,2013,180000,200000,Diesel,Individual,Manual,First Owner
690ac17d56d1bc0093028fab,Toyota Innova 2.5 V Diesel 8-seater,2008,500000,154000,Diesel,Individual,Manual,Third Owner
690ac17d56d1bc0093028fac,Toyota Etios VX,2011,305000,120000,Petrol,Individual,Manual,Second Owner
690ac17d56d1bc0093028fad,Maruti 800 AC,2009,125000,50000,Petrol,Individual,Manual,Fourth & Above Owner
690ac17d56d1bc0093028fae,Maruti Swift Dzire ZDI,2015,800000,135000,Diesel,Individual,Manual,First Owner
690ac17d56d1bc0093028faf,Mahindra Scorpio SLE BSIV,2009,420000,100000,Diesel,Individual,Manual,First Owner
690ac17d56d1bc0093028fb0,Maruti Vitara Brezza ZDi Plus,2017,875000,40000,Diesel,Individual,Manual,First Owner
690ac17d56d1bc0093028fb1,Maruti Swift Dzire ZDI,2014,580000,70000,Diesel,Individual,Manual,First Owner
690ac17d56d1bc0093028fb2,Maruti Swift Ldi BSIV,2011,350000,133000,Diesel,Individual,Manual,Second Owner
690ac17d56d1bc0093028fb3,Hyundai Accent GLS,2004,120000,110000,Petrol,Individual,Manual,Second Owner
690ac17d56d1bc0093028fb4,Tata Indica Vista TDI LS,2013,150000,180000,Diesel,Individual,Manual,Third Owner
690ac17d56d1bc0093028fb5,Renault Duster 110PS Diesel RxZ,2013,650000,120000,Diesel,Individual,Manual,First Owner
690ac17d56d1bc0093028fb6,Maruti Alto K10 2010-2014 VXI,2010,225000,80000,Petrol,Individual,Manual,Second Owner
690ac17d56d1bc0093028fb7,Honda Amaze S AT i-Vtech,2014,400000,15000,Petrol,Individual,Automatic,First Owner
690ac17d56d1bc0093028fb8,Hyundai Getz GLS,2005,250000,70000,Petrol,Individual,Manual,First Owner
690ac17d56d1bc0093028fb9,Hyundai Santro Xing GL Plus,2008,120000,41723,Petrol,Individual,Manual,Second Owner
690ac17d56d1bc0093028fba,Maruti SX4 Vxi BSIV,2010,250000,70000,Petrol,Individual,Manual,First Owner
690ac17d56d1bc0093028fbb,Maruti Alto K10 LXI,2012,175000,20000,Petrol,Individual,Manual,Second Owner
690ac17d56d1bc0093028fbc,Renault Duster 85PS Diesel RxL,2013,450000,1000,Diesel,Dealer,Manual,Second Owner
690ac17d56d1bc0093028fbd,Maruti Ignis 1.3 Delta,2018,590000,26350,Diesel,Dealer,Manual,First Owner
690ac17d56d1bc0093028fbe,Tata Indigo CS LX (TDI) BS-III,2015,225000,68745,Diesel,Dealer,Manual,First Owner
690ac17d56d1bc0093028fbf,Mahindra XUV500 W6 2WD,2016,900000,47000,Diesel,Individual,Manual,First Owner
690ac17d56d1bc0093028fc0,Maruti Alto K10 VXI AGS,2017,375000,27289,Petrol,Dealer,Automatic,First Owner
690ac17d56d1bc0093028fc1,Hyundai EON Era Plus,2016,320000,24662,Petrol,Dealer,Manual,First Owner
690ac17d56d1bc0093028fc2,Maruti Swift Dzire VDI,2013,525000,37000,Diesel,Dealer,Manual,First Owner
690ac17d56d1bc0093028fc3,Nissan Evalia XV,2014,650000,28245,Diesel,Dealer,Manual,First Owner
690ac17d56d1bc0093028fc4,Hyundai Grand i10 1.2 CRDi Sportz Option,2017,575000,27005,Diesel,Dealer,Manual,First Owner
690ac17d56d1bc0093028fc5,Hyundai i10 Magna,2014,355000,39227,Petrol,Dealer,Manual,First Owner
690ac17d56d1bc0093028fc6,Mahindra KUV 100 D75 K4 Plus 5Str,2016,470000,31367,Diesel,Dealer,Manual,First Owner
690ac17d56d1bc0093028fc7,Maruti Wagon R LXI,2008,221000,35008,Petrol,Dealer,Manual,First Owner
690ac17d56d1bc0093028fc8,Hyundai Santro Xing GLS,2009,195000,27005,Petrol,Dealer,Manual,First Owner
690ac17d56d1bc0093028fc9,Hyundai Santro Xing XG,2004,90000,100005,Petrol,Dealer,Manual,Second Owner
690ac17d56d1bc0093028fca,Hyundai Verna SX Diesel,2013,580000,45264,Diesel,Dealer,Manual,First Owner
690ac17d56d1bc0093028fcb,Maruti Eeco 7 Seater Standard BSIV,2014,325000,39093,Petrol,Dealer,Manual,First Owner
690ac17d56d1bc0093028fcc,Honda City Corporate Edition,2013,495000,45241,Petrol,Dealer,Manual,First Owner
690ac17d56d1bc0093028fcd,Hyundai EON Era,2014,290000,12000,Petrol,Dealer,Manual,First Owner
690ac17d56d1bc0093028fce,Datsun RediGO 1.0 T Option,2018,375000,2769,Petrol,Dealer,Manual,First Owner
690ac17d56d1bc0093028fcf,Tata Indica Vista TDI LS,2011,211000,43128,Diesel,Dealer,Manual,First Owner
690ac17d56d1bc0093028fd0,Hyundai i20 Asta,2010,270000,110000,Petrol,Individual,Manual,Second Owner
690ac17d56d1bc0093028fd1,Maruti Alto LXI,2004,70000,50000,Petrol,Individual,Manual,Second Owner
690ac17d56d1bc0093028fd2,Hyundai i10 Magna 1.2,2010,225000,60000,Petrol,Individual,Manual,Second Owner
690ac17d56d1bc0093028fd3,Mahindra Scorpio LX,2014,420000,70000,Diesel,Individual,Manual,Third Owner
690ac17d56d1bc0093028fd4,Chevrolet Sail Hatchback 1.2 LS,2015,280000,22255,Petrol,Individual,Manual,First Owner
690ac17d56d1bc0093028fd5,Hyundai i20 Sportz 1.2,2013,400000,59213,Petrol,Individual,Manual,First Owner
690ac17d56d1bc0093028fd6,Mahindra XUV500 W6 2WD,2015,850000,55000,Diesel,Individual,Manual,First Owner
690ac17d56d1bc0093028fd7,Ford Fiesta Titanium 1.5 TDCi,2011,550000,80000,Diesel,Individual,Manual,First Owner
690ac17d56d1bc0093028fd8,Ford Fiesta Titanium 1.5 TDCi,2011,550000,80000,Diesel,Individual,Manual,First Owner
690ac17d56d1bc0093028fd9,Renault Captur 1.5 Diesel RXT Mono,2018,1000000,40000,Diesel,Individual,Manual,First Owner
690ac17d56d1bc0093028fda,Mahindra Xylo D2 Maxx,2014,350000,170000,Diesel,Individual,Manual,First Owner
690ac17d56d1bc0093028fdb,Tata New Safari DICOR 2.2 EX 4x2,2011,350000,170000,Diesel,Individual,Manual,Second Owner
690ac17d56d1bc0093028fdc,Honda Civic 1.8 S MT,2007,170000,70000,Petrol,Individual,Manual,Third Owner
690ac17d56d1bc0093028fdd,Ford Aspire Titanium BSIV,2020,828999,1010,Petrol,Dealer,Manual,Test Drive Car
690ac17d56d1bc0093028fde,Ford EcoSport 1.5 Ti VCT MT Titanium BE BSIV,2020,1119000,1010,Petrol,Dealer,Manual,Test Drive Car
690ac17d56d1bc0093028fdf,Ford Figo Titanium,2020,746000,1111,Petrol,Dealer,Manual,Test Drive Car
690ac17d56d1bc0093028fe0,Ford Ecosport 1.5 Petrol Trend,2020,1030000,1010,Petrol,Dealer,Manual,Test Drive Car
690ac17d56d1bc0093028fe1,Ford EcoSport 1.5 TDCi Titanium Plus BSIV,2020,1334000,1010,Diesel,Dealer,Manual,Test Drive Car
690ac17d56d1bc0093028fe2,Ford Freestyle Titanium,2020,811999,1010,Petrol,Dealer,Manual,Test Drive Car
690ac17d56d1bc0093028fe3,Ford Ecosport Thunder Edition Diesel,2020,1331000,1010,Diesel,Dealer,Manual,Test Drive Car
690ac17d56d1bc0093028fe4,Ford Freestyle Titanium Plus,2020,852000,1010,Petrol,Dealer,Manual,Test Drive Car
690ac17d56d1bc0093028fe5,Tata Indica DLE,2006,45000,120000,Diesel,Individual,Manual,Second Owner
690ac17d56d1bc0093028fe6,Renault Duster 85PS Diesel RxL Optional,2013,430000,70000,Diesel,Individual,Manual,Third Owner
690ac17d56d1bc0093028fe7,Tata Indigo LX,2011,140000,60000,Diesel,Individual,Manual,Second Owner
690ac17d56d1bc0093028fe8,Mahindra Scorpio S2 9 Seater,2015,830000,70000,Diesel,Individual,Manual,First Owner
690ac17d56d1bc0093028fe9,Mahindra Scorpio VLS 2.2 mHawk,2009,409999,110000,Diesel,Individual,Manual,Second Owner
690ac17d56d1bc0093028fea,Maruti Swift VDI,2012,190000,80000,Diesel,Individual,Manual,Third Owner
690ac17d56d1bc0093028feb,Honda Accord VTi-L (MT),2007,200000,80000,Petrol,Individual,Manual,Second Owner
690ac17d56d1bc0093028fec,Hyundai Accent GLX,2006,120000,110000,Petrol,Individual,Manual,Second Owner
690ac17d56d1bc0093028fed,Mahindra Bolero Power Plus Plus AC BSIV PS,2019,850000,50000,Diesel,Individual,Manual,First Owner
690ac17d56d1bc0093028fee,Tata Indigo CS LE (TDI) BS-III,2011,95000,115000,Diesel,Individual,Manual,Fourth & Above Owner
690ac17d56d1bc0093028fef,Maruti Wagon R LXI BS IV,2013,213000,80000,Petrol,Individual,Manual,First Owner
690ac17d56d1bc0093028ff0,Volkswagen Ameo 1.5 TDI Highline Plus 16,2018,660000,25000,Diesel,Individual,Manual,First Owner
690ac17d56d1bc0093028ff1,Nissan Micra XL,2017,415000,48965,Petrol,Dealer,Manual,First Owner
690ac17d56d1bc0093028ff2,Ford Ecosport 1.5 Petrol Titanium Plus,2019,1100000,5166,Petrol,Dealer,Manual,Test Drive Car
690ac17d56d1bc0093028ff3,Mahindra XUV500 W8 4WD,2012,650000,76290,Diesel,Dealer,Manual,First Owner
690ac17d56d1bc0093028ff4,Mahindra XUV500 AT W10 AWD,2016,969999,70000,Diesel,Individual,Automatic,Second Owner
690ac17d56d1bc0093028ff5,Mahindra XUV500 W10 2WD,2016,1250000,35000,Diesel,Individual,Manual,First Owner
690ac17d56d1bc0093028ff6,Maruti Swift Dzire AMT VDI,2017,715000,25000,Diesel,Individual,Automatic,First Owner
690ac17d56d1bc0093028ff7,Maruti Swift Dzire AMT VDI,2017,715000,25000,Diesel,Individual,Automatic,First Owner
690ac17d56d1bc0093028ff8,Maruti Swift VDI,2016,565000,47000,Diesel,Dealer,Manual,First Owner
690ac17d56d1bc0093028ff9,Mahindra Thar 4X4,2013,615000,45766,Diesel,Individual,Manual,Second Owner
690ac17d56d1bc0093028ffa,Tata New Safari 4X4,2007,199000,78771,Diesel,Dealer,Manual,Second Owner
690ac17d56d1bc0093028ffb,Maruti Swift Vdi BSIII,2010,325000,79357,Diesel,Dealer,Manual,First Owner
690ac17d56d1bc0093028ffc,Ford Figo Diesel EXI,2012,409999,28000,Diesel,Individual,Manual,First Owner
690ac17d56d1bc0093028ffd,Hyundai Verna SX CRDi AT,2012,500000,72000,Diesel,Dealer,Automatic,Second Owner
690ac17d56d1bc0093028ffe,Ford Figo Diesel LXI,2011,225000,76736,Diesel,Dealer,Manual,Second Owner
690ac17d56d1bc0093028fff,Maruti Alto LX BSIII,2007,135000,70000,Petrol,Individual,Manual,Second Owner
690ac17d56d1bc0093029000,Renault Koleos 2.0 Diesel,2012,750000,80000,Diesel,Individual,Automatic,Second Owner
690ac17d56d1bc0093029001,Maruti Wagon R LXI DUO BSIII,2009,155000,60000,LPG,Individual,Manual,Second Owner
690ac17d56d1bc0093029002,Volkswagen Polo Diesel Highline 1.2L,2012,335000,77000,Diesel,Dealer,Manual,Third Owner
690ac17d56d1bc0093029003,Ford Ikon 1.8 D,2005,114999,92645,Diesel,Dealer,Manual,Fourth & Above Owner
690ac17d56d1bc0093029004,Mercedes-Benz New C-Class 200 CDI Classic,2007,699000,101849,Diesel,Dealer,Manual,Second Owner
690ac17d56d1bc0093029005,Mahindra Bolero DI,2004,110000,120000,Diesel,Individual,Manual,Fourth & Above Owner
690ac17d56d1bc0093029006,Hyundai i20 Asta 1.2,2012,300000,80000,Petrol,Individual,Manual,First Owner
690ac17d56d1bc0093029007,Mahindra Scorpio S4 4WD,2014,700000,70000,Diesel,Individual,Manual,Second Owner
690ac17d56d1bc0093029008,Maruti Ertiga SHVS LDI Option,2017,700000,120000,Diesel,Individual,Manual,First Owner
690ac17d56d1bc0093029009,Maruti Alto 800 LXI,2013,210000,42000,Petrol,Individual,Manual,Third Owner
690ac17d56d1bc009302900a,Maruti Ertiga VDI,2012,600000,120000,Diesel,Individual,Manual,Third Owner
690ac17d56d1bc009302900b,Tata Manza Aura (ABS) Quadrajet BS IV,2012,180000,155836,Diesel,Individual,Manual,Second Owner
690ac17d56d1bc009302900c,Maruti Wagon R VXi BSII,2011,220000,59000,Petrol,Individual,Manual,Second Owner
690ac17d56d1bc009302900d,Chevrolet Spark 1.0 LT,2009,70000,60000,Petrol,Individual,Manual,First Owner
690ac17d56d1bc009302900e,Hyundai Creta 1.4 CRDi Base,2018,950000,70000,Diesel,Individual,Manual,Second Owner
690ac17d56d1bc009302900f,Ford Fiesta 1.5 TDCi Ambiente,2014,800000,20000,Diesel,Individual,Manual,First Owner
690ac17d56d1bc0093029010,Mahindra XUV500 W8 4WD,2012,700000,120000,Diesel,Individual,Manual,Third Owner
690ac17d56d1bc0093029011,Renault KWID 1.0,2016,265000,40000,Petrol,Individual,Manual,First Owner
690ac17d56d1bc0093029012,Volkswagen Polo Diesel Trendline 1.2L,2011,175000,90000,Diesel,Individual,Manual,Third Owner
690ac17d56d1bc0093029013,Mahindra Quanto C6,2012,260000,89000,Diesel,Individual,Manual,Second Owner
690ac17d56d1bc0093029014,Toyota Innova 2.5 VX (Diesel) 7 Seater,2013,950000,80000,Diesel,Individual,Manual,Third Owner
690ac17d56d1bc0093029015,Maruti Swift Vdi BSIII,2009,250000,200000,Diesel,Individual,Manual,Fourth & Above Owner
690ac17d56d1bc0093029016,Mahindra Scorpio S10 7 Seater,2015,630000,50000,Diesel,Individual,Manual,First Owner
690ac17d56d1bc0093029017,Tata Nano LX SE,2012,35000,35000,Petrol,Individual,Manual,Third Owner
690ac17d56d1bc0093029018,Renault Duster 85PS Diesel RxL,2013,450000,1000,Diesel,Dealer,Manual,Second Owner
690ac17d56d1bc0093029019,Mercedes-Benz C-Class Progressive C 220d,2018,3800000,10000,Diesel,Dealer,Automatic,First Owner
690ac17d56d1bc009302901a,Audi A4 3.0 TDI Quattro,2013,1580000,86000,Diesel,Dealer,Automatic,First Owner
690ac17d56d1bc009302901b,BMW X5 xDrive 30d xLine,2019,4950000,30000,Diesel,Dealer,Automatic,First Owner
690ac17d56d1bc009302901c,Hyundai Creta 1.6 CRDi SX,2016,535000,52600,Diesel,Individual,Manual,First Owner
690ac17d56d1bc009302901d,Maruti SX4 Vxi BSIV,2012,225000,110000,Petrol,Individual,Manual,Second Owner
690ac17d56d1bc009302901e,Hyundai Grand i10 1.2 Kappa Magna AT,2017,550000,19890,Petrol,Dealer,Automatic,First Owner
690ac17d56d1bc009302901f,Maruti Swift ZXI BSIV,2016,670000,7104,Petrol,Trustmark Dealer,Manual,First Owner
690ac17d56d1bc0093029020,Maruti Ertiga VXI,2015,625000,11918,Petrol,Trustmark Dealer,Manual,First Owner
690ac17d56d1bc0093029021,Hyundai Grand i10 Magna AT,2017,520000,10510,Petrol,Dealer,Automatic,First Owner
690ac17d56d1bc0093029022,Chevrolet Beat LT Option,2016,239000,41000,Petrol,Dealer,Manual,First Owner
690ac17d56d1bc0093029023,Toyota Fortuner 4x2 AT,2017,2600000,47162,Diesel,Trustmark Dealer,Automatic,First Owner
690ac17d56d1bc0093029024,Maruti S-Cross Zeta DDiS 200 SH,2015,750000,45974,Diesel,Trustmark Dealer,Manual,First Owner
690ac17d56d1bc0093029025,Hyundai i10 Magna,2012,229999,49824,Petrol,Dealer,Manual,First Owner
690ac17d56d1bc0093029026,Audi A6 2.0 TDI Premium Plus,2013,1300000,58500,Diesel,Dealer,Automatic,First Owner
690ac17d56d1bc0093029027,Hyundai Santro GS,2005,80000,56580,Petrol,Dealer,Manual,First Owner
690ac17d56d1bc0093029028,Skoda Laura Ambiente 2.0 TDI CR MT,2012,385000,52000,Diesel,Dealer,Manual,First Owner
690ac17d56d1bc0093029029,Hyundai Verna 1.6 VTVT SX,2015,760000,55340,Petrol,Trustmark Dealer,Manual,First Owner
690ac17d56d1bc009302902a,Maruti Swift Dzire VDI,2017,600000,46507,Diesel,Trustmark Dealer,Manual,First Owner
690ac17d56d1bc009302902b,Chevrolet Enjoy TCDi LS 8 Seater,2014,330000,200000,Diesel,Individual,Manual,Third Owner
690ac17d56d1bc009302902c,Maruti Alto LXi,2009,150000,120000,Petrol,Individual,Manual,First Owner
690ac17d56d1bc009302902d,Tata Indigo LS,2008,105000,90000,Diesel,Individual,Manual,First Owner
690ac17d56d1bc009302902e,Tata Indica Vista TDI LX,2013,185000,65000,Diesel,Individual,Manual,First Owner
690ac17d56d1bc009302902f,Fiat Grande Punto EVO 1.3 Active,2014,260000,50000,Diesel,Individual,Manual,First Owner
690ac17d56d1bc0093029030,Maruti Swift Dzire VDi,2012,450000,33000,Diesel,Individual,Manual,First Owner
690ac17d56d1bc0093029031,Maruti Swift VXI Deca,2016,500000,38000,Petrol,Individual,Manual,First Owner
690ac17d56d1bc0093029032,Maruti Alto K10 2010-2014 VXI,2012,260000,40000,Petrol,Individual,Manual,First Owner
690ac17d56d1bc0093029033,Volkswagen Polo Diesel Trendline 1.2L,2012,265000,55000,Diesel,Individual,Manual,Second Owner
690ac17d56d1bc0093029034,Mahindra Thar CRDe,2017,800000,26000,Diesel,Individual,Manual,Second Owner
690ac17d56d1bc0093029035,Tata Safari Storme VX Varicor 400,2016,869999,80000,Diesel,Individual,Manual,First Owner
690ac17d56d1bc0093029036,Maruti Baleno Alpha 1.2,2018,690000,40000,Petrol,Individual,Manual,First Owner
690ac17d56d1bc0093029037,Mitsubishi Pajero 2.8 SFX BSIV Dual Tone,2011,825000,120000,Diesel,Individual,Manual,First Owner
690ac17d56d1bc0093029038,Maruti Alto LX BSIII,2006,160000,63230,Petrol,Individual,Manual,Second Owner
690ac17d56d1bc0093029039,Mahindra Scorpio 2.6 SLX CRDe,2006,300000,120000,Diesel,Individual,Manual,Second Owner
690ac17d56d1bc009302903a,Maruti Wagon R VXI,2005,100000,100000,Petrol,Individual,Manual,Third Owner
690ac17d56d1bc009302903b,Hyundai i20 Asta 1.4 CRDi,2015,530000,77000,Diesel,Individual,Manual,Second Owner
690ac17d56d1bc009302903c,Maruti Swift VXI Optional,2016,360000,30000,Petrol,Individual,Manual,First Owner
690ac17d56d1bc009302903d,Maruti Swift 1.2 DLX,2015,220000,40000,Petrol,Individual,Manual,First Owner
690ac17d56d1bc009302903e,Maruti Alto 800 LXI,2017,178000,35000,Petrol,Individual,Manual,First Owner
690ac17d56d1bc009302903f,Mahindra Thar DI 4X2,2018,515000,5000,Diesel,Individual,Manual,First Owner
690ac17d56d1bc0093029040,Maruti Ritz VXi,2014,300000,35000,Petrol,Individual,Manual,First Owner
690ac17d56d1bc0093029041,Tata Indigo LS,2008,105000,90000,Diesel,Individual,Manual,First Owner
690ac17d56d1bc0093029042,Tata Indica Vista TDI LX,2013,185000,65000,Diesel,Individual,Manual,First Owner
690ac17d56d1bc0093029043,Tata Indica Vista Quadrajet LS,2012,150000,80000,Diesel,Individual,Manual,Second Owner
690ac17d56d1bc0093029044,Fiat Grande Punto EVO 1.3 Active,2014,260000,50000,Diesel,Individual,Manual,First Owner
690ac17d56d1bc0093029045,Maruti Swift Dzire VDi,2012,450000,33000,Diesel,Individual,Manual,First Owner
690ac17d56d1bc0093029046,Maruti Swift VXI Deca,2016,500000,38000,Petrol,Individual,Manual,First Owner
690ac17d56d1bc0093029047,Maruti Alto K10 2010-2014 VXI,2012,260000,40000,Petrol,Individual,Manual,First Owner
690ac17d56d1bc0093029048,Volkswagen Polo Diesel Trendline 1.2L,2012,265000,55000,Diesel,Individual,Manual,Second Owner
690ac17d56d1bc0093029049,Tata Nexon 1.2 Revotron XZ Plus Dual Tone,2017,750000,15000,Petrol,Individual,Manual,First Owner
690ac17d56d1bc009302904a,Mahindra Thar CRDe,2017,800000,26000,Diesel,Individual,Manual,Second Owner
690ac17d56d1bc009302904b,Tata Safari Storme VX Varicor 400,2016,869999,80000,Diesel,Individual,Manual,First Owner
690ac17d56d1bc009302904c,Toyota Innova 2.5 G1 BSIV,2012,950000,80000,Diesel,Individual,Manual,First Owner
690ac17d56d1bc009302904d,Maruti Baleno Alpha 1.2,2018,690000,40000,Petrol,Individual,Manual,First Owner
690ac17d56d1bc009302904e,Mitsubishi Pajero 2.8 SFX BSIV Dual Tone,2011,825000,120000,Diesel,Individual,Manual,First Owner
690ac17d56d1bc009302904f,Maruti 800 Std,2013,170000,70000,Petrol,Individual,Manual,First Owner
690ac17d56d1bc0093029050,Maruti Alto LX BSIII,2006,160000,63230,Petrol,Individual,Manual,Second Owner
690ac17d56d1bc0093029051,Mahindra Scorpio 2.6 SLX CRDe,2006,300000,120000,Diesel,Individual,Manual,Second Owner
690ac17d56d1bc0093029052,Datsun GO Plus A,2015,315000,45000,Petrol,Individual,Manual,Second Owner
690ac17d56d1bc0093029053,Maruti 800 Std BSII,2006,90000,40000,Petrol,Individual,Manual,Second Owner
690ac17d56d1bc0093029054,Maruti Wagon R VXI,2005,100000,100000,Petrol,Individual,Manual,Third Owner
690ac17d56d1bc0093029055,Tata Indica GLS BS IV,2008,65000,110000,Petrol,Individual,Manual,Third Owner
690ac17d56d1bc0093029056,Hyundai Verna 1.6 CRDI,2012,312000,90000,Diesel,Individual,Manual,Second Owner
690ac17d56d1bc0093029057,Maruti Vitara Brezza LDi,2018,700000,25000,Diesel,Individual,Manual,First Owner
690ac17d56d1bc0093029058,Hyundai Santro Xing XL eRLX Euro III,2005,150000,47000,Petrol,Individual,Manual,First Owner
690ac17d56d1bc0093029059,Renault Fluence 1.5,2013,450000,60000,Diesel,Individual,Manual,First Owner
690ac17d56d1bc009302905a,Hyundai Verna Transform CRDi VGT ABS,2010,229999,120000,Diesel,Individual,Manual,Second Owner
690ac17d56d1bc009302905b,Maruti Swift Ldi BSIII,2008,111000,120000,Diesel,Individual,Manual,First Owner
690ac17d56d1bc009302905c,Maruti Swift Dzire VDi,2012,250000,140000,Diesel,Individual,Manual,Second Owner
690ac17d56d1bc009302905d,Ford Freestyle Titanium Plus Diesel,2019,750000,1001,Diesel,Dealer,Manual,First Owner
690ac17d56d1bc009302905e,Ford Figo 1.5P Titanium AT,2017,774000,1758,Petrol,Dealer,Automatic,First Owner
690ac17d56d1bc009302905f,Ford Figo 1.5P Titanium AT,2018,711000,1452,Petrol,Dealer,Automatic,First Owner
690ac17d56d1bc0093029060,Ford Figo 1.5D Titanium MT,2017,600000,35122,Diesel,Dealer,Manual,First Owner
690ac17d56d1bc0093029061,Maruti Swift Dzire VDI,2015,455000,92621,Diesel,Dealer,Manual,First Owner
690ac17d56d1bc0093029062,Datsun GO T Petrol,2015,225000,92198,Petrol,Dealer,Manual,Second Owner
690ac17d56d1bc0093029063,Maruti Swift Dzire VDI,2019,650000,5000,Diesel,Individual,Manual,First Owner
690ac17d56d1bc0093029064,Chevrolet Beat LT,2013,200000,50000,Petrol,Individual,Manual,First Owner
690ac17d56d1bc0093029065,Hyundai Creta 1.6 CRDi AT SX Plus,2016,875000,74000,Diesel,Individual,Automatic,First Owner
690ac17d56d1bc0093029066,Skoda Rapid 1.5 TDI AT Ambition BSIV,2017,750000,40000,Diesel,Individual,Automatic,First Owner
690ac17d56d1bc0093029067,Maruti Swift Dzire AMT VDI,2019,725000,22000,Diesel,Individual,Automatic,First Owner
690ac17d56d1bc0093029068,Maruti Alto LXi,2007,100000,100000,Petrol,Individual,Manual,Second Owner
690ac17d56d1bc0093029069,Tata Hexa XT,2019,1100000,40000,Diesel,Individual,Manual,First Owner
690ac17d56d1bc009302906a,Ford Endeavour 3.2 Titanium AT 4X4,2017,2700000,30000,Diesel,Individual,Automatic,First Owner
690ac17d56d1bc009302906b,Renault KWID RXT Optional,2016,280000,23000,Petrol,Individual,Manual,First Owner
690ac17d56d1bc009302906c,Tata Indica Vista Aqua TDI BSIII,2009,150000,30000,Diesel,Individual,Manual,First Owner
690ac17d56d1bc009302906d,Tata Manza Aura Safire,2010,200000,50000,Petrol,Individual,Manual,First Owner
690ac17d56d1bc009302906e,Maruti Ritz VDi,2010,148000,100000,Diesel,Individual,Manual,Second Owner
690ac17d56d1bc009302906f,Maruti Swift Dzire VXi,2011,254999,70000,Petrol,Individual,Manual,Second Owner
690ac17d56d1bc0093029070,Maruti Swift Dzire ZXI,2013,360000,60000,Petrol,Individual,Manual,Second Owner
690ac17d56d1bc0093029071,Maruti Alto LX,2006,95000,90000,Petrol,Individual,Manual,Second Owner
690ac17d56d1bc0093029072,Mahindra Bolero SLE BSIII,2007,185000,230000,Diesel,Individual,Manual,Second Owner
690ac17d56d1bc0093029073,Tata Indica Vista Quadrajet VX,2012,185000,40000,Diesel,Individual,Manual,First Owner
690ac17d56d1bc0093029074,Renault KWID RXL,2019,300000,15000,Petrol,Individual,Manual,First Owner
690ac17d56d1bc0093029075,Hyundai Verna VTVT 1.6 SX,2018,800000,40000,Petrol,Individual,Manual,First Owner
690ac17d56d1bc0093029076,Maruti Zen LX,2000,60000,50000,Petrol,Individual,Manual,First Owner
690ac17d56d1bc0093029077,Fiat Punto 1.2 Active,2010,80000,50000,Petrol,Individual,Manual,Second Owner
690ac17d56d1bc0093029078,Hyundai Xcent 1.2 VTVT S,2018,500000,8000,Petrol,Individual,Manual,First Owner
690ac17d56d1bc0093029079,Hyundai EON Era Plus,2013,250000,35000,Petrol,Individual,Manual,First Owner
690ac17d56d1bc009302907a,Tata New Safari DICOR 2.2 EX 4x2,2010,250000,80000,Diesel,Individual,Manual,First Owner
690ac17d56d1bc009302907b,Maruti Wagon R LXI BSIII,2005,125000,50000,Petrol,Individual,Manual,Second Owner
690ac17d56d1bc009302907c,Maruti Alto LXi BSII,2002,100000,80000,Petrol,Individual,Manual,Fourth & Above Owner
690ac17d56d1bc009302907d,Mahindra Scorpio M2DI,2010,480000,90000,Diesel,Individual,Manual,First Owner
690ac17d56d1bc009302907e,Mahindra KUV 100 G80 K2,2018,320000,30000,Petrol,Individual,Manual,Second Owner
690ac17d56d1bc009302907f,Maruti A-Star Vxi,2010,130000,70000,Petrol,Individual,Manual,Second Owner
690ac17d56d1bc0093029080,Tata Indica DLS,2006,57000,80000,Diesel,Individual,Manual,Second Owner
690ac17d56d1bc0093029081,Hyundai Santro GLS I - Euro I,2005,75000,60000,Petrol,Individual,Manual,First Owner
690ac17d56d1bc0093029082,Maruti 800 DX,2003,60000,35000,Petrol,Individual,Manual,First Owner
690ac17d56d1bc0093029083,Maruti Alto LXi BSIII,2008,125000,70000,Petrol,Individual,Manual,First Owner
690ac17d56d1bc0093029084,Honda City 1.5 EXI S,2004,105000,100000,Petrol,Individual,Manual,Third Owner
690ac17d56d1bc0093029085,Maruti Wagon R LXI DUO BSIII,2008,125000,152000,LPG,Individual,Manual,Second Owner
690ac17d56d1bc0093029086,Maruti Zen LXI,1998,69000,70000,Petrol,Individual,Manual,Second Owner
690ac17d56d1bc0093029087,Tata Indigo LX,2012,130000,90000,Diesel,Individual,Manual,Second Owner
690ac17d56d1bc0093029088,Maruti Baleno Zeta 1.2,2019,630000,40000,Petrol,Individual,Manual,First Owner
690ac17d56d1bc0093029089,Honda Amaze E i-VTEC,2016,330000,50000,Petrol,Individual,Manual,Second Owner
690ac17d56d1bc009302908a,Maruti Wagon R VXI BS IV,2014,340000,15000,Petrol,Individual,Manual,Second Owner
690ac17d56d1bc009302908b,Hyundai Santro Xing XG eRLX Euro III,2006,60000,120000,Petrol,Individual,Manual,Third Owner
690ac17d56d1bc009302908c,Tata Safari Storme EX,2014,550000,78322,Diesel,Individual,Manual,First Owner
690ac17d56d1bc009302908d,Maruti Ertiga VDI,2014,480000,110000,Diesel,Individual,Manual,Second Owner
690ac17d56d1bc009302908e,Hyundai Verna 1.6 SX CRDi (O),2013,315000,80000,Diesel,Individual,Manual,Second Owner
690ac17d56d1bc009302908f,Ford Fiesta Titanium 1.5 TDCi,2012,165000,120000,Diesel,Individual,Manual,First Owner
690ac17d56d1bc0093029090,Chevrolet Beat LS,2016,170000,125000,Petrol,Individual,Manual,First Owner
690ac17d56d1bc0093029091,Maruti Baleno Delta 1.2,2018,550000,8000,Petrol,Individual,Manual,First Owner
690ac17d56d1bc0093029092,Volkswagen Ameo 1.2 MPI Trendline,2018,465000,13000,Petrol,Individual,Manual,First Owner
690ac17d56d1bc0093029093,Tata Indica Vista Quadrajet LX,2012,120000,80000,Diesel,Individual,Manual,Third Owner
690ac17d56d1bc0093029094,Hyundai Verna 1.6 Xi ABS,2008,220000,54309,Petrol,Individual,Manual,First Owner
690ac17d56d1bc0093029095,Ford Figo Diesel LXI,2011,180000,70000,Diesel,Individual,Manual,Second Owner
690ac17d56d1bc0093029096,Chevrolet Aveo 1.6 LT,2006,150000,34600,Petrol,Individual,Manual,Third Owner
690ac17d56d1bc0093029097,Tata Zest Revotron 1.2T XMS,2016,520000,25000,Petrol,Individual,Manual,First Owner
690ac17d56d1bc0093029098,Tata Safari Storme EX,2013,430000,80000,Diesel,Individual,Manual,Third Owner
690ac17d56d1bc0093029099,Mahindra Bolero DI DX 8 Seater,2009,300000,55000,Diesel,Individual,Manual,Second Owner
690ac17d56d1bc009302909a,Hyundai Venue SX Opt Diesel,2020,1000000,5000,Diesel,Individual,Manual,First Owner
690ac17d56d1bc009302909b,Honda WR-V i-DTEC VX,2017,725000,30000,Diesel,Individual,Manual,First Owner
690ac17d56d1bc009302909c,Hyundai Verna 1.4 EX,2011,500000,31000,Diesel,Individual,Manual,First Owner
690ac17d56d1bc009302909d,Maruti Wagon R LXI BS IV,2011,250000,50000,Petrol,Individual,Manual,First Owner
690ac17d56d1bc009302909e,Maruti Swift Dzire VDI,2018,700000,38217,Diesel,Individual,Manual,First Owner
690ac17d56d1bc009302909f,Ford Figo Petrol ZXI,2011,185000,50000,Petrol,Individual,Manual,Third Owner
690ac17d56d1bc00930290a0,Maruti Ritz VDi,2011,200000,120000,Diesel,Individual,Manual,First Owner
690ac17d56d1bc00930290a1,Mahindra Bolero DI,2004,315000,110000,Diesel,Individual,Manual,Third Owner
690ac17d56d1bc00930290a2,Tata Hexa XT,2019,1100000,40000,Diesel,Individual,Manual,First Owner
690ac17d56d1bc00930290a3,Hyundai Santro LP zipPlus,2001,52000,50000,Petrol,Individual,Manual,Third Owner
690ac17d56d1bc00930290a4,Hyundai i20 Active 1.2 S,2017,600000,10000,Petrol,Individual,Manual,First Owner
690ac17d56d1bc00930290a5,Tata Harrier XZ BSIV,2019,1700000,10000,Diesel,Individual,Manual,First Owner
690ac17d56d1bc00930290a6,Nissan Terrano XL Plus 85 PS,2015,451000,100000,Diesel,Individual,Manual,First Owner
690ac17d56d1bc00930290a7,Mahindra KUV 100 mFALCON G80 K8 5str,2016,370000,60000,Petrol,Individual,Manual,First Owner
690ac17d56d1bc00930290a8,Ford Endeavour 3.2 Titanium AT 4X4,2017,2700000,30000,Diesel,Individual,Automatic,First Owner
690ac17d56d1bc00930290a9,Renault KWID RXT Optional,2016,280000,23000,Petrol,Individual,Manual,First Owner
690ac17d56d1bc00930290aa,Maruti Wagon R VXI BS IV,2017,350000,30000,Petrol,Individual,Manual,First Owner
690ac17d56d1bc00930290ab,Hyundai i10 Sportz,2011,250000,50000,Petrol,Individual,Manual,First Owner
690ac17d56d1bc00930290ac,Maruti Alto 800 LXI,2014,204999,25000,Petrol,Individual,Manual,Second Owner
690ac17d56d1bc00930290ad,Maruti Ignis 1.2 Delta BSIV,2019,500000,15000,Petrol,Individual,Manual,First Owner
690ac17d56d1bc00930290ae,Tata Indica Vista Aqua TDI BSIII,2009,150000,30000,Diesel,Individual,Manual,First Owner
690ac17d56d1bc00930290af,Chevrolet Spark 1.0 LS,2010,175000,45000,Petrol,Individual,Manual,Second Owner
690ac17d56d1bc00930290b0,Chevrolet Spark 1.0 LS,2009,170000,44800,Petrol,Individual,Manual,Second Owner
690ac17d56d1bc00930290b1,Tata Manza Aura Safire,2010,200000,50000,Petrol,Individual,Manual,First Owner
690ac17d56d1bc00930290b2,Hyundai Creta 1.4 E Plus,2018,800000,52000,Diesel,Individual,Manual,First Owner
690ac17d56d1bc00930290b3,Tata Hexa XTA,2017,1200000,50000,Diesel,Individual,Automatic,First Owner
690ac17d56d1bc00930290b4,Toyota Corolla Altis 1.8 J,2008,400000,35000,Petrol,Individual,Manual,Second Owner
690ac17d56d1bc00930290b5,Maruti Ritz VDi,2010,148000,100000,Diesel,Individual,Manual,Second Owner
690ac17d56d1bc00930290b6,Tata Manza Club Class Quadrajet90 LS,2014,200000,100000,Diesel,Individual,Manual,First Owner
690ac17d56d1bc00930290b7,Maruti Swift Dzire VDI,2016,284000,40000,Diesel,Individual,Manual,Second Owner
690ac17d56d1bc00930290b8,Maruti Wagon R VXI Minor,2007,80000,60000,Petrol,Individual,Manual,Third Owner
690ac17d56d1bc00930290b9,Chevrolet Beat PS,2014,170000,77000,Petrol,Individual,Manual,First Owner
690ac17d56d1bc00930290ba,Hyundai Accent Executive,2011,150000,60000,Petrol,Individual,Manual,First Owner
690ac17d56d1bc00930290bb,Tata Manza Aura (ABS) Safire BS IV,2010,110000,77073,Petrol,Individual,Manual,Second Owner
690ac17d56d1bc00930290bc,Ford Figo Aspire 1.5 TDCi Titanium,2016,400000,70000,Diesel,Individual,Manual,First Owner
690ac17d56d1bc00930290bd,Hyundai i10 Magna LPG,2013,275000,90000,LPG,Individual,Manual,Second Owner
690ac17d56d1bc00930290be,Toyota Innova 2.5 G (Diesel) 7 Seater,2013,800000,186000,Diesel,Individual,Manual,Third Owner
690ac17d56d1bc00930290bf,Mahindra Scorpio M2DI,2014,550000,90000,Diesel,Individual,Manual,First Owner
690ac17d56d1bc00930290c0,Maruti Alto LX BSIII,2007,125000,100000,Petrol,Individual,Manual,Second Owner
690ac17d56d1bc00930290c1,Chevrolet Beat LT,2010,135000,80000,Petrol,Individual,Manual,Second Owner
690ac17d56d1bc00930290c2,Mahindra Scorpio LX BSIV,2012,349000,150000,Diesel,Individual,Manual,First Owner
690ac17d56d1bc00930290c3,Maruti Swift VDI BSIV,2014,458000,80000,Diesel,Individual,Manual,First Owner
690ac17d56d1bc00930290c4,Maruti Alto K10 VXI,2018,300000,35000,Petrol,Individual,Manual,First Owner
690ac17d56d1bc00930290c5,Maruti Alto LXi,2008,95000,70000,Petrol,Individual,Manual,First Owner
690ac17d56d1bc00930290c6,Maruti S-Cross Zeta DDiS 200 SH,2018,850000,50000,Diesel,Individual,Manual,First Owner
690ac17d56d1bc00930290c7,Ford Freestyle Titanium Diesel,2019,750000,25000,Diesel,Individual,Manual,First Owner
690ac17d56d1bc00930290c8,Ford Figo Diesel Celebration Edition,2013,190000,120000,Diesel,Individual,Manual,First Owner
690ac17d56d1bc00930290c9,Maruti Wagon R LXI Minor,2009,150000,70000,Petrol,Individual,Manual,First Owner
690ac17d56d1bc00930290ca,Hyundai Accent GLE,2009,114999,106000,Petrol,Individual,Manual,Third Owner
690ac17d56d1bc00930290cb,Toyota Innova 2.0 VX 7 Seater,2010,320000,120000,Petrol,Individual,Manual,Third Owner
690ac17d56d1bc00930290cc,Maruti Alto 800 CNG LXI Optional,2019,300000,120000,CNG,Individual,Manual,First Owner
690ac17d56d1bc00930290cd,Maruti Ritz LXi,2016,275000,160000,Petrol,Individual,Manual,First Owner
690ac17d56d1bc00930290ce,Chevrolet Aveo 1.6 LT with ABS,2010,140000,120000,Petrol,Individual,Manual,Second Owner
690ac17d56d1bc00930290cf,Tata Altroz XZ,2020,830000,10000,Petrol,Individual,Manual,First Owner
690ac17d56d1bc00930290d0,Volkswagen Polo SR Petrol 1.2L,2013,380000,50000,Petrol,Individual,Manual,First Owner
690ac17d56d1bc00930290d1,Hyundai i10 Magna 1.2,2010,150000,90000,Petrol,Individual,Manual,Second Owner
690ac17d56d1bc00930290d2,Chevrolet Spark 1.0 LS,2008,50000,70000,Petrol,Individual,Manual,First Owner
690ac17d56d1bc00930290d3,Mahindra Bolero SLX,2008,155000,100000,Diesel,Individual,Manual,First Owner
690ac17d56d1bc00930290d4,Mahindra Bolero SLX,2008,155000,100000,Diesel,Individual,Manual,First Owner
690ac17d56d1bc00930290d5,Skoda Superb 1.8 TFSI MT,2010,300000,80000,Petrol,Individual,Manual,First Owner
690ac17d56d1bc00930290d6,Maruti Alto 800 LXI,2018,300000,16584,Petrol,Dealer,Manual,First Owner
690ac17d56d1bc00930290d7,Tata Tiago 2019-2020 XE Diesel,2016,385000,38000,Diesel,Dealer,Manual,First Owner
690ac17d56d1bc00930290d8,Maruti Wagon R LXI,2010,221000,51000,Petrol,Dealer,Manual,First Owner
690ac17d56d1bc00930290d9,Tata Tiago 1.05 Revotorq XE,2016,381000,38000,Diesel,Dealer,Manual,First Owner
690ac17d56d1bc00930290da,Maruti Alto 800 LXI,2015,250999,35000,Petrol,Dealer,Manual,First Owner
690ac17d56d1bc00930290db,Hyundai Santro LS zipPlus,2002,60000,120000,Petrol,Individual,Manual,Third Owner
690ac17d56d1bc00930290dc,Tata Tiago 1.05 Revotorq XE,2016,380000,38000,Diesel,Dealer,Manual,First Owner
690ac17d56d1bc00930290dd,Skoda Laura L n K 1.9 PD,2008,180000,144000,Diesel,Individual,Manual,Third Owner
690ac17d56d1bc00930290de,Maruti Ciaz ZDi Plus,2017,751000,64000,Diesel,Dealer,Manual,First Owner
690ac17d56d1bc00930290df,Mahindra XUV500 AT W10 FWD,2015,1250000,60000,Diesel,Dealer,Automatic,First Owner
690ac17d56d1bc00930290e0,Hyundai EON 1.0 Era Plus,2014,229999,65000,Petrol,Dealer,Manual,First Owner
690ac17d56d1bc00930290e1,Tata Safari Storme EX,2019,1250000,24000,Diesel,Individual,Manual,First Owner
690ac17d56d1bc00930290e2,Mahindra Scorpio VLX 2WD BSIV,2014,782000,58000,Diesel,Dealer,Manual,Second Owner
690ac17d56d1bc00930290e3,Mahindra Scorpio VLX 2.2 mHawk Airbag BSIV,2014,780000,58000,Diesel,Dealer,Manual,Second Owner
690ac17d56d1bc00930290e4,Maruti Alto 800 LXI,2016,245000,68000,Petrol,Dealer,Manual,First Owner
690ac17d56d1bc00930290e5,Hyundai i20 1.4 CRDi Sportz,2011,321000,81257,Diesel,Dealer,Manual,First Owner
690ac17d56d1bc00930290e6,Hyundai Grand i10 1.2 CRDi Sportz Option,2017,509999,44000,Diesel,Dealer,Manual,First Owner
690ac17d56d1bc00930290e7,Tata Nano CX SE,2015,110000,45000,Petrol,Dealer,Manual,First Owner
690ac17d56d1bc00930290e8,Volkswagen Polo Diesel Highline 1.2L,2013,400000,75000,Diesel,Dealer,Manual,First Owner
690ac17d56d1bc00930290e9,Maruti Swift VXI,2013,370000,90000,Petrol,Individual,Manual,First Owner
690ac17d56d1bc00930290ea,Hyundai Verna CRDi ABS,2007,175000,80000,Diesel,Individual,Manual,Second Owner
690ac17d56d1bc00930290eb,Mercedes-Benz E-Class 230,1998,1000000,35000,Petrol,Individual,Automatic,Second Owner
690ac17d56d1bc00930290ec,Maruti Alto 800 LXI,2013,92800,25000,Petrol,Individual,Manual,Second Owner
690ac17d56d1bc00930290ed,Tata Xenon XT EX 4X2,2014,291000,90000,Diesel,Individual,Manual,First Owner
690ac17d56d1bc00930290ee,Maruti Alto 800 LXI,2013,92800,25000,Petrol,Individual,Manual,Second Owner
690ac17d56d1bc00930290ef,Hyundai Verna 1.6 SX CRDi (O),2013,335000,110000,Diesel,Individual,Manual,Third Owner
690ac17d56d1bc00930290f0,Maruti Omni 8 Seater BSIV,2013,170000,35000,Petrol,Individual,Manual,First Owner
690ac17d56d1bc00930290f1,Maruti Alto 800 LXI,2019,295000,10000,Petrol,Individual,Manual,First Owner
690ac17d56d1bc00930290f2,Renault KWID RXL,2019,375000,10000,Petrol,Individual,Manual,First Owner
690ac17d56d1bc00930290f3,Hyundai EON Era Plus,2012,215000,70000,Petrol,Individual,Manual,Second Owner
690ac17d56d1bc00930290f4,Ford Fiesta 1.4 ZXi TDCi ABS,2009,150000,110000,Diesel,Individual,Manual,Second Owner
690ac17d56d1bc00930290f5,Maruti Alto LXI,2003,60000,5000,Petrol,Individual,Manual,Second Owner
690ac17d56d1bc00930290f6,Maruti Alto LX,2006,52000,120000,Petrol,Individual,Manual,Third Owner
690ac17d56d1bc00930290f7,Maruti Omni LPG CARGO BSIII W IMMOBILISER,2009,80000,90000,LPG,Individual,Manual,Second Owner
690ac17d56d1bc00930290f8,Maruti Alto LX,2012,140000,70000,Petrol,Individual,Manual,Second Owner
690ac17d56d1bc00930290f9,Hyundai Verna i (Petrol),2008,120000,90000,Petrol,Individual,Manual,Second Owner
690ac17d56d1bc00930290fa,Ford Fiesta Classic 1.4 SXI Duratorq,2006,110000,120000,Diesel,Individual,Manual,Third Owner
690ac17d56d1bc00930290fb,Tata New Safari Dicor EX 4X2 BS IV,2012,280000,110000,Diesel,Individual,Manual,Fourth & Above Owner
690ac17d56d1bc00930290fc,Toyota Etios VD,2016,450000,50000,Diesel,Individual,Manual,Second Owner
690ac17d56d1bc00930290fd,Mahindra XUV500 W7,2018,1150000,58000,Diesel,Individual,Manual,First Owner
690ac17d56d1bc00930290fe,Maruti Baleno Delta 1.3,2018,650000,15000,Diesel,Individual,Manual,First Owner
690ac17d56d1bc00930290ff,Tata Zest Revotron 1.2T XE,2015,300000,60000,Petrol,Individual,Manual,Second Owner
690ac17d56d1bc0093029100,Tata Nano Twist XT,2015,73000,57000,Petrol,Individual,Manual,First Owner
690ac17d56d1bc0093029101,Maruti Swift VDI BSIV,2015,400000,87000,Diesel,Individual,Manual,Third Owner
690ac17d56d1bc0093029102,Renault KWID 1.0 RXT Optional,2017,300000,70000,Petrol,Individual,Manual,First Owner
690ac17d56d1bc0093029103,Maruti Wagon R AX,2012,300000,30000,Petrol,Individual,Automatic,Second Owner
690ac17d56d1bc0093029104,Maruti Swift Dzire VDI,2012,450000,80000,Diesel,Individual,Manual,First Owner
690ac17d56d1bc0093029105,Hyundai Santro Xing GLS,2009,200000,100000,Petrol,Individual,Manual,Second Owner
690ac17d56d1bc0093029106,Maruti Swift VXI,2019,580000,40000,Petrol,Individual,Manual,First Owner
690ac17d56d1bc0093029107,Hyundai Grand i10 1.2 Kappa Asta,2017,550000,3917,Petrol,Individual,Manual,First Owner
690ac17d56d1bc0093029108,Mahindra Scorpio SLX 2.6 Turbo 8 Str,2007,190000,160000,Diesel,Individual,Manual,Second Owner
690ac17d56d1bc0093029109,Tata Tiago 1.05 Revotorq XT Option,2017,450000,35000,Diesel,Individual,Manual,First Owner
690ac17d56d1bc009302910a,Chevrolet Spark 1.0 LS,2014,220000,70000,Petrol,Individual,Manual,First Owner
690ac17d56d1bc009302910b,Maruti SX4 ZXI MT BSIV,2012,310000,69069,Petrol,Dealer,Manual,First Owner
690ac17d56d1bc009302910c,Hyundai Elite i20 Sportz Plus BSIV,2019,650000,13500,Petrol,Individual,Manual,First Owner
690ac17d56d1bc009302910d,Maruti Wagon R Stingray VXI,2014,300000,59059,Petrol,Dealer,Manual,First Owner
690ac17d56d1bc009302910e,Hyundai Accent Executive,2013,200000,70000,Petrol,Individual,Manual,First Owner
690ac17d56d1bc009302910f,Honda Brio S MT,2012,285000,39039,Petrol,Dealer,Manual,First Owner
690ac17d56d1bc0093029110,Honda Brio Exclusive Edition,2014,335000,33033,Petrol,Dealer,Manual,First Owner
690ac17d56d1bc0093029111,Hyundai Verna Transform SX VTVT,2011,370000,55168,Petrol,Individual,Manual,Second Owner
690ac17d56d1bc0093029112,Hyundai i20 1.2 Sportz,2013,375000,41041,Petrol,Dealer,Manual,First Owner
690ac17d56d1bc0093029113,Hyundai i10 Magna,2009,235000,67067,Petrol,Dealer,Manual,First Owner
690ac17d56d1bc0093029114,Hyundai i10 Sportz 1.2 AT,2013,345000,66066,Petrol,Dealer,Automatic,First Owner
690ac17d56d1bc0093029115,Mahindra Quanto C8,2013,365000,82082,Diesel,Dealer,Manual,First Owner
690ac17d56d1bc0093029116,Hyundai Grand i10 Sportz,2014,400000,48000,Petrol,Individual,Manual,First Owner
690ac17d56d1bc0093029117,Hyundai EON D Lite Plus,2015,250000,30000,Petrol,Individual,Manual,First Owner
690ac17d56d1bc0093029118,Hyundai Verna SX CRDi AT,2012,465000,70070,Diesel,Dealer,Automatic,First Owner
690ac17d56d1bc0093029119,Renault KWID RXT,2017,300000,10000,Petrol,Individual,Manual,First Owner
690ac17d56d1bc009302911a,Maruti Swift Dzire ZXI 1.2 BS IV,2018,655000,25000,Petrol,Individual,Manual,First Owner
690ac17d56d1bc009302911b,Maruti Wagon R LXI CNG,2016,350000,30000,CNG,Individual,Manual,Second Owner
690ac17d56d1bc009302911c,Hyundai i10 Sportz 1.2 AT,2015,500000,50000,Petrol,Dealer,Automatic,First Owner
690ac17d56d1bc009302911d,Hyundai Grand i10 AT Asta,2015,465000,63063,Petrol,Dealer,Automatic,First Owner
690ac17d56d1bc009302911e,Maruti Swift VDi BSIII W/ ABS,2008,263000,70000,Diesel,Individual,Manual,First Owner
690ac17d56d1bc009302911f,Maruti Omni MPI STD BSIV,2012,250000,90000,Petrol,Individual,Manual,First Owner
690ac17d56d1bc0093029120,Hyundai Accent GLE 1,1999,60000,90000,Petrol,Individual,Manual,Fourth & Above Owner
690ac17d56d1bc0093029121,Hyundai Getz GLX,2005,70000,90000,Petrol,Individual,Manual,Third Owner
690ac17d56d1bc0093029122,Chevrolet Sail Hatchback 1.2 LS,2016,250000,30000,Petrol,Individual,Manual,First Owner
690ac17d56d1bc0093029123,Hyundai EON Magna Plus,2016,229999,80000,Petrol,Individual,Manual,First Owner
690ac17d56d1bc0093029124,Chevrolet Optra Magnum 2.0 LS,2011,195000,120000,Diesel,Individual,Manual,First Owner
690ac17d56d1bc0093029125,Datsun RediGO S,2016,270000,22000,Petrol,Individual,Manual,First Owner
690ac17d56d1bc0093029126,Honda WR-V i-DTEC VX,2017,650000,140000,Diesel,Individual,Manual,First Owner
690ac17d56d1bc0093029127,Hyundai i20 Asta 1.4 CRDi,2014,370000,80000,Diesel,Individual,Manual,Second Owner
690ac17d56d1bc0093029128,Maruti Swift VDI Optional,2016,509999,40000,Diesel,Individual,Manual,First Owner
690ac17d56d1bc0093029129,Maruti Zen Estilo VXI BSIV,2011,280000,33000,Petrol,Individual,Manual,First Owner
690ac17d56d1bc009302912a,Maruti A-Star Vxi,2010,180000,40000,Petrol,Individual,Manual,First Owner
690ac17d56d1bc009302912b,Renault KWID 1.0 RXT Optional,2018,300000,10500,Petrol,Individual,Manual,First Owner
690ac17d56d1bc009302912c,Mahindra Bolero 2011-2019 SLX,2013,400000,107000,Diesel,Individual,Manual,First Owner
690ac17d56d1bc009302912d,Hyundai i10 Sportz 1.2,2010,210000,60000,Petrol,Individual,Manual,Second Owner
690ac17d56d1bc009302912e,Hyundai Santro Xing XG eRLX Euro III,2006,90000,120000,Petrol,Individual,Manual,Second Owner
690ac17d56d1bc009302912f,Maruti Wagon R LXI BS IV,2010,222000,70000,Petrol,Individual,Manual,First Owner
690ac17d56d1bc0093029130,Maruti Alto 800 LXI,2015,240000,50000,Petrol,Individual,Manual,Second Owner
690ac17d56d1bc0093029131,Toyota Etios Liva GD,2013,450000,70000,Diesel,Individual,Manual,Second Owner
690ac17d56d1bc0093029132,Ford Ecosport 1.5 Petrol Ambiente,2017,650000,6000,Petrol,Individual,Manual,First Owner
690ac17d56d1bc0093029133,Hyundai Verna SX Diesel,2010,200000,78000,Diesel,Dealer,Manual,Second Owner
690ac17d56d1bc0093029134,Hyundai Verna SX Diesel,2011,210000,72000,Diesel,Dealer,Manual,Third Owner
690ac17d56d1bc0093029135,Tata Nano Cx BSIV,2011,75000,9528,Petrol,Dealer,Manual,First Owner
690ac17d56d1bc0093029136,Toyota Innova 2.5 G (Diesel) 8 Seater,2011,450000,135200,Diesel,Dealer,Manual,First Owner
690ac17d56d1bc0093029137,Hyundai i20 1.2 Sportz,2011,220000,58000,Petrol,Dealer,Manual,Second Owner
690ac17d56d1bc0093029138,Hyundai i20 Magna 1.4 CRDi (Diesel),2013,325000,78000,Diesel,Dealer,Manual,Second Owner
690ac17d56d1bc0093029139,Tata Zest Revotron 1.2T XE,2018,450000,45000,Petrol,Individual,Manual,First Owner
690ac17d56d1bc009302913a,Ford EcoSport 1.5 Diesel Titanium Plus BSIV,2017,825000,35000,Diesel,Individual,Manual,First Owner
690ac17d56d1bc009302913b,Hyundai Accent GLS,2007,125000,76000,Petrol,Dealer,Manual,Third Owner
690ac17d56d1bc009302913c,Mahindra Xylo D2 BS IV,2015,434999,100000,Diesel,Individual,Manual,Third Owner
690ac17d56d1bc009302913d,Mahindra Scorpio SLE BSIV,2011,484999,99000,Diesel,Individual,Manual,Second Owner
690ac17d56d1bc009302913e,Maruti Ritz VDi,2009,175000,80000,Diesel,Individual,Manual,Third Owner
690ac17d56d1bc009302913f,Honda Civic 1.8 S MT,2006,220000,120000,Petrol,Individual,Manual,Third Owner
690ac17d56d1bc0093029140,Honda BR-V i-VTEC VX MT,2020,1250000,1100,Petrol,Dealer,Manual,First Owner
690ac17d56d1bc0093029141,Maruti Omni E MPI STD BS IV,2017,215000,34000,Petrol,Dealer,Manual,First Owner
690ac17d56d1bc0093029142,Mahindra XUV500 W6 2WD,2014,625000,68000,Diesel,Dealer,Manual,First Owner
690ac17d56d1bc0093029143,Ford EcoSport 1.5 Diesel Titanium BSIV,2018,615000,15000,Diesel,Individual,Manual,First Owner
690ac17d56d1bc0093029144,Chevrolet Beat Diesel PS,2012,130000,58000,Diesel,Dealer,Manual,First Owner
690ac17d56d1bc0093029145,Tata Indigo CS eLX BS IV,2013,175000,50300,Diesel,Individual,Manual,First Owner
690ac17d56d1bc0093029146,Tata Indigo CR4,2011,150000,70000,Diesel,Individual,Manual,Second Owner
690ac17d56d1bc0093029147,Tata Indica Vista TDI LS,2011,195000,60000,Diesel,Individual,Manual,Third Owner
690ac17d56d1bc0093029148,Maruti Ertiga 1.5 VDI,2020,550000,90000,Diesel,Individual,Manual,First Owner
690ac17d56d1bc0093029149,Isuzu D-Max V-Cross Standard,2018,1500000,40000,Diesel,Individual,Manual,First Owner
690ac17d56d1bc009302914a,Skoda Superb 1.8 TFSI MT,2010,400000,80000,Petrol,Individual,Manual,Second Owner
690ac17d56d1bc009302914b,Nissan Kicks XV Premium D BSIV,2019,1350000,15000,Diesel,Individual,Manual,First Owner
690ac17d56d1bc009302914c,Maruti Swift 1.2 DLX,2015,217000,45000,Petrol,Individual,Manual,First Owner
690ac17d56d1bc009302914d,Maruti Swift VDI BSIV,2011,290000,130000,Diesel,Individual,Manual,Second Owner
690ac17d56d1bc009302914e,Mahindra Bolero Power Plus SLX,2018,700000,80000,Diesel,Individual,Manual,First Owner
690ac17d56d1bc009302914f,Maruti Alto 800 Base,2014,175000,40000,Petrol,Individual,Manual,First Owner
690ac17d56d1bc0093029150,Volkswagen Ameo 1.5 TDI Highline 16 Alloy,2017,575000,80000,Diesel,Individual,Manual,First Owner
690ac17d56d1bc0093029151,Maruti Ritz LDi,2016,380000,100000,Diesel,Individual,Manual,Second Owner
690ac17d56d1bc0093029152,Mahindra Xylo D4 BSIV,2013,350000,151624,Diesel,Individual,Manual,Second Owner
690ac17d56d1bc0093029153,Renault Duster 85PS Diesel RxL Optional,2012,450000,160000,Diesel,Individual,Manual,First Owner
690ac17d56d1bc0093029154,Hyundai Santro AT CNG,2005,130000,110000,CNG,Individual,Manual,Second Owner
690ac17d56d1bc0093029155,Maruti Swift VDI BSIV,2015,320000,74820,Diesel,Individual,Manual,First Owner
690ac17d56d1bc0093029156,Mahindra XUV500 W6 2WD,2014,550000,82000,Diesel,Individual,Manual,First Owner
690ac17d56d1bc0093029157,Maruti Wagon R VXI BS IV,2015,370000,50000,Petrol,Individual,Manual,Second Owner
690ac17d56d1bc0093029158,Chevrolet Beat LT,2010,114999,70000,Petrol,Individual,Manual,Second Owner
690ac17d56d1bc0093029159,Ford Ecosport Sports Petrol,2020,1100000,1000,Petrol,Individual,Manual,First Owner
690ac17d56d1bc009302915a,Hyundai Tucson CRDi,2006,170000,170000,Diesel,Individual,Manual,First Owner
690ac17d56d1bc009302915b,Tata Indigo TDI,2008,80000,150000,Diesel,Individual,Manual,Third Owner
690ac17d56d1bc009302915c,Ford EcoSport 1.5 Diesel Titanium BSIV,2019,950000,17000,Diesel,Individual,Manual,First Owner
690ac17d56d1bc009302915d,Maruti Swift Dzire VDI,2014,425000,150000,Diesel,Individual,Manual,First Owner
690ac17d56d1bc009302915e,Hyundai i20 Asta Option 1.4 CRDi,2015,500000,80000,Diesel,Individual,Manual,First Owner
690ac17d56d1bc009302915f,Hyundai Santro Xing XG eRLX Euro III,2005,70000,170000,Petrol,Individual,Manual,Third Owner
690ac17d56d1bc0093029160,Honda Amaze S i-Dtech,2013,349000,120000,Diesel,Individual,Manual,First Owner
690ac17d56d1bc0093029161,Hyundai i20 1.2 Sportz,2012,330000,90000,Petrol,Individual,Manual,Third Owner
690ac17d56d1bc0093029162,Hyundai Santro Xing GLS,2010,120000,90000,Petrol,Individual,Manual,Third Owner
690ac17d56d1bc0093029163,Hyundai Verna 1.6 SX CRDi (O),2013,430000,100000,Diesel,Individual,Manual,Second Owner
690ac17d56d1bc0093029164,Maruti Swift VDI BSIV,2014,390000,90000,Diesel,Individual,Manual,First Owner
690ac17d56d1bc0093029165,Nissan Micra Diesel XV Primo,2012,225000,129000,Diesel,Individual,Manual,First Owner
690ac17d56d1bc0093029166,Mahindra Scorpio VLS AT 2.2 mHAWK,2010,350000,186000,Diesel,Individual,Automatic,Second Owner
690ac17d56d1bc0093029167,Tata Sumo LX,2009,100000,66778,Diesel,Individual,Manual,First Owner
690ac17d56d1bc0093029168,Hyundai EON Era Plus,2014,190000,50000,Petrol,Individual,Manual,First Owner
690ac17d56d1bc0093029169,Hyundai i20 Sportz 1.4 CRDi,2014,315000,110000,Diesel,Individual,Manual,Second Owner
690ac17d56d1bc009302916a,Hyundai Grand i10 CRDi Magna,2015,300000,60000,Diesel,Individual,Manual,Second Owner
690ac17d56d1bc009302916b,Renault KWID RXT,2016,280000,40000,Petrol,Individual,Manual,First Owner
690ac17d56d1bc009302916c,Hyundai Tucson 2.0 e-VGT 2WD MT,2017,1650000,55000,Diesel,Dealer,Manual,First Owner
690ac17d56d1bc009302916d,Hyundai EON Era Plus,2015,295000,21000,Petrol,Dealer,Manual,Second Owner
690ac17d56d1bc009302916e,Jaguar XF 5.0 Litre V8 Petrol,2012,2050000,66363,Petrol,Dealer,Automatic,Second Owner
690ac17d56d1bc009302916f,Hyundai Creta 1.6 VTVT AT SX Plus,2018,1475000,11700,Petrol,Dealer,Automatic,First Owner
690ac17d56d1bc0093029170,Hyundai Verna VTVT 1.6 AT SX Option,2017,1100000,10000,Petrol,Individual,Automatic,First Owner
690ac17d56d1bc0093029171,Mercedes-Benz GL-Class 350 CDI Blue Efficiency,2014,4400000,100000,Diesel,Individual,Automatic,Second Owner
690ac17d56d1bc0093029172,Maruti Swift ZXI BSIV,2016,670000,7104,Petrol,Trustmark Dealer,Manual,First Owner
690ac17d56d1bc0093029173,Maruti S-Cross Zeta DDiS 200 SH,2015,750000,45974,Diesel,Trustmark Dealer,Manual,First Owner
690ac17d56d1bc0093029174,Hyundai Verna 1.6 VTVT SX,2015,760000,55340,Petrol,Trustmark Dealer,Manual,First Owner
690ac17d56d1bc0093029175,Volkswagen Polo GTI,2017,850000,20000,Petrol,Dealer,Automatic,Second Owner
690ac17d56d1bc0093029176,Renault Pulse RxL,2015,390000,61585,Diesel,Trustmark Dealer,Manual,First Owner
690ac17d56d1bc0093029177,Maruti Celerio VXI AMT BSIV,2016,450000,39415,Petrol,Trustmark Dealer,Automatic,Second Owner
690ac17d56d1bc0093029178,Honda Brio V MT,2014,425000,29654,Petrol,Trustmark Dealer,Manual,First Owner
690ac17d56d1bc0093029179,Maruti Baleno Alpha 1.3,2016,770000,64672,Diesel,Trustmark Dealer,Manual,First Owner
690ac17d56d1bc009302917a,Hyundai Creta 1.6 SX Automatic Diesel,2015,1150000,54634,Diesel,Trustmark Dealer,Automatic,Second Owner
690ac17d56d1bc009302917b,Honda City i VTEC V,2015,775000,66521,Petrol,Trustmark Dealer,Manual,First Owner
690ac17d56d1bc009302917c,Hyundai Elite i20 Asta Option CVT BSIV,2019,720000,3000,Petrol,Individual,Automatic,First Owner
690ac17d56d1bc009302917d,Toyota Innova Crysta 2.4 GX AT,2018,1725000,23974,Diesel,Dealer,Automatic,Second Owner
690ac17d56d1bc009302917e,Tata Tiago 1.2 Revotron XZ,2018,539000,10000,Petrol,Individual,Manual,First Owner
690ac17d56d1bc009302917f,Maruti Celerio ZXI,2017,420000,50000,Petrol,Individual,Manual,First Owner
690ac17d56d1bc0093029180,Maruti Omni E 8 Str STD,2001,85000,70000,Petrol,Individual,Manual,Third Owner
690ac17d56d1bc0093029181,OpelCorsa 1.6Gls,2004,142000,73000,Petrol,Individual,Manual,Fourth & Above Owner
690ac17d56d1bc0093029182,Hyundai EON D Lite,2014,180000,76000,Petrol,Individual,Manual,Second Owner
690ac17d56d1bc0093029183,Chevrolet Tavera Neo 3 Max 9 Str BSIII,2014,400000,120000,Diesel,Individual,Manual,Second Owner
690ac17d56d1bc0093029184,Mahindra Scorpio VLX 2WD ABS AT BSIII,2009,360000,170000,Diesel,Individual,Automatic,Third Owner
690ac17d56d1bc0093029185,Hyundai Santro Xing XG,2003,85000,110000,Petrol,Individual,Manual,Second Owner
690ac17d56d1bc0093029186,Honda Brio 1.2 S MT,2016,350000,63400,Petrol,Individual,Manual,First Owner
690ac17d56d1bc0093029187,Datsun GO Plus T BSIV,2015,380000,25000,Petrol,Individual,Manual,First Owner
690ac17d56d1bc0093029188,Hyundai i10 Era,2009,140000,80000,Petrol,Individual,Manual,Third Owner
690ac17d56d1bc0093029189,Maruti Wagon R VXI BS IV,2012,200000,90000,Petrol,Individual,Manual,First Owner
690ac17d56d1bc009302918a,Hyundai Santro Xing GL,2011,150000,157000,Petrol,Individual,Manual,First Owner
690ac17d56d1bc009302918b,Tata Indica Vista Quadrajet LS,2012,150000,80000,Diesel,Individual,Manual,Second Owner
690ac17d56d1bc009302918c,Maruti 800 Std BSII,2006,90000,40000,Petrol,Individual,Manual,Second Owner
690ac17d56d1bc009302918d,Mahindra Bolero SLX 2WD,2007,300000,100000,Diesel,Individual,Manual,Second Owner
690ac17d56d1bc009302918e,Renault KWID RXT,2017,280000,50000,Petrol,Individual,Manual,First Owner
690ac17d56d1bc009302918f,Maruti Alto K10 2010-2014 VXI,2011,200000,40000,Petrol,Individual,Manual,First Owner
690ac17d56d1bc0093029190,Chevrolet Aveo U-VA 1.2 LT WO ABS Airbag,2009,110000,38500,Petrol,Individual,Manual,Second Owner
690ac17d56d1bc0093029191,Hyundai i10 Magna,2008,140000,103921,Petrol,Individual,Manual,Second Owner
690ac17d56d1bc0093029192,Hyundai Creta 1.4 EX Diesel,2020,1050000,10000,Diesel,Individual,Manual,First Owner
690ac17d56d1bc0093029193,Honda City i-VTEC VX,2018,1150000,14825,Petrol,Dealer,Manual,First Owner
690ac17d56d1bc0093029194,Honda BR-V i-DTEC VX MT,2016,910000,43377,Diesel,Dealer,Manual,First Owner
690ac17d56d1bc0093029195,Ford Figo Diesel Titanium,2010,160000,102307,Diesel,Dealer,Manual,First Owner
690ac17d56d1bc0093029196,Maruti Zen LX,2004,105000,79000,Petrol,Individual,Manual,Second Owner
690ac17d56d1bc0093029197,Skoda Octavia Elegance 2.0 TDI AT,2014,1200000,135000,Diesel,Individual,Automatic,Third Owner
690ac17d56d1bc0093029198,Renault KWID 1.0 RXT Optional,2018,300000,10500,Petrol,Individual,Manual,First Owner
690ac17d56d1bc0093029199,Maruti Wagon R LXI,2004,70000,90000,Petrol,Individual,Manual,Fourth & Above Owner
690ac17d56d1bc009302919a,Chevrolet Beat Diesel,2012,160000,110000,Diesel,Individual,Manual,First Owner
690ac17d56d1bc009302919b,Chevrolet Beat Diesel LS,2012,160000,50000,Diesel,Individual,Manual,First Owner
690ac17d56d1bc009302919c,Chevrolet Sail Hatchback LT ABS,2013,225000,80000,Diesel,Individual,Manual,First Owner
690ac17d56d1bc009302919d,Honda Jazz 1.5 VX i DTEC,2018,790000,19571,Diesel,Dealer,Manual,First Owner
690ac17d56d1bc009302919e,Honda City 1.3 EXI,2002,145000,100000,Petrol,Individual,Manual,First Owner
690ac17d56d1bc009302919f,Honda City i-VTEC ZX,2018,1200000,29600,Petrol,Dealer,Manual,First Owner
690ac17d56d1bc00930291a0,Ford EcoSport 1.5 Diesel Titanium Plus BSIV,2018,930000,20000,Diesel,Individual,Manual,First Owner
690ac17d56d1bc00930291a1,Hyundai EON D Lite,2016,210000,30000,Petrol,Individual,Manual,First Owner
690ac17d56d1bc00930291a2,Hyundai Getz 1.5 CRDi GVS,2008,110000,154000,Diesel,Individual,Manual,Third Owner
690ac17d56d1bc00930291a3,Maruti Swift LXI,2011,175000,70000,Petrol,Individual,Manual,First Owner
690ac17d56d1bc00930291a4,Maruti Vitara Brezza ZDi Plus AMT Dual Tone,2018,950000,15000,Diesel,Individual,Automatic,First Owner
690ac17d56d1bc00930291a5,Renault Lodgy Stepway 85PS RXZ 8S,2017,650000,40000,Diesel,Individual,Manual,First Owner
690ac17d56d1bc00930291a6,Maruti Swift VXI,2019,550000,51000,Petrol,Individual,Manual,First Owner
690ac17d56d1bc00930291a7,Maruti Alto LX BSIII,2008,85000,120000,Petrol,Individual,Manual,Second Owner
690ac17d56d1bc00930291a8,Maruti Celerio LXI MT BSIV,2019,340000,50000,Petrol,Individual,Manual,First Owner
690ac17d56d1bc00930291a9,Renault Captur 1.5 Diesel RXT,2017,825000,13500,Diesel,Individual,Manual,First Owner
690ac17d56d1bc00930291aa,Toyota Etios 1.5 V,2016,509999,35000,Petrol,Individual,Manual,First Owner
690ac17d56d1bc00930291ab,Renault Duster 85PS Diesel RxL,2013,450000,1000,Diesel,Dealer,Manual,Second Owner
690ac17d56d1bc00930291ac,Mercedes-Benz C-Class Progressive C 220d,2018,3800000,10000,Diesel,Dealer,Automatic,First Owner
690ac17d56d1bc00930291ad,Audi A4 3.0 TDI Quattro,2013,1580000,86000,Diesel,Dealer,Automatic,First Owner
690ac17d56d1bc00930291ae,BMW X5 xDrive 30d xLine,2019,4950000,30000,Diesel,Dealer,Automatic,First Owner
690ac17d56d1bc00930291af,Hyundai Creta 1.6 CRDi SX,2016,535000,52600,Diesel,Individual,Manual,First Owner
690ac17d56d1bc00930291b0,Maruti SX4 Vxi BSIV,2012,225000,110000,Petrol,Individual,Manual,Second Owner
690ac17d56d1bc00930291b1,Hyundai Grand i10 1.2 Kappa Magna AT,2017,550000,19890,Petrol,Dealer,Automatic,First Owner
690ac17d56d1bc00930291b2,Maruti Swift ZXI BSIV,2016,670000,7104,Petrol,Trustmark Dealer,Manual,First Owner
690ac17d56d1bc00930291b3,Maruti Ertiga VXI,2015,625000,11918,Petrol,Trustmark Dealer,Manual,First Owner
690ac17d56d1bc00930291b4,Hyundai Grand i10 Magna AT,2017,520000,10510,Petrol,Dealer,Automatic,First Owner
690ac17d56d1bc00930291b5,Chevrolet Beat LT Option,2016,239000,41000,Petrol,Dealer,Manual,First Owner
690ac17d56d1bc00930291b6,Toyota Fortuner 4x2 AT,2017,2600000,47162,Diesel,Trustmark Dealer,Automatic,First Owner
690ac17d56d1bc00930291b7,Maruti S-Cross Zeta DDiS 200 SH,2015,750000,45974,Diesel,Trustmark Dealer,Manual,First Owner
690ac17d56d1bc00930291b8,Hyundai i10 Magna,2012,229999,49824,Petrol,Dealer,Manual,First Owner
690ac17d56d1bc00930291b9,Audi A6 2.0 TDI Premium Plus,2013,1300000,58500,Diesel,Dealer,Automatic,First Owner
690ac17d56d1bc00930291ba,Hyundai Santro GS,2005,80000,56580,Petrol,Dealer,Manual,First Owner
690ac17d56d1bc00930291bb,Skoda Laura Ambiente 2.0 TDI CR MT,2012,385000,52000,Diesel,Dealer,Manual,First Owner
690ac17d56d1bc00930291bc,Hyundai Verna 1.6 VTVT SX,2015,760000,55340,Petrol,Trustmark Dealer,Manual,First Owner
690ac17d56d1bc00930291bd,Maruti Swift Dzire VDI,2017,600000,46507,Diesel,Trustmark Dealer,Manual,First Owner
690ac17d56d1bc00930291be,Renault Duster 85PS Diesel RxL,2013,450000,1000,Diesel,Dealer,Manual,Second Owner
690ac17d56d1bc00930291bf,Mercedes-Benz C-Class Progressive C 220d,2018,3800000,10000,Diesel,Dealer,Automatic,First Owner
690ac17d56d1bc00930291c0,Audi A4 3.0 TDI Quattro,2013,1580000,86000,Diesel,Dealer,Automatic,First Owner
690ac17d56d1bc00930291c1,BMW X5 xDrive 30d xLine,2019,4950000,30000,Diesel,Dealer,Automatic,First Owner
690ac17d56d1bc00930291c2,Hyundai Creta 1.6 CRDi SX,2016,535000,52600,Diesel,Individual,Manual,First Owner
690ac17d56d1bc00930291c3,Maruti SX4 Vxi BSIV,2012,225000,110000,Petrol,Individual,Manual,Second Owner
690ac17d56d1bc00930291c4,Hyundai Grand i10 1.2 Kappa Magna AT,2017,550000,19890,Petrol,Dealer,Automatic,First Owner
690ac17d56d1bc00930291c5,Maruti Swift ZXI BSIV,2016,670000,7104,Petrol,Trustmark Dealer,Manual,First Owner
690ac17d56d1bc00930291c6,Maruti Ertiga VXI,2015,625000,11918,Petrol,Trustmark Dealer,Manual,First Owner
690ac17d56d1bc00930291c7,Hyundai Grand i10 Magna AT,2017,520000,10510,Petrol,Dealer,Automatic,First Owner
690ac17d56d1bc00930291c8,Chevrolet Beat LT Option,2016,239000,41000,Petrol,Dealer,Manual,First Owner
690ac17d56d1bc00930291c9,Toyota Fortuner 4x2 AT,2017,2600000,47162,Diesel,Trustmark Dealer,Automatic,First Owner
690ac17d56d1bc00930291ca,Maruti S-Cross Zeta DDiS 200 SH,2015,750000,45974,Diesel,Trustmark Dealer,Manual,First Owner
690ac17d56d1bc00930291cb,Hyundai i10 Magna,2012,229999,49824,Petrol,Dealer,Manual,First Owner
690ac17d56d1bc00930291cc,Audi A6 2.0 TDI Premium Plus,2013,1300000,58500,Diesel,Dealer,Automatic,First Owner
690ac17d56d1bc00930291cd,Hyundai Santro GS,2005,80000,56580,Petrol,Dealer,Manual,First Owner
690ac17d56d1bc00930291ce,Skoda Laura Ambiente 2.0 TDI CR MT,2012,385000,52000,Diesel,Dealer,Manual,First Owner
690ac17d56d1bc00930291cf,Hyundai Verna 1.6 VTVT SX,2015,760000,55340,Petrol,Trustmark Dealer,Manual,First Owner
690ac17d56d1bc00930291d0,Maruti Swift Dzire VDI,2017,600000,46507,Diesel,Trustmark Dealer,Manual,First Owner
690ac17d56d1bc00930291d1,Maruti Baleno Alpha 1.3,2017,650000,70000,Diesel,Individual,Manual,First Owner
690ac17d56d1bc00930291d2,Chevrolet Spark 1.0 LS,2011,140000,60000,Petrol,Individual,Manual,Second Owner
690ac17d56d1bc00930291d3,Maruti Alto LXi,2011,150000,70000,Petrol,Individual,Manual,First Owner
690ac17d56d1bc00930291d4,Datsun GO Plus A Option Petrol,2018,450000,10000,Petrol,Individual,Manual,Second Owner
690ac17d56d1bc00930291d5,Hyundai Accent CRDi,2006,170000,245244,Diesel,Individual,Manual,Fourth & Above Owner
690ac17d56d1bc00930291d6,Renault KWID 1.0 RXT Optional,2017,400000,60000,Petrol,Individual,Manual,First Owner
690ac17d56d1bc00930291d7,Tata Tiago 1.2 Revotron XE,2016,300000,30000,Petrol,Individual,Manual,First Owner
690ac17d56d1bc00930291d8,Maruti Alto 800 Base,2012,250000,8000,Petrol,Individual,Manual,First Owner
690ac17d56d1bc00930291d9,Tata Tigor 1.2 Revotron XM,2019,500000,10000,Petrol,Individual,Manual,First Owner
690ac17d56d1bc00930291da,Hyundai Accent CRDi,2002,85000,100000,Diesel,Individual,Manual,Third Owner
690ac17d56d1bc00930291db,Nissan Sunny Diesel XL,2012,300000,110000,Diesel,Individual,Manual,First Owner
690ac17d56d1bc00930291dc,Hyundai Santro GS,2005,80000,56580,Petrol,Dealer,Manual,First Owner
690ac17d56d1bc00930291dd,Mahindra XUV500 AT W8 FWD,2015,740000,45000,Diesel,Dealer,Automatic,First Owner
690ac17d56d1bc00930291de,Hyundai Santro Xing XG,2005,70000,68500,Petrol,Dealer,Manual,First Owner
690ac17d56d1bc00930291df,Hyundai Santro Sportz AMT,2019,484999,5007,Petrol,Dealer,Automatic,First Owner
690ac17d56d1bc00930291e0,Nissan Micra Active XV S,2013,164000,30000,Petrol,Individual,Manual,First Owner
690ac17d56d1bc00930291e1,Honda City 1.5 V AT,2008,140000,70000,Petrol,Individual,Automatic,First Owner
690ac17d56d1bc00930291e2,Mercedes-Benz E-Class E250 CDI Elegance,2011,999000,49600,Diesel,Dealer,Automatic,First Owner
690ac17d56d1bc00930291e3,Maruti Alto LXI,2005,56000,23000,Petrol,Individual,Manual,Second Owner
690ac17d56d1bc00930291e4,BMW 7 Series 730Ld,2006,1050000,30000,Diesel,Dealer,Automatic,First Owner
690ac17d56d1bc00930291e5,Hyundai Verna 1.6 VTVT,2010,190000,38000,Petrol,Dealer,Manual,First Owner
690ac17d56d1bc00930291e6,Audi Q5 3.0 TDI Quattro Technology,2018,3899000,22000,Diesel,Dealer,Automatic,First Owner
690ac17d56d1bc00930291e7,Hyundai i10 Sportz 1.2,2011,235000,43100,Petrol,Dealer,Manual,First Owner
690ac17d56d1bc00930291e8,Datsun GO Plus T,2017,350000,10171,Petrol,Dealer,Manual,First Owner
690ac17d56d1bc00930291e9,Renault Duster 110PS Diesel RxL,2015,465000,41123,Diesel,Dealer,Manual,First Owner
690ac17d56d1bc00930291ea,Toyota Camry Hybrid 2.5,2017,1900000,20118,Petrol,Dealer,Automatic,First Owner
690ac17d56d1bc00930291eb,Honda City i DTec SV,2014,450000,40000,Diesel,Dealer,Manual,First Owner
690ac17d56d1bc00930291ec,Volkswagen Jetta 2.0L TDI Highline,2015,790000,52517,Diesel,Dealer,Manual,First Owner
690ac17d56d1bc00930291ed,Mahindra Marazzo M2 8Str,2019,900000,20000,Diesel,Individual,Manual,First Owner
690ac17d56d1bc00930291ee,Ford Ecosport 1.5 DV5 MT Titanium Optional,2014,450000,99117,Diesel,Dealer,Manual,First Owner
690ac17d56d1bc00930291ef,Chevrolet Spark 1.0 LS,2009,135000,90000,Petrol,Individual,Manual,First Owner
690ac17d56d1bc00930291f0,Maruti Celerio ZXI MT BSIV,2019,425000,3700,Petrol,Individual,Manual,First Owner
690ac17d56d1bc00930291f1,Tata Indica Vista Terra 1.4 TDI,2010,100000,80000,Diesel,Individual,Manual,First Owner
690ac17d56d1bc00930291f2,Ford EcoSport 1.5 TDCi Titanium BSIV,2015,650000,100000,Diesel,Individual,Manual,Second Owner
690ac17d56d1bc00930291f3,Tata Indica Vista Aqua 1.4 TDI,2011,90000,54000,Diesel,Individual,Manual,First Owner
690ac17d56d1bc00930291f4,Hyundai EON Era Plus,2017,250000,19000,Petrol,Individual,Manual,First Owner
690ac17d56d1bc00930291f5,Maruti Swift Dzire VDI,2014,300000,120000,Diesel,Individual,Manual,First Owner
690ac17d56d1bc00930291f6,Maruti Wagon R VXI BS IV,2014,275000,30000,Petrol,Individual,Manual,First Owner
690ac17d56d1bc00930291f7,Honda BRV i-VTEC V MT,2017,600000,43500,Petrol,Individual,Manual,First Owner
690ac17d56d1bc00930291f8,Renault KWID RXT,2016,270000,60000,Petrol,Individual,Manual,Second Owner
690ac17d56d1bc00930291f9,Renault KWID RXT Optional,2016,240000,70000,Petrol,Individual,Manual,Second Owner
690ac17d56d1bc00930291fa,Skoda Octavia Elegance 2.0 TDI AT,2014,1200000,135000,Diesel,Individual,Automatic,Third Owner
690ac17d56d1bc00930291fb,Chevrolet Beat Diesel LS,2012,160000,50000,Diesel,Individual,Manual,First Owner
690ac17d56d1bc00930291fc,Honda Jazz 1.5 VX i DTEC,2018,790000,19571,Diesel,Dealer,Manual,First Owner
690ac17d56d1bc00930291fd,Honda City i-VTEC ZX,2018,1200000,29600,Petrol,Dealer,Manual,First Owner
690ac17d56d1bc00930291fe,Maruti Swift LXI,2011,175000,70000,Petrol,Individual,Manual,First Owner
690ac17d56d1bc00930291ff,Maruti Vitara Brezza ZDi Plus AMT Dual Tone,2018,950000,15000,Diesel,Individual,Automatic,First Owner
690ac17d56d1bc0093029200,Maruti Celerio LXI MT BSIV,2019,340000,50000,Petrol,Individual,Manual,First Owner
690ac17d56d1bc0093029201,Renault Captur 1.5 Diesel RXT,2017,825000,13500,Diesel,Individual,Manual,First Owner
690ac17d56d1bc0093029202,Audi A4 30 TFSI Technology,2018,3100000,22000,Petrol,Individual,Automatic,First Owner
690ac17d56d1bc0093029203,Honda Amaze VX Diesel BSIV,2018,780000,25000,Diesel,Dealer,Manual,First Owner
690ac17d56d1bc0093029204,Toyota Corolla Altis 1.8 VL AT,2010,350000,80000,Petrol,Individual,Automatic,Third Owner
690ac17d56d1bc0093029205,Honda Amaze VX Petrol BSIV,2018,690000,39000,Petrol,Dealer,Manual,First Owner
690ac17d56d1bc0093029206,Maruti Alto 800 VXI,2016,245000,60000,Petrol,Individual,Manual,First Owner
690ac17d56d1bc0093029207,Honda Amaze VX Diesel BSIV,2018,790000,49000,Diesel,Dealer,Manual,First Owner
690ac17d56d1bc0093029208,Honda Amaze VX i-VTEC,2018,680000,48600,Petrol,Dealer,Manual,First Owner
690ac17d56d1bc0093029209,Hyundai Grand i10 Asta Option,2017,540000,20000,Petrol,Individual,Manual,Second Owner
690ac17d56d1bc009302920a,Mahindra KUV 100 mFALCON G80 K2,2016,425000,25000,Petrol,Individual,Manual,First Owner
690ac17d56d1bc009302920b,Maruti Zen Estilo Sports,2008,140000,120000,Petrol,Individual,Manual,First Owner
690ac17d56d1bc009302920c,Maruti Ertiga ZDI Plus,2019,1100000,30000,Diesel,Individual,Manual,First Owner
690ac17d56d1bc009302920d,Renault Lodgy 85PS RxL,2015,715000,35000,Diesel,Individual,Manual,First Owner
690ac17d56d1bc009302920e,Maruti Swift VXI,2013,370000,90000,Petrol,Individual,Manual,First Owner
690ac17d56d1bc009302920f,Hyundai Verna CRDi ABS,2007,175000,80000,Diesel,Individual,Manual,Second Owner
690ac17d56d1bc0093029210,Mercedes-Benz E-Class 230,1998,1000000,35000,Petrol,Individual,Automatic,Second Owner
690ac17d56d1bc0093029211,Maruti Alto 800 LXI,2013,92800,25000,Petrol,Individual,Manual,Second Owner
690ac17d56d1bc0093029212,Tata Xenon XT EX 4X2,2014,291000,90000,Diesel,Individual,Manual,First Owner
690ac17d56d1bc0093029213,Maruti Alto 800 LXI,2013,92800,25000,Petrol,Individual,Manual,Second Owner
690ac17d56d1bc0093029214,Renault KWID 1.0 RXT Optional,2016,350000,20000,Petrol,Individual,Manual,First Owner
690ac17d56d1bc0093029215,Maruti Omni 5 Str STD,1998,65000,60000,Petrol,Dealer,Manual,Third Owner
690ac17d56d1bc0093029216,Maruti Swift Dzire VDI,2015,650000,58000,Diesel,Individual,Manual,First Owner
690ac17d56d1bc0093029217,Maruti Wagon R LX BS IV,2014,350000,40000,Petrol,Dealer,Manual,First Owner
690ac17d56d1bc0093029218,Maruti Wagon R LXI,2005,75000,70000,Petrol,Individual,Manual,Second Owner
690ac17d56d1bc0093029219,Hyundai i20 Asta (o) 1.4 CRDi (Diesel),2012,440000,70000,Diesel,Dealer,Manual,First Owner
690ac17d56d1bc009302921a,Hyundai Santro Xing GLS,2013,270000,60000,Petrol,Individual,Manual,First Owner
690ac17d56d1bc009302921b,Toyota Innova 2.5 V Diesel 7-seater,2014,1150000,135000,Diesel,Dealer,Manual,First Owner
690ac17d56d1bc009302921c,Maruti Omni 8 Seater BSII,2015,238000,70000,Petrol,Dealer,Manual,First Owner
690ac17d56d1bc009302921d,Mercedes-Benz B Class B180 Sports,2013,1100000,40000,Petrol,Individual,Automatic,Second Owner
690ac17d56d1bc009302921e,Mahindra XUV500 W10 2WD,2015,1200000,75000,Diesel,Dealer,Manual,Second Owner
690ac17d56d1bc009302921f,Skoda Fabia 1.2L Diesel Ambiente,2010,260000,150000,Diesel,Individual,Manual,First Owner
690ac17d56d1bc0093029220,Toyota Etios VD,2012,350000,140000,Diesel,Individual,Manual,Third Owner
690ac17d56d1bc0093029221,Toyota Etios Liva VD,2015,480000,70000,Diesel,Individual,Manual,First Owner
690ac17d56d1bc0093029222,Toyota Etios Liva GD,2012,345000,137250,Diesel,Individual,Manual,Second Owner
690ac17d56d1bc0093029223,Mahindra Scorpio M2DI,2013,500000,110000,Diesel,Individual,Manual,Second Owner
690ac17d56d1bc0093029224,Hyundai Grand i10 Asta Option,2017,595000,27000,Petrol,Dealer,Manual,First Owner
690ac17d56d1bc0093029225,Hyundai Verna CRDi 1.6 SX Option,2019,1295000,9000,Diesel,Dealer,Manual,First Owner
690ac17d56d1bc0093029226,Volkswagen Vento 1.5 TDI Highline BSIV,2019,1350000,5400,Diesel,Dealer,Manual,Test Drive Car
690ac17d56d1bc0093029227,Renault KWID Climber 1.0 MT Opt BSIV,2020,541000,1000,Petrol,Dealer,Manual,Test Drive Car
690ac17d56d1bc0093029228,Hyundai Santro Asta,2018,515000,16000,Petrol,Dealer,Manual,First Owner
690ac17d56d1bc0093029229,Ford Figo Aspire Titanium Plus Diesel,2019,894999,13000,Diesel,Dealer,Manual,Test Drive Car
690ac17d56d1bc009302922a,Renault Pulse RxZ Optional,2012,325000,47000,Diesel,Dealer,Manual,First Owner
690ac17d56d1bc009302922b,Maruti Ciaz 1.4 Alpha,2018,925000,22000,Petrol,Individual,Manual,First Owner
690ac17d56d1bc009302922c,Nissan Terrano XL P,2017,844999,30000,Petrol,Individual,Manual,First Owner
690ac17d56d1bc009302922d,Maruti Ciaz 1.4 Alpha,2018,925000,20000,Petrol,Individual,Manual,First Owner
690ac17d56d1bc009302922e,Tata Manza Club Class Quadrajet90 LX,2013,300000,60000,Diesel,Individual,Manual,First Owner
690ac17d56d1bc009302922f,Toyota Camry M/t,2008,650000,75000,Petrol,Individual,Manual,Second Owner
690ac17d56d1bc0093029230,Maruti Alto K10 LXI,2010,175000,64000,Petrol,Dealer,Manual,First Owner
690ac17d56d1bc0093029231,Maruti SX4 S Cross DDiS 320 Delta,2015,325000,80000,Diesel,Individual,Manual,First Owner
690ac17d56d1bc0093029232,Renault Duster 85PS Diesel RxZ,2017,600000,90000,Diesel,Individual,Manual,First Owner
690ac17d56d1bc0093029233,Maruti Swift ZXI Plus,2018,700000,30000,Petrol,Individual,Manual,First Owner
690ac17d56d1bc0093029234,Toyota Corolla H3,2003,95000,120000,Petrol,Individual,Automatic,Second Owner
690ac17d56d1bc0093029235,Maruti Celerio ZXI,2019,490000,20000,Petrol,Dealer,Manual,First Owner
690ac17d56d1bc0093029236,Tata Safari DICOR 2.2 EX 4x2,2013,380000,100000,Diesel,Individual,Manual,First Owner
690ac17d56d1bc0093029237,Hyundai Grand i10 1.2 Kappa Sportz Dual Tone,2018,550000,31000,Petrol,Dealer,Manual,First Owner
690ac17d56d1bc0093029238,Maruti Alto 800 LXI,2013,225000,47000,Petrol,Dealer,Manual,First Owner
690ac17d56d1bc0093029239,Tata Nexon 1.2 Revotron XM,2018,570000,11200,Petrol,Individual,Manual,First Owner
690ac17d56d1bc009302923a,Maruti Alto 800 LXI,2018,305000,35000,Petrol,Dealer,Manual,First Owner
690ac17d56d1bc009302923b,Maruti Wagon R Duo Lxi,2010,240000,50000,LPG,Dealer,Manual,First Owner
690ac17d56d1bc009302923c,Maruti Ertiga SHVS VDI,2015,700000,55000,Diesel,Dealer,Manual,First Owner
690ac17d56d1bc009302923d,Maruti Omni E MPI STD BS IV,2018,288000,20000,Petrol,Dealer,Manual,First Owner
690ac17d56d1bc009302923e,Mahindra Bolero B4,2017,800000,75000,Diesel,Dealer,Manual,First Owner
690ac17d56d1bc009302923f,Maruti Celerio VXI,2017,430000,93000,Petrol,Dealer,Manual,First Owner
690ac17d56d1bc0093029240,Chevrolet Beat Diesel LT Option,2009,195000,57000,Diesel,Dealer,Manual,Second Owner
690ac17d56d1bc0093029241,Maruti Eeco Smiles 5 Seater AC,2014,325000,30000,Petrol,Dealer,Manual,First Owner
690ac17d56d1bc0093029242,Renault Duster 85PS Diesel RxE,2013,450000,73000,Diesel,Dealer,Manual,First Owner
690ac17d56d1bc0093029243,Maruti Swift Dzire VDI,2016,630000,65000,Diesel,Dealer,Manual,First Owner
690ac17d56d1bc0093029244,Maruti Swift 1.3 VXi,2009,250000,62000,Petrol,Dealer,Manual,Second Owner
690ac17d56d1bc0093029245,Hyundai Santro GLS I - Euro II,2007,135000,85000,Petrol,Dealer,Manual,First Owner
690ac17d56d1bc0093029246,Chevrolet Spark 1.0 PS,2010,110000,73000,Petrol,Individual,Manual,First Owner
690ac17d56d1bc0093029247,Maruti Swift ZDi,2012,350000,55000,Diesel,Dealer,Manual,First Owner
690ac17d56d1bc0093029248,Maruti Omni E MPI STD BS IV,2016,240000,5800,Petrol,Individual,Manual,Second Owner
690ac17d56d1bc0093029249,Toyota Innova 2.5 V Diesel 8-seater,2009,350000,350000,Diesel,Individual,Manual,First Owner
690ac17d56d1bc009302924a,Maruti Swift ZXI Plus,2018,600000,30000,Petrol,Individual,Manual,First Owner
690ac17d56d1bc009302924b,Maruti Swift Dzire VDI,2018,750000,20000,Diesel,Individual,Manual,First Owner
690ac17d56d1bc009302924c,Hyundai EON Era Plus,2018,270000,20000,Petrol,Individual,Manual,First Owner
690ac17d56d1bc009302924d,Maruti Alto LXi,2007,90000,100000,Petrol,Individual,Manual,Second Owner
690ac17d56d1bc009302924e,Maruti Wagon R Stingray VXI,2013,350000,65000,Petrol,Individual,Manual,First Owner
690ac17d56d1bc009302924f,Ford Figo Diesel Celebration Edition,2013,285000,90000,Diesel,Individual,Manual,Second Owner
690ac17d56d1bc0093029250,Toyota Innova 2.5 E Diesel MS 7-seater,2011,665000,267000,Diesel,Individual,Manual,Second Owner
690ac17d56d1bc0093029251,Mahindra Scorpio 2.6 CRDe,2005,175000,250000,Diesel,Individual,Manual,Second Owner
690ac17d56d1bc0093029252,Mahindra Xylo D2,2011,350000,140000,Diesel,Individual,Manual,Second Owner
690ac17d56d1bc0093029253,Honda City i-VTEC CVT ZX,2018,1225000,22000,Petrol,Dealer,Automatic,First Owner
690ac17d56d1bc0093029254,Honda Jazz Select Edition Active,2010,285000,60000,Petrol,Dealer,Manual,Second Owner
690ac17d56d1bc0093029255,Honda City i-VTEC VX,2018,1000000,28635,Petrol,Dealer,Manual,First Owner
690ac17d56d1bc0093029256,Honda Amaze VX Diesel BSIV,2018,780000,32114,Diesel,Dealer,Manual,First Owner
690ac17d56d1bc0093029257,Maruti Celerio VXI,2014,300000,82000,Petrol,Dealer,Manual,Second Owner
690ac17d56d1bc0093029258,Maruti Swift VXI BSIII,2006,160000,95149,Petrol,Dealer,Manual,Second Owner
690ac17d56d1bc0093029259,Honda Amaze VX i-VTEC,2018,625000,68458,Petrol,Dealer,Manual,First Owner
690ac17d56d1bc009302925a,Maruti Ritz VXi,2010,265000,42000,Petrol,Individual,Manual,First Owner
690ac17d56d1bc009302925b,Honda City i DTEC V,2014,515000,90000,Diesel,Individual,Manual,Second Owner
690ac17d56d1bc009302925c,Hyundai EON D Lite,2016,210000,30000,Petrol,Individual,Manual,First Owner
690ac17d56d1bc009302925d,Maruti Alto LXi,2009,140000,80000,Petrol,Individual,Manual,Second Owner
690ac17d56d1bc009302925e,Toyota Innova 2.5 GX (Diesel) 7 Seater,2015,940000,128000,Diesel,Individual,Manual,First Owner
690ac17d56d1bc009302925f,Nissan Terrano XV Premium 110 PS,2013,750000,80000,Diesel,Individual,Manual,First Owner
690ac17d56d1bc0093029260,Maruti Baleno Alpha 1.3,2016,610000,100000,Diesel,Individual,Manual,First Owner
690ac17d56d1bc0093029261,Nissan Sunny XV D Premium Leather,2015,450000,50000,Diesel,Individual,Manual,First Owner
690ac17d56d1bc0093029262,Toyota Etios Liva GD,2012,409999,56000,Diesel,Individual,Manual,First Owner
690ac17d56d1bc0093029263,Hyundai EON 1.0 Era Plus,2018,100000,21302,Petrol,Individual,Manual,First Owner
690ac17d56d1bc0093029264,Hyundai i20 Active 1.4 SX,2016,650000,100000,Diesel,Individual,Manual,First Owner
690ac17d56d1bc0093029265,Mahindra TUV 300 T8,2017,650000,80000,Diesel,Individual,Manual,First Owner
690ac17d56d1bc0093029266,Hyundai Getz 1.3 GLS,2010,150000,105546,Petrol,Individual,Manual,First Owner
690ac17d56d1bc0093029267,Toyota Etios Liva 1.2 V,2018,500000,10000,Petrol,Individual,Manual,First Owner
690ac17d56d1bc0093029268,Toyota Innova 2.5 GX 7 STR BSIV,2012,1000000,80000,Diesel,Individual,Manual,Second Owner
690ac17d56d1bc0093029269,Hyundai i20 Magna Optional 1.2,2013,340000,35000,Petrol,Individual,Manual,First Owner
690ac17d56d1bc009302926a,Hyundai Elite i20 Asta Option BSIV,2019,800000,11240,Petrol,Individual,Manual,First Owner
690ac17d56d1bc009302926b,Toyota Innova 2.5 G (Diesel) 8 Seater,2013,1010000,120000,Diesel,Individual,Manual,First Owner
690ac17d56d1bc009302926c,Toyota Etios GD,2011,350000,120000,Diesel,Individual,Manual,Third Owner
690ac17d56d1bc009302926d,Maruti Swift VDI BSIV,2016,595000,70000,Diesel,Individual,Manual,First Owner
690ac17d56d1bc009302926e,Mahindra Scorpio VLX 2WD BSIV,2014,700000,130000,Diesel,Individual,Manual,Third Owner
690ac17d56d1bc009302926f,Renault KWID RXL,2019,265000,40000,Petrol,Individual,Manual,First Owner
690ac17d56d1bc0093029270,Maruti Alto K10 VXI,2015,320000,60000,Petrol,Individual,Manual,Second Owner
690ac17d56d1bc0093029271,Honda City 1.5 S MT,2011,310000,110000,Petrol,Individual,Manual,First Owner
690ac17d56d1bc0093029272,Honda City i DTEC VX,2014,700000,130000,Diesel,Individual,Manual,First Owner
690ac17d56d1bc0093029273,Maruti Alto LXi BSIII,2009,130000,80000,Petrol,Individual,Manual,Second Owner
690ac17d56d1bc0093029274,Maruti Swift Dzire VDi,2009,150000,120000,Diesel,Individual,Manual,Second Owner
690ac17d56d1bc0093029275,Honda Amaze E i-Dtech,2015,300000,104000,Diesel,Individual,Manual,Second Owner
690ac17d56d1bc0093029276,Maruti Swift Dzire LXi,2011,150000,100000,Petrol,Individual,Manual,Second Owner
690ac17d56d1bc0093029277,Honda City 1.3 EXI,2003,120000,132343,Petrol,Individual,Manual,Second Owner
690ac17d56d1bc0093029278,Hyundai Creta 1.4 CRDi S Plus,2016,950000,90000,Diesel,Individual,Manual,Second Owner
690ac17d56d1bc0093029279,Maruti Wagon R VXI BS IV,2007,100000,60000,Petrol,Individual,Manual,Second Owner
690ac17d56d1bc009302927a,Honda Jazz 1.5 SV i DTEC,2015,450000,76000,Diesel,Individual,Manual,First Owner
690ac17d56d1bc009302927b,Maruti 800 EX,2004,30000,60000,Petrol,Individual,Manual,Third Owner
690ac17d56d1bc009302927c,Mahindra Renault Logan 1.6 Petrol GLSX,2009,200000,30000,Petrol,Individual,Manual,Second Owner
690ac17d56d1bc009302927d,Tata Indigo LS,2010,250000,96000,Diesel,Individual,Manual,Second Owner
690ac17d56d1bc009302927e,Mahindra Marazzo M8 8Str,2018,1300000,10000,Diesel,Individual,Manual,First Owner
690ac17d56d1bc009302927f,Toyota Etios Liva 1.4 VD,2017,425000,36000,Diesel,Dealer,Manual,First Owner
690ac17d56d1bc0093029280,Honda Amaze VX O iDTEC,2017,550000,12997,Diesel,Dealer,Manual,First Owner
690ac17d56d1bc0093029281,Maruti Ciaz 1.4 AT Zeta,2017,500000,40000,Petrol,Individual,Automatic,First Owner
690ac17d56d1bc0093029282,Hyundai Verna CRDi 1.6 SX Option,2018,1150000,26430,Diesel,Dealer,Manual,First Owner
690ac17d56d1bc0093029283,Maruti Swift 1.3 VXI ABS,2015,475000,24600,Petrol,Dealer,Manual,First Owner
690ac17d56d1bc0093029284,Maruti Wagon R LXI,2011,260000,28481,Petrol,Dealer,Manual,First Owner
690ac17d56d1bc0093029285,Ford Ecosport 1.0 Ecoboost Titanium Optional,2013,350000,100000,Petrol,Individual,Manual,First Owner
690ac17d56d1bc0093029286,Mahindra XUV500 W8 2WD,2013,750000,41988,Diesel,Dealer,Manual,First Owner
690ac17d56d1bc0093029287,Maruti Wagon R LXI,2009,180000,30375,Petrol,Dealer,Manual,First Owner
690ac17d56d1bc0093029288,Renault KWID Climber 1.0 AMT BSIV,2017,350000,7658,Petrol,Dealer,Automatic,First Owner
690ac17d56d1bc0093029289,Maruti Swift Dzire VDI,2017,611000,34400,Diesel,Dealer,Manual,First Owner
690ac17d56d1bc009302928a,Renault KWID RXL BSIV,2017,325000,18500,Petrol,Dealer,Manual,First Owner
690ac17d56d1bc009302928b,Maruti Alto VXi,2015,280000,26134,Petrol,Dealer,Manual,First Owner
690ac17d56d1bc009302928c,Maruti Wagon R AMT VXI,2014,300000,28942,Petrol,Dealer,Automatic,First Owner
690ac17d56d1bc009302928d,Mahindra XUV500 W8 2WD,2012,711000,53600,Diesel,Dealer,Manual,First Owner
690ac17d56d1bc009302928e,Toyota Innova 2.5 G (Diesel) 8 Seater,2015,851000,53652,Diesel,Dealer,Manual,First Owner
690ac17d56d1bc009302928f,Maruti Ritz VDi,2011,260000,52895,Diesel,Dealer,Manual,First Owner
690ac17d56d1bc0093029290,Hyundai Verna SX Diesel,2013,550000,42324,Diesel,Dealer,Manual,Second Owner
690ac17d56d1bc0093029291,Mahindra XUV500 W10 1.99 mHawk,2016,1044999,65000,Diesel,Dealer,Manual,First Owner
690ac17d56d1bc0093029292,Mahindra Scorpio EX,2012,550000,60236,Diesel,Dealer,Manual,First Owner
690ac17d56d1bc0093029293,Maruti Wagon R VXI BS IV,2014,210000,70000,Petrol,Individual,Manual,Second Owner
690ac17d56d1bc0093029294,Maruti Wagon R VXI BS IV,2014,210000,70000,Petrol,Individual,Manual,Third Owner
690ac17d56d1bc0093029295,Mahindra Xylo E8,2009,290000,100000,Diesel,Individual,Manual,Second Owner
690ac17d56d1bc0093029296,Fiat 500 Lounge,2008,250999,110000,Diesel,Individual,Manual,First Owner
690ac17d56d1bc0093029297,Renault Triber RXT BSIV,2019,600000,10300,Petrol,Individual,Manual,First Owner
690ac17d56d1bc0093029298,Fiat Grande Punto EVO 1.3 Active,2014,270000,120000,Diesel,Individual,Manual,Second Owner
690ac17d56d1bc0093029299,Tata New Safari 4X4 EX,2012,550000,142000,Diesel,Individual,Manual,First Owner
690ac17d56d1bc009302929a,Mahindra TUV 300 mHAWK100 T8,2017,800000,25000,Diesel,Individual,Manual,First Owner
690ac17d56d1bc009302929b,Tata Altroz XE,2020,500000,5000,Petrol,Individual,Manual,First Owner
690ac17d56d1bc009302929c,Hyundai Creta 1.6 CRDi SX,2016,535000,52600,Diesel,Individual,Manual,First Owner
690ac17d56d1bc009302929d,Hyundai Grand i10 1.2 Kappa Sportz BSIV,2016,396000,28643,Petrol,Dealer,Manual,First Owner
690ac17d56d1bc009302929e,Honda City i DTEC VX,2014,600000,50000,Diesel,Individual,Manual,First Owner
690ac17d56d1bc009302929f,Maruti Wagon R ZXI 1.2,2019,575000,30000,Petrol,Dealer,Manual,First Owner
690ac17d56d1bc00930292a0,Hyundai Santro Sportz BSIV,2020,520000,5000,Petrol,Individual,Manual,First Owner
690ac17d56d1bc00930292a1,Mahindra XUV500 AT W10 FWD,2018,1400000,30000,Diesel,Individual,Automatic,First Owner
690ac17d56d1bc00930292a2,Maruti Baleno Delta Automatic,2018,600000,7600,Petrol,Individual,Automatic,First Owner
690ac17d56d1bc00930292a3,Chevrolet Beat Diesel LS,2013,195000,47253,Diesel,Dealer,Manual,First Owner
690ac17d56d1bc00930292a4,Maruti Alto K10 VXI AGS,2015,281000,4432,Petrol,Dealer,Automatic,Second Owner
690ac17d56d1bc00930292a5,Tata Indica GLS BS IV,2010,75000,110000,Petrol,Individual,Manual,Second Owner
690ac17d56d1bc00930292a6,Hyundai Grand i10 Sportz,2014,400000,25000,Petrol,Individual,Manual,First Owner
690ac17d56d1bc00930292a7,Tata Indica Vista Terra 1.4 TDI,2009,93000,70000,Diesel,Individual,Manual,Second Owner
690ac17d56d1bc00930292a8,Hyundai i20 Active S Petrol,2016,560000,68523,Petrol,Dealer,Manual,First Owner
690ac17d56d1bc00930292a9,Hyundai EON 1.0 Era Plus,2019,400000,5000,Petrol,Individual,Manual,First Owner
690ac17d56d1bc00930292aa,Tata Tigor 1.2 Revotron XT,2018,459999,40000,Petrol,Individual,Manual,First Owner
690ac17d56d1bc00930292ab,Hyundai Xcent 1.2 CRDi E,2017,450000,43000,Diesel,Individual,Manual,First Owner
690ac17d56d1bc00930292ac,Maruti Alto Green LXi (CNG),2010,88000,80251,CNG,Dealer,Manual,Second Owner
690ac17d56d1bc00930292ad,Hyundai i20 1.2 Era,2010,250000,34500,Petrol,Individual,Manual,Second Owner
690ac17d56d1bc00930292ae,Ford Ikon 1.4 ZXi,2000,22000,42743,Petrol,Dealer,Manual,Third Owner
690ac17d56d1bc00930292af,Chevrolet Beat Diesel LS,2013,130000,93900,Diesel,Individual,Manual,Second Owner
690ac17d56d1bc00930292b0,Maruti Zen VXi - BS III,2004,79000,80000,Petrol,Individual,Manual,First Owner
690ac17d56d1bc00930292b1,Chevrolet Beat Diesel LS,2012,120000,110000,Diesel,Individual,Manual,First Owner
690ac17d56d1bc00930292b2,BMW 7 Series 730Ld,2011,1700000,100000,Diesel,Individual,Automatic,Second Owner
690ac17d56d1bc00930292b3,Chevrolet Optra Magnum 2.0 LT,2012,300000,25000,Diesel,Individual,Manual,First Owner
690ac17d56d1bc00930292b4,Chevrolet Optra Magnum 2.0 LT,2012,300000,25000,Diesel,Individual,Manual,First Owner
690ac17d56d1bc00930292b5,Maruti A-Star Lxi,2009,145000,25000,Petrol,Individual,Manual,First Owner
690ac17d56d1bc00930292b6,Ford Endeavour 3.2 Titanium AT 4X4,2019,3200000,20000,Diesel,Individual,Automatic,First Owner
690ac17d56d1bc00930292b7,Chevrolet Spark 1.0 LT,2013,240000,10000,Petrol,Individual,Manual,First Owner
690ac17d56d1bc00930292b8,Honda WR-V i-DTEC VX,2018,700000,30000,Diesel,Individual,Manual,First Owner
690ac17d56d1bc00930292b9,Hyundai Accent GLX,2010,145000,110000,Petrol,Individual,Manual,Second Owner
690ac17d56d1bc00930292ba,Maruti Ertiga VDI Limited Edition,2014,535000,80000,Diesel,Individual,Manual,Second Owner
690ac17d56d1bc00930292bb,Mahindra KUV 100 mFALCON G80 K2 Plus,2016,420000,21000,Petrol,Individual,Manual,First Owner
690ac17d56d1bc00930292bc,Maruti Alto K10 VXI,2016,350000,20000,Petrol,Individual,Manual,First Owner
690ac17d56d1bc00930292bd,Maruti Swift VDI BSIV,2015,550000,32000,Diesel,Individual,Manual,First Owner
690ac17d56d1bc00930292be,Mitsubishi Montero 3.2 MT,2007,750000,180000,Diesel,Individual,Manual,First Owner
690ac17d56d1bc00930292bf,Tata Indica Vista Aqua 1.3 Quadrajet ABS BSIV,2012,198000,70000,Diesel,Individual,Manual,Second Owner
690ac17d56d1bc00930292c0,Hyundai i20 Magna Optional 1.4 CRDi,2013,420000,50000,Diesel,Individual,Manual,First Owner
690ac17d56d1bc00930292c1,Hyundai i20 Magna Optional 1.4 CRDi,2013,420000,50000,Diesel,Individual,Manual,First Owner
690ac17d56d1bc00930292c2,Ford Endeavour 4x2 XLT,2004,195000,120000,Diesel,Individual,Manual,First Owner
690ac17d56d1bc00930292c3,Hyundai EON Sportz,2012,150000,55766,Petrol,Individual,Manual,Second Owner
690ac17d56d1bc00930292c4,Nissan Micra XL,2011,275000,40000,Petrol,Individual,Manual,Second Owner
690ac17d56d1bc00930292c5,Maruti 800 Std,2001,65000,60000,Petrol,Individual,Manual,Third Owner
690ac17d56d1bc00930292c6,Maruti Swift LXi BSIV,2008,200000,50000,Petrol,Individual,Manual,First Owner
690ac17d56d1bc00930292c7,Maruti Swift Dzire VDi,2010,250000,110000,Diesel,Individual,Manual,Second Owner
690ac17d56d1bc00930292c8,Renault Duster 85PS Diesel RxL,2013,450000,1000,Diesel,Dealer,Manual,Second Owner
690ac17d56d1bc00930292c9,Maruti Ignis 1.3 Delta,2018,590000,26350,Diesel,Dealer,Manual,First Owner
690ac17d56d1bc00930292ca,Maruti SX4 Vxi BSIV,2012,225000,110000,Petrol,Individual,Manual,Second Owner
690ac17d56d1bc00930292cb,Tata Indigo CS LX (TDI) BS-III,2015,225000,68745,Diesel,Dealer,Manual,First Owner
690ac17d56d1bc00930292cc,Maruti Alto 800 LXI,2006,165000,132000,Petrol,Individual,Manual,First Owner
690ac17d56d1bc00930292cd,Mahindra Bolero Power Plus SLX,2019,860000,35000,Diesel,Individual,Manual,First Owner
690ac17d56d1bc00930292ce,Mahindra XUV500 W6 2WD,2016,900000,47000,Diesel,Individual,Manual,First Owner
690ac17d56d1bc00930292cf,Tata Indigo TDI,2013,182000,100000,Diesel,Individual,Manual,First Owner
690ac17d56d1bc00930292d0,Tata Indica Vista Terra 1.4 TDI,2010,100000,80000,Diesel,Individual,Manual,First Owner
690ac17d56d1bc00930292d1,Hyundai Santro Xing XL eRLX Euro III,2006,100000,40000,Petrol,Individual,Manual,Second Owner
690ac17d56d1bc00930292d2,Maruti Alto K10 VXI AGS,2017,375000,27289,Petrol,Dealer,Automatic,First Owner
690ac17d56d1bc00930292d3,Tata Tiago XZA AMT,2018,525000,10980,Petrol,Dealer,Automatic,First Owner
690ac17d56d1bc00930292d4,Hyundai EON Era Plus,2016,320000,24662,Petrol,Dealer,Manual,First Owner
690ac17d56d1bc00930292d5,Maruti Swift Dzire VDI,2013,525000,37000,Diesel,Dealer,Manual,First Owner
690ac17d56d1bc00930292d6,Nissan Evalia XV,2014,650000,28245,Diesel,Dealer,Manual,First Owner
690ac17d56d1bc00930292d7,Hyundai Grand i10 1.2 CRDi Sportz Option,2017,575000,27005,Diesel,Dealer,Manual,First Owner
690ac17d56d1bc00930292d8,Hyundai i10 Magna,2014,355000,39227,Petrol,Dealer,Manual,First Owner
690ac17d56d1bc00930292d9,Mahindra KUV 100 D75 K4 Plus 5Str,2016,470000,31367,Diesel,Dealer,Manual,First Owner
690ac17d56d1bc00930292da,Maruti Wagon R LXI,2008,221000,35008,Petrol,Dealer,Manual,First Owner
690ac17d56d1bc00930292db,Hyundai Santro Xing GLS,2009,195000,27005,Petrol,Dealer,Manual,First Owner
690ac17d56d1bc00930292dc,Maruti Zen VX,2001,85000,86000,Petrol,Individual,Manual,Second Owner
690ac17d56d1bc00930292dd,Maruti Swift VDI,2013,400000,50000,Diesel,Individual,Manual,First Owner
690ac17d56d1bc00930292de,Maruti Baleno Delta 1.3,2017,650000,20000,Diesel,Individual,Manual,First Owner
690ac17d56d1bc00930292df,Hyundai i10 Magna 1.2,2010,400000,50000,Petrol,Individual,Manual,First Owner
690ac17d56d1bc00930292e0,Tata Manza Aura (ABS) Quadrajet BS IV,2012,295000,80000,Diesel,Individual,Manual,Second Owner
690ac17d56d1bc00930292e1,Maruti Omni LPG STD BSIV,2006,60000,135000,LPG,Individual,Manual,Fourth & Above Owner
690ac17d56d1bc00930292e2,Maruti Zen D PS,2003,110000,120000,Diesel,Individual,Manual,Third Owner
690ac17d56d1bc00930292e3,Fiat Linea 1.3 Multijet Emotion,2015,550000,113600,Diesel,Individual,Manual,First Owner
690ac17d56d1bc00930292e4,Hyundai Santro Xing GLS,2008,190000,70000,Petrol,Individual,Manual,Third Owner
690ac17d56d1bc00930292e5,Ford Aspire Titanium Plus Diesel BSIV,2018,861999,20000,Diesel,Dealer,Manual,First Owner
690ac17d56d1bc00930292e6,Ford Aspire Titanium Plus BSIV,2018,782000,14000,Petrol,Dealer,Manual,First Owner
690ac17d56d1bc00930292e7,Ford Freestyle Titanium Plus Diesel BSIV,2018,836000,26000,Diesel,Dealer,Manual,First Owner
690ac17d56d1bc00930292e8,Honda City i VTEC V,2016,696000,138925,Petrol,Dealer,Manual,First Owner
690ac17d56d1bc00930292e9,Honda Jazz 1.5 VX i DTEC,2016,596000,121764,Diesel,Dealer,Manual,First Owner
690ac17d56d1bc00930292ea,Honda Jazz 1.2 VX i VTEC,2016,612000,105429,Petrol,Dealer,Manual,First Owner
690ac17d56d1bc00930292eb,Maruti Alto 800 LXI,2015,114999,35000,Petrol,Individual,Manual,First Owner
690ac17d56d1bc00930292ec,Tata Bolt Quadrajet XE,2017,340000,60000,Diesel,Individual,Manual,First Owner
690ac17d56d1bc00930292ed,Maruti Swift ZXI Plus,2020,550000,5000,Petrol,Individual,Manual,First Owner
690ac17d56d1bc00930292ee,Chevrolet Aveo U-VA 1.2 LT,2008,114999,70000,Petrol,Individual,Manual,Third Owner
690ac17d56d1bc00930292ef,Maruti Wagon R VXI,2000,105000,80000,Petrol,Individual,Manual,First Owner
690ac17d56d1bc00930292f0,Maruti Vitara Brezza ZDi,2019,890000,20000,Diesel,Individual,Manual,First Owner
690ac17d56d1bc00930292f1,Tata Nexon 1.2 Revotron XZ Plus,2019,715000,8000,Petrol,Individual,Manual,First Owner
690ac17d56d1bc00930292f2,Hyundai i20 Asta (o),2014,525000,54000,Petrol,Dealer,Manual,Second Owner
690ac17d56d1bc00930292f3,Volkswagen Jetta 2.0L TDI Highline AT,2012,735000,55300,Diesel,Dealer,Automatic,First Owner
690ac17d56d1bc00930292f4,Honda Amaze S i-VTEC,2016,495000,11958,Petrol,Dealer,Manual,First Owner
690ac17d56d1bc00930292f5,Hyundai Creta 1.6 SX Option,2017,1025000,9000,Petrol,Dealer,Manual,First Owner
690ac17d56d1bc00930292f6,Mahindra XUV500 W8 2WD,2015,750000,70000,Diesel,Individual,Manual,First Owner
690ac17d56d1bc00930292f7,Renault Duster 85PS Diesel RxL Optional,2013,600000,120000,Diesel,Individual,Manual,First Owner
690ac17d56d1bc00930292f8,Hyundai i20 Asta 1.2,2014,475000,23122,Petrol,Dealer,Manual,Second Owner
690ac17d56d1bc00930292f9,Hyundai Santro Xing XO,2007,80000,58000,Petrol,Dealer,Manual,Second Owner
690ac17d56d1bc00930292fa,Mahindra Bolero 2011-2019 SLE,2013,325000,62200,Diesel,Dealer,Manual,First Owner
690ac17d56d1bc00930292fb,Audi A6 2.0 TDI Premium Plus,2014,1470000,34000,Diesel,Dealer,Automatic,Second Owner
690ac17d56d1bc00930292fc,Fiat Avventura MULTIJET Emotion,2015,350000,53000,Diesel,Individual,Manual,Second Owner
690ac17d56d1bc00930292fd,Audi A8 4.2 TDI,2013,2800000,49000,Diesel,Dealer,Automatic,First Owner
690ac17d56d1bc00930292fe,Datsun RediGO 1.0 S,2017,210000,15000,Petrol,Dealer,Manual,Second Owner
690ac17d56d1bc00930292ff,Chevrolet Cruze LT,2012,349000,44500,Diesel,Dealer,Manual,Second Owner
690ac17d56d1bc0093029300,Volkswagen Jetta 1.4 TSI Comfortline,2013,450000,50000,Petrol,Individual,Manual,First Owner
690ac17d56d1bc0093029301,Audi A4 2.0 TDI 177 Bhp Premium Plus,2013,1150000,53000,Diesel,Dealer,Automatic,First Owner
690ac17d56d1bc0093029302,Honda Civic 1.8 V AT,2009,210000,63500,Petrol,Dealer,Automatic,First Owner
690ac17d56d1bc0093029303,Mercedes-Benz E-Class Exclusive E 200 BSIV,2018,4500000,9800,Petrol,Dealer,Automatic,First Owner
690ac17d56d1bc0093029304,Volkswagen Polo GTI,2017,825000,13599,Petrol,Dealer,Automatic,First Owner
690ac17d56d1bc0093029305,BMW X1 sDrive 20d xLine,2017,2750000,13000,Diesel,Individual,Automatic,First Owner
690ac17d56d1bc0093029306,Chevrolet Beat Diesel,2012,160000,110000,Diesel,Individual,Manual,First Owner
690ac17d56d1bc0093029307,Mahindra Scorpio SLE BSIV,2014,550000,100000,Diesel,Individual,Manual,Second Owner
690ac17d56d1bc0093029308,Maruti Swift 1.3 VXI ABS,2006,95000,110000,Petrol,Individual,Manual,Third Owner
690ac17d56d1bc0093029309,Toyota Innova 2.5 G (Diesel) 7 Seater,2014,725000,90000,Diesel,Individual,Manual,Second Owner
690ac17d56d1bc009302930a,Tata Tigor 1.2 Revotron XZ Option,2019,670000,17000,Petrol,Individual,Manual,First Owner
690ac17d56d1bc009302930b,Maruti Alto LX,2008,65000,140000,Petrol,Individual,Manual,First Owner
690ac17d56d1bc009302930c,Mahindra Xylo D4,2015,500000,50000,Diesel,Individual,Manual,Second Owner
690ac17d56d1bc009302930d,Mahindra KUV 100 mFALCON G80 K8 5str,2017,600000,53000,Petrol,Individual,Manual,First Owner
690ac17d56d1bc009302930e,Maruti Wagon R VXI Optional,2017,350000,70000,Petrol,Individual,Manual,Second Owner
690ac17d56d1bc009302930f,Chevrolet Beat Diesel LT,2012,200000,70000,Diesel,Individual,Manual,Second Owner
690ac17d56d1bc0093029310,Hyundai Getz 1.5 CRDi GVS,2008,110000,154000,Diesel,Individual,Manual,Third Owner
690ac17d56d1bc0093029311,Hyundai EON Sportz,2012,150000,80000,Petrol,Individual,Manual,First Owner
690ac17d56d1bc0093029312,Maruti Zen D PS,2003,75000,110000,Diesel,Individual,Manual,Second Owner
690ac17d56d1bc0093029313,Honda Amaze EX i-Dtech,2013,350000,90000,Diesel,Individual,Manual,Second Owner
690ac17d56d1bc0093029314,Toyota Innova Crysta 2.4 VX MT 8S BSIV,2018,1700000,15000,Diesel,Individual,Manual,First Owner
690ac17d56d1bc0093029315,BMW X1 sDrive20d,2011,890000,86000,Diesel,Individual,Automatic,Second Owner
690ac17d56d1bc0093029316,Mahindra Scorpio M2DI,2014,500000,120000,Diesel,Individual,Manual,First Owner
690ac17d56d1bc0093029317,Hyundai Elite i20 Sportz Plus Dual Tone BSIV,2019,600000,5200,Petrol,Individual,Manual,First Owner
690ac17d56d1bc0093029318,Chevrolet Beat LS,2010,99000,60000,Petrol,Individual,Manual,Second Owner
690ac17d56d1bc0093029319,Hyundai i10 Era 1.1 iTech SE,2011,235000,46000,Petrol,Individual,Manual,First Owner
690ac17d56d1bc009302931a,Tata Indigo GLX,2006,75000,40000,Petrol,Individual,Manual,Second Owner
690ac17d56d1bc009302931b,Honda City i DTEC VX,2014,600000,90000,Diesel,Individual,Manual,Second Owner
690ac17d56d1bc009302931c,Hyundai Verna CRDi 1.6 SX,2019,1000000,25000,Diesel,Individual,Manual,Second Owner
690ac17d56d1bc009302931d,Hyundai Verna 1.6 SX,2012,390000,90000,Diesel,Individual,Manual,First Owner
690ac17d56d1bc009302931e,Volkswagen Polo 1.5 TDI Highline,2015,600000,70000,Diesel,Individual,Manual,First Owner
690ac17d56d1bc009302931f,Hyundai i20 1.2 Spotz,2017,600000,70000,Petrol,Individual,Manual,Second Owner
690ac17d56d1bc0093029320,Hyundai Elite i20 Magna Plus Diesel,2019,730000,35000,Diesel,Individual,Manual,Second Owner
690ac17d56d1bc0093029321,Hyundai Grand i10 1.2 Kappa Magna AT,2017,450000,12700,Petrol,Individual,Automatic,First Owner
690ac17d56d1bc0093029322,Maruti Ritz LDi,2011,250000,80000,Diesel,Individual,Manual,First Owner
690ac17d56d1bc0093029323,Mahindra XUV500 W10 2WD,2018,1400000,20000,Diesel,Individual,Manual,First Owner
690ac17d56d1bc0093029324,Renault KWID 1.0 RXT Optional,2018,300000,20000,Petrol,Individual,Manual,First Owner
690ac17d56d1bc0093029325,Ford EcoSport 1.5 Petrol Titanium BSIV,2017,800000,19000,Petrol,Individual,Manual,First Owner
690ac17d56d1bc0093029326,Fiat Grande Punto Active (Diesel),2009,125000,95000,Diesel,Individual,Manual,Second Owner
690ac17d56d1bc0093029327,BMW X1 sDrive 20d xLine,2019,2600000,9500,Diesel,Individual,Automatic,First Owner
690ac17d56d1bc0093029328,Skoda Fabia 1.2 MPI Ambition Plus,2012,300000,50000,Petrol,Individual,Manual,First Owner
690ac17d56d1bc0093029329,Volkswagen Polo Diesel Trendline 1.2L,2012,295000,90000,Diesel,Individual,Manual,First Owner
690ac17d56d1bc009302932a,Ford Ecosport 1.0 Ecoboost Platinum Edition BSIV,2013,650000,45839,Petrol,Dealer,Manual,First Owner
690ac17d56d1bc009302932b,Chevrolet Aveo 1.4 LS,2010,200000,74510,Petrol,Dealer,Manual,First Owner
690ac17d56d1bc009302932c,Chevrolet Aveo U-VA 1.2 LS,2009,130000,87293,Petrol,Dealer,Manual,First Owner
690ac17d56d1bc009302932d,Ford Figo Diesel EXI,2012,250000,156040,Diesel,Dealer,Manual,First Owner
690ac17d56d1bc009302932e,Ford Endeavour 2.5L 4X2 MT,2004,400000,93415,Diesel,Dealer,Manual,First Owner
690ac17d56d1bc009302932f,Ford Aspire Titanium BSIV,2017,430000,101159,Petrol,Dealer,Manual,First Owner
690ac17d56d1bc0093029330,Hyundai EON 1.0 Kappa Magna Plus,2015,170000,80000,Petrol,Individual,Manual,Second Owner
690ac17d56d1bc0093029331,Tata Tiago 2019-2020 XZ,2019,450000,12000,Petrol,Individual,Manual,First Owner
690ac17d56d1bc0093029332,Maruti Swift ZXI,2013,350000,90000,Petrol,Individual,Manual,First Owner
690ac17d56d1bc0093029333,Chevrolet Spark 1.0 LT,2011,130000,68519,Petrol,Dealer,Manual,First Owner
690ac17d56d1bc0093029334,Chevrolet Beat Diesel LS,2012,180000,55130,Diesel,Dealer,Manual,First Owner
690ac17d56d1bc0093029335,Ford Ecosport 1.0 Ecoboost Titanium Optional,2014,475000,65239,Petrol,Dealer,Manual,First Owner
690ac17d56d1bc0093029336,Volkswagen Polo 1.2 MPI Comfortline,2015,470000,58182,Petrol,Dealer,Manual,First Owner
690ac17d56d1bc0093029337,Ford Fiesta Diesel Trend,2012,200000,91245,Diesel,Dealer,Manual,First Owner
690ac17d56d1bc0093029338,Mahindra XUV500 W8 2WD,2013,650000,102989,Diesel,Dealer,Manual,First Owner
690ac17d56d1bc0093029339,Honda City 1.5 E MT,2010,400000,50000,Petrol,Individual,Manual,First Owner
690ac17d56d1bc009302933a,Maruti Zen VXI,2000,100000,120000,Petrol,Individual,Manual,First Owner
690ac17d56d1bc009302933b,Maruti Swift Dzire VDI,2014,409999,90000,Diesel,Individual,Manual,First Owner
690ac17d56d1bc009302933c,Maruti Swift VDI BSIV,2018,640000,25000,Diesel,Individual,Manual,First Owner
690ac17d56d1bc009302933d,Maruti Wagon R LXI Minor,2007,160000,80000,Petrol,Individual,Manual,Second Owner
690ac17d56d1bc009302933e,Tata Indigo TDI,2013,182000,100000,Diesel,Individual,Manual,First Owner
690ac17d56d1bc009302933f,Maruti Baleno Zeta 1.3,2018,750000,70000,Diesel,Individual,Manual,First Owner
690ac17d56d1bc0093029340,Mahindra Jeep MM 550 XDB,2002,150000,50000,Diesel,Individual,Manual,Third Owner
690ac17d56d1bc0093029341,Maruti Alto STD,2008,80000,100000,Petrol,Individual,Manual,Second Owner
690ac17d56d1bc0093029342,Maruti Celerio VDi,2016,240000,90000,Diesel,Individual,Manual,Third Owner
690ac17d56d1bc0093029343,Maruti Esteem Lxi,2005,60000,60000,Petrol,Individual,Manual,Third Owner
690ac17d56d1bc0093029344,Maruti Alto LX,2007,70000,120000,Petrol,Individual,Manual,Third Owner
690ac17d56d1bc0093029345,Volkswagen Jetta 1.9 Highline TDI,2008,285000,90000,Diesel,Individual,Automatic,Second Owner
690ac17d56d1bc0093029346,Maruti Swift VDI BSIV,2015,350000,60000,Diesel,Individual,Manual,Second Owner
690ac17d56d1bc0093029347,Hyundai i20 Active 1.4 SX with AVN,2015,699000,30000,Diesel,Individual,Manual,Second Owner
690ac17d56d1bc0093029348,Ford Figo Diesel ZXI,2011,275000,108000,Diesel,Individual,Manual,Second Owner
690ac17d56d1bc0093029349,Hyundai i20 1.4 CRDi Magna,2012,350000,160000,Diesel,Individual,Manual,Second Owner
690ac17d56d1bc009302934a,Maruti Alto LXi BSIII,2006,135000,90000,Petrol,Individual,Manual,Third Owner
690ac17d56d1bc009302934b,Mahindra Xylo E4 8S,2010,325000,120000,Diesel,Individual,Manual,Third Owner
690ac17d56d1bc009302934c,Mahindra XUV500 W8 2WD,2012,650000,102000,Diesel,Individual,Manual,Second Owner
690ac17d56d1bc009302934d,Mahindra Bolero SLE,2009,300000,178000,Diesel,Individual,Manual,Second Owner
690ac17d56d1bc009302934e,Toyota Innova 2.5 VX (Diesel) 8 Seater,2014,1200000,200000,Diesel,Individual,Manual,Second Owner
690ac17d56d1bc009302934f,Ford Fiesta Petrol Trend,2012,450000,60000,Petrol,Dealer,Manual,First Owner
690ac17d56d1bc0093029350,Tata Tiago 1.2 Revotron XE,2019,425000,3000,Petrol,Individual,Manual,First Owner
690ac17d56d1bc0093029351,Maruti Alto LXi,2006,150000,75118,Petrol,Individual,Manual,Second Owner
690ac17d56d1bc0093029352,Maruti Ritz LDi,2013,290000,140000,Diesel,Individual,Manual,Second Owner
690ac17d56d1bc0093029353,Hyundai Xcent 1.2 Kappa Base,2014,335000,60000,Petrol,Individual,Manual,Second Owner
690ac17d56d1bc0093029354,Chevrolet Optra 1.6,2006,120000,79000,Petrol,Dealer,Manual,Fourth & Above Owner
690ac17d56d1bc0093029355,Ford Ikon 1.6 ZXI NXt,2005,20000,25000,Petrol,Individual,Manual,Second Owner
690ac17d56d1bc0093029356,Hyundai Getz GLS,2005,250000,70000,Petrol,Individual,Manual,First Owner
690ac17d56d1bc0093029357,Hyundai Santro Xing GL Plus,2008,120000,41723,Petrol,Individual,Manual,Second Owner
690ac17d56d1bc0093029358,Maruti SX4 Vxi BSIV,2010,250000,70000,Petrol,Individual,Manual,First Owner
690ac17d56d1bc0093029359,Tata Indigo LS,2012,220000,70000,Diesel,Individual,Manual,Second Owner
690ac17d56d1bc009302935a,Ford Ikon 1.3 Flair,2005,61000,4637,Petrol,Individual,Manual,Second Owner
690ac17d56d1bc009302935b,Maruti Swift VDI BSIV,2016,620000,70000,Diesel,Individual,Manual,First Owner
690ac17d56d1bc009302935c,Maruti Swift Dzire LDIX Limited Edition,2014,425000,100000,Diesel,Individual,Manual,Second Owner
690ac17d56d1bc009302935d,Tata Indica Vista Aqua 1.3 Quadrajet,2009,85000,120000,Diesel,Individual,Manual,Second Owner
690ac17d56d1bc009302935e,Maruti Swift 1.3 DLX,2015,270000,40000,Diesel,Individual,Manual,Second Owner
690ac17d56d1bc009302935f,Maruti Swift Vdi BSIII,2009,180000,220000,Diesel,Individual,Manual,First Owner
690ac17d56d1bc0093029360,Renault KWID 1.0 RXT Optional,2018,300000,20000,Petrol,Individual,Manual,First Owner
690ac17d56d1bc0093029361,Ford EcoSport 1.5 Petrol Titanium BSIV,2017,800000,19000,Petrol,Individual,Manual,First Owner
690ac17d56d1bc0093029362,Fiat Grande Punto Active (Diesel),2009,125000,95000,Diesel,Individual,Manual,Second Owner
690ac17d56d1bc0093029363,Mahindra KUV 100 mFALCON G80 K2,2017,450000,30000,Petrol,Individual,Manual,First Owner
690ac17d56d1bc0093029364,Tata New Safari DICOR 2.2 VX 4x4,2012,450000,42655,Diesel,Individual,Manual,First Owner
690ac17d56d1bc0093029365,Renault KWID 1.0 RXL,2017,250000,43000,Petrol,Individual,Manual,Second Owner
690ac17d56d1bc0093029366,Toyota Innova 2.5 VX 8 STR BSIV,2012,725000,70000,Diesel,Individual,Manual,First Owner
690ac17d56d1bc0093029367,Hyundai i20 Magna,2010,250000,55000,Petrol,Individual,Manual,First Owner
690ac17d56d1bc0093029368,Fiat Punto 1.3 Active,2010,99000,80000,Diesel,Individual,Manual,Second Owner
690ac17d56d1bc0093029369,Renault KWID 1.0,2017,350000,55000,Petrol,Individual,Manual,First Owner
690ac17d56d1bc009302936a,Hyundai Xcent 1.2 VTVT E Plus,2018,511000,70000,Petrol,Individual,Manual,First Owner
690ac17d56d1bc009302936b,Maruti Ritz VDi,2012,300000,80000,Diesel,Individual,Manual,First Owner
690ac17d56d1bc009302936c,Audi Q5 2.0 TFSI Quattro,2010,1100000,110000,Petrol,Individual,Automatic,First Owner
690ac17d56d1bc009302936d,Hyundai i10 Sportz 1.2,2010,125000,60000,Petrol,Individual,Manual,Third Owner
690ac17d56d1bc009302936e,Tata Tiago 1.2 Revotron XZ,2018,500000,30000,Petrol,Individual,Manual,First Owner
690ac17d56d1bc009302936f,Renault Duster 85PS Diesel RxL,2013,385000,80000,Diesel,Individual,Manual,Second Owner
690ac17d56d1bc0093029370,Skoda Rapid 1.6 MPI Elegance,2012,350000,90000,Petrol,Individual,Manual,First Owner
690ac17d56d1bc0093029371,Maruti 800 Std BSIII,2003,60000,50000,Petrol,Individual,Manual,First Owner
690ac17d56d1bc0093029372,Hyundai Santro Xing GLS,2012,300000,50000,Petrol,Individual,Manual,First Owner
690ac17d56d1bc0093029373,Hyundai i20 1.4 CRDi Asta,2012,400000,70000,Diesel,Individual,Manual,First Owner
690ac17d56d1bc0093029374,Ford Ecosport 1.5 DV5 MT Titanium,2014,550000,110000,Diesel,Individual,Manual,First Owner
690ac17d56d1bc0093029375,Nissan Sunny XL,2012,300000,80000,Petrol,Individual,Manual,Second Owner
690ac17d56d1bc0093029376,Maruti Swift VDI,2012,250000,156000,Diesel,Individual,Manual,First Owner
690ac17d56d1bc0093029377,Toyota Innova 2.5 GX 7 STR,2012,800000,180000,Diesel,Individual,Manual,First Owner
690ac17d56d1bc0093029378,Maruti Eeco 5 Seater AC BSIV,2018,300000,25000,Petrol,Individual,Manual,First Owner
690ac17d56d1bc0093029379,Maruti Alto LX,2004,80000,120000,Petrol,Individual,Manual,First Owner
690ac17d56d1bc009302937a,Mahindra Scorpio S5 BSIV,2020,1200000,11000,Diesel,Individual,Manual,First Owner
690ac17d56d1bc009302937b,Renault KWID AMT,2017,355000,40000,Petrol,Individual,Automatic,First Owner
690ac17d56d1bc009302937c,Maruti Swift Dzire VDI,2015,520000,50000,Diesel,Individual,Manual,First Owner
690ac17d56d1bc009302937d,Hyundai Verna 1.6 CRDI,2012,500000,26000,Diesel,Individual,Manual,First Owner
690ac17d56d1bc009302937e,Maruti Alto LXi,2008,114999,30000,Petrol,Individual,Manual,First Owner
690ac17d56d1bc009302937f,Toyota Fortuner 4x2 Manual,2014,1800000,50000,Diesel,Individual,Manual,First Owner
690ac17d56d1bc0093029380,Mahindra TUV 300 T6 Plus,2018,800000,20000,Diesel,Individual,Manual,First Owner
690ac17d56d1bc0093029381,Maruti Alto LXi BSIII,2008,105000,30000,Petrol,Individual,Manual,Second Owner
690ac17d56d1bc0093029382,Maruti Alto LXi,2011,135000,78000,Petrol,Individual,Manual,First Owner
690ac17d56d1bc0093029383,Maruti Wagon R VXI BS IV,2011,170000,40000,Petrol,Individual,Manual,Second Owner
690ac17d56d1bc0093029384,Hyundai Verna 1.6 SX VTVT,2014,550000,100000,Petrol,Individual,Manual,First Owner
690ac17d56d1bc0093029385,Honda City 1.5 V MT,2009,250000,70000,Petrol,Individual,Manual,Third Owner
690ac17d56d1bc0093029386,Hyundai Elantra CRDi SX,2014,650000,30000,Diesel,Individual,Manual,Second Owner
690ac17d56d1bc0093029387,Honda City 1.5 V AT Exclusive,2008,210000,77000,Petrol,Individual,Automatic,Third Owner
690ac17d56d1bc0093029388,Volkswagen Vento Diesel Highline,2011,260000,150000,Diesel,Individual,Manual,First Owner
690ac17d56d1bc0093029389,Maruti Swift Dzire ZDI,2016,750000,69000,Diesel,Individual,Manual,First Owner
690ac17d56d1bc009302938a,Toyota Innova Crysta 2.8 GX AT BSIV,2016,1350000,120000,Diesel,Individual,Automatic,First Owner
690ac17d56d1bc009302938b,Maruti Ritz VDi,2012,220000,120000,Diesel,Individual,Manual,Second Owner
690ac17d56d1bc009302938c,Hyundai Getz 1.3 GLS,2008,110000,110000,Petrol,Individual,Manual,Second Owner
690ac17d56d1bc009302938d,Mahindra XUV500 AT W8 FWD,2017,1230000,70000,Diesel,Individual,Automatic,First Owner
690ac17d56d1bc009302938e,Mahindra Quanto C6,2013,220000,110000,Diesel,Individual,Manual,First Owner
690ac17d56d1bc009302938f,Tata Indigo LX Dicor,2009,130000,50000,Diesel,Individual,Manual,First Owner
690ac17d56d1bc0093029390,Hyundai i20 1.2 Magna,2012,330000,44000,Petrol,Individual,Manual,First Owner
690ac17d56d1bc0093029391,Honda City 1.5 S MT,2010,254999,90000,Petrol,Individual,Manual,Second Owner
690ac17d56d1bc0093029392,Hyundai Verna 1.6 SX VTVT (O),2014,600000,50000,Petrol,Individual,Manual,Second Owner
690ac17d56d1bc0093029393,Hyundai i10 Magna,2012,210000,50000,Petrol,Individual,Manual,First Owner
690ac17d56d1bc0093029394,Chevrolet Enjoy TCDi LT 7 Seater,2014,300000,146000,Diesel,Individual,Manual,First Owner
690ac17d56d1bc0093029395,Tata Tiago 1.2 Revotron XTA,2018,426000,15000,Petrol,Individual,Automatic,First Owner
690ac17d56d1bc0093029396,Maruti Alto K10 VXI,2015,265000,60000,Petrol,Individual,Manual,First Owner
690ac17d56d1bc0093029397,Hyundai Xcent 1.2 Kappa SX,2016,450000,35000,Petrol,Individual,Manual,Second Owner
690ac17d56d1bc0093029398,Hyundai Verna 1.6 SX,2012,480000,80000,Diesel,Individual,Manual,First Owner
690ac17d56d1bc0093029399,Tata Nano Lx,2010,40000,90000,Petrol,Individual,Manual,First Owner
690ac17d56d1bc009302939a,Honda City 1.5 S MT,2011,395000,70000,Petrol,Individual,Manual,Second Owner
690ac17d56d1bc009302939b,Maruti Wagon R VXI BS IV,2013,229999,62000,Petrol,Individual,Manual,Second Owner
690ac17d56d1bc009302939c,Ford Ecosport 1.5 Petrol Titanium Plus AT,2018,875000,10000,Petrol,Individual,Automatic,First Owner
690ac17d56d1bc009302939d,Maruti Eeco 5 STR With AC Plus HTR CNG,2010,170000,80000,CNG,Individual,Manual,Fourth & Above Owner
690ac17d56d1bc009302939e,Hyundai i20 Sportz 1.2,2015,500000,35000,Petrol,Individual,Manual,Second Owner
690ac17d56d1bc009302939f,Renault Duster 85PS Diesel RxL,2013,450000,1000,Diesel,Dealer,Manual,Second Owner
690ac17d56d1bc00930293a0,Mercedes-Benz C-Class Progressive C 220d,2018,3800000,10000,Diesel,Dealer,Automatic,First Owner
690ac17d56d1bc00930293a1,Audi A4 3.0 TDI Quattro,2013,1580000,86000,Diesel,Dealer,Automatic,First Owner
690ac17d56d1bc00930293a2,BMW X5 xDrive 30d xLine,2019,4950000,30000,Diesel,Dealer,Automatic,First Owner
690ac17d56d1bc00930293a3,Hyundai Creta 1.6 CRDi SX,2016,535000,52600,Diesel,Individual,Manual,First Owner
690ac17d56d1bc00930293a4,Maruti SX4 Vxi BSIV,2012,225000,110000,Petrol,Individual,Manual,Second Owner
690ac17d56d1bc00930293a5,Hyundai Grand i10 1.2 Kappa Magna AT,2017,550000,19890,Petrol,Dealer,Automatic,First Owner
690ac17d56d1bc00930293a6,Maruti Swift ZXI BSIV,2016,670000,7104,Petrol,Trustmark Dealer,Manual,First Owner
690ac17d56d1bc00930293a7,Maruti Ertiga VXI,2015,625000,11918,Petrol,Trustmark Dealer,Manual,First Owner
690ac17d56d1bc00930293a8,Hyundai Grand i10 Magna AT,2017,520000,10510,Petrol,Dealer,Automatic,First Owner
690ac17d56d1bc00930293a9,Chevrolet Beat LT Option,2016,239000,41000,Petrol,Dealer,Manual,First Owner
690ac17d56d1bc00930293aa,Toyota Fortuner 4x2 AT,2017,2600000,47162,Diesel,Trustmark Dealer,Automatic,First Owner
690ac17d56d1bc00930293ab,Maruti S-Cross Zeta DDiS 200 SH,2015,750000,45974,Diesel,Trustmark Dealer,Manual,First Owner
690ac17d56d1bc00930293ac,Hyundai i10 Magna,2012,229999,49824,Petrol,Dealer,Manual,First Owner
690ac17d56d1bc00930293ad,Audi A6 2.0 TDI Premium Plus,2013,1300000,58500,Diesel,Dealer,Automatic,First Owner
690ac17d56d1bc00930293ae,Hyundai Santro GS,2005,80000,56580,Petrol,Dealer,Manual,First Owner
690ac17d56d1bc00930293af,Skoda Laura Ambiente 2.0 TDI CR MT,2012,385000,52000,Diesel,Dealer,Manual,First Owner
690ac17d56d1bc00930293b0,Hyundai Verna 1.6 VTVT SX,2015,760000,55340,Petrol,Trustmark Dealer,Manual,First Owner
690ac17d56d1bc00930293b1,Maruti Swift Dzire VDI,2017,600000,46507,Diesel,Trustmark Dealer,Manual,First Owner
690ac17d56d1bc00930293b2,Maruti Ignis 1.2 Sigma BSIV,2019,450000,40000,Petrol,Individual,Manual,First Owner
690ac17d56d1bc00930293b3,Maruti Ignis 1.2 Sigma BSIV,2019,450000,40000,Petrol,Individual,Manual,First Owner
690ac17d56d1bc00930293b4,Maruti Ertiga VDI,2012,550000,120000,Diesel,Individual,Manual,Third Owner
690ac17d56d1bc00930293b5,Tata Manza Aura Safire BS IV,2013,200000,60000,Petrol,Individual,Manual,First Owner
690ac17d56d1bc00930293b6,Tata Indica GLS BS IV,2008,80000,90000,Petrol,Individual,Manual,Second Owner
690ac17d56d1bc00930293b7,Tata New Safari DICOR 2.2 EX 4x2,2010,300000,250000,Diesel,Individual,Manual,Second Owner
690ac17d56d1bc00930293b8,Ford Aspire Titanium Plus Diesel BSIV,2019,675000,15000,Diesel,Individual,Manual,First Owner
690ac17d56d1bc00930293b9,Maruti Eeco 7 Seater Standard BSIV,2017,260000,30000,Petrol,Individual,Manual,First Owner
690ac17d56d1bc00930293ba,Hyundai Grand i10 1.2 Kappa Asta,2019,500000,15000,Petrol,Individual,Manual,First Owner
690ac17d56d1bc00930293bb,Hyundai EON Sportz,2012,150000,55766,Petrol,Individual,Manual,Second Owner
690ac17d56d1bc00930293bc,Maruti Alto LXi,2006,100000,80000,Petrol,Individual,Manual,First Owner
690ac17d56d1bc00930293bd,Maruti Wagon R LXI,2001,70000,117000,Petrol,Individual,Manual,Second Owner
690ac17d56d1bc00930293be,Maruti Alto LX,2004,100000,70000,Petrol,Individual,Manual,First Owner
690ac17d56d1bc00930293bf,Toyota Innova 2.5 VX (Diesel) 7 Seater,2012,730000,110000,Diesel,Individual,Manual,Second Owner
690ac17d56d1bc00930293c0,Nissan Terrano XL 85 PS,2016,525000,100000,Diesel,Individual,Manual,Second Owner
690ac17d56d1bc00930293c1,Nissan Terrano XL 85 PS,2016,525000,105000,Diesel,Individual,Manual,Second Owner
690ac17d56d1bc00930293c2,Toyota Innova 2.5 V Diesel 7-seater,2009,550000,182000,Diesel,Individual,Manual,Third Owner
690ac17d56d1bc00930293c3,Toyota Corolla Altis Diesel D4DJ,2012,420000,95000,Diesel,Individual,Manual,Second Owner
690ac17d56d1bc00930293c4,Honda Amaze SX i-VTEC,2015,500000,70000,Petrol,Individual,Manual,First Owner
690ac17d56d1bc00930293c5,Maruti Wagon R LXI Minor,2009,165000,76000,Petrol,Individual,Manual,Second Owner
690ac17d56d1bc00930293c6,Hyundai Verna 1.6 SX,2014,650000,70000,Diesel,Individual,Manual,Second Owner
690ac17d56d1bc00930293c7,Chevrolet Beat Diesel LT,2013,195000,46000,Diesel,Individual,Manual,First Owner
690ac17d56d1bc00930293c8,Maruti Zen LX,1999,75000,70000,Petrol,Individual,Manual,First Owner
690ac17d56d1bc00930293c9,Hyundai Accent CRDi,2005,100000,120000,Diesel,Individual,Manual,Second Owner
690ac17d56d1bc00930293ca,Toyota Innova Crysta 2.4 VX MT BSIV,2017,1770000,25000,Diesel,Individual,Manual,First Owner
690ac17d56d1bc00930293cb,Maruti Esteem Lxi - BSIII,2006,90000,90000,Petrol,Individual,Manual,First Owner
690ac17d56d1bc00930293cc,Hyundai Xcent 1.1 CRDi Base,2016,515000,50000,Diesel,Individual,Manual,First Owner
690ac17d56d1bc00930293cd,Honda Jazz 1.5 VX i DTEC,2017,700000,24585,Diesel,Dealer,Manual,Test Drive Car
690ac17d56d1bc00930293ce,Maruti Zen LX,2001,62000,70000,Petrol,Individual,Manual,First Owner
690ac17d56d1bc00930293cf,Toyota Etios GD SP,2011,220000,110000,Diesel,Individual,Manual,Third Owner
690ac17d56d1bc00930293d0,Hyundai Santro Magna CNG BSIV,2019,520000,10000,CNG,Individual,Manual,First Owner
690ac17d56d1bc00930293d1,Fiat Linea Emotion,2010,170000,100000,Petrol,Individual,Manual,First Owner
690ac17d56d1bc00930293d2,Ford Figo Diesel Titanium,2011,190000,110000,Diesel,Individual,Manual,Second Owner
690ac17d56d1bc00930293d3,Ford Figo Diesel Titanium,2011,150000,100000,Diesel,Individual,Manual,Second Owner
690ac17d56d1bc00930293d4,Maruti Zen Estilo LXI BS IV,2009,125000,65000,Petrol,Individual,Manual,First Owner
690ac17d56d1bc00930293d5,Honda Amaze EX i-Dtech,2015,290000,40000,Diesel,Individual,Manual,Third Owner
690ac17d56d1bc00930293d6,Maruti Celerio X ZXI BSIV,2019,490000,13900,Petrol,Individual,Manual,First Owner
690ac17d56d1bc00930293d7,Tata Tigor 1.2 Revotron XZ Option,2017,434999,17563,Petrol,Individual,Manual,First Owner
690ac17d56d1bc00930293d8,Tata Zest Revotron 1.2T XE,2016,380000,15000,Petrol,Individual,Manual,First Owner
690ac17d56d1bc00930293d9,Volkswagen Polo Diesel Trendline 1.2L,2012,200000,82000,Diesel,Individual,Manual,Second Owner
690ac17d56d1bc00930293da,Ford Figo 1.5D Trend MT,2016,495000,40000,Diesel,Individual,Manual,First Owner
690ac17d56d1bc00930293db,Toyota Innova 2.5 Z Diesel 7 Seater BS IV,2014,894999,173000,Diesel,Individual,Manual,Third Owner
690ac17d56d1bc00930293dc,Mahindra XUV500 W6 2WD,2014,600000,151000,Diesel,Individual,Manual,Second Owner
690ac17d56d1bc00930293dd,Honda Brio S MT,2015,300000,50000,Petrol,Individual,Manual,First Owner
690ac17d56d1bc00930293de,Honda Amaze E i-VTEC,2017,430000,15000,Petrol,Individual,Manual,First Owner
690ac17d56d1bc00930293df,Honda Amaze E i-DTEC,2017,370000,80000,Diesel,Individual,Manual,First Owner
690ac17d56d1bc00930293e0,Maruti Baleno Zeta 1.2,2019,750000,11000,Petrol,Individual,Manual,First Owner
690ac17d56d1bc00930293e1,Maruti Alto K10 LXI CNG Optional,2016,300000,50000,CNG,Individual,Manual,First Owner
690ac17d56d1bc00930293e2,BMW X1 sDrive20d,2012,700000,120000,Diesel,Individual,Automatic,Second Owner
690ac17d56d1bc00930293e3,Maruti Wagon R LXI DUO BSIII,2007,100000,70000,LPG,Individual,Manual,Third Owner
690ac17d56d1bc00930293e4,Hyundai Grand i10 Sportz,2015,300000,90000,Petrol,Individual,Manual,First Owner
690ac17d56d1bc00930293e5,Tata Indica Vista Quadrajet VX,2012,130000,185000,Diesel,Individual,Manual,Second Owner
690ac17d56d1bc00930293e6,Hyundai i20 Asta Option 1.4 CRDi,2016,650000,40000,Diesel,Individual,Manual,First Owner
690ac17d56d1bc00930293e7,Maruti Swift VDI BSIV,2017,509999,25000,Diesel,Individual,Manual,First Owner
690ac17d56d1bc00930293e8,Toyota Innova 2.5 VX (Diesel) 7 Seater,2013,1000000,117780,Diesel,Individual,Manual,Second Owner
690ac17d56d1bc00930293e9,Hyundai Verna CRDi SX,2010,280000,120000,Diesel,Individual,Manual,Second Owner
690ac17d56d1bc00930293ea,Maruti Swift DDiS VDI,2017,600000,120000,Diesel,Individual,Manual,First Owner
690ac17d56d1bc00930293eb,Skoda Rapid 1.6 TDI Ambition,2013,210000,120000,Diesel,Individual,Manual,Third Owner
690ac17d56d1bc00930293ec,Audi Q3 2.0 TDI Quattro Premium Plus,2014,1150000,110000,Diesel,Individual,Automatic,Second Owner
690ac17d56d1bc00930293ed,Hyundai EON Magna Plus,2018,229999,30000,Petrol,Individual,Manual,First Owner
690ac17d56d1bc00930293ee,Hyundai EON Magna Plus,2018,245000,30000,Petrol,Individual,Manual,First Owner
690ac17d56d1bc00930293ef,Mahindra Scorpio S4 4WD,2015,600000,60000,Diesel,Individual,Manual,First Owner
690ac17d56d1bc00930293f0,Hyundai Grand i10 Sportz,2016,375000,25000,Petrol,Individual,Manual,First Owner
690ac17d56d1bc00930293f1,Mahindra Scorpio 1.99 S10,2015,150000,55000,Diesel,Individual,Manual,Second Owner
690ac17d56d1bc00930293f2,Mahindra XUV500 W10 2WD,2018,1450000,20000,Diesel,Individual,Manual,First Owner
690ac17d56d1bc00930293f3,Maruti Ertiga VDI,2014,500000,100000,Diesel,Individual,Manual,Second Owner
690ac17d56d1bc00930293f4,Maruti Alto LXi,2007,75000,40000,Petrol,Individual,Manual,Second Owner
690ac17d56d1bc00930293f5,Hyundai Sonata AT Leather,2006,225000,80000,Petrol,Individual,Automatic,Third Owner
690ac17d56d1bc00930293f6,Hyundai Sonata 2.4L AT,2006,275000,80000,Petrol,Individual,Automatic,Fourth & Above Owner
690ac17d56d1bc00930293f7,Mahindra Bolero Power Plus SLX,2018,620000,35000,Diesel,Individual,Manual,First Owner
690ac17d56d1bc00930293f8,Nissan X-Trail SLX MT,2010,600000,110000,Diesel,Individual,Manual,Second Owner
690ac17d56d1bc00930293f9,Mahindra Xylo E8 ABS Airbag BSIV,2011,275000,160000,Diesel,Individual,Manual,First Owner
690ac17d56d1bc00930293fa,Tata Indigo TDI,2013,125000,125000,Diesel,Individual,Manual,First Owner
690ac17d56d1bc00930293fb,Tata Indigo GLS,2011,80000,62000,Petrol,Individual,Manual,Second Owner
690ac17d56d1bc00930293fc,Nissan Micra Diesel XV,2011,199000,120000,Diesel,Individual,Manual,Second Owner
690ac17d56d1bc00930293fd,Nissan Micra XL,2016,440000,33000,Petrol,Individual,Manual,Second Owner
690ac17d56d1bc00930293fe,Maruti Swift Dzire LDI,2013,250000,80000,Diesel,Individual,Manual,Fourth & Above Owner
690ac17d56d1bc00930293ff,Hyundai i20 1.4 Sportz,2017,700000,35000,Diesel,Individual,Manual,First Owner
690ac17d56d1bc0093029400,Hyundai Grand i10 CRDi Asta Option,2015,450000,50000,Diesel,Individual,Manual,First Owner
690ac17d56d1bc0093029401,Maruti Alto 800 Std Optional,2019,240000,5000,Petrol,Individual,Manual,First Owner
690ac17d56d1bc0093029402,Hyundai Xcent 1.2 Kappa SX,2016,350000,12000,Petrol,Individual,Manual,First Owner
690ac17d56d1bc0093029403,Ford EcoSport 1.5 TDCi Titanium BSIV,2016,650000,81595,Diesel,Dealer,Manual,First Owner
690ac17d56d1bc0093029404,Hyundai Getz GLS ABS,2005,71000,22000,Petrol,Individual,Manual,First Owner
690ac17d56d1bc0093029405,Maruti Swift VXI Optional,2015,400000,40000,Petrol,Individual,Manual,First Owner
690ac17d56d1bc0093029406,Maruti Alto LXi BSIII,2008,130000,40000,Petrol,Individual,Manual,Second Owner
690ac17d56d1bc0093029407,Mahindra Scorpio 2.6 CRDe SLE,2013,300000,70000,Diesel,Individual,Manual,Second Owner
690ac17d56d1bc0093029408,Nissan Kicks XL D BSIV,2019,1100000,4000,Diesel,Individual,Manual,First Owner
690ac17d56d1bc0093029409,BMW 3 Series 320d Luxury Line,2015,2200000,24000,Diesel,Individual,Automatic,First Owner
690ac17d56d1bc009302940a,Honda Amaze VX i-VTEC,2018,800000,13500,Petrol,Dealer,Manual,First Owner
690ac17d56d1bc009302940b,Maruti Ritz VDI (ABS) BS IV,2013,490000,40000,Diesel,Individual,Manual,First Owner
690ac17d56d1bc009302940c,Honda Jazz 1.2 VX i VTEC,2018,836000,9700,Petrol,Dealer,Manual,First Owner
690ac17d56d1bc009302940d,Volkswagen Polo Petrol Comfortline 1.2L,2012,375000,62000,Petrol,Individual,Manual,Second Owner
690ac17d56d1bc009302940e,Honda BR-V i-DTEC VX MT,2016,1249000,24000,Diesel,Dealer,Manual,First Owner
690ac17d56d1bc009302940f,Honda WR-V i-DTEC VX,2019,1240000,13000,Diesel,Dealer,Manual,First Owner
690ac17d56d1bc0093029410,Tata Nano Std BSII,2009,35000,50000,Petrol,Individual,Manual,Third Owner
690ac17d56d1bc0093029411,Honda BR-V i-VTEC VX MT,2017,1068000,36000,Petrol,Dealer,Manual,First Owner
690ac17d56d1bc0093029412,Honda BR-V i-DTEC VX MT,2017,1189000,40000,Diesel,Dealer,Manual,First Owner
690ac17d56d1bc0093029413,Hyundai Elite i20 Petrol Asta Option,2018,700000,27000,Petrol,Individual,Manual,First Owner
690ac17d56d1bc0093029414,Maruti Alto K10 VXI,2016,350000,40000,Petrol,Individual,Manual,First Owner
690ac17d56d1bc0093029415,Hyundai i10 Magna 1.2,2009,254999,80000,Petrol,Individual,Manual,Second Owner
690ac17d56d1bc0093029416,Mahindra Scorpio 2.6 CRDe,2005,229999,221000,Diesel,Individual,Manual,Third Owner
690ac17d56d1bc0093029417,Hyundai i20 Asta Option 1.4 CRDi,2016,750000,80000,Diesel,Individual,Manual,First Owner
690ac17d56d1bc0093029418,Maruti Ritz VDi,2012,325000,119000,Diesel,Individual,Manual,Second Owner
690ac17d56d1bc0093029419,Toyota Innova 2.5 G4 Diesel 7-seater,2009,760000,190000,Diesel,Individual,Manual,Second Owner
690ac17d56d1bc009302941a,Maruti Celerio ZXI AT,2017,509999,25000,Petrol,Individual,Automatic,First Owner
690ac17d56d1bc009302941b,Nissan Micra XL,2013,363000,28740,Petrol,Individual,Manual,First Owner
690ac17d56d1bc009302941c,Maruti Alto K10 LXI,2010,229999,48500,Petrol,Individual,Manual,First Owner
690ac17d56d1bc009302941d,Nissan Sunny XL,2012,290000,110000,Petrol,Individual,Manual,Second Owner
690ac17d56d1bc009302941e,Maruti Swift VXI,2018,550000,30000,Petrol,Individual,Manual,First Owner
690ac17d56d1bc009302941f,Tata Indica Vista TDI LX,2011,125000,120000,Diesel,Individual,Manual,Second Owner
690ac17d56d1bc0093029420,Volvo XC60 D5 Inscription,2014,2000000,130000,Diesel,Individual,Automatic,First Owner
690ac17d56d1bc0093029421,Toyota Innova 2.5 G4 Diesel 7-seater,2008,350000,140000,Diesel,Individual,Manual,Second Owner
690ac17d56d1bc0093029422,Hyundai Verna 1.6 SX CRDi (O),2011,390000,90000,Diesel,Individual,Manual,First Owner
690ac17d56d1bc0093029423,Maruti Wagon R VXI Minor ABS,2010,260000,50000,Petrol,Individual,Manual,First Owner
690ac17d56d1bc0093029424,Maruti Omni BSIII 8-STR W/ IMMOBILISER,2008,150000,50000,Petrol,Individual,Manual,Second Owner
690ac17d56d1bc0093029425,Maruti Esteem Vxi - BSIII,2006,85000,60000,Petrol,Individual,Manual,Second Owner
690ac17d56d1bc0093029426,Maruti Alto 800 LXI,2015,280000,15000,Petrol,Individual,Manual,Second Owner
690ac17d56d1bc0093029427,Maruti Celerio VXI,2015,220000,45000,Petrol,Individual,Manual,First Owner
690ac17d56d1bc0093029428,Hyundai Santro Xing XG,2005,140000,80000,Petrol,Individual,Manual,Third Owner
690ac17d56d1bc0093029429,Maruti Wagon R AMT VXI Option,2018,370000,15000,Petrol,Individual,Automatic,First Owner
690ac17d56d1bc009302942a,Maruti Swift Dzire VDI,2019,650000,20000,Diesel,Individual,Manual,First Owner
690ac17d56d1bc009302942b,Maruti Alto 800 LX,2017,280000,37000,Petrol,Individual,Manual,First Owner
690ac17d56d1bc009302942c,Maruti Swift Dzire VDI,2016,540000,80000,Diesel,Individual,Manual,First Owner
690ac17d56d1bc009302942d,Ambassador Classic 2000 Dsz,2002,50000,120000,Diesel,Individual,Manual,Fourth & Above Owner
690ac17d56d1bc009302942e,Maruti Ciaz Sigma BSIV,2018,800000,20000,Petrol,Individual,Manual,First Owner
690ac17d56d1bc009302942f,Ford Figo 1.5D Titanium MT,2016,515000,25000,Diesel,Individual,Manual,First Owner
690ac17d56d1bc0093029430,Hyundai i20 1.2 Magna,2010,220000,96000,Petrol,Individual,Manual,Third Owner
690ac17d56d1bc0093029431,Hyundai i20 Asta (o),2014,525000,54000,Petrol,Dealer,Manual,Second Owner
690ac17d56d1bc0093029432,Chevrolet Spark 1.0 LT Option Pack w/ Airbag,2013,165000,53000,Petrol,Dealer,Manual,First Owner
690ac17d56d1bc0093029433,Fiat Linea 1.3 Emotion,2010,221000,65000,Diesel,Dealer,Manual,First Owner
690ac17d56d1bc0093029434,Chevrolet Beat LT,2015,245000,43000,Petrol,Dealer,Manual,First Owner
690ac17d56d1bc0093029435,Ford Figo 1.2P Titanium Plus MT,2012,260000,42000,Petrol,Dealer,Manual,First Owner
690ac17d56d1bc0093029436,Skoda Superb Elegance 2.0 TDI CR AT,2011,550000,73000,Diesel,Dealer,Automatic,First Owner
690ac17d56d1bc0093029437,Hyundai Grand i10 1.2 Kappa Era,2015,434999,29000,Petrol,Dealer,Manual,First Owner
690ac17d56d1bc0093029438,Tata Safari Storme EX,2013,450000,95000,Diesel,Dealer,Manual,First Owner
690ac17d56d1bc0093029439,Chevrolet Sail 1.2 Base,2014,290000,25000,Petrol,Individual,Manual,First Owner
690ac17d56d1bc009302943a,Volkswagen Vento 1.0 TSI Highline Plus,2011,305000,53000,Petrol,Dealer,Manual,Second Owner
690ac17d56d1bc009302943b,Ford Classic 1.6 Duratec LXI,2011,265000,20000,Petrol,Dealer,Manual,First Owner
690ac17d56d1bc009302943c,Honda Brio 1.2 S MT,2014,325000,57000,Petrol,Dealer,Manual,First Owner
690ac17d56d1bc009302943d,Chevrolet Cruze LTZ,2014,550000,52000,Diesel,Dealer,Manual,First Owner
690ac17d56d1bc009302943e,Maruti Zen Estilo LXI BSIII,2008,105000,40000,Petrol,Individual,Manual,First Owner
690ac17d56d1bc009302943f,Honda Brio 1.2 S MT,2012,275000,47000,Petrol,Dealer,Manual,First Owner
690ac17d56d1bc0093029440,Honda City 1.5 V MT,2012,434999,47000,Petrol,Dealer,Manual,Second Owner
690ac17d56d1bc0093029441,Hyundai Verna 1.6 CRDi SX,2016,690000,73000,Diesel,Dealer,Manual,First Owner
690ac17d56d1bc0093029442,Honda Brio V MT,2012,249000,42000,Petrol,Dealer,Manual,Second Owner
690ac17d56d1bc0093029443,Hyundai EON D Lite Plus,2012,204999,60000,Petrol,Dealer,Manual,Third Owner
690ac17d56d1bc0093029444,Chevrolet Beat Diesel LT,2012,200000,50000,Diesel,Individual,Manual,First Owner
690ac17d56d1bc0093029445,Maruti Wagon R VXI Optional,2015,190000,120000,Petrol,Individual,Manual,First Owner
690ac17d56d1bc0093029446,Maruti Alto LXi,2012,150000,50000,Petrol,Individual,Manual,First Owner
690ac17d56d1bc0093029447,Maruti Zen LX,1999,70000,70000,Petrol,Individual,Manual,Fourth & Above Owner
690ac17d56d1bc0093029448,Mahindra Bolero Power Plus SLX,2018,900000,25000,Diesel,Individual,Manual,First Owner
690ac17d56d1bc0093029449,Maruti Ertiga ZXI AT Petrol,2019,950000,11000,Petrol,Individual,Automatic,First Owner
690ac17d56d1bc009302944a,Maruti Swift Dzire VXI,2013,475000,80000,Petrol,Individual,Manual,First Owner
690ac17d56d1bc009302944b,Maruti 800 Std,1998,55000,80000,Petrol,Individual,Manual,Fourth & Above Owner
690ac17d56d1bc009302944c,Ford Fiesta Titanium 1.5 TDCi,2013,450000,75000,Diesel,Individual,Manual,Second Owner
690ac17d56d1bc009302944d,BMW 5 Series 525d Sedan,2009,1200000,45000,Diesel,Individual,Automatic,Third Owner
690ac17d56d1bc009302944e,Mahindra Bolero SLX,2007,300000,100000,Diesel,Individual,Manual,Second Owner
690ac17d56d1bc009302944f,Honda City i DTEC E,2014,350000,60000,Diesel,Individual,Manual,Second Owner
690ac17d56d1bc0093029450,Tata Indica Vista Quadrajet LS,2011,229999,160000,Diesel,Individual,Manual,Second Owner
690ac17d56d1bc0093029451,Hyundai Creta 1.6 Gamma SX Plus,2015,821000,50000,Petrol,Individual,Manual,First Owner
690ac17d56d1bc0093029452,Maruti Alto K10 VXI,2014,200000,80000,Petrol,Individual,Manual,Second Owner
690ac17d56d1bc0093029453,Mahindra Scorpio 1.99 S10,2017,1000000,60000,Diesel,Individual,Manual,Second Owner
690ac17d56d1bc0093029454,Maruti Alto 800 VXI,2016,220000,60000,Petrol,Individual,Manual,Second Owner
690ac17d56d1bc0093029455,Ford Figo Aspire 1.5 TDCi Trend,2015,459999,148620,Diesel,Dealer,Manual,First Owner
690ac17d56d1bc0093029456,Maruti SX4 ZDI,2012,310000,70000,Diesel,Individual,Manual,Second Owner
690ac17d56d1bc0093029457,Hyundai Elite i20 Diesel Asta Option,2018,815000,42000,Diesel,Individual,Manual,First Owner
690ac17d56d1bc0093029458,Hyundai Verna 1.6 CRDI SX Option,2017,1200000,40000,Diesel,Individual,Manual,First Owner
690ac17d56d1bc0093029459,Chevrolet Optra Magnum 2.0 LT,2011,170000,150000,Diesel,Individual,Manual,Second Owner
690ac17d56d1bc009302945a,Maruti S-Cross Alpha DDiS 200 SH,2017,1000000,30000,Diesel,Individual,Manual,First Owner
690ac17d56d1bc009302945b,Hyundai Santro Xing GLS,2010,155000,90000,Petrol,Individual,Manual,Fourth & Above Owner
690ac17d56d1bc009302945c,Mahindra TUV 300 T6 Plus,2017,400000,120000,Diesel,Individual,Manual,First Owner
690ac17d56d1bc009302945d,Mahindra Quanto C4,2016,400000,80000,Diesel,Individual,Manual,Second Owner
690ac17d56d1bc009302945e,Tata Indica Vista Aura 1.3 Quadrajet BSIV,2010,250000,80000,Diesel,Individual,Manual,Second Owner
690ac17d56d1bc009302945f,Tata Indigo GLX,2008,150000,50000,Petrol,Individual,Manual,Third Owner
690ac17d56d1bc0093029460,Hyundai Santro LP zipPlus,2002,80000,70000,Petrol,Individual,Manual,Second Owner
690ac17d56d1bc0093029461,Maruti SX4 ZXI AT,2009,130000,120000,Petrol,Individual,Automatic,Second Owner
690ac17d56d1bc0093029462,Volkswagen Vento 1.5 TDI Comfortline AT,2014,325000,70000,Diesel,Individual,Automatic,First Owner
690ac17d56d1bc0093029463,Volkswagen Jetta 2.0L TDI Highline AT,2012,735000,55300,Diesel,Dealer,Automatic,First Owner
690ac17d56d1bc0093029464,Tata Indica Vista Quadrajet 90 VX,2012,285000,74300,Diesel,Dealer,Manual,First Owner
690ac17d56d1bc0093029465,Honda City VX MT,2010,350000,48781,Petrol,Dealer,Manual,First Owner
690ac17d56d1bc0093029466,Volkswagen Jetta 1.9 Highline TDI,2010,290000,87620,Diesel,Dealer,Automatic,First Owner
690ac17d56d1bc0093029467,Volkswagen Vento 1.5 TDI Highline Plus AT,2017,890000,40219,Diesel,Dealer,Automatic,First Owner
690ac17d56d1bc0093029468,Honda Jazz VX,2011,385000,11473,Petrol,Dealer,Manual,First Owner
690ac17d56d1bc0093029469,Maruti Eeco 5 Seater AC BSIV,2017,425000,8352,Petrol,Dealer,Manual,First Owner
690ac17d56d1bc009302946a,Maruti Wagon R VXI AMT1.2BSIV,2017,525000,9745,Petrol,Dealer,Automatic,First Owner
690ac17d56d1bc009302946b,Hyundai Grand i10 Asta,2017,550000,9748,Petrol,Dealer,Manual,First Owner
690ac17d56d1bc009302946c,Volkswagen Polo 1.0 MPI Trendline,2012,271000,49000,Petrol,Dealer,Manual,First Owner
690ac17d56d1bc009302946d,Hyundai Creta 1.6 CRDi SX Option,2018,1490000,20694,Diesel,Dealer,Manual,First Owner
690ac17d56d1bc009302946e,Hyundai Grand i10 Asta Option,2015,490000,31080,Petrol,Dealer,Manual,First Owner
690ac17d56d1bc009302946f,Hyundai EON Era Plus,2014,260000,37605,Petrol,Dealer,Manual,First Owner
690ac17d56d1bc0093029470,Hyundai Xcent 1.1 CRDi SX Option,2014,455000,55850,Diesel,Dealer,Manual,First Owner
690ac17d56d1bc0093029471,Tata Nano Lx BSIV,2010,75000,58850,Petrol,Dealer,Manual,First Owner
690ac17d56d1bc0093029472,Toyota Etios Cross 1.2L G,2015,421000,23839,Petrol,Dealer,Manual,First Owner
690ac17d56d1bc0093029473,Maruti Swift DDiS LDI,2016,550000,54000,Diesel,Dealer,Manual,First Owner
690ac17d56d1bc0093029474,Hyundai i10 Sportz 1.2 AT,2013,330000,38000,Petrol,Dealer,Automatic,First Owner
690ac17d56d1bc0093029475,Volkswagen Vento 1.5 TDI Comfortline,2012,390000,45454,Diesel,Dealer,Manual,First Owner
690ac17d56d1bc0093029476,Skoda Rapid 1.5 TDI AT Ambition,2015,599000,46957,Diesel,Dealer,Automatic,First Owner
690ac17d56d1bc0093029477,Hyundai Elite i20 Sportz Plus CVT BSIV,2019,738000,8000,Petrol,Individual,Automatic,First Owner
690ac17d56d1bc0093029478,Maruti Alto K10 VXI,2016,300000,30000,Petrol,Individual,Manual,First Owner
690ac17d56d1bc0093029479,Tata Indica Vista Quadrajet LX,2012,150000,110000,Diesel,Individual,Manual,First Owner
690ac17d56d1bc009302947a,Toyota Innova 2.5 G4 Diesel 7-seater,2007,440000,223000,Diesel,Individual,Manual,Fourth & Above Owner
690ac17d56d1bc009302947b,Volkswagen Vento IPL II Diesel Trendline,2011,280000,110000,Diesel,Individual,Manual,First Owner
690ac17d56d1bc009302947c,Hyundai Santro GS,2006,100000,120000,Petrol,Individual,Manual,Second Owner
690ac17d56d1bc009302947d,Maruti Swift VXi BSIV,2008,150000,100000,Petrol,Individual,Manual,Second Owner
690ac17d56d1bc009302947e,Maruti Swift Dzire VDI,2014,380000,100000,Diesel,Individual,Manual,Second Owner
690ac17d56d1bc009302947f,Maruti Alto LX,2006,90000,60000,Petrol,Individual,Manual,Second Owner
690ac17d56d1bc0093029480,Mahindra Scorpio VLS 2.2 mHawk,2008,300000,270000,Diesel,Individual,Manual,Third Owner
690ac17d56d1bc0093029481,Skoda Fabia 1.2 TDI Active,2011,275000,60000,Diesel,Individual,Manual,Second Owner
690ac17d56d1bc0093029482,Maruti Zen Estilo Sports,2009,180000,41090,Petrol,Individual,Manual,First Owner
690ac17d56d1bc0093029483,Maruti Swift VDI,2012,225000,296823,Diesel,Individual,Manual,First Owner
690ac17d56d1bc0093029484,Maruti Alto 800 LXI,2014,200000,40000,Petrol,Individual,Manual,First Owner
690ac17d56d1bc0093029485,Toyota Corolla Altis G,2011,500000,40000,Petrol,Individual,Manual,Second Owner
690ac17d56d1bc0093029486,Ford Fiesta 1.6 Duratec S,2010,300000,70000,Petrol,Individual,Manual,Second Owner
690ac17d56d1bc0093029487,Hyundai Verna 1.6 CRDi SX,2015,765000,80000,Diesel,Individual,Manual,Second Owner
690ac17d56d1bc0093029488,Maruti Swift Dzire VDI,2017,650000,90000,Diesel,Individual,Manual,First Owner
690ac17d56d1bc0093029489,Maruti Wagon R VXI Plus Optional,2017,380000,19000,Petrol,Individual,Manual,First Owner
690ac17d56d1bc009302948a,Maruti Swift Dzire VDI,2014,480000,110000,Diesel,Individual,Manual,Second Owner
690ac17d56d1bc009302948b,Mahindra Jeep MM 540,1996,200000,60000,Diesel,Individual,Manual,First Owner
690ac17d56d1bc009302948c,Maruti Wagon R VXI Plus Optional,2017,380000,19000,Petrol,Individual,Manual,First Owner
690ac17d56d1bc009302948d,Maruti Zen Estilo LXI Green (CNG),2010,145000,68000,CNG,Individual,Manual,Second Owner
690ac17d56d1bc009302948e,Maruti Ritz VDi,2011,280000,120000,Diesel,Individual,Manual,Second Owner
690ac17d56d1bc009302948f,Maruti Swift Dzire VDI,2014,254999,30000,Diesel,Individual,Manual,First Owner
690ac17d56d1bc0093029490,Tata Bolt Revotron XE,2016,300000,90000,Petrol,Individual,Manual,Second Owner
690ac17d56d1bc0093029491,Maruti Swift VDI BSIV,2015,480000,140000,Diesel,Individual,Manual,Third Owner
690ac17d56d1bc0093029492,Skoda Rapid Monte Carlo 1.6 MPI AT BSIV,2017,850000,44500,Petrol,Individual,Automatic,First Owner
690ac17d56d1bc0093029493,Hyundai i20 Asta 1.4 CRDi,2014,350000,52000,Diesel,Individual,Manual,Second Owner
690ac17d56d1bc0093029494,Hyundai i20 Active 1.2 SX,2016,650000,26000,Petrol,Individual,Manual,First Owner
690ac17d56d1bc0093029495,Hyundai i20 Active 1.2 SX,2016,650000,26000,Petrol,Individual,Manual,First Owner
690ac17d56d1bc0093029496,Tata New Safari 4X2,2007,550000,80000,Petrol,Individual,Manual,Second Owner
690ac17d56d1bc0093029497,Maruti Celerio VXI,2015,300000,35000,Petrol,Individual,Manual,First Owner
690ac17d56d1bc0093029498,Maruti Swift 1.3 VXi,2008,150000,60000,Petrol,Individual,Manual,Second Owner
690ac17d56d1bc0093029499,Hyundai Grand i10 Sportz,2014,300000,120000,Petrol,Individual,Manual,First Owner
690ac17d56d1bc009302949a,Hyundai Santro Xing XG,2004,80000,58000,Petrol,Individual,Manual,First Owner
690ac17d56d1bc009302949b,Tata Manza Club Class Quadrajet90 LS,2014,200000,100000,Diesel,Individual,Manual,First Owner
690ac17d56d1bc009302949c,Hyundai EON Magna Plus,2016,220000,43700,Petrol,Individual,Manual,First Owner
690ac17d56d1bc009302949d,Tata Indica GLS BS IV,2009,68000,120000,Petrol,Individual,Manual,Second Owner
690ac17d56d1bc009302949e,Tata Manza ELAN Quadrajet BS IV,2011,180000,80000,Diesel,Individual,Manual,Third Owner
690ac17d56d1bc009302949f,Hyundai EON Era Plus,2017,290000,20000,Petrol,Individual,Manual,First Owner
690ac17d56d1bc00930294a0,Maruti Eeco 5 Seater AC BSIV,2018,300000,25000,Petrol,Individual,Manual,First Owner
690ac17d56d1bc00930294a1,Honda City i DTec SV,2014,600000,27483,Diesel,Dealer,Manual,First Owner
690ac17d56d1bc00930294a2,Maruti Swift LXI,2019,470000,8000,Petrol,Individual,Manual,First Owner
690ac17d56d1bc00930294a3,Hyundai i10 Sportz 1.2,2008,150000,30000,Petrol,Individual,Manual,First Owner
690ac17d56d1bc00930294a4,Maruti Swift VVT VXI,2017,400000,30000,Petrol,Individual,Manual,First Owner
690ac17d56d1bc00930294a5,Ford Fiesta 1.4 ZXi TDCi ABS,2009,110000,100000,Diesel,Individual,Manual,Fourth & Above Owner
690ac17d56d1bc00930294a6,Maruti Alto 800 LXI,2014,180000,56207,Petrol,Dealer,Manual,Second Owner
690ac17d56d1bc00930294a7,Hyundai i20 Sportz Petrol,2010,250000,40000,Petrol,Individual,Manual,First Owner
690ac17d56d1bc00930294a8,Maruti Zen LXI,2006,80000,70000,Petrol,Individual,Manual,First Owner
690ac17d56d1bc00930294a9,Honda WR-V i-VTEC VX,2018,875000,1440,Petrol,Individual,Manual,First Owner
690ac17d56d1bc00930294aa,Hyundai Grand i10 Sportz,2015,425000,12000,Petrol,Individual,Manual,First Owner
690ac17d56d1bc00930294ab,Maruti Alto 800 LXI,2019,300000,50000,Petrol,Individual,Manual,First Owner
690ac17d56d1bc00930294ac,Honda Amaze VX i-DTEC,2016,700000,35000,Diesel,Individual,Manual,First Owner
690ac17d56d1bc00930294ad,Maruti Zen Estilo VXI BSIV,2010,130000,50000,Petrol,Individual,Manual,Second Owner
690ac17d56d1bc00930294ae,Maruti Ertiga SHVS ZDI Plus,2017,1000000,60000,Diesel,Individual,Manual,Second Owner
690ac17d56d1bc00930294af,Maruti Swift Dzire ZDI,2017,650000,67000,Diesel,Individual,Manual,First Owner
690ac17d56d1bc00930294b0,Renault Duster Petrol RxL,2013,400000,100000,Petrol,Individual,Manual,Second Owner
690ac17d56d1bc00930294b1,Mahindra TUV 300 mHAWK100 T8,2017,800000,60000,Diesel,Individual,Manual,First Owner
690ac17d56d1bc00930294b2,Mahindra Bolero Power Plus SLX,2017,675000,70000,Diesel,Individual,Manual,First Owner
690ac17d56d1bc00930294b3,Maruti Omni E MPI STD BS IV,2017,210000,50000,Petrol,Individual,Manual,Fourth & Above Owner
690ac17d56d1bc00930294b4,Tata New Safari DICOR 2.2 EX 4x2,2009,150000,120000,Diesel,Individual,Manual,Third Owner
690ac17d56d1bc00930294b5,Maruti Omni CNG,2007,45000,100000,CNG,Individual,Manual,Fourth & Above Owner
690ac17d56d1bc00930294b6,Hyundai i20 Sportz 1.2,2015,516000,90000,Petrol,Individual,Manual,First Owner
690ac17d56d1bc00930294b7,Hyundai i20 Sportz 1.2,2014,450000,80000,Petrol,Individual,Manual,First Owner
690ac17d56d1bc00930294b8,Chevrolet Spark 1.0 LS,2012,134000,90000,Petrol,Individual,Manual,Second Owner
690ac17d56d1bc00930294b9,Toyota Etios VD,2014,509999,157000,Diesel,Individual,Manual,Second Owner
690ac17d56d1bc00930294ba,Volkswagen Polo 1.2 MPI Comfortline,2016,500000,20000,Petrol,Individual,Manual,First Owner
690ac17d56d1bc00930294bb,Maruti Zen Estilo 1.1 LXI BSIII,2008,130000,80000,Petrol,Individual,Manual,Fourth & Above Owner
690ac17d56d1bc00930294bc,Maruti Swift ZDi BSIV,2015,575000,60000,Diesel,Individual,Manual,First Owner
690ac17d56d1bc00930294bd,Hyundai Elite i20 Sportz Plus BSIV,2015,550000,49000,Petrol,Individual,Manual,First Owner
690ac17d56d1bc00930294be,Tata Indica Vista Terra TDI BSIII,2009,145000,89255,Diesel,Individual,Manual,First Owner
690ac17d56d1bc00930294bf,Maruti Alto 800 LXI,2020,347000,5000,Petrol,Individual,Manual,First Owner
690ac17d56d1bc00930294c0,Tata Indica Vista Quadrajet VX,2013,275000,110000,Diesel,Individual,Manual,First Owner
690ac17d56d1bc00930294c1,Toyota Innova 2.5 V Diesel 8-seater,2010,630000,200000,Diesel,Individual,Manual,Third Owner
690ac17d56d1bc00930294c2,Chevrolet Beat Diesel,2012,160000,90000,Diesel,Individual,Manual,Second Owner
690ac17d56d1bc00930294c3,Fiat Grande Punto 1.3 Dynamic (Diesel),2010,150000,63000,Diesel,Individual,Manual,Third Owner
690ac17d56d1bc00930294c4,Honda Mobilio S i VTEC,2015,550000,23000,Petrol,Individual,Manual,First Owner
690ac17d56d1bc00930294c5,Mahindra Quanto C6,2013,349000,100000,Diesel,Individual,Manual,First Owner
690ac17d56d1bc00930294c6,Mahindra Bolero DI DX 8 Seater,2004,229999,168000,Diesel,Individual,Manual,Fourth & Above Owner
690ac17d56d1bc00930294c7,Tata Indica Vista Aqua 1.4 TDI,2008,110000,90000,Diesel,Individual,Manual,Third Owner
690ac17d56d1bc00930294c8,Maruti Wagon R LXI Minor,2008,110000,70000,Petrol,Individual,Manual,Third Owner
690ac17d56d1bc00930294c9,Renault KWID RXE,2018,245000,5550,Petrol,Individual,Manual,Second Owner
690ac17d56d1bc00930294ca,Maruti Alto K10 VXI,2014,180000,100000,Petrol,Individual,Manual,Second Owner
690ac17d56d1bc00930294cb,Maruti Wagon R VXI BS IV,2014,290000,80000,Petrol,Individual,Manual,Second Owner
690ac17d56d1bc00930294cc,Hyundai i20 Magna,2010,250000,40000,Petrol,Individual,Manual,First Owner
690ac17d56d1bc00930294cd,Tata Indigo TDI,2010,150000,100000,Diesel,Individual,Manual,First Owner
690ac17d56d1bc00930294ce,Maruti 800 AC BSII,2004,55000,35000,Petrol,Individual,Manual,Third Owner
690ac17d56d1bc00930294cf,Skoda Laura L n K 1.9 PD,2006,500000,75000,Diesel,Individual,Manual,Second Owner
690ac17d56d1bc00930294d0,Mahindra Quanto C4,2013,290000,150000,Diesel,Individual,Manual,Fourth & Above Owner
690ac17d56d1bc00930294d1,Hyundai Santro Magna AMT BSIV,2019,400000,16000,Petrol,Individual,Automatic,First Owner
690ac17d56d1bc00930294d2,Maruti Alto STD,2009,72000,70000,Petrol,Individual,Manual,First Owner
690ac17d56d1bc00930294d3,Maruti Ritz VDi,2014,250000,115000,Diesel,Individual,Manual,First Owner
690ac17d56d1bc00930294d4,Maruti Swift AMT VXI,2019,575000,25000,Petrol,Individual,Automatic,First Owner
690ac17d56d1bc00930294d5,Kia Seltos HTK Plus AT D,2019,1300000,10000,Diesel,Individual,Automatic,First Owner
690ac17d56d1bc00930294d6,Hyundai Santro Magna BSIV,2019,425000,15000,Petrol,Individual,Manual,First Owner
690ac17d56d1bc00930294d7,Maruti Eeco CNG 5 Seater AC BSIV,2019,470000,10000,CNG,Individual,Manual,First Owner
690ac17d56d1bc00930294d8,Toyota Etios VX,2012,220000,80000,Petrol,Individual,Manual,Third Owner
690ac17d56d1bc00930294d9,Maruti Alto 800 LXI,2020,310000,1700,Petrol,Individual,Manual,First Owner
690ac17d56d1bc00930294da,Ford Figo 1.5D Trend MT,2016,400000,45217,Diesel,Dealer,Manual,First Owner
690ac17d56d1bc00930294db,Volkswagen Vento Diesel Comfortline,2012,215000,97000,Diesel,Individual,Manual,First Owner
690ac17d56d1bc00930294dc,Hyundai EON Magna Plus,2018,310000,20000,Petrol,Individual,Manual,First Owner
690ac17d56d1bc00930294dd,Maruti Ciaz ZDi Plus SHVS,2017,750000,50000,Diesel,Individual,Manual,First Owner
690ac17d56d1bc00930294de,Tata New Safari DICOR 2.2 EX 4x2,2009,204999,120000,Diesel,Individual,Manual,Second Owner
690ac17d56d1bc00930294df,Maruti Swift 1.3 VXi,2010,260000,50000,Petrol,Individual,Manual,First Owner
690ac17d56d1bc00930294e0,Maruti Alto LXi,2012,180000,40000,Petrol,Individual,Manual,Second Owner
690ac17d56d1bc00930294e1,Mahindra Renault Logan 1.5 DLE Diesel,2007,125000,110000,Diesel,Individual,Manual,Second Owner
690ac17d56d1bc00930294e2,Maruti Swift VDI BSIV,2014,420000,155000,Diesel,Individual,Manual,First Owner
690ac17d56d1bc00930294e3,Maruti Alto K10 LXI,2011,220000,70000,Petrol,Individual,Manual,Second Owner
690ac17d56d1bc00930294e4,Maruti Alto K10 2010-2014 VXI,2010,200000,70000,Petrol,Individual,Manual,Third Owner
690ac17d56d1bc00930294e5,Ford Ikon 1.4 TDCi DuraTorq,2009,130000,100000,Diesel,Individual,Manual,Third Owner
690ac17d56d1bc00930294e6,Tata Tiago XT,2016,335000,41000,Petrol,Dealer,Manual,First Owner
690ac17d56d1bc00930294e7,Ford Endeavour Titanium Plus 4X4,2017,2650000,60000,Diesel,Dealer,Automatic,First Owner
690ac17d56d1bc00930294e8,Ford Endeavour 3.2 Titanium AT 4X4,2018,2675000,56000,Diesel,Dealer,Automatic,First Owner
690ac17d56d1bc00930294e9,Ford Endeavour Titanium Plus 4X4,2017,2675000,60000,Diesel,Dealer,Automatic,First Owner
690ac17d56d1bc00930294ea,Honda City V AT,2011,434999,97000,Petrol,Dealer,Automatic,Second Owner
690ac17d56d1bc00930294eb,Honda City i VTEC S,2014,500000,60000,Petrol,Individual,Manual,First Owner
690ac17d56d1bc00930294ec,Maruti Alto K10 VXI Airbag,2017,290000,60000,Petrol,Individual,Manual,First Owner
690ac17d56d1bc00930294ed,Ford Ecosport 1.5 Ti VCT AT Titanium,2014,475000,48000,Petrol,Dealer,Automatic,Second Owner
690ac17d56d1bc00930294ee,Maruti Swift Dzire VDi,2009,270000,190000,Diesel,Individual,Manual,Third Owner
690ac17d56d1bc00930294ef,Hyundai Xcent 1.2 VTVT S,2019,600000,80000,Petrol,Individual,Manual,First Owner
690ac17d56d1bc00930294f0,Hyundai i20 Asta 1.4 CRDi,2013,300000,70000,Diesel,Individual,Manual,Second Owner
690ac17d56d1bc00930294f1,Volkswagen Jetta 2.0L TDI Comfortline,2012,415000,80000,Diesel,Individual,Manual,Second Owner
690ac17d56d1bc00930294f2,Maruti Vitara Brezza ZDi Plus AMT,2018,800000,30000,Diesel,Individual,Automatic,Second Owner
690ac17d56d1bc00930294f3,Hyundai Grand i10 Sportz,2016,420000,44440,Petrol,Individual,Manual,Second Owner
690ac17d56d1bc00930294f4,Hyundai Creta 1.6 CRDi SX Plus,2018,1250000,30000,Diesel,Individual,Manual,First Owner
690ac17d56d1bc00930294f5,Maruti Swift VDI BSIV,2011,270000,120000,Diesel,Individual,Manual,First Owner
690ac17d56d1bc00930294f6,Hyundai Grand i10 CRDi Sportz,2015,390000,80000,Diesel,Individual,Manual,Second Owner
690ac17d56d1bc00930294f7,Skoda Laura Ambiente 2.0 TDI CR MT,2012,400000,110000,Diesel,Individual,Manual,First Owner
690ac17d56d1bc00930294f8,Ford Fiesta 1.4 ZXi Leather,2007,100000,170000,Petrol,Individual,Manual,First Owner
690ac17d56d1bc00930294f9,Audi A6 2.7 TDI,2010,850000,46000,Diesel,Individual,Automatic,First Owner
690ac17d56d1bc00930294fa,Chevrolet Cruze LTZ AT,2012,359000,120000,Diesel,Individual,Automatic,Third Owner
690ac17d56d1bc00930294fb,Maruti Swift Dzire ZDI,2015,470000,91365,Diesel,Dealer,Manual,First Owner
690ac17d56d1bc00930294fc,Maruti Swift Dzire VDI,2013,360000,90010,Diesel,Dealer,Manual,Second Owner
690ac17d56d1bc00930294fd,Maruti Ertiga VDI,2013,250999,80000,Diesel,Individual,Manual,First Owner
690ac17d56d1bc00930294fe,Tata Nano Lx BSIV,2012,45000,35000,Petrol,Individual,Manual,Second Owner
690ac17d56d1bc00930294ff,Maruti Wagon R VXI BSII,2006,75000,80000,Petrol,Individual,Manual,Second Owner
690ac17d56d1bc0093029500,Maruti Swift Dzire VDI,2013,495000,31800,Diesel,Dealer,Manual,First Owner
690ac17d56d1bc0093029501,Maruti Wagon R CNG LXI,2013,310000,59100,CNG,Dealer,Manual,First Owner
690ac17d56d1bc0093029502,Honda Jazz 1.2 V i VTEC,2016,540000,31200,Petrol,Dealer,Manual,First Owner
690ac17d56d1bc0093029503,Maruti Ciaz VDi Plus SHVS,2016,665000,51000,Diesel,Dealer,Manual,First Owner
690ac17d56d1bc0093029504,Hyundai i20 Magna 1.4 CRDi (Diesel),2013,425000,22700,Diesel,Dealer,Manual,Second Owner
690ac17d56d1bc0093029505,Audi A4 2.0 TDI,2011,1295000,58000,Diesel,Dealer,Automatic,First Owner
690ac17d56d1bc0093029506,Maruti Ciaz VDI SHVS,2016,675000,50900,Diesel,Dealer,Manual,First Owner
690ac17d56d1bc0093029507,Maruti Vitara Brezza ZDi Plus Dual Tone,2018,980000,10000,Diesel,Individual,Manual,First Owner
690ac17d56d1bc0093029508,Chevrolet Beat Diesel LS,2014,320000,60000,Diesel,Individual,Manual,First Owner
690ac17d56d1bc0093029509,Maruti Ritz VXI,2011,250000,80000,Petrol,Individual,Manual,Second Owner
690ac17d56d1bc009302950a,Maruti Baleno Zeta 1.3,2016,600000,72000,Diesel,Individual,Manual,First Owner
690ac17d56d1bc009302950b,Hyundai Xcent 1.2 Kappa S,2016,300000,96000,Petrol,Individual,Manual,First Owner
690ac17d56d1bc009302950c,Chevrolet Beat Diesel LS,2014,305000,66000,Diesel,Individual,Manual,First Owner
690ac17d56d1bc009302950d,Tata New Safari DICOR 2.2 GX 4x2 BS IV,2012,270000,80000,Diesel,Individual,Manual,Second Owner
690ac17d56d1bc009302950e,Renault Fluence 1.5,2012,300000,90000,Diesel,Individual,Manual,First Owner
690ac17d56d1bc009302950f,Maruti Wagon R LXI Minor,2009,106000,70000,Petrol,Individual,Manual,First Owner
690ac17d56d1bc0093029510,Hyundai Accent GLS 1.6 ABS,2006,90000,75000,Petrol,Individual,Manual,Third Owner
690ac17d56d1bc0093029511,Tata Tiago 1.2 Revotron XZ,2019,539000,2417,Petrol,Individual,Manual,First Owner
690ac17d56d1bc0093029512,Ford Fiesta 1.4 ZXi TDCi ABS,2009,110000,100000,Diesel,Individual,Manual,Fourth & Above Owner
690ac17d56d1bc0093029513,Hyundai EON Era Plus Option,2016,250000,30000,Petrol,Individual,Manual,Second Owner
690ac17d56d1bc0093029514,Hyundai i20 Asta (o),2009,300000,50000,Petrol,Individual,Manual,First Owner
690ac17d56d1bc0093029515,Mahindra Scorpio BSIV,2018,707000,60000,Diesel,Individual,Manual,First Owner
690ac17d56d1bc0093029516,Hyundai Getz GLS,2007,95000,120000,Petrol,Individual,Manual,Fourth & Above Owner
690ac17d56d1bc0093029517,Maruti Eeco CNG 5 Seater AC BSIV,2020,495000,7000,CNG,Individual,Manual,First Owner
690ac17d56d1bc0093029518,Tata Indigo TDI,2012,200000,35000,Diesel,Individual,Manual,First Owner
690ac17d56d1bc0093029519,Maruti A-Star Vxi,2009,110000,110000,Petrol,Individual,Manual,Fourth & Above Owner
690ac17d56d1bc009302951a,Maruti Alto LXi,2008,100000,130000,Petrol,Individual,Manual,Fourth & Above Owner
690ac17d56d1bc009302951b,Maruti Alto 800 LX,2016,150000,25000,Petrol,Individual,Manual,Second Owner
690ac17d56d1bc009302951c,Toyota Etios 1.5 V,2016,509999,35000,Petrol,Individual,Manual,First Owner
690ac17d56d1bc009302951d,Ford Ikon 1.3 Flair,2005,50000,80000,Petrol,Individual,Manual,Third Owner
690ac17d56d1bc009302951e,Chevrolet Aveo 1.4,2007,85000,70000,Petrol,Individual,Manual,Second Owner
690ac17d56d1bc009302951f,Hyundai Grand i10 1.2 Kappa Magna BSIV,2018,475000,23000,Petrol,Individual,Manual,First Owner
690ac17d56d1bc0093029520,Volkswagen Polo 1.2 MPI Highline,2014,425000,40000,Petrol,Individual,Manual,First Owner
690ac17d56d1bc0093029521,BMW 5 Series 530i,2006,480000,110000,Petrol,Individual,Automatic,Second Owner
690ac17d56d1bc0093029522,Maruti S-Cross Delta DDiS 200 SH,2019,950000,10000,Diesel,Individual,Manual,First Owner
690ac17d56d1bc0093029523,Maruti Swift Dzire VDI,2015,535000,80000,Diesel,Individual,Manual,First Owner
690ac17d56d1bc0093029524,Hyundai Verna CRDi SX ABS,2009,325000,25000,Diesel,Individual,Manual,Third Owner
690ac17d56d1bc0093029525,Maruti Wagon R Stingray VXI,2013,270000,74000,Petrol,Individual,Manual,Third Owner
690ac17d56d1bc0093029526,Maruti Celerio VXI,2015,300000,60000,Petrol,Individual,Manual,Third Owner
690ac17d56d1bc0093029527,Volkswagen Vento Diesel Trendline,2011,325000,70000,Diesel,Individual,Manual,First Owner
690ac17d56d1bc0093029528,Tata New Safari DICOR 2.2 EX 4x2,2010,350000,100000,Diesel,Individual,Manual,First Owner
690ac17d56d1bc0093029529,Hyundai Verna CRDi SX,2008,229999,146000,Diesel,Individual,Manual,Third Owner
690ac17d56d1bc009302952a,Maruti Swift Dzire LDi,2012,325000,120000,Diesel,Individual,Manual,Second Owner
690ac17d56d1bc009302952b,Maruti Wagon R LXI,2005,70000,70000,Petrol,Individual,Manual,Second Owner
690ac17d56d1bc009302952c,Skoda Laura Ambiente,2008,190000,120000,Diesel,Individual,Manual,Third Owner
690ac17d56d1bc009302952d,Chevrolet Cruze LTZ,2011,345000,65500,Diesel,Individual,Manual,First Owner
690ac17d56d1bc009302952e,Mahindra Scorpio 1.99 S10,2016,1025000,70000,Diesel,Individual,Manual,First Owner
690ac17d56d1bc009302952f,Maruti Alto 800 LXI,2012,120000,50000,Petrol,Individual,Manual,First Owner
690ac17d56d1bc0093029530,Maruti Alto LXi BSIII,2009,114999,90000,Petrol,Individual,Manual,Second Owner
690ac17d56d1bc0093029531,Honda City 1.5 S MT,2009,300000,120000,Petrol,Individual,Manual,Second Owner
690ac17d56d1bc0093029532,Maruti Celerio VXI,2016,340000,56000,Petrol,Dealer,Manual,First Owner
690ac17d56d1bc0093029533,Maruti Wagon R LXI,2005,90000,70000,Petrol,Individual,Manual,Second Owner
690ac17d56d1bc0093029534,Maruti Alto LX,2006,150000,140300,Petrol,Individual,Manual,First Owner
690ac17d56d1bc0093029535,Maruti Alto K10 2010-2014 VXI,2010,115999,70000,Petrol,Individual,Manual,First Owner
690ac17d56d1bc0093029536,Toyota Etios Liva 1.4 VD,2017,425000,36000,Diesel,Dealer,Manual,First Owner
690ac17d56d1bc0093029537,Honda Amaze VX O iDTEC,2017,550000,12997,Diesel,Dealer,Manual,First Owner
690ac17d56d1bc0093029538,Maruti Ciaz 1.4 AT Zeta,2017,500000,40000,Petrol,Individual,Automatic,First Owner
690ac17d56d1bc0093029539,Mahindra Quanto C8,2013,300000,25000,Diesel,Individual,Manual,Second Owner
690ac17d56d1bc009302953a,Hyundai Verna CRDi 1.6 SX Option,2018,1150000,26430,Diesel,Dealer,Manual,First Owner
690ac17d56d1bc009302953b,Maruti Swift 1.3 VXI ABS,2015,475000,24600,Petrol,Dealer,Manual,First Owner
690ac17d56d1bc009302953c,Maruti Wagon R LXI,2011,260000,28481,Petrol,Dealer,Manual,First Owner
690ac17d56d1bc009302953d,Ford Ecosport 1.0 Ecoboost Titanium Optional,2013,350000,100000,Petrol,Individual,Manual,First Owner
690ac17d56d1bc009302953e,Mahindra XUV500 W8 2WD,2013,750000,41988,Diesel,Dealer,Manual,First Owner
690ac17d56d1bc009302953f,Renault KWID Climber 1.0 AMT BSIV,2017,350000,7658,Petrol,Dealer,Automatic,First Owner
690ac17d56d1bc0093029540,Maruti Wagon R LXI,2009,180000,30375,Petrol,Dealer,Manual,First Owner
690ac17d56d1bc0093029541,Maruti Swift Dzire VDI,2017,611000,34400,Diesel,Dealer,Manual,First Owner
690ac17d56d1bc0093029542,Renault KWID RXL BSIV,2017,325000,18500,Petrol,Dealer,Manual,First Owner
690ac17d56d1bc0093029543,Hyundai EON 1.0 Era Plus,2012,225000,48000,Petrol,Dealer,Manual,First Owner
690ac17d56d1bc0093029544,Maruti Wagon R AMT VXI,2014,300000,28942,Petrol,Dealer,Automatic,First Owner
690ac17d56d1bc0093029545,Mahindra Bolero Power Plus SLX,2017,400000,50000,Diesel,Individual,Manual,Second Owner
690ac17d56d1bc0093029546,Mahindra XUV500 W8 2WD,2012,711000,53600,Diesel,Dealer,Manual,First Owner
690ac17d56d1bc0093029547,Toyota Innova 2.5 G (Diesel) 8 Seater,2015,851000,53652,Diesel,Dealer,Manual,First Owner
690ac17d56d1bc0093029548,Maruti Wagon R VXI,2016,375000,23000,Petrol,Dealer,Manual,Second Owner
690ac17d56d1bc0093029549,Maruti Zen Estilo LXI BSIII,2007,275000,10211,Petrol,Individual,Manual,First Owner
690ac17d56d1bc009302954a,Mahindra Scorpio 2.6 SLX Turbo 7 Seater,2005,120000,120000,Diesel,Individual,Manual,Third Owner
690ac17d56d1bc009302954b,Maruti Celerio ZDi,2015,350000,120000,Diesel,Individual,Manual,First Owner
690ac17d56d1bc009302954c,Maruti Celerio ZXI,2017,409999,35000,Petrol,Individual,Manual,First Owner
690ac17d56d1bc009302954d,Hyundai Verna 1.6 SX,2012,500000,130000,Diesel,Individual,Manual,First Owner
690ac17d56d1bc009302954e,Nissan Sunny Diesel XL,2013,220000,90000,Diesel,Individual,Manual,Second Owner
690ac17d56d1bc009302954f,Ford Fiesta 1.6 Duratec EXI Ltd,2008,120000,80000,Petrol,Individual,Manual,Second Owner
690ac17d56d1bc0093029550,Hyundai Santro Xing XK,2007,70000,55000,Petrol,Individual,Manual,Second Owner
690ac17d56d1bc0093029551,Maruti Swift Dzire ZXI Plus,2017,800000,15000,Petrol,Individual,Manual,First Owner
690ac17d56d1bc0093029552,Maruti Swift Dzire VDI,2014,450000,260000,Diesel,Individual,Manual,Second Owner
690ac17d56d1bc0093029553,Mahindra Scorpio SLE BSIV,2012,525000,145000,Diesel,Individual,Manual,First Owner
690ac17d56d1bc0093029554,Datsun GO Plus Remix Limited Edition,2016,300000,35000,Petrol,Individual,Manual,First Owner
690ac17d56d1bc0093029555,Hyundai i10 Magna,2008,195000,56000,Petrol,Individual,Manual,Second Owner
690ac17d56d1bc0093029556,Ford Fiesta Classic 1.4 SXI Duratorq,2007,130000,98000,Diesel,Individual,Manual,Second Owner
690ac17d56d1bc0093029557,Toyota Etios VD,2011,300000,135000,Diesel,Individual,Manual,Second Owner
690ac17d56d1bc0093029558,Maruti Alto VXi,2002,120000,60000,Petrol,Individual,Manual,Third Owner
690ac17d56d1bc0093029559,Toyota Innova 2.5 G3,2010,450000,120000,Diesel,Individual,Manual,Third Owner
690ac17d56d1bc009302955a,Tata Indigo LS,2010,160000,102000,Diesel,Individual,Manual,Second Owner
690ac17d56d1bc009302955b,Mahindra Bolero Power Plus Plus AC BSIV PS,2018,800000,35000,Diesel,Individual,Manual,First Owner
690ac17d56d1bc009302955c,Maruti 800 AC,2013,100000,80000,Petrol,Individual,Manual,First Owner
690ac17d56d1bc009302955d,Volkswagen Polo GTI,2017,825000,13599,Petrol,Dealer,Automatic,First Owner
690ac17d56d1bc009302955e,Maruti Alto 800 LXI,2015,265000,32933,Petrol,Dealer,Manual,First Owner
690ac17d56d1bc009302955f,Maruti Wagon R LXI,2008,175000,54551,Petrol,Dealer,Manual,First Owner
690ac17d56d1bc0093029560,Maruti Omni 8 Seater BSIV,2014,250999,57112,Petrol,Dealer,Manual,First Owner
690ac17d56d1bc0093029561,Hyundai Xcent 1.2 VTVT S AT,2015,471000,41025,Petrol,Dealer,Automatic,First Owner
690ac17d56d1bc0093029562,Maruti Swift Dzire LDI,2019,650000,5000,Diesel,Individual,Manual,First Owner
690ac17d56d1bc0093029563,Maruti Swift Dzire LDI,2019,650000,5000,Diesel,Individual,Manual,First Owner
690ac17d56d1bc0093029564,Hyundai EON Magna,2012,225000,53122,Petrol,Dealer,Manual,Second Owner
690ac17d56d1bc0093029565,Maruti Alto 800 LXI CNG,2013,245000,64111,CNG,Dealer,Manual,First Owner
690ac17d56d1bc0093029566,Maruti Ritz LXi,2011,221000,78892,Petrol,Dealer,Manual,First Owner
690ac17d56d1bc0093029567,Hyundai i20 1.2 Asta,2011,271000,74113,Petrol,Dealer,Manual,First Owner
690ac17d56d1bc0093029568,Maruti Wagon R VXI,2012,290000,80000,Petrol,Dealer,Manual,First Owner
690ac17d56d1bc0093029569,Maruti Swift VXi BSIV,2017,525000,39000,Petrol,Dealer,Manual,First Owner
690ac17d56d1bc009302956a,Volkswagen Vento 1.6 Highline,2012,377000,84775,Petrol,Dealer,Manual,First Owner
690ac17d56d1bc009302956b,Tata Nano LX SE,2012,95000,20778,Petrol,Dealer,Manual,First Owner
690ac17d56d1bc009302956c,Maruti Ertiga VDI,2015,763000,64441,Diesel,Dealer,Manual,First Owner
690ac17d56d1bc009302956d,Honda Amaze S i-Vtech,2015,450000,43192,Petrol,Dealer,Manual,First Owner
690ac17d56d1bc009302956e,Tata Nano Twist XE,2014,140000,44416,Petrol,Dealer,Manual,First Owner
690ac17d56d1bc009302956f,Maruti Ciaz VDi Plus SHVS,2016,701000,79991,Diesel,Dealer,Manual,First Owner
690ac17d56d1bc0093029570,Nissan Micra Diesel XV,2011,277000,62601,Diesel,Dealer,Manual,Second Owner
690ac17d56d1bc0093029571,Maruti Baleno Delta Automatic,2018,520000,50000,Petrol,Individual,Automatic,First Owner
690ac17d56d1bc0093029572,Ford Figo Aspire 1.5 TDCi Ambiente ABS,2017,550000,100000,Diesel,Individual,Manual,First Owner
690ac17d56d1bc0093029573,Volkswagen Vento Diesel Highline,2011,260000,97000,Diesel,Individual,Manual,Third Owner
690ac17d56d1bc0093029574,Renault Pulse RxZ,2015,420000,100000,Diesel,Individual,Manual,First Owner
690ac17d56d1bc0093029575,OpelCorsa 1.4 GL,2002,35000,100000,Petrol,Individual,Manual,Third Owner
690ac17d56d1bc0093029576,Mahindra XUV500 W7 BSIV,2018,1150000,20000,Diesel,Individual,Manual,First Owner
690ac17d56d1bc0093029577,Maruti Ciaz 1.4 Zeta,2017,680000,46000,Petrol,Individual,Manual,First Owner
690ac17d56d1bc0093029578,Maruti Swift VDI,2012,425000,40000,Diesel,Individual,Manual,First Owner
690ac17d56d1bc0093029579,Maruti Swift Dzire LDI,2014,450000,70000,Diesel,Individual,Manual,Second Owner
690ac17d56d1bc009302957a,Toyota Innova 2.5 GX (Diesel) 8 Seater BS IV,2008,590000,89600,Diesel,Individual,Manual,Third Owner
690ac17d56d1bc009302957b,Volkswagen Jetta 1.4 TSI Comfortline,2017,936999,60800,Petrol,Individual,Manual,First Owner
690ac17d56d1bc009302957c,Honda Mobilio S i DTEC,2015,420000,104000,Diesel,Individual,Manual,Second Owner
690ac17d56d1bc009302957d,Volkswagen Polo 1.5 TDI Highline,2014,450000,80000,Diesel,Individual,Manual,Second Owner
690ac17d56d1bc009302957e,Maruti 800 AC,2004,40000,69111,Petrol,Individual,Manual,Third Owner
690ac17d56d1bc009302957f,Toyota Innova 2.5 G (Diesel) 8 Seater,2014,520000,70000,Diesel,Individual,Manual,Second Owner
690ac17d56d1bc0093029580,Maruti 800 AC,2007,80000,120000,Petrol,Individual,Manual,First Owner
690ac17d56d1bc0093029581,Tata Nano CX,2014,55000,40000,Petrol,Individual,Manual,First Owner
690ac17d56d1bc0093029582,Mahindra Bolero DI DX 7 Seater,2001,80000,100000,Diesel,Individual,Manual,Third Owner
690ac17d56d1bc0093029583,Maruti Alto 800 LXI,2019,210000,20000,Petrol,Individual,Manual,First Owner
690ac17d56d1bc0093029584,Ford Figo Petrol Titanium,2015,300000,50000,Petrol,Individual,Manual,Second Owner
690ac17d56d1bc0093029585,Tata Tiago 1.05 Revotorq XM,2017,260000,50000,Diesel,Individual,Manual,First Owner
690ac17d56d1bc0093029586,Tata Zest Quadrajet 1.3,2016,250000,70000,Diesel,Individual,Manual,First Owner
690ac17d56d1bc0093029587,Tata Indica Vista Aqua TDI BSIII,2008,80000,90000,Diesel,Individual,Manual,First Owner
690ac17d56d1bc0093029588,Toyota Innova 2.5 GX (Diesel) 7 Seater BS IV,2010,450000,150000,Diesel,Individual,Manual,Second Owner
690ac17d56d1bc0093029589,Toyota Innova 2.5 G (Diesel) 8 Seater BS IV,2005,310000,120000,Diesel,Individual,Manual,Second Owner
690ac17d56d1bc009302958a,Toyota Innova 2.5 GX (Diesel) 8 Seater,2012,500000,100000,Diesel,Individual,Manual,First Owner
690ac17d56d1bc009302958b,Maruti Ertiga SHVS VDI,2016,800000,70000,Diesel,Individual,Manual,Second Owner
690ac17d56d1bc009302958c,Hyundai Creta 1.6 CRDi SX,2016,840000,70000,Diesel,Individual,Manual,Second Owner
690ac17d56d1bc009302958d,Honda Amaze S i-Vtech,2016,490000,50000,Petrol,Individual,Manual,First Owner
690ac17d56d1bc009302958e,Tata Indica Vista Aqua 1.4 TDI,2010,125000,81000,Diesel,Individual,Manual,Second Owner
690ac17d56d1bc009302958f,Chevrolet Tavera Neo 2 LS B4 7 Str BSIII,2012,400000,120000,Diesel,Individual,Manual,Third Owner
690ac17d56d1bc0093029590,Chevrolet Cruze LTZ,2015,1000000,3600,Diesel,Dealer,Manual,First Owner
690ac17d56d1bc0093029591,Ford Figo Aspire 1.2 Ti-VCT Titanium Plus,2015,530000,14272,Petrol,Dealer,Manual,First Owner
690ac17d56d1bc0093029592,Ford EcoSport 1.5 Diesel Titanium Plus BSIV,2017,840000,49213,Diesel,Dealer,Manual,First Owner
690ac17d56d1bc0093029593,Hyundai i10 Sportz 1.1L,2015,229999,40000,Petrol,Individual,Manual,First Owner
690ac17d56d1bc0093029594,Maruti 800 Std,1998,40000,40000,Petrol,Individual,Manual,Fourth & Above Owner
690ac17d56d1bc0093029595,Chevrolet Spark 1.0 LS,2012,130000,80000,Petrol,Individual,Manual,First Owner
690ac17d56d1bc0093029596,Hyundai EON Era Plus,2015,200000,70000,Petrol,Individual,Manual,First Owner
690ac17d56d1bc0093029597,Tata Indica Vista Aqua TDI BSIII,2011,120000,70000,Diesel,Individual,Manual,First Owner
690ac17d56d1bc0093029598,Hyundai Santro LP zipPlus,2003,75000,57000,Petrol,Individual,Manual,First Owner
690ac17d56d1bc0093029599,Tata Bolt Quadrajet XE,2016,250000,120000,Diesel,Individual,Manual,First Owner
690ac17d56d1bc009302959a,Maruti 800 AC BSIII,2005,100000,30000,Petrol,Individual,Manual,First Owner
690ac17d56d1bc009302959b,Hyundai EON Era Plus,2013,280000,3240,Petrol,Individual,Manual,Second Owner
690ac17d56d1bc009302959c,Hyundai i20 Magna 1.2,2015,540000,5000,Petrol,Individual,Manual,First Owner
690ac17d56d1bc009302959d,Hyundai i20 1.2 Asta,2018,700000,10000,Petrol,Individual,Manual,First Owner
690ac17d56d1bc009302959e,Ford Figo Petrol EXI,2014,350000,90000,Petrol,Individual,Manual,Second Owner
690ac17d56d1bc009302959f,Maruti SX4 VDI,2011,320000,100000,Diesel,Individual,Manual,First Owner
690ac17d56d1bc00930295a0,Honda Amaze S i-DTEC,2016,475000,90000,Diesel,Individual,Manual,First Owner
690ac17d56d1bc00930295a1,Tata Manza Aura (ABS) Quadrajet BS IV,2011,220000,140000,Diesel,Individual,Manual,Second Owner
690ac17d56d1bc00930295a2,Nissan Micra Diesel XV Premium,2013,210000,13770,Diesel,Individual,Manual,First Owner
690ac17d56d1bc00930295a3,Ford Ikon 1.3 Flair,2005,61000,4637,Petrol,Individual,Manual,Second Owner
690ac17d56d1bc00930295a4,Skoda Superb Elegance 2.0 TDI CR AT,2009,355000,100000,Diesel,Individual,Automatic,Second Owner
690ac17d56d1bc00930295a5,Chevrolet Beat Diesel LT,2012,150000,60000,Diesel,Individual,Manual,First Owner
690ac17d56d1bc00930295a6,Tata Indica Vista Quadrajet LX,2011,133000,80000,Diesel,Individual,Manual,First Owner
690ac17d56d1bc00930295a7,Chevrolet Cruze LTZ AT,2015,650000,50000,Diesel,Individual,Automatic,First Owner
690ac17d56d1bc00930295a8,Nissan Micra XL,2014,210000,40000,Petrol,Individual,Manual,Second Owner
690ac17d56d1bc00930295a9,Chevrolet Beat Diesel LS,2013,130000,93900,Diesel,Individual,Manual,Second Owner
690ac17d56d1bc00930295aa,Maruti 800 AC,2007,60000,70000,Petrol,Individual,Manual,First Owner
690ac17d56d1bc00930295ab,Mahindra Scorpio 2.6 SLX Turbo 7 Seater,2005,120000,120000,Diesel,Individual,Manual,Third Owner
690ac17d56d1bc00930295ac,BMW 5 Series 520d Luxury Line,2017,2900000,40000,Diesel,Individual,Automatic,First Owner
690ac17d56d1bc00930295ad,Hyundai Accent CRDi,2005,100000,120000,Diesel,Individual,Manual,Second Owner
690ac17d56d1bc00930295ae,Maruti Zen VXi - BS III,2004,79000,80000,Petrol,Individual,Manual,First Owner
690ac17d56d1bc00930295af,Chevrolet Beat Diesel LS,2012,120000,110000,Diesel,Individual,Manual,First Owner
690ac17d56d1bc00930295b0,Maruti Zen LXi - BS III,2005,125000,34000,Petrol,Dealer,Manual,First Owner
690ac17d56d1bc00930295b1,Chevrolet Enjoy 1.3 TCDi LS 8,2013,425000,20000,Diesel,Dealer,Manual,First Owner
690ac17d56d1bc00930295b2,Maruti Wagon R LXI,2001,70000,117000,Petrol,Individual,Manual,Second Owner
690ac17d56d1bc00930295b3,Maruti Swift VXI,2020,619000,1500,Petrol,Individual,Manual,First Owner
690ac17d56d1bc00930295b4,Nissan Micra XL,2017,415000,48965,Petrol,Dealer,Manual,First Owner
690ac17d56d1bc00930295b5,Hyundai EON Era Plus Option,2014,265000,55000,Petrol,Dealer,Manual,First Owner
690ac17d56d1bc00930295b6,Tata Indica GLS BS IV,2008,70000,60000,Petrol,Individual,Manual,First Owner
690ac17d56d1bc00930295b7,Chevrolet Sail Hatchback 1.3 TCDi,2015,281000,40000,Diesel,Individual,Manual,First Owner
690ac17d56d1bc00930295b8,Tata Indigo Grand Dicor,2013,211000,80000,Diesel,Individual,Manual,First Owner
690ac17d56d1bc00930295b9,Hyundai Elite i20 Petrol Magna Exective,2018,550000,11000,Petrol,Individual,Manual,First Owner
690ac17d56d1bc00930295ba,Chevrolet Enjoy TCDi LT 8 Seater,2014,350000,110000,Diesel,Individual,Manual,First Owner
690ac17d56d1bc00930295bb,Maruti Wagon R VXI AMT,2017,420000,19890,Petrol,Dealer,Automatic,First Owner
690ac17d56d1bc00930295bc,Renault KWID RXT,2015,270000,20969,Petrol,Dealer,Manual,First Owner
690ac17d56d1bc00930295bd,Maruti Celerio VXI,2016,399000,20194,Petrol,Dealer,Manual,First Owner
690ac17d56d1bc00930295be,Ford Figo Trend,2016,440000,34982,Petrol,Dealer,Manual,First Owner
690ac17d56d1bc00930295bf,Hyundai EON Magna,2012,250000,44588,Petrol,Dealer,Manual,First Owner
690ac17d56d1bc00930295c0,Ford Ecosport 1.5 Diesel Titanium,2016,650000,57904,Diesel,Dealer,Manual,First Owner
690ac17d56d1bc00930295c1,Maruti Alto K10 VXI,2015,270000,59258,Petrol,Dealer,Manual,First Owner
690ac17d56d1bc00930295c2,Ford Figo Trend,2016,390000,60826,Petrol,Dealer,Manual,First Owner
690ac17d56d1bc00930295c3,Mahindra XUV500 W10 2WD,2018,1500000,50000,Diesel,Individual,Manual,First Owner
690ac17d56d1bc00930295c4,Maruti 800 AC,2014,225000,35000,Petrol,Individual,Manual,First Owner
690ac17d56d1bc00930295c5,Mahindra XUV500 W8 2WD,2015,900000,110000,Diesel,Individual,Manual,Second Owner
690ac17d56d1bc00930295c6,Hyundai Tucson 2.0 e-VGT 2WD AT GL,2018,1600000,40000,Diesel,Individual,Automatic,First Owner
690ac17d56d1bc00930295c7,Tata Nexon 1.2 Revotron XZ Plus Dual Tone,2019,800000,10000,Petrol,Individual,Manual,First Owner
690ac17d56d1bc00930295c8,Honda Amaze E i-Dtech,2013,320000,50000,Diesel,Individual,Manual,First Owner
690ac17d56d1bc00930295c9,Maruti Alto 800 LXI,2016,300000,25000,Petrol,Individual,Manual,First Owner
690ac17d56d1bc00930295ca,Hyundai i20 1.2 Asta Dual Tone,2018,740000,25000,Petrol,Individual,Manual,First Owner
690ac17d56d1bc00930295cb,Datsun RediGO SV 1.0,2019,350000,1300,Petrol,Individual,Manual,First Owner
690ac17d56d1bc00930295cc,Datsun GO T BSIV,2014,280000,40000,Petrol,Individual,Manual,First Owner
690ac17d56d1bc00930295cd,Maruti Swift Dzire AMT VDI,2018,675000,50000,Diesel,Individual,Automatic,First Owner
690ac17d56d1bc00930295ce,Hyundai i10 Era 1.1 iTech SE,2011,300000,20000,Petrol,Individual,Manual,First Owner
690ac17d56d1bc00930295cf,Chevrolet Captiva 2.0L VCDi,2011,400000,76000,Diesel,Individual,Manual,Third Owner
690ac17d56d1bc00930295d0,Mahindra Scorpio VLX 2WD BSIV,2010,420000,100000,Diesel,Individual,Manual,Third Owner
690ac17d56d1bc00930295d1,Tata New Safari 3L Dicor LX 4x2,2008,300000,120000,Diesel,Individual,Manual,First Owner
690ac17d56d1bc00930295d2,Maruti Wagon R VXI Minor,2010,170000,70000,Petrol,Individual,Manual,First Owner
690ac17d56d1bc00930295d3,Hyundai EON Era Plus,2014,210000,70000,Petrol,Individual,Manual,Third Owner
690ac17d56d1bc00930295d4,Maruti Ertiga VDI,2015,600000,60000,Diesel,Individual,Manual,Second Owner
690ac17d56d1bc00930295d5,Maruti Wagon R VXI BS IV,2014,260000,38000,Petrol,Individual,Manual,Second Owner
690ac17d56d1bc00930295d6,Tata Nano Twist XT,2015,82000,19000,Petrol,Individual,Manual,First Owner
690ac17d56d1bc00930295d7,Mahindra TUV 300 T8,2016,690000,75000,Diesel,Individual,Manual,First Owner
690ac17d56d1bc00930295d8,Hyundai Grand i10 CRDi Asta,2015,300000,70000,Diesel,Individual,Manual,First Owner
690ac17d56d1bc00930295d9,Honda BRV i-DTEC V MT,2017,1250000,30000,Diesel,Individual,Manual,First Owner
690ac17d56d1bc00930295da,Hyundai Verna CRDi 1.6 EX,2017,799000,31707,Diesel,Individual,Manual,First Owner
690ac17d56d1bc00930295db,Toyota Fortuner 3.0 Diesel,2010,1000000,180000,Diesel,Individual,Manual,First Owner
690ac17d56d1bc00930295dc,Maruti Alto 800 LXI,2014,190000,90000,Petrol,Individual,Manual,Second Owner
690ac17d56d1bc00930295dd,Mahindra Verito 1.5 D2 BSIII,2014,250000,30000,Diesel,Individual,Manual,First Owner
690ac17d56d1bc00930295de,Hyundai Verna 1.6 i ABS,2009,200000,60000,Petrol,Individual,Manual,First Owner
690ac17d56d1bc00930295df,Mahindra Bolero DI,2005,300000,90000,Diesel,Individual,Manual,Second Owner
690ac17d56d1bc00930295e0,Tata Zest Revotron 1.2T XMS,2015,250000,120000,Petrol,Individual,Manual,Second Owner
690ac17d56d1bc00930295e1,Maruti 800 AC,2008,90000,70000,Petrol,Individual,Manual,Third Owner
690ac17d56d1bc00930295e2,Hyundai Santro LE zipPlus,2001,68000,70000,Petrol,Individual,Manual,First Owner
690ac17d56d1bc00930295e3,Hyundai Grand i10 1.2 Kappa Asta,2017,500000,26500,Petrol,Individual,Manual,First Owner
690ac17d56d1bc00930295e4,Hyundai Verna CRDi 1.6 SX,2017,900000,50000,Diesel,Individual,Manual,First Owner
690ac17d56d1bc00930295e5,Maruti Alto LX,2007,100000,52000,Petrol,Individual,Manual,Second Owner
690ac17d56d1bc00930295e6,Renault Duster 85PS Diesel RxL,2016,700000,160000,Diesel,Individual,Manual,First Owner
690ac17d56d1bc00930295e7,Volvo XC60 D3 Kinetic,2012,1750000,115992,Diesel,Dealer,Automatic,Third Owner
690ac17d56d1bc00930295e8,Maruti Wagon R VXI Optional,2017,290000,110000,Petrol,Individual,Manual,Second Owner
690ac17d56d1bc00930295e9,Toyota Innova 2.5 Z Diesel 7 Seater BS IV,2014,1050000,97000,Diesel,Individual,Manual,Second Owner
690ac17d56d1bc00930295ea,Tata Indigo LX Dicor,2008,70000,100000,Diesel,Individual,Manual,Third Owner
690ac17d56d1bc00930295eb,Maruti Swift ZDi BSIV,2016,520000,41000,Diesel,Individual,Manual,First Owner
690ac17d56d1bc00930295ec,Tata Indigo LS,2012,150000,90000,Diesel,Individual,Manual,First Owner
690ac17d56d1bc00930295ed,Hyundai i10 Magna 1.1,2008,120000,90000,Petrol,Individual,Manual,First Owner
690ac17d56d1bc00930295ee,Hyundai i20 Asta Option 1.2,2016,600000,25000,Petrol,Individual,Manual,First Owner
690ac17d56d1bc00930295ef,Tata Xenon XT EX 4X4,2010,150000,70000,Diesel,Individual,Manual,Second Owner
690ac17d56d1bc00930295f0,Volkswagen Vento Petrol Highline,2011,400000,60000,Petrol,Individual,Manual,First Owner
690ac17d56d1bc00930295f1,Maruti Alto 800 LXI,2015,310000,30000,Petrol,Individual,Manual,Second Owner
690ac17d56d1bc00930295f2,Maruti Baleno Alpha 1.2,2015,550000,30000,Petrol,Individual,Manual,First Owner
690ac17d56d1bc00930295f3,Hyundai i20 Asta Option 1.4 CRDi,2016,550000,60000,Diesel,Individual,Manual,First Owner
690ac17d56d1bc00930295f4,Hyundai Grand i10 CRDi Magna,2013,320000,73000,Diesel,Individual,Manual,First Owner
690ac17d56d1bc00930295f5,Maruti 800 AC BSII,1992,50000,100000,Petrol,Individual,Manual,Fourth & Above Owner
690ac17d56d1bc00930295f6,Hyundai Grand i10 1.2 Kappa Asta,2018,500000,32000,Petrol,Individual,Manual,First Owner
690ac17d56d1bc00930295f7,Renault KWID RXT,2018,360000,26500,Petrol,Individual,Manual,First Owner
690ac17d56d1bc00930295f8,Maruti Vitara Brezza VDi Option,2017,700000,50000,Diesel,Individual,Manual,Second Owner
690ac17d56d1bc00930295f9,Maruti Ertiga VDI,2012,700000,110000,Diesel,Individual,Manual,Second Owner
690ac17d56d1bc00930295fa,Hyundai i20 1.4 Sportz,2017,655000,84000,Diesel,Dealer,Manual,First Owner
690ac17d56d1bc00930295fb,Maruti Vitara Brezza VDi Option,2017,700000,50000,Diesel,Individual,Manual,Second Owner
690ac17d56d1bc00930295fc,Chevrolet Beat LT LPG,2011,200000,110000,LPG,Individual,Manual,First Owner
690ac17d56d1bc00930295fd,Renault Duster 85PS Diesel RxL Optional,2012,375000,150000,Diesel,Individual,Manual,First Owner
690ac17d56d1bc00930295fe,Hyundai Verna 1.6 SX,2012,470000,109052,Diesel,Dealer,Manual,First Owner
690ac17d56d1bc00930295ff,Maruti Ciaz VDi,2015,550000,90658,Diesel,Dealer,Manual,First Owner
690ac17d56d1bc0093029600,Honda Amaze VX i-DTEC,2014,500000,110000,Diesel,Individual,Manual,Second Owner
690ac17d56d1bc0093029601,Datsun GO T Option BSIV,2015,210000,25000,Petrol,Individual,Manual,First Owner
690ac17d56d1bc0093029602,Maruti Eeco 7 Seater Standard BSIV,2018,270000,20000,Petrol,Individual,Manual,First Owner
690ac17d56d1bc0093029603,Skoda Superb 1.8 TFSI MT,2010,300000,80000,Petrol,Individual,Manual,First Owner
690ac17d56d1bc0093029604,Maruti Wagon R VXI Minor,2007,80000,60000,Petrol,Individual,Manual,Third Owner
690ac17d56d1bc0093029605,Mercedes-Benz E-Class E250 Edition E,2013,1451000,81000,Diesel,Dealer,Automatic,First Owner
690ac17d56d1bc0093029606,Tata Safari Storme VX Varicor 400,2018,1085000,15000,Diesel,Individual,Manual,First Owner
690ac17d56d1bc0093029607,Hyundai Verna SX AT Diesel,2009,245000,75000,Diesel,Dealer,Automatic,First Owner
690ac17d56d1bc0093029608,Honda WR-V i-VTEC VX,2017,700000,25552,Petrol,Dealer,Manual,Second Owner
690ac17d56d1bc0093029609,Hyundai EON Magna Plus,2018,300000,20000,Petrol,Individual,Manual,First Owner
690ac17d56d1bc009302960a,Hyundai Xcent 1.2 CRDi E,2017,350000,80000,Diesel,Individual,Manual,First Owner
690ac17d56d1bc009302960b,Hyundai Elite i20 Asta Option CVT BSIV,2017,635000,25000,Petrol,Dealer,Automatic,First Owner
690ac17d56d1bc009302960c,Honda City S,2012,325000,40700,Petrol,Individual,Manual,First Owner
690ac17d56d1bc009302960d,Mahindra XUV500 AT W10 1.99 mHawk,2017,1150000,65500,Diesel,Dealer,Automatic,First Owner
690ac17d56d1bc009302960e,Tata Indigo GLE BSIII,2008,110000,42000,Petrol,Dealer,Manual,First Owner
690ac17d56d1bc009302960f,Honda City 1.5 V MT,2018,890000,8000,Petrol,Dealer,Manual,First Owner
690ac17d56d1bc0093029610,Maruti Swift 1.3 LXI,2007,73000,80000,Petrol,Individual,Manual,Second Owner
690ac17d56d1bc0093029611,Chevrolet Beat PS,2014,170000,77000,Petrol,Individual,Manual,First Owner
690ac17d56d1bc0093029612,Maruti Ciaz ZXi Plus,2016,750000,6000,Petrol,Dealer,Manual,First Owner
690ac17d56d1bc0093029613,Hyundai EON 1.0 Era Plus,2017,280000,28838,Petrol,Individual,Manual,First Owner
690ac17d56d1bc0093029614,Maruti Baleno Alpha 1.2,2018,690000,11174,Petrol,Dealer,Manual,First Owner
690ac17d56d1bc0093029615,Tata Indigo GLS,2008,130000,120000,Petrol,Individual,Manual,First Owner
690ac17d56d1bc0093029616,Maruti Swift 1.3 LXI,2007,73000,80000,Petrol,Individual,Manual,Second Owner
690ac17d56d1bc0093029617,Hyundai Santro Xing GLS,2007,85000,85000,Petrol,Individual,Manual,Second Owner
690ac17d56d1bc0093029618,Hyundai Elantra 2.0 SX AT,2018,1575000,10000,Petrol,Individual,Automatic,First Owner
690ac17d56d1bc0093029619,Nissan Sunny Diesel XV,2013,325000,105000,Diesel,Individual,Manual,First Owner
690ac17d56d1bc009302961a,Honda City 1.3 EXI,1998,85000,120000,Petrol,Individual,Manual,Second Owner
690ac17d56d1bc009302961b,Hyundai Verna 1.6 CRDI SX Option,2018,860000,30000,Diesel,Dealer,Manual,Second Owner
690ac17d56d1bc009302961c,Maruti S-Cross Sigma DDiS 200 SH,2017,690000,41000,Diesel,Individual,Manual,First Owner
690ac17d56d1bc009302961d,Hyundai Elantra CRDi S,2013,650000,54000,Diesel,Dealer,Manual,First Owner
690ac17d56d1bc009302961e,Chevrolet Sail LS ABS,2014,375000,40000,Diesel,Individual,Manual,First Owner
690ac17d56d1bc009302961f,Hyundai Verna 1.6 SX CRDi (O),2013,525000,71000,Diesel,Dealer,Manual,First Owner
690ac17d56d1bc0093029620,Maruti Eeco Smiles 5 Seater AC,2016,330000,72500,Petrol,Dealer,Manual,First Owner
690ac17d56d1bc0093029621,Maruti Eeco Smiles 5 Seater AC,2013,280000,76600,Petrol,Dealer,Manual,First Owner
690ac17d56d1bc0093029622,Maruti Swift ZXI,2014,470000,40000,Petrol,Individual,Manual,First Owner
690ac17d56d1bc0093029623,Volkswagen Polo Diesel Trendline 1.2L,2011,350000,110000,Diesel,Individual,Manual,First Owner
690ac17d56d1bc0093029624,Honda City 1.5 V Elegance,2012,480000,63000,Petrol,Dealer,Manual,First Owner
690ac17d56d1bc0093029625,Hyundai Verna 1.6 CRDi SX,2016,620000,60000,Diesel,Individual,Manual,First Owner
690ac17d56d1bc0093029626,Datsun GO T BSIV,2014,250000,58000,Petrol,Individual,Manual,First Owner
690ac17d56d1bc0093029627,Chevrolet Spark 1.0,2010,78692,80000,Petrol,Individual,Manual,Second Owner
690ac17d56d1bc0093029628,Hyundai i20 Magna Optional 1.4 CRDi,2012,350000,80000,Diesel,Individual,Manual,First Owner
690ac17d56d1bc0093029629,Maruti Wagon R LX Minor,2013,250000,70000,Petrol,Individual,Manual,Second Owner
690ac17d56d1bc009302962a,Hyundai i20 1.2 Sportz,2011,260000,97700,Petrol,Individual,Manual,Fourth & Above Owner
690ac17d56d1bc009302962b,Honda Mobilio S i DTEC,2016,640000,36000,Diesel,Individual,Manual,Second Owner
690ac17d56d1bc009302962c,Tata New Safari DICOR 2.2 EX 4x2,2008,220000,90000,Diesel,Individual,Manual,Second Owner
690ac17d56d1bc009302962d,Volkswagen Vento 1.5 TDI Highline,2015,465000,130000,Diesel,Individual,Manual,First Owner
690ac17d56d1bc009302962e,Maruti Swift Vdi BSIII,2010,229999,120000,Diesel,Individual,Manual,Second Owner
690ac17d56d1bc009302962f,Maruti Wagon R VXI BS IV,2018,425000,15000,Petrol,Individual,Manual,First Owner
690ac17d56d1bc0093029630,Tata Indica GLS BS IV,2008,95000,120000,Petrol,Individual,Manual,Third Owner
690ac17d56d1bc0093029631,Hyundai EON LPG Magna Plus,2012,170000,170000,LPG,Individual,Manual,Third Owner
690ac17d56d1bc0093029632,Datsun RediGO T Option,2016,229999,37500,Petrol,Individual,Manual,Second Owner
690ac17d56d1bc0093029633,Maruti 800 Std,1999,45000,50000,Petrol,Individual,Manual,Third Owner
690ac17d56d1bc0093029634,Maruti Grand Vitara MT,2007,479000,145000,Petrol,Individual,Manual,Third Owner
690ac17d56d1bc0093029635,Mahindra KUV 100 mFALCON G80 K8 5str,2016,370000,60000,Petrol,Individual,Manual,First Owner
690ac17d56d1bc0093029636,Hyundai EON Sportz,2016,340000,30000,Petrol,Individual,Manual,First Owner
690ac17d56d1bc0093029637,Maruti Swift Dzire ZXI,2016,620000,35000,Petrol,Individual,Manual,First Owner
690ac17d56d1bc0093029638,Tata Manza Club Class Quadrajet90 EX,2012,270000,60000,Diesel,Individual,Manual,First Owner
690ac17d56d1bc0093029639,Tata Tiago 1.05 Revotorq XZ Plus,2018,400000,35000,Diesel,Individual,Manual,First Owner
690ac17d56d1bc009302963a,Maruti Wagon R VXI Optional,2015,260000,40000,Petrol,Individual,Manual,First Owner
690ac17d56d1bc009302963b,Hyundai Santro LE zipPlus,2003,48000,50000,Petrol,Individual,Manual,Fourth & Above Owner
690ac17d56d1bc009302963c,Tata Nano Twist XE,2015,100000,23800,Petrol,Individual,Manual,Second Owner
690ac17d56d1bc009302963d,Nissan Terrano XL Plus 85 PS,2015,490000,70000,Diesel,Individual,Manual,First Owner
690ac17d56d1bc009302963e,Maruti Wagon R Duo Lxi,2010,120000,90000,LPG,Individual,Manual,Second Owner
690ac17d56d1bc009302963f,Hyundai i10 Era,2008,125000,102000,Petrol,Individual,Manual,Second Owner
690ac17d56d1bc0093029640,Hyundai EON Era Plus,2013,160000,80000,Petrol,Individual,Manual,First Owner
690ac17d56d1bc0093029641,Maruti Alto 800 LXI,2019,190000,5000,Petrol,Individual,Manual,First Owner
690ac17d56d1bc0093029642,Tata Harrier XZ BSIV,2019,1700000,10000,Diesel,Individual,Manual,First Owner
690ac17d56d1bc0093029643,Hyundai i10 Sportz,2011,250000,50000,Petrol,Individual,Manual,First Owner
690ac17d56d1bc0093029644,Maruti Ignis 1.2 Delta BSIV,2019,500000,15000,Petrol,Individual,Manual,First Owner
690ac17d56d1bc0093029645,Toyota Corolla Altis 1.8 J,2008,400000,35000,Petrol,Individual,Manual,Second Owner
690ac17d56d1bc0093029646,Fiat Linea T Jet Plus,2011,500000,20000,Petrol,Individual,Manual,First Owner
690ac17d56d1bc0093029647,Toyota Fortuner 4x2 AT,2014,1800000,99000,Diesel,Individual,Automatic,First Owner
690ac17d56d1bc0093029648,Honda Civic 1.8 V MT,2008,320000,90000,Petrol,Individual,Manual,First Owner
690ac17d56d1bc0093029649,Honda Civic 1.8 S AT,2007,250000,47000,Petrol,Dealer,Automatic,First Owner
690ac17d56d1bc009302964a,Ford Figo Diesel Titanium,2010,105000,90000,Diesel,Individual,Manual,Third Owner
690ac17d56d1bc009302964b,Hyundai i20 Active 1.2 SX,2018,550000,20000,Petrol,Individual,Manual,First Owner
690ac17d56d1bc009302964c,Hyundai Grand i10 1.2 Kappa Sportz AT,2019,600000,1100,Petrol,Individual,Automatic,First Owner
690ac17d56d1bc009302964d,Maruti Alto 800 VXI,2020,210000,40000,Petrol,Individual,Manual,First Owner
690ac17d56d1bc009302964e,Maruti Alto 800 LXI Airbag,2012,210000,15000,Petrol,Individual,Manual,First Owner
690ac17d56d1bc009302964f,Maruti Alto LXi,2009,150000,40000,Petrol,Individual,Manual,First Owner
690ac17d56d1bc0093029650,Hyundai i10 Era 1.1,2008,125000,60000,Petrol,Individual,Manual,First Owner
690ac17d56d1bc0093029651,Maruti Celerio VXI,2016,380000,20000,Petrol,Individual,Manual,First Owner
690ac17d56d1bc0093029652,Maruti Baleno Delta 1.2,2019,600000,5000,Petrol,Individual,Manual,First Owner
690ac17d56d1bc0093029653,Maruti Swift VXI Deca,2016,490000,27000,Petrol,Individual,Manual,First Owner
690ac17d56d1bc0093029654,Maruti Swift Dzire LDI,2018,545000,38000,Diesel,Individual,Manual,Second Owner
690ac17d56d1bc0093029655,Maruti Wagon R VXI BS IV,2015,250000,25000,Petrol,Individual,Manual,First Owner
690ac17d56d1bc0093029656,Hyundai Venue SX Opt Turbo BSIV,2020,1050000,1100,Petrol,Individual,Manual,First Owner
690ac17d56d1bc0093029657,Maruti Wagon R LX Minor,2007,100000,100000,Petrol,Individual,Manual,First Owner
690ac17d56d1bc0093029658,Ford Figo Diesel ZXI,2014,250000,100000,Diesel,Individual,Manual,Second Owner
690ac17d56d1bc0093029659,Maruti Wagon R LX BSIII,2007,100000,110000,Petrol,Individual,Manual,First Owner
690ac17d56d1bc009302965a,Ford Figo 1.5D Ambiente ABS MT,2016,350000,60000,Diesel,Individual,Manual,Second Owner
690ac17d56d1bc009302965b,Renault Duster 110PS Diesel RxZ Plus,2012,370000,70000,Diesel,Individual,Manual,Second Owner
690ac17d56d1bc009302965c,Maruti Zen VXi - BS III,2004,121000,110000,Petrol,Individual,Manual,Second Owner
690ac17d56d1bc009302965d,Ford Figo Aspire 1.5 Ti-VCT Titanium,2017,570000,44077,Petrol,Dealer,Automatic,First Owner
690ac17d56d1bc009302965e,Maruti Ertiga SHVS VDI,2017,785000,24000,Diesel,Individual,Manual,First Owner
690ac17d56d1bc009302965f,Maruti Ciaz S 1.3,2018,850000,30000,Diesel,Individual,Manual,First Owner
690ac17d56d1bc0093029660,Maruti Wagon R VXI BS IV,2016,375000,30000,Petrol,Individual,Manual,Second Owner
690ac17d56d1bc0093029661,Maruti Baleno Alpha 1.2,2017,619000,40000,Petrol,Individual,Manual,First Owner
690ac17d56d1bc0093029662,Chevrolet Cruze LTZ,2011,335000,90000,Diesel,Individual,Manual,Second Owner
690ac17d56d1bc0093029663,Toyota Innova 2.5 G (Diesel) 8 Seater BS IV,2006,500000,50000,Diesel,Individual,Manual,First Owner
690ac17d56d1bc0093029664,Maruti Wagon R LX,2003,60000,100000,Petrol,Individual,Manual,Second Owner
690ac17d56d1bc0093029665,Maruti Zen Estilo VXI BSIV,2010,130000,50000,Petrol,Individual,Manual,Second Owner
690ac17d56d1bc0093029666,Mahindra Ingenio CRDe,2015,210000,210000,Diesel,Individual,Manual,First Owner
690ac17d56d1bc0093029667,Toyota Innova Crysta 2.4 VX MT 8S BSIV,2019,1900000,20000,Diesel,Individual,Manual,First Owner
690ac17d56d1bc0093029668,Tata Indigo TDI,2013,270000,70000,Diesel,Individual,Manual,Second Owner
690ac17d56d1bc0093029669,Maruti Wagon R LXI Minor,2010,225000,100000,Petrol,Individual,Manual,Second Owner
690ac17d56d1bc009302966a,Maruti SX4 ZXI MT BSIV,2011,150000,160000,Petrol,Individual,Manual,Second Owner
690ac17d56d1bc009302966b,Chevrolet Beat Diesel LT,2013,173000,70000,Diesel,Individual,Manual,First Owner
690ac17d56d1bc009302966c,BMW 5 Series 520d Luxury Line,2018,4800000,9422,Diesel,Individual,Automatic,First Owner
690ac17d56d1bc009302966d,Volkswagen Vento 1.5 Highline Plus AT 16 Alloy,2017,710000,110000,Diesel,Individual,Automatic,First Owner
690ac17d56d1bc009302966e,Toyota Corolla Altis 1.8 GL,2019,1500000,20000,Petrol,Individual,Manual,First Owner
690ac17d56d1bc009302966f,Maruti Baleno Zeta 1.2,2017,550000,20000,Petrol,Individual,Manual,First Owner
690ac17d56d1bc0093029670,Maruti 800 AC BSIII,2008,58000,70000,Petrol,Individual,Manual,Second Owner
690ac17d56d1bc0093029671,Audi A4 1.8 TFSI,2012,1200000,60000,Petrol,Individual,Automatic,Third Owner
690ac17d56d1bc0093029672,Mahindra Scorpio M2DI,2013,500000,150000,Diesel,Individual,Manual,First Owner
690ac17d56d1bc0093029673,Maruti Swift LXi BSIV,2009,120000,83000,Petrol,Individual,Manual,Second Owner
690ac17d56d1bc0093029674,Toyota Innova 2.5 EV Diesel PS 7 Seater BSIII,2012,300000,250000,Diesel,Individual,Manual,First Owner
690ac17d56d1bc0093029675,Hyundai EON Era Plus,2018,300000,30000,Petrol,Individual,Manual,First Owner
690ac17d56d1bc0093029676,Datsun GO Plus T Option BSIV,2015,295000,21000,Petrol,Individual,Manual,First Owner
690ac17d56d1bc0093029677,Maruti Ertiga VXI CNG,2018,587000,80000,CNG,Individual,Manual,First Owner
690ac17d56d1bc0093029678,Ambassador Grand 1800 ISZ MPFI PW CL,2012,430000,50000,Petrol,Individual,Manual,Second Owner
690ac17d56d1bc0093029679,Hyundai Verna i (Petrol),2007,123000,50000,Petrol,Individual,Manual,Second Owner
690ac17d56d1bc009302967a,Skoda Laura Ambiente 2.0 TDI CR AT,2012,450000,48500,Diesel,Individual,Automatic,Second Owner
690ac17d56d1bc009302967b,Maruti Wagon R LXI Minor,2007,130000,60000,Petrol,Individual,Manual,Third Owner
690ac17d56d1bc009302967c,Tata Indica Vista Aqua 1.4 TDI,2010,110000,90000,Diesel,Individual,Manual,Second Owner
690ac17d56d1bc009302967d,Mahindra Xylo Celebration Edition BSIV,2010,200000,240000,Diesel,Individual,Manual,Third Owner
690ac17d56d1bc009302967e,Hyundai Grand i10 Magna,2015,320000,70000,Petrol,Individual,Manual,Second Owner
690ac17d56d1bc009302967f,Maruti Wagon R LXI BS IV,2014,300000,50000,Petrol,Individual,Manual,First Owner
690ac17d56d1bc0093029680,Volkswagen CrossPolo 1.2 MPI,2016,350000,110000,Petrol,Individual,Manual,First Owner
690ac17d56d1bc0093029681,Maruti Ertiga VXI Petrol,2018,800000,50000,Petrol,Individual,Manual,First Owner
690ac17d56d1bc0093029682,Hyundai Xcent 1.1 CRDi S,2016,270000,175000,Diesel,Individual,Manual,First Owner
690ac17d56d1bc0093029683,Hyundai i20 1.2 Magna Executive,2017,540000,60000,Petrol,Individual,Manual,First Owner
690ac17d56d1bc0093029684,Maruti Wagon R LXI CNG,2011,160000,60000,CNG,Individual,Manual,Second Owner
690ac17d56d1bc0093029685,Maruti SX4 VDI,2013,340000,100000,Diesel,Individual,Manual,Second Owner
690ac17d56d1bc0093029686,Maruti Eeco 5 Seater AC BSIV,2017,350000,40000,Petrol,Individual,Manual,Second Owner
690ac17d56d1bc0093029687,Volkswagen Vento Diesel Style Limited Edition,2011,300000,100000,Diesel,Individual,Manual,First Owner
690ac17d56d1bc0093029688,Maruti Ritz VDi,2013,330000,63000,Diesel,Individual,Manual,First Owner
690ac17d56d1bc0093029689,Maruti Wagon R LXI CNG,2016,325000,80000,CNG,Individual,Manual,Second Owner
690ac17d56d1bc009302968a,Maruti Swift Dzire VDI,2013,250000,55000,Diesel,Individual,Manual,First Owner
690ac17d56d1bc009302968b,Maruti Swift Star VDI,2013,250000,55000,Diesel,Individual,Manual,First Owner
690ac17d56d1bc009302968c,Chevrolet Beat LT Option,2015,240000,60000,Petrol,Individual,Manual,First Owner
690ac17d56d1bc009302968d,Hyundai Grand i10 1.2 Kappa Magna BSIV,2020,545000,5000,Petrol,Individual,Manual,First Owner
690ac17d56d1bc009302968e,Hyundai i10 Magna 1.1 iTech SE,2015,300000,48000,Petrol,Dealer,Manual,First Owner
690ac17d56d1bc009302968f,Chevrolet Beat LT,2010,130000,80000,Petrol,Individual,Manual,Second Owner
690ac17d56d1bc0093029690,Renault KWID RXT,2017,240000,50000,Petrol,Individual,Manual,First Owner
690ac17d56d1bc0093029691,Renault KWID 1.0 RXT Optional,2018,360000,15000,Petrol,Individual,Manual,First Owner
690ac17d56d1bc0093029692,Hyundai i20 1.4 CRDi Magna,2012,250000,70000,Diesel,Individual,Manual,First Owner
690ac17d56d1bc0093029693,Skoda Laura Elegance 2.0 TDI CR AT,2019,475000,105000,Diesel,Dealer,Automatic,First Owner
690ac17d56d1bc0093029694,Hyundai i20 Asta Option 1.4 CRDi,2016,600000,50000,Diesel,Individual,Manual,Second Owner
690ac17d56d1bc0093029695,Tata Indigo CR4,2010,150000,80000,Diesel,Individual,Manual,Second Owner
690ac17d56d1bc0093029696,Ford EcoSport 1.5 Diesel Trend BSIV,2017,700000,50000,Diesel,Individual,Manual,First Owner
690ac17d56d1bc0093029697,Mahindra XUV500 W6 2WD,2016,1290000,5000,Diesel,Individual,Manual,First Owner
690ac17d56d1bc0093029698,Hyundai Santro Xing XG,2004,80000,58000,Petrol,Individual,Manual,First Owner
690ac17d56d1bc0093029699,Hyundai Grand i10 Sportz,2015,425000,12000,Petrol,Individual,Manual,First Owner
690ac17d56d1bc009302969a,Maruti Celerio ZXI AMT BSIV,2018,500000,10000,Petrol,Individual,Automatic,First Owner
690ac17d56d1bc009302969b,Hyundai Santro Xing GLS,2012,193000,45000,Petrol,Individual,Manual,Second Owner
690ac17d56d1bc009302969c,Honda City i VTEC V,2015,800000,10000,Petrol,Individual,Manual,First Owner
690ac17d56d1bc009302969d,Maruti Wagon R LXI Minor,2008,150000,50000,Petrol,Individual,Manual,First Owner
690ac17d56d1bc009302969e,Maruti 800 AC,2002,80000,40000,Petrol,Individual,Manual,Fourth & Above Owner
690ac17d56d1bc009302969f,Ford Figo Diesel EXI,2010,130000,100000,Diesel,Individual,Manual,Third Owner
690ac17d56d1bc00930296a0,Ford Figo Diesel EXI,2012,280000,80000,Diesel,Individual,Manual,Second Owner
690ac17d56d1bc00930296a1,Mahindra Xylo D2 BS IV,2011,229999,110000,Diesel,Individual,Manual,Second Owner
690ac17d56d1bc00930296a2,Maruti Zen Estilo VXI BSIII,2008,80000,120000,Petrol,Individual,Manual,First Owner
690ac17d56d1bc00930296a3,Tata Nano Cx BSIII,2010,70000,10000,Petrol,Individual,Manual,First Owner
690ac17d56d1bc00930296a4,Maruti Ritz VDi,2013,240000,60000,Diesel,Individual,Manual,Second Owner
690ac17d56d1bc00930296a5,Mahindra Xylo E8,2010,380000,72000,Diesel,Individual,Manual,Second Owner
690ac17d56d1bc00930296a6,Maruti Ritz VDi,2013,240000,60000,Diesel,Individual,Manual,Second Owner
690ac17d56d1bc00930296a7,Hyundai Santro Xing XO,2006,80000,110000,Petrol,Individual,Manual,First Owner
690ac17d56d1bc00930296a8,Hyundai i10 Era,2013,265000,50000,Petrol,Individual,Manual,First Owner
690ac17d56d1bc00930296a9,Hyundai EON Magna Plus Option,2018,320000,25000,Petrol,Individual,Manual,First Owner
690ac17d56d1bc00930296aa,Nissan Terrano XL 110 PS,2014,500000,120000,Diesel,Individual,Manual,Third Owner
690ac17d56d1bc00930296ab,Hyundai Creta 1.6 CRDi SX Option,2016,1300000,55000,Diesel,Individual,Manual,First Owner
690ac17d56d1bc00930296ac,Mahindra Scorpio S11 BSIV,2018,1500000,35000,Diesel,Individual,Manual,First Owner
690ac17d56d1bc00930296ad,Toyota Innova Crysta 2.8 ZX AT BSIV,2016,1800000,110000,Diesel,Individual,Automatic,First Owner
690ac17d56d1bc00930296ae,Mahindra XUV500 W6 2WD,2014,600000,80000,Diesel,Individual,Manual,Second Owner
690ac17d56d1bc00930296af,Tata Tiago 1.2 Revotron XT,2018,420000,80000,Petrol,Individual,Manual,First Owner
690ac17d56d1bc00930296b0,Maruti Zen Estilo LXI BS IV,2009,140000,120000,Petrol,Individual,Manual,First Owner
690ac17d56d1bc00930296b1,Skoda Laura Ambiente 2.0 TDI CR MT,2010,300000,100000,Diesel,Individual,Manual,Second Owner
690ac17d56d1bc00930296b2,Hyundai Santro Xing XL eRLX Euro III,2006,100000,60000,Petrol,Dealer,Manual,Second Owner
690ac17d56d1bc00930296b3,Maruti Alto K10 VXI,2017,350000,25000,Petrol,Dealer,Manual,First Owner
690ac17d56d1bc00930296b4,Ford EcoSport 1.5 Ti VCT MT Titanium BE BSIV,2018,850000,19000,Petrol,Dealer,Manual,First Owner
690ac17d56d1bc00930296b5,Maruti Alto LX,2008,140000,54000,Petrol,Dealer,Manual,First Owner
690ac17d56d1bc00930296b6,Ford Aspire Titanium Plus BSIV,2015,550000,17100,Petrol,Dealer,Manual,Second Owner
690ac17d56d1bc00930296b7,Hyundai Grand i10 Asta Option AT,2017,525000,19000,Petrol,Dealer,Automatic,First Owner
690ac17d56d1bc00930296b8,Ford Ecosport 1.5 DV5 MT Titanium,2015,470000,146000,Diesel,Dealer,Manual,First Owner
690ac17d56d1bc00930296b9,Ford Endeavour 3.0L 4X4 AT,2013,900000,98000,Diesel,Dealer,Automatic,First Owner
690ac17d56d1bc00930296ba,Ford Endeavour 2.5L 4X2,2011,500000,224642,Diesel,Dealer,Manual,Second Owner
690ac17d56d1bc00930296bb,Maruti Zen LXI,1998,80000,120000,Petrol,Individual,Manual,Second Owner
690ac17d56d1bc00930296bc,Mahindra Verito 1.5 D2 BSIII,2011,175000,175000,Diesel,Individual,Manual,First Owner
690ac17d56d1bc00930296bd,Mahindra XUV500 AT W10 AWD,2017,1350000,15000,Diesel,Individual,Automatic,Second Owner
690ac17d56d1bc00930296be,Renault Duster 110PS Diesel RxZ,2017,800000,50000,Diesel,Individual,Manual,First Owner
690ac17d56d1bc00930296bf,Datsun RediGO 1.0 S,2017,250000,15000,Petrol,Individual,Manual,First Owner
690ac17d56d1bc00930296c0,Maruti Ignis 1.2 AMT Alpha BSIV,2018,700000,25000,Petrol,Individual,Automatic,First Owner
690ac17d56d1bc00930296c1,Tata Nexon 1.5 Revotorq XM,2019,800000,25000,Diesel,Individual,Manual,First Owner
690ac17d56d1bc00930296c2,Mahindra XUV500 W6 2WD,2013,660000,69000,Diesel,Individual,Manual,First Owner
690ac17d56d1bc00930296c3,Maruti Swift VDI BSIV,2015,465000,60000,Diesel,Individual,Manual,Third Owner
690ac17d56d1bc00930296c4,Mahindra Scorpio 2.6 CRDe,2006,180000,222435,Diesel,Individual,Manual,Second Owner
690ac17d56d1bc00930296c5,Maruti Swift Dzire VDI,2017,600000,66000,Diesel,Individual,Manual,Third Owner
690ac17d56d1bc00930296c6,Ford Fiesta 1.4 ZXi Duratec,2010,150000,110000,Petrol,Individual,Manual,First Owner
690ac17d56d1bc00930296c7,Hyundai Verna 1.6 SX,2014,450000,78000,Diesel,Individual,Manual,Second Owner
690ac17d56d1bc00930296c8,Hyundai Elite i20 Sportz Plus BSIV,2019,721000,10000,Petrol,Individual,Manual,First Owner
690ac17d56d1bc00930296c9,Maruti Swift 1.2 DLX,2018,300000,35000,Petrol,Individual,Manual,First Owner
690ac17d56d1bc00930296ca,Mahindra Scorpio BSIV,2019,1000000,10000,Diesel,Individual,Manual,First Owner
690ac17d56d1bc00930296cb,Renault KWID RXT,2016,300000,40000,Petrol,Individual,Manual,First Owner
690ac17d56d1bc00930296cc,Mahindra Scorpio LX,2013,450000,120000,Diesel,Individual,Manual,First Owner
690ac17d56d1bc00930296cd,Maruti Esteem AX,1997,79000,70000,Petrol,Individual,Automatic,First Owner
690ac17d56d1bc00930296ce,Ford Figo 1.5D Trend MT,2017,545000,40000,Diesel,Individual,Manual,First Owner
690ac17d56d1bc00930296cf,Honda Amaze V Diesel BSIV,2018,844999,20000,Diesel,Individual,Manual,First Owner
690ac17d56d1bc00930296d0,Skoda Rapid 1.5 TDI Ambition,2016,700000,93000,Diesel,Individual,Manual,First Owner
690ac17d56d1bc00930296d1,Toyota Etios VD,2016,650000,159000,Diesel,Individual,Manual,First Owner
690ac17d56d1bc00930296d2,Ford Ecosport 1.5 DV5 MT Titanium,2014,525000,75000,Diesel,Individual,Manual,Second Owner
690ac17d56d1bc00930296d3,Ford Fiesta Classic 1.4 SXI Duratorq,2006,110000,101100,Diesel,Individual,Manual,Third Owner
690ac17d56d1bc00930296d4,Tata Indica Vista Aqua 1.3 Quadrajet BSIV,2011,180000,66000,Diesel,Individual,Manual,First Owner
690ac17d56d1bc00930296d5,Hyundai i10 Era,2012,280000,30000,Petrol,Individual,Manual,Second Owner
690ac17d56d1bc00930296d6,Renault KWID 1.0 RXT Optional,2019,400000,10000,Petrol,Individual,Manual,First Owner
690ac17d56d1bc00930296d7,Mahindra XUV500 W8 4WD,2012,625000,126000,Diesel,Individual,Manual,Second Owner
690ac17d56d1bc00930296d8,Volkswagen Vento 1.5 TDI Highline,2015,535000,70000,Diesel,Individual,Manual,First Owner
690ac17d56d1bc00930296d9,Maruti Swift VDI Optional,2017,459999,50000,Diesel,Individual,Manual,First Owner
690ac17d56d1bc00930296da,Mahindra Bolero DI,2010,300000,100000,Diesel,Individual,Manual,First Owner
690ac17d56d1bc00930296db,Honda Civic 1.8 V AT,2007,280000,60000,Petrol,Individual,Automatic,First Owner
690ac17d56d1bc00930296dc,Honda Mobilio V i VTEC,2014,500000,70000,Petrol,Individual,Manual,First Owner
690ac17d56d1bc00930296dd,Hyundai Creta 1.6 SX,2019,1200000,1200,Petrol,Individual,Manual,First Owner
690ac17d56d1bc00930296de,Renault KWID RXT,2016,300000,40000,Petrol,Individual,Manual,First Owner
690ac17d56d1bc00930296df,Tata Manza ELAN Quadrajet BS IV,2011,180000,80000,Diesel,Individual,Manual,Third Owner
690ac17d56d1bc00930296e0,Hyundai i10 Sportz AT,2011,180000,134444,Petrol,Individual,Automatic,Second Owner
690ac17d56d1bc00930296e1,Maruti Alto LXi,2009,78000,120000,Petrol,Individual,Manual,Second Owner
690ac17d56d1bc00930296e2,Nissan Micra Diesel XV Premium,2011,160000,120000,Diesel,Individual,Manual,First Owner
690ac17d56d1bc00930296e3,Mahindra Scorpio VLX 2WD AIRBAG BSIV,2014,600000,238000,Diesel,Individual,Manual,First Owner
690ac17d56d1bc00930296e4,Maruti Wagon R LXI Minor,2008,110000,100000,Petrol,Individual,Manual,Second Owner
690ac17d56d1bc00930296e5,Mahindra Bolero SLX 4WD BSIII,2011,450000,110000,Diesel,Individual,Manual,Second Owner
690ac17d56d1bc00930296e6,Mahindra Scorpio S9 BSIV,2019,1350000,35000,Diesel,Individual,Manual,First Owner
690ac17d56d1bc00930296e7,Honda City 1.3 DX,2003,120000,165000,Petrol,Individual,Manual,Second Owner
690ac17d56d1bc00930296e8,Honda BR-V i-DTEC VX MT,2018,1040000,42000,Diesel,Individual,Manual,First Owner
690ac17d56d1bc00930296e9,Hyundai Grand i10 CRDi Sportz,2014,390000,70000,Diesel,Individual,Manual,Second Owner
690ac17d56d1bc00930296ea,Tata Nano Lx BSIII,2011,65000,60000,Petrol,Individual,Manual,Second Owner
690ac17d56d1bc00930296eb,Volkswagen Polo Diesel Highline 1.2L,2013,320000,115000,Diesel,Individual,Manual,Third Owner
690ac17d56d1bc00930296ec,Volkswagen Ameo 1.5 TDI Highline,2017,720000,70000,Diesel,Individual,Manual,First Owner
690ac17d56d1bc00930296ed,Maruti Swift ZXI ABS,2007,220000,80000,Petrol,Individual,Manual,Second Owner
690ac17d56d1bc00930296ee,Maruti Wagon R LXI BS IV,2011,225000,65000,Petrol,Dealer,Manual,First Owner
690ac17d56d1bc00930296ef,Tata Manza Aura (ABS) Quadrajet BS IV,2010,200000,150000,Diesel,Individual,Manual,Second Owner
690ac17d56d1bc00930296f0,Toyota Etios GD,2015,434999,75000,Diesel,Dealer,Manual,Second Owner
690ac17d56d1bc00930296f1,Ford Figo Diesel Titanium,2012,300000,63700,Diesel,Individual,Manual,First Owner
690ac17d56d1bc00930296f2,Honda Amaze VX i-DTEC,2018,700000,74800,Diesel,Individual,Manual,First Owner
690ac17d56d1bc00930296f3,Ford Endeavour 2.5L 4X2 MT,2009,500000,105000,Diesel,Individual,Manual,Second Owner
690ac17d56d1bc00930296f4,Renault Duster 85PS Diesel RxE,2016,500000,40000,Diesel,Individual,Manual,First Owner
690ac17d56d1bc00930296f5,Maruti Ritz LDi,2016,400000,90000,Diesel,Individual,Manual,Second Owner
690ac17d56d1bc00930296f6,Toyota Corolla Altis D-4D J,2015,825000,75000,Diesel,Dealer,Manual,Second Owner
690ac17d56d1bc00930296f7,Maruti Swift Dzire VDI,2018,720000,15000,Diesel,Individual,Manual,First Owner
690ac17d56d1bc00930296f8,Maruti 800 AC Uniq,2009,110000,30000,Petrol,Individual,Manual,Second Owner
690ac17d56d1bc00930296f9,Mahindra Scorpio VLX 2WD AIRBAG BSIV,2014,600000,100000,Diesel,Individual,Manual,Second Owner
690ac17d56d1bc00930296fa,Mahindra Scorpio VLX 2WD AT BSIV,2009,275000,155000,Diesel,Individual,Automatic,Third Owner
690ac17d56d1bc00930296fb,Land Rover Range Rover Evoque 2.2L Dynamic,2012,2349000,149000,Diesel,Individual,Automatic,Second Owner
690ac17d56d1bc00930296fc,Hyundai i20 1.4 Sportz,2017,740000,60000,Diesel,Individual,Manual,First Owner
690ac17d56d1bc00930296fd,Maruti Baleno Alpha 1.3,2017,800000,90000,Diesel,Individual,Manual,First Owner
690ac17d56d1bc00930296fe,Hyundai Verna CRDi 1.6 SX Option,2019,1100000,100000,Diesel,Individual,Manual,First Owner
690ac17d56d1bc00930296ff,BMW X1 sDrive20d,2012,750000,100000,Diesel,Individual,Automatic,Second Owner
690ac17d56d1bc0093029700,Maruti Alto K10 2010-2014 VXI,2012,200000,90000,Petrol,Individual,Manual,Second Owner
690ac17d56d1bc0093029701,Tata Spacio SA 6 Seater,2009,210000,75000,Diesel,Individual,Manual,First Owner
690ac17d56d1bc0093029702,Maruti Swift VDI BSIV,2009,270000,120000,Diesel,Individual,Manual,Second Owner
690ac17d56d1bc0093029703,Toyota Etios 1.4 VXD,2016,630000,90000,Diesel,Individual,Manual,Second Owner
690ac17d56d1bc0093029704,Hyundai Xcent 1.2 Kappa S,2015,375000,55000,Petrol,Individual,Manual,First Owner
690ac17d56d1bc0093029705,Mahindra Xylo D2,2010,300000,70000,Diesel,Individual,Manual,First Owner
690ac17d56d1bc0093029706,Mahindra Bolero Power Plus SLX,2016,580000,95000,Diesel,Individual,Manual,Second Owner
690ac17d56d1bc0093029707,Hyundai Verna 1.4 CRDi,2014,550000,50000,Diesel,Individual,Manual,First Owner
690ac17d56d1bc0093029708,Maruti Ciaz ZDi Plus SHVS,2016,750000,50000,Diesel,Individual,Manual,First Owner
690ac17d56d1bc0093029709,Maruti Omni E MPI STD BS IV,2014,250000,60516,Petrol,Individual,Manual,First Owner
690ac17d56d1bc009302970a,Hyundai Verna 1.6 SX,2012,434999,235000,Diesel,Individual,Manual,Second Owner
690ac17d56d1bc009302970b,Mercedes-Benz E-Class 280 CDI,2007,900000,76731,Diesel,Dealer,Automatic,First Owner
690ac17d56d1bc009302970c,Maruti Swift ZDI,2016,685000,64000,Diesel,Dealer,Manual,First Owner
690ac17d56d1bc009302970d,Maruti Swift VDI BSIV,2014,540000,65000,Diesel,Dealer,Manual,First Owner
690ac17d56d1bc009302970e,Honda City i-VTEC CVT ZX,2018,1165000,13000,Petrol,Dealer,Automatic,Test Drive Car
690ac17d56d1bc009302970f,Ford Ecosport 1.5 DV5 MT Titanium Optional,2014,610000,77000,Diesel,Dealer,Manual,First Owner
690ac17d56d1bc0093029710,Hyundai EON Era,2011,254999,24000,Petrol,Dealer,Manual,First Owner
690ac17d56d1bc0093029711,Nissan Micra Active XV,2014,280000,63840,Petrol,Dealer,Manual,First Owner
690ac17d56d1bc0093029712,Tata Tiago 1.2 Revotron XT,2017,370000,25000,Petrol,Individual,Manual,First Owner
690ac17d56d1bc0093029713,Tata New Safari DICOR 2.2 EX 4x2,2011,459999,76400,Diesel,Individual,Manual,Second Owner
690ac17d56d1bc0093029714,Maruti Zen LX,1998,42000,70000,Petrol,Individual,Manual,Third Owner
690ac17d56d1bc0093029715,Maruti Zen LX,1998,42000,70000,Petrol,Individual,Manual,Third Owner
690ac17d56d1bc0093029716,Fiat Linea Active (Diesel),2011,190000,80000,Diesel,Individual,Manual,Third Owner
690ac17d56d1bc0093029717,Fiat Punto 1.4 Emotion,2010,165000,100000,Petrol,Individual,Manual,Fourth & Above Owner
690ac17d56d1bc0093029718,Ford EcoSport 1.5 Diesel Trend Plus BSIV,2017,710000,40000,Diesel,Individual,Manual,First Owner
690ac17d56d1bc0093029719,Hyundai Creta 1.6 SX Option,2018,1200000,15000,Petrol,Individual,Manual,First Owner
690ac17d56d1bc009302971a,Maruti Zen Estilo LXI BS IV,2011,229999,70000,Petrol,Individual,Manual,First Owner
690ac17d56d1bc009302971b,Renault KWID RXT,2018,310000,15000,Petrol,Individual,Manual,First Owner
690ac17d56d1bc009302971c,Maruti Wagon R VXI BS IV,2015,320000,40000,Petrol,Individual,Manual,First Owner
690ac17d56d1bc009302971d,Maruti 800 AC,2006,100000,54000,Petrol,Individual,Manual,First Owner
690ac17d56d1bc009302971e,Hyundai Verna CRDi,2009,160000,90000,Diesel,Individual,Manual,First Owner
690ac17d56d1bc009302971f,Maruti 800 AC BSIII,2007,60000,52000,Petrol,Individual,Manual,First Owner
690ac17d56d1bc0093029720,Tata Indigo LS,2012,100000,200000,Diesel,Individual,Manual,Third Owner
690ac17d56d1bc0093029721,Chevrolet Beat Diesel LT,2016,350000,35000,Diesel,Individual,Manual,Second Owner
690ac17d56d1bc0093029722,Renault Duster 110PS Diesel RxZ AWD,2017,700000,60000,Diesel,Individual,Manual,First Owner
690ac17d56d1bc0093029723,Maruti Alto K10 VXI,2017,300000,31489,Petrol,Individual,Manual,First Owner
690ac17d56d1bc0093029724,Hyundai i20 1.4 Asta Option,2018,830000,40000,Diesel,Individual,Manual,First Owner
690ac17d56d1bc0093029725,Mahindra Quanto C6,2013,220000,110000,Diesel,Individual,Manual,First Owner
690ac17d56d1bc0093029726,Tata Indigo LX Dicor,2009,130000,50000,Diesel,Individual,Manual,First Owner
690ac17d56d1bc0093029727,Hyundai i20 1.2 Magna,2012,330000,44000,Petrol,Individual,Manual,First Owner
690ac17d56d1bc0093029728,Honda City 1.5 S MT,2010,254999,90000,Petrol,Individual,Manual,Second Owner
690ac17d56d1bc0093029729,Hyundai Verna 1.6 SX VTVT (O),2014,600000,50000,Petrol,Individual,Manual,Second Owner
690ac17d56d1bc009302972a,Hyundai i10 Magna,2012,210000,50000,Petrol,Individual,Manual,First Owner
690ac17d56d1bc009302972b,Maruti Zen Estilo 1.1 LXI BSIII,2007,120000,81366,Petrol,Individual,Manual,First Owner
690ac17d56d1bc009302972c,Maruti Esteem Vxi - BSIII,2006,95000,110000,Petrol,Individual,Manual,First Owner
690ac17d56d1bc009302972d,Toyota Innova 2.5 G (Diesel) 8 Seater BS IV,2006,229999,300000,Diesel,Individual,Manual,First Owner
690ac17d56d1bc009302972e,Hyundai Verna Transform VTVT,2010,229999,70000,Petrol,Individual,Manual,First Owner
690ac17d56d1bc009302972f,Hyundai i20 Magna Optional 1.4 CRDi,2013,400000,100000,Diesel,Individual,Manual,First Owner
690ac17d56d1bc0093029730,Maruti Gypsy King Hard Top Ambulance BSIV,2005,300000,70000,Petrol,Individual,Manual,Second Owner
690ac17d56d1bc0093029731,Ford Figo Diesel Celebration Edition,2013,300000,50000,Diesel,Individual,Manual,First Owner
690ac17d56d1bc0093029732,Ford Fiesta 1.4 SXi TDCi,2009,80000,180000,Diesel,Individual,Manual,Second Owner
690ac17d56d1bc0093029733,Maruti 800 AC,2008,80000,50000,Petrol,Individual,Manual,Second Owner
690ac17d56d1bc0093029734,Maruti Esteem Vxi,2007,100000,90000,Petrol,Individual,Manual,Second Owner
690ac17d56d1bc0093029735,Tata Indica Vista Quadrajet LS,2012,300000,110000,Diesel,Individual,Manual,First Owner
690ac17d56d1bc0093029736,Maruti Baleno Zeta Automatic,2018,700000,26000,Petrol,Individual,Automatic,First Owner
690ac17d56d1bc0093029737,Maruti Vitara Brezza ZDi Plus,2016,975000,65000,Diesel,Individual,Manual,First Owner
690ac17d56d1bc0093029738,Chevrolet Captiva LT,2009,500000,130000,Diesel,Individual,Manual,First Owner
690ac17d56d1bc0093029739,Renault Duster 85PS Diesel RxL Optional,2013,550000,75000,Diesel,Individual,Manual,Second Owner
690ac17d56d1bc009302973a,Nissan Terrano XV Premium 110 PS,2014,550000,110000,Diesel,Individual,Manual,Second Owner
690ac17d56d1bc009302973b,Maruti Alto K10 2010-2014 VXI,2014,240000,50000,Petrol,Individual,Manual,First Owner
690ac17d56d1bc009302973c,Maruti 800 Std,1997,50000,80000,Petrol,Individual,Manual,Second Owner
690ac17d56d1bc009302973d,Tata Indica Vista Aura 1.2 Safire,2009,120000,80000,Petrol,Individual,Manual,Second Owner
690ac17d56d1bc009302973e,Maruti Alto 800 LXI,2013,900000,60000,Petrol,Individual,Manual,Second Owner
690ac17d56d1bc009302973f,Honda City 1.5 V MT,2009,250000,90000,Petrol,Individual,Manual,Second Owner
690ac17d56d1bc0093029740,Renault KWID 1.0 RXT Optional,2017,280000,36000,Petrol,Individual,Manual,First Owner
690ac17d56d1bc0093029741,Tata Indica Vista Terra Quadrajet 1.3L BS IV,2010,85000,87000,Diesel,Individual,Manual,First Owner
690ac17d56d1bc0093029742,Tata Indica Vista Terra 1.4 TDI,2011,90000,80000,Diesel,Individual,Manual,First Owner
690ac17d56d1bc0093029743,Chevrolet Enjoy TCDi LT 8 Seater,2015,500000,50000,Diesel,Individual,Manual,First Owner
690ac17d56d1bc0093029744,Maruti 800 Std,2013,200000,60000,Petrol,Individual,Manual,First Owner
690ac17d56d1bc0093029745,Renault KWID RXT,2015,250000,50000,Petrol,Individual,Manual,First Owner
690ac17d56d1bc0093029746,Maruti Swift Dzire VDI,2014,185000,40000,Diesel,Individual,Manual,Third Owner
690ac17d56d1bc0093029747,Hyundai i10 Magna 1.1,2008,100000,60000,Petrol,Individual,Manual,Second Owner
690ac17d56d1bc0093029748,Toyota Etios VXD,2015,610000,55000,Diesel,Individual,Manual,First Owner
690ac17d56d1bc0093029749,Mahindra Quanto C8,2012,290000,80000,Diesel,Individual,Manual,First Owner
690ac17d56d1bc009302974a,Mahindra Xylo E9,2012,300000,295000,Diesel,Individual,Manual,First Owner
690ac17d56d1bc009302974b,Hyundai EON Era Plus,2015,225000,80000,Petrol,Individual,Manual,First Owner
690ac17d56d1bc009302974c,Maruti Alto K10 VXI,2017,320000,50000,Petrol,Individual,Manual,Second Owner
690ac17d56d1bc009302974d,Tata Indigo CR4,2012,135000,158000,Diesel,Individual,Manual,Third Owner
690ac17d56d1bc009302974e,Toyota Innova 2.5 G (Diesel) 7 Seater BS IV,2006,400000,400000,Diesel,Individual,Manual,Third Owner
690ac17d56d1bc009302974f,Maruti Wagon R VXI BS IV,2016,400000,25000,Petrol,Individual,Manual,First Owner
690ac17d56d1bc0093029750,Hyundai i20 Active 1.2 S,2017,570000,35000,Petrol,Individual,Manual,First Owner
690ac17d56d1bc0093029751,Maruti Ignis 1.2 Zeta BSIV,2018,500000,12000,Petrol,Individual,Manual,First Owner
690ac17d56d1bc0093029752,Maruti Omni MPI STD BSIV,2015,130000,70000,Petrol,Individual,Manual,First Owner
690ac17d56d1bc0093029753,Tata Tiago 1.2 Revotron XZ,2018,360000,4000,Petrol,Individual,Manual,First Owner
690ac17d56d1bc0093029754,Ford Figo Aspire 1.2 Ti-VCT Trend,2017,530000,10832,Petrol,Dealer,Manual,First Owner
690ac17d56d1bc0093029755,Hyundai i10 Era,2009,250000,50000,Petrol,Individual,Manual,First Owner
690ac17d56d1bc0093029756,Nissan Sunny XL,2016,600000,19495,Petrol,Dealer,Manual,First Owner
690ac17d56d1bc0093029757,Renault Duster 85PS Diesel RxL Plus,2013,570000,62668,Diesel,Dealer,Manual,First Owner
690ac17d56d1bc0093029758,Mahindra XUV500 W6 2WD,2013,850000,85710,Diesel,Dealer,Manual,First Owner
690ac17d56d1bc0093029759,Ford Figo Diesel EXI,2011,250000,55130,Diesel,Dealer,Manual,Second Owner
690ac17d56d1bc009302975a,Ford Ecosport 1.5 DV5 MT Titanium,2014,580000,63356,Diesel,Dealer,Manual,Second Owner
690ac17d56d1bc009302975b,Toyota Fortuner 3.0 Diesel,2012,1680000,129627,Diesel,Dealer,Manual,First Owner
690ac17d56d1bc009302975c,Chevrolet Spark 1.0 LT,2010,180000,15000,Petrol,Individual,Manual,First Owner
690ac17d56d1bc009302975d,Tata Tiago 1.2 Revotron XE,2017,300000,50000,Petrol,Individual,Manual,First Owner
690ac17d56d1bc009302975e,Toyota Etios Liva VX,2012,269000,70000,Petrol,Individual,Manual,Second Owner
690ac17d56d1bc009302975f,Maruti Alto K10 VXI,2018,231999,20000,Petrol,Individual,Manual,First Owner
690ac17d56d1bc0093029760,Chevrolet Beat LS,2011,150000,60000,Petrol,Individual,Manual,Third Owner
690ac17d56d1bc0093029761,Hyundai Grand i10 Asta Option,2017,495000,5000,Petrol,Individual,Manual,First Owner
690ac17d56d1bc0093029762,Maruti Ciaz VXi,2014,700000,15000,Petrol,Individual,Manual,First Owner
690ac17d56d1bc0093029763,Datsun GO Plus T BSIV,2018,400000,4400,Petrol,Individual,Manual,Second Owner
690ac17d56d1bc0093029764,Mahindra Xylo H4,2019,599000,15000,Diesel,Individual,Manual,Third Owner
690ac17d56d1bc0093029765,Renault Duster 85PS Diesel RxL Optional,2013,421000,45000,Diesel,Individual,Manual,First Owner
690ac17d56d1bc0093029766,Ford EcoSport 1.5 Diesel Trend BSIV,2018,841000,1000,Diesel,Individual,Manual,First Owner
690ac17d56d1bc0093029767,Hyundai i10 Magna 1.1L,2014,295000,38500,Petrol,Individual,Manual,First Owner
690ac17d56d1bc0093029768,Hyundai i10 Sportz,2011,220000,25000,Petrol,Individual,Manual,First Owner
690ac17d56d1bc0093029769,Ford Classic 1.4 Duratorq LXI,2013,250000,35000,Diesel,Individual,Manual,First Owner
690ac17d56d1bc009302976a,Toyota Fortuner 3.0 Diesel,2009,1100000,110000,Diesel,Individual,Manual,Second Owner
690ac17d56d1bc009302976b,Hyundai Verna 1.6 VTVT,2012,300000,40000,Petrol,Individual,Manual,First Owner
690ac17d56d1bc009302976c,Chevrolet Aveo U-VA 1.2,2007,80000,110000,Petrol,Individual,Manual,Second Owner
690ac17d56d1bc009302976d,Chevrolet Beat Diesel LT,2013,215000,20000,Diesel,Individual,Manual,Third Owner
690ac17d56d1bc009302976e,Hyundai EON Magna Plus,2012,245000,14987,Petrol,Dealer,Manual,First Owner
690ac17d56d1bc009302976f,Ford EcoSport 1.5 TDCi Titanium BSIV,2016,650000,25061,Diesel,Dealer,Manual,First Owner
690ac17d56d1bc0093029770,Ford Ecosport 1.5 Diesel Titanium,2017,760000,42494,Diesel,Dealer,Manual,First Owner
690ac17d56d1bc0093029771,Honda Amaze S i-Dtech,2014,395000,44875,Diesel,Dealer,Manual,First Owner
690ac17d56d1bc0093029772,Ford Figo Diesel EXI,2014,280000,89741,Diesel,Dealer,Manual,Second Owner
690ac17d56d1bc0093029773,Honda Jazz 1.5 S i DTEC,2016,495000,65000,Diesel,Dealer,Manual,First Owner
690ac17d56d1bc0093029774,Honda Jazz 1.5 VX i DTEC,2016,525000,35000,Diesel,Dealer,Manual,First Owner
690ac17d56d1bc0093029775,Toyota Innova 2.5 GX 8 STR BSIV,2009,420000,347089,Diesel,Dealer,Manual,First Owner
690ac17d56d1bc0093029776,Tata New Safari DICOR 2.2 VX 4x2,2010,210000,34500,Diesel,Individual,Manual,First Owner
690ac17d56d1bc0093029777,Hyundai i20 Active 1.2 S,2018,650000,30000,Petrol,Individual,Manual,First Owner
690ac17d56d1bc0093029778,BMW 3 Series 320d Luxury Line,2018,2300000,39000,Diesel,Individual,Automatic,First Owner
690ac17d56d1bc0093029779,Ford Freestyle Titanium Plus Diesel BSIV,2019,525000,16000,Diesel,Individual,Manual,First Owner
690ac17d56d1bc009302977a,Maruti Wagon R LXI CNG,2010,195000,80000,CNG,Individual,Manual,Second Owner
690ac17d56d1bc009302977b,Maruti Ertiga SHVS VDI,2016,650000,60000,Diesel,Individual,Manual,First Owner
690ac17d56d1bc009302977c,Mahindra TUV 300 T6 Plus,2015,540000,110000,Diesel,Individual,Manual,First Owner
690ac17d56d1bc009302977d,Maruti Alto 800 LXI,2014,180000,61000,Petrol,Individual,Manual,First Owner
690ac17d56d1bc009302977e,Mahindra Bolero Power Plus ZLX,2017,750000,29000,Diesel,Individual,Manual,First Owner
690ac17d56d1bc009302977f,Maruti Ertiga SHVS ZDI Plus,2018,980000,50000,Diesel,Individual,Manual,First Owner
690ac17d56d1bc0093029780,Fiat Grande Punto EVO 90HP 1.3 Sport,2014,250000,90000,Diesel,Individual,Manual,First Owner
690ac17d56d1bc0093029781,Hyundai Grand i10 1.2 Kappa Sportz AT,2018,550000,35000,Petrol,Individual,Automatic,First Owner
690ac17d56d1bc0093029782,Volkswagen Vento 1.6 Highline,2015,509999,43000,Petrol,Individual,Manual,Second Owner
690ac17d56d1bc0093029783,Maruti Alto K10 LXI,2017,320000,50000,Petrol,Individual,Manual,First Owner
690ac17d56d1bc0093029784,Hyundai EON D Lite,2016,275000,25000,Petrol,Individual,Manual,First Owner
690ac17d56d1bc0093029785,Mahindra XUV500 W8 2WD,2013,550000,222252,Diesel,Individual,Manual,First Owner
690ac17d56d1bc0093029786,Maruti Wagon R VXI Minor,2009,145000,50000,Petrol,Individual,Manual,Second Owner
690ac17d56d1bc0093029787,Fiat Grande Punto Emotion 90Hp,2013,250000,80000,Diesel,Individual,Manual,First Owner
690ac17d56d1bc0093029788,Hyundai Verna 1.6 SX,2012,520000,35000,Diesel,Individual,Manual,First Owner
690ac17d56d1bc0093029789,Maruti Alto LXi,2007,95000,85000,Petrol,Individual,Manual,Second Owner
690ac17d56d1bc009302978a,Toyota Innova 2.5 V Diesel 7-seater,2011,725000,110000,Diesel,Individual,Manual,Third Owner
690ac17d56d1bc009302978b,Maruti 800 AC,2006,55000,70000,Petrol,Individual,Manual,Second Owner
690ac17d56d1bc009302978c,Honda City i DTEC VX,2014,600000,100000,Diesel,Individual,Manual,First Owner
690ac17d56d1bc009302978d,Volkswagen Vento New Diesel Highline,2013,330000,120000,Diesel,Individual,Manual,Second Owner
690ac17d56d1bc009302978e,Maruti Swift Dzire VDI,2015,470000,89000,Diesel,Individual,Manual,First Owner
690ac17d56d1bc009302978f,Maruti Swift ZDi,2013,365000,120000,Diesel,Individual,Manual,First Owner
690ac17d56d1bc0093029790,Hyundai EON Magna Plus,2013,250000,40000,Petrol,Individual,Manual,Second Owner
690ac17d56d1bc0093029791,Maruti Wagon R VXI BS IV,2017,430000,17000,Petrol,Individual,Manual,First Owner
690ac17d56d1bc0093029792,Maruti Swift VDI,2013,400000,125000,Diesel,Individual,Manual,Second Owner
690ac17d56d1bc0093029793,Maruti Swift Dzire ZXI,2015,615000,110000,Petrol,Individual,Manual,Second Owner
690ac17d56d1bc0093029794,Ford Figo Diesel Titanium,2011,150000,120000,Diesel,Individual,Manual,Second Owner
690ac17d56d1bc0093029795,Ford Figo Diesel ZXI,2014,240000,90000,Diesel,Individual,Manual,First Owner
690ac17d56d1bc0093029796,Mahindra Scorpio S10 7 Seater,2014,800000,90000,Diesel,Individual,Manual,First Owner
690ac17d56d1bc0093029797,Hyundai EON LPG Magna Plus,2015,240000,110000,LPG,Individual,Manual,First Owner
690ac17d56d1bc0093029798,Ford Ecosport 1.5 DV5 MT Titanium,2014,600000,87000,Diesel,Individual,Manual,Second Owner
690ac17d56d1bc0093029799,Mahindra Scorpio LX,2014,800000,15000,Diesel,Individual,Manual,First Owner
690ac17d56d1bc009302979a,Hyundai EON 1.0 Kappa Magna Plus,2015,160000,70000,Petrol,Individual,Manual,First Owner
690ac17d56d1bc009302979b,Ford Fiesta Classic 1.6 Duratec CLXI,2012,350000,38000,Petrol,Individual,Manual,First Owner
690ac17d56d1bc009302979c,Honda City 1.5 V MT,2011,300000,64000,Petrol,Individual,Manual,Second Owner
690ac17d56d1bc009302979d,Tata Sumo Gold EX BSIII,2015,399000,55250,Diesel,Individual,Manual,First Owner
690ac17d56d1bc009302979e,Mahindra Bolero DI,2011,300000,110000,Diesel,Individual,Manual,First Owner
690ac17d56d1bc009302979f,Maruti A-Star AT VXI,2012,150000,70000,Petrol,Individual,Automatic,First Owner
690ac17d56d1bc00930297a0,Chevrolet Cruze LTZ,2010,320000,60000,Diesel,Individual,Manual,Third Owner
690ac17d56d1bc00930297a1,Tata Hexa XM,2018,1280000,17000,Diesel,Individual,Manual,First Owner
690ac17d56d1bc00930297a2,Renault KWID 1.0 RXT Optional,2017,300000,13000,Petrol,Individual,Manual,Second Owner
690ac17d56d1bc00930297a3,Nissan Terrano XL Plus ICC WT20 SE,2016,1000000,60000,Diesel,Individual,Manual,First Owner
690ac17d56d1bc00930297a4,Mitsubishi Pajero Sport 4X4,2012,1090000,120000,Diesel,Individual,Manual,Second Owner
690ac17d56d1bc00930297a5,Tata New Safari DICOR 2.2 GX 4x2 BS IV,2012,450000,97000,Diesel,Individual,Manual,Second Owner
690ac17d56d1bc00930297a6,Tata Indica GLS BS IV,2007,60000,130000,Petrol,Individual,Manual,Second Owner
690ac17d56d1bc00930297a7,Maruti Swift Dzire ZXI,2013,500000,50000,Petrol,Individual,Manual,First Owner
690ac17d56d1bc00930297a8,Tata Indigo CR4,2012,200000,120000,Diesel,Individual,Manual,Second Owner
690ac17d56d1bc00930297a9,Ford Ecosport 1.5 DV5 MT Titanium,2015,650000,68000,Diesel,Individual,Manual,First Owner
690ac17d56d1bc00930297aa,Maruti Alto LXi,2006,60000,100000,Petrol,Individual,Manual,Second Owner
690ac17d56d1bc00930297ab,Maruti Ertiga VDI,2013,250999,80000,Diesel,Individual,Manual,First Owner
690ac17d56d1bc00930297ac,Hyundai Accent Executive CNG,2012,185000,67000,CNG,Dealer,Manual,Second Owner
690ac17d56d1bc00930297ad,Maruti Alto K10 VXI,2015,155000,60000,Petrol,Individual,Manual,First Owner
690ac17d56d1bc00930297ae,Maruti Swift VXI,2019,600000,5000,Petrol,Individual,Manual,First Owner
690ac17d56d1bc00930297af,Renault KWID RXE,2016,300000,20000,Petrol,Individual,Manual,First Owner
690ac17d56d1bc00930297b0,Hyundai Creta 1.6 E Plus,2018,850000,12500,Petrol,Individual,Manual,First Owner
690ac17d56d1bc00930297b1,Maruti Eeco CNG 5 Seater AC BSIV,2019,470000,4000,CNG,Individual,Manual,First Owner
690ac17d56d1bc00930297b2,Ford Figo 1.2P Titanium MT,2019,600000,25000,Petrol,Individual,Manual,First Owner
690ac17d56d1bc00930297b3,Toyota Innova 2.5 G (Diesel) 7 Seater,2013,700000,70000,Diesel,Individual,Manual,Second Owner
690ac17d56d1bc00930297b4,Maruti Wagon R LXI DUO BSIII,2007,70000,162000,LPG,Individual,Manual,First Owner
690ac17d56d1bc00930297b5,Toyota Fortuner 3.0 Diesel,2010,1250000,205000,Diesel,Individual,Manual,Second Owner
690ac17d56d1bc00930297b6,Audi A6 2.8 FSI,2008,650000,70000,Petrol,Individual,Automatic,Third Owner
690ac17d56d1bc00930297b7,Hyundai Xcent 1.2 CRDi S,2018,450000,70000,Diesel,Individual,Manual,Second Owner
690ac17d56d1bc00930297b8,Mahindra XUV500 W8 2WD,2014,750000,100000,Diesel,Individual,Manual,Second Owner
690ac17d56d1bc00930297b9,Toyota Innova 2.5 G (Diesel) 7 Seater,2013,775000,70000,Diesel,Individual,Manual,Second Owner
690ac17d56d1bc00930297ba,Hyundai Santa Fe 4X4,2011,800000,220000,Diesel,Individual,Manual,First Owner
690ac17d56d1bc00930297bb,Honda Amaze E i-Vtech,2015,360000,80000,Petrol,Individual,Manual,Second Owner
690ac17d56d1bc00930297bc,Toyota Corolla Altis Diesel D4DG,2010,250000,120000,Diesel,Individual,Manual,First Owner
690ac17d56d1bc00930297bd,Jeep Compass 2.0 Longitude Option BSIV,2017,1490000,22038,Diesel,Individual,Manual,First Owner
690ac17d56d1bc00930297be,Nissan Terrano XL 110 PS,2013,600000,80000,Diesel,Individual,Manual,First Owner
690ac17d56d1bc00930297bf,Maruti Alto LX,2010,120000,90000,Petrol,Individual,Manual,First Owner
690ac17d56d1bc00930297c0,Tata New Safari DICOR 2.2 EX 4x2,2012,320000,140000,Diesel,Individual,Manual,Second Owner
690ac17d56d1bc00930297c1,Mahindra Thar 4X2,2011,400000,120000,Diesel,Individual,Manual,Second Owner
690ac17d56d1bc00930297c2,Maruti Swift Dzire ZDI,2015,302000,60000,Diesel,Individual,Manual,First Owner
690ac17d56d1bc00930297c3,Chevrolet Beat Diesel LT,2011,130000,80000,Diesel,Individual,Manual,Second Owner
690ac17d56d1bc00930297c4,Maruti Swift Dzire LXI Option,2014,150000,60000,Petrol,Individual,Manual,Second Owner
690ac17d56d1bc00930297c5,Tata Indica Vista Aura Plus 1.3 Quadrajet,2012,200000,90000,Diesel,Individual,Manual,Second Owner
690ac17d56d1bc00930297c6,Toyota Innova 2.5 G1 BSIV,2012,950000,80000,Diesel,Individual,Manual,First Owner
690ac17d56d1bc00930297c7,Maruti Swift Vdi BSIII,2008,120000,175000,Diesel,Individual,Manual,Second Owner
690ac17d56d1bc00930297c8,Mahindra XUV500 W7 BSIV,2019,1400000,10000,Diesel,Individual,Manual,First Owner
690ac17d56d1bc00930297c9,Hyundai i20 1.2 Asta Option,2017,620000,65000,Petrol,Individual,Manual,First Owner
690ac17d56d1bc00930297ca,Toyota Innova 2.5 GX 8 STR BSIV,2012,449000,90000,Diesel,Individual,Manual,First Owner
690ac17d56d1bc00930297cb,Maruti Alto LXi,2007,100000,70000,Petrol,Individual,Manual,First Owner
690ac17d56d1bc00930297cc,Hyundai Grand i10 1.2 Kappa Sportz BSIV,2018,600000,2500,Petrol,Individual,Manual,First Owner
690ac17d56d1bc00930297cd,Honda Amaze VX i-DTEC,2016,700000,35000,Diesel,Individual,Manual,First Owner
690ac17d56d1bc00930297ce,Chevrolet Beat Diesel LT,2012,250000,40000,Diesel,Individual,Manual,First Owner
690ac17d56d1bc00930297cf,Maruti Baleno RS 1.0 Petrol,2018,550000,63000,Petrol,Individual,Manual,First Owner
690ac17d56d1bc00930297d0,Skoda Superb Ambition 2.0 TDI CR AT,2013,675000,88000,Diesel,Dealer,Automatic,First Owner
690ac17d56d1bc00930297d1,Nissan Terrano XL Plus 85 PS,2015,530000,55000,Diesel,Dealer,Manual,First Owner
690ac17d56d1bc00930297d2,Chevrolet Enjoy TCDi LT 7 Seater,2014,325000,71014,Diesel,Dealer,Manual,First Owner
690ac17d56d1bc00930297d3,Renault Scala Diesel RxL,2015,370000,60000,Diesel,Dealer,Manual,First Owner
690ac17d56d1bc00930297d4,Skoda Rapid 1.5 TDI Ambition,2014,360000,70000,Diesel,Individual,Manual,First Owner
690ac17d56d1bc00930297d5,Skoda Superb LK 1.8 TSI AT,2012,650000,60000,Petrol,Dealer,Automatic,First Owner
690ac17d56d1bc00930297d6,Ford Fiesta 1.5 TDCi Titanium,2012,199000,92000,Diesel,Dealer,Manual,Third Owner
690ac17d56d1bc00930297d7,Mahindra Quanto C6,2014,285000,89126,Diesel,Individual,Manual,First Owner
690ac17d56d1bc00930297d8,Volkswagen Jetta 1.9 TDI Comfortline DSG,2009,260000,134000,Diesel,Individual,Automatic,First Owner
690ac17d56d1bc00930297d9,Maruti Ciaz 1.4 AT Zeta,2019,869999,15000,Petrol,Dealer,Automatic,First Owner
690ac17d56d1bc00930297da,Hyundai Grand i10 1.2 CRDi Magna,2016,425000,42500,Diesel,Dealer,Manual,First Owner
690ac17d56d1bc00930297db,Chevrolet Cruze LTZ AT,2012,490000,42000,Diesel,Dealer,Automatic,First Owner
690ac17d56d1bc00930297dc,Mahindra XUV500 AT W8 FWD,2015,750000,70000,Diesel,Individual,Automatic,Second Owner
690ac17d56d1bc00930297dd,Honda City 1.5 EXI,2004,125000,110000,Petrol,Individual,Manual,Third Owner
690ac17d56d1bc00930297de,Fiat Linea 1.3 Emotion,2014,221000,131365,Diesel,Individual,Manual,First Owner
690ac17d56d1bc00930297df,Volkswagen Vento 1.5 TDI Highline AT,2016,724000,48980,Diesel,Dealer,Automatic,First Owner
690ac17d56d1bc00930297e0,Honda Amaze VX AT i-Vtech,2014,440000,46000,Petrol,Dealer,Automatic,First Owner
690ac17d56d1bc00930297e1,Chevrolet Spark 1.0 LS,2009,70000,60000,Petrol,Individual,Manual,Third Owner
690ac17d56d1bc00930297e2,Maruti Baleno Delta Diesel,2015,511000,58000,Diesel,Dealer,Manual,First Owner
690ac17d56d1bc00930297e3,Maruti S-Cross Alpha DDiS 200 SH,2016,790000,22000,Diesel,Dealer,Manual,First Owner
690ac17d56d1bc00930297e4,Hyundai i20 1.2 Asta Option,2017,640000,37000,Petrol,Individual,Manual,First Owner
690ac17d56d1bc00930297e5,Hyundai Santro Xing GLS,2009,120000,70000,Petrol,Individual,Manual,Fourth & Above Owner
690ac17d56d1bc00930297e6,Chevrolet Beat Diesel LT,2012,126000,98900,Diesel,Individual,Manual,Third Owner
690ac17d56d1bc00930297e7,Chevrolet Beat Diesel LT,2012,120000,125000,Diesel,Individual,Manual,First Owner
690ac17d56d1bc00930297e8,Mahindra TUV 300 T4 Plus,2017,650000,60000,Diesel,Individual,Manual,First Owner
690ac17d56d1bc00930297e9,Hyundai Grand i10 Asta,2014,450000,80000,Petrol,Individual,Manual,Second Owner
690ac17d56d1bc00930297ea,Maruti Zen Estilo LXI Green (CNG),2010,110000,80000,CNG,Individual,Manual,Fourth & Above Owner
690ac17d56d1bc00930297eb,Mahindra Bolero Power Plus Plus AC BSIV PS,2017,600000,40000,Diesel,Individual,Manual,First Owner
690ac17d56d1bc00930297ec,Mahindra XUV500 W8 4WD,2012,620000,80000,Diesel,Individual,Manual,Second Owner
690ac17d56d1bc00930297ed,Ford Ecosport 1.5 DV5 MT Titanium,2014,600000,30000,Diesel,Individual,Manual,First Owner
690ac17d56d1bc00930297ee,Mahindra Bolero Power Plus ZLX,2018,795000,35000,Diesel,Individual,Manual,First Owner
690ac17d56d1bc00930297ef,Tata Winger Deluxe - Hi Roof (AC),2011,300000,180000,Diesel,Individual,Manual,Third Owner
690ac17d56d1bc00930297f0,Renault Lodgy 85PS RxL,2015,495000,60000,Diesel,Individual,Manual,First Owner
690ac17d56d1bc00930297f1,Audi A4 3.0 TDI Quattro,2013,1580000,86000,Diesel,Dealer,Automatic,First Owner
690ac17d56d1bc00930297f2,Audi Q3 2.0 TDI Quattro Premium Plus,2015,1750000,127643,Diesel,Dealer,Automatic,First Owner
690ac17d56d1bc00930297f3,Tata Hexa XTA,2018,1350000,34000,Diesel,Individual,Automatic,First Owner
690ac17d56d1bc00930297f4,Mahindra Xylo D4,2014,350000,145000,Diesel,Individual,Manual,First Owner
690ac17d56d1bc00930297f5,Datsun RediGO AMT 1.0 S,2018,300000,25000,Petrol,Individual,Automatic,First Owner
690ac17d56d1bc00930297f6,Tata Zest Revotron 1.2T XMS,2018,400000,54000,Petrol,Dealer,Manual,Second Owner
690ac17d56d1bc00930297f7,Audi A6 2.0 TDI  Design Edition,2014,1750000,102354,Diesel,Dealer,Automatic,First Owner
690ac17d56d1bc00930297f8,Maruti Zen LX,1999,70000,70000,Petrol,Individual,Manual,Fourth & Above Owner
690ac17d56d1bc00930297f9,Nissan Sunny XL D,2018,500000,70000,Diesel,Individual,Manual,First Owner
690ac17d56d1bc00930297fa,Audi Q3 35 TDI Quattro Technology,2017,2575000,36000,Diesel,Dealer,Automatic,First Owner
690ac17d56d1bc00930297fb,Honda Brio VX,2014,345000,58000,Petrol,Dealer,Manual,First Owner
690ac17d56d1bc00930297fc,Tata Indigo CR4,2013,220000,100000,Diesel,Individual,Manual,First Owner
690ac17d56d1bc00930297fd,Audi Q5 2.0 TFSI Quattro Premium Plus,2014,1850000,62237,Petrol,Dealer,Automatic,First Owner
690ac17d56d1bc00930297fe,Hyundai Santro Xing XL eRLX Euro III,2005,114999,90000,Petrol,Dealer,Manual,Second Owner
690ac17d56d1bc00930297ff,Maruti 800 AC,1999,50000,100000,Petrol,Individual,Manual,Second Owner
690ac17d56d1bc0093029800,Honda Jazz Select Edition,2017,585000,14000,Petrol,Dealer,Manual,First Owner
690ac17d56d1bc0093029801,Ford EcoSport 1.5 TDCi Titanium BSIV,2018,950000,21394,Diesel,Dealer,Manual,First Owner
690ac17d56d1bc0093029802,Maruti Swift Dzire AMT VXI,2018,625000,13800,Petrol,Individual,Automatic,First Owner
690ac17d56d1bc0093029803,Hyundai Creta 1.6 SX Automatic,2017,1035000,23000,Petrol,Dealer,Automatic,First Owner
690ac17d56d1bc0093029804,Datsun GO T Petrol,2015,310000,32686,Petrol,Dealer,Manual,First Owner
690ac17d56d1bc0093029805,Mahindra Xylo D4,2017,600000,99700,Diesel,Individual,Manual,First Owner
690ac17d56d1bc0093029806,Toyota Fortuner 2.8 4WD AT BSIV,2019,3100000,5000,Diesel,Individual,Automatic,First Owner
690ac17d56d1bc0093029807,Honda City i-DTEC SV,2014,650000,49654,Diesel,Dealer,Manual,First Owner
690ac17d56d1bc0093029808,Hyundai Grand i10 Asta,2016,550000,45457,Petrol,Dealer,Manual,First Owner
690ac17d56d1bc0093029809,Hyundai Creta 1.6 CRDi SX,2017,1260000,39221,Diesel,Dealer,Manual,First Owner
690ac17d56d1bc009302980a,Hyundai i20 Sportz 1.2,2016,660000,48220,Petrol,Dealer,Manual,First Owner
690ac17d56d1bc009302980b,Hyundai i20 Sportz 1.2,2017,700000,11114,Petrol,Dealer,Manual,First Owner
690ac17d56d1bc009302980c,Hyundai Getz 1.5 CRDi GVS,2008,235000,60208,Diesel,Dealer,Manual,First Owner
690ac17d56d1bc009302980d,Volkswagen Vento 1.5 TDI Highline,2013,475000,80000,Diesel,Dealer,Manual,First Owner
690ac17d56d1bc009302980e,Mercedes-Benz E-Class 280 CDI Elegance,2008,795000,98600,Diesel,Dealer,Automatic,First Owner
690ac17d56d1bc009302980f,Audi RS7 2015-2019 Sportback Performance,2016,8900000,13000,Petrol,Dealer,Automatic,First Owner
690ac17d56d1bc0093029810,Audi Q5 3.0 TDI Quattro Technology,2015,3200000,30000,Diesel,Dealer,Automatic,First Owner
690ac17d56d1bc0093029811,MG Hector Smart AT,2019,1860000,18000,Petrol,Dealer,Automatic,First Owner
690ac17d56d1bc0093029812,Land Rover Range Rover 4.4 Diesel LWB Vogue SE,2010,4200000,100000,Diesel,Dealer,Automatic,First Owner
690ac17d56d1bc0093029813,Honda City VX CVT,2015,850000,58000,Petrol,Dealer,Automatic,First Owner
690ac17d56d1bc0093029814,Mahindra Xylo D4,2017,585000,85441,Diesel,Dealer,Manual,First Owner
690ac17d56d1bc0093029815,Mahindra Verito 1.5 D4 BSIV,2015,380000,64541,Diesel,Dealer,Manual,First Owner
690ac17d56d1bc0093029816,Maruti Swift Dzire VDI,2019,650000,35000,Diesel,Individual,Manual,First Owner
690ac17d56d1bc0093029817,Maruti Swift ZXI Plus,2018,600000,30000,Petrol,Individual,Manual,First Owner
690ac17d56d1bc0093029818,Nissan Micra Active XV,2017,434999,16267,Petrol,Dealer,Manual,First Owner
690ac17d56d1bc0093029819,Volkswagen Vento 1.5 TDI Highline,2013,525000,71500,Diesel,Dealer,Manual,First Owner
690ac17d56d1bc009302981a,BMW 5 Series 520d Luxury Line,2019,4800000,12999,Diesel,Dealer,Automatic,First Owner
690ac17d56d1bc009302981b,Chevrolet Aveo U-VA 1.2 LS,2008,160000,80000,Petrol,Individual,Manual,First Owner
690ac17d56d1bc009302981c,Maruti Zen Estilo 1.1 LXI BSIII,2007,160000,90000,Petrol,Individual,Manual,Second Owner
690ac17d56d1bc009302981d,Chevrolet Spark 1.0 LT,2012,125000,28000,Petrol,Individual,Manual,First Owner
690ac17d56d1bc009302981e,Mahindra Bolero Power Plus Plus AC BSIV PS,2015,430000,200000,Diesel,Individual,Manual,First Owner
690ac17d56d1bc009302981f,Hyundai Creta 1.6 VTVT S,2017,900000,14700,Petrol,Individual,Manual,First Owner
690ac17d56d1bc0093029820,Maruti Alto LX,2000,61000,90000,Petrol,Individual,Manual,Second Owner
690ac17d56d1bc0093029821,Maruti Wagon R LXI BS IV,2017,400000,50000,Petrol,Individual,Manual,First Owner
690ac17d56d1bc0093029822,Hyundai Santro Xing XS,2009,150000,100000,Petrol,Individual,Manual,Second Owner
690ac17d56d1bc0093029823,Volkswagen Polo GT 1.0 TSI,2019,950000,24000,Petrol,Individual,Automatic,First Owner
690ac17d56d1bc0093029824,Tata Indigo CR4,2013,220000,100000,Diesel,Individual,Manual,First Owner
690ac17d56d1bc0093029825,Hyundai Getz GLX,2007,110000,90000,Petrol,Individual,Manual,First Owner
690ac17d56d1bc0093029826,Tata Bolt Revotron XM,2015,375000,30000,Petrol,Individual,Manual,First Owner
690ac17d56d1bc0093029827,Datsun GO Plus T Option,2017,350000,80000,Petrol,Individual,Manual,First Owner
690ac17d56d1bc0093029828,Hyundai i20 Magna 1.4 CRDi (Diesel),2012,310000,92686,Diesel,Dealer,Manual,Second Owner
690ac17d56d1bc0093029829,Tata Indica GLS BS IV,2010,90000,300000,Petrol,Individual,Manual,Third Owner
690ac17d56d1bc009302982a,Volkswagen Vento Petrol Highline,2011,350000,90000,Petrol,Individual,Manual,Second Owner
690ac17d56d1bc009302982b,Hyundai Santro LS zipPlus,2003,100000,60000,Petrol,Individual,Manual,First Owner
690ac17d56d1bc009302982c,Mahindra XUV500 AT W6 2WD,2017,1300000,40000,Diesel,Individual,Automatic,First Owner
690ac17d56d1bc009302982d,Maruti Wagon R LXI,2004,70000,90000,Petrol,Individual,Manual,Fourth & Above Owner
690ac17d56d1bc009302982e,Chevrolet Sail Hatchback LT ABS,2013,225000,80000,Diesel,Individual,Manual,First Owner
690ac17d56d1bc009302982f,Honda City 1.3 EXI,2002,145000,100000,Petrol,Individual,Manual,First Owner
690ac17d56d1bc0093029830,Ford EcoSport 1.5 Diesel Titanium Plus BSIV,2018,930000,20000,Diesel,Individual,Manual,First Owner
690ac17d56d1bc0093029831,Maruti Swift VXI,2019,550000,51000,Petrol,Individual,Manual,First Owner
690ac17d56d1bc0093029832,Maruti Alto LX BSIII,2008,85000,120000,Petrol,Individual,Manual,Second Owner
690ac17d56d1bc0093029833,Hyundai EON Era Plus Sports Edition,2014,280000,55000,Petrol,Individual,Manual,First Owner
690ac17d56d1bc0093029834,Hyundai EON Magna Plus,2018,360000,6000,Petrol,Individual,Manual,First Owner
690ac17d56d1bc0093029835,Maruti Alto LXi,2011,150000,40000,Petrol,Individual,Manual,Second Owner
690ac17d56d1bc0093029836,Skoda Rapid 1.6 MPI AT Ambition BSIV,2017,900000,15000,Petrol,Individual,Automatic,First Owner
690ac17d56d1bc0093029837,Ambassador CLASSIC 1500 DSL AC,2005,120000,50000,Diesel,Individual,Manual,Second Owner
690ac17d56d1bc0093029838,Fiat Linea T Jet Emotion,2010,215000,90000,Petrol,Individual,Manual,Second Owner
690ac17d56d1bc0093029839,Renault Scala Diesel RxL,2013,550000,38500,Diesel,Individual,Manual,First Owner
690ac17d56d1bc009302983a,Tata Nexon 1.2 Revotron XZ Plus Dual Tone,2018,775000,35000,Petrol,Individual,Manual,First Owner
690ac17d56d1bc009302983b,Maruti Gypsy King HT BSIV,2001,409999,49359,Petrol,Individual,Manual,Third Owner
690ac17d56d1bc009302983c,Maruti 800 AC Uniq,2005,65000,70000,Petrol,Individual,Manual,Second Owner
690ac17d56d1bc009302983d,Maruti Wagon R LXI Minor,2008,200000,90000,Petrol,Individual,Manual,Second Owner
690ac17d56d1bc009302983e,Maruti Wagon R VXI BS IV,2010,240000,50000,Petrol,Individual,Manual,Second Owner
690ac17d56d1bc009302983f,Toyota Innova 2.5 VX 8 STR,2012,800000,108731,Diesel,Individual,Manual,First Owner
690ac17d56d1bc0093029840,Toyota Innova 2.5 EV Diesel MS 7 Str BSIII,2010,400000,120000,Diesel,Individual,Manual,First Owner
690ac17d56d1bc0093029841,Tata Sumo Gold EX BSIII,2016,500000,60000,Diesel,Individual,Manual,First Owner
690ac17d56d1bc0093029842,Mahindra Renault Logan 1.5 DLX Diesel,2007,150000,90000,Diesel,Individual,Manual,Third Owner
690ac17d56d1bc0093029843,Toyota Etios GD,2014,500000,140000,Diesel,Individual,Manual,Second Owner
690ac17d56d1bc0093029844,Hyundai EON Magna Plus,2014,320000,80000,Petrol,Individual,Manual,First Owner
690ac17d56d1bc0093029845,Nissan Micra Diesel XV,2013,300000,90000,Diesel,Individual,Manual,First Owner
690ac17d56d1bc0093029846,Renault Lodgy Stepway 85PS RXZ 8S,2017,650000,40000,Diesel,Individual,Manual,First Owner
690ac17d56d1bc0093029847,Maruti Alto 800 LXI,2018,285000,14000,Petrol,Individual,Manual,First Owner
690ac17d56d1bc0093029848,Tata Aria Pleasure 4x2,2012,360000,70000,Diesel,Individual,Manual,Second Owner
690ac17d56d1bc0093029849,Honda Accord 2.4 MT,2009,450000,55000,Petrol,Individual,Manual,Second Owner
690ac17d56d1bc009302984a,Maruti Alto LXi,2011,175000,60000,Petrol,Individual,Manual,Third Owner
690ac17d56d1bc009302984b,Chevrolet Cruze LT,2011,350000,74000,Diesel,Individual,Manual,Second Owner
690ac17d56d1bc009302984c,Ford Figo Aspire 1.5 TDCi Titanium,2020,530000,45000,Diesel,Dealer,Manual,First Owner
690ac17d56d1bc009302984d,Honda City i-DTEC ZX,2017,1025000,38000,Diesel,Dealer,Manual,First Owner
690ac17d56d1bc009302984e,Honda BR-V i-DTEC VX MT,2017,950000,24000,Diesel,Dealer,Manual,First Owner
690ac17d56d1bc009302984f,Honda WR-V i-VTEC VX,2017,725000,29976,Petrol,Dealer,Manual,First Owner
690ac17d56d1bc0093029850,Honda City i VTEC VX,2017,919999,41000,Petrol,Dealer,Manual,First Owner
690ac17d56d1bc0093029851,Honda Jazz 1.5 V i DTEC,2018,700000,15000,Diesel,Dealer,Manual,First Owner
690ac17d56d1bc0093029852,Honda Jazz 1.5 VX i DTEC,2017,725000,36000,Diesel,Dealer,Manual,First Owner
690ac17d56d1bc0093029853,Honda BR-V i-VTEC VX MT,2017,840000,30646,Petrol,Dealer,Manual,First Owner
690ac17d56d1bc0093029854,Maruti Wagon R VXI BS IV,2015,365000,23600,Petrol,Dealer,Manual,First Owner
690ac17d56d1bc0093029855,Honda City i DTEC SV,2014,665000,71318,Diesel,Dealer,Manual,First Owner
690ac17d56d1bc0093029856,Maruti 800 Std,2003,50000,78098,Petrol,Individual,Manual,First Owner
690ac17d56d1bc0093029857,Hyundai EON Era Plus,2014,225000,30000,Petrol,Individual,Manual,First Owner
690ac17d56d1bc0093029858,Hyundai i10 Era,2012,229999,45000,Petrol,Individual,Manual,Second Owner
690ac17d56d1bc0093029859,Hyundai Santro Xing GL,2008,145000,67000,Petrol,Individual,Manual,First Owner
690ac17d56d1bc009302985a,Ford Figo Aspire Facelift,2018,624000,14681,Diesel,Dealer,Manual,First Owner
690ac17d56d1bc009302985b,Hyundai Verna 1.4 VTVT,2015,500000,25000,Petrol,Individual,Manual,First Owner
690ac17d56d1bc009302985c,Ford EcoSport 1.5 Ti VCT MT Titanium BSIV,2017,750000,18054,Petrol,Dealer,Manual,First Owner
690ac17d56d1bc009302985d,Honda City i DTEC VX,2015,785000,40000,Diesel,Individual,Manual,First Owner
690ac17d56d1bc009302985e,Hyundai i10 Sportz,2011,225000,30000,Petrol,Individual,Manual,First Owner
690ac17d56d1bc009302985f,Hyundai Xcent 1.1 CRDi Base,2017,300000,80000,Diesel,Individual,Manual,First Owner
690ac17d56d1bc0093029860,Hyundai i20 Asta 1.4 CRDi,2016,680000,20000,Diesel,Individual,Manual,First Owner
690ac17d56d1bc0093029861,Mahindra TUV 300 T8,2016,700000,40000,Diesel,Individual,Manual,First Owner
690ac17d56d1bc0093029862,Tata Indigo CS eLS BS IV,2011,180000,120000,Diesel,Individual,Manual,First Owner
690ac17d56d1bc0093029863,Ford Fiesta 1.4 SXi TDCi ABS,2008,270000,120000,Diesel,Individual,Manual,Second Owner
690ac17d56d1bc0093029864,Maruti Swift Dzire VXi,2010,370000,97000,Petrol,Individual,Manual,Second Owner
690ac17d56d1bc0093029865,Mahindra Xylo H8 ABS with Airbags,2018,1100000,70000,Diesel,Individual,Manual,First Owner
690ac17d56d1bc0093029866,Hyundai Accent CRDi,2004,120000,120000,Diesel,Individual,Manual,Second Owner
690ac17d56d1bc0093029867,Skoda Rapid 1.6 TDI PRESTIGE,2013,430000,88000,Diesel,Individual,Manual,Second Owner
690ac17d56d1bc0093029868,Maruti Swift ZDi,2014,550000,38406,Diesel,Dealer,Manual,First Owner
690ac17d56d1bc0093029869,Hyundai Santro Xing GLS,2014,320000,54350,Petrol,Dealer,Manual,First Owner
690ac17d56d1bc009302986a,Maruti Wagon R VXI BS IV,2015,390000,32260,Petrol,Dealer,Manual,First Owner
690ac17d56d1bc009302986b,Renault Duster 85PS Diesel RxE,2014,550000,58231,Diesel,Dealer,Manual,First Owner
690ac17d56d1bc009302986c,Maruti Swift VXI,2012,370000,59858,Petrol,Dealer,Manual,First Owner
690ac17d56d1bc009302986d,Maruti Alto LXi BSIII,2010,190000,73350,Petrol,Dealer,Manual,First Owner
690ac17d56d1bc009302986e,Renault Duster 110PS Diesel RxZ,2013,509999,88473,Diesel,Dealer,Manual,First Owner
690ac17d56d1bc009302986f,Honda City S,2013,450000,96987,Petrol,Dealer,Manual,First Owner
690ac17d56d1bc0093029870,Mercedes-Benz GLS 2016-2020 350d 4MATIC,2016,5500000,77350,Diesel,Dealer,Automatic,First Owner
690ac17d56d1bc0093029871,Maruti Swift Dzire VDI,2015,550000,61187,Diesel,Dealer,Manual,First Owner
690ac17d56d1bc0093029872,Mahindra Xylo E6,2009,400000,68350,Diesel,Dealer,Manual,First Owner
690ac17d56d1bc0093029873,Ford EcoSport 1.5 TDCi Titanium BSIV,2015,585000,81150,Diesel,Dealer,Manual,First Owner
690ac17d56d1bc0093029874,Hyundai Grand i10 1.2 Kappa Asta,2019,500000,30000,Petrol,Individual,Manual,First Owner
690ac17d56d1bc0093029875,Maruti Ciaz ZXi,2015,800000,30000,Petrol,Individual,Manual,First Owner
690ac17d56d1bc0093029876,Maruti Swift Vdi BSIII,2009,265000,120000,Diesel,Individual,Manual,Second Owner
690ac17d56d1bc0093029877,Ford Figo Diesel Titanium,2012,175000,180000,Diesel,Individual,Manual,First Owner
690ac17d56d1bc0093029878,Fiat Palio 1.2 Sport,2007,125000,50000,Petrol,Individual,Manual,Second Owner
690ac17d56d1bc0093029879,Tata Manza Aqua Quadrajet BS IV,2010,165000,80000,Diesel,Individual,Manual,First Owner
690ac17d56d1bc009302987a,Mahindra Verito 1.5 D2 BSIII,2011,150000,280000,Diesel,Individual,Manual,First Owner
690ac17d56d1bc009302987b,Hyundai Creta 1.6 CRDi SX Option,2015,1025000,90000,Diesel,Individual,Manual,Second Owner
690ac17d56d1bc009302987c,Toyota Innova 2.5 VX (Diesel) 8 Seater,2014,1030000,250000,Diesel,Individual,Manual,Second Owner
690ac17d56d1bc009302987d,Chevrolet Cruze LT,2012,380000,90000,Diesel,Individual,Manual,Fourth & Above Owner
690ac17d56d1bc009302987e,Maruti Swift Dzire LDi,2010,250000,110000,Diesel,Individual,Manual,Third Owner
690ac17d56d1bc009302987f,Maruti Zen LX,2000,85000,80000,Petrol,Individual,Manual,Second Owner
690ac17d56d1bc0093029880,Fiat Punto EVO 1.3 Dynamic,2016,500000,35000,Diesel,Individual,Manual,First Owner
690ac17d56d1bc0093029881,Hyundai EON Era Plus,2018,350000,15000,Petrol,Individual,Manual,First Owner
690ac17d56d1bc0093029882,Maruti Alto LXi BSIII,2010,190000,52000,Petrol,Individual,Manual,Second Owner
690ac17d56d1bc0093029883,Volkswagen Jetta 1.9 TDI Trendline,2009,940000,140000,Diesel,Individual,Manual,First Owner
690ac17d56d1bc0093029884,Maruti Swift VXI,2013,475000,60000,Petrol,Individual,Manual,Second Owner
690ac17d56d1bc0093029885,Maruti Alto 800 LXI,2018,300000,17000,Petrol,Individual,Manual,First Owner
690ac17d56d1bc0093029886,Chevrolet Beat LS,2016,250000,70000,Petrol,Individual,Manual,Third Owner
690ac17d56d1bc0093029887,Maruti Zen LX,2001,93000,97000,Petrol,Individual,Manual,Fourth & Above Owner
690ac17d56d1bc0093029888,Ford Figo Diesel ZXI,2012,290000,125000,Diesel,Individual,Manual,Second Owner
690ac17d56d1bc0093029889,Tata Indica GLS BS IV,2010,75000,300000,Petrol,Individual,Manual,Third Owner
690ac17d56d1bc009302988a,Mahindra XUV500 W8 2WD,2015,1000000,120000,Diesel,Individual,Manual,Second Owner
690ac17d56d1bc009302988b,Hyundai i20 Asta 1.4 CRDi,2015,550000,87000,Diesel,Individual,Manual,First Owner
690ac17d56d1bc009302988c,Fiat Punto 1.3 Emotion,2010,285000,75000,Diesel,Individual,Manual,Third Owner
690ac17d56d1bc009302988d,Tata Indigo Grand Petrol,2014,240000,60000,Petrol,Individual,Manual,Second Owner
690ac17d56d1bc009302988e,Hyundai Creta 1.6 VTVT S,2015,850000,25000,Petrol,Individual,Manual,First Owner
690ac17d56d1bc009302988f,Hyundai i20 Active 1.2 SX,2016,650000,26000,Petrol,Individual,Manual,First Owner
690ac17d56d1bc0093029890,Maruti Celerio Green VXI,2017,365000,78000,CNG,Individual,Manual,First Owner
690ac17d56d1bc0093029891,Hyundai i20 Active 1.2 SX,2016,650000,26000,Petrol,Individual,Manual,First Owner
690ac17d56d1bc0093029892,Chevrolet Sail 1.2 Base,2015,260000,35000,Petrol,Individual,Manual,First Owner
690ac17d56d1bc0093029893,Tata Indigo Grand Petrol,2014,250000,100000,Petrol,Individual,Manual,First Owner
690ac17d56d1bc0093029894,Tata New Safari 4X2,2007,550000,80000,Petrol,Individual,Manual,Second Owner
690ac17d56d1bc0093029895,Maruti Wagon R LXI,2004,70000,90000,Petrol,Individual,Manual,Fourth & Above Owner
690ac17d56d1bc0093029896,Chevrolet Sail Hatchback LT ABS,2013,225000,80000,Diesel,Individual,Manual,First Owner
690ac17d56d1bc0093029897,Honda City 1.3 EXI,2002,145000,100000,Petrol,Individual,Manual,First Owner
690ac17d56d1bc0093029898,Ford EcoSport 1.5 Diesel Titanium Plus BSIV,2018,930000,20000,Diesel,Individual,Manual,First Owner
690ac17d56d1bc0093029899,Maruti Swift VXI,2019,550000,51000,Petrol,Individual,Manual,First Owner
690ac17d56d1bc009302989a,Maruti Alto LX BSIII,2008,85000,120000,Petrol,Individual,Manual,Second Owner
690ac17d56d1bc009302989b,Hyundai EON Era Plus Sports Edition,2014,280000,55000,Petrol,Individual,Manual,First Owner
690ac17d56d1bc009302989c,Hyundai EON Magna Plus,2018,360000,6000,Petrol,Individual,Manual,First Owner
690ac17d56d1bc009302989d,Maruti Alto LXi,2011,150000,40000,Petrol,Individual,Manual,Second Owner
690ac17d56d1bc009302989e,Skoda Rapid 1.6 MPI AT Ambition BSIV,2017,900000,15000,Petrol,Individual,Automatic,First Owner
690ac17d56d1bc009302989f,Ambassador CLASSIC 1500 DSL AC,2005,120000,50000,Diesel,Individual,Manual,Second Owner
690ac17d56d1bc00930298a0,Fiat Linea T Jet Emotion,2010,215000,90000,Petrol,Individual,Manual,Second Owner
690ac17d56d1bc00930298a1,Renault Scala Diesel RxL,2013,550000,38500,Diesel,Individual,Manual,First Owner
690ac17d56d1bc00930298a2,Tata Nexon 1.2 Revotron XZ Plus Dual Tone,2018,775000,35000,Petrol,Individual,Manual,First Owner
690ac17d56d1bc00930298a3,Maruti Gypsy King HT BSIV,2001,409999,49359,Petrol,Individual,Manual,Third Owner
690ac17d56d1bc00930298a4,Maruti 800 AC Uniq,2005,65000,70000,Petrol,Individual,Manual,Second Owner
690ac17d56d1bc00930298a5,Maruti Wagon R LXI Minor,2008,200000,90000,Petrol,Individual,Manual,Second Owner
690ac17d56d1bc00930298a6,Maruti Wagon R VXI BS IV,2010,240000,50000,Petrol,Individual,Manual,Second Owner
690ac17d56d1bc00930298a7,Toyota Innova 2.5 VX 8 STR,2012,800000,108731,Diesel,Individual,Manual,First Owner
690ac17d56d1bc00930298a8,Toyota Innova 2.5 EV Diesel MS 7 Str BSIII,2010,400000,120000,Diesel,Individual,Manual,First Owner
690ac17d56d1bc00930298a9,Maruti Wagon R VXI BSIII,2012,229999,40000,Petrol,Individual,Manual,Second Owner
690ac17d56d1bc00930298aa,Ford Ecosport 1.5 DV5 MT Titanium,2014,580000,120000,Diesel,Individual,Manual,First Owner
690ac17d56d1bc00930298ab,Toyota Corolla H2,2005,175000,100000,Petrol,Individual,Manual,Fourth & Above Owner
690ac17d56d1bc00930298ac,Maruti Ritz VDi,2012,250000,110000,Diesel,Individual,Manual,Fourth & Above Owner
690ac17d56d1bc00930298ad,Hyundai EON Magna Plus,2014,320000,80000,Petrol,Individual,Manual,First Owner
690ac17d56d1bc00930298ae,Nissan Micra Diesel XV,2013,300000,90000,Diesel,Individual,Manual,First Owner
690ac17d56d1bc00930298af,Mahindra TUV 300 mHAWK100 T8,2017,800000,60000,Diesel,Individual,Manual,First Owner
690ac17d56d1bc00930298b0,Hyundai Verna SX AT Diesel,2009,245000,75000,Diesel,Dealer,Automatic,First Owner
690ac17d56d1bc00930298b1,Hyundai EON Magna Plus,2018,300000,20000,Petrol,Individual,Manual,First Owner
690ac17d56d1bc00930298b2,Hyundai Xcent 1.2 CRDi E,2017,350000,80000,Diesel,Individual,Manual,First Owner
690ac17d56d1bc00930298b3,Maruti Zen LX - BS III,2006,70000,105700,Petrol,Individual,Manual,First Owner
690ac17d56d1bc00930298b4,Maruti Celerio VXI Optional,2017,430999,14000,Petrol,Dealer,Manual,First Owner
690ac17d56d1bc00930298b5,Chevrolet Spark 1.0,2010,80000,70000,Petrol,Individual,Manual,First Owner
690ac17d56d1bc00930298b6,Maruti Alto 800 LXI Optional,2019,335000,28000,Petrol,Dealer,Manual,First Owner
690ac17d56d1bc00930298b7,Maruti Eeco 7 Seater Standard BSIV,2017,350000,51000,Petrol,Dealer,Manual,First Owner
690ac17d56d1bc00930298b8,Maruti Alto 800 LXI Opt BSIV,2018,315000,56000,Petrol,Dealer,Manual,First Owner
690ac17d56d1bc00930298b9,Volkswagen Vento 1.5 TDI Highline Plus AT BSIV,2019,1100000,35000,Diesel,Individual,Automatic,First Owner
690ac17d56d1bc00930298ba,Maruti Esteem Lxi - BSIII,2005,80000,24000,Petrol,Individual,Manual,First Owner
690ac17d56d1bc00930298bb,Maruti Alto K10 VXI Optional,2014,285000,64000,Petrol,Dealer,Manual,Second Owner
690ac17d56d1bc00930298bc,Tata Indigo TDI,2009,100000,120000,Diesel,Individual,Manual,Third Owner
690ac17d56d1bc00930298bd,Maruti Alto LXi,2011,225000,37091,Petrol,Individual,Manual,First Owner
690ac17d56d1bc00930298be,Volvo XC 90 D5 Inscription BSIV,2017,4500000,80000,Diesel,Individual,Automatic,First Owner
690ac17d56d1bc00930298bf,Maruti Alto K10 VXI,2018,320000,38900,Petrol,Individual,Manual,Third Owner
690ac17d56d1bc00930298c0,Hyundai Creta 1.6 CRDi SX Plus,2016,1249000,60000,Diesel,Individual,Manual,Third Owner
690ac17d56d1bc00930298c1,Maruti Wagon R LXI Minor,2008,120000,110000,Petrol,Individual,Manual,Third Owner
690ac17d56d1bc00930298c2,Volkswagen Vento Diesel Trendline,2011,200000,100000,Diesel,Individual,Manual,Second Owner
690ac17d56d1bc00930298c3,Hyundai Creta 1.6 CRDi SX,2016,1151000,85000,Diesel,Individual,Manual,First Owner
690ac17d56d1bc00930298c4,Tata Indica Vista Quadrajet LS,2012,120000,140000,Diesel,Individual,Manual,First Owner
690ac17d56d1bc00930298c5,Renault KWID RXT,2017,220000,20000,Petrol,Individual,Manual,First Owner
690ac17d56d1bc00930298c6,Tata Nexon 1.2 Revotron XZ Plus Dual Tone,2017,750000,15000,Petrol,Individual,Manual,First Owner
690ac17d56d1bc00930298c7,Mahindra TUV 300 T10 Dual Tone,2018,784000,40000,Diesel,Individual,Manual,First Owner
690ac17d56d1bc00930298c8,Honda Jazz 1.2 S i VTEC,2017,500000,50000,Petrol,Individual,Manual,First Owner
690ac17d56d1bc00930298c9,Hyundai EON Era Plus,2018,350000,20000,Petrol,Individual,Manual,First Owner
690ac17d56d1bc00930298ca,Mahindra XUV500 W7 AT BSIV,2018,1400000,50000,Diesel,Individual,Automatic,First Owner
690ac17d56d1bc00930298cb,Mahindra Thar CRDe AC,2014,600000,100000,Diesel,Individual,Manual,Second Owner
690ac17d56d1bc00930298cc,Hyundai Grand i10 1.2 Kappa Magna BSIV,2019,525000,9400,Petrol,Individual,Manual,First Owner
690ac17d56d1bc00930298cd,Ford EcoSport 1.5 Diesel Titanium Plus BSIV,2017,930000,12000,Diesel,Individual,Manual,First Owner
690ac17d56d1bc00930298ce,Maruti Eeco 5 STR With AC Plus HTR CNG,2017,440000,14100,CNG,Dealer,Manual,First Owner
690ac17d56d1bc00930298cf,Maruti Celerio ZXI,2016,434999,21000,Petrol,Dealer,Manual,First Owner
690ac17d56d1bc00930298d0,Hyundai i10 Magna,2011,250000,28000,Petrol,Dealer,Manual,First Owner
690ac17d56d1bc00930298d1,Maruti Ertiga SHVS ZDI Plus,2017,940000,35000,Diesel,Dealer,Manual,First Owner
690ac17d56d1bc00930298d2,Hyundai Verna 1.6 CRDi AT SX,2017,1050000,31000,Diesel,Dealer,Automatic,First Owner
690ac17d56d1bc00930298d3,Maruti Ertiga SHVS ZDI,2016,825000,58000,Diesel,Dealer,Manual,First Owner
690ac17d56d1bc00930298d4,Maruti Wagon R VXI Minor,2012,229999,25000,Petrol,Individual,Manual,First Owner
690ac17d56d1bc00930298d5,Hyundai i20 1.2 Asta,2011,375000,72000,Petrol,Dealer,Manual,First Owner
690ac17d56d1bc00930298d6,Maruti Ertiga ZDI,2013,640000,89000,Diesel,Dealer,Manual,First Owner
690ac17d56d1bc00930298d7,Toyota Innova 2.5 V Diesel 8-seater,2012,800000,160000,Diesel,Dealer,Manual,First Owner
690ac17d56d1bc00930298d8,Ford Figo Petrol ZXI,2012,130000,30000,Petrol,Individual,Manual,Third Owner
690ac17d56d1bc00930298d9,Hyundai i10 Sportz 1.1L,2014,300000,37555,Petrol,Dealer,Manual,First Owner
690ac17d56d1bc00930298da,Maruti Wagon R VXI BS IV,2018,440000,14000,Petrol,Dealer,Manual,First Owner
690ac17d56d1bc00930298db,Maruti Ertiga VXI CNG,2014,595000,56600,CNG,Dealer,Manual,First Owner
690ac17d56d1bc00930298dc,Mahindra Scorpio EX,2013,450000,110000,Diesel,Individual,Manual,First Owner
690ac17d56d1bc00930298dd,Maruti Vitara Brezza VDi Option,2017,690000,50000,Diesel,Individual,Manual,First Owner
690ac17d56d1bc00930298de,Maruti Alto 800 VXI,2019,300000,5000,Petrol,Individual,Manual,First Owner
690ac17d56d1bc00930298df,Chevrolet Sail 1.2 Base,2014,170000,100000,Petrol,Individual,Manual,Second Owner
690ac17d56d1bc00930298e0,Toyota Etios Liva GD SP,2012,280000,120000,Diesel,Individual,Manual,First Owner
690ac17d56d1bc00930298e1,Maruti Swift VXI BSIII,2009,220000,67580,Petrol,Individual,Manual,Second Owner
690ac17d56d1bc00930298e2,Hyundai Santro Xing GLS,2009,140000,100000,Petrol,Individual,Manual,Third Owner
690ac17d56d1bc00930298e3,Maruti Esteem Lxi,2004,45000,60000,Petrol,Individual,Manual,First Owner
690ac17d56d1bc00930298e4,Ford Figo Diesel Titanium,2014,200000,125000,Diesel,Individual,Manual,Second Owner
690ac17d56d1bc00930298e5,Mahindra Scorpio 2.6 Turbo 7 Str,2008,325000,120000,Diesel,Individual,Manual,Second Owner
690ac17d56d1bc00930298e6,Hyundai Verna CRDi SX,2010,300000,130000,Diesel,Individual,Manual,Second Owner
690ac17d56d1bc00930298e7,Maruti 800 AC,2009,120000,250000,Petrol,Individual,Manual,Second Owner
690ac17d56d1bc00930298e8,Hyundai Creta 1.6 CRDi SX,2016,535000,52600,Diesel,Individual,Manual,First Owner
690ac17d56d1bc00930298e9,Honda City i DTEC S,2014,520000,82000,Diesel,Individual,Manual,First Owner
690ac17d56d1bc00930298ea,Hyundai Grand i10 1.2 Kappa Magna AT,2017,550000,19890,Petrol,Dealer,Automatic,First Owner
690ac17d56d1bc00930298eb,Mahindra Verito Vibe 1.5 dCi D6,2015,280000,40000,Diesel,Individual,Manual,First Owner
690ac17d56d1bc00930298ec,Nissan Sunny XL D,2013,225000,78000,Diesel,Dealer,Manual,First Owner
690ac17d56d1bc00930298ed,Ford EcoSport 1.5 Petrol Titanium Plus AT BSIV,2015,750000,48238,Petrol,Trustmark Dealer,Automatic,First Owner
690ac17d56d1bc00930298ee,Hyundai i20 1.2 Magna Executive,2016,535000,38365,Petrol,Dealer,Manual,First Owner
690ac17d56d1bc00930298ef,Mahindra XUV500 W10 1.99 mHawk,2016,1250000,23670,Diesel,Trustmark Dealer,Manual,First Owner
690ac17d56d1bc00930298f0,Maruti Baleno Zeta 1.2,2017,650000,49834,Petrol,Trustmark Dealer,Manual,First Owner
690ac17d56d1bc00930298f1,Honda Brio S MT,2013,295000,57353,Petrol,Trustmark Dealer,Manual,First Owner
690ac17d56d1bc00930298f2,Maruti Swift DDiS VDI,2015,480000,68308,Diesel,Trustmark Dealer,Manual,First Owner
690ac17d56d1bc00930298f3,Honda City i DTEC SV,2015,575000,63240,Diesel,Trustmark Dealer,Manual,First Owner
690ac17d56d1bc00930298f4,Mahindra Scorpio 1.99 S4,2016,509999,60000,Diesel,Individual,Manual,First Owner
690ac17d56d1bc00930298f5,Maruti Alto LXi,2008,69000,100000,Petrol,Individual,Manual,First Owner
690ac17d56d1bc00930298f6,Tata Manza Aura Safire BS IV,2013,200000,60000,Petrol,Individual,Manual,First Owner
690ac17d56d1bc00930298f7,Toyota Innova 2.5 GX 8 STR BSIV,2012,449000,90000,Diesel,Individual,Manual,First Owner
690ac17d56d1bc00930298f8,Tata Harrier XE,2020,426000,1000,Diesel,Individual,Manual,First Owner
690ac17d56d1bc00930298f9,Ford Ecosport 1.5 Petrol Ambiente,2017,650000,6000,Petrol,Individual,Manual,First Owner
690ac17d56d1bc00930298fa,Tata Tiago 1.05 Revotorq XM,2017,260000,50000,Diesel,Individual,Manual,First Owner
690ac17d56d1bc00930298fb,Mahindra Bolero Power Plus Plus AC BSIV PS,2015,295000,90000,Diesel,Individual,Manual,Third Owner
690ac17d56d1bc00930298fc,Maruti Eeco 5 Seater AC BSIV,2017,260000,30000,Petrol,Dealer,Manual,First Owner
690ac17d56d1bc00930298fd,Tata Indica Vista Quadrajet LS,2012,120000,140000,Diesel,Individual,Manual,First Owner
690ac17d56d1bc00930298fe,Hyundai Verna SX,2007,155000,65000,Petrol,Dealer,Manual,First Owner
690ac17d56d1bc00930298ff,Honda Jazz 1.5 VX i DTEC,2015,450000,38000,Diesel,Individual,Manual,First Owner
690ac17d56d1bc0093029900,Tata New Safari DICOR 2.2 GX 4x2 BS IV,2012,320000,80000,Diesel,Individual,Manual,First Owner
690ac17d56d1bc0093029901,Hyundai Verna i (Petrol),2007,123000,50000,Petrol,Individual,Manual,Second Owner
690ac17d56d1bc0093029902,Hyundai Santro Xing XO,2006,80000,110000,Petrol,Individual,Manual,First Owner
690ac17d56d1bc0093029903,Maruti SX4 Celebration Petrol,2012,220000,90000,Petrol,Individual,Manual,Second Owner
690ac17d56d1bc0093029904,Hyundai i20 Active S Diesel,2018,650000,37000,Diesel,Dealer,Manual,First Owner
690ac17d56d1bc0093029905,Maruti Alto 800 LXI,2018,285000,30000,Petrol,Dealer,Manual,First Owner
690ac17d56d1bc0093029906,Honda Amaze V CVT Petrol BSIV,2018,725000,26000,Petrol,Dealer,Automatic,First Owner
690ac17d56d1bc0093029907,Tata Indica Vista Aqua 1.2 Safire BSIV,2010,97000,128000,Petrol,Individual,Manual,First Owner
690ac17d56d1bc0093029908,Maruti Ciaz ZXi,2016,625000,30000,Petrol,Dealer,Manual,First Owner
690ac17d56d1bc0093029909,Hyundai i20 Active SX Petrol,2016,550000,23000,Petrol,Dealer,Manual,First Owner
690ac17d56d1bc009302990a,Tata Indigo CR4,2012,130000,120000,Diesel,Individual,Manual,First Owner
690ac17d56d1bc009302990b,Hyundai i10 Magna,2012,240000,40000,Petrol,Dealer,Manual,First Owner
690ac17d56d1bc009302990c,Nissan Terrano XL 85 PS,2014,600000,27000,Diesel,Dealer,Manual,First Owner
690ac17d56d1bc009302990d,Tata New Safari DICOR 2.2 EX 4x2,2012,350000,65000,Diesel,Dealer,Manual,First Owner
690ac17d56d1bc009302990e,Hyundai EON Magna Plus,2015,245000,32000,Petrol,Dealer,Manual,First Owner
690ac17d56d1bc009302990f,Maruti Swift 1.3 VXi,2009,199000,52536,Petrol,Individual,Manual,First Owner
690ac17d56d1bc0093029910,Mahindra Xylo E4,2011,330000,100000,Diesel,Individual,Manual,Second Owner
690ac17d56d1bc0093029911,Maruti Ritz VXI,2009,150000,80000,Petrol,Individual,Manual,First Owner
690ac17d56d1bc0093029912,Hyundai Creta 1.6 CRDi SX,2016,927999,90000,Diesel,Individual,Manual,First Owner
690ac17d56d1bc0093029913,Maruti Zen LXI,2003,70000,60000,Petrol,Individual,Manual,Fourth & Above Owner
690ac17d56d1bc0093029914,Hyundai Xcent 1.2 CRDi SX,2015,399000,55000,Diesel,Dealer,Manual,First Owner
690ac17d56d1bc0093029915,Maruti Swift VDI Optional,2015,350000,90000,Diesel,Individual,Manual,First Owner
690ac17d56d1bc0093029916,Mahindra Scorpio 2.6 CRDe,2006,125000,50000,Diesel,Individual,Manual,Second Owner
690ac17d56d1bc0093029917,Hyundai Santro Xing XS,2008,150000,90000,Petrol,Individual,Manual,Second Owner
690ac17d56d1bc0093029918,Hyundai EON Era Plus,2015,250000,25000,Petrol,Individual,Manual,First Owner
690ac17d56d1bc0093029919,Hyundai Verna 1.6 SX CRDi (O),2014,675000,61000,Diesel,Dealer,Manual,First Owner
690ac17d56d1bc009302991a,Maruti S-Cross Alpha DDiS 200 SH,2018,950000,30000,Diesel,Individual,Manual,First Owner
690ac17d56d1bc009302991b,Maruti Eeco 5 STR With AC Plus HTR CNG,2018,409999,45000,CNG,Individual,Manual,First Owner
690ac17d56d1bc009302991c,Fiat Linea Emotion (Diesel),2011,225000,60000,Diesel,Individual,Manual,First Owner
690ac17d56d1bc009302991d,Honda Civic 1.8 V MT,2008,350000,75000,Petrol,Individual,Manual,Second Owner
690ac17d56d1bc009302991e,Tata Indica LSI,2005,51111,140000,Petrol,Individual,Manual,Third Owner
690ac17d56d1bc009302991f,Chevrolet Sail 1.3 LS,2013,290000,56000,Diesel,Dealer,Manual,First Owner
690ac17d56d1bc0093029920,Toyota Camry Hybrid,2006,310000,62000,Electric,Dealer,Automatic,Second Owner
690ac17d56d1bc0093029921,Hyundai Verna CRDi SX,2007,212000,58000,Diesel,Dealer,Manual,Second Owner
690ac17d56d1bc0093029922,Skoda Octavia Elegance 2.0 TDI AT,2013,900000,49000,Diesel,Dealer,Automatic,Second Owner
690ac17d56d1bc0093029923,Chevrolet Beat Diesel LT,2011,221000,56000,Diesel,Dealer,Manual,Second Owner
690ac17d56d1bc0093029924,Toyota Innova 2.5 G (Diesel) 7 Seater,2013,675000,73000,Diesel,Dealer,Manual,First Owner
690ac17d56d1bc0093029925,Honda Amaze S i-Dtech,2014,421000,69000,Diesel,Dealer,Manual,First Owner
690ac17d56d1bc0093029926,Maruti SX4 Zxi BSIII,2008,350000,10000,Petrol,Individual,Manual,First Owner
690ac17d56d1bc0093029927,Hyundai Accent Executive CNG,2010,140000,110000,CNG,Individual,Manual,First Owner
690ac17d56d1bc0093029928,Skoda Octavia Ambiente 1.9 TDI MT,2002,90000,116000,Diesel,Individual,Manual,Second Owner
690ac17d56d1bc0093029929,Honda City Edge Edition Diesel SV,2018,830000,40000,Diesel,Individual,Manual,First Owner
690ac17d56d1bc009302992a,Maruti Wagon R LXI Minor,2009,180000,30000,Petrol,Individual,Manual,First Owner
690ac17d56d1bc009302992b,Maruti Swift Vdi BSIII,2009,210000,109000,Diesel,Individual,Manual,Second Owner
690ac17d56d1bc009302992c,Maruti SX4 S Cross DDiS 320 Zeta,2017,700000,90000,Diesel,Individual,Manual,First Owner
690ac17d56d1bc009302992d,Tata Nano Cx BSIII,2014,45000,7000,Petrol,Individual,Manual,Second Owner
690ac17d56d1bc009302992e,Tata Indigo LX,2012,125000,120000,Diesel,Individual,Manual,First Owner
690ac17d56d1bc009302992f,Hyundai Verna 1.6 VTVT S,2017,530000,64916,Petrol,Individual,Manual,First Owner
690ac17d56d1bc0093029930,Ford Ecosport 1.5 DV5 MT Trend,2018,800000,37161,Diesel,Dealer,Manual,First Owner
690ac17d56d1bc0093029931,Maruti Baleno Zeta 1.2,2016,580000,15000,Petrol,Individual,Manual,First Owner
690ac17d56d1bc0093029932,Audi Q3 2.0 TDI Quattro Premium Plus,2012,1400000,118000,Diesel,Individual,Automatic,Second Owner
690ac17d56d1bc0093029933,Renault KWID 1.0 RXL,2018,300000,50852,Petrol,Individual,Manual,First Owner
690ac17d56d1bc0093029934,Renault KWID RXT Optional,2016,300000,30000,Petrol,Individual,Manual,First Owner
690ac17d56d1bc0093029935,Maruti Ciaz ZDi SHVS,2015,700000,77000,Diesel,Individual,Manual,First Owner
690ac17d56d1bc0093029936,Nissan Sunny XL,2012,250000,70000,Petrol,Individual,Manual,Third Owner
690ac17d56d1bc0093029937,Chevrolet Tavera Neo 3 9 Str BSIII,2016,500000,120000,Diesel,Individual,Manual,First Owner
690ac17d56d1bc0093029938,Honda Accord 2.4 AT,2009,428000,40000,Petrol,Individual,Automatic,Third Owner
690ac17d56d1bc0093029939,Tata Harrier XZ BSIV,2019,1400000,33000,Diesel,Individual,Manual,First Owner
690ac17d56d1bc009302993a,Hyundai EON Era Plus,2013,219000,53500,Petrol,Individual,Manual,Third Owner
690ac17d56d1bc009302993b,Maruti Ertiga SHVS LDI,2017,500000,40000,Diesel,Individual,Manual,First Owner
690ac17d56d1bc009302993c,Honda City i DTEC S,2014,520000,82000,Diesel,Individual,Manual,First Owner
690ac17d56d1bc009302993d,Mahindra Scorpio 1.99 S4,2016,509999,60000,Diesel,Individual,Manual,First Owner
690ac17d56d1bc009302993e,Maruti Baleno Alpha 1.2,2019,556000,24000,Petrol,Individual,Manual,First Owner
690ac17d56d1bc009302993f,Tata Indigo Grand Dicor,2014,225000,120000,Diesel,Individual,Manual,First Owner
690ac17d56d1bc0093029940,Honda Amaze EX i-Dtech,2013,325000,65000,Diesel,Dealer,Manual,First Owner
690ac17d56d1bc0093029941,Maruti Swift VDI,2013,365000,65000,Diesel,Dealer,Manual,First Owner
690ac17d56d1bc0093029942,Hyundai Creta 1.6 CRDi SX Plus,2015,850000,84000,Diesel,Dealer,Manual,First Owner
690ac17d56d1bc0093029943,Toyota Etios GD SP,2013,350000,75000,Diesel,Dealer,Manual,First Owner
690ac17d56d1bc0093029944,Maruti Swift VDI,2007,225000,50000,Diesel,Dealer,Manual,First Owner
690ac17d56d1bc0093029945,Maruti Alto LX,2011,135000,50000,Petrol,Individual,Manual,First Owner
690ac17d56d1bc0093029946,Maruti Wagon R LXI Minor,2007,140000,49000,Petrol,Dealer,Manual,First Owner
690ac17d56d1bc0093029947,Maruti SX4 S Cross DDiS 320 Delta,2016,665000,560000,Diesel,Dealer,Manual,First Owner
690ac17d56d1bc0093029948,Renault KWID RXT,2015,275000,14365,Petrol,Dealer,Manual,First Owner
690ac17d56d1bc0093029949,Toyota Fortuner 2.8 4WD AT BSIV,2017,2750000,41000,Diesel,Individual,Automatic,First Owner
690ac17d56d1bc009302994a,Hyundai Verna 1.6 SX,2013,484999,65000,Diesel,Dealer,Manual,First Owner
690ac17d56d1bc009302994b,Maruti Ciaz VDi Option SHVS,2015,565000,65000,Diesel,Dealer,Manual,First Owner
690ac17d56d1bc009302994c,Maruti Swift Dzire VDI,2013,425000,61083,Diesel,Dealer,Manual,First Owner
690ac17d56d1bc009302994d,Toyota Innova 2.5 VX (Diesel) 8 Seater,2013,925000,75000,Diesel,Individual,Manual,First Owner
690ac17d56d1bc009302994e,Mahindra Scorpio VLX 2WD AIRBAG SE BSIV,2012,565000,72000,Diesel,Dealer,Manual,First Owner
690ac17d56d1bc009302994f,Renault Duster 110PS Diesel RxL,2014,525000,65000,Diesel,Dealer,Manual,First Owner
690ac17d56d1bc0093029950,Honda City 1.5 S MT,2010,409999,60000,Petrol,Individual,Manual,First Owner
690ac17d56d1bc0093029951,Tata Tigor 1.2 Revotron XZ Option,2018,570000,5000,Petrol,Individual,Manual,First Owner
690ac17d56d1bc0093029952,Maruti SX4 Zxi BSIII,2007,160000,80000,Petrol,Individual,Manual,Third Owner
690ac17d56d1bc0093029953,Maruti Ciaz ZDi Plus SHVS,2017,749000,51500,Diesel,Individual,Manual,Second Owner
690ac17d56d1bc0093029954,Maruti Swift Dzire VDi,2010,300000,120000,Diesel,Individual,Manual,Third Owner
690ac17d56d1bc0093029955,Ford EcoSport 1.5 Diesel Titanium Plus BSIV,2014,550000,79800,Diesel,Dealer,Manual,First Owner
690ac17d56d1bc0093029956,Ford EcoSport 1.5 Diesel Titanium Plus BSIV,2015,550000,97000,Diesel,Dealer,Manual,Second Owner
690ac17d56d1bc0093029957,Ford Ecosport 1.5 Diesel Titanium Plus,2019,1250000,6590,Diesel,Dealer,Manual,First Owner
690ac17d56d1bc0093029958,Ford Figo Aspire 1.5 TDCi Titanium,2017,700000,49957,Diesel,Dealer,Manual,First Owner
690ac17d56d1bc0093029959,Ford Figo 1.5 Sports Edition MT,2017,600000,43235,Diesel,Dealer,Manual,First Owner
690ac17d56d1bc009302995a,Ford EcoSport 1.5 TDCi Titanium Plus BE BSIV,2018,925000,50699,Diesel,Dealer,Manual,First Owner
690ac17d56d1bc009302995b,Ford Endeavour 3.2 Titanium AT 4X4,2016,1800000,126000,Diesel,Dealer,Automatic,First Owner
690ac17d56d1bc009302995c,Ford Figo Aspire 1.5 TDCi Titanium Plus,2015,459999,140730,Diesel,Dealer,Manual,Second Owner
690ac17d56d1bc009302995d,Hyundai i20 Active 1.2 SX,2015,565000,46000,Petrol,Individual,Manual,First Owner
690ac17d56d1bc009302995e,Hyundai EON Era Plus,2013,170000,80000,Petrol,Individual,Manual,Third Owner
690ac17d56d1bc009302995f,Toyota Qualis FS B3,2001,150000,256000,Diesel,Dealer,Manual,First Owner
690ac17d56d1bc0093029960,Mahindra Scorpio VLX 2WD BSIII,2008,295000,120000,Diesel,Individual,Manual,First Owner
690ac17d56d1bc0093029961,Hyundai i20 Active 1.4 SX,2018,819999,40000,Diesel,Individual,Manual,First Owner
690ac17d56d1bc0093029962,Hyundai Elite i20 Diesel Asta Option,2019,819999,40000,Diesel,Individual,Manual,First Owner
690ac17d56d1bc0093029963,Maruti Ritz VXi,2015,320000,40000,Petrol,Individual,Manual,First Owner
690ac17d56d1bc0093029964,Ford Ecosport 1.5 DV5 MT Titanium,2015,550000,135000,Diesel,Individual,Manual,Second Owner
690ac17d56d1bc0093029965,Mahindra Bolero 2011-2019 SLX,2015,550000,50000,Diesel,Individual,Manual,First Owner
690ac17d56d1bc0093029966,Volkswagen Ameo 1.5 TDI Comfortline,2017,590000,98000,Diesel,Individual,Manual,First Owner
690ac17d56d1bc0093029967,Toyota Innova 2.5 VX (Diesel) 8 Seater,2014,1050000,70000,Diesel,Individual,Manual,First Owner
690ac17d56d1bc0093029968,Honda City i DTec V,2017,950000,50000,Diesel,Individual,Manual,First Owner
690ac17d56d1bc0093029969,Honda City i-DTEC VX,2017,1000000,30000,Diesel,Individual,Manual,First Owner
690ac17d56d1bc009302996a,Nissan Terrano XE 85 PS,2013,500000,120000,Diesel,Individual,Manual,First Owner
690ac17d56d1bc009302996b,Fiat Punto EVO 1.3 Emotion,2017,450000,70000,Diesel,Individual,Manual,First Owner
690ac17d56d1bc009302996c,Maruti Swift Dzire VDI Optional,2017,720000,35000,Diesel,Individual,Manual,First Owner
690ac17d56d1bc009302996d,Maruti Celerio VDi,2015,390000,70000,Diesel,Individual,Manual,Second Owner
690ac17d56d1bc009302996e,Mahindra Thar 4X2,2014,500000,35000,Diesel,Individual,Manual,First Owner
690ac17d56d1bc009302996f,Toyota Fortuner 2.7 2WD AT,2016,2500000,70000,Petrol,Individual,Automatic,Second Owner
690ac17d56d1bc0093029970,Hyundai i20 1.4 Asta Option,2017,780000,50000,Diesel,Individual,Manual,First Owner
690ac17d56d1bc0093029971,Maruti Swift Dzire ZDI,2015,484999,90000,Diesel,Individual,Manual,Second Owner
690ac17d56d1bc0093029972,Volkswagen Vento Diesel Highline,2012,420000,90000,Diesel,Individual,Manual,Second Owner
690ac17d56d1bc0093029973,Mahindra XUV500 W10 AWD,2015,1225000,70000,Diesel,Individual,Manual,First Owner
690ac17d56d1bc0093029974,Tata Indica Vista TDI LX,2015,350000,50000,Diesel,Individual,Manual,Second Owner
690ac17d56d1bc0093029975,Mahindra Verito 1.5 D4 BSIV,2015,350000,120000,Diesel,Individual,Manual,Third Owner
690ac17d56d1bc0093029976,Toyota Innova 2.5 G (Diesel) 8 Seater BS IV,2011,800000,230000,Diesel,Individual,Manual,First Owner
690ac17d56d1bc0093029977,Hyundai Santro Xing XG AT,2004,125000,70000,Petrol,Individual,Automatic,Second Owner
690ac17d56d1bc0093029978,Tata Indica V2 DLS BSII,2010,75000,100000,Diesel,Individual,Manual,Third Owner
690ac17d56d1bc0093029979,Mahindra KUV 100 G80 K4 Plus,2018,509999,15000,Petrol,Individual,Manual,First Owner
690ac17d56d1bc009302997a,Tata Indigo Classic Dicor,2014,215000,80000,Diesel,Individual,Manual,Third Owner
690ac17d56d1bc009302997b,Hyundai Grand i10 1.2 CRDi Asta,2018,465000,25000,Diesel,Individual,Manual,First Owner
690ac17d56d1bc009302997c,Maruti Baleno Alpha 1.2,2017,625000,52000,Petrol,Dealer,Manual,First Owner
690ac17d56d1bc009302997d,Hyundai Grand i10 CRDi Magna,2017,490000,66000,Diesel,Dealer,Manual,First Owner
690ac17d56d1bc009302997e,Maruti Ertiga SHVS ZDI,2017,880000,64000,Diesel,Dealer,Manual,First Owner
690ac17d56d1bc009302997f,Hyundai Santro Xing GL Plus,2013,290000,49000,Petrol,Individual,Manual,First Owner
690ac17d56d1bc0093029980,Tata Sumo GX TC 7 Str BSIII,2006,115999,100000,Diesel,Individual,Manual,Second Owner
690ac17d56d1bc0093029981,Maruti Vitara Brezza LDi Option,2017,685000,72000,Diesel,Dealer,Manual,First Owner
690ac17d56d1bc0093029982,Honda Jazz S,2009,300000,50000,Petrol,Individual,Manual,First Owner
690ac17d56d1bc0093029983,Hyundai i20 1.4 Sportz,2017,680000,44000,Diesel,Dealer,Manual,First Owner
690ac17d56d1bc0093029984,Maruti Swift Dzire VDI,2014,480000,101000,Diesel,Dealer,Manual,First Owner
690ac17d56d1bc0093029985,Maruti Swift VDI,2016,630000,55000,Diesel,Dealer,Manual,First Owner
690ac17d56d1bc0093029986,Honda City 1.5 GXI,2007,190000,115000,Petrol,Dealer,Manual,Second Owner
690ac17d56d1bc0093029987,Maruti Swift VDI,2015,500000,100000,Diesel,Dealer,Manual,First Owner
690ac17d56d1bc0093029988,Volkswagen Jetta 2.0L TDI Comfortline,2014,850000,52000,Diesel,Dealer,Manual,Second Owner
690ac17d56d1bc0093029989,Maruti SX4 ZDI,2011,350000,105000,Diesel,Dealer,Manual,First Owner
690ac17d56d1bc009302998a,Renault Duster 85PS Diesel RxE,2013,425000,170000,Diesel,Dealer,Manual,First Owner
690ac17d56d1bc009302998b,Maruti Swift VDI BSIV,2015,495000,105000,Diesel,Dealer,Manual,First Owner
690ac17d56d1bc009302998c,Maruti Ertiga SHVS VDI,2017,890000,60000,Diesel,Individual,Manual,Second Owner
690ac17d56d1bc009302998d,Hyundai Verna CRDi 1.6 AT EX,2018,1100000,25000,Diesel,Individual,Automatic,Second Owner
690ac17d56d1bc009302998e,Mahindra XUV500 W8 2WD,2014,650000,218000,Diesel,Individual,Manual,Second Owner
690ac17d56d1bc009302998f,Hyundai Grand i10 1.2 CRDi Asta,2018,465000,25000,Diesel,Individual,Manual,First Owner
690ac17d56d1bc0093029990,Maruti Baleno Alpha 1.2,2017,625000,52000,Petrol,Dealer,Manual,First Owner
690ac17d56d1bc0093029991,Hyundai Grand i10 CRDi Magna,2017,490000,66000,Diesel,Dealer,Manual,First Owner
690ac17d56d1bc0093029992,Maruti Ertiga SHVS ZDI,2017,880000,64000,Diesel,Dealer,Manual,First Owner
690ac17d56d1bc0093029993,Hyundai Santro Xing GL Plus,2013,290000,49000,Petrol,Individual,Manual,First Owner
690ac17d56d1bc0093029994,Tata Sumo GX TC 7 Str BSIII,2006,115999,100000,Diesel,Individual,Manual,Second Owner
690ac17d56d1bc0093029995,Maruti Vitara Brezza LDi Option,2017,685000,72000,Diesel,Dealer,Manual,First Owner
690ac17d56d1bc0093029996,Honda Jazz S,2009,300000,50000,Petrol,Individual,Manual,First Owner
690ac17d56d1bc0093029997,Hyundai i20 1.4 Sportz,2017,680000,44000,Diesel,Dealer,Manual,First Owner
690ac17d56d1bc0093029998,Maruti Swift Dzire VDI,2014,480000,101000,Diesel,Dealer,Manual,First Owner
690ac17d56d1bc0093029999,Maruti Swift VDI,2016,630000,55000,Diesel,Dealer,Manual,First Owner
690ac17d56d1bc009302999a,Honda City 1.5 GXI,2007,190000,115000,Petrol,Dealer,Manual,Second Owner
690ac17d56d1bc009302999b,Maruti Swift VDI,2015,500000,100000,Diesel,Dealer,Manual,First Owner
690ac17d56d1bc009302999c,Volkswagen Jetta 2.0L TDI Comfortline,2014,850000,52000,Diesel,Dealer,Manual,Second Owner
690ac17d56d1bc009302999d,Maruti SX4 ZDI,2011,350000,105000,Diesel,Dealer,Manual,First Owner
690ac17d56d1bc009302999e,Renault Duster 85PS Diesel RxE,2013,425000,170000,Diesel,Dealer,Manual,First Owner
690ac17d56d1bc009302999f,Maruti Swift VDI BSIV,2015,495000,105000,Diesel,Dealer,Manual,First Owner
690ac17d56d1bc00930299a0,Maruti Ertiga SHVS VDI,2017,890000,60000,Diesel,Individual,Manual,Second Owner
690ac17d56d1bc00930299a1,Hyundai Verna CRDi 1.6 AT EX,2018,1100000,25000,Diesel,Individual,Automatic,Second Owner
690ac17d56d1bc00930299a2,Mahindra XUV500 W8 2WD,2014,650000,218000,Diesel,Individual,Manual,Second Owner
690ac17d56d1bc00930299a3,Ford Fiesta 1.6 ZXi Duratec,2009,233000,58000,Petrol,Individual,Manual,Third Owner
690ac17d56d1bc00930299a4,Tata Indigo CS LS (TDI) BS-III,2015,300000,110000,Diesel,Individual,Manual,Second Owner
690ac17d56d1bc00930299a5,Honda Amaze S Petrol BSIV,2020,614000,1000,Petrol,Individual,Manual,First Owner
690ac17d56d1bc00930299a6,Hyundai i10 Sportz 1.2,2010,250000,100000,Petrol,Individual,Manual,Second Owner
690ac17d56d1bc00930299a7,Hyundai i10 Sportz 1.2,2010,250000,110000,Petrol,Individual,Manual,Second Owner
690ac17d56d1bc00930299a8,Maruti Alto LXi,2011,200000,40000,Petrol,Individual,Manual,First Owner
690ac17d56d1bc00930299a9,Maruti Wagon R LX Minor,2013,290000,52000,Petrol,Individual,Manual,First Owner
690ac17d56d1bc00930299aa,Maruti Wagon R LXI BS IV,2013,320000,80000,Petrol,Individual,Manual,Second Owner
690ac17d56d1bc00930299ab,Hyundai Santro Xing XS eRLX Euro III,2006,145000,52000,Petrol,Individual,Manual,Second Owner
690ac17d56d1bc00930299ac,Maruti Alto LXI,2005,100000,124000,Petrol,Individual,Manual,Second Owner
690ac17d56d1bc00930299ad,Fiat Punto 1.3 Emotion,2010,130000,210000,Diesel,Individual,Manual,Second Owner
690ac17d56d1bc00930299ae,Hyundai Santro AT,2006,145000,66000,Petrol,Individual,Automatic,Second Owner
690ac17d56d1bc00930299af,Maruti Alto LX BSIII,2008,110000,120000,Petrol,Individual,Manual,Third Owner
690ac17d56d1bc00930299b0,Maruti Swift Dzire VDI,2019,680000,40000,Diesel,Individual,Manual,First Owner
690ac17d56d1bc00930299b1,Maruti 800 Std,2004,37500,90000,Petrol,Individual,Manual,Second Owner
690ac17d56d1bc00930299b2,Maruti Ritz VDi,2011,200000,120000,Diesel,Individual,Manual,Second Owner
690ac17d56d1bc00930299b3,Nissan Sunny Diesel XL,2012,300000,110000,Diesel,Individual,Manual,First Owner
690ac17d56d1bc00930299b4,Hyundai Santro GS,2005,80000,56580,Petrol,Dealer,Manual,First Owner
690ac17d56d1bc00930299b5,Mahindra XUV500 AT W8 FWD,2015,740000,45000,Diesel,Dealer,Automatic,First Owner
690ac17d56d1bc00930299b6,Mahindra Scorpio S10 7 Seater,2015,630000,50000,Diesel,Individual,Manual,First Owner
690ac17d56d1bc00930299b7,Hyundai Santro Xing XG,2005,70000,68500,Petrol,Dealer,Manual,First Owner
690ac17d56d1bc00930299b8,Hyundai Santro Sportz AMT,2019,484999,5007,Petrol,Dealer,Automatic,First Owner
690ac17d56d1bc00930299b9,Nissan Micra Active XV S,2013,164000,30000,Petrol,Individual,Manual,First Owner
690ac17d56d1bc00930299ba,Honda City 1.5 V AT,2008,140000,70000,Petrol,Individual,Automatic,First Owner
690ac17d56d1bc00930299bb,Mercedes-Benz E-Class E250 CDI Elegance,2011,999000,49600,Diesel,Dealer,Automatic,First Owner
690ac17d56d1bc00930299bc,Maruti Alto LXI,2005,56000,23000,Petrol,Individual,Manual,Second Owner
690ac17d56d1bc00930299bd,BMW 7 Series 730Ld,2006,1050000,30000,Diesel,Dealer,Automatic,First Owner
690ac17d56d1bc00930299be,Hyundai Verna 1.6 VTVT,2010,190000,38000,Petrol,Dealer,Manual,First Owner
690ac17d56d1bc00930299bf,Audi Q5 3.0 TDI Quattro Technology,2018,3899000,22000,Diesel,Dealer,Automatic,First Owner
690ac17d56d1bc00930299c0,Maruti Ritz VDi,2011,150000,40000,Diesel,Individual,Manual,Second Owner
690ac17d56d1bc00930299c1,Hyundai i10 Sportz 1.2,2011,235000,43100,Petrol,Dealer,Manual,First Owner
690ac17d56d1bc00930299c2,Mahindra Xylo H4,2019,599000,15000,Diesel,Individual,Manual,Third Owner
690ac17d56d1bc00930299c3,Maruti Alto 800 LXI,2018,200000,35000,Petrol,Individual,Manual,First Owner
690ac17d56d1bc00930299c4,Datsun GO Plus T,2017,350000,10171,Petrol,Dealer,Manual,First Owner
690ac17d56d1bc00930299c5,Renault Duster 110PS Diesel RxL,2015,465000,41123,Diesel,Dealer,Manual,First Owner
690ac17d56d1bc00930299c6,Toyota Camry Hybrid 2.5,2017,1900000,20118,Petrol,Dealer,Automatic,First Owner
690ac17d56d1bc00930299c7,Maruti Ertiga 1.5 VDI,2019,1000000,15000,Diesel,Individual,Manual,First Owner
690ac17d56d1bc00930299c8,Ford Endeavour 2.2 Titanium AT 4X2,2019,2800000,10000,Diesel,Individual,Automatic,First Owner
690ac17d56d1bc00930299c9,Maruti Swift Dzire VDI,2015,470000,170000,Diesel,Individual,Manual,First Owner
690ac17d56d1bc00930299ca,Maruti Celerio ZXI,2017,415000,20000,Petrol,Individual,Manual,First Owner
690ac17d56d1bc00930299cb,Nissan Terrano XL 85 PS,2014,500000,82000,Diesel,Individual,Manual,First Owner
690ac17d56d1bc00930299cc,Chevrolet Spark 1.0 LT BS3,2013,150000,60000,Petrol,Individual,Manual,Second Owner
690ac17d56d1bc00930299cd,Maruti Alto STD,2005,95000,50000,Petrol,Individual,Manual,Second Owner
690ac17d56d1bc00930299ce,Maruti Swift LDI,2012,400000,70000,Diesel,Individual,Manual,First Owner
690ac17d56d1bc00930299cf,Maruti Alto LX,2008,114999,66782,Petrol,Individual,Manual,Second Owner
690ac17d56d1bc00930299d0,Maruti Alto LX,2006,75000,130000,Petrol,Individual,Manual,First Owner
690ac17d56d1bc00930299d1,Hyundai Verna 1.6 SX CRDi (O),2013,500000,120000,Diesel,Individual,Manual,First Owner
690ac17d56d1bc00930299d2,Maruti 800 AC,2014,195000,75000,Petrol,Individual,Manual,Second Owner
690ac17d56d1bc00930299d3,Maruti Alto 800 Base,2015,155000,40000,Petrol,Individual,Manual,First Owner
690ac17d56d1bc00930299d4,Maruti Alto LXi,2000,65000,90000,Petrol,Individual,Manual,Second Owner
690ac17d56d1bc00930299d5,Honda City 1.5 GXI,2005,65000,150000,Petrol,Individual,Manual,Third Owner
690ac17d56d1bc00930299d6,Tata Nano XM,2015,190000,60000,Petrol,Individual,Manual,Second Owner
690ac17d56d1bc00930299d7,Mahindra Verito 1.5 D6 BSIII,2012,200000,112198,Diesel,Individual,Manual,Second Owner
690ac17d56d1bc00930299d8,Tata Manza Aura Safire BS IV,2010,160000,60000,Petrol,Individual,Manual,Second Owner
690ac17d56d1bc00930299d9,Tata Indica Vista Aqua 1.4 TDI,2010,150000,130000,Diesel,Individual,Manual,Second Owner
690ac17d56d1bc00930299da,Ford EcoSport 1.5 TDCi Titanium BSIV,2015,530000,175000,Diesel,Individual,Manual,Third Owner
690ac17d56d1bc00930299db,Mahindra Scorpio S2 7 Seater,2015,750000,120000,Diesel,Individual,Manual,First Owner
690ac17d56d1bc00930299dc,Maruti Ritz VDi,2012,225000,90000,Diesel,Individual,Manual,Second Owner
690ac17d56d1bc00930299dd,Toyota Innova 2.5 VX (Diesel) 8 Seater BS IV,2012,600000,170000,Diesel,Individual,Manual,First Owner
690ac17d56d1bc00930299de,Hyundai i20 Magna 1.4 CRDi (Diesel),2014,409999,80000,Diesel,Individual,Manual,Second Owner
690ac17d56d1bc00930299df,Hyundai i20 Magna 1.4 CRDi,2014,409999,80000,Diesel,Individual,Manual,Second Owner
690ac17d56d1bc00930299e0,Maruti 800 AC BSIII,2009,110000,83000,Petrol,Individual,Manual,Second Owner
690ac17d56d1bc00930299e1,Hyundai Creta 1.6 CRDi SX Option,2016,865000,90000,Diesel,Individual,Manual,First Owner
690ac17d56d1bc00930299e2,Renault KWID RXT,2016,225000,40000,Petrol,Individual,Manual,First Owner
