99999.0,99999.0,99999.0,99999.0,99999.0,99999.0,99999.0,99999.0,99999.0,99999.0,99999.0,99999.0,99999.0,99999.0,99999.0,99999.0,99999.0,99999.0,99999.0,99999.0,99999.0,99999.0,99999.0,99999.0,99999.0,99999.0,99999.0,99999.0,99999.0,99999.0,99999.0,99999.0,99999.0,99999.0,99999.0,99999.0,99999.0,99999.0,99999.0,99999.0,99999.0,99999.0,99999.0,99999.0,99999.0,99999.0,99999.0,99999.0,99999.0,99999.0,99999.0,99999.0,99999.0,99999.0,99999.0,99999.0,99999.0,99999.0,99999.0,99999.0,99999.0,99999.0,99999.0,99999.0,99999.0,99999.0,99999.0,99999.0,99999.0,99999.0,99999.0,99999.0,99999.0,99999.0,99999.0,99999.0,99999.0,99999.0,99999.0,99999.0,99999.0,99999.0,99999.0,99999.0,99999.0,99999.0,99999.0,99999.0,99999.0,99999.0,99999.0,99999.0,99999.0,99999.0,99999.0,99999.0,99999.0,99999.0,99999.0,99999.0,99999.0,99999.0,99999.0,99999.0,99999.0,99999.0,99999.0,99999.0,99999.0,99999.0,99999.0,99999.0,99999.0,99999.0,99999.0,99999.0,99999.0,99999.0,99999.0,99999.0,99999.0,99999.0,99999.0,99999.0,99999.0,99999.0,99999.0,99999.0,99999.0,99999.0,99999.0,99999.0,99999.0,99999.0,99999.0,99999.0,99999.0,99999.0,99999.0,99999.0,99999.0,99999.0,99999.0,99999.0,99999.0,99999.0,99999.0,99999.0,99999.0,99999.0,99999.0,99999.0,99999.0,99999.0,99999.0,99999.0,99999.0,99999.0,99999.0,99999.0,99999.0,99999.0,99999.0,99999.0,99999.0,99999.0,99999.0,99999.0,99999.0,99999.0,99999.0,99999.0,99999.0,99999.0,99999.0,99999.0,99999.0,99999.0,99999.0,99999.0,99999.0,99999.0,99999.0,99999.0,99999.0,99999.0,99999.0,99999.0,99999.0,99999.0,99999.0,99999.0,99999.0,99999.0,99999.0,99999.0,99999.0,99999.0,99999.0,99999.0,99999.0,99999.0,99999.0,99999.0,99999.0,99999.0,99999.0,99999.0,99999.0,99999.0,99999.0,99999.0,99999.0,99999.0,99999.0,99999.0,99999.0,99999.0,99999.0,99999.0,99999.0,99999.0,99999.0,99999.0,99999.0,99999.0,99999.0,99999.0,99999.0,99999.0,99999.0,99999.0,99999.0,99999.0,99999.0,99999.0,99999.0,99999.0,99999.0,99999.0,99999.0,99999.0,99999.0,99999.0,99999.0,99999.0,99999.0,99999.0,99999.0,99999.0,99999.0,99999.0,99999.0,99999.0,99999.0,99999.0,99999.0,99999.0,99999.0,99999.0,99999.0,99999.0,99999.0,99999.0,99999.0,99999.0,99999.0,99999.0,99999.0,99999.0,99999.0,99999.0,99999.0,99999.0,99999.0,99999.0,99999.0,99999.0,99999.0,99999.0,99999.0,99999.0,99999.0,99999.0,99999.0,99999.0,99999.0,99999.0,99999.0,99999.0,99999.0,99999.0,99999.0,99999.0,99999.0,99999.0,99999.0,99999.0,99999.0,99999.0,99999.0,99999.0,99999.0,99999.0,99999.0,99999.0,99999.0,99999.0,99999.0,99999.0,99999.0,99999.0,99999.0,99999.0,99999.0,99999.0,99999.0,99999.0,99999.0,99999.0,99999.0,99999.0,99999.0,99999.0,99999.0,99999.0,99999.0,99999.0,99999.0,99999.0,99999.0,99999.0,99999.0,99999.0,99999.0,99999.0,99999.0,99999.0,99999.0,99999.0,99999.0,99999.0,99999.0,99999.0,99999.0,99999.0,99999.0,99999.0,99999.0,99999.0,99999.0,99999.0,99999.0,99999.0,99999.0,99999.0,99999.0,99999.0,99999.0,99999.0
99999.0,99999.0,99999.0,99999.0,99999.0,99999.0,99999.0,99999.0,99999.0,99999.0,99999.0,99999.0,99999.0,99999.0,99999.0,99999.0,99999.0,99999.0,99999.0,99999.0,99999.0,99999.0,99999.0,99999.0,99999.0,99999.0,99999.0,99999.0,99999.0,99999.0,99999.0,99999.0,99999.0,99999.0,99999.0,99999.0,99999.0,99999.0,99999.0,99999.0,99999.0,99999.0,99999.0,99999.0,99999.0,99999.0,99999.0,99999.0,99999.0,99999.0,99999.0,99999.0,99999.0,99999.0,99999.0,99999.0,99999.0,99999.0,99999.0,99999.0,99999.0,99999.0,99999.0,99999.0,99999.0,99999.0,99999.0,99999.0,99999.0,99999.0,99999.0,99999.0,99999.0,99999.0,99999.0,99999.0,99999.0,99999.0,99999.0,99999.0,99999.0,99999.0,99999.0,99999.0,99999.0,99999.0,99999.0,99999.0,99999.0,99999.0,99999.0,99999.0,99999.0,99999.0,99999.0,99999.0,99999.0,99999.0,99999.0,99999.0,99999.0,99999.0,99999.0,99999.0,99999.0,99999.0,99999.0,99999.0,99999.0,99999.0,99999.0,99999.0,99999.0,99999.0,99999.0,99999.0,99999.0,99999.0,99999.0,99999.0,99999.0,99999.0,99999.0,99999.0,99999.0,99999.0,99999.0,99999.0,99999.0,99999.0,99999.0,99999.0,99999.0,99999.0,99999.0,99999.0,99999.0,99999.0,99999.0,99999.0,99999.0,99999.0,99999.0,99999.0,99999.0,99999.0,99999.0,99999.0,99999.0,99999.0,99999.0,99999.0,99999.0,99999.0,99999.0,99999.0,99999.0,99999.0,99999.0,99999.0,99999.0,99999.0,99999.0,99999.0,99999.0,99999.0,99999.0,99999.0,99999.0,99999.0,99999.0,99999.0,99999.0,99999.0,99999.0,99999.0,99999.0,99999.0,99999.0,99999.0,99999.0,99999.0,99999.0,99999.0,99999.0,99999.0,99999.0,99999.0,99999.0,99999.0,99999.0,99999.0,99999.0,99999.0,99999.0,99999.0,99999.0,99999.0,99999.0,99999.0,99999.0,99999.0,99999.0,99999.0,99999.0,99999.0,99999.0,99999.0,99999.0,99999.0,99999.0,99999.0,99999.0,99999.0,99999.0,99999.0,99999.0,99999.0,99999.0,99999.0,99999.0,99999.0,99999.0,99999.0,99999.0,99999.0,99999.0,99999.0,99999.0,99999.0,99999.0,99999.0,99999.0,99999.0,99999.0,99999.0,99999.0,99999.0,99999.0,99999.0,99999.0,99999.0,99999.0,99999.0,99999.0,99999.0,99999.0,99999.0,99999.0,99999.0,99999.0,99999.0,99999.0,99999.0,99999.0,99999.0,99999.0,99999.0,99999.0,99999.0,99999.0,99999.0,99999.0,99999.0,99999.0,99999.0,99999.0,99999.0,99999.0,99999.0,99999.0,99999.0,99999.0,99999.0,99999.0,99999.0,99999.0,99999.0,99999.0,99999.0,99999.0,99999.0,99999.0,99999.0,99999.0,99999.0,99999.0,99999.0,99999.0,99999.0,99999.0,99999.0,99999.0,99999.0,99999.0,99999.0,99999.0,99999.0,99999.0,99999.0,99999.0,99999.0,99999.0,99999.0,99999.0,99999.0,99999.0,99999.0,99999.0,99999.0,99999.0,99999.0,99999.0,99999.0,99999.0,99999.0,99999.0,99999.0,99999.0,99999.0,99999.0,99999.0,99999.0,99999.0,99999.0,99999.0,99999.0,99999.0,99999.0,99999.0,99999.0,99999.0,99999.0,99999.0,99999.0,99999.0,99999.0,99999.0,99999.0,99999.0,99999.0,99999.0,99999.0,99999.0,99999.0,99999.0,99999.0,99999.0,99999.0,99999.0,99999.0,99999.0,99999.0,99999.0,99999.0,99999.0,99999.0,99999.0,99999.0,99999.0
99999.0,99999.0,99999.0,99999.0,99999.0,99999.0,99999.0,99999.0,99999.0,99999.0,99999.0,99999.0,99999.0,99999.0,99999.0,99999.0,99999.0,99999.0,99999.0,99999.0,99999.0,99999.0,99999.0,99999.0,99999.0,99999.0,99999.0,99999.0,99999.0,99999.0,99999.0,99999.0,99999.0,99999.0,99999.0,99999.0,99999.0,99999.0,99999.0,99999.0,99999.0,99999.0,99999.0,99999.0,99999.0,99999.0,99999.0,99999.0,99999.0,99999.0,99999.0,99999.0,99999.0,99999.0,99999.0,99999.0,99999.0,99999.0,99999.0,99999.0,99999.0,99999.0,99999.0,99999.0,99999.0,99999.0,99999.0,99999.0,99999.0,99999.0,99999.0,99999.0,99999.0,99999.0,99999.0,99999.0,99999.0,99999.0,99999.0,99999.0,99999.0,99999.0,99999.0,99999.0,99999.0,99999.0,99999.0,99999.0,99999.0,99999.0,99999.0,99999.0,99999.0,99999.0,99999.0,99999.0,99999.0,99999.0,99999.0,99999.0,99999.0,99999.0,99999.0,99999.0,99999.0,99999.0,99999.0,99999.0,99999.0,99999.0,99999.0,99999.0,99999.0,99999.0,99999.0,99999.0,99999.0,99999.0,99999.0,99999.0,99999.0,99999.0,99999.0,99999.0,99999.0,99999.0,99999.0,99999.0,99999.0,99999.0,99999.0,99999.0,99999.0,99999.0,99999.0,99999.0,99999.0,99999.0,99999.0,99999.0,99999.0,99999.0,99999.0,99999.0,99999.0,99999.0,99999.0,99999.0,99999.0,99999.0,99999.0,99999.0,99999.0,99999.0,99999.0,99999.0,99999.0,99999.0,99999.0,99999.0,99999.0,99999.0,99999.0,99999.0,99999.0,99999.0,99999.0,99999.0,99999.0,99999.0,99999.0,99999.0,99999.0,99999.0,99999.0,99999.0,99999.0,99999.0,99999.0,99999.0,99999.0,99999.0,99999.0,99999.0,99999.0,99999.0,99999.0,99999.0,99999.0,99999.0,99999.0,99999.0,99999.0,99999.0,99999.0,99999.0,99999.0,99999.0,99999.0,99999.0,99999.0,99999.0,99999.0,99999.0,99999.0,99999.0,99999.0,99999.0,99999.0,99999.0,99999.0,99999.0,99999.0,99999.0,99999.0,99999.0,99999.0,99999.0,99999.0,99999.0,99999.0,99999.0,99999.0,99999.0,99999.0,99999.0,99999.0,99999.0,99999.0,99999.0,99999.0,99999.0,99999.0,99999.0,99999.0,99999.0,99999.0,99999.0,99999.0,99999.0,99999.0,99999.0,99999.0,99999.0,99999.0,99999.0,99999.0,99999.0,99999.0,99999.0,99999.0,99999.0,99999.0,99999.0,99999.0,99999.0,99999.0,99999.0,99999.0,99999.0,99999.0,99999.0,99999.0,99999.0,99999.0,99999.0,99999.0,99999.0,99999.0,99999.0,99999.0,99999.0,99999.0,99999.0,99999.0,99999.0,99999.0,99999.0,99999.0,99999.0,99999.0,99999.0,99999.0,99999.0,99999.0,99999.0,99999.0,99999.0,99999.0,99999.0,99999.0,99999.0,99999.0,99999.0,99999.0,99999.0,99999.0,99999.0,99999.0,99999.0,99999.0,99999.0,99999.0,99999.0,99999.0,99999.0,99999.0,99999.0,99999.0,99999.0,99999.0,99999.0,99999.0,99999.0,99999.0,99999.0,99999.0,99999.0,99999.0,99999.0,99999.0,99999.0,99999.0,99999.0,99999.0,99999.0,99999.0,99999.0,99999.0,99999.0,99999.0,99999.0,99999.0,99999.0,99999.0,99999.0,99999.0,99999.0,99999.0,99999.0,99999.0,99999.0,99999.0,99999.0,99999.0,99999.0,99999.0,99999.0,99999.0,99999.0,99999.0,99999.0,99999.0,99999.0,99999.0,99999.0,99999.0,99999.0,99999.0,99999.0
99999.0,99999.0,99999.0,99999.0,99999.0,99999.0,99999.0,99999.0,99999.0,99999.0,99999.0,99999.0,99999.0,99999.0,99999.0,99999.0,99999.0,99999.0,99999.0,99999.0,99999.0,99999.0,99999.0,99999.0,99999.0,99999.0,99999.0,99999.0,99999.0,99999.0,99999.0,99999.0,99999.0,99999.0,99999.0,99999.0,99999.0,99999.0,99999.0,99999.0,99999.0,99999.0,99999.0,99999.0,99999.0,99999.0,99999.0,99999.0,99999.0,99999.0,99999.0,99999.0,99999.0,99999.0,99999.0,99999.0,99999.0,99999.0,99999.0,99999.0,99999.0,99999.0,99999.0,99999.0,99999.0,99999.0,99999.0,99999.0,99999.0,99999.0,99999.0,99999.0,99999.0,99999.0,99999.0,99999.0,99999.0,99999.0,99999.0,99999.0,99999.0,99999.0,99999.0,99999.0,99999.0,99999.0,99999.0,99999.0,99999.0,99999.0,99999.0,99999.0,99999.0,99999.0,99999.0,99999.0,99999.0,99999.0,99999.0,99999.0,99999.0,99999.0,99999.0,99999.0,99999.0,99999.0,99999.0,99999.0,99999.0,99999.0,99999.0,99999.0,99999.0,99999.0,99999.0,99999.0,99999.0,99999.0,99999.0,99999.0,99999.0,99999.0,99999.0,99999.0,99999.0,99999.0,99999.0,99999.0,99999.0,99999.0,99999.0,99999.0,99999.0,99999.0,99999.0,99999.0,99999.0,99999.0,99999.0,99999.0,99999.0,99999.0,99999.0,99999.0,99999.0,99999.0,99999.0,99999.0,99999.0,99999.0,99999.0,99999.0,99999.0,99999.0,99999.0,99999.0,99999.0,99999.0,99999.0,99999.0,99999.0,99999.0,99999.0,99999.0,99999.0,99999.0,99999.0,99999.0,99999.0,99999.0,99999.0,99999.0,99999.0,99999.0,99999.0,99999.0,99999.0,99999.0,99999.0,99999.0,99999.0,99999.0,99999.0,99999.0,99999.0,99999.0,99999.0,99999.0,99999.0,99999.0,99999.0,99999.0,99999.0,99999.0,99999.0,99999.0,99999.0,99999.0,99999.0,99999.0,99999.0,99999.0,99999.0,99999.0,99999.0,99999.0,99999.0,99999.0,99999.0,99999.0,99999.0,99999.0,99999.0,99999.0,99999.0,99999.0,99999.0,99999.0,99999.0,99999.0,99999.0,99999.0,99999.0,99999.0,99999.0,99999.0,99999.0,99999.0,99999.0,99999.0,99999.0,99999.0,99999.0,99999.0,99999.0,99999.0,99999.0,99999.0,99999.0,99999.0,99999.0,99999.0,99999.0,99999.0,99999.0,99999.0,99999.0,99999.0,99999.0,99999.0,99999.0,99999.0,99999.0,99999.0,99999.0,99999.0,99999.0,99999.0,99999.0,99999.0,99999.0,99999.0,99999.0,99999.0,99999.0,99999.0,99999.0,99999.0,99999.0,99999.0,99999.0,99999.0,99999.0,99999.0,99999.0,99999.0,99999.0,99999.0,99999.0,99999.0,99999.0,99999.0,99999.0,99999.0,99999.0,99999.0,99999.0,99999.0,99999.0,99999.0,99999.0,99999.0,99999.0,99999.0,99999.0,99999.0,99999.0,99999.0,99999.0,99999.0,99999.0,99999.0,99999.0,99999.0,99999.0,99999.0,99999.0,99999.0,99999.0,99999.0,99999.0,99999.0,99999.0,99999.0,99999.0,99999.0,99999.0,99999.0,99999.0,99999.0,99999.0,99999.0,99999.0,99999.0,99999.0,99999.0,99999.0,99999.0,99999.0,99999.0,99999.0,99999.0,99999.0,99999.0,99999.0,99999.0,99999.0,99999.0,99999.0,99999.0,99999.0,99999.0,99999.0,99999.0,99999.0,99999.0,99999.0,99999.0,99999.0,99999.0,99999.0,99999.0,99999.0,99999.0,99999.0,99999.0,99999.0,99999.0,99999.0,99999.0
99999.0,99999.0,99999.0,99999.0,99999.0,99999.0,99999.0,99999.0,99999.0,99999.0,99999.0,99999.0,99999.0,99999.0,99999.0,99999.0,99999.0,99999.0,99999.0,99999.0,99999.0,99999.0,99999.0,99999.0,99999.0,99999.0,99999.0,99999.0,99999.0,99999.0,99999.0,99999.0,99999.0,99999.0,99999.0,99999.0,99999.0,99999.0,99999.0,99999.0,99999.0,99999.0,99999.0,99999.0,99999.0,99999.0,99999.0,99999.0,99999.0,99999.0,99999.0,99999.0,99999.0,99999.0,99999.0,99999.0,99999.0,99999.0,99999.0,99999.0,99999.0,99999.0,99999.0,99999.0,99999.0,99999.0,99999.0,99999.0,99999.0,99999.0,99999.0,99999.0,99999.0,99999.0,99999.0,99999.0,99999.0,99999.0,99999.0,99999.0,99999.0,99999.0,99999.0,99999.0,99999.0,99999.0,99999.0,99999.0,99999.0,99999.0,99999.0,99999.0,99999.0,99999.0,99999.0,99999.0,99999.0,99999.0,99999.0,99999.0,99999.0,99999.0,99999.0,99999.0,99999.0,99999.0,99999.0,99999.0,99999.0,99999.0,99999.0,99999.0,99999.0,99999.0,99999.0,99999.0,99999.0,99999.0,99999.0,99999.0,99999.0,99999.0,99999.0,99999.0,99999.0,99999.0,99999.0,99999.0,99999.0,99999.0,99999.0,99999.0,99999.0,99999.0,99999.0,99999.0,99999.0,99999.0,99999.0,99999.0,99999.0,99999.0,99999.0,99999.0,99999.0,99999.0,99999.0,99999.0,99999.0,99999.0,99999.0,99999.0,99999.0,99999.0,99999.0,99999.0,99999.0,99999.0,99999.0,99999.0,99999.0,99999.0,99999.0,99999.0,99999.0,99999.0,99999.0,99999.0,99999.0,99999.0,99999.0,99999.0,99999.0,99999.0,99999.0,99999.0,99999.0,99999.0,99999.0,99999.0,99999.0,99999.0,99999.0,99999.0,99999.0,99999.0,99999.0,99999.0,99999.0,99999.0,99999.0,99999.0,99999.0,99999.0,99999.0,99999.0,99999.0,99999.0,99999.0,99999.0,99999.0,99999.0,99999.0,99999.0,99999.0,99999.0,99999.0,99999.0,99999.0,99999.0,99999.0,99999.0,99999.0,99999.0,99999.0,99999.0,99999.0,99999.0,99999.0,99999.0,99999.0,99999.0,99999.0,99999.0,99999.0,99999.0,99999.0,99999.0,99999.0,99999.0,99999.0,99999.0,99999.0,99999.0,99999.0,99999.0,99999.0,99999.0,99999.0,99999.0,99999.0,99999.0,99999.0,99999.0,99999.0,99999.0,99999.0,99999.0,99999.0,99999.0,99999.0,99999.0,99999.0,99999.0,99999.0,99999.0,99999.0,99999.0,99999.0,99999.0,99999.0,99999.0,99999.0,99999.0,99999.0,99999.0,99999.0,99999.0,99999.0,99999.0,99999.0,99999.0,99999.0,99999.0,99999.0,99999.0,99999.0,99999.0,99999.0,99999.0,99999.0,99999.0,99999.0,99999.0,99999.0,99999.0,99999.0,99999.0,99999.0,99999.0,99999.0,99999.0,99999.0,99999.0,99999.0,99999.0,99999.0,99999.0,99999.0,99999.0,99999.0,99999.0,99999.0,99999.0,99999.0,99999.0,99999.0,99999.0,99999.0,99999.0,99999.0,99999.0,99999.0,99999.0,99999.0,99999.0,99999.0,99999.0,99999.0,99999.0,99999.0,99999.0,99999.0,99999.0,99999.0,99999.0,99999.0,99999.0,99999.0,99999.0,99999.0,99999.0,99999.0,99999.0,99999.0,99999.0,99999.0,99999.0,99999.0,99999.0,99999.0,99999.0,99999.0,99999.0,99999.0,99999.0,99999.0,99999.0,99999.0,99999.0,99999.0,99999.0,99999.0,99999.0,99999.0,99999.0,99999.0,99999.0,99999.0,99999.0
99999.0,99999.0,99999.0,99999.0,99999.0,99999.0,99999.0,99999.0,99999.0,99999.0,99999.0,99999.0,99999.0,99999.0,99999.0,99999.0,99999.0,99999.0,99999.0,99999.0,99999.0,99999.0,99999.0,99999.0,99999.0,99999.0,99999.0,99999.0,99999.0,99999.0,99999.0,99999.0,99999.0,99999.0,99999.0,99999.0,99999.0,99999.0,99999.0,99999.0,99999.0,99999.0,99999.0,99999.0,99999.0,99999.0,99999.0,99999.0,99999.0,99999.0,99999.0,99999.0,99999.0,99999.0,99999.0,99999.0,99999.0,99999.0,99999.0,99999.0,99999.0,99999.0,99999.0,99999.0,99999.0,99999.0,99999.0,99999.0,99999.0,99999.0,99999.0,99999.0,99999.0,99999.0,99999.0,99999.0,99999.0,99999.0,99999.0,99999.0,99999.0,99999.0,99999.0,99999.0,99999.0,99999.0,99999.0,99999.0,99999.0,99999.0,99999.0,99999.0,99999.0,99999.0,99999.0,99999.0,99999.0,99999.0,99999.0,99999.0,99999.0,99999.0,99999.0,99999.0,99999.0,99999.0,99999.0,99999.0,99999.0,99999.0,99999.0,99999.0,99999.0,99999.0,99999.0,99999.0,99999.0,99999.0,99999.0,99999.0,99999.0,99999.0,99999.0,99999.0,99999.0,99999.0,99999.0,99999.0,99999.0,99999.0,99999.0,99999.0,99999.0,99999.0,99999.0,99999.0,99999.0,99999.0,99999.0,99999.0,99999.0,99999.0,99999.0,99999.0,99999.0,99999.0,99999.0,99999.0,99999.0,99999.0,99999.0,99999.0,99999.0,99999.0,99999.0,99999.0,99999.0,99999.0,99999.0,99999.0,99999.0,99999.0,99999.0,99999.0,99999.0,99999.0,99999.0,99999.0,99999.0,99999.0,99999.0,99999.0,99999.0,99999.0,99999.0,99999.0,99999.0,99999.0,99999.0,99999.0,99999.0,99999.0,99999.0,99999.0,99999.0,99999.0,99999.0,99999.0,99999.0,99999.0,99999.0,99999.0,99999.0,99999.0,99999.0,99999.0,99999.0,99999.0,99999.0,99999.0,99999.0,99999.0,99999.0,99999.0,99999.0,99999.0,99999.0,99999.0,99999.0,99999.0,99999.0,99999.0,99999.0,99999.0,99999.0,99999.0,99999.0,99999.0,99999.0,99999.0,99999.0,99999.0,99999.0,99999.0,99999.0,99999.0,99999.0,99999.0,99999.0,99999.0,99999.0,99999.0,99999.0,99999.0,99999.0,99999.0,99999.0,99999.0,99999.0,99999.0,99999.0,99999.0,99999.0,99999.0,99999.0,99999.0,99999.0,99999.0,99999.0,99999.0,99999.0,99999.0,99999.0,99999.0,99999.0,99999.0,99999.0,99999.0,99999.0,99999.0,99999.0,99999.0,99999.0,99999.0,99999.0,99999.0,99999.0,99999.0,99999.0,99999.0,99999.0,99999.0,99999.0,99999.0,99999.0,99999.0,99999.0,99999.0,99999.0,99999.0,99999.0,99999.0,99999.0,99999.0,99999.0,99999.0,99999.0,99999.0,99999.0,99999.0,99999.0,99999.0,99999.0,99999.0,99999.0,99999.0,99999.0,99999.0,99999.0,99999.0,99999.0,99999.0,99999.0,99999.0,99999.0,99999.0,99999.0,99999.0,99999.0,99999.0,99999.0,99999.0,99999.0,99999.0,99999.0,99999.0,99999.0,99999.0,99999.0,99999.0,99999.0,99999.0,99999.0,99999.0,99999.0,99999.0,99999.0,99999.0,99999.0,99999.0,99999.0,99999.0,99999.0,99999.0,99999.0,99999.0,99999.0,99999.0,99999.0,99999.0,99999.0,99999.0,99999.0,99999.0,99999.0,99999.0,99999.0,99999.0,99999.0,99999.0,99999.0,99999.0,99999.0,99999.0,99999.0,99999.0,99999.0,99999.0,99999.0,99999.0
99999.0,99999.0,99999.0,99999.0,99999.0,99999.0,99999.0,99999.0,99999.0,99999.0,99999.0,99999.0,99999.0,99999.0,99999.0,99999.0,99999.0,99999.0,99999.0,99999.0,99999.0,99999.0,99999.0,99999.0,99999.0,99999.0,99999.0,99999.0,99999.0,99999.0,99999.0,99999.0,99999.0,99999.0,99999.0,99999.0,99999.0,99999.0,99999.0,99999.0,99999.0,99999.0,99999.0,99999.0,99999.0,99999.0,99999.0,99999.0,99999.0,99999.0,99999.0,99999.0,99999.0,99999.0,99999.0,99999.0,99999.0,99999.0,99999.0,99999.0,99999.0,99999.0,99999.0,99999.0,99999.0,99999.0,99999.0,99999.0,99999.0,99999.0,99999.0,99999.0,99999.0,99999.0,99999.0,99999.0,99999.0,99999.0,99999.0,99999.0,99999.0,99999.0,99999.0,99999.0,99999.0,99999.0,99999.0,99999.0,99999.0,99999.0,99999.0,99999.0,99999.0,99999.0,99999.0,99999.0,99999.0,99999.0,99999.0,99999.0,99999.0,99999.0,99999.0,99999.0,99999.0,99999.0,99999.0,99999.0,99999.0,99999.0,99999.0,99999.0,99999.0,99999.0,99999.0,99999.0,99999.0,99999.0,99999.0,99999.0,99999.0,99999.0,99999.0,99999.0,99999.0,99999.0,99999.0,99999.0,99999.0,99999.0,99999.0,99999.0,99999.0,99999.0,99999.0,99999.0,99999.0,99999.0,99999.0,99999.0,99999.0,99999.0,99999.0,99999.0,99999.0,99999.0,99999.0,99999.0,99999.0,99999.0,99999.0,99999.0,99999.0,99999.0,99999.0,99999.0,99999.0,99999.0,99999.0,99999.0,99999.0,99999.0,99999.0,99999.0,99999.0,99999.0,99999.0,99999.0,99999.0,99999.0,99999.0,99999.0,99999.0,99999.0,99999.0,99999.0,99999.0,99999.0,99999.0,99999.0,99999.0,99999.0,99999.0,99999.0,99999.0,99999.0,99999.0,99999.0,99999.0,99999.0,99999.0,99999.0,99999.0,99999.0,99999.0,99999.0,99999.0,99999.0,99999.0,99999.0,99999.0,99999.0,99999.0,99999.0,99999.0,99999.0,99999.0,99999.0,99999.0,99999.0,99999.0,99999.0,99999.0,99999.0,99999.0,99999.0,99999.0,99999.0,99999.0,99999.0,99999.0,99999.0,99999.0,99999.0,99999.0,99999.0,99999.0,99999.0,99999.0,99999.0,99999.0,99999.0,99999.0,99999.0,99999.0,99999.0,99999.0,99999.0,99999.0,99999.0,99999.0,99999.0,99999.0,99999.0,99999.0,99999.0,99999.0,99999.0,99999.0,99999.0,99999.0,99999.0,99999.0,99999.0,99999.0,99999.0,99999.0,99999.0,99999.0,99999.0,99999.0,99999.0,99999.0,99999.0,99999.0,99999.0,99999.0,99999.0,99999.0,99999.0,99999.0,99999.0,99999.0,99999.0,99999.0,99999.0,99999.0,99999.0,99999.0,99999.0,99999.0,99999.0,99999.0,99999.0,99999.0,99999.0,99999.0,99999.0,99999.0,99999.0,99999.0,99999.0,99999.0,99999.0,99999.0,99999.0,99999.0,99999.0,99999.0,99999.0,99999.0,99999.0,99999.0,99999.0,99999.0,99999.0,99999.0,99999.0,99999.0,99999.0,99999.0,99999.0,99999.0,99999.0,99999.0,99999.0,99999.0,99999.0,99999.0,99999.0,99999.0,99999.0,99999.0,99999.0,99999.0,99999.0,99999.0,99999.0,99999.0,99999.0,99999.0,99999.0,99999.0,99999.0,99999.0,99999.0,99999.0,99999.0,99999.0,99999.0,99999.0,99999.0,99999.0,99999.0,99999.0,99999.0,99999.0,99999.0,99999.0,99999.0,99999.0,99999.0,99999.0,99999.0,99999.0,99999.0,99999.0,99999.0,99999.0,99999.0
99999.0,99999.0,99999.0,99999.0,99999.0,99999.0,99999.0,99999.0,99999.0,99999.0,99999.0,99999.0,99999.0,99999.0,99999.0,99999.0,99999.0,99999.0,99999.0,99999.0,99999.0,99999.0,99999.0,99999.0,99999.0,99999.0,99999.0,99999.0,99999.0,99999.0,99999.0,99999.0,99999.0,99999.0,99999.0,99999.0,99999.0,99999.0,99999.0,99999.0,99999.0,99999.0,99999.0,99999.0,99999.0,99999.0,99999.0,99999.0,99999.0,99999.0,99999.0,99999.0,99999.0,99999.0,99999.0,99999.0,99999.0,99999.0,99999.0,99999.0,99999.0,99999.0,99999.0,99999.0,99999.0,99999.0,99999.0,99999.0,99999.0,99999.0,99999.0,99999.0,99999.0,99999.0,99999.0,99999.0,99999.0,99999.0,99999.0,99999.0,99999.0,99999.0,99999.0,99999.0,99999.0,99999.0,99999.0,99999.0,99999.0,99999.0,99999.0,99999.0,99999.0,99999.0,99999.0,99999.0,99999.0,99999.0,99999.0,99999.0,99999.0,99999.0,99999.0,99999.0,99999.0,99999.0,99999.0,99999.0,99999.0,99999.0,99999.0,99999.0,99999.0,99999.0,99999.0,99999.0,99999.0,99999.0,99999.0,99999.0,99999.0,99999.0,99999.0,99999.0,99999.0,99999.0,99999.0,99999.0,99999.0,99999.0,99999.0,99999.0,99999.0,99999.0,99999.0,99999.0,99999.0,99999.0,99999.0,99999.0,99999.0,99999.0,99999.0,99999.0,99999.0,99999.0,99999.0,99999.0,99999.0,99999.0,99999.0,99999.0,99999.0,99999.0,99999.0,99999.0,99999.0,99999.0,99999.0,99999.0,99999.0,99999.0,99999.0,99999.0,99999.0,99999.0,99999.0,99999.0,99999.0,99999.0,99999.0,99999.0,99999.0,99999.0,99999.0,99999.0,99999.0,99999.0,99999.0,99999.0,99999.0,99999.0,99999.0,99999.0,99999.0,99999.0,99999.0,99999.0,99999.0,99999.0,99999.0,99999.0,99999.0,99999.0,99999.0,99999.0,99999.0,99999.0,99999.0,99999.0,99999.0,99999.0,99999.0,99999.0,99999.0,99999.0,99999.0,99999.0,99999.0,99999.0,99999.0,99999.0,99999.0,99999.0,99999.0,99999.0,99999.0,99999.0,99999.0,99999.0,99999.0,99999.0,99999.0,99999.0,99999.0,99999.0,99999.0,99999.0,99999.0,99999.0,99999.0,99999.0,99999.0,99999.0,99999.0,99999.0,99999.0,99999.0,99999.0,99999.0,99999.0,99999.0,99999.0,99999.0,99999.0,99999.0,99999.0,99999.0,99999.0,99999.0,99999.0,99999.0,99999.0,99999.0,99999.0,99999.0,99999.0,99999.0,99999.0,99999.0,99999.0,99999.0,99999.0,99999.0,99999.0,99999.0,99999.0,99999.0,99999.0,99999.0,99999.0,99999.0,99999.0,99999.0,99999.0,99999.0,99999.0,99999.0,99999.0,99999.0,99999.0,99999.0,99999.0,99999.0,99999.0,99999.0,99999.0,99999.0,99999.0,99999.0,99999.0,99999.0,99999.0,99999.0,99999.0,99999.0,99999.0,99999.0,99999.0,99999.0,99999.0,99999.0,99999.0,99999.0,99999.0,99999.0,99999.0,99999.0,99999.0,99999.0,99999.0,99999.0,99999.0,99999.0,99999.0,99999.0,99999.0,99999.0,99999.0,99999.0,99999.0,99999.0,99999.0,99999.0,99999.0,99999.0,99999.0,99999.0,99999.0,99999.0,99999.0,99999.0,99999.0,99999.0,99999.0,99999.0,99999.0,99999.0,99999.0,99999.0,99999.0,99999.0,99999.0,99999.0,99999.0,99999.0,99999.0,99999.0,99999.0,99999.0,99999.0,99999.0,99999.0,99999.0,99999.0,99999.0,99999.0,99999.0,99999.0,99999.0
99999.0,99999.0,99999.0,99999.0,99999.0,99999.0,99999.0,99999.0,99999.0,99999.0,99999.0,99999.0,99999.0,99999.0,99999.0,99999.0,99999.0,99999.0,99999.0,99999.0,99999.0,99999.0,99999.0,99999.0,99999.0,99999.0,99999.0,99999.0,99999.0,99999.0,99999.0,99999.0,99999.0,99999.0,99999.0,99999.0,99999.0,99999.0,99999.0,99999.0,99999.0,99999.0,99999.0,99999.0,99999.0,99999.0,99999.0,99999.0,99999.0,99999.0,99999.0,99999.0,99999.0,99999.0,99999.0,99999.0,99999.0,99999.0,99999.0,99999.0,99999.0,99999.0,99999.0,99999.0,99999.0,99999.0,99999.0,99999.0,99999.0,99999.0,99999.0,99999.0,99999.0,99999.0,99999.0,99999.0,99999.0,99999.0,99999.0,99999.0,99999.0,99999.0,99999.0,99999.0,99999.0,99999.0,99999.0,99999.0,99999.0,99999.0,99999.0,99999.0,99999.0,99999.0,99999.0,99999.0,99999.0,99999.0,99999.0,99999.0,99999.0,99999.0,99999.0,99999.0,99999.0,99999.0,99999.0,99999.0,99999.0,99999.0,99999.0,99999.0,99999.0,99999.0,99999.0,99999.0,99999.0,99999.0,99999.0,99999.0,99999.0,99999.0,99999.0,99999.0,99999.0,99999.0,99999.0,99999.0,99999.0,99999.0,99999.0,99999.0,99999.0,99999.0,99999.0,99999.0,99999.0,99999.0,99999.0,99999.0,99999.0,99999.0,99999.0,99999.0,99999.0,99999.0,99999.0,99999.0,99999.0,99999.0,99999.0,99999.0,99999.0,99999.0,99999.0,99999.0,99999.0,99999.0,99999.0,99999.0,99999.0,99999.0,99999.0,99999.0,99999.0,99999.0,99999.0,99999.0,99999.0,99999.0,99999.0,99999.0,99999.0,99999.0,99999.0,99999.0,99999.0,99999.0,99999.0,99999.0,99999.0,99999.0,99999.0,99999.0,99999.0,99999.0,99999.0,99999.0,99999.0,99999.0,99999.0,99999.0,99999.0,99999.0,99999.0,99999.0,99999.0,99999.0,99999.0,99999.0,99999.0,99999.0,99999.0,99999.0,99999.0,99999.0,99999.0,99999.0,99999.0,99999.0,99999.0,99999.0,99999.0,99999.0,99999.0,99999.0,99999.0,99999.0,99999.0,99999.0,99999.0,99999.0,99999.0,99999.0,99999.0,99999.0,99999.0,99999.0,99999.0,99999.0,99999.0,99999.0,99999.0,99999.0,99999.0,99999.0,99999.0,99999.0,99999.0,99999.0,99999.0,99999.0,99999.0,99999.0,99999.0,99999.0,99999.0,99999.0,99999.0,99999.0,99999.0,99999.0,99999.0,99999.0,99999.0,99999.0,99999.0,99999.0,99999.0,99999.0,99999.0,99999.0,99999.0,99999.0,99999.0,99999.0,99999.0,99999.0,99999.0,99999.0,99999.0,99999.0,99999.0,99999.0,99999.0,99999.0,99999.0,99999.0,99999.0,99999.0,99999.0,99999.0,99999.0,99999.0,99999.0,99999.0,99999.0,99999.0,99999.0,99999.0,99999.0,99999.0,99999.0,99999.0,99999.0,99999.0,99999.0,99999.0,99999.0,99999.0,99999.0,99999.0,99999.0,99999.0,99999.0,99999.0,99999.0,99999.0,99999.0,99999.0,99999.0,99999.0,99999.0,99999.0,99999.0,99999.0,99999.0,99999.0,99999.0,99999.0,99999.0,99999.0,99999.0,99999.0,99999.0,99999.0,99999.0,99999.0,99999.0,99999.0,99999.0,99999.0,99999.0,99999.0,99999.0,99999.0,99999.0,99999.0,99999.0,99999.0,99999.0,99999.0,99999.0,99999.0,99999.0,99999.0,99999.0,99999.0,99999.0,99999.0,99999.0,99999.0,99999.0,99999.0,99999.0,99999.0,99999.0,99999.0,99999.0,99999.0
99999.0,99999.0,99999.0,99999.0,99999.0,99999.0,99999.0,99999.0,99999.0,99999.0,99999.0,99999.0,99999.0,99999.0,99999.0,99999.0,99999.0,99999.0,99999.0,99999.0,99999.0,99999.0,99999.0,99999.0,99999.0,99999.0,99999.0,99999.0,99999.0,99999.0,99999.0,99999.0,99999.0,99999.0,99999.0,99999.0,99999.0,99999.0,99999.0,99999.0,99999.0,99999.0,99999.0,99999.0,99999.0,99999.0,99999.0,99999.0,99999.0,99999.0,99999.0,99999.0,99999.0,99999.0,99999.0,99999.0,99999.0,99999.0,99999.0,99999.0,99999.0,99999.0,99999.0,99999.0,99999.0,99999.0,99999.0,99999.0,99999.0,99999.0,99999.0,99999.0,99999.0,99999.0,99999.0,99999.0,99999.0,99999.0,99999.0,99999.0,99999.0,99999.0,99999.0,99999.0,99999.0,99999.0,99999.0,99999.0,99999.0,99999.0,99999.0,99999.0,99999.0,99999.0,99999.0,99999.0,99999.0,99999.0,99999.0,99999.0,99999.0,99999.0,99999.0,99999.0,99999.0,99999.0,99999.0,99999.0,99999.0,99999.0,99999.0,99999.0,99999.0,99999.0,99999.0,99999.0,99999.0,99999.0,99999.0,99999.0,99999.0,99999.0,99999.0,99999.0,99999.0,99999.0,99999.0,99999.0,99999.0,99999.0,99999.0,99999.0,99999.0,99999.0,99999.0,99999.0,99999.0,99999.0,99999.0,99999.0,99999.0,99999.0,99999.0,99999.0,99999.0,99999.0,99999.0,99999.0,99999.0,99999.0,99999.0,99999.0,99999.0,99999.0,99999.0,99999.0,99999.0,99999.0,99999.0,99999.0,99999.0,99999.0,99999.0,99999.0,99999.0,99999.0,99999.0,99999.0,99999.0,99999.0,99999.0,99999.0,99999.0,99999.0,99999.0,99999.0,99999.0,99999.0,99999.0,99999.0,99999.0,99999.0,99999.0,99999.0,99999.0,99999.0,99999.0,99999.0,99999.0,99999.0,99999.0,99999.0,99999.0,99999.0,99999.0,99999.0,99999.0,99999.0,99999.0,99999.0,99999.0,99999.0,99999.0,99999.0,99999.0,99999.0,99999.0,99999.0,99999.0,99999.0,99999.0,99999.0,99999.0,99999.0,99999.0,99999.0,99999.0,99999.0,99999.0,99999.0,99999.0,99999.0,99999.0,99999.0,99999.0,99999.0,99999.0,99999.0,99999.0,99999.0,99999.0,99999.0,99999.0,99999.0,99999.0,99999.0,99999.0,99999.0,99999.0,99999.0,99999.0,99999.0,99999.0,99999.0,99999.0,99999.0,99999.0,99999.0,99999.0,99999.0,99999.0,99999.0,99999.0,99999.0,99999.0,99999.0,99999.0,99999.0,99999.0,99999.0,99999.0,99999.0,99999.0,99999.0,99999.0,99999.0,99999.0,99999.0,99999.0,99999.0,99999.0,99999.0,99999.0,99999.0,99999.0,99999.0,99999.0,99999.0,99999.0,99999.0,99999.0,99999.0,99999.0,99999.0,99999.0,99999.0,99999.0,99999.0,99999.0,99999.0,99999.0,99999.0,99999.0,99999.0,99999.0,99999.0,99999.0,99999.0,99999.0,99999.0,99999.0,99999.0,99999.0,99999.0,99999.0,99999.0,99999.0,99999.0,99999.0,99999.0,99999.0,99999.0,99999.0,99999.0,99999.0,99999.0,99999.0,99999.0,99999.0,99999.0,99999.0,99999.0,99999.0,99999.0,99999.0,99999.0,99999.0,99999.0,99999.0,99999.0,99999.0,99999.0,99999.0,99999.0,99999.0,99999.0,99999.0,99999.0,99999.0,99999.0,99999.0,99999.0,99999.0,99999.0,99999.0,99999.0,99999.0,99999.0,99999.0,99999.0,99999.0,99999.0,99999.0,99999.0,99999.0,99999.0,99999.0,99999.0,99999.0,99999.0
99999.0,99999.0,99999.0,99999.0,99999.0,99999.0,99999.0,99999.0,99999.0,99999.0,99999.0,99999.0,99999.0,99999.0,99999.0,99999.0,99999.0,99999.0,99999.0,99999.0,99999.0,99999.0,99999.0,99999.0,99999.0,99999.0,99999.0,99999.0,99999.0,99999.0,99999.0,99999.0,99999.0,99999.0,99999.0,99999.0,99999.0,99999.0,99999.0,99999.0,99999.0,99999.0,99999.0,99999.0,99999.0,99999.0,99999.0,99999.0,99999.0,99999.0,99999.0,99999.0,99999.0,99999.0,99999.0,99999.0,99999.0,99999.0,99999.0,99999.0,99999.0,99999.0,99999.0,99999.0,99999.0,99999.0,99999.0,99999.0,99999.0,99999.0,99999.0,99999.0,99999.0,99999.0,99999.0,99999.0,99999.0,99999.0,99999.0,99999.0,99999.0,99999.0,99999.0,99999.0,99999.0,99999.0,99999.0,99999.0,99999.0,99999.0,99999.0,99999.0,99999.0,99999.0,99999.0,99999.0,99999.0,99999.0,99999.0,99999.0,99999.0,99999.0,99999.0,99999.0,99999.0,99999.0,99999.0,99999.0,99999.0,99999.0,99999.0,99999.0,99999.0,99999.0,99999.0,99999.0,99999.0,99999.0,99999.0,99999.0,99999.0,99999.0,99999.0,99999.0,99999.0,99999.0,99999.0,99999.0,99999.0,99999.0,99999.0,99999.0,99999.0,99999.0,99999.0,99999.0,99999.0,99999.0,99999.0,99999.0,99999.0,99999.0,99999.0,99999.0,99999.0,99999.0,99999.0,99999.0,99999.0,99999.0,99999.0,99999.0,99999.0,99999.0,99999.0,99999.0,99999.0,99999.0,99999.0,99999.0,99999.0,99999.0,99999.0,99999.0,99999.0,99999.0,99999.0,99999.0,99999.0,99999.0,99999.0,99999.0,99999.0,99999.0,99999.0,99999.0,99999.0,99999.0,99999.0,99999.0,99999.0,99999.0,99999.0,99999.0,99999.0,99999.0,99999.0,99999.0,99999.0,99999.0,99999.0,99999.0,99999.0,99999.0,99999.0,99999.0,99999.0,99999.0,99999.0,99999.0,99999.0,99999.0,99999.0,99999.0,99999.0,99999.0,99999.0,99999.0,99999.0,99999.0,99999.0,99999.0,99999.0,99999.0,99999.0,99999.0,99999.0,99999.0,99999.0,99999.0,99999.0,99999.0,99999.0,99999.0,99999.0,99999.0,99999.0,99999.0,99999.0,99999.0,99999.0,99999.0,99999.0,99999.0,99999.0,99999.0,99999.0,99999.0,99999.0,99999.0,99999.0,99999.0,99999.0,99999.0,99999.0,99999.0,99999.0,99999.0,99999.0,99999.0,99999.0,99999.0,99999.0,99999.0,99999.0,99999.0,99999.0,99999.0,99999.0,99999.0,99999.0,99999.0,99999.0,99999.0,99999.0,99999.0,99999.0,99999.0,99999.0,99999.0,99999.0,99999.0,99999.0,99999.0,99999.0,99999.0,99999.0,99999.0,99999.0,99999.0,99999.0,99999.0,99999.0,99999.0,99999.0,99999.0,99999.0,99999.0,99999.0,99999.0,99999.0,99999.0,99999.0,99999.0,99999.0,99999.0,99999.0,99999.0,99999.0,99999.0,99999.0,99999.0,99999.0,99999.0,99999.0,99999.0,99999.0,99999.0,99999.0,99999.0,99999.0,99999.0,99999.0,99999.0,99999.0,99999.0,99999.0,99999.0,99999.0,99999.0,99999.0,99999.0,99999.0,99999.0,99999.0,99999.0,99999.0,99999.0,99999.0,99999.0,99999.0,99999.0,99999.0,99999.0,99999.0,99999.0,99999.0,99999.0,99999.0,99999.0,99999.0,99999.0,99999.0,99999.0,99999.0,99999.0,99999.0,99999.0,99999.0,99999.0,99999.0,99999.0,99999.0,99999.0,99999.0,99999.0,99999.0,99999.0,99999.0,99999.0
99999.0,99999.0,99999.0,99999.0,99999.0,99999.0,99999.0,99999.0,99999.0,99999.0,99999.0,99999.0,99999.0,99999.0,99999.0,99999.0,99999.0,99999.0,99999.0,99999.0,99999.0,99999.0,99999.0,99999.0,99999.0,99999.0,99999.0,99999.0,99999.0,99999.0,99999.0,99999.0,99999.0,99999.0,99999.0,99999.0,99999.0,99999.0,99999.0,99999.0,99999.0,99999.0,99999.0,99999.0,99999.0,99999.0,99999.0,99999.0,99999.0,99999.0,99999.0,99999.0,99999.0,99999.0,99999.0,99999.0,99999.0,99999.0,99999.0,99999.0,99999.0,99999.0,99999.0,99999.0,99999.0,99999.0,99999.0,99999.0,99999.0,99999.0,99999.0,99999.0,99999.0,99999.0,99999.0,99999.0,99999.0,99999.0,99999.0,99999.0,99999.0,99999.0,99999.0,99999.0,99999.0,99999.0,99999.0,99999.0,99999.0,99999.0,99999.0,99999.0,99999.0,99999.0,99999.0,99999.0,99999.0,99999.0,99999.0,99999.0,99999.0,99999.0,99999.0,99999.0,99999.0,99999.0,99999.0,99999.0,99999.0,99999.0,99999.0,99999.0,99999.0,99999.0,99999.0,99999.0,99999.0,99999.0,99999.0,99999.0,99999.0,99999.0,99999.0,99999.0,99999.0,99999.0,99999.0,99999.0,99999.0,99999.0,99999.0,99999.0,99999.0,99999.0,99999.0,99999.0,99999.0,99999.0,99999.0,99999.0,99999.0,99999.0,99999.0,99999.0,99999.0,99999.0,99999.0,99999.0,99999.0,99999.0,99999.0,99999.0,99999.0,99999.0,99999.0,99999.0,99999.0,99999.0,99999.0,99999.0,99999.0,99999.0,99999.0,99999.0,99999.0,99999.0,99999.0,99999.0,99999.0,99999.0,99999.0,99999.0,99999.0,99999.0,99999.0,99999.0,99999.0,99999.0,99999.0,99999.0,99999.0,99999.0,99999.0,99999.0,99999.0,99999.0,99999.0,99999.0,99999.0,99999.0,99999.0,99999.0,99999.0,99999.0,99999.0,99999.0,99999.0,99999.0,99999.0,99999.0,99999.0,99999.0,99999.0,99999.0,99999.0,99999.0,99999.0,99999.0,99999.0,99999.0,99999.0,99999.0,99999.0,99999.0,99999.0,99999.0,99999.0,99999.0,99999.0,99999.0,99999.0,99999.0,99999.0,99999.0,99999.0,99999.0,99999.0,99999.0,99999.0,99999.0,99999.0,99999.0,99999.0,99999.0,99999.0,99999.0,99999.0,99999.0,99999.0,99999.0,99999.0,99999.0,99999.0,99999.0,99999.0,99999.0,99999.0,99999.0,99999.0,99999.0,99999.0,99999.0,99999.0,99999.0,99999.0,99999.0,99999.0,99999.0,99999.0,99999.0,99999.0,99999.0,99999.0,99999.0,99999.0,99999.0,99999.0,99999.0,99999.0,99999.0,99999.0,99999.0,99999.0,99999.0,99999.0,99999.0,99999.0,99999.0,99999.0,99999.0,99999.0,99999.0,99999.0,99999.0,99999.0,99999.0,99999.0,99999.0,99999.0,99999.0,99999.0,99999.0,99999.0,99999.0,99999.0,99999.0,99999.0,99999.0,99999.0,99999.0,99999.0,99999.0,99999.0,99999.0,99999.0,99999.0,99999.0,99999.0,99999.0,99999.0,99999.0,99999.0,99999.0,99999.0,99999.0,99999.0,99999.0,99999.0,99999.0,99999.0,99999.0,99999.0,99999.0,99999.0,99999.0,99999.0,99999.0,99999.0,99999.0,99999.0,99999.0,99999.0,99999.0,99999.0,99999.0,99999.0,99999.0,99999.0,99999.0,99999.0,99999.0,99999.0,99999.0,99999.0,99999.0,99999.0,99999.0,99999.0,99999.0,99999.0,99999.0,99999.0,99999.0,99999.0,99999.0,99999.0,99999.0,99999.0,99999.0,99999.0
99999.0,99999.0,99999.0,99999.0,99999.0,99999.0,99999.0,99999.0,99999.0,99999.0,99999.0,99999.0,99999.0,99999.0,99999.0,99999.0,99999.0,99999.0,99999.0,99999.0,99999.0,99999.0,99999.0,99999.0,99999.0,99999.0,99999.0,99999.0,99999.0,99999.0,99999.0,99999.0,99999.0,99999.0,99999.0,99999.0,99999.0,99999.0,99999.0,99999.0,99999.0,99999.0,99999.0,99999.0,99999.0,99999.0,99999.0,99999.0,99999.0,99999.0,99999.0,99999.0,99999.0,99999.0,99999.0,99999.0,99999.0,99999.0,99999.0,99999.0,99999.0,99999.0,99999.0,99999.0,99999.0,99999.0,99999.0,99999.0,99999.0,99999.0,99999.0,99999.0,99999.0,99999.0,99999.0,99999.0,99999.0,99999.0,99999.0,99999.0,99999.0,99999.0,99999.0,99999.0,99999.0,99999.0,99999.0,99999.0,99999.0,99999.0,99999.0,99999.0,99999.0,99999.0,99999.0,99999.0,99999.0,99999.0,99999.0,99999.0,99999.0,99999.0,99999.0,99999.0,99999.0,99999.0,99999.0,99999.0,99999.0,99999.0,99999.0,99999.0,99999.0,99999.0,99999.0,99999.0,99999.0,99999.0,99999.0,99999.0,99999.0,99999.0,99999.0,99999.0,99999.0,99999.0,99999.0,99999.0,99999.0,99999.0,99999.0,99999.0,99999.0,99999.0,99999.0,99999.0,99999.0,99999.0,99999.0,99999.0,99999.0,99999.0,99999.0,99999.0,99999.0,99999.0,99999.0,99999.0,99999.0,99999.0,99999.0,99999.0,99999.0,99999.0,99999.0,99999.0,99999.0,99999.0,99999.0,99999.0,99999.0,99999.0,99999.0,99999.0,99999.0,99999.0,99999.0,99999.0,99999.0,99999.0,99999.0,99999.0,99999.0,99999.0,99999.0,99999.0,99999.0,99999.0,99999.0,99999.0,99999.0,99999.0,99999.0,99999.0,99999.0,99999.0,99999.0,99999.0,99999.0,99999.0,99999.0,99999.0,99999.0,99999.0,99999.0,99999.0,99999.0,99999.0,99999.0,99999.0,99999.0,99999.0,99999.0,99999.0,99999.0,99999.0,99999.0,99999.0,99999.0,99999.0,99999.0,99999.0,99999.0,99999.0,99999.0,99999.0,99999.0,99999.0,99999.0,99999.0,99999.0,99999.0,99999.0,99999.0,99999.0,99999.0,99999.0,99999.0,99999.0,99999.0,99999.0,99999.0,99999.0,99999.0,99999.0,99999.0,99999.0,99999.0,99999.0,99999.0,99999.0,99999.0,99999.0,99999.0,99999.0,99999.0,99999.0,99999.0,99999.0,99999.0,99999.0,99999.0,99999.0,99999.0,99999.0,99999.0,99999.0,99999.0,99999.0,99999.0,99999.0,99999.0,99999.0,99999.0,99999.0,99999.0,99999.0,99999.0,99999.0,99999.0,99999.0,99999.0,99999.0,99999.0,99999.0,99999.0,99999.0,99999.0,99999.0,99999.0,99999.0,99999.0,99999.0,99999.0,99999.0,99999.0,99999.0,99999.0,99999.0,99999.0,99999.0,99999.0,99999.0,99999.0,99999.0,99999.0,99999.0,99999.0,99999.0,99999.0,99999.0,99999.0,99999.0,99999.0,99999.0,99999.0,99999.0,99999.0,99999.0,99999.0,99999.0,99999.0,99999.0,99999.0,99999.0,99999.0,99999.0,99999.0,99999.0,99999.0,99999.0,99999.0,99999.0,99999.0,99999.0,99999.0,99999.0,99999.0,99999.0,99999.0,99999.0,99999.0,99999.0,99999.0,99999.0,99999.0,99999.0,99999.0,99999.0,99999.0,99999.0,99999.0,99999.0,99999.0,99999.0,99999.0,99999.0,99999.0,99999.0,99999.0,99999.0,99999.0,99999.0,99999.0,99999.0,99999.0,99999.0,99999.0,99999.0,99999.0
99999.0,99999.0,99999.0,99999.0,99999.0,99999.0,99999.0,99999.0,99999.0,99999.0,99999.0,99999.0,99999.0,99999.0,99999.0,99999.0,99999.0,99999.0,99999.0,99999.0,99999.0,99999.0,99999.0,99999.0,99999.0,99999.0,99999.0,99999.0,99999.0,99999.0,99999.0,99999.0,99999.0,99999.0,99999.0,99999.0,99999.0,99999.0,99999.0,99999.0,99999.0,99999.0,99999.0,99999.0,99999.0,99999.0,99999.0,99999.0,99999.0,99999.0,99999.0,99999.0,99999.0,99999.0,99999.0,99999.0,99999.0,99999.0,99999.0,99999.0,103.9,99999.0,99999.0,99999.0,99999.0,99999.0,99999.0,99999.0,99999.0,99999.0,99999.0,99999.0,99999.0,99999.0,99999.0,99999.0,99999.0,99999.0,99999.0,99999.0,99999.0,99999.0,99999.0,99999.0,99999.0,99999.0,99999.0,99999.0,99999.0,99999.0,99999.0,99999.0,99999.0,99999.0,99999.0,99999.0,99999.0,99999.0,99999.0,99999.0,99999.0,99999.0,99999.0,99999.0,99999.0,99999.0,99999.0,99999.0,99999.0,99999.0,99999.0,99999.0,99999.0,99999.0,99999.0,99999.0,99999.0,99999.0,99999.0,99999.0,99999.0,99999.0,99999.0,99999.0,99999.0,99999.0,99999.0,99999.0,99999.0,99999.0,99999.0,99999.0,99999.0,99999.0,99999.0,99999.0,99999.0,99999.0,99999.0,99999.0,99999.0,99999.0,99999.0,99999.0,99999.0,99999.0,99999.0,99999.0,99999.0,99999.0,99999.0,99999.0,99999.0,99999.0,99999.0,99999.0,99999.0,99999.0,99999.0,99999.0,99999.0,99999.0,99999.0,99999.0,99999.0,99999.0,99999.0,99999.0,99999.0,99999.0,99999.0,99999.0,99999.0,99999.0,99999.0,99999.0,99999.0,99999.0,99999.0,99999.0,99999.0,99999.0,99999.0,99999.0,99999.0,99999.0,99999.0,99999.0,99999.0,99999.0,99999.0,99999.0,99999.0,99999.0,99999.0,99999.0,99999.0,99999.0,99999.0,99999.0,99999.0,99999.0,99999.0,99999.0,99999.0,99999.0,99999.0,99999.0,99999.0,99999.0,99999.0,99999.0,99999.0,99999.0,99999.0,99999.0,99999.0,99999.0,99999.0,99999.0,99999.0,99999.0,99999.0,99999.0,99999.0,99999.0,99999.0,99999.0,99999.0,99999.0,99999.0,99999.0,99999.0,99999.0,99999.0,99999.0,99999.0,99999.0,99999.0,99999.0,99999.0,99999.0,99999.0,99999.0,99999.0,99999.0,99999.0,99999.0,99999.0,99999.0,99999.0,99999.0,99999.0,99999.0,99999.0,99999.0,99999.0,99999.0,99999.0,99999.0,99999.0,99999.0,99999.0,99999.0,99999.0,99999.0,99999.0,99999.0,99999.0,99999.0,99999.0,99999.0,99999.0,99999.0,99999.0,99999.0,99999.0,99999.0,99999.0,99999.0,99999.0,99999.0,99999.0,99999.0,99999.0,99999.0,99999.0,99999.0,99999.0,99999.0,99999.0,99999.0,99999.0,99999.0,99999.0,99999.0,99999.0,99999.0,99999.0,99999.0,99999.0,99999.0,99999.0,99999.0,99999.0,99999.0,99999.0,99999.0,99999.0,99999.0,99999.0,99999.0,99999.0,99999.0,99999.0,99999.0,99999.0,99999.0,99999.0,99999.0,99999.0,99999.0,99999.0,99999.0,99999.0,99999.0,99999.0,99999.0,99999.0,99999.0,99999.0,99999.0,99999.0,99999.0,99999.0,99999.0,99999.0,99999.0,99999.0,99999.0,99999.0,99999.0,99999.0,99999.0,99999.0,99999.0,99999.0,99999.0,99999.0,99999.0,99999.0,99999.0,99999.0,99999.0,99999.0,99999.0,99999.0,99999.0,99999.0,99999.0
99999.0,99999.0,99999.0,99999.0,99999.0,99999.0,99999.0,99999.0,99999.0,99999.0,99999.0,99999.0,99999.0,99999.0,99999.0,99999.0,99999.0,99999.0,99999.0,99999.0,99999.0,99999.0,99999.0,99999.0,99999.0,99999.0,99999.0,99999.0,99999.0,99999.0,99999.0,99999.0,99999.0,99999.0,99999.0,99999.0,99999.0,99999.0,99999.0,99999.0,99999.0,99999.0,99999.0,99999.0,99999.0,99999.0,99999.0,99999.0,99999.0,99999.0,99999.0,99999.0,99999.0,99999.0,111.0,111.0,108.7,99999.0,109.8,107.5,108.7,99999.0,107.5,106.3,99999.0,99999.0,114.6,99999.0,99999.0,99999.0,99999.0,99999.0,99999.0,99999.0,99999.0,99999.0,99999.0,99999.0,99999.0,99999.0,99999.0,99999.0,99999.0,99999.0,99999.0,99999.0,99999.0,99999.0,99999.0,99999.0,99999.0,99999.0,99999.0,99999.0,99999.0,99999.0,99999.0,99999.0,99999.0,99999.0,99999.0,99999.0,99999.0,99999.0,99999.0,99999.0,99999.0,99999.0,99999.0,99999.0,99999.0,99999.0,99999.0,99999.0,99999.0,99999.0,99999.0,99999.0,99999.0,99999.0,99999.0,99999.0,99999.0,100.4,99999.0,99999.0,99999.0,99999.0,154.7,145.3,170.1,146.5,163.0,154.7,177.2,99999.0,160.6,142.9,134.6,160.6,152.4,135.8,151.2,99999.0,121.7,105.1,99999.0,99999.0,209.1,127.6,166.5,144.1,113.4,116.9,101.6,120.5,122.8,99999.0,99999.0,99999.0,99999.0,99999.0,99999.0,108.7,115.7,113.4,112.2,99999.0,99999.0,99999.0,99999.0,99999.0,99999.0,99999.0,99999.0,99999.0,99999.0,99999.0,99999.0,99999.0,99999.0,99999.0,99999.0,99999.0,99999.0,99999.0,99999.0,99999.0,99999.0,99999.0,99999.0,99999.0,99999.0,99999.0,99999.0,99999.0,99999.0,99999.0,99999.0,99999.0,99999.0,99999.0,99999.0,99999.0,99999.0,99999.0,99999.0,99999.0,99999.0,99999.0,99999.0,99999.0,99999.0,99999.0,99999.0,99999.0,99999.0,99999.0,99999.0,99999.0,99999.0,99999.0,99999.0,99999.0,99999.0,99999.0,99999.0,99999.0,99999.0,99999.0,99999.0,99999.0,99999.0,99999.0,99999.0,99999.0,99999.0,99999.0,99999.0,99999.0,99999.0,99999.0,99999.0,99999.0,126.4,124.0,122.8,99999.0,99999.0,99999.0,99999.0,99999.0,99999.0,99999.0,99999.0,99999.0,99999.0,99999.0,99999.0,99999.0,99999.0,99999.0,99999.0,99999.0,99999.0,99999.0,99999.0,99999.0,99999.0,99999.0,99999.0,99999.0,99999.0,99999.0,99999.0,99999.0,99999.0,99999.0,99999.0,99999.0,99999.0,99999.0,99999.0,112.2,132.3,118.1,99999.0,99999.0,99999.0,98.0,99999.0,99999.0,99999.0,99999.0,99999.0,99999.0,99999.0,99999.0,99999.0,99999.0,99999.0,99999.0,99999.0,99999.0,99999.0,99999.0,99999.0,99999.0,99999.0,99999.0,99999.0,99999.0,99999.0,99999.0,99999.0,99999.0,99999.0,99999.0,99999.0,99999.0,99999.0,99999.0,99999.0,99999.0,99999.0,99999.0,99999.0,99999.0,99999.0,99999.0,99999.0,99999.0,99999.0,99999.0,99999.0,99999.0,99999.0,99999.0,99999.0,99999.0,99999.0,99999.0,99999.0,99999.0,99999.0,99999.0,99999.0,99999.0,99999.0,99999.0,99999.0,99999.0,99999.0,99999.0,99999.0,99999.0,99999.0,99999.0,99999.0,99999.0
99999.0,99999.0,99999.0,99999.0,99999.0,99999.0,99999.0,99999.0,99999.0,99999.0,99999.0,99999.0,99999.0,99999.0,99999.0,99999.0,99999.0,99999.0,99999.0,99999.0,99999.0,99999.0,99999.0,99999.0,99999.0,99999.0,99999.0,99999.0,99999.0,99999.0,99999.0,99999.0,99999.0,99999.0,99999.0,99999.0,99999.0,99999.0,99999.0,99999.0,99999.0,99999.0,99999.0,99999.0,99999.0,99999.0,99999.0,99999.0,99999.0,99999.0,99999.0,99999.0,99999.0,112.2,99999.0,111.0,128.7,101.6,102.8,101.6,105.1,106.3,106.3,106.3,109.8,109.8,119.3,108.7,103.9,109.8,112.2,107.5,113.4,122.8,99999.0,99999.0,99999.0,99999.0,99999.0,99999.0,99999.0,99999.0,99999.0,99999.0,99999.0,99999.0,107.5,106.3,109.8,99999.0,99999.0,108.7,99999.0,99999.0,99999.0,99999.0,99999.0,99999.0,99999.0,99999.0,99999.0,99999.0,99999.0,99999.0,114.6,112.2,114.6,116.9,118.1,115.7,114.6,114.6,112.2,112.2,99999.0,99999.0,99999.0,99999.0,99999.0,100.4,100.4,101.6,96.9,99999.0,99999.0,105.1,107.5,140.6,185.4,99999.0,194.9,180.7,211.4,179.5,181.9,166.5,164.2,164.2,190.2,170.1,179.5,189.0,158.3,157.1,151.2,148.8,147.6,161.8,211.4,142.9,150.0,126.4,120.5,129.9,118.1,105.1,96.9,99999.0,99999.0,99999.0,116.9,114.6,114.6,113.4,112.2,112.2,106.3,99999.0,99999.0,99999.0,99999.0,99999.0,99999.0,99999.0,99999.0,99999.0,99999.0,99999.0,99999.0,99999.0,99999.0,99999.0,99999.0,99999.0,99999.0,99999.0,99999.0,99999.0,99999.0,99999.0,99999.0,99999.0,99999.0,99999.0,99999.0,99999.0,99999.0,99999.0,99999.0,99999.0,125.2,99999.0,99999.0,99999.0,99999.0,99999.0,99999.0,99999.0,99999.0,99999.0,99999.0,99999.0,99999.0,99999.0,99999.0,99999.0,99999.0,99999.0,99999.0,99999.0,99999.0,99999.0,99999.0,99999.0,99999.0,99999.0,99999.0,99999.0,99999.0,99999.0,99999.0,99999.0,99999.0,99999.0,127.6,99999.0,99999.0,99999.0,99999.0,99999.0,126.4,127.6,124.0,120.5,120.5,121.7,99999.0,99999.0,99999.0,99999.0,99999.0,99999.0,99999.0,99999.0,99999.0,99999.0,99999.0,99999.0,99999.0,99999.0,99999.0,99999.0,99999.0,99999.0,99999.0,99999.0,99999.0,99999.0,99999.0,99999.0,99999.0,99999.0,99999.0,99999.0,99999.0,99999.0,99999.0,99999.0,99999.0,99999.0,99999.0,99999.0,99999.0,99999.0,99999.0,99999.0,99999.0,99999.0,99999.0,99999.0,99999.0,99999.0,99999.0,132.3,99999.0,99999.0,99999.0,99999.0,99999.0,99999.0,99999.0,99999.0,128.7,99999.0,99999.0,99999.0,99999.0,99999.0,99999.0,99999.0,99999.0,99999.0,99999.0,99999.0,99999.0,99999.0,99999.0,99999.0,99999.0,99999.0,99999.0,99999.0,99999.0,99999.0,99999.0,99999.0,99999.0,99999.0,99999.0,99999.0,99999.0,99999.0,99999.0,99999.0,99999.0,99999.0,99999.0,99999.0,99999.0,99999.0,99999.0,99999.0,99999.0,99999.0,99999.0,99999.0,99999.0,99999.0,99999.0,99999.0,99999.0,99999.0,99999.0,99999.0,99999.0,99999.0,99999.0,99999.0,99999.0,99999.0
99999.0,99999.0,99999.0,99999.0,99999.0,127.6,127.6,99999.0,99999.0,99999.0,99999.0,99999.0,99999.0,99999.0,99999.0,99999.0,99999.0,99999.0,99999.0,99999.0,99999.0,99999.0,99999.0,99999.0,99999.0,99999.0,99999.0,99999.0,99999.0,99999.0,99999.0,99999.0,99999.0,99999.0,99999.0,99999.0,99999.0,99999.0,99999.0,99999.0,99999.0,99999.0,99999.0,99999.0,99999.0,99999.0,99999.0,98.0,99999.0,99999.0,99999.0,99999.0,102.8,112.2,111.0,109.8,105.1,111.0,102.8,99.2,101.6,100.4,100.4,106.3,111.0,114.6,114.6,107.5,106.3,107.5,106.3,115.7,121.7,99999.0,99999.0,99999.0,99999.0,99999.0,99999.0,99999.0,111.0,106.3,99999.0,99999.0,106.3,108.7,99.2,112.2,99999.0,99999.0,106.3,103.9,99999.0,99999.0,99999.0,99999.0,99999.0,99999.0,99999.0,99999.0,99999.0,99999.0,99999.0,99999.0,112.2,99999.0,114.6,116.9,114.6,114.6,114.6,112.2,115.7,115.7,121.7,121.7,121.7,119.3,99999.0,100.4,100.4,102.8,101.6,99999.0,89.8,105.1,99999.0,101.6,99999.0,137.0,135.8,174.8,200.8,189.0,174.8,148.8,167.7,161.8,165.4,191.3,99999.0,99999.0,99999.0,99999.0,99999.0,99999.0,177.2,127.6,163.0,168.9,157.1,99999.0,99999.0,99999.0,99999.0,99999.0,99999.0,99999.0,116.9,115.7,111.0,111.0,112.2,109.8,109.8,116.9,119.3,115.7,113.4,99999.0,99999.0,119.3,99999.0,99999.0,99999.0,99999.0,99999.0,99999.0,99999.0,99999.0,99999.0,99999.0,99999.0,99999.0,99999.0,99999.0,99999.0,99999.0,99999.0,99999.0,99999.0,99999.0,99999.0,99999.0,99999.0,99999.0,99999.0,99999.0,99999.0,99999.0,99999.0,99999.0,99999.0,99999.0,99999.0,99999.0,99999.0,99999.0,99999.0,99999.0,99999.0,99999.0,99999.0,99999.0,99999.0,99999.0,99999.0,99999.0,99999.0,99999.0,99999.0,99999.0,99999.0,99999.0,99999.0,99999.0,99999.0,99999.0,99999.0,99999.0,99999.0,99999.0,131.1,129.9,99999.0,99999.0,99999.0,99999.0,121.7,121.7,125.2,122.8,121.7,121.7,99999.0,99999.0,99999.0,99999.0,99999.0,99999.0,99999.0,99999.0,99999.0,99999.0,99999.0,99999.0,99999.0,99999.0,99999.0,99999.0,99999.0,99999.0,99999.0,99999.0,99999.0,99999.0,99999.0,99999.0,99999.0,99999.0,99999.0,99999.0,99999.0,99999.0,99999.0,99999.0,99999.0,99999.0,99999.0,99999.0,99999.0,99999.0,99999.0,99999.0,99999.0,99999.0,99999.0,99999.0,99999.0,99999.0,99999.0,99999.0,99999.0,99999.0,99999.0,99999.0,114.6,99999.0,99999.0,99999.0,99999.0,150.0,140.6,140.6,99999.0,99999.0,99999.0,99999.0,99999.0,99999.0,99999.0,99999.0,99999.0,99999.0,99999.0,99999.0,99999.0,99999.0,99999.0,99999.0,125.2,99999.0,99999.0,99999.0,99999.0,99999.0,99999.0,99999.0,99999.0,99999.0,99999.0,99999.0,99999.0,99999.0,99999.0,99999.0,99999.0,99999.0,99999.0,99999.0,99999.0,99999.0,99999.0,99999.0,99999.0,99999.0,99999.0,99999.0,99999.0,99999.0,99999.0,99999.0,99999.0,99999.0,99999.0,99999.0,99999.0,122.8,99999.0,99999.0
99999.0,99999.0,99999.0,99999.0,126.4,99999.0,99999.0,99999.0,99999.0,99999.0,99999.0,99999.0,99999.0,99999.0,99999.0,99999.0,99999.0,99999.0,99999.0,99999.0,99999.0,99999.0,99999.0,99999.0,99999.0,99999.0,99999.0,99999.0,99999.0,99999.0,99999.0,99999.0,103.9,100.4,99999.0,99999.0,99999.0,99999.0,99999.0,99999.0,99999.0,99999.0,99999.0,99999.0,99999.0,99999.0,99999.0,99999.0,99999.0,99999.0,99999.0,108.7,107.5,108.7,111.0,103.9,101.6,99.2,101.6,106.3,102.8,107.5,105.1,108.7,105.1,103.9,114.6,108.7,111.0,99999.0,99999.0,99999.0,115.7,115.7,99999.0,99999.0,99999.0,106.3,105.1,112.2,108.7,101.6,101.6,96.9,111.0,99999.0,99999.0,99999.0,99999.0,111.0,108.7,99999.0,99999.0,99999.0,99999.0,99999.0,99999.0,99999.0,99999.0,99999.0,99999.0,99999.0,99999.0,99999.0,99999.0,99999.0,112.2,113.4,114.6,113.4,115.7,116.9,118.1,118.1,118.1,119.3,116.9,116.9,114.6,99999.0,99.2,105.1,106.3,107.5,106.3,101.6,99999.0,114.6,133.5,118.1,138.2,155.9,168.9,153.5,159.4,167.7,148.8,163.0,153.5,99999.0,99999.0,99999.0,99999.0,99999.0,99999.0,99999.0,163.0,154.7,126.4,120.5,114.6,99.2,98.0,98.0,99999.0,99999.0,99999.0,118.1,109.8,112.2,113.4,109.8,107.5,108.7,115.7,119.3,118.1,115.7,118.1,121.7,99999.0,99999.0,124.0,99999.0,99999.0,99999.0,99999.0,99999.0,99999.0,99999.0,99999.0,99999.0,99999.0,99999.0,99999.0,99999.0,99999.0,99999.0,99999.0,99999.0,99999.0,99999.0,99999.0,99999.0,99999.0,99999.0,99999.0,99999.0,99999.0,99999.0,99999.0,99999.0,99999.0,99999.0,99999.0,99999.0,99999.0,99999.0,99999.0,99999.0,99999.0,99999.0,99999.0,99999.0,99999.0,99999.0,99999.0,99999.0,99999.0,99999.0,99999.0,99999.0,99999.0,99999.0,99999.0,99999.0,99999.0,99999.0,99999.0,99999.0,99999.0,122.8,99999.0,99999.0,99999.0,126.4,128.7,121.7,99999.0,113.4,109.8,121.7,119.3,118.1,99999.0,99999.0,99999.0,99999.0,99999.0,99999.0,99999.0,99999.0,99999.0,99999.0,99999.0,99999.0,99999.0,99999.0,99999.0,99999.0,99999.0,99999.0,99999.0,99999.0,99999.0,121.7,99999.0,99999.0,99999.0,119.3,118.1,116.9,116.9,120.5,99999.0,99999.0,99999.0,99999.0,120.5,99999.0,99999.0,99999.0,99999.0,99999.0,99999.0,99999.0,99999.0,99999.0,99999.0,99999.0,99999.0,99999.0,99999.0,99999.0,99999.0,99999.0,99999.0,99999.0,99999.0,99999.0,99999.0,99999.0,99999.0,99999.0,99999.0,99999.0,99999.0,99999.0,99999.0,99999.0,99999.0,133.5,133.5,132.3,99999.0,129.9,99999.0,99999.0,124.0,99999.0,99999.0,99999.0,125.2,133.5,126.4,99999.0,99999.0,99999.0,99999.0,99999.0,99999.0,99999.0,99999.0,99999.0,99999.0,99999.0,99999.0,99999.0,99999.0,99999.0,99999.0,99999.0,99999.0,126.4,126.4,126.4,124.0,99999.0,99999.0,99999.0,99999.0,99999.0,99999.0,99999.0,99999.0,99999.0,99999.0,99999.0,99999.0,99999.0
99999.0,99999.0,99999.0,99999.0,122.8,99999.0,99999.0,112.2,99999.0,99999.0,99999.0,99999.0,99999.0,99999.0,99999.0,99999.0,99999.0,99999.0,99999.0,114.6,99999.0,99999.0,99999.0,99999.0,99999.0,99999.0,99999.0,99999.0,99999.0,99999.0,99999.0,99999.0,99999.0,99999.0,99999.0,99999.0,112.2,99999.0,113.4,114.6,99999.0,99999.0,109.8,109.8,107.5,103.9,99999.0,99999.0,106.3,105.1,105.1,102.8,101.6,102.8,103.9,107.5,115.7,99999.0,103.9,108.7,108.7,109.8,99999.0,105.1,99999.0,99999.0,99999.0,99999.0,111.0,120.5,108.7,111.0,116.9,114.6,107.5,99999.0,99999.0,99999.0,99999.0,99999.0,107.5,102.8,106.3,99999.0,99999.0,99999.0,99999.0,99999.0,99999.0,99999.0,99999.0,108.7,99999.0,107.5,99999.0,106.3,99999.0,99999.0,119.3,107.5,98.0,112.2,100.4,99999.0,99999.0,99999.0,99999.0,113.4,113.4,114.6,115.7,114.6,119.3,122.8,125.2,118.1,116.9,113.4,108.7,109.8,111.0,108.7,108.7,108.7,109.8,107.5,106.3,99999.0,99999.0,109.8,122.8,139.4,152.4,164.2,157.1,153.5,158.3,153.5,181.9,99999.0,99999.0,99999.0,99999.0,99999.0,99999.0,163.0,164.2,146.5,144.1,137.0,114.6,93.3,94.5,99999.0,101.6,96.9,99999.0,99999.0,113.4,112.2,112.2,111.0,111.0,114.6,120.5,119.3,116.9,99999.0,99999.0,99999.0,99999.0,99999.0,99999.0,99999.0,99999.0,99999.0,99999.0,99999.0,99999.0,99999.0,99999.0,99999.0,99999.0,99999.0,99999.0,99999.0,99999.0,99999.0,99999.0,99999.0,99999.0,99999.0,99999.0,99999.0,99999.0,99999.0,99999.0,99999.0,99999.0,99999.0,126.4,122.8,125.2,121.7,120.5,119.3,118.1,118.1,115.7,115.7,118.1,118.1,118.1,99999.0,99999.0,99999.0,99999.0,99999.0,99999.0,99999.0,99999.0,99999.0,99999.0,99999.0,99999.0,99999.0,99999.0,99999.0,99999.0,99999.0,99999.0,129.9,99999.0,99999.0,121.7,126.4,125.2,99999.0,99999.0,108.7,109.8,111.0,112.2,112.2,114.6,112.2,99999.0,99999.0,116.9,111.0,119.3,99999.0,99999.0,99999.0,99999.0,99999.0,99999.0,99999.0,99999.0,99999.0,99999.0,99999.0,99999.0,99999.0,99999.0,99999.0,99999.0,115.7,118.1,112.2,113.4,111.0,111.0,112.2,108.7,99999.0,122.8,124.0,120.5,106.3,99999.0,99999.0,99999.0,99999.0,99999.0,99999.0,99999.0,99999.0,99999.0,99999.0,99999.0,99999.0,99999.0,99999.0,90.9,99999.0,99999.0,102.8,99999.0,99999.0,99999.0,99999.0,99999.0,99999.0,99999.0,99999.0,99999.0,99999.0,99999.0,99999.0,99999.0,126.4,99999.0,99999.0,129.9,126.4,124.0,124.0,115.7,116.9,112.2,112.2,121.7,125.2,125.2,99999.0,99999.0,99999.0,99999.0,99999.0,99999.0,99999.0,99999.0,99999.0,99999.0,99999.0,99999.0,99999.0,132.3,137.0,99999.0,99999.0,99999.0,99999.0,99999.0,122.8,124.0,126.4,125.2,122.8,99999.0,99999.0,99999.0,99999.0,99999.0,99999.0,99999.0,99999.0,99999.0,99999.0
99999.0,99999.0,114.6,118.1,99999.0,99999.0,99999.0,99999.0,99999.0,99999.0,99999.0,99999.0,99999.0,99999.0,99999.0,99999.0,99999.0,99999.0,99999.0,99999.0,106.3,113.4,113.4,112.2,109.8,111.0,108.7,99999.0,107.5,99999.0,105.1,99999.0,99999.0,99999.0,99999.0,99999.0,105.1,103.9,106.3,103.9,95.7,107.5,108.7,106.3,107.5,105.1,107.5,105.1,106.3,103.9,102.8,102.8,100.4,101.6,107.5,106.3,106.3,105.1,105.1,103.9,106.3,109.8,109.8,109.8,99999.0,115.7,99999.0,99999.0,116.9,109.8,112.2,109.8,112.2,113.4,106.3,106.3,108.7,109.8,106.3,109.8,109.8,109.8,107.5,103.9,105.1,105.1,99999.0,108.7,99999.0,109.8,99999.0,115.7,116.9,99999.0,99999.0,128.7,99999.0,99999.0,119.3,107.5,107.5,107.5,109.8,105.1,98.0,95.7,101.6,111.0,99999.0,106.3,99999.0,122.8,119.3,112.2,107.5,114.6,113.4,99999.0,99999.0,111.0,113.4,109.8,109.8,107.5,107.5,108.7,102.8,103.9,107.5,114.6,112.2,119.3,142.9,138.2,148.8,173.6,171.3,164.2,173.6,171.3,99999.0,99999.0,99999.0,99999.0,99999.0,164.2,147.6,148.8,145.3,146.5,98.0,99999.0,99999.0,99999.0,102.8,109.8,107.5,108.7,109.8,111.0,112.2,109.8,115.7,121.7,120.5,118.1,99999.0,99999.0,99999.0,99999.0,99999.0,114.6,99999.0,99999.0,99999.0,99999.0,99999.0,99999.0,99999.0,99999.0,99999.0,99999.0,99999.0,99999.0,99999.0,99999.0,99999.0,124.0,129.9,99999.0,99999.0,99999.0,99999.0,99999.0,99999.0,99999.0,99999.0,99999.0,99999.0,129.9,99999.0,124.0,120.5,99999.0,113.4,116.9,99999.0,118.1,116.9,119.3,118.1,121.7,99999.0,99999.0,99999.0,99999.0,99999.0,99999.0,99999.0,99999.0,99999.0,99999.0,120.5,119.3,99999.0,99999.0,99999.0,99999.0,120.5,124.0,116.9,115.7,115.7,118.1,116.9,115.7,116.9,114.6,99999.0,113.4,99999.0,99999.0,99999.0,99999.0,99999.0,99999.0,99999.0,99999.0,115.7,114.6,115.7,99999.0,99999.0,99999.0,99999.0,99999.0,107.5,101.6,111.0,102.8,99.2,100.4,112.2,99999.0,100.4,106.3,99999.0,99999.0,99999.0,99999.0,133.5,103.9,119.3,125.2,121.7,119.3,120.5,99999.0,122.8,99999.0,99999.0,99999.0,99999.0,99999.0,99999.0,99999.0,99999.0,99999.0,99999.0,99999.0,99999.0,99999.0,105.1,99.2,100.4,102.8,99999.0,99999.0,99999.0,99999.0,99999.0,99999.0,99999.0,105.1,109.8,101.6,99999.0,106.3,111.0,99999.0,99999.0,100.4,108.7,99999.0,99999.0,99999.0,113.4,118.1,114.6,108.7,106.3,105.1,106.3,106.3,103.9,100.4,103.9,103.9,99999.0,106.3,94.5,103.9,112.2,116.9,105.1,114.6,99999.0,121.7,124.0,128.7,135.8,99999.0,99999.0,99999.0,99999.0,99999.0,99999.0,124.0,127.6,120.5,120.5,99999.0,124.0,125.2,122.8,99999.0,99999.0,99999.0,99999.0,99999.0
99999.0,99999.0,99999.0,112.2,108.7,116.9,120.5,128.7,99999.0,99999.0,99999.0,99999.0,113.4,115.7,118.1,120.5,112.2,107.5,99999.0,99999.0,108.7,112.2,108.7,108.7,96.9,102.8,100.4,108.7,102.8,106.3,105.1,111.0,105.1,102.8,99999.0,99999.0,99999.0,94.5,98.0,108.7,99.2,103.9,106.3,107.5,106.3,107.5,105.1,103.9,102.8,102.8,101.6,106.3,103.9,99999.0,106.3,105.1,108.7,111.0,106.3,108.7,109.8,111.0,112.2,109.8,108.7,116.9,107.5,109.8,112.2,113.4,113.4,108.7,111.0,109.8,111.0,112.2,112.2,114.6,109.8,109.8,112.2,113.4,114.6,99999.0,119.3,103.9,106.3,100.4,99999.0,99999.0,99999.0,107.5,109.8,111.0,106.3,99999.0,99999.0,118.1,113.4,116.9,113.4,111.0,109.8,111.0,99.2,101.6,103.9,119.3,108.7,103.9,107.5,99999.0,108.7,112.2,109.8,111.0,99999.0,99999.0,99999.0,99999.0,103.9,99999.0,99999.0,106.3,106.3,107.5,103.9,107.5,109.8,99.2,116.9,116.9,124.0,139.4,154.7,164.2,172.4,163.0,152.4,165.4,157.1,99999.0,163.0,168.9,152.4,141.7,135.8,140.6,126.4,134.6,116.9,120.5,121.7,111.0,113.4,109.8,108.7,108.7,108.7,114.6,114.6,119.3,119.3,126.4,99999.0,99999.0,99999.0,99999.0,99999.0,99999.0,99999.0,99999.0,99999.0,99999.0,99999.0,99999.0,99999.0,99999.0,99999.0,99999.0,118.1,116.9,119.3,118.1,119.3,115.7,99999.0,99999.0,99999.0,99999.0,99999.0,99999.0,102.8,106.3,108.7,109.8,114.6,119.3,114.6,99999.0,122.8,115.7,116.9,99999.0,113.4,113.4,115.7,115.7,119.3,116.9,119.3,99999.0,113.4,99999.0,99999.0,99999.0,99999.0,99999.0,99999.0,99999.0,99999.0,120.5,118.1,118.1,119.3,99999.0,121.7,113.4,116.9,120.5,114.6,120.5,99999.0,121.7,121.7,113.4,113.4,99999.0,112.2,99999.0,116.9,116.9,95.7,96.9,116.9,99999.0,99999.0,121.7,113.4,99999.0,115.7,99999.0,99999.0,99999.0,99999.0,99999.0,99999.0,99999.0,99999.0,120.5,108.7,101.6,103.9,105.1,107.5,108.7,107.5,99999.0,99999.0,99999.0,99999.0,99999.0,99999.0,99999.0,99999.0,99999.0,99999.0,99999.0,99999.0,99999.0,99999.0,99999.0,99999.0,99999.0,99999.0,99999.0,99999.0,99999.0,99999.0,99999.0,99999.0,99999.0,107.5,101.6,101.6,103.9,106.3,99999.0,99999.0,99999.0,99999.0,99999.0,99999.0,119.3,99999.0,118.1,113.4,105.1,102.8,115.7,115.7,109.8,112.2,106.3,98.0,111.0,99.2,100.4,101.6,109.8,109.8,102.8,113.4,102.8,109.8,107.5,118.1,105.1,99999.0,99999.0,99999.0,106.3,113.4,114.6,114.6,120.5,105.1,99999.0,99999.0,99999.0,124.0,124.0,116.9,111.0,99999.0,99999.0,99999.0,99999.0,99999.0,127.6,99999.0,99999.0,99999.0,99999.0,99999.0,118.1,99999.0,128.7,99999.0,99999.0
99999.0,99999.0,122.8,122.8,118.1,111.0,115.7,122.8,122.8,99999.0,99999.0,99999.0,99999.0,116.9,115.7,109.8,113.4,108.7,111.0,107.5,112.2,105.1,105.1,102.8,96.9,99.2,101.6,106.3,120.5,119.3,109.8,99999.0,99999.0,99999.0,99999.0,99999.0,105.1,103.9,102.8,106.3,112.2,111.0,107.5,99999.0,103.9,107.5,109.8,99.2,100.4,98.0,103.9,99999.0,99999.0,99999.0,99999.0,120.5,108.7,112.2,101.6,102.8,105.1,103.9,102.8,109.8,111.0,109.8,109.8,111.0,111.0,111.0,113.4,112.2,114.6,109.8,112.2,109.8,108.7,112.2,112.2,114.6,112.2,113.4,114.6,99999.0,99999.0,99999.0,111.0,99999.0,99999.0,99999.0,112.2,112.2,109.8,103.9,102.8,103.9,103.9,111.0,118.1,99999.0,99999.0,116.9,114.6,99999.0,114.6,107.5,107.5,102.8,103.9,111.0,115.7,99999.0,99999.0,109.8,108.7,113.4,99999.0,116.9,99999.0,99999.0,99999.0,99999.0,99999.0,99999.0,107.5,107.5,111.0,107.5,103.9,102.8,107.5,125.2,138.2,135.8,140.6,157.1,155.9,165.4,158.3,157.1,163.0,142.9,157.1,171.3,161.8,133.5,109.8,99.2,114.6,103.9,112.2,106.3,109.8,111.0,108.7,108.7,108.7,109.8,112.2,114.6,115.7,119.3,99999.0,112.2,111.0,108.7,99999.0,99999.0,99999.0,99999.0,99999.0,99999.0,99999.0,99999.0,99999.0,99999.0,99999.0,99999.0,99999.0,99999.0,99999.0,115.7,116.9,99999.0,99999.0,99999.0,99999.0,106.3,103.9,99.2,99999.0,100.4,100.4,101.6,103.9,106.3,99999.0,99999.0,116.9,99999.0,102.8,107.5,121.7,116.9,109.8,114.6,114.6,114.6,114.6,115.7,119.3,116.9,111.0,113.4,116.9,113.4,114.6,111.0,109.8,102.8,111.0,115.7,118.1,118.1,119.3,118.1,116.9,112.2,113.4,121.7,118.1,115.7,99999.0,99999.0,99999.0,99999.0,99999.0,99999.0,99999.0,99999.0,99999.0,109.8,111.0,99999.0,99999.0,111.0,99999.0,99999.0,120.5,99999.0,99999.0,99999.0,99999.0,99999.0,99999.0,119.3,125.2,99999.0,111.0,116.9,112.2,118.1,112.2,106.3,108.7,108.7,115.7,113.4,99.2,103.9,99999.0,99999.0,99999.0,99999.0,99999.0,99999.0,99999.0,99999.0,99999.0,99999.0,99999.0,99999.0,99999.0,135.8,96.9,115.7,99999.0,114.6,101.6,96.9,107.5,111.0,128.7,99999.0,99999.0,99999.0,99999.0,99999.0,109.8,108.7,100.4,119.3,106.3,99999.0,116.9,107.5,106.3,103.9,99999.0,102.8,98.0,105.1,99.2,108.7,102.8,100.4,108.7,103.9,101.6,103.9,95.7,95.7,115.7,99999.0,94.5,120.5,118.1,116.9,113.4,126.4,99999.0,119.3,99999.0,99999.0,99999.0,99999.0,99999.0,99999.0,99999.0,99999.0,118.1,121.7,115.7,99999.0,99999.0,99999.0,99999.0,99999.0,99999.0,99999.0,126.4,111.0,102.8,116.9,109.8,132.3,99999.0,99999.0,99999.0,99999.0
107.5,108.7,120.5,99999.0,99999.0,118.1,131.1,99999.0,125.2,122.8,99999.0,99999.0,99999.0,116.9,114.6,113.4,109.8,112.2,113.4,111.0,111.0,111.0,108.7,99.2,99999.0,99999.0,99999.0,107.5,103.9,103.9,103.9,99999.0,105.1,100.4,101.6,106.3,107.5,112.2,106.3,100.4,109.8,109.8,111.0,99999.0,99999.0,100.4,105.1,103.9,105.1,99.2,102.8,99999.0,99999.0,107.5,99999.0,99.2,100.4,109.8,113.4,106.3,116.9,106.3,98.0,103.9,112.2,108.7,105.1,111.0,109.8,112.2,109.8,114.6,114.6,116.9,103.9,105.1,106.3,106.3,112.2,109.8,99999.0,99999.0,99999.0,106.3,99999.0,102.8,108.7,99999.0,99999.0,99999.0,99999.0,99999.0,99999.0,99999.0,114.6,111.0,112.2,114.6,126.4,99999.0,99999.0,99999.0,99999.0,99999.0,118.1,124.0,121.7,111.0,106.3,106.3,107.5,113.4,102.8,99999.0,99999.0,99999.0,99999.0,118.1,107.5,99999.0,99999.0,99999.0,99999.0,102.8,107.5,109.8,107.5,107.5,103.9,105.1,107.5,124.0,133.5,153.5,151.2,151.2,160.6,171.3,163.0,164.2,152.4,131.1,126.4,153.5,152.4,118.1,99.2,111.0,111.0,112.2,112.2,109.8,112.2,107.5,107.5,107.5,109.8,112.2,113.4,114.6,114.6,113.4,103.9,107.5,107.5,105.1,103.9,99999.0,99999.0,99999.0,120.5,99999.0,99999.0,99999.0,99999.0,99999.0,99999.0,99999.0,99999.0,99999.0,99999.0,99999.0,99999.0,99999.0,99999.0,99999.0,99999.0,108.7,103.9,101.6,94.5,96.9,107.5,112.2,115.7,111.0,99999.0,99999.0,122.8,111.0,115.7,115.7,115.7,118.1,113.4,115.7,113.4,118.1,118.1,116.9,115.7,114.6,118.1,112.2,113.4,112.2,113.4,111.0,109.8,109.8,108.7,108.7,112.2,114.6,118.1,115.7,115.7,115.7,119.3,95.7,111.0,107.5,118.1,109.8,120.5,99999.0,99999.0,99999.0,118.1,112.2,107.5,112.2,112.2,118.1,99999.0,99999.0,122.8,109.8,113.4,113.4,99999.0,99999.0,99999.0,99999.0,99999.0,103.9,102.8,105.1,118.1,114.6,116.9,105.1,100.4,98.0,105.1,108.7,103.9,116.9,98.0,105.1,100.4,98.0,99999.0,99999.0,99999.0,116.9,114.6,99999.0,99999.0,99999.0,108.7,119.3,115.7,111.0,99999.0,99999.0,112.2,101.6,95.7,101.6,109.8,109.8,109.8,170.1,133.5,102.8,111.0,99999.0,99999.0,99999.0,102.8,105.1,111.0,107.5,115.7,106.3,107.5,99999.0,99999.0,113.4,106.3,111.0,111.0,111.0,115.7,99999.0,108.7,98.0,99999.0,99999.0,99999.0,99999.0,135.8,99999.0,99999.0,124.0,122.8,124.0,116.9,120.5,121.7,99999.0,99999.0,99999.0,99999.0,99999.0,99999.0,99999.0,109.8,101.6,119.3,119.3,99999.0,111.0,118.1,118.1,98.0,99999.0,109.8,99999.0,99999.0,99999.0,99999.0,99999.0,160.6,126.4,99999.0,161.8,99999.0,124.0
99999.0,99999.0,99999.0,99999.0,99999.0,99999.0,99999.0,99999.0,99999.0,99999.0,116.9,113.4,99999.0,118.1,108.7,109.8,115.7,116.9,108.7,108.7,112.2,111.0,108.7,101.6,106.3,112.2,106.3,105.1,111.0,105.1,103.9,105.1,103.9,103.9,103.9,107.5,107.5,111.0,111.0,106.3,99.2,102.8,107.5,105.1,101.6,105.1,105.1,102.8,102.8,105.1,103.9,103.9,99.2,101.6,103.9,98.0,100.4,99999.0,107.5,108.7,100.4,98.0,103.9,105.1,99999.0,116.9,107.5,98.0,103.9,100.4,107.5,99999.0,101.6,101.6,102.8,105.1,107.5,94.5,99999.0,99.2,99999.0,99999.0,105.1,112.2,108.7,106.3,105.1,99999.0,99999.0,99999.0,99999.0,105.1,111.0,113.4,111.0,119.3,115.7,120.5,116.9,107.5,108.7,99999.0,125.2,116.9,99999.0,99999.0,109.8,113.4,109.8,109.8,113.4,118.1,99999.0,106.3,99999.0,99999.0,99999.0,99999.0,115.7,114.6,115.7,108.7,99999.0,107.5,105.1,107.5,109.8,108.7,107.5,106.3,114.6,125.2,138.2,157.1,152.4,160.6,157.1,157.1,164.2,158.3,126.4,109.8,100.4,108.7,107.5,107.5,109.8,111.0,114.6,115.7,113.4,112.2,107.5,105.1,105.1,113.4,112.2,112.2,107.5,106.3,106.3,103.9,99999.0,99999.0,107.5,108.7,106.3,108.7,103.9,107.5,96.9,101.6,99999.0,99999.0,125.2,126.4,125.2,99999.0,99999.0,99999.0,99999.0,99999.0,99999.0,99999.0,99999.0,99999.0,99999.0,99999.0,99999.0,101.6,99999.0,99999.0,119.3,107.5,99999.0,99999.0,99999.0,106.3,100.4,107.5,109.8,115.7,114.6,114.6,116.9,116.9,114.6,112.2,113.4,111.0,112.2,113.4,109.8,111.0,112.2,109.8,120.5,115.7,111.0,113.4,114.6,116.9,113.4,113.4,114.6,112.2,107.5,103.9,114.6,106.3,107.5,108.7,107.5,102.8,102.8,113.4,113.4,111.0,116.9,113.4,108.7,99999.0,95.7,103.9,99.2,100.4,113.4,121.7,113.4,121.7,118.1,126.4,118.1,118.1,119.3,111.0,113.4,109.8,107.5,106.3,107.5,114.6,109.8,107.5,105.1,113.4,108.7,101.6,99.2,100.4,101.6,101.6,107.5,101.6,105.1,109.8,107.5,103.9,103.9,98.0,99999.0,99999.0,111.0,98.0,108.7,99999.0,99999.0,99999.0,99999.0,100.4,112.2,101.6,99999.0,99999.0,100.4,101.6,105.1,131.1,99999.0,102.8,107.5,108.7,105.1,101.6,108.7,108.7,105.1,125.2,112.2,120.5,108.7,113.4,114.6,106.3,109.8,113.4,112.2,115.7,99999.0,99999.0,99999.0,121.7,99999.0,121.7,108.7,99999.0,111.0,107.5,119.3,121.7,115.7,111.0,99999.0,99999.0,99999.0,99999.0,94.5,99999.0,99999.0,99.2,108.7,114.6,120.5,109.8,121.7,99999.0,99999.0,99999.0,125.2,105.1,112.2,112.2,111.0,111.0,99999.0,134.6,116.9,107.5,113.4,98.0
99999.0,99999.0,99999.0,99999.0,99999.0,99999.0,99999.0,99999.0,124.0,133.5,99999.0,121.7,99999.0,99999.0,108.7,105.1,103.9,103.9,103.9,111.0,113.4,107.5,108.7,112.2,109.8,105.1,106.3,107.5,108.7,105.1,102.8,106.3,109.8,109.8,103.9,105.1,108.7,103.9,107.5,100.4,95.7,115.7,113.4,101.6,100.4,103.9,103.9,103.9,103.9,101.6,103.9,101.6,101.6,101.6,99.2,107.5,107.5,111.0,107.5,107.5,106.3,111.0,108.7,105.1,96.9,96.9,103.9,99999.0,99999.0,111.0,99999.0,106.3,102.8,93.3,102.8,99.2,101.6,102.8,99999.0,96.9,99999.0,99999.0,101.6,101.6,102.8,105.1,108.7,107.5,105.1,111.0,99999.0,105.1,111.0,113.4,99999.0,99999.0,127.6,115.7,113.4,109.8,99999.0,99999.0,99999.0,99999.0,99999.0,99999.0,99999.0,109.8,107.5,109.8,114.6,108.7,99999.0,99999.0,107.5,107.5,113.4,111.0,113.4,114.6,126.4,106.3,100.4,99999.0,103.9,102.8,105.1,105.1,105.1,102.8,114.6,118.1,150.0,138.2,151.2,170.1,165.4,147.6,129.9,114.6,90.9,101.6,103.9,105.1,105.1,107.5,109.8,113.4,115.7,114.6,112.2,113.4,106.3,106.3,106.3,111.0,112.2,99999.0,109.8,107.5,107.5,99999.0,105.1,101.6,99.2,99999.0,99999.0,105.1,107.5,109.8,111.0,113.4,107.5,99999.0,109.8,99999.0,99999.0,99999.0,99999.0,99999.0,99999.0,99999.0,99999.0,99999.0,99999.0,99999.0,99999.0,99999.0,99999.0,112.2,115.7,112.2,107.5,99999.0,99999.0,109.8,107.5,106.3,109.8,111.0,112.2,114.6,114.6,116.9,114.6,114.6,114.6,113.4,111.0,108.7,111.0,112.2,113.4,113.4,111.0,113.4,115.7,113.4,114.6,115.7,115.7,115.7,116.9,113.4,115.7,109.8,113.4,108.7,106.3,107.5,103.9,108.7,103.9,100.4,106.3,105.1,109.8,113.4,111.0,103.9,111.0,111.0,105.1,103.9,111.0,103.9,113.4,114.6,115.7,119.3,119.3,119.3,119.3,116.9,115.7,114.6,106.3,109.8,127.6,127.6,115.7,124.0,120.5,119.3,108.7,134.6,107.5,113.4,96.9,107.5,108.7,99.2,99.2,96.9,105.1,106.3,99999.0,99999.0,112.2,109.8,99999.0,99999.0,116.9,107.5,107.5,99999.0,105.1,99999.0,99999.0,99999.0,99999.0,99999.0,93.3,96.9,102.8,100.4,109.8,112.2,115.7,109.8,120.5,103.9,107.5,113.4,120.5,115.7,109.8,113.4,118.1,114.6,118.1,112.2,114.6,112.2,113.4,124.0,127.6,131.1,99999.0,99999.0,164.2,99999.0,99999.0,99999.0,99999.0,99999.0,121.7,99999.0,99999.0,127.6,125.2,121.7,99999.0,99999.0,132.3,99999.0,114.6,122.8,106.3,99999.0,114.6,106.3,106.3,120.5,99999.0,102.8,99999.0,99.2,135.8,119.3,108.7,103.9,109.8,108.7,107.5,109.8,127.6,121.7,119.3,102.8
121.7,102.8,109.8,103.9,122.8,122.8,116.9,118.1,119.3,125.2,99999.0,99999.0,121.7,121.7,116.9,115.7,113.4,118.1,122.8,113.4,108.7,109.8,111.0,108.7,106.3,107.5,106.3,106.3,103.9,105.1,106.3,109.8,106.3,107.5,100.4,111.0,111.0,106.3,102.8,102.8,107.5,112.2,102.8,105.1,102.8,105.1,103.9,105.1,105.1,101.6,98.0,96.9,105.1,103.9,106.3,107.5,109.8,111.0,107.5,107.5,106.3,108.7,109.8,107.5,108.7,101.6,103.9,98.0,100.4,102.8,103.9,103.9,100.4,99.2,99.2,100.4,102.8,105.1,101.6,101.6,103.9,105.1,100.4,99.2,108.7,106.3,108.7,105.1,108.7,111.0,111.0,111.0,114.6,114.6,119.3,118.1,112.2,113.4,115.7,118.1,119.3,116.9,115.7,99999.0,116.9,109.8,112.2,111.0,115.7,108.7,105.1,103.9,103.9,103.9,103.9,106.3,107.5,108.7,111.0,108.7,109.8,109.8,112.2,113.4,108.7,105.1,106.3,108.7,106.3,102.8,103.9,116.9,125.2,131.1,158.3,166.5,147.6,129.9,103.9,102.8,102.8,105.1,107.5,108.7,109.8,111.0,115.7,116.9,115.7,115.7,114.6,113.4,112.2,112.2,112.2,112.2,113.4,113.4,106.3,106.3,109.8,105.1,102.8,101.6,108.7,109.8,111.0,113.4,111.0,111.0,111.0,111.0,112.2,115.7,116.9,113.4,114.6,115.7,119.3,113.4,108.7,109.8,111.0,99999.0,118.1,115.7,120.5,121.7,99999.0,102.8,112.2,106.3,107.5,106.3,109.8,109.8,108.7,108.7,112.2,111.0,112.2,115.7,114.6,114.6,114.6,112.2,109.8,107.5,106.3,107.5,108.7,108.7,111.0,113.4,111.0,109.8,109.8,112.2,112.2,109.8,111.0,111.0,112.2,111.0,113.4,114.6,113.4,113.4,109.8,108.7,109.8,105.1,107.5,107.5,106.3,107.5,111.0,108.7,107.5,106.3,111.0,109.8,113.4,114.6,114.6,113.4,114.6,113.4,116.9,116.9,115.7,113.4,114.6,114.6,112.2,113.4,106.3,111.0,109.8,109.8,111.0,108.7,106.3,108.7,101.6,105.1,105.1,99.2,99.2,102.8,101.6,102.8,101.6,103.9,106.3,108.7,106.3,105.1,106.3,113.4,108.7,107.5,108.7,108.7,109.8,108.7,105.1,106.3,106.3,103.9,105.1,106.3,102.8,98.0,105.1,105.1,102.8,109.8,111.0,109.8,106.3,106.3,109.8,108.7,112.2,113.4,113.4,109.8,114.6,118.1,116.9,99.2,113.4,109.8,106.3,108.7,107.5,113.4,109.8,114.6,119.3,111.0,108.7,103.9,108.7,120.5,122.8,108.7,113.4,111.0,113.4,107.5,107.5,100.4,108.7,112.2,120.5,114.6,112.2,99.2,107.5,106.3,102.8,106.3,106.3,106.3,106.3,106.3,103.9,112.2,111.0,107.5,113.4,113.4,111.0,109.8,111.0,116.9,122.8,126.4
124.0,127.6,137.0,124.0,118.1,119.3,115.7,114.6,120.5,127.6,125.2,125.2,121.7,119.3,120.5,114.6,115.7,116.9,116.9,113.4,114.6,113.4,111.0,106.3,108.7,112.2,109.8,105.1,105.1,103.9,102.8,105.1,106.3,99.2,106.3,99999.0,111.0,103.9,100.4,94.5,106.3,106.3,103.9,105.1,107.5,103.9,101.6,105.1,103.9,101.6,102.8,93.3,101.6,105.1,105.1,105.1,106.3,109.8,111.0,112.2,111.0,112.2,111.0,107.5,109.8,109.8,109.8,105.1,107.5,107.5,103.9,103.9,96.9,96.9,96.9,100.4,99.2,101.6,106.3,106.3,106.3,103.9,101.6,103.9,103.9,107.5,106.3,109.8,108.7,112.2,116.9,118.1,109.8,131.1,121.7,129.9,105.1,108.7,113.4,112.2,120.5,115.7,115.7,112.2,114.6,111.0,111.0,118.1,114.6,112.2,105.1,107.5,100.4,105.1,105.1,108.7,107.5,103.9,105.1,111.0,108.7,108.7,113.4,109.8,109.8,107.5,111.0,107.5,107.5,102.8,105.1,116.9,134.6,140.6,150.0,139.4,131.1,102.8,101.6,102.8,105.1,108.7,108.7,108.7,109.8,109.8,109.8,111.0,114.6,109.8,114.6,112.2,112.2,111.0,111.0,111.0,113.4,113.4,113.4,113.4,113.4,111.0,113.4,114.6,113.4,115.7,111.0,111.0,107.5,107.5,105.1,108.7,111.0,109.8,112.2,111.0,112.2,112.2,119.3,111.0,111.0,112.2,107.5,118.1,115.7,115.7,99999.0,99999.0,111.0,114.6,108.7,108.7,102.8,108.7,109.8,108.7,108.7,107.5,111.0,111.0,111.0,112.2,114.6,113.4,111.0,111.0,112.2,112.2,107.5,108.7,108.7,111.0,112.2,111.0,109.8,111.0,108.7,109.8,112.2,112.2,111.0,111.0,108.7,109.8,111.0,107.5,109.8,107.5,106.3,109.8,106.3,105.1,106.3,106.3,107.5,107.5,106.3,106.3,106.3,105.1,113.4,111.0,114.6,114.6,114.6,115.7,113.4,113.4,114.6,111.0,116.9,111.0,109.8,111.0,111.0,108.7,107.5,108.7,108.7,108.7,112.2,106.3,103.9,102.8,105.1,105.1,101.6,98.0,101.6,100.4,100.4,103.9,105.1,107.5,106.3,109.8,107.5,114.6,112.2,112.2,107.5,108.7,108.7,112.2,107.5,107.5,108.7,111.0,111.0,108.7,109.8,105.1,107.5,106.3,107.5,108.7,103.9,107.5,106.3,105.1,102.8,105.1,108.7,107.5,114.6,108.7,111.0,109.8,101.6,102.8,108.7,111.0,113.4,112.2,105.1,115.7,111.0,108.7,111.0,125.2,101.6,112.2,105.1,83.9,112.2,111.0,114.6,113.4,111.0,112.2,116.9,111.0,105.1,108.7,105.1,113.4,106.3,113.4,113.4,109.8,112.2,113.4,111.0,105.1,111.0,113.4,116.9,119.3,118.1,119.3,114.6,111.0,115.7,116.9,114.6,108.7,109.8,114.6,118.1,121.7
128.7,135.8,150.0,99999.0,99999.0,99999.0,99999.0,111.0,99999.0,120.5,124.0,124.0,120.5,115.7,116.9,111.0,108.7,106.3,109.8,114.6,118.1,112.2,111.0,111.0,113.4,113.4,111.0,105.1,106.3,108.7,102.8,107.5,101.6,103.9,105.1,102.8,103.9,103.9,101.6,106.3,109.8,105.1,106.3,111.0,108.7,103.9,103.9,107.5,103.9,96.9,100.4,99.2,102.8,105.1,105.1,106.3,106.3,109.8,109.8,112.2,112.2,113.4,111.0,109.8,107.5,108.7,112.2,112.2,113.4,109.8,108.7,107.5,105.1,102.8,100.4,100.4,101.6,100.4,103.9,99.2,100.4,103.9,106.3,105.1,107.5,107.5,109.8,113.4,114.6,114.6,114.6,98.0,100.4,118.1,108.7,108.7,99999.0,111.0,99.2,101.6,107.5,115.7,112.2,112.2,111.0,111.0,109.8,120.5,99999.0,115.7,109.8,107.5,107.5,105.1,106.3,108.7,111.0,106.3,105.1,106.3,109.8,109.8,107.5,108.7,109.8,108.7,109.8,108.7,106.3,107.5,101.6,113.4,124.0,120.5,127.6,125.2,101.6,99.2,101.6,105.1,108.7,109.8,109.8,108.7,108.7,113.4,113.4,112.2,111.0,113.4,112.2,112.2,113.4,111.0,109.8,108.7,111.0,115.7,114.6,115.7,116.9,112.2,107.5,109.8,113.4,115.7,108.7,108.7,108.7,108.7,109.8,99999.0,99999.0,112.2,108.7,111.0,112.2,112.2,113.4,115.7,116.9,105.1,105.1,107.5,99999.0,99999.0,99999.0,96.9,106.3,102.8,108.7,109.8,103.9,105.1,109.8,107.5,107.5,108.7,109.8,109.8,108.7,108.7,112.2,109.8,107.5,107.5,106.3,108.7,107.5,111.0,109.8,111.0,114.6,109.8,107.5,112.2,105.1,103.9,105.1,111.0,109.8,108.7,107.5,107.5,111.0,108.7,105.1,105.1,105.1,103.9,107.5,106.3,105.1,105.1,107.5,106.3,105.1,101.6,107.5,107.5,109.8,112.2,109.8,113.4,113.4,107.5,109.8,108.7,109.8,114.6,113.4,113.4,112.2,111.0,109.8,109.8,108.7,111.0,107.5,100.4,108.7,108.7,103.9,103.9,105.1,106.3,103.9,105.1,98.0,99.2,101.6,101.6,102.8,105.1,108.7,106.3,103.9,101.6,106.3,111.0,111.0,107.5,108.7,111.0,113.4,111.0,114.6,115.7,114.6,115.7,111.0,105.1,114.6,109.8,107.5,111.0,111.0,107.5,106.3,105.1,101.6,105.1,102.8,111.0,102.8,102.8,108.7,113.4,105.1,101.6,109.8,111.0,113.4,107.5,109.8,106.3,102.8,106.3,106.3,121.7,114.6,106.3,107.5,114.6,108.7,109.8,113.4,111.0,106.3,113.4,112.2,114.6,113.4,107.5,113.4,119.3,118.1,124.0,124.0,114.6,122.8,126.4,126.4,128.7,124.0,120.5,120.5,120.5,118.1,112.2,102.8,113.4,113.4,109.8,113.4,107.5,121.7,119.3,119.3,124.0
122.8,112.2,105.1,105.1,108.7,109.8,113.4,111.0,99999.0,131.1,126.4,124.0,122.8,124.0,112.2,111.0,108.7,113.4,115.7,119.3,115.7,112.2,113.4,116.9,118.1,108.7,102.8,102.8,108.7,109.8,107.5,109.8,113.4,108.7,108.7,107.5,105.1,101.6,105.1,102.8,107.5,103.9,108.7,106.3,109.8,107.5,102.8,107.5,107.5,100.4,98.0,101.6,101.6,107.5,106.3,107.5,108.7,108.7,109.8,109.8,113.4,112.2,112.2,113.4,111.0,109.8,114.6,114.6,111.0,112.2,107.5,105.1,103.9,108.7,102.8,102.8,100.4,100.4,99.2,98.0,100.4,105.1,112.2,107.5,108.7,105.1,106.3,99999.0,99999.0,99.2,101.6,101.6,107.5,106.3,105.1,108.7,99999.0,119.3,99999.0,106.3,102.8,99999.0,115.7,108.7,105.1,105.1,107.5,102.8,119.3,99999.0,105.1,107.5,113.4,114.6,109.8,106.3,108.7,109.8,107.5,107.5,103.9,102.8,105.1,105.1,108.7,107.5,108.7,109.8,108.7,106.3,106.3,105.1,114.6,109.8,98.0,107.5,102.8,96.9,98.0,107.5,111.0,111.0,111.0,112.2,113.4,113.4,114.6,116.9,118.1,112.2,102.8,106.3,102.8,108.7,108.7,99999.0,112.2,115.7,118.1,113.4,99999.0,101.6,106.3,107.5,108.7,108.7,109.8,111.0,111.0,107.5,103.9,113.4,114.6,109.8,109.8,108.7,111.0,111.0,112.2,113.4,112.2,115.7,111.0,99999.0,99999.0,119.3,99999.0,99999.0,100.4,101.6,102.8,103.9,106.3,107.5,108.7,107.5,106.3,107.5,107.5,109.8,108.7,108.7,111.0,107.5,108.7,108.7,108.7,109.8,111.0,109.8,108.7,114.6,108.7,109.8,108.7,108.7,106.3,105.1,107.5,107.5,106.3,107.5,108.7,107.5,103.9,112.2,108.7,105.1,94.5,99.2,103.9,103.9,103.9,103.9,105.1,101.6,106.3,106.3,103.9,107.5,108.7,108.7,111.0,109.8,109.8,106.3,109.8,108.7,109.8,113.4,112.2,113.4,109.8,115.7,116.9,109.8,90.9,114.6,114.6,111.0,111.0,103.9,111.0,109.8,107.5,102.8,101.6,101.6,99.2,99.2,96.9,99.2,100.4,99.2,107.5,107.5,102.8,105.1,106.3,108.7,105.1,102.8,101.6,108.7,114.6,112.2,114.6,112.2,114.6,115.7,116.9,111.0,107.5,114.6,109.8,121.7,114.6,109.8,107.5,106.3,107.5,108.7,102.8,106.3,108.7,102.8,107.5,107.5,109.8,112.2,108.7,107.5,118.1,107.5,111.0,105.1,100.4,100.4,111.0,112.2,111.0,118.1,109.8,111.0,119.3,115.7,102.8,112.2,115.7,118.1,113.4,114.6,118.1,111.0,127.6,102.8,118.1,126.4,125.2,126.4,126.4,119.3,135.8,135.8,135.8,126.4,120.5,116.9,112.2,111.0,105.1,108.7,109.8,118.1,125.2,125.2,124.0,128.7,121.7,126.4
126.4,124.0,116.9,113.4,111.0,106.3,107.5,109.8,116.9,133.5,99999.0,115.7,116.9,114.6,112.2,115.7,119.3,121.7,118.1,119.3,114.6,115.7,118.1,116.9,113.4,114.6,101.6,118.1,120.5,114.6,108.7,112.2,116.9,115.7,118.1,112.2,99999.0,107.5,106.3,102.8,106.3,102.8,103.9,107.5,112.2,106.3,105.1,107.5,107.5,106.3,101.6,103.9,100.4,103.9,107.5,114.6,114.6,111.0,111.0,109.8,108.7,105.1,102.8,108.7,105.1,108.7,111.0,109.8,113.4,111.0,107.5,107.5,109.8,108.7,109.8,105.1,101.6,101.6,101.6,102.8,106.3,108.7,106.3,111.0,109.8,107.5,94.5,101.6,99.2,98.0,101.6,102.8,103.9,107.5,111.0,111.0,118.1,116.9,114.6,99999.0,108.7,113.4,119.3,116.9,112.2,116.9,106.3,100.4,105.1,101.6,109.8,111.0,107.5,105.1,108.7,108.7,105.1,106.3,100.4,103.9,106.3,101.6,109.8,111.0,105.1,106.3,107.5,109.8,111.0,106.3,105.1,108.7,105.1,103.9,102.8,99.2,99.2,96.9,103.9,111.0,111.0,113.4,115.7,116.9,116.9,113.4,112.2,111.0,99999.0,99999.0,99999.0,103.9,101.6,103.9,107.5,107.5,107.5,108.7,109.8,109.8,111.0,109.8,113.4,111.0,109.8,109.8,103.9,108.7,107.5,102.8,108.7,112.2,109.8,107.5,106.3,108.7,111.0,108.7,113.4,112.2,108.7,107.5,109.8,112.2,107.5,99999.0,103.9,100.4,105.1,103.9,105.1,108.7,106.3,108.7,108.7,107.5,107.5,106.3,102.8,106.3,106.3,106.3,105.1,105.1,105.1,108.7,106.3,108.7,109.8,106.3,111.0,108.7,108.7,108.7,108.7,100.4,96.9,101.6,105.1,95.7,102.8,108.7,105.1,108.7,107.5,111.0,103.9,98.0,98.0,100.4,101.6,102.8,99.2,100.4,101.6,102.8,102.8,106.3,106.3,105.1,105.1,105.1,107.5,108.7,108.7,106.3,108.7,107.5,108.7,111.0,109.8,111.0,108.7,115.7,119.3,114.6,113.4,109.8,111.0,102.8,99999.0,99999.0,111.0,103.9,100.4,106.3,107.5,108.7,109.8,112.2,98.0,100.4,100.4,101.6,99999.0,99999.0,103.9,108.7,106.3,108.7,111.0,105.1,102.8,107.5,106.3,108.7,112.2,113.4,116.9,115.7,118.1,113.4,108.7,113.4,103.9,106.3,114.6,108.7,108.7,115.7,116.9,109.8,109.8,105.1,109.8,106.3,109.8,111.0,112.2,118.1,111.0,107.5,109.8,106.3,108.7,99999.0,106.3,109.8,113.4,114.6,113.4,105.1,106.3,108.7,107.5,109.8,111.0,111.0,108.7,118.1,111.0,113.4,107.5,107.5,114.6,120.5,121.7,119.3,121.7,125.2,112.2,132.3,135.8,133.5,135.8,131.1,121.7,122.8,124.0,119.3,118.1,119.3,121.7,120.5,121.7,125.2,120.5,126.4,128.7,126.4
125.2,127.6,125.2,120.5,116.9,115.7,115.7,112.2,112.2,119.3,116.9,116.9,114.6,113.4,120.5,118.1,125.2,125.2,119.3,124.0,120.5,120.5,119.3,121.7,118.1,107.5,122.8,124.0,122.8,115.7,118.1,116.9,118.1,120.5,119.3,115.7,116.9,114.6,119.3,114.6,116.9,105.1,99999.0,99999.0,111.0,99999.0,106.3,106.3,106.3,106.3,102.8,102.8,107.5,106.3,105.1,113.4,114.6,114.6,113.4,108.7,103.9,107.5,106.3,108.7,106.3,108.7,108.7,108.7,111.0,109.8,106.3,109.8,111.0,106.3,112.2,106.3,102.8,103.9,105.1,106.3,109.8,111.0,111.0,109.8,107.5,109.8,112.2,100.4,96.9,105.1,108.7,107.5,112.2,113.4,114.6,107.5,99999.0,115.7,115.7,116.9,105.1,112.2,118.1,116.9,113.4,120.5,114.6,106.3,112.2,103.9,105.1,111.0,107.5,102.8,111.0,111.0,106.3,108.7,103.9,118.1,114.6,111.0,113.4,99999.0,111.0,103.9,105.1,100.4,105.1,105.1,102.8,102.8,108.7,103.9,103.9,101.6,98.0,100.4,109.8,111.0,114.6,118.1,114.6,114.6,118.1,114.6,107.5,113.4,99999.0,99999.0,99999.0,100.4,108.7,107.5,106.3,109.8,107.5,99.2,100.4,118.1,108.7,114.6,111.0,107.5,103.9,105.1,105.1,101.6,96.9,98.0,100.4,100.4,107.5,105.1,109.8,109.8,111.0,111.0,108.7,103.9,100.4,105.1,109.8,108.7,107.5,102.8,99.2,102.8,102.8,105.1,108.7,109.8,107.5,105.1,105.1,103.9,103.9,105.1,106.3,105.1,107.5,108.7,103.9,101.6,102.8,102.8,102.8,103.9,107.5,107.5,106.3,107.5,106.3,106.3,100.4,99.2,95.7,96.9,98.0,96.9,99.2,107.5,103.9,106.3,102.8,105.1,100.4,100.4,98.0,99.2,101.6,100.4,101.6,100.4,100.4,100.4,103.9,102.8,105.1,102.8,101.6,103.9,103.9,106.3,105.1,106.3,106.3,105.1,106.3,103.9,106.3,105.1,111.0,115.7,109.8,113.4,109.8,111.0,112.2,107.5,113.4,107.5,108.7,106.3,108.7,101.6,100.4,101.6,107.5,102.8,107.5,113.4,106.3,103.9,111.0,99999.0,99999.0,112.2,112.2,109.8,112.2,108.7,105.1,111.0,112.2,112.2,112.2,115.7,119.3,121.7,124.0,102.8,102.8,109.8,113.4,109.8,99999.0,106.3,111.0,113.4,118.1,121.7,109.8,112.2,99999.0,118.1,116.9,115.7,116.9,112.2,112.2,106.3,115.7,116.9,112.2,113.4,120.5,112.2,111.0,109.8,111.0,112.2,116.9,118.1,119.3,118.1,116.9,120.5,118.1,119.3,119.3,119.3,112.2,112.2,118.1,122.8,121.7,120.5,119.3,122.8,99999.0,99999.0,126.4,125.2,121.7,129.9,132.3,128.7,125.2,122.8,122.8,124.0,124.0,120.5,121.7,120.5,122.8,125.2,125.2,127.6
122.8,122.8,125.2,125.2,126.4,124.0,122.8,115.7,107.5,102.8,99999.0,109.8,107.5,114.6,120.5,116.9,120.5,126.4,127.6,122.8,127.6,131.1,125.2,125.2,114.6,120.5,122.8,121.7,119.3,119.3,121.7,120.5,121.7,120.5,120.5,118.1,118.1,115.7,114.6,116.9,113.4,113.4,116.9,118.1,113.4,108.7,107.5,105.1,103.9,105.1,100.4,112.2,99999.0,122.8,109.8,107.5,111.0,108.7,111.0,109.8,105.1,101.6,108.7,106.3,108.7,111.0,112.2,108.7,108.7,109.8,112.2,111.0,111.0,106.3,106.3,100.4,102.8,105.1,111.0,108.7,108.7,109.8,115.7,105.1,107.5,107.5,111.0,111.0,116.9,112.2,113.4,113.4,112.2,111.0,114.6,116.9,99999.0,119.3,115.7,114.6,112.2,111.0,116.9,118.1,116.9,112.2,113.4,105.1,106.3,111.0,108.7,108.7,111.0,115.7,113.4,114.6,120.5,105.1,106.3,107.5,118.1,115.7,111.0,107.5,111.0,109.8,99999.0,99999.0,102.8,102.8,106.3,108.7,107.5,107.5,105.1,105.1,102.8,99999.0,108.7,108.7,106.3,116.9,116.9,112.2,111.0,114.6,114.6,111.0,112.2,109.8,108.7,102.8,106.3,108.7,102.8,99999.0,99999.0,99999.0,99999.0,99999.0,113.4,116.9,109.8,100.4,96.9,107.5,100.4,100.4,99.2,102.8,103.9,105.1,102.8,106.3,107.5,107.5,107.5,107.5,105.1,105.1,106.3,103.9,106.3,103.9,108.7,102.8,100.4,102.8,105.1,103.9,105.1,107.5,107.5,103.9,102.8,103.9,108.7,106.3,106.3,106.3,103.9,102.8,101.6,100.4,101.6,100.4,102.8,103.9,105.1,106.3,107.5,109.8,103.9,102.8,99.2,102.8,99.2,98.0,99.2,99.2,101.6,102.8,106.3,101.6,102.8,102.8,100.4,100.4,101.6,100.4,102.8,99.2,99.2,101.6,105.1,103.9,103.9,103.9,102.8,100.4,102.8,102.8,103.9,103.9,103.9,106.3,106.3,102.8,101.6,102.8,108.7,105.1,111.0,107.5,111.0,108.7,111.0,111.0,113.4,108.7,112.2,114.6,114.6,113.4,103.9,105.1,102.8,107.5,103.9,100.4,106.3,112.2,114.6,114.6,107.5,108.7,115.7,113.4,113.4,112.2,111.0,112.2,109.8,108.7,100.4,109.8,115.7,118.1,99999.0,125.2,99999.0,111.0,112.2,99999.0,99999.0,106.3,108.7,109.8,118.1,111.0,113.4,115.7,112.2,107.5,109.8,109.8,119.3,114.6,108.7,108.7,114.6,113.4,112.2,114.6,118.1,115.7,119.3,120.5,116.9,111.0,115.7,122.8,121.7,120.5,119.3,121.7,122.8,116.9,119.3,121.7,119.3,118.1,118.1,118.1,116.9,120.5,122.8,120.5,121.7,125.2,99999.0,121.7,121.7,124.0,125.2,129.9,129.9,127.6,121.7,120.5,122.8,120.5,127.6,122.8,121.7,121.7,120.5,129.9,115.7,119.3
122.8,127.6,126.4,124.0,125.2,124.0,120.5,109.8,106.3,111.0,111.0,103.9,100.4,113.4,129.9,124.0,127.6,127.6,120.5,122.8,128.7,133.5,129.9,128.7,120.5,121.7,119.3,126.4,126.4,122.8,122.8,121.7,119.3,118.1,122.8,121.7,121.7,124.0,119.3,112.2,116.9,115.7,116.9,116.9,111.0,114.6,112.2,99999.0,108.7,107.5,102.8,106.3,107.5,99999.0,106.3,112.2,106.3,112.2,114.6,113.4,109.8,108.7,109.8,108.7,109.8,109.8,107.5,107.5,106.3,111.0,109.8,108.7,109.8,106.3,103.9,103.9,112.2,108.7,106.3,109.8,107.5,111.0,109.8,106.3,105.1,109.8,112.2,111.0,122.8,127.6,114.6,111.0,106.3,105.1,102.8,111.0,112.2,112.2,113.4,114.6,111.0,114.6,116.9,115.7,109.8,112.2,109.8,107.5,108.7,109.8,108.7,109.8,116.9,118.1,113.4,112.2,118.1,115.7,111.0,106.3,107.5,114.6,115.7,115.7,113.4,99999.0,99999.0,99999.0,111.0,109.8,111.0,109.8,108.7,108.7,107.5,99999.0,101.6,106.3,113.4,112.2,112.2,106.3,106.3,108.7,107.5,111.0,109.8,108.7,102.8,101.6,101.6,105.1,103.9,99999.0,99999.0,99999.0,106.3,107.5,109.8,102.8,105.1,109.8,105.1,100.4,101.6,103.9,98.0,96.9,99.2,100.4,102.8,101.6,102.8,105.1,99.2,106.3,105.1,101.6,101.6,105.1,103.9,105.1,103.9,103.9,102.8,102.8,99.2,96.9,100.4,100.4,100.4,101.6,105.1,105.1,103.9,102.8,105.1,105.1,103.9,101.6,101.6,100.4,100.4,100.4,102.8,101.6,103.9,105.1,103.9,102.8,102.8,103.9,101.6,99.2,99.2,101.6,96.9,105.1,103.9,101.6,103.9,103.9,102.8,103.9,100.4,102.8,112.2,105.1,101.6,101.6,102.8,102.8,102.8,101.6,103.9,105.1,106.3,107.5,103.9,103.9,105.1,107.5,103.9,106.3,106.3,105.1,107.5,105.1,105.1,105.1,106.3,109.8,108.7,108.7,108.7,109.8,109.8,109.8,109.8,108.7,113.4,114.6,114.6,112.2,109.8,111.0,111.0,106.3,106.3,108.7,108.7,106.3,108.7,106.3,105.1,114.6,102.8,112.2,108.7,112.2,109.8,108.7,111.0,107.5,102.8,108.7,105.1,109.8,106.3,99999.0,99999.0,101.6,105.1,108.7,109.8,114.6,114.6,116.9,114.6,99999.0,113.4,112.2,102.8,112.2,119.3,125.2,118.1,106.3,118.1,118.1,109.8,111.0,114.6,118.1,118.1,113.4,119.3,118.1,113.4,121.7,118.1,118.1,116.9,116.9,119.3,121.7,120.5,120.5,120.5,126.4,121.7,118.1,120.5,121.7,122.8,122.8,124.0,121.7,119.3,124.0,124.0,120.5,115.7,118.1,118.1,119.3,120.5,126.4,119.3,120.5,120.5,116.9,118.1,115.7,116.9,121.7,125.2,99999.0,115.7,116.9
116.9,115.7,126.4,122.8,119.3,114.6,112.2,109.8,114.6,108.7,99999.0,111.0,118.1,121.7,134.6,122.8,126.4,131.1,137.0,138.2,126.4,125.2,121.7,121.7,119.3,121.7,121.7,126.4,122.8,119.3,116.9,120.5,115.7,114.6,116.9,118.1,118.1,113.4,114.6,114.6,119.3,112.2,106.3,118.1,116.9,116.9,115.7,114.6,99999.0,99999.0,99999.0,98.0,102.8,99999.0,106.3,116.9,105.1,111.0,105.1,103.9,106.3,111.0,108.7,103.9,106.3,109.8,105.1,107.5,109.8,114.6,112.2,113.4,109.8,103.9,105.1,98.0,102.8,100.4,100.4,107.5,103.9,103.9,107.5,105.1,109.8,109.8,114.6,112.2,114.6,108.7,109.8,107.5,101.6,103.9,102.8,103.9,103.9,113.4,103.9,102.8,108.7,108.7,112.2,112.2,105.1,107.5,108.7,106.3,108.7,109.8,107.5,108.7,116.9,116.9,114.6,116.9,116.9,124.0,113.4,108.7,107.5,106.3,113.4,115.7,113.4,115.7,111.0,99999.0,99999.0,109.8,111.0,111.0,111.0,108.7,107.5,107.5,108.7,109.8,113.4,111.0,108.7,109.8,114.6,102.8,103.9,103.9,112.2,106.3,108.7,105.1,111.0,113.4,108.7,106.3,106.3,113.4,109.8,108.7,99999.0,102.8,103.9,103.9,100.4,100.4,100.4,99.2,101.6,99.2,96.9,95.7,96.9,98.0,101.6,105.1,112.2,112.2,100.4,105.1,102.8,101.6,102.8,102.8,100.4,100.4,99.2,98.0,96.9,99.2,98.0,100.4,100.4,101.6,102.8,101.6,100.4,101.6,99.2,98.0,99.2,99.2,100.4,100.4,99.2,100.4,100.4,101.6,99.2,100.4,103.9,101.6,94.5,94.5,101.6,96.9,101.6,99.2,105.1,106.3,103.9,103.9,105.1,103.9,103.9,102.8,103.9,105.1,98.0,98.0,102.8,102.8,103.9,103.9,106.3,105.1,107.5,106.3,105.1,105.1,103.9,103.9,103.9,107.5,105.1,106.3,105.1,106.3,106.3,105.1,106.3,105.1,107.5,108.7,108.7,107.5,107.5,107.5,112.2,112.2,111.0,111.0,108.7,108.7,109.8,107.5,107.5,107.5,106.3,106.3,107.5,106.3,109.8,108.7,105.1,109.8,108.7,113.4,108.7,107.5,111.0,109.8,107.5,106.3,100.4,107.5,107.5,105.1,103.9,99999.0,98.0,99999.0,99999.0,99999.0,108.7,95.7,113.4,115.7,115.7,114.6,112.2,118.1,114.6,115.7,108.7,112.2,105.1,113.4,109.8,116.9,114.6,114.6,114.6,113.4,119.3,115.7,114.6,111.0,106.3,119.3,120.5,120.5,114.6,116.9,118.1,118.1,118.1,118.1,118.1,114.6,119.3,122.8,120.5,118.1,116.9,115.7,116.9,119.3,120.5,120.5,114.6,115.7,116.9,118.1,119.3,112.2,109.8,114.6,116.9,116.9,115.7,115.7,116.9,113.4,112.2,113.4,115.7,140.6,119.3,99999.0,99999.0,122.8
99999.0,120.5,118.1,118.1,111.0,111.0,111.0,109.8,115.7,99999.0,133.5,131.1,128.7,126.4,121.7,122.8,119.3,99999.0,120.5,125.2,119.3,119.3,121.7,121.7,122.8,120.5,121.7,118.1,115.7,114.6,112.2,112.2,113.4,113.4,118.1,122.8,113.4,112.2,108.7,116.9,116.9,115.7,115.7,116.9,115.7,116.9,115.7,109.8,109.8,108.7,101.6,99999.0,99999.0,103.9,116.9,112.2,108.7,99999.0,98.0,99.2,99.2,108.7,112.2,112.2,108.7,106.3,103.9,102.8,107.5,107.5,109.8,107.5,106.3,108.7,105.1,100.4,98.0,99.2,103.9,106.3,102.8,106.3,103.9,108.7,105.1,108.7,112.2,112.2,111.0,115.7,115.7,111.0,103.9,102.8,106.3,107.5,107.5,105.1,102.8,106.3,108.7,114.6,109.8,103.9,112.2,109.8,105.1,105.1,106.3,111.0,109.8,111.0,116.9,111.0,115.7,116.9,118.1,125.2,118.1,109.8,107.5,106.3,108.7,108.7,109.8,113.4,107.5,115.7,99999.0,120.5,99999.0,114.6,115.7,113.4,111.0,99999.0,111.0,107.5,111.0,111.0,108.7,105.1,105.1,107.5,107.5,108.7,107.5,113.4,111.0,111.0,113.4,109.8,105.1,103.9,109.8,113.4,112.2,109.8,109.8,98.0,99.2,98.0,99.2,96.9,99.2,103.9,100.4,99.2,94.5,92.1,94.5,93.3,99.2,106.3,105.1,115.7,100.4,98.0,96.9,100.4,101.6,101.6,100.4,99.2,96.9,96.9,98.0,99.2,99.2,102.8,99.2,100.4,103.9,105.1,100.4,99.2,98.0,98.0,96.9,96.9,96.9,98.0,100.4,101.6,103.9,101.6,102.8,98.0,98.0,95.7,95.7,102.8,99.2,98.0,101.6,98.0,106.3,105.1,105.1,108.7,106.3,103.9,103.9,100.4,103.9,103.9,100.4,96.9,100.4,102.8,103.9,106.3,102.8,103.9,105.1,103.9,102.8,102.8,101.6,101.6,102.8,103.9,103.9,102.8,100.4,100.4,99.2,100.4,99.2,102.8,103.9,105.1,106.3,107.5,107.5,107.5,111.0,108.7,107.5,109.8,107.5,103.9,105.1,106.3,103.9,105.1,111.0,106.3,111.0,107.5,111.0,105.1,108.7,107.5,109.8,112.2,115.7,116.9,107.5,113.4,102.8,103.9,106.3,107.5,106.3,109.8,101.6,96.9,99999.0,111.0,99999.0,103.9,102.8,113.4,120.5,119.3,120.5,115.7,116.9,121.7,121.7,118.1,112.2,109.8,116.9,118.1,111.0,108.7,116.9,111.0,100.4,107.5,105.1,113.4,116.9,111.0,124.0,122.8,121.7,122.8,121.7,119.3,118.1,124.0,124.0,122.8,112.2,112.2,118.1,118.1,115.7,114.6,112.2,114.6,116.9,118.1,115.7,115.7,112.2,114.6,115.7,114.6,116.9,118.1,116.9,122.8,125.2,114.6,115.7,114.6,112.2,114.6,116.9,115.7,121.7,121.7,122.8,121.7,121.7,125.2
116.9,119.3,114.6,108.7,111.0,112.2,111.0,99999.0,99999.0,116.9,131.1,125.2,116.9,109.8,113.4,113.4,114.6,119.3,120.5,124.0,116.9,118.1,120.5,124.0,121.7,119.3,116.9,111.0,112.2,116.9,113.4,114.6,109.8,109.8,114.6,120.5,121.7,116.9,113.4,113.4,115.7,116.9,115.7,113.4,114.6,108.7,111.0,109.8,111.0,112.2,105.1,96.9,103.9,100.4,113.4,102.8,100.4,108.7,99999.0,98.0,103.9,103.9,107.5,113.4,113.4,107.5,105.1,101.6,106.3,106.3,106.3,106.3,107.5,108.7,112.2,106.3,103.9,98.0,108.7,108.7,107.5,102.8,108.7,109.8,106.3,109.8,108.7,111.0,109.8,111.0,111.0,105.1,103.9,109.8,109.8,108.7,115.7,113.4,106.3,106.3,109.8,113.4,116.9,106.3,99999.0,111.0,107.5,113.4,109.8,111.0,116.9,111.0,107.5,111.0,112.2,114.6,124.0,119.3,116.9,115.7,113.4,114.6,111.0,105.1,106.3,106.3,106.3,108.7,112.2,99999.0,99999.0,118.1,115.7,99999.0,105.1,99.2,111.0,111.0,107.5,111.0,108.7,108.7,108.7,107.5,105.1,101.6,103.9,107.5,115.7,113.4,108.7,106.3,103.9,106.3,108.7,118.1,108.7,105.1,88.6,93.3,93.3,94.5,92.1,96.9,96.9,100.4,96.9,95.7,93.3,90.9,90.9,93.3,112.2,108.7,106.3,98.0,100.4,99.2,98.0,99.2,98.0,100.4,98.0,96.9,96.9,98.0,98.0,96.9,96.9,99.2,96.9,99.2,100.4,98.0,93.3,95.7,94.5,95.7,95.7,98.0,98.0,101.6,99.2,101.6,100.4,100.4,101.6,103.9,102.8,90.9,90.9,102.8,95.7,102.8,101.6,98.0,101.6,105.1,102.8,107.5,111.0,105.1,102.8,99.2,96.9,105.1,95.7,98.0,100.4,102.8,102.8,102.8,103.9,105.1,105.1,103.9,102.8,101.6,99.2,102.8,102.8,100.4,101.6,101.6,102.8,100.4,100.4,102.8,102.8,103.9,103.9,108.7,107.5,108.7,106.3,107.5,107.5,108.7,108.7,109.8,107.5,106.3,105.1,106.3,109.8,105.1,105.1,106.3,102.8,105.1,103.9,102.8,106.3,102.8,114.6,106.3,133.5,108.7,102.8,108.7,115.7,107.5,106.3,107.5,109.8,108.7,105.1,101.6,119.3,116.9,103.9,107.5,107.5,112.2,124.0,122.8,120.5,119.3,119.3,121.7,119.3,114.6,114.6,121.7,121.7,119.3,115.7,122.8,118.1,112.2,112.2,113.4,116.9,118.1,115.7,124.0,125.2,128.7,131.1,125.2,125.2,121.7,124.0,122.8,121.7,127.6,120.5,113.4,115.7,113.4,113.4,112.2,114.6,114.6,115.7,113.4,112.2,112.2,113.4,114.6,113.4,112.2,116.9,120.5,119.3,124.0,122.8,111.0,109.8,111.0,114.6,116.9,119.3,119.3,126.4,133.5,116.9,118.1,120.5,118.1
116.9,111.0,111.0,106.3,112.2,115.7,99999.0,99999.0,99999.0,120.5,128.7,99999.0,108.7,113.4,107.5,102.8,106.3,111.0,113.4,106.3,90.9,116.9,115.7,116.9,127.6,99999.0,111.0,120.5,111.0,113.4,112.2,112.2,112.2,115.7,107.5,116.9,125.2,121.7,118.1,112.2,114.6,115.7,112.2,112.2,99999.0,111.0,108.7,107.5,113.4,114.6,107.5,99.2,103.9,98.0,98.0,107.5,108.7,103.9,101.6,99999.0,99999.0,102.8,99.2,102.8,90.9,102.8,106.3,108.7,107.5,108.7,105.1,106.3,106.3,116.9,105.1,103.9,106.3,106.3,106.3,107.5,100.4,101.6,107.5,106.3,102.8,106.3,101.6,107.5,109.8,109.8,107.5,102.8,106.3,111.0,116.9,115.7,114.6,115.7,109.8,108.7,112.2,114.6,111.0,111.0,99999.0,108.7,107.5,99999.0,109.8,108.7,111.0,108.7,108.7,109.8,112.2,118.1,116.9,119.3,113.4,113.4,113.4,119.3,116.9,112.2,107.5,106.3,106.3,102.8,108.7,99999.0,102.8,101.6,108.7,103.9,95.7,102.8,105.1,111.0,109.8,108.7,103.9,105.1,103.9,101.6,102.8,100.4,102.8,114.6,113.4,116.9,114.6,105.1,99.2,108.7,113.4,98.0,98.0,101.6,95.7,88.6,96.9,92.1,96.9,95.7,92.1,90.9,93.3,93.3,92.1,94.5,96.9,107.5,107.5,107.5,98.0,98.0,100.4,100.4,100.4,102.8,99.2,98.0,98.0,95.7,96.9,96.9,96.9,96.9,98.0,96.9,100.4,100.4,96.9,101.6,101.6,98.0,95.7,98.0,99.2,98.0,103.9,103.9,102.8,99.2,98.0,96.9,100.4,96.9,95.7,93.3,95.7,98.0,90.9,100.4,96.9,99.2,102.8,113.4,107.5,109.8,112.2,101.6,96.9,98.0,99.2,101.6,98.0,96.9,101.6,101.6,103.9,102.8,103.9,105.1,103.9,102.8,100.4,98.0,98.0,99.2,100.4,101.6,101.6,105.1,106.3,105.1,103.9,101.6,100.4,102.8,103.9,102.8,102.8,105.1,105.1,106.3,106.3,105.1,102.8,105.1,105.1,103.9,100.4,95.7,109.8,118.1,107.5,109.8,107.5,107.5,108.7,112.2,111.0,99999.0,107.5,108.7,99999.0,99999.0,113.4,87.4,99999.0,111.0,109.8,108.7,107.5,107.5,106.3,108.7,113.4,119.3,111.0,105.1,114.6,118.1,118.1,142.9,119.3,122.8,121.7,121.7,125.2,129.9,131.1,131.1,119.3,124.0,120.5,118.1,122.8,115.7,116.9,114.6,114.6,114.6,109.8,120.5,122.8,121.7,124.0,121.7,122.8,119.3,119.3,121.7,119.3,124.0,121.7,119.3,109.8,109.8,105.1,114.6,114.6,114.6,113.4,112.2,113.4,111.0,120.5,113.4,107.5,107.5,116.9,115.7,114.6,116.9,114.6,111.0,108.7,109.8,114.6,114.6,115.7,116.9,127.6,116.9,107.5,107.5,99999.0,124.0
124.0,120.5,113.4,111.0,120.5,133.5,105.1,103.9,108.7,108.7,119.3,119.3,108.7,116.9,118.1,113.4,107.5,106.3,105.1,99999.0,89.8,99999.0,113.4,112.2,120.5,99999.0,125.2,115.7,114.6,114.6,114.6,109.8,107.5,111.0,112.2,126.4,122.8,121.7,113.4,112.2,114.6,114.6,111.0,116.9,114.6,113.4,109.8,106.3,106.3,113.4,116.9,111.0,109.8,108.7,109.8,103.9,100.4,101.6,106.3,99999.0,98.0,99999.0,94.5,99.2,94.5,93.3,95.7,102.8,103.9,105.1,102.8,112.2,106.3,112.2,107.5,109.8,105.1,106.3,99.2,107.5,101.6,103.9,106.3,105.1,101.6,107.5,108.7,108.7,108.7,108.7,107.5,102.8,102.8,109.8,108.7,105.1,109.8,108.7,112.2,105.1,108.7,112.2,124.0,111.0,106.3,120.5,99999.0,99999.0,102.8,107.5,107.5,105.1,108.7,109.8,113.4,114.6,111.0,107.5,108.7,107.5,115.7,119.3,115.7,111.0,107.5,106.3,107.5,106.3,102.8,96.9,98.0,96.9,98.0,102.8,101.6,86.2,98.0,99999.0,103.9,105.1,105.1,102.8,100.4,101.6,106.3,102.8,105.1,115.7,116.9,109.8,109.8,103.9,98.0,94.5,96.9,96.9,93.3,93.3,95.7,88.6,92.1,95.7,96.9,96.9,94.5,92.1,94.5,92.1,93.3,93.3,103.9,111.0,111.0,103.9,101.6,99.2,96.9,99.2,100.4,100.4,99.2,98.0,94.5,94.5,94.5,93.3,100.4,98.0,98.0,96.9,98.0,99.2,100.4,95.7,96.9,94.5,96.9,98.0,98.0,99.2,98.0,99.2,100.4,96.9,96.9,96.9,96.9,95.7,94.5,94.5,93.3,99.2,93.3,94.5,94.5,103.9,105.1,103.9,106.3,112.2,112.2,102.8,101.6,103.9,100.4,105.1,98.0,99.2,101.6,102.8,103.9,103.9,102.8,101.6,101.6,100.4,101.6,98.0,99.2,100.4,100.4,100.4,100.4,102.8,103.9,107.5,107.5,102.8,101.6,99.2,100.4,100.4,99.2,101.6,102.8,105.1,106.3,103.9,101.6,103.9,105.1,103.9,101.6,101.6,106.3,112.2,109.8,115.7,112.2,111.0,120.5,121.7,102.8,111.0,113.4,109.8,112.2,107.5,99999.0,103.9,105.1,107.5,105.1,107.5,108.7,106.3,109.8,108.7,107.5,108.7,106.3,107.5,101.6,112.2,119.3,124.0,122.8,120.5,125.2,121.7,115.7,115.7,120.5,120.5,119.3,122.8,121.7,118.1,115.7,116.9,114.6,113.4,113.4,119.3,100.4,126.4,120.5,118.1,121.7,121.7,118.1,118.1,121.7,119.3,116.9,115.7,118.1,116.9,109.8,113.4,99999.0,129.9,132.3,119.3,115.7,111.0,113.4,114.6,109.8,106.3,105.1,109.8,115.7,125.2,115.7,107.5,107.5,107.5,107.5,109.8,113.4,113.4,112.2,114.6,115.7,116.9,113.4,120.5,125.2,125.2
118.1,115.7,113.4,118.1,142.9,121.7,99999.0,113.4,114.6,113.4,118.1,99999.0,115.7,120.5,107.5,107.5,105.1,100.4,103.9,101.6,99999.0,88.6,99999.0,111.0,109.8,109.8,116.9,115.7,116.9,119.3,115.7,108.7,99999.0,107.5,114.6,111.0,112.2,106.3,111.0,112.2,113.4,111.0,109.8,114.6,114.6,112.2,112.2,105.1,109.8,112.2,115.7,115.7,106.3,103.9,98.0,107.5,95.7,98.0,99.2,101.6,102.8,95.7,99999.0,99999.0,100.4,96.9,100.4,107.5,109.8,108.7,108.7,111.0,113.4,105.1,107.5,109.8,105.1,101.6,98.0,103.9,103.9,101.6,102.8,106.3,109.8,106.3,102.8,99.2,102.8,108.7,108.7,101.6,105.1,107.5,106.3,102.8,106.3,109.8,109.8,108.7,106.3,109.8,112.2,108.7,118.1,114.6,106.3,103.9,100.4,103.9,107.5,102.8,107.5,112.2,113.4,109.8,105.1,105.1,113.4,99999.0,112.2,113.4,109.8,111.0,108.7,105.1,103.9,94.5,101.6,106.3,98.0,93.3,93.3,95.7,112.2,118.1,109.8,105.1,106.3,99999.0,99999.0,96.9,92.1,99999.0,114.6,105.1,112.2,103.9,99999.0,99999.0,99.2,90.9,89.8,88.6,90.9,90.9,87.4,87.4,90.9,93.3,92.1,92.1,92.1,93.3,96.9,95.7,95.7,93.3,93.3,100.4,105.1,100.4,101.6,99.2,99.2,100.4,98.0,100.4,100.4,96.9,96.9,94.5,92.1,93.3,94.5,95.7,99.2,101.6,95.7,94.5,95.7,99.2,94.5,94.5,92.1,93.3,94.5,96.9,96.9,96.9,98.0,99.2,99.2,99.2,96.9,98.0,94.5,93.3,95.7,90.9,90.9,96.9,93.3,98.0,99.2,100.4,101.6,105.1,108.7,113.4,109.8,103.9,102.8,106.3,107.5,105.1,102.8,102.8,105.1,105.1,105.1,103.9,102.8,100.4,100.4,105.1,102.8,101.6,101.6,100.4,101.6,100.4,101.6,102.8,103.9,106.3,105.1,102.8,102.8,100.4,99.2,99.2,100.4,102.8,108.7,109.8,108.7,105.1,105.1,106.3,102.8,106.3,105.1,101.6,105.1,94.5,95.7,100.4,101.6,106.3,111.0,108.7,108.7,112.2,108.7,109.8,103.9,106.3,109.8,103.9,102.8,100.4,101.6,101.6,106.3,107.5,108.7,108.7,108.7,111.0,108.7,103.9,107.5,111.0,119.3,109.8,112.2,113.4,113.4,119.3,115.7,118.1,114.6,115.7,120.5,127.6,114.6,113.4,119.3,114.6,114.6,114.6,112.2,114.6,114.6,121.7,122.8,116.9,119.3,122.8,120.5,119.3,120.5,118.1,113.4,118.1,116.9,115.7,126.4,145.3,137.0,133.5,138.2,129.9,119.3,111.0,111.0,111.0,103.9,105.1,107.5,114.6,124.0,122.8,124.0,114.6,111.0,108.7,111.0,108.7,112.2,111.0,109.8,107.5,106.3,113.4,108.7,111.0,113.4,113.4
111.0,113.4,114.6,118.1,129.9,121.7,118.1,106.3,105.1,106.3,99999.0,99999.0,112.2,109.8,105.1,101.6,106.3,108.7,109.8,95.7,99999.0,99.2,112.2,113.4,109.8,111.0,111.0,113.4,120.5,116.9,118.1,111.0,99999.0,111.0,113.4,99999.0,109.8,107.5,107.5,107.5,111.0,109.8,107.5,99.2,99.2,105.1,111.0,106.3,111.0,109.8,107.5,108.7,118.1,100.4,96.9,88.6,99999.0,95.7,94.5,94.5,95.7,99999.0,99999.0,93.3,95.7,93.3,103.9,103.9,102.8,102.8,103.9,106.3,107.5,107.5,107.5,106.3,107.5,101.6,99.2,100.4,99.2,98.0,102.8,102.8,105.1,103.9,103.9,101.6,103.9,105.1,105.1,99.2,99.2,100.4,100.4,106.3,111.0,107.5,106.3,105.1,105.1,111.0,108.7,107.5,105.1,100.4,106.3,102.8,109.8,107.5,105.1,103.9,106.3,108.7,107.5,106.3,107.5,108.7,112.2,112.2,107.5,107.5,112.2,108.7,106.3,103.9,105.1,108.7,109.8,106.3,100.4,98.0,96.9,98.0,108.7,99.2,106.3,105.1,99999.0,99999.0,103.9,98.0,100.4,99999.0,100.4,105.1,99999.0,86.2,79.1,88.6,81.5,86.2,85.0,87.4,90.9,92.1,88.6,87.4,90.9,93.3,94.5,89.8,99.2,95.7,93.3,92.1,94.5,92.1,96.9,100.4,100.4,99.2,99.2,95.7,95.7,100.4,100.4,99.2,96.9,95.7,95.7,94.5,94.5,94.5,95.7,94.5,94.5,92.1,90.9,88.6,89.8,94.5,92.1,94.5,92.1,94.5,94.5,92.1,95.7,95.7,94.5,95.7,98.0,98.0,98.0,95.7,99.2,94.5,93.3,90.9,94.5,96.9,94.5,96.9,98.0,95.7,100.4,103.9,108.7,111.0,103.9,103.9,105.1,101.6,103.9,103.9,102.8,101.6,102.8,102.8,102.8,101.6,101.6,103.9,102.8,101.6,100.4,100.4,99.2,99.2,101.6,101.6,100.4,102.8,101.6,102.8,101.6,102.8,102.8,102.8,101.6,99.2,100.4,96.9,100.4,105.1,105.1,100.4,101.6,103.9,103.9,102.8,103.9,102.8,99.2,99.2,106.3,99999.0,115.7,105.1,109.8,105.1,105.1,106.3,108.7,107.5,100.4,98.0,100.4,105.1,102.8,102.8,101.6,99.2,102.8,108.7,109.8,106.3,108.7,102.8,106.3,106.3,108.7,109.8,109.8,109.8,109.8,109.8,112.2,116.9,113.4,114.6,120.5,121.7,128.7,124.0,116.9,113.4,113.4,113.4,113.4,113.4,111.0,113.4,115.7,115.7,118.1,120.5,120.5,118.1,118.1,115.7,113.4,115.7,115.7,115.7,115.7,118.1,128.7,132.3,129.9,134.6,127.6,119.3,113.4,118.1,101.6,105.1,103.9,109.8,114.6,116.9,118.1,114.6,116.9,109.8,111.0,111.0,108.7,111.0,112.2,112.2,107.5,105.1,108.7,106.3,106.3,109.8,109.8,109.8
108.7,111.0,105.1,119.3,111.0,111.0,112.2,113.4,100.4,100.4,106.3,116.9,103.9,103.9,101.6,102.8,107.5,112.2,111.0,99999.0,89.8,96.9,113.4,112.2,109.8,111.0,121.7,99999.0,112.2,118.1,112.2,108.7,99999.0,99999.0,99999.0,108.7,102.8,107.5,107.5,108.7,109.8,111.0,107.5,109.8,99999.0,106.3,108.7,108.7,107.5,100.4,103.9,106.3,113.4,105.1,92.1,94.5,95.7,94.5,87.4,92.1,92.1,99999.0,93.3,92.1,88.6,86.2,105.1,107.5,102.8,101.6,107.5,103.9,105.1,106.3,107.5,103.9,103.9,101.6,102.8,101.6,101.6,102.8,100.4,102.8,105.1,102.8,102.8,103.9,102.8,101.6,106.3,103.9,96.9,98.0,99.2,101.6,106.3,109.8,105.1,101.6,100.4,105.1,103.9,102.8,99.2,100.4,99.2,101.6,103.9,106.3,102.8,101.6,106.3,106.3,106.3,103.9,105.1,107.5,108.7,111.0,100.4,108.7,106.3,105.1,105.1,103.9,108.7,102.8,101.6,100.4,98.0,98.0,95.7,99.2,105.1,103.9,103.9,101.6,99999.0,99999.0,95.7,99.2,107.5,88.6,89.8,89.8,88.6,89.8,90.9,83.9,87.4,88.6,85.0,85.0,85.0,89.8,88.6,89.8,93.3,93.3,89.8,93.3,87.4,90.9,89.8,89.8,95.7,94.5,95.7,96.9,98.0,101.6,99.2,96.9,95.7,99.2,99.2,98.0,98.0,94.5,94.5,95.7,94.5,95.7,94.5,93.3,90.9,90.9,87.4,90.9,86.2,85.0,90.9,86.2,94.5,93.3,96.9,94.5,90.9,93.3,94.5,94.5,95.7,95.7,99.2,98.0,96.9,95.7,95.7,93.3,96.9,98.0,96.9,100.4,102.8,105.1,100.4,101.6,102.8,105.1,99.2,103.9,103.9,101.6,109.8,105.1,103.9,103.9,102.8,102.8,103.9,102.8,101.6,102.8,103.9,106.3,105.1,103.9,101.6,101.6,101.6,105.1,103.9,106.3,103.9,101.6,102.8,100.4,102.8,102.8,101.6,100.4,101.6,96.9,98.0,99.2,98.0,99.2,100.4,98.0,98.0,98.0,100.4,107.5,106.3,100.4,101.6,106.3,113.4,105.1,106.3,98.0,105.1,105.1,101.6,105.1,109.8,95.7,94.5,105.1,103.9,102.8,105.1,105.1,100.4,108.7,108.7,105.1,100.4,101.6,102.8,106.3,105.1,112.2,111.0,109.8,107.5,108.7,113.4,113.4,114.6,113.4,116.9,125.2,119.3,118.1,115.7,115.7,116.9,112.2,111.0,112.2,115.7,115.7,118.1,120.5,120.5,118.1,116.9,119.3,118.1,115.7,114.6,122.8,120.5,116.9,113.4,112.2,119.3,120.5,125.2,122.8,118.1,114.6,113.4,108.7,105.1,105.1,103.9,112.2,120.5,120.5,113.4,106.3,101.6,101.6,106.3,112.2,111.0,111.0,116.9,108.7,105.1,102.8,105.1,100.4,100.4,106.3,106.3,111.0
108.7,108.7,102.8,108.7,109.8,109.8,108.7,106.3,99999.0,100.4,99999.0,105.1,99999.0,102.8,107.5,99999.0,115.7,101.6,90.9,83.9,92.1,88.6,99999.0,99999.0,99999.0,99999.0,99999.0,116.9,99999.0,114.6,103.9,111.0,103.9,100.4,99999.0,108.7,107.5,107.5,103.9,103.9,105.1,102.8,103.9,113.4,107.5,106.3,109.8,108.7,109.8,98.0,102.8,108.7,107.5,100.4,98.0,94.5,94.5,95.7,92.1,93.3,98.0,93.3,94.5,93.3,87.4,93.3,100.4,103.9,102.8,103.9,105.1,105.1,103.9,105.1,107.5,106.3,106.3,102.8,103.9,105.1,102.8,102.8,103.9,103.9,102.8,102.8,105.1,103.9,101.6,102.8,99.2,102.8,100.4,96.9,101.6,105.1,107.5,105.1,102.8,101.6,96.9,101.6,103.9,100.4,98.0,95.7,96.9,98.0,105.1,105.1,109.8,102.8,108.7,103.9,101.6,102.8,101.6,102.8,99.2,98.0,98.0,102.8,103.9,103.9,106.3,107.5,109.8,105.1,99.2,102.8,105.1,99.2,98.0,103.9,105.1,103.9,101.6,96.9,88.6,99999.0,96.9,102.8,101.6,94.5,94.5,94.5,92.1,90.9,90.9,87.4,85.0,86.2,87.4,88.6,82.7,87.4,87.4,92.1,95.7,88.6,94.5,93.3,92.1,92.1,89.8,90.9,92.1,94.5,98.0,93.3,94.5,96.9,99.2,96.9,94.5,98.0,99.2,96.9,100.4,101.6,96.9,94.5,94.5,92.1,90.9,92.1,92.1,89.8,90.9,90.9,86.2,83.9,93.3,86.2,86.2,89.8,93.3,95.7,95.7,93.3,93.3,96.9,98.0,98.0,98.0,99.2,100.4,99.2,96.9,95.7,94.5,99.2,98.0,98.0,100.4,101.6,102.8,101.6,105.1,102.8,99.2,99.2,100.4,100.4,102.8,103.9,103.9,105.1,105.1,107.5,106.3,105.1,102.8,102.8,107.5,108.7,107.5,107.5,103.9,105.1,103.9,101.6,103.9,105.1,105.1,102.8,100.4,102.8,102.8,102.8,103.9,103.9,101.6,101.6,98.0,96.9,96.9,96.9,96.9,95.7,95.7,95.7,101.6,102.8,102.8,100.4,98.0,106.3,106.3,100.4,101.6,101.6,103.9,102.8,103.9,101.6,101.6,102.8,105.1,102.8,105.1,103.9,103.9,107.5,108.7,107.5,106.3,102.8,106.3,106.3,109.8,107.5,105.1,107.5,106.3,106.3,107.5,109.8,111.0,112.2,108.7,109.8,115.7,120.5,116.9,111.0,112.2,116.9,118.1,114.6,109.8,113.4,116.9,111.0,113.4,116.9,113.4,112.2,115.7,116.9,112.2,113.4,109.8,109.8,122.8,115.7,119.3,115.7,116.9,120.5,120.5,119.3,113.4,114.6,109.8,111.0,105.1,100.4,102.8,107.5,115.7,107.5,101.6,98.0,94.5,90.9,96.9,115.7,109.8,113.4,114.6,111.0,103.9,99.2,95.7,93.3,98.0,103.9,106.3,107.5
102.8,102.8,100.4,105.1,109.8,111.0,107.5,103.9,101.6,103.9,99999.0,102.8,99.2,100.4,103.9,106.3,100.4,92.1,85.0,85.0,89.8,112.2,99999.0,99999.0,99999.0,99999.0,109.8,116.9,108.7,99999.0,101.6,98.0,99999.0,99999.0,105.1,103.9,102.8,101.6,95.7,99.2,100.4,95.7,95.7,101.6,106.3,109.8,108.7,107.5,107.5,102.8,98.0,106.3,109.8,101.6,98.0,99.2,89.8,92.1,89.8,95.7,95.7,95.7,92.1,94.5,88.6,99.2,95.7,102.8,102.8,100.4,100.4,106.3,103.9,106.3,108.7,107.5,105.1,105.1,102.8,103.9,105.1,102.8,100.4,106.3,105.1,106.3,106.3,105.1,105.1,101.6,100.4,101.6,101.6,100.4,101.6,101.6,105.1,105.1,105.1,99.2,99.2,98.0,99.2,100.4,94.5,95.7,95.7,96.9,99.2,99.2,103.9,106.3,103.9,102.8,105.1,101.6,99.2,99.2,100.4,98.0,98.0,103.9,102.8,105.1,106.3,103.9,107.5,106.3,106.3,101.6,106.3,96.9,92.1,98.0,106.3,98.0,93.3,89.8,99999.0,94.5,99999.0,99.2,95.7,92.1,95.7,92.1,92.1,87.4,93.3,86.2,88.6,87.4,90.9,88.6,88.6,90.9,89.8,95.7,96.9,90.9,94.5,96.9,98.0,95.7,89.8,93.3,89.8,94.5,93.3,94.5,96.9,95.7,95.7,95.7,95.7,95.7,94.5,96.9,94.5,96.9,95.7,92.1,93.3,89.8,90.9,92.1,90.9,92.1,92.1,93.3,90.9,101.6,92.1,89.8,88.6,86.2,90.9,93.3,92.1,90.9,93.3,98.0,96.9,96.9,94.5,98.0,99.2,100.4,99.2,98.0,99.2,98.0,101.6,98.0,102.8,100.4,102.8,103.9,106.3,103.9,100.4,98.0,95.7,99.2,102.8,100.4,100.4,100.4,105.1,106.3,103.9,101.6,101.6,102.8,106.3,111.0,105.1,102.8,106.3,105.1,101.6,107.5,112.2,109.8,108.7,102.8,96.9,101.6,106.3,108.7,105.1,103.9,101.6,105.1,100.4,99.2,101.6,96.9,96.9,99.2,99.2,100.4,101.6,102.8,102.8,105.1,102.8,107.5,112.2,113.4,107.5,95.7,96.9,103.9,105.1,106.3,108.7,102.8,103.9,103.9,103.9,101.6,103.9,103.9,106.3,107.5,108.7,105.1,105.1,106.3,106.3,106.3,105.1,105.1,107.5,108.7,111.0,109.8,108.7,108.7,106.3,111.0,115.7,116.9,113.4,108.7,109.8,111.0,109.8,114.6,108.7,111.0,108.7,109.8,113.4,112.2,108.7,109.8,112.2,108.7,108.7,109.8,108.7,109.8,107.5,109.8,112.2,113.4,116.9,118.1,116.9,119.3,108.7,111.0,103.9,103.9,109.8,100.4,111.0,103.9,96.9,92.1,86.2,82.7,83.9,92.1,103.9,109.8,114.6,126.4,109.8,108.7,100.4,98.0,94.5,95.7,101.6,105.1,105.1,103.9
109.8,98.0,99.2,109.8,99.2,88.6,87.4,94.5,94.5,103.9,109.8,99999.0,99999.0,99.2,105.1,105.1,96.9,94.5,87.4,89.8,89.8,86.2,88.6,99999.0,112.2,99.2,103.9,109.8,113.4,111.0,100.4,101.6,96.9,105.1,103.9,107.5,103.9,101.6,95.7,105.1,98.0,98.0,101.6,108.7,103.9,101.6,105.1,107.5,100.4,90.9,96.9,105.1,100.4,99.2,93.3,90.9,87.4,85.0,87.4,99.2,95.7,96.9,99.2,100.4,89.8,93.3,99.2,102.8,100.4,99.2,105.1,105.1,108.7,106.3,109.8,108.7,109.8,106.3,103.9,102.8,103.9,107.5,103.9,108.7,106.3,103.9,103.9,102.8,103.9,96.9,98.0,96.9,98.0,96.9,98.0,99.2,101.6,103.9,102.8,105.1,96.9,95.7,98.0,95.7,99.2,98.0,100.4,100.4,98.0,100.4,100.4,102.8,103.9,105.1,106.3,102.8,99.2,96.9,96.9,98.0,95.7,96.9,100.4,99.2,100.4,103.9,107.5,107.5,105.1,102.8,98.0,94.5,89.8,89.8,99.2,94.5,95.7,99.2,98.0,99.2,101.6,99999.0,96.9,88.6,94.5,90.9,90.9,87.4,82.7,82.7,89.8,86.2,88.6,88.6,92.1,89.8,94.5,93.3,98.0,94.5,94.5,94.5,93.3,94.5,94.5,92.1,93.3,89.8,89.8,96.9,98.0,95.7,96.9,94.5,95.7,95.7,94.5,94.5,94.5,95.7,92.1,89.8,89.8,89.8,90.9,93.3,92.1,95.7,92.1,92.1,92.1,90.9,92.1,92.1,86.2,87.4,88.6,89.8,90.9,94.5,94.5,98.0,95.7,95.7,94.5,93.3,98.0,100.4,98.0,95.7,96.9,93.3,98.0,96.9,96.9,98.0,99.2,98.0,99.2,103.9,103.9,98.0,98.0,99.2,99.2,100.4,100.4,99.2,102.8,106.3,99.2,99.2,96.9,103.9,101.6,101.6,99.2,99.2,101.6,101.6,100.4,105.1,114.6,107.5,105.1,98.0,100.4,101.6,105.1,101.6,101.6,99.2,100.4,100.4,99.2,103.9,107.5,99.2,100.4,100.4,103.9,105.1,107.5,106.3,96.9,105.1,105.1,109.8,108.7,115.7,113.4,103.9,98.0,98.0,105.1,102.8,111.0,105.1,103.9,101.6,100.4,100.4,100.4,105.1,103.9,105.1,105.1,105.1,103.9,105.1,106.3,107.5,109.8,106.3,106.3,107.5,109.8,108.7,107.5,107.5,108.7,112.2,113.4,113.4,111.0,109.8,108.7,106.3,107.5,105.1,107.5,108.7,107.5,109.8,111.0,109.8,107.5,108.7,106.3,107.5,106.3,107.5,107.5,103.9,103.9,106.3,112.2,112.2,113.4,111.0,113.4,112.2,108.7,101.6,102.8,105.1,107.5,103.9,102.8,96.9,89.8,86.2,79.1,82.7,90.9,94.5,76.8,114.6,112.2,98.0,106.3,101.6,105.1,99.2,101.6,101.6,101.6,107.5,105.1,109.8
108.7,95.7,95.7,107.5,98.0,93.3,88.6,95.7,101.6,103.9,102.8,99999.0,99.2,111.0,122.8,101.6,90.9,93.3,92.1,98.0,94.5,89.8,87.4,85.0,89.8,100.4,107.5,106.3,107.5,111.0,103.9,103.9,105.1,105.1,99999.0,105.1,101.6,103.9,106.3,102.8,98.0,99.2,101.6,101.6,103.9,100.4,106.3,102.8,98.0,92.1,96.9,98.0,93.3,93.3,90.9,87.4,87.4,86.2,88.6,96.9,95.7,92.1,92.1,95.7,94.5,100.4,94.5,101.6,102.8,101.6,109.8,118.1,124.0,107.5,116.9,115.7,113.4,107.5,103.9,103.9,101.6,102.8,102.8,103.9,105.1,103.9,101.6,101.6,101.6,96.9,96.9,96.9,96.9,98.0,101.6,100.4,101.6,101.6,100.4,98.0,100.4,98.0,96.9,94.5,99.2,98.0,98.0,96.9,95.7,102.8,101.6,100.4,100.4,105.1,101.6,103.9,98.0,96.9,95.7,99.2,96.9,95.7,99.2,96.9,101.6,101.6,101.6,103.9,105.1,100.4,93.3,90.9,90.9,88.6,94.5,96.9,92.1,95.7,95.7,98.0,96.9,98.0,100.4,98.0,100.4,93.3,82.7,87.4,79.1,83.9,85.0,87.4,85.0,87.4,88.6,89.8,92.1,95.7,94.5,96.9,95.7,90.9,96.9,95.7,93.3,92.1,90.9,95.7,99.2,101.6,96.9,98.0,98.0,95.7,96.9,94.5,93.3,93.3,92.1,92.1,88.6,89.8,87.4,88.6,90.9,93.3,90.9,96.9,87.4,92.1,93.3,88.6,86.2,89.8,88.6,89.8,92.1,94.5,94.5,94.5,96.9,96.9,95.7,96.9,92.1,94.5,96.9,95.7,95.7,94.5,90.9,88.6,89.8,93.3,93.3,94.5,95.7,99.2,99.2,102.8,100.4,95.7,95.7,98.0,101.6,101.6,100.4,98.0,99.2,101.6,96.9,94.5,96.9,101.6,103.9,103.9,99.2,100.4,102.8,102.8,103.9,100.4,106.3,100.4,100.4,98.0,99.2,101.6,107.5,106.3,101.6,99.2,99.2,98.0,98.0,101.6,103.9,99.2,103.9,107.5,102.8,101.6,107.5,102.8,107.5,108.7,106.3,111.0,108.7,109.8,101.6,103.9,108.7,109.8,105.1,106.3,101.6,105.1,101.6,103.9,101.6,100.4,102.8,105.1,106.3,105.1,103.9,105.1,103.9,103.9,107.5,106.3,109.8,107.5,105.1,106.3,108.7,112.2,109.8,107.5,111.0,112.2,109.8,108.7,108.7,108.7,106.3,105.1,103.9,102.8,107.5,103.9,102.8,106.3,107.5,106.3,107.5,105.1,103.9,103.9,103.9,102.8,105.1,112.2,105.1,107.5,106.3,105.1,103.9,102.8,109.8,108.7,107.5,105.1,100.4,103.9,103.9,102.8,95.7,88.6,83.9,78.0,82.7,83.9,86.2,76.8,83.9,94.5,95.7,94.5,99.2,103.9,103.9,101.6,102.8,101.6,99.2,99.2,103.9,103.9
103.9,94.5,105.1,100.4,95.7,98.0,102.8,87.4,102.8,103.9,101.6,101.6,114.6,126.4,125.2,96.9,102.8,98.0,93.3,96.9,95.7,81.5,99999.0,88.6,99999.0,111.0,107.5,106.3,105.1,93.3,94.5,109.8,102.8,99999.0,101.6,105.1,95.7,95.7,102.8,99.2,99.2,96.9,96.9,93.3,100.4,106.3,99.2,100.4,98.0,90.9,90.9,92.1,83.9,83.9,86.2,80.3,86.2,83.9,94.5,92.1,93.3,89.8,92.1,96.9,92.1,96.9,93.3,92.1,95.7,99.2,100.4,113.4,119.3,124.0,126.4,124.0,121.7,111.0,105.1,101.6,102.8,101.6,102.8,103.9,103.9,105.1,100.4,101.6,98.0,96.9,95.7,95.7,95.7,94.5,99.2,99.2,99.2,98.0,95.7,95.7,98.0,96.9,96.9,95.7,96.9,94.5,94.5,94.5,94.5,101.6,107.5,100.4,95.7,95.7,96.9,99.2,94.5,93.3,95.7,94.5,93.3,94.5,92.1,95.7,101.6,99.2,100.4,101.6,102.8,99.2,93.3,90.9,89.8,87.4,95.7,100.4,87.4,89.8,89.8,89.8,93.3,93.3,94.5,94.5,92.1,93.3,86.2,81.5,82.7,81.5,86.2,83.9,87.4,88.6,86.2,88.6,89.8,90.9,92.1,93.3,92.1,94.5,101.6,98.0,93.3,93.3,92.1,98.0,100.4,99.2,93.3,95.7,94.5,92.1,90.9,89.8,88.6,90.9,92.1,90.9,87.4,86.2,87.4,92.1,90.9,92.1,93.3,90.9,92.1,89.8,90.9,88.6,86.2,89.8,88.6,88.6,93.3,92.1,90.9,93.3,95.7,95.7,98.0,98.0,99.2,94.5,96.9,94.5,94.5,90.9,90.9,90.9,89.8,90.9,93.3,94.5,94.5,98.0,96.9,96.9,96.9,93.3,94.5,96.9,101.6,100.4,106.3,95.7,95.7,94.5,99.2,102.8,102.8,102.8,103.9,105.1,105.1,103.9,106.3,105.1,103.9,105.1,103.9,101.6,102.8,102.8,99.2,105.1,106.3,103.9,103.9,105.1,102.8,101.6,101.6,102.8,101.6,102.8,105.1,105.1,100.4,106.3,112.2,114.6,116.9,116.9,111.0,114.6,114.6,115.7,119.3,109.8,107.5,108.7,111.0,108.7,114.6,105.1,105.1,102.8,101.6,105.1,102.8,106.3,106.3,105.1,103.9,106.3,105.1,109.8,108.7,107.5,106.3,105.1,105.1,106.3,111.0,112.2,108.7,111.0,112.2,111.0,112.2,111.0,109.8,105.1,102.8,103.9,103.9,103.9,106.3,105.1,102.8,105.1,103.9,103.9,103.9,103.9,103.9,105.1,105.1,100.4,100.4,108.7,107.5,107.5,103.9,101.6,99.2,98.0,107.5,105.1,98.0,100.4,100.4,101.6,99.2,95.7,92.1,86.2,78.0,81.5,85.0,85.0,85.0,87.4,96.9,94.5,89.8,95.7,102.8,100.4,100.4,101.6,101.6,96.9,94.5,96.9,96.9,102.8
93.3,94.5,96.9,98.0,90.9,99.2,93.3,93.3,98.0,96.9,100.4,103.9,121.7,113.4,111.0,107.5,96.9,82.7,90.9,86.2,79.1,78.0,99999.0,85.0,99.2,99.2,99.2,99999.0,94.5,96.9,98.0,100.4,101.6,100.4,93.3,95.7,88.6,89.8,94.5,92.1,88.6,81.5,80.3,79.1,99999.0,89.8,89.8,90.9,88.6,87.4,88.6,86.2,87.4,89.8,86.2,80.3,82.7,85.0,89.8,88.6,92.1,93.3,94.5,94.5,94.5,93.3,94.5,98.0,99.2,103.9,109.8,118.1,112.2,116.9,121.7,132.3,134.6,113.4,108.7,109.8,112.2,108.7,108.7,101.6,101.6,101.6,99.2,98.0,95.7,96.9,98.0,98.0,94.5,94.5,98.0,100.4,99.2,94.5,94.5,93.3,93.3,93.3,93.3,95.7,95.7,92.1,93.3,92.1,94.5,99.2,100.4,98.0,95.7,98.0,99.2,95.7,99.2,96.9,96.9,93.3,90.9,89.8,95.7,96.9,95.7,95.7,98.0,100.4,101.6,96.9,89.8,89.8,88.6,88.6,96.9,94.5,87.4,87.4,86.2,89.8,90.9,90.9,94.5,92.1,90.9,82.7,83.9,86.2,86.2,87.4,87.4,87.4,88.6,87.4,89.8,90.9,88.6,93.3,92.1,88.6,89.8,98.0,101.6,87.4,87.4,90.9,89.8,93.3,95.7,89.8,94.5,95.7,96.9,95.7,90.9,87.4,87.4,88.6,87.4,86.2,85.0,86.2,89.8,94.5,93.3,94.5,89.8,87.4,88.6,88.6,87.4,88.6,89.8,90.9,87.4,90.9,92.1,92.1,89.8,92.1,93.3,94.5,94.5,96.9,99.2,96.9,94.5,92.1,92.1,88.6,89.8,89.8,89.8,90.9,92.1,93.3,94.5,94.5,94.5,92.1,88.6,94.5,92.1,98.0,99.2,103.9,102.8,103.9,94.5,94.5,95.7,100.4,106.3,106.3,106.3,105.1,103.9,102.8,103.9,105.1,105.1,103.9,106.3,105.1,102.8,102.8,103.9,108.7,105.1,101.6,103.9,106.3,111.0,107.5,102.8,103.9,103.9,98.0,103.9,111.0,111.0,107.5,108.7,103.9,111.0,113.4,103.9,112.2,107.5,107.5,108.7,103.9,103.9,106.3,107.5,116.9,112.2,108.7,108.7,107.5,106.3,103.9,105.1,102.8,100.4,99.2,105.1,109.8,109.8,111.0,109.8,108.7,108.7,109.8,109.8,106.3,107.5,108.7,109.8,111.0,108.7,109.8,111.0,109.8,107.5,102.8,102.8,102.8,102.8,102.8,105.1,105.1,103.9,101.6,99.2,100.4,101.6,102.8,103.9,103.9,99.2,102.8,102.8,106.3,105.1,105.1,101.6,101.6,102.8,101.6,101.6,92.1,98.0,96.9,99.2,102.8,93.3,89.8,86.2,87.4,88.6,83.9,87.4,87.4,85.0,88.6,88.6,92.1,88.6,96.9,96.9,102.8,102.8,98.0,98.0,90.9,87.4,88.6,96.9,107.5
101.6,94.5,92.1,93.3,89.8,90.9,90.9,95.7,92.1,90.9,113.4,107.5,121.7,115.7,99.2,99.2,94.5,92.1,87.4,83.9,80.3,78.0,99999.0,99999.0,99.2,96.9,89.8,87.4,92.1,101.6,100.4,93.3,94.5,93.3,99.2,81.5,79.1,89.8,90.9,94.5,82.7,79.1,76.8,85.0,86.2,87.4,83.9,87.4,87.4,82.7,83.9,86.2,85.0,80.3,79.1,81.5,80.3,83.9,83.9,89.8,89.8,90.9,92.1,92.1,96.9,95.7,92.1,93.3,95.7,102.8,103.9,106.3,107.5,111.0,114.6,112.2,118.1,108.7,108.7,106.3,108.7,102.8,103.9,102.8,105.1,103.9,101.6,101.6,99.2,95.7,96.9,96.9,92.1,90.9,94.5,95.7,93.3,90.9,90.9,90.9,90.9,92.1,92.1,90.9,92.1,92.1,94.5,93.3,93.3,96.9,94.5,92.1,90.9,92.1,93.3,95.7,96.9,95.7,95.7,95.7,93.3,93.3,98.0,96.9,94.5,96.9,95.7,99.2,101.6,96.9,90.9,90.9,85.0,89.8,95.7,100.4,86.2,83.9,86.2,88.6,87.4,88.6,92.1,87.4,87.4,81.5,81.5,82.7,86.2,83.9,87.4,90.9,86.2,86.2,87.4,87.4,92.1,94.5,95.7,94.5,90.9,89.8,96.9,87.4,89.8,88.6,92.1,88.6,89.8,92.1,93.3,92.1,90.9,88.6,90.9,89.8,88.6,89.8,88.6,88.6,87.4,92.1,94.5,95.7,92.1,89.8,88.6,87.4,87.4,88.6,88.6,88.6,87.4,89.8,88.6,90.9,90.9,90.9,88.6,89.8,89.8,90.9,89.8,92.1,95.7,96.9,93.3,90.9,89.8,88.6,89.8,88.6,89.8,90.9,94.5,94.5,93.3,95.7,95.7,96.9,98.0,96.9,94.5,94.5,96.9,93.3,95.7,94.5,92.1,94.5,100.4,95.7,99.2,106.3,106.3,103.9,102.8,102.8,100.4,101.6,106.3,106.3,109.8,102.8,102.8,103.9,103.9,106.3,101.6,103.9,99.2,99.2,95.7,103.9,89.8,98.0,92.1,93.3,101.6,101.6,108.7,113.4,99.2,107.5,129.9,109.8,116.9,111.0,120.5,120.5,116.9,116.9,119.3,116.9,116.9,109.8,108.7,107.5,108.7,112.2,116.9,107.5,107.5,108.7,101.6,102.8,105.1,105.1,107.5,109.8,109.8,108.7,111.0,112.2,114.6,112.2,112.2,108.7,108.7,108.7,107.5,103.9,108.7,112.2,106.3,101.6,101.6,100.4,101.6,102.8,106.3,105.1,102.8,99.2,99.2,100.4,101.6,102.8,102.8,102.8,99.2,100.4,102.8,102.8,101.6,101.6,98.0,99.2,98.0,100.4,100.4,101.6,98.0,92.1,99.2,96.9,90.9,82.7,94.5,81.5,87.4,90.9,93.3,92.1,85.0,86.2,94.5,90.9,93.3,95.7,94.5,95.7,95.7,95.7,90.9,88.6,94.5,94.5,102.8,108.7
93.3,95.7,87.4,95.7,93.3,90.9,89.8,89.8,89.8,99999.0,124.0,120.5,107.5,103.9,94.5,93.3,90.9,87.4,90.9,79.1,76.8,90.9,90.9,99999.0,94.5,89.8,86.2,87.4,92.1,94.5,93.3,94.5,93.3,94.5,83.9,83.9,78.0,85.0,92.1,81.5,76.8,76.8,82.7,79.1,79.1,82.7,82.7,82.7,83.9,81.5,79.1,81.5,81.5,79.1,80.3,80.3,79.1,82.7,85.0,88.6,92.1,93.3,93.3,93.3,93.3,92.1,93.3,94.5,92.1,99.2,103.9,105.1,103.9,101.6,107.5,106.3,102.8,103.9,103.9,107.5,99.2,99.2,101.6,100.4,103.9,101.6,99.2,100.4,98.0,96.9,96.9,94.5,88.6,90.9,92.1,92.1,93.3,90.9,92.1,95.7,94.5,93.3,93.3,93.3,94.5,93.3,89.8,88.6,88.6,89.8,89.8,89.8,93.3,93.3,93.3,93.3,94.5,96.9,93.3,93.3,94.5,96.9,95.7,96.9,93.3,98.0,101.6,102.8,101.6,93.3,94.5,94.5,96.9,93.3,86.2,83.9,87.4,90.9,88.6,86.2,88.6,87.4,86.2,83.9,82.7,80.3,85.0,83.9,82.7,83.9,89.8,86.2,85.0,85.0,85.0,83.9,93.3,87.4,92.1,96.9,98.0,90.9,93.3,93.3,93.3,93.3,92.1,89.8,88.6,92.1,93.3,90.9,87.4,88.6,94.5,92.1,90.9,94.5,89.8,89.8,89.8,92.1,90.9,90.9,90.9,87.4,87.4,83.9,86.2,86.2,86.2,87.4,85.0,86.2,87.4,94.5,89.8,89.8,89.8,90.9,90.9,90.9,93.3,93.3,94.5,98.0,95.7,95.7,90.9,89.8,90.9,90.9,92.1,90.9,96.9,95.7,94.5,95.7,94.5,94.5,95.7,96.9,94.5,95.7,93.3,106.3,102.8,98.0,102.8,105.1,108.7,98.0,102.8,92.1,102.8,103.9,105.1,101.6,106.3,105.1,98.0,108.7,113.4,106.3,103.9,103.9,103.9,106.3,102.8,106.3,94.5,103.9,99.2,98.0,95.7,94.5,99.2,99999.0,99999.0,102.8,106.3,114.6,109.8,113.4,113.4,120.5,116.9,114.6,108.7,112.2,112.2,111.0,113.4,111.0,109.8,107.5,106.3,109.8,114.6,115.7,116.9,119.3,113.4,109.8,107.5,107.5,107.5,105.1,109.8,108.7,107.5,105.1,102.8,107.5,109.8,109.8,108.7,107.5,106.3,107.5,105.1,105.1,107.5,112.2,102.8,99.2,96.9,99.2,101.6,102.8,102.8,102.8,98.0,98.0,98.0,98.0,98.0,98.0,100.4,98.0,96.9,99.2,98.0,98.0,96.9,96.9,93.3,93.3,96.9,92.1,82.7,82.7,85.0,90.9,86.2,85.0,82.7,78.0,85.0,88.6,87.4,86.2,86.2,85.0,83.9,87.4,89.8,93.3,92.1,90.9,93.3,93.3,92.1,90.9,87.4,92.1,103.9,99.2,106.3,102.8
92.1,89.8,90.9,85.0,93.3,87.4,82.7,83.9,87.4,98.0,108.7,100.4,96.9,96.9,95.7,99.2,89.8,80.3,92.1,81.5,85.0,92.1,89.8,90.9,88.6,81.5,85.0,85.0,102.8,96.9,92.1,102.8,92.1,83.9,85.0,82.7,82.7,82.7,82.7,79.1,75.6,75.6,74.4,74.4,78.0,81.5,82.7,86.2,80.3,79.1,79.1,80.3,79.1,78.0,79.1,79.1,82.7,83.9,86.2,88.6,92.1,93.3,94.5,95.7,98.0,95.7,96.9,94.5,99.2,102.8,109.8,103.9,102.8,96.9,100.4,101.6,102.8,107.5,109.8,100.4,99.2,100.4,101.6,101.6,101.6,99.2,98.0,96.9,95.7,94.5,94.5,89.8,88.6,89.8,89.8,90.9,90.9,90.9,90.9,92.1,93.3,93.3,90.9,90.9,89.8,88.6,87.4,86.2,87.4,90.9,89.8,93.3,93.3,95.7,94.5,92.1,93.3,95.7,95.7,92.1,93.3,90.9,90.9,90.9,94.5,99.2,95.7,101.6,99.2,96.9,94.5,100.4,96.9,89.8,88.6,85.0,87.4,88.6,86.2,85.0,88.6,88.6,85.0,80.3,79.1,81.5,83.9,85.0,87.4,87.4,88.6,86.2,83.9,82.7,86.2,88.6,92.1,87.4,89.8,92.1,88.6,86.2,87.4,88.6,93.3,88.6,82.7,88.6,90.9,90.9,88.6,93.3,89.8,88.6,89.8,92.1,93.3,90.9,88.6,86.2,89.8,89.8,86.2,86.2,87.4,85.0,85.0,85.0,86.2,86.2,82.7,83.9,82.7,85.0,87.4,86.2,92.1,89.8,89.8,90.9,92.1,92.1,94.5,93.3,93.3,92.1,93.3,93.3,94.5,94.5,93.3,92.1,92.1,94.5,94.5,100.4,102.8,96.9,96.9,93.3,95.7,93.3,94.5,100.4,102.8,99.2,105.1,106.3,106.3,108.7,106.3,101.6,101.6,107.5,108.7,107.5,106.3,108.7,108.7,108.7,109.8,111.0,108.7,103.9,105.1,106.3,101.6,103.9,103.9,103.9,95.7,103.9,102.8,98.0,99999.0,99999.0,101.6,95.7,115.7,111.0,107.5,113.4,116.9,115.7,119.3,122.8,124.0,119.3,119.3,118.1,109.8,109.8,109.8,108.7,109.8,115.7,113.4,114.6,116.9,116.9,121.7,125.2,119.3,109.8,106.3,107.5,112.2,111.0,112.2,116.9,112.2,109.8,107.5,112.2,108.7,111.0,107.5,105.1,106.3,101.6,102.8,101.6,107.5,102.8,96.9,98.0,99.2,95.7,98.0,101.6,101.6,99.2,98.0,96.9,96.9,98.0,96.9,96.9,99.2,99.2,100.4,96.9,95.7,92.1,94.5,92.1,85.0,86.2,87.4,87.4,83.9,79.1,87.4,87.4,87.4,82.7,85.0,92.1,92.1,87.4,86.2,83.9,85.0,82.7,80.3,89.8,89.8,86.2,88.6,89.8,88.6,89.8,86.2,86.2,85.0,89.8,89.8,101.6,102.8,88.6
85.0,90.9,86.2,88.6,88.6,86.2,87.4,85.0,87.4,98.0,96.9,89.8,89.8,89.8,90.9,101.6,89.8,83.9,86.2,81.5,89.8,94.5,85.0,75.6,93.3,75.6,78.0,88.6,85.0,94.5,92.1,90.9,80.3,79.1,80.3,79.1,82.7,75.6,78.0,75.6,73.2,74.4,78.0,79.1,81.5,86.2,85.0,86.2,82.7,78.0,78.0,78.0,78.0,76.8,78.0,81.5,81.5,82.7,89.8,86.2,89.8,94.5,95.7,96.9,98.0,96.9,98.0,101.6,95.7,101.6,101.6,99.2,103.9,101.6,103.9,102.8,99.2,101.6,99.2,98.0,96.9,99.2,105.1,105.1,101.6,99.2,98.0,96.9,93.3,93.3,89.8,88.6,89.8,88.6,87.4,89.8,88.6,89.8,93.3,94.5,93.3,92.1,89.8,88.6,87.4,87.4,86.2,87.4,88.6,87.4,92.1,96.9,96.9,94.5,94.5,95.7,92.1,93.3,95.7,90.9,92.1,90.9,92.1,90.9,89.8,95.7,96.9,96.9,96.9,95.7,96.9,93.3,94.5,88.6,87.4,89.8,85.0,86.2,86.2,82.7,83.9,85.0,87.4,87.4,87.4,83.9,86.2,85.0,87.4,88.6,86.2,85.0,85.0,81.5,81.5,89.8,87.4,95.7,89.8,89.8,88.6,86.2,90.9,86.2,87.4,83.9,90.9,90.9,88.6,88.6,89.8,96.9,95.7,94.5,92.1,92.1,93.3,89.8,92.1,94.5,87.4,86.2,87.4,86.2,83.9,82.7,83.9,83.9,86.2,85.0,82.7,83.9,83.9,85.0,86.2,88.6,89.8,89.8,89.8,89.8,90.9,90.9,94.5,92.1,92.1,89.8,90.9,94.5,95.7,94.5,96.9,98.0,100.4,99.2,98.0,99.2,101.6,100.4,99.2,102.8,102.8,100.4,102.8,103.9,105.1,107.5,103.9,108.7,107.5,103.9,102.8,101.6,102.8,107.5,106.3,106.3,109.8,111.0,105.1,105.1,109.8,108.7,105.1,102.8,100.4,105.1,103.9,106.3,93.3,89.8,103.9,99999.0,99999.0,99999.0,99999.0,106.3,112.2,111.0,115.7,119.3,118.1,116.9,114.6,115.7,118.1,126.4,124.0,120.5,121.7,109.8,108.7,107.5,111.0,94.5,95.7,99999.0,99999.0,99999.0,120.5,124.0,125.2,124.0,120.5,116.9,113.4,112.2,116.9,111.0,108.7,114.6,114.6,108.7,107.5,111.0,112.2,109.8,105.1,107.5,109.8,103.9,98.0,101.6,102.8,95.7,90.9,98.0,96.9,99.2,101.6,100.4,99.2,100.4,98.0,94.5,93.3,95.7,94.5,93.3,96.9,95.7,94.5,95.7,92.1,92.1,95.7,87.4,82.7,80.3,85.0,76.8,85.0,79.1,83.9,83.9,88.6,86.2,89.8,92.1,93.3,85.0,83.9,82.7,83.9,87.4,87.4,93.3,87.4,85.0,87.4,85.0,85.0,86.2,83.9,80.3,82.7,82.7,86.2,90.9,93.3,85.0
83.9,86.2,79.1,87.4,87.4,87.4,81.5,82.7,87.4,87.4,93.3,90.9,87.4,87.4,90.9,93.3,87.4,87.4,82.7,79.1,75.6,99999.0,76.8,73.2,80.3,79.1,78.0,75.6,86.2,82.7,78.0,75.6,75.6,80.3,79.1,76.8,75.6,75.6,75.6,73.2,74.4,76.8,74.4,82.7,90.9,83.9,88.6,81.5,79.1,80.3,78.0,78.0,75.6,78.0,79.1,80.3,81.5,83.9,87.4,88.6,89.8,92.1,93.3,95.7,98.0,95.7,96.9,100.4,94.5,102.8,101.6,96.9,100.4,99.2,101.6,106.3,105.1,99.2,100.4,99.2,98.0,100.4,102.8,101.6,99.2,99.2,96.9,94.5,92.1,89.8,88.6,87.4,90.9,89.8,88.6,89.8,89.8,89.8,90.9,92.1,90.9,87.4,88.6,87.4,88.6,85.0,83.9,86.2,87.4,87.4,94.5,96.9,95.7,94.5,96.9,93.3,93.3,92.1,92.1,90.9,92.1,89.8,89.8,88.6,90.9,92.1,89.8,90.9,90.9,94.5,92.1,90.9,88.6,88.6,88.6,87.4,86.2,86.2,86.2,82.7,81.5,79.1,85.0,85.0,83.9,85.0,83.9,86.2,86.2,88.6,83.9,85.0,87.4,80.3,83.9,85.0,88.6,89.8,89.8,89.8,86.2,83.9,86.2,86.2,85.0,83.9,82.7,81.5,83.9,87.4,87.4,99.2,96.9,99.2,92.1,89.8,90.9,92.1,90.9,88.6,87.4,86.2,83.9,82.7,83.9,83.9,82.7,86.2,86.2,85.0,85.0,86.2,86.2,87.4,89.8,88.6,87.4,88.6,88.6,89.8,89.8,90.9,92.1,90.9,88.6,88.6,90.9,98.0,96.9,98.0,96.9,96.9,96.9,98.0,98.0,99.2,98.0,100.4,102.8,106.3,103.9,102.8,101.6,99.2,100.4,111.0,111.0,109.8,111.0,102.8,105.1,103.9,103.9,101.6,109.8,108.7,103.9,106.3,108.7,109.8,111.0,108.7,108.7,111.0,107.5,106.3,111.0,99.2,103.9,100.4,95.7,99999.0,99999.0,99999.0,99999.0,99999.0,114.6,113.4,119.3,119.3,118.1,118.1,118.1,119.3,118.1,119.3,111.0,107.5,99999.0,99999.0,99999.0,95.7,95.7,95.7,99999.0,99999.0,99999.0,99999.0,99999.0,99999.0,122.8,114.6,122.8,118.1,119.3,115.7,118.1,111.0,118.1,115.7,111.0,106.3,105.1,100.4,111.0,101.6,101.6,100.4,98.0,98.0,95.7,96.9,99.2,96.9,92.1,96.9,94.5,92.1,100.4,98.0,102.8,105.1,100.4,95.7,94.5,95.7,95.7,95.7,94.5,94.5,94.5,95.7,93.3,96.9,86.2,73.2,83.9,85.0,86.2,75.6,80.3,85.0,86.2,82.7,86.2,86.2,89.8,92.1,86.2,80.3,82.7,83.9,88.6,88.6,87.4,89.8,92.1,92.1,81.5,87.4,83.9,83.9,81.5,80.3,81.5,83.9,89.8,89.8,81.5,80.3
86.2,78.0,80.3,86.2,82.7,85.0,83.9,81.5,81.5,89.8,86.2,82.7,85.0,87.4,88.6,86.2,78.0,76.8,75.6,74.4,67.3,81.5,76.8,73.2,75.6,74.4,78.0,80.3,88.6,86.2,79.1,79.1,75.6,79.1,76.8,76.8,75.6,76.8,74.4,75.6,79.1,78.0,80.3,86.2,86.2,81.5,81.5,75.6,76.8,78.0,78.0,75.6,75.6,76.8,78.0,79.1,79.1,85.0,83.9,89.8,92.1,89.8,93.3,94.5,94.5,94.5,95.7,95.7,98.0,99.2,100.4,98.0,98.0,99.2,99.2,103.9,101.6,101.6,100.4,98.0,98.0,99.2,98.0,98.0,96.9,96.9,95.7,93.3,90.9,89.8,88.6,87.4,89.8,88.6,88.6,88.6,88.6,89.8,90.9,88.6,87.4,88.6,89.8,85.0,83.9,83.9,83.9,85.0,87.4,87.4,92.1,93.3,94.5,95.7,93.3,92.1,92.1,90.9,90.9,83.9,82.7,86.2,86.2,87.4,90.9,89.8,88.6,87.4,90.9,90.9,90.9,93.3,89.8,85.0,83.9,86.2,86.2,81.5,81.5,81.5,83.9,82.7,81.5,82.7,81.5,82.7,81.5,83.9,85.0,83.9,85.0,82.7,85.0,81.5,82.7,86.2,87.4,88.6,87.4,89.8,89.8,87.4,85.0,85.0,86.2,83.9,82.7,80.3,83.9,85.0,89.8,96.9,96.9,95.7,89.8,88.6,87.4,93.3,93.3,85.0,86.2,85.0,85.0,85.0,85.0,82.7,83.9,86.2,86.2,86.2,83.9,83.9,85.0,86.2,86.2,83.9,85.0,85.0,86.2,86.2,88.6,89.8,89.8,89.8,88.6,88.6,89.8,95.7,96.9,94.5,94.5,93.3,95.7,98.0,96.9,98.0,99.2,103.9,103.9,102.8,101.6,106.3,101.6,101.6,105.1,112.2,111.0,113.4,108.7,106.3,102.8,107.5,106.3,102.8,111.0,111.0,102.8,102.8,102.8,102.8,100.4,102.8,105.1,111.0,109.8,107.5,105.1,111.0,112.2,109.8,98.0,99999.0,99999.0,99999.0,99999.0,99999.0,99999.0,106.3,111.0,113.4,115.7,116.9,116.9,111.0,109.8,101.6,99999.0,99999.0,99999.0,99999.0,99999.0,99999.0,95.7,95.7,95.7,99999.0,99999.0,99999.0,99999.0,99999.0,99999.0,99999.0,116.9,116.9,122.8,115.7,112.2,113.4,114.6,113.4,109.8,109.8,113.4,98.0,107.5,103.9,101.6,102.8,103.9,100.4,98.0,98.0,98.0,93.3,93.3,93.3,94.5,94.5,90.9,98.0,94.5,94.5,90.9,93.3,93.3,96.9,95.7,95.7,92.1,92.1,95.7,90.9,86.2,89.8,81.5,75.6,80.3,85.0,90.9,88.6,80.3,78.0,82.7,85.0,81.5,87.4,90.9,88.6,83.9,82.7,85.0,90.9,89.8,89.8,87.4,89.8,92.1,93.3,89.8,83.9,85.0,89.8,87.4,85.0,88.6,90.9,95.7,88.6,79.1,82.7
80.3,79.1,78.0,79.1,86.2,80.3,72.0,79.1,82.7,88.6,85.0,81.5,83.9,83.9,89.8,88.6,82.7,78.0,76.8,70.9,66.1,78.0,80.3,83.9,82.7,86.2,85.0,88.6,86.2,81.5,81.5,74.4,78.0,79.1,78.0,76.8,75.6,73.2,70.9,75.6,75.6,76.8,81.5,88.6,80.3,85.0,76.8,79.1,78.0,78.0,79.1,76.8,73.2,74.4,75.6,76.8,80.3,83.9,87.4,83.9,87.4,86.2,94.5,90.9,90.9,92.1,94.5,96.9,100.4,98.0,98.0,101.6,96.9,96.9,95.7,95.7,98.0,101.6,99.2,99.2,98.0,99.2,98.0,95.7,95.7,93.3,94.5,92.1,90.9,89.8,89.8,87.4,87.4,86.2,85.0,86.2,86.2,87.4,88.6,89.8,89.8,87.4,86.2,86.2,83.9,82.7,85.0,87.4,88.6,90.9,94.5,93.3,93.3,93.3,92.1,93.3,94.5,93.3,88.6,83.9,83.9,86.2,87.4,89.8,88.6,89.8,87.4,86.2,87.4,87.4,88.6,88.6,87.4,83.9,83.9,82.7,83.9,79.1,82.7,83.9,81.5,78.0,79.1,81.5,79.1,80.3,80.3,85.0,86.2,85.0,85.0,80.3,82.7,83.9,82.7,86.2,87.4,86.2,87.4,87.4,86.2,83.9,83.9,83.9,82.7,85.0,85.0,81.5,80.3,86.2,88.6,87.4,88.6,92.1,92.1,87.4,88.6,87.4,88.6,86.2,85.0,85.0,87.4,88.6,89.8,89.8,89.8,89.8,88.6,88.6,88.6,85.0,85.0,85.0,86.2,83.9,83.9,83.9,85.0,86.2,85.0,86.2,88.6,87.4,86.2,88.6,90.9,92.1,92.1,89.8,93.3,92.1,93.3,98.0,94.5,94.5,98.0,99.2,102.8,100.4,102.8,106.3,107.5,109.8,118.1,108.7,109.8,107.5,108.7,111.0,116.9,103.9,107.5,105.1,109.8,107.5,105.1,106.3,106.3,105.1,103.9,106.3,109.8,109.8,111.0,112.2,111.0,105.1,114.6,109.8,99999.0,99999.0,99999.0,99999.0,99999.0,99999.0,99999.0,99999.0,99999.0,99999.0,99.2,107.5,90.9,99999.0,99999.0,99999.0,99999.0,99999.0,99999.0,99999.0,99999.0,99999.0,99999.0,99999.0,92.1,98.0,94.5,95.7,99999.0,99999.0,99999.0,132.3,137.0,132.3,131.1,119.3,113.4,114.6,108.7,107.5,102.8,108.7,107.5,125.2,113.4,102.8,101.6,102.8,106.3,105.1,99.2,94.5,94.5,94.5,94.5,95.7,93.3,96.9,99.2,98.0,95.7,96.9,92.1,90.9,89.8,88.6,90.9,93.3,100.4,100.4,93.3,87.4,83.9,82.7,80.3,83.9,85.0,86.2,82.7,83.9,85.0,79.1,80.3,86.2,85.0,85.0,87.4,87.4,85.0,83.9,87.4,88.6,88.6,87.4,90.9,90.9,88.6,83.9,85.0,87.4,87.4,88.6,87.4,88.6,92.1,89.8,86.2,83.9,79.1,81.5
92.1,87.4,82.7,82.7,83.9,79.1,75.6,80.3,86.2,82.7,83.9,79.1,80.3,82.7,92.1,83.9,81.5,80.3,76.8,75.6,76.8,81.5,79.1,81.5,79.1,83.9,83.9,89.8,87.4,85.0,80.3,81.5,81.5,80.3,79.1,76.8,74.4,74.4,73.2,82.7,76.8,81.5,83.9,80.3,82.7,82.7,81.5,79.1,78.0,78.0,79.1,75.6,73.2,73.2,73.2,76.8,79.1,81.5,83.9,86.2,83.9,86.2,87.4,87.4,89.8,89.8,90.9,94.5,95.7,94.5,94.5,96.9,98.0,98.0,93.3,96.9,102.8,100.4,98.0,95.7,98.0,95.7,93.3,93.3,92.1,92.1,92.1,90.9,89.8,90.9,89.8,88.6,88.6,86.2,83.9,85.0,86.2,87.4,90.9,89.8,89.8,88.6,87.4,85.0,83.9,85.0,87.4,85.0,85.0,89.8,89.8,90.9,90.9,92.1,90.9,92.1,90.9,88.6,82.7,79.1,82.7,85.0,88.6,87.4,86.2,86.2,88.6,86.2,86.2,87.4,83.9,83.9,83.9,80.3,81.5,82.7,81.5,83.9,83.9,86.2,85.0,81.5,79.1,81.5,81.5,83.9,82.7,83.9,82.7,83.9,80.3,80.3,81.5,82.7,83.9,83.9,83.9,85.0,87.4,92.1,86.2,83.9,83.9,83.9,83.9,83.9,81.5,82.7,81.5,85.0,85.0,87.4,87.4,87.4,87.4,85.0,87.4,88.6,87.4,92.1,92.1,87.4,89.8,93.3,92.1,92.1,90.9,89.8,90.9,90.9,88.6,85.0,86.2,85.0,85.0,82.7,82.7,83.9,83.9,86.2,85.0,85.0,85.0,86.2,83.9,87.4,89.8,89.8,89.8,87.4,88.6,89.8,90.9,92.1,89.8,89.8,99.2,99.2,100.4,102.8,106.3,111.0,112.2,112.2,111.0,112.2,103.9,107.5,108.7,109.8,119.3,124.0,108.7,112.2,113.4,107.5,107.5,107.5,105.1,100.4,101.6,105.1,111.0,113.4,111.0,94.5,92.1,94.5,93.3,96.9,99999.0,101.6,99999.0,99999.0,99999.0,99999.0,99999.0,99999.0,99999.0,99999.0,99999.0,99999.0,99999.0,99999.0,99999.0,99999.0,99999.0,99999.0,99999.0,99999.0,99999.0,99999.0,99999.0,99999.0,99999.0,99999.0,99999.0,99999.0,99999.0,99999.0,99999.0,99999.0,116.9,119.3,116.9,119.3,116.9,114.6,108.7,116.9,115.7,114.6,111.0,118.1,113.4,107.5,100.4,103.9,107.5,103.9,96.9,95.7,93.3,94.5,99.2,96.9,96.9,108.7,106.3,100.4,98.0,94.5,92.1,93.3,88.6,88.6,95.7,96.9,95.7,93.3,90.9,86.2,85.0,81.5,79.1,81.5,82.7,85.0,82.7,93.3,93.3,89.8,88.6,88.6,83.9,86.2,87.4,87.4,87.4,87.4,86.2,86.2,87.4,88.6,92.1,94.5,88.6,83.9,89.8,89.8,88.6,88.6,82.7,83.9,85.0,87.4,83.9,82.7,82.7,82.7
92.1,83.9,81.5,79.1,80.3,80.3,80.3,80.3,85.0,86.2,76.8,80.3,82.7,85.0,82.7,79.1,78.0,81.5,82.7,80.3,79.1,75.6,80.3,81.5,82.7,86.2,86.2,86.2,86.2,86.2,83.9,83.9,81.5,82.7,79.1,75.6,74.4,76.8,76.8,81.5,83.9,83.9,82.7,81.5,82.7,79.1,78.0,78.0,76.8,76.8,76.8,75.6,73.2,75.6,75.6,73.2,79.1,80.3,81.5,83.9,81.5,83.9,86.2,87.4,88.6,88.6,94.5,93.3,93.3,94.5,98.0,98.0,98.0,100.4,96.9,100.4,101.6,98.0,93.3,94.5,96.9,94.5,92.1,90.9,89.8,89.8,93.3,90.9,88.6,89.8,88.6,88.6,87.4,85.0,82.7,82.7,85.0,89.8,89.8,90.9,90.9,88.6,87.4,86.2,85.0,83.9,85.0,86.2,87.4,88.6,88.6,90.9,92.1,90.9,92.1,90.9,88.6,86.2,85.0,83.9,89.8,94.5,86.2,85.0,85.0,85.0,86.2,83.9,87.4,85.0,86.2,85.0,83.9,80.3,81.5,83.9,83.9,82.7,83.9,85.0,82.7,82.7,81.5,82.7,82.7,81.5,83.9,85.0,82.7,81.5,82.7,83.9,80.3,80.3,81.5,82.7,85.0,86.2,86.2,85.0,85.0,85.0,83.9,85.0,83.9,86.2,86.2,83.9,87.4,83.9,86.2,89.8,87.4,89.8,89.8,89.8,93.3,93.3,92.1,96.9,94.5,95.7,95.7,92.1,90.9,95.7,92.1,92.1,94.5,92.1,89.8,86.2,85.0,83.9,83.9,82.7,82.7,82.7,82.7,82.7,83.9,83.9,85.0,85.0,85.0,86.2,88.6,87.4,88.6,86.2,87.4,87.4,88.6,87.4,86.2,87.4,93.3,96.9,100.4,109.8,111.0,108.7,109.8,108.7,109.8,111.0,108.7,105.1,107.5,116.9,119.3,119.3,114.6,115.7,112.2,109.8,107.5,107.5,105.1,107.5,106.3,105.1,105.1,105.1,89.8,89.8,89.8,99999.0,93.3,103.9,118.1,116.9,113.4,111.0,108.7,99999.0,99999.0,99999.0,99999.0,99999.0,99999.0,99999.0,99999.0,99999.0,99999.0,99999.0,99999.0,99999.0,99999.0,99999.0,99999.0,99999.0,99999.0,99999.0,99999.0,99999.0,99999.0,99999.0,99999.0,99999.0,99999.0,99999.0,99999.0,114.6,115.7,126.4,125.2,124.0,124.0,120.5,111.0,107.5,107.5,109.8,106.3,107.5,105.1,105.1,101.6,98.0,96.9,90.9,98.0,96.9,96.9,98.0,101.6,105.1,99.2,95.7,95.7,94.5,93.3,94.5,95.7,100.4,101.6,98.0,95.7,87.4,86.2,86.2,82.7,81.5,80.3,80.3,83.9,85.0,94.5,99.2,94.5,93.3,92.1,89.8,87.4,88.6,88.6,85.0,86.2,87.4,88.6,92.1,93.3,93.3,92.1,94.5,94.5,87.4,85.0,89.8,87.4,86.2,86.2,82.7,85.0,86.2,80.3,81.5,80.3,85.0
86.2,85.0,79.1,79.1,74.4,74.4,74.4,79.1,88.6,85.0,82.7,83.9,86.2,88.6,88.6,81.5,80.3,82.7,83.9,81.5,76.8,80.3,82.7,80.3,78.0,78.0,81.5,82.7,86.2,88.6,86.2,83.9,83.9,85.0,82.7,76.8,78.0,79.1,81.5,82.7,85.0,83.9,81.5,82.7,82.7,79.1,79.1,78.0,76.8,75.6,74.4,73.2,72.0,73.2,75.6,76.8,78.0,76.8,80.3,80.3,81.5,82.7,83.9,86.2,86.2,89.8,89.8,92.1,90.9,92.1,93.3,98.0,96.9,95.7,90.9,99.2,100.4,95.7,93.3,93.3,93.3,92.1,89.8,88.6,89.8,88.6,87.4,88.6,87.4,88.6,87.4,88.6,87.4,83.9,82.7,85.0,86.2,87.4,87.4,87.4,87.4,87.4,87.4,87.4,83.9,83.9,85.0,85.0,88.6,87.4,88.6,90.9,90.9,89.8,90.9,90.9,88.6,89.8,86.2,85.0,90.9,87.4,83.9,86.2,80.3,80.3,82.7,86.2,83.9,83.9,82.7,85.0,85.0,79.1,78.0,82.7,86.2,76.8,85.0,82.7,83.9,83.9,82.7,85.0,85.0,82.7,81.5,82.7,81.5,81.5,81.5,83.9,83.9,81.5,80.3,81.5,83.9,85.0,85.0,85.0,83.9,85.0,86.2,85.0,83.9,81.5,83.9,82.7,82.7,85.0,83.9,88.6,90.9,89.8,90.9,90.9,94.5,94.5,99.2,100.4,100.4,95.7,102.8,98.0,96.9,98.0,98.0,99.2,92.1,95.7,89.8,86.2,83.9,82.7,82.7,82.7,81.5,81.5,81.5,82.7,83.9,85.0,85.0,83.9,85.0,85.0,86.2,86.2,85.0,85.0,85.0,86.2,86.2,85.0,83.9,89.8,93.3,95.7,101.6,106.3,106.3,107.5,107.5,102.8,102.8,106.3,101.6,101.6,105.1,103.9,108.7,111.0,115.7,121.7,112.2,109.8,107.5,107.5,103.9,102.8,106.3,106.3,102.8,93.3,92.1,94.5,92.1,89.8,99.2,100.4,113.4,124.0,125.2,118.1,109.8,111.0,99999.0,99999.0,99999.0,99999.0,99999.0,99999.0,99999.0,99999.0,99999.0,99999.0,99999.0,99999.0,99999.0,99999.0,99999.0,99999.0,99999.0,99999.0,99999.0,99999.0,99999.0,99999.0,99999.0,99999.0,99999.0,99999.0,99999.0,99999.0,122.8,121.7,99999.0,119.3,112.2,107.5,106.3,101.6,102.8,102.8,107.5,107.5,107.5,106.3,98.0,96.9,95.7,93.3,99.2,98.0,99.2,96.9,99.2,106.3,100.4,99.2,98.0,95.7,95.7,95.7,100.4,98.0,98.0,96.9,89.8,83.9,86.2,82.7,81.5,79.1,79.1,76.8,86.2,87.4,90.9,94.5,92.1,92.1,92.1,89.8,93.3,92.1,89.8,87.4,85.0,87.4,90.9,92.1,88.6,93.3,93.3,87.4,82.7,78.0,79.1,81.5,82.7,78.0,76.8,85.0,85.0,85.0,81.5,80.3,82.7,87.4
86.2,82.7,80.3,75.6,79.1,79.1,78.0,83.9,87.4,80.3,80.3,89.8,88.6,89.8,82.7,80.3,83.9,82.7,82.7,81.5,78.0,81.5,79.1,80.3,78.0,76.8,81.5,83.9,85.0,86.2,86.2,82.7,85.0,82.7,81.5,79.1,79.1,81.5,83.9,83.9,80.3,80.3,81.5,78.0,78.0,78.0,76.8,76.8,75.6,75.6,74.4,74.4,73.2,73.2,74.4,74.4,74.4,78.0,79.1,79.1,78.0,81.5,82.7,85.0,86.2,89.8,89.8,89.8,92.1,92.1,94.5,96.9,95.7,94.5,93.3,96.9,99.2,94.5,94.5,94.5,92.1,89.8,88.6,86.2,87.4,87.4,86.2,85.0,86.2,87.4,86.2,86.2,83.9,82.7,82.7,83.9,85.0,87.4,86.2,85.0,83.9,85.0,87.4,85.0,85.0,85.0,83.9,85.0,88.6,89.8,89.8,88.6,87.4,88.6,88.6,89.8,87.4,85.0,81.5,83.9,85.0,81.5,82.7,85.0,83.9,83.9,86.2,87.4,83.9,82.7,82.7,82.7,83.9,80.3,79.1,79.1,80.3,78.0,82.7,78.0,82.7,83.9,82.7,83.9,83.9,83.9,81.5,80.3,81.5,81.5,80.3,81.5,80.3,80.3,80.3,81.5,82.7,85.0,83.9,83.9,83.9,85.0,85.0,85.0,82.7,82.7,82.7,82.7,83.9,85.0,83.9,94.5,94.5,90.9,89.8,90.9,93.3,95.7,94.5,96.9,103.9,106.3,103.9,93.3,95.7,98.0,107.5,108.7,111.0,98.0,93.3,99.2,93.3,90.9,87.4,83.9,81.5,81.5,81.5,82.7,85.0,90.9,92.1,83.9,85.0,85.0,85.0,85.0,83.9,85.0,85.0,85.0,85.0,83.9,83.9,90.9,90.9,92.1,98.0,103.9,102.8,102.8,106.3,103.9,102.8,102.8,101.6,105.1,106.3,105.1,106.3,120.5,112.2,116.9,113.4,109.8,113.4,108.7,107.5,103.9,102.8,105.1,102.8,100.4,101.6,99.2,95.7,98.0,102.8,105.1,128.7,124.0,115.7,111.0,116.9,120.5,109.8,99999.0,99999.0,99999.0,99999.0,99999.0,99999.0,99999.0,99999.0,99999.0,99999.0,99999.0,99999.0,99999.0,99999.0,99999.0,99999.0,99999.0,99999.0,99999.0,99999.0,99999.0,99999.0,99999.0,99999.0,99999.0,99999.0,99999.0,135.8,90.9,120.5,108.7,108.7,112.2,102.8,102.8,100.4,106.3,106.3,108.7,109.8,106.3,99.2,96.9,96.9,96.9,98.0,101.6,100.4,95.7,101.6,102.8,101.6,99.2,102.8,99.2,98.0,94.5,96.9,96.9,98.0,96.9,86.2,83.9,87.4,83.9,82.7,80.3,81.5,82.7,87.4,83.9,85.0,87.4,88.6,89.8,88.6,86.2,90.9,93.3,88.6,87.4,85.0,85.0,89.8,90.9,88.6,90.9,92.1,81.5,80.3,78.0,80.3,82.7,85.0,83.9,81.5,85.0,86.2,83.9,79.1,81.5,86.2,88.6
88.6,83.9,82.7,82.7,85.0,82.7,80.3,82.7,79.1,80.3,87.4,86.2,86.2,87.4,88.6,81.5,80.3,82.7,82.7,80.3,80.3,76.8,80.3,80.3,78.0,78.0,80.3,81.5,82.7,81.5,82.7,83.9,83.9,80.3,80.3,80.3,79.1,82.7,83.9,81.5,80.3,78.0,76.8,76.8,79.1,78.0,78.0,76.8,75.6,74.4,74.4,74.4,74.4,75.6,76.8,75.6,78.0,76.8,76.8,76.8,78.0,80.3,81.5,86.2,88.6,88.6,88.6,90.9,88.6,93.3,94.5,94.5,94.5,95.7,95.7,96.9,99.2,96.9,93.3,93.3,92.1,88.6,85.0,83.9,85.0,87.4,87.4,85.0,86.2,85.0,83.9,83.9,82.7,82.7,82.7,83.9,85.0,85.0,83.9,83.9,83.9,86.2,85.0,86.2,83.9,82.7,83.9,86.2,88.6,89.8,89.8,89.8,90.9,88.6,88.6,85.0,85.0,80.3,81.5,83.9,86.2,81.5,82.7,82.7,83.9,85.0,87.4,82.7,82.7,83.9,83.9,81.5,80.3,79.1,80.3,78.0,79.1,82.7,82.7,83.9,82.7,80.3,78.0,79.1,82.7,82.7,82.7,82.7,82.7,80.3,82.7,81.5,81.5,80.3,81.5,82.7,82.7,82.7,83.9,83.9,83.9,83.9,85.0,85.0,81.5,81.5,81.5,82.7,81.5,80.3,90.9,92.1,88.6,88.6,88.6,96.9,99.2,94.5,96.9,103.9,111.0,107.5,114.6,96.9,98.0,96.9,103.9,109.8,108.7,103.9,96.9,98.0,95.7,89.8,90.9,89.8,82.7,81.5,82.7,81.5,92.1,93.3,94.5,93.3,93.3,89.8,87.4,85.0,85.0,85.0,87.4,85.0,85.0,82.7,85.0,89.8,94.5,96.9,98.0,105.1,102.8,102.8,106.3,103.9,103.9,99.2,98.0,98.0,101.6,112.2,100.4,99.2,113.4,111.0,107.5,111.0,112.2,113.4,111.0,107.5,106.3,108.7,109.8,109.8,108.7,109.8,103.9,103.9,102.8,108.7,126.4,122.8,107.5,101.6,108.7,116.9,124.0,115.7,99999.0,99999.0,99999.0,99999.0,99999.0,99999.0,99999.0,99999.0,99999.0,99999.0,99999.0,99999.0,99999.0,99999.0,99999.0,99999.0,99999.0,99999.0,99999.0,99999.0,99999.0,99999.0,99999.0,99999.0,99999.0,134.6,135.8,124.0,116.9,106.3,105.1,102.8,102.8,106.3,102.8,109.8,106.3,108.7,103.9,109.8,107.5,99.2,102.8,94.5,101.6,101.6,98.0,99.2,96.9,98.0,96.9,101.6,98.0,99.2,94.5,90.9,95.7,93.3,92.1,89.8,83.9,83.9,86.2,85.0,82.7,81.5,80.3,87.4,88.6,86.2,85.0,86.2,88.6,88.6,86.2,81.5,87.4,88.6,89.8,88.6,88.6,88.6,87.4,89.8,87.4,88.6,88.6,82.7,82.7,82.7,85.0,89.8,85.0,83.9,83.9,85.0,82.7,81.5,83.9,85.0,86.2,85.0
83.9,81.5,86.2,83.9,82.7,79.1,79.1,83.9,85.0,83.9,90.9,85.0,83.9,85.0,82.7,80.3,82.7,81.5,81.5,79.1,78.0,79.1,80.3,81.5,75.6,78.0,79.1,79.1,78.0,80.3,80.3,83.9,83.9,85.0,83.9,82.7,82.7,83.9,81.5,80.3,79.1,78.0,78.0,82.7,78.0,79.1,76.8,75.6,74.4,74.4,74.4,74.4,76.8,74.4,73.2,74.4,78.0,78.0,76.8,76.8,75.6,78.0,82.7,83.9,88.6,85.0,86.2,87.4,87.4,88.6,93.3,92.1,95.7,93.3,94.5,95.7,92.1,92.1,93.3,95.7,92.1,88.6,85.0,83.9,83.9,86.2,85.0,83.9,83.9,83.9,83.9,83.9,81.5,80.3,82.7,82.7,83.9,83.9,83.9,85.0,85.0,85.0,83.9,83.9,82.7,81.5,81.5,82.7,83.9,87.4,89.8,89.8,87.4,86.2,85.0,82.7,82.7,81.5,76.8,82.7,82.7,81.5,82.7,80.3,83.9,86.2,85.0,79.1,79.1,80.3,79.1,78.0,79.1,80.3,81.5,80.3,81.5,79.1,81.5,80.3,78.0,78.0,79.1,79.1,81.5,80.3,82.7,83.9,81.5,80.3,81.5,82.7,81.5,81.5,82.7,81.5,82.7,82.7,81.5,82.7,83.9,82.7,82.7,82.7,81.5,82.7,82.7,83.9,76.8,80.3,93.3,92.1,88.6,89.8,96.9,95.7,96.9,100.4,106.3,112.2,115.7,115.7,106.3,101.6,103.9,102.8,102.8,112.2,116.9,108.7,96.9,96.9,95.7,93.3,94.5,93.3,89.8,90.9,87.4,87.4,90.9,93.3,93.3,94.5,94.5,90.9,88.6,88.6,89.8,92.1,90.9,89.8,90.9,89.8,89.8,92.1,95.7,95.7,96.9,99.2,103.9,101.6,101.6,103.9,100.4,100.4,99.2,99.2,99.2,106.3,106.3,100.4,100.4,108.7,106.3,108.7,109.8,108.7,118.1,115.7,113.4,108.7,112.2,112.2,114.6,120.5,107.5,98.0,102.8,108.7,120.5,115.7,103.9,106.3,102.8,108.7,119.3,118.1,108.7,105.1,99999.0,99999.0,99999.0,99999.0,99999.0,99999.0,99999.0,99999.0,99999.0,99999.0,99999.0,99999.0,99999.0,99999.0,99999.0,99999.0,99999.0,99999.0,99999.0,99999.0,99999.0,99999.0,99999.0,131.1,129.9,127.6,122.8,115.7,115.7,120.5,114.6,99999.0,111.0,113.4,112.2,108.7,107.5,107.5,101.6,100.4,101.6,106.3,105.1,99.2,96.9,96.9,95.7,90.9,93.3,94.5,93.3,93.3,94.5,89.8,89.8,88.6,89.8,87.4,81.5,82.7,82.7,81.5,81.5,80.3,80.3,87.4,87.4,86.2,87.4,86.2,89.8,87.4,82.7,82.7,86.2,86.2,87.4,88.6,86.2,88.6,92.1,90.9,88.6,86.2,87.4,82.7,81.5,81.5,83.9,82.7,83.9,82.7,85.0,86.2,81.5,80.3,82.7,86.2,92.1,88.6
89.8,89.8,94.5,82.7,82.7,79.1,79.1,86.2,86.2,87.4,85.0,83.9,86.2,85.0,81.5,80.3,80.3,80.3,79.1,80.3,80.3,82.7,78.0,80.3,78.0,78.0,78.0,79.1,79.1,79.1,81.5,81.5,82.7,82.7,82.7,83.9,81.5,82.7,79.1,80.3,80.3,81.5,86.2,85.0,80.3,76.8,76.8,75.6,73.2,73.2,75.6,76.8,76.8,75.6,76.8,74.4,75.6,75.6,76.8,76.8,74.4,75.6,80.3,80.3,83.9,85.0,86.2,85.0,83.9,87.4,93.3,89.8,92.1,94.5,96.9,95.7,93.3,92.1,94.5,94.5,90.9,87.4,85.0,86.2,83.9,81.5,81.5,82.7,85.0,86.2,81.5,81.5,80.3,81.5,82.7,82.7,83.9,81.5,82.7,83.9,83.9,83.9,83.9,80.3,81.5,80.3,81.5,85.0,86.2,85.0,86.2,86.2,85.0,83.9,83.9,83.9,81.5,79.1,81.5,78.0,78.0,78.0,87.4,79.1,82.7,85.0,81.5,80.3,80.3,79.1,80.3,80.3,81.5,79.1,81.5,80.3,76.8,78.0,79.1,78.0,78.0,78.0,78.0,79.1,80.3,80.3,81.5,82.7,80.3,79.1,80.3,80.3,81.5,81.5,81.5,82.7,82.7,79.1,80.3,81.5,83.9,83.9,81.5,82.7,85.0,81.5,81.5,78.0,78.0,80.3,90.9,98.0,95.7,95.7,100.4,99.2,99.2,99.2,103.9,114.6,107.5,95.7,93.3,93.3,100.4,102.8,102.8,108.7,101.6,95.7,93.3,96.9,98.0,93.3,89.8,90.9,88.6,89.8,89.8,89.8,94.5,94.5,99.2,99.2,95.7,89.8,87.4,90.9,95.7,96.9,93.3,90.9,87.4,88.6,90.9,93.3,99.2,101.6,99.2,105.1,111.0,108.7,101.6,102.8,101.6,102.8,105.1,103.9,92.1,92.1,99.2,109.8,105.1,105.1,106.3,108.7,103.9,105.1,120.5,120.5,112.2,109.8,109.8,107.5,107.5,114.6,100.4,107.5,108.7,111.0,116.9,111.0,106.3,103.9,106.3,105.1,105.1,102.8,102.8,101.6,102.8,105.1,99999.0,99999.0,99999.0,99999.0,99999.0,99999.0,99999.0,99999.0,99999.0,99999.0,99999.0,99999.0,99999.0,99999.0,99999.0,99999.0,99999.0,99999.0,99999.0,99999.0,155.9,138.2,119.3,135.8,128.7,99999.0,119.3,113.4,121.7,132.3,118.1,109.8,106.3,111.0,111.0,101.6,105.1,101.6,98.0,119.3,100.4,96.9,96.9,94.5,88.6,85.0,89.8,92.1,99.2,100.4,94.5,86.2,87.4,86.2,88.6,86.2,83.9,85.0,83.9,83.9,80.3,79.1,83.9,86.2,88.6,89.8,88.6,85.0,86.2,81.5,76.8,81.5,85.0,85.0,83.9,87.4,88.6,89.8,89.8,85.0,89.8,89.8,85.0,82.7,81.5,81.5,86.2,85.0,82.7,83.9,86.2,83.9,83.9,81.5,83.9,85.0,89.8,89.8
72.0,80.3,100.4,90.9,87.4,80.3,82.7,85.0,83.9,85.0,83.9,82.7,83.9,81.5,78.0,79.1,80.3,79.1,80.3,81.5,80.3,81.5,76.8,78.0,75.6,75.6,74.4,76.8,78.0,76.8,79.1,79.1,80.3,78.0,80.3,81.5,81.5,81.5,81.5,80.3,80.3,83.9,85.0,76.8,74.4,78.0,78.0,75.6,72.0,74.4,76.8,75.6,74.4,75.6,74.4,74.4,75.6,75.6,74.4,75.6,75.6,76.8,79.1,79.1,79.1,82.7,86.2,82.7,82.7,86.2,89.8,90.9,88.6,93.3,94.5,95.7,94.5,90.9,92.1,95.7,90.9,89.8,81.5,81.5,81.5,81.5,82.7,86.2,83.9,82.7,81.5,81.5,80.3,81.5,81.5,81.5,80.3,79.1,82.7,81.5,80.3,81.5,81.5,82.7,80.3,82.7,83.9,83.9,80.3,81.5,83.9,85.0,85.0,81.5,81.5,79.1,79.1,80.3,79.1,76.8,74.4,80.3,80.3,81.5,85.0,81.5,81.5,79.1,80.3,79.1,79.1,80.3,78.0,79.1,79.1,78.0,75.6,75.6,76.8,76.8,78.0,79.1,80.3,80.3,80.3,80.3,81.5,82.7,80.3,78.0,79.1,79.1,80.3,80.3,80.3,80.3,80.3,79.1,80.3,82.7,82.7,82.7,85.0,82.7,83.9,82.7,79.1,79.1,82.7,89.8,93.3,100.4,100.4,102.8,100.4,102.8,107.5,103.9,103.9,103.9,95.7,92.1,94.5,90.9,90.9,96.9,99.2,96.9,99.2,99.2,96.9,98.0,94.5,90.9,90.9,87.4,89.8,92.1,90.9,93.3,93.3,96.9,103.9,105.1,102.8,101.6,94.5,90.9,92.1,94.5,94.5,93.3,90.9,88.6,87.4,89.8,96.9,100.4,101.6,111.0,119.3,121.7,115.7,105.1,103.9,105.1,109.8,105.1,98.0,89.8,90.9,105.1,107.5,108.7,107.5,105.1,103.9,107.5,108.7,116.9,113.4,109.8,111.0,108.7,111.0,105.1,98.0,107.5,108.7,112.2,108.7,108.7,107.5,105.1,108.7,107.5,99.2,98.0,98.0,98.0,99.2,99.2,98.0,99999.0,99999.0,99999.0,99999.0,99999.0,99999.0,99999.0,99999.0,99999.0,99999.0,99999.0,108.7,99999.0,99999.0,99999.0,99999.0,99999.0,99999.0,99999.0,99999.0,155.9,146.5,131.1,129.9,119.3,116.9,116.9,128.7,99999.0,124.0,111.0,114.6,115.7,116.9,109.8,106.3,103.9,113.4,115.7,90.9,95.7,90.9,88.6,89.8,89.8,88.6,95.7,98.0,95.7,87.4,86.2,89.8,89.8,86.2,85.0,83.9,85.0,83.9,83.9,78.0,80.3,83.9,83.9,83.9,87.4,88.6,87.4,83.9,82.7,78.0,79.1,83.9,85.0,82.7,85.0,89.8,92.1,89.8,87.4,88.6,86.2,85.0,82.7,81.5,83.9,85.0,82.7,87.4,85.0,85.0,81.5,82.7,80.3,81.5,83.9,82.7,80.3
73.2,86.2,98.0,89.8,81.5,82.7,83.9,79.1,83.9,85.0,82.7,80.3,80.3,79.1,79.1,79.1,79.1,79.1,81.5,82.7,80.3,78.0,75.6,76.8,76.8,76.8,75.6,76.8,76.8,76.8,79.1,79.1,80.3,82.7,82.7,81.5,82.7,81.5,80.3,81.5,80.3,81.5,79.1,75.6,75.6,76.8,75.6,75.6,75.6,75.6,76.8,73.2,74.4,74.4,73.2,74.4,74.4,74.4,74.4,73.2,74.4,76.8,76.8,76.8,78.0,82.7,86.2,83.9,81.5,85.0,89.8,89.8,86.2,88.6,94.5,94.5,93.3,89.8,92.1,92.1,90.9,86.2,81.5,81.5,82.7,83.9,83.9,83.9,82.7,82.7,82.7,80.3,80.3,81.5,81.5,79.1,78.0,80.3,81.5,80.3,80.3,80.3,79.1,81.5,81.5,83.9,83.9,83.9,82.7,80.3,80.3,82.7,79.1,80.3,79.1,79.1,79.1,79.1,78.0,75.6,76.8,82.7,82.7,83.9,83.9,82.7,87.4,79.1,78.0,79.1,79.1,78.0,79.1,78.0,76.8,79.1,75.6,76.8,76.8,78.0,79.1,79.1,79.1,79.1,79.1,80.3,81.5,80.3,80.3,79.1,79.1,79.1,78.0,79.1,79.1,79.1,78.0,79.1,79.1,81.5,82.7,82.7,81.5,80.3,80.3,80.3,81.5,87.4,85.0,94.5,101.6,98.0,98.0,100.4,102.8,106.3,105.1,107.5,109.8,103.9,94.5,95.7,100.4,96.9,96.9,96.9,99.2,107.5,99.2,99.2,99.2,100.4,106.3,99.2,94.5,90.9,88.6,88.6,89.8,100.4,100.4,99.2,102.8,101.6,100.4,100.4,101.6,94.5,93.3,93.3,94.5,95.7,94.5,88.6,85.0,87.4,88.6,94.5,101.6,108.7,109.8,108.7,100.4,108.7,112.2,107.5,107.5,109.8,113.4,92.1,89.8,90.9,93.3,101.6,101.6,103.9,101.6,103.9,108.7,114.6,112.2,111.0,111.0,109.8,112.2,106.3,101.6,106.3,102.8,111.0,109.8,99.2,100.4,101.6,102.8,103.9,102.8,95.7,94.5,93.3,92.1,89.8,88.6,85.0,86.2,88.6,119.3,148.8,99999.0,99999.0,99999.0,99999.0,99999.0,134.6,102.8,102.8,100.4,103.9,112.2,99999.0,138.2,99999.0,160.6,146.5,150.0,127.6,99999.0,116.9,114.6,120.5,121.7,122.8,120.5,114.6,116.9,121.7,116.9,108.7,103.9,102.8,114.6,103.9,90.9,89.8,89.8,92.1,87.4,87.4,90.9,89.8,90.9,88.6,86.2,88.6,92.1,88.6,82.7,85.0,86.2,86.2,81.5,81.5,80.3,81.5,85.0,81.5,78.0,82.7,81.5,86.2,83.9,80.3,81.5,83.9,82.7,85.0,81.5,85.0,90.9,92.1,85.0,89.8,85.0,83.9,81.5,83.9,82.7,81.5,83.9,83.9,81.5,83.9,82.7,81.5,81.5,80.3,78.0,79.1,76.8,74.4
82.7,85.0,85.0,87.4,87.4,82.7,79.1,79.1,82.7,81.5,79.1,78.0,78.0,78.0,78.0,78.0,78.0,78.0,80.3,81.5,78.0,75.6,75.6,75.6,79.1,80.3,79.1,78.0,78.0,78.0,79.1,80.3,80.3,81.5,83.9,82.7,81.5,81.5,83.9,80.3,79.1,78.0,76.8,76.8,75.6,75.6,75.6,74.4,75.6,76.8,74.4,75.6,76.8,75.6,74.4,74.4,74.4,73.2,72.0,73.2,74.4,75.6,76.8,75.6,76.8,80.3,81.5,85.0,83.9,81.5,83.9,87.4,82.7,86.2,93.3,95.7,95.7,90.9,89.8,90.9,87.4,85.0,83.9,82.7,81.5,80.3,81.5,81.5,82.7,83.9,82.7,81.5,80.3,81.5,79.1,80.3,79.1,76.8,78.0,80.3,79.1,81.5,80.3,80.3,82.7,81.5,82.7,80.3,80.3,76.8,80.3,79.1,81.5,80.3,80.3,79.1,79.1,78.0,76.8,76.8,79.1,80.3,82.7,81.5,79.1,80.3,83.9,78.0,78.0,78.0,79.1,78.0,79.1,79.1,79.1,78.0,76.8,73.2,78.0,80.3,79.1,79.1,80.3,79.1,78.0,76.8,78.0,80.3,78.0,78.0,78.0,76.8,76.8,78.0,78.0,78.0,76.8,78.0,78.0,79.1,79.1,81.5,80.3,80.3,80.3,81.5,89.8,93.3,88.6,93.3,96.9,98.0,100.4,99.2,98.0,99.2,101.6,106.3,116.9,113.4,105.1,102.8,101.6,99.2,99.2,95.7,96.9,99.2,99.2,98.0,98.0,100.4,94.5,98.0,94.5,94.5,94.5,88.6,93.3,96.9,100.4,99.2,102.8,98.0,95.7,101.6,100.4,93.3,93.3,92.1,98.0,98.0,92.1,90.9,85.0,85.0,88.6,93.3,94.5,99.2,100.4,102.8,101.6,107.5,109.8,109.8,115.7,113.4,111.0,108.7,89.8,88.6,86.2,88.6,92.1,90.9,92.1,98.0,101.6,102.8,108.7,106.3,103.9,103.9,100.4,102.8,99.2,102.8,102.8,105.1,105.1,101.6,98.0,99.2,98.0,101.6,94.5,89.8,88.6,85.0,85.0,83.9,85.0,87.4,88.6,93.3,103.9,118.1,111.0,114.6,113.4,109.8,107.5,106.3,98.0,96.9,101.6,99.2,102.8,135.8,137.0,133.5,138.2,134.6,127.6,125.2,115.7,108.7,111.0,114.6,116.9,121.7,120.5,116.9,119.3,120.5,116.9,111.0,105.1,101.6,101.6,101.6,88.6,88.6,87.4,88.6,88.6,87.4,87.4,86.2,88.6,87.4,87.4,89.8,89.8,88.6,87.4,87.4,86.2,86.2,83.9,82.7,79.1,82.7,81.5,79.1,78.0,79.1,79.1,80.3,78.0,79.1,82.7,85.0,79.1,78.0,82.7,82.7,86.2,89.8,88.6,93.3,85.0,83.9,78.0,81.5,82.7,83.9,87.4,85.0,83.9,85.0,85.0,83.9,81.5,82.7,79.1,83.9,83.9,82.7
76.8,80.3,79.1,80.3,82.7,78.0,75.6,78.0,76.8,76.8,75.6,76.8,74.4,75.6,78.0,79.1,78.0,81.5,81.5,80.3,79.1,78.0,76.8,75.6,78.0,78.0,78.0,75.6,76.8,78.0,80.3,81.5,80.3,78.0,79.1,81.5,81.5,85.0,79.1,76.8,79.1,78.0,79.1,75.6,74.4,75.6,75.6,73.2,74.4,74.4,73.2,73.2,75.6,76.8,74.4,75.6,75.6,73.2,72.0,74.4,74.4,75.6,75.6,75.6,76.8,75.6,75.6,78.0,86.2,80.3,81.5,85.0,82.7,86.2,89.8,94.5,95.7,95.7,92.1,90.9,83.9,85.0,85.0,81.5,83.9,80.3,80.3,81.5,82.7,82.7,82.7,82.7,79.1,79.1,76.8,79.1,80.3,76.8,78.0,78.0,79.1,79.1,78.0,76.8,75.6,76.8,78.0,76.8,78.0,78.0,80.3,81.5,80.3,79.1,79.1,79.1,78.0,75.6,75.6,78.0,80.3,79.1,78.0,79.1,78.0,79.1,79.1,79.1,75.6,76.8,79.1,76.8,76.8,79.1,81.5,76.8,75.6,74.4,78.0,80.3,80.3,80.3,78.0,78.0,80.3,76.8,75.6,76.8,78.0,78.0,76.8,76.8,78.0,78.0,78.0,76.8,76.8,78.0,78.0,78.0,78.0,80.3,80.3,80.3,80.3,93.3,95.7,93.3,92.1,96.9,96.9,96.9,101.6,102.8,101.6,100.4,100.4,107.5,116.9,112.2,105.1,101.6,101.6,100.4,95.7,95.7,99.2,94.5,96.9,100.4,94.5,93.3,106.3,113.4,105.1,93.3,89.8,89.8,95.7,96.9,105.1,102.8,103.9,92.1,94.5,94.5,100.4,96.9,92.1,90.9,93.3,95.7,93.3,94.5,89.8,85.0,86.2,94.5,95.7,96.9,99.2,102.8,102.8,105.1,105.1,105.1,106.3,111.0,108.7,107.5,101.6,90.9,86.2,85.0,85.0,88.6,88.6,88.6,95.7,100.4,103.9,102.8,102.8,102.8,99.2,101.6,98.0,99.2,96.9,99.2,102.8,96.9,93.3,93.3,92.1,95.7,90.9,88.6,86.2,85.0,81.5,81.5,82.7,86.2,88.6,89.8,88.6,89.8,88.6,85.0,89.8,87.4,93.3,95.7,90.9,92.1,93.3,92.1,101.6,115.7,124.0,124.0,122.8,128.7,118.1,108.7,105.1,102.8,109.8,114.6,119.3,121.7,116.9,114.6,115.7,116.9,115.7,101.6,101.6,98.0,102.8,98.0,90.9,88.6,87.4,87.4,86.2,83.9,86.2,87.4,87.4,88.6,88.6,88.6,86.2,85.0,87.4,86.2,86.2,87.4,85.0,82.7,79.1,79.1,76.8,75.6,76.8,79.1,83.9,80.3,79.1,80.3,85.0,85.0,83.9,79.1,80.3,81.5,82.7,83.9,87.4,87.4,85.0,83.9,75.6,78.0,81.5,83.9,79.1,76.8,78.0,85.0,85.0,85.0,82.7,85.0,83.9,82.7,80.3,81.5
76.8,74.4,75.6,74.4,76.8,76.8,73.2,74.4,74.4,74.4,76.8,74.4,74.4,73.2,74.4,80.3,80.3,80.3,80.3,79.1,79.1,79.1,76.8,78.0,75.6,75.6,76.8,78.0,78.0,76.8,78.0,78.0,75.6,76.8,78.0,79.1,80.3,78.0,74.4,76.8,78.0,78.0,75.6,73.2,74.4,75.6,74.4,72.0,70.9,72.0,70.9,72.0,72.0,99999.0,76.8,76.8,76.8,74.4,73.2,74.4,75.6,74.4,75.6,76.8,78.0,78.0,78.0,75.6,81.5,83.9,81.5,80.3,83.9,82.7,88.6,93.3,93.3,93.3,92.1,87.4,82.7,86.2,82.7,83.9,82.7,80.3,80.3,80.3,81.5,80.3,78.0,80.3,79.1,81.5,79.1,79.1,76.8,79.1,81.5,79.1,78.0,78.0,78.0,79.1,80.3,78.0,76.8,78.0,78.0,80.3,78.0,79.1,79.1,79.1,79.1,79.1,79.1,75.6,74.4,76.8,79.1,78.0,78.0,78.0,78.0,78.0,78.0,78.0,76.8,79.1,80.3,78.0,80.3,80.3,78.0,75.6,75.6,78.0,79.1,78.0,78.0,78.0,78.0,76.8,78.0,75.6,74.4,76.8,78.0,75.6,75.6,76.8,76.8,78.0,76.8,76.8,78.0,79.1,78.0,78.0,79.1,81.5,80.3,79.1,79.1,95.7,96.9,95.7,94.5,100.4,102.8,99.2,103.9,101.6,100.4,111.0,113.4,109.8,116.9,118.1,116.9,103.9,99.2,101.6,96.9,96.9,98.0,95.7,96.9,94.5,90.9,94.5,119.3,116.9,103.9,95.7,95.7,95.7,99.2,99.2,102.8,105.1,99.2,95.7,95.7,92.1,101.6,99.2,98.0,100.4,96.9,94.5,94.5,94.5,94.5,87.4,86.2,90.9,96.9,99.2,99.2,103.9,103.9,101.6,103.9,107.5,101.6,103.9,108.7,111.0,112.2,92.1,85.0,85.0,87.4,93.3,88.6,86.2,87.4,87.4,87.4,88.6,88.6,87.4,87.4,83.9,85.0,89.8,90.9,94.5,95.7,88.6,85.0,87.4,90.9,89.8,87.4,86.2,86.2,85.0,80.3,82.7,83.9,86.2,88.6,90.9,92.1,87.4,86.2,83.9,83.9,83.9,81.5,88.6,89.8,92.1,88.6,92.1,100.4,109.8,111.0,113.4,112.2,111.0,107.5,100.4,102.8,106.3,107.5,108.7,107.5,111.0,108.7,111.0,105.1,103.9,102.8,95.7,95.7,93.3,103.9,93.3,83.9,88.6,82.7,85.0,87.4,85.0,86.2,86.2,89.8,86.2,86.2,83.9,82.7,85.0,83.9,82.7,83.9,83.9,81.5,80.3,79.1,79.1,75.6,76.8,76.8,79.1,82.7,76.8,80.3,81.5,83.9,81.5,81.5,82.7,83.9,85.0,87.4,85.0,83.9,86.2,86.2,86.2,81.5,82.7,85.0,83.9,78.0,75.6,78.0,81.5,80.3,79.1,79.1,82.7,81.5,80.3,79.1,79.1
72.0,73.2,75.6,78.0,79.1,75.6,75.6,75.6,73.2,74.4,76.8,73.2,73.2,72.0,76.8,79.1,81.5,78.0,78.0,78.0,79.1,76.8,74.4,74.4,74.4,76.8,75.6,76.8,78.0,76.8,78.0,78.0,76.8,76.8,78.0,78.0,78.0,76.8,75.6,75.6,78.0,76.8,75.6,73.2,74.4,74.4,70.9,68.5,69.7,68.5,74.4,70.9,70.9,76.8,78.0,76.8,74.4,74.4,75.6,75.6,76.8,75.6,76.8,78.0,79.1,80.3,78.0,76.8,79.1,85.0,83.9,80.3,82.7,85.0,86.2,93.3,89.8,95.7,92.1,85.0,82.7,76.8,83.9,81.5,81.5,80.3,80.3,79.1,81.5,79.1,78.0,79.1,80.3,82.7,80.3,79.1,76.8,78.0,79.1,80.3,80.3,76.8,79.1,83.9,83.9,80.3,81.5,79.1,76.8,79.1,79.1,79.1,80.3,80.3,78.0,79.1,78.0,76.8,78.0,80.3,76.8,76.8,76.8,75.6,74.4,76.8,74.4,74.4,79.1,80.3,78.0,79.1,80.3,78.0,74.4,75.6,76.8,78.0,78.0,79.1,78.0,79.1,78.0,75.6,76.8,75.6,75.6,75.6,78.0,75.6,75.6,76.8,76.8,78.0,79.1,78.0,78.0,78.0,79.1,79.1,79.1,78.0,79.1,79.1,101.6,103.9,103.9,103.9,101.6,102.8,102.8,100.4,100.4,109.8,114.6,109.8,113.4,115.7,119.3,122.8,116.9,114.6,105.1,111.0,100.4,93.3,92.1,93.3,94.5,96.9,96.9,99.2,107.5,103.9,99.2,95.7,100.4,101.6,94.5,88.6,92.1,99.2,99.2,101.6,96.9,94.5,95.7,100.4,106.3,101.6,96.9,98.0,96.9,100.4,99.2,92.1,86.2,86.2,90.9,98.0,99.2,100.4,105.1,102.8,99.2,100.4,101.6,105.1,107.5,107.5,111.0,101.6,100.4,99.2,101.6,94.5,89.8,89.8,88.6,86.2,83.9,83.9,85.0,82.7,82.7,81.5,82.7,82.7,87.4,90.9,88.6,86.2,87.4,85.0,87.4,89.8,87.4,85.0,85.0,82.7,81.5,85.0,88.6,89.8,90.9,95.7,94.5,87.4,85.0,82.7,82.7,83.9,85.0,90.9,94.5,88.6,88.6,88.6,95.7,102.8,99.2,108.7,105.1,105.1,103.9,100.4,105.1,106.3,106.3,101.6,102.8,103.9,100.4,98.0,95.7,94.5,95.7,95.7,93.3,93.3,96.9,78.0,81.5,83.9,86.2,87.4,85.0,83.9,83.9,86.2,87.4,83.9,83.9,81.5,82.7,83.9,82.7,80.3,80.3,81.5,80.3,76.8,76.8,76.8,74.4,74.4,74.4,76.8,78.0,75.6,75.6,80.3,85.0,79.1,81.5,85.0,86.2,82.7,86.2,83.9,85.0,86.2,87.4,89.8,86.2,83.9,83.9,85.0,80.3,75.6,78.0,79.1,80.3,82.7,80.3,79.1,80.3,78.0,78.0,76.8
74.4,73.2,75.6,75.6,74.4,73.2,76.8,75.6,74.4,75.6,74.4,73.2,72.0,74.4,78.0,78.0,78.0,75.6,78.0,79.1,78.0,75.6,70.9,72.0,75.6,75.6,74.4,78.0,78.0,74.4,75.6,76.8,76.8,76.8,78.0,78.0,79.1,78.0,76.8,75.6,75.6,74.4,74.4,73.2,74.4,74.4,68.5,69.7,72.0,72.0,74.4,70.9,69.7,70.9,79.1,76.8,75.6,74.4,74.4,74.4,75.6,75.6,75.6,76.8,78.0,78.0,78.0,78.0,79.1,81.5,81.5,81.5,82.7,83.9,85.0,86.2,89.8,96.9,94.5,88.6,79.1,80.3,82.7,81.5,80.3,79.1,79.1,79.1,79.1,81.5,80.3,81.5,78.0,76.8,76.8,79.1,78.0,75.6,74.4,80.3,78.0,78.0,81.5,83.9,83.9,79.1,78.0,78.0,76.8,78.0,80.3,79.1,78.0,78.0,76.8,76.8,76.8,76.8,75.6,74.4,76.8,78.0,75.6,74.4,74.4,75.6,74.4,74.4,76.8,78.0,78.0,78.0,78.0,78.0,73.2,75.6,76.8,78.0,76.8,78.0,78.0,78.0,76.8,76.8,76.8,76.8,76.8,78.0,76.8,76.8,76.8,76.8,76.8,78.0,78.0,78.0,79.1,78.0,79.1,79.1,78.0,79.1,78.0,88.6,101.6,102.8,101.6,99.2,103.9,107.5,112.2,108.7,118.1,124.0,116.9,119.3,103.9,112.2,121.7,115.7,120.5,125.2,115.7,109.8,101.6,92.1,95.7,95.7,98.0,107.5,106.3,102.8,95.7,100.4,102.8,98.0,101.6,100.4,94.5,90.9,96.9,95.7,100.4,100.4,100.4,94.5,102.8,105.1,98.0,100.4,101.6,96.9,99.2,100.4,96.9,94.5,89.8,85.0,87.4,94.5,98.0,102.8,105.1,111.0,102.8,100.4,99.2,107.5,108.7,108.7,121.7,112.2,106.3,107.5,106.3,95.7,95.7,93.3,92.1,89.8,82.7,81.5,81.5,81.5,81.5,81.5,82.7,82.7,82.7,88.6,88.6,85.0,83.9,83.9,82.7,83.9,85.0,82.7,85.0,86.2,85.0,88.6,92.1,92.1,94.5,95.7,93.3,83.9,82.7,85.0,83.9,83.9,86.2,90.9,89.8,87.4,86.2,87.4,95.7,94.5,98.0,101.6,100.4,102.8,102.8,103.9,107.5,103.9,99.2,96.9,95.7,98.0,96.9,94.5,95.7,95.7,92.1,89.8,90.9,89.8,92.1,79.1,82.7,80.3,81.5,81.5,81.5,82.7,83.9,85.0,85.0,82.7,81.5,78.0,80.3,78.0,78.0,80.3,81.5,81.5,78.0,75.6,76.8,74.4,75.6,74.4,74.4,74.4,78.0,73.2,73.2,82.7,82.7,78.0,74.4,78.0,82.7,82.7,85.0,86.2,85.0,87.4,88.6,86.2,85.0,82.7,81.5,80.3,78.0,76.8,78.0,76.8,78.0,79.1,79.1,80.3,82.7,79.1,78.0,75.6
73.2,72.0,72.0,73.2,73.2,73.2,75.6,73.2,72.0,74.4,74.4,72.0,70.9,73.2,74.4,74.4,73.2,73.2,78.0,79.1,76.8,75.6,73.2,70.9,72.0,74.4,74.4,78.0,78.0,74.4,74.4,74.4,74.4,76.8,76.8,76.8,78.0,76.8,76.8,74.4,74.4,75.6,73.2,74.4,74.4,74.4,73.2,73.2,72.0,73.2,72.0,70.9,72.0,72.0,75.6,79.1,74.4,73.2,73.2,73.2,75.6,73.2,74.4,73.2,78.0,79.1,79.1,79.1,80.3,81.5,81.5,81.5,82.7,82.7,85.0,87.4,88.6,92.1,93.3,90.9,87.4,81.5,83.9,82.7,78.0,78.0,79.1,79.1,80.3,78.0,80.3,79.1,80.3,73.2,79.1,78.0,76.8,76.8,78.0,80.3,81.5,81.5,83.9,80.3,81.5,79.1,79.1,78.0,76.8,76.8,78.0,79.1,79.1,78.0,79.1,76.8,75.6,76.8,76.8,78.0,76.8,76.8,74.4,73.2,73.2,74.4,74.4,76.8,78.0,78.0,79.1,79.1,78.0,76.8,74.4,75.6,76.8,79.1,80.3,76.8,78.0,78.0,76.8,76.8,78.0,75.6,76.8,76.8,76.8,76.8,76.8,76.8,78.0,78.0,79.1,79.1,79.1,79.1,76.8,78.0,78.0,76.8,78.0,101.6,103.9,103.9,112.2,107.5,105.1,111.0,124.0,124.0,131.1,129.9,116.9,109.8,116.9,119.3,116.9,108.7,112.2,118.1,113.4,111.0,108.7,112.2,101.6,114.6,114.6,112.2,121.7,109.8,96.9,103.9,102.8,96.9,89.8,90.9,88.6,90.9,100.4,99.2,100.4,102.8,96.9,98.0,102.8,103.9,106.3,106.3,106.3,99.2,106.3,99.2,94.5,95.7,95.7,85.0,85.0,95.7,102.8,101.6,105.1,105.1,101.6,99.2,105.1,103.9,100.4,109.8,116.9,115.7,113.4,107.5,102.8,100.4,94.5,98.0,98.0,87.4,80.3,81.5,80.3,80.3,80.3,81.5,81.5,81.5,82.7,83.9,83.9,81.5,80.3,82.7,80.3,82.7,86.2,86.2,86.2,86.2,88.6,89.8,90.9,92.1,92.1,92.1,90.9,85.0,83.9,87.4,83.9,82.7,87.4,92.1,90.9,86.2,86.2,88.6,88.6,94.5,98.0,95.7,94.5,98.0,103.9,107.5,103.9,101.6,101.6,99.2,99.2,100.4,94.5,90.9,90.9,90.9,87.4,90.9,92.1,92.1,85.0,79.1,85.0,80.3,81.5,78.0,78.0,79.1,79.1,81.5,82.7,82.7,76.8,73.2,72.0,75.6,78.0,80.3,80.3,79.1,75.6,73.2,75.6,73.2,74.4,76.8,78.0,78.0,76.8,70.9,75.6,81.5,79.1,82.7,79.1,81.5,81.5,82.7,80.3,79.1,82.7,81.5,80.3,78.0,80.3,82.7,82.7,79.1,78.0,75.6,76.8,76.8,79.1,78.0,78.0,76.8,75.6,75.6,75.6,74.4
69.7,67.3,70.9,75.6,78.0,74.4,72.0,73.2,72.0,74.4,75.6,73.2,70.9,73.2,72.0,70.9,72.0,73.2,74.4,76.8,75.6,73.2,72.0,74.4,73.2,74.4,74.4,75.6,76.8,75.6,75.6,74.4,74.4,75.6,76.8,76.8,75.6,75.6,75.6,74.4,74.4,73.2,74.4,74.4,74.4,73.2,73.2,72.0,73.2,74.4,72.0,72.0,72.0,75.6,72.0,76.8,74.4,74.4,75.6,76.8,75.6,74.4,74.4,73.2,78.0,79.1,79.1,79.1,80.3,81.5,81.5,80.3,81.5,81.5,83.9,85.0,90.9,92.1,96.9,96.9,92.1,87.4,82.7,79.1,75.6,78.0,78.0,80.3,80.3,79.1,76.8,79.1,81.5,79.1,78.0,76.8,79.1,79.1,79.1,82.7,81.5,80.3,82.7,79.1,76.8,74.4,76.8,76.8,78.0,79.1,79.1,78.0,78.0,76.8,78.0,76.8,78.0,76.8,78.0,76.8,78.0,75.6,74.4,73.2,74.4,74.4,75.6,76.8,78.0,76.8,76.8,76.8,78.0,74.4,74.4,74.4,76.8,78.0,79.1,78.0,79.1,78.0,78.0,80.3,78.0,76.8,78.0,78.0,78.0,76.8,75.6,78.0,75.6,78.0,80.3,80.3,80.3,79.1,78.0,78.0,81.5,79.1,79.1,99.2,112.2,111.0,103.9,103.9,124.0,132.3,126.4,127.6,131.1,127.6,124.0,118.1,124.0,125.2,113.4,103.9,103.9,105.1,100.4,102.8,111.0,114.6,112.2,108.7,102.8,122.8,127.6,120.5,109.8,108.7,108.7,105.1,94.5,90.9,89.8,95.7,112.2,102.8,100.4,100.4,105.1,106.3,106.3,103.9,105.1,106.3,98.0,102.8,103.9,101.6,98.0,96.9,92.1,83.9,83.9,90.9,90.9,101.6,105.1,106.3,102.8,99.2,109.8,103.9,114.6,116.9,116.9,115.7,113.4,106.3,99.2,96.9,93.3,96.9,88.6,80.3,80.3,80.3,80.3,80.3,79.1,80.3,81.5,83.9,83.9,83.9,82.7,81.5,80.3,80.3,81.5,79.1,83.9,87.4,88.6,88.6,90.9,89.8,89.8,88.6,88.6,90.9,88.6,85.0,83.9,86.2,85.0,85.0,88.6,92.1,93.3,90.9,88.6,89.8,89.8,93.3,94.5,93.3,94.5,99.2,108.7,111.0,109.8,101.6,95.7,99.2,96.9,95.7,93.3,89.8,89.8,85.0,81.5,87.4,89.8,86.2,81.5,79.1,76.8,76.8,75.6,76.8,76.8,79.1,78.0,79.1,81.5,76.8,74.4,74.4,74.4,73.2,76.8,78.0,76.8,75.6,74.4,73.2,75.6,72.0,72.0,73.2,72.0,76.8,76.8,73.2,80.3,75.6,79.1,80.3,83.9,80.3,79.1,80.3,79.1,75.6,76.8,76.8,72.0,75.6,78.0,80.3,80.3,75.6,74.4,75.6,76.8,74.4,74.4,75.6,75.6,73.2,70.9,70.9,73.2,73.2
69.7,69.7,72.0,74.4,73.2,70.9,72.0,73.2,72.0,74.4,74.4,72.0,70.9,72.0,70.9,70.9,72.0,73.2,73.2,72.0,74.4,74.4,74.4,75.6,76.8,74.4,73.2,75.6,76.8,76.8,74.4,73.2,73.2,74.4,75.6,75.6,74.4,74.4,74.4,74.4,73.2,73.2,72.0,74.4,74.4,75.6,75.6,73.2,72.0,72.0,72.0,70.9,74.4,73.2,75.6,75.6,74.4,75.6,74.4,75.6,75.6,73.2,74.4,80.3,78.0,80.3,79.1,79.1,80.3,81.5,80.3,81.5,81.5,81.5,82.7,85.0,85.0,88.6,94.5,100.4,105.1,94.5,80.3,79.1,75.6,78.0,79.1,80.3,78.0,76.8,78.0,82.7,86.2,88.6,79.1,78.0,79.1,78.0,80.3,81.5,81.5,78.0,79.1,79.1,74.4,72.0,76.8,81.5,83.9,80.3,81.5,78.0,74.4,74.4,75.6,75.6,76.8,78.0,78.0,78.0,75.6,74.4,76.8,76.8,75.6,74.4,75.6,76.8,79.1,78.0,78.0,78.0,76.8,75.6,75.6,75.6,75.6,78.0,76.8,76.8,78.0,78.0,76.8,76.8,78.0,79.1,79.1,79.1,81.5,76.8,76.8,80.3,78.0,80.3,82.7,80.3,80.3,80.3,79.1,81.5,83.9,82.7,83.9,93.3,115.7,102.8,108.7,107.5,114.6,126.4,132.3,122.8,126.4,131.1,119.3,120.5,126.4,126.4,118.1,102.8,103.9,100.4,98.0,107.5,111.0,112.2,113.4,102.8,96.9,119.3,128.7,122.8,116.9,118.1,114.6,115.7,108.7,100.4,96.9,96.9,105.1,112.2,100.4,108.7,111.0,114.6,109.8,108.7,109.8,111.0,101.6,108.7,107.5,102.8,99.2,98.0,93.3,87.4,87.4,88.6,89.8,94.5,98.0,100.4,107.5,113.4,125.2,125.2,122.8,114.6,114.6,114.6,112.2,101.6,96.9,92.1,94.5,93.3,80.3,80.3,81.5,80.3,80.3,80.3,80.3,81.5,83.9,85.0,83.9,83.9,85.0,83.9,81.5,81.5,81.5,81.5,85.0,86.2,87.4,89.8,89.8,90.9,94.5,93.3,93.3,90.9,88.6,86.2,86.2,87.4,86.2,86.2,92.1,92.1,96.9,98.0,92.1,89.8,94.5,94.5,92.1,94.5,94.5,102.8,107.5,109.8,101.6,95.7,95.7,101.6,98.0,93.3,92.1,92.1,94.5,86.2,82.7,81.5,86.2,88.6,83.9,79.1,73.2,72.0,73.2,72.0,74.4,79.1,78.0,78.0,78.0,76.8,76.8,75.6,74.4,75.6,74.4,76.8,79.1,74.4,69.7,73.2,69.7,69.7,70.9,74.4,74.4,76.8,74.4,76.8,78.0,75.6,76.8,80.3,78.0,81.5,78.0,80.3,78.0,76.8,79.1,75.6,74.4,75.6,76.8,76.8,75.6,73.2,72.0,73.2,72.0,65.0,69.7,69.7,69.7,72.0,70.9,70.9,69.7,72.0
70.9,73.2,74.4,73.2,74.4,72.0,72.0,72.0,72.0,74.4,73.2,70.9,70.9,70.9,70.9,69.7,70.9,72.0,72.0,73.2,73.2,72.0,74.4,76.8,74.4,73.2,73.2,75.6,78.0,75.6,74.4,72.0,70.9,74.4,76.8,75.6,74.4,74.4,75.6,73.2,73.2,69.7,73.2,73.2,74.4,74.4,73.2,73.2,72.0,70.9,70.9,72.0,72.0,72.0,75.6,73.2,73.2,74.4,74.4,74.4,75.6,74.4,75.6,79.1,79.1,78.0,78.0,78.0,79.1,79.1,79.1,81.5,83.9,82.7,83.9,81.5,88.6,92.1,92.1,94.5,90.9,86.2,81.5,81.5,78.0,78.0,76.8,80.3,78.0,78.0,79.1,83.9,94.5,83.9,79.1,78.0,79.1,78.0,83.9,79.1,81.5,80.3,79.1,78.0,79.1,76.8,79.1,79.1,76.8,79.1,76.8,75.6,74.4,74.4,74.4,74.4,76.8,79.1,78.0,76.8,74.4,74.4,75.6,78.0,76.8,74.4,76.8,75.6,76.8,78.0,78.0,75.6,76.8,75.6,75.6,76.8,76.8,75.6,76.8,78.0,79.1,78.0,78.0,76.8,74.4,78.0,79.1,78.0,76.8,78.0,79.1,81.5,79.1,81.5,81.5,80.3,80.3,80.3,83.9,85.0,85.0,85.0,87.4,88.6,113.4,118.1,111.0,113.4,108.7,111.0,126.4,120.5,127.6,120.5,124.0,120.5,124.0,121.7,118.1,105.1,102.8,99.2,103.9,107.5,100.4,106.3,105.1,101.6,95.7,94.5,116.9,122.8,122.8,121.7,122.8,114.6,111.0,106.3,106.3,107.5,103.9,103.9,101.6,99.2,112.2,120.5,114.6,112.2,108.7,113.4,106.3,103.9,98.0,98.0,100.4,100.4,96.9,92.1,88.6,86.2,87.4,90.9,94.5,94.5,101.6,113.4,122.8,126.4,124.0,108.7,100.4,95.7,93.3,94.5,92.1,89.8,87.4,81.5,81.5,81.5,81.5,81.5,80.3,79.1,80.3,83.9,87.4,88.6,85.0,83.9,85.0,85.0,83.9,85.0,85.0,87.4,88.6,89.8,88.6,87.4,89.8,93.3,98.0,98.0,96.9,90.9,88.6,87.4,88.6,89.8,88.6,88.6,93.3,94.5,96.9,98.0,93.3,92.1,96.9,98.0,95.7,96.9,93.3,99.2,98.0,106.3,101.6,101.6,94.5,98.0,94.5,93.3,92.1,88.6,87.4,80.3,83.9,83.9,87.4,90.9,83.9,82.7,73.2,74.4,73.2,70.9,70.9,74.4,73.2,73.2,74.4,75.6,76.8,74.4,75.6,76.8,78.0,78.0,78.0,74.4,72.0,72.0,67.3,69.7,72.0,73.2,74.4,73.2,75.6,79.1,79.1,80.3,74.4,73.2,76.8,78.0,83.9,78.0,76.8,73.2,74.4,73.2,74.4,73.2,75.6,72.0,69.7,73.2,74.4,74.4,68.5,67.3,70.9,72.0,74.4,70.9,72.0,70.9,70.9,70.9
70.9,70.9,72.0,74.4,74.4,73.2,72.0,72.0,73.2,72.0,72.0,72.0,70.9,70.9,72.0,70.9,70.9,69.7,73.2,73.2,73.2,73.2,73.2,74.4,72.0,72.0,73.2,74.4,75.6,74.4,73.2,70.9,74.4,75.6,75.6,73.2,73.2,73.2,70.9,72.0,73.2,73.2,73.2,72.0,74.4,73.2,73.2,72.0,70.9,72.0,72.0,72.0,72.0,70.9,73.2,73.2,73.2,74.4,75.6,74.4,74.4,73.2,74.4,76.8,78.0,76.8,79.1,80.3,80.3,79.1,79.1,80.3,83.9,85.0,83.9,83.9,85.0,86.2,85.0,83.9,85.0,82.7,83.9,85.0,76.8,78.0,76.8,79.1,78.0,80.3,86.2,82.7,90.9,76.8,78.0,79.1,78.0,83.9,86.2,79.1,81.5,83.9,80.3,78.0,78.0,76.8,79.1,78.0,79.1,78.0,75.6,74.4,75.6,75.6,75.6,74.4,75.6,78.0,76.8,74.4,73.2,74.4,76.8,76.8,75.6,76.8,76.8,74.4,79.1,79.1,76.8,75.6,76.8,76.8,75.6,74.4,76.8,79.1,76.8,76.8,78.0,78.0,78.0,78.0,76.8,78.0,76.8,78.0,78.0,78.0,80.3,83.9,81.5,78.0,81.5,81.5,80.3,82.7,87.4,88.6,88.6,89.8,87.4,89.8,107.5,113.4,107.5,114.6,111.0,108.7,111.0,120.5,113.4,112.2,120.5,114.6,115.7,112.2,109.8,107.5,100.4,101.6,102.8,102.8,101.6,100.4,98.0,98.0,96.9,101.6,119.3,129.9,125.2,122.8,114.6,111.0,109.8,106.3,109.8,116.9,112.2,100.4,98.0,99.2,120.5,133.5,122.8,112.2,109.8,115.7,111.0,107.5,101.6,100.4,98.0,100.4,95.7,93.3,96.9,86.2,86.2,87.4,88.6,93.3,100.4,114.6,119.3,115.7,102.8,95.7,95.7,93.3,90.9,89.8,87.4,81.5,79.1,78.0,80.3,82.7,82.7,81.5,80.3,79.1,80.3,85.0,87.4,88.6,86.2,86.2,93.3,89.8,86.2,83.9,88.6,88.6,92.1,90.9,94.5,92.1,92.1,96.9,99.2,96.9,98.0,94.5,90.9,88.6,89.8,90.9,89.8,90.9,94.5,94.5,98.0,96.9,94.5,94.5,96.9,95.7,96.9,98.0,96.9,99.2,100.4,100.4,101.6,100.4,98.0,100.4,95.7,93.3,90.9,78.0,83.9,76.8,82.7,87.4,89.8,87.4,81.5,82.7,74.4,72.0,68.5,67.3,70.9,72.0,69.7,72.0,72.0,79.1,75.6,74.4,69.7,72.0,76.8,75.6,74.4,74.4,72.0,69.7,68.5,70.9,69.7,68.5,70.9,74.4,73.2,75.6,75.6,75.6,76.8,76.8,75.6,76.8,78.0,78.0,74.4,73.2,73.2,72.0,72.0,75.6,70.9,73.2,73.2,73.2,75.6,76.8,69.7,70.9,73.2,75.6,75.6,72.0,70.9,70.9,72.0,69.7
73.2,72.0,74.4,74.4,73.2,72.0,70.9,73.2,72.0,72.0,72.0,72.0,72.0,70.9,72.0,70.9,69.7,69.7,72.0,73.2,73.2,73.2,73.2,70.9,69.7,72.0,72.0,73.2,73.2,74.4,73.2,74.4,73.2,73.2,73.2,73.2,72.0,72.0,70.9,72.0,74.4,78.0,74.4,74.4,73.2,74.4,73.2,72.0,70.9,70.9,69.7,70.9,72.0,72.0,74.4,75.6,74.4,73.2,75.6,74.4,75.6,75.6,74.4,76.8,79.1,76.8,79.1,80.3,79.1,79.1,80.3,82.7,83.9,86.2,86.2,85.0,86.2,83.9,85.0,85.0,85.0,82.7,80.3,79.1,78.0,76.8,78.0,76.8,78.0,80.3,81.5,88.6,88.6,81.5,79.1,75.6,79.1,81.5,83.9,80.3,82.7,85.0,82.7,79.1,76.8,78.0,80.3,82.7,80.3,78.0,76.8,75.6,78.0,76.8,75.6,74.4,75.6,75.6,76.8,74.4,75.6,74.4,76.8,76.8,75.6,74.4,76.8,78.0,79.1,79.1,79.1,78.0,79.1,78.0,75.6,76.8,76.8,78.0,76.8,76.8,79.1,80.3,80.3,81.5,81.5,78.0,78.0,78.0,80.3,81.5,83.9,85.0,82.7,81.5,83.9,83.9,85.0,87.4,89.8,90.9,92.1,93.3,96.9,96.9,105.1,101.6,106.3,107.5,107.5,102.8,106.3,108.7,102.8,102.8,105.1,105.1,105.1,107.5,103.9,98.0,95.7,95.7,99.2,98.0,96.9,100.4,98.0,99.2,101.6,112.2,119.3,115.7,125.2,118.1,119.3,115.7,112.2,114.6,114.6,116.9,111.0,102.8,100.4,106.3,119.3,115.7,116.9,111.0,113.4,109.8,107.5,102.8,105.1,100.4,98.0,96.9,95.7,94.5,94.5,86.2,87.4,86.2,87.4,95.7,94.5,100.4,107.5,102.8,93.3,94.5,94.5,90.9,83.9,79.1,79.1,79.1,79.1,79.1,81.5,83.9,83.9,82.7,80.3,81.5,85.0,86.2,88.6,89.8,88.6,93.3,94.5,92.1,86.2,86.2,85.0,94.5,94.5,93.3,95.7,94.5,99.2,96.9,95.7,95.7,96.9,94.5,90.9,89.8,90.9,93.3,92.1,89.8,92.1,95.7,99.2,93.3,90.9,98.0,102.8,96.9,93.3,94.5,94.5,95.7,99.2,96.9,94.5,93.3,96.9,100.4,100.4,90.9,90.9,89.8,83.9,88.6,83.9,85.0,89.8,86.2,82.7,82.7,74.4,79.1,63.8,76.8,79.1,78.0,72.0,74.4,78.0,72.0,74.4,73.2,68.5,72.0,68.5,76.8,74.4,74.4,74.4,69.7,68.5,73.2,72.0,66.1,69.7,73.2,70.9,73.2,70.9,72.0,70.9,70.9,75.6,73.2,75.6,69.7,69.7,70.9,70.9,68.5,70.9,68.5,69.7,73.2,73.2,74.4,78.0,79.1,70.9,75.6,75.6,74.4,73.2,72.0,73.2,73.2,69.7,70.9
73.2,74.4,75.6,74.4,73.2,72.0,72.0,70.9,72.0,72.0,70.9,72.0,70.9,72.0,70.9,69.7,69.7,69.7,72.0,73.2,73.2,72.0,70.9,72.0,72.0,72.0,70.9,72.0,73.2,73.2,73.2,74.4,73.2,73.2,74.4,73.2,73.2,73.2,70.9,72.0,73.2,75.6,74.4,73.2,72.0,73.2,70.9,69.7,72.0,72.0,70.9,72.0,72.0,73.2,74.4,75.6,74.4,72.0,74.4,75.6,76.8,76.8,76.8,78.0,79.1,78.0,78.0,78.0,76.8,79.1,80.3,82.7,83.9,85.0,83.9,85.0,83.9,82.7,82.7,83.9,81.5,81.5,80.3,78.0,81.5,80.3,82.7,81.5,85.0,86.2,85.0,90.9,86.2,78.0,78.0,76.8,80.3,82.7,82.7,82.7,82.7,81.5,81.5,79.1,81.5,79.1,80.3,81.5,81.5,75.6,78.0,75.6,79.1,76.8,74.4,75.6,74.4,75.6,76.8,74.4,73.2,76.8,75.6,74.4,74.4,76.8,76.8,79.1,79.1,79.1,79.1,80.3,80.3,76.8,76.8,79.1,79.1,79.1,78.0,79.1,81.5,82.7,81.5,81.5,81.5,81.5,78.0,78.0,82.7,85.0,86.2,88.6,87.4,87.4,87.4,88.6,88.6,92.1,94.5,90.9,93.3,98.0,99.2,100.4,101.6,96.9,99.2,95.7,101.6,98.0,100.4,102.8,103.9,101.6,101.6,98.0,100.4,103.9,102.8,98.0,94.5,96.9,96.9,96.9,93.3,94.5,93.3,96.9,96.9,100.4,103.9,103.9,109.8,107.5,107.5,106.3,111.0,109.8,107.5,108.7,102.8,105.1,102.8,106.3,106.3,106.3,106.3,111.0,111.0,108.7,105.1,107.5,99.2,99.2,95.7,93.3,94.5,94.5,94.5,86.2,88.6,88.6,86.2,90.9,95.7,98.0,107.5,100.4,94.5,92.1,87.4,87.4,79.1,79.1,79.1,78.0,79.1,80.3,80.3,82.7,85.0,85.0,82.7,83.9,87.4,89.8,89.8,88.6,90.9,96.9,98.0,92.1,88.6,86.2,83.9,96.9,96.9,98.0,100.4,99.2,102.8,98.0,95.7,96.9,95.7,93.3,92.1,94.5,94.5,95.7,90.9,89.8,92.1,95.7,93.3,94.5,93.3,101.6,98.0,96.9,95.7,88.6,92.1,93.3,92.1,98.0,98.0,105.1,102.8,102.8,100.4,93.3,81.5,81.5,83.9,82.7,83.9,87.4,87.4,82.7,78.0,83.9,99999.0,68.5,69.7,74.4,78.0,69.7,67.3,74.4,74.4,68.5,67.3,68.5,68.5,68.5,68.5,75.6,75.6,70.9,73.2,72.0,70.9,72.0,70.9,65.0,61.4,73.2,69.7,69.7,68.5,65.0,62.6,73.2,73.2,70.9,69.7,67.3,67.3,72.0,73.2,74.4,73.2,69.7,70.9,72.0,73.2,76.8,78.0,76.8,70.9,72.0,70.9,72.0,68.5,69.7,70.9,69.7,70.9,70.9
69.7,74.4,72.0,72.0,73.2,74.4,72.0,69.7,70.9,73.2,74.4,73.2,74.4,72.0,69.7,69.7,68.5,70.9,70.9,70.9,70.9,70.9,70.9,70.9,69.7,72.0,69.7,69.7,70.9,74.4,73.2,72.0,75.6,74.4,73.2,73.2,73.2,72.0,70.9,72.0,73.2,73.2,70.9,69.7,72.0,70.9,69.7,70.9,70.9,70.9,70.9,70.9,72.0,73.2,74.4,74.4,72.0,72.0,74.4,75.6,76.8,75.6,78.0,78.0,78.0,76.8,76.8,78.0,78.0,79.1,80.3,82.7,82.7,83.9,82.7,82.7,80.3,82.7,80.3,82.7,81.5,80.3,80.3,80.3,80.3,81.5,83.9,83.9,88.6,85.0,80.3,86.2,86.2,82.7,78.0,75.6,81.5,87.4,82.7,81.5,86.2,87.4,86.2,83.9,83.9,85.0,80.3,80.3,80.3,78.0,79.1,78.0,76.8,76.8,74.4,75.6,74.4,73.2,74.4,75.6,76.8,76.8,78.0,75.6,74.4,79.1,80.3,82.7,79.1,79.1,79.1,80.3,80.3,76.8,79.1,79.1,79.1,80.3,80.3,81.5,82.7,82.7,83.9,82.7,81.5,81.5,81.5,80.3,83.9,86.2,88.6,89.8,89.8,88.6,87.4,89.8,92.1,99.2,99.2,98.0,95.7,95.7,94.5,100.4,99.2,90.9,98.0,103.9,98.0,90.9,94.5,95.7,102.8,101.6,101.6,93.3,105.1,105.1,99.2,95.7,98.0,95.7,98.0,96.9,96.9,89.8,96.9,101.6,103.9,100.4,102.8,106.3,107.5,106.3,105.1,107.5,109.8,107.5,108.7,106.3,107.5,105.1,103.9,105.1,103.9,107.5,103.9,107.5,107.5,105.1,102.8,101.6,95.7,92.1,90.9,92.1,93.3,90.9,92.1,90.9,90.9,92.1,87.4,89.8,94.5,93.3,94.5,94.5,92.1,83.9,80.3,80.3,80.3,79.1,78.0,79.1,80.3,80.3,80.3,80.3,83.9,86.2,85.0,85.0,88.6,89.8,87.4,85.0,88.6,90.9,94.5,92.1,90.9,86.2,83.9,94.5,90.9,99.2,101.6,100.4,99.2,94.5,90.9,94.5,95.7,95.7,95.7,96.9,96.9,94.5,92.1,90.9,92.1,92.1,89.8,94.5,96.9,102.8,98.0,98.0,98.0,92.1,92.1,92.1,93.3,92.1,99.2,99.2,95.7,119.3,102.8,86.2,85.0,82.7,78.0,79.1,85.0,81.5,79.1,79.1,75.6,74.4,69.7,69.7,70.9,76.8,75.6,73.2,72.0,76.8,75.6,69.7,69.7,68.5,68.5,67.3,68.5,74.4,75.6,73.2,73.2,73.2,73.2,70.9,72.0,66.1,50.8,68.5,70.9,69.7,67.3,65.0,69.7,73.2,73.2,69.7,66.1,65.0,65.0,73.2,72.0,72.0,70.9,72.0,72.0,73.2,73.2,76.8,78.0,72.0,99999.0,69.7,70.9,72.0,72.0,69.7,72.0,72.0,70.9,69.7
66.1,63.8,70.9,73.2,75.6,74.4,74.4,70.9,70.9,70.9,74.4,73.2,72.0,70.9,68.5,67.3,68.5,70.9,72.0,72.0,72.0,70.9,70.9,69.7,69.7,70.9,68.5,72.0,72.0,73.2,72.0,73.2,73.2,74.4,73.2,74.4,75.6,70.9,70.9,69.7,69.7,69.7,70.9,70.9,70.9,69.7,72.0,69.7,72.0,72.0,72.0,73.2,70.9,73.2,75.6,73.2,73.2,73.2,74.4,74.4,75.6,74.4,78.0,78.0,79.1,78.0,75.6,79.1,81.5,81.5,81.5,83.9,82.7,83.9,82.7,81.5,79.1,80.3,81.5,83.9,82.7,81.5,82.7,81.5,82.7,83.9,83.9,86.2,83.9,82.7,82.7,79.1,80.3,76.8,78.0,79.1,90.9,86.2,83.9,83.9,81.5,87.4,88.6,85.0,85.0,81.5,79.1,79.1,80.3,80.3,79.1,79.1,75.6,76.8,73.2,75.6,76.8,75.6,76.8,78.0,79.1,79.1,78.0,79.1,79.1,80.3,81.5,82.7,80.3,80.3,81.5,78.0,75.6,76.8,79.1,81.5,80.3,80.3,80.3,80.3,82.7,83.9,85.0,86.2,82.7,82.7,81.5,81.5,85.0,87.4,88.6,89.8,92.1,89.8,87.4,92.1,95.7,96.9,99.2,101.6,102.8,109.8,100.4,100.4,95.7,102.8,103.9,100.4,90.9,87.4,93.3,96.9,100.4,99.2,95.7,98.0,99.2,98.0,93.3,95.7,94.5,95.7,95.7,93.3,90.9,88.6,94.5,99.2,100.4,100.4,105.1,111.0,105.1,100.4,105.1,114.6,112.2,106.3,106.3,102.8,103.9,107.5,105.1,108.7,101.6,106.3,106.3,105.1,103.9,103.9,102.8,103.9,95.7,92.1,89.8,90.9,89.8,88.6,88.6,89.8,92.1,93.3,90.9,90.9,94.5,88.6,87.4,86.2,83.9,80.3,80.3,80.3,81.5,81.5,80.3,81.5,81.5,81.5,81.5,80.3,82.7,85.0,86.2,88.6,88.6,87.4,85.0,85.0,86.2,88.6,92.1,93.3,93.3,86.2,86.2,92.1,94.5,93.3,96.9,95.7,96.9,93.3,90.9,92.1,93.3,94.5,94.5,94.5,92.1,90.9,88.6,89.8,92.1,90.9,89.8,89.8,100.4,102.8,100.4,102.8,99.2,85.0,88.6,93.3,99.2,93.3,95.7,96.9,93.3,87.4,93.3,86.2,87.4,83.9,83.9,83.9,72.0,76.8,74.4,73.2,70.9,70.9,70.9,68.5,69.7,75.6,73.2,70.9,72.0,78.0,74.4,74.4,72.0,66.1,62.6,65.0,67.3,68.5,70.9,73.2,76.8,74.4,67.3,68.5,67.3,69.7,99999.0,66.1,68.5,69.7,70.9,68.5,67.3,68.5,72.0,72.0,67.3,66.1,66.1,70.9,72.0,72.0,69.7,73.2,74.4,72.0,73.2,74.4,74.4,66.1,99999.0,99999.0,70.9,70.9,72.0,68.5,69.7,69.7,70.9,69.7
63.8,65.0,72.0,70.9,69.7,70.9,70.9,69.7,69.7,72.0,75.6,73.2,70.9,70.9,69.7,68.5,69.7,70.9,70.9,69.7,70.9,69.7,69.7,69.7,69.7,69.7,70.9,69.7,70.9,70.9,72.0,70.9,70.9,73.2,73.2,74.4,74.4,74.4,72.0,69.7,67.3,70.9,70.9,69.7,70.9,70.9,73.2,72.0,74.4,74.4,74.4,73.2,72.0,74.4,74.4,75.6,74.4,75.6,74.4,75.6,74.4,73.2,78.0,79.1,79.1,79.1,78.0,79.1,79.1,80.3,81.5,85.0,86.2,83.9,80.3,79.1,80.3,81.5,83.9,83.9,83.9,82.7,83.9,82.7,82.7,79.1,80.3,82.7,85.0,87.4,86.2,83.9,82.7,79.1,78.0,89.8,90.9,86.2,85.0,83.9,83.9,89.8,87.4,86.2,83.9,81.5,75.6,81.5,82.7,80.3,80.3,79.1,75.6,75.6,75.6,75.6,75.6,76.8,78.0,79.1,82.7,80.3,78.0,79.1,79.1,79.1,81.5,82.7,82.7,81.5,82.7,79.1,78.0,80.3,82.7,82.7,83.9,78.0,81.5,83.9,85.0,86.2,86.2,88.6,83.9,81.5,83.9,82.7,86.2,87.4,89.8,90.9,90.9,90.9,90.9,94.5,101.6,100.4,101.6,100.4,105.1,113.4,102.8,99.2,94.5,99.2,100.4,99.2,102.8,90.9,92.1,93.3,98.0,100.4,98.0,98.0,95.7,96.9,93.3,95.7,90.9,95.7,89.8,90.9,90.9,90.9,94.5,93.3,100.4,100.4,102.8,105.1,106.3,103.9,99.2,109.8,108.7,107.5,105.1,99.2,103.9,105.1,106.3,101.6,102.8,102.8,105.1,107.5,101.6,102.8,99.2,98.0,96.9,92.1,89.8,89.8,88.6,90.9,94.5,87.4,89.8,93.3,96.9,92.1,89.8,86.2,85.0,83.9,82.7,81.5,81.5,81.5,80.3,81.5,81.5,83.9,85.0,85.0,81.5,81.5,83.9,85.0,86.2,86.2,87.4,87.4,82.7,82.7,82.7,86.2,89.8,89.8,90.9,88.6,86.2,92.1,95.7,101.6,95.7,90.9,96.9,93.3,92.1,92.1,94.5,92.1,93.3,89.8,89.8,90.9,86.2,83.9,86.2,87.4,86.2,88.6,90.9,99.2,100.4,93.3,85.0,94.5,100.4,95.7,98.0,92.1,89.8,99.2,99999.0,99.2,103.9,94.5,83.9,79.1,82.7,80.3,78.0,75.6,75.6,73.2,69.7,72.0,70.9,70.9,67.3,72.0,73.2,74.4,72.0,75.6,70.9,75.6,72.0,67.3,63.8,65.0,65.0,66.1,70.9,78.0,80.3,74.4,65.0,65.0,63.8,60.2,63.8,65.0,67.3,69.7,70.9,70.9,66.1,67.3,69.7,65.0,65.0,67.3,73.2,76.8,73.2,69.7,69.7,72.0,72.0,72.0,72.0,72.0,72.0,68.5,63.8,70.9,69.7,70.9,69.7,67.3,69.7,73.2,70.9,68.5
70.9,72.0,70.9,68.5,67.3,69.7,68.5,67.3,70.9,74.4,75.6,72.0,70.9,70.9,69.7,69.7,70.9,72.0,70.9,70.9,72.0,69.7,70.9,70.9,67.3,72.0,73.2,69.7,70.9,72.0,70.9,68.5,72.0,72.0,73.2,73.2,75.6,74.4,72.0,69.7,70.9,70.9,70.9,69.7,70.9,72.0,75.6,75.6,75.6,76.8,75.6,74.4,70.9,73.2,76.8,76.8,75.6,75.6,75.6,75.6,75.6,76.8,74.4,74.4,76.8,80.3,78.0,83.9,82.7,81.5,80.3,83.9,85.0,88.6,87.4,81.5,81.5,82.7,85.0,85.0,83.9,85.0,83.9,85.0,85.0,83.9,82.7,83.9,85.0,87.4,86.2,86.2,82.7,79.1,76.8,75.6,85.0,87.4,89.8,87.4,86.2,88.6,87.4,83.9,85.0,85.0,80.3,81.5,80.3,80.3,80.3,80.3,75.6,74.4,75.6,76.8,76.8,78.0,82.7,81.5,83.9,81.5,78.0,79.1,80.3,81.5,83.9,86.2,83.9,82.7,82.7,80.3,79.1,82.7,85.0,83.9,82.7,85.0,85.0,85.0,88.6,89.8,92.1,88.6,88.6,83.9,87.4,86.2,89.8,89.8,92.1,90.9,90.9,92.1,92.1,94.5,99.2,101.6,100.4,103.9,108.7,106.3,96.9,100.4,102.8,103.9,98.0,99.2,94.5,89.8,93.3,94.5,99.2,98.0,96.9,96.9,96.9,95.7,92.1,92.1,93.3,93.3,92.1,88.6,93.3,96.9,89.8,100.4,102.8,102.8,108.7,106.3,105.1,102.8,100.4,103.9,108.7,108.7,105.1,103.9,105.1,102.8,105.1,101.6,98.0,101.6,103.9,105.1,99.2,95.7,95.7,95.7,92.1,93.3,90.9,88.6,94.5,88.6,89.8,86.2,90.9,92.1,92.1,87.4,85.0,85.0,85.0,83.9,82.7,83.9,88.6,81.5,80.3,81.5,81.5,81.5,81.5,82.7,80.3,82.7,82.7,83.9,85.0,85.0,87.4,86.2,81.5,81.5,82.7,85.0,88.6,89.8,89.8,86.2,85.0,87.4,95.7,96.9,88.6,92.1,94.5,90.9,90.9,92.1,93.3,89.8,92.1,89.8,89.8,88.6,86.2,85.0,82.7,85.0,87.4,86.2,85.0,94.5,90.9,92.1,89.8,95.7,99.2,99.2,101.6,89.8,81.5,81.5,85.0,92.1,89.8,80.3,78.0,75.6,76.8,76.8,76.8,74.4,69.7,69.7,69.7,70.9,72.0,67.3,70.9,70.9,70.9,72.0,75.6,74.4,74.4,72.0,67.3,63.8,66.1,65.0,65.0,67.3,72.0,74.4,75.6,72.0,70.9,68.5,65.0,60.2,66.1,65.0,66.1,68.5,67.3,70.9,72.0,70.9,69.7,66.1,62.6,63.8,70.9,73.2,72.0,68.5,67.3,68.5,70.9,70.9,73.2,73.2,73.2,70.9,69.7,70.9,72.0,72.0,68.5,69.7,68.5,70.9,72.0,66.1
70.9,70.9,68.5,69.7,68.5,67.3,69.7,70.9,72.0,72.0,72.0,69.7,70.9,69.7,70.9,72.0,73.2,74.4,72.0,72.0,73.2,69.7,68.5,67.3,68.5,67.3,68.5,68.5,70.9,72.0,68.5,70.9,70.9,73.2,70.9,74.4,73.2,74.4,69.7,76.8,70.9,70.9,68.5,69.7,70.9,72.0,72.0,75.6,74.4,76.8,78.0,75.6,73.2,74.4,74.4,75.6,75.6,78.0,76.8,76.8,76.8,78.0,75.6,75.6,76.8,79.1,79.1,79.1,78.0,80.3,80.3,83.9,85.0,87.4,87.4,83.9,86.2,83.9,82.7,83.9,81.5,85.0,82.7,83.9,88.6,86.2,86.2,86.2,86.2,85.0,85.0,86.2,86.2,81.5,79.1,82.7,88.6,89.8,85.0,89.8,90.9,87.4,86.2,82.7,86.2,82.7,86.2,80.3,79.1,79.1,81.5,82.7,80.3,79.1,75.6,79.1,82.7,83.9,83.9,85.0,85.0,83.9,81.5,80.3,82.7,83.9,86.2,87.4,83.9,83.9,82.7,85.0,82.7,80.3,82.7,85.0,85.0,87.4,87.4,89.8,90.9,94.5,93.3,89.8,92.1,89.8,86.2,88.6,86.2,90.9,93.3,94.5,92.1,93.3,92.1,99.2,100.4,96.9,99.2,105.1,105.1,102.8,99.2,99.2,100.4,106.3,101.6,90.9,85.0,90.9,99.2,93.3,96.9,95.7,95.7,98.0,94.5,94.5,93.3,93.3,95.7,99.2,93.3,92.1,92.1,95.7,93.3,99.2,101.6,105.1,109.8,107.5,107.5,108.7,114.6,112.2,108.7,107.5,106.3,106.3,103.9,105.1,100.4,96.9,99.2,100.4,98.0,98.0,94.5,96.9,95.7,92.1,92.1,89.8,94.5,95.7,93.3,89.8,88.6,86.2,98.0,94.5,90.9,88.6,85.0,87.4,87.4,92.1,92.1,89.8,90.9,81.5,81.5,80.3,80.3,81.5,80.3,80.3,81.5,82.7,81.5,82.7,83.9,85.0,85.0,82.7,80.3,80.3,81.5,80.3,83.9,87.4,85.0,85.0,86.2,82.7,83.9,88.6,87.4,87.4,92.1,92.1,94.5,87.4,88.6,87.4,87.4,87.4,87.4,86.2,83.9,81.5,82.7,82.7,82.7,86.2,87.4,94.5,90.9,86.2,85.0,88.6,95.7,94.5,96.9,90.9,87.4,89.8,88.6,82.7,78.0,78.0,74.4,75.6,72.0,70.9,70.9,70.9,68.5,66.1,67.3,70.9,70.9,68.5,70.9,68.5,68.5,72.0,76.8,73.2,70.9,72.0,67.3,66.1,68.5,65.0,63.8,67.3,70.9,76.8,75.6,73.2,70.9,72.0,65.0,61.4,67.3,67.3,66.1,68.5,66.1,67.3,74.4,75.6,74.4,68.5,63.8,66.1,68.5,69.7,69.7,67.3,68.5,68.5,69.7,69.7,72.0,73.2,72.0,70.9,69.7,72.0,73.2,70.9,70.9,70.9,69.7,70.9,70.9,69.7
72.0,72.0,73.2,72.0,72.0,73.2,72.0,70.9,69.7,67.3,70.9,73.2,70.9,68.5,69.7,70.9,69.7,73.2,69.7,72.0,70.9,70.9,73.2,68.5,69.7,69.7,70.9,70.9,69.7,70.9,66.1,73.2,72.0,72.0,73.2,75.6,74.4,74.4,66.1,70.9,72.0,69.7,68.5,70.9,72.0,68.5,75.6,79.1,81.5,75.6,73.2,72.0,74.4,75.6,72.0,73.2,76.8,75.6,74.4,76.8,78.0,82.7,74.4,74.4,78.0,79.1,82.7,85.0,76.8,82.7,82.7,83.9,82.7,83.9,86.2,85.0,85.0,85.0,81.5,81.5,82.7,82.7,79.1,78.0,82.7,85.0,87.4,87.4,86.2,87.4,87.4,83.9,83.9,83.9,79.1,75.6,92.1,87.4,81.5,92.1,88.6,83.9,85.0,78.0,86.2,83.9,87.4,85.0,82.7,82.7,81.5,78.0,78.0,79.1,78.0,79.1,92.1,85.0,87.4,89.8,87.4,83.9,81.5,83.9,87.4,89.8,87.4,85.0,83.9,83.9,86.2,82.7,82.7,85.0,86.2,87.4,87.4,92.1,87.4,88.6,86.2,92.1,88.6,88.6,95.7,99.2,94.5,95.7,94.5,96.9,99.2,94.5,89.8,88.6,89.8,96.9,99.2,98.0,94.5,102.8,101.6,99.2,100.4,100.4,100.4,107.5,101.6,87.4,82.7,90.9,98.0,98.0,95.7,94.5,92.1,94.5,100.4,98.0,100.4,99.2,101.6,99.2,88.6,100.4,98.0,107.5,99.2,99.2,102.8,114.6,113.4,111.0,111.0,107.5,115.7,120.5,111.0,118.1,111.0,112.2,109.8,107.5,101.6,100.4,100.4,102.8,98.0,98.0,94.5,96.9,94.5,96.9,94.5,92.1,94.5,95.7,88.6,88.6,89.8,88.6,92.1,88.6,86.2,89.8,90.9,89.8,92.1,90.9,92.1,94.5,93.3,81.5,81.5,80.3,81.5,82.7,80.3,81.5,79.1,80.3,81.5,80.3,81.5,81.5,80.3,80.3,79.1,78.0,79.1,80.3,81.5,82.7,76.8,81.5,85.0,82.7,82.7,85.0,78.0,86.2,82.7,86.2,86.2,83.9,83.9,85.0,86.2,83.9,85.0,86.2,79.1,79.1,80.3,81.5,80.3,80.3,82.7,88.6,87.4,78.0,81.5,85.0,86.2,90.9,88.6,81.5,83.9,80.3,85.0,76.8,72.0,72.0,72.0,73.2,73.2,70.9,72.0,70.9,67.3,62.6,65.0,68.5,72.0,67.3,67.3,69.7,69.7,70.9,70.9,72.0,66.1,70.9,75.6,68.5,65.0,63.8,66.1,66.1,65.0,69.7,81.5,74.4,73.2,70.9,66.1,63.8,66.1,69.7,69.7,66.1,65.0,63.8,63.8,69.7,68.5,66.1,66.1,69.7,72.0,69.7,67.3,65.0,67.3,72.0,69.7,69.7,70.9,70.9,67.3,68.5,72.0,73.2,73.2,73.2,73.2,72.0,70.9,70.9,72.0,73.2
70.9,70.9,72.0,68.5,69.7,73.2,74.4,70.9,67.3,68.5,72.0,72.0,70.9,68.5,69.7,69.7,69.7,68.5,69.7,70.9,72.0,73.2,74.4,69.7,63.8,70.9,74.4,72.0,70.9,70.9,68.5,76.8,75.6,73.2,76.8,78.0,78.0,78.0,69.7,69.7,75.6,68.5,70.9,74.4,72.0,74.4,79.1,80.3,80.3,76.8,73.2,73.2,75.6,78.0,75.6,75.6,78.0,74.4,74.4,75.6,80.3,82.7,76.8,74.4,76.8,76.8,86.2,82.7,76.8,80.3,82.7,83.9,86.2,87.4,86.2,86.2,87.4,79.1,82.7,85.0,80.3,82.7,82.7,80.3,82.7,82.7,88.6,87.4,88.6,86.2,88.6,87.4,82.7,83.9,82.7,85.0,85.0,82.7,87.4,87.4,83.9,88.6,87.4,82.7,85.0,89.8,87.4,92.1,90.9,90.9,85.0,82.7,80.3,81.5,75.6,82.7,92.1,92.1,87.4,92.1,90.9,87.4,87.4,92.1,92.1,94.5,93.3,88.6,89.8,88.6,87.4,85.0,86.2,90.9,92.1,92.1,89.8,89.8,92.1,93.3,92.1,90.9,89.8,93.3,100.4,98.0,95.7,106.3,102.8,100.4,100.4,98.0,99.2,94.5,92.1,99.2,101.6,101.6,100.4,98.0,102.8,98.0,100.4,99.2,105.1,102.8,111.0,92.1,95.7,98.0,96.9,95.7,99.2,100.4,99.2,108.7,107.5,106.3,107.5,107.5,106.3,109.8,96.9,100.4,105.1,107.5,101.6,109.8,113.4,113.4,113.4,118.1,115.7,114.6,122.8,120.5,118.1,126.4,119.3,116.9,113.4,106.3,105.1,103.9,102.8,99.2,100.4,95.7,92.1,92.1,94.5,95.7,90.9,90.9,93.3,96.9,90.9,87.4,87.4,88.6,86.2,87.4,85.0,90.9,94.5,96.9,92.1,89.8,89.8,93.3,85.0,80.3,80.3,81.5,82.7,81.5,80.3,79.1,80.3,81.5,80.3,79.1,75.6,75.6,82.7,80.3,80.3,79.1,79.1,80.3,82.7,80.3,76.8,80.3,81.5,81.5,81.5,81.5,83.9,85.0,85.0,86.2,83.9,81.5,85.0,83.9,83.9,82.7,83.9,79.1,78.0,78.0,79.1,81.5,82.7,79.1,79.1,83.9,80.3,75.6,88.6,86.2,86.2,86.2,86.2,78.0,74.4,65.0,99999.0,65.0,69.7,69.7,74.4,75.6,73.2,70.9,72.0,67.3,68.5,68.5,68.5,73.2,72.0,70.9,73.2,74.4,74.4,74.4,67.3,65.0,66.1,69.7,66.1,68.5,63.8,63.8,65.0,66.1,69.7,69.7,67.3,72.0,68.5,68.5,68.5,66.1,67.3,69.7,72.0,68.5,66.1,66.1,68.5,68.5,67.3,66.1,67.3,72.0,72.0,68.5,67.3,66.1,69.7,72.0,72.0,70.9,73.2,73.2,70.9,72.0,73.2,72.0,72.0,74.4,72.0,72.0,67.3,67.3,69.7,72.0
74.4,72.0,69.7,69.7,70.9,72.0,69.7,70.9,69.7,69.7,72.0,72.0,70.9,72.0,69.7,69.7,70.9,72.0,72.0,73.2,73.2,74.4,74.4,69.7,62.6,73.2,73.2,73.2,70.9,69.7,70.9,75.6,73.2,76.8,73.2,74.4,76.8,78.0,78.0,76.8,76.8,75.6,74.4,72.0,75.6,76.8,81.5,78.0,75.6,75.6,72.0,73.2,75.6,76.8,80.3,79.1,79.1,70.9,70.9,75.6,76.8,80.3,80.3,75.6,76.8,75.6,85.0,85.0,88.6,79.1,80.3,85.0,87.4,76.8,85.0,85.0,82.7,99999.0,88.6,82.7,79.1,74.4,80.3,80.3,79.1,83.9,83.9,86.2,86.2,83.9,86.2,90.9,82.7,85.0,83.9,93.3,88.6,87.4,92.1,87.4,86.2,87.4,89.8,85.0,82.7,89.8,94.5,93.3,89.8,88.6,87.4,86.2,88.6,88.6,88.6,93.3,93.3,92.1,93.3,92.1,95.7,92.1,90.9,93.3,95.7,98.0,99.2,98.0,96.9,95.7,93.3,94.5,94.5,98.0,101.6,102.8,100.4,96.9,96.9,95.7,95.7,99.2,95.7,99.2,102.8,103.9,107.5,109.8,105.1,106.3,102.8,102.8,98.0,99.2,95.7,99.2,82.7,106.3,100.4,98.0,102.8,105.1,101.6,100.4,109.8,109.8,112.2,87.4,101.6,95.7,102.8,99.2,100.4,107.5,113.4,116.9,115.7,114.6,111.0,113.4,112.2,107.5,103.9,101.6,108.7,105.1,106.3,118.1,118.1,115.7,120.5,116.9,115.7,122.8,125.2,119.3,111.0,118.1,120.5,114.6,112.2,112.2,107.5,103.9,102.8,100.4,99.2,103.9,95.7,94.5,94.5,96.9,92.1,93.3,98.0,90.9,88.6,90.9,85.0,80.3,86.2,88.6,89.8,89.8,94.5,89.8,90.9,89.8,94.5,89.8,83.9,82.7,80.3,82.7,82.7,80.3,80.3,79.1,76.8,79.1,79.1,79.1,76.8,76.8,80.3,79.1,79.1,78.0,79.1,81.5,81.5,80.3,73.2,79.1,78.0,79.1,80.3,81.5,82.7,83.9,81.5,85.0,85.0,86.2,87.4,85.0,81.5,75.6,76.8,76.8,74.4,75.6,78.0,79.1,78.0,79.1,79.1,78.0,75.6,74.4,74.4,80.3,83.9,79.1,74.4,70.9,72.0,68.5,67.3,67.3,72.0,76.8,78.0,80.3,73.2,66.1,69.7,73.2,78.0,72.0,73.2,74.4,73.2,75.6,73.2,75.6,76.8,78.0,72.0,66.1,63.8,63.8,67.3,65.0,66.1,65.0,66.1,69.7,69.7,67.3,65.0,66.1,66.1,65.0,68.5,68.5,68.5,75.6,75.6,70.9,68.5,65.0,68.5,68.5,66.1,65.0,68.5,72.0,70.9,69.7,68.5,69.7,73.2,73.2,72.0,72.0,74.4,73.2,73.2,74.4,73.2,73.2,73.2,73.2,70.9,68.5,67.3,69.7,70.9,70.9
72.0,72.0,72.0,73.2,70.9,67.3,70.9,73.2,70.9,73.2,72.0,73.2,75.6,74.4,68.5,72.0,74.4,72.0,74.4,78.0,76.8,78.0,76.8,67.3,68.5,73.2,75.6,75.6,73.2,72.0,75.6,76.8,76.8,74.4,75.6,78.0,78.0,78.0,78.0,75.6,76.8,76.8,75.6,75.6,73.2,80.3,80.3,76.8,74.4,72.0,70.9,75.6,75.6,73.2,75.6,78.0,85.0,81.5,74.4,76.8,82.7,79.1,73.2,74.4,73.2,74.4,75.6,79.1,82.7,83.9,73.2,79.1,94.5,79.1,82.7,76.8,81.5,99999.0,76.8,76.8,73.2,76.8,83.9,83.9,81.5,94.5,95.7,88.6,85.0,78.0,90.9,90.9,83.9,93.3,93.3,92.1,95.7,93.3,101.6,80.3,90.9,99999.0,95.7,95.7,94.5,96.9,101.6,96.9,94.5,94.5,93.3,92.1,93.3,96.9,94.5,93.3,98.0,98.0,94.5,93.3,94.5,94.5,98.0,100.4,100.4,100.4,105.1,100.4,100.4,100.4,101.6,101.6,100.4,102.8,106.3,109.8,109.8,108.7,108.7,100.4,100.4,101.6,100.4,107.5,105.1,101.6,107.5,107.5,103.9,109.8,102.8,103.9,101.6,95.7,102.8,109.8,107.5,112.2,106.3,103.9,102.8,102.8,102.8,101.6,112.2,108.7,103.9,102.8,111.0,100.4,103.9,99.2,99.2,102.8,114.6,114.6,124.0,120.5,116.9,116.9,119.3,113.4,112.2,106.3,112.2,111.0,111.0,121.7,122.8,113.4,113.4,112.2,103.9,120.5,125.2,128.7,126.4,121.7,112.2,108.7,111.0,111.0,107.5,105.1,107.5,107.5,106.3,105.1,101.6,99.2,96.9,98.0,96.9,95.7,94.5,93.3,94.5,90.9,83.9,79.1,86.2,83.9,85.0,92.1,92.1,93.3,93.3,93.3,95.7,82.7,81.5,81.5,79.1,80.3,80.3,79.1,79.1,76.8,76.8,78.0,78.0,79.1,79.1,79.1,79.1,78.0,76.8,76.8,78.0,81.5,81.5,78.0,76.8,79.1,79.1,81.5,81.5,81.5,82.7,81.5,81.5,82.7,87.4,87.4,86.2,82.7,79.1,79.1,80.3,75.6,76.8,78.0,80.3,79.1,79.1,80.3,76.8,76.8,75.6,69.7,72.0,74.4,74.4,78.0,70.9,73.2,72.0,68.5,65.0,72.0,83.9,85.0,81.5,78.0,67.3,68.5,67.3,76.8,72.0,67.3,75.6,75.6,73.2,76.8,78.0,79.1,74.4,72.0,70.9,67.3,67.3,66.1,63.8,68.5,68.5,65.0,69.7,72.0,73.2,73.2,66.1,67.3,66.1,66.1,67.3,68.5,69.7,74.4,75.6,73.2,72.0,70.9,72.0,70.9,69.7,68.5,69.7,73.2,73.2,69.7,70.9,73.2,73.2,74.4,75.6,73.2,70.9,72.0,73.2,74.4,72.0,73.2,74.4,73.2,73.2,72.0,70.9,73.2,72.0,69.7
70.9,72.0,73.2,72.0,69.7,70.9,70.9,72.0,73.2,73.2,73.2,69.7,70.9,73.2,72.0,72.0,74.4,75.6,76.8,76.8,76.8,76.8,78.0,73.2,73.2,74.4,78.0,76.8,74.4,74.4,75.6,76.8,76.8,75.6,79.1,79.1,79.1,76.8,75.6,76.8,76.8,73.2,74.4,76.8,75.6,75.6,76.8,74.4,74.4,73.2,74.4,76.8,78.0,75.6,75.6,78.0,80.3,76.8,79.1,88.6,90.9,85.0,70.9,74.4,75.6,81.5,83.9,79.1,80.3,83.9,82.7,87.4,81.5,81.5,82.7,80.3,81.5,81.5,72.0,72.0,78.0,86.2,82.7,80.3,87.4,96.9,99.2,93.3,73.2,79.1,85.0,86.2,94.5,102.8,95.7,96.9,102.8,98.0,105.1,103.9,92.1,92.1,95.7,95.7,93.3,107.5,102.8,100.4,96.9,98.0,98.0,99.2,100.4,99.2,101.6,99.2,100.4,103.9,105.1,102.8,102.8,94.5,96.9,102.8,102.8,105.1,109.8,103.9,102.8,101.6,105.1,106.3,103.9,108.7,111.0,114.6,121.7,120.5,111.0,107.5,109.8,105.1,106.3,107.5,107.5,108.7,114.6,114.6,109.8,108.7,112.2,108.7,99.2,102.8,103.9,108.7,111.0,112.2,108.7,107.5,106.3,105.1,103.9,101.6,105.1,107.5,107.5,111.0,111.0,112.2,112.2,100.4,101.6,109.8,111.0,116.9,120.5,115.7,119.3,122.8,118.1,118.1,115.7,112.2,121.7,114.6,113.4,120.5,119.3,118.1,111.0,114.6,103.9,131.1,131.1,132.3,124.0,113.4,114.6,113.4,112.2,111.0,107.5,109.8,112.2,111.0,109.8,102.8,105.1,101.6,100.4,100.4,101.6,101.6,96.9,96.9,95.7,90.9,99999.0,80.3,88.6,93.3,94.5,96.9,95.7,95.7,99.2,95.7,87.4,81.5,82.7,81.5,80.3,80.3,80.3,79.1,78.0,78.0,78.0,79.1,79.1,80.3,80.3,80.3,80.3,80.3,79.1,78.0,79.1,82.7,80.3,78.0,78.0,79.1,80.3,81.5,81.5,81.5,80.3,80.3,81.5,83.9,85.0,86.2,82.7,81.5,79.1,74.4,78.0,75.6,78.0,79.1,80.3,79.1,80.3,78.0,74.4,73.2,73.2,72.0,69.7,76.8,73.2,73.2,73.2,68.5,72.0,68.5,68.5,80.3,78.0,66.1,76.8,75.6,62.6,63.8,69.7,73.2,68.5,67.3,74.4,73.2,76.8,81.5,79.1,81.5,76.8,75.6,74.4,69.7,68.5,67.3,67.3,67.3,68.5,67.3,69.7,73.2,76.8,72.0,68.5,67.3,68.5,66.1,67.3,68.5,73.2,73.2,72.0,69.7,68.5,72.0,70.9,70.9,70.9,70.9,69.7,74.4,70.9,67.3,69.7,69.7,70.9,70.9,70.9,72.0,72.0,72.0,74.4,74.4,72.0,70.9,73.2,73.2,74.4,72.0,70.9,72.0,70.9,70.9
70.9,70.9,72.0,70.9,69.7,72.0,73.2,73.2,72.0,72.0,73.2,70.9,73.2,74.4,72.0,69.7,72.0,74.4,75.6,75.6,75.6,76.8,75.6,75.6,74.4,76.8,78.0,74.4,73.2,72.0,75.6,78.0,76.8,78.0,79.1,79.1,80.3,75.6,74.4,74.4,75.6,74.4,73.2,75.6,73.2,75.6,75.6,76.8,79.1,75.6,76.8,78.0,78.0,79.1,76.8,82.7,76.8,79.1,83.9,92.1,92.1,88.6,76.8,80.3,86.2,89.8,89.8,83.9,81.5,80.3,85.0,83.9,86.2,83.9,86.2,79.1,75.6,81.5,79.1,80.3,92.1,93.3,90.9,89.8,90.9,93.3,99.2,98.0,83.9,85.0,88.6,89.8,94.5,95.7,102.8,101.6,107.5,100.4,111.0,109.8,93.3,95.7,102.8,107.5,102.8,111.0,103.9,103.9,102.8,102.8,103.9,100.4,102.8,105.1,105.1,100.4,102.8,109.8,107.5,112.2,109.8,99.2,102.8,107.5,105.1,108.7,108.7,109.8,103.9,106.3,108.7,109.8,111.0,114.6,115.7,116.9,121.7,116.9,112.2,111.0,113.4,113.4,114.6,114.6,111.0,116.9,119.3,116.9,108.7,108.7,108.7,106.3,108.7,113.4,112.2,109.8,109.8,109.8,112.2,112.2,108.7,106.3,107.5,103.9,109.8,115.7,121.7,119.3,118.1,112.2,111.0,113.4,114.6,113.4,115.7,118.1,120.5,116.9,119.3,120.5,119.3,120.5,119.3,120.5,120.5,99999.0,106.3,109.8,108.7,121.7,116.9,99999.0,99999.0,125.2,122.8,128.7,124.0,115.7,114.6,113.4,112.2,109.8,107.5,109.8,112.2,115.7,111.0,103.9,106.3,100.4,99.2,96.9,101.6,101.6,98.0,98.0,100.4,96.9,96.9,92.1,95.7,100.4,99.2,96.9,96.9,94.5,95.7,92.1,81.5,81.5,81.5,80.3,80.3,80.3,79.1,79.1,79.1,79.1,79.1,78.0,79.1,78.0,78.0,79.1,79.1,78.0,78.0,79.1,82.7,83.9,83.9,80.3,78.0,78.0,80.3,82.7,80.3,80.3,82.7,83.9,83.9,83.9,85.0,85.0,83.9,81.5,79.1,79.1,81.5,82.7,80.3,81.5,80.3,80.3,79.1,75.6,75.6,73.2,75.6,75.6,74.4,75.6,78.0,74.4,70.9,73.2,74.4,75.6,73.2,78.0,68.5,65.0,69.7,65.0,66.1,65.0,63.8,70.9,68.5,73.2,73.2,74.4,82.7,79.1,83.9,83.9,76.8,82.7,76.8,70.9,69.7,70.9,70.9,69.7,73.2,69.7,72.0,73.2,69.7,70.9,69.7,69.7,68.5,69.7,68.5,70.9,76.8,74.4,74.4,69.7,70.9,69.7,69.7,70.9,69.7,70.9,72.0,73.2,69.7,69.7,69.7,70.9,70.9,70.9,69.7,70.9,70.9,72.0,72.0,70.9,69.7,69.7,69.7,69.7,72.0,72.0,70.9,70.9,68.5,69.7
72.0,70.9,70.9,69.7,70.9,73.2,74.4,73.2,72.0,72.0,72.0,73.2,73.2,72.0,70.9,73.2,72.0,73.2,74.4,75.6,75.6,75.6,73.2,75.6,75.6,75.6,74.4,73.2,74.4,76.8,78.0,79.1,76.8,76.8,78.0,81.5,79.1,75.6,76.8,75.6,74.4,74.4,78.0,79.1,75.6,76.8,75.6,76.8,76.8,76.8,79.1,79.1,80.3,78.0,78.0,82.7,83.9,83.9,82.7,83.9,95.7,93.3,88.6,87.4,85.0,88.6,83.9,82.7,85.0,85.0,98.0,96.9,95.7,87.4,82.7,81.5,81.5,82.7,94.5,100.4,103.9,100.4,94.5,98.0,102.8,100.4,95.7,102.8,90.9,89.8,92.1,92.1,101.6,94.5,107.5,107.5,105.1,109.8,109.8,108.7,102.8,93.3,109.8,116.9,115.7,108.7,109.8,107.5,101.6,106.3,107.5,102.8,106.3,109.8,100.4,102.8,103.9,120.5,114.6,119.3,112.2,111.0,113.4,108.7,109.8,111.0,109.8,109.8,111.0,113.4,112.2,113.4,115.7,118.1,118.1,124.0,124.0,116.9,114.6,113.4,115.7,115.7,119.3,120.5,121.7,126.4,128.7,124.0,118.1,109.8,108.7,108.7,112.2,113.4,113.4,114.6,114.6,112.2,113.4,111.0,108.7,108.7,111.0,113.4,115.7,126.4,125.2,121.7,122.8,116.9,114.6,115.7,121.7,120.5,120.5,118.1,118.1,119.3,118.1,119.3,119.3,118.1,119.3,116.9,118.1,124.0,125.2,121.7,99999.0,128.7,120.5,124.0,132.3,122.8,122.8,116.9,120.5,118.1,118.1,115.7,114.6,119.3,115.7,118.1,118.1,115.7,111.0,112.2,109.8,101.6,98.0,98.0,96.9,99.2,100.4,102.8,99.2,98.0,99.2,98.0,95.7,101.6,101.6,94.5,90.9,87.4,89.8,81.5,81.5,81.5,81.5,81.5,80.3,81.5,80.3,79.1,80.3,81.5,80.3,79.1,79.1,78.0,76.8,76.8,78.0,78.0,78.0,79.1,81.5,82.7,82.7,81.5,79.1,76.8,78.0,80.3,80.3,80.3,82.7,83.9,83.9,83.9,85.0,85.0,81.5,82.7,81.5,82.7,83.9,82.7,81.5,80.3,82.7,80.3,79.1,75.6,72.0,73.2,78.0,74.4,73.2,78.0,81.5,79.1,73.2,72.0,74.4,73.2,72.0,68.5,88.6,66.1,63.8,61.4,65.0,62.6,63.8,80.3,72.0,68.5,80.3,82.7,88.6,83.9,83.9,83.9,81.5,86.2,81.5,75.6,74.4,72.0,73.2,70.9,68.5,68.5,70.9,73.2,75.6,68.5,72.0,73.2,72.0,70.9,68.5,72.0,75.6,75.6,68.5,68.5,70.9,72.0,73.2,69.7,70.9,72.0,74.4,72.0,68.5,70.9,70.9,72.0,70.9,70.9,69.7,70.9,69.7,73.2,74.4,73.2,69.7,69.7,70.9,72.0,72.0,68.5,70.9,67.3,68.5,70.9
69.7,70.9,70.9,67.3,69.7,73.2,74.4,74.4,72.0,72.0,73.2,73.2,73.2,72.0,73.2,73.2,73.2,74.4,74.4,74.4,75.6,74.4,74.4,74.4,75.6,75.6,75.6,75.6,75.6,76.8,79.1,78.0,75.6,75.6,78.0,79.1,79.1,76.8,76.8,75.6,78.0,76.8,78.0,78.0,78.0,78.0,78.0,78.0,76.8,78.0,81.5,81.5,81.5,82.7,83.9,85.0,80.3,82.7,86.2,88.6,90.9,95.7,93.3,88.6,86.2,90.9,83.9,85.0,80.3,82.7,94.5,86.2,96.9,93.3,90.9,90.9,100.4,93.3,96.9,90.9,96.9,95.7,96.9,85.0,94.5,99.2,96.9,102.8,86.2,92.1,94.5,95.7,89.8,89.8,93.3,107.5,105.1,112.2,114.6,106.3,107.5,101.6,115.7,124.0,113.4,112.2,108.7,113.4,112.2,112.2,114.6,112.2,114.6,114.6,109.8,109.8,108.7,119.3,121.7,121.7,120.5,119.3,119.3,115.7,120.5,111.0,115.7,114.6,115.7,118.1,115.7,118.1,120.5,120.5,120.5,124.0,124.0,114.6,114.6,116.9,116.9,120.5,121.7,125.2,122.8,126.4,128.7,122.8,120.5,118.1,115.7,114.6,118.1,116.9,120.5,118.1,124.0,122.8,119.3,111.0,112.2,111.0,119.3,116.9,119.3,121.7,122.8,125.2,125.2,121.7,119.3,121.7,122.8,125.2,127.6,131.1,129.9,122.8,120.5,119.3,125.2,122.8,122.8,124.0,125.2,127.6,126.4,125.2,125.2,99999.0,99999.0,122.8,99999.0,115.7,124.0,118.1,124.0,120.5,120.5,118.1,120.5,127.6,127.6,125.2,124.0,118.1,113.4,103.9,107.5,96.9,99.2,105.1,128.7,107.5,100.4,111.0,103.9,102.8,103.9,102.8,100.4,98.0,98.0,98.0,92.1,87.4,82.7,81.5,81.5,82.7,81.5,81.5,81.5,81.5,81.5,81.5,82.7,83.9,81.5,80.3,79.1,78.0,78.0,79.1,79.1,79.1,78.0,79.1,80.3,82.7,81.5,81.5,79.1,78.0,78.0,79.1,79.1,80.3,82.7,85.0,85.0,83.9,86.2,82.7,81.5,80.3,82.7,85.0,87.4,85.0,82.7,82.7,83.9,82.7,80.3,75.6,72.0,74.4,78.0,79.1,80.3,79.1,79.1,78.0,79.1,73.2,73.2,74.4,72.0,70.9,63.8,68.5,72.0,68.5,78.0,74.4,78.0,70.9,75.6,76.8,86.2,89.8,90.9,85.0,83.9,83.9,83.9,82.7,81.5,78.0,74.4,82.7,80.3,69.7,68.5,68.5,68.5,69.7,67.3,68.5,70.9,70.9,72.0,68.5,69.7,74.4,74.4,70.9,68.5,67.3,72.0,75.6,75.6,69.7,69.7,72.0,73.2,69.7,66.1,73.2,72.0,72.0,73.2,73.2,73.2,70.9,74.4,74.4,73.2,72.0,72.0,72.0,70.9,72.0,70.9,68.5,72.0,69.7,68.5,72.0
70.9,70.9,69.7,68.5,70.9,73.2,75.6,74.4,72.0,73.2,74.4,74.4,72.0,72.0,72.0,73.2,73.2,73.2,74.4,73.2,73.2,73.2,73.2,73.2,74.4,76.8,75.6,75.6,76.8,78.0,76.8,76.8,76.8,76.8,78.0,79.1,78.0,79.1,76.8,78.0,78.0,76.8,78.0,78.0,79.1,80.3,78.0,75.6,75.6,78.0,79.1,82.7,85.0,83.9,86.2,85.0,81.5,83.9,86.2,88.6,94.5,90.9,88.6,92.1,90.9,90.9,80.3,82.7,81.5,86.2,95.7,89.8,103.9,89.8,80.3,93.3,92.1,90.9,92.1,98.0,102.8,89.8,87.4,87.4,106.3,103.9,85.0,99999.0,95.7,93.3,101.6,103.9,99.2,93.3,108.7,118.1,108.7,102.8,119.3,119.3,116.9,99999.0,124.0,116.9,115.7,108.7,111.0,111.0,114.6,119.3,118.1,119.3,114.6,115.7,112.2,126.4,120.5,124.0,121.7,126.4,124.0,124.0,124.0,120.5,125.2,120.5,121.7,116.9,119.3,120.5,118.1,122.8,122.8,121.7,122.8,124.0,121.7,119.3,119.3,119.3,121.7,124.0,122.8,122.8,125.2,126.4,124.0,124.0,119.3,119.3,116.9,120.5,122.8,121.7,126.4,129.9,132.3,124.0,118.1,114.6,119.3,122.8,119.3,119.3,120.5,122.8,122.8,127.6,126.4,122.8,121.7,124.0,128.7,129.9,132.3,133.5,128.7,141.7,120.5,121.7,126.4,121.7,126.4,127.6,131.1,128.7,126.4,122.8,118.1,116.9,99999.0,99999.0,99999.0,116.9,115.7,126.4,132.3,126.4,125.2,120.5,124.0,132.3,129.9,125.2,125.2,113.4,111.0,108.7,101.6,101.6,106.3,105.1,109.8,103.9,101.6,103.9,105.1,109.8,112.2,108.7,105.1,99.2,98.0,90.9,86.2,85.0,82.7,81.5,82.7,82.7,81.5,81.5,82.7,82.7,81.5,81.5,80.3,81.5,81.5,80.3,79.1,79.1,78.0,80.3,79.1,79.1,78.0,79.1,81.5,81.5,79.1,79.1,80.3,80.3,79.1,80.3,81.5,82.7,85.0,85.0,83.9,86.2,85.0,83.9,83.9,82.7,83.9,85.0,87.4,86.2,85.0,85.0,85.0,83.9,82.7,76.8,78.0,78.0,82.7,79.1,82.7,74.4,86.2,79.1,76.8,75.6,74.4,78.0,72.0,70.9,68.5,70.9,87.4,85.0,82.7,81.5,75.6,75.6,83.9,83.9,87.4,89.8,94.5,89.8,82.7,81.5,81.5,81.5,82.7,81.5,73.2,78.0,76.8,67.3,67.3,72.0,75.6,72.0,69.7,69.7,72.0,72.0,69.7,68.5,68.5,75.6,70.9,67.3,68.5,69.7,72.0,74.4,73.2,72.0,72.0,72.0,75.6,70.9,73.2,73.2,73.2,73.2,74.4,72.0,73.2,70.9,76.8,76.8,73.2,72.0,73.2,73.2,69.7,70.9,68.5,72.0,73.2,72.0,70.9,70.9
74.4,73.2,68.5,70.9,72.0,73.2,73.2,72.0,74.4,72.0,73.2,73.2,73.2,74.4,73.2,73.2,73.2,73.2,73.2,73.2,74.4,74.4,73.2,72.0,74.4,76.8,74.4,74.4,76.8,76.8,76.8,76.8,75.6,76.8,78.0,78.0,78.0,79.1,79.1,79.1,79.1,78.0,78.0,78.0,80.3,79.1,78.0,76.8,78.0,80.3,81.5,81.5,82.7,83.9,86.2,85.0,83.9,82.7,85.0,89.8,88.6,86.2,87.4,87.4,85.0,83.9,82.7,81.5,83.9,83.9,81.5,87.4,90.9,94.5,86.2,81.5,87.4,89.8,88.6,90.9,92.1,88.6,78.0,89.8,98.0,94.5,93.3,100.4,90.9,101.6,98.0,101.6,106.3,109.8,124.0,131.1,103.9,99999.0,122.8,99999.0,99999.0,120.5,135.8,127.6,118.1,114.6,116.9,115.7,121.7,125.2,127.6,126.4,120.5,120.5,122.8,128.7,129.9,132.3,134.6,133.5,131.1,128.7,132.3,134.6,132.3,132.3,125.2,126.4,127.6,122.8,125.2,125.2,125.2,125.2,124.0,126.4,124.0,120.5,121.7,120.5,126.4,127.6,126.4,125.2,125.2,126.4,126.4,125.2,122.8,124.0,127.6,125.2,125.2,125.2,129.9,128.7,135.8,128.7,125.2,119.3,131.1,129.9,128.7,125.2,125.2,125.2,128.7,129.9,127.6,122.8,125.2,126.4,131.1,132.3,134.6,133.5,132.3,133.5,126.4,127.6,127.6,127.6,129.9,128.7,132.3,131.1,127.6,124.0,124.0,118.1,99999.0,99999.0,99999.0,122.8,127.6,127.6,138.2,133.5,128.7,124.0,135.8,146.5,145.3,127.6,116.9,103.9,112.2,115.7,108.7,102.8,124.0,113.4,106.3,105.1,107.5,102.8,105.1,107.5,114.6,108.7,105.1,96.9,87.4,87.4,85.0,83.9,82.7,82.7,83.9,82.7,81.5,81.5,82.7,81.5,81.5,79.1,79.1,80.3,80.3,80.3,79.1,80.3,79.1,79.1,78.0,76.8,78.0,80.3,82.7,82.7,81.5,80.3,80.3,80.3,81.5,81.5,83.9,86.2,85.0,83.9,83.9,83.9,85.0,85.0,87.4,86.2,88.6,86.2,86.2,86.2,85.0,85.0,86.2,81.5,80.3,80.3,80.3,81.5,83.9,83.9,85.0,88.6,85.0,78.0,78.0,69.7,73.2,78.0,69.7,68.5,69.7,78.0,81.5,86.2,82.7,74.4,74.4,80.3,82.7,80.3,74.4,89.8,83.9,82.7,86.2,83.9,81.5,83.9,79.1,80.3,74.4,74.4,72.0,65.0,66.1,69.7,72.0,73.2,74.4,76.8,74.4,75.6,68.5,67.3,72.0,73.2,69.7,70.9,72.0,73.2,74.4,73.2,73.2,74.4,72.0,75.6,78.0,70.9,72.0,72.0,70.9,72.0,72.0,70.9,70.9,74.4,73.2,73.2,73.2,73.2,73.2,73.2,70.9,70.9,69.7,73.2,75.6,74.4,73.2,74.4
76.8,74.4,72.0,69.7,72.0,74.4,73.2,72.0,73.2,73.2,74.4,74.4,74.4,75.6,74.4,73.2,73.2,73.2,75.6,74.4,74.4,74.4,73.2,73.2,75.6,75.6,75.6,75.6,76.8,76.8,76.8,76.8,76.8,76.8,78.0,76.8,76.8,78.0,79.1,80.3,79.1,78.0,78.0,79.1,79.1,78.0,78.0,76.8,79.1,81.5,81.5,81.5,81.5,83.9,85.0,85.0,85.0,83.9,85.0,88.6,88.6,85.0,86.2,85.0,82.7,81.5,81.5,82.7,86.2,86.2,86.2,85.0,85.0,87.4,88.6,83.9,85.0,83.9,82.7,76.8,86.2,89.8,96.9,98.0,105.1,102.8,99.2,102.8,92.1,92.1,93.3,101.6,112.2,115.7,119.3,126.4,140.6,137.0,141.7,142.9,99999.0,116.9,153.5,139.4,125.2,119.3,121.7,121.7,125.2,129.9,129.9,137.0,127.6,125.2,134.6,139.4,139.4,144.1,141.7,140.6,138.2,138.2,142.9,144.1,144.1,135.8,133.5,133.5,135.8,133.5,135.8,141.7,133.5,128.7,128.7,127.6,125.2,121.7,120.5,121.7,125.2,126.4,124.0,124.0,125.2,126.4,129.9,126.4,125.2,126.4,132.3,135.8,131.1,129.9,131.1,133.5,138.2,133.5,133.5,132.3,139.4,139.4,134.6,132.3,131.1,129.9,133.5,138.2,131.1,127.6,127.6,127.6,127.6,132.3,135.8,135.8,135.8,134.6,132.3,133.5,131.1,134.6,138.2,135.8,138.2,138.2,134.6,129.9,127.6,119.3,99999.0,129.9,128.7,126.4,139.4,135.8,139.4,134.6,122.8,127.6,138.2,145.3,135.8,138.2,124.0,106.3,115.7,109.8,108.7,120.5,133.5,120.5,103.9,106.3,114.6,105.1,102.8,109.8,112.2,103.9,103.9,94.5,88.6,86.2,85.0,83.9,82.7,83.9,83.9,81.5,81.5,80.3,80.3,79.1,79.1,79.1,76.8,79.1,80.3,79.1,78.0,79.1,79.1,78.0,76.8,76.8,76.8,79.1,81.5,81.5,81.5,81.5,81.5,80.3,80.3,79.1,82.7,87.4,85.0,85.0,83.9,83.9,83.9,85.0,83.9,87.4,87.4,87.4,87.4,87.4,83.9,85.0,82.7,80.3,81.5,80.3,81.5,85.0,85.0,83.9,93.3,93.3,88.6,81.5,83.9,78.0,80.3,80.3,70.9,68.5,67.3,80.3,80.3,85.0,79.1,81.5,75.6,85.0,89.8,87.4,89.8,94.5,86.2,85.0,82.7,83.9,85.0,78.0,75.6,74.4,74.4,70.9,67.3,65.0,63.8,69.7,73.2,69.7,72.0,76.8,75.6,80.3,74.4,68.5,69.7,69.7,72.0,70.9,69.7,74.4,75.6,73.2,72.0,73.2,72.0,74.4,76.8,69.7,69.7,72.0,72.0,72.0,70.9,69.7,69.7,75.6,74.4,74.4,74.4,76.8,76.8,75.6,72.0,69.7,72.0,74.4,74.4,74.4,74.4,74.4
76.8,75.6,73.2,73.2,74.4,75.6,74.4,72.0,73.2,74.4,74.4,75.6,75.6,75.6,75.6,74.4,73.2,74.4,75.6,74.4,75.6,75.6,74.4,74.4,75.6,76.8,78.0,76.8,76.8,79.1,76.8,76.8,76.8,78.0,78.0,78.0,76.8,78.0,79.1,78.0,78.0,78.0,76.8,78.0,80.3,79.1,79.1,79.1,80.3,81.5,81.5,82.7,81.5,83.9,83.9,86.2,85.0,85.0,86.2,88.6,85.0,85.0,85.0,86.2,83.9,79.1,81.5,83.9,85.0,92.1,89.8,80.3,74.4,80.3,89.8,85.0,85.0,86.2,83.9,82.7,88.6,86.2,96.9,102.8,108.7,106.3,94.5,92.1,100.4,109.8,88.6,105.1,137.0,135.8,133.5,120.5,133.5,134.6,140.6,148.8,134.6,133.5,152.4,146.5,137.0,131.1,129.9,131.1,131.1,135.8,137.0,142.9,138.2,131.1,138.2,145.3,153.5,151.2,152.4,141.7,140.6,140.6,147.6,148.8,157.1,157.1,148.8,142.9,137.0,139.4,145.3,138.2,139.4,129.9,127.6,126.4,124.0,125.2,124.0,128.7,132.3,128.7,126.4,129.9,132.3,138.2,138.2,129.9,131.1,133.5,140.6,146.5,138.2,137.0,134.6,137.0,142.9,140.6,140.6,141.7,148.8,141.7,140.6,140.6,140.6,142.9,138.2,139.4,137.0,132.3,132.3,128.7,133.5,134.6,134.6,138.2,144.1,135.8,137.0,139.4,135.8,139.4,140.6,141.7,141.7,140.6,134.6,129.9,134.6,125.2,99999.0,99999.0,134.6,140.6,158.3,139.4,152.4,132.3,131.1,139.4,151.2,140.6,131.1,138.2,122.8,120.5,116.9,113.4,119.3,121.7,115.7,129.9,120.5,111.0,111.0,115.7,111.0,118.1,108.7,105.1,95.7,88.6,86.2,88.6,88.6,86.2,85.0,85.0,85.0,83.9,82.7,81.5,80.3,80.3,80.3,78.0,78.0,80.3,81.5,80.3,78.0,78.0,78.0,79.1,76.8,75.6,78.0,79.1,79.1,79.1,80.3,79.1,80.3,81.5,79.1,79.1,81.5,86.2,85.0,83.9,81.5,81.5,83.9,85.0,83.9,82.7,87.4,87.4,87.4,86.2,85.0,83.9,81.5,83.9,82.7,80.3,83.9,86.2,90.9,88.6,89.8,94.5,89.8,82.7,89.8,82.7,88.6,87.4,78.0,69.7,69.7,78.0,78.0,79.1,81.5,78.0,81.5,86.2,93.3,89.8,87.4,93.3,98.0,85.0,81.5,82.7,79.1,76.8,74.4,73.2,78.0,72.0,74.4,66.1,63.8,67.3,78.0,75.6,75.6,73.2,69.7,73.2,69.7,70.9,69.7,70.9,70.9,73.2,72.0,75.6,68.5,69.7,70.9,70.9,70.9,75.6,74.4,67.3,68.5,73.2,73.2,73.2,73.2,74.4,73.2,73.2,73.2,70.9,74.4,76.8,76.8,73.2,73.2,72.0,73.2,75.6,74.4,74.4,73.2,74.4
78.0,75.6,76.8,75.6,76.8,76.8,74.4,72.0,72.0,74.4,74.4,73.2,74.4,75.6,76.8,76.8,76.8,76.8,78.0,75.6,75.6,75.6,75.6,75.6,75.6,76.8,76.8,78.0,78.0,78.0,78.0,78.0,78.0,79.1,79.1,78.0,79.1,79.1,80.3,79.1,78.0,76.8,75.6,78.0,80.3,80.3,80.3,81.5,81.5,81.5,82.7,82.7,82.7,81.5,85.0,86.2,85.0,87.4,87.4,89.8,86.2,86.2,83.9,86.2,87.4,82.7,83.9,89.8,89.8,92.1,92.1,80.3,80.3,83.9,96.9,86.2,90.9,94.5,85.0,88.6,90.9,90.9,98.0,99.2,106.3,94.5,92.1,98.0,105.1,101.6,121.7,121.7,131.1,133.5,139.4,127.6,126.4,135.8,129.9,111.0,131.1,140.6,155.9,154.7,144.1,141.7,137.0,132.3,134.6,134.6,140.6,146.5,140.6,131.1,144.1,151.2,150.0,153.5,159.4,146.5,142.9,152.4,154.7,159.4,154.7,166.5,154.7,147.6,145.3,150.0,155.9,144.1,142.9,128.7,129.9,132.3,129.9,128.7,126.4,132.3,133.5,128.7,126.4,129.9,131.1,134.6,133.5,132.3,138.2,133.5,146.5,141.7,137.0,144.1,145.3,142.9,137.0,139.4,142.9,145.3,150.0,146.5,144.1,145.3,145.3,147.6,151.2,146.5,139.4,138.2,141.7,139.4,141.7,140.6,138.2,145.3,151.2,140.6,145.3,146.5,142.9,147.6,145.3,146.5,142.9,141.7,152.4,144.1,140.6,139.4,99999.0,99999.0,99999.0,99999.0,164.2,161.8,164.2,148.8,134.6,151.2,154.7,150.0,148.8,142.9,133.5,125.2,120.5,122.8,127.6,125.2,137.0,142.9,151.2,120.5,122.8,116.9,111.0,109.8,103.9,103.9,90.9,88.6,88.6,90.9,88.6,87.4,86.2,86.2,85.0,83.9,82.7,82.7,81.5,80.3,79.1,79.1,79.1,81.5,82.7,80.3,76.8,78.0,79.1,78.0,75.6,75.6,76.8,78.0,76.8,75.6,76.8,80.3,79.1,79.1,78.0,80.3,81.5,85.0,85.0,80.3,79.1,81.5,83.9,86.2,86.2,85.0,85.0,86.2,86.2,85.0,83.9,85.0,83.9,82.7,79.1,82.7,86.2,92.1,93.3,90.9,94.5,93.3,89.8,93.3,93.3,93.3,95.7,96.9,80.3,75.6,78.0,76.8,70.9,72.0,73.2,79.1,75.6,82.7,93.3,93.3,88.6,90.9,92.1,86.2,81.5,83.9,83.9,85.0,86.2,80.3,80.3,74.4,69.7,65.0,62.6,70.9,75.6,69.7,70.9,68.5,68.5,70.9,72.0,72.0,68.5,72.0,73.2,67.3,70.9,74.4,69.7,70.9,69.7,69.7,68.5,72.0,72.0,67.3,67.3,69.7,72.0,74.4,73.2,73.2,70.9,72.0,69.7,69.7,74.4,74.4,74.4,70.9,72.0,73.2,75.6,76.8,73.2,73.2,74.4,78.0
73.2,74.4,72.0,72.0,75.6,74.4,74.4,74.4,74.4,74.4,74.4,73.2,74.4,76.8,75.6,76.8,76.8,76.8,78.0,78.0,76.8,74.4,75.6,76.8,78.0,78.0,78.0,78.0,79.1,79.1,78.0,78.0,79.1,80.3,79.1,79.1,80.3,81.5,83.9,81.5,79.1,76.8,76.8,80.3,79.1,79.1,81.5,83.9,85.0,85.0,85.0,81.5,81.5,83.9,85.0,86.2,83.9,86.2,88.6,89.8,88.6,85.0,85.0,87.4,86.2,87.4,86.2,90.9,93.3,94.5,92.1,81.5,83.9,87.4,89.8,88.6,93.3,94.5,89.8,94.5,90.9,94.5,101.6,103.9,107.5,106.3,90.9,92.1,93.3,99.2,114.6,124.0,140.6,145.3,142.9,127.6,132.3,135.8,122.8,122.8,145.3,165.4,177.2,160.6,152.4,151.2,146.5,142.9,141.7,139.4,148.8,152.4,154.7,151.2,157.1,155.9,155.9,159.4,155.9,161.8,159.4,165.4,170.1,163.0,164.2,171.3,166.5,154.7,159.4,174.8,155.9,144.1,135.8,138.2,132.3,140.6,137.0,151.2,153.5,140.6,142.9,128.7,128.7,128.7,128.7,135.8,133.5,129.9,135.8,146.5,151.2,146.5,135.8,134.6,137.0,145.3,142.9,141.7,146.5,151.2,158.3,146.5,148.8,151.2,157.1,145.3,140.6,144.1,140.6,142.9,151.2,151.2,148.8,147.6,145.3,148.8,148.8,140.6,147.6,142.9,134.6,150.0,158.3,158.3,146.5,148.8,164.2,155.9,147.6,150.0,141.7,99999.0,139.4,99999.0,99999.0,181.9,183.1,192.5,154.7,158.3,160.6,158.3,166.5,179.5,140.6,145.3,154.7,147.6,131.1,131.1,105.1,138.2,165.4,146.5,135.8,126.4,115.7,111.0,109.8,102.8,92.1,93.3,92.1,92.1,90.9,89.8,88.6,87.4,85.0,83.9,82.7,82.7,82.7,81.5,79.1,79.1,79.1,80.3,81.5,79.1,78.0,78.0,79.1,78.0,75.6,75.6,75.6,79.1,79.1,75.6,75.6,78.0,80.3,78.0,78.0,79.1,80.3,83.9,83.9,78.0,75.6,79.1,81.5,82.7,81.5,80.3,81.5,82.7,86.2,85.0,86.2,87.4,86.2,83.9,81.5,87.4,86.2,93.3,93.3,92.1,89.8,87.4,89.8,95.7,96.9,89.8,96.9,96.9,90.9,81.5,82.7,81.5,79.1,75.6,75.6,82.7,89.8,88.6,95.7,96.9,94.5,92.1,90.9,87.4,81.5,85.0,90.9,87.4,80.3,81.5,76.8,74.4,68.5,70.9,67.3,68.5,70.9,63.8,72.0,72.0,67.3,66.1,67.3,69.7,68.5,72.0,70.9,69.7,67.3,70.9,72.0,70.9,69.7,69.7,69.7,73.2,72.0,68.5,67.3,72.0,76.8,76.8,72.0,74.4,72.0,72.0,72.0,72.0,73.2,74.4,73.2,69.7,69.7,72.0,73.2,75.6,73.2,73.2,74.4,75.6
73.2,73.2,72.0,73.2,74.4,75.6,74.4,75.6,76.8,76.8,75.6,75.6,75.6,78.0,78.0,78.0,76.8,76.8,78.0,78.0,76.8,76.8,76.8,76.8,78.0,78.0,79.1,76.8,78.0,78.0,78.0,78.0,78.0,79.1,80.3,82.7,81.5,81.5,81.5,80.3,79.1,78.0,79.1,80.3,81.5,81.5,81.5,83.9,82.7,83.9,83.9,82.7,81.5,82.7,86.2,85.0,85.0,86.2,89.8,88.6,89.8,86.2,85.0,85.0,85.0,83.9,88.6,96.9,95.7,93.3,96.9,88.6,83.9,90.9,98.0,92.1,95.7,92.1,89.8,96.9,101.6,101.6,109.8,106.3,99.2,115.7,116.9,113.4,115.7,108.7,103.9,107.5,146.5,157.1,137.0,128.7,138.2,140.6,140.6,138.2,174.8,200.8,173.6,168.9,159.4,160.6,155.9,151.2,150.0,148.8,160.6,158.3,158.3,158.3,163.0,167.7,171.3,173.6,174.8,168.9,168.9,168.9,171.3,171.3,174.8,166.5,161.8,159.4,154.7,173.6,145.3,145.3,147.6,147.6,144.1,154.7,148.8,152.4,166.5,155.9,147.6,146.5,134.6,126.4,128.7,133.5,134.6,132.3,138.2,146.5,144.1,151.2,142.9,141.7,142.9,146.5,144.1,151.2,146.5,157.1,153.5,141.7,142.9,148.8,152.4,152.4,147.6,145.3,147.6,157.1,158.3,160.6,155.9,153.5,148.8,147.6,148.8,150.0,152.4,145.3,140.6,145.3,154.7,171.3,159.4,155.9,159.4,152.4,157.1,159.4,163.0,99999.0,147.6,137.0,99999.0,202.0,191.3,198.4,177.2,170.1,181.9,176.0,186.6,180.7,166.5,159.4,165.4,165.4,141.7,135.8,99999.0,187.8,164.2,161.8,141.7,124.0,125.2,108.7,106.3,102.8,96.9,100.4,98.0,96.9,93.3,90.9,89.8,88.6,87.4,85.0,85.0,85.0,83.9,83.9,81.5,79.1,80.3,80.3,80.3,78.0,75.6,78.0,79.1,76.8,76.8,78.0,80.3,80.3,76.8,76.8,75.6,76.8,80.3,79.1,79.1,78.0,80.3,83.9,82.7,81.5,74.4,78.0,81.5,80.3,80.3,79.1,79.1,81.5,82.7,83.9,86.2,83.9,85.0,82.7,83.9,87.4,86.2,93.3,93.3,88.6,86.2,82.7,83.9,93.3,93.3,99.2,95.7,94.5,89.8,90.9,92.1,89.8,89.8,85.0,88.6,94.5,90.9,92.1,98.0,96.9,94.5,92.1,92.1,89.8,85.0,88.6,89.8,88.6,89.8,81.5,87.4,87.4,74.4,69.7,67.3,66.1,69.7,67.3,63.8,74.4,63.8,65.0,68.5,68.5,70.9,72.0,72.0,68.5,68.5,69.7,73.2,68.5,68.5,69.7,70.9,74.4,73.2,73.2,72.0,70.9,74.4,70.9,67.3,69.7,73.2,73.2,73.2,74.4,73.2,73.2,72.0,70.9,69.7,70.9,70.9,73.2,72.0,75.6,74.4,75.6
72.0,72.0,73.2,73.2,75.6,75.6,74.4,74.4,75.6,76.8,74.4,74.4,76.8,75.6,75.6,75.6,75.6,76.8,78.0,78.0,76.8,76.8,76.8,78.0,78.0,76.8,78.0,79.1,79.1,79.1,78.0,78.0,79.1,79.1,80.3,81.5,80.3,81.5,81.5,80.3,79.1,79.1,80.3,81.5,82.7,80.3,81.5,82.7,82.7,83.9,82.7,81.5,83.9,86.2,85.0,85.0,82.7,85.0,87.4,88.6,87.4,83.9,87.4,86.2,87.4,87.4,88.6,92.1,98.0,98.0,96.9,105.1,99.2,103.9,109.8,90.9,89.8,90.9,94.5,92.1,92.1,102.8,105.1,100.4,108.7,113.4,106.3,106.3,108.7,99999.0,99999.0,108.7,124.0,124.0,124.0,145.3,148.8,146.5,141.7,146.5,192.5,213.8,224.4,181.9,173.6,160.6,161.8,167.7,160.6,154.7,185.4,171.3,177.2,173.6,176.0,173.6,183.1,187.8,185.4,183.1,187.8,190.2,185.4,185.4,180.7,178.3,176.0,164.2,154.7,173.6,152.4,157.1,164.2,163.0,153.5,173.6,160.6,163.0,177.2,158.3,159.4,164.2,154.7,151.2,138.2,131.1,128.7,137.0,140.6,150.0,153.5,150.0,140.6,147.6,152.4,146.5,142.9,148.8,154.7,161.8,171.3,152.4,144.1,148.8,159.4,171.3,161.8,155.9,168.9,163.0,161.8,165.4,159.4,155.9,155.9,157.1,158.3,158.3,161.8,163.0,170.1,176.0,166.5,171.3,99999.0,174.8,166.5,150.0,154.7,152.4,139.4,126.4,69.7,99999.0,99999.0,99999.0,176.0,173.6,186.6,204.3,181.9,200.8,174.8,173.6,172.4,190.2,203.1,236.2,211.4,216.1,206.7,192.5,183.1,168.9,142.9,138.2,140.6,111.0,106.3,106.3,101.6,103.9,102.8,100.4,96.9,92.1,93.3,89.8,87.4,85.0,83.9,83.9,83.9,82.7,81.5,80.3,81.5,81.5,78.0,79.1,76.8,79.1,79.1,76.8,78.0,80.3,79.1,80.3,79.1,78.0,79.1,78.0,78.0,80.3,78.0,79.1,83.9,82.7,80.3,81.5,79.1,75.6,79.1,79.1,79.1,79.1,76.8,81.5,82.7,85.0,87.4,88.6,88.6,83.9,85.0,85.0,88.6,90.9,93.3,86.2,83.9,86.2,89.8,92.1,92.1,99.2,101.6,96.9,95.7,93.3,96.9,96.9,94.5,90.9,92.1,94.5,95.7,95.7,95.7,96.9,94.5,89.8,90.9,88.6,85.0,89.8,89.8,88.6,88.6,86.2,87.4,85.0,78.0,79.1,76.8,75.6,75.6,74.4,70.9,76.8,70.9,70.9,67.3,67.3,69.7,68.5,70.9,69.7,69.7,69.7,69.7,67.3,70.9,68.5,69.7,73.2,75.6,74.4,74.4,72.0,72.0,73.2,70.9,70.9,73.2,74.4,67.3,70.9,72.0,70.9,70.9,72.0,73.2,73.2,73.2,74.4,72.0,72.0,72.0,70.9
70.9,69.7,72.0,74.4,76.8,75.6,74.4,75.6,75.6,74.4,74.4,76.8,74.4,73.2,74.4,74.4,75.6,76.8,79.1,79.1,78.0,76.8,76.8,78.0,78.0,79.1,79.1,80.3,80.3,79.1,78.0,76.8,79.1,80.3,80.3,80.3,80.3,80.3,81.5,80.3,80.3,79.1,80.3,81.5,82.7,81.5,82.7,83.9,82.7,81.5,83.9,82.7,83.9,86.2,85.0,86.2,86.2,87.4,90.9,89.8,88.6,88.6,89.8,86.2,86.2,87.4,88.6,92.1,94.5,93.3,90.9,95.7,94.5,106.3,115.7,90.9,95.7,109.8,94.5,94.5,98.0,107.5,105.1,108.7,115.7,113.4,144.1,153.5,154.7,138.2,172.4,153.5,145.3,113.4,145.3,155.9,171.3,166.5,172.4,139.4,199.6,242.1,145.3,210.2,185.4,170.1,170.1,184.3,172.4,177.2,202.0,192.5,190.2,177.2,187.8,180.7,190.2,196.1,198.4,200.8,209.1,210.2,198.4,196.1,198.4,187.8,185.4,185.4,187.8,173.6,178.3,180.7,187.8,187.8,178.3,184.3,176.0,164.2,172.4,159.4,155.9,166.5,160.6,145.3,138.2,132.3,131.1,132.3,140.6,141.7,152.4,151.2,152.4,146.5,153.5,151.2,144.1,151.2,157.1,154.7,146.5,141.7,140.6,148.8,163.0,171.3,185.4,167.7,173.6,177.2,168.9,152.4,147.6,157.1,157.1,155.9,144.1,153.5,174.8,179.5,189.0,191.3,163.0,170.1,164.2,181.9,180.7,186.6,174.8,174.8,166.5,128.7,131.1,99999.0,99999.0,99999.0,174.8,203.1,222.0,238.6,225.6,210.2,223.2,200.8,184.3,235.0,229.1,236.2,237.4,222.0,236.2,223.2,180.7,181.9,150.0,160.6,140.6,113.4,111.0,102.8,105.1,106.3,103.9,103.9,101.6,98.0,95.7,94.5,90.9,86.2,83.9,85.0,85.0,87.4,83.9,82.7,83.9,82.7,79.1,76.8,79.1,81.5,82.7,78.0,76.8,78.0,79.1,79.1,78.0,79.1,82.7,78.0,78.0,78.0,79.1,80.3,81.5,81.5,80.3,82.7,81.5,80.3,80.3,80.3,79.1,82.7,80.3,82.7,80.3,90.9,92.1,88.6,86.2,85.0,89.8,88.6,88.6,93.3,93.3,93.3,92.1,87.4,89.8,89.8,94.5,96.9,108.7,107.5,101.6,101.6,100.4,98.0,93.3,93.3,90.9,95.7,95.7,95.7,95.7,94.5,95.7,90.9,89.8,87.4,87.4,92.1,94.5,99.2,96.9,87.4,87.4,83.9,82.7,79.1,80.3,80.3,82.7,80.3,76.8,80.3,78.0,73.2,72.0,70.9,67.3,68.5,67.3,67.3,70.9,69.7,69.7,69.7,75.6,70.9,72.0,70.9,75.6,74.4,73.2,74.4,70.9,72.0,73.2,73.2,72.0,67.3,67.3,69.7,72.0,69.7,69.7,72.0,73.2,73.2,73.2,73.2,74.4,70.9,69.7,72.0
72.0,70.9,73.2,75.6,76.8,75.6,75.6,75.6,75.6,72.0,73.2,74.4,74.4,74.4,74.4,74.4,75.6,79.1,76.8,78.0,76.8,76.8,76.8,76.8,76.8,74.4,78.0,80.3,78.0,78.0,79.1,78.0,79.1,80.3,79.1,79.1,80.3,79.1,80.3,80.3,80.3,79.1,82.7,81.5,81.5,82.7,83.9,83.9,83.9,81.5,79.1,81.5,83.9,85.0,86.2,87.4,87.4,86.2,87.4,87.4,87.4,88.6,88.6,87.4,86.2,87.4,87.4,89.8,89.8,86.2,82.7,92.1,88.6,85.0,92.1,98.0,107.5,98.0,92.1,93.3,107.5,114.6,124.0,99999.0,99999.0,99999.0,142.9,154.7,165.4,163.0,178.3,202.0,176.0,107.5,108.7,133.5,176.0,186.6,194.9,173.6,174.8,220.9,204.3,249.2,212.6,190.2,185.4,184.3,159.4,204.3,222.0,213.8,205.5,191.3,190.2,193.7,202.0,203.1,219.7,224.4,232.7,229.1,222.0,202.0,211.4,205.5,189.0,192.5,191.3,190.2,206.7,194.9,193.7,184.3,183.1,198.4,198.4,190.2,171.3,158.3,159.4,165.4,166.5,153.5,142.9,144.1,140.6,140.6,145.3,147.6,151.2,139.4,139.4,139.4,144.1,146.5,144.1,148.8,159.4,164.2,166.5,148.8,152.4,152.4,171.3,153.5,167.7,150.0,128.7,140.6,151.2,148.8,159.4,161.8,160.6,165.4,160.6,146.5,167.7,172.4,198.4,184.3,173.6,171.3,174.8,191.3,205.5,194.9,187.8,196.1,206.7,180.7,199.6,99999.0,99999.0,211.4,209.1,225.6,259.8,275.2,274.0,255.1,259.8,213.8,213.8,223.2,269.3,245.7,226.8,239.8,230.3,228.0,199.6,189.0,183.1,158.3,122.8,111.0,107.5,108.7,111.0,111.0,109.8,106.3,102.8,101.6,99.2,96.9,90.9,88.6,88.6,87.4,87.4,86.2,82.7,83.9,81.5,80.3,80.3,80.3,79.1,82.7,82.7,78.0,78.0,79.1,78.0,79.1,78.0,76.8,79.1,76.8,76.8,80.3,78.0,83.9,81.5,80.3,79.1,81.5,81.5,79.1,79.1,80.3,80.3,86.2,86.2,81.5,87.4,95.7,92.1,83.9,83.9,76.8,82.7,85.0,87.4,92.1,92.1,95.7,92.1,87.4,90.9,87.4,92.1,94.5,92.1,98.0,95.7,95.7,102.8,100.4,103.9,92.1,92.1,95.7,95.7,92.1,95.7,99.2,98.0,90.9,90.9,89.8,89.8,94.5,99.2,100.4,100.4,93.3,90.9,82.7,82.7,81.5,82.7,83.9,88.6,89.8,87.4,86.2,82.7,81.5,70.9,99999.0,70.9,65.0,72.0,69.7,66.1,69.7,74.4,70.9,63.8,67.3,72.0,69.7,74.4,72.0,74.4,74.4,72.0,69.7,70.9,69.7,72.0,73.2,74.4,68.5,68.5,68.5,70.9,73.2,74.4,74.4,72.0,72.0,74.4,72.0,69.7,70.9
74.4,73.2,74.4,75.6,72.0,72.0,75.6,72.0,74.4,73.2,72.0,74.4,73.2,75.6,74.4,74.4,74.4,74.4,75.6,78.0,75.6,76.8,78.0,78.0,76.8,73.2,75.6,78.0,78.0,75.6,78.0,78.0,79.1,79.1,78.0,79.1,79.1,79.1,80.3,78.0,80.3,81.5,81.5,81.5,81.5,82.7,82.7,83.9,82.7,81.5,79.1,80.3,82.7,83.9,85.0,85.0,87.4,88.6,87.4,88.6,88.6,89.8,87.4,87.4,87.4,86.2,87.4,89.8,88.6,85.0,88.6,93.3,90.9,85.0,89.8,89.8,95.7,92.1,88.6,89.8,96.9,99999.0,106.3,92.1,113.4,126.4,161.8,171.3,148.8,168.9,174.8,198.4,200.8,210.2,210.2,186.6,146.5,180.7,205.5,228.0,232.7,168.9,99999.0,263.4,219.7,209.1,198.4,203.1,197.2,236.2,242.1,237.4,228.0,198.4,200.8,187.8,202.0,209.1,230.3,248.0,246.9,266.9,252.8,217.3,219.7,225.6,211.4,203.1,202.0,210.2,211.4,207.9,204.3,206.7,197.2,192.5,173.6,178.3,171.3,160.6,158.3,166.5,164.2,145.3,159.4,141.7,137.0,137.0,148.8,147.6,144.1,139.4,137.0,140.6,142.9,138.2,141.7,146.5,165.4,165.4,155.9,142.9,153.5,157.1,157.1,148.8,145.3,138.2,99999.0,154.7,144.1,142.9,158.3,161.8,172.4,174.8,178.3,180.7,178.3,180.7,193.7,165.4,161.8,152.4,174.8,179.5,171.3,157.1,151.2,192.5,178.3,197.2,229.1,99999.0,99999.0,228.0,239.8,261.0,263.4,298.8,291.7,297.6,300.0,223.2,275.2,248.0,298.8,275.2,249.2,242.1,258.7,258.7,250.4,205.5,179.5,131.1,114.6,99999.0,144.1,114.6,113.4,115.7,114.6,109.8,105.1,102.8,100.4,96.9,94.5,90.9,93.3,90.9,88.6,87.4,85.0,85.0,83.9,79.1,79.1,80.3,80.3,83.9,86.2,80.3,79.1,78.0,79.1,80.3,74.4,75.6,80.3,80.3,79.1,80.3,87.4,88.6,82.7,80.3,80.3,82.7,82.7,80.3,82.7,83.9,83.9,86.2,85.0,85.0,90.9,93.3,89.8,81.5,75.6,78.0,80.3,86.2,90.9,89.8,94.5,92.1,87.4,82.7,90.9,86.2,89.8,90.9,89.8,93.3,93.3,94.5,95.7,90.9,93.3,93.3,93.3,95.7,96.9,95.7,101.6,99.2,99.2,96.9,98.0,93.3,95.7,100.4,101.6,102.8,102.8,99.2,99.2,90.9,87.4,86.2,87.4,87.4,90.9,93.3,92.1,89.8,88.6,90.9,99999.0,69.7,69.7,69.7,73.2,99999.0,62.6,72.0,75.6,70.9,67.3,68.5,70.9,72.0,73.2,72.0,72.0,73.2,72.0,73.2,68.5,70.9,75.6,78.0,74.4,70.9,68.5,69.7,70.9,70.9,74.4,78.0,74.4,73.2,72.0,69.7,72.0,72.0
69.7,72.0,72.0,73.2,72.0,75.6,72.0,69.7,69.7,70.9,69.7,73.2,72.0,75.6,75.6,74.4,72.0,70.9,74.4,74.4,74.4,75.6,76.8,74.4,76.8,76.8,76.8,76.8,76.8,78.0,78.0,79.1,78.0,78.0,80.3,80.3,80.3,79.1,80.3,79.1,80.3,80.3,80.3,81.5,81.5,82.7,82.7,80.3,80.3,80.3,79.1,80.3,80.3,80.3,81.5,83.9,86.2,87.4,86.2,87.4,89.8,88.6,87.4,86.2,85.0,83.9,86.2,90.9,89.8,87.4,87.4,85.0,85.0,83.9,81.5,81.5,85.0,87.4,85.0,86.2,90.9,99999.0,99999.0,94.5,113.4,121.7,152.4,138.2,127.6,100.4,111.0,111.0,192.5,181.9,196.1,224.4,212.6,180.7,190.2,224.4,251.6,217.3,99999.0,99999.0,217.3,236.2,211.4,226.8,224.4,242.1,262.2,253.9,277.6,223.2,238.6,219.7,228.0,215.0,226.8,244.5,259.8,272.8,262.2,228.0,233.9,242.1,236.2,220.9,220.9,216.1,235.0,219.7,224.4,210.2,206.7,193.7,176.0,172.4,166.5,155.9,163.0,163.0,160.6,165.4,141.7,135.8,139.4,140.6,146.5,150.0,146.5,141.7,145.3,142.9,145.3,134.6,137.0,133.5,153.5,174.8,138.2,140.6,144.1,135.8,133.5,145.3,146.5,144.1,135.8,158.3,157.1,155.9,153.5,157.1,171.3,177.2,189.0,189.0,99999.0,191.3,193.7,199.6,151.2,165.4,183.1,191.3,183.1,186.6,190.2,194.9,206.7,228.0,252.8,255.1,245.7,252.8,250.4,265.7,300.0,289.4,294.1,300.0,300.0,300.0,300.0,300.0,294.1,300.0,287.0,275.2,244.5,279.9,265.7,224.4,144.1,139.4,145.3,99999.0,137.0,131.1,113.4,118.1,120.5,114.6,111.0,108.7,101.6,101.6,99.2,99.2,94.5,90.9,88.6,89.8,90.9,88.6,86.2,80.3,82.7,82.7,83.9,88.6,87.4,83.9,85.0,80.3,81.5,78.0,76.8,78.0,81.5,80.3,79.1,78.0,85.0,86.2,80.3,79.1,78.0,82.7,82.7,86.2,82.7,83.9,83.9,85.0,86.2,90.9,92.1,93.3,90.9,82.7,79.1,81.5,86.2,86.2,89.8,93.3,93.3,92.1,85.0,83.9,85.0,88.6,88.6,89.8,89.8,90.9,93.3,98.0,95.7,90.9,92.1,89.8,95.7,98.0,98.0,98.0,100.4,102.8,100.4,96.9,96.9,95.7,103.9,100.4,105.1,108.7,111.0,107.5,100.4,95.7,93.3,89.8,90.9,93.3,92.1,94.5,93.3,90.9,95.7,87.4,83.9,74.4,72.0,73.2,74.4,70.9,61.4,73.2,72.0,70.9,72.0,68.5,65.0,67.3,68.5,72.0,70.9,78.0,74.4,69.7,68.5,72.0,75.6,72.0,70.9,68.5,68.5,69.7,70.9,72.0,72.0,74.4,73.2,74.4,75.6,75.6,73.2,72.0
72.0,73.2,73.2,75.6,76.8,78.0,73.2,69.7,69.7,72.0,66.1,79.1,80.3,74.4,75.6,69.7,70.9,72.0,73.2,75.6,75.6,76.8,75.6,72.0,73.2,76.8,76.8,76.8,76.8,75.6,74.4,76.8,81.5,80.3,80.3,79.1,81.5,78.0,78.0,80.3,81.5,79.1,79.1,79.1,80.3,80.3,81.5,80.3,78.0,78.0,78.0,79.1,79.1,80.3,82.7,82.7,83.9,85.0,83.9,83.9,82.7,86.2,85.0,85.0,83.9,85.0,83.9,85.0,82.7,81.5,81.5,83.9,83.9,81.5,78.0,79.1,82.7,83.9,83.9,81.5,83.9,81.5,87.4,90.9,106.3,120.5,108.7,132.3,109.8,124.0,121.7,99999.0,111.0,111.0,205.5,210.2,99999.0,206.7,239.8,244.5,99999.0,244.5,196.1,99999.0,203.1,205.5,229.1,245.7,265.7,245.7,255.1,285.8,284.6,257.5,248.0,264.6,258.7,237.4,235.0,230.3,279.9,287.0,294.1,252.8,252.8,285.8,252.8,244.5,248.0,233.9,239.8,222.0,226.8,219.7,228.0,197.2,185.4,179.5,170.1,164.2,170.1,153.5,157.1,142.9,138.2,139.4,135.8,140.6,150.0,154.7,146.5,140.6,139.4,141.7,141.7,141.7,140.6,144.1,145.3,155.9,140.6,155.9,153.5,146.5,165.4,128.7,154.7,137.0,160.6,150.0,145.3,135.8,99999.0,157.1,158.3,165.4,164.2,99999.0,99999.0,99999.0,99999.0,151.2,161.8,178.3,194.9,202.0,204.3,204.3,222.0,209.1,212.6,229.1,255.1,264.6,283.5,259.8,275.2,253.9,262.2,292.9,300.0,300.0,300.0,300.0,300.0,300.0,297.6,284.6,294.1,284.6,274.0,264.6,256.3,209.1,166.5,174.8,171.3,151.2,160.6,160.6,131.1,119.3,121.7,115.7,114.6,113.4,108.7,105.1,101.6,101.6,96.9,90.9,89.8,90.9,92.1,90.9,89.8,87.4,88.6,87.4,87.4,86.2,83.9,85.0,85.0,81.5,82.7,85.0,80.3,78.0,80.3,79.1,81.5,81.5,80.3,86.2,80.3,76.8,76.8,80.3,83.9,87.4,85.0,85.0,87.4,86.2,83.9,87.4,90.9,92.1,88.6,86.2,83.9,83.9,87.4,89.8,93.3,90.9,92.1,93.3,83.9,83.9,86.2,88.6,89.8,88.6,89.8,90.9,96.9,95.7,96.9,99.2,99.2,95.7,99.2,100.4,100.4,102.8,105.1,105.1,103.9,100.4,101.6,102.8,105.1,106.3,111.0,114.6,112.2,107.5,102.8,101.6,98.0,93.3,94.5,95.7,94.5,94.5,92.1,92.1,93.3,90.9,83.9,79.1,81.5,82.7,83.9,78.0,76.8,81.5,73.2,72.0,70.9,68.5,69.7,70.9,72.0,69.7,69.7,75.6,74.4,75.6,69.7,73.2,72.0,74.4,70.9,70.9,69.7,72.0,75.6,74.4,72.0,73.2,74.4,72.0,76.8,74.4,74.4,73.2
72.0,74.4,73.2,75.6,78.0,75.6,72.0,69.7,75.6,76.8,70.9,79.1,78.0,75.6,70.9,75.6,68.5,73.2,73.2,73.2,75.6,70.9,73.2,73.2,74.4,80.3,76.8,78.0,78.0,73.2,75.6,74.4,78.0,79.1,80.3,82.7,82.7,80.3,78.0,80.3,81.5,79.1,79.1,80.3,81.5,81.5,80.3,80.3,78.0,76.8,76.8,76.8,78.0,79.1,80.3,81.5,82.7,83.9,83.9,85.0,82.7,82.7,81.5,82.7,83.9,83.9,82.7,83.9,82.7,81.5,83.9,82.7,85.0,83.9,82.7,80.3,82.7,80.3,83.9,73.2,79.1,83.9,88.6,89.8,99999.0,107.5,106.3,132.3,157.1,146.5,148.8,102.8,105.1,102.8,99999.0,99999.0,202.0,159.4,224.4,157.1,161.8,235.0,159.4,204.3,99999.0,168.9,181.9,262.2,226.8,300.0,300.0,300.0,268.1,270.5,300.0,264.6,300.0,296.5,262.2,225.6,300.0,300.0,300.0,300.0,298.8,271.7,276.4,249.2,243.3,284.6,276.4,246.9,230.3,225.6,232.7,215.0,196.1,173.6,164.2,159.4,187.8,161.8,141.7,135.8,144.1,142.9,134.6,144.1,153.5,150.0,144.1,131.1,134.6,128.7,140.6,135.8,137.0,140.6,155.9,150.0,141.7,152.4,171.3,99999.0,168.9,174.8,144.1,158.3,99999.0,132.3,137.0,144.1,99999.0,177.2,99999.0,99999.0,99999.0,99999.0,99999.0,210.2,215.0,99999.0,212.6,223.2,228.0,219.7,222.0,236.2,242.1,242.1,251.6,245.7,257.5,265.7,283.5,257.5,281.1,261.0,264.6,283.5,275.2,292.9,300.0,300.0,282.3,285.8,282.3,285.8,281.1,276.4,271.7,287.0,253.9,207.9,176.0,187.8,180.7,172.4,159.4,171.3,138.2,121.7,122.8,115.7,118.1,115.7,116.9,108.7,103.9,105.1,101.6,94.5,94.5,95.7,95.7,93.3,90.9,92.1,94.5,89.8,89.8,90.9,85.0,87.4,87.4,86.2,81.5,87.4,80.3,78.0,79.1,81.5,81.5,83.9,83.9,83.9,79.1,78.0,73.2,80.3,80.3,88.6,87.4,85.0,81.5,80.3,81.5,88.6,88.6,90.9,88.6,87.4,83.9,87.4,89.8,90.9,94.5,96.9,98.0,96.9,89.8,88.6,93.3,94.5,92.1,87.4,88.6,94.5,95.7,98.0,99.2,102.8,103.9,103.9,103.9,103.9,107.5,108.7,114.6,112.2,112.2,108.7,109.8,112.2,116.9,120.5,122.8,121.7,119.3,120.5,120.5,111.0,112.2,101.6,106.3,101.6,101.6,96.9,92.1,93.3,89.8,92.1,96.9,82.7,88.6,85.0,83.9,80.3,82.7,81.5,80.3,75.6,72.0,73.2,70.9,74.4,72.0,76.8,75.6,76.8,81.5,75.6,70.9,76.8,76.8,83.9,76.8,73.2,72.0,70.9,72.0,73.2,74.4,75.6,78.0,74.4,73.2,72.0,74.4,74.4
74.4,78.0,76.8,79.1,78.0,78.0,75.6,75.6,75.6,75.6,80.3,81.5,75.6,72.0,75.6,74.4,74.4,72.0,74.4,74.4,74.4,75.6,76.8,78.0,82.7,82.7,79.1,80.3,78.0,76.8,73.2,72.0,74.4,78.0,80.3,82.7,79.1,79.1,76.8,80.3,79.1,80.3,79.1,79.1,81.5,80.3,80.3,80.3,78.0,76.8,76.8,79.1,79.1,78.0,80.3,80.3,79.1,80.3,82.7,81.5,81.5,80.3,80.3,82.7,81.5,81.5,81.5,82.7,82.7,82.7,82.7,81.5,83.9,83.9,80.3,79.1,78.0,80.3,80.3,74.4,74.4,88.6,94.5,85.0,87.4,99999.0,96.9,127.6,134.6,122.8,144.1,148.8,159.4,106.3,105.1,114.6,120.5,99999.0,99999.0,105.1,128.7,190.2,224.4,155.9,99999.0,99999.0,99999.0,159.4,300.0,300.0,287.0,300.0,300.0,276.4,300.0,300.0,278.7,288.2,271.7,300.0,300.0,253.9,300.0,300.0,300.0,300.0,300.0,275.2,285.8,300.0,297.6,278.7,245.7,235.0,230.3,212.6,198.4,189.0,167.7,134.6,147.6,134.6,141.7,148.8,151.2,147.6,140.6,139.4,139.4,138.2,138.2,134.6,140.6,146.5,146.5,141.7,144.1,144.1,146.5,140.6,127.6,138.2,170.1,99999.0,146.5,151.2,159.4,155.9,142.9,133.5,131.1,160.6,99999.0,173.6,99999.0,99999.0,99999.0,99999.0,207.9,211.4,240.9,99999.0,211.4,233.9,249.2,248.0,243.3,274.0,300.0,285.8,251.6,218.5,245.7,272.8,269.3,270.5,288.2,294.1,281.1,275.2,282.3,284.6,287.0,290.6,288.2,269.3,264.6,257.5,255.1,271.7,271.7,261.0,256.3,226.8,186.6,196.1,178.3,161.8,171.3,194.9,161.8,128.7,126.4,124.0,124.0,126.4,124.0,116.9,113.4,115.7,108.7,105.1,100.4,98.0,94.5,95.7,93.3,94.5,95.7,93.3,92.1,89.8,90.9,92.1,93.3,88.6,83.9,86.2,79.1,78.0,80.3,82.7,79.1,79.1,85.0,83.9,86.2,82.7,76.8,82.7,81.5,83.9,85.0,87.4,88.6,87.4,85.0,96.9,101.6,93.3,88.6,90.9,94.5,92.1,92.1,96.9,98.0,102.8,102.8,102.8,92.1,93.3,95.7,96.9,99.2,98.0,96.9,95.7,101.6,102.8,103.9,107.5,109.8,109.8,108.7,111.0,114.6,113.4,115.7,119.3,122.8,120.5,121.7,122.8,126.4,129.9,129.9,126.4,128.7,129.9,131.1,122.8,119.3,122.8,125.2,120.5,120.5,106.3,101.6,100.4,96.9,96.9,100.4,88.6,92.1,90.9,86.2,82.7,81.5,89.8,86.2,78.0,74.4,76.8,76.8,75.6,73.2,78.0,79.1,82.7,80.3,76.8,75.6,78.0,75.6,75.6,70.9,74.4,76.8,74.4,75.6,70.9,74.4,78.0,81.5,79.1,73.2,72.0,74.4,74.4
76.8,79.1,79.1,79.1,76.8,74.4,75.6,78.0,78.0,76.8,78.0,80.3,82.7,85.0,79.1,81.5,80.3,80.3,78.0,76.8,78.0,80.3,80.3,78.0,82.7,85.0,86.2,78.0,76.8,76.8,75.6,76.8,76.8,74.4,79.1,80.3,79.1,76.8,79.1,81.5,78.0,81.5,80.3,79.1,79.1,79.1,80.3,80.3,80.3,79.1,75.6,78.0,79.1,80.3,79.1,78.0,79.1,80.3,82.7,80.3,79.1,79.1,80.3,81.5,80.3,78.0,80.3,81.5,80.3,79.1,82.7,83.9,86.2,82.7,81.5,82.7,79.1,79.1,74.4,76.8,99999.0,81.5,105.1,81.5,99999.0,94.5,99999.0,99999.0,127.6,128.7,127.6,138.2,141.7,92.1,95.7,102.8,99999.0,99999.0,99999.0,99999.0,124.0,122.8,161.8,152.4,154.7,99999.0,99999.0,99999.0,99999.0,300.0,300.0,300.0,300.0,300.0,300.0,300.0,285.8,250.4,226.8,300.0,300.0,300.0,294.1,285.8,300.0,300.0,294.1,289.4,292.9,300.0,272.8,276.4,252.8,238.6,236.2,222.0,206.7,199.6,174.8,172.4,122.8,132.3,138.2,150.0,157.1,147.6,140.6,135.8,144.1,137.0,133.5,132.3,132.3,140.6,144.1,141.7,139.4,144.1,157.1,155.9,150.0,151.2,144.1,160.6,154.7,144.1,145.3,176.0,170.1,146.5,168.9,99999.0,99999.0,99999.0,99999.0,99999.0,99999.0,196.1,99999.0,204.3,215.0,212.6,207.9,212.6,226.8,258.7,284.6,300.0,288.2,300.0,279.9,205.5,238.6,300.0,285.8,295.3,290.6,297.6,294.1,282.3,277.6,274.0,288.2,277.6,290.6,268.1,253.9,233.9,236.2,248.0,300.0,262.2,242.1,240.9,204.3,197.2,191.3,185.4,187.8,196.1,161.8,137.0,132.3,131.1,129.9,132.3,131.1,128.7,126.4,127.6,111.0,108.7,101.6,100.4,98.0,95.7,92.1,94.5,95.7,96.9,96.9,93.3,93.3,95.7,90.9,89.8,87.4,88.6,85.0,86.2,85.0,85.0,85.0,82.7,82.7,81.5,87.4,85.0,80.3,82.7,85.0,89.8,96.9,83.9,90.9,89.8,87.4,89.8,90.9,94.5,89.8,87.4,89.8,90.9,94.5,100.4,107.5,103.9,105.1,106.3,101.6,100.4,100.4,101.6,101.6,102.8,105.1,100.4,103.9,105.1,106.3,113.4,112.2,114.6,113.4,118.1,118.1,121.7,126.4,128.7,132.3,133.5,137.0,135.8,134.6,138.2,138.2,137.0,137.0,142.9,157.1,139.4,135.8,134.6,135.8,132.3,116.9,114.6,106.3,101.6,101.6,106.3,105.1,98.0,95.7,94.5,92.1,90.9,90.9,95.7,95.7,86.2,85.0,85.0,85.0,85.0,79.1,79.1,81.5,80.3,83.9,78.0,75.6,72.0,74.4,76.8,79.1,82.7,82.7,79.1,74.4,68.5,74.4,79.1,82.7,78.0,73.2,70.9,73.2,74.4
79.1,79.1,82.7,80.3,75.6,75.6,78.0,78.0,78.0,81.5,82.7,82.7,80.3,82.7,83.9,83.9,83.9,86.2,78.0,78.0,82.7,82.7,79.1,82.7,83.9,90.9,92.1,81.5,79.1,80.3,80.3,75.6,76.8,78.0,80.3,79.1,78.0,79.1,78.0,79.1,78.0,80.3,79.1,80.3,80.3,80.3,80.3,80.3,79.1,76.8,76.8,78.0,76.8,82.7,81.5,79.1,79.1,79.1,79.1,80.3,78.0,78.0,80.3,81.5,76.8,78.0,79.1,80.3,75.6,76.8,81.5,86.2,86.2,82.7,78.0,81.5,80.3,82.7,78.0,75.6,74.4,76.8,99999.0,80.3,79.1,99999.0,99999.0,99999.0,79.1,101.6,92.1,99.2,112.2,86.2,95.7,99.2,106.3,99999.0,99999.0,99999.0,141.7,148.8,138.2,157.1,132.3,99999.0,99999.0,99999.0,99999.0,99999.0,99999.0,294.1,269.3,300.0,300.0,294.1,300.0,245.7,238.6,253.9,242.1,259.8,300.0,294.1,295.3,285.8,300.0,289.4,300.0,300.0,225.6,243.3,255.1,210.2,239.8,220.9,202.0,190.2,165.4,183.1,142.9,142.9,141.7,151.2,150.0,139.4,125.2,122.8,128.7,145.3,131.1,126.4,127.6,135.8,140.6,142.9,145.3,146.5,153.5,145.3,157.1,166.5,203.1,177.2,148.8,141.7,141.7,160.6,160.6,158.3,141.7,147.6,146.5,99999.0,170.1,99999.0,99999.0,99999.0,99999.0,192.5,197.2,211.4,204.3,210.2,205.5,230.3,258.7,300.0,216.1,265.7,251.6,215.0,237.4,287.0,276.4,283.5,265.7,289.4,292.9,300.0,300.0,271.7,269.3,298.8,277.6,257.5,232.7,226.8,244.5,252.8,275.2,244.5,238.6,250.4,204.3,206.7,203.1,200.8,206.7,180.7,170.1,139.4,133.5,139.4,140.6,135.8,135.8,140.6,148.8,122.8,113.4,114.6,111.0,101.6,101.6,103.9,100.4,99.2,96.9,98.0,100.4,93.3,95.7,92.1,92.1,93.3,92.1,92.1,92.1,90.9,90.9,92.1,93.3,88.6,87.4,90.9,86.2,83.9,88.6,92.1,89.8,92.1,93.3,90.9,89.8,88.6,88.6,93.3,96.9,94.5,90.9,90.9,90.9,95.7,99.2,103.9,102.8,102.8,103.9,107.5,107.5,105.1,103.9,106.3,105.1,105.1,108.7,107.5,107.5,107.5,113.4,114.6,116.9,118.1,115.7,118.1,124.0,128.7,132.3,133.5,137.0,144.1,145.3,146.5,148.8,151.2,164.2,170.1,146.5,150.0,160.6,151.2,148.8,152.4,150.0,140.6,127.6,121.7,118.1,113.4,102.8,109.8,115.7,116.9,108.7,96.9,98.0,99.2,99.2,98.0,98.0,100.4,99.2,96.9,90.9,87.4,85.0,86.2,87.4,88.6,88.6,76.8,76.8,74.4,74.4,81.5,86.2,88.6,87.4,88.6,81.5,80.3,78.0,80.3,82.7,79.1,72.0,73.2,74.4,76.8
79.1,80.3,79.1,81.5,79.1,76.8,81.5,82.7,81.5,81.5,80.3,86.2,86.2,85.0,86.2,86.2,83.9,83.9,80.3,85.0,88.6,81.5,83.9,83.9,89.8,90.9,89.8,86.2,82.7,88.6,88.6,80.3,81.5,80.3,85.0,82.7,78.0,80.3,82.7,78.0,78.0,80.3,81.5,82.7,83.9,82.7,80.3,80.3,80.3,78.0,78.0,80.3,80.3,81.5,80.3,81.5,80.3,79.1,80.3,78.0,79.1,76.8,79.1,80.3,75.6,76.8,75.6,79.1,76.8,74.4,78.0,81.5,83.9,82.7,81.5,76.8,79.1,82.7,85.0,88.6,99999.0,99999.0,99999.0,80.3,80.3,78.0,80.3,73.2,76.8,80.3,83.9,86.2,99999.0,99999.0,99999.0,99999.0,99999.0,99999.0,99999.0,99999.0,99999.0,160.6,119.3,132.3,141.7,148.8,159.4,99999.0,99999.0,99999.0,99999.0,99999.0,300.0,262.2,300.0,283.5,300.0,300.0,300.0,291.7,283.5,300.0,300.0,300.0,291.7,268.1,246.9,258.7,290.6,300.0,238.6,228.0,220.9,212.6,248.0,226.8,218.5,198.4,190.2,190.2,153.5,148.8,144.1,145.3,151.2,131.1,122.8,118.1,118.1,119.3,122.8,124.0,132.3,138.2,134.6,137.0,154.7,153.5,158.3,155.9,134.6,131.1,139.4,147.6,141.7,140.6,145.3,146.5,153.5,148.8,150.0,154.7,171.3,171.3,177.2,99999.0,167.7,99999.0,160.6,168.9,184.3,204.3,189.0,196.1,219.7,209.1,202.0,215.0,222.0,226.8,215.0,209.1,224.4,236.2,261.0,270.5,269.3,274.0,265.7,279.9,263.4,243.3,225.6,245.7,259.8,258.7,238.6,258.7,220.9,231.5,268.1,242.1,248.0,237.4,225.6,216.1,202.0,193.7,191.3,186.6,166.5,144.1,139.4,141.7,147.6,144.1,152.4,160.6,153.5,124.0,122.8,121.7,111.0,108.7,107.5,108.7,105.1,102.8,101.6,102.8,99.2,92.1,93.3,92.1,90.9,92.1,90.9,89.8,88.6,93.3,94.5,96.9,93.3,94.5,90.9,87.4,88.6,87.4,94.5,96.9,93.3,96.9,99.2,98.0,95.7,90.9,94.5,99.2,100.4,94.5,95.7,93.3,95.7,99.2,100.4,100.4,101.6,101.6,102.8,105.1,109.8,112.2,111.0,113.4,111.0,112.2,109.8,112.2,111.0,109.8,118.1,120.5,122.8,121.7,115.7,120.5,125.2,135.8,134.6,138.2,142.9,150.0,153.5,155.9,161.8,178.3,179.5,191.3,184.3,173.6,165.4,165.4,168.9,166.5,166.5,164.2,153.5,135.8,125.2,118.1,113.4,114.6,120.5,119.3,120.5,103.9,101.6,102.8,106.3,108.7,109.8,106.3,106.3,105.1,96.9,89.8,85.0,90.9,92.1,95.7,92.1,82.7,82.7,85.0,81.5,82.7,87.4,89.8,92.1,92.1,90.9,83.9,82.7,85.0,82.7,75.6,75.6,76.8,76.8,79.1
86.2,81.5,81.5,81.5,82.7,81.5,82.7,82.7,86.2,85.0,83.9,85.0,88.6,89.8,89.8,90.9,85.0,87.4,82.7,82.7,87.4,86.2,87.4,88.6,89.8,93.3,89.8,88.6,89.8,93.3,92.1,86.2,88.6,88.6,90.9,88.6,81.5,82.7,82.7,81.5,79.1,81.5,82.7,83.9,85.0,82.7,81.5,82.7,82.7,80.3,78.0,79.1,81.5,81.5,78.0,81.5,81.5,81.5,79.1,76.8,76.8,79.1,79.1,85.0,78.0,81.5,81.5,80.3,80.3,81.5,76.8,82.7,81.5,81.5,81.5,80.3,81.5,80.3,82.7,80.3,78.0,79.1,99999.0,99999.0,72.0,72.0,74.4,72.0,70.9,73.2,80.3,81.5,99999.0,83.9,88.6,99999.0,99999.0,99999.0,99999.0,105.1,103.9,102.8,99999.0,109.8,124.0,99999.0,126.4,135.8,131.1,99999.0,99999.0,99999.0,99999.0,194.9,253.9,272.8,294.1,289.4,271.7,300.0,300.0,300.0,300.0,300.0,287.0,272.8,242.1,249.2,255.1,257.5,264.6,226.8,238.6,206.7,236.2,240.9,231.5,217.3,222.0,207.9,166.5,145.3,142.9,144.1,150.0,135.8,127.6,119.3,122.8,119.3,127.6,133.5,132.3,146.5,138.2,140.6,146.5,165.4,157.1,155.9,134.6,124.0,132.3,142.9,137.0,142.9,144.1,144.1,165.4,154.7,146.5,145.3,168.9,168.9,164.2,137.0,178.3,172.4,164.2,99999.0,168.9,99999.0,99999.0,207.9,225.6,190.2,187.8,200.8,209.1,191.3,194.9,210.2,249.2,252.8,257.5,261.0,265.7,266.9,257.5,251.6,250.4,250.4,277.6,246.9,250.4,274.0,236.2,207.9,204.3,240.9,253.9,243.3,223.2,223.2,226.8,218.5,204.3,200.8,193.7,181.9,157.1,151.2,150.0,147.6,161.8,183.1,186.6,168.9,150.0,125.2,120.5,124.0,118.1,113.4,113.4,114.6,111.0,106.3,101.6,101.6,101.6,95.7,95.7,96.9,95.7,90.9,88.6,89.8,89.8,92.1,96.9,100.4,96.9,92.1,89.8,89.8,93.3,94.5,98.0,98.0,99.2,103.9,103.9,101.6,98.0,99.2,102.8,98.0,101.6,94.5,95.7,96.9,101.6,105.1,106.3,107.5,105.1,106.3,103.9,105.1,113.4,111.0,112.2,115.7,113.4,115.7,113.4,109.8,109.8,111.0,118.1,122.8,126.4,125.2,121.7,124.0,127.6,132.3,138.2,141.7,145.3,150.0,164.2,173.6,180.7,186.6,205.5,219.7,198.4,187.8,181.9,181.9,176.0,172.4,177.2,167.7,167.7,160.6,137.0,126.4,120.5,124.0,124.0,124.0,126.4,114.6,116.9,112.2,115.7,113.4,111.0,112.2,109.8,105.1,101.6,101.6,96.9,98.0,101.6,100.4,98.0,93.3,87.4,90.9,90.9,87.4,86.2,89.8,94.5,94.5,92.1,87.4,88.6,86.2,87.4,80.3,79.1,80.3,79.1,83.9
88.6,86.2,81.5,81.5,86.2,83.9,85.0,82.7,83.9,86.2,88.6,88.6,89.8,86.2,88.6,87.4,88.6,88.6,87.4,87.4,88.6,86.2,88.6,93.3,99.2,105.1,94.5,93.3,92.1,96.9,96.9,88.6,90.9,93.3,102.8,90.9,82.7,81.5,81.5,78.0,79.1,82.7,82.7,88.6,85.0,81.5,82.7,83.9,85.0,86.2,83.9,80.3,85.0,85.0,83.9,83.9,81.5,82.7,81.5,79.1,76.8,80.3,81.5,81.5,83.9,85.0,82.7,85.0,76.8,79.1,75.6,81.5,81.5,79.1,81.5,80.3,79.1,83.9,79.1,99999.0,99999.0,82.7,74.4,73.2,75.6,75.6,72.0,72.0,73.2,74.4,75.6,78.0,99999.0,78.0,81.5,82.7,88.6,89.8,76.8,93.3,99.2,100.4,100.4,102.8,99.2,94.5,95.7,113.4,158.3,152.4,99999.0,99999.0,99999.0,99999.0,194.9,276.4,294.1,256.3,250.4,287.0,300.0,300.0,300.0,300.0,300.0,291.7,237.4,235.0,224.4,296.5,242.1,256.3,229.1,224.4,258.7,242.1,239.8,212.6,206.7,242.1,183.1,154.7,153.5,158.3,145.3,129.9,127.6,114.6,112.2,115.7,124.0,127.6,129.9,137.0,138.2,144.1,151.2,159.4,157.1,131.1,137.0,151.2,144.1,142.9,141.7,138.2,135.8,135.8,153.5,171.3,157.1,141.7,141.7,153.5,142.9,99999.0,173.6,141.7,174.8,174.8,165.4,171.3,197.2,213.8,192.5,174.8,181.9,190.2,202.0,193.7,200.8,197.2,250.4,259.8,253.9,271.7,264.6,266.9,249.2,249.2,236.2,235.0,259.8,242.1,249.2,237.4,235.0,216.1,226.8,230.3,251.6,246.9,243.3,207.9,229.1,203.1,200.8,173.6,153.5,153.5,151.2,152.4,152.4,155.9,179.5,193.7,190.2,173.6,152.4,128.7,132.3,124.0,114.6,118.1,120.5,120.5,115.7,112.2,108.7,101.6,99.2,100.4,101.6,103.9,101.6,106.3,96.9,96.9,90.9,92.1,96.9,100.4,101.6,102.8,95.7,98.0,100.4,100.4,98.0,100.4,100.4,105.1,101.6,103.9,96.9,100.4,103.9,103.9,103.9,99.2,99.2,99.2,107.5,106.3,105.1,108.7,106.3,106.3,107.5,106.3,115.7,111.0,109.8,108.7,111.0,115.7,115.7,115.7,116.9,115.7,124.0,126.4,128.7,126.4,122.8,124.0,127.6,133.5,135.8,142.9,147.6,151.2,187.8,185.4,187.8,186.6,197.2,211.4,197.2,184.3,190.2,203.1,184.3,167.7,172.4,178.3,168.9,165.4,158.3,141.7,124.0,138.2,138.2,135.8,140.6,131.1,120.5,122.8,126.4,122.8,122.8,120.5,109.8,107.5,108.7,100.4,102.8,98.0,100.4,100.4,103.9,99.2,94.5,95.7,100.4,93.3,94.5,99.2,99.2,99.2,90.9,88.6,89.8,90.9,92.1,87.4,86.2,82.7,86.2,83.9
99.2,90.9,88.6,93.3,93.3,92.1,87.4,85.0,85.0,83.9,90.9,90.9,88.6,86.2,86.2,86.2,89.8,88.6,87.4,89.8,89.8,89.8,90.9,95.7,105.1,100.4,86.2,87.4,88.6,95.7,98.0,98.0,96.9,94.5,100.4,92.1,88.6,88.6,83.9,79.1,81.5,83.9,82.7,88.6,80.3,80.3,78.0,85.0,87.4,87.4,88.6,87.4,87.4,87.4,85.0,86.2,86.2,83.9,86.2,80.3,78.0,79.1,80.3,81.5,82.7,83.9,82.7,81.5,80.3,78.0,78.0,81.5,79.1,79.1,80.3,81.5,83.9,80.3,73.2,76.8,79.1,79.1,78.0,79.1,79.1,81.5,76.8,72.0,74.4,78.0,80.3,78.0,74.4,78.0,81.5,83.9,78.0,83.9,80.3,85.0,93.3,94.5,95.7,99.2,112.2,102.8,93.3,96.9,113.4,170.1,99999.0,99999.0,99999.0,99999.0,226.8,263.4,269.3,285.8,251.6,279.9,300.0,300.0,300.0,300.0,300.0,300.0,300.0,300.0,282.3,285.8,277.6,261.0,251.6,243.3,263.4,249.2,259.8,222.0,258.7,243.3,187.8,159.4,165.4,154.7,147.6,126.4,109.8,107.5,106.3,121.7,133.5,135.8,132.3,127.6,138.2,145.3,147.6,152.4,167.7,132.3,139.4,155.9,140.6,133.5,126.4,139.4,135.8,135.8,141.7,137.0,144.1,153.5,145.3,152.4,140.6,99999.0,99999.0,99999.0,148.8,153.5,163.0,170.1,194.9,203.1,202.0,171.3,179.5,189.0,189.0,168.9,168.9,184.3,225.6,233.9,252.8,262.2,264.6,262.2,248.0,235.0,217.3,224.4,249.2,219.7,232.7,230.3,235.0,228.0,232.7,236.2,225.6,230.3,228.0,225.6,216.1,191.3,177.2,159.4,152.4,155.9,153.5,154.7,155.9,159.4,190.2,205.5,206.7,177.2,157.1,142.9,140.6,129.9,129.9,127.6,129.9,122.8,119.3,116.9,116.9,108.7,100.4,101.6,99.2,105.1,107.5,113.4,105.1,101.6,99.2,96.9,101.6,101.6,103.9,103.9,103.9,100.4,105.1,100.4,98.0,98.0,96.9,102.8,103.9,105.1,103.9,101.6,102.8,106.3,105.1,105.1,103.9,102.8,108.7,108.7,108.7,107.5,109.8,107.5,106.3,109.8,113.4,109.8,112.2,114.6,112.2,114.6,118.1,118.1,118.1,118.1,120.5,126.4,129.9,127.6,127.6,125.2,126.4,132.3,137.0,142.9,148.8,154.7,196.1,191.3,193.7,197.2,209.1,198.4,203.1,193.7,210.2,213.8,186.6,181.9,189.0,168.9,171.3,166.5,155.9,146.5,142.9,152.4,151.2,146.5,157.1,150.0,132.3,128.7,129.9,129.9,124.0,124.0,113.4,111.0,111.0,102.8,102.8,103.9,107.5,105.1,103.9,109.8,119.3,114.6,113.4,105.1,100.4,98.0,102.8,93.3,90.9,93.3,94.5,96.9,96.9,100.4,93.3,85.0,93.3,94.5
109.8,102.8,92.1,96.9,94.5,94.5,94.5,90.9,93.3,87.4,93.3,92.1,92.1,86.2,94.5,95.7,90.9,90.9,89.8,90.9,90.9,94.5,95.7,103.9,108.7,101.6,86.2,87.4,94.5,95.7,101.6,102.8,99.2,102.8,100.4,93.3,92.1,94.5,92.1,85.0,83.9,86.2,88.6,88.6,82.7,79.1,78.0,79.1,80.3,87.4,88.6,88.6,87.4,83.9,85.0,87.4,85.0,82.7,82.7,81.5,78.0,81.5,82.7,83.9,85.0,83.9,82.7,82.7,81.5,80.3,81.5,83.9,81.5,80.3,81.5,83.9,86.2,81.5,76.8,74.4,75.6,75.6,78.0,79.1,81.5,85.0,79.1,75.6,75.6,74.4,79.1,80.3,73.2,76.8,81.5,82.7,86.2,83.9,80.3,81.5,85.0,89.8,93.3,93.3,100.4,95.7,92.1,100.4,112.2,142.9,135.8,99999.0,99999.0,99999.0,99999.0,223.2,229.1,300.0,292.9,300.0,300.0,300.0,300.0,300.0,278.7,300.0,300.0,300.0,264.6,233.9,264.6,282.3,276.4,271.7,268.1,262.2,252.8,219.7,209.1,222.0,194.9,174.8,166.5,153.5,137.0,115.7,114.6,115.7,119.3,119.3,126.4,135.8,137.0,135.8,133.5,137.0,145.3,140.6,146.5,126.4,118.1,135.8,132.3,132.3,133.5,122.8,121.7,135.8,132.3,129.9,126.4,163.0,167.7,146.5,100.4,177.2,99999.0,103.9,124.0,131.1,164.2,159.4,174.8,184.3,187.8,165.4,166.5,171.3,170.1,163.0,159.4,178.3,171.3,233.9,249.2,245.7,244.5,243.3,242.1,251.6,236.2,237.4,212.6,215.0,225.6,222.0,218.5,206.7,207.9,209.1,209.1,225.6,225.6,232.7,220.9,176.0,158.3,152.4,155.9,157.1,152.4,154.7,158.3,161.8,190.2,210.2,192.5,161.8,163.0,151.2,142.9,132.3,135.8,134.6,131.1,128.7,125.2,121.7,118.1,113.4,109.8,108.7,105.1,108.7,109.8,111.0,102.8,100.4,101.6,100.4,99.2,102.8,102.8,101.6,105.1,102.8,103.9,102.8,101.6,102.8,102.8,105.1,107.5,103.9,105.1,103.9,106.3,109.8,106.3,105.1,106.3,107.5,107.5,107.5,111.0,108.7,107.5,111.0,108.7,108.7,108.7,108.7,113.4,108.7,114.6,119.3,121.7,120.5,118.1,120.5,122.8,122.8,127.6,122.8,126.4,127.6,131.1,139.4,142.9,147.6,152.4,190.2,216.1,215.0,211.4,209.1,209.1,200.8,205.5,204.3,205.5,211.4,198.4,191.3,190.2,178.3,171.3,173.6,173.6,163.0,154.7,157.1,153.5,154.7,155.9,157.1,160.6,141.7,133.5,125.2,125.2,124.0,120.5,119.3,115.7,109.8,107.5,109.8,115.7,115.7,124.0,124.0,119.3,118.1,115.7,114.6,109.8,103.9,101.6,99.2,95.7,98.0,96.9,99.2,98.0,103.9,99.2,94.5,98.0,106.3
114.6,107.5,94.5,98.0,98.0,99.2,98.0,99.2,99.2,103.9,99.2,98.0,96.9,92.1,99.2,102.8,96.9,98.0,90.9,98.0,100.4,93.3,98.0,105.1,107.5,95.7,95.7,93.3,100.4,101.6,101.6,103.9,102.8,106.3,101.6,94.5,94.5,94.5,99.2,96.9,94.5,87.4,90.9,101.6,89.8,78.0,81.5,86.2,85.0,88.6,89.8,88.6,87.4,85.0,85.0,86.2,85.0,85.0,83.9,82.7,81.5,85.0,83.9,83.9,83.9,85.0,87.4,81.5,81.5,82.7,87.4,89.8,86.2,82.7,82.7,82.7,85.0,85.0,83.9,80.3,78.0,76.8,79.1,79.1,82.7,83.9,80.3,78.0,75.6,75.6,78.0,72.0,99999.0,89.8,85.0,79.1,79.1,81.5,82.7,85.0,86.2,87.4,89.8,88.6,92.1,87.4,90.9,96.9,102.8,109.8,139.4,99999.0,99999.0,99999.0,99999.0,205.5,232.7,236.2,294.1,300.0,300.0,300.0,300.0,300.0,300.0,300.0,300.0,300.0,275.2,223.2,300.0,238.6,238.6,287.0,248.0,268.1,248.0,231.5,230.3,196.1,196.1,174.8,178.3,157.1,127.6,112.2,106.3,114.6,126.4,120.5,118.1,125.2,131.1,133.5,131.1,135.8,128.7,121.7,116.9,116.9,105.1,101.6,118.1,125.2,116.9,132.3,127.6,139.4,141.7,124.0,134.6,152.4,144.1,120.5,133.5,138.2,160.6,129.9,131.1,126.4,146.5,159.4,172.4,177.2,178.3,165.4,163.0,158.3,168.9,158.3,150.0,164.2,159.4,218.5,228.0,240.9,245.7,237.4,244.5,235.0,244.5,252.8,250.4,235.0,235.0,224.4,216.1,215.0,206.7,189.0,200.8,200.8,212.6,222.0,217.3,168.9,157.1,151.2,154.7,155.9,152.4,148.8,158.3,165.4,205.5,212.6,186.6,160.6,159.4,152.4,145.3,140.6,139.4,132.3,134.6,131.1,127.6,125.2,121.7,118.1,112.2,111.0,106.3,109.8,109.8,107.5,101.6,102.8,108.7,108.7,105.1,106.3,105.1,101.6,113.4,105.1,107.5,102.8,100.4,103.9,105.1,107.5,108.7,108.7,108.7,108.7,109.8,113.4,109.8,112.2,112.2,109.8,109.8,112.2,109.8,109.8,111.0,111.0,106.3,122.8,112.2,121.7,120.5,119.3,122.8,126.4,126.4,127.6,121.7,124.0,126.4,127.6,126.4,126.4,128.7,128.7,139.4,151.2,173.6,183.1,183.1,202.0,205.5,206.7,216.1,211.4,212.6,203.1,193.7,198.4,217.3,209.1,203.1,196.1,192.5,183.1,177.2,166.5,163.0,164.2,167.7,167.7,164.2,164.2,161.8,161.8,163.0,157.1,146.5,131.1,131.1,129.9,127.6,122.8,119.3,114.6,113.4,114.6,115.7,116.9,124.0,127.6,127.6,127.6,127.6,122.8,115.7,107.5,103.9,100.4,100.4,101.6,100.4,100.4,99.2,103.9,102.8,101.6,101.6,102.8
115.7,109.8,105.1,115.7,107.5,107.5,100.4,103.9,105.1,113.4,108.7,101.6,98.0,98.0,100.4,102.8,98.0,95.7,101.6,105.1,105.1,98.0,100.4,98.0,102.8,102.8,96.9,95.7,96.9,102.8,101.6,105.1,101.6,103.9,100.4,98.0,99.2,98.0,98.0,87.4,100.4,95.7,90.9,96.9,92.1,82.7,86.2,88.6,88.6,89.8,89.8,90.9,90.9,88.6,87.4,86.2,86.2,86.2,82.7,81.5,88.6,89.8,85.0,85.0,86.2,85.0,86.2,82.7,83.9,83.9,88.6,88.6,89.8,86.2,87.4,83.9,89.8,92.1,93.3,88.6,85.0,81.5,81.5,82.7,87.4,88.6,85.0,82.7,80.3,80.3,79.1,78.0,73.2,78.0,83.9,79.1,81.5,78.0,82.7,89.8,87.4,83.9,87.4,90.9,93.3,83.9,85.0,94.5,102.8,93.3,132.3,99999.0,99999.0,99999.0,99999.0,180.7,178.3,228.0,256.3,298.8,300.0,300.0,300.0,291.7,277.6,297.6,300.0,290.6,266.9,266.9,294.1,219.7,220.9,255.1,244.5,239.8,209.1,248.0,277.6,180.7,181.9,176.0,225.6,174.8,121.7,113.4,106.3,113.4,108.7,111.0,118.1,121.7,132.3,134.6,131.1,132.3,129.9,109.8,107.5,99.2,96.9,113.4,124.0,119.3,116.9,112.2,109.8,109.8,124.0,118.1,118.1,118.1,151.2,116.9,134.6,140.6,129.9,131.1,127.6,127.6,126.4,153.5,148.8,157.1,163.0,151.2,154.7,151.2,154.7,158.3,147.6,150.0,159.4,150.0,203.1,226.8,228.0,220.9,207.9,219.7,228.0,222.0,206.7,228.0,237.4,232.7,218.5,216.1,211.4,203.1,209.1,219.7,230.3,215.0,206.7,176.0,160.6,150.0,160.6,155.9,150.0,146.5,153.5,172.4,202.0,199.6,191.3,164.2,150.0,147.6,145.3,139.4,135.8,137.0,128.7,126.4,125.2,125.2,127.6,124.0,119.3,114.6,108.7,115.7,111.0,105.1,106.3,107.5,111.0,113.4,113.4,115.7,113.4,107.5,108.7,103.9,109.8,107.5,106.3,102.8,111.0,113.4,109.8,109.8,112.2,113.4,111.0,112.2,112.2,114.6,113.4,111.0,111.0,113.4,118.1,118.1,114.6,120.5,118.1,127.6,135.8,125.2,121.7,122.8,124.0,127.6,122.8,127.6,122.8,126.4,127.6,129.9,128.7,131.1,134.6,150.0,168.9,173.6,173.6,174.8,179.5,199.6,203.1,197.2,192.5,205.5,205.5,190.2,187.8,198.4,212.6,205.5,200.8,193.7,190.2,181.9,181.9,165.4,163.0,158.3,165.4,171.3,163.0,160.6,160.6,165.4,161.8,167.7,161.8,138.2,138.2,137.0,134.6,132.3,126.4,121.7,118.1,119.3,120.5,121.7,126.4,124.0,126.4,128.7,127.6,129.9,112.2,114.6,112.2,109.8,105.1,111.0,108.7,112.2,114.6,113.4,108.7,106.3,105.1,113.4
116.9,109.8,119.3,111.0,111.0,113.4,103.9,106.3,103.9,112.2,112.2,109.8,102.8,98.0,103.9,106.3,107.5,99.2,105.1,105.1,101.6,102.8,105.1,109.8,105.1,100.4,99.2,98.0,101.6,102.8,106.3,105.1,100.4,99.2,99.2,99.2,100.4,101.6,98.0,93.3,93.3,98.0,96.9,95.7,94.5,90.9,92.1,93.3,90.9,92.1,90.9,88.6,86.2,88.6,86.2,81.5,81.5,85.0,86.2,85.0,90.9,89.8,92.1,89.8,90.9,89.8,89.8,85.0,86.2,86.2,88.6,89.8,89.8,93.3,90.9,87.4,86.2,89.8,90.9,88.6,94.5,86.2,86.2,87.4,88.6,89.8,83.9,82.7,83.9,83.9,85.0,83.9,81.5,81.5,82.7,81.5,82.7,78.0,78.0,90.9,88.6,85.0,82.7,82.7,83.9,82.7,83.9,88.6,109.8,103.9,114.6,107.5,99999.0,99999.0,99999.0,152.4,170.1,206.7,225.6,251.6,290.6,300.0,300.0,300.0,294.1,300.0,300.0,300.0,300.0,263.4,272.8,215.0,226.8,209.1,199.6,171.3,209.1,198.4,163.0,165.4,164.2,155.9,179.5,173.6,114.6,113.4,120.5,122.8,118.1,118.1,128.7,129.9,135.8,135.8,137.0,127.6,113.4,114.6,111.0,102.8,92.1,102.8,131.1,133.5,115.7,113.4,107.5,111.0,105.1,100.4,99999.0,113.4,131.1,126.4,116.9,122.8,137.0,138.2,133.5,132.3,125.2,142.9,145.3,150.0,157.1,137.0,145.3,147.6,144.1,144.1,145.3,147.6,158.3,139.4,200.8,202.0,215.0,206.7,216.1,210.2,231.5,223.2,200.8,217.3,235.0,228.0,229.1,205.5,204.3,205.5,213.8,236.2,232.7,222.0,216.1,184.3,148.8,144.1,147.6,157.1,150.0,148.8,152.4,177.2,197.2,189.0,177.2,160.6,145.3,144.1,144.1,140.6,138.2,135.8,125.2,121.7,125.2,122.8,125.2,128.7,126.4,124.0,121.7,116.9,118.1,115.7,113.4,113.4,115.7,116.9,116.9,114.6,111.0,108.7,102.8,103.9,108.7,111.0,108.7,106.3,107.5,111.0,111.0,109.8,112.2,114.6,113.4,108.7,111.0,114.6,114.6,112.2,111.0,107.5,113.4,115.7,121.7,124.0,120.5,128.7,126.4,129.9,125.2,120.5,121.7,119.3,115.7,119.3,118.1,111.0,120.5,125.2,131.1,132.3,178.3,178.3,168.9,166.5,171.3,177.2,181.9,186.6,191.3,202.0,198.4,198.4,210.2,190.2,191.3,183.1,189.0,199.6,189.0,189.0,184.3,185.4,184.3,177.2,166.5,166.5,166.5,167.7,160.6,161.8,160.6,161.8,164.2,163.0,161.8,154.7,150.0,141.7,135.8,134.6,135.8,127.6,122.8,122.8,122.8,127.6,128.7,131.1,131.1,133.5,129.9,128.7,125.2,111.0,115.7,109.8,116.9,118.1,119.3,120.5,115.7,118.1,119.3,112.2,109.8,115.7
115.7,114.6,116.9,116.9,115.7,111.0,102.8,102.8,106.3,113.4,112.2,112.2,108.7,107.5,101.6,105.1,115.7,114.6,119.3,113.4,107.5,106.3,102.8,106.3,103.9,103.9,101.6,102.8,106.3,101.6,102.8,100.4,98.0,96.9,98.0,98.0,98.0,100.4,96.9,95.7,95.7,96.9,99.2,101.6,102.8,94.5,94.5,92.1,90.9,90.9,90.9,90.9,87.4,87.4,85.0,80.3,83.9,86.2,87.4,86.2,87.4,92.1,96.9,95.7,89.8,93.3,89.8,87.4,88.6,89.8,92.1,93.3,93.3,95.7,93.3,90.9,87.4,88.6,89.8,87.4,89.8,83.9,87.4,89.8,90.9,90.9,81.5,85.0,83.9,86.2,88.6,90.9,90.9,92.1,86.2,82.7,80.3,79.1,76.8,86.2,86.2,88.6,85.0,81.5,81.5,82.7,83.9,87.4,96.9,109.8,112.2,105.1,99999.0,99999.0,99999.0,187.8,173.6,185.4,199.6,243.3,292.9,289.4,291.7,300.0,237.4,239.8,240.9,270.5,248.0,215.0,206.7,189.0,218.5,246.9,193.7,178.3,171.3,166.5,165.4,166.5,137.0,135.8,139.4,124.0,108.7,109.8,112.2,109.8,109.8,107.5,116.9,124.0,134.6,135.8,120.5,128.7,135.8,113.4,107.5,103.9,96.9,101.6,111.0,112.2,120.5,125.2,112.2,113.4,120.5,93.3,133.5,126.4,133.5,107.5,111.0,125.2,131.1,138.2,139.4,137.0,137.0,141.7,135.8,152.4,138.2,140.6,137.0,139.4,145.3,132.3,140.6,140.6,141.7,145.3,172.4,204.3,197.2,207.9,200.8,220.9,225.6,216.1,202.0,191.3,197.2,203.1,213.8,206.7,194.9,213.8,239.8,251.6,249.2,226.8,225.6,171.3,141.7,135.8,142.9,142.9,150.0,148.8,146.5,159.4,202.0,193.7,176.0,147.6,139.4,137.0,139.4,139.4,139.4,135.8,125.2,122.8,125.2,125.2,121.7,122.8,126.4,122.8,121.7,115.7,119.3,116.9,119.3,121.7,121.7,119.3,120.5,112.2,113.4,112.2,109.8,106.3,107.5,113.4,111.0,111.0,109.8,111.0,111.0,108.7,112.2,113.4,113.4,112.2,114.6,116.9,116.9,115.7,113.4,113.4,115.7,114.6,126.4,127.6,127.6,132.3,131.1,127.6,129.9,129.9,121.7,114.6,113.4,111.0,114.6,112.2,119.3,122.8,127.6,141.7,183.1,168.9,160.6,165.4,161.8,166.5,183.1,186.6,184.3,196.1,196.1,204.3,215.0,209.1,199.6,178.3,189.0,192.5,184.3,179.5,174.8,180.7,181.9,178.3,176.0,170.1,178.3,171.3,164.2,160.6,164.2,160.6,159.4,164.2,178.3,159.4,164.2,142.9,140.6,140.6,131.1,126.4,122.8,125.2,124.0,125.2,128.7,125.2,125.2,128.7,126.4,122.8,116.9,111.0,113.4,113.4,116.9,121.7,127.6,128.7,128.7,128.7,129.9,126.4,119.3,125.2
116.9,122.8,119.3,119.3,112.2,106.3,101.6,101.6,106.3,107.5,111.0,115.7,115.7,109.8,113.4,107.5,114.6,129.9,127.6,118.1,106.3,106.3,108.7,105.1,102.8,106.3,109.8,103.9,111.0,107.5,101.6,96.9,94.5,94.5,99.2,96.9,96.9,103.9,106.3,100.4,98.0,96.9,101.6,99.2,100.4,100.4,96.9,98.0,94.5,90.9,93.3,92.1,88.6,83.9,88.6,81.5,80.3,87.4,90.9,92.1,94.5,94.5,94.5,99.2,96.9,90.9,87.4,87.4,88.6,87.4,92.1,93.3,98.0,94.5,99.2,98.0,92.1,90.9,93.3,92.1,90.9,88.6,85.0,89.8,88.6,85.0,86.2,87.4,88.6,88.6,90.9,93.3,85.0,90.9,90.9,89.8,88.6,86.2,83.9,81.5,85.0,85.0,83.9,83.9,81.5,80.3,85.0,89.8,93.3,101.6,108.7,99999.0,99999.0,99999.0,153.5,186.6,164.2,178.3,200.8,237.4,300.0,300.0,290.6,230.3,213.8,180.7,172.4,170.1,183.1,171.3,166.5,155.9,181.9,171.3,164.2,154.7,190.2,194.9,173.6,180.7,124.0,118.1,142.9,122.8,122.8,111.0,111.0,115.7,128.7,126.4,111.0,138.2,140.6,139.4,127.6,122.8,112.2,118.1,107.5,100.4,106.3,101.6,99.2,109.8,114.6,112.2,115.7,122.8,116.9,113.4,122.8,99999.0,119.3,116.9,119.3,137.0,141.7,140.6,135.8,134.6,139.4,144.1,133.5,139.4,126.4,131.1,127.6,133.5,124.0,127.6,118.1,128.7,125.2,133.5,152.4,204.3,191.3,191.3,189.0,223.2,210.2,206.7,191.3,177.2,185.4,203.1,202.0,191.3,186.6,187.8,204.3,216.1,206.7,203.1,191.3,148.8,134.6,132.3,137.0,144.1,142.9,152.4,153.5,158.3,185.4,183.1,172.4,148.8,137.0,132.3,134.6,135.8,138.2,134.6,128.7,128.7,129.9,126.4,127.6,124.0,121.7,122.8,124.0,122.8,119.3,120.5,122.8,126.4,125.2,124.0,120.5,112.2,115.7,113.4,112.2,111.0,112.2,114.6,108.7,111.0,111.0,112.2,111.0,111.0,114.6,113.4,113.4,112.2,114.6,115.7,119.3,115.7,113.4,112.2,112.2,113.4,119.3,126.4,132.3,126.4,129.9,126.4,125.2,127.6,118.1,112.2,113.4,108.7,108.7,113.4,119.3,122.8,127.6,153.5,185.4,176.0,166.5,159.4,164.2,163.0,187.8,183.1,183.1,186.6,183.1,194.9,199.6,213.8,203.1,194.9,190.2,186.6,189.0,190.2,185.4,183.1,183.1,183.1,177.2,167.7,173.6,159.4,161.8,159.4,153.5,164.2,158.3,154.7,163.0,167.7,168.9,144.1,142.9,145.3,134.6,127.6,125.2,125.2,126.4,125.2,126.4,128.7,126.4,124.0,119.3,112.2,114.6,113.4,113.4,109.8,114.6,121.7,126.4,133.5,128.7,129.9,127.6,127.6,126.4,129.9
105.1,107.5,126.4,125.2,112.2,109.8,105.1,103.9,111.0,118.1,103.9,111.0,100.4,116.9,109.8,114.6,109.8,122.8,122.8,119.3,109.8,108.7,111.0,109.8,101.6,100.4,102.8,101.6,109.8,109.8,100.4,95.7,93.3,93.3,100.4,100.4,101.6,100.4,106.3,102.8,101.6,100.4,105.1,106.3,101.6,96.9,99.2,98.0,98.0,95.7,92.1,94.5,89.8,79.1,80.3,89.8,86.2,85.0,90.9,94.5,96.9,95.7,94.5,90.9,92.1,99.2,92.1,90.9,89.8,92.1,94.5,96.9,101.6,96.9,93.3,96.9,96.9,95.7,94.5,96.9,98.0,102.8,94.5,94.5,92.1,89.8,89.8,87.4,89.8,89.8,92.1,93.3,87.4,89.8,95.7,96.9,92.1,89.8,90.9,89.8,83.9,82.7,83.9,81.5,83.9,80.3,81.5,87.4,88.6,101.6,106.3,99999.0,99999.0,99999.0,146.5,157.1,150.0,174.8,199.6,217.3,220.9,258.7,236.2,215.0,228.0,176.0,159.4,163.0,152.4,152.4,160.6,183.1,178.3,176.0,168.9,128.7,137.0,164.2,178.3,146.5,119.3,142.9,114.6,128.7,116.9,111.0,114.6,129.9,131.1,120.5,122.8,138.2,154.7,142.9,138.2,137.0,100.4,107.5,102.8,101.6,105.1,99.2,102.8,108.7,115.7,114.6,121.7,122.8,126.4,108.7,107.5,127.6,96.9,111.0,122.8,114.6,126.4,124.0,108.7,133.5,133.5,145.3,144.1,141.7,132.3,120.5,120.5,101.6,96.9,100.4,116.9,120.5,124.0,126.4,122.8,192.5,178.3,187.8,186.6,225.6,215.0,212.6,211.4,176.0,189.0,211.4,194.9,183.1,184.3,199.6,192.5,190.2,168.9,144.1,147.6,139.4,132.3,131.1,132.3,144.1,153.5,152.4,157.1,153.5,145.3,154.7,150.0,140.6,132.3,126.4,125.2,131.1,135.8,129.9,128.7,124.0,126.4,124.0,126.4,127.6,125.2,126.4,122.8,121.7,118.1,118.1,120.5,121.7,125.2,122.8,115.7,115.7,116.9,116.9,115.7,112.2,113.4,112.2,106.3,109.8,112.2,108.7,107.5,107.5,112.2,114.6,115.7,111.0,112.2,116.9,115.7,113.4,112.2,109.8,112.2,116.9,113.4,121.7,122.8,124.0,129.9,122.8,120.5,120.5,116.9,111.0,111.0,111.0,114.6,122.8,125.2,120.5,121.7,129.9,170.1,171.3,171.3,161.8,158.3,153.5,166.5,170.1,176.0,186.6,181.9,194.9,186.6,190.2,206.7,190.2,184.3,179.5,185.4,184.3,186.6,192.5,190.2,191.3,183.1,186.6,173.6,174.8,161.8,158.3,163.0,157.1,163.0,159.4,164.2,165.4,161.8,157.1,158.3,139.4,134.6,122.8,126.4,122.8,120.5,120.5,124.0,122.8,126.4,126.4,120.5,115.7,111.0,107.5,109.8,114.6,115.7,119.3,120.5,125.2,124.0,122.8,125.2,124.0,122.8,121.7
115.7,114.6,128.7,128.7,120.5,109.8,108.7,109.8,126.4,118.1,106.3,120.5,122.8,118.1,111.0,107.5,122.8,121.7,120.5,116.9,107.5,113.4,111.0,112.2,101.6,105.1,115.7,118.1,112.2,107.5,108.7,124.0,101.6,102.8,98.0,100.4,100.4,101.6,102.8,99.2,100.4,102.8,100.4,102.8,103.9,102.8,98.0,96.9,100.4,98.0,94.5,89.8,96.9,89.8,90.9,88.6,93.3,92.1,89.8,90.9,95.7,99.2,101.6,98.0,95.7,98.0,90.9,93.3,95.7,98.0,101.6,101.6,100.4,94.5,90.9,94.5,99.2,100.4,99.2,94.5,95.7,93.3,94.5,92.1,92.1,87.4,85.0,85.0,87.4,90.9,95.7,93.3,92.1,93.3,95.7,95.7,95.7,96.9,98.0,95.7,90.9,82.7,85.0,82.7,85.0,88.6,88.6,86.2,86.2,103.9,102.8,99999.0,99999.0,99999.0,133.5,147.6,150.0,150.0,178.3,176.0,204.3,202.0,240.9,172.4,189.0,147.6,135.8,151.2,150.0,138.2,200.8,186.6,150.0,144.1,153.5,141.7,119.3,128.7,163.0,154.7,108.7,116.9,131.1,129.9,121.7,121.7,111.0,138.2,129.9,112.2,124.0,141.7,147.6,138.2,118.1,106.3,101.6,108.7,108.7,105.1,98.0,105.1,106.3,107.5,109.8,114.6,121.7,120.5,115.7,101.6,111.0,100.4,105.1,109.8,115.7,103.9,98.0,115.7,122.8,129.9,151.2,144.1,137.0,137.0,127.6,114.6,118.1,105.1,122.8,113.4,103.9,113.4,116.9,120.5,124.0,184.3,176.0,190.2,179.5,203.1,209.1,203.1,187.8,172.4,178.3,203.1,193.7,185.4,179.5,206.7,193.7,213.8,168.9,144.1,140.6,132.3,131.1,137.0,134.6,141.7,151.2,148.8,152.4,150.0,141.7,138.2,128.7,132.3,126.4,120.5,119.3,125.2,125.2,128.7,126.4,124.0,124.0,122.8,125.2,126.4,126.4,121.7,122.8,126.4,121.7,122.8,121.7,121.7,125.2,124.0,118.1,118.1,119.3,116.9,115.7,114.6,113.4,107.5,107.5,106.3,112.2,111.0,108.7,109.8,109.8,114.6,111.0,111.0,108.7,113.4,114.6,116.9,111.0,109.8,109.8,113.4,118.1,121.7,120.5,119.3,120.5,124.0,125.2,118.1,114.6,108.7,103.9,106.3,109.8,115.7,119.3,119.3,124.0,126.4,161.8,164.2,166.5,166.5,161.8,157.1,153.5,166.5,176.0,177.2,172.4,174.8,177.2,174.8,187.8,183.1,183.1,178.3,177.2,177.2,181.9,176.0,183.1,186.6,179.5,168.9,166.5,165.4,159.4,155.9,155.9,157.1,154.7,164.2,170.1,163.0,158.3,157.1,152.4,144.1,127.6,122.8,121.7,118.1,120.5,122.8,125.2,119.3,118.1,112.2,119.3,120.5,112.2,114.6,118.1,120.5,118.1,119.3,116.9,118.1,121.7,126.4,121.7,118.1,120.5,119.3
112.2,112.2,111.0,120.5,114.6,103.9,109.8,120.5,122.8,115.7,127.6,128.7,131.1,111.0,105.1,108.7,120.5,120.5,115.7,121.7,108.7,113.4,112.2,115.7,107.5,101.6,105.1,119.3,111.0,112.2,120.5,119.3,133.5,116.9,107.5,100.4,99.2,99.2,100.4,100.4,101.6,107.5,109.8,106.3,107.5,103.9,99.2,96.9,96.9,98.0,98.0,93.3,96.9,98.0,90.9,85.0,89.8,89.8,88.6,92.1,95.7,96.9,100.4,99.2,99.2,101.6,90.9,93.3,92.1,102.8,107.5,105.1,99.2,96.9,86.2,92.1,93.3,94.5,99.2,94.5,95.7,90.9,90.9,94.5,90.9,96.9,100.4,87.4,86.2,88.6,98.0,98.0,93.3,96.9,96.9,96.9,98.0,98.0,100.4,98.0,90.9,83.9,83.9,80.3,79.1,78.0,80.3,83.9,82.7,98.0,99999.0,99999.0,124.0,151.2,132.3,139.4,145.3,144.1,159.4,179.5,212.6,213.8,202.0,191.3,173.6,134.6,142.9,140.6,137.0,139.4,178.3,151.2,139.4,137.0,148.8,150.0,154.7,134.6,114.6,115.7,107.5,111.0,111.0,118.1,116.9,119.3,118.1,128.7,135.8,138.2,144.1,129.9,141.7,142.9,115.7,98.0,98.0,103.9,106.3,105.1,101.6,103.9,103.9,103.9,106.3,112.2,116.9,121.7,113.4,107.5,108.7,106.3,106.3,93.3,101.6,103.9,114.6,118.1,124.0,135.8,140.6,127.6,127.6,129.9,121.7,114.6,113.4,96.9,103.9,101.6,102.8,108.7,111.0,124.0,128.7,151.2,179.5,171.3,183.1,190.2,196.1,197.2,164.2,170.1,179.5,176.0,180.7,191.3,194.9,200.8,205.5,186.6,170.1,137.0,135.8,140.6,131.1,139.4,131.1,140.6,140.6,138.2,150.0,150.0,146.5,141.7,124.0,121.7,114.6,113.4,118.1,120.5,126.4,124.0,124.0,121.7,121.7,126.4,126.4,126.4,124.0,118.1,115.7,115.7,115.7,125.2,125.2,121.7,122.8,118.1,114.6,113.4,116.9,109.8,112.2,109.8,113.4,111.0,103.9,106.3,103.9,106.3,108.7,112.2,109.8,112.2,115.7,114.6,115.7,111.0,112.2,114.6,112.2,115.7,109.8,109.8,108.7,119.3,124.0,116.9,112.2,116.9,121.7,120.5,109.8,108.7,105.1,113.4,109.8,118.1,118.1,119.3,124.0,125.2,153.5,153.5,153.5,153.5,155.9,158.3,160.6,158.3,152.4,163.0,165.4,170.1,178.3,186.6,186.6,183.1,180.7,174.8,170.1,167.7,171.3,172.4,174.8,172.4,173.6,172.4,161.8,161.8,155.9,155.9,155.9,157.1,159.4,167.7,163.0,158.3,153.5,147.6,152.4,134.6,122.8,124.0,114.6,113.4,115.7,120.5,119.3,126.4,121.7,113.4,113.4,113.4,114.6,120.5,122.8,124.0,119.3,120.5,112.2,119.3,119.3,120.5,124.0,121.7,111.0,114.6
100.4,108.7,116.9,111.0,106.3,102.8,108.7,116.9,122.8,120.5,121.7,133.5,127.6,113.4,113.4,105.1,106.3,120.5,118.1,121.7,116.9,114.6,108.7,108.7,105.1,107.5,106.3,119.3,114.6,115.7,121.7,128.7,132.3,121.7,99.2,102.8,102.8,101.6,98.0,95.7,100.4,100.4,112.2,106.3,100.4,107.5,96.9,98.0,103.9,98.0,96.9,99.2,99.2,99.2,94.5,89.8,87.4,92.1,96.9,89.8,95.7,94.5,95.7,99.2,103.9,103.9,102.8,93.3,96.9,102.8,102.8,107.5,115.7,107.5,96.9,98.0,95.7,99.2,99.2,93.3,89.8,94.5,96.9,101.6,95.7,94.5,98.0,94.5,86.2,89.8,92.1,101.6,98.0,101.6,102.8,102.8,100.4,101.6,105.1,98.0,90.9,87.4,82.7,82.7,81.5,76.8,83.9,87.4,98.0,108.7,99999.0,99999.0,131.1,135.8,135.8,138.2,155.9,168.9,165.4,183.1,198.4,190.2,161.8,146.5,148.8,138.2,142.9,135.8,137.0,131.1,131.1,131.1,124.0,132.3,144.1,150.0,139.4,137.0,108.7,113.4,108.7,113.4,114.6,118.1,113.4,115.7,109.8,115.7,125.2,164.2,150.0,140.6,131.1,135.8,99999.0,94.5,100.4,113.4,107.5,101.6,96.9,108.7,108.7,103.9,102.8,106.3,121.7,122.8,116.9,111.0,106.3,106.3,100.4,94.5,96.9,101.6,111.0,109.8,102.8,145.3,139.4,116.9,111.0,119.3,119.3,111.0,107.5,100.4,99.2,99.2,105.1,106.3,107.5,119.3,125.2,128.7,154.7,155.9,173.6,184.3,187.8,178.3,160.6,165.4,173.6,165.4,157.1,186.6,199.6,190.2,193.7,164.2,140.6,135.8,135.8,140.6,125.2,134.6,139.4,137.0,133.5,139.4,142.9,142.9,139.4,137.0,127.6,114.6,111.0,114.6,116.9,115.7,119.3,126.4,121.7,125.2,119.3,121.7,120.5,122.8,125.2,120.5,118.1,120.5,107.5,115.7,125.2,124.0,115.7,119.3,118.1,114.6,116.9,118.1,107.5,111.0,109.8,111.0,109.8,106.3,102.8,101.6,106.3,107.5,107.5,111.0,111.0,114.6,113.4,111.0,113.4,111.0,111.0,108.7,102.8,107.5,118.1,132.3,125.2,103.9,112.2,99999.0,112.2,114.6,115.7,105.1,106.3,118.1,118.1,115.7,114.6,116.9,114.6,120.5,133.5,145.3,146.5,148.8,147.6,153.5,152.4,146.5,151.2,158.3,158.3,157.1,158.3,170.1,170.1,165.4,171.3,165.4,160.6,164.2,160.6,164.2,159.4,154.7,166.5,166.5,161.8,153.5,155.9,160.6,167.7,161.8,161.8,165.4,157.1,150.0,140.6,145.3,146.5,134.6,125.2,115.7,108.7,107.5,109.8,113.4,114.6,114.6,116.9,114.6,107.5,109.8,107.5,112.2,114.6,113.4,113.4,115.7,118.1,121.7,128.7,124.0,122.8,126.4,121.7,105.1
103.9,102.8,100.4,112.2,109.8,103.9,109.8,116.9,126.4,121.7,120.5,129.9,111.0,103.9,102.8,100.4,100.4,114.6,116.9,112.2,111.0,113.4,112.2,115.7,101.6,107.5,105.1,114.6,112.2,118.1,112.2,109.8,98.0,113.4,99.2,102.8,103.9,96.9,95.7,95.7,95.7,98.0,102.8,103.9,101.6,103.9,99.2,100.4,96.9,100.4,100.4,98.0,98.0,94.5,98.0,100.4,106.3,98.0,93.3,98.0,100.4,100.4,105.1,96.9,94.5,98.0,102.8,99.2,103.9,105.1,106.3,115.7,106.3,107.5,101.6,96.9,95.7,95.7,95.7,95.7,96.9,98.0,99.2,99.2,96.9,88.6,99999.0,90.9,80.3,86.2,89.8,93.3,102.8,101.6,103.9,105.1,102.8,98.0,101.6,103.9,87.4,86.2,83.9,80.3,80.3,76.8,80.3,83.9,87.4,96.9,99999.0,137.0,133.5,133.5,132.3,135.8,157.1,160.6,153.5,158.3,181.9,186.6,154.7,133.5,131.1,132.3,141.7,144.1,140.6,135.8,119.3,119.3,126.4,128.7,127.6,127.6,107.5,113.4,106.3,106.3,105.1,103.9,107.5,113.4,109.8,111.0,111.0,115.7,114.6,121.7,140.6,141.7,119.3,118.1,109.8,101.6,103.9,102.8,102.8,105.1,102.8,106.3,109.8,108.7,106.3,100.4,105.1,112.2,115.7,115.7,106.3,103.9,99.2,94.5,98.0,103.9,111.0,114.6,107.5,135.8,108.7,98.0,100.4,109.8,116.9,107.5,103.9,101.6,101.6,100.4,103.9,105.1,111.0,113.4,115.7,118.1,118.1,159.4,166.5,167.7,164.2,166.5,147.6,160.6,177.2,152.4,155.9,165.4,198.4,189.0,170.1,133.5,126.4,124.0,132.3,135.8,132.3,132.3,131.1,122.8,120.5,129.9,128.7,126.4,128.7,121.7,119.3,115.7,108.7,112.2,114.6,118.1,119.3,120.5,124.0,125.2,118.1,115.7,112.2,113.4,120.5,115.7,122.8,124.0,116.9,122.8,122.8,118.1,113.4,115.7,114.6,115.7,112.2,106.3,111.0,113.4,111.0,109.8,112.2,103.9,105.1,100.4,108.7,102.8,105.1,106.3,107.5,111.0,112.2,109.8,113.4,108.7,101.6,103.9,111.0,113.4,127.6,124.0,106.3,102.8,98.0,111.0,100.4,101.6,103.9,108.7,109.8,112.2,114.6,111.0,109.8,113.4,114.6,116.9,121.7,141.7,145.3,144.1,140.6,141.7,140.6,142.9,144.1,150.0,145.3,153.5,153.5,158.3,168.9,160.6,161.8,164.2,168.9,167.7,166.5,160.6,158.3,147.6,150.0,148.8,158.3,155.9,160.6,159.4,155.9,153.5,158.3,155.9,147.6,142.9,140.6,133.5,131.1,127.6,124.0,118.1,109.8,109.8,114.6,115.7,112.2,108.7,113.4,113.4,109.8,100.4,101.6,107.5,109.8,107.5,103.9,105.1,114.6,119.3,122.8,132.3,119.3,125.2,127.6,124.0
111.0,102.8,107.5,111.0,106.3,103.9,108.7,109.8,120.5,120.5,121.7,125.2,114.6,103.9,105.1,103.9,100.4,100.4,102.8,106.3,112.2,115.7,112.2,106.3,102.8,102.8,112.2,109.8,111.0,115.7,99999.0,122.8,120.5,119.3,105.1,96.9,99.2,94.5,95.7,96.9,96.9,100.4,101.6,94.5,100.4,98.0,100.4,100.4,101.6,102.8,103.9,105.1,106.3,96.9,95.7,99.2,107.5,99.2,92.1,95.7,103.9,102.8,99.2,93.3,90.9,98.0,101.6,98.0,102.8,103.9,102.8,114.6,95.7,92.1,107.5,108.7,99.2,95.7,94.5,95.7,94.5,92.1,93.3,93.3,100.4,101.6,95.7,92.1,89.8,87.4,86.2,94.5,99.2,102.8,90.9,101.6,98.0,96.9,100.4,96.9,85.0,87.4,85.0,82.7,82.7,82.7,82.7,85.0,102.8,102.8,111.0,122.8,127.6,132.3,135.8,142.9,160.6,144.1,146.5,160.6,158.3,151.2,142.9,131.1,129.9,127.6,139.4,141.7,133.5,120.5,116.9,113.4,111.0,112.2,122.8,135.8,129.9,126.4,107.5,106.3,103.9,103.9,102.8,109.8,108.7,108.7,107.5,109.8,99.2,134.6,131.1,129.9,115.7,116.9,112.2,101.6,100.4,105.1,102.8,99.2,96.9,96.9,102.8,102.8,109.8,101.6,103.9,105.1,103.9,101.6,95.7,98.0,94.5,95.7,96.9,99.2,103.9,108.7,114.6,113.4,112.2,94.5,93.3,103.9,112.2,105.1,103.9,98.0,95.7,99.2,100.4,103.9,109.8,113.4,118.1,111.0,112.2,133.5,153.5,157.1,161.8,153.5,146.5,166.5,165.4,155.9,161.8,172.4,180.7,174.8,134.6,120.5,133.5,133.5,131.1,126.4,122.8,133.5,126.4,121.7,119.3,118.1,116.9,118.1,116.9,115.7,112.2,114.6,122.8,113.4,107.5,111.0,114.6,114.6,116.9,120.5,115.7,112.2,108.7,111.0,113.4,109.8,112.2,119.3,121.7,119.3,118.1,116.9,111.0,111.0,108.7,108.7,111.0,115.7,107.5,102.8,105.1,105.1,102.8,102.8,93.3,95.7,101.6,101.6,98.0,100.4,101.6,107.5,108.7,108.7,109.8,103.9,112.2,113.4,121.7,124.0,137.0,129.9,101.6,94.5,98.0,96.9,95.7,96.9,99.2,99999.0,114.6,99999.0,107.5,102.8,106.3,112.2,111.0,114.6,115.7,142.9,140.6,140.6,140.6,133.5,132.3,137.0,141.7,150.0,153.5,152.4,154.7,166.5,158.3,150.0,153.5,151.2,161.8,167.7,161.8,148.8,159.4,145.3,141.7,134.6,150.0,155.9,153.5,146.5,154.7,148.8,147.6,151.2,141.7,137.0,125.2,126.4,121.7,124.0,122.8,115.7,114.6,109.8,111.0,112.2,109.8,105.1,105.1,107.5,107.5,106.3,103.9,109.8,101.6,103.9,103.9,101.6,111.0,115.7,119.3,114.6,120.5,121.7,126.4,125.2
105.1,96.9,102.8,105.1,103.9,108.7,116.9,111.0,109.8,115.7,118.1,119.3,114.6,106.3,109.8,105.1,106.3,102.8,101.6,105.1,112.2,112.2,113.4,100.4,99.2,101.6,111.0,116.9,113.4,118.1,118.1,119.3,112.2,106.3,101.6,98.0,102.8,100.4,98.0,94.5,92.1,95.7,95.7,92.1,98.0,100.4,99.2,102.8,101.6,100.4,96.9,94.5,96.9,98.0,99.2,99.2,101.6,93.3,93.3,94.5,96.9,106.3,101.6,95.7,96.9,105.1,99.2,94.5,89.8,98.0,116.9,112.2,90.9,90.9,99.2,107.5,113.4,96.9,90.9,101.6,106.3,98.0,105.1,92.1,99.2,107.5,105.1,90.9,92.1,90.9,93.3,88.6,93.3,95.7,99.2,100.4,98.0,94.5,100.4,101.6,99999.0,88.6,87.4,82.7,80.3,82.7,86.2,86.2,98.0,95.7,111.0,119.3,126.4,128.7,135.8,144.1,141.7,141.7,146.5,148.8,141.7,138.2,139.4,128.7,125.2,127.6,126.4,126.4,119.3,115.7,121.7,124.0,115.7,128.7,137.0,139.4,137.0,112.2,102.8,106.3,106.3,107.5,103.9,105.1,109.8,101.6,103.9,101.6,94.5,100.4,124.0,126.4,96.9,118.1,106.3,98.0,106.3,92.1,99.2,100.4,102.8,98.0,105.1,107.5,108.7,103.9,101.6,98.0,85.0,86.2,95.7,98.0,94.5,95.7,94.5,98.0,98.0,101.6,96.9,98.0,101.6,92.1,93.3,101.6,106.3,106.3,101.6,94.5,95.7,98.0,98.0,103.9,112.2,116.9,115.7,107.5,107.5,107.5,138.2,140.6,139.4,142.9,141.7,159.4,151.2,158.3,157.1,163.0,138.2,151.2,108.7,116.9,140.6,132.3,126.4,129.9,122.8,122.8,122.8,116.9,113.4,103.9,111.0,109.8,106.3,106.3,108.7,105.1,100.4,106.3,102.8,101.6,113.4,113.4,109.8,111.0,108.7,109.8,107.5,102.8,106.3,106.3,102.8,106.3,111.0,115.7,119.3,115.7,103.9,105.1,106.3,105.1,101.6,106.3,111.0,113.4,116.9,102.8,108.7,105.1,93.3,93.3,96.9,98.0,98.0,99.2,98.0,99.2,106.3,107.5,108.7,103.9,111.0,115.7,118.1,128.7,134.6,119.3,113.4,103.9,96.9,99.2,102.8,94.5,99.2,102.8,114.6,106.3,105.1,102.8,106.3,107.5,108.7,108.7,111.0,118.1,133.5,137.0,137.0,133.5,135.8,132.3,139.4,140.6,141.7,148.8,153.5,153.5,147.6,157.1,137.0,150.0,153.5,152.4,148.8,141.7,146.5,148.8,146.5,146.5,145.3,148.8,154.7,145.3,144.1,146.5,147.6,140.6,140.6,128.7,121.7,124.0,122.8,113.4,115.7,113.4,111.0,106.3,108.7,107.5,109.8,108.7,111.0,101.6,102.8,101.6,109.8,109.8,103.9,105.1,106.3,99.2,112.2,120.5,119.3,106.3,112.2,118.1,109.8,105.1
102.8,100.4,108.7,103.9,103.9,111.0,107.5,112.2,111.0,111.0,113.4,119.3,112.2,112.2,108.7,100.4,105.1,108.7,107.5,103.9,108.7,113.4,108.7,102.8,98.0,101.6,108.7,114.6,112.2,124.0,118.1,108.7,106.3,98.0,95.7,101.6,100.4,103.9,94.5,89.8,89.8,92.1,107.5,101.6,102.8,105.1,102.8,100.4,99.2,100.4,93.3,94.5,95.7,98.0,98.0,103.9,108.7,102.8,100.4,99.2,106.3,109.8,99.2,103.9,93.3,101.6,94.5,99.2,93.3,103.9,113.4,112.2,98.0,99.2,99.2,109.8,106.3,100.4,96.9,96.9,101.6,100.4,102.8,102.8,101.6,108.7,96.9,92.1,93.3,93.3,93.3,99.2,95.7,92.1,94.5,96.9,103.9,101.6,99.2,82.7,73.2,96.9,86.2,83.9,83.9,81.5,86.2,87.4,99.2,95.7,106.3,122.8,124.0,126.4,132.3,140.6,138.2,138.2,141.7,144.1,148.8,141.7,134.6,129.9,121.7,127.6,122.8,121.7,114.6,114.6,114.6,120.5,118.1,119.3,120.5,118.1,113.4,108.7,108.7,105.1,107.5,107.5,103.9,100.4,100.4,99.2,96.9,98.0,93.3,93.3,98.0,106.3,99.2,95.7,99999.0,99.2,99.2,90.9,93.3,94.5,90.9,90.9,99.2,108.7,105.1,105.1,101.6,96.9,89.8,89.8,100.4,100.4,98.0,96.9,99.2,96.9,98.0,99.2,96.9,98.0,98.0,96.9,93.3,103.9,100.4,107.5,102.8,94.5,94.5,98.0,99.2,106.3,108.7,113.4,107.5,107.5,106.3,109.8,131.1,127.6,137.0,133.5,147.6,153.5,155.9,159.4,159.4,153.5,129.9,116.9,107.5,114.6,119.3,115.7,119.3,118.1,118.1,120.5,115.7,108.7,115.7,108.7,109.8,106.3,103.9,100.4,96.9,96.9,99.2,100.4,100.4,101.6,108.7,107.5,105.1,106.3,105.1,103.9,101.6,99.2,102.8,103.9,111.0,113.4,116.9,122.8,115.7,108.7,105.1,96.9,94.5,98.0,96.9,98.0,100.4,106.3,115.7,113.4,103.9,105.1,102.8,98.0,99.2,95.7,103.9,94.5,93.3,94.5,101.6,106.3,106.3,101.6,108.7,102.8,107.5,118.1,112.2,102.8,100.4,96.9,95.7,99.2,102.8,106.3,105.1,100.4,105.1,109.8,106.3,99.2,107.5,105.1,107.5,107.5,106.3,107.5,125.2,133.5,131.1,127.6,127.6,128.7,134.6,134.6,131.1,148.8,127.6,120.5,113.4,113.4,114.6,113.4,108.7,109.8,134.6,128.7,132.3,144.1,138.2,144.1,141.7,144.1,150.0,141.7,139.4,141.7,138.2,137.0,131.1,133.5,137.0,121.7,120.5,113.4,113.4,103.9,109.8,109.8,103.9,106.3,111.0,109.8,112.2,113.4,99.2,100.4,106.3,109.8,101.6,100.4,105.1,103.9,103.9,111.0,115.7,113.4,113.4,116.9,107.5,99.2
101.6,108.7,100.4,99.2,103.9,105.1,108.7,115.7,108.7,113.4,119.3,114.6,106.3,103.9,107.5,108.7,109.8,109.8,103.9,105.1,106.3,102.8,106.3,99.2,98.0,108.7,108.7,113.4,111.0,112.2,120.5,119.3,109.8,96.9,105.1,105.1,101.6,99.2,95.7,103.9,103.9,100.4,107.5,107.5,109.8,107.5,102.8,103.9,98.0,95.7,88.6,93.3,95.7,95.7,100.4,106.3,105.1,105.1,103.9,98.0,105.1,111.0,107.5,105.1,108.7,102.8,94.5,98.0,92.1,115.7,109.8,95.7,96.9,95.7,106.3,100.4,103.9,100.4,105.1,100.4,103.9,93.3,100.4,99.2,100.4,98.0,93.3,90.9,93.3,96.9,96.9,95.7,94.5,90.9,95.7,87.4,102.8,95.7,95.7,63.8,76.8,83.9,80.3,81.5,87.4,87.4,86.2,88.6,105.1,107.5,90.9,115.7,122.8,125.2,131.1,129.9,132.3,133.5,138.2,140.6,139.4,134.6,132.3,128.7,127.6,122.8,120.5,116.9,114.6,115.7,113.4,119.3,119.3,116.9,118.1,114.6,112.2,111.0,108.7,109.8,100.4,105.1,103.9,99.2,98.0,98.0,96.9,96.9,99.2,98.0,96.9,101.6,112.2,105.1,111.0,99.2,98.0,96.9,94.5,89.8,92.1,93.3,95.7,99999.0,103.9,109.8,105.1,99.2,94.5,92.1,100.4,102.8,98.0,102.8,105.1,101.6,102.8,102.8,98.0,92.1,95.7,101.6,99.2,88.6,95.7,94.5,96.9,101.6,109.8,105.1,98.0,100.4,106.3,112.2,107.5,101.6,107.5,106.3,122.8,127.6,129.9,129.9,128.7,132.3,150.0,154.7,153.5,134.6,121.7,112.2,106.3,108.7,114.6,116.9,111.0,109.8,115.7,118.1,114.6,106.3,108.7,105.1,100.4,96.9,94.5,94.5,92.1,100.4,106.3,92.1,94.5,100.4,103.9,102.8,100.4,99.2,98.0,102.8,101.6,111.0,113.4,112.2,105.1,113.4,116.9,120.5,108.7,107.5,108.7,105.1,105.1,98.0,99.2,96.9,99.2,100.4,102.8,103.9,100.4,102.8,99.2,103.9,99.2,101.6,95.7,95.7,90.9,95.7,99.2,100.4,94.5,96.9,108.7,98.0,98.0,93.3,99.2,100.4,99.2,98.0,96.9,95.7,95.7,99.2,100.4,100.4,103.9,100.4,105.1,108.7,96.9,99.2,106.3,106.3,106.3,111.0,119.3,126.4,126.4,121.7,120.5,126.4,121.7,121.7,113.4,109.8,114.6,113.4,112.2,111.0,112.2,109.8,108.7,108.7,108.7,126.4,126.4,112.2,125.2,137.0,140.6,142.9,146.5,140.6,135.8,135.8,133.5,132.3,132.3,124.0,116.9,119.3,114.6,112.2,111.0,103.9,107.5,108.7,103.9,100.4,103.9,103.9,107.5,108.7,101.6,99.2,109.8,114.6,103.9,95.7,99.2,107.5,101.6,102.8,106.3,114.6,113.4,109.8,99.2,100.4
96.9,99.2,98.0,95.7,101.6,107.5,107.5,108.7,105.1,112.2,118.1,111.0,105.1,103.9,99.2,106.3,106.3,107.5,102.8,109.8,105.1,99.2,102.8,99.2,98.0,98.0,108.7,107.5,98.0,96.9,103.9,111.0,108.7,102.8,106.3,95.7,99.2,92.1,92.1,103.9,114.6,109.8,112.2,108.7,114.6,109.8,106.3,98.0,94.5,90.9,90.9,94.5,96.9,94.5,99.2,99.2,99.2,101.6,105.1,103.9,99.2,96.9,100.4,108.7,103.9,103.9,102.8,94.5,75.6,100.4,102.8,102.8,95.7,109.8,108.7,107.5,101.6,112.2,100.4,102.8,96.9,83.9,93.3,86.2,83.9,85.0,82.7,81.5,80.3,89.8,87.4,93.3,90.9,94.5,98.0,83.9,86.2,81.5,79.1,76.8,72.0,76.8,83.9,75.6,74.4,89.8,92.1,92.1,105.1,89.8,90.9,108.7,122.8,125.2,129.9,128.7,132.3,133.5,138.2,138.2,139.4,139.4,134.6,125.2,127.6,124.0,115.7,118.1,116.9,119.3,118.1,120.5,116.9,114.6,114.6,115.7,108.7,105.1,103.9,103.9,102.8,99.2,100.4,98.0,96.9,99.2,96.9,98.0,101.6,99.2,100.4,99.2,107.5,107.5,103.9,94.5,99.2,93.3,96.9,90.9,92.1,94.5,92.1,90.9,98.0,107.5,95.7,92.1,95.7,94.5,98.0,100.4,100.4,100.4,102.8,102.8,101.6,102.8,96.9,90.9,92.1,98.0,103.9,90.9,89.8,94.5,94.5,98.0,108.7,102.8,98.0,96.9,106.3,108.7,108.7,103.9,105.1,107.5,107.5,113.4,112.2,109.8,103.9,111.0,111.0,118.1,119.3,113.4,112.2,112.2,99.2,112.2,120.5,114.6,103.9,100.4,113.4,112.2,101.6,108.7,111.0,106.3,105.1,105.1,100.4,99999.0,105.1,106.3,103.9,100.4,98.0,95.7,101.6,101.6,95.7,98.0,100.4,99.2,103.9,107.5,108.7,107.5,107.5,107.5,116.9,108.7,105.1,98.0,102.8,109.8,103.9,92.1,99999.0,99.2,102.8,102.8,103.9,102.8,107.5,107.5,102.8,95.7,99.2,99.2,98.0,92.1,90.9,100.4,101.6,98.0,98.0,100.4,101.6,103.9,105.1,94.5,96.9,99.2,96.9,94.5,95.7,96.9,96.9,99.2,101.6,105.1,102.8,103.9,107.5,95.7,93.3,98.0,94.5,100.4,102.8,106.3,112.2,115.7,121.7,116.9,106.3,107.5,107.5,109.8,111.0,109.8,111.0,105.1,106.3,108.7,111.0,107.5,100.4,107.5,106.3,109.8,102.8,105.1,115.7,124.0,141.7,139.4,133.5,131.1,134.6,135.8,124.0,127.6,122.8,122.8,115.7,115.7,119.3,111.0,105.1,112.2,119.3,108.7,101.6,101.6,101.6,107.5,101.6,106.3,103.9,101.6,99.2,108.7,102.8,98.0,101.6,99.2,101.6,101.6,108.7,106.3,105.1,108.7,108.7,99.2
95.7,103.9,100.4,98.0,102.8,106.3,111.0,107.5,105.1,103.9,106.3,106.3,98.0,98.0,93.3,94.5,106.3,103.9,102.8,105.1,102.8,100.4,99.2,96.9,98.0,96.9,99.2,100.4,93.3,88.6,86.2,89.8,82.7,94.5,111.0,100.4,95.7,94.5,92.1,92.1,105.1,111.0,112.2,114.6,115.7,106.3,99.2,92.1,92.1,90.9,88.6,92.1,96.9,96.9,98.0,98.0,96.9,95.7,101.6,108.7,108.7,105.1,96.9,98.0,96.9,94.5,96.9,96.9,99.2,93.3,95.7,101.6,95.7,103.9,99.2,101.6,103.9,107.5,107.5,105.1,98.0,94.5,93.3,96.9,99999.0,89.8,85.0,87.4,100.4,98.0,87.4,90.9,94.5,99.2,102.8,89.8,85.0,105.1,86.2,78.0,73.2,74.4,73.2,80.3,88.6,86.2,90.9,101.6,109.8,81.5,109.8,112.2,116.9,119.3,119.3,126.4,129.9,129.9,134.6,131.1,135.8,133.5,121.7,109.8,108.7,114.6,119.3,119.3,113.4,112.2,108.7,112.2,113.4,112.2,108.7,108.7,108.7,102.8,99.2,100.4,100.4,101.6,100.4,103.9,101.6,99.2,100.4,98.0,101.6,98.0,98.0,99.2,105.1,111.0,103.9,98.0,92.1,88.6,89.8,87.4,88.6,95.7,98.0,94.5,94.5,87.4,92.1,92.1,93.3,94.5,95.7,95.7,94.5,98.0,93.3,99.2,99.2,101.6,100.4,96.9,90.9,94.5,96.9,100.4,95.7,92.1,86.2,87.4,96.9,96.9,94.5,96.9,106.3,98.0,99.2,98.0,102.8,99.2,98.0,100.4,101.6,102.8,105.1,106.3,108.7,107.5,108.7,107.5,103.9,106.3,92.1,103.9,111.0,114.6,113.4,101.6,105.1,108.7,103.9,107.5,111.0,118.1,99999.0,99999.0,102.8,105.1,102.8,107.5,105.1,101.6,99.2,96.9,98.0,99.2,96.9,98.0,99.2,108.7,107.5,115.7,113.4,106.3,112.2,113.4,108.7,101.6,100.4,82.7,85.0,98.0,101.6,93.3,98.0,96.9,99.2,103.9,103.9,98.0,101.6,106.3,106.3,99.2,94.5,96.9,93.3,92.1,93.3,98.0,94.5,92.1,90.9,95.7,96.9,108.7,106.3,102.8,95.7,101.6,95.7,98.0,89.8,92.1,95.7,98.0,101.6,105.1,103.9,102.8,103.9,79.1,92.1,88.6,92.1,90.9,100.4,102.8,99.2,100.4,99.2,99.2,103.9,103.9,105.1,107.5,108.7,108.7,111.0,106.3,103.9,102.8,105.1,103.9,103.9,112.2,95.7,100.4,101.6,103.9,105.1,118.1,133.5,138.2,131.1,129.9,134.6,126.4,122.8,115.7,108.7,118.1,111.0,108.7,111.0,114.6,92.1,118.1,113.4,108.7,105.1,98.0,95.7,105.1,101.6,98.0,101.6,105.1,101.6,98.0,105.1,98.0,101.6,96.9,99.2,100.4,103.9,101.6,98.0,99.2,105.1,102.8
98.0,95.7,99.2,101.6,105.1,107.5,107.5,106.3,102.8,105.1,106.3,103.9,90.9,95.7,85.0,99999.0,94.5,96.9,102.8,102.8,100.4,102.8,98.0,96.9,96.9,96.9,96.9,92.1,107.5,107.5,81.5,83.9,95.7,103.9,103.9,99.2,95.7,93.3,92.1,90.9,94.5,99.2,112.2,114.6,112.2,106.3,105.1,93.3,93.3,82.7,87.4,92.1,94.5,95.7,95.7,96.9,93.3,96.9,100.4,101.6,107.5,101.6,98.0,95.7,93.3,93.3,95.7,94.5,93.3,95.7,99.2,93.3,93.3,100.4,99.2,101.6,101.6,111.0,111.0,98.0,92.1,88.6,94.5,95.7,98.0,99999.0,85.0,87.4,82.7,88.6,87.4,93.3,92.1,98.0,98.0,99.2,92.1,92.1,93.3,88.6,99999.0,99999.0,83.9,83.9,88.6,85.0,90.9,98.0,103.9,88.6,108.7,114.6,120.5,120.5,118.1,122.8,129.9,132.3,131.1,127.6,132.3,128.7,121.7,112.2,106.3,109.8,109.8,112.2,102.8,105.1,107.5,111.0,112.2,107.5,103.9,101.6,103.9,101.6,100.4,96.9,98.0,101.6,102.8,103.9,100.4,99.2,100.4,100.4,99.2,96.9,95.7,99.2,100.4,101.6,98.0,90.9,90.9,90.9,90.9,90.9,87.4,90.9,93.3,90.9,93.3,92.1,96.9,95.7,96.9,89.8,90.9,93.3,96.9,95.7,90.9,92.1,93.3,92.1,90.9,102.8,96.9,96.9,100.4,98.0,101.6,99.2,99.2,93.3,96.9,92.1,93.3,94.5,94.5,89.8,94.5,100.4,101.6,102.8,109.8,102.8,101.6,100.4,102.8,101.6,101.6,105.1,101.6,100.4,105.1,101.6,96.9,101.6,105.1,106.3,111.0,106.3,102.8,106.3,102.8,102.8,113.4,99999.0,100.4,99.2,103.9,103.9,101.6,101.6,106.3,113.4,107.5,93.3,89.8,90.9,96.9,95.7,96.9,95.7,107.5,113.4,111.0,111.0,112.2,113.4,111.0,111.0,103.9,93.3,92.1,90.9,93.3,93.3,99.2,95.7,101.6,107.5,102.8,101.6,106.3,103.9,100.4,103.9,95.7,89.8,93.3,89.8,92.1,95.7,95.7,96.9,96.9,98.0,100.4,99.2,92.1,92.1,106.3,106.3,105.1,103.9,94.5,90.9,92.1,93.3,95.7,100.4,99.2,100.4,99.2,93.3,90.9,99999.0,89.8,89.8,93.3,96.9,96.9,102.8,101.6,96.9,103.9,102.8,101.6,106.3,108.7,106.3,107.5,100.4,106.3,102.8,99.2,102.8,100.4,100.4,95.7,98.0,99.2,96.9,98.0,102.8,114.6,126.4,126.4,124.0,125.2,118.1,114.6,108.7,106.3,100.4,102.8,103.9,116.9,98.0,101.6,108.7,101.6,105.1,105.1,101.6,101.6,102.8,102.8,94.5,100.4,96.9,95.7,95.7,98.0,98.0,103.9,96.9,99.2,95.7,96.9,96.9,100.4,98.0,98.0,98.0
95.7,96.9,96.9,103.9,103.9,101.6,102.8,102.8,95.7,100.4,106.3,108.7,96.9,96.9,85.0,81.5,90.9,101.6,102.8,102.8,98.0,101.6,103.9,100.4,90.9,95.7,94.5,93.3,96.9,108.7,85.0,95.7,101.6,99.2,96.9,92.1,90.9,89.8,89.8,90.9,101.6,101.6,102.8,109.8,106.3,89.8,96.9,90.9,89.8,87.4,87.4,88.6,93.3,98.0,100.4,99.2,92.1,93.3,95.7,95.7,102.8,95.7,99.2,96.9,94.5,94.5,96.9,92.1,92.1,92.1,93.3,90.9,90.9,94.5,100.4,101.6,103.9,98.0,106.3,108.7,102.8,90.9,94.5,99.2,94.5,89.8,76.8,89.8,90.9,85.0,87.4,90.9,92.1,94.5,92.1,90.9,89.8,86.2,89.8,94.5,99999.0,99999.0,99.2,96.9,88.6,80.3,83.9,93.3,95.7,105.1,115.7,115.7,122.8,118.1,122.8,126.4,127.6,125.2,126.4,127.6,125.2,129.9,125.2,109.8,106.3,99.2,101.6,102.8,102.8,100.4,100.4,106.3,105.1,105.1,103.9,96.9,99.2,90.9,95.7,96.9,96.9,101.6,100.4,96.9,99.2,103.9,103.9,102.8,101.6,101.6,101.6,99.2,99.2,98.0,94.5,95.7,93.3,88.6,92.1,90.9,88.6,86.2,89.8,90.9,90.9,90.9,95.7,95.7,100.4,95.7,93.3,93.3,83.9,86.2,88.6,92.1,87.4,83.9,80.3,86.2,93.3,93.3,93.3,95.7,95.7,94.5,99.2,92.1,90.9,93.3,94.5,92.1,92.1,93.3,95.7,101.6,103.9,103.9,96.9,99.2,103.9,95.7,96.9,99.2,98.0,99.2,96.9,98.0,94.5,99.2,102.8,100.4,100.4,99.2,98.0,96.9,98.0,92.1,96.9,99.2,106.3,105.1,101.6,101.6,99999.0,99.2,99999.0,96.9,98.0,96.9,85.0,95.7,80.3,83.9,87.4,96.9,93.3,111.0,108.7,111.0,111.0,105.1,111.0,113.4,107.5,103.9,101.6,105.1,98.0,88.6,87.4,89.8,95.7,95.7,88.6,99.2,100.4,102.8,98.0,95.7,95.7,98.0,89.8,89.8,89.8,89.8,95.7,94.5,94.5,99.2,95.7,95.7,94.5,94.5,85.0,99999.0,101.6,103.9,100.4,103.9,101.6,96.9,95.7,95.7,96.9,99.2,96.9,98.0,92.1,92.1,92.1,85.0,85.0,99999.0,85.0,92.1,95.7,93.3,99.2,87.4,99.2,107.5,103.9,95.7,95.7,96.9,102.8,98.0,98.0,99.2,93.3,90.9,96.9,98.0,94.5,100.4,101.6,99.2,96.9,101.6,113.4,119.3,121.7,119.3,121.7,109.8,107.5,107.5,103.9,105.1,100.4,95.7,96.9,96.9,98.0,105.1,89.8,96.9,98.0,100.4,103.9,101.6,100.4,95.7,96.9,89.8,88.6,92.1,95.7,99.2,100.4,95.7,95.7,92.1,83.9,96.9,99.2,92.1,96.9,95.7
94.5,95.7,98.0,98.0,95.7,95.7,98.0,96.9,95.7,96.9,103.9,100.4,95.7,90.9,89.8,86.2,83.9,98.0,101.6,101.6,102.8,100.4,101.6,98.0,90.9,96.9,93.3,88.6,94.5,108.7,94.5,88.6,81.5,86.2,86.2,93.3,92.1,88.6,88.6,90.9,95.7,98.0,90.9,99999.0,99999.0,86.2,85.0,86.2,88.6,87.4,92.1,88.6,89.8,99.2,96.9,92.1,96.9,92.1,95.7,103.9,103.9,102.8,100.4,93.3,93.3,95.7,95.7,96.9,95.7,92.1,89.8,86.2,93.3,92.1,99999.0,99.2,100.4,85.0,96.9,109.8,87.4,87.4,86.2,102.8,105.1,98.0,78.0,88.6,88.6,92.1,90.9,100.4,99.2,94.5,100.4,92.1,90.9,99999.0,85.0,86.2,85.0,99999.0,95.7,94.5,85.0,76.8,83.9,94.5,93.3,105.1,115.7,118.1,116.9,114.6,116.9,119.3,124.0,121.7,121.7,122.8,126.4,115.7,106.3,103.9,98.0,96.9,101.6,102.8,99.2,95.7,98.0,102.8,100.4,101.6,103.9,92.1,90.9,92.1,98.0,99.2,100.4,102.8,101.6,102.8,96.9,95.7,101.6,100.4,101.6,99.2,98.0,95.7,95.7,98.0,93.3,93.3,94.5,90.9,93.3,88.6,88.6,92.1,92.1,89.8,89.8,90.9,90.9,93.3,93.3,94.5,94.5,89.8,89.8,83.9,86.2,88.6,85.0,85.0,86.2,85.0,88.6,90.9,88.6,87.4,90.9,94.5,90.9,92.1,93.3,93.3,95.7,88.6,90.9,95.7,106.3,113.4,103.9,108.7,100.4,99.2,105.1,94.5,92.1,93.3,93.3,95.7,94.5,96.9,98.0,99.2,95.7,99.2,105.1,105.1,98.0,101.6,103.9,107.5,103.9,107.5,115.7,112.2,99999.0,95.7,100.4,101.6,99999.0,98.0,92.1,102.8,101.6,99999.0,92.1,79.1,86.2,99999.0,99999.0,99.2,101.6,106.3,107.5,90.9,102.8,106.3,105.1,101.6,99.2,98.0,99.2,95.7,86.2,94.5,95.7,88.6,93.3,90.9,92.1,89.8,86.2,87.4,92.1,89.8,92.1,93.3,94.5,88.6,94.5,92.1,96.9,95.7,90.9,94.5,98.0,98.0,89.8,89.8,86.2,89.8,93.3,93.3,90.9,94.5,98.0,99.2,96.9,98.0,96.9,92.1,82.7,88.6,98.0,86.2,86.2,89.8,86.2,92.1,92.1,92.1,94.5,99.2,99.2,102.8,103.9,100.4,94.5,90.9,98.0,96.9,95.7,94.5,92.1,94.5,94.5,94.5,94.5,95.7,99.2,101.6,99.2,101.6,103.9,105.1,113.4,109.8,105.1,103.9,106.3,100.4,98.0,102.8,107.5,93.3,92.1,94.5,93.3,99.2,96.9,89.8,96.9,96.9,100.4,100.4,95.7,93.3,90.9,76.8,89.8,99.2,95.7,95.7,99.2,96.9,92.1,92.1,85.0,101.6,99.2,100.4,98.0,95.7
93.3,95.7,94.5,95.7,89.8,90.9,93.3,98.0,95.7,95.7,94.5,96.9,95.7,92.1,90.9,90.9,89.8,95.7,100.4,101.6,99.2,96.9,99999.0,94.5,99.2,93.3,89.8,93.3,93.3,92.1,94.5,83.9,94.5,93.3,85.0,88.6,85.0,85.0,87.4,87.4,89.8,92.1,92.1,90.9,83.9,82.7,83.9,85.0,86.2,88.6,89.8,89.8,93.3,98.0,95.7,95.7,93.3,93.3,96.9,101.6,95.7,96.9,94.5,92.1,90.9,94.5,94.5,95.7,94.5,89.8,94.5,96.9,89.8,87.4,96.9,99999.0,103.9,90.9,87.4,107.5,99999.0,74.4,94.5,96.9,105.1,99.2,94.5,102.8,103.9,100.4,94.5,96.9,100.4,96.9,93.3,82.7,90.9,87.4,81.5,82.7,85.0,87.4,82.7,86.2,85.0,81.5,89.8,95.7,94.5,102.8,113.4,111.0,113.4,112.2,107.5,119.3,124.0,119.3,102.8,103.9,102.8,96.9,99.2,98.0,93.3,92.1,101.6,98.0,98.0,98.0,96.9,99.2,98.0,105.1,101.6,96.9,90.9,95.7,99.2,98.0,101.6,101.6,99.2,94.5,100.4,102.8,102.8,101.6,102.8,90.9,90.9,96.9,93.3,93.3,93.3,92.1,95.7,92.1,83.9,86.2,93.3,93.3,92.1,90.9,88.6,90.9,90.9,88.6,88.6,87.4,95.7,86.2,86.2,86.2,85.0,85.0,88.6,87.4,87.4,86.2,83.9,87.4,87.4,85.0,88.6,90.9,89.8,93.3,92.1,92.1,96.9,86.2,86.2,89.8,100.4,103.9,105.1,109.8,109.8,103.9,106.3,109.8,102.8,96.9,96.9,98.0,95.7,96.9,100.4,96.9,96.9,102.8,105.1,105.1,96.9,89.8,95.7,102.8,101.6,99.2,107.5,107.5,99.2,80.3,93.3,95.7,96.9,99999.0,99999.0,101.6,100.4,101.6,99999.0,83.9,85.0,92.1,101.6,94.5,99999.0,96.9,95.7,83.9,103.9,101.6,98.0,90.9,92.1,92.1,96.9,95.7,90.9,92.1,95.7,89.8,86.2,93.3,90.9,101.6,87.4,87.4,90.9,89.8,86.2,88.6,90.9,92.1,96.9,95.7,98.0,93.3,89.8,92.1,83.9,89.8,83.9,90.9,86.2,85.0,81.5,81.5,87.4,87.4,88.6,94.5,96.9,102.8,93.3,87.4,87.4,86.2,89.8,96.9,88.6,87.4,89.8,93.3,93.3,96.9,98.0,96.9,99.2,100.4,102.8,100.4,95.7,99.2,95.7,94.5,93.3,90.9,88.6,93.3,92.1,92.1,90.9,94.5,96.9,102.8,100.4,100.4,101.6,105.1,101.6,106.3,98.0,99.2,95.7,89.8,90.9,92.1,100.4,90.9,94.5,90.9,98.0,106.3,108.7,105.1,100.4,100.4,100.4,98.0,92.1,90.9,88.6,76.8,90.9,89.8,98.0,93.3,88.6,94.5,90.9,102.8,99.2,94.5,99.2,96.9,99.2,93.3
94.5,95.7,94.5,94.5,87.4,88.6,92.1,93.3,96.9,93.3,95.7,99.2,95.7,90.9,90.9,92.1,94.5,95.7,98.0,100.4,100.4,99.2,103.9,103.9,112.2,99999.0,86.2,94.5,95.7,86.2,89.8,94.5,92.1,82.7,87.4,86.2,85.0,85.0,86.2,87.4,89.8,90.9,92.1,90.9,93.3,87.4,85.0,93.3,83.9,85.0,86.2,87.4,89.8,90.9,87.4,100.4,98.0,94.5,90.9,106.3,99.2,98.0,92.1,90.9,92.1,90.9,93.3,94.5,95.7,92.1,93.3,93.3,90.9,99999.0,98.0,101.6,99.2,80.3,95.7,98.0,98.0,80.3,102.8,98.0,107.5,102.8,96.9,95.7,93.3,99.2,95.7,100.4,92.1,89.8,90.9,88.6,86.2,86.2,99999.0,99999.0,86.2,88.6,95.7,89.8,86.2,87.4,85.0,94.5,93.3,112.2,109.8,112.2,113.4,109.8,109.8,113.4,118.1,112.2,96.9,92.1,94.5,93.3,93.3,98.0,92.1,88.6,89.8,94.5,94.5,96.9,99.2,101.6,100.4,100.4,94.5,93.3,90.9,92.1,95.7,92.1,95.7,90.9,94.5,92.1,98.0,99.2,98.0,98.0,96.9,93.3,92.1,80.3,95.7,95.7,93.3,92.1,90.9,95.7,90.9,83.9,86.2,87.4,85.0,88.6,90.9,89.8,88.6,88.6,88.6,89.8,90.9,86.2,85.0,86.2,85.0,85.0,86.2,86.2,85.0,85.0,81.5,82.7,85.0,87.4,87.4,85.0,79.1,88.6,87.4,85.0,95.7,86.2,86.2,88.6,89.8,92.1,99.2,112.2,111.0,105.1,101.6,105.1,103.9,101.6,94.5,95.7,96.9,96.9,96.9,99.2,98.0,100.4,96.9,94.5,95.7,94.5,89.8,88.6,89.8,90.9,89.8,100.4,94.5,88.6,93.3,94.5,99999.0,99999.0,99999.0,99999.0,99999.0,99999.0,88.6,88.6,94.5,113.4,111.0,95.7,85.0,86.2,99999.0,99999.0,102.8,98.0,92.1,90.9,88.6,93.3,92.1,89.8,88.6,88.6,81.5,89.8,99999.0,90.9,95.7,93.3,87.4,93.3,99999.0,86.2,85.0,82.7,86.2,94.5,99.2,99.2,95.7,98.0,89.8,90.9,88.6,82.7,89.8,88.6,87.4,86.2,85.0,87.4,92.1,93.3,82.7,83.9,88.6,95.7,86.2,86.2,83.9,86.2,90.9,92.1,83.9,88.6,92.1,92.1,90.9,95.7,96.9,95.7,95.7,95.7,98.0,93.3,90.9,93.3,92.1,92.1,92.1,89.8,88.6,92.1,93.3,92.1,92.1,93.3,95.7,95.7,96.9,102.8,98.0,99.2,96.9,100.4,93.3,94.5,94.5,92.1,92.1,94.5,93.3,92.1,93.3,92.1,95.7,103.9,100.4,101.6,102.8,101.6,100.4,100.4,88.6,85.0,88.6,74.4,68.5,86.2,96.9,100.4,86.2,83.9,100.4,100.4,98.0,94.5,100.4,95.7,94.5,90.9
90.9,99.2,101.6,93.3,88.6,86.2,89.8,88.6,92.1,94.5,93.3,94.5,93.3,89.8,86.2,90.9,93.3,92.1,100.4,103.9,98.0,90.9,93.3,93.3,92.1,99999.0,93.3,96.9,93.3,93.3,85.0,78.0,74.4,70.9,99999.0,85.0,86.2,85.0,86.2,87.4,88.6,90.9,90.9,76.8,82.7,82.7,79.1,99999.0,86.2,81.5,86.2,89.8,87.4,82.7,87.4,95.7,96.9,90.9,89.8,100.4,100.4,96.9,93.3,90.9,89.8,89.8,92.1,93.3,93.3,94.5,93.3,95.7,88.6,93.3,93.3,95.7,96.9,87.4,89.8,99999.0,99999.0,102.8,94.5,102.8,99.2,100.4,102.8,98.0,102.8,96.9,87.4,90.9,88.6,89.8,87.4,88.6,89.8,89.8,87.4,82.7,90.9,92.1,86.2,87.4,85.0,86.2,82.7,87.4,94.5,105.1,108.7,102.8,106.3,107.5,108.7,94.5,94.5,92.1,92.1,90.9,92.1,95.7,96.9,93.3,92.1,88.6,87.4,93.3,90.9,90.9,96.9,98.0,98.0,96.9,95.7,95.7,94.5,101.6,101.6,86.2,83.9,89.8,90.9,93.3,95.7,98.0,93.3,92.1,90.9,88.6,86.2,90.9,95.7,96.9,90.9,89.8,90.9,95.7,94.5,82.7,81.5,86.2,88.6,90.9,89.8,89.8,88.6,88.6,93.3,92.1,90.9,88.6,86.2,83.9,85.0,86.2,85.0,83.9,81.5,80.3,81.5,82.7,83.9,85.0,86.2,87.4,82.7,80.3,78.0,81.5,85.0,90.9,83.9,82.7,88.6,83.9,95.7,96.9,98.0,98.0,98.0,98.0,96.9,95.7,93.3,93.3,95.7,95.7,94.5,95.7,94.5,95.7,93.3,93.3,92.1,88.6,86.2,87.4,86.2,81.5,85.0,86.2,89.8,95.7,99999.0,99999.0,99999.0,99999.0,82.7,80.3,82.7,88.6,86.2,89.8,85.0,85.0,90.9,94.5,99999.0,82.7,83.9,85.0,96.9,94.5,95.7,90.9,87.4,85.0,86.2,87.4,90.9,93.3,87.4,86.2,86.2,83.9,86.2,87.4,89.8,83.9,99999.0,86.2,83.9,75.6,89.8,96.9,93.3,96.9,95.7,89.8,90.9,85.0,85.0,86.2,79.1,82.7,85.0,86.2,83.9,83.9,83.9,79.1,86.2,88.6,90.9,95.7,83.9,78.0,81.5,86.2,85.0,86.2,89.8,87.4,88.6,88.6,89.8,92.1,92.1,95.7,94.5,94.5,90.9,83.9,93.3,89.8,89.8,88.6,89.8,88.6,89.8,90.9,93.3,92.1,88.6,89.8,90.9,94.5,98.0,96.9,90.9,89.8,92.1,95.7,94.5,94.5,93.3,90.9,94.5,94.5,88.6,92.1,93.3,90.9,86.2,81.5,89.8,103.9,99.2,102.8,98.0,95.7,87.4,87.4,70.9,67.3,66.1,76.8,93.3,92.1,85.0,86.2,93.3,99.2,96.9,98.0,92.1,93.3,90.9,85.0
95.7,99.2,99.2,90.9,92.1,90.9,90.9,88.6,90.9,90.9,90.9,92.1,93.3,89.8,89.8,92.1,94.5,98.0,101.6,95.7,89.8,90.9,103.9,98.0,95.7,89.8,90.9,96.9,92.1,87.4,88.6,87.4,78.0,70.9,67.3,74.4,85.0,87.4,86.2,87.4,86.2,88.6,87.4,83.9,82.7,81.5,86.2,88.6,88.6,86.2,81.5,89.8,94.5,90.9,83.9,92.1,88.6,87.4,94.5,90.9,94.5,98.0,85.0,86.2,87.4,83.9,87.4,89.8,92.1,92.1,92.1,90.9,93.3,93.3,90.9,90.9,89.8,88.6,87.4,90.9,92.1,87.4,87.4,86.2,90.9,99.2,96.9,95.7,94.5,99.2,79.1,83.9,86.2,92.1,85.0,89.8,93.3,93.3,89.8,83.9,82.7,87.4,82.7,81.5,82.7,82.7,85.0,81.5,93.3,105.1,109.8,98.0,106.3,108.7,116.9,100.4,95.7,92.1,90.9,90.9,93.3,90.9,94.5,93.3,90.9,86.2,87.4,89.8,90.9,93.3,96.9,96.9,96.9,94.5,90.9,90.9,90.9,96.9,92.1,85.0,85.0,83.9,87.4,92.1,95.7,100.4,92.1,88.6,90.9,92.1,93.3,89.8,95.7,94.5,88.6,92.1,90.9,89.8,83.9,79.1,83.9,82.7,82.7,82.7,85.0,83.9,82.7,82.7,87.4,93.3,90.9,87.4,86.2,82.7,85.0,83.9,85.0,85.0,86.2,82.7,82.7,85.0,85.0,87.4,87.4,85.0,86.2,82.7,80.3,79.1,82.7,82.7,83.9,86.2,83.9,87.4,88.6,94.5,90.9,92.1,95.7,94.5,94.5,92.1,93.3,93.3,87.4,89.8,95.7,93.3,90.9,90.9,89.8,99999.0,101.6,86.2,88.6,86.2,86.2,81.5,85.0,85.0,83.9,88.6,87.4,88.6,82.7,80.3,81.5,85.0,85.0,81.5,85.0,99999.0,99999.0,86.2,87.4,85.0,99999.0,99999.0,99999.0,86.2,88.6,87.4,88.6,86.2,85.0,85.0,85.0,86.2,99999.0,99.2,99999.0,99999.0,89.8,78.0,87.4,86.2,87.4,92.1,82.7,89.8,100.4,90.9,82.7,89.8,90.9,89.8,87.4,87.4,90.9,86.2,88.6,80.3,80.3,83.9,83.9,85.0,85.0,87.4,83.9,82.7,83.9,83.9,86.2,89.8,95.7,79.1,80.3,80.3,85.0,82.7,85.0,90.9,90.9,94.5,92.1,86.2,89.8,94.5,94.5,98.0,95.7,93.3,83.9,88.6,90.9,89.8,89.8,88.6,86.2,87.4,88.6,90.9,92.1,90.9,89.8,92.1,94.5,92.1,88.6,88.6,89.8,92.1,98.0,96.9,95.7,94.5,94.5,98.0,101.6,95.7,94.5,93.3,89.8,87.4,96.9,92.1,95.7,93.3,90.9,87.4,87.4,87.4,78.0,83.9,85.0,87.4,93.3,92.1,87.4,83.9,93.3,89.8,93.3,89.8,87.4,93.3,87.4,85.0
81.5,93.3,98.0,95.7,94.5,88.6,90.9,87.4,86.2,89.8,88.6,90.9,90.9,87.4,94.5,90.9,90.9,92.1,99.2,89.8,88.6,89.8,82.7,85.0,81.5,83.9,90.9,98.0,99999.0,86.2,88.6,85.0,87.4,99999.0,76.8,70.9,73.2,83.9,86.2,86.2,85.0,90.9,88.6,82.7,83.9,81.5,83.9,89.8,87.4,83.9,83.9,88.6,88.6,92.1,93.3,86.2,86.2,81.5,89.8,94.5,93.3,89.8,86.2,89.8,88.6,86.2,68.5,81.5,87.4,90.9,89.8,89.8,90.9,87.4,88.6,88.6,90.9,93.3,90.9,89.8,93.3,81.5,81.5,86.2,89.8,93.3,94.5,88.6,87.4,90.9,81.5,83.9,86.2,90.9,83.9,90.9,88.6,88.6,88.6,82.7,82.7,82.7,95.7,93.3,90.9,86.2,82.7,81.5,90.9,106.3,107.5,106.3,111.0,111.0,113.4,92.1,90.9,94.5,92.1,90.9,89.8,90.9,92.1,88.6,86.2,85.0,87.4,89.8,90.9,96.9,99.2,93.3,94.5,95.7,92.1,94.5,94.5,90.9,85.0,83.9,81.5,82.7,85.0,86.2,86.2,89.8,89.8,89.8,93.3,94.5,94.5,89.8,95.7,92.1,88.6,85.0,88.6,78.0,75.6,78.0,80.3,83.9,82.7,86.2,74.4,81.5,79.1,82.7,79.1,83.9,88.6,90.9,88.6,85.0,83.9,82.7,83.9,82.7,80.3,76.8,80.3,80.3,82.7,86.2,89.8,89.8,88.6,85.0,83.9,83.9,82.7,82.7,81.5,81.5,99999.0,99999.0,75.6,75.6,95.7,95.7,85.0,90.9,88.6,92.1,92.1,92.1,90.9,88.6,88.6,88.6,87.4,86.2,80.3,89.8,95.7,86.2,88.6,88.6,90.9,87.4,87.4,85.0,83.9,86.2,86.2,82.7,81.5,79.1,81.5,80.3,81.5,88.6,92.1,89.8,92.1,92.1,99999.0,99999.0,99999.0,99999.0,99999.0,99999.0,99999.0,99999.0,89.8,82.7,80.3,82.7,87.4,87.4,87.4,90.9,99999.0,83.9,99999.0,79.1,76.8,82.7,79.1,85.0,83.9,85.0,82.7,85.0,81.5,89.8,88.6,87.4,87.4,85.0,87.4,86.2,88.6,92.1,87.4,83.9,83.9,82.7,82.7,85.0,83.9,81.5,83.9,83.9,89.8,83.9,88.6,85.0,85.0,80.3,82.7,80.3,81.5,87.4,85.0,83.9,83.9,83.9,87.4,81.5,90.9,94.5,94.5,90.9,88.6,88.6,88.6,92.1,86.2,87.4,88.6,86.2,87.4,90.9,93.3,89.8,88.6,88.6,88.6,87.4,89.8,86.2,89.8,87.4,93.3,99.2,92.1,93.3,96.9,101.6,98.0,92.1,96.9,83.9,83.9,88.6,100.4,101.6,99.2,94.5,89.8,85.0,87.4,86.2,79.1,82.7,83.9,89.8,92.1,88.6,87.4,85.0,90.9,88.6,92.1,90.9,87.4,90.9,85.0,90.9
95.7,100.4,101.6,93.3,95.7,89.8,90.9,82.7,83.9,86.2,88.6,87.4,85.0,87.4,87.4,88.6,86.2,86.2,85.0,85.0,82.7,85.0,82.7,99999.0,99999.0,88.6,89.8,99999.0,99999.0,93.3,92.1,93.3,88.6,83.9,80.3,79.1,75.6,81.5,83.9,99999.0,99999.0,90.9,87.4,86.2,82.7,82.7,88.6,82.7,82.7,83.9,81.5,85.0,82.7,88.6,79.1,82.7,89.8,93.3,96.9,90.9,89.8,88.6,87.4,89.8,88.6,86.2,82.7,86.2,88.6,78.0,86.2,86.2,80.3,86.2,88.6,88.6,87.4,89.8,89.8,87.4,85.0,79.1,75.6,76.8,80.3,81.5,88.6,86.2,85.0,83.9,74.4,81.5,87.4,75.6,99999.0,94.5,89.8,89.8,86.2,83.9,83.9,86.2,85.0,89.8,89.8,86.2,82.7,82.7,95.7,105.1,103.9,103.9,106.3,108.7,103.9,88.6,90.9,92.1,90.9,89.8,88.6,87.4,87.4,86.2,85.0,86.2,89.8,90.9,92.1,95.7,95.7,93.3,94.5,95.7,96.9,96.9,93.3,92.1,89.8,89.8,85.0,81.5,87.4,87.4,86.2,87.4,92.1,85.0,95.7,98.0,95.7,95.7,92.1,82.7,89.8,88.6,82.7,78.0,74.4,70.9,76.8,81.5,82.7,83.9,82.7,79.1,75.6,74.4,80.3,81.5,82.7,83.9,83.9,83.9,83.9,80.3,81.5,82.7,99999.0,99999.0,78.0,79.1,81.5,85.0,90.9,92.1,88.6,85.0,85.0,88.6,98.0,94.5,81.5,99999.0,99999.0,99999.0,76.8,81.5,90.9,94.5,92.1,85.0,83.9,89.8,81.5,86.2,87.4,88.6,87.4,87.4,82.7,86.2,90.9,99999.0,96.9,89.8,85.0,88.6,93.3,92.1,94.5,92.1,81.5,83.9,85.0,86.2,80.3,76.8,76.8,78.0,80.3,82.7,88.6,83.9,99999.0,85.0,88.6,99999.0,83.9,99999.0,99999.0,99999.0,99999.0,99999.0,99999.0,78.0,99999.0,83.9,99999.0,83.9,86.2,89.8,99999.0,99999.0,99999.0,99999.0,82.7,80.3,99999.0,79.1,83.9,85.0,85.0,99999.0,80.3,86.2,85.0,83.9,82.7,99999.0,83.9,85.0,85.0,87.4,87.4,83.9,82.7,81.5,88.6,90.9,88.6,89.8,82.7,81.5,85.0,75.6,99999.0,82.7,85.0,79.1,79.1,80.3,82.7,82.7,87.4,82.7,80.3,82.7,79.1,75.6,87.4,88.6,88.6,89.8,81.5,86.2,86.2,89.8,85.0,86.2,87.4,88.6,88.6,86.2,86.2,87.4,90.9,87.4,85.0,86.2,87.4,87.4,89.8,88.6,90.9,101.6,96.9,87.4,86.2,85.0,94.5,99.2,96.9,86.2,83.9,85.0,85.0,96.9,96.9,92.1,90.9,86.2,85.0,78.0,81.5,87.4,86.2,94.5,87.4,89.8,93.3,92.1,80.3,89.8,93.3,90.9,92.1,92.1,90.9,92.1
92.1,90.9,94.5,95.7,100.4,96.9,86.2,86.2,81.5,80.3,85.0,85.0,83.9,83.9,83.9,86.2,88.6,83.9,82.7,81.5,82.7,76.8,99999.0,99999.0,81.5,85.0,81.5,99999.0,94.5,92.1,92.1,90.9,85.0,85.0,80.3,85.0,83.9,80.3,79.1,80.3,83.9,88.6,85.0,82.7,83.9,90.9,88.6,83.9,83.9,82.7,83.9,83.9,82.7,86.2,86.2,92.1,92.1,95.7,81.5,92.1,90.9,81.5,85.0,88.6,86.2,89.8,86.2,86.2,88.6,86.2,83.9,78.0,81.5,83.9,86.2,83.9,82.7,87.4,88.6,87.4,85.0,85.0,81.5,79.1,80.3,79.1,78.0,83.9,80.3,80.3,79.1,74.4,90.9,74.4,88.6,85.0,88.6,87.4,88.6,87.4,76.8,99999.0,99999.0,89.8,90.9,85.0,83.9,81.5,95.7,105.1,101.6,103.9,102.8,86.2,87.4,87.4,89.8,90.9,90.9,87.4,82.7,86.2,87.4,88.6,86.2,87.4,90.9,94.5,94.5,94.5,93.3,94.5,95.7,95.7,96.9,98.0,95.7,99.2,90.9,86.2,81.5,83.9,83.9,86.2,87.4,87.4,85.0,89.8,93.3,90.9,94.5,89.8,88.6,88.6,82.7,78.0,75.6,73.2,74.4,70.9,69.7,74.4,75.6,99999.0,99999.0,72.0,70.9,72.0,75.6,82.7,81.5,81.5,79.1,82.7,81.5,81.5,78.0,81.5,87.4,99999.0,99999.0,99999.0,80.3,82.7,82.7,80.3,75.6,76.8,80.3,87.4,96.9,90.9,89.8,100.4,99999.0,78.0,79.1,99999.0,90.9,80.3,78.0,83.9,85.0,78.0,78.0,81.5,83.9,85.0,89.8,89.8,83.9,99999.0,98.0,92.1,94.5,88.6,72.0,74.4,99999.0,87.4,92.1,92.1,86.2,85.0,85.0,87.4,78.0,74.4,74.4,78.0,80.3,78.0,87.4,78.0,82.7,99999.0,82.7,99999.0,78.0,99999.0,99999.0,99999.0,99999.0,99999.0,99999.0,81.5,81.5,81.5,75.6,83.9,82.7,82.7,80.3,76.8,99999.0,99999.0,81.5,82.7,76.8,75.6,76.8,79.1,99999.0,99999.0,99999.0,99999.0,80.3,81.5,81.5,81.5,80.3,80.3,83.9,86.2,85.0,83.9,81.5,83.9,83.9,87.4,89.8,99999.0,99999.0,99999.0,80.3,87.4,87.4,83.9,81.5,82.7,80.3,80.3,80.3,82.7,85.0,83.9,82.7,81.5,76.8,80.3,86.2,86.2,86.2,82.7,82.7,82.7,85.0,86.2,90.9,87.4,86.2,87.4,87.4,85.0,85.0,86.2,87.4,87.4,85.0,83.9,83.9,85.0,88.6,86.2,90.9,89.8,96.9,83.9,86.2,83.9,88.6,93.3,92.1,83.9,87.4,88.6,85.0,99999.0,85.0,85.0,85.0,85.0,81.5,81.5,87.4,88.6,88.6,89.8,90.9,88.6,93.3,85.0,83.9,83.9,83.9,82.7,85.0,88.6,88.6,85.0
92.1,93.3,95.7,99999.0,95.7,86.2,80.3,85.0,80.3,79.1,80.3,87.4,80.3,81.5,83.9,82.7,83.9,82.7,86.2,88.6,79.1,78.0,80.3,79.1,82.7,83.9,95.7,93.3,93.3,88.6,86.2,83.9,80.3,80.3,80.3,83.9,81.5,80.3,74.4,80.3,83.9,76.8,81.5,74.4,82.7,80.3,81.5,82.7,82.7,81.5,82.7,82.7,85.0,82.7,79.1,82.7,81.5,93.3,83.9,99999.0,83.9,81.5,81.5,83.9,81.5,82.7,82.7,81.5,76.8,85.0,75.6,76.8,78.0,80.3,82.7,81.5,83.9,85.0,85.0,86.2,85.0,82.7,78.0,78.0,78.0,78.0,79.1,76.8,78.0,86.2,82.7,79.1,89.8,81.5,81.5,83.9,86.2,86.2,86.2,99999.0,76.8,78.0,81.5,99999.0,99999.0,99999.0,72.0,82.7,89.8,102.8,103.9,107.5,103.9,89.8,88.6,85.0,88.6,88.6,88.6,90.9,89.8,83.9,83.9,83.9,83.9,85.0,87.4,93.3,95.7,95.7,95.7,93.3,94.5,94.5,100.4,100.4,101.6,98.0,88.6,87.4,83.9,82.7,99999.0,80.3,81.5,99999.0,87.4,89.8,88.6,82.7,81.5,85.0,79.1,87.4,78.0,74.4,75.6,74.4,75.6,74.4,69.7,70.9,75.6,99999.0,99999.0,99999.0,70.9,74.4,78.0,78.0,81.5,78.0,78.0,78.0,79.1,81.5,79.1,79.1,99999.0,99999.0,85.0,75.6,99999.0,99999.0,74.4,74.4,76.8,75.6,75.6,74.4,83.9,83.9,80.3,80.3,99999.0,99999.0,99999.0,81.5,99999.0,80.3,79.1,76.8,73.2,76.8,78.0,73.2,78.0,85.0,87.4,99999.0,92.1,99999.0,81.5,86.2,80.3,99999.0,99999.0,99999.0,99999.0,81.5,83.9,99999.0,81.5,83.9,99999.0,74.4,73.2,74.4,78.0,78.0,79.1,81.5,82.7,74.4,75.6,85.0,86.2,79.1,73.2,99999.0,99999.0,72.0,99999.0,99999.0,80.3,79.1,80.3,99999.0,78.0,79.1,76.8,82.7,75.6,76.8,99999.0,99999.0,79.1,78.0,74.4,73.2,76.8,80.3,81.5,82.7,81.5,82.7,85.0,80.3,81.5,81.5,85.0,79.1,78.0,82.7,83.9,83.9,82.7,79.1,83.9,82.7,88.6,85.0,80.3,99999.0,99999.0,99999.0,85.0,82.7,80.3,82.7,81.5,76.8,79.1,78.0,76.8,78.0,81.5,78.0,76.8,78.0,85.0,82.7,82.7,79.1,79.1,86.2,81.5,82.7,89.8,89.8,86.2,83.9,85.0,83.9,88.6,85.0,83.9,82.7,81.5,83.9,81.5,86.2,83.9,90.9,92.1,90.9,95.7,85.0,81.5,83.9,88.6,95.7,80.3,79.1,88.6,88.6,88.6,94.5,85.0,86.2,85.0,95.7,81.5,85.0,87.4,90.9,92.1,90.9,90.9,88.6,87.4,86.2,87.4,86.2,79.1,75.6,81.5,80.3,82.7,87.4
89.8,89.8,86.2,99999.0,99999.0,99999.0,83.9,80.3,76.8,79.1,80.3,82.7,85.0,86.2,81.5,82.7,90.9,96.9,88.6,83.9,80.3,76.8,73.2,76.8,82.7,86.2,86.2,87.4,87.4,90.9,86.2,82.7,86.2,83.9,80.3,79.1,81.5,79.1,79.1,78.0,80.3,85.0,78.0,79.1,99999.0,74.4,83.9,78.0,76.8,78.0,80.3,83.9,82.7,79.1,82.7,87.4,95.7,93.3,81.5,99999.0,72.0,80.3,81.5,83.9,76.8,78.0,79.1,81.5,82.7,80.3,82.7,81.5,79.1,81.5,74.4,81.5,82.7,80.3,80.3,81.5,81.5,80.3,76.8,75.6,76.8,78.0,81.5,79.1,79.1,93.3,80.3,93.3,87.4,83.9,82.7,81.5,83.9,85.0,85.0,99999.0,81.5,80.3,99999.0,78.0,99999.0,99999.0,80.3,88.6,94.5,99.2,100.4,105.1,111.0,115.7,86.2,85.0,86.2,87.4,87.4,83.9,83.9,82.7,82.7,81.5,86.2,86.2,86.2,90.9,90.9,93.3,92.1,92.1,89.8,89.8,99999.0,96.9,96.9,86.2,86.2,85.0,99999.0,99999.0,92.1,98.0,90.9,87.4,90.9,89.8,89.8,87.4,82.7,81.5,81.5,81.5,80.3,74.4,74.4,75.6,75.6,75.6,70.9,70.9,73.2,87.4,86.2,87.4,83.9,83.9,83.9,80.3,78.0,76.8,76.8,80.3,81.5,81.5,80.3,83.9,90.9,85.0,85.0,73.2,99999.0,99999.0,73.2,75.6,75.6,74.4,75.6,70.9,80.3,70.9,72.0,78.0,99999.0,99999.0,99999.0,99999.0,78.0,81.5,76.8,78.0,75.6,75.6,75.6,73.2,76.8,79.1,80.3,99999.0,99999.0,82.7,81.5,82.7,80.3,81.5,87.4,86.2,98.0,99999.0,82.7,82.7,79.1,76.8,75.6,73.2,73.2,75.6,79.1,80.3,81.5,81.5,85.0,79.1,83.9,81.5,81.5,79.1,99999.0,83.9,99999.0,74.4,76.8,78.0,89.8,78.0,78.0,80.3,79.1,80.3,82.7,81.5,78.0,78.0,76.8,73.2,81.5,99999.0,99999.0,99999.0,79.1,99999.0,80.3,79.1,82.7,68.5,73.2,81.5,80.3,99999.0,99999.0,99999.0,74.4,76.8,80.3,82.7,82.7,79.1,79.1,75.6,78.0,81.5,79.1,81.5,73.2,78.0,78.0,79.1,79.1,72.0,75.6,76.8,76.8,76.8,75.6,78.0,78.0,79.1,76.8,79.1,82.7,79.1,80.3,79.1,83.9,79.1,82.7,80.3,86.2,90.9,86.2,82.7,82.7,85.0,83.9,81.5,80.3,82.7,81.5,82.7,80.3,81.5,88.6,89.8,88.6,88.6,90.9,85.0,85.0,85.0,83.9,81.5,80.3,81.5,80.3,86.2,89.8,88.6,83.9,83.9,89.8,90.9,88.6,85.0,85.0,99999.0,87.4,87.4,85.0,83.9,83.9,87.4,86.2,87.4,87.4,87.4,78.0,79.1,82.7,86.2
89.8,82.7,75.6,87.4,73.2,70.9,75.6,80.3,79.1,81.5,82.7,80.3,79.1,85.0,89.8,99999.0,92.1,101.6,86.2,81.5,82.7,79.1,76.8,72.0,86.2,95.7,79.1,79.1,82.7,92.1,94.5,99999.0,82.7,76.8,80.3,78.0,79.1,81.5,81.5,81.5,80.3,99999.0,99999.0,99999.0,99999.0,99999.0,75.6,76.8,99999.0,78.0,78.0,79.1,76.8,81.5,89.8,89.8,93.3,99.2,83.9,99999.0,99999.0,83.9,82.7,82.7,81.5,78.0,78.0,75.6,81.5,85.0,74.4,83.9,80.3,78.0,76.8,73.2,79.1,75.6,80.3,80.3,81.5,81.5,75.6,75.6,76.8,78.0,81.5,80.3,78.0,80.3,99999.0,94.5,86.2,83.9,83.9,85.0,83.9,90.9,87.4,99999.0,83.9,81.5,99999.0,79.1,99999.0,99999.0,99999.0,81.5,98.0,93.3,99.2,106.3,103.9,93.3,85.0,83.9,86.2,87.4,85.0,83.9,82.7,81.5,83.9,86.2,87.4,83.9,85.0,88.6,86.2,87.4,86.2,87.4,86.2,92.1,95.7,95.7,86.2,85.0,85.0,79.1,79.1,85.0,88.6,93.3,90.9,88.6,87.4,86.2,81.5,80.3,78.0,80.3,76.8,80.3,75.6,74.4,74.4,76.8,76.8,72.0,69.7,76.8,78.0,79.1,81.5,85.0,82.7,83.9,83.9,82.7,81.5,73.2,74.4,70.9,80.3,81.5,81.5,99999.0,99999.0,83.9,85.0,99999.0,99999.0,75.6,73.2,73.2,73.2,73.2,76.8,75.6,74.4,76.8,73.2,99999.0,99999.0,99999.0,99999.0,89.8,75.6,79.1,80.3,80.3,79.1,75.6,74.4,75.6,75.6,76.8,79.1,99999.0,99999.0,81.5,80.3,82.7,79.1,74.4,76.8,72.0,75.6,74.4,99999.0,69.7,78.0,76.8,74.4,72.0,70.9,74.4,78.0,78.0,79.1,82.7,78.0,73.2,73.2,70.9,75.6,82.7,99999.0,99999.0,79.1,82.7,82.7,85.0,83.9,85.0,79.1,81.5,79.1,75.6,80.3,78.0,76.8,76.8,76.8,75.6,78.0,99999.0,81.5,99999.0,99999.0,99999.0,78.0,79.1,78.0,81.5,99999.0,79.1,83.9,86.2,82.7,81.5,81.5,75.6,75.6,76.8,82.7,99999.0,78.0,76.8,80.3,81.5,86.2,82.7,81.5,82.7,80.3,81.5,78.0,72.0,68.5,62.6,70.9,72.0,76.8,76.8,79.1,81.5,79.1,81.5,79.1,80.3,80.3,78.0,81.5,79.1,82.7,80.3,83.9,86.2,83.9,83.9,82.7,82.7,83.9,82.7,76.8,76.8,78.0,75.6,82.7,78.0,82.7,82.7,85.0,90.9,90.9,89.8,89.8,88.6,88.6,88.6,86.2,85.0,85.0,85.0,88.6,86.2,82.7,82.7,87.4,89.8,88.6,92.1,85.0,86.2,99999.0,99999.0,85.0,86.2,82.7,82.7,76.8,88.6,88.6,82.7,81.5,79.1,81.5,87.4
88.6,89.8,83.9,82.7,72.0,80.3,85.0,81.5,78.0,82.7,81.5,81.5,82.7,79.1,81.5,81.5,80.3,94.5,86.2,75.6,99999.0,99999.0,99999.0,99999.0,89.8,99999.0,99999.0,83.9,74.4,88.6,87.4,99999.0,79.1,78.0,78.0,99999.0,79.1,78.0,81.5,79.1,76.8,99999.0,99999.0,72.0,61.4,99999.0,87.4,87.4,83.9,81.5,79.1,75.6,81.5,78.0,81.5,89.8,92.1,90.9,89.8,81.5,94.5,81.5,83.9,80.3,79.1,79.1,80.3,81.5,73.2,88.6,79.1,78.0,78.0,79.1,78.0,73.2,81.5,80.3,79.1,80.3,81.5,79.1,79.1,78.0,76.8,76.8,79.1,79.1,80.3,78.0,82.7,83.9,83.9,82.7,83.9,82.7,83.9,85.0,86.2,81.5,81.5,99999.0,81.5,99999.0,99999.0,99999.0,99999.0,82.7,87.4,94.5,99.2,103.9,94.5,83.9,83.9,82.7,83.9,86.2,86.2,85.0,83.9,81.5,82.7,85.0,89.8,89.8,87.4,87.4,86.2,86.2,86.2,86.2,86.2,87.4,87.4,83.9,80.3,76.8,80.3,78.0,74.4,81.5,86.2,89.8,90.9,90.9,73.2,99999.0,99999.0,99999.0,93.3,74.4,72.0,76.8,73.2,68.5,69.7,72.0,75.6,70.9,72.0,79.1,76.8,76.8,76.8,79.1,79.1,82.7,81.5,83.9,79.1,83.9,86.2,99999.0,69.7,75.6,76.8,68.5,99999.0,82.7,85.0,99999.0,99999.0,75.6,74.4,73.2,72.0,73.2,75.6,76.8,74.4,74.4,76.8,99999.0,99999.0,99999.0,99999.0,99999.0,99999.0,72.0,73.2,74.4,74.4,76.8,76.8,78.0,76.8,78.0,74.4,74.4,73.2,99999.0,82.7,99999.0,79.1,73.2,75.6,74.4,68.5,67.3,79.1,70.9,76.8,73.2,72.0,70.9,70.9,73.2,73.2,75.6,79.1,81.5,79.1,76.8,70.9,72.0,74.4,99999.0,81.5,76.8,82.7,79.1,82.7,80.3,81.5,81.5,85.0,85.0,99999.0,99999.0,81.5,76.8,74.4,75.6,74.4,72.0,75.6,76.8,80.3,99999.0,99999.0,81.5,79.1,85.0,99999.0,99999.0,80.3,79.1,81.5,81.5,99999.0,99999.0,99999.0,73.2,76.8,85.0,92.1,99999.0,80.3,79.1,80.3,82.7,81.5,81.5,80.3,80.3,79.1,80.3,85.0,74.4,80.3,69.7,70.9,72.0,74.4,75.6,78.0,85.0,81.5,85.0,83.9,79.1,76.8,75.6,78.0,80.3,78.0,80.3,83.9,83.9,85.0,82.7,82.7,82.7,83.9,85.0,80.3,88.6,82.7,99999.0,85.0,88.6,85.0,85.0,85.0,82.7,83.9,87.4,86.2,88.6,96.9,83.9,79.1,82.7,82.7,90.9,85.0,81.5,80.3,88.6,89.8,88.6,87.4,87.4,90.9,99999.0,99999.0,99999.0,80.3,85.0,83.9,95.7,85.0,79.1,89.8,89.8,79.1,83.9,86.2,87.4
82.7,79.1,98.0,99999.0,90.9,88.6,79.1,85.0,82.7,78.0,80.3,82.7,80.3,79.1,83.9,83.9,78.0,82.7,99999.0,81.5,99999.0,79.1,99999.0,99999.0,94.5,87.4,86.2,86.2,92.1,82.7,78.0,85.0,99999.0,74.4,79.1,99999.0,99999.0,76.8,75.6,99999.0,78.0,79.1,99999.0,83.9,85.0,87.4,87.4,82.7,81.5,80.3,78.0,78.0,78.0,78.0,79.1,81.5,86.2,78.0,99999.0,83.9,88.6,90.9,75.6,79.1,78.0,78.0,74.4,74.4,74.4,99999.0,76.8,75.6,75.6,79.1,78.0,99999.0,75.6,79.1,79.1,76.8,78.0,79.1,78.0,75.6,76.8,76.8,74.4,75.6,81.5,81.5,79.1,83.9,83.9,81.5,82.7,82.7,83.9,82.7,85.0,83.9,81.5,99999.0,99999.0,81.5,78.0,99999.0,99999.0,81.5,85.0,92.1,102.8,81.5,80.3,81.5,82.7,82.7,82.7,87.4,85.0,85.0,81.5,82.7,80.3,79.1,78.0,80.3,87.4,85.0,86.2,86.2,85.0,86.2,83.9,83.9,81.5,82.7,81.5,78.0,75.6,74.4,74.4,79.1,82.7,79.1,85.0,85.0,88.6,82.7,99999.0,99999.0,99999.0,99999.0,99999.0,99999.0,66.1,74.4,72.0,75.6,72.0,75.6,78.0,76.8,78.0,99999.0,79.1,79.1,78.0,76.8,75.6,79.1,74.4,79.1,85.0,78.0,80.3,80.3,82.7,80.3,85.0,83.9,82.7,82.7,79.1,76.8,74.4,72.0,72.0,68.5,70.9,73.2,73.2,72.0,73.2,99999.0,99999.0,99999.0,99999.0,99999.0,70.9,99999.0,74.4,74.4,68.5,63.8,68.5,73.2,75.6,78.0,99999.0,99999.0,99999.0,99999.0,99999.0,74.4,74.4,76.8,78.0,67.3,68.5,69.7,68.5,73.2,75.6,73.2,72.0,70.9,73.2,74.4,74.4,75.6,81.5,78.0,75.6,68.5,68.5,99999.0,99999.0,99999.0,99999.0,76.8,81.5,99999.0,80.3,79.1,80.3,99999.0,79.1,80.3,80.3,75.6,82.7,80.3,78.0,76.8,76.8,72.0,74.4,75.6,72.0,76.8,81.5,79.1,78.0,81.5,99999.0,78.0,78.0,99999.0,99999.0,99999.0,99999.0,99999.0,75.6,99999.0,99999.0,87.4,86.2,82.7,80.3,78.0,79.1,80.3,79.1,80.3,79.1,75.6,78.0,78.0,74.4,69.7,73.2,73.2,74.4,74.4,74.4,78.0,78.0,79.1,82.7,86.2,83.9,79.1,74.4,76.8,73.2,74.4,75.6,78.0,80.3,79.1,80.3,82.7,82.7,82.7,82.7,87.4,86.2,86.2,83.9,82.7,83.9,86.2,83.9,83.9,81.5,81.5,79.1,92.1,99999.0,92.1,94.5,89.8,79.1,81.5,88.6,89.8,99999.0,87.4,85.0,90.9,90.9,86.2,88.6,87.4,98.0,100.4,76.8,80.3,82.7,85.0,82.7,82.7,83.9,82.7,88.6,81.5,75.6,82.7,87.4,86.2
81.5,79.1,99999.0,99999.0,89.8,87.4,78.0,82.7,80.3,80.3,82.7,82.7,82.7,79.1,82.7,81.5,79.1,80.3,79.1,79.1,99999.0,99999.0,99999.0,99999.0,85.0,99999.0,99999.0,86.2,93.3,95.7,99999.0,82.7,87.4,99999.0,76.8,99999.0,73.2,72.0,74.4,72.0,78.0,79.1,79.1,99999.0,99999.0,81.5,76.8,79.1,79.1,80.3,75.6,74.4,81.5,78.0,78.0,81.5,79.1,78.0,82.7,87.4,85.0,86.2,81.5,80.3,83.9,83.9,73.2,74.4,99999.0,73.2,79.1,78.0,78.0,74.4,70.9,72.0,82.7,76.8,76.8,80.3,79.1,76.8,79.1,79.1,79.1,78.0,76.8,78.0,79.1,79.1,82.7,81.5,78.0,86.2,82.7,81.5,83.9,83.9,82.7,83.9,83.9,83.9,82.7,78.0,82.7,99999.0,99999.0,80.3,86.2,93.3,95.7,79.1,80.3,81.5,81.5,81.5,81.5,82.7,82.7,80.3,79.1,85.0,81.5,81.5,83.9,83.9,83.9,81.5,82.7,82.7,83.9,86.2,83.9,86.2,82.7,83.9,79.1,76.8,76.8,70.9,73.2,75.6,81.5,76.8,75.6,75.6,72.0,99999.0,99999.0,99999.0,81.5,99999.0,79.1,99999.0,85.0,99999.0,78.0,76.8,99999.0,99999.0,78.0,78.0,99999.0,99999.0,79.1,78.0,78.0,76.8,76.8,78.0,74.4,75.6,80.3,78.0,79.1,79.1,99999.0,85.0,80.3,81.5,82.7,82.7,79.1,76.8,76.8,78.0,74.4,69.7,69.7,70.9,72.0,73.2,73.2,79.1,75.6,73.2,99999.0,86.2,80.3,99999.0,83.9,83.9,99999.0,65.0,68.5,72.0,74.4,78.0,79.1,98.0,85.0,90.9,99999.0,99999.0,99999.0,83.9,83.9,83.9,82.7,69.7,69.7,79.1,78.0,76.8,74.4,74.4,72.0,73.2,72.0,75.6,99999.0,76.8,76.8,80.3,73.2,75.6,80.3,63.8,81.5,83.9,81.5,79.1,76.8,79.1,99999.0,79.1,78.0,76.8,74.4,99999.0,81.5,81.5,79.1,70.9,76.8,73.2,74.4,76.8,99999.0,82.7,79.1,79.1,81.5,74.4,99999.0,99999.0,99999.0,81.5,99999.0,99999.0,99999.0,99999.0,99999.0,76.8,70.9,82.7,83.9,80.3,78.0,79.1,76.8,81.5,79.1,80.3,78.0,79.1,78.0,79.1,73.2,74.4,74.4,75.6,78.0,76.8,75.6,78.0,80.3,78.0,78.0,76.8,76.8,76.8,74.4,74.4,73.2,74.4,76.8,76.8,75.6,78.0,80.3,81.5,81.5,80.3,80.3,83.9,85.0,86.2,86.2,83.9,85.0,80.3,78.0,79.1,78.0,79.1,78.0,80.3,92.1,89.8,89.8,85.0,87.4,82.7,83.9,88.6,80.3,99999.0,74.4,82.7,85.0,82.7,89.8,89.8,90.9,94.5,99999.0,86.2,88.6,80.3,75.6,81.5,82.7,81.5,82.7,81.5,80.3,93.3,88.6,87.4
87.4,99999.0,99999.0,83.9,90.9,99999.0,78.0,78.0,80.3,79.1,83.9,85.0,83.9,81.5,79.1,78.0,79.1,79.1,99999.0,74.4,99999.0,85.0,85.0,99999.0,99999.0,99999.0,99999.0,99999.0,85.0,81.5,80.3,99999.0,89.8,86.2,86.2,99999.0,99999.0,99999.0,99999.0,99999.0,70.9,76.8,78.0,78.0,80.3,78.0,78.0,80.3,78.0,80.3,79.1,78.0,79.1,79.1,99999.0,80.3,80.3,81.5,75.6,85.0,88.6,87.4,81.5,78.0,80.3,83.9,78.0,74.4,74.4,76.8,81.5,74.4,76.8,78.0,74.4,74.4,99999.0,76.8,78.0,79.1,78.0,78.0,79.1,76.8,81.5,80.3,78.0,75.6,99999.0,99999.0,89.8,82.7,82.7,80.3,80.3,83.9,82.7,85.0,83.9,82.7,81.5,81.5,81.5,99999.0,99999.0,99999.0,99999.0,87.4,89.8,90.9,89.8,82.7,79.1,80.3,80.3,83.9,86.2,81.5,75.6,75.6,73.2,78.0,74.4,79.1,82.7,85.0,82.7,82.7,81.5,82.7,85.0,83.9,82.7,82.7,82.7,83.9,81.5,80.3,79.1,80.3,83.9,74.4,80.3,82.7,80.3,76.8,99999.0,81.5,99999.0,80.3,82.7,78.0,83.9,86.2,99999.0,99999.0,99999.0,99999.0,99999.0,99999.0,75.6,75.6,72.0,99999.0,73.2,78.0,78.0,74.4,74.4,75.6,74.4,75.6,78.0,79.1,80.3,73.2,76.8,79.1,80.3,79.1,79.1,81.5,79.1,74.4,73.2,81.5,80.3,75.6,68.5,72.0,76.8,76.8,78.0,75.6,75.6,80.3,83.9,78.0,75.6,78.0,80.3,99999.0,75.6,99999.0,99999.0,75.6,72.0,73.2,70.9,70.9,70.9,70.9,74.4,75.6,82.7,99999.0,99999.0,99999.0,79.1,82.7,79.1,76.8,74.4,72.0,75.6,72.0,74.4,78.0,76.8,78.0,78.0,76.8,76.8,75.6,99999.0,78.0,79.1,72.0,74.4,73.2,82.7,83.9,82.7,99999.0,78.0,99999.0,82.7,74.4,79.1,99999.0,79.1,80.3,72.0,74.4,75.6,99999.0,80.3,79.1,78.0,79.1,79.1,74.4,76.8,80.3,80.3,81.5,78.0,99999.0,99999.0,78.0,81.5,99999.0,63.8,99999.0,99999.0,83.9,80.3,76.8,76.8,81.5,75.6,76.8,79.1,80.3,80.3,76.8,75.6,75.6,68.5,72.0,76.8,79.1,79.1,79.1,79.1,79.1,79.1,80.3,75.6,75.6,75.6,74.4,78.0,78.0,80.3,79.1,78.0,75.6,78.0,79.1,78.0,76.8,80.3,78.0,78.0,80.3,83.9,83.9,83.9,81.5,79.1,75.6,76.8,78.0,79.1,80.3,79.1,83.9,86.2,89.8,88.6,87.4,89.8,89.8,81.5,78.0,74.4,68.5,72.0,99999.0,99999.0,99999.0,99999.0,99999.0,99999.0,99999.0,99999.0,88.6,88.6,81.5,80.3,79.1,79.1,79.1,80.3,79.1,83.9,83.9,83.9,83.9
78.0,83.9,82.7,88.6,86.2,85.0,85.0,82.7,82.7,83.9,82.7,85.0,85.0,80.3,79.1,80.3,81.5,83.9,86.2,99999.0,99999.0,82.7,99999.0,99999.0,99999.0,99999.0,69.7,83.9,83.9,85.0,89.8,95.7,99999.0,90.9,99999.0,99999.0,99999.0,99999.0,99999.0,99999.0,99999.0,99999.0,99999.0,78.0,78.0,75.6,79.1,99999.0,99999.0,99999.0,99999.0,80.3,82.7,78.0,99999.0,75.6,74.4,99999.0,76.8,82.7,94.5,90.9,81.5,78.0,80.3,86.2,74.4,76.8,76.8,99999.0,99999.0,99999.0,80.3,82.7,79.1,99999.0,72.0,78.0,80.3,75.6,74.4,75.6,76.8,82.7,85.0,81.5,85.0,86.2,85.0,99999.0,99999.0,80.3,81.5,78.0,78.0,80.3,80.3,78.0,79.1,80.3,81.5,81.5,78.0,99999.0,99999.0,99999.0,90.9,93.3,99999.0,80.3,83.9,83.9,79.1,79.1,80.3,86.2,80.3,74.4,74.4,76.8,81.5,79.1,80.3,76.8,79.1,81.5,81.5,81.5,82.7,82.7,81.5,80.3,81.5,81.5,83.9,79.1,79.1,80.3,81.5,83.9,81.5,78.0,78.0,78.0,76.8,79.1,99999.0,99999.0,99999.0,81.5,81.5,81.5,83.9,85.0,83.9,99999.0,76.8,76.8,99999.0,99999.0,99999.0,76.8,99999.0,99999.0,99999.0,73.2,74.4,75.6,75.6,78.0,76.8,76.8,74.4,76.8,76.8,81.5,78.0,76.8,76.8,75.6,78.0,76.8,76.8,75.6,67.3,72.0,70.9,75.6,73.2,72.0,76.8,74.4,75.6,99999.0,73.2,75.6,75.6,73.2,76.8,75.6,76.8,76.8,79.1,82.7,99999.0,99999.0,69.7,70.9,72.0,72.0,69.7,75.6,99999.0,99999.0,99999.0,99999.0,99999.0,99999.0,99999.0,99999.0,99999.0,99999.0,73.2,70.9,70.9,78.0,75.6,81.5,78.0,78.0,72.0,75.6,78.0,76.8,80.3,99999.0,99999.0,99999.0,75.6,67.3,72.0,78.0,99999.0,99999.0,99999.0,80.3,99999.0,76.8,75.6,73.2,80.3,80.3,75.6,74.4,75.6,99999.0,78.0,80.3,81.5,80.3,76.8,72.0,76.8,78.0,80.3,99999.0,99999.0,99999.0,65.0,70.9,69.7,99999.0,76.8,65.0,65.0,75.6,75.6,78.0,79.1,75.6,75.6,74.4,78.0,78.0,81.5,75.6,74.4,83.9,82.7,74.4,72.0,78.0,99999.0,99999.0,82.7,81.5,79.1,76.8,73.2,75.6,75.6,72.0,75.6,81.5,80.3,76.8,78.0,74.4,75.6,78.0,78.0,78.0,79.1,78.0,75.6,81.5,79.1,76.8,79.1,81.5,74.4,73.2,75.6,76.8,79.1,79.1,80.3,83.9,82.7,81.5,85.0,82.7,83.9,80.3,81.5,79.1,68.5,68.5,79.1,85.0,86.2,86.2,86.2,86.2,81.5,85.0,82.7,83.9,86.2,83.9,79.1,79.1,78.0,75.6,74.4,75.6,78.0,80.3,80.3,80.3
82.7,79.1,83.9,86.2,86.2,82.7,81.5,81.5,81.5,75.6,80.3,81.5,85.0,82.7,85.0,86.2,87.4,85.0,80.3,99999.0,79.1,99999.0,79.1,80.3,78.0,82.7,73.2,99999.0,82.7,87.4,86.2,92.1,99999.0,99999.0,79.1,80.3,99999.0,99999.0,99999.0,99999.0,99999.0,99999.0,99999.0,76.8,74.4,75.6,76.8,80.3,99999.0,99999.0,99999.0,99999.0,76.8,99999.0,99999.0,99999.0,73.2,69.7,99999.0,99999.0,99999.0,95.7,89.8,81.5,80.3,86.2,94.5,89.8,99999.0,73.2,74.4,76.8,75.6,80.3,99999.0,99999.0,99999.0,81.5,80.3,81.5,72.0,74.4,79.1,81.5,80.3,79.1,76.8,81.5,81.5,83.9,82.7,82.7,80.3,70.9,69.7,99999.0,80.3,81.5,80.3,76.8,82.7,78.0,99999.0,99999.0,99999.0,99999.0,99999.0,82.7,99999.0,99999.0,99999.0,76.8,82.7,79.1,75.6,76.8,76.8,74.4,74.4,75.6,79.1,78.0,83.9,99999.0,74.4,76.8,80.3,79.1,81.5,85.0,83.9,80.3,80.3,80.3,85.0,85.0,85.0,78.0,82.7,81.5,78.0,99999.0,99999.0,74.4,81.5,78.0,75.6,99999.0,99999.0,99999.0,81.5,79.1,81.5,82.7,99999.0,99999.0,99999.0,76.8,76.8,99999.0,99999.0,99999.0,99999.0,99999.0,99999.0,72.0,74.4,76.8,76.8,76.8,76.8,76.8,72.0,75.6,75.6,78.0,76.8,79.1,79.1,76.8,73.2,73.2,74.4,74.4,73.2,73.2,72.0,67.3,69.7,70.9,70.9,72.0,73.2,74.4,78.0,99999.0,73.2,99999.0,75.6,76.8,76.8,79.1,86.2,83.9,83.9,83.9,99999.0,76.8,75.6,74.4,99999.0,79.1,69.7,68.5,99999.0,99999.0,78.0,78.0,99999.0,99999.0,99999.0,99999.0,74.4,70.9,70.9,74.4,80.3,80.3,76.8,99999.0,99999.0,73.2,99999.0,72.0,99999.0,99999.0,99999.0,99999.0,76.8,72.0,69.7,99999.0,99999.0,76.8,73.2,80.3,80.3,74.4,79.1,76.8,80.3,81.5,79.1,74.4,75.6,99999.0,99999.0,83.9,81.5,80.3,79.1,79.1,78.0,79.1,79.1,79.1,99999.0,99999.0,83.9,99999.0,99999.0,99999.0,73.2,74.4,73.2,70.9,70.9,69.7,78.0,78.0,76.8,78.0,76.8,79.1,79.1,70.9,99999.0,63.8,79.1,74.4,73.2,73.2,99999.0,99999.0,81.5,99999.0,99999.0,99999.0,79.1,78.0,74.4,99999.0,72.0,76.8,76.8,79.1,78.0,78.0,76.8,76.8,76.8,79.1,79.1,79.1,75.6,99999.0,75.6,74.4,75.6,69.7,72.0,75.6,75.6,74.4,78.0,78.0,78.0,79.1,80.3,79.1,83.9,85.0,85.0,80.3,81.5,73.2,99999.0,99999.0,79.1,80.3,81.5,82.7,82.7,83.9,86.2,83.9,83.9,83.9,85.0,85.0,79.1,76.8,73.2,73.2,74.4,73.2,78.0,82.7,83.9,83.9
80.3,80.3,80.3,76.8,75.6,75.6,74.4,76.8,72.0,76.8,79.1,80.3,81.5,80.3,83.9,86.2,86.2,85.0,80.3,78.0,80.3,73.2,78.0,80.3,81.5,99999.0,72.0,69.7,99999.0,74.4,79.1,75.6,99999.0,99999.0,99999.0,75.6,79.1,99999.0,99999.0,81.5,78.0,99999.0,74.4,99999.0,99999.0,99999.0,99999.0,99999.0,99999.0,83.9,99999.0,99999.0,99999.0,99999.0,99999.0,78.0,74.4,99999.0,99999.0,99999.0,99999.0,99999.0,76.8,76.8,82.7,85.0,89.8,80.3,99999.0,79.1,74.4,78.0,76.8,79.1,69.7,99999.0,99999.0,78.0,79.1,76.8,78.0,74.4,75.6,74.4,74.4,78.0,76.8,99999.0,78.0,80.3,80.3,85.0,80.3,99999.0,79.1,74.4,76.8,78.0,76.8,73.2,99999.0,99999.0,99999.0,99999.0,76.8,79.1,81.5,81.5,99999.0,99999.0,99999.0,99999.0,99999.0,83.9,99999.0,99999.0,74.4,99999.0,99999.0,73.2,76.8,82.7,99999.0,74.4,75.6,76.8,79.1,81.5,81.5,82.7,82.7,81.5,80.3,79.1,80.3,79.1,81.5,81.5,80.3,80.3,99999.0,99999.0,99999.0,99999.0,82.7,82.7,81.5,75.6,86.2,99999.0,81.5,82.7,81.5,99999.0,99999.0,99999.0,99999.0,79.1,78.0,99999.0,99999.0,99999.0,99999.0,99999.0,99999.0,78.0,72.0,75.6,75.6,76.8,75.6,74.4,73.2,72.0,73.2,76.8,75.6,74.4,75.6,75.6,66.1,69.7,68.5,69.7,73.2,76.8,74.4,73.2,74.4,70.9,75.6,74.4,78.0,80.3,79.1,80.3,76.8,76.8,76.8,78.0,78.0,81.5,81.5,80.3,79.1,78.0,79.1,79.1,99999.0,83.9,82.7,99999.0,76.8,72.0,67.3,70.9,99999.0,99999.0,99999.0,99999.0,99999.0,99999.0,99999.0,99999.0,74.4,78.0,99999.0,99999.0,78.0,75.6,75.6,78.0,79.1,99999.0,99999.0,99999.0,99999.0,99999.0,99999.0,99999.0,99999.0,99999.0,99999.0,74.4,74.4,75.6,76.8,74.4,79.1,99999.0,78.0,79.1,80.3,76.8,75.6,74.4,81.5,80.3,80.3,79.1,78.0,79.1,76.8,99999.0,99999.0,73.2,76.8,99999.0,80.3,78.0,99999.0,99999.0,99999.0,76.8,75.6,75.6,76.8,74.4,75.6,78.0,74.4,75.6,78.0,80.3,75.6,66.1,99999.0,69.7,70.9,70.9,69.7,99999.0,99999.0,99999.0,79.1,99999.0,99999.0,78.0,76.8,76.8,99999.0,65.0,70.9,75.6,78.0,76.8,76.8,76.8,78.0,73.2,73.2,76.8,76.8,76.8,81.5,80.3,99999.0,99999.0,73.2,85.0,99999.0,67.3,76.8,76.8,75.6,75.6,75.6,79.1,79.1,78.0,79.1,80.3,79.1,79.1,80.3,70.9,99999.0,78.0,79.1,78.0,78.0,78.0,79.1,80.3,83.9,83.9,81.5,85.0,85.0,79.1,75.6,74.4,72.0,73.2,75.6,99999.0,99999.0,92.1,88.6,85.0
85.0,82.7,79.1,80.3,80.3,76.8,74.4,74.4,72.0,70.9,79.1,76.8,83.9,83.9,82.7,79.1,80.3,79.1,76.8,78.0,78.0,75.6,75.6,99999.0,82.7,74.4,73.2,70.9,69.7,72.0,80.3,78.0,74.4,73.2,76.8,74.4,75.6,99999.0,99999.0,99999.0,99999.0,69.7,99999.0,70.9,99999.0,99999.0,99999.0,99999.0,99999.0,99999.0,99999.0,99999.0,99999.0,99999.0,99999.0,74.4,73.2,73.2,75.6,76.8,99999.0,79.1,76.8,76.8,75.6,78.0,93.3,92.1,99999.0,75.6,79.1,75.6,74.4,75.6,74.4,76.8,73.2,74.4,78.0,78.0,76.8,73.2,75.6,76.8,74.4,73.2,74.4,74.4,74.4,78.0,81.5,79.1,81.5,78.0,78.0,73.2,83.9,75.6,99999.0,72.0,73.2,79.1,74.4,75.6,78.0,76.8,81.5,83.9,83.9,99999.0,99999.0,99999.0,99999.0,99999.0,99999.0,76.8,81.5,99999.0,76.8,78.0,81.5,76.8,99999.0,99999.0,75.6,73.2,75.6,75.6,74.4,75.6,79.1,79.1,78.0,76.8,75.6,78.0,78.0,79.1,99999.0,99999.0,78.0,75.6,99999.0,76.8,99999.0,79.1,80.3,82.7,80.3,83.9,83.9,80.3,99999.0,99999.0,99999.0,99999.0,99999.0,76.8,99999.0,99999.0,74.4,99999.0,99999.0,99999.0,99999.0,99999.0,99999.0,99999.0,99999.0,76.8,75.6,74.4,73.2,72.0,73.2,74.4,73.2,74.4,70.9,75.6,75.6,74.4,79.1,70.9,72.0,72.0,72.0,74.4,74.4,72.0,70.9,76.8,99999.0,75.6,80.3,81.5,75.6,76.8,78.0,78.0,80.3,81.5,83.9,80.3,99999.0,99999.0,99999.0,76.8,99999.0,99999.0,78.0,81.5,81.5,81.5,70.9,67.3,99999.0,99999.0,99999.0,99999.0,99999.0,99999.0,99999.0,78.0,74.4,79.1,75.6,73.2,99999.0,69.7,99999.0,99999.0,78.0,99999.0,99999.0,99999.0,75.6,99999.0,99999.0,99999.0,78.0,99999.0,99999.0,72.0,99999.0,72.0,79.1,75.6,75.6,79.1,79.1,78.0,79.1,73.2,99999.0,99999.0,78.0,78.0,76.8,79.1,80.3,78.0,73.2,74.4,75.6,99999.0,99999.0,99999.0,81.5,82.7,81.5,80.3,80.3,79.1,78.0,75.6,79.1,79.1,74.4,74.4,76.8,73.2,69.7,75.6,72.0,67.3,99999.0,70.9,69.7,68.5,68.5,68.5,99999.0,99999.0,99999.0,99999.0,69.7,73.2,75.6,75.6,78.0,68.5,76.8,76.8,99999.0,99999.0,75.6,78.0,76.8,74.4,99999.0,73.2,75.6,75.6,78.0,99999.0,80.3,99999.0,99999.0,99999.0,99999.0,75.6,68.5,74.4,78.0,76.8,76.8,73.2,75.6,78.0,81.5,81.5,74.4,78.0,79.1,74.4,75.6,78.0,79.1,79.1,76.8,73.2,76.8,76.8,79.1,79.1,78.0,78.0,85.0,79.1,76.8,74.4,73.2,99999.0,79.1,82.7,89.8,89.8,86.2,86.2
83.9,83.9,76.8,99999.0,79.1,80.3,78.0,78.0,75.6,78.0,74.4,78.0,76.8,80.3,81.5,82.7,82.7,74.4,73.2,72.0,76.8,80.3,80.3,99999.0,73.2,73.2,73.2,99999.0,73.2,78.0,72.0,70.9,70.9,74.4,73.2,73.2,74.4,99999.0,99999.0,99999.0,99999.0,99999.0,99999.0,99999.0,99999.0,70.9,76.8,99999.0,99999.0,99999.0,99999.0,99999.0,99999.0,99999.0,99999.0,99999.0,72.0,73.2,72.0,99999.0,78.0,78.0,78.0,99999.0,76.8,74.4,76.8,99999.0,75.6,78.0,79.1,80.3,72.0,76.8,74.4,72.0,75.6,75.6,74.4,70.9,73.2,75.6,73.2,76.8,78.0,78.0,74.4,75.6,73.2,78.0,78.0,78.0,76.8,80.3,80.3,79.1,76.8,80.3,99999.0,73.2,79.1,74.4,72.0,75.6,75.6,99999.0,82.7,82.7,99999.0,78.0,80.3,80.3,99999.0,74.4,75.6,99999.0,75.6,80.3,99999.0,99999.0,76.8,80.3,99999.0,69.7,73.2,74.4,72.0,69.7,70.9,69.7,99999.0,81.5,99999.0,99999.0,82.7,80.3,99999.0,80.3,99999.0,76.8,99999.0,99999.0,99999.0,99999.0,99999.0,80.3,99999.0,99999.0,99999.0,99999.0,99999.0,99999.0,99999.0,74.4,76.8,99999.0,99999.0,99999.0,99999.0,99999.0,72.0,72.0,70.9,72.0,99999.0,99999.0,99999.0,99999.0,99999.0,73.2,75.6,99999.0,74.4,73.2,72.0,72.0,73.2,74.4,72.0,72.0,99999.0,72.0,99999.0,75.6,75.6,72.0,72.0,73.2,72.0,72.0,74.4,75.6,74.4,73.2,70.9,76.8,75.6,76.8,78.0,79.1,81.5,83.9,83.9,78.0,73.2,78.0,99999.0,99999.0,85.0,99999.0,99999.0,99999.0,99999.0,99999.0,99999.0,99999.0,68.5,99999.0,99999.0,99999.0,99999.0,99999.0,99999.0,99999.0,99999.0,99999.0,73.2,75.6,99999.0,99999.0,99999.0,99999.0,99999.0,70.9,99999.0,99999.0,99999.0,99999.0,99999.0,99999.0,99999.0,74.4,99999.0,76.8,99999.0,99999.0,75.6,78.0,78.0,72.0,72.0,72.0,72.0,73.2,73.2,75.6,74.4,76.8,75.6,80.3,76.8,72.0,72.0,99999.0,99999.0,75.6,99999.0,99999.0,73.2,99999.0,99999.0,99999.0,79.1,74.4,74.4,74.4,78.0,78.0,74.4,73.2,76.8,76.8,82.7,78.0,81.5,76.8,78.0,69.7,69.7,72.0,99999.0,69.7,73.2,68.5,99999.0,99999.0,99999.0,73.2,72.0,74.4,99999.0,99999.0,76.8,75.6,99999.0,99999.0,99999.0,99999.0,78.0,73.2,76.8,73.2,70.9,99999.0,99999.0,99999.0,99999.0,99999.0,99999.0,99999.0,69.7,73.2,75.6,76.8,79.1,78.0,99999.0,73.2,72.0,70.9,99999.0,78.0,76.8,81.5,81.5,81.5,78.0,76.8,78.0,79.1,79.1,74.4,73.2,75.6,78.0,79.1,80.3,76.8,79.1,99999.0,70.9,72.0,75.6,76.8,78.0,79.1,76.8,80.3,81.5,83.9
81.5,80.3,79.1,73.2,78.0,83.9,79.1,78.0,73.2,75.6,73.2,73.2,99999.0,83.9,82.7,81.5,79.1,70.9,70.9,73.2,99999.0,75.6,78.0,75.6,72.0,72.0,70.9,70.9,73.2,75.6,65.0,68.5,68.5,72.0,76.8,76.8,99999.0,78.0,99999.0,99999.0,68.5,67.3,99999.0,99999.0,99999.0,74.4,72.0,99999.0,99999.0,99999.0,99999.0,99999.0,99999.0,99999.0,99999.0,99999.0,68.5,70.9,73.2,70.9,73.2,75.6,99999.0,99999.0,76.8,74.4,99999.0,99999.0,99999.0,76.8,80.3,79.1,70.9,99999.0,79.1,75.6,78.0,76.8,75.6,74.4,76.8,75.6,78.0,74.4,75.6,75.6,74.4,75.6,70.9,74.4,76.8,75.6,75.6,72.0,76.8,75.6,75.6,79.1,99999.0,99999.0,75.6,99999.0,73.2,75.6,82.7,82.7,80.3,79.1,70.9,99999.0,78.0,81.5,76.8,81.5,81.5,86.2,99999.0,81.5,81.5,80.3,75.6,75.6,75.6,72.0,70.9,68.5,70.9,67.3,67.3,73.2,81.5,70.9,76.8,75.6,99999.0,99999.0,99999.0,99999.0,99999.0,99999.0,99999.0,99999.0,99999.0,69.7,99999.0,99999.0,99999.0,99999.0,99999.0,70.9,99999.0,99999.0,67.3,72.0,75.6,74.4,99999.0,99999.0,72.0,99999.0,99999.0,99999.0,76.8,70.9,75.6,76.8,78.0,99999.0,99999.0,69.7,69.7,72.0,74.4,73.2,73.2,73.2,99999.0,99999.0,73.2,72.0,72.0,68.5,74.4,99999.0,75.6,99999.0,73.2,73.2,72.0,75.6,70.9,73.2,68.5,99999.0,99999.0,99999.0,73.2,74.4,76.8,76.8,78.0,78.0,72.0,99999.0,99999.0,99999.0,99999.0,99999.0,99999.0,99999.0,99999.0,99999.0,99999.0,99999.0,74.4,66.1,68.5,69.7,70.9,99999.0,99999.0,80.3,99999.0,99999.0,99999.0,99999.0,99999.0,75.6,99999.0,80.3,99999.0,99999.0,99999.0,99999.0,99999.0,99999.0,99999.0,73.2,99999.0,75.6,99999.0,81.5,78.0,99999.0,99999.0,99999.0,99999.0,74.4,99999.0,67.3,74.4,75.6,76.8,69.7,74.4,72.0,72.0,73.2,74.4,74.4,74.4,73.2,99999.0,99999.0,99999.0,79.1,76.8,75.6,99999.0,99999.0,78.0,99999.0,82.7,76.8,75.6,76.8,80.3,74.4,78.0,78.0,79.1,78.0,79.1,80.3,81.5,80.3,74.4,76.8,74.4,99999.0,99999.0,99999.0,99999.0,99999.0,99999.0,99999.0,72.0,73.2,73.2,73.2,99999.0,74.4,99999.0,99999.0,99999.0,99999.0,76.8,75.6,74.4,99999.0,74.4,99999.0,73.2,72.0,99999.0,99999.0,99999.0,68.5,69.7,72.0,73.2,74.4,74.4,73.2,78.0,76.8,72.0,73.2,99999.0,99999.0,74.4,79.1,76.8,79.1,75.6,79.1,78.0,76.8,76.8,99999.0,75.6,73.2,74.4,76.8,79.1,81.5,86.2,74.4,73.2,99999.0,99999.0,99999.0,72.0,99999.0,76.8,72.0,75.6,78.0,79.1,81.5
79.1,79.1,75.6,74.4,70.9,80.3,74.4,76.8,74.4,75.6,76.8,73.2,74.4,79.1,81.5,80.3,75.6,76.8,76.8,75.6,76.8,76.8,78.0,76.8,99999.0,99999.0,99999.0,68.5,67.3,66.1,67.3,99999.0,70.9,99999.0,74.4,99999.0,76.8,99999.0,99999.0,99999.0,99999.0,99999.0,99999.0,99999.0,99999.0,70.9,74.4,76.8,75.6,70.9,99999.0,99999.0,99999.0,99999.0,99999.0,99999.0,99999.0,70.9,72.0,73.2,69.7,99999.0,99999.0,99999.0,73.2,72.0,79.1,99999.0,75.6,76.8,78.0,75.6,73.2,75.6,75.6,75.6,74.4,74.4,73.2,75.6,72.0,99999.0,74.4,73.2,78.0,75.6,74.4,68.5,73.2,78.0,73.2,74.4,74.4,74.4,74.4,75.6,99999.0,99999.0,99999.0,74.4,73.2,74.4,74.4,73.2,80.3,81.5,81.5,78.0,79.1,99999.0,81.5,99999.0,78.0,80.3,80.3,81.5,76.8,99999.0,99999.0,76.8,78.0,75.6,99999.0,76.8,70.9,69.7,66.1,68.5,67.3,73.2,78.0,76.8,99999.0,99999.0,99999.0,75.6,75.6,74.4,76.8,73.2,75.6,69.7,99999.0,76.8,83.9,73.2,72.0,73.2,73.2,74.4,73.2,99999.0,99999.0,68.5,73.2,72.0,72.0,72.0,99999.0,70.9,74.4,74.4,75.6,80.3,99999.0,99999.0,75.6,78.0,76.8,67.3,69.7,73.2,75.6,99999.0,99999.0,99999.0,74.4,73.2,73.2,75.6,73.2,74.4,99999.0,99999.0,74.4,75.6,76.8,76.8,78.0,78.0,75.6,72.0,99999.0,99999.0,99999.0,99999.0,74.4,74.4,75.6,75.6,75.6,76.8,76.8,99999.0,99999.0,85.0,82.7,99999.0,99999.0,73.2,74.4,79.1,78.0,78.0,99999.0,99999.0,99999.0,68.5,99999.0,99999.0,99999.0,87.4,99999.0,74.4,99999.0,99999.0,99999.0,99999.0,76.8,70.9,99999.0,99999.0,99999.0,99999.0,99999.0,72.0,69.7,72.0,70.9,67.3,99999.0,74.4,99999.0,72.0,70.9,99999.0,99999.0,72.0,75.6,74.4,70.9,72.0,67.3,67.3,76.8,74.4,72.0,70.9,73.2,73.2,72.0,70.9,99999.0,75.6,99999.0,79.1,99999.0,99999.0,99999.0,82.7,81.5,82.7,85.0,76.8,79.1,76.8,99999.0,79.1,78.0,78.0,78.0,78.0,79.1,79.1,81.5,78.0,73.2,75.6,75.6,76.8,99999.0,99999.0,99999.0,66.1,99999.0,68.5,72.0,73.2,72.0,73.2,99999.0,99999.0,76.8,72.0,99999.0,74.4,70.9,72.0,70.9,72.0,75.6,73.2,99999.0,99999.0,75.6,75.6,75.6,78.0,74.4,75.6,74.4,72.0,76.8,99999.0,99999.0,99999.0,68.5,67.3,81.5,99999.0,74.4,78.0,73.2,68.5,99999.0,79.1,76.8,74.4,73.2,73.2,75.6,75.6,76.8,81.5,79.1,82.7,81.5,73.2,99999.0,99999.0,99999.0,99999.0,99999.0,99999.0,99999.0,73.2,75.6,75.6,81.5,80.3
75.6,74.4,73.2,72.0,72.0,75.6,79.1,72.0,73.2,73.2,74.4,99999.0,76.8,78.0,76.8,75.6,74.4,74.4,75.6,78.0,76.8,78.0,76.8,61.4,63.8,68.5,99999.0,68.5,68.5,69.7,66.1,69.7,67.3,99999.0,76.8,99999.0,99999.0,75.6,99999.0,99999.0,99999.0,99999.0,99999.0,99999.0,99999.0,70.9,72.0,99999.0,75.6,99999.0,99999.0,99999.0,99999.0,99999.0,99999.0,99999.0,99999.0,99999.0,69.7,70.9,70.9,73.2,99999.0,70.9,72.0,99999.0,99999.0,99999.0,99999.0,74.4,99999.0,72.0,69.7,74.4,74.4,74.4,73.2,73.2,72.0,72.0,74.4,73.2,99999.0,75.6,74.4,75.6,73.2,76.8,75.6,76.8,73.2,73.2,72.0,70.9,73.2,75.6,74.4,74.4,75.6,74.4,73.2,99999.0,74.4,74.4,99999.0,75.6,79.1,82.7,83.9,83.9,79.1,86.2,82.7,81.5,80.3,78.0,78.0,75.6,99999.0,70.9,73.2,74.4,79.1,78.0,75.6,73.2,68.5,99999.0,99999.0,75.6,75.6,73.2,75.6,73.2,99999.0,75.6,75.6,73.2,75.6,75.6,76.8,75.6,74.4,81.5,74.4,70.9,73.2,73.2,74.4,99999.0,75.6,74.4,75.6,75.6,74.4,67.3,72.0,99999.0,69.7,69.7,70.9,72.0,70.9,99999.0,99999.0,99999.0,99999.0,99999.0,99999.0,63.8,99999.0,75.6,73.2,72.0,73.2,75.6,72.0,73.2,72.0,74.4,74.4,75.6,76.8,73.2,72.0,73.2,75.6,75.6,75.6,75.6,72.0,72.0,66.1,66.1,99999.0,99999.0,74.4,79.1,72.0,79.1,82.7,79.1,99999.0,99999.0,99999.0,82.7,78.0,99999.0,99999.0,73.2,69.7,99999.0,81.5,99999.0,81.5,99999.0,99999.0,99999.0,99999.0,99999.0,85.0,99999.0,99999.0,99999.0,69.7,99999.0,99999.0,99999.0,99999.0,99999.0,68.5,69.7,68.5,66.1,72.0,72.0,72.0,72.0,67.3,63.8,99999.0,99999.0,74.4,74.4,74.4,75.6,99999.0,74.4,73.2,74.4,67.3,66.1,72.0,99999.0,73.2,72.0,69.7,72.0,72.0,72.0,74.4,74.4,74.4,75.6,75.6,68.5,72.0,78.0,79.1,79.1,79.1,78.0,79.1,76.8,79.1,78.0,76.8,78.0,75.6,78.0,78.0,79.1,79.1,79.1,79.1,79.1,78.0,73.2,72.0,73.2,72.0,74.4,99999.0,70.9,99999.0,99999.0,99999.0,99999.0,99999.0,72.0,73.2,76.8,74.4,99999.0,99999.0,99999.0,99999.0,72.0,99999.0,99999.0,73.2,72.0,79.1,99999.0,99999.0,75.6,74.4,74.4,99999.0,74.4,75.6,74.4,99999.0,72.0,99999.0,74.4,99999.0,73.2,72.0,74.4,74.4,74.4,76.8,76.8,78.0,81.5,79.1,76.8,74.4,73.2,72.0,72.0,75.6,75.6,76.8,80.3,80.3,69.7,99999.0,99999.0,99999.0,99999.0,99999.0,99999.0,74.4,76.8,70.9,70.9,74.4,79.1
74.4,75.6,72.0,70.9,75.6,80.3,78.0,70.9,75.6,76.8,99999.0,72.0,76.8,73.2,70.9,70.9,73.2,72.0,76.8,74.4,82.7,99999.0,99999.0,70.9,69.7,72.0,68.5,67.3,73.2,81.5,72.0,74.4,76.8,75.6,76.8,76.8,99999.0,99999.0,99999.0,99999.0,69.7,99999.0,99999.0,70.9,72.0,99999.0,99999.0,99999.0,99999.0,99999.0,99999.0,99999.0,99999.0,99999.0,99999.0,99999.0,99999.0,99999.0,69.7,72.0,70.9,72.0,70.9,69.7,72.0,72.0,99999.0,70.9,99999.0,73.2,75.6,73.2,73.2,76.8,74.4,74.4,73.2,75.6,76.8,78.0,78.0,75.6,74.4,99999.0,99999.0,79.1,76.8,74.4,72.0,74.4,73.2,73.2,70.9,72.0,73.2,74.4,73.2,75.6,73.2,99999.0,72.0,78.0,75.6,73.2,99999.0,73.2,72.0,99999.0,79.1,81.5,81.5,81.5,79.1,76.8,82.7,79.1,78.0,76.8,79.1,78.0,78.0,79.1,75.6,75.6,75.6,73.2,70.9,75.6,74.4,72.0,69.7,70.9,69.7,70.9,72.0,70.9,72.0,73.2,73.2,74.4,73.2,70.9,70.9,68.5,70.9,70.9,70.9,72.0,74.4,99999.0,99999.0,99999.0,74.4,73.2,70.9,66.1,74.4,66.1,66.1,70.9,70.9,72.0,68.5,68.5,69.7,75.6,75.6,66.1,70.9,68.5,72.0,74.4,74.4,70.9,67.3,68.5,68.5,70.9,72.0,69.7,72.0,72.0,72.0,73.2,73.2,73.2,75.6,76.8,76.8,74.4,68.5,70.9,69.7,65.0,67.3,68.5,70.9,73.2,68.5,78.0,83.9,78.0,99999.0,99999.0,78.0,76.8,75.6,99999.0,99999.0,70.9,73.2,79.1,99999.0,99999.0,99999.0,99999.0,99999.0,99999.0,99999.0,99999.0,80.3,99999.0,99999.0,99999.0,99999.0,75.6,78.0,99999.0,79.1,99999.0,99999.0,69.7,67.3,67.3,72.0,73.2,72.0,68.5,68.5,99999.0,99999.0,99999.0,73.2,70.9,73.2,72.0,70.9,73.2,69.7,69.7,68.5,67.3,70.9,68.5,66.1,68.5,69.7,67.3,68.5,70.9,70.9,74.4,73.2,75.6,73.2,70.9,69.7,72.0,74.4,74.4,75.6,75.6,75.6,75.6,75.6,75.6,75.6,76.8,99999.0,74.4,74.4,74.4,75.6,75.6,75.6,72.0,74.4,68.5,73.2,73.2,73.2,72.0,99999.0,99999.0,68.5,67.3,69.7,72.0,72.0,74.4,74.4,72.0,99999.0,99999.0,99999.0,99999.0,99999.0,75.6,99999.0,73.2,81.5,80.3,79.1,76.8,76.8,75.6,74.4,73.2,74.4,74.4,73.2,72.0,99999.0,73.2,75.6,75.6,74.4,78.0,79.1,75.6,78.0,99999.0,99999.0,70.9,76.8,79.1,81.5,81.5,78.0,72.0,72.0,72.0,73.2,74.4,75.6,76.8,99999.0,62.6,99999.0,99999.0,99999.0,99999.0,75.6,76.8,79.1,78.0,80.3,75.6,73.2,68.5
78.0,74.4,70.9,69.7,73.2,99999.0,78.0,72.0,75.6,99999.0,67.3,65.0,66.1,67.3,70.9,73.2,79.1,75.6,74.4,99999.0,99999.0,99999.0,70.9,70.9,69.7,99999.0,99999.0,68.5,70.9,70.9,72.0,73.2,73.2,74.4,74.4,75.6,73.2,73.2,99999.0,99999.0,70.9,68.5,99999.0,70.9,69.7,99999.0,99999.0,99999.0,99999.0,99999.0,99999.0,99999.0,99999.0,99999.0,99999.0,99999.0,99999.0,99999.0,99999.0,99999.0,99999.0,72.0,73.2,74.4,74.4,70.9,99999.0,99999.0,69.7,67.3,72.0,70.9,74.4,72.0,72.0,73.2,70.9,99999.0,99999.0,99999.0,99999.0,99999.0,99999.0,99999.0,79.1,78.0,78.0,75.6,75.6,75.6,74.4,99999.0,72.0,70.9,79.1,99999.0,99999.0,99999.0,78.0,99999.0,99999.0,99999.0,99999.0,70.9,70.9,69.7,69.7,70.9,68.5,73.2,75.6,72.0,70.9,73.2,74.4,99999.0,78.0,75.6,75.6,75.6,78.0,76.8,76.8,75.6,75.6,74.4,73.2,73.2,70.9,69.7,69.7,68.5,67.3,68.5,69.7,68.5,70.9,69.7,68.5,72.0,69.7,69.7,70.9,67.3,68.5,68.5,70.9,75.6,99999.0,99999.0,99999.0,74.4,73.2,72.0,69.7,69.7,66.1,65.0,63.8,66.1,66.1,63.8,65.0,65.0,70.9,68.5,73.2,70.9,68.5,70.9,72.0,72.0,70.9,66.1,65.0,66.1,66.1,68.5,66.1,70.9,68.5,69.7,68.5,70.9,72.0,73.2,75.6,75.6,75.6,78.0,73.2,69.7,69.7,63.8,68.5,67.3,68.5,69.7,72.0,69.7,73.2,99999.0,72.0,74.4,74.4,73.2,75.6,99999.0,99999.0,72.0,73.2,74.4,99999.0,74.4,74.4,99999.0,99999.0,99999.0,68.5,70.9,67.3,78.0,81.5,80.3,99999.0,76.8,69.7,69.7,67.3,67.3,68.5,66.1,66.1,67.3,68.5,67.3,67.3,67.3,82.7,99999.0,99999.0,70.9,99999.0,99999.0,99999.0,63.8,99999.0,69.7,67.3,67.3,66.1,70.9,67.3,66.1,66.1,67.3,68.5,69.7,67.3,69.7,69.7,99999.0,76.8,78.0,69.7,68.5,69.7,70.9,72.0,73.2,73.2,73.2,70.9,70.9,72.0,70.9,72.0,72.0,66.1,73.2,66.1,70.9,69.7,69.7,69.7,68.5,70.9,69.7,75.6,72.0,69.7,69.7,70.9,66.1,66.1,67.3,69.7,72.0,72.0,74.4,69.7,63.8,66.1,63.8,68.5,68.5,69.7,69.7,68.5,69.7,72.0,74.4,73.2,74.4,75.6,74.4,72.0,68.5,68.5,69.7,69.7,99999.0,68.5,62.6,69.7,73.2,69.7,75.6,67.3,99999.0,99999.0,72.0,67.3,69.7,70.9,99999.0,99999.0,76.8,80.3,80.3,78.0,76.8,75.6,73.2,74.4,76.8,99999.0,67.3,99999.0,99999.0,99999.0,99999.0,99999.0,68.5,99999.0,79.1,99999.0,99999.0,69.7,73.2
79.1,70.9,99999.0,72.0,70.9,67.3,74.4,73.2,74.4,75.6,69.7,70.9,70.9,73.2,74.4,74.4,73.2,75.6,75.6,76.8,99999.0,99999.0,99999.0,99999.0,99999.0,99999.0,99999.0,70.9,72.0,69.7,72.0,72.0,72.0,68.5,67.3,67.3,68.5,67.3,67.3,57.9,61.4,62.6,68.5,66.1,67.3,67.3,99999.0,99999.0,99999.0,99999.0,99999.0,99999.0,99999.0,99999.0,99999.0,99999.0,99999.0,99999.0,99999.0,99999.0,99999.0,99999.0,99999.0,74.4,78.0,99999.0,99999.0,99999.0,99999.0,74.4,75.6,72.0,70.9,69.7,68.5,72.0,99999.0,99999.0,99999.0,75.6,78.0,75.6,70.9,99999.0,99999.0,73.2,73.2,72.0,72.0,73.2,70.9,99999.0,73.2,72.0,73.2,99999.0,99999.0,72.0,73.2,73.2,73.2,73.2,73.2,69.7,70.9,66.1,66.1,67.3,70.9,73.2,67.3,68.5,69.7,72.0,73.2,74.4,74.4,76.8,75.6,75.6,74.4,72.0,69.7,70.9,70.9,72.0,69.7,69.7,68.5,68.5,70.9,69.7,67.3,65.0,68.5,68.5,69.7,67.3,67.3,70.9,69.7,67.3,66.1,66.1,66.1,67.3,68.5,99999.0,99999.0,68.5,68.5,67.3,67.3,68.5,67.3,65.0,65.0,66.1,65.0,66.1,66.1,66.1,72.0,73.2,73.2,74.4,68.5,66.1,66.1,68.5,69.7,70.9,69.7,68.5,66.1,63.8,65.0,70.9,69.7,65.0,69.7,69.7,70.9,61.4,68.5,66.1,68.5,66.1,66.1,67.3,67.3,69.7,66.1,66.1,67.3,99999.0,67.3,70.9,69.7,74.4,73.2,68.5,70.9,68.5,72.0,70.9,72.0,67.3,69.7,70.9,67.3,70.9,70.9,72.0,73.2,73.2,69.7,67.3,67.3,66.1,65.0,99999.0,65.0,99999.0,99999.0,99999.0,65.0,99999.0,70.9,66.1,68.5,67.3,68.5,69.7,67.3,67.3,69.7,66.1,99999.0,99999.0,99999.0,66.1,66.1,65.0,61.4,66.1,68.5,68.5,67.3,67.3,67.3,68.5,68.5,65.0,63.8,67.3,70.9,69.7,69.7,68.5,68.5,72.0,69.7,72.0,67.3,66.1,66.1,69.7,67.3,69.7,70.9,70.9,68.5,67.3,68.5,66.1,66.1,66.1,63.8,63.8,65.0,62.6,65.0,66.1,68.5,67.3,70.9,66.1,66.1,66.1,65.0,65.0,63.8,63.8,63.8,63.8,63.8,62.6,63.8,62.6,62.6,62.6,62.6,63.8,61.4,63.8,65.0,65.0,68.5,70.9,69.7,69.7,69.7,67.3,68.5,67.3,63.8,65.0,65.0,67.3,66.1,67.3,65.0,68.5,70.9,67.3,67.3,65.0,67.3,66.1,68.5,67.3,65.0,65.0,69.7,99999.0,74.4,75.6,75.6,75.6,74.4,75.6,75.6,74.4,70.9,63.8,68.5,68.5,69.7,69.7,66.1,99999.0,70.9,99999.0,65.0,99999.0,99999.0,99999.0,80.3,79.1
70.9,99999.0,99999.0,99999.0,99999.0,73.2,75.6,73.2,73.2,80.3,76.8,76.8,75.6,73.2,73.2,72.0,72.0,70.9,73.2,74.4,99999.0,99999.0,99999.0,69.7,99999.0,67.3,72.0,67.3,99999.0,65.0,68.5,67.3,66.1,66.1,65.0,63.8,65.0,66.1,61.4,60.2,62.6,63.8,66.1,66.1,63.8,63.8,66.1,65.0,63.8,63.8,99999.0,99999.0,99999.0,99999.0,99999.0,99999.0,79.1,68.5,66.1,99999.0,99999.0,99999.0,68.5,75.6,99999.0,99999.0,99999.0,78.0,74.4,99999.0,99999.0,67.3,68.5,69.7,69.7,70.9,72.0,99999.0,99999.0,99999.0,73.2,99999.0,75.6,74.4,70.9,72.0,74.4,99999.0,70.9,69.7,99999.0,99999.0,72.0,70.9,72.0,70.9,72.0,74.4,72.0,72.0,73.2,70.9,70.9,70.9,70.9,70.9,73.2,72.0,69.7,68.5,69.7,68.5,70.9,72.0,73.2,73.2,67.3,70.9,70.9,63.8,69.7,66.1,70.9,69.7,70.9,70.9,69.7,67.3,68.5,67.3,67.3,67.3,65.0,67.3,68.5,66.1,66.1,66.1,68.5,67.3,68.5,68.5,65.0,66.1,66.1,66.1,69.7,68.5,68.5,65.0,65.0,65.0,69.7,69.7,65.0,66.1,65.0,65.0,66.1,65.0,66.1,67.3,69.7,69.7,68.5,66.1,66.1,66.1,66.1,68.5,69.7,66.1,66.1,62.6,65.0,63.8,62.6,63.8,63.8,59.1,63.8,65.0,66.1,63.8,67.3,67.3,68.5,67.3,65.0,65.0,65.0,65.0,63.8,65.0,67.3,68.5,70.9,72.0,73.2,74.4,72.0,72.0,75.6,68.5,67.3,67.3,66.1,66.1,68.5,67.3,68.5,69.7,69.7,69.7,70.9,70.9,68.5,65.0,63.8,68.5,67.3,61.4,99999.0,99999.0,99999.0,67.3,70.9,67.3,65.0,67.3,66.1,67.3,67.3,67.3,67.3,66.1,66.1,65.0,67.3,63.8,67.3,65.0,65.0,65.0,62.6,63.8,63.8,65.0,65.0,65.0,67.3,69.7,66.1,66.1,65.0,63.8,67.3,66.1,68.5,69.7,72.0,72.0,72.0,70.9,67.3,67.3,66.1,66.1,66.1,66.1,66.1,66.1,68.5,67.3,66.1,67.3,66.1,67.3,65.0,63.8,65.0,63.8,65.0,65.0,65.0,65.0,66.1,63.8,61.4,62.6,63.8,61.4,62.6,61.4,62.6,62.6,60.2,60.2,61.4,60.2,62.6,63.8,60.2,62.6,60.2,61.4,62.6,62.6,63.8,63.8,62.6,62.6,63.8,63.8,62.6,63.8,61.4,65.0,65.0,62.6,63.8,63.8,63.8,63.8,61.4,63.8,65.0,99999.0,63.8,66.1,63.8,63.8,63.8,63.8,65.0,67.3,68.5,68.5,69.7,70.9,68.5,69.7,74.4,75.6,74.4,69.7,69.7,72.0,72.0,72.0,72.0,74.4,67.3,74.4,72.0,75.6,76.8,74.4,76.8,74.4
99999.0,72.0,69.7,70.9,72.0,72.0,70.9,99999.0,73.2,73.2,72.0,74.4,70.9,67.3,99999.0,99999.0,70.9,65.0,99999.0,99999.0,99999.0,99999.0,66.1,63.8,99999.0,99999.0,99999.0,99999.0,99999.0,65.0,63.8,68.5,65.0,65.0,65.0,66.1,67.3,67.3,65.0,78.0,99999.0,99999.0,66.1,65.0,66.1,65.0,63.8,99999.0,99999.0,99999.0,99999.0,99999.0,99999.0,99999.0,99999.0,99999.0,99999.0,70.9,99999.0,99999.0,99999.0,99999.0,99999.0,99999.0,99999.0,99999.0,99999.0,99999.0,99999.0,99999.0,99999.0,99999.0,99999.0,99999.0,99999.0,99999.0,99999.0,99999.0,99999.0,99999.0,99999.0,99999.0,99999.0,99999.0,99999.0,99999.0,99999.0,99999.0,99999.0,99999.0,99999.0,74.4,99999.0,99999.0,99999.0,72.0,70.9,69.7,66.1,68.5,72.0,99999.0,99999.0,99999.0,68.5,70.9,70.9,72.0,67.3,68.5,69.7,66.1,69.7,70.9,68.5,66.1,79.1,65.0,59.1,63.8,66.1,68.5,68.5,69.7,68.5,68.5,66.1,66.1,68.5,66.1,69.7,68.5,68.5,65.0,67.3,68.5,63.8,67.3,66.1,69.7,67.3,65.0,66.1,99999.0,66.1,66.1,99999.0,99999.0,63.8,65.0,68.5,68.5,69.7,68.5,67.3,66.1,67.3,63.8,65.0,65.0,68.5,70.9,73.2,73.2,72.0,67.3,65.0,67.3,68.5,68.5,99999.0,61.4,99999.0,99999.0,61.4,62.6,61.4,99999.0,67.3,62.6,67.3,66.1,66.1,67.3,67.3,66.1,66.1,63.8,65.0,63.8,63.8,63.8,65.0,63.8,63.8,99999.0,78.0,78.0,78.0,72.0,62.6,63.8,66.1,65.0,66.1,67.3,66.1,66.1,65.0,65.0,67.3,70.9,69.7,70.9,70.9,70.9,66.1,66.1,63.8,99999.0,99999.0,99999.0,99999.0,62.6,63.8,65.0,65.0,65.0,63.8,65.0,65.0,66.1,63.8,63.8,66.1,66.1,63.8,63.8,63.8,63.8,61.4,62.6,61.4,63.8,65.0,63.8,63.8,63.8,63.8,63.8,66.1,65.0,66.1,65.0,68.5,66.1,61.4,63.8,66.1,73.2,72.0,70.9,66.1,65.0,65.0,63.8,65.0,63.8,63.8,63.8,66.1,67.3,68.5,66.1,65.0,63.8,60.2,62.6,61.4,61.4,60.2,60.2,60.2,56.7,61.4,63.8,65.0,66.1,63.8,61.4,65.0,63.8,61.4,66.1,62.6,63.8,62.6,62.6,63.8,61.4,59.1,62.6,61.4,61.4,62.6,65.0,62.6,62.6,62.6,61.4,60.2,60.2,60.2,60.2,61.4,60.2,57.9,59.1,60.2,61.4,62.6,61.4,62.6,62.6,61.4,60.2,99999.0,66.1,63.8,62.6,62.6,62.6,61.4,62.6,66.1,67.3,69.7,70.9,67.3,68.5,67.3,68.5,67.3,68.5,67.3,66.1,67.3,63.8,60.2,57.9,63.8,68.5,66.1,68.5,67.3,72.0,73.2,99999.0,99999.0,99999.0
73.2,69.7,69.7,67.3,67.3,66.1,65.0,68.5,67.3,69.7,67.3,67.3,66.1,72.0,68.5,67.3,66.1,61.4,99999.0,99999.0,59.1,61.4,60.2,61.4,63.8,61.4,99999.0,60.2,59.1,61.4,61.4,60.2,63.8,66.1,69.7,69.7,67.3,68.5,74.4,72.0,99999.0,67.3,66.1,63.8,63.8,63.8,65.0,99999.0,99999.0,99999.0,99999.0,99999.0,99999.0,65.0,99999.0,99999.0,68.5,99999.0,99999.0,99999.0,99999.0,99999.0,99999.0,63.8,63.8,99999.0,99999.0,99999.0,99999.0,67.3,69.7,68.5,99999.0,69.7,99999.0,99999.0,99999.0,99999.0,99999.0,99999.0,99999.0,99999.0,72.0,99999.0,99999.0,72.0,70.9,68.5,69.7,72.0,70.9,70.9,65.0,67.3,67.3,67.3,69.7,68.5,67.3,67.3,65.0,66.1,66.1,65.0,65.0,66.1,66.1,65.0,68.5,67.3,66.1,66.1,68.5,62.6,57.9,65.0,62.6,68.5,67.3,63.8,66.1,67.3,67.3,66.1,67.3,65.0,99999.0,63.8,65.0,65.0,63.8,66.1,65.0,66.1,67.3,68.5,69.7,67.3,65.0,65.0,99999.0,65.0,99999.0,99999.0,66.1,63.8,63.8,65.0,63.8,65.0,67.3,63.8,63.8,63.8,68.5,75.6,99999.0,63.8,66.1,69.7,74.4,74.4,75.6,73.2,73.2,69.7,68.5,65.0,63.8,62.6,65.0,66.1,67.3,63.8,61.4,60.2,61.4,61.4,63.8,67.3,72.0,66.1,66.1,63.8,63.8,62.6,63.8,63.8,65.0,65.0,65.0,65.0,65.0,65.0,68.5,74.4,69.7,72.0,69.7,68.5,66.1,68.5,65.0,63.8,66.1,67.3,67.3,65.0,66.1,65.0,66.1,67.3,70.9,68.5,69.7,68.5,66.1,67.3,72.0,63.8,63.8,63.8,62.6,61.4,61.4,61.4,65.0,65.0,65.0,65.0,69.7,63.8,62.6,67.3,69.7,66.1,68.5,61.4,62.6,63.8,62.6,60.2,56.7,63.8,62.6,63.8,65.0,63.8,65.0,65.0,63.8,61.4,62.6,65.0,66.1,63.8,63.8,66.1,68.5,69.7,69.7,63.8,60.2,59.1,60.2,61.4,61.4,61.4,61.4,63.8,62.6,66.1,65.0,67.3,63.8,63.8,65.0,60.2,59.1,55.5,66.1,72.0,73.2,70.9,73.2,73.2,62.6,65.0,60.2,59.1,68.5,67.3,68.5,73.2,66.1,63.8,60.2,62.6,62.6,62.6,57.9,62.6,65.0,61.4,67.3,66.1,61.4,61.4,62.6,61.4,60.2,67.3,69.7,63.8,65.0,65.0,63.8,59.1,56.7,59.1,61.4,61.4,60.2,61.4,59.1,61.4,62.6,63.8,65.0,62.6,67.3,63.8,62.6,62.6,63.8,62.6,66.1,65.0,66.1,63.8,62.6,63.8,62.6,66.1,67.3,69.7,68.5,67.3,65.0,62.6,62.6,65.0,66.1,66.1,69.7,73.2,73.2,74.4,70.9,73.2
66.1,72.0,72.0,66.1,67.3,65.0,65.0,66.1,67.3,68.5,65.0,66.1,99999.0,99999.0,99999.0,62.6,65.0,63.8,62.6,60.2,62.6,65.0,99999.0,99999.0,63.8,65.0,63.8,57.9,59.1,60.2,61.4,62.6,63.8,65.0,63.8,63.8,63.8,63.8,65.0,68.5,67.3,63.8,62.6,67.3,65.0,61.4,59.1,59.1,99999.0,63.8,65.0,99999.0,65.0,99999.0,99999.0,70.9,68.5,67.3,63.8,65.0,66.1,65.0,68.5,99999.0,99999.0,99999.0,99999.0,99999.0,99999.0,99999.0,99999.0,70.9,99999.0,99999.0,99999.0,99999.0,99999.0,99999.0,99999.0,99999.0,99999.0,99999.0,99999.0,99999.0,99999.0,63.8,99999.0,63.8,68.5,68.5,69.7,99999.0,99999.0,66.1,67.3,68.5,65.0,67.3,65.0,67.3,66.1,63.8,63.8,62.6,62.6,63.8,63.8,63.8,63.8,65.0,68.5,61.4,67.3,65.0,52.0,99999.0,63.8,65.0,99999.0,65.0,66.1,66.1,65.0,66.1,66.1,63.8,65.0,63.8,65.0,62.6,63.8,65.0,66.1,66.1,65.0,65.0,63.8,70.9,67.3,65.0,99999.0,63.8,65.0,65.0,63.8,63.8,66.1,67.3,65.0,65.0,63.8,63.8,99999.0,99999.0,99999.0,67.3,68.5,68.5,73.2,72.0,70.9,65.0,65.0,66.1,66.1,65.0,67.3,68.5,68.5,68.5,66.1,65.0,65.0,60.2,69.7,68.5,66.1,65.0,63.8,60.2,65.0,66.1,62.6,67.3,65.0,62.6,63.8,63.8,63.8,63.8,63.8,62.6,63.8,67.3,69.7,68.5,67.3,69.7,67.3,63.8,66.1,63.8,61.4,62.6,62.6,65.0,65.0,65.0,63.8,65.0,66.1,68.5,68.5,67.3,65.0,62.6,60.2,62.6,61.4,61.4,60.2,60.2,65.0,63.8,61.4,63.8,60.2,59.1,59.1,62.6,63.8,65.0,68.5,65.0,65.0,66.1,61.4,67.3,65.0,62.6,60.2,61.4,61.4,57.9,61.4,65.0,70.9,66.1,66.1,68.5,65.0,63.8,63.8,63.8,63.8,62.6,67.3,67.3,68.5,67.3,65.0,70.9,62.6,62.6,69.7,74.4,72.0,67.3,69.7,68.5,68.5,72.0,69.7,72.0,68.5,66.1,66.1,69.7,66.1,69.7,69.7,73.2,76.8,79.1,86.2,79.1,72.0,68.5,69.7,74.4,75.6,72.0,69.7,68.5,75.6,69.7,73.2,69.7,68.5,66.1,68.5,76.8,72.0,68.5,70.9,68.5,69.7,65.0,62.6,66.1,69.7,63.8,76.8,81.5,68.5,79.1,76.8,68.5,73.2,68.5,70.9,69.7,69.7,63.8,62.6,62.6,60.2,59.1,62.6,65.0,66.1,63.8,61.4,62.6,63.8,61.4,62.6,61.4,63.8,62.6,62.6,62.6,62.6,63.8,61.4,62.6,66.1,66.1,60.2,63.8,63.8,63.8,63.8,67.3,69.7,74.4,70.9,72.0,72.0,65.0
67.3,67.3,66.1,68.5,99999.0,99999.0,68.5,68.5,66.1,66.1,63.8,66.1,65.0,62.6,63.8,62.6,65.0,63.8,63.8,62.6,62.6,65.0,99999.0,99999.0,60.2,60.2,62.6,59.1,99999.0,61.4,60.2,62.6,63.8,65.0,65.0,63.8,63.8,62.6,62.6,62.6,62.6,63.8,63.8,65.0,65.0,65.0,99999.0,99999.0,62.6,65.0,63.8,63.8,62.6,62.6,62.6,69.7,62.6,65.0,63.8,63.8,63.8,65.0,61.4,60.2,61.4,62.6,65.0,99999.0,61.4,99999.0,62.6,99999.0,63.8,65.0,63.8,66.1,67.3,99999.0,68.5,66.1,99999.0,99999.0,66.1,61.4,62.6,61.4,57.9,66.1,69.7,99999.0,68.5,67.3,99999.0,62.6,99999.0,99999.0,99999.0,99999.0,99999.0,69.7,99999.0,63.8,63.8,65.0,99999.0,63.8,66.1,65.0,99999.0,65.0,99999.0,59.1,61.4,66.1,61.4,56.7,62.6,63.8,66.1,65.0,65.0,63.8,65.0,66.1,66.1,99999.0,63.8,65.0,63.8,63.8,63.8,63.8,63.8,62.6,65.0,65.0,65.0,66.1,63.8,63.8,99999.0,99999.0,62.6,67.3,65.0,65.0,63.8,66.1,63.8,66.1,65.0,65.0,99999.0,99999.0,99999.0,99999.0,69.7,70.9,68.5,69.7,66.1,65.0,65.0,65.0,66.1,66.1,67.3,65.0,67.3,68.5,99999.0,63.8,99999.0,99999.0,68.5,66.1,65.0,67.3,65.0,66.1,67.3,66.1,63.8,61.4,63.8,61.4,61.4,63.8,63.8,63.8,63.8,65.0,65.0,67.3,65.0,66.1,63.8,60.2,65.0,63.8,62.6,60.2,63.8,62.6,61.4,65.0,66.1,65.0,63.8,63.8,61.4,63.8,57.9,63.8,60.2,60.2,60.2,63.8,62.6,62.6,63.8,62.6,66.1,66.1,66.1,68.5,68.5,65.0,65.0,66.1,70.9,69.7,68.5,69.7,65.0,68.5,69.7,68.5,61.4,66.1,65.0,61.4,65.0,62.6,65.0,62.6,65.0,63.8,63.8,63.8,61.4,62.6,66.1,65.0,65.0,67.3,68.5,66.1,63.8,65.0,67.3,67.3,72.0,70.9,66.1,76.8,78.0,78.0,73.2,73.2,75.6,72.0,76.8,72.0,73.2,73.2,74.4,70.9,72.0,74.4,69.7,66.1,68.5,73.2,70.9,73.2,73.2,70.9,85.0,76.8,81.5,85.0,80.3,76.8,74.4,73.2,74.4,74.4,73.2,79.1,80.3,74.4,81.5,82.7,68.5,65.0,68.5,65.0,67.3,70.9,68.5,69.7,67.3,73.2,68.5,63.8,59.1,61.4,68.5,69.7,75.6,73.2,69.7,69.7,68.5,72.0,70.9,68.5,62.6,66.1,65.0,62.6,68.5,66.1,60.2,60.2,61.4,60.2,61.4,62.6,61.4,61.4,63.8,65.0,65.0,65.0,65.0,65.0,62.6,66.1,65.0,65.0,67.3,66.1,67.3,65.0,67.3,67.3,67.3,66.1
66.1,63.8,66.1,99999.0,99999.0,99999.0,99999.0,99999.0,99999.0,61.4,66.1,61.4,60.2,62.6,60.2,61.4,62.6,63.8,60.2,60.2,62.6,63.8,99999.0,99999.0,60.2,60.2,60.2,62.6,99999.0,63.8,63.8,63.8,62.6,63.8,62.6,62.6,61.4,60.2,61.4,63.8,62.6,63.8,63.8,99999.0,99999.0,62.6,63.8,62.6,62.6,61.4,63.8,63.8,62.6,63.8,63.8,66.1,65.0,65.0,63.8,66.1,67.3,63.8,61.4,62.6,61.4,62.6,61.4,63.8,62.6,61.4,60.2,63.8,99999.0,99999.0,99999.0,63.8,65.0,62.6,99999.0,99999.0,62.6,62.6,60.2,63.8,63.8,62.6,59.1,99999.0,99999.0,99999.0,99999.0,60.2,61.4,65.0,62.6,62.6,61.4,61.4,61.4,60.2,62.6,65.0,67.3,99999.0,66.1,65.0,62.6,63.8,62.6,73.2,68.5,61.4,57.9,63.8,65.0,63.8,63.8,66.1,60.2,65.0,65.0,63.8,65.0,65.0,63.8,63.8,63.8,65.0,63.8,65.0,63.8,63.8,62.6,63.8,63.8,63.8,65.0,65.0,65.0,65.0,66.1,67.3,66.1,67.3,99999.0,65.0,63.8,63.8,66.1,66.1,63.8,65.0,66.1,65.0,66.1,67.3,67.3,67.3,68.5,66.1,65.0,66.1,66.1,67.3,69.7,70.9,68.5,69.7,72.0,67.3,67.3,67.3,67.3,66.1,67.3,66.1,66.1,66.1,69.7,66.1,63.8,60.2,60.2,60.2,62.6,61.4,62.6,62.6,62.6,65.0,65.0,60.2,61.4,62.6,63.8,62.6,61.4,62.6,65.0,60.2,60.2,61.4,61.4,65.0,65.0,65.0,67.3,63.8,61.4,55.5,54.3,55.5,56.7,62.6,65.0,63.8,61.4,60.2,57.9,60.2,67.3,67.3,70.9,67.3,70.9,70.9,70.9,67.3,68.5,66.1,67.3,65.0,65.0,60.2,57.9,56.7,57.9,61.4,62.6,61.4,63.8,62.6,67.3,69.7,67.3,65.0,63.8,67.3,68.5,65.0,61.4,60.2,61.4,63.8,63.8,62.6,67.3,70.9,68.5,67.3,75.6,74.4,72.0,75.6,80.3,69.7,67.3,65.0,65.0,66.1,61.4,65.0,59.1,62.6,63.8,63.8,56.7,61.4,57.9,59.1,56.7,59.1,61.4,59.1,63.8,61.4,67.3,63.8,67.3,76.8,72.0,79.1,78.0,70.9,75.6,74.4,74.4,75.6,72.0,69.7,69.7,65.0,66.1,57.9,59.1,59.1,57.9,59.1,61.4,61.4,56.7,55.5,54.3,55.5,61.4,56.7,59.1,60.2,61.4,63.8,65.0,69.7,70.9,85.0,81.5,83.9,78.0,73.2,72.0,67.3,66.1,67.3,69.7,69.7,68.5,73.2,63.8,63.8,65.0,67.3,60.2,60.2,61.4,62.6,62.6,61.4,62.6,62.6,62.6,63.8,63.8,63.8,63.8,63.8,62.6,61.4,62.6,66.1,65.0,63.8
65.0,61.4,62.6,99999.0,99999.0,67.3,99999.0,99999.0,66.1,63.8,99999.0,61.4,62.6,61.4,61.4,61.4,61.4,61.4,61.4,61.4,60.2,99999.0,60.2,61.4,61.4,61.4,60.2,63.8,61.4,99999.0,66.1,65.0,61.4,62.6,62.6,62.6,62.6,60.2,61.4,62.6,59.1,61.4,61.4,63.8,63.8,62.6,63.8,62.6,62.6,63.8,62.6,62.6,63.8,63.8,63.8,62.6,62.6,62.6,62.6,63.8,62.6,61.4,60.2,61.4,99999.0,61.4,62.6,62.6,63.8,62.6,61.4,61.4,99999.0,99999.0,99999.0,99999.0,99999.0,66.1,99999.0,63.8,62.6,63.8,63.8,62.6,99999.0,99999.0,99999.0,99999.0,99999.0,99999.0,99999.0,60.2,60.2,62.6,62.6,62.6,62.6,62.6,61.4,62.6,61.4,66.1,65.0,62.6,63.8,63.8,63.8,63.8,62.6,63.8,66.1,60.2,62.6,67.3,63.8,66.1,68.5,66.1,62.6,63.8,63.8,63.8,63.8,63.8,63.8,65.0,65.0,65.0,65.0,65.0,63.8,62.6,63.8,63.8,63.8,63.8,63.8,65.0,65.0,65.0,65.0,65.0,66.1,66.1,66.1,65.0,65.0,65.0,63.8,63.8,63.8,63.8,63.8,63.8,66.1,63.8,65.0,63.8,65.0,62.6,66.1,65.0,65.0,67.3,67.3,68.5,69.7,67.3,69.7,72.0,67.3,65.0,67.3,67.3,65.0,66.1,69.7,68.5,67.3,66.1,68.5,66.1,62.6,65.0,63.8,72.0,67.3,67.3,62.6,70.9,67.3,63.8,67.3,66.1,68.5,63.8,60.2,68.5,67.3,60.2,62.6,66.1,61.4,60.2,62.6,56.7,60.2,62.6,60.2,66.1,66.1,69.7,63.8,65.0,67.3,68.5,67.3,63.8,63.8,62.6,67.3,72.0,70.9,68.5,68.5,62.6,66.1,66.1,61.4,59.1,57.9,57.9,99999.0,99999.0,99999.0,99999.0,99999.0,99999.0,99999.0,57.9,56.7,66.1,75.6,69.7,66.1,63.8,67.3,61.4,63.8,59.1,60.2,61.4,67.3,63.8,67.3,65.0,66.1,70.9,67.3,70.9,72.0,67.3,72.0,62.6,65.0,59.1,55.5,99999.0,99999.0,99999.0,99999.0,99999.0,99999.0,99999.0,99999.0,99999.0,99999.0,99999.0,99999.0,99999.0,99999.0,99999.0,99999.0,56.7,60.2,62.6,59.1,65.0,66.1,63.8,62.6,55.5,60.2,65.0,59.1,65.0,61.4,61.4,61.4,59.1,59.1,56.7,57.9,99999.0,99999.0,99999.0,99999.0,99999.0,99999.0,99999.0,99999.0,99999.0,99999.0,99999.0,99999.0,59.1,57.9,62.6,59.1,59.1,60.2,62.6,67.3,70.9,76.8,70.9,74.4,79.1,78.0,80.3,80.3,72.0,70.9,85.0,80.3,79.1,75.6,76.8,80.3,69.7,61.4,61.4,63.8,57.9,62.6,60.2,61.4,62.6,62.6,62.6,61.4,62.6,62.6,60.2,60.2,61.4,62.6,62.6,63.8,62.6
61.4,62.6,62.6,62.6,62.6,59.1,63.8,62.6,63.8,61.4,62.6,61.4,60.2,60.2,61.4,60.2,61.4,62.6,61.4,63.8,62.6,61.4,61.4,61.4,61.4,61.4,62.6,60.2,59.1,60.2,60.2,60.2,60.2,60.2,59.1,61.4,62.6,61.4,61.4,99999.0,63.8,63.8,63.8,63.8,62.6,62.6,61.4,61.4,62.6,61.4,61.4,62.6,63.8,63.8,62.6,61.4,61.4,60.2,60.2,62.6,61.4,61.4,63.8,60.2,60.2,62.6,62.6,63.8,62.6,62.6,65.0,61.4,99999.0,61.4,99999.0,99999.0,66.1,99999.0,99999.0,99999.0,99999.0,99999.0,99999.0,99999.0,61.4,60.2,60.2,61.4,61.4,59.1,59.1,57.9,65.0,61.4,62.6,63.8,60.2,63.8,62.6,65.0,63.8,62.6,63.8,66.1,65.0,65.0,65.0,63.8,66.1,65.0,66.1,67.3,56.7,67.3,70.9,70.9,79.1,69.7,69.7,65.0,62.6,62.6,62.6,62.6,63.8,63.8,63.8,63.8,63.8,62.6,62.6,62.6,62.6,62.6,62.6,62.6,63.8,63.8,65.0,63.8,65.0,65.0,65.0,65.0,65.0,65.0,66.1,67.3,68.5,62.6,63.8,63.8,63.8,61.4,63.8,61.4,62.6,63.8,62.6,65.0,63.8,65.0,66.1,67.3,66.1,99999.0,99999.0,99999.0,65.0,72.0,72.0,69.7,63.8,68.5,65.0,68.5,72.0,66.1,70.9,66.1,67.3,73.2,70.9,68.5,70.9,68.5,66.1,67.3,65.0,63.8,69.7,65.0,60.2,66.1,61.4,68.5,69.7,66.1,73.2,65.0,65.0,69.7,69.7,67.3,63.8,61.4,65.0,65.0,61.4,66.1,63.8,66.1,65.0,70.9,62.6,63.8,63.8,59.1,61.4,62.6,63.8,61.4,59.1,63.8,61.4,59.1,60.2,99999.0,99999.0,99999.0,99999.0,99999.0,99999.0,99999.0,99999.0,99999.0,99999.0,99999.0,99999.0,57.9,60.2,66.1,72.0,69.7,67.3,66.1,66.1,65.0,55.5,57.9,60.2,66.1,65.0,68.5,67.3,67.3,68.5,70.9,69.7,63.8,63.8,99999.0,99999.0,99999.0,99999.0,99999.0,99999.0,99999.0,99999.0,99999.0,99999.0,99999.0,99999.0,99999.0,99999.0,99999.0,99999.0,99999.0,99999.0,99999.0,99999.0,99999.0,99999.0,99999.0,99999.0,99999.0,99999.0,99999.0,99999.0,99999.0,99999.0,99999.0,99999.0,99999.0,99999.0,99999.0,99999.0,99999.0,99999.0,99999.0,99999.0,99999.0,99999.0,99999.0,99999.0,99999.0,99999.0,99999.0,99999.0,99999.0,99999.0,99999.0,99999.0,99999.0,99999.0,99999.0,99999.0,56.7,55.5,57.9,60.2,61.4,59.1,61.4,68.5,62.6,72.0,70.9,72.0,78.0,81.5,86.2,81.5,82.7,83.9,89.8,86.2,76.8,75.6,79.1,62.6,60.2,63.8,63.8,63.8,63.8,68.5,61.4,66.1,62.6,56.7,59.1,61.4,60.2,61.4,61.4,61.4,62.6,62.6,62.6
61.4,61.4,61.4,61.4,61.4,61.4,59.1,59.1,60.2,60.2,60.2,61.4,60.2,62.6,60.2,62.6,62.6,61.4,61.4,62.6,61.4,61.4,60.2,59.1,60.2,60.2,60.2,61.4,61.4,60.2,60.2,63.8,63.8,60.2,60.2,59.1,59.1,60.2,62.6,67.3,61.4,63.8,63.8,62.6,62.6,61.4,62.6,61.4,61.4,61.4,60.2,61.4,60.2,61.4,61.4,60.2,60.2,61.4,60.2,62.6,62.6,63.8,62.6,63.8,60.2,63.8,99999.0,99999.0,66.1,61.4,62.6,62.6,63.8,99999.0,99999.0,99999.0,99999.0,62.6,99999.0,60.2,99999.0,61.4,61.4,60.2,54.3,56.7,59.1,61.4,62.6,59.1,56.7,61.4,62.6,63.8,62.6,62.6,63.8,66.1,67.3,70.9,66.1,65.0,62.6,67.3,69.7,69.7,60.2,62.6,62.6,62.6,63.8,63.8,65.0,68.5,69.7,72.0,69.7,74.4,67.3,99999.0,62.6,61.4,61.4,61.4,62.6,62.6,63.8,63.8,63.8,63.8,63.8,62.6,63.8,62.6,62.6,63.8,62.6,63.8,65.0,63.8,63.8,63.8,62.6,63.8,62.6,63.8,63.8,63.8,99999.0,63.8,99999.0,62.6,62.6,62.6,62.6,62.6,61.4,62.6,62.6,65.0,65.0,63.8,99999.0,61.4,60.2,59.1,67.3,62.6,68.5,68.5,73.2,67.3,69.7,67.3,68.5,68.5,67.3,69.7,65.0,65.0,67.3,66.1,75.6,74.4,99999.0,99999.0,99999.0,99999.0,99999.0,99999.0,99999.0,99999.0,99999.0,99999.0,99999.0,56.7,67.3,65.0,62.6,63.8,62.6,60.2,62.6,67.3,99999.0,99999.0,65.0,60.2,61.4,65.0,59.1,56.7,63.8,66.1,61.4,61.4,99999.0,99999.0,99999.0,99999.0,99999.0,99999.0,99999.0,99999.0,99999.0,99999.0,99999.0,99999.0,99999.0,99999.0,99999.0,99999.0,99999.0,99999.0,99999.0,99999.0,99999.0,99999.0,57.9,60.2,63.8,68.5,68.5,69.7,67.3,66.1,65.0,53.1,55.5,63.8,65.0,66.1,67.3,66.1,63.8,66.1,69.7,69.7,63.8,62.6,99999.0,99999.0,99999.0,99999.0,99999.0,99999.0,99999.0,99999.0,99999.0,99999.0,99999.0,99999.0,99999.0,99999.0,99999.0,99999.0,99999.0,99999.0,99999.0,99999.0,99999.0,99999.0,99999.0,99999.0,99999.0,99999.0,99999.0,99999.0,99999.0,99999.0,99999.0,99999.0,99999.0,99999.0,99999.0,99999.0,99999.0,99999.0,99999.0,99999.0,99999.0,99999.0,99999.0,99999.0,99999.0,99999.0,99999.0,99999.0,99999.0,99999.0,99999.0,99999.0,99999.0,99999.0,99999.0,99999.0,99999.0,52.0,55.5,54.3,56.7,56.7,60.2,63.8,69.7,73.2,70.9,70.9,72.0,76.8,74.4,72.0,73.2,68.5,79.1,82.7,80.3,80.3,76.8,76.8,67.3,66.1,82.7,66.1,78.0,68.5,65.0,68.5,63.8,65.0,54.3,59.1,60.2,61.4,62.6,62.6,62.6,62.6,62.6,62.6
61.4,60.2,59.1,60.2,60.2,60.2,60.2,60.2,59.1,60.2,60.2,60.2,60.2,60.2,61.4,60.2,60.2,60.2,61.4,60.2,60.2,59.1,57.9,59.1,60.2,61.4,60.2,61.4,62.6,62.6,63.8,62.6,60.2,59.1,63.8,65.0,65.0,62.6,62.6,63.8,63.8,62.6,61.4,61.4,62.6,61.4,61.4,62.6,61.4,63.8,63.8,72.0,99999.0,61.4,59.1,60.2,60.2,55.5,61.4,62.6,65.0,62.6,61.4,63.8,99999.0,99999.0,62.6,70.9,99999.0,99999.0,61.4,99999.0,66.1,67.3,66.1,99999.0,99999.0,99999.0,99999.0,63.8,62.6,57.9,65.0,62.6,53.1,65.0,70.9,66.1,70.9,57.9,63.8,63.8,66.1,61.4,65.0,62.6,66.1,67.3,99999.0,62.6,63.8,61.4,61.4,60.2,62.6,63.8,62.6,62.6,63.8,62.6,66.1,67.3,68.5,69.7,70.9,68.5,66.1,66.1,62.6,67.3,61.4,61.4,61.4,60.2,61.4,62.6,62.6,65.0,65.0,65.0,65.0,65.0,63.8,63.8,63.8,63.8,62.6,62.6,62.6,62.6,63.8,63.8,63.8,62.6,63.8,62.6,62.6,63.8,62.6,60.2,60.2,61.4,61.4,61.4,62.6,61.4,57.9,62.6,61.4,99999.0,60.2,61.4,61.4,57.9,69.7,65.0,63.8,66.1,69.7,68.5,66.1,67.3,73.2,73.2,73.2,69.7,72.0,72.0,67.3,70.9,75.6,70.9,99999.0,99999.0,99999.0,99999.0,99999.0,99999.0,99999.0,99999.0,99999.0,99999.0,99999.0,99999.0,99999.0,99999.0,99999.0,99999.0,99999.0,99999.0,99999.0,99999.0,99999.0,99999.0,99999.0,99999.0,99999.0,99999.0,99999.0,99999.0,99999.0,99999.0,99999.0,99999.0,99999.0,99999.0,99999.0,99999.0,99999.0,99999.0,99999.0,99999.0,99999.0,99999.0,99999.0,99999.0,99999.0,99999.0,99999.0,99999.0,99999.0,99999.0,99999.0,99999.0,99999.0,99999.0,99999.0,56.7,57.9,62.6,67.3,70.9,68.5,63.8,66.1,66.1,61.4,72.0,65.0,67.3,65.0,67.3,63.8,62.6,62.6,69.7,67.3,63.8,99999.0,99999.0,99999.0,99999.0,99999.0,99999.0,99999.0,99999.0,99999.0,99999.0,99999.0,99999.0,99999.0,99999.0,99999.0,99999.0,99999.0,99999.0,99999.0,99999.0,99999.0,99999.0,99999.0,99999.0,99999.0,99999.0,99999.0,99999.0,99999.0,99999.0,99999.0,99999.0,99999.0,99999.0,99999.0,99999.0,99999.0,99999.0,99999.0,99999.0,99999.0,99999.0,99999.0,99999.0,99999.0,99999.0,99999.0,99999.0,99999.0,99999.0,99999.0,99999.0,99999.0,99999.0,99999.0,99999.0,99999.0,99999.0,99999.0,99999.0,99999.0,99999.0,99999.0,54.3,56.7,56.7,62.6,62.6,66.1,62.6,68.5,65.0,67.3,65.0,67.3,69.7,69.7,75.6,78.0,81.5,85.0,86.2,88.6,68.5,59.1,70.9,61.4,60.2,56.7,59.1,61.4,59.1,57.9,60.2,60.2,61.4,61.4,61.4,61.4,61.4,61.4,61.4
61.4,59.1,60.2,60.2,59.1,60.2,59.1,59.1,59.1,59.1,60.2,60.2,60.2,59.1,60.2,60.2,59.1,60.2,59.1,59.1,57.9,57.9,59.1,59.1,57.9,59.1,60.2,60.2,61.4,60.2,61.4,60.2,60.2,65.0,61.4,61.4,60.2,60.2,60.2,62.6,61.4,99999.0,61.4,61.4,67.3,59.1,61.4,57.9,61.4,61.4,60.2,59.1,61.4,61.4,61.4,63.8,53.1,61.4,60.2,57.9,62.6,62.6,66.1,59.1,66.1,63.8,56.7,60.2,61.4,60.2,60.2,59.1,60.2,61.4,60.2,60.2,60.2,57.9,57.9,61.4,59.1,68.5,69.7,66.1,69.7,69.7,67.3,68.5,66.1,62.6,65.0,68.5,67.3,69.7,70.9,65.0,69.7,67.3,65.0,70.9,67.3,72.0,75.6,66.1,65.0,66.1,67.3,69.7,66.1,65.0,69.7,74.4,80.3,78.0,69.7,69.7,65.0,66.1,99999.0,67.3,62.6,61.4,61.4,61.4,62.6,62.6,62.6,63.8,63.8,65.0,65.0,66.1,66.1,65.0,63.8,62.6,62.6,62.6,62.6,62.6,62.6,62.6,63.8,63.8,65.0,63.8,62.6,61.4,60.2,60.2,61.4,63.8,63.8,66.1,99999.0,61.4,62.6,60.2,61.4,62.6,63.8,61.4,67.3,72.0,66.1,70.9,66.1,63.8,68.5,67.3,68.5,72.0,72.0,67.3,69.7,99999.0,99999.0,99999.0,99999.0,99999.0,99999.0,99999.0,99999.0,99999.0,99999.0,99999.0,99999.0,99999.0,99999.0,99999.0,99999.0,99999.0,99999.0,99999.0,99999.0,99999.0,99999.0,99999.0,99999.0,99999.0,99999.0,99999.0,99999.0,99999.0,99999.0,99999.0,99999.0,99999.0,99999.0,99999.0,99999.0,99999.0,99999.0,99999.0,99999.0,99999.0,99999.0,99999.0,99999.0,99999.0,99999.0,99999.0,99999.0,99999.0,99999.0,99999.0,99999.0,99999.0,99999.0,99999.0,99999.0,99999.0,99999.0,99999.0,99999.0,99999.0,56.7,57.9,61.4,61.4,60.2,63.8,67.3,69.7,69.7,65.0,63.8,63.8,68.5,68.5,69.7,67.3,68.5,66.1,61.4,63.8,60.2,62.6,99999.0,99999.0,99999.0,99999.0,99999.0,99999.0,99999.0,99999.0,99999.0,99999.0,99999.0,99999.0,99999.0,99999.0,99999.0,99999.0,99999.0,99999.0,99999.0,99999.0,99999.0,99999.0,99999.0,99999.0,99999.0,99999.0,99999.0,99999.0,99999.0,99999.0,99999.0,99999.0,99999.0,99999.0,99999.0,99999.0,99999.0,99999.0,99999.0,99999.0,99999.0,99999.0,99999.0,99999.0,99999.0,99999.0,99999.0,99999.0,99999.0,99999.0,99999.0,99999.0,99999.0,99999.0,99999.0,99999.0,99999.0,99999.0,99999.0,99999.0,99999.0,99999.0,99999.0,99999.0,99999.0,56.7,54.3,55.5,56.7,59.1,56.7,62.6,67.3,67.3,70.9,78.0,70.9,72.0,73.2,76.8,79.1,80.3,68.5,67.3,68.5,62.6,59.1,57.9,60.2,61.4,60.2,61.4,60.2,61.4,61.4,62.6,62.6,63.8,62.6,61.4,62.6,62.6
62.6,61.4,60.2,59.1,59.1,59.1,59.1,57.9,59.1,57.9,59.1,59.1,59.1,59.1,59.1,59.1,60.2,59.1,60.2,59.1,59.1,57.9,59.1,59.1,59.1,59.1,59.1,60.2,61.4,61.4,60.2,60.2,60.2,60.2,60.2,59.1,62.6,60.2,59.1,63.8,65.0,72.0,69.7,62.6,69.7,70.9,70.9,67.3,62.6,67.3,62.6,60.2,69.7,67.3,73.2,69.7,62.6,68.5,68.5,63.8,65.0,63.8,63.8,61.4,68.5,61.4,62.6,61.4,61.4,70.9,66.1,65.0,63.8,63.8,63.8,62.6,63.8,62.6,61.4,59.1,60.2,62.6,68.5,69.7,66.1,67.3,66.1,66.1,66.1,63.8,67.3,68.5,70.9,74.4,73.2,78.0,68.5,74.4,73.2,74.4,75.6,68.5,62.6,67.3,68.5,72.0,69.7,70.9,70.9,72.0,67.3,70.9,72.0,65.0,59.1,65.0,70.9,75.6,74.4,74.4,68.5,67.3,62.6,61.4,62.6,61.4,62.6,62.6,62.6,62.6,63.8,63.8,63.8,63.8,63.8,62.6,62.6,62.6,63.8,65.0,63.8,63.8,65.0,62.6,63.8,66.1,63.8,65.0,63.8,62.6,61.4,61.4,63.8,63.8,60.2,60.2,65.0,65.0,62.6,68.5,63.8,70.9,69.7,70.9,70.9,73.2,66.1,74.4,72.0,75.6,72.0,75.6,70.9,75.6,76.8,99999.0,99999.0,99999.0,99999.0,99999.0,99999.0,99999.0,99999.0,99999.0,99999.0,99999.0,99999.0,99999.0,99999.0,99999.0,99999.0,99999.0,99999.0,99999.0,99999.0,99999.0,99999.0,99999.0,99999.0,99999.0,99999.0,99999.0,99999.0,99999.0,99999.0,99999.0,99999.0,99999.0,99999.0,99999.0,99999.0,99999.0,99999.0,99999.0,99999.0,99999.0,99999.0,99999.0,99999.0,99999.0,99999.0,99999.0,99999.0,99999.0,99999.0,99999.0,99999.0,99999.0,99999.0,99999.0,99999.0,99999.0,99999.0,99999.0,99999.0,99999.0,99999.0,99999.0,57.9,61.4,59.1,60.2,62.6,65.0,67.3,67.3,67.3,67.3,70.9,65.0,67.3,66.1,62.6,62.6,60.2,60.2,57.9,99999.0,99999.0,99999.0,99999.0,99999.0,99999.0,99999.0,99999.0,99999.0,99999.0,99999.0,99999.0,99999.0,99999.0,99999.0,99999.0,99999.0,99999.0,99999.0,99999.0,99999.0,99999.0,99999.0,99999.0,99999.0,99999.0,99999.0,99999.0,99999.0,99999.0,99999.0,99999.0,99999.0,99999.0,99999.0,99999.0,99999.0,99999.0,99999.0,99999.0,99999.0,99999.0,99999.0,99999.0,99999.0,99999.0,99999.0,99999.0,99999.0,99999.0,99999.0,99999.0,99999.0,99999.0,99999.0,99999.0,99999.0,99999.0,99999.0,99999.0,99999.0,99999.0,99999.0,99999.0,99999.0,99999.0,52.0,56.7,55.5,52.0,55.5,60.2,62.6,66.1,66.1,68.5,69.7,72.0,69.7,74.4,73.2,69.7,66.1,61.4,59.1,59.1,57.9,61.4,62.6,61.4,62.6,62.6,62.6,60.2,61.4,63.8,65.0,66.1,65.0,63.8,62.6,61.4,62.6
62.6,60.2,60.2,59.1,59.1,59.1,57.9,57.9,57.9,57.9,57.9,59.1,59.1,57.9,59.1,59.1,59.1,59.1,59.1,57.9,56.7,57.9,59.1,59.1,59.1,59.1,59.1,59.1,61.4,60.2,62.6,68.5,66.1,60.2,68.5,60.2,70.9,74.4,72.0,72.0,68.5,72.0,76.8,81.5,83.9,88.6,81.5,86.2,85.0,85.0,86.2,88.6,74.4,81.5,70.9,80.3,69.7,79.1,78.0,79.1,74.4,70.9,81.5,67.3,69.7,65.0,63.8,68.5,63.8,70.9,66.1,70.9,69.7,68.5,63.8,63.8,63.8,62.6,62.6,61.4,63.8,67.3,62.6,65.0,66.1,67.3,70.9,67.3,74.4,74.4,74.4,75.6,79.1,74.4,74.4,68.5,72.0,67.3,76.8,65.0,63.8,67.3,70.9,63.8,67.3,72.0,67.3,69.7,67.3,68.5,73.2,76.8,67.3,75.6,78.0,81.5,74.4,82.7,78.0,74.4,78.0,78.0,72.0,65.0,65.0,65.0,65.0,61.4,62.6,61.4,62.6,62.6,61.4,62.6,61.4,62.6,62.6,62.6,62.6,62.6,62.6,61.4,61.4,62.6,62.6,62.6,62.6,62.6,59.1,62.6,62.6,66.1,66.1,68.5,67.3,67.3,72.0,70.9,61.4,61.4,65.0,72.0,70.9,73.2,81.5,76.8,75.6,75.6,75.6,79.1,83.9,76.8,75.6,76.8,73.2,69.7,72.0,73.2,68.5,99999.0,99999.0,99999.0,99999.0,99999.0,99999.0,99999.0,99999.0,99999.0,99999.0,99999.0,99999.0,99999.0,99999.0,99999.0,99999.0,99999.0,99999.0,99999.0,99999.0,99999.0,99999.0,99999.0,99999.0,99999.0,99999.0,99999.0,99999.0,99999.0,99999.0,99999.0,99999.0,99999.0,99999.0,99999.0,99999.0,99999.0,99999.0,99999.0,99999.0,99999.0,99999.0,99999.0,99999.0,99999.0,99999.0,99999.0,99999.0,99999.0,99999.0,99999.0,99999.0,99999.0,99999.0,99999.0,99999.0,99999.0,99999.0,99999.0,99999.0,99999.0,99999.0,99999.0,56.7,54.3,56.7,56.7,62.6,59.1,59.1,63.8,57.9,61.4,57.9,56.7,55.5,99999.0,99999.0,99999.0,99999.0,99999.0,99999.0,99999.0,99999.0,99999.0,99999.0,99999.0,99999.0,99999.0,99999.0,99999.0,99999.0,99999.0,99999.0,99999.0,99999.0,99999.0,99999.0,99999.0,99999.0,99999.0,99999.0,99999.0,99999.0,99999.0,99999.0,99999.0,99999.0,99999.0,99999.0,99999.0,99999.0,99999.0,99999.0,99999.0,99999.0,99999.0,99999.0,99999.0,99999.0,99999.0,99999.0,99999.0,99999.0,99999.0,99999.0,99999.0,99999.0,99999.0,99999.0,99999.0,99999.0,99999.0,99999.0,99999.0,99999.0,99999.0,99999.0,99999.0,99999.0,99999.0,99999.0,54.3,60.2,59.1,56.7,55.5,57.9,61.4,57.9,60.2,68.5,63.8,69.7,67.3,69.7,70.9,75.6,74.4,69.7,69.7,61.4,56.7,54.3,56.7,60.2,60.2,61.4,60.2,56.7,57.9,60.2,65.0,66.1,66.1,65.0,63.8,62.6,61.4,63.8,62.6
62.6,63.8,59.1,59.1,59.1,56.7,56.7,57.9,57.9,57.9,57.9,56.7,57.9,57.9,57.9,57.9,56.7,57.9,57.9,57.9,56.7,57.9,60.2,65.0,68.5,69.7,66.1,65.0,66.1,62.6,65.0,67.3,69.7,66.1,66.1,72.0,73.2,78.0,76.8,73.2,76.8,81.5,72.0,83.9,79.1,86.2,79.1,79.1,83.9,81.5,83.9,86.2,83.9,82.7,78.0,87.4,74.4,81.5,87.4,80.3,78.0,82.7,75.6,72.0,67.3,68.5,65.0,67.3,65.0,61.4,59.1,69.7,65.0,68.5,67.3,68.5,68.5,67.3,68.5,67.3,62.6,68.5,65.0,60.2,68.5,73.2,72.0,73.2,67.3,75.6,69.7,66.1,73.2,75.6,67.3,60.2,66.1,68.5,73.2,73.2,63.8,65.0,70.9,70.9,62.6,65.0,73.2,65.0,81.5,86.2,76.8,70.9,70.9,73.2,73.2,75.6,73.2,79.1,74.4,74.4,69.7,67.3,68.5,68.5,67.3,68.5,66.1,65.0,65.0,65.0,63.8,61.4,61.4,60.2,60.2,59.1,60.2,62.6,61.4,62.6,62.6,61.4,61.4,60.2,61.4,61.4,63.8,61.4,67.3,66.1,76.8,73.2,72.0,72.0,70.9,70.9,69.7,74.4,69.7,72.0,70.9,73.2,67.3,73.2,69.7,72.0,78.0,69.7,81.5,81.5,80.3,75.6,75.6,72.0,79.1,74.4,69.7,73.2,67.3,72.0,70.9,99999.0,99999.0,99999.0,99999.0,99999.0,99999.0,99999.0,99999.0,99999.0,99999.0,99999.0,99999.0,99999.0,99999.0,99999.0,99999.0,99999.0,99999.0,99999.0,99999.0,99999.0,99999.0,99999.0,99999.0,99999.0,99999.0,99999.0,99999.0,99999.0,99999.0,99999.0,99999.0,99999.0,99999.0,99999.0,99999.0,99999.0,99999.0,99999.0,99999.0,99999.0,99999.0,99999.0,99999.0,99999.0,99999.0,99999.0,99999.0,99999.0,99999.0,99999.0,99999.0,99999.0,99999.0,99999.0,99999.0,99999.0,99999.0,99999.0,99999.0,99999.0,99999.0,99999.0,99999.0,99999.0,99999.0,99999.0,99999.0,99999.0,99999.0,99999.0,99999.0,99999.0,99999.0,99999.0,99999.0,99999.0,99999.0,99999.0,99999.0,99999.0,99999.0,99999.0,99999.0,99999.0,99999.0,99999.0,99999.0,99999.0,99999.0,99999.0,99999.0,99999.0,99999.0,99999.0,99999.0,99999.0,99999.0,99999.0,99999.0,99999.0,99999.0,99999.0,99999.0,99999.0,99999.0,99999.0,99999.0,99999.0,99999.0,99999.0,99999.0,99999.0,99999.0,99999.0,99999.0,99999.0,99999.0,99999.0,99999.0,99999.0,99999.0,99999.0,99999.0,99999.0,99999.0,99999.0,99999.0,99999.0,99999.0,99999.0,99999.0,99999.0,99999.0,99999.0,99999.0,56.7,57.9,60.2,56.7,60.2,57.9,59.1,57.9,62.6,62.6,63.8,63.8,61.4,69.7,69.7,70.9,72.0,75.6,80.3,72.0,79.1,78.0,72.0,57.9,54.3,57.9,57.9,55.5,59.1,57.9,56.7,59.1,57.9,56.7,61.4,62.6,62.6,61.4,62.6,57.9,59.1,62.6,62.6
66.1,66.1,65.0,65.0,65.0,69.7,66.1,68.5,68.5,73.2,69.7,66.1,66.1,61.4,65.0,61.4,57.9,63.8,68.5,74.4,73.2,72.0,72.0,68.5,68.5,73.2,74.4,69.7,73.2,68.5,70.9,74.4,74.4,72.0,75.6,70.9,74.4,73.2,74.4,74.4,75.6,72.0,73.2,75.6,81.5,79.1,83.9,81.5,79.1,80.3,81.5,78.0,80.3,80.3,78.0,74.4,83.9,81.5,78.0,73.2,72.0,69.7,78.0,68.5,73.2,66.1,61.4,66.1,69.7,72.0,69.7,67.3,57.9,67.3,69.7,67.3,66.1,68.5,67.3,74.4,66.1,70.9,66.1,67.3,68.5,69.7,67.3,70.9,72.0,68.5,85.0,80.3,75.6,75.6,68.5,67.3,99999.0,65.0,62.6,68.5,70.9,66.1,65.0,66.1,65.0,66.1,69.7,68.5,68.5,67.3,68.5,67.3,65.0,61.4,66.1,65.0,63.8,66.1,63.8,66.1,66.1,63.8,66.1,65.0,66.1,66.1,68.5,69.7,66.1,65.0,67.3,62.6,66.1,62.6,61.4,67.3,63.8,61.4,67.3,66.1,66.1,66.1,63.8,63.8,68.5,67.3,66.1,68.5,67.3,68.5,67.3,78.0,68.5,66.1,65.0,74.4,68.5,72.0,72.0,73.2,68.5,75.6,67.3,69.7,69.7,69.7,70.9,69.7,74.4,76.8,76.8,74.4,75.6,81.5,74.4,78.0,75.6,74.4,75.6,80.3,70.9,74.4,69.7,67.3,99999.0,99999.0,99999.0,99999.0,99999.0,99999.0,99999.0,99999.0,99999.0,99999.0,99999.0,99999.0,99999.0,99999.0,99999.0,99999.0,99999.0,99999.0,99999.0,99999.0,99999.0,99999.0,99999.0,99999.0,99999.0,99999.0,99999.0,99999.0,99999.0,99999.0,99999.0,99999.0,99999.0,99999.0,99999.0,99999.0,99999.0,99999.0,99999.0,99999.0,99999.0,99999.0,99999.0,99999.0,99999.0,99999.0,99999.0,99999.0,99999.0,99999.0,99999.0,99999.0,99999.0,99999.0,99999.0,99999.0,99999.0,99999.0,99999.0,99999.0,99999.0,99999.0,99999.0,99999.0,99999.0,99999.0,99999.0,99999.0,99999.0,99999.0,99999.0,99999.0,99999.0,99999.0,99999.0,99999.0,99999.0,99999.0,99999.0,99999.0,99999.0,99999.0,99999.0,99999.0,99999.0,99999.0,99999.0,99999.0,99999.0,99999.0,99999.0,99999.0,99999.0,99999.0,99999.0,99999.0,99999.0,99999.0,99999.0,99999.0,99999.0,99999.0,99999.0,99999.0,99999.0,99999.0,99999.0,99999.0,99999.0,99999.0,99999.0,99999.0,99999.0,99999.0,99999.0,99999.0,99999.0,99999.0,99999.0,99999.0,99999.0,99999.0,99999.0,99999.0,99999.0,99999.0,99999.0,99999.0,99999.0,99999.0,55.5,59.1,59.1,60.2,59.1,60.2,60.2,62.6,63.8,63.8,63.8,65.0,69.7,68.5,68.5,69.7,73.2,72.0,74.4,72.0,75.6,78.0,75.6,73.2,68.5,65.0,68.5,65.0,66.1,59.1,60.2,56.7,59.1,54.3,53.1,56.7,60.2,57.9,60.2,60.2,61.4,63.8,65.0,63.8,65.0,66.1
66.1,68.5,68.5,69.7,70.9,69.7,73.2,72.0,76.8,75.6,75.6,75.6,75.6,76.8,76.8,75.6,79.1,67.3,69.7,65.0,73.2,76.8,75.6,76.8,74.4,75.6,72.0,73.2,67.3,75.6,78.0,75.6,74.4,73.2,72.0,72.0,70.9,79.1,75.6,75.6,74.4,73.2,75.6,74.4,76.8,74.4,74.4,73.2,72.0,73.2,74.4,79.1,81.5,76.8,80.3,73.2,81.5,79.1,76.8,80.3,69.7,73.2,75.6,72.0,68.5,72.0,72.0,73.2,75.6,70.9,65.0,67.3,66.1,69.7,66.1,66.1,74.4,69.7,62.6,66.1,60.2,65.0,59.1,60.2,65.0,66.1,57.9,73.2,62.6,63.8,65.0,68.5,69.7,72.0,65.0,60.2,66.1,63.8,67.3,69.7,65.0,63.8,65.0,63.8,59.1,65.0,63.8,67.3,61.4,73.2,65.0,63.8,67.3,61.4,61.4,63.8,60.2,61.4,59.1,63.8,61.4,61.4,62.6,59.1,61.4,66.1,67.3,65.0,99999.0,62.6,63.8,63.8,68.5,67.3,65.0,65.0,63.8,63.8,63.8,65.0,68.5,68.5,65.0,63.8,62.6,63.8,63.8,65.0,66.1,62.6,63.8,62.6,63.8,69.7,68.5,68.5,68.5,69.7,67.3,68.5,72.0,68.5,67.3,72.0,74.4,74.4,75.6,74.4,70.9,73.2,74.4,73.2,74.4,75.6,78.0,79.1,75.6,78.0,74.4,80.3,76.8,74.4,76.8,69.7,65.0,72.0,68.5,99999.0,99999.0,99999.0,99999.0,99999.0,99999.0,99999.0,99999.0,99999.0,99999.0,99999.0,99999.0,99999.0,99999.0,99999.0,99999.0,99999.0,99999.0,99999.0,99999.0,99999.0,99999.0,99999.0,99999.0,99999.0,99999.0,99999.0,99999.0,99999.0,99999.0,99999.0,99999.0,99999.0,99999.0,99999.0,99999.0,99999.0,99999.0,99999.0,99999.0,99999.0,99999.0,99999.0,99999.0,99999.0,99999.0,99999.0,99999.0,99999.0,99999.0,99999.0,99999.0,99999.0,99999.0,99999.0,99999.0,99999.0,99999.0,99999.0,99999.0,99999.0,99999.0,99999.0,99999.0,99999.0,99999.0,99999.0,99999.0,99999.0,99999.0,99999.0,99999.0,99999.0,99999.0,99999.0,99999.0,99999.0,99999.0,99999.0,99999.0,99999.0,99999.0,99999.0,99999.0,99999.0,99999.0,99999.0,99999.0,99999.0,99999.0,99999.0,99999.0,99999.0,99999.0,99999.0,99999.0,99999.0,99999.0,99999.0,99999.0,99999.0,99999.0,99999.0,99999.0,99999.0,99999.0,99999.0,99999.0,99999.0,99999.0,99999.0,99999.0,99999.0,99999.0,99999.0,99999.0,99999.0,99999.0,99999.0,99999.0,99999.0,99999.0,99999.0,99999.0,99999.0,99999.0,57.9,63.8,57.9,57.9,61.4,68.5,72.0,63.8,69.7,67.3,68.5,68.5,70.9,72.0,75.6,74.4,73.2,76.8,73.2,74.4,74.4,86.2,86.2,68.5,65.0,59.1,60.2,57.9,61.4,57.9,59.1,59.1,59.1,60.2,60.2,60.2,60.2,59.1,63.8,63.8,63.8,63.8,62.6,65.0,65.0,66.1,66.1
67.3,69.7,68.5,69.7,68.5,69.7,72.0,72.0,74.4,72.0,72.0,73.2,73.2,75.6,75.6,76.8,79.1,74.4,76.8,74.4,75.6,76.8,76.8,75.6,76.8,76.8,74.4,75.6,74.4,79.1,72.0,72.0,74.4,76.8,74.4,75.6,69.7,72.0,75.6,73.2,74.4,72.0,69.7,70.9,70.9,74.4,68.5,72.0,73.2,74.4,70.9,74.4,72.0,73.2,75.6,78.0,69.7,68.5,74.4,74.4,63.8,72.0,75.6,69.7,73.2,68.5,78.0,70.9,73.2,66.1,70.9,67.3,68.5,62.6,76.8,68.5,61.4,69.7,59.1,63.8,59.1,61.4,55.5,57.9,59.1,60.2,62.6,61.4,57.9,59.1,57.9,67.3,62.6,69.7,63.8,63.8,65.0,62.6,63.8,66.1,59.1,62.6,65.0,60.2,59.1,60.2,62.6,61.4,69.7,60.2,61.4,59.1,61.4,61.4,62.6,57.9,61.4,59.1,61.4,65.0,60.2,61.4,60.2,62.6,66.1,61.4,61.4,61.4,62.6,65.0,63.8,67.3,73.2,67.3,60.2,60.2,61.4,60.2,57.9,61.4,56.7,57.9,59.1,61.4,62.6,62.6,67.3,65.0,62.6,63.8,62.6,66.1,65.0,65.0,63.8,63.8,67.3,66.1,70.9,63.8,69.7,75.6,73.2,68.5,70.9,72.0,76.8,74.4,74.4,76.8,83.9,86.2,73.2,70.9,73.2,79.1,69.7,75.6,72.0,74.4,73.2,72.0,72.0,70.9,75.6,68.5,68.5,72.0,73.2,70.9,62.6,99999.0,99999.0,99999.0,99999.0,99999.0,99999.0,99999.0,99999.0,99999.0,99999.0,99999.0,99999.0,99999.0,99999.0,99999.0,99999.0,99999.0,99999.0,99999.0,99999.0,99999.0,99999.0,99999.0,99999.0,99999.0,99999.0,99999.0,99999.0,99999.0,99999.0,99999.0,99999.0,99999.0,99999.0,99999.0,99999.0,99999.0,99999.0,99999.0,99999.0,99999.0,99999.0,99999.0,99999.0,99999.0,99999.0,99999.0,99999.0,99999.0,99999.0,99999.0,99999.0,99999.0,99999.0,99999.0,99999.0,99999.0,99999.0,99999.0,99999.0,99999.0,99999.0,99999.0,99999.0,99999.0,99999.0,99999.0,99999.0,99999.0,99999.0,99999.0,99999.0,99999.0,99999.0,99999.0,99999.0,99999.0,99999.0,99999.0,99999.0,99999.0,99999.0,99999.0,99999.0,99999.0,99999.0,99999.0,99999.0,99999.0,99999.0,99999.0,99999.0,99999.0,99999.0,99999.0,99999.0,99999.0,99999.0,99999.0,99999.0,99999.0,99999.0,99999.0,99999.0,99999.0,99999.0,99999.0,99999.0,99999.0,99999.0,99999.0,99999.0,99999.0,99999.0,99999.0,99999.0,99999.0,99999.0,99999.0,99999.0,99999.0,61.4,62.6,62.6,65.0,66.1,65.0,69.7,62.6,67.3,69.7,75.6,75.6,73.2,78.0,74.4,73.2,73.2,69.7,70.9,73.2,66.1,69.7,60.2,65.0,62.6,65.0,62.6,54.3,53.1,56.7,59.1,61.4,61.4,61.4,61.4,59.1,60.2,60.2,61.4,62.6,62.6,63.8,63.8,65.0,62.6,66.1,65.0,66.1
65.0,66.1,65.0,66.1,68.5,69.7,68.5,69.7,68.5,69.7,69.7,72.0,70.9,72.0,73.2,73.2,74.4,70.9,74.4,74.4,75.6,73.2,72.0,75.6,70.9,68.5,99999.0,72.0,74.4,79.1,73.2,70.9,73.2,72.0,67.3,72.0,72.0,70.9,70.9,73.2,73.2,72.0,73.2,69.7,74.4,76.8,70.9,68.5,66.1,73.2,67.3,67.3,66.1,72.0,68.5,70.9,66.1,67.3,72.0,67.3,69.7,67.3,72.0,65.0,65.0,62.6,57.9,62.6,63.8,61.4,72.0,60.2,72.0,60.2,60.2,57.9,55.5,68.5,62.6,62.6,59.1,56.7,61.4,54.3,63.8,67.3,60.2,67.3,63.8,56.7,63.8,63.8,66.1,62.6,63.8,69.7,61.4,62.6,67.3,59.1,60.2,62.6,67.3,62.6,62.6,61.4,67.3,63.8,63.8,63.8,65.0,63.8,67.3,63.8,63.8,61.4,67.3,65.0,61.4,60.2,61.4,63.8,60.2,60.2,60.2,59.1,60.2,59.1,56.7,59.1,59.1,56.7,57.9,55.5,54.3,59.1,56.7,61.4,60.2,60.2,60.2,57.9,62.6,62.6,59.1,63.8,59.1,68.5,60.2,65.0,65.0,68.5,66.1,73.2,67.3,67.3,66.1,68.5,69.7,70.9,70.9,67.3,61.4,70.9,74.4,72.0,78.0,78.0,75.6,74.4,81.5,85.0,74.4,74.4,70.9,70.9,80.3,70.9,73.2,72.0,69.7,70.9,72.0,75.6,74.4,78.0,75.6,78.0,72.0,75.6,74.4,70.9,69.7,69.7,69.7,68.5,67.3,62.6,66.1,99999.0,99999.0,99999.0,99999.0,99999.0,99999.0,99999.0,99999.0,99999.0,99999.0,99999.0,99999.0,99999.0,99999.0,99999.0,99999.0,99999.0,99999.0,99999.0,99999.0,99999.0,99999.0,99999.0,99999.0,99999.0,99999.0,99999.0,99999.0,99999.0,99999.0,99999.0,99999.0,99999.0,99999.0,99999.0,99999.0,99999.0,99999.0,99999.0,99999.0,99999.0,99999.0,99999.0,99999.0,99999.0,99999.0,99999.0,99999.0,99999.0,99999.0,99999.0,99999.0,99999.0,99999.0,99999.0,99999.0,99999.0,99999.0,99999.0,99999.0,99999.0,99999.0,99999.0,99999.0,99999.0,99999.0,99999.0,99999.0,99999.0,99999.0,99999.0,99999.0,99999.0,99999.0,99999.0,99999.0,99999.0,99999.0,99999.0,99999.0,99999.0,99999.0,99999.0,99999.0,99999.0,99999.0,99999.0,99999.0,99999.0,99999.0,99999.0,99999.0,99999.0,99999.0,99999.0,99999.0,99999.0,99999.0,99999.0,99999.0,99999.0,99999.0,99999.0,99999.0,99999.0,99999.0,99999.0,99999.0,99999.0,99999.0,99999.0,57.9,61.4,65.0,63.8,59.1,61.4,60.2,66.1,62.6,72.0,73.2,72.0,70.9,74.4,70.9,79.1,78.0,72.0,66.1,70.9,68.5,67.3,67.3,73.2,65.0,83.9,73.2,67.3,60.2,59.1,61.4,62.6,60.2,61.4,62.6,62.6,61.4,61.4,59.1,59.1,57.9,61.4,62.6,68.5,60.2,63.8,61.4,62.6,63.8,65.0
60.2,59.1,62.6,62.6,62.6,65.0,65.0,62.6,67.3,65.0,65.0,63.8,67.3,68.5,68.5,69.7,69.7,68.5,70.9,72.0,70.9,72.0,72.0,70.9,70.9,69.7,72.0,69.7,69.7,68.5,67.3,67.3,69.7,72.0,69.7,69.7,65.0,66.1,69.7,68.5,69.7,68.5,70.9,66.1,65.0,72.0,70.9,72.0,66.1,68.5,68.5,67.3,61.4,66.1,67.3,62.6,62.6,59.1,63.8,66.1,60.2,63.8,62.6,67.3,55.5,66.1,61.4,65.0,61.4,56.7,61.4,61.4,65.0,61.4,61.4,52.0,60.2,59.1,67.3,60.2,68.5,61.4,69.7,62.6,66.1,74.4,68.5,67.3,61.4,69.7,62.6,60.2,61.4,66.1,60.2,66.1,65.0,60.2,59.1,63.8,57.9,65.0,68.5,63.8,61.4,62.6,67.3,56.7,68.5,65.0,62.6,62.6,65.0,63.8,60.2,59.1,56.7,66.1,63.8,63.8,59.1,63.8,60.2,60.2,59.1,59.1,54.3,56.7,52.0,60.2,57.9,67.3,53.1,62.6,59.1,54.3,56.7,56.7,61.4,67.3,65.0,61.4,62.6,63.8,69.7,63.8,66.1,66.1,62.6,59.1,63.8,75.6,72.0,73.2,68.5,70.9,70.9,80.3,60.2,63.8,81.5,73.2,69.7,63.8,69.7,69.7,66.1,75.6,75.6,70.9,67.3,75.6,73.2,72.0,72.0,73.2,79.1,73.2,78.0,73.2,75.6,82.7,74.4,79.1,75.6,78.0,79.1,81.5,76.8,72.0,72.0,80.3,72.0,73.2,67.3,66.1,73.2,72.0,61.4,68.5,60.2,56.7,69.7,61.4,61.4,99999.0,99999.0,99999.0,99999.0,99999.0,99999.0,99999.0,99999.0,99999.0,99999.0,99999.0,99999.0,99999.0,99999.0,99999.0,99999.0,99999.0,99999.0,99999.0,99999.0,99999.0,99999.0,99999.0,99999.0,99999.0,99999.0,99999.0,99999.0,99999.0,99999.0,99999.0,99999.0,99999.0,99999.0,99999.0,99999.0,99999.0,99999.0,99999.0,99999.0,99999.0,99999.0,99999.0,99999.0,99999.0,99999.0,99999.0,99999.0,99999.0,99999.0,99999.0,99999.0,99999.0,99999.0,99999.0,99999.0,99999.0,99999.0,99999.0,99999.0,99999.0,99999.0,99999.0,99999.0,99999.0,99999.0,99999.0,99999.0,99999.0,99999.0,99999.0,99999.0,99999.0,99999.0,99999.0,99999.0,99999.0,99999.0,99999.0,99999.0,99999.0,99999.0,99999.0,99999.0,99999.0,99999.0,99999.0,99999.0,99999.0,99999.0,99999.0,99999.0,99999.0,99999.0,99999.0,99999.0,99999.0,99999.0,99999.0,99999.0,99999.0,99999.0,99999.0,99999.0,99999.0,99999.0,66.1,56.7,54.3,63.8,62.6,61.4,65.0,67.3,63.8,72.0,69.7,68.5,69.7,80.3,72.0,75.6,73.2,73.2,75.6,72.0,67.3,73.2,73.2,60.2,65.0,61.4,65.0,57.9,59.1,57.9,57.9,52.0,59.1,99999.0,50.8,57.9,56.7,61.4,61.4,57.9,57.9,57.9,56.7,55.5,57.9,65.0,59.1,61.4,59.1
55.5,54.3,54.3,57.9,59.1,59.1,59.1,57.9,61.4,57.9,60.2,61.4,59.1,60.2,67.3,60.2,66.1,67.3,67.3,63.8,60.2,66.1,66.1,63.8,61.4,63.8,65.0,68.5,65.0,66.1,65.0,67.3,66.1,65.0,63.8,65.0,65.0,67.3,68.5,62.6,65.0,62.6,65.0,60.2,62.6,62.6,65.0,55.5,59.1,59.1,61.4,61.4,57.9,57.9,62.6,57.9,54.3,60.2,61.4,57.9,57.9,60.2,56.7,65.0,56.7,62.6,61.4,61.4,52.0,61.4,49.6,62.6,66.1,83.9,67.3,65.0,68.5,52.0,70.9,59.1,62.6,62.6,70.9,68.5,65.0,52.0,62.6,66.1,59.1,55.5,60.2,62.6,59.1,55.5,57.9,65.0,59.1,63.8,63.8,65.0,63.8,66.1,63.8,68.5,53.1,66.1,57.9,66.1,59.1,54.3,61.4,56.7,61.4,60.2,60.2,57.9,53.1,60.2,57.9,53.1,60.2,56.7,63.8,68.5,75.6,99999.0,56.7,62.6,66.1,68.5,66.1,65.0,63.8,62.6,57.9,67.3,65.0,63.8,68.5,60.2,60.2,63.8,61.4,68.5,60.2,72.0,63.8,67.3,61.4,70.9,73.2,63.8,62.6,66.1,70.9,62.6,73.2,69.7,80.3,70.9,78.0,68.5,72.0,66.1,78.0,70.9,68.5,78.0,72.0,74.4,78.0,75.6,74.4,69.7,79.1,74.4,82.7,73.2,76.8,73.2,78.0,76.8,80.3,76.8,74.4,72.0,80.3,73.2,74.4,67.3,78.0,78.0,76.8,75.6,81.5,73.2,73.2,74.4,60.2,67.3,61.4,65.0,68.5,66.1,60.2,99999.0,99999.0,99999.0,99999.0,99999.0,99999.0,99999.0,99999.0,99999.0,99999.0,99999.0,99999.0,99999.0,99999.0,99999.0,99999.0,99999.0,99999.0,99999.0,99999.0,99999.0,99999.0,99999.0,99999.0,99999.0,99999.0,99999.0,99999.0,99999.0,99999.0,99999.0,99999.0,99999.0,99999.0,99999.0,99999.0,99999.0,99999.0,99999.0,99999.0,99999.0,99999.0,99999.0,99999.0,99999.0,99999.0,99999.0,99999.0,99999.0,99999.0,99999.0,99999.0,99999.0,99999.0,99999.0,99999.0,99999.0,99999.0,99999.0,99999.0,99999.0,99999.0,99999.0,99999.0,99999.0,99999.0,99999.0,99999.0,99999.0,99999.0,99999.0,99999.0,99999.0,99999.0,99999.0,99999.0,99999.0,99999.0,99999.0,99999.0,99999.0,99999.0,99999.0,99999.0,99999.0,99999.0,99999.0,99999.0,99999.0,99999.0,99999.0,99999.0,99999.0,99999.0,99999.0,99999.0,99999.0,99999.0,99999.0,99999.0,99999.0,99999.0,99999.0,99999.0,99999.0,99999.0,99999.0,99999.0,99999.0,69.7,63.8,59.1,66.1,61.4,63.8,70.9,76.8,70.9,73.2,74.4,72.0,70.9,69.7,76.8,72.0,72.0,73.2,66.1,62.6,73.2,67.3,65.0,62.6,72.0,66.1,73.2,55.5,47.2,52.0,67.3,62.6,99999.0,63.8,99999.0,52.0,47.2,54.3,57.9,57.9,63.8,62.6,56.7,57.9,56.7,55.5
53.1,99999.0,99999.0,55.5,56.7,99999.0,99999.0,99999.0,56.7,57.9,99999.0,57.9,99999.0,59.1,61.4,61.4,62.6,55.5,62.6,56.7,63.8,65.0,59.1,57.9,59.1,56.7,56.7,59.1,66.1,57.9,57.9,54.3,56.7,63.8,60.2,59.1,57.9,61.4,61.4,59.1,57.9,57.9,52.0,57.9,61.4,57.9,54.3,54.3,56.7,57.9,52.0,56.7,62.6,57.9,56.7,57.9,52.0,62.6,63.8,52.0,56.7,55.5,55.5,99999.0,48.4,99999.0,99999.0,99999.0,50.8,53.1,53.1,52.0,52.0,69.7,59.1,68.5,66.1,46.1,61.4,48.4,54.3,80.3,68.5,56.7,73.2,47.2,65.0,53.1,56.7,99999.0,59.1,54.3,57.9,54.3,50.8,56.7,57.9,60.2,59.1,65.0,65.0,65.0,65.0,63.8,52.0,67.3,62.6,63.8,59.1,72.0,63.8,99999.0,60.2,60.2,60.2,57.9,53.1,60.2,99999.0,48.4,52.0,44.9,63.8,99999.0,61.4,70.9,62.6,59.1,56.7,59.1,75.6,99999.0,66.1,65.0,57.9,66.1,69.7,74.4,49.6,56.7,62.6,99999.0,68.5,66.1,60.2,55.5,61.4,60.2,56.7,70.9,70.9,66.1,66.1,65.0,73.2,62.6,63.8,74.4,68.5,65.0,74.4,72.0,73.2,72.0,72.0,68.5,67.3,78.0,78.0,70.9,76.8,69.7,85.0,72.0,79.1,72.0,74.4,81.5,67.3,75.6,78.0,79.1,75.6,73.2,72.0,85.0,86.2,80.3,79.1,74.4,57.9,69.7,61.4,74.4,79.1,72.0,67.3,70.9,74.4,69.7,66.1,55.5,60.2,67.3,53.1,59.1,68.5,99999.0,99999.0,99999.0,99999.0,99999.0,99999.0,99999.0,99999.0,99999.0,99999.0,99999.0,99999.0,99999.0,99999.0,99999.0,99999.0,99999.0,99999.0,99999.0,99999.0,99999.0,99999.0,99999.0,99999.0,99999.0,99999.0,99999.0,99999.0,99999.0,99999.0,99999.0,99999.0,99999.0,99999.0,99999.0,99999.0,99999.0,99999.0,99999.0,99999.0,99999.0,99999.0,99999.0,99999.0,99999.0,99999.0,99999.0,99999.0,99999.0,99999.0,99999.0,99999.0,99999.0,99999.0,99999.0,99999.0,99999.0,99999.0,99999.0,99999.0,99999.0,99999.0,99999.0,99999.0,99999.0,99999.0,99999.0,99999.0,99999.0,99999.0,99999.0,99999.0,99999.0,99999.0,99999.0,99999.0,99999.0,99999.0,99999.0,99999.0,99999.0,99999.0,99999.0,99999.0,99999.0,99999.0,99999.0,99999.0,99999.0,99999.0,99999.0,99999.0,99999.0,99999.0,99999.0,99999.0,99999.0,99999.0,99999.0,99999.0,99999.0,99999.0,99999.0,99999.0,99999.0,99999.0,99999.0,99999.0,99999.0,99999.0,99999.0,65.0,73.2,67.3,73.2,54.3,73.2,72.0,76.8,79.1,61.4,78.0,68.5,62.6,62.6,67.3,70.9,68.5,70.9,67.3,66.1,73.2,60.2,60.2,55.5,47.2,99999.0,46.1,65.0,62.6,50.8,52.0,99999.0,99999.0,99999.0,62.6,65.0,55.5,47.2,99999.0,99999.0,99999.0,99999.0
99999.0,99999.0,99999.0,99999.0,99999.0,99999.0,99999.0,99999.0,99999.0,99999.0,99999.0,99999.0,99999.0,99999.0,99999.0,99999.0,99999.0,99999.0,99999.0,99999.0,99999.0,99999.0,99999.0,99999.0,99999.0,99999.0,99999.0,99999.0,99999.0,99999.0,99999.0,99999.0,99999.0,99999.0,99999.0,99999.0,66.1,99999.0,99999.0,99999.0,99999.0,99999.0,99999.0,99999.0,99999.0,99999.0,99999.0,99999.0,99999.0,99999.0,99999.0,99999.0,99999.0,99999.0,99999.0,99999.0,99999.0,99999.0,99999.0,99999.0,99999.0,99999.0,99999.0,99999.0,99999.0,99999.0,99999.0,99999.0,99999.0,99999.0,99999.0,99999.0,99999.0,99999.0,99999.0,99999.0,99999.0,99999.0,99999.0,99999.0,99999.0,99999.0,99999.0,99999.0,99999.0,99999.0,99999.0,99999.0,99999.0,99999.0,99999.0,61.4,99999.0,99999.0,99999.0,99999.0,99999.0,99999.0,99999.0,99999.0,99999.0,99999.0,99999.0,99999.0,99999.0,99999.0,99999.0,99999.0,99999.0,99999.0,99999.0,99999.0,99999.0,78.0,99999.0,99999.0,99999.0,99999.0,99999.0,99999.0,99999.0,99999.0,99999.0,99999.0,99999.0,99999.0,99999.0,99999.0,99999.0,99999.0,65.0,99999.0,99999.0,99999.0,99999.0,99999.0,99999.0,99999.0,99999.0,99999.0,99999.0,99999.0,99999.0,99999.0,99999.0,99999.0,99999.0,99999.0,99999.0,62.6,99999.0,99999.0,99999.0,61.4,99999.0,76.8,99999.0,99999.0,99999.0,99999.0,66.1,99999.0,99999.0,99999.0,99999.0,99999.0,99999.0,99999.0,99999.0,99999.0,99999.0,99999.0,99999.0,99999.0,99999.0,72.0,99999.0,99999.0,99999.0,99999.0,99999.0,99999.0,99999.0,99999.0,99999.0,99999.0,99999.0,99999.0,99999.0,99999.0,99999.0,99999.0,99999.0,99999.0,99999.0,99999.0,99999.0,99999.0,99999.0,99999.0,99999.0,99999.0,99999.0,99999.0,99999.0,99999.0,99999.0,99999.0,99999.0,99999.0,99999.0,99999.0,99999.0,99999.0,99999.0,99999.0,99999.0,99999.0,99999.0,99999.0,99999.0,99999.0,99999.0,99999.0,99999.0,99999.0,99999.0,99999.0,99999.0,99999.0,99999.0,99999.0,99999.0,99999.0,99999.0,99999.0,99999.0,99999.0,99999.0,99999.0,99999.0,99999.0,99999.0,99999.0,99999.0,99999.0,99999.0,99999.0,99999.0,99999.0,99999.0,99999.0,99999.0,99999.0,99999.0,99999.0,99999.0,99999.0,99999.0,99999.0,99999.0,99999.0,99999.0,99999.0,99999.0,99999.0,99999.0,99999.0,99999.0,99999.0,99999.0,99999.0,99999.0,99999.0,99999.0,99999.0,99999.0,99999.0,99999.0,99999.0,99999.0,99999.0,99999.0,99999.0,99999.0,99999.0,99999.0,99999.0,99999.0,99999.0,99999.0,99999.0,99999.0,99999.0,99999.0,99999.0,99999.0,99999.0,99999.0,99999.0,99999.0,99999.0,99999.0,99999.0,99999.0,99999.0,99999.0,99999.0,99999.0,99999.0,99999.0,99999.0,99999.0,99999.0,99999.0,99999.0,99999.0,99999.0,99999.0,99999.0,99999.0,99999.0,99999.0,99999.0,99999.0,99999.0,99999.0,57.9,99999.0,99999.0,59.1,99999.0,99999.0,99999.0,73.2,99999.0,99999.0,99999.0,59.1,99999.0,99999.0,99999.0,99999.0,99999.0,99999.0,99999.0,99999.0,99999.0,99999.0,99999.0,99999.0,99999.0,99999.0,99999.0,99999.0,99999.0,99999.0,99999.0,99999.0,99999.0
99999.0,99999.0,99999.0,99999.0,99999.0,99999.0,99999.0,99999.0,99999.0,99999.0,99999.0,99999.0,99999.0,99999.0,99999.0,99999.0,99999.0,99999.0,99999.0,99999.0,99999.0,99999.0,99999.0,99999.0,99999.0,99999.0,99999.0,99999.0,99999.0,99999.0,99999.0,99999.0,99999.0,99999.0,99999.0,99999.0,99999.0,99999.0,99999.0,99999.0,99999.0,99999.0,99999.0,99999.0,99999.0,99999.0,99999.0,99999.0,99999.0,99999.0,99999.0,99999.0,99999.0,99999.0,99999.0,99999.0,99999.0,99999.0,99999.0,99999.0,99999.0,99999.0,99999.0,99999.0,99999.0,99999.0,99999.0,99999.0,99999.0,99999.0,99999.0,99999.0,99999.0,99999.0,99999.0,99999.0,99999.0,99999.0,99999.0,99999.0,99999.0,99999.0,99999.0,99999.0,99999.0,99999.0,99999.0,99999.0,99999.0,99999.0,99999.0,99999.0,99999.0,99999.0,99999.0,99999.0,99999.0,99999.0,99999.0,99999.0,99999.0,99999.0,99999.0,99999.0,99999.0,99999.0,99999.0,99999.0,99999.0,99999.0,99999.0,99999.0,99999.0,99999.0,99999.0,99999.0,99999.0,99999.0,99999.0,99999.0,99999.0,99999.0,99999.0,99999.0,99999.0,99999.0,99999.0,99999.0,99999.0,99999.0,99999.0,99999.0,99999.0,99999.0,99999.0,99999.0,99999.0,99999.0,99999.0,99999.0,99999.0,99999.0,99999.0,99999.0,99999.0,99999.0,99999.0,99999.0,99999.0,99999.0,99999.0,99999.0,99999.0,99999.0,99999.0,99999.0,99999.0,99999.0,99999.0,99999.0,99999.0,99999.0,99999.0,99999.0,99999.0,99999.0,99999.0,99999.0,99999.0,99999.0,99999.0,99999.0,99999.0,99999.0,99999.0,99999.0,99999.0,99999.0,99999.0,99999.0,99999.0,99999.0,99999.0,99999.0,99999.0,99999.0,99999.0,99999.0,99999.0,99999.0,99999.0,99999.0,99999.0,99999.0,99999.0,99999.0,99999.0,99999.0,99999.0,99999.0,99999.0,99999.0,99999.0,99999.0,99999.0,99999.0,99999.0,99999.0,99999.0,99999.0,99999.0,99999.0,99999.0,99999.0,99999.0,99999.0,99999.0,99999.0,99999.0,99999.0,99999.0,99999.0,99999.0,99999.0,99999.0,99999.0,99999.0,99999.0,99999.0,99999.0,99999.0,99999.0,99999.0,99999.0,99999.0,99999.0,99999.0,99999.0,99999.0,99999.0,99999.0,99999.0,99999.0,99999.0,99999.0,99999.0,99999.0,99999.0,99999.0,99999.0,99999.0,99999.0,99999.0,99999.0,99999.0,99999.0,99999.0,99999.0,99999.0,99999.0,99999.0,99999.0,99999.0,99999.0,99999.0,99999.0,99999.0,99999.0,99999.0,99999.0,99999.0,99999.0,99999.0,99999.0,99999.0,99999.0,99999.0,99999.0,99999.0,99999.0,99999.0,99999.0,99999.0,99999.0,99999.0,99999.0,99999.0,99999.0,99999.0,99999.0,99999.0,99999.0,99999.0,99999.0,99999.0,99999.0,99999.0,99999.0,99999.0,99999.0,99999.0,99999.0,99999.0,99999.0,99999.0,99999.0,99999.0,99999.0,99999.0,99999.0,99999.0,99999.0,99999.0,99999.0,99999.0,99999.0,99999.0,99999.0,99999.0,99999.0,99999.0,99999.0,99999.0,99999.0,99999.0,99999.0,99999.0,99999.0,99999.0,99999.0,99999.0,99999.0,99999.0,99999.0,99999.0,99999.0,99999.0,99999.0,99999.0,99999.0,99999.0,99999.0,99999.0,99999.0,99999.0,99999.0,99999.0,99999.0,99999.0,99999.0,99999.0,99999.0,99999.0,99999.0,99999.0,99999.0,99999.0,99999.0,99999.0,99999.0
99999.0,99999.0,99999.0,99999.0,99999.0,99999.0,99999.0,99999.0,99999.0,99999.0,99999.0,99999.0,99999.0,99999.0,99999.0,99999.0,99999.0,99999.0,99999.0,99999.0,99999.0,99999.0,99999.0,99999.0,99999.0,99999.0,99999.0,99999.0,99999.0,99999.0,99999.0,99999.0,99999.0,99999.0,99999.0,99999.0,99999.0,99999.0,99999.0,99999.0,99999.0,99999.0,99999.0,99999.0,99999.0,99999.0,99999.0,99999.0,99999.0,99999.0,99999.0,99999.0,99999.0,99999.0,99999.0,99999.0,99999.0,99999.0,99999.0,99999.0,99999.0,99999.0,99999.0,99999.0,99999.0,99999.0,99999.0,99999.0,99999.0,99999.0,99999.0,99999.0,99999.0,99999.0,99999.0,99999.0,99999.0,99999.0,99999.0,99999.0,99999.0,99999.0,99999.0,99999.0,99999.0,99999.0,99999.0,99999.0,99999.0,99999.0,99999.0,99999.0,99999.0,99999.0,99999.0,99999.0,99999.0,99999.0,99999.0,99999.0,99999.0,99999.0,99999.0,99999.0,99999.0,99999.0,99999.0,99999.0,99999.0,99999.0,99999.0,99999.0,99999.0,99999.0,99999.0,99999.0,99999.0,99999.0,99999.0,99999.0,99999.0,99999.0,99999.0,99999.0,99999.0,99999.0,99999.0,99999.0,99999.0,99999.0,99999.0,99999.0,99999.0,99999.0,99999.0,99999.0,99999.0,99999.0,99999.0,99999.0,99999.0,99999.0,99999.0,99999.0,99999.0,99999.0,99999.0,99999.0,99999.0,99999.0,99999.0,99999.0,99999.0,99999.0,99999.0,99999.0,99999.0,99999.0,99999.0,99999.0,99999.0,99999.0,99999.0,99999.0,99999.0,99999.0,99999.0,99999.0,99999.0,99999.0,99999.0,99999.0,99999.0,99999.0,99999.0,99999.0,99999.0,99999.0,99999.0,99999.0,99999.0,99999.0,99999.0,99999.0,99999.0,99999.0,99999.0,99999.0,99999.0,99999.0,99999.0,99999.0,99999.0,99999.0,99999.0,99999.0,99999.0,99999.0,99999.0,99999.0,99999.0,99999.0,99999.0,99999.0,99999.0,99999.0,99999.0,99999.0,99999.0,99999.0,99999.0,99999.0,99999.0,99999.0,99999.0,99999.0,99999.0,99999.0,99999.0,99999.0,99999.0,99999.0,99999.0,99999.0,99999.0,99999.0,99999.0,99999.0,99999.0,99999.0,99999.0,99999.0,99999.0,99999.0,99999.0,99999.0,99999.0,99999.0,99999.0,99999.0,99999.0,99999.0,99999.0,99999.0,99999.0,99999.0,99999.0,99999.0,99999.0,99999.0,99999.0,99999.0,99999.0,99999.0,99999.0,99999.0,99999.0,99999.0,99999.0,99999.0,99999.0,99999.0,99999.0,99999.0,99999.0,99999.0,99999.0,99999.0,99999.0,99999.0,99999.0,99999.0,99999.0,99999.0,99999.0,99999.0,99999.0,99999.0,99999.0,99999.0,99999.0,99999.0,99999.0,99999.0,99999.0,99999.0,99999.0,99999.0,99999.0,99999.0,99999.0,99999.0,99999.0,99999.0,99999.0,99999.0,99999.0,99999.0,99999.0,99999.0,99999.0,99999.0,99999.0,99999.0,99999.0,99999.0,99999.0,99999.0,99999.0,99999.0,99999.0,99999.0,99999.0,99999.0,99999.0,99999.0,99999.0,99999.0,99999.0,99999.0,99999.0,99999.0,99999.0,99999.0,99999.0,99999.0,99999.0,99999.0,99999.0,99999.0,99999.0,99999.0,99999.0,99999.0,99999.0,99999.0,99999.0,99999.0,99999.0,99999.0,99999.0,99999.0,99999.0,99999.0,99999.0,99999.0,99999.0,99999.0,99999.0,99999.0,99999.0,99999.0,99999.0,99999.0,99999.0,99999.0,99999.0,99999.0,99999.0,99999.0
99999.0,99999.0,99999.0,99999.0,99999.0,99999.0,99999.0,99999.0,99999.0,99999.0,99999.0,99999.0,99999.0,99999.0,99999.0,99999.0,99999.0,99999.0,99999.0,99999.0,99999.0,99999.0,99999.0,99999.0,99999.0,99999.0,99999.0,99999.0,99999.0,99999.0,99999.0,99999.0,99999.0,99999.0,99999.0,99999.0,99999.0,99999.0,99999.0,99999.0,99999.0,99999.0,99999.0,99999.0,99999.0,99999.0,99999.0,99999.0,99999.0,99999.0,99999.0,99999.0,99999.0,99999.0,99999.0,99999.0,99999.0,99999.0,99999.0,99999.0,99999.0,99999.0,99999.0,99999.0,99999.0,99999.0,99999.0,99999.0,99999.0,99999.0,99999.0,99999.0,99999.0,99999.0,99999.0,99999.0,99999.0,99999.0,99999.0,99999.0,99999.0,99999.0,99999.0,99999.0,99999.0,99999.0,99999.0,99999.0,99999.0,99999.0,99999.0,99999.0,99999.0,99999.0,99999.0,99999.0,99999.0,99999.0,99999.0,99999.0,99999.0,99999.0,99999.0,99999.0,99999.0,99999.0,99999.0,99999.0,99999.0,99999.0,99999.0,99999.0,99999.0,99999.0,99999.0,99999.0,99999.0,99999.0,99999.0,99999.0,99999.0,99999.0,99999.0,99999.0,99999.0,99999.0,99999.0,99999.0,99999.0,99999.0,99999.0,99999.0,99999.0,99999.0,99999.0,99999.0,99999.0,99999.0,99999.0,99999.0,99999.0,99999.0,99999.0,99999.0,99999.0,99999.0,99999.0,99999.0,99999.0,99999.0,99999.0,99999.0,99999.0,99999.0,99999.0,99999.0,99999.0,99999.0,99999.0,99999.0,99999.0,99999.0,99999.0,99999.0,99999.0,99999.0,99999.0,99999.0,99999.0,99999.0,99999.0,99999.0,99999.0,99999.0,99999.0,99999.0,99999.0,99999.0,99999.0,99999.0,99999.0,99999.0,99999.0,99999.0,99999.0,99999.0,99999.0,99999.0,99999.0,99999.0,99999.0,99999.0,99999.0,99999.0,99999.0,99999.0,99999.0,99999.0,99999.0,99999.0,99999.0,99999.0,99999.0,99999.0,99999.0,99999.0,99999.0,99999.0,99999.0,99999.0,99999.0,99999.0,99999.0,99999.0,99999.0,99999.0,99999.0,99999.0,99999.0,99999.0,99999.0,99999.0,99999.0,99999.0,99999.0,99999.0,99999.0,99999.0,99999.0,99999.0,99999.0,99999.0,99999.0,99999.0,99999.0,99999.0,99999.0,99999.0,99999.0,99999.0,99999.0,99999.0,99999.0,99999.0,99999.0,99999.0,99999.0,99999.0,99999.0,99999.0,99999.0,99999.0,99999.0,99999.0,99999.0,99999.0,99999.0,99999.0,99999.0,99999.0,99999.0,99999.0,99999.0,99999.0,99999.0,99999.0,99999.0,99999.0,99999.0,99999.0,99999.0,99999.0,99999.0,99999.0,99999.0,99999.0,99999.0,99999.0,99999.0,99999.0,99999.0,99999.0,99999.0,99999.0,99999.0,99999.0,99999.0,99999.0,99999.0,99999.0,99999.0,99999.0,99999.0,99999.0,99999.0,99999.0,99999.0,99999.0,99999.0,99999.0,99999.0,99999.0,99999.0,99999.0,99999.0,99999.0,99999.0,99999.0,99999.0,99999.0,99999.0,99999.0,99999.0,99999.0,99999.0,99999.0,99999.0,99999.0,99999.0,99999.0,99999.0,99999.0,99999.0,99999.0,99999.0,99999.0,99999.0,99999.0,99999.0,99999.0,99999.0,99999.0,99999.0,99999.0,99999.0,99999.0,99999.0,99999.0,99999.0,99999.0,99999.0,99999.0,99999.0,99999.0,99999.0,99999.0,99999.0,99999.0,99999.0,99999.0,99999.0,99999.0,99999.0,99999.0,99999.0,99999.0,99999.0,99999.0,99999.0,99999.0
99999.0,99999.0,99999.0,99999.0,99999.0,99999.0,99999.0,99999.0,99999.0,99999.0,99999.0,99999.0,99999.0,99999.0,99999.0,99999.0,99999.0,99999.0,99999.0,99999.0,99999.0,99999.0,99999.0,99999.0,99999.0,99999.0,99999.0,99999.0,99999.0,99999.0,99999.0,99999.0,99999.0,99999.0,99999.0,99999.0,99999.0,99999.0,99999.0,99999.0,99999.0,99999.0,99999.0,99999.0,99999.0,99999.0,99999.0,99999.0,99999.0,99999.0,99999.0,99999.0,99999.0,99999.0,99999.0,99999.0,99999.0,99999.0,99999.0,99999.0,99999.0,99999.0,99999.0,99999.0,99999.0,99999.0,99999.0,99999.0,99999.0,99999.0,99999.0,99999.0,99999.0,99999.0,99999.0,99999.0,99999.0,99999.0,99999.0,99999.0,99999.0,99999.0,99999.0,99999.0,99999.0,99999.0,99999.0,99999.0,99999.0,99999.0,99999.0,99999.0,99999.0,99999.0,99999.0,99999.0,99999.0,99999.0,99999.0,99999.0,99999.0,99999.0,99999.0,99999.0,99999.0,99999.0,99999.0,99999.0,99999.0,99999.0,99999.0,99999.0,99999.0,99999.0,99999.0,99999.0,99999.0,99999.0,99999.0,99999.0,99999.0,99999.0,99999.0,99999.0,99999.0,99999.0,99999.0,99999.0,99999.0,99999.0,99999.0,99999.0,99999.0,99999.0,99999.0,99999.0,99999.0,99999.0,99999.0,99999.0,99999.0,99999.0,99999.0,99999.0,99999.0,99999.0,99999.0,99999.0,99999.0,99999.0,99999.0,99999.0,99999.0,99999.0,99999.0,99999.0,99999.0,99999.0,99999.0,99999.0,99999.0,99999.0,99999.0,99999.0,99999.0,99999.0,99999.0,99999.0,99999.0,99999.0,99999.0,99999.0,99999.0,99999.0,99999.0,99999.0,99999.0,99999.0,99999.0,99999.0,99999.0,99999.0,99999.0,99999.0,99999.0,99999.0,99999.0,99999.0,99999.0,99999.0,99999.0,99999.0,99999.0,99999.0,99999.0,99999.0,99999.0,99999.0,99999.0,99999.0,99999.0,99999.0,99999.0,99999.0,99999.0,99999.0,99999.0,99999.0,99999.0,99999.0,99999.0,99999.0,99999.0,99999.0,99999.0,99999.0,99999.0,99999.0,99999.0,99999.0,99999.0,99999.0,99999.0,99999.0,99999.0,99999.0,99999.0,99999.0,99999.0,99999.0,99999.0,99999.0,99999.0,99999.0,99999.0,99999.0,99999.0,99999.0,99999.0,99999.0,99999.0,99999.0,99999.0,99999.0,99999.0,99999.0,99999.0,99999.0,99999.0,99999.0,99999.0,99999.0,99999.0,99999.0,99999.0,99999.0,99999.0,99999.0,99999.0,99999.0,99999.0,99999.0,99999.0,99999.0,99999.0,99999.0,99999.0,99999.0,99999.0,99999.0,99999.0,99999.0,99999.0,99999.0,99999.0,99999.0,99999.0,99999.0,99999.0,99999.0,99999.0,99999.0,99999.0,99999.0,99999.0,99999.0,99999.0,99999.0,99999.0,99999.0,99999.0,99999.0,99999.0,99999.0,99999.0,99999.0,99999.0,99999.0,99999.0,99999.0,99999.0,99999.0,99999.0,99999.0,99999.0,99999.0,99999.0,99999.0,99999.0,99999.0,99999.0,99999.0,99999.0,99999.0,99999.0,99999.0,99999.0,99999.0,99999.0,99999.0,99999.0,99999.0,99999.0,99999.0,99999.0,99999.0,99999.0,99999.0,99999.0,99999.0,99999.0,99999.0,99999.0,99999.0,99999.0,99999.0,99999.0,99999.0,99999.0,99999.0,99999.0,99999.0,99999.0,99999.0,99999.0,99999.0,99999.0,99999.0,99999.0,99999.0,99999.0,99999.0,99999.0,99999.0,99999.0,99999.0,99999.0,99999.0,99999.0,99999.0
