Entity,Code,Year,Share of global cumulative CO₂ emissions
Afghanistan,AFG,1949,0.000006486113
Afghanistan,AFG,1950,0.00004266159
Afghanistan,AFG,1951,0.00007996248
Afghanistan,AFG,1952,0.00011527688
Afghanistan,AFG,1953,0.00015449432
Afghanistan,AFG,1954,0.00019158711
Afghanistan,AFG,1955,0.00024415235
Afghanistan,AFG,1956,0.00030404908
Afghanistan,AFG,1957,0.00039925528
Afghanistan,AFG,1958,0.0005013227
Afghanistan,AFG,1959,0.0006150912
Afghanistan,AFG,1960,0.00073057465
Afghanistan,AFG,1961,0.0008633625
Afghanistan,AFG,1962,0.0010478914
Afghanistan,AFG,1963,0.0012252469
Afghanistan,AFG,1964,0.0014277208
Afghanistan,AFG,1965,0.0016625893
Afghanistan,AFG,1966,0.0019030081
Afghanistan,AFG,1967,0.0021761388
Afghanistan,AFG,1968,0.0024135788
Afghanistan,AFG,1969,0.0025618717
Afghanistan,AFG,1970,0.0028646488
Afghanistan,AFG,1971,0.0031932192
Afghanistan,AFG,1972,0.0034145487
Afghanistan,AFG,1973,0.0036363597
Afghanistan,AFG,1974,0.0038998858
Afghanistan,AFG,1975,0.004186825
Afghanistan,AFG,1976,0.0044211075
Afghanistan,AFG,1977,0.00470984
Afghanistan,AFG,1978,0.0049328916
Afghanistan,AFG,1979,0.0051507377
Afghanistan,AFG,1980,0.00527629
Afghanistan,AFG,1981,0.005434355
Afghanistan,AFG,1982,0.005602545
Afghanistan,AFG,1983,0.0058242097
Afghanistan,AFG,1984,0.00607302
Afghanistan,AFG,1985,0.0063990597
Afghanistan,AFG,1986,0.0066529484
Afghanistan,AFG,1987,0.006883906
Afghanistan,AFG,1988,0.0070607765
Afghanistan,AFG,1989,0.00721343
Afghanistan,AFG,1990,0.0072610774
Afghanistan,AFG,1991,0.0072886962
Afghanistan,AFG,1992,0.007270007
Afghanistan,AFG,1993,0.007250937
Afghanistan,AFG,1994,0.007227338
Afghanistan,AFG,1995,0.007196722
Afghanistan,AFG,1996,0.0071572075
Afghanistan,AFG,1997,0.0071117966
Afghanistan,AFG,1998,0.007066633
Afghanistan,AFG,1999,0.0070015667
Afghanistan,AFG,2000,0.0069308635
Afghanistan,AFG,2001,0.0068644173
Afghanistan,AFG,2002,0.0068223225
Afghanistan,AFG,2003,0.0067932648
Afghanistan,AFG,2004,0.006732035
Afghanistan,AFG,2005,0.006723321
Afghanistan,AFG,2006,0.0067317556
Afghanistan,AFG,2007,0.0067863204
Afghanistan,AFG,2008,0.0069491277
Afghanistan,AFG,2009,0.0072699077
Afghanistan,AFG,2010,0.007712691
Afghanistan,AFG,2011,0.008348341
Afghanistan,AFG,2012,0.008831008
Afghanistan,AFG,2013,0.009230245
Afghanistan,AFG,2014,0.009596173
Afghanistan,AFG,2015,0.009990656
Afghanistan,AFG,2016,0.010317099
Afghanistan,AFG,2017,0.010669478
Afghanistan,AFG,2018,0.011055271
Afghanistan,AFG,2019,0.011434139
Afghanistan,AFG,2020,0.011852184
Afghanistan,AFG,2021,0.0121691665
Afghanistan,AFG,2022,0.012485289
Afghanistan,AFG,2023,0.012803439
Afghanistan,AFG,2024,0.013121647
Africa,,1884,0.000097532895
Africa,,1885,0.0002488541
Africa,,1886,0.00043210073
Africa,,1887,0.0005993726
Africa,,1888,0.00087250466
Africa,,1889,0.001304923
Africa,,1890,0.0022568377
Africa,,1891,0.0031213255
Africa,,1892,0.004480852
Africa,,1893,0.0096689155
Africa,,1894,0.016246622
Africa,,1895,0.024747338
Africa,,1896,0.03495776
Africa,,1897,0.04560219
Africa,,1898,0.058371384
Africa,,1899,0.06863902
Africa,,1900,0.07081837
Africa,,1901,0.076069646
Africa,,1902,0.08469802
Africa,,1903,0.09631173
Africa,,1904,0.10878335
Africa,,1905,0.12231983
Africa,,1906,0.13695686
Africa,,1907,0.15147543
Africa,,1908,0.16571361
Africa,,1909,0.18140317
Africa,,1910,0.19827422
Africa,,1911,0.21286486
Africa,,1912,0.22723134
Africa,,1913,0.24167627
Africa,,1914,0.25583905
Africa,,1915,0.26917467
Africa,,1916,0.2848398
Africa,,1917,0.3010965
Africa,,1918,0.3156892
Africa,,1919,0.3315109
Africa,,1920,0.34722665
Africa,,1921,0.36330417
Africa,,1922,0.37430668
Africa,,1923,0.38765407
Africa,,1924,0.40146556
Africa,,1925,0.415628
Africa,,1926,0.43096387
Africa,,1927,0.44379967
Africa,,1928,0.45661706
Africa,,1929,0.46844062
Africa,,1930,0.47917697
Africa,,1931,0.487819
Africa,,1932,0.4952903
Africa,,1933,0.50311613
Africa,,1934,0.5122474
Africa,,1935,0.52249146
Africa,,1936,0.53294283
Africa,,1937,0.5436208
Africa,,1938,0.5558652
Africa,,1939,0.5683581
Africa,,1940,0.5804486
Africa,,1941,0.5938911
Africa,,1942,0.60919535
Africa,,1943,0.6240877
Africa,,1944,0.6411885
Africa,,1945,0.66066194
Africa,,1946,0.67860806
Africa,,1947,0.69388086
Africa,,1948,0.7092514
Africa,,1949,0.7271368
Africa,,1950,0.7494011
Africa,,1951,0.7717402
Africa,,1952,0.79640317
Africa,,1953,0.819879
Africa,,1954,0.84383523
Africa,,1955,0.86890036
Africa,,1956,0.8931093
Africa,,1957,0.9174144
Africa,,1958,0.9420384
Africa,,1959,0.9635837
Africa,,1960,0.98502356
Africa,,1961,1.0068146
Africa,,1962,1.0276349
Africa,,1963,1.0486014
Africa,,1964,1.0715853
Africa,,1965,1.0972636
Africa,,1966,1.1217155
Africa,,1967,1.147695
Africa,,1968,1.1751932
Africa,,1969,1.203433
Africa,,1970,1.232357
Africa,,1971,1.2642114
Africa,,1972,1.2962439
Africa,,1973,1.3291973
Africa,,1974,1.3621846
Africa,,1975,1.3927536
Africa,,1976,1.4252276
Africa,,1977,1.456626
Africa,,1978,1.4894339
Africa,,1979,1.5251188
Africa,,1980,1.5648952
Africa,,1981,1.6056155
Africa,,1982,1.647899
Africa,,1983,1.6908075
Africa,,1984,1.7379469
Africa,,1985,1.7830813
Africa,,1986,1.8282341
Africa,,1987,1.869188
Africa,,1988,1.9104115
Africa,,1989,1.9451599
Africa,,1990,1.9716294
Africa,,1991,1.9989356
Africa,,1992,2.0239754
Africa,,1993,2.051859
Africa,,1994,2.0871775
Africa,,1995,2.125295
Africa,,1996,2.1628892
Africa,,1997,2.2005253
Africa,,1998,2.2383685
Africa,,1999,2.2718606
Africa,,2000,2.3051782
Africa,,2001,2.3355284
Africa,,2002,2.3613672
Africa,,2003,2.3911583
Africa,,2004,2.4223142
Africa,,2005,2.4509442
Africa,,2006,2.4785457
Africa,,2007,2.5053012
Africa,,2008,2.5337415
Africa,,2009,2.5614343
Africa,,2010,2.5884714
Africa,,2011,2.6155236
Africa,,2012,2.6402676
Africa,,2013,2.6644025
Africa,,2014,2.6924589
Africa,,2015,2.717676
Africa,,2016,2.7437768
Africa,,2017,2.7683356
Africa,,2018,2.7913563
Africa,,2019,2.8166656
Africa,,2020,2.838983
Africa,,2021,2.8636937
Africa,,2022,2.8853836
Africa,,2023,2.9065187
Africa,,2024,2.9270809
Albania,ALB,1933,0.000004845139
Albania,ALB,1934,0.000009461553
Albania,ALB,1935,0.000020774076
Albania,ALB,1936,0.00009892096
Albania,ALB,1937,0.0002734761
Albania,ALB,1938,0.0004694987
Albania,ALB,1939,0.00070304197
Albania,ALB,1940,0.0010666124
Albania,ALB,1941,0.0013747247
Albania,ALB,1942,0.0017282701
Albania,ALB,1943,0.0019189806
Albania,ALB,1944,0.0019462216
Albania,ALB,1945,0.0019644338
Albania,ALB,1946,0.002151505
Albania,ALB,1947,0.0025304335
Albania,ALB,1948,0.0027866594
Albania,ALB,1949,0.0031716437
Albania,ALB,1950,0.0032184909
Albania,ALB,1951,0.003301416
Albania,ALB,1952,0.0033668503
Albania,ALB,1953,0.003442447
Albania,ALB,1954,0.0035463187
Albania,ALB,1955,0.0036965364
Albania,ALB,1956,0.0038960578
Albania,ALB,1957,0.0043172585
Albania,ALB,1958,0.0046060914
Albania,ALB,1959,0.0049523828
Albania,ALB,1960,0.0054573677
Albania,ALB,1961,0.0060126414
Albania,ALB,1962,0.006585262
Albania,ALB,1963,0.0070010163
Albania,ALB,1964,0.0073615136
Albania,ALB,1965,0.0077336463
Albania,ALB,1966,0.008172608
Albania,ALB,1967,0.008609357
Albania,ALB,1968,0.009102637
Albania,ALB,1969,0.009586807
Albania,ALB,1970,0.010129803
Albania,ALB,1971,0.010759437
Albania,ALB,1972,0.011610484
Albania,ALB,1973,0.012306822
Albania,ALB,1974,0.012764592
Albania,ALB,1975,0.013241099
Albania,ALB,1976,0.013731713
Albania,ALB,1977,0.014318611
Albania,ALB,1978,0.014986946
Albania,ALB,1979,0.015786063
Albania,ALB,1980,0.01613569
Albania,ALB,1981,0.01682708
Albania,ALB,1982,0.01747625
Albania,ALB,1983,0.018132832
Albania,ALB,1984,0.018766206
Albania,ALB,1985,0.019353174
Albania,ALB,1986,0.019923672
Albania,ALB,1987,0.020361662
Albania,ALB,1988,0.020737724
Albania,ALB,1989,0.021296442
Albania,ALB,1990,0.02138063
Albania,ALB,1991,0.021299783
Albania,ALB,1992,0.021032471
Albania,ALB,1993,0.020753011
Albania,ALB,1994,0.020436486
Albania,ALB,1995,0.020141829
Albania,ALB,1996,0.01983922
Albania,ALB,1997,0.019499881
Albania,ALB,1998,0.01920008
Albania,ALB,1999,0.019025275
Albania,ALB,2000,0.018850332
Albania,ALB,2001,0.018698836
Albania,ALB,2002,0.018592842
Albania,ALB,2003,0.018518357
Albania,ALB,2004,0.01842114
Albania,ALB,2005,0.018320471
Albania,ALB,2006,0.018180879
Albania,ALB,2007,0.018042492
Albania,ALB,2008,0.017938035
Albania,ALB,2009,0.017840013
Albania,ALB,2010,0.017756037
Albania,ALB,2011,0.017687257
Albania,ALB,2012,0.017598523
Albania,ALB,2013,0.01753895
Albania,ALB,2014,0.017528975
Albania,ALB,2015,0.017430555
Albania,ALB,2016,0.017326623
Albania,ALB,2017,0.017270654
Albania,ALB,2018,0.01719996
Albania,ALB,2019,0.017113462
Albania,ALB,2020,0.017045632
Albania,ALB,2021,0.01697951
Albania,ALB,2022,0.016873794
Albania,ALB,2023,0.016762746
Albania,ALB,2024,0.016653195
Algeria,DZA,1916,0.000004069896
Algeria,DZA,1917,0.000011745677
Algeria,DZA,1918,0.000030190715
Algeria,DZA,1919,0.000047569887
Algeria,DZA,1920,0.00006714679
Algeria,DZA,1921,0.000089204914
Algeria,DZA,1922,0.00010986303
Algeria,DZA,1923,0.000119170145
Algeria,DZA,1924,0.00014035185
Algeria,DZA,1925,0.00016322489
Algeria,DZA,1926,0.00019068937
Algeria,DZA,1927,0.0002302308
Algeria,DZA,1928,0.00027828917
Algeria,DZA,1929,0.00032818096
Algeria,DZA,1930,0.00037849296
Algeria,DZA,1931,0.0004373937
Algeria,DZA,1932,0.0005045168
Algeria,DZA,1933,0.00057304814
Algeria,DZA,1934,0.00064915774
Algeria,DZA,1935,0.0007164038
Algeria,DZA,1936,0.00072922005
Algeria,DZA,1937,0.00075105345
Algeria,DZA,1938,0.0007517579
Algeria,DZA,1939,0.00082420645
Algeria,DZA,1940,0.00093352835
Algeria,DZA,1941,0.0010758602
Algeria,DZA,1942,0.0013086784
Algeria,DZA,1943,0.00151382
Algeria,DZA,1944,0.001722407
Algeria,DZA,1945,0.0019857485
Algeria,DZA,1946,0.002304639
Algeria,DZA,1947,0.0025945718
Algeria,DZA,1948,0.0028937873
Algeria,DZA,1949,0.0032290556
Algeria,DZA,1950,0.0047781123
Algeria,DZA,1951,0.0063839494
Algeria,DZA,1952,0.007804363
Algeria,DZA,1953,0.009188638
Algeria,DZA,1954,0.010555287
Algeria,DZA,1955,0.011993722
Algeria,DZA,1956,0.013472204
Algeria,DZA,1957,0.015046106
Algeria,DZA,1958,0.01640663
Algeria,DZA,1959,0.01781267
Algeria,DZA,1960,0.019265078
Algeria,DZA,1961,0.02059987
Algeria,DZA,1962,0.021715118
Algeria,DZA,1963,0.022659307
Algeria,DZA,1964,0.023574352
Algeria,DZA,1965,0.024663951
Algeria,DZA,1966,0.026141824
Algeria,DZA,1967,0.027504243
Algeria,DZA,1968,0.028889941
Algeria,DZA,1969,0.030664157
Algeria,DZA,1970,0.03312882
Algeria,DZA,1971,0.036190446
Algeria,DZA,1972,0.041096136
Algeria,DZA,1973,0.047679942
Algeria,DZA,1974,0.052511282
Algeria,DZA,1975,0.057043634
Algeria,DZA,1976,0.06253087
Algeria,DZA,1977,0.068089336
Algeria,DZA,1978,0.076843694
Algeria,DZA,1979,0.08204151
Algeria,DZA,1980,0.09037225
Algeria,DZA,1981,0.09502856
Algeria,DZA,1982,0.09831027
Algeria,DZA,1983,0.10339176
Algeria,DZA,1984,0.110804595
Algeria,DZA,1985,0.11791304
Algeria,DZA,1986,0.12504421
Algeria,DZA,1987,0.13269411
Algeria,DZA,1988,0.13974693
Algeria,DZA,1989,0.14585614
Algeria,DZA,1990,0.1511512
Algeria,DZA,1991,0.15631805
Algeria,DZA,1992,0.16148691
Algeria,DZA,1993,0.16657709
Algeria,DZA,1994,0.1720947
Algeria,DZA,1995,0.17810677
Algeria,DZA,1996,0.18406668
Algeria,DZA,1997,0.1884596
Algeria,DZA,1998,0.19448517
Algeria,DZA,1999,0.19863373
Algeria,DZA,2000,0.20187467
Algeria,DZA,2001,0.20506339
Algeria,DZA,2002,0.20832582
Algeria,DZA,2003,0.21156785
Algeria,DZA,2004,0.21419653
Algeria,DZA,2005,0.21809842
Algeria,DZA,2006,0.22115283
Algeria,DZA,2007,0.22419542
Algeria,DZA,2008,0.22707202
Algeria,DZA,2009,0.23049282
Algeria,DZA,2010,0.23355159
Algeria,DZA,2011,0.23676148
Algeria,DZA,2012,0.24050447
Algeria,DZA,2013,0.24442302
Algeria,DZA,2014,0.24885863
Algeria,DZA,2015,0.253617
Algeria,DZA,2016,0.2580305
Algeria,DZA,2017,0.26258832
Algeria,DZA,2018,0.2673861
Algeria,DZA,2019,0.27239314
Algeria,DZA,2020,0.27683178
Algeria,DZA,2021,0.28144163
Algeria,DZA,2022,0.2863592
Algeria,DZA,2023,0.29153782
Algeria,DZA,2024,0.29617104
Andorra,AND,1990,0.000049937375
Andorra,AND,1991,0.00009708339
Andorra,AND,1992,0.00014177956
Andorra,AND,1993,0.00018454606
Andorra,AND,1994,0.00022468237
Andorra,AND,1995,0.0002650471
Andorra,AND,1996,0.0003062718
Andorra,AND,1997,0.00034651795
Andorra,AND,1998,0.0003874024
Andorra,AND,1999,0.00042826688
Andorra,AND,2000,0.00046793857
Andorra,AND,2001,0.0005056343
Andorra,AND,2002,0.0005419491
Andorra,AND,2003,0.0005761807
Andorra,AND,2004,0.0006108055
Andorra,AND,2005,0.0006444551
Andorra,AND,2006,0.00067319046
Andorra,AND,2007,0.0006994152
Andorra,AND,2008,0.0007240338
Andorra,AND,2009,0.0007460739
Andorra,AND,2010,0.0007660461
Andorra,AND,2011,0.0007825248
Andorra,AND,2012,0.0007976701
Andorra,AND,2013,0.00081114355
Andorra,AND,2014,0.0008228811
Andorra,AND,2015,0.00083434593
Andorra,AND,2016,0.0008457656
Andorra,AND,2017,0.00085636275
Andorra,AND,2018,0.0008676636
Andorra,AND,2019,0.00087783806
Andorra,AND,2020,0.0008818875
Andorra,AND,2021,0.0008870121
Andorra,AND,2022,0.00089211995
Andorra,AND,2023,0.0008964421
Andorra,AND,2024,0.0009006954
Angola,AGO,1950,0.000080583006
Angola,AGO,1951,0.00018299106
Angola,AGO,1952,0.00030540887
Angola,AGO,1953,0.00040659335
Angola,AGO,1954,0.000530653
Angola,AGO,1955,0.00067154097
Angola,AGO,1956,0.0008354532
Angola,AGO,1957,0.0010307743
Angola,AGO,1958,0.0012052056
Angola,AGO,1959,0.0013763942
Angola,AGO,1960,0.0015125015
Angola,AGO,1961,0.0016104543
Angola,AGO,1962,0.0019225063
Angola,AGO,1963,0.0022044105
Angola,AGO,1964,0.0024867277
Angola,AGO,1965,0.0027381142
Angola,AGO,1966,0.0030682858
Angola,AGO,1967,0.0032287652
Angola,AGO,1968,0.003544374
Angola,AGO,1969,0.0041032177
Angola,AGO,1970,0.004800207
Angola,AGO,1971,0.0054034684
Angola,AGO,1972,0.0061958157
Angola,AGO,1973,0.007000059
Angola,AGO,1974,0.0077481885
Angola,AGO,1975,0.008356449
Angola,AGO,1976,0.008696074
Angola,AGO,1977,0.009050634
Angola,AGO,1978,0.009703141
Angola,AGO,1979,0.010319811
Angola,AGO,1980,0.010872648
Angola,AGO,1981,0.011389823
Angola,AGO,1982,0.011780627
Angola,AGO,1983,0.01221665
Angola,AGO,1984,0.012601119
Angola,AGO,1985,0.012907066
Angola,AGO,1986,0.013184606
Angola,AGO,1987,0.01359032
Angola,AGO,1988,0.013861979
Angola,AGO,1989,0.01409725
Angola,AGO,1990,0.014330836
Angola,AGO,1991,0.014540221
Angola,AGO,1992,0.01476183
Angola,AGO,1993,0.015034808
Angola,AGO,1994,0.015913906
Angola,AGO,1995,0.016876342
Angola,AGO,1996,0.018055601
Angola,AGO,1997,0.01923852
Angola,AGO,1998,0.020428425
Angola,AGO,1999,0.021623487
Angola,AGO,2000,0.022625925
Angola,AGO,2001,0.02356851
Angola,AGO,2002,0.024469802
Angola,AGO,2003,0.025422564
Angola,AGO,2004,0.026267122
Angola,AGO,2005,0.0269105
Angola,AGO,2006,0.027644748
Angola,AGO,2007,0.028357873
Angola,AGO,2008,0.02911429
Angola,AGO,2009,0.029992469
Angola,AGO,2010,0.030960387
Angola,AGO,2011,0.031884544
Angola,AGO,2012,0.032932747
Angola,AGO,2013,0.033906776
Angola,AGO,2014,0.034855776
Angola,AGO,2015,0.03585499
Angola,AGO,2016,0.036677588
Angola,AGO,2017,0.03733246
Angola,AGO,2018,0.03792075
Angola,AGO,2019,0.03841066
Angola,AGO,2020,0.038589973
Angola,AGO,2021,0.038877692
Angola,AGO,2022,0.03924437
Angola,AGO,2023,0.039615817
Angola,AGO,2024,0.039996665
Anguilla,AIA,1990,0.0000054477136
Anguilla,AIA,1991,0.000010590916
Anguilla,AIA,1992,0.000015896496
Anguilla,AIA,1993,0.000021760534
Anguilla,AIA,1994,0.000027320724
Anguilla,AIA,1995,0.000032584503
Anguilla,AIA,1996,0.00003794518
Anguilla,AIA,1997,0.00004303164
Anguilla,AIA,1998,0.00004860943
Anguilla,AIA,1999,0.000054251926
Anguilla,AIA,2000,0.00006063923
Anguilla,AIA,2001,0.000067052984
Anguilla,AIA,2002,0.00007312807
Anguilla,AIA,2003,0.00007914749
Anguilla,AIA,2004,0.00008576053
Anguilla,AIA,2005,0.00009290558
Anguilla,AIA,2006,0.00010052575
Anguilla,AIA,2007,0.00010798712
Anguilla,AIA,2008,0.00011503073
Anguilla,AIA,2009,0.00012177942
Anguilla,AIA,2010,0.00012831137
Anguilla,AIA,2011,0.0001341471
Anguilla,AIA,2012,0.00013939111
Anguilla,AIA,2013,0.00014384312
Anguilla,AIA,2014,0.0001485586
Anguilla,AIA,2015,0.00015402566
Anguilla,AIA,2016,0.00015948049
Anguilla,AIA,2017,0.0001639402
Anguilla,AIA,2018,0.00016834927
Anguilla,AIA,2019,0.00017318793
Anguilla,AIA,2020,0.00017758585
Anguilla,AIA,2021,0.00018183747
Anguilla,AIA,2022,0.00018604957
Anguilla,AIA,2023,0.00019001159
Anguilla,AIA,2024,0.00019405367
Antarctica,ATA,1987,4.9497476e-7
Antarctica,ATA,1988,0.0000014422195
Antarctica,ATA,1989,0.0000023356658
Antarctica,ATA,1990,0.000003631809
Antarctica,ATA,1991,0.000005295458
Antarctica,ATA,1992,0.00000687416
Antarctica,ATA,1993,0.000008369437
Antarctica,ATA,1994,0.000009786528
Antarctica,ATA,1995,0.0000099343
Antarctica,ATA,1996,0.000010067089
Antarctica,ATA,1997,0.000010191705
Antarctica,ATA,1998,0.000010311091
Antarctica,ATA,1999,0.000010419244
Antarctica,ATA,2000,0.000010515473
Antarctica,ATA,2001,0.000010605319
Antarctica,ATA,2002,0.0000106853795
Antarctica,ATA,2003,0.000010748425
Antarctica,ATA,2004,0.000011117106
Antarctica,ATA,2005,0.000011458355
Antarctica,ATA,2006,0.000011773286
Antarctica,ATA,2007,0.000012358199
Antarctica,ATA,2008,0.000012048106
Antarctica,ATA,2009,0.000011758013
Antarctica,ATA,2010,0.000011466122
Antarctica,ATA,2011,0.000011178926
Antarctica,ATA,2012,0.0000109020975
Antarctica,ATA,2013,0.000010636287
Antarctica,ATA,2014,0.000010381799
Antarctica,ATA,2015,0.000010139621
Antarctica,ATA,2016,0.000009908551
Antarctica,ATA,2017,0.000009684231
Antarctica,ATA,2018,0.000009465421
Antarctica,ATA,2019,0.000009254317
Antarctica,ATA,2020,0.0000090627045
Antarctica,ATA,2021,0.000008870121
Antarctica,ATA,2022,0.000008682314
Antarctica,ATA,2023,0.000008499635
Antarctica,ATA,2024,0.000008322214
Antigua and Barbuda,ATG,1950,0.000005266719
Antigua and Barbuda,ATG,1951,0.0000133268
Antigua and Barbuda,ATG,1952,0.000018963025
Antigua and Barbuda,ATG,1953,0.000025263089
Antigua and Barbuda,ATG,1954,0.000029329127
Antigua and Barbuda,ATG,1955,0.00003678353
Antigua and Barbuda,ATG,1956,0.000043754248
Antigua and Barbuda,ATG,1957,0.000050285988
Antigua and Barbuda,ATG,1958,0.000058929385
Antigua and Barbuda,ATG,1959,0.00006698724
Antigua and Barbuda,ATG,1960,0.00007682911
Antigua and Barbuda,ATG,1961,0.000089540605
Antigua and Barbuda,ATG,1962,0.00011819634
Antigua and Barbuda,ATG,1963,0.00013954971
Antigua and Barbuda,ATG,1964,0.00016148992
Antigua and Barbuda,ATG,1965,0.00019814912
Antigua and Barbuda,ATG,1966,0.00028544184
Antigua and Barbuda,ATG,1967,0.00042326536
Antigua and Barbuda,ATG,1968,0.00065871567
Antigua and Barbuda,ATG,1969,0.00094262685
Antigua and Barbuda,ATG,1970,0.0010180969
Antigua and Barbuda,ATG,1971,0.001078664
Antigua and Barbuda,ATG,1972,0.0011221137
Antigua and Barbuda,ATG,1973,0.0011512293
Antigua and Barbuda,ATG,1974,0.0011986425
Antigua and Barbuda,ATG,1975,0.0012976793
Antigua and Barbuda,ATG,1976,0.0013302175
Antigua and Barbuda,ATG,1977,0.0013708179
Antigua and Barbuda,ATG,1978,0.0014116545
Antigua and Barbuda,ATG,1979,0.0014341711
Antigua and Barbuda,ATG,1980,0.0014116889
Antigua and Barbuda,ATG,1981,0.0013859002
Antigua and Barbuda,ATG,1982,0.0013911399
Antigua and Barbuda,ATG,1983,0.0013640303
Antigua and Barbuda,ATG,1984,0.0013465161
Antigua and Barbuda,ATG,1985,0.0013433528
Antigua and Barbuda,ATG,1986,0.0013398203
Antigua and Barbuda,ATG,1987,0.0013387416
Antigua and Barbuda,ATG,1988,0.0013377387
Antigua and Barbuda,ATG,1989,0.0013363123
Antigua and Barbuda,ATG,1990,0.0013286368
Antigua and Barbuda,ATG,1991,0.0013215109
Antigua and Barbuda,ATG,1992,0.0013158288
Antigua and Barbuda,ATG,1993,0.0013109327
Antigua and Barbuda,ATG,1994,0.001307181
Antigua and Barbuda,ATG,1995,0.0013032475
Antigua and Barbuda,ATG,1996,0.001300074
Antigua and Barbuda,ATG,1997,0.0012991277
Antigua and Barbuda,ATG,1998,0.0012998111
Antigua and Barbuda,ATG,1999,0.0013019264
Antigua and Barbuda,ATG,2000,0.0013041523
Antigua and Barbuda,ATG,2001,0.0013077613
Antigua and Barbuda,ATG,2002,0.0013131886
Antigua and Barbuda,ATG,2003,0.001319342
Antigua and Barbuda,ATG,2004,0.0013256883
Antigua and Barbuda,ATG,2005,0.0013330919
Antigua and Barbuda,ATG,2006,0.0013420539
Antigua and Barbuda,ATG,2007,0.0013510649
Antigua and Barbuda,ATG,2008,0.0013593324
Antigua and Barbuda,ATG,2009,0.0013691552
Antigua and Barbuda,ATG,2010,0.0013761165
Antigua and Barbuda,ATG,2011,0.001381307
Antigua and Barbuda,ATG,2012,0.0013865563
Antigua and Barbuda,ATG,2013,0.0013912431
Antigua and Barbuda,ATG,2014,0.0013962695
Antigua and Barbuda,ATG,2015,0.0014018428
Antigua and Barbuda,ATG,2016,0.0014081151
Antigua and Barbuda,ATG,2017,0.0014140515
Antigua and Barbuda,ATG,2018,0.0014199633
Antigua and Barbuda,ATG,2019,0.0014266337
Antigua and Barbuda,ATG,2020,0.0014333457
Antigua and Barbuda,ATG,2021,0.0014394235
Antigua and Barbuda,ATG,2022,0.0014451584
Antigua and Barbuda,ATG,2023,0.0014501303
Antigua and Barbuda,ATG,2024,0.0014558308
Argentina,ARG,1856,0.0002691285
Argentina,ARG,1857,0.0008875438
Argentina,ARG,1858,0.001631334
Argentina,ARG,1859,0.0020407413
Argentina,ARG,1860,0.0025109334
Argentina,ARG,1861,0.003048516
Argentina,ARG,1862,0.0034270603
Argentina,ARG,1863,0.0039944425
Argentina,ARG,1864,0.0043951552
Argentina,ARG,1865,0.0051470106
Argentina,ARG,1866,0.006358358
Argentina,ARG,1867,0.0070534204
Argentina,ARG,1868,0.008130906
Argentina,ARG,1869,0.009303285
Argentina,ARG,1870,0.010240076
Argentina,ARG,1871,0.011170862
Argentina,ARG,1872,0.011930065
Argentina,ARG,1873,0.012718488
Argentina,ARG,1874,0.013717318
Argentina,ARG,1875,0.01396061
Argentina,ARG,1876,0.014155893
Argentina,ARG,1877,0.014160844
Argentina,ARG,1878,0.014046031
Argentina,ARG,1879,0.014521881
Argentina,ARG,1880,0.014893229
Argentina,ARG,1881,0.015791247
Argentina,ARG,1882,0.016745586
Argentina,ARG,1883,0.01820542
Argentina,ARG,1884,0.020306492
Argentina,ARG,1885,0.022662098
Argentina,ARG,1886,0.02490012
Argentina,ARG,1887,0.02855226
Argentina,ARG,1888,0.03173589
Argentina,ARG,1889,0.03738452
Argentina,ARG,1890,0.0406646
Argentina,ARG,1891,0.04237677
Argentina,ARG,1892,0.04579962
Argentina,ARG,1893,0.048923768
Argentina,ARG,1894,0.052522305
Argentina,ARG,1895,0.05679079
Argentina,ARG,1896,0.060496155
Argentina,ARG,1897,0.063675575
Argentina,ARG,1898,0.06643664
Argentina,ARG,1899,0.06969064
Argentina,ARG,1900,0.07114907
Argentina,ARG,1901,0.073199816
Argentina,ARG,1902,0.07530218
Argentina,ARG,1903,0.077667296
Argentina,ARG,1904,0.08131312
Argentina,ARG,1905,0.08606415
Argentina,ARG,1906,0.092906244
Argentina,ARG,1907,0.09738141
Argentina,ARG,1908,0.102311514
Argentina,ARG,1909,0.1060095
Argentina,ARG,1910,0.11125298
Argentina,ARG,1911,0.11805406
Argentina,ARG,1912,0.12421128
Argentina,ARG,1913,0.13040031
Argentina,ARG,1914,0.13534078
Argentina,ARG,1915,0.13679665
Argentina,ARG,1916,0.13631216
Argentina,ARG,1917,0.1337085
Argentina,ARG,1918,0.13049635
Argentina,ARG,1919,0.12993859
Argentina,ARG,1920,0.1309034
Argentina,ARG,1921,0.13154317
Argentina,ARG,1922,0.13314348
Argentina,ARG,1923,0.13526444
Argentina,ARG,1924,0.13938178
Argentina,ARG,1925,0.14345941
Argentina,ARG,1926,0.14750104
Argentina,ARG,1927,0.15260541
Argentina,ARG,1928,0.15718934
Argentina,ARG,1929,0.16146538
Argentina,ARG,1930,0.165679
Argentina,ARG,1931,0.17024168
Argentina,ARG,1932,0.17528796
Argentina,ARG,1933,0.18033256
Argentina,ARG,1934,0.18554054
Argentina,ARG,1935,0.19014901
Argentina,ARG,1936,0.19463855
Argentina,ARG,1937,0.1992107
Argentina,ARG,1938,0.20372477
Argentina,ARG,1939,0.20791343
Argentina,ARG,1940,0.21094723
Argentina,ARG,1941,0.21277228
Argentina,ARG,1942,0.2142789
Argentina,ARG,1943,0.21591172
Argentina,ARG,1944,0.21730575
Argentina,ARG,1945,0.21941978
Argentina,ARG,1946,0.22112831
Argentina,ARG,1947,0.22256497
Argentina,ARG,1948,0.22495066
Argentina,ARG,1949,0.22656956
Argentina,ARG,1950,0.23367843
Argentina,ARG,1951,0.24209334
Argentina,ARG,1952,0.25044543
Argentina,ARG,1953,0.25779554
Argentina,ARG,1954,0.26525033
Argentina,ARG,1955,0.2727099
Argentina,ARG,1956,0.28100127
Argentina,ARG,1957,0.28973463
Argentina,ARG,1958,0.29656
Argentina,ARG,1959,0.30414772
Argentina,ARG,1960,0.31070235
Argentina,ARG,1961,0.3175851
Argentina,ARG,1962,0.3245104
Argentina,ARG,1963,0.3294585
Argentina,ARG,1964,0.33519718
Argentina,ARG,1965,0.34100118
Argentina,ARG,1966,0.34708497
Argentina,ARG,1967,0.3530741
Argentina,ARG,1968,0.3589799
Argentina,ARG,1969,0.36575973
Argentina,ARG,1970,0.37237424
Argentina,ARG,1971,0.37942833
Argentina,ARG,1972,0.38566244
Argentina,ARG,1973,0.3915903
Argentina,ARG,1974,0.3974772
Argentina,ARG,1975,0.4028537
Argentina,ARG,1976,0.40812814
Argentina,ARG,1977,0.41286606
Argentina,ARG,1978,0.41713044
Argentina,ARG,1979,0.42215002
Argentina,ARG,1980,0.42659035
Argentina,ARG,1981,0.43004504
Argentina,ARG,1982,0.43361303
Argentina,ARG,1983,0.43713626
Argentina,ARG,1984,0.44029552
Argentina,ARG,1985,0.44199473
Argentina,ARG,1986,0.44392255
Argentina,ARG,1987,0.446792
Argentina,ARG,1988,0.44987968
Argentina,ARG,1989,0.45207164
Argentina,ARG,1990,0.45323917
Argentina,ARG,1991,0.4547507
Argentina,ARG,1992,0.45699063
Argentina,ARG,1993,0.45859602
Argentina,ARG,1994,0.46005905
Argentina,ARG,1995,0.46192718
Argentina,ARG,1996,0.46398833
Argentina,ARG,1997,0.46640885
Argentina,ARG,1998,0.46904087
Argentina,ARG,1999,0.47216353
Argentina,ARG,2000,0.47435418
Argentina,ARG,2001,0.47557998
Argentina,ARG,2002,0.47558156
Argentina,ARG,2003,0.47584024
Argentina,ARG,2004,0.47766918
Argentina,ARG,2005,0.47938856
Argentina,ARG,2006,0.48166892
Argentina,ARG,2007,0.48343897
Argentina,ARG,2008,0.48599562
Argentina,ARG,2009,0.4879231
Argentina,ARG,2010,0.48967823
Argentina,ARG,2011,0.49120688
Argentina,ARG,2012,0.49262482
Argentina,ARG,2013,0.49371326
Argentina,ARG,2014,0.49461997
Argentina,ARG,2015,0.4957201
Argentina,ARG,2016,0.49665827
Argentina,ARG,2017,0.49718666
Argentina,ARG,2018,0.49717727
Argentina,ARG,2019,0.49693924
Argentina,ARG,2020,0.4963443
Argentina,ARG,2021,0.4967599
Argentina,ARG,2022,0.4966101
Argentina,ARG,2023,0.4960152
Argentina,ARG,2024,0.4949122
Armenia,ARM,1830,0.0000018446063
Armenia,ARM,1831,0.000003902951
Armenia,ARM,1832,0.000005108794
Armenia,ARM,1833,0.0000065957506
Armenia,ARM,1850,0.000008679513
Armenia,ARM,1855,0.000019902647
Armenia,ARM,1858,0.000033255663
Armenia,ARM,1859,0.000047900397
Armenia,ARM,1860,0.000066034096
Armenia,ARM,1861,0.00008766061
Armenia,ARM,1862,0.00010503116
Armenia,ARM,1863,0.000121557976
Armenia,ARM,1864,0.00013867173
Armenia,ARM,1865,0.00015290255
Armenia,ARM,1866,0.00020826749
Armenia,ARM,1867,0.00026673614
Armenia,ARM,1868,0.00030861824
Armenia,ARM,1869,0.00036430024
Armenia,ARM,1870,0.00042031938
Armenia,ARM,1871,0.00049441896
Armenia,ARM,1872,0.0005617185
Armenia,ARM,1873,0.00061565876
Armenia,ARM,1874,0.00068315316
Armenia,ARM,1875,0.0007559943
Armenia,ARM,1876,0.0008459831
Armenia,ARM,1877,0.00093004474
Armenia,ARM,1878,0.0010422687
Armenia,ARM,1879,0.0011460899
Armenia,ARM,1880,0.0012593785
Armenia,ARM,1881,0.0013690816
Armenia,ARM,1882,0.0014741778
Armenia,ARM,1883,0.0015878301
Armenia,ARM,1884,0.0016931789
Armenia,ARM,1885,0.0018039759
Armenia,ARM,1886,0.0019089112
Armenia,ARM,1887,0.0020114472
Armenia,ARM,1888,0.002104041
Armenia,ARM,1889,0.00220262
Armenia,ARM,1890,0.0023087785
Armenia,ARM,1891,0.0024207237
Armenia,ARM,1892,0.0025342954
Armenia,ARM,1893,0.002675799
Armenia,ARM,1894,0.002806633
Armenia,ARM,1895,0.002954727
Armenia,ARM,1896,0.0030916487
Armenia,ARM,1897,0.003250464
Armenia,ARM,1898,0.0034227443
Armenia,ARM,1899,0.003615248
Armenia,ARM,1900,0.0038267688
Armenia,ARM,1901,0.0040246984
Armenia,ARM,1902,0.0041900724
Armenia,ARM,1903,0.0043192334
Armenia,ARM,1904,0.0044691823
Armenia,ARM,1905,0.0045602564
Armenia,ARM,1906,0.004673538
Armenia,ARM,1907,0.0047854194
Armenia,ARM,1908,0.0048978687
Armenia,ARM,1909,0.0050093303
Armenia,ARM,1910,0.0050952137
Armenia,ARM,1911,0.0051813317
Armenia,ARM,1912,0.0052879932
Armenia,ARM,1913,0.005394734
Armenia,ARM,1914,0.005482246
Armenia,ARM,1915,0.0055432105
Armenia,ARM,1916,0.0056006936
Armenia,ARM,1917,0.0056240973
Armenia,ARM,1918,0.005511816
Armenia,ARM,1919,0.0054196278
Armenia,ARM,1920,0.005300464
Armenia,ARM,1921,0.005215598
Armenia,ARM,1922,0.005143413
Armenia,ARM,1923,0.00506419
Armenia,ARM,1924,0.00500575
Armenia,ARM,1925,0.0049486114
Armenia,ARM,1926,0.004939778
Armenia,ARM,1927,0.0049508736
Armenia,ARM,1928,0.004977567
Armenia,ARM,1929,0.0050051794
Armenia,ARM,1930,0.0051079844
Armenia,ARM,1931,0.00526826
Armenia,ARM,1932,0.0054684784
Armenia,ARM,1933,0.0056904666
Armenia,ARM,1934,0.0059615215
Armenia,ARM,1935,0.006264545
Armenia,ARM,1936,0.0066013187
Armenia,ARM,1937,0.0069207004
Armenia,ARM,1938,0.0072615417
Armenia,ARM,1939,0.0075817695
Armenia,ARM,1940,0.0079657715
Armenia,ARM,1941,0.008254876
Armenia,ARM,1942,0.008308424
Armenia,ARM,1943,0.008366729
Armenia,ARM,1944,0.008538349
Armenia,ARM,1945,0.008758791
Armenia,ARM,1946,0.0090036495
Armenia,ARM,1947,0.009300598
Armenia,ARM,1948,0.009602397
Armenia,ARM,1949,0.009971039
Armenia,ARM,1950,0.010355576
Armenia,ARM,1951,0.010752047
Armenia,ARM,1952,0.011170264
Armenia,ARM,1953,0.011597913
Armenia,ARM,1954,0.012061247
Armenia,ARM,1955,0.012569953
Armenia,ARM,1956,0.01310811
Armenia,ARM,1957,0.013686337
Armenia,ARM,1958,0.014283857
Armenia,ARM,1959,0.014875536
Armenia,ARM,1960,0.015447268
Armenia,ARM,1961,0.016016083
Armenia,ARM,1962,0.01658631
Armenia,ARM,1963,0.017172212
Armenia,ARM,1964,0.017763482
Armenia,ARM,1965,0.018361174
Armenia,ARM,1966,0.01895755
Armenia,ARM,1967,0.019551612
Armenia,ARM,1968,0.020109078
Armenia,ARM,1969,0.020637188
Armenia,ARM,1970,0.021134347
Armenia,ARM,1971,0.021642562
Armenia,ARM,1972,0.022145867
Armenia,ARM,1973,0.022627596
Armenia,ARM,1974,0.023128482
Armenia,ARM,1975,0.023661235
Armenia,ARM,1976,0.024168327
Armenia,ARM,1977,0.0246633
Armenia,ARM,1978,0.02514062
Armenia,ARM,1979,0.025575988
Armenia,ARM,1980,0.026035786
Armenia,ARM,1981,0.026467828
Armenia,ARM,1982,0.026903292
Armenia,ARM,1983,0.027324462
Armenia,ARM,1984,0.027710415
Armenia,ARM,1985,0.028135331
Armenia,ARM,1986,0.028467985
Armenia,ARM,1987,0.028759915
Armenia,ARM,1988,0.02915284
Armenia,ARM,1989,0.029528473
Armenia,ARM,1990,0.0298123
Armenia,ARM,1991,0.029868284
Armenia,ARM,1992,0.029750701
Armenia,ARM,1993,0.02926439
Armenia,ARM,1994,0.028814921
Armenia,ARM,1995,0.028444704
Armenia,ARM,1996,0.027980488
Armenia,ARM,1997,0.027612807
Armenia,ARM,1998,0.027282182
Armenia,ARM,1999,0.026915828
Armenia,ARM,2000,0.02659294
Armenia,ARM,2001,0.026284836
Armenia,ARM,2002,0.025936062
Armenia,ARM,2003,0.025605692
Armenia,ARM,2004,0.025290607
Armenia,ARM,2005,0.025027784
Armenia,ARM,2006,0.024759563
Armenia,ARM,2007,0.024542829
Armenia,ARM,2008,0.024363454
Armenia,ARM,2009,0.024110233
Armenia,ARM,2010,0.023828842
Armenia,ARM,2011,0.023592949
Armenia,ARM,2012,0.02341594
Armenia,ARM,2013,0.023227593
Armenia,ARM,2014,0.023049913
Armenia,ARM,2015,0.022872586
Armenia,ARM,2016,0.022686595
Armenia,ARM,2017,0.022521414
Armenia,ARM,2018,0.022370663
Armenia,ARM,2019,0.022249645
Armenia,ARM,2020,0.022189138
Armenia,ARM,2021,0.022141313
Armenia,ARM,2022,0.022106877
Armenia,ARM,2023,0.022052132
Armenia,ARM,2024,0.021993667
Aruba,ABW,1926,0
Aruba,ABW,1927,0
Aruba,ABW,1928,0
Aruba,ABW,1929,0
Aruba,ABW,1930,0
Aruba,ABW,1931,0
Aruba,ABW,1932,0
Aruba,ABW,1933,0
Aruba,ABW,1934,0
Aruba,ABW,1935,0
Aruba,ABW,1936,0
Aruba,ABW,1937,0
Aruba,ABW,1938,0
Aruba,ABW,1939,0
Aruba,ABW,1940,0
Aruba,ABW,1941,0
Aruba,ABW,1942,0
Aruba,ABW,1943,0
Aruba,ABW,1944,0
Aruba,ABW,1945,0
Aruba,ABW,1946,0
Aruba,ABW,1947,0
Aruba,ABW,1948,0
Aruba,ABW,1949,0
Aruba,ABW,1950,0.00017662634
Aruba,ABW,1951,0.0004429988
Aruba,ABW,1952,0.00058368937
Aruba,ABW,1953,0.0007399568
Aruba,ABW,1954,0.001058688
Aruba,ABW,1955,0.001300919
Aruba,ABW,1956,0.0016046886
Aruba,ABW,1957,0.0017845118
Aruba,ABW,1958,0.0019253476
Aruba,ABW,1959,0.0021089136
Aruba,ABW,1960,0.002245296
Aruba,ABW,1961,0.002381905
Aruba,ABW,1962,0.0025274584
Aruba,ABW,1963,0.0026516644
Aruba,ABW,1964,0.0027587193
Aruba,ABW,1965,0.0028366053
Aruba,ABW,1966,0.002895087
Aruba,ABW,1967,0.0029805102
Aruba,ABW,1968,0.0030434544
Aruba,ABW,1969,0.0031436598
Aruba,ABW,1970,0.0032518255
Aruba,ABW,1971,0.0033207764
Aruba,ABW,1972,0.0033743451
Aruba,ABW,1973,0.0034361486
Aruba,ABW,1974,0.003477661
Aruba,ABW,1975,0.0034737096
Aruba,ABW,1976,0.0035874583
Aruba,ABW,1977,0.0035834503
Aruba,ABW,1978,0.0035587098
Aruba,ABW,1979,0.0035372097
Aruba,ABW,1980,0.0035204268
Aruba,ABW,1981,0.003503206
Aruba,ABW,1982,0.0034981023
Aruba,ABW,1983,0.0034463983
Aruba,ABW,1984,0.0034654927
Aruba,ABW,1985,0.0034996155
Aruba,ABW,1986,0.0034251206
Aruba,ABW,1987,0.0033878484
Aruba,ABW,1988,0.0033707013
Aruba,ABW,1989,0.003357981
Aruba,ABW,1990,0.0033237804
Aruba,ABW,1991,0.0032948724
Aruba,ABW,1992,0.003271021
Aruba,ABW,1993,0.0032600993
Aruba,ABW,1994,0.0032501416
Aruba,ABW,1995,0.0032443386
Aruba,ABW,1996,0.003237532
Aruba,ABW,1997,0.0032343518
Aruba,ABW,1998,0.003236389
Aruba,ABW,1999,0.0032369674
Aruba,ABW,2000,0.003385452
Aruba,ABW,2001,0.0035290013
Aruba,ABW,2002,0.0036665834
Aruba,ABW,2003,0.0038041237
Aruba,ABW,2004,0.0039365627
Aruba,ABW,2005,0.0040675574
Aruba,ABW,2006,0.0041884184
Aruba,ABW,2007,0.0043090354
Aruba,ABW,2008,0.0044088857
Aruba,ABW,2009,0.004503455
Aruba,ABW,2010,0.0045783916
Aruba,ABW,2011,0.004644973
Aruba,ABW,2012,0.0046252115
Aruba,ABW,2013,0.0045719543
Aruba,ABW,2014,0.0045213937
Aruba,ABW,2015,0.00447507
Aruba,ABW,2016,0.004429945
Aruba,ABW,2017,0.0043856855
Aruba,ABW,2018,0.004340005
Aruba,ABW,2019,0.004293229
Aruba,ABW,2020,0.0042526713
Aruba,ABW,2021,0.004211932
Aruba,ABW,2022,0.0041728746
Aruba,ABW,2023,0.0041340445
Aruba,ABW,2024,0.0040975385
Asia,,1750,0
Asia,,1751,0
Asia,,1752,0
Asia,,1753,0
Asia,,1754,0
Asia,,1755,0
Asia,,1756,0
Asia,,1757,0
Asia,,1758,0
Asia,,1759,0
Asia,,1760,0
Asia,,1761,0
Asia,,1762,0
Asia,,1763,0
Asia,,1764,0
Asia,,1765,0
Asia,,1766,0
Asia,,1767,0
Asia,,1768,0
Asia,,1769,0
Asia,,1770,0
Asia,,1771,0
Asia,,1772,0
Asia,,1773,0
Asia,,1774,0
Asia,,1775,0
Asia,,1776,0
Asia,,1777,0
Asia,,1778,0
Asia,,1779,0
Asia,,1780,0
Asia,,1781,0
Asia,,1782,0
Asia,,1783,0
Asia,,1784,0
Asia,,1785,0
Asia,,1786,0
Asia,,1787,0
Asia,,1788,0
Asia,,1789,0
Asia,,1790,0
Asia,,1791,0
Asia,,1792,0
Asia,,1793,0
Asia,,1794,0
Asia,,1795,0
Asia,,1796,0
Asia,,1797,0
Asia,,1798,0
Asia,,1799,0
Asia,,1800,0
Asia,,1801,0
Asia,,1802,0
Asia,,1803,0
Asia,,1804,0
Asia,,1805,0
Asia,,1806,0
Asia,,1807,0
Asia,,1808,0
Asia,,1809,0
Asia,,1810,0
Asia,,1811,0
Asia,,1812,0
Asia,,1813,0
Asia,,1814,0
Asia,,1815,0
Asia,,1816,0
Asia,,1817,0
Asia,,1818,0
Asia,,1819,0
Asia,,1820,0
Asia,,1821,0
Asia,,1822,0
Asia,,1823,0
Asia,,1824,0
Asia,,1825,0
Asia,,1826,0
Asia,,1827,0
Asia,,1828,0
Asia,,1829,0
Asia,,1830,0.000106402294
Asia,,1831,0.00022559057
Asia,,1832,0.00029698006
Asia,,1833,0.00038267495
Asia,,1834,0.00036940668
Asia,,1835,0.00035586738
Asia,,1836,0.0003421063
Asia,,1837,0.00032944966
Asia,,1838,0.00031773388
Asia,,1839,0.00030644418
Asia,,1840,0.00029508385
Asia,,1841,0.0002842486
Asia,,1842,0.0002736079
Asia,,1843,0.00026351606
Asia,,1844,0.00025348846
Asia,,1845,0.00024337236
Asia,,1846,0.00023388055
Asia,,1847,0.00022440188
Asia,,1848,0.0002155217
Asia,,1849,0.00020680054
Asia,,1850,0.0005055502
Asia,,1851,0.0004853248
Asia,,1852,0.00046586062
Asia,,1853,0.00044709677
Asia,,1854,0.00042690965
Asia,,1855,0.0011603616
Asia,,1856,0.0011081772
Asia,,1857,0.0010600032
Asia,,1858,0.0077803154
Asia,,1859,0.017404795
Asia,,1860,0.026509978
Asia,,1861,0.033175915
Asia,,1862,0.03975414
Asia,,1863,0.04641088
Asia,,1864,0.052090168
Asia,,1865,0.058562897
Asia,,1866,0.068200044
Asia,,1867,0.07119906
Asia,,1868,0.07282163
Asia,,1869,0.07605446
Asia,,1870,0.07832453
Asia,,1871,0.081977665
Asia,,1872,0.085468605
Asia,,1873,0.08806914
Asia,,1874,0.09560792
Asia,,1875,0.10928208
Asia,,1876,0.1223683
Asia,,1877,0.13473913
Asia,,1878,0.16106503
Asia,,1879,0.18596551
Asia,,1880,0.2104984
Asia,,1881,0.23333418
Asia,,1882,0.25614342
Asia,,1883,0.2795696
Asia,,1884,0.30335367
Asia,,1885,0.32646394
Asia,,1886,0.3497809
Asia,,1887,0.37601888
Asia,,1888,0.40277788
Asia,,1889,0.43458962
Asia,,1890,0.4665637
Asia,,1891,0.5016895
Asia,,1892,0.5369703
Asia,,1893,0.57602006
Asia,,1894,0.6178436
Asia,,1895,0.6646683
Asia,,1896,0.7114207
Asia,,1897,0.7593274
Asia,,1898,0.81627995
Asia,,1899,0.8705357
Asia,,1900,0.9301505
Asia,,1901,0.99697626
Asia,,1902,1.0613427
Asia,,1903,1.1215714
Asia,,1904,1.1888885
Asia,,1905,1.2493148
Asia,,1906,1.3146869
Asia,,1907,1.4103335
Asia,,1908,1.5136704
Asia,,1909,1.6104205
Asia,,1910,1.6979429
Asia,,1911,1.7865566
Asia,,1912,1.8668084
Asia,,1913,1.9558882
Asia,,1914,2.052064
Asia,,1915,2.1352007
Asia,,1916,2.2210152
Asia,,1917,2.3096688
Asia,,1918,2.3981261
Asia,,1919,2.5085986
Asia,,1920,2.5919764
Asia,,1921,2.6772306
Asia,,1922,2.7625134
Asia,,1923,2.8476913
Asia,,1924,2.939145
Asia,,1925,3.0261655
Asia,,1926,3.1122408
Asia,,1927,3.1990259
Asia,,1928,3.2897084
Asia,,1929,3.3751678
Asia,,1930,3.463218
Asia,,1931,3.5503323
Asia,,1932,3.64186
Asia,,1933,3.7413843
Asia,,1934,3.8528924
Asia,,1935,3.972193
Asia,,1936,4.0930195
Asia,,1937,4.213247
Asia,,1938,4.339292
Asia,,1939,4.466879
Asia,,1940,4.6068797
Asia,,1941,4.74016
Asia,,1942,4.8506975
Asia,,1943,4.949552
Asia,,1944,5.041441
Asia,,1945,5.0958
Asia,,1946,5.1341705
Asia,,1947,5.187596
Asia,,1948,5.2334304
Asia,,1949,5.2821484
Asia,,1950,5.319648
Asia,,1951,5.3678946
Asia,,1952,5.4320307
Asia,,1953,5.5030813
Asia,,1954,5.5875287
Asia,,1955,5.684824
Asia,,1956,5.7938848
Asia,,1957,5.924827
Asia,,1958,6.1450152
Asia,,1959,6.4223223
Asia,,1960,6.7255898
Asia,,1961,6.9646482
Asia,,1962,7.16711
Asia,,1963,7.3703804
Asia,,1964,7.573727
Asia,,1965,7.793904
Asia,,1966,8.028362
Asia,,1967,8.247569
Asia,,1968,8.487099
Asia,,1969,8.759938
Asia,,1970,9.086927
Asia,,1971,9.436864
Asia,,1972,9.78607
Asia,,1973,10.140054
Asia,,1974,10.483257
Asia,,1975,10.836498
Asia,,1976,11.191305
Asia,,1977,11.5572405
Asia,,1978,11.9175825
Asia,,1979,12.274112
Asia,,1980,12.608711
Asia,,1981,12.929204
Asia,,1982,13.256406
Asia,,1983,13.58894
Asia,,1984,13.931899
Asia,,1985,14.283146
Asia,,1986,14.640114
Asia,,1987,14.995702
Asia,,1988,15.375564
Asia,,1989,15.755949
Asia,,1990,16.127754
Asia,,1991,16.565063
Asia,,1992,16.972677
Asia,,1993,17.392092
Asia,,1994,17.824947
Asia,,1995,18.265732
Asia,,1996,18.70645
Asia,,1997,19.135094
Asia,,1998,19.519527
Asia,,1999,19.923248
Asia,,2000,20.329659
Asia,,2001,20.730663
Asia,,2002,21.148882
Asia,,2003,21.610067
Asia,,2004,22.087357
Asia,,2005,22.595333
Asia,,2006,23.12904
Asia,,2007,23.677746
Asia,,2008,24.245705
Asia,,2009,24.836864
Asia,,2010,25.452417
Asia,,2011,26.105688
Asia,,2012,26.765482
Asia,,2013,27.40438
Asia,,2014,28.027895
Asia,,2015,28.630625
Asia,,2016,29.214577
Asia,,2017,29.797688
Asia,,2018,30.377127
Asia,,2019,30.958094
Asia,,2020,31.535679
Asia,,2021,32.105988
Asia,,2022,32.68086
Asia,,2023,33.26343
Asia,,2024,33.83415
Asia (excl. China and India),,1750,0
Asia (excl. China and India),,1751,0
Asia (excl. China and India),,1752,0
Asia (excl. China and India),,1753,0
Asia (excl. China and India),,1754,0
Asia (excl. China and India),,1755,0
Asia (excl. China and India),,1756,0
Asia (excl. China and India),,1757,0
Asia (excl. China and India),,1758,0
Asia (excl. China and India),,1759,0
Asia (excl. China and India),,1760,0
Asia (excl. China and India),,1761,0
Asia (excl. China and India),,1762,0
Asia (excl. China and India),,1763,0
Asia (excl. China and India),,1764,0
Asia (excl. China and India),,1765,0
Asia (excl. China and India),,1766,0
Asia (excl. China and India),,1767,0
Asia (excl. China and India),,1768,0
Asia (excl. China and India),,1769,0
Asia (excl. China and India),,1770,0
Asia (excl. China and India),,1771,0
Asia (excl. China and India),,1772,0
Asia (excl. China and India),,1773,0
Asia (excl. China and India),,1774,0
Asia (excl. China and India),,1775,0
Asia (excl. China and India),,1776,0
Asia (excl. China and India),,1777,0
Asia (excl. China and India),,1778,0
Asia (excl. China and India),,1779,0
Asia (excl. China and India),,1780,0
Asia (excl. China and India),,1781,0
Asia (excl. China and India),,1782,0
Asia (excl. China and India),,1783,0
Asia (excl. China and India),,1784,0
Asia (excl. China and India),,1785,0
Asia (excl. China and India),,1786,0
Asia (excl. China and India),,1787,0
Asia (excl. China and India),,1788,0
Asia (excl. China and India),,1789,0
Asia (excl. China and India),,1790,0
Asia (excl. China and India),,1791,0
Asia (excl. China and India),,1792,0
Asia (excl. China and India),,1793,0
Asia (excl. China and India),,1794,0
Asia (excl. China and India),,1795,0
Asia (excl. China and India),,1796,0
Asia (excl. China and India),,1797,0
Asia (excl. China and India),,1798,0
Asia (excl. China and India),,1799,0
Asia (excl. China and India),,1800,0
Asia (excl. China and India),,1801,0
Asia (excl. China and India),,1802,0
Asia (excl. China and India),,1803,0
Asia (excl. China and India),,1804,0
Asia (excl. China and India),,1805,0
Asia (excl. China and India),,1806,0
Asia (excl. China and India),,1807,0
Asia (excl. China and India),,1808,0
Asia (excl. China and India),,1809,0
Asia (excl. China and India),,1810,0
Asia (excl. China and India),,1811,0
Asia (excl. China and India),,1812,0
Asia (excl. China and India),,1813,0
Asia (excl. China and India),,1814,0
Asia (excl. China and India),,1815,0
Asia (excl. China and India),,1816,0
Asia (excl. China and India),,1817,0
Asia (excl. China and India),,1818,0
Asia (excl. China and India),,1819,0
Asia (excl. China and India),,1820,0
Asia (excl. China and India),,1821,0
Asia (excl. China and India),,1822,0
Asia (excl. China and India),,1823,0
Asia (excl. China and India),,1824,0
Asia (excl. China and India),,1825,0
Asia (excl. China and India),,1826,0
Asia (excl. China and India),,1827,0
Asia (excl. China and India),,1828,0
Asia (excl. China and India),,1829,0
Asia (excl. China and India),,1830,0.000106402294
Asia (excl. China and India),,1831,0.00022559057
Asia (excl. China and India),,1832,0.00029698006
Asia (excl. China and India),,1833,0.00038267495
Asia (excl. China and India),,1834,0.00036940668
Asia (excl. China and India),,1835,0.00035586738
Asia (excl. China and India),,1836,0.0003421063
Asia (excl. China and India),,1837,0.00032944966
Asia (excl. China and India),,1838,0.00031773388
Asia (excl. China and India),,1839,0.00030644418
Asia (excl. China and India),,1840,0.00029508385
Asia (excl. China and India),,1841,0.0002842486
Asia (excl. China and India),,1842,0.0002736079
Asia (excl. China and India),,1843,0.00026351606
Asia (excl. China and India),,1844,0.00025348846
Asia (excl. China and India),,1845,0.00024337236
Asia (excl. China and India),,1846,0.00023388055
Asia (excl. China and India),,1847,0.00022440188
Asia (excl. China and India),,1848,0.0002155217
Asia (excl. China and India),,1849,0.00020680054
Asia (excl. China and India),,1850,0.0005055502
Asia (excl. China and India),,1851,0.0004853248
Asia (excl. China and India),,1852,0.00046586062
Asia (excl. China and India),,1853,0.00044709677
Asia (excl. China and India),,1854,0.00042690965
Asia (excl. China and India),,1855,0.0011603616
Asia (excl. China and India),,1856,0.0011081772
Asia (excl. China and India),,1857,0.0010600032
Asia (excl. China and India),,1858,0.0019393857
Asia (excl. China and India),,1859,0.002794393
Asia (excl. China and India),,1860,0.0038526747
Asia (excl. China and India),,1861,0.0051149055
Asia (excl. China and India),,1862,0.00612849
Asia (excl. China and India),,1863,0.0070928605
Asia (excl. China and India),,1864,0.008091358
Asia (excl. China and India),,1865,0.010533791
Asia (excl. China and India),,1866,0.015828596
Asia (excl. China and India),,1867,0.021284867
Asia (excl. China and India),,1868,0.025205161
Asia (excl. China and India),,1869,0.030655645
Asia (excl. China and India),,1870,0.03498785
Asia (excl. China and India),,1871,0.04063669
Asia (excl. China and India),,1872,0.046133563
Asia (excl. China and India),,1873,0.05066277
Asia (excl. China and India),,1874,0.059845705
Asia (excl. China and India),,1875,0.075145334
Asia (excl. China and India),,1876,0.08973553
Asia (excl. China and India),,1877,0.1035091
Asia (excl. China and India),,1878,0.120792136
Asia (excl. China and India),,1879,0.13796978
Asia (excl. China and India),,1880,0.15461846
Asia (excl. China and India),,1881,0.17060025
Asia (excl. China and India),,1882,0.18557937
Asia (excl. China and India),,1883,0.20093909
Asia (excl. China and India),,1884,0.21613409
Asia (excl. China and India),,1885,0.23257168
Asia (excl. China and India),,1886,0.2485601
Asia (excl. China and India),,1887,0.26713127
Asia (excl. China and India),,1888,0.28607148
Asia (excl. China and India),,1889,0.3085563
Asia (excl. China and India),,1890,0.3310562
Asia (excl. China and India),,1891,0.3566992
Asia (excl. China and India),,1892,0.38188043
Asia (excl. China and India),,1893,0.41069415
Asia (excl. China and India),,1894,0.4431171
Asia (excl. China and India),,1895,0.47779927
Asia (excl. China and India),,1896,0.51211524
Asia (excl. China and India),,1897,0.5473164
Asia (excl. China and India),,1898,0.59092987
Asia (excl. China and India),,1899,0.6316193
Asia (excl. China and India),,1900,0.6751833
Asia (excl. China and India),,1901,0.72500354
Asia (excl. China and India),,1902,0.7713516
Asia (excl. China and India),,1903,0.81558186
Asia (excl. China and India),,1904,0.8651306
Asia (excl. China and India),,1905,0.9094919
Asia (excl. China and India),,1906,0.9563335
Asia (excl. China and India),,1907,1.0012869
Asia (excl. China and India),,1908,1.0484079
Asia (excl. China and India),,1909,1.09339
Asia (excl. China and India),,1910,1.1344303
Asia (excl. China and India),,1911,1.1795633
Asia (excl. China and India),,1912,1.2262032
Asia (excl. China and India),,1913,1.274006
Asia (excl. China and India),,1914,1.3263246
Asia (excl. China and India),,1915,1.3682325
Asia (excl. China and India),,1916,1.4123161
Asia (excl. China and India),,1917,1.4600636
Asia (excl. China and India),,1918,1.5028735
Asia (excl. China and India),,1919,1.5596706
Asia (excl. China and India),,1920,1.6030298
Asia (excl. China and India),,1921,1.6457139
Asia (excl. China and India),,1922,1.6917459
Asia (excl. China and India),,1923,1.7375087
Asia (excl. China and India),,1924,1.7879182
Asia (excl. China and India),,1925,1.8394849
Asia (excl. China and India),,1926,1.8935627
Asia (excl. China and India),,1927,1.9502587
Asia (excl. China and India),,1928,2.0125306
Asia (excl. China and India),,1929,2.072317
Asia (excl. China and India),,1930,2.1317527
Asia (excl. China and India),,1931,2.1887128
Asia (excl. China and India),,1932,2.251212
Asia (excl. China and India),,1933,2.322428
Asia (excl. China and India),,1934,2.401584
Asia (excl. China and India),,1935,2.4841132
Asia (excl. China and India),,1936,2.5720794
Asia (excl. China and India),,1937,2.6638532
Asia (excl. China and India),,1938,2.7629805
Asia (excl. China and India),,1939,2.860321
Asia (excl. China and India),,1940,2.9646227
Asia (excl. China and India),,1941,3.0519629
Asia (excl. China and India),,1942,3.1117024
Asia (excl. China and India),,1943,3.1761944
Asia (excl. China and India),,1944,3.2386906
Asia (excl. China and India),,1945,3.2777534
Asia (excl. China and India),,1946,3.3139608
Asia (excl. China and India),,1947,3.3669229
Asia (excl. China and India),,1948,3.4161928
Asia (excl. China and India),,1949,3.4544234
Asia (excl. China and India),,1950,3.4783878
Asia (excl. China and India),,1951,3.5063138
Asia (excl. China and India),,1952,3.5398653
Asia (excl. China and India),,1953,3.5804677
Asia (excl. China and India),,1954,3.625157
Asia (excl. China and India),,1955,3.6760957
Asia (excl. China and India),,1956,3.7346246
Asia (excl. China and India),,1957,3.802091
Asia (excl. China and India),,1958,3.8700347
Asia (excl. China and India),,1959,3.9399414
Asia (excl. China and India),,1960,4.0236497
Asia (excl. China and India),,1961,4.1253147
Asia (excl. China and India),,1962,4.2314725
Asia (excl. China and India),,1963,4.3465824
Asia (excl. China and India),,1964,4.471679
Asia (excl. China and India),,1965,4.6076436
Asia (excl. China and India),,1966,4.7531185
Asia (excl. China and India),,1967,4.915306
Asia (excl. China and India),,1968,5.094491
Asia (excl. China and India),,1969,5.289854
Asia (excl. China and India),,1970,5.5057883
Asia (excl. China and India),,1971,5.7319613
Asia (excl. China and India),,1972,5.956413
Asia (excl. China and India),,1973,6.191652
Asia (excl. China and India),,1974,6.418305
Asia (excl. China and India),,1975,6.6285934
Asia (excl. China and India),,1976,6.8466964
Asia (excl. China and India),,1977,7.0653605
Asia (excl. China and India),,1978,7.265839
Asia (excl. China and India),,1979,7.4690313
Asia (excl. China and India),,1980,7.662014
Asia (excl. China and India),,1981,7.844555
Asia (excl. China and India),,1982,8.018788
Asia (excl. China and India),,1983,8.1911125
Asia (excl. China and India),,1984,8.363779
Asia (excl. China and India),,1985,8.532813
Asia (excl. China and India),,1986,8.70143
Asia (excl. China and India),,1987,8.859982
Asia (excl. China and India),,1988,9.033683
Asia (excl. China and India),,1989,9.210729
Asia (excl. China and India),,1990,9.387558
Asia (excl. China and India),,1991,9.623681
Asia (excl. China and India),,1992,9.817474
Asia (excl. China and India),,1993,10.012606
Asia (excl. China and India),,1994,10.210357
Asia (excl. China and India),,1995,10.399422
Asia (excl. China and India),,1996,10.584762
Asia (excl. China and India),,1997,10.767162
Asia (excl. China and India),,1998,10.9306755
Asia (excl. China and India),,1999,11.101228
Asia (excl. China and India),,2000,11.279932
Asia (excl. China and India),,2001,11.456834
Asia (excl. China and India),,2002,11.629433
Asia (excl. China and India),,2003,11.799818
Asia (excl. China and India),,2004,11.9703245
Asia (excl. China and India),,2005,12.133215
Asia (excl. China and India),,2006,12.28968
Asia (excl. China and India),,2007,12.440561
Asia (excl. China and India),,2008,12.587213
Asia (excl. China and India),,2009,12.733618
Asia (excl. China and India),,2010,12.883035
Asia (excl. China and India),,2011,13.031292
Asia (excl. China and India),,2012,13.18638
Asia (excl. China and India),,2013,13.331262
Asia (excl. China and India),,2014,13.473564
Asia (excl. China and India),,2015,13.619209
Asia (excl. China and India),,2016,13.766108
Asia (excl. China and India),,2017,13.917002
Asia (excl. China and India),,2018,14.059214
Asia (excl. China and India),,2019,14.202809
Asia (excl. China and India),,2020,14.342926
Asia (excl. China and India),,2021,14.473914
Asia (excl. China and India),,2022,14.601602
Asia (excl. China and India),,2023,14.723112
Asia (excl. China and India),,2024,14.843552
Australia,AUS,1750,0
Australia,AUS,1751,0
Australia,AUS,1752,0
Australia,AUS,1753,0
Australia,AUS,1754,0
Australia,AUS,1755,0
Australia,AUS,1756,0
Australia,AUS,1757,0
Australia,AUS,1758,0
Australia,AUS,1759,0
Australia,AUS,1760,0
Australia,AUS,1761,0
Australia,AUS,1762,0
Australia,AUS,1763,0
Australia,AUS,1764,0
Australia,AUS,1765,0
Australia,AUS,1766,0
Australia,AUS,1767,0
Australia,AUS,1768,0
Australia,AUS,1769,0
Australia,AUS,1770,0
Australia,AUS,1771,0
Australia,AUS,1772,0
Australia,AUS,1773,0
Australia,AUS,1774,0
Australia,AUS,1775,0
Australia,AUS,1776,0
Australia,AUS,1777,0
Australia,AUS,1778,0
Australia,AUS,1779,0
Australia,AUS,1780,0
Australia,AUS,1781,0
Australia,AUS,1782,0
Australia,AUS,1783,0
Australia,AUS,1784,0
Australia,AUS,1785,0
Australia,AUS,1786,0
Australia,AUS,1787,0
Australia,AUS,1788,0
Australia,AUS,1789,0
Australia,AUS,1790,0
Australia,AUS,1791,0
Australia,AUS,1792,0
Australia,AUS,1793,0
Australia,AUS,1794,0
Australia,AUS,1795,0
Australia,AUS,1796,0
Australia,AUS,1797,0
Australia,AUS,1798,0
Australia,AUS,1799,0
Australia,AUS,1800,0
Australia,AUS,1801,0
Australia,AUS,1802,0
Australia,AUS,1803,0
Australia,AUS,1804,0
Australia,AUS,1805,0.000024666157
Australia,AUS,1806,0.00009065357
Australia,AUS,1807,0.00014877909
Australia,AUS,1808,0.00021796499
Australia,AUS,1809,0.000325463
Australia,AUS,1810,0.00042488793
Australia,AUS,1811,0.00059752853
Australia,AUS,1812,0.0007583764
Australia,AUS,1813,0.00095846347
Australia,AUS,1814,0.0011925347
Australia,AUS,1815,0.0013585704
Australia,AUS,1816,0.0014781591
Australia,AUS,1817,0.0015696046
Australia,AUS,1818,0.0016421209
Australia,AUS,1819,0.0018174432
Australia,AUS,1820,0.002146286
Australia,AUS,1821,0.0022696767
Australia,AUS,1822,0.0024290644
Australia,AUS,1823,0.0026199757
Australia,AUS,1824,0.0027971163
Australia,AUS,1825,0.0028596316
Australia,AUS,1826,0.0030976029
Australia,AUS,1827,0.0032908174
Australia,AUS,1828,0.0033678042
Australia,AUS,1829,0.0035457993
Australia,AUS,1830,0.0036624435
Australia,AUS,1831,0.0035918425
Australia,AUS,1832,0.0039390055
Australia,AUS,1833,0.0042400155
Australia,AUS,1834,0.0046147904
Australia,AUS,1835,0.0051793624
Australia,AUS,1836,0.0056988536
Australia,AUS,1837,0.006369557
Australia,AUS,1838,0.0070533426
Australia,AUS,1839,0.007887836
Australia,AUS,1840,0.009080825
Australia,AUS,1841,0.010395077
Australia,AUS,1842,0.011822252
Australia,AUS,1843,0.012520065
Australia,AUS,1844,0.013018617
Australia,AUS,1845,0.013403005
Australia,AUS,1846,0.014396477
Australia,AUS,1847,0.015333741
Australia,AUS,1848,0.016356563
Australia,AUS,1849,0.017363966
Australia,AUS,1850,0.01899654
Australia,AUS,1851,0.020377563
Australia,AUS,1852,0.021609198
Australia,AUS,1853,0.023563005
Australia,AUS,1854,0.025748208
Australia,AUS,1855,0.028264228
Australia,AUS,1856,0.03182398
Australia,AUS,1857,0.03555945
Australia,AUS,1858,0.039097395
Australia,AUS,1859,0.044293456
Australia,AUS,1860,0.050418865
Australia,AUS,1861,0.055388205
Australia,AUS,1862,0.0626834
Australia,AUS,1863,0.06837828
Australia,AUS,1864,0.07539329
Australia,AUS,1865,0.08232268
Australia,AUS,1866,0.09164384
Australia,AUS,1867,0.09944291
Australia,AUS,1868,0.1091293
Australia,AUS,1869,0.117046796
Australia,AUS,1870,0.12361191
Australia,AUS,1871,0.12956533
Australia,AUS,1872,0.13586435
Australia,AUS,1873,0.14332093
Australia,AUS,1874,0.15188307
Australia,AUS,1875,0.15927996
Australia,AUS,1876,0.16603108
Australia,AUS,1877,0.17337723
Australia,AUS,1878,0.18116787
Australia,AUS,1879,0.18789904
Australia,AUS,1880,0.19220181
Australia,AUS,1881,0.19831596
Australia,AUS,1882,0.20605615
Australia,AUS,1883,0.21576612
Australia,AUS,1884,0.2262062
Australia,AUS,1885,0.23711437
Australia,AUS,1886,0.24679263
Australia,AUS,1887,0.25593346
Australia,AUS,1888,0.2653641
Australia,AUS,1889,0.2762635
Australia,AUS,1890,0.28252295
Australia,AUS,1891,0.29232702
Australia,AUS,1892,0.29986963
Australia,AUS,1893,0.30490068
Australia,AUS,1894,0.3112477
Australia,AUS,1895,0.3170011
Australia,AUS,1896,0.3229773
Australia,AUS,1897,0.32974908
Australia,AUS,1898,0.33673877
Australia,AUS,1899,0.3423443
Australia,AUS,1900,0.34998816
Australia,AUS,1901,0.35921687
Australia,AUS,1902,0.36721206
Australia,AUS,1903,0.3728628
Australia,AUS,1904,0.37845123
Australia,AUS,1905,0.3834617
Australia,AUS,1906,0.3912635
Australia,AUS,1907,0.39794722
Australia,AUS,1908,0.40677264
Australia,AUS,1909,0.4108626
Australia,AUS,1910,0.41821238
Australia,AUS,1911,0.4271562
Australia,AUS,1912,0.43668225
Australia,AUS,1913,0.445911
Australia,AUS,1914,0.45868477
Australia,AUS,1915,0.46772343
Australia,AUS,1916,0.47211093
Australia,AUS,1917,0.47696635
Australia,AUS,1918,0.48380724
Australia,AUS,1919,0.49126968
Australia,AUS,1920,0.4998366
Australia,AUS,1921,0.5075295
Australia,AUS,1922,0.51511854
Australia,AUS,1923,0.5209286
Australia,AUS,1924,0.5284469
Australia,AUS,1925,0.536585
Australia,AUS,1926,0.5444755
Australia,AUS,1927,0.5517828
Australia,AUS,1928,0.5570253
Australia,AUS,1929,0.55922645
Australia,AUS,1930,0.5618936
Australia,AUS,1931,0.5637349
Australia,AUS,1932,0.56715196
Australia,AUS,1933,0.5709273
Australia,AUS,1934,0.5743712
Australia,AUS,1935,0.57873476
Australia,AUS,1936,0.58312947
Australia,AUS,1937,0.587629
Australia,AUS,1938,0.5927797
Australia,AUS,1939,0.59930044
Australia,AUS,1940,0.60265505
Australia,AUS,1941,0.6076046
Australia,AUS,1942,0.61375785
Australia,AUS,1943,0.6188801
Australia,AUS,1944,0.62339073
Australia,AUS,1945,0.62943375
Australia,AUS,1946,0.6359685
Australia,AUS,1947,0.64150834
Australia,AUS,1948,0.6469733
Australia,AUS,1949,0.65334415
Australia,AUS,1950,0.66062766
Australia,AUS,1951,0.6685566
Australia,AUS,1952,0.6763877
Australia,AUS,1953,0.6835544
Australia,AUS,1954,0.6918854
Australia,AUS,1955,0.6995811
Australia,AUS,1956,0.7069
Australia,AUS,1957,0.7131497
Australia,AUS,1958,0.7193187
Australia,AUS,1959,0.7257973
Australia,AUS,1960,0.73205876
Australia,AUS,1961,0.73774934
Australia,AUS,1962,0.74354935
Australia,AUS,1963,0.7493677
Australia,AUS,1964,0.755801
Australia,AUS,1965,0.7636132
Australia,AUS,1966,0.7703776
Australia,AUS,1967,0.77766985
Australia,AUS,1968,0.784826
Australia,AUS,1969,0.7917423
Australia,AUS,1970,0.79876727
Australia,AUS,1971,0.80495095
Australia,AUS,1972,0.8099795
Australia,AUS,1973,0.8166864
Australia,AUS,1974,0.8222544
Australia,AUS,1975,0.82882637
Australia,AUS,1976,0.83295995
Australia,AUS,1977,0.8382842
Australia,AUS,1978,0.84388494
Australia,AUS,1979,0.8486335
Australia,AUS,1980,0.85521394
Australia,AUS,1981,0.86363715
Australia,AUS,1982,0.8724227
Australia,AUS,1983,0.87890774
Australia,AUS,1984,0.8857611
Australia,AUS,1985,0.89236224
Australia,AUS,1986,0.8981551
Australia,AUS,1987,0.9042386
Australia,AUS,1988,0.90981996
Australia,AUS,1989,0.9168138
Australia,AUS,1990,0.92544335
Australia,AUS,1991,0.93323374
Australia,AUS,1992,0.9419421
Australia,AUS,1993,0.95044965
Australia,AUS,1994,0.95882446
Australia,AUS,1995,0.96744424
Australia,AUS,1996,0.9756241
Australia,AUS,1997,0.9841113
Australia,AUS,1998,0.99365336
Australia,AUS,1999,1.0031724
Australia,AUS,2000,1.0121623
Australia,AUS,2001,1.0212765
Australia,AUS,2002,1.0298598
Australia,AUS,2003,1.0375048
Australia,AUS,2004,1.0448886
Australia,AUS,2005,1.0512958
Australia,AUS,2006,1.0570415
Australia,AUS,2007,1.0623366
Australia,AUS,2008,1.0673319
Australia,AUS,2009,1.0727284
Australia,AUS,2010,1.0762764
Australia,AUS,2011,1.0786573
Australia,AUS,2012,1.0806383
Australia,AUS,2013,1.0817889
Australia,AUS,2014,1.0823923
Australia,AUS,2015,1.0835379
Australia,AUS,2016,1.085223
Australia,AUS,2017,1.0866705
Australia,AUS,2018,1.0876303
Australia,AUS,2019,1.0883255
Australia,AUS,2020,1.0892625
Australia,AUS,2021,1.0885072
Australia,AUS,2022,1.0871297
Australia,AUS,2023,1.085483
Australia,AUS,2024,1.0837389
Austria,AUT,1807,0.016432388
Austria,AUT,1819,0.027323576
Austria,AUT,1820,0.047385916
Austria,AUT,1821,0.06771556
Austria,AUT,1822,0.087128945
Austria,AUT,1823,0.104161866
Austria,AUT,1824,0.122883365
Austria,AUT,1825,0.14041176
Austria,AUT,1826,0.15962707
Austria,AUT,1827,0.17818956
Austria,AUT,1828,0.19459568
Austria,AUT,1829,0.21087198
Austria,AUT,1830,0.2246835
Austria,AUT,1831,0.23738685
Austria,AUT,1832,0.25070676
Austria,AUT,1833,0.2596081
Austria,AUT,1834,0.2735064
Austria,AUT,1835,0.28733462
Austria,AUT,1836,0.30061194
Austria,AUT,1837,0.31412518
Austria,AUT,1838,0.33151406
Austria,AUT,1839,0.35404715
Austria,AUT,1840,0.3773923
Austria,AUT,1841,0.40318108
Austria,AUT,1842,0.43027863
Austria,AUT,1843,0.44973335
Austria,AUT,1844,0.4753414
Austria,AUT,1845,0.5026689
Austria,AUT,1846,0.5353486
Austria,AUT,1847,0.563035
Austria,AUT,1848,0.5939445
Austria,AUT,1849,0.61934584
Austria,AUT,1850,0.64256406
Austria,AUT,1851,0.66383123
Austria,AUT,1852,0.6915002
Austria,AUT,1853,0.7234301
Austria,AUT,1854,0.7470056
Austria,AUT,1855,0.7767324
Austria,AUT,1856,0.81020087
Austria,AUT,1857,0.8503201
Austria,AUT,1858,0.92162365
Austria,AUT,1859,0.9652369
Austria,AUT,1860,1.0050378
Austria,AUT,1861,1.0421224
Austria,AUT,1862,1.0747833
Austria,AUT,1863,1.0960015
Austria,AUT,1864,1.102601
Austria,AUT,1865,1.1085943
Austria,AUT,1866,1.0944244
Austria,AUT,1867,1.0910214
Austria,AUT,1868,1.0973164
Austria,AUT,1869,1.1037718
Austria,AUT,1870,1.116032
Austria,AUT,1871,1.1466079
Austria,AUT,1872,1.1679229
Austria,AUT,1873,1.1891136
Austria,AUT,1874,1.2008398
Austria,AUT,1875,1.1987107
Austria,AUT,1876,1.1975114
Austria,AUT,1877,1.1905093
Austria,AUT,1878,1.183438
Austria,AUT,1879,1.1827182
Austria,AUT,1880,1.2548711
Austria,AUT,1881,1.2506287
Austria,AUT,1882,1.245111
Austria,AUT,1883,1.2420313
Austria,AUT,1884,1.2372372
Austria,AUT,1885,1.2349385
Austria,AUT,1886,1.2292968
Austria,AUT,1887,1.2251177
Austria,AUT,1888,1.2148265
Austria,AUT,1889,1.2086718
Austria,AUT,1890,1.1992661
Austria,AUT,1891,1.1944549
Austria,AUT,1892,1.1881553
Austria,AUT,1893,1.1926454
Austria,AUT,1894,1.1963308
Austria,AUT,1895,1.2031293
Austria,AUT,1896,1.2102568
Austria,AUT,1897,1.218935
Austria,AUT,1898,1.2277696
Austria,AUT,1899,1.2322327
Austria,AUT,1900,1.2400118
Austria,AUT,1901,1.2468736
Austria,AUT,1902,1.2464644
Austria,AUT,1903,1.241553
Austria,AUT,1904,1.2392728
Austria,AUT,1905,1.2363605
Austria,AUT,1906,1.2408936
Austria,AUT,1907,1.2516779
Austria,AUT,1908,1.2906308
Austria,AUT,1909,1.2997198
Austria,AUT,1910,1.3269057
Austria,AUT,1911,1.3378503
Austria,AUT,1912,1.3484755
Austria,AUT,1913,1.3652316
Austria,AUT,1914,1.3724165
Austria,AUT,1915,1.3633417
Austria,AUT,1916,1.3219429
Austria,AUT,1917,1.2753925
Austria,AUT,1918,1.2327735
Austria,AUT,1919,1.198344
Austria,AUT,1920,1.1713617
Austria,AUT,1921,1.1553032
Austria,AUT,1922,1.1379213
Austria,AUT,1923,1.1165084
Austria,AUT,1924,1.0982938
Austria,AUT,1925,1.0800682
Austria,AUT,1926,1.0631754
Austria,AUT,1927,1.0456884
Austria,AUT,1928,1.0301896
Austria,AUT,1929,1.0156085
Austria,AUT,1930,1.0004932
Austria,AUT,1931,0.988531
Austria,AUT,1932,0.97744876
Austria,AUT,1933,0.9651253
Austria,AUT,1934,0.9512238
Austria,AUT,1935,0.93700856
Austria,AUT,1936,0.9211524
Austria,AUT,1937,0.9055273
Austria,AUT,1938,0.8865876
Austria,AUT,1939,0.8676846
Austria,AUT,1940,0.84832805
Austria,AUT,1941,0.82981676
Austria,AUT,1942,0.8126443
Austria,AUT,1943,0.796512
Austria,AUT,1944,0.7807456
Austria,AUT,1945,0.76667154
Austria,AUT,1946,0.7559301
Austria,AUT,1947,0.74598384
Austria,AUT,1948,0.73866665
Austria,AUT,1949,0.7334151
Austria,AUT,1950,0.72369117
Austria,AUT,1951,0.71409684
Austria,AUT,1952,0.7042628
Austria,AUT,1953,0.69428533
Austria,AUT,1954,0.68553257
Austria,AUT,1955,0.6772798
Austria,AUT,1956,0.66798073
Austria,AUT,1957,0.65894467
Austria,AUT,1958,0.6495222
Austria,AUT,1959,0.63963306
Austria,AUT,1960,0.63015914
Austria,AUT,1961,0.62151605
Austria,AUT,1962,0.61337346
Austria,AUT,1963,0.60568404
Austria,AUT,1964,0.5980484
Austria,AUT,1965,0.5898646
Austria,AUT,1966,0.5816004
Austria,AUT,1967,0.5734724
Austria,AUT,1968,0.56549233
Austria,AUT,1969,0.55742204
Austria,AUT,1970,0.54981464
Austria,AUT,1971,0.5423021
Austria,AUT,1972,0.5353303
Austria,AUT,1973,0.5287171
Austria,AUT,1974,0.52209485
Austria,AUT,1975,0.5153176
Austria,AUT,1976,0.5088915
Austria,AUT,1977,0.50202334
Austria,AUT,1978,0.49523556
Austria,AUT,1979,0.48918825
Austria,AUT,1980,0.48206952
Austria,AUT,1981,0.47641328
Austria,AUT,1982,0.4708473
Austria,AUT,1983,0.4651879
Austria,AUT,1984,0.45984334
Austria,AUT,1985,0.45437148
Austria,AUT,1986,0.44893444
Austria,AUT,1987,0.4438893
Austria,AUT,1988,0.43807265
Austria,AUT,1989,0.43252224
Austria,AUT,1990,0.4280457
Austria,AUT,1991,0.4240061
Austria,AUT,1992,0.41987896
Austria,AUT,1993,0.41590315
Austria,AUT,1994,0.41206667
Austria,AUT,1995,0.40850496
Austria,AUT,1996,0.40516722
Austria,AUT,1997,0.4019245
Austria,AUT,1998,0.39883763
Austria,AUT,1999,0.395563
Austria,AUT,2000,0.3922425
Austria,AUT,2001,0.38938648
Austria,AUT,2002,0.38662645
Austria,AUT,2003,0.384004
Austria,AUT,2004,0.38121712
Austria,AUT,2005,0.37836534
Austria,AUT,2006,0.37515524
Austria,AUT,2007,0.37161544
Austria,AUT,2008,0.36804265
Austria,AUT,2009,0.36432323
Austria,AUT,2010,0.36064366
Austria,AUT,2011,0.35668764
Austria,AUT,2012,0.35261986
Austria,AUT,2013,0.34870574
Austria,AUT,2014,0.34469083
Austria,AUT,2015,0.34102243
Austria,AUT,2016,0.33757904
Austria,AUT,2017,0.33431664
Austria,AUT,2018,0.3308573
Austria,AUT,2019,0.3275647
Austria,AUT,2020,0.32444426
Austria,AUT,2021,0.32133967
Austria,AUT,2022,0.31800318
Austria,AUT,2023,0.3144555
Austria,AUT,2024,0.3109399
Azerbaijan,AZE,1830,0.000010977657
Azerbaijan,AZE,1831,0.000023287608
Azerbaijan,AZE,1832,0.00003065276
Azerbaijan,AZE,1833,0.000039493574
Azerbaijan,AZE,1850,0.000052181902
Azerbaijan,AZE,1855,0.00011977129
Azerbaijan,AZE,1858,0.00020018547
Azerbaijan,AZE,1859,0.0002884511
Azerbaijan,AZE,1860,0.00039769337
Azerbaijan,AZE,1861,0.00052799267
Azerbaijan,AZE,1862,0.00063262094
Azerbaijan,AZE,1863,0.0007321685
Azerbaijan,AZE,1864,0.0008352388
Azerbaijan,AZE,1865,0.0009209355
Azerbaijan,AZE,1866,0.0012544172
Azerbaijan,AZE,1867,0.0016066328
Azerbaijan,AZE,1868,0.0018589334
Azerbaijan,AZE,1869,0.0021943308
Azerbaijan,AZE,1870,0.0025317867
Azerbaijan,AZE,1871,0.0029781603
Azerbaijan,AZE,1872,0.0033835687
Azerbaijan,AZE,1873,0.0037084909
Azerbaijan,AZE,1874,0.0041150767
Azerbaijan,AZE,1875,0.0045538247
Azerbaijan,AZE,1876,0.0050959056
Azerbaijan,AZE,1877,0.0056022485
Azerbaijan,AZE,1878,0.0062782373
Azerbaijan,AZE,1879,0.006903635
Azerbaijan,AZE,1880,0.0075860373
Azerbaijan,AZE,1881,0.008246846
Azerbaijan,AZE,1882,0.008879909
Azerbaijan,AZE,1883,0.009564505
Azerbaijan,AZE,1884,0.0101991
Azerbaijan,AZE,1885,0.010866496
Azerbaijan,AZE,1886,0.011498586
Azerbaijan,AZE,1887,0.0121162245
Azerbaijan,AZE,1888,0.012673969
Azerbaijan,AZE,1889,0.013267771
Azerbaijan,AZE,1890,0.013907238
Azerbaijan,AZE,1891,0.0145815695
Azerbaijan,AZE,1892,0.015265682
Azerbaijan,AZE,1893,0.016118053
Azerbaijan,AZE,1894,0.01690616
Azerbaijan,AZE,1895,0.017798232
Azerbaijan,AZE,1896,0.018623002
Azerbaijan,AZE,1897,0.019579647
Azerbaijan,AZE,1898,0.020617412
Azerbaijan,AZE,1899,0.021776991
Azerbaijan,AZE,1900,0.023051117
Azerbaijan,AZE,1901,0.02424338
Azerbaijan,AZE,1902,0.025239538
Azerbaijan,AZE,1903,0.026017558
Azerbaijan,AZE,1904,0.026920797
Azerbaijan,AZE,1905,0.027469397
Azerbaijan,AZE,1906,0.028151765
Azerbaijan,AZE,1907,0.028825706
Azerbaijan,AZE,1908,0.029503068
Azerbaijan,AZE,1909,0.03017448
Azerbaijan,AZE,1910,0.03069181
Azerbaijan,AZE,1911,0.031210553
Azerbaijan,AZE,1912,0.03185305
Azerbaijan,AZE,1913,0.03249602
Azerbaijan,AZE,1914,0.03302316
Azerbaijan,AZE,1915,0.033390395
Azerbaijan,AZE,1916,0.03373665
Azerbaijan,AZE,1917,0.033877634
Azerbaijan,AZE,1918,0.033201292
Azerbaijan,AZE,1919,0.03264598
Azerbaijan,AZE,1920,0.03192818
Azerbaijan,AZE,1921,0.031416975
Azerbaijan,AZE,1922,0.030982161
Azerbaijan,AZE,1923,0.030504946
Azerbaijan,AZE,1924,0.030152926
Azerbaijan,AZE,1925,0.029808741
Azerbaijan,AZE,1926,0.02975553
Azerbaijan,AZE,1927,0.02982237
Azerbaijan,AZE,1928,0.029986525
Azerbaijan,AZE,1929,0.030156597
Azerbaijan,AZE,1930,0.030779399
Azerbaijan,AZE,1931,0.031748496
Azerbaijan,AZE,1932,0.032959186
Azerbaijan,AZE,1933,0.03430016
Azerbaijan,AZE,1934,0.03593787
Azerbaijan,AZE,1935,0.03776942
Azerbaijan,AZE,1936,0.03980592
Azerbaijan,AZE,1937,0.04173667
Azerbaijan,AZE,1938,0.04379675
Azerbaijan,AZE,1939,0.045732263
Azerbaijan,AZE,1940,0.04805181
Azerbaijan,AZE,1941,0.04979872
Azerbaijan,AZE,1942,0.050119344
Azerbaijan,AZE,1943,0.05046869
Azerbaijan,AZE,1944,0.051500656
Azerbaijan,AZE,1945,0.052829266
Azerbaijan,AZE,1946,0.05430665
Azerbaijan,AZE,1947,0.056099057
Azerbaijan,AZE,1948,0.057922423
Azerbaijan,AZE,1949,0.06014965
Azerbaijan,AZE,1950,0.062474653
Azerbaijan,AZE,1951,0.0648726
Azerbaijan,AZE,1952,0.067402594
Azerbaijan,AZE,1953,0.06999044
Azerbaijan,AZE,1954,0.07279504
Azerbaijan,AZE,1955,0.07587482
Azerbaijan,AZE,1956,0.07913305
Azerbaijan,AZE,1957,0.08263503
Azerbaijan,AZE,1958,0.08625495
Azerbaijan,AZE,1959,0.08984089
Azerbaijan,AZE,1960,0.093307175
Azerbaijan,AZE,1961,0.096754536
Azerbaijan,AZE,1962,0.100207634
Azerbaijan,AZE,1963,0.10375297
Azerbaijan,AZE,1964,0.107328616
Azerbaijan,AZE,1965,0.1109421
Azerbaijan,AZE,1966,0.114546455
Azerbaijan,AZE,1967,0.11813312
Azerbaijan,AZE,1968,0.12149509
Azerbaijan,AZE,1969,0.12467706
Azerbaijan,AZE,1970,0.12767187
Azerbaijan,AZE,1971,0.1307244
Azerbaijan,AZE,1972,0.1337418
Azerbaijan,AZE,1973,0.13662255
Azerbaijan,AZE,1974,0.13961257
Azerbaijan,AZE,1975,0.14278977
Azerbaijan,AZE,1976,0.14581177
Azerbaijan,AZE,1977,0.14875963
Azerbaijan,AZE,1978,0.15159896
Azerbaijan,AZE,1979,0.1541885
Azerbaijan,AZE,1980,0.15692672
Azerbaijan,AZE,1981,0.15949251
Azerbaijan,AZE,1982,0.16207975
Azerbaijan,AZE,1983,0.16457862
Azerbaijan,AZE,1984,0.16686453
Azerbaijan,AZE,1985,0.16938832
Azerbaijan,AZE,1986,0.17199595
Azerbaijan,AZE,1987,0.17392567
Azerbaijan,AZE,1988,0.17569353
Azerbaijan,AZE,1989,0.17729771
Azerbaijan,AZE,1990,0.17866574
Azerbaijan,AZE,1991,0.17970315
Azerbaijan,AZE,1992,0.18154463
Azerbaijan,AZE,1993,0.18235612
Azerbaijan,AZE,1994,0.18236159
Azerbaijan,AZE,1995,0.18132305
Azerbaijan,AZE,1996,0.17998111
Azerbaijan,AZE,1997,0.178535
Azerbaijan,AZE,1998,0.17736998
Azerbaijan,AZE,1999,0.17587627
Azerbaijan,AZE,2000,0.17443141
Azerbaijan,AZE,2001,0.17290004
Azerbaijan,AZE,2002,0.1713651
Azerbaijan,AZE,2003,0.16986284
Azerbaijan,AZE,2004,0.16844591
Azerbaijan,AZE,2005,0.16712192
Azerbaijan,AZE,2006,0.1657536
Azerbaijan,AZE,2007,0.16397287
Azerbaijan,AZE,2008,0.16244492
Azerbaijan,AZE,2009,0.1607572
Azerbaijan,AZE,2010,0.1588191
Azerbaijan,AZE,2011,0.15703568
Azerbaijan,AZE,2012,0.1554685
Azerbaijan,AZE,2013,0.15399742
Azerbaijan,AZE,2014,0.15262982
Azerbaijan,AZE,2015,0.15135467
Azerbaijan,AZE,2016,0.15014149
Azerbaijan,AZE,2017,0.14892602
Azerbaijan,AZE,2018,0.14768784
Azerbaijan,AZE,2019,0.14666434
Azerbaijan,AZE,2020,0.14576167
Azerbaijan,AZE,2021,0.14487182
Azerbaijan,AZE,2022,0.14412749
Azerbaijan,AZE,2023,0.1434561
Azerbaijan,AZE,2024,0.1426156
Bahamas,BHS,1950,0.000023700883
Bahamas,BHS,1951,0.00005074542
Bahamas,BHS,1952,0.00008084353
Bahamas,BHS,1953,0.00011076951
Bahamas,BHS,1954,0.00014049721
Bahamas,BHS,1955,0.0001848385
Bahamas,BHS,1956,0.0002303808
Bahamas,BHS,1957,0.00028611126
Bahamas,BHS,1958,0.00033968713
Bahamas,BHS,1959,0.00041662934
Bahamas,BHS,1960,0.0005370132
Bahamas,BHS,1961,0.0006928845
Bahamas,BHS,1962,0.0008937449
Bahamas,BHS,1963,0.0010759081
Bahamas,BHS,1964,0.0013535745
Bahamas,BHS,1965,0.0016764653
Bahamas,BHS,1966,0.0019166331
Bahamas,BHS,1967,0.0022984613
Bahamas,BHS,1968,0.0026337786
Bahamas,BHS,1969,0.0029693563
Bahamas,BHS,1970,0.0034689403
Bahamas,BHS,1971,0.00487123
Bahamas,BHS,1972,0.0061155506
Bahamas,BHS,1973,0.0075527164
Bahamas,BHS,1974,0.008793167
Bahamas,BHS,1975,0.0101212645
Bahamas,BHS,1976,0.011004703
Bahamas,BHS,1977,0.01241635
Bahamas,BHS,1978,0.013167587
Bahamas,BHS,1979,0.013912839
Bahamas,BHS,1980,0.014787523
Bahamas,BHS,1981,0.014788573
Bahamas,BHS,1982,0.014708665
Bahamas,BHS,1983,0.0145924585
Bahamas,BHS,1984,0.014447251
Bahamas,BHS,1985,0.014246762
Bahamas,BHS,1986,0.014038023
Bahamas,BHS,1987,0.013829811
Bahamas,BHS,1988,0.013633993
Bahamas,BHS,1989,0.013496149
Bahamas,BHS,1990,0.013366617
Bahamas,BHS,1991,0.013233542
Bahamas,BHS,1992,0.013103197
Bahamas,BHS,1993,0.01296193
Bahamas,BHS,1994,0.0128274625
Bahamas,BHS,1995,0.012699786
Bahamas,BHS,1996,0.01256622
Bahamas,BHS,1997,0.012416304
Bahamas,BHS,1998,0.012313077
Bahamas,BHS,1999,0.01221259
Bahamas,BHS,2000,0.012108371
Bahamas,BHS,2001,0.011999556
Bahamas,BHS,2002,0.011897649
Bahamas,BHS,2003,0.01178921
Bahamas,BHS,2004,0.01167437
Bahamas,BHS,2005,0.011543345
Bahamas,BHS,2006,0.011405125
Bahamas,BHS,2007,0.011266981
Bahamas,BHS,2008,0.011134583
Bahamas,BHS,2009,0.0110311
Bahamas,BHS,2010,0.010923511
Bahamas,BHS,2011,0.010803217
Bahamas,BHS,2012,0.010680796
Bahamas,BHS,2013,0.010558146
Bahamas,BHS,2014,0.010444693
Bahamas,BHS,2015,0.010348072
Bahamas,BHS,2016,0.010256869
Bahamas,BHS,2017,0.010183301
Bahamas,BHS,2018,0.01010421
Bahamas,BHS,2019,0.010030454
Bahamas,BHS,2020,0.009943608
Bahamas,BHS,2021,0.009889432
Bahamas,BHS,2022,0.009847157
Bahamas,BHS,2023,0.009803244
Bahamas,BHS,2024,0.009764619
Bahrain,BHR,1933,0.0000072677085
Bahrain,BHR,1934,0.00008515398
Bahrain,BHR,1935,0.00041778976
Bahrain,BHR,1936,0.0016032675
Bahrain,BHR,1937,0.0035033626
Bahrain,BHR,1938,0.005442517
Bahrain,BHR,1939,0.0071120514
Bahrain,BHR,1940,0.008559605
Bahrain,BHR,1941,0.009861956
Bahrain,BHR,1942,0.010974335
Bahrain,BHR,1943,0.01209734
Bahrain,BHR,1944,0.013187105
Bahrain,BHR,1945,0.014402216
Bahrain,BHR,1946,0.015685229
Bahrain,BHR,1947,0.017143428
Bahrain,BHR,1948,0.018793391
Bahrain,BHR,1949,0.020400446
Bahrain,BHR,1950,0.020474404
Bahrain,BHR,1951,0.02041965
Bahrain,BHR,1952,0.020405507
Bahrain,BHR,1953,0.020262076
Bahrain,BHR,1954,0.020133678
Bahrain,BHR,1955,0.020097738
Bahrain,BHR,1956,0.01990115
Bahrain,BHR,1957,0.01959082
Bahrain,BHR,1958,0.019466978
Bahrain,BHR,1959,0.019329151
Bahrain,BHR,1960,0.01892734
Bahrain,BHR,1961,0.01892347
Bahrain,BHR,1962,0.018845825
Bahrain,BHR,1963,0.01862666
Bahrain,BHR,1964,0.018506557
Bahrain,BHR,1965,0.01826604
Bahrain,BHR,1966,0.017857699
Bahrain,BHR,1967,0.017550098
Bahrain,BHR,1968,0.01725737
Bahrain,BHR,1969,0.016988695
Bahrain,BHR,1970,0.017002622
Bahrain,BHR,1971,0.017093616
Bahrain,BHR,1972,0.017291555
Bahrain,BHR,1973,0.017832214
Bahrain,BHR,1974,0.018314404
Bahrain,BHR,1975,0.018833166
Bahrain,BHR,1976,0.019442247
Bahrain,BHR,1977,0.020157281
Bahrain,BHR,1978,0.020853702
Bahrain,BHR,1979,0.021549636
Bahrain,BHR,1980,0.022163415
Bahrain,BHR,1981,0.022860868
Bahrain,BHR,1982,0.0237276
Bahrain,BHR,1983,0.024294602
Bahrain,BHR,1984,0.024953837
Bahrain,BHR,1985,0.025692213
Bahrain,BHR,1986,0.026492065
Bahrain,BHR,1987,0.027279543
Bahrain,BHR,1988,0.02807953
Bahrain,BHR,1989,0.028770262
Bahrain,BHR,1990,0.029384056
Bahrain,BHR,1991,0.029927276
Bahrain,BHR,1992,0.030356716
Bahrain,BHR,1993,0.03148079
Bahrain,BHR,1994,0.03227311
Bahrain,BHR,1995,0.033049025
Bahrain,BHR,1996,0.033887364
Bahrain,BHR,1997,0.034810327
Bahrain,BHR,1998,0.035797156
Bahrain,BHR,1999,0.036715254
Bahrain,BHR,2000,0.037655905
Bahrain,BHR,2001,0.038590014
Bahrain,BHR,2002,0.039499167
Bahrain,BHR,2003,0.040392898
Bahrain,BHR,2004,0.04122921
Bahrain,BHR,2005,0.04226739
Bahrain,BHR,2006,0.043182295
Bahrain,BHR,2007,0.044228226
Bahrain,BHR,2008,0.045429956
Bahrain,BHR,2009,0.046485998
Bahrain,BHR,2010,0.047503382
Bahrain,BHR,2011,0.048387084
Bahrain,BHR,2012,0.049115997
Bahrain,BHR,2013,0.05007688
Bahrain,BHR,2014,0.050968114
Bahrain,BHR,2015,0.05192194
Bahrain,BHR,2016,0.052775647
Bahrain,BHR,2017,0.053652316
Bahrain,BHR,2018,0.054451298
Bahrain,BHR,2019,0.055499006
Bahrain,BHR,2020,0.056554154
Bahrain,BHR,2021,0.057442695
Bahrain,BHR,2022,0.05836064
Bahrain,BHR,2023,0.059275
Bahrain,BHR,2024,0.06014699
Bangladesh,BGD,1946,0.000055902045
Bangladesh,BGD,1947,0.000110984845
Bangladesh,BGD,1948,0.0001689814
Bangladesh,BGD,1949,0.00024927853
Bangladesh,BGD,1950,0.00067115284
Bangladesh,BGD,1951,0.0011678389
Bangladesh,BGD,1952,0.001666134
Bangladesh,BGD,1953,0.0021463279
Bangladesh,BGD,1954,0.0026083596
Bangladesh,BGD,1955,0.0030545243
Bangladesh,BGD,1956,0.0035634546
Bangladesh,BGD,1957,0.0040593133
Bangladesh,BGD,1958,0.004595052
Bangladesh,BGD,1959,0.005074338
Bangladesh,BGD,1960,0.0056371144
Bangladesh,BGD,1961,0.0061908
Bangladesh,BGD,1962,0.0067749172
Bangladesh,BGD,1963,0.0074254544
Bangladesh,BGD,1964,0.008048098
Bangladesh,BGD,1965,0.008662337
Bangladesh,BGD,1966,0.009240228
Bangladesh,BGD,1967,0.00982357
Bangladesh,BGD,1968,0.01047801
Bangladesh,BGD,1969,0.011039786
Bangladesh,BGD,1970,0.011546888
Bangladesh,BGD,1971,0.0119584715
Bangladesh,BGD,1972,0.012300812
Bangladesh,BGD,1973,0.012817019
Bangladesh,BGD,1974,0.013320541
Bangladesh,BGD,1975,0.013830704
Bangladesh,BGD,1976,0.014416948
Bangladesh,BGD,1977,0.014993124
Bangladesh,BGD,1978,0.015548778
Bangladesh,BGD,1979,0.016162543
Bangladesh,BGD,1980,0.016902706
Bangladesh,BGD,1981,0.017658176
Bangladesh,BGD,1982,0.018477457
Bangladesh,BGD,1983,0.019189905
Bangladesh,BGD,1984,0.019977368
Bangladesh,BGD,1985,0.02085969
Bangladesh,BGD,1986,0.0218529
Bangladesh,BGD,1987,0.022823855
Bangladesh,BGD,1988,0.023935927
Bangladesh,BGD,1989,0.024964606
Bangladesh,BGD,1990,0.026006198
Bangladesh,BGD,1991,0.027056195
Bangladesh,BGD,1992,0.028146435
Bangladesh,BGD,1993,0.029250935
Bangladesh,BGD,1994,0.03045649
Bangladesh,BGD,1995,0.031963337
Bangladesh,BGD,1996,0.03341761
Bangladesh,BGD,1997,0.0349626
Bangladesh,BGD,1998,0.03644222
Bangladesh,BGD,1999,0.03801525
Bangladesh,BGD,2000,0.03962634
Bangladesh,BGD,2001,0.041576188
Bangladesh,BGD,2002,0.043497927
Bangladesh,BGD,2003,0.045406282
Bangladesh,BGD,2004,0.047399063
Bangladesh,BGD,2005,0.049401116
Bangladesh,BGD,2006,0.05159369
Bangladesh,BGD,2007,0.053715665
Bangladesh,BGD,2008,0.055917677
Bangladesh,BGD,2009,0.058329597
Bangladesh,BGD,2010,0.06090774
Bangladesh,BGD,2011,0.0634206
Bangladesh,BGD,2012,0.06607977
Bangladesh,BGD,2013,0.06894485
Bangladesh,BGD,2014,0.07185252
Bangladesh,BGD,2015,0.075246364
Bangladesh,BGD,2016,0.07879603
Bangladesh,BGD,2017,0.08245759
Bangladesh,BGD,2018,0.08592164
Bangladesh,BGD,2019,0.08970678
Bangladesh,BGD,2020,0.09348701
Bangladesh,BGD,2021,0.097179696
Bangladesh,BGD,2022,0.10088523
Bangladesh,BGD,2023,0.10453586
Bangladesh,BGD,2024,0.10821157
Barbados,BRB,1928,0.000002756888
Barbados,BRB,1929,0.0000053414315
Barbados,BRB,1930,0.000010383296
Barbados,BRB,1931,0.0000126616305
Barbados,BRB,1932,0.000014865938
Barbados,BRB,1933,0.000016957985
Barbados,BRB,1934,0.000018923107
Barbados,BRB,1939,0.000018721397
Barbados,BRB,1947,0.000017017499
Barbados,BRB,1948,0.00001825729
Barbados,BRB,1949,0.000019458337
Barbados,BRB,1950,0.000050561885
Barbados,BRB,1951,0.000095339885
Barbados,BRB,1952,0.0001287508
Barbados,BRB,1953,0.00016906926
Barbados,BRB,1954,0.00020861709
Barbados,BRB,1955,0.00025104932
Barbados,BRB,1956,0.00029065483
Barbados,BRB,1957,0.00033032848
Barbados,BRB,1958,0.00037251934
Barbados,BRB,1959,0.00041172781
Barbados,BRB,1960,0.00045503554
Barbados,BRB,1961,0.0005026583
Barbados,BRB,1962,0.0005671197
Barbados,BRB,1963,0.0006062829
Barbados,BRB,1964,0.0006389544
Barbados,BRB,1965,0.0006758791
Barbados,BRB,1966,0.0007262512
Barbados,BRB,1967,0.0007908801
Barbados,BRB,1968,0.00087592896
Barbados,BRB,1969,0.00096344214
Barbados,BRB,1970,0.0010304359
Barbados,BRB,1971,0.0011038588
Barbados,BRB,1972,0.0011744542
Barbados,BRB,1973,0.0012333498
Barbados,BRB,1974,0.0012905974
Barbados,BRB,1975,0.0013591762
Barbados,BRB,1976,0.0014139944
Barbados,BRB,1977,0.001474644
Barbados,BRB,1978,0.0015366776
Barbados,BRB,1979,0.001588311
Barbados,BRB,1980,0.0016490311
Barbados,BRB,1981,0.0017091852
Barbados,BRB,1982,0.0017599105
Barbados,BRB,1983,0.0018133951
Barbados,BRB,1984,0.0018714833
Barbados,BRB,1985,0.001938566
Barbados,BRB,1986,0.002010764
Barbados,BRB,1987,0.0020805595
Barbados,BRB,1988,0.002144687
Barbados,BRB,1989,0.002210035
Barbados,BRB,1990,0.0022762874
Barbados,BRB,1991,0.0023552296
Barbados,BRB,1992,0.0024295487
Barbados,BRB,1993,0.0024732836
Barbados,BRB,1994,0.0025146613
Barbados,BRB,1995,0.002561453
Barbados,BRB,1996,0.0026067828
Barbados,BRB,1997,0.002660371
Barbados,BRB,1998,0.002718799
Barbados,BRB,1999,0.0027802223
Barbados,BRB,2000,0.0028376086
Barbados,BRB,2001,0.002891614
Barbados,BRB,2002,0.0029424059
Barbados,BRB,2003,0.002990836
Barbados,BRB,2004,0.003036876
Barbados,BRB,2005,0.003081688
Barbados,BRB,2006,0.0031252087
Barbados,BRB,2007,0.0031641272
Barbados,BRB,2008,0.003220445
Barbados,BRB,2009,0.0032727735
Barbados,BRB,2010,0.0033082538
Barbados,BRB,2011,0.0033435263
Barbados,BRB,2012,0.0033708366
Barbados,BRB,2013,0.003395079
Barbados,BRB,2014,0.0034061116
Barbados,BRB,2015,0.0034145957
Barbados,BRB,2016,0.0034250868
Barbados,BRB,2017,0.003435601
Barbados,BRB,2018,0.0034469706
Barbados,BRB,2019,0.0034537993
Barbados,BRB,2020,0.003456228
Barbados,BRB,2021,0.003451381
Barbados,BRB,2022,0.003452496
Barbados,BRB,2023,0.003452581
Barbados,BRB,2024,0.0034543402
Belarus,BLR,1830,0.000022990094
Belarus,BLR,1831,0.000048743525
Belarus,BLR,1832,0.00006419493
Belarus,BLR,1833,0.00008270991
Belarus,BLR,1850,0.00010926962
Belarus,BLR,1855,0.00025078014
Belarus,BLR,1858,0.00041913093
Belarus,BLR,1859,0.0006039135
Belarus,BLR,1860,0.0008326333
Belarus,BLR,1861,0.001105418
Belarus,BLR,1862,0.0013244725
Belarus,BLR,1863,0.0015328933
Belarus,BLR,1864,0.0017486846
Belarus,BLR,1865,0.0019281047
Belarus,BLR,1866,0.002626294
Belarus,BLR,1867,0.0033636817
Belarus,BLR,1868,0.0038918927
Belarus,BLR,1869,0.0045940704
Belarus,BLR,1870,0.0053005656
Belarus,BLR,1871,0.006235104
Belarus,BLR,1872,0.007083872
Belarus,BLR,1873,0.0077641336
Belarus,BLR,1874,0.008615357
Belarus,BLR,1875,0.009533929
Belarus,BLR,1876,0.010668831
Belarus,BLR,1877,0.011728906
Belarus,BLR,1878,0.013144158
Belarus,BLR,1879,0.014453486
Belarus,BLR,1880,0.015882166
Belarus,BLR,1881,0.017265635
Belarus,BLR,1882,0.01859102
Belarus,BLR,1883,0.020024287
Belarus,BLR,1884,0.021352878
Belarus,BLR,1885,0.022750132
Belarus,BLR,1886,0.024073474
Belarus,BLR,1887,0.025366563
Belarus,BLR,1888,0.026534257
Belarus,BLR,1889,0.027777439
Belarus,BLR,1890,0.029116224
Belarus,BLR,1891,0.030528003
Belarus,BLR,1892,0.03196026
Belarus,BLR,1893,0.03374479
Belarus,BLR,1894,0.035394777
Belarus,BLR,1895,0.037262417
Belarus,BLR,1896,0.03898916
Belarus,BLR,1897,0.04099199
Belarus,BLR,1898,0.04316466
Belarus,BLR,1899,0.045592356
Belarus,BLR,1900,0.04825987
Belarus,BLR,1901,0.050756
Belarus,BLR,1902,0.05284155
Belarus,BLR,1903,0.054470416
Belarus,BLR,1904,0.05636144
Belarus,BLR,1905,0.057509985
Belarus,BLR,1906,0.058938596
Belarus,BLR,1907,0.06034956
Belarus,BLR,1908,0.061767686
Belarus,BLR,1909,0.063173346
Belarus,BLR,1910,0.06425643
Belarus,BLR,1911,0.06534248
Belarus,BLR,1912,0.06668761
Belarus,BLR,1913,0.06803373
Belarus,BLR,1914,0.069137365
Belarus,BLR,1915,0.0699062
Belarus,BLR,1916,0.070631124
Belarus,BLR,1917,0.07092628
Belarus,BLR,1918,0.06951029
Belarus,BLR,1919,0.06834769
Belarus,BLR,1920,0.06684491
Belarus,BLR,1921,0.06577465
Belarus,BLR,1922,0.064864315
Belarus,BLR,1923,0.063865215
Belarus,BLR,1924,0.063128226
Belarus,BLR,1925,0.062407643
Belarus,BLR,1926,0.062296245
Belarus,BLR,1927,0.062436182
Belarus,BLR,1928,0.06279352
Belarus,BLR,1929,0.063163444
Belarus,BLR,1930,0.06448034
Belarus,BLR,1931,0.066522405
Belarus,BLR,1932,0.069072805
Belarus,BLR,1933,0.0718929
Belarus,BLR,1934,0.075338766
Belarus,BLR,1935,0.079196125
Belarus,BLR,1936,0.08349015
Belarus,BLR,1937,0.08755801
Belarus,BLR,1938,0.09189689
Belarus,BLR,1939,0.09597362
Belarus,BLR,1940,0.10085741
Belarus,BLR,1941,0.10453912
Belarus,BLR,1942,0.10520306
Belarus,BLR,1943,0.10592739
Belarus,BLR,1944,0.1080811
Belarus,BLR,1945,0.11086827
Belarus,BLR,1946,0.11397522
Belarus,BLR,1947,0.11774795
Belarus,BLR,1948,0.12159201
Belarus,BLR,1949,0.12628742
Belarus,BLR,1950,0.1311953
Belarus,BLR,1951,0.1362619
Belarus,BLR,1952,0.14160746
Belarus,BLR,1953,0.1470761
Belarus,BLR,1954,0.15300615
Belarus,BLR,1955,0.1595176
Belarus,BLR,1956,0.16639824
Belarus,BLR,1957,0.17378701
Belarus,BLR,1958,0.18141726
Belarus,BLR,1959,0.18897468
Belarus,BLR,1960,0.19627842
Belarus,BLR,1961,0.203535
Belarus,BLR,1962,0.21079828
Belarus,BLR,1963,0.2182474
Belarus,BLR,1964,0.22575234
Belarus,BLR,1965,0.2333339
Belarus,BLR,1966,0.24089569
Belarus,BLR,1967,0.2484193
Belarus,BLR,1968,0.25546888
Belarus,BLR,1969,0.26213902
Belarus,BLR,1970,0.26842567
Belarus,BLR,1971,0.27482587
Belarus,BLR,1972,0.28114948
Belarus,BLR,1973,0.2871832
Belarus,BLR,1974,0.29344398
Belarus,BLR,1975,0.3000932
Belarus,BLR,1976,0.30640823
Belarus,BLR,1977,0.31256202
Belarus,BLR,1978,0.318485
Belarus,BLR,1979,0.3238784
Belarus,BLR,1980,0.32958084
Belarus,BLR,1981,0.33491847
Belarus,BLR,1982,0.3402978
Belarus,BLR,1983,0.34548712
Belarus,BLR,1984,0.350224
Belarus,BLR,1985,0.35545337
Belarus,BLR,1986,0.3622512
Belarus,BLR,1987,0.36703405
Belarus,BLR,1988,0.3715532
Belarus,BLR,1989,0.37495908
Belarus,BLR,1990,0.37783638
Belarus,BLR,1991,0.37982443
Belarus,BLR,1992,0.38076946
Belarus,BLR,1993,0.3800899
Belarus,BLR,1994,0.37793812
Belarus,BLR,1995,0.37491623
Belarus,BLR,1996,0.3718504
Belarus,BLR,1997,0.3688668
Belarus,BLR,1998,0.36590844
Belarus,BLR,1999,0.3626914
Belarus,BLR,2000,0.35910267
Belarus,BLR,2001,0.3555397
Belarus,BLR,2002,0.3519454
Belarus,BLR,2003,0.34820417
Belarus,BLR,2004,0.34462836
Belarus,BLR,2005,0.3410269
Belarus,BLR,2006,0.33752328
Belarus,BLR,2007,0.33382583
Belarus,BLR,2008,0.33037642
Belarus,BLR,2009,0.32705402
Belarus,BLR,2010,0.32359296
Belarus,BLR,2011,0.3199447
Belarus,BLR,2012,0.31645605
Belarus,BLR,2013,0.3131743
Belarus,BLR,2014,0.3099786
Belarus,BLR,2015,0.3066238
Belarus,BLR,2016,0.3033828
Belarus,BLR,2017,0.30025542
Belarus,BLR,2018,0.2972953
Belarus,BLR,2019,0.29440355
Belarus,BLR,2020,0.29178968
Belarus,BLR,2021,0.2890972
Belarus,BLR,2022,0.28619885
Belarus,BLR,2023,0.28325558
Belarus,BLR,2024,0.28036153
Belgium,BEL,1802,0.74024737
Belgium,BEL,1830,0.56657165
Belgium,BEL,1831,0.7396492
Belgium,BEL,1832,0.9116889
Belgium,BEL,1833,1.0657128
Belgium,BEL,1834,1.2009379
Belgium,BEL,1835,1.3360232
Belgium,BEL,1836,1.4868891
Belgium,BEL,1837,1.6408285
Belgium,BEL,1838,1.7881818
Belgium,BEL,1839,1.9420353
Belgium,BEL,1840,2.1111562
Belgium,BEL,1841,2.2557657
Belgium,BEL,1842,2.393511
Belgium,BEL,1843,2.5033965
Belgium,BEL,1844,2.6172256
Belgium,BEL,1845,2.7242749
Belgium,BEL,1846,2.839758
Belgium,BEL,1847,2.9457617
Belgium,BEL,1848,3.0179863
Belgium,BEL,1849,3.0868742
Belgium,BEL,1850,3.1551316
Belgium,BEL,1851,3.233541
Belgium,BEL,1852,3.3242834
Belgium,BEL,1853,3.4089327
Belgium,BEL,1854,3.4861991
Belgium,BEL,1855,3.5590415
Belgium,BEL,1856,3.6125329
Belgium,BEL,1857,3.6681418
Belgium,BEL,1858,3.72702
Belgium,BEL,1859,3.7783346
Belgium,BEL,1860,3.8143032
Belgium,BEL,1861,3.8548775
Belgium,BEL,1862,3.8872736
Belgium,BEL,1863,3.9164777
Belgium,BEL,1864,3.9394755
Belgium,BEL,1865,3.9601808
Belgium,BEL,1866,3.9882922
Belgium,BEL,1867,4.018122
Belgium,BEL,1868,4.020276
Belgium,BEL,1869,4.0252013
Belgium,BEL,1870,4.05203
Belgium,BEL,1871,4.0571184
Belgium,BEL,1872,4.057046
Belgium,BEL,1873,4.063667
Belgium,BEL,1874,4.066245
Belgium,BEL,1875,4.061155
Belgium,BEL,1876,4.0501366
Belgium,BEL,1877,4.02899
Belgium,BEL,1878,4.0210686
Belgium,BEL,1879,4.0052743
Belgium,BEL,1880,3.9841657
Belgium,BEL,1881,3.9598973
Belgium,BEL,1882,3.9369447
Belgium,BEL,1883,3.9141753
Belgium,BEL,1884,3.889092
Belgium,BEL,1885,3.8615472
Belgium,BEL,1886,3.8298874
Belgium,BEL,1887,3.8004506
Belgium,BEL,1888,3.7647216
Belgium,BEL,1889,3.7347288
Belgium,BEL,1890,3.7041066
Belgium,BEL,1891,3.6619935
Belgium,BEL,1892,3.6220787
Belgium,BEL,1893,3.582377
Belgium,BEL,1894,3.5515556
Belgium,BEL,1895,3.5158532
Belgium,BEL,1896,3.484085
Belgium,BEL,1897,3.4521372
Belgium,BEL,1898,3.418605
Belgium,BEL,1899,3.3801022
Belgium,BEL,1900,3.3431177
Belgium,BEL,1901,3.2985384
Belgium,BEL,1902,3.258599
Belgium,BEL,1903,3.2174814
Belgium,BEL,1904,3.1740723
Belgium,BEL,1905,3.1256783
Belgium,BEL,1906,3.0879307
Belgium,BEL,1907,3.0370376
Belgium,BEL,1908,2.995301
Belgium,BEL,1909,2.9517796
Belgium,BEL,1910,2.910945
Belgium,BEL,1911,2.87221
Belgium,BEL,1912,2.83484
Belgium,BEL,1913,2.7950935
Belgium,BEL,1914,2.7366295
Belgium,BEL,1915,2.6769133
Belgium,BEL,1916,2.6266744
Belgium,BEL,1917,2.5655847
Belgium,BEL,1918,2.5076709
Belgium,BEL,1919,2.47632
Belgium,BEL,1920,2.444804
Belgium,BEL,1921,2.4208121
Belgium,BEL,1922,2.3998015
Belgium,BEL,1923,2.3848748
Belgium,BEL,1924,2.374345
Belgium,BEL,1925,2.365455
Belgium,BEL,1926,2.358006
Belgium,BEL,1927,2.3547866
Belgium,BEL,1928,2.3503783
Belgium,BEL,1929,2.3475833
Belgium,BEL,1930,2.3481166
Belgium,BEL,1931,2.3488185
Belgium,BEL,1932,2.3438993
Belgium,BEL,1933,2.3398254
Belgium,BEL,1934,2.3329883
Belgium,BEL,1935,2.3217454
Belgium,BEL,1936,2.307818
Belgium,BEL,1937,2.2997684
Belgium,BEL,1938,2.2891946
Belgium,BEL,1939,2.272946
Belgium,BEL,1940,2.2459211
Belgium,BEL,1941,2.2206063
Belgium,BEL,1942,2.1946568
Belgium,BEL,1943,2.1673558
Belgium,BEL,1944,2.1282241
Belgium,BEL,1945,2.1026657
Belgium,BEL,1946,2.0833972
Belgium,BEL,1947,2.0715156
Belgium,BEL,1948,2.058924
Belgium,BEL,1949,2.0472517
Belgium,BEL,1950,2.0277572
Belgium,BEL,1951,2.0109916
Belgium,BEL,1952,1.9919522
Belgium,BEL,1953,1.9720212
Belgium,BEL,1954,1.9533703
Belgium,BEL,1955,1.9332718
Belgium,BEL,1956,1.9126363
Belgium,BEL,1957,1.8913137
Belgium,BEL,1958,1.8666686
Belgium,BEL,1959,1.840924
Belgium,BEL,1960,1.8143702
Belgium,BEL,1961,1.7897892
Belgium,BEL,1962,1.7664561
Belgium,BEL,1963,1.7440567
Belgium,BEL,1964,1.719613
Belgium,BEL,1965,1.6948423
Belgium,BEL,1966,1.6690372
Belgium,BEL,1967,1.6438117
Belgium,BEL,1968,1.6202084
Belgium,BEL,1969,1.5959892
Belgium,BEL,1970,1.5696067
Belgium,BEL,1971,1.541956
Belgium,BEL,1972,1.5158199
Belgium,BEL,1973,1.4904805
Belgium,BEL,1974,1.4663882
Belgium,BEL,1975,1.4413512
Belgium,BEL,1976,1.4170713
Belgium,BEL,1977,1.3924775
Belgium,BEL,1978,1.369509
Belgium,BEL,1979,1.3476655
Belgium,BEL,1980,1.3266323
Belgium,BEL,1981,1.3062147
Belgium,BEL,1982,1.2862922
Belgium,BEL,1983,1.2647587
Belgium,BEL,1984,1.2439618
Belgium,BEL,1985,1.2229824
Belgium,BEL,1986,1.2024606
Belgium,BEL,1987,1.1820345
Belgium,BEL,1988,1.1611285
Belgium,BEL,1989,1.1418796
Belgium,BEL,1990,1.1246276
Belgium,BEL,1991,1.1080576
Belgium,BEL,1992,1.0931636
Belgium,BEL,1993,1.078631
Belgium,BEL,1994,1.0649446
Belgium,BEL,1995,1.0514455
Belgium,BEL,1996,1.0382044
Belgium,BEL,1997,1.0249044
Belgium,BEL,1998,1.012969
Belgium,BEL,1999,1.0005275
Belgium,BEL,2000,0.9882371
Belgium,BEL,2001,0.9763023
Belgium,BEL,2002,0.96449614
Belgium,BEL,2003,0.9521917
Belgium,BEL,2004,0.9397421
Belgium,BEL,2005,0.926853
Belgium,BEL,2006,0.9136983
Belgium,BEL,2007,0.9002619
Belgium,BEL,2008,0.88708335
Belgium,BEL,2009,0.8739614
Belgium,BEL,2010,0.86080146
Belgium,BEL,2011,0.8468798
Belgium,BEL,2012,0.8331687
Belgium,BEL,2013,0.819961
Belgium,BEL,2014,0.80689174
Belgium,BEL,2015,0.7947457
Belgium,BEL,2016,0.7830613
Belgium,BEL,2017,0.77158153
Belgium,BEL,2018,0.7603146
Belgium,BEL,2019,0.7493592
Belgium,BEL,2020,0.7392176
Belgium,BEL,2021,0.72898084
Belgium,BEL,2022,0.7185626
Belgium,BEL,2023,0.70812225
Belgium,BEL,2024,0.69796234
Belize,BLZ,1950,0.000007900295
Belize,BLZ,1951,0.00001845288
Belize,BLZ,1952,0.000028444945
Belize,BLZ,1953,0.000039352326
Belize,BLZ,1954,0.000049670733
Belize,BLZ,1955,0.00005931385
Belize,BLZ,1956,0.00006831058
Belize,BLZ,1957,0.00007672984
Belize,BLZ,1958,0.00008839442
Belize,BLZ,1959,0.00009925581
Belize,BLZ,1960,0.00011049166
Belize,BLZ,1961,0.00011874726
Belize,BLZ,1962,0.00013646667
Belize,BLZ,1963,0.00015075729
Belize,BLZ,1964,0.00017024772
Belize,BLZ,1965,0.0001883097
Belize,BLZ,1966,0.000203981
Belize,BLZ,1967,0.00022896408
Belize,BLZ,1968,0.00024736457
Belize,BLZ,1969,0.00027208318
Belize,BLZ,1970,0.00029096685
Belize,BLZ,1971,0.00031313376
Belize,BLZ,1972,0.00033647392
Belize,BLZ,1973,0.00035525416
Belize,BLZ,1974,0.0003742807
Belize,BLZ,1975,0.00039636635
Belize,BLZ,1976,0.00041633117
Belize,BLZ,1977,0.00043862587
Belize,BLZ,1978,0.0004621733
Belize,BLZ,1979,0.00048252486
Belize,BLZ,1980,0.0004986008
Belize,BLZ,1981,0.0005129324
Belize,BLZ,1982,0.0005248253
Belize,BLZ,1983,0.00053590216
Belize,BLZ,1984,0.0005459141
Belize,BLZ,1985,0.00055744336
Belize,BLZ,1986,0.00057013275
Belize,BLZ,1987,0.00058456516
Belize,BLZ,1988,0.0006004441
Belize,BLZ,1989,0.00062175427
Belize,BLZ,1990,0.00064283016
Belize,BLZ,1991,0.000673847
Belize,BLZ,1992,0.00069772726
Belize,BLZ,1993,0.00072270085
Belize,BLZ,1994,0.000745815
Belize,BLZ,1995,0.00076772267
Belize,BLZ,1996,0.00078058656
Belize,BLZ,1997,0.0008009925
Belize,BLZ,1998,0.00081862696
Belize,BLZ,1999,0.000832821
Belize,BLZ,2000,0.0008503513
Belize,BLZ,2001,0.0008716888
Belize,BLZ,2002,0.0008902257
Belize,BLZ,2003,0.0009067762
Belize,BLZ,2004,0.00091827294
Belize,BLZ,2005,0.00093060423
Belize,BLZ,2006,0.0009436742
Belize,BLZ,2007,0.00095776044
Belize,BLZ,2008,0.0009675776
Belize,BLZ,2009,0.0009834737
Belize,BLZ,2010,0.0009991906
Belize,BLZ,2011,0.0010156853
Belize,BLZ,2012,0.0010240184
Belize,BLZ,2013,0.0010317198
Belize,BLZ,2014,0.001040899
Belize,BLZ,2015,0.0010617631
Belize,BLZ,2016,0.0010809758
Belize,BLZ,2017,0.0010984686
Belize,BLZ,2018,0.0011142165
Belize,BLZ,2019,0.0011356381
Belize,BLZ,2020,0.0011506182
Belize,BLZ,2021,0.0011661482
Belize,BLZ,2022,0.0011822918
Belize,BLZ,2023,0.0011997491
Belize,BLZ,2024,0.0012177543
Benin,BEN,1950,0.00005942988
Benin,BEN,1951,0.000106200176
Benin,BEN,1952,0.00015604473
Benin,BEN,1953,0.0001945022
Benin,BEN,1954,0.00023824174
Benin,BEN,1955,0.00027890404
Benin,BEN,1956,0.00032404796
Benin,BEN,1957,0.00036755507
Benin,BEN,1958,0.00039982656
Benin,BEN,1959,0.00042229638
Benin,BEN,1960,0.00046171815
Benin,BEN,1961,0.00048839103
Benin,BEN,1962,0.00051524525
Benin,BEN,1963,0.0005353778
Benin,BEN,1964,0.0005597416
Benin,BEN,1965,0.00058388704
Benin,BEN,1966,0.0005958066
Benin,BEN,1967,0.00061402895
Benin,BEN,1968,0.00063283305
Benin,BEN,1969,0.00066069356
Benin,BEN,1970,0.00070385117
Benin,BEN,1971,0.0007455613
Benin,BEN,1972,0.00080403226
Benin,BEN,1973,0.0008554093
Benin,BEN,1974,0.00090858113
Benin,BEN,1975,0.0009654221
Benin,BEN,1976,0.0009820854
Benin,BEN,1977,0.0010034743
Benin,BEN,1978,0.0010339583
Benin,BEN,1979,0.0010621985
Benin,BEN,1980,0.0011076124
Benin,BEN,1981,0.0011362829
Benin,BEN,1982,0.0011721662
Benin,BEN,1983,0.0011999091
Benin,BEN,1984,0.0012315686
Benin,BEN,1985,0.0012942964
Benin,BEN,1986,0.0013442835
Benin,BEN,1987,0.0013699466
Benin,BEN,1988,0.001397208
Benin,BEN,1989,0.0014303536
Benin,BEN,1990,0.001461849
Benin,BEN,1991,0.0014956224
Benin,BEN,1992,0.0015348014
Benin,BEN,1993,0.0015871399
Benin,BEN,1994,0.0016480037
Benin,BEN,1995,0.0017096824
Benin,BEN,1996,0.0017909987
Benin,BEN,1997,0.00187211
Benin,BEN,1998,0.0019383447
Benin,BEN,1999,0.00203449
Benin,BEN,2000,0.0021257447
Benin,BEN,2001,0.0022324603
Benin,BEN,2002,0.002371322
Benin,BEN,2003,0.0025258444
Benin,BEN,2004,0.002688037
Benin,BEN,2005,0.0028312241
Benin,BEN,2006,0.003035958
Benin,BEN,2007,0.003274842
Benin,BEN,2008,0.003499493
Benin,BEN,2009,0.0037380124
Benin,BEN,2010,0.003993876
Benin,BEN,2011,0.004219261
Benin,BEN,2012,0.004426673
Benin,BEN,2013,0.00463433
Benin,BEN,2014,0.0048455186
Benin,BEN,2015,0.005082903
Benin,BEN,2016,0.0053090053
Benin,BEN,2017,0.005538393
Benin,BEN,2018,0.0057619135
Benin,BEN,2019,0.0059504844
Benin,BEN,2020,0.006153592
Benin,BEN,2021,0.0063574733
Benin,BEN,2022,0.006566591
Benin,BEN,2023,0.006755837
Benin,BEN,2024,0.0069428813
Bermuda,BMU,1950,0.000018960707
Bermuda,BMU,1951,0.00004305672
Bermuda,BMU,1952,0.00008533484
Bermuda,BMU,1953,0.00011951447
Bermuda,BMU,1954,0.0001490122
Bermuda,BMU,1955,0.0001862179
Bermuda,BMU,1956,0.0002303808
Bermuda,BMU,1957,0.0002731062
Bermuda,BMU,1958,0.00031569437
Bermuda,BMU,1959,0.0003516842
Bermuda,BMU,1960,0.0003920672
Bermuda,BMU,1961,0.0004357909
Bermuda,BMU,1962,0.00047092186
Bermuda,BMU,1963,0.00050107815
Bermuda,BMU,1964,0.0005433214
Bermuda,BMU,1965,0.00057612587
Bermuda,BMU,1966,0.000611943
Bermuda,BMU,1967,0.0006477776
Bermuda,BMU,1968,0.00068302156
Bermuda,BMU,1969,0.00070830836
Bermuda,BMU,1970,0.0007368865
Bermuda,BMU,1971,0.0007633155
Bermuda,BMU,1972,0.0007915149
Bermuda,BMU,1973,0.00085261
Bermuda,BMU,1974,0.00091333437
Bermuda,BMU,1975,0.0009728992
Bermuda,BMU,1976,0.0010289924
Bermuda,BMU,1977,0.001077728
Bermuda,BMU,1978,0.0011167563
Bermuda,BMU,1979,0.0011585624
Bermuda,BMU,1980,0.0011936018
Bermuda,BMU,1981,0.0012198358
Bermuda,BMU,1982,0.0012459593
Bermuda,BMU,1983,0.0012786047
Bermuda,BMU,1984,0.0013072779
Bermuda,BMU,1985,0.0013340884
Bermuda,BMU,1986,0.0013547657
Bermuda,BMU,1987,0.0013933539
Bermuda,BMU,1988,0.001437893
Bermuda,BMU,1989,0.0014966946
Bermuda,BMU,1990,0.0015167341
Bermuda,BMU,1991,0.001539213
Bermuda,BMU,1992,0.001552701
Bermuda,BMU,1993,0.0015738724
Bermuda,BMU,1994,0.0015927574
Bermuda,BMU,1995,0.0016097539
Bermuda,BMU,1996,0.0016242861
Bermuda,BMU,1997,0.0016374672
Bermuda,BMU,1998,0.0016497745
Bermuda,BMU,1999,0.0016598934
Bermuda,BMU,2000,0.0016688056
Bermuda,BMU,2001,0.0016780351
Bermuda,BMU,2002,0.0016886238
Bermuda,BMU,2003,0.0016969482
Bermuda,BMU,2004,0.001705364
Bermuda,BMU,2005,0.0017119403
Bermuda,BMU,2006,0.0017228243
Bermuda,BMU,2007,0.0017377981
Bermuda,BMU,2008,0.0017446803
Bermuda,BMU,2009,0.0017387862
Bermuda,BMU,2010,0.0017406665
Bermuda,BMU,2011,0.0017292734
Bermuda,BMU,2012,0.0017124079
Bermuda,BMU,2013,0.0017076306
Bermuda,BMU,2014,0.0017117609
Bermuda,BMU,2015,0.0017075604
Bermuda,BMU,2016,0.0017082813
Bermuda,BMU,2017,0.0017099587
Bermuda,BMU,2018,0.0017141427
Bermuda,BMU,2019,0.001711608
Bermuda,BMU,2020,0.0017018465
Bermuda,BMU,2021,0.0016954603
Bermuda,BMU,2022,0.0016895058
Bermuda,BMU,2023,0.0016832121
Bermuda,BMU,2024,0.0016778206
Bhutan,BTN,1970,8.6084873e-7
Bhutan,BTN,1971,0.0000016611871
Bhutan,BTN,1972,0.0000024033852
Bhutan,BTN,1973,0.0000030891665
Bhutan,BTN,1974,0.0000037278955
Bhutan,BTN,1975,0.0000043239966
Bhutan,BTN,1976,0.000004873442
Bhutan,BTN,1977,0.0000060546517
Bhutan,BTN,1978,0.000007800393
Bhutan,BTN,1979,0.000011309176
Bhutan,BTN,1980,0.000014593195
Bhutan,BTN,1981,0.000023056118
Bhutan,BTN,1982,0.000032172553
Bhutan,BTN,1983,0.000044411758
Bhutan,BTN,1984,0.000059163598
Bhutan,BTN,1985,0.00007459544
Bhutan,BTN,1986,0.00008810797
Bhutan,BTN,1987,0.00010721836
Bhutan,BTN,1988,0.00012609817
Bhutan,BTN,1989,0.00013779892
Bhutan,BTN,1990,0.00015693002
Bhutan,BTN,1991,0.00017491414
Bhutan,BTN,1992,0.00019551243
Bhutan,BTN,1993,0.00021119452
Bhutan,BTN,1994,0.00022943396
Bhutan,BTN,1995,0.0002505835
Bhutan,BTN,1996,0.0002756864
Bhutan,BTN,1997,0.0003089512
Bhutan,BTN,1998,0.00034012017
Bhutan,BTN,1999,0.00036967391
Bhutan,BTN,2000,0.00039861843
Bhutan,BTN,2001,0.00043233653
Bhutan,BTN,2002,0.00046700853
Bhutan,BTN,2003,0.0004994437
Bhutan,BTN,2004,0.0005248665
Bhutan,BTN,2005,0.0005578914
Bhutan,BTN,2006,0.0005777009
Bhutan,BTN,2007,0.0005949841
Bhutan,BTN,2008,0.0006306583
Bhutan,BTN,2009,0.0006676589
Bhutan,BTN,2010,0.0007185501
Bhutan,BTN,2011,0.0007736912
Bhutan,BTN,2012,0.00083600427
Bhutan,BTN,2013,0.00090332876
Bhutan,BTN,2014,0.0009715991
Bhutan,BTN,2015,0.0010434134
Bhutan,BTN,2016,0.001120098
Bhutan,BTN,2017,0.0011985304
Bhutan,BTN,2018,0.0012749024
Bhutan,BTN,2019,0.0013405755
Bhutan,BTN,2020,0.0013842931
Bhutan,BTN,2021,0.0014387247
Bhutan,BTN,2022,0.0014956901
Bhutan,BTN,2023,0.00155423
Bhutan,BTN,2024,0.0016114195
Bolivia,BOL,1862,0.000049148803
Bolivia,BOL,1864,0.0000552638
Bolivia,BOL,1865,0.00011472789
Bolivia,BOL,1866,0.00012915226
Bolivia,BOL,1867,0.00014614181
Bolivia,BOL,1868,0.0001921789
Bolivia,BOL,1869,0.00021610384
Bolivia,BOL,1870,0.00022341065
Bolivia,BOL,1871,0.00025653242
Bolivia,BOL,1872,0.00032337033
Bolivia,BOL,1873,0.00040943729
Bolivia,BOL,1874,0.00044939466
Bolivia,BOL,1875,0.0004991176
Bolivia,BOL,1876,0.00058456365
Bolivia,BOL,1877,0.00063612213
Bolivia,BOL,1878,0.00073943235
Bolivia,BOL,1879,0.0008664604
Bolivia,BOL,1880,0.0010101073
Bolivia,BOL,1881,0.0011839768
Bolivia,BOL,1882,0.001380906
Bolivia,BOL,1883,0.0015196938
Bolivia,BOL,1884,0.0016916483
Bolivia,BOL,1885,0.0017793893
Bolivia,BOL,1886,0.0017908374
Bolivia,BOL,1887,0.0018452107
Bolivia,BOL,1888,0.0019250758
Bolivia,BOL,1915,0.0006272978
Bolivia,BOL,1916,0.00072621985
Bolivia,BOL,1917,0.00079598004
Bolivia,BOL,1918,0.00086265395
Bolivia,BOL,1919,0.0009001906
Bolivia,BOL,1920,0.0009686727
Bolivia,BOL,1921,0.0010074199
Bolivia,BOL,1922,0.0010295252
Bolivia,BOL,1923,0.0010579076
Bolivia,BOL,1924,0.0010850668
Bolivia,BOL,1925,0.0010848191
Bolivia,BOL,1926,0.0011011919
Bolivia,BOL,1927,0.0011272313
Bolivia,BOL,1928,0.0011627785
Bolivia,BOL,1929,0.0011703172
Bolivia,BOL,1930,0.0011960671
Bolivia,BOL,1931,0.001178236
Bolivia,BOL,1932,0.00118727
Bolivia,BOL,1933,0.001202774
Bolivia,BOL,1934,0.0012299678
Bolivia,BOL,1935,0.0012495132
Bolivia,BOL,1936,0.001247736
Bolivia,BOL,1937,0.0012493186
Bolivia,BOL,1938,0.00130596
Bolivia,BOL,1939,0.0013597789
Bolivia,BOL,1940,0.0014234834
Bolivia,BOL,1941,0.0015019774
Bolivia,BOL,1942,0.001573807
Bolivia,BOL,1943,0.0016468146
Bolivia,BOL,1944,0.0017212501
Bolivia,BOL,1945,0.0017877618
Bolivia,BOL,1946,0.0018525394
Bolivia,BOL,1947,0.001896976
Bolivia,BOL,1948,0.0019517103
Bolivia,BOL,1949,0.0020483367
Bolivia,BOL,1950,0.0022188576
Bolivia,BOL,1951,0.0023531227
Bolivia,BOL,1952,0.0025004703
Bolivia,BOL,1953,0.0026485077
Bolivia,BOL,1954,0.0028839302
Bolivia,BOL,1955,0.0031534177
Bolivia,BOL,1956,0.0034665081
Bolivia,BOL,1957,0.0037220942
Bolivia,BOL,1958,0.003929768
Bolivia,BOL,1959,0.004130722
Bolivia,BOL,1960,0.0043304777
Bolivia,BOL,1961,0.004529553
Bolivia,BOL,1962,0.0047302763
Bolivia,BOL,1963,0.004945447
Bolivia,BOL,1964,0.005216398
Bolivia,BOL,1965,0.005471794
Bolivia,BOL,1966,0.005751427
Bolivia,BOL,1967,0.0060603786
Bolivia,BOL,1968,0.0064115454
Bolivia,BOL,1969,0.0068166335
Bolivia,BOL,1970,0.00716156
Bolivia,BOL,1971,0.0076032924
Bolivia,BOL,1972,0.008113736
Bolivia,BOL,1973,0.0085498085
Bolivia,BOL,1974,0.008968923
Bolivia,BOL,1975,0.009466799
Bolivia,BOL,1976,0.010014815
Bolivia,BOL,1977,0.010498989
Bolivia,BOL,1978,0.011035429
Bolivia,BOL,1979,0.011477579
Bolivia,BOL,1980,0.011881353
Bolivia,BOL,1981,0.012290184
Bolivia,BOL,1982,0.012608655
Bolivia,BOL,1983,0.0128966635
Bolivia,BOL,1984,0.013121155
Bolivia,BOL,1985,0.013331744
Bolivia,BOL,1986,0.013476786
Bolivia,BOL,1987,0.013635306
Bolivia,BOL,1988,0.01380661
Bolivia,BOL,1989,0.014050426
Bolivia,BOL,1990,0.01489588
Bolivia,BOL,1991,0.015744863
Bolivia,BOL,1992,0.016621882
Bolivia,BOL,1993,0.017510466
Bolivia,BOL,1994,0.01813666
Bolivia,BOL,1995,0.018653266
Bolivia,BOL,1996,0.019235216
Bolivia,BOL,1997,0.019960826
Bolivia,BOL,1998,0.020605512
Bolivia,BOL,1999,0.021177419
Bolivia,BOL,2000,0.021468202
Bolivia,BOL,2001,0.02177039
Bolivia,BOL,2002,0.022198442
Bolivia,BOL,2003,0.022629103
Bolivia,BOL,2004,0.023025876
Bolivia,BOL,2005,0.023492552
Bolivia,BOL,2006,0.023919445
Bolivia,BOL,2007,0.024337487
Bolivia,BOL,2008,0.024746764
Bolivia,BOL,2009,0.025192574
Bolivia,BOL,2010,0.025670553
Bolivia,BOL,2011,0.026193585
Bolivia,BOL,2012,0.026790008
Bolivia,BOL,2013,0.027365567
Bolivia,BOL,2014,0.028053353
Bolivia,BOL,2015,0.02871013
Bolivia,BOL,2016,0.029424082
Bolivia,BOL,2017,0.030153848
Bolivia,BOL,2018,0.030857023
Bolivia,BOL,2019,0.031528473
Bolivia,BOL,2020,0.031954575
Bolivia,BOL,2021,0.032530166
Bolivia,BOL,2022,0.033166602
Bolivia,BOL,2023,0.03382862
Bolivia,BOL,2024,0.03467504
Bonaire Sint Eustatius and Saba,BES,1926,0
Bonaire Sint Eustatius and Saba,BES,1927,0
Bonaire Sint Eustatius and Saba,BES,1928,0
Bonaire Sint Eustatius and Saba,BES,1929,0
Bonaire Sint Eustatius and Saba,BES,1930,0
Bonaire Sint Eustatius and Saba,BES,1931,0
Bonaire Sint Eustatius and Saba,BES,1932,0
Bonaire Sint Eustatius and Saba,BES,1933,0
Bonaire Sint Eustatius and Saba,BES,1934,0
Bonaire Sint Eustatius and Saba,BES,1935,0
Bonaire Sint Eustatius and Saba,BES,1936,0
Bonaire Sint Eustatius and Saba,BES,1937,0
Bonaire Sint Eustatius and Saba,BES,1938,0
Bonaire Sint Eustatius and Saba,BES,1939,0
Bonaire Sint Eustatius and Saba,BES,1940,0
Bonaire Sint Eustatius and Saba,BES,1941,0
Bonaire Sint Eustatius and Saba,BES,1942,0
Bonaire Sint Eustatius and Saba,BES,1943,0
Bonaire Sint Eustatius and Saba,BES,1944,0
Bonaire Sint Eustatius and Saba,BES,1945,0
Bonaire Sint Eustatius and Saba,BES,1946,0
Bonaire Sint Eustatius and Saba,BES,1947,0
Bonaire Sint Eustatius and Saba,BES,1948,0
Bonaire Sint Eustatius and Saba,BES,1949,0
Bonaire Sint Eustatius and Saba,BES,1950,0.000049316037
Bonaire Sint Eustatius and Saba,BES,1951,0.00012368987
Bonaire Sint Eustatius and Saba,BES,1952,0.0001629721
Bonaire Sint Eustatius and Saba,BES,1953,0.00020660368
Bonaire Sint Eustatius and Saba,BES,1954,0.00029559663
Bonaire Sint Eustatius and Saba,BES,1955,0.00036322995
Bonaire Sint Eustatius and Saba,BES,1956,0.0004480455
Bonaire Sint Eustatius and Saba,BES,1957,0.0004982538
Bonaire Sint Eustatius and Saba,BES,1958,0.0005375765
Bonaire Sint Eustatius and Saba,BES,1959,0.00058882975
Bonaire Sint Eustatius and Saba,BES,1960,0.00062690896
Bonaire Sint Eustatius and Saba,BES,1961,0.0006650516
Bonaire Sint Eustatius and Saba,BES,1962,0.00070569164
Bonaire Sint Eustatius and Saba,BES,1963,0.0007403712
Bonaire Sint Eustatius and Saba,BES,1964,0.0007702618
Bonaire Sint Eustatius and Saba,BES,1965,0.0007920083
Bonaire Sint Eustatius and Saba,BES,1966,0.0008083371
Bonaire Sint Eustatius and Saba,BES,1967,0.000832188
Bonaire Sint Eustatius and Saba,BES,1968,0.00084976276
Bonaire Sint Eustatius and Saba,BES,1969,0.00087774097
Bonaire Sint Eustatius and Saba,BES,1970,0.0009079419
Bonaire Sint Eustatius and Saba,BES,1971,0.00092719356
Bonaire Sint Eustatius and Saba,BES,1972,0.00094215065
Bonaire Sint Eustatius and Saba,BES,1973,0.0009594067
Bonaire Sint Eustatius and Saba,BES,1974,0.0009709974
Bonaire Sint Eustatius and Saba,BES,1975,0.000969894
Bonaire Sint Eustatius and Saba,BES,1976,0.0010016536
Bonaire Sint Eustatius and Saba,BES,1977,0.0010005347
Bonaire Sint Eustatius and Saba,BES,1978,0.0009936268
Bonaire Sint Eustatius and Saba,BES,1979,0.0009876237
Bonaire Sint Eustatius and Saba,BES,1980,0.0009829378
Bonaire Sint Eustatius and Saba,BES,1981,0.0009781293
Bonaire Sint Eustatius and Saba,BES,1982,0.0009767044
Bonaire Sint Eustatius and Saba,BES,1983,0.00096226804
Bonaire Sint Eustatius and Saba,BES,1984,0.0009675995
Bonaire Sint Eustatius and Saba,BES,1985,0.0009771269
Bonaire Sint Eustatius and Saba,BES,1986,0.00095632713
Bonaire Sint Eustatius and Saba,BES,1987,0.00093508005
Bonaire Sint Eustatius and Saba,BES,1988,0.0009139482
Bonaire Sint Eustatius and Saba,BES,1989,0.0008987344
Bonaire Sint Eustatius and Saba,BES,1990,0.0008845094
Bonaire Sint Eustatius and Saba,BES,1991,0.00086838956
Bonaire Sint Eustatius and Saba,BES,1992,0.00085235696
Bonaire Sint Eustatius and Saba,BES,1993,0.00084058323
Bonaire Sint Eustatius and Saba,BES,1994,0.0008287811
Bonaire Sint Eustatius and Saba,BES,1995,0.0008169885
Bonaire Sint Eustatius and Saba,BES,1996,0.00080458424
Bonaire Sint Eustatius and Saba,BES,1997,0.00079306576
Bonaire Sint Eustatius and Saba,BES,1998,0.0007741681
Bonaire Sint Eustatius and Saba,BES,1999,0.0007587342
Bonaire Sint Eustatius and Saba,BES,2000,0.0007490733
Bonaire Sint Eustatius and Saba,BES,2001,0.00073990534
Bonaire Sint Eustatius and Saba,BES,2002,0.00073047704
Bonaire Sint Eustatius and Saba,BES,2003,0.0007206051
Bonaire Sint Eustatius and Saba,BES,2004,0.00071100454
Bonaire Sint Eustatius and Saba,BES,2005,0.0007012104
Bonaire Sint Eustatius and Saba,BES,2006,0.0006916559
Bonaire Sint Eustatius and Saba,BES,2007,0.0006830705
Bonaire Sint Eustatius and Saba,BES,2008,0.0006742867
Bonaire Sint Eustatius and Saba,BES,2009,0.00066639524
Bonaire Sint Eustatius and Saba,BES,2010,0.0006554569
Bonaire Sint Eustatius and Saba,BES,2011,0.0006460105
Bonaire Sint Eustatius and Saba,BES,2012,0.00063831947
Bonaire Sint Eustatius and Saba,BES,2013,0.0006306068
Bonaire Sint Eustatius and Saba,BES,2014,0.0006234286
Bonaire Sint Eustatius and Saba,BES,2015,0.00061733543
Bonaire Sint Eustatius and Saba,BES,2016,0.0006117602
Bonaire Sint Eustatius and Saba,BES,2017,0.0006066725
Bonaire Sint Eustatius and Saba,BES,2018,0.0006010782
Bonaire Sint Eustatius and Saba,BES,2019,0.0005960455
Bonaire Sint Eustatius and Saba,BES,2020,0.0005914723
Bonaire Sint Eustatius and Saba,BES,2021,0.0005869288
Bonaire Sint Eustatius and Saba,BES,2022,0.0005827706
Bonaire Sint Eustatius and Saba,BES,2023,0.00057858747
Bonaire Sint Eustatius and Saba,BES,2024,0.0005747238
Bosnia and Herzegovina,BIH,1885,0.000019157318
Bosnia and Herzegovina,BIH,1890,0.00006142817
Bosnia and Herzegovina,BIH,1891,0.00011004665
Bosnia and Herzegovina,BIH,1892,0.00015973212
Bosnia and Herzegovina,BIH,1893,0.00024584422
Bosnia and Herzegovina,BIH,1894,0.00040555315
Bosnia and Herzegovina,BIH,1895,0.0005515717
Bosnia and Herzegovina,BIH,1896,0.00070300506
Bosnia and Herzegovina,BIH,1897,0.00080397207
Bosnia and Herzegovina,BIH,1898,0.0009593058
Bosnia and Herzegovina,BIH,1899,0.0011283521
Bosnia and Herzegovina,BIH,1900,0.0013518735
Bosnia and Herzegovina,BIH,1901,0.0015786149
Bosnia and Herzegovina,BIH,1902,0.0017676114
Bosnia and Herzegovina,BIH,1903,0.0019550456
Bosnia and Herzegovina,BIH,1904,0.0021424538
Bosnia and Herzegovina,BIH,1905,0.002330436
Bosnia and Herzegovina,BIH,1906,0.0025509584
Bosnia and Herzegovina,BIH,1907,0.0027427366
Bosnia and Herzegovina,BIH,1908,0.002945199
Bosnia and Herzegovina,BIH,1909,0.0031338062
Bosnia and Herzegovina,BIH,1910,0.0032968763
Bosnia and Herzegovina,BIH,1911,0.003467994
Bosnia and Herzegovina,BIH,1912,0.0036252195
Bosnia and Herzegovina,BIH,1913,0.004264933
Bosnia and Herzegovina,BIH,1919,0.0038785809
Bosnia and Herzegovina,BIH,1920,0.004334575
Bosnia and Herzegovina,BIH,1921,0.0048166234
Bosnia and Herzegovina,BIH,1922,0.0055317157
Bosnia and Herzegovina,BIH,1923,0.0062570646
Bosnia and Herzegovina,BIH,1924,0.0069579924
Bosnia and Herzegovina,BIH,1925,0.007699554
Bosnia and Herzegovina,BIH,1926,0.00837658
Bosnia and Herzegovina,BIH,1927,0.009105182
Bosnia and Herzegovina,BIH,1928,0.009921557
Bosnia and Herzegovina,BIH,1929,0.010763089
Bosnia and Herzegovina,BIH,1930,0.01151469
Bosnia and Herzegovina,BIH,1931,0.012182946
Bosnia and Herzegovina,BIH,1932,0.012767278
Bosnia and Herzegovina,BIH,1933,0.013250009
Bosnia and Herzegovina,BIH,1934,0.013716356
Bosnia and Herzegovina,BIH,1935,0.01418074
Bosnia and Herzegovina,BIH,1936,0.014579044
Bosnia and Herzegovina,BIH,1937,0.015016383
Bosnia and Herzegovina,BIH,1938,0.015412161
Bosnia and Herzegovina,BIH,1939,0.015804162
Bosnia and Herzegovina,BIH,1940,0.016253931
Bosnia and Herzegovina,BIH,1943,0.015034498
Bosnia and Herzegovina,BIH,1944,0.01465583
Bosnia and Herzegovina,BIH,1945,0.014739984
Bosnia and Herzegovina,BIH,1946,0.01517057
Bosnia and Herzegovina,BIH,1947,0.01583043
Bosnia and Herzegovina,BIH,1948,0.01656528
Bosnia and Herzegovina,BIH,1949,0.0174399
Bosnia and Herzegovina,BIH,1950,0.018166564
Bosnia and Herzegovina,BIH,1951,0.018760186
Bosnia and Herzegovina,BIH,1952,0.019320682
Bosnia and Herzegovina,BIH,1953,0.019830653
Bosnia and Herzegovina,BIH,1954,0.020495703
Bosnia and Herzegovina,BIH,1955,0.02124241
Bosnia and Herzegovina,BIH,1956,0.022094063
Bosnia and Herzegovina,BIH,1957,0.022999039
Bosnia and Herzegovina,BIH,1958,0.023811515
Bosnia and Herzegovina,BIH,1959,0.024753718
Bosnia and Herzegovina,BIH,1960,0.025745314
Bosnia and Herzegovina,BIH,1961,0.026759028
Bosnia and Herzegovina,BIH,1962,0.027731441
Bosnia and Herzegovina,BIH,1963,0.028796487
Bosnia and Herzegovina,BIH,1964,0.029996824
Bosnia and Herzegovina,BIH,1965,0.031141613
Bosnia and Herzegovina,BIH,1966,0.032150477
Bosnia and Herzegovina,BIH,1967,0.033084217
Bosnia and Herzegovina,BIH,1968,0.034034923
Bosnia and Herzegovina,BIH,1969,0.034925185
Bosnia and Herzegovina,BIH,1970,0.0362631
Bosnia and Herzegovina,BIH,1971,0.037651215
Bosnia and Herzegovina,BIH,1972,0.03872242
Bosnia and Herzegovina,BIH,1973,0.040100235
Bosnia and Herzegovina,BIH,1974,0.041400556
Bosnia and Herzegovina,BIH,1975,0.042727616
Bosnia and Herzegovina,BIH,1976,0.043979663
Bosnia and Herzegovina,BIH,1977,0.045036536
Bosnia and Herzegovina,BIH,1978,0.046257958
Bosnia and Herzegovina,BIH,1979,0.04759236
Bosnia and Herzegovina,BIH,1980,0.048801523
Bosnia and Herzegovina,BIH,1981,0.050212603
Bosnia and Herzegovina,BIH,1982,0.05132384
Bosnia and Herzegovina,BIH,1983,0.052550793
Bosnia and Herzegovina,BIH,1984,0.053808525
Bosnia and Herzegovina,BIH,1985,0.05499586
Bosnia and Herzegovina,BIH,1986,0.056211628
Bosnia and Herzegovina,BIH,1987,0.057244297
Bosnia and Herzegovina,BIH,1988,0.05823915
Bosnia and Herzegovina,BIH,1989,0.05914926
Bosnia and Herzegovina,BIH,1990,0.059945475
Bosnia and Herzegovina,BIH,1991,0.059963454
Bosnia and Herzegovina,BIH,1992,0.060142234
Bosnia and Herzegovina,BIH,1993,0.06001641
Bosnia and Herzegovina,BIH,1994,0.058838546
Bosnia and Herzegovina,BIH,1995,0.05770725
Bosnia and Herzegovina,BIH,1996,0.05667744
Bosnia and Herzegovina,BIH,1997,0.056115724
Bosnia and Herzegovina,BIH,1998,0.055805854
Bosnia and Herzegovina,BIH,1999,0.05545994
Bosnia and Herzegovina,BIH,2000,0.05541722
Bosnia and Herzegovina,BIH,2001,0.05532613
Bosnia and Herzegovina,BIH,2002,0.055293415
Bosnia and Herzegovina,BIH,2003,0.05521057
Bosnia and Herzegovina,BIH,2004,0.055181675
Bosnia and Herzegovina,BIH,2005,0.055157408
Bosnia and Herzegovina,BIH,2006,0.055199582
Bosnia and Herzegovina,BIH,2007,0.05520656
Bosnia and Herzegovina,BIH,2008,0.055383623
Bosnia and Herzegovina,BIH,2009,0.055619262
Bosnia and Herzegovina,BIH,2010,0.055814084
Bosnia and Herzegovina,BIH,2011,0.05614245
Bosnia and Herzegovina,BIH,2012,0.056320503
Bosnia and Herzegovina,BIH,2013,0.05645415
Bosnia and Herzegovina,BIH,2014,0.05640624
Bosnia and Herzegovina,BIH,2015,0.0563068
Bosnia and Herzegovina,BIH,2016,0.056423046
Bosnia and Herzegovina,BIH,2017,0.056539755
Bosnia and Herzegovina,BIH,2018,0.056620292
Bosnia and Herzegovina,BIH,2019,0.05660898
Bosnia and Herzegovina,BIH,2020,0.056663696
Bosnia and Herzegovina,BIH,2021,0.056685455
Bosnia and Herzegovina,BIH,2022,0.056655556
Bosnia and Herzegovina,BIH,2023,0.056561604
Bosnia and Herzegovina,BIH,2024,0.056431483
Botswana,BWA,1972,0.0000048067704
Botswana,BWA,1973,0.000015445832
Botswana,BWA,1974,0.00003280548
Botswana,BWA,1975,0.000068463276
Botswana,BWA,1976,0.00017892494
Botswana,BWA,1977,0.00031618736
Botswana,BWA,1978,0.00045307286
Botswana,BWA,1979,0.00059938635
Botswana,BWA,1980,0.0008129848
Botswana,BWA,1981,0.0010147848
Botswana,BWA,1982,0.0012036554
Botswana,BWA,1983,0.0013708656
Botswana,BWA,1984,0.001529661
Botswana,BWA,1985,0.001722832
Botswana,BWA,1986,0.0018916616
Botswana,BWA,1987,0.0020860815
Botswana,BWA,1988,0.0022885955
Botswana,BWA,1989,0.002507996
Botswana,BWA,1990,0.0027719375
Botswana,BWA,1991,0.0030117517
Botswana,BWA,1992,0.0032578837
Botswana,BWA,1993,0.0035381415
Botswana,BWA,1994,0.003784903
Botswana,BWA,1995,0.004018587
Botswana,BWA,1996,0.004206847
Botswana,BWA,1997,0.004389571
Botswana,BWA,1998,0.0046182307
Botswana,BWA,1999,0.004815455
Botswana,BWA,2000,0.0050593135
Botswana,BWA,2001,0.005297155
Botswana,BWA,2002,0.0055326596
Botswana,BWA,2003,0.005736698
Botswana,BWA,2004,0.0059320587
Botswana,BWA,2005,0.0061298828
Botswana,BWA,2006,0.0063158884
Botswana,BWA,2007,0.0064956783
Botswana,BWA,2008,0.006685239
Botswana,BWA,2009,0.006818852
Botswana,BWA,2010,0.0069876458
Botswana,BWA,2011,0.0071052886
Botswana,BWA,2012,0.007288994
Botswana,BWA,2013,0.0075026904
Botswana,BWA,2014,0.0077853133
Botswana,BWA,2015,0.007960663
Botswana,BWA,2016,0.008187527
Botswana,BWA,2017,0.0084468555
Botswana,BWA,2018,0.008726143
Botswana,BWA,2019,0.008981684
Botswana,BWA,2020,0.009160382
Botswana,BWA,2021,0.00935094
Botswana,BWA,2022,0.009570218
Botswana,BWA,2023,0.009769221
Botswana,BWA,2024,0.009968819
Brazil,BRA,1856,0.0036720987
Brazil,BRA,1857,0.007672025
Brazil,BRA,1858,0.011560829
Brazil,BRA,1859,0.016347103
Brazil,BRA,1860,0.021497963
Brazil,BRA,1861,0.02582735
Brazil,BRA,1862,0.029081501
Brazil,BRA,1863,0.03280602
Brazil,BRA,1864,0.036692552
Brazil,BRA,1865,0.041117884
Brazil,BRA,1866,0.045841813
Brazil,BRA,1867,0.049103912
Brazil,BRA,1868,0.05384849
Brazil,BRA,1869,0.056710742
Brazil,BRA,1870,0.060049973
Brazil,BRA,1871,0.06411162
Brazil,BRA,1872,0.067601874
Brazil,BRA,1873,0.07181247
Brazil,BRA,1874,0.07561987
Brazil,BRA,1875,0.07845453
Brazil,BRA,1876,0.080376595
Brazil,BRA,1877,0.0822849
Brazil,BRA,1878,0.08442396
Brazil,BRA,1879,0.0853573
Brazil,BRA,1880,0.0863776
Brazil,BRA,1881,0.08772422
Brazil,BRA,1882,0.0883337
Brazil,BRA,1883,0.08967509
Brazil,BRA,1884,0.09134815
Brazil,BRA,1885,0.09256222
Brazil,BRA,1886,0.09370037
Brazil,BRA,1887,0.09486722
Brazil,BRA,1888,0.09540122
Brazil,BRA,1889,0.097942635
Brazil,BRA,1890,0.099416725
Brazil,BRA,1891,0.10172662
Brazil,BRA,1892,0.10403325
Brazil,BRA,1893,0.105679505
Brazil,BRA,1894,0.10801639
Brazil,BRA,1895,0.10958811
Brazil,BRA,1896,0.11201735
Brazil,BRA,1897,0.11434592
Brazil,BRA,1898,0.11611309
Brazil,BRA,1899,0.11715182
Brazil,BRA,1900,0.11709121
Brazil,BRA,1901,0.11697047
Brazil,BRA,1902,0.117224656
Brazil,BRA,1903,0.116811916
Brazil,BRA,1904,0.116744846
Brazil,BRA,1905,0.116784886
Brazil,BRA,1906,0.11724667
Brazil,BRA,1907,0.11775928
Brazil,BRA,1908,0.118447706
Brazil,BRA,1909,0.119015545
Brazil,BRA,1910,0.12037125
Brazil,BRA,1911,0.122624025
Brazil,BRA,1912,0.12456222
Brazil,BRA,1913,0.12670046
Brazil,BRA,1914,0.12742685
Brazil,BRA,1915,0.12650372
Brazil,BRA,1916,0.12476387
Brazil,BRA,1917,0.12305727
Brazil,BRA,1918,0.121349744
Brazil,BRA,1919,0.12062823
Brazil,BRA,1920,0.120325
Brazil,BRA,1921,0.11951827
Brazil,BRA,1922,0.119631805
Brazil,BRA,1923,0.11995083
Brazil,BRA,1924,0.120684244
Brazil,BRA,1925,0.12136668
Brazil,BRA,1926,0.12217252
Brazil,BRA,1927,0.12305385
Brazil,BRA,1928,0.12393085
Brazil,BRA,1929,0.1246764
Brazil,BRA,1930,0.12528051
Brazil,BRA,1931,0.12551449
Brazil,BRA,1932,0.12603734
Brazil,BRA,1933,0.12665834
Brazil,BRA,1934,0.12699871
Brazil,BRA,1935,0.12731802
Brazil,BRA,1936,0.1274775
Brazil,BRA,1937,0.12807408
Brazil,BRA,1938,0.12910064
Brazil,BRA,1939,0.12901196
Brazil,BRA,1940,0.12865435
Brazil,BRA,1941,0.12857324
Brazil,BRA,1942,0.12829079
Brazil,BRA,1943,0.12827234
Brazil,BRA,1944,0.12791145
Brazil,BRA,1945,0.12856166
Brazil,BRA,1946,0.1292923
Brazil,BRA,1947,0.13034627
Brazil,BRA,1948,0.13068436
Brazil,BRA,1949,0.13093483
Brazil,BRA,1950,0.13606404
Brazil,BRA,1951,0.14151
Brazil,BRA,1952,0.14795844
Brazil,BRA,1953,0.15407549
Brazil,BRA,1954,0.1615177
Brazil,BRA,1955,0.16980012
Brazil,BRA,1956,0.17826279
Brazil,BRA,1957,0.18585315
Brazil,BRA,1958,0.1939212
Brazil,BRA,1959,0.20122702
Brazil,BRA,1960,0.21029416
Brazil,BRA,1961,0.21952474
Brazil,BRA,1962,0.22935909
Brazil,BRA,1963,0.23882304
Brazil,BRA,1964,0.24764842
Brazil,BRA,1965,0.25549984
Brazil,BRA,1966,0.26460227
Brazil,BRA,1967,0.27336174
Brazil,BRA,1968,0.28392497
Brazil,BRA,1969,0.2948808
Brazil,BRA,1970,0.3065183
Brazil,BRA,1971,0.3189391
Brazil,BRA,1972,0.33254898
Brazil,BRA,1973,0.3484077
Brazil,BRA,1974,0.3654515
Brazil,BRA,1975,0.38279992
Brazil,BRA,1976,0.39917603
Brazil,BRA,1977,0.41552314
Brazil,BRA,1978,0.43291086
Brazil,BRA,1979,0.4506197
Brazil,BRA,1980,0.466993
Brazil,BRA,1981,0.48036388
Brazil,BRA,1982,0.4930895
Brazil,BRA,1983,0.504112
Brazil,BRA,1984,0.5143453
Brazil,BRA,1985,0.5252872
Brazil,BRA,1986,0.53777796
Brazil,BRA,1987,0.5502614
Brazil,BRA,1988,0.56168026
Brazil,BRA,1989,0.5728131
Brazil,BRA,1990,0.5837716
Brazil,BRA,1991,0.59508395
Brazil,BRA,1992,0.60676116
Brazil,BRA,1993,0.61889833
Brazil,BRA,1994,0.63134205
Brazil,BRA,1995,0.64437896
Brazil,BRA,1996,0.6584502
Brazil,BRA,1997,0.6735343
Brazil,BRA,1998,0.68898404
Brazil,BRA,1999,0.70429355
Brazil,BRA,2000,0.7196484
Brazil,BRA,2001,0.7347058
Brazil,BRA,2002,0.7488128
Brazil,BRA,2003,0.7610428
Brazil,BRA,2004,0.7735001
Brazil,BRA,2005,0.7849462
Brazil,BRA,2006,0.7955517
Brazil,BRA,2007,0.80679315
Brazil,BRA,2008,0.8188549
Brazil,BRA,2009,0.82891995
Brazil,BRA,2010,0.84114635
Brazil,BRA,2011,0.8536327
Brazil,BRA,2012,0.86773664
Brazil,BRA,2013,0.8833202
Brazil,BRA,2014,0.89973074
Brazil,BRA,2015,0.91354364
Brazil,BRA,2016,0.92438763
Brazil,BRA,2017,0.9347528
Brazil,BRA,2018,0.9429475
Brazil,BRA,2019,0.95058596
Brazil,BRA,2020,0.9572872
Brazil,BRA,2021,0.96556664
Brazil,BRA,2022,0.9722073
Brazil,BRA,2023,0.978484
Brazil,BRA,2024,0.9841802
British Virgin Islands,VGB,1962,0.0000011185792
British Virgin Islands,VGB,1963,0.0000021691696
British Virgin Islands,VGB,1964,0.000004203647
British Virgin Islands,VGB,1965,0.0000061073415
British Virgin Islands,VGB,1966,0.000008868739
British Virgin Islands,VGB,1967,0.00000954017
British Virgin Islands,VGB,1968,0.00001292203
British Virgin Islands,VGB,1969,0.000016949445
British Virgin Islands,VGB,1970,0.000020660369
British Virgin Islands,VGB,1971,0.000024917807
British Virgin Islands,VGB,1972,0.000028840623
British Virgin Islands,VGB,1973,0.00003320854
British Virgin Islands,VGB,1974,0.000037278955
British Virgin Islands,VGB,1975,0.000041077965
British Virgin Islands,VGB,1976,0.000044557182
British Virgin Islands,VGB,1977,0.000048437214
British Virgin Islands,VGB,1978,0.000052002622
British Virgin Islands,VGB,1979,0.000055289307
British Virgin Islands,VGB,1980,0.00005837278
British Virgin Islands,VGB,1981,0.00006367437
British Virgin Islands,VGB,1982,0.00006753477
British Virgin Islands,VGB,1983,0.000071713046
British Virgin Islands,VGB,1984,0.000075596414
British Virgin Islands,VGB,1985,0.00008023409
British Virgin Islands,VGB,1986,0.00008559634
British Virgin Islands,VGB,1987,0.00009157033
British Virgin Islands,VGB,1988,0.000097590186
British Virgin Islands,VGB,1989,0.00010323643
British Virgin Islands,VGB,1990,0.000108500295
British Virgin Islands,VGB,1991,0.00011429363
British Virgin Islands,VGB,1992,0.00012072744
British Virgin Islands,VGB,1993,0.00012721543
British Virgin Islands,VGB,1994,0.00013374921
British Virgin Islands,VGB,1995,0.00013987493
British Virgin Islands,VGB,1996,0.00014674717
British Virgin Islands,VGB,1997,0.0001536305
British Virgin Islands,VGB,1998,0.00016019016
British Virgin Islands,VGB,1999,0.00016742648
British Virgin Islands,VGB,2000,0.00017455686
British Virgin Islands,VGB,2001,0.00018234308
British Virgin Islands,VGB,2002,0.00019066724
British Virgin Islands,VGB,2003,0.0001990087
British Virgin Islands,VGB,2004,0.00020741342
British Virgin Islands,VGB,2005,0.00021616033
British Virgin Islands,VGB,2006,0.00022550371
British Virgin Islands,VGB,2007,0.00023451154
British Virgin Islands,VGB,2008,0.00024354385
British Virgin Islands,VGB,2009,0.00025251732
British Virgin Islands,VGB,2010,0.0002620828
British Virgin Islands,VGB,2011,0.0002706897
British Virgin Islands,VGB,2012,0.00027878222
British Virgin Islands,VGB,2013,0.00028667325
British Virgin Islands,VGB,2014,0.00029439817
British Virgin Islands,VGB,2015,0.00030225728
British Virgin Islands,VGB,2016,0.0003099961
British Virgin Islands,VGB,2017,0.00031427637
British Virgin Islands,VGB,2018,0.00031686624
British Virgin Islands,VGB,2019,0.00032081633
British Virgin Islands,VGB,2020,0.0003247469
British Virgin Islands,VGB,2021,0.00032840567
British Virgin Islands,VGB,2022,0.0003319329
British Virgin Islands,VGB,2023,0.00033518823
British Virgin Islands,VGB,2024,0.00033860223
Brunei,BRN,1933,0.0000024225694
Brunei,BRN,1934,0.00003075005
Brunei,BRN,1935,0.000046164612
Brunei,BRN,1936,0.000092193506
Brunei,BRN,1937,0.0002122587
Brunei,BRN,1938,0.000332954
Brunei,BRN,1939,0.0018159755
Brunei,BRN,1940,0.0034023875
Brunei,BRN,1941,0.0043686475
Brunei,BRN,1942,0.0049068956
Brunei,BRN,1943,0.0057347445
Brunei,BRN,1944,0.006827508
Brunei,BRN,1945,0.007132475
Brunei,BRN,1946,0.0074258996
Brunei,BRN,1947,0.009734009
Brunei,BRN,1948,0.009530305
Brunei,BRN,1949,0.014386198
Brunei,BRN,1950,0.014196829
Brunei,BRN,1951,0.01394269
Brunei,BRN,1952,0.013705973
Brunei,BRN,1953,0.013480358
Brunei,BRN,1954,0.013264924
Brunei,BRN,1955,0.013006286
Brunei,BRN,1956,0.012737916
Brunei,BRN,1957,0.012471851
Brunei,BRN,1958,0.0122198975
Brunei,BRN,1959,0.011967066
Brunei,BRN,1960,0.011710928
Brunei,BRN,1961,0.011459687
Brunei,BRN,1962,0.011231654
Brunei,BRN,1963,0.01099552
Brunei,BRN,1964,0.010751879
Brunei,BRN,1965,0.010506663
Brunei,BRN,1966,0.010303505
Brunei,BRN,1967,0.010089684
Brunei,BRN,1968,0.009869661
Brunei,BRN,1969,0.009657615
Brunei,BRN,1970,0.011246989
Brunei,BRN,1971,0.012554422
Brunei,BRN,1972,0.014175966
Brunei,BRN,1973,0.015767878
Brunei,BRN,1974,0.016886622
Brunei,BRN,1975,0.017713971
Brunei,BRN,1976,0.018256608
Brunei,BRN,1977,0.018814493
Brunei,BRN,1978,0.019870851
Brunei,BRN,1979,0.02048092
Brunei,BRN,1980,0.020962518
Brunei,BRN,1981,0.020657029
Brunei,BRN,1982,0.020468915
Brunei,BRN,1983,0.02029661
Brunei,BRN,1984,0.019997021
Brunei,BRN,1985,0.019791743
Brunei,BRN,1986,0.019548712
Brunei,BRN,1987,0.01943928
Brunei,BRN,1988,0.019629702
Brunei,BRN,1989,0.019882718
Brunei,BRN,1990,0.019943297
Brunei,BRN,1991,0.02020803
Brunei,BRN,1992,0.020456329
Brunei,BRN,1993,0.020593114
Brunei,BRN,1994,0.020655617
Brunei,BRN,1995,0.020766996
Brunei,BRN,1996,0.020865269
Brunei,BRN,1997,0.020977752
Brunei,BRN,1998,0.021027863
Brunei,BRN,1999,0.021101916
Brunei,BRN,2000,0.021150013
Brunei,BRN,2001,0.021180255
Brunei,BRN,2002,0.021154951
Brunei,BRN,2003,0.021180708
Brunei,BRN,2004,0.021172635
Brunei,BRN,2005,0.021101775
Brunei,BRN,2006,0.021158442
Brunei,BRN,2007,0.02127183
Brunei,BRN,2008,0.02145566
Brunei,BRN,2009,0.021530814
Brunei,BRN,2010,0.021593684
Brunei,BRN,2011,0.02174696
Brunei,BRN,2012,0.021881443
Brunei,BRN,2013,0.021875026
Brunei,BRN,2014,0.021947404
Brunei,BRN,2015,0.021892266
Brunei,BRN,2016,0.021884836
Brunei,BRN,2017,0.021975229
Brunei,BRN,2018,0.022053264
Brunei,BRN,2019,0.022136576
Brunei,BRN,2020,0.02233529
Brunei,BRN,2021,0.022535564
Brunei,BRN,2022,0.022748828
Brunei,BRN,2023,0.022960741
Brunei,BRN,2024,0.023133254
Bulgaria,BGR,1881,0.000018699313
Bulgaria,BGR,1882,0.000035689827
Bulgaria,BGR,1883,0.00006807143
Bulgaria,BGR,1884,0.00011378838
Bulgaria,BGR,1885,0.00013998045
Bulgaria,BGR,1886,0.00016390027
Bulgaria,BGR,1887,0.00019979087
Bulgaria,BGR,1888,0.00025902482
Bulgaria,BGR,1889,0.00033927997
Bulgaria,BGR,1890,0.0004364051
Bulgaria,BGR,1891,0.00054801896
Bulgaria,BGR,1892,0.00067269785
Bulgaria,BGR,1893,0.00083126425
Bulgaria,BGR,1894,0.001028533
Bulgaria,BGR,1895,0.0012177422
Bulgaria,BGR,1896,0.0014481259
Bulgaria,BGR,1897,0.0016666792
Bulgaria,BGR,1898,0.0019528139
Bulgaria,BGR,1899,0.0022081346
Bulgaria,BGR,1900,0.0025913122
Bulgaria,BGR,1901,0.0030552244
Bulgaria,BGR,1902,0.0034102586
Bulgaria,BGR,1903,0.0037157966
Bulgaria,BGR,1904,0.004116348
Bulgaria,BGR,1905,0.0045764814
Bulgaria,BGR,1906,0.004914257
Bulgaria,BGR,1907,0.0054195994
Bulgaria,BGR,1908,0.0061116414
Bulgaria,BGR,1909,0.0067454325
Bulgaria,BGR,1910,0.0073535126
Bulgaria,BGR,1911,0.008264951
Bulgaria,BGR,1912,0.009084098
Bulgaria,BGR,1913,0.009666503
Bulgaria,BGR,1914,0.010713911
Bulgaria,BGR,1915,0.011204331
Bulgaria,BGR,1916,0.011806768
Bulgaria,BGR,1917,0.012575705
Bulgaria,BGR,1918,0.013585822
Bulgaria,BGR,1919,0.014007502
Bulgaria,BGR,1920,0.014588524
Bulgaria,BGR,1921,0.015442743
Bulgaria,BGR,1922,0.016356274
Bulgaria,BGR,1923,0.01723458
Bulgaria,BGR,1924,0.018258218
Bulgaria,BGR,1925,0.019187992
Bulgaria,BGR,1926,0.020048786
Bulgaria,BGR,1927,0.020834465
Bulgaria,BGR,1928,0.021817675
Bulgaria,BGR,1929,0.02294601
Bulgaria,BGR,1930,0.024004918
Bulgaria,BGR,1931,0.024990007
Bulgaria,BGR,1932,0.026234034
Bulgaria,BGR,1933,0.027203312
Bulgaria,BGR,1934,0.02813626
Bulgaria,BGR,1935,0.029014165
Bulgaria,BGR,1936,0.029807175
Bulgaria,BGR,1937,0.030671611
Bulgaria,BGR,1938,0.031763833
Bulgaria,BGR,1939,0.03293555
Bulgaria,BGR,1940,0.034311723
Bulgaria,BGR,1941,0.035767
Bulgaria,BGR,1942,0.03763465
Bulgaria,BGR,1943,0.03962414
Bulgaria,BGR,1944,0.040788583
Bulgaria,BGR,1945,0.04247185
Bulgaria,BGR,1946,0.043908197
Bulgaria,BGR,1947,0.04559977
Bulgaria,BGR,1948,0.04729211
Bulgaria,BGR,1949,0.049501125
Bulgaria,BGR,1950,0.051468506
Bulgaria,BGR,1951,0.053516567
Bulgaria,BGR,1952,0.05595472
Bulgaria,BGR,1953,0.058685355
Bulgaria,BGR,1954,0.061554402
Bulgaria,BGR,1955,0.06438149
Bulgaria,BGR,1956,0.067256294
Bulgaria,BGR,1957,0.070409246
Bulgaria,BGR,1958,0.07375235
Bulgaria,BGR,1959,0.07813061
Bulgaria,BGR,1960,0.082973935
Bulgaria,BGR,1961,0.08867954
Bulgaria,BGR,1962,0.09541427
Bulgaria,BGR,1963,0.102689676
Bulgaria,BGR,1964,0.11178259
Bulgaria,BGR,1965,0.12112414
Bulgaria,BGR,1966,0.13036174
Bulgaria,BGR,1967,0.14055671
Bulgaria,BGR,1968,0.15096673
Bulgaria,BGR,1969,0.16205244
Bulgaria,BGR,1970,0.17075244
Bulgaria,BGR,1971,0.17930962
Bulgaria,BGR,1972,0.1873967
Bulgaria,BGR,1973,0.19513546
Bulgaria,BGR,1974,0.20286138
Bulgaria,BGR,1975,0.21042654
Bulgaria,BGR,1976,0.21714938
Bulgaria,BGR,1977,0.22374667
Bulgaria,BGR,1978,0.23060179
Bulgaria,BGR,1979,0.23642243
Bulgaria,BGR,1980,0.24162754
Bulgaria,BGR,1981,0.24717443
Bulgaria,BGR,1982,0.2539769
Bulgaria,BGR,1983,0.26035768
Bulgaria,BGR,1984,0.26572007
Bulgaria,BGR,1985,0.27082852
Bulgaria,BGR,1986,0.27580956
Bulgaria,BGR,1987,0.28027618
Bulgaria,BGR,1988,0.28361982
Bulgaria,BGR,1989,0.28661627
Bulgaria,BGR,1990,0.28803915
Bulgaria,BGR,1991,0.28739837
Bulgaria,BGR,1992,0.28653446
Bulgaria,BGR,1993,0.28575817
Bulgaria,BGR,1994,0.28472656
Bulgaria,BGR,1995,0.283746
Bulgaria,BGR,1996,0.2826574
Bulgaria,BGR,1997,0.28130716
Bulgaria,BGR,1998,0.2797763
Bulgaria,BGR,1999,0.2775093
Bulgaria,BGR,2000,0.27508923
Bulgaria,BGR,2001,0.2730669
Bulgaria,BGR,2002,0.27073562
Bulgaria,BGR,2003,0.26856887
Bulgaria,BGR,2004,0.2662022
Bulgaria,BGR,2005,0.26381937
Bulgaria,BGR,2006,0.26144025
Bulgaria,BGR,2007,0.25929746
Bulgaria,BGR,2008,0.2570209
Bulgaria,BGR,2009,0.25432798
Bulgaria,BGR,2010,0.25157705
Bulgaria,BGR,2011,0.24913457
Bulgaria,BGR,2012,0.24638528
Bulgaria,BGR,2013,0.24332121
Bulgaria,BGR,2014,0.24054669
Bulgaria,BGR,2015,0.23810647
Bulgaria,BGR,2016,0.23559992
Bulgaria,BGR,2017,0.23325194
Bulgaria,BGR,2018,0.23065756
Bulgaria,BGR,2019,0.22805077
Bulgaria,BGR,2020,0.22548264
Bulgaria,BGR,2021,0.22313304
Bulgaria,BGR,2022,0.2210565
Bulgaria,BGR,2023,0.218311
Bulgaria,BGR,2024,0.21546406
Burkina Faso,BFA,1950,0.0000017478108
Burkina Faso,BFA,1951,0.0000031233246
Burkina Faso,BFA,1952,0.0000045893707
Burkina Faso,BFA,1953,0.0000057205825
Burkina Faso,BFA,1954,0.0000070071214
Burkina Faso,BFA,1955,0.000008202939
Burkina Faso,BFA,1956,0.000009530596
Burkina Faso,BFA,1957,0.000010810099
Burkina Faso,BFA,1958,0.000011759271
Burkina Faso,BFA,1959,0.000013861782
Burkina Faso,BFA,1960,0.000027696846
Burkina Faso,BFA,1961,0.00005569849
Burkina Faso,BFA,1962,0.00007976838
Burkina Faso,BFA,1963,0.000103374194
Burkina Faso,BFA,1964,0.0001316921
Burkina Faso,BFA,1965,0.00015605503
Burkina Faso,BFA,1966,0.00017866788
Burkina Faso,BFA,1967,0.00019968743
Burkina Faso,BFA,1968,0.00021903968
Burkina Faso,BFA,1969,0.00024113906
Burkina Faso,BFA,1970,0.00026627103
Burkina Faso,BFA,1971,0.0002909671
Burkina Faso,BFA,1972,0.00031589472
Burkina Faso,BFA,1973,0.00034004945
Burkina Faso,BFA,1974,0.00037004
Burkina Faso,BFA,1975,0.00040091533
Burkina Faso,BFA,1976,0.00042699164
Burkina Faso,BFA,1977,0.00045834537
Burkina Faso,BFA,1978,0.0005046284
Burkina Faso,BFA,1979,0.00055748725
Burkina Faso,BFA,1980,0.0006112799
Burkina Faso,BFA,1981,0.0006823253
Burkina Faso,BFA,1982,0.0007522184
Burkina Faso,BFA,1983,0.00082070427
Burkina Faso,BFA,1984,0.0008657475
Burkina Faso,BFA,1985,0.00090895896
Burkina Faso,BFA,1986,0.00094987085
Burkina Faso,BFA,1987,0.0009925788
Burkina Faso,BFA,1988,0.0010366252
Burkina Faso,BFA,1989,0.0011119228
Burkina Faso,BFA,1990,0.0011541491
Burkina Faso,BFA,1991,0.0011986764
Burkina Faso,BFA,1992,0.0012413497
Burkina Faso,BFA,1993,0.0012814914
Burkina Faso,BFA,1994,0.0013221242
Burkina Faso,BFA,1995,0.0013600644
Burkina Faso,BFA,1996,0.0014020274
Burkina Faso,BFA,1997,0.0014454906
Burkina Faso,BFA,1998,0.0014954176
Burkina Faso,BFA,1999,0.0015609943
Burkina Faso,BFA,2000,0.0016119406
Burkina Faso,BFA,2001,0.0016726514
Burkina Faso,BFA,2002,0.0017298785
Burkina Faso,BFA,2003,0.0017926475
Burkina Faso,BFA,2004,0.001844193
Burkina Faso,BFA,2005,0.0018913472
Burkina Faso,BFA,2006,0.0019439611
Burkina Faso,BFA,2007,0.002024598
Burkina Faso,BFA,2008,0.002116116
Burkina Faso,BFA,2009,0.0022054696
Burkina Faso,BFA,2010,0.0022986261
Burkina Faso,BFA,2011,0.0023971805
Burkina Faso,BFA,2012,0.002522834
Burkina Faso,BFA,2013,0.002655465
Burkina Faso,BFA,2014,0.0027853819
Burkina Faso,BFA,2015,0.0029670824
Burkina Faso,BFA,2016,0.0031562224
Burkina Faso,BFA,2017,0.0033756096
Burkina Faso,BFA,2018,0.0036207982
Burkina Faso,BFA,2019,0.003877894
Burkina Faso,BFA,2020,0.0041284594
Burkina Faso,BFA,2021,0.0044055167
Burkina Faso,BFA,2022,0.004681348
Burkina Faso,BFA,2023,0.0049312823
Burkina Faso,BFA,2024,0.0051802793
Burundi,BDI,1950,0.000003792314
Burundi,BDI,1951,0.000007381488
Burundi,BDI,1952,0.0000138592295
Burundi,BDI,1953,0.000019489204
Burundi,BDI,1954,0.000021409465
Burundi,BDI,1955,0.000023646933
Burundi,BDI,1956,0.000026176513
Burundi,BDI,1957,0.000028983106
Burundi,BDI,1958,0.00003160597
Burundi,BDI,1959,0.000043693977
Burundi,BDI,1960,0.000054177075
Burundi,BDI,1961,0.000067592664
Burundi,BDI,1962,0.00007900424
Burundi,BDI,1963,0.000090702844
Burundi,BDI,1964,0.000101548656
Burundi,BDI,1965,0.00010853672
Burundi,BDI,1966,0.00011788436
Burundi,BDI,1967,0.00012653042
Burundi,BDI,1968,0.00013626197
Burundi,BDI,1969,0.0001495379
Burundi,BDI,1970,0.0001589377
Burundi,BDI,1971,0.00016996359
Burundi,BDI,1972,0.00017995674
Burundi,BDI,1973,0.000188925
Burundi,BDI,1974,0.0002010298
Burundi,BDI,1975,0.00020944652
Burundi,BDI,1976,0.00021904665
Burundi,BDI,1977,0.00022982723
Burundi,BDI,1978,0.00024027102
Burundi,BDI,1979,0.000251082
Burundi,BDI,1980,0.00026731638
Burundi,BDI,1981,0.00028454725
Burundi,BDI,1982,0.00030083256
Burundi,BDI,1983,0.0003233364
Burundi,BDI,1984,0.00034646326
Burundi,BDI,1985,0.00036951157
Burundi,BDI,1986,0.00039161806
Burundi,BDI,1987,0.00041411025
Burundi,BDI,1988,0.0004320068
Burundi,BDI,1989,0.00045388017
Burundi,BDI,1990,0.00046697303
Burundi,BDI,1991,0.00048260557
Burundi,BDI,1992,0.0004952098
Burundi,BDI,1993,0.00050828804
Burundi,BDI,1994,0.0005213891
Burundi,BDI,1995,0.00053392054
Burundi,BDI,1996,0.00054580235
Burundi,BDI,1997,0.00055776146
Burundi,BDI,1998,0.000569183
Burundi,BDI,1999,0.0005801109
Burundi,BDI,2000,0.0005918912
Burundi,BDI,2001,0.00059685
Burundi,BDI,2002,0.00060193054
Burundi,BDI,2003,0.0006021167
Burundi,BDI,2004,0.0006043351
Burundi,BDI,2005,0.0006025327
Burundi,BDI,2006,0.0006027407
Burundi,BDI,2007,0.0006025002
Burundi,BDI,2008,0.0006031595
Burundi,BDI,2009,0.0006051539
Burundi,BDI,2010,0.0006149743
Burundi,BDI,2011,0.00062964746
Burundi,BDI,2012,0.0006418296
Burundi,BDI,2013,0.00065631693
Burundi,BDI,2014,0.00066457165
Burundi,BDI,2015,0.0006724867
Burundi,BDI,2016,0.00068476395
Burundi,BDI,2017,0.00070176506
Burundi,BDI,2018,0.00072558795
Burundi,BDI,2019,0.00075060915
Burundi,BDI,2020,0.0007786138
Burundi,BDI,2021,0.0008065477
Burundi,BDI,2022,0.0008389802
Burundi,BDI,2023,0.0008710768
Burundi,BDI,2024,0.0009024667
Cambodia,KHM,1955,0.000038622973
Cambodia,KHM,1956,0.00008572309
Cambodia,KHM,1957,0.00014045462
Cambodia,KHM,1958,0.00020456995
Cambodia,KHM,1959,0.0002695837
Cambodia,KHM,1960,0.00033741537
Cambodia,KHM,1961,0.00041734474
Cambodia,KHM,1962,0.00049888634
Cambodia,KHM,1963,0.0005986908
Cambodia,KHM,1964,0.0006767984
Cambodia,KHM,1965,0.0007603749
Cambodia,KHM,1966,0.0008543657
Cambodia,KHM,1967,0.00092826877
Cambodia,KHM,1968,0.0010143891
Cambodia,KHM,1969,0.0013006369
Cambodia,KHM,1970,0.0015262752
Cambodia,KHM,1971,0.0015224688
Cambodia,KHM,1972,0.0014884876
Cambodia,KHM,1973,0.0014534442
Cambodia,KHM,1974,0.0014128641
Cambodia,KHM,1975,0.0013750228
Cambodia,KHM,1976,0.0013374039
Cambodia,KHM,1977,0.0013010699
Cambodia,KHM,1978,0.0012656066
Cambodia,KHM,1979,0.0012282953
Cambodia,KHM,1980,0.0012361584
Cambodia,KHM,1981,0.0012469499
Cambodia,KHM,1982,0.0012631228
Cambodia,KHM,1983,0.0012824899
Cambodia,KHM,1984,0.001306192
Cambodia,KHM,1985,0.0013283141
Cambodia,KHM,1986,0.0013506841
Cambodia,KHM,1987,0.0013710745
Cambodia,KHM,1988,0.001390775
Cambodia,KHM,1989,0.0014088685
Cambodia,KHM,1990,0.0015253547
Cambodia,KHM,1991,0.0016398218
Cambodia,KHM,1992,0.0017546247
Cambodia,KHM,1993,0.0018672165
Cambodia,KHM,1994,0.0019780975
Cambodia,KHM,1995,0.0020901724
Cambodia,KHM,1996,0.0021969443
Cambodia,KHM,1997,0.002292752
Cambodia,KHM,1998,0.0024253118
Cambodia,KHM,1999,0.0025519924
Cambodia,KHM,2000,0.0026807408
Cambodia,KHM,2001,0.0028251165
Cambodia,KHM,2002,0.002953836
Cambodia,KHM,2003,0.0030815373
Cambodia,KHM,2004,0.0031991818
Cambodia,KHM,2005,0.003305887
Cambodia,KHM,2006,0.0034571164
Cambodia,KHM,2007,0.0036498918
Cambodia,KHM,2008,0.0038664895
Cambodia,KHM,2009,0.004123286
Cambodia,KHM,2010,0.0043984945
Cambodia,KHM,2011,0.004671229
Cambodia,KHM,2012,0.0049503227
Cambodia,KHM,2013,0.005218461
Cambodia,KHM,2014,0.0055457647
Cambodia,KHM,2015,0.005955775
Cambodia,KHM,2016,0.006505368
Cambodia,KHM,2017,0.0071187415
Cambodia,KHM,2018,0.007815173
Cambodia,KHM,2019,0.008760996
Cambodia,KHM,2020,0.009815779
Cambodia,KHM,2021,0.010804687
Cambodia,KHM,2022,0.011753123
Cambodia,KHM,2023,0.012688447
Cambodia,KHM,2024,0.013606997
Cameroon,CMR,1950,0.00006004224
Cameroon,CMR,1951,0.00013532113
Cameroon,CMR,1952,0.0002470219
Cameroon,CMR,1953,0.00032064857
Cameroon,CMR,1954,0.00040162337
Cameroon,CMR,1955,0.00047863767
Cameroon,CMR,1956,0.00055180985
Cameroon,CMR,1957,0.00062680186
Cameroon,CMR,1958,0.0007045792
Cameroon,CMR,1959,0.000776832
Cameroon,CMR,1960,0.00084110495
Cameroon,CMR,1961,0.0009049598
Cameroon,CMR,1962,0.00096639845
Cameroon,CMR,1963,0.0010259649
Cameroon,CMR,1964,0.0010907957
Cameroon,CMR,1965,0.0011430416
Cameroon,CMR,1966,0.0011992031
Cameroon,CMR,1967,0.0012802448
Cameroon,CMR,1968,0.0013659984
Cameroon,CMR,1969,0.0014593933
Cameroon,CMR,1970,0.0015580667
Cameroon,CMR,1971,0.0016867403
Cameroon,CMR,1972,0.0018150194
Cameroon,CMR,1973,0.0019387368
Cameroon,CMR,1974,0.0020698272
Cameroon,CMR,1975,0.0022289294
Cameroon,CMR,1976,0.0023601952
Cameroon,CMR,1977,0.002566894
Cameroon,CMR,1978,0.002833872
Cameroon,CMR,1979,0.0030503597
Cameroon,CMR,1980,0.0035969864
Cameroon,CMR,1981,0.004343617
Cameroon,CMR,1982,0.0052030995
Cameroon,CMR,1983,0.006048352
Cameroon,CMR,1984,0.006766955
Cameroon,CMR,1985,0.0074979505
Cameroon,CMR,1986,0.0075620245
Cameroon,CMR,1987,0.0075953836
Cameroon,CMR,1988,0.007659562
Cameroon,CMR,1989,0.008408869
Cameroon,CMR,1990,0.008494767
Cameroon,CMR,1991,0.008578735
Cameroon,CMR,1992,0.008670236
Cameroon,CMR,1993,0.008772266
Cameroon,CMR,1994,0.009091045
Cameroon,CMR,1995,0.009442083
Cameroon,CMR,1996,0.009831658
Cameroon,CMR,1997,0.010138845
Cameroon,CMR,1998,0.010431304
Cameroon,CMR,1999,0.010689055
Cameroon,CMR,2000,0.010962812
Cameroon,CMR,2001,0.011219182
Cameroon,CMR,2002,0.01143826
Cameroon,CMR,2003,0.011664198
Cameroon,CMR,2004,0.0118689025
Cameroon,CMR,2005,0.012030404
Cameroon,CMR,2006,0.012179145
Cameroon,CMR,2007,0.012466082
Cameroon,CMR,2008,0.012726423
Cameroon,CMR,2009,0.013073651
Cameroon,CMR,2010,0.013373737
Cameroon,CMR,2011,0.013627555
Cameroon,CMR,2012,0.013829005
Cameroon,CMR,2013,0.0140346205
Cameroon,CMR,2014,0.014290825
Cameroon,CMR,2015,0.01460647
Cameroon,CMR,2016,0.01491523
Cameroon,CMR,2017,0.015180546
Cameroon,CMR,2018,0.01544303
Cameroon,CMR,2019,0.01567624
Cameroon,CMR,2020,0.015923865
Cameroon,CMR,2021,0.016146524
Cameroon,CMR,2022,0.016357137
Cameroon,CMR,2023,0.016548451
Cameroon,CMR,2024,0.016723892
Canada,CAN,1785,0.00080092315
Canada,CAN,1786,0.001539756
Canada,CAN,1787,0.0022215992
Canada,CAN,1788,0.0028510015
Canada,CAN,1789,0.0034311719
Canada,CAN,1790,0.003965894
Canada,CAN,1791,0.004458519
Canada,CAN,1792,0.0049083414
Canada,CAN,1793,0.0053231334
Canada,CAN,1794,0.0057071256
Canada,CAN,1795,0.0060669584
Canada,CAN,1796,0.0064052115
Canada,CAN,1797,0.006722641
Canada,CAN,1798,0.007011127
Canada,CAN,1799,0.0072399415
Canada,CAN,1800,0.0074027632
Canada,CAN,1801,0.0075600804
Canada,CAN,1802,0.0076314164
Canada,CAN,1803,0.0077891545
Canada,CAN,1804,0.007917671
Canada,CAN,1805,0.008042003
Canada,CAN,1806,0.008146492
Canada,CAN,1807,0.008216194
Canada,CAN,1808,0.008286628
Canada,CAN,1809,0.00834614
Canada,CAN,1810,0.008378498
Canada,CAN,1811,0.008403796
Canada,CAN,1812,0.008423011
Canada,CAN,1813,0.008438353
Canada,CAN,1814,0.008446096
Canada,CAN,1815,0.008444801
Canada,CAN,1816,0.008431993
Canada,CAN,1817,0.008397895
Canada,CAN,1818,0.008354182
Canada,CAN,1819,0.008315871
Canada,CAN,1820,0.008281034
Canada,CAN,1821,0.008241697
Canada,CAN,1822,0.008195297
Canada,CAN,1823,0.008140908
Canada,CAN,1824,0.008084431
Canada,CAN,1825,0.008017942
Canada,CAN,1826,0.00795295
Canada,CAN,1827,0.00787477
Canada,CAN,1828,0.0077980054
Canada,CAN,1829,0.0077273934
Canada,CAN,1830,0.007582862
Canada,CAN,1831,0.0074679935
Canada,CAN,1832,0.0073647033
Canada,CAN,1833,0.0072648753
Canada,CAN,1834,0.007156107
Canada,CAN,1835,0.0070317015
Canada,CAN,1836,0.006892337
Canada,CAN,1837,0.0067649875
Canada,CAN,1838,0.0066475156
Canada,CAN,1839,0.0065300446
Canada,CAN,1840,0.006402293
Canada,CAN,1841,0.0062773344
Canada,CAN,1842,0.006148352
Canada,CAN,1843,0.0060236705
Canada,CAN,1844,0.005892662
Canada,CAN,1845,0.005751792
Canada,CAN,1846,0.0061617643
Canada,CAN,1847,0.006694518
Canada,CAN,1848,0.007348112
Canada,CAN,1849,0.008092359
Canada,CAN,1850,0.008987447
Canada,CAN,1851,0.010028999
Canada,CAN,1852,0.0112548405
Canada,CAN,1853,0.012703674
Canada,CAN,1854,0.014335554
Canada,CAN,1855,0.016246518
Canada,CAN,1856,0.018417694
Canada,CAN,1857,0.020959193
Canada,CAN,1858,0.02397914
Canada,CAN,1859,0.027416488
Canada,CAN,1860,0.031340793
Canada,CAN,1861,0.035845447
Canada,CAN,1862,0.04119505
Canada,CAN,1863,0.047652237
Canada,CAN,1864,0.054942373
Canada,CAN,1865,0.06331005
Canada,CAN,1866,0.07311668
Canada,CAN,1867,0.085239395
Canada,CAN,1868,0.09011563
Canada,CAN,1869,0.091999955
Canada,CAN,1870,0.098189466
Canada,CAN,1871,0.10805992
Canada,CAN,1872,0.1170177
Canada,CAN,1873,0.12304317
Canada,CAN,1874,0.12898345
Canada,CAN,1875,0.13564081
Canada,CAN,1876,0.14151622
Canada,CAN,1877,0.14778182
Canada,CAN,1878,0.15296589
Canada,CAN,1879,0.15868935
Canada,CAN,1880,0.17937922
Canada,CAN,1881,0.19978346
Canada,CAN,1882,0.22288296
Canada,CAN,1883,0.24706526
Canada,CAN,1884,0.27414873
Canada,CAN,1885,0.2973029
Canada,CAN,1886,0.32058895
Canada,CAN,1887,0.34658006
Canada,CAN,1888,0.38061652
Canada,CAN,1889,0.40453914
Canada,CAN,1890,0.4287867
Canada,CAN,1891,0.45502254
Canada,CAN,1892,0.47869864
Canada,CAN,1893,0.5035602
Canada,CAN,1894,0.52380663
Canada,CAN,1895,0.53944975
Canada,CAN,1896,0.55608034
Canada,CAN,1897,0.57073575
Canada,CAN,1898,0.5851873
Canada,CAN,1899,0.6043325
Canada,CAN,1900,0.623767
Canada,CAN,1901,0.64755213
Canada,CAN,1902,0.6723422
Canada,CAN,1903,0.6970821
Canada,CAN,1904,0.72894794
Canada,CAN,1905,0.7602566
Canada,CAN,1906,0.7909085
Canada,CAN,1907,0.82985836
Canada,CAN,1908,0.86748916
Canada,CAN,1909,0.89743084
Canada,CAN,1910,0.9318717
Canada,CAN,1911,0.97460127
Canada,CAN,1912,1.0209277
Canada,CAN,1913,1.0748576
Canada,CAN,1914,1.1155987
Canada,CAN,1915,1.1456081
Canada,CAN,1916,1.187266
Canada,CAN,1917,1.2332335
Canada,CAN,1918,1.2809014
Canada,CAN,1919,1.3179896
Canada,CAN,1920,1.3542873
Canada,CAN,1921,1.3901488
Canada,CAN,1922,1.4117967
Canada,CAN,1923,1.4475758
Canada,CAN,1924,1.4676563
Canada,CAN,1925,1.4844427
Canada,CAN,1926,1.5085965
Canada,CAN,1927,1.5330018
Canada,CAN,1928,1.5574654
Canada,CAN,1929,1.5809674
Canada,CAN,1930,1.6034764
Canada,CAN,1931,1.6166753
Canada,CAN,1932,1.6292479
Canada,CAN,1933,1.6389647
Canada,CAN,1934,1.6518697
Canada,CAN,1935,1.6615927
Canada,CAN,1936,1.6715621
Canada,CAN,1937,1.6825018
Canada,CAN,1938,1.6908785
Canada,CAN,1939,1.7019033
Canada,CAN,1940,1.715984
Canada,CAN,1941,1.7344593
Canada,CAN,1942,1.7578392
Canada,CAN,1943,1.7827508
Canada,CAN,1944,1.8067876
Canada,CAN,1945,1.8325849
Canada,CAN,1946,1.8582659
Canada,CAN,1947,1.8803574
Canada,CAN,1948,1.9057552
Canada,CAN,1949,1.9260443
Canada,CAN,1950,1.9432559
Canada,CAN,1951,1.9594854
Canada,CAN,1952,1.9728363
Canada,CAN,1953,1.9845304
Canada,CAN,1954,1.9954621
Canada,CAN,1955,2.0033424
Canada,CAN,1956,2.0146792
Canada,CAN,1957,2.0210307
Canada,CAN,1958,2.0251784
Canada,CAN,1959,2.0269005
Canada,CAN,1960,2.0276957
Canada,CAN,1961,2.0286689
Canada,CAN,1962,2.0314932
Canada,CAN,1963,2.0321865
Canada,CAN,1964,2.0372357
Canada,CAN,1965,2.043207
Canada,CAN,1966,2.0476973
Canada,CAN,1967,2.0557828
Canada,CAN,1968,2.0653443
Canada,CAN,1969,2.0709176
Canada,CAN,1970,2.0785964
Canada,CAN,1971,2.0854094
Canada,CAN,1972,2.0946941
Canada,CAN,1973,2.0996647
Canada,CAN,1974,2.1063256
Canada,CAN,1975,2.113988
Canada,CAN,1976,2.1180456
Canada,CAN,1977,2.1215267
Canada,CAN,1978,2.1236408
Canada,CAN,1979,2.1283379
Canada,CAN,1980,2.1332731
Canada,CAN,1981,2.1375961
Canada,CAN,1982,2.1397965
Canada,CAN,1983,2.140385
Canada,CAN,1984,2.141678
Canada,CAN,1985,2.1402884
Canada,CAN,1986,2.1357386
Canada,CAN,1987,2.133065
Canada,CAN,1988,2.1315076
Canada,CAN,1989,2.1301932
Canada,CAN,1990,2.1269445
Canada,CAN,1991,2.1216702
Canada,CAN,1992,2.1199796
Canada,CAN,1993,2.1178987
Canada,CAN,1994,2.1169958
Canada,CAN,1995,2.1162865
Canada,CAN,1996,2.1157503
Canada,CAN,1997,2.1163883
Canada,CAN,1998,2.1179383
Canada,CAN,1999,2.119685
Canada,CAN,2000,2.1221642
Canada,CAN,2001,2.1234462
Canada,CAN,2002,2.124041
Canada,CAN,2003,2.1234934
Canada,CAN,2004,2.1207848
Canada,CAN,2005,2.115939
Canada,CAN,2006,2.109262
Canada,CAN,2007,2.1032836
Canada,CAN,2008,2.095464
Canada,CAN,2009,2.0863554
Canada,CAN,2010,2.075863
Canada,CAN,2011,2.064754
Canada,CAN,2012,2.053422
Canada,CAN,2013,2.0426555
Canada,CAN,2014,2.0318947
Canada,CAN,2015,2.0215924
Canada,CAN,2016,2.011175
Canada,CAN,2017,2.0013041
Canada,CAN,2018,1.9914584
Canada,CAN,2019,1.9818633
Canada,CAN,2020,1.9716997
Canada,CAN,2021,1.9607812
Canada,CAN,2022,1.9501642
Canada,CAN,2023,1.9392604
Canada,CAN,2024,1.927623
Cape Verde,CPV,1950,0.00004424165
Cape Verde,CPV,1951,0.000075349264
Cape Verde,CPV,1952,0.00008832904
Cape Verde,CPV,1953,0.00009327959
Cape Verde,CPV,1954,0.000099341465
Cape Verde,CPV,1955,0.00010483378
Cape Verde,CPV,1956,0.00011251155
Cape Verde,CPV,1957,0.00011574501
Cape Verde,CPV,1958,0.00011743831
Cape Verde,CPV,1959,0.00012007725
Cape Verde,CPV,1960,0.0001235411
Cape Verde,CPV,1961,0.00012678913
Cape Verde,CPV,1962,0.00012859998
Cape Verde,CPV,1963,0.00012902118
Cape Verde,CPV,1964,0.00013340585
Cape Verde,CPV,1965,0.00013632284
Cape Verde,CPV,1966,0.00013788609
Cape Verde,CPV,1967,0.0001382627
Cape Verde,CPV,1968,0.00014114425
Cape Verde,CPV,1969,0.00014532148
Cape Verde,CPV,1970,0.00014882909
Cape Verde,CPV,1971,0.00015189752
Cape Verde,CPV,1972,0.00015771821
Cape Verde,CPV,1973,0.00016515763
Cape Verde,CPV,1974,0.00017286548
Cape Verde,CPV,1975,0.00018222327
Cape Verde,CPV,1976,0.00018996256
Cape Verde,CPV,1977,0.00019835979
Cape Verde,CPV,1978,0.00022866235
Cape Verde,CPV,1979,0.00026373658
Cape Verde,CPV,1980,0.00027530701
Cape Verde,CPV,1981,0.00027224948
Cape Verde,CPV,1982,0.00027000773
Cape Verde,CPV,1983,0.0002678235
Cape Verde,CPV,1984,0.00027256313
Cape Verde,CPV,1985,0.0002767659
Cape Verde,CPV,1986,0.00027705214
Cape Verde,CPV,1987,0.0002800421
Cape Verde,CPV,1988,0.00028160322
Cape Verde,CPV,1989,0.00028390976
Cape Verde,CPV,1990,0.00029815812
Cape Verde,CPV,1991,0.000309683
Cape Verde,CPV,1992,0.0003225573
Cape Verde,CPV,1993,0.000333426
Cape Verde,CPV,1994,0.00034447375
Cape Verde,CPV,1995,0.0003571462
Cape Verde,CPV,1996,0.0003712318
Cape Verde,CPV,1997,0.0003853108
Cape Verde,CPV,1998,0.00040020674
Cape Verde,CPV,1999,0.00041848375
Cape Verde,CPV,2000,0.0004366622
Cape Verde,CPV,2001,0.00045868708
Cape Verde,CPV,2002,0.00048276896
Cape Verde,CPV,2003,0.0005077069
Cape Verde,CPV,2004,0.0005322776
Cape Verde,CPV,2005,0.00055674306
Cape Verde,CPV,2006,0.00058346306
Cape Verde,CPV,2007,0.00060930935
Cape Verde,CPV,2008,0.0006310254
Cape Verde,CPV,2009,0.0006558649
Cape Verde,CPV,2010,0.0006810796
Cape Verde,CPV,2011,0.000708736
Cape Verde,CPV,2012,0.0007267469
Cape Verde,CPV,2013,0.00074321567
Cape Verde,CPV,2014,0.0007585561
Cape Verde,CPV,2015,0.0007734528
Cape Verde,CPV,2016,0.0007900348
Cape Verde,CPV,2017,0.0008081192
Cape Verde,CPV,2018,0.00082501746
Cape Verde,CPV,2019,0.000844516
Cape Verde,CPV,2020,0.0008576707
Cape Verde,CPV,2021,0.0008734472
Cape Verde,CPV,2022,0.00088867295
Cape Verde,CPV,2023,0.00090154004
Cape Verde,CPV,2024,0.00091483304
Central African Republic,CAF,1950,0.00002027469
Central African Republic,CAF,1951,0.00004604071
Central African Republic,CAF,1952,0.000078041776
Central African Republic,CAF,1953,0.00010325093
Central African Republic,CAF,1954,0.00012860978
Central African Republic,CAF,1955,0.00015192397
Central African Republic,CAF,1956,0.00018153791
Central African Republic,CAF,1957,0.0002117244
Central African Republic,CAF,1958,0.0002450784
Central African Republic,CAF,1959,0.00027090573
Central African Republic,CAF,1960,0.00029117387
Central African Republic,CAF,1961,0.00031021726
Central African Republic,CAF,1962,0.0003233576
Central African Republic,CAF,1963,0.00033522223
Central African Republic,CAF,1964,0.00034583287
Central African Republic,CAF,1965,0.00035939555
Central African Republic,CAF,1966,0.00037059395
Central African Republic,CAF,1967,0.00038263606
Central African Republic,CAF,1968,0.00041634674
Central African Republic,CAF,1969,0.00044789253
Central African Republic,CAF,1970,0.00048128233
Central African Republic,CAF,1971,0.000505897
Central African Republic,CAF,1972,0.0005248023
Central African Republic,CAF,1973,0.00053989276
Central African Republic,CAF,1974,0.00054433156
Central African Republic,CAF,1975,0.00054632174
Central African Republic,CAF,1976,0.00055214623
Central African Republic,CAF,1977,0.000557081
Central African Republic,CAF,1978,0.00056427973
Central African Republic,CAF,1979,0.0005629952
Central African Republic,CAF,1980,0.00056249404
Central African Republic,CAF,1981,0.0005672201
Central African Republic,CAF,1982,0.00057294604
Central African Republic,CAF,1983,0.00057875144
Central African Republic,CAF,1984,0.0005842949
Central African Republic,CAF,1985,0.0005905223
Central African Republic,CAF,1986,0.0005961575
Central African Republic,CAF,1987,0.0006143027
Central African Republic,CAF,1988,0.0006269227
Central African Republic,CAF,1989,0.00064094353
Central African Republic,CAF,1990,0.00064558984
Central African Republic,CAF,1991,0.00065049354
Central African Republic,CAF,1992,0.0006560866
Central African Republic,CAF,1993,0.000661637
Central African Republic,CAF,1994,0.0006679627
Central African Republic,CAF,1995,0.0006735769
Central African Republic,CAF,1996,0.0006787847
Central African Republic,CAF,1997,0.00068400643
Central African Republic,CAF,1998,0.00068939914
Central African Republic,CAF,1999,0.0006952435
Central African Republic,CAF,2000,0.00069019326
Central African Republic,CAF,2001,0.00068697805
Central African Republic,CAF,2002,0.00068121933
Central African Republic,CAF,2003,0.0006745708
Central African Republic,CAF,2004,0.00066863955
Central African Republic,CAF,2005,0.000662751
Central African Republic,CAF,2006,0.0006575166
Central African Republic,CAF,2007,0.0006532423
Central African Republic,CAF,2008,0.00064861233
Central African Republic,CAF,2009,0.00064475316
Central African Republic,CAF,2010,0.00064130535
Central African Republic,CAF,2011,0.00063642126
Central African Republic,CAF,2012,0.00063364
Central African Republic,CAF,2013,0.0006252817
Central African Republic,CAF,2014,0.0006192197
Central African Republic,CAF,2015,0.00061757024
Central African Republic,CAF,2016,0.00061883125
Central African Republic,CAF,2017,0.00062280655
Central African Republic,CAF,2018,0.0006254117
Central African Republic,CAF,2019,0.00063019234
Central African Republic,CAF,2020,0.0006367799
Central African Republic,CAF,2021,0.00064436754
Central African Republic,CAF,2022,0.0006520167
Central African Republic,CAF,2023,0.00065979897
Central African Republic,CAF,2024,0.00066737056
Chad,TCD,1950,0.00001276553
Chad,TCD,1951,0.00002898875
Chad,TCD,1952,0.000049137565
Chad,TCD,1953,0.00006501002
Chad,TCD,1954,0.00008097677
Chad,TCD,1955,0.000095656156
Chad,TCD,1956,0.00011430208
Chad,TCD,1957,0.00013330858
Chad,TCD,1958,0.00015430906
Chad,TCD,1959,0.00017057068
Chad,TCD,1960,0.0001832001
Chad,TCD,1961,0.00019391328
Chad,TCD,1962,0.00021387028
Chad,TCD,1963,0.00023448521
Chad,TCD,1964,0.0002555798
Chad,TCD,1965,0.00027706785
Chad,TCD,1966,0.0002908928
Chad,TCD,1967,0.0003121526
Chad,TCD,1968,0.00033338665
Chad,TCD,1969,0.00036146757
Chad,TCD,1970,0.00037808318
Chad,TCD,1971,0.00039884952
Chad,TCD,1972,0.00041113762
Chad,TCD,1973,0.0004303195
Chad,TCD,1974,0.00044600404
Chad,TCD,1975,0.00046713444
Chad,TCD,1976,0.00048608973
Chad,TCD,1977,0.0005060331
Chad,TCD,1978,0.0005234052
Chad,TCD,1979,0.00054045185
Chad,TCD,1980,0.00055770215
Chad,TCD,1981,0.0005743653
Chad,TCD,1982,0.0005896118
Chad,TCD,1983,0.00060383393
Chad,TCD,1984,0.0006183777
Chad,TCD,1985,0.00062624447
Chad,TCD,1986,0.00063443097
Chad,TCD,1987,0.00064307026
Chad,TCD,1988,0.0006332296
Chad,TCD,1989,0.0006283867
Chad,TCD,1990,0.0006574474
Chad,TCD,1991,0.00068584917
Chad,TCD,1992,0.00071499776
Chad,TCD,1993,0.0007420334
Chad,TCD,1994,0.00076933205
Chad,TCD,1995,0.0007960647
Chad,TCD,1996,0.00082251563
Chad,TCD,1997,0.0008485352
Chad,TCD,1998,0.00087443367
Chad,TCD,1999,0.00089957495
Chad,TCD,2000,0.0009242581
Chad,TCD,2001,0.00094929285
Chad,TCD,2002,0.00097498175
Chad,TCD,2003,0.0010294568
Chad,TCD,2004,0.0010824823
Chad,TCD,2005,0.0011339524
Chad,TCD,2006,0.0011842406
Chad,TCD,2007,0.0012417344
Chad,TCD,2008,0.001278883
Chad,TCD,2009,0.0013412836
Chad,TCD,2010,0.0014000807
Chad,TCD,2011,0.0014577496
Chad,TCD,2012,0.0015453885
Chad,TCD,2013,0.0016516222
Chad,TCD,2014,0.0017593625
Chad,TCD,2015,0.0018732856
Chad,TCD,2016,0.001983941
Chad,TCD,2017,0.0020863318
Chad,TCD,2018,0.0021857983
Chad,TCD,2019,0.0022753505
Chad,TCD,2020,0.0023670138
Chad,TCD,2021,0.002470622
Chad,TCD,2022,0.002576309
Chad,TCD,2023,0.002679427
Chad,TCD,2024,0.0027766176
Chile,CHL,1844,0.00064788724
Chile,CHL,1845,0.001549662
Chile,CHL,1846,0.002618463
Chile,CHL,1847,0.003837493
Chile,CHL,1848,0.005134918
Chile,CHL,1849,0.0074645006
Chile,CHL,1850,0.009129799
Chile,CHL,1851,0.010987452
Chile,CHL,1852,0.014041136
Chile,CHL,1853,0.01563615
Chile,CHL,1854,0.015025561
Chile,CHL,1855,0.016917573
Chile,CHL,1856,0.019705264
Chile,CHL,1857,0.025713338
Chile,CHL,1858,0.031311024
Chile,CHL,1859,0.033539534
Chile,CHL,1860,0.037733745
Chile,CHL,1861,0.03986451
Chile,CHL,1862,0.041740492
Chile,CHL,1863,0.04286636
Chile,CHL,1864,0.04532303
Chile,CHL,1865,0.04752161
Chile,CHL,1866,0.050977733
Chile,CHL,1867,0.057243172
Chile,CHL,1868,0.060999762
Chile,CHL,1869,0.064554945
Chile,CHL,1870,0.06719121
Chile,CHL,1871,0.0687924
Chile,CHL,1872,0.07335295
Chile,CHL,1873,0.07895508
Chile,CHL,1874,0.086982556
Chile,CHL,1875,0.09282598
Chile,CHL,1876,0.09892793
Chile,CHL,1877,0.10292982
Chile,CHL,1878,0.106019214
Chile,CHL,1879,0.10926109
Chile,CHL,1880,0.113584064
Chile,CHL,1881,0.117401734
Chile,CHL,1882,0.12116713
Chile,CHL,1883,0.12323848
Chile,CHL,1884,0.12530251
Chile,CHL,1885,0.12734638
Chile,CHL,1886,0.12849727
Chile,CHL,1887,0.1291309
Chile,CHL,1888,0.13186383
Chile,CHL,1889,0.13378797
Chile,CHL,1890,0.1349031
Chile,CHL,1891,0.13696606
Chile,CHL,1892,0.13737188
Chile,CHL,1893,0.13818231
Chile,CHL,1894,0.14140514
Chile,CHL,1895,0.14369866
Chile,CHL,1896,0.1463783
Chile,CHL,1897,0.14725462
Chile,CHL,1898,0.1485109
Chile,CHL,1899,0.14916943
Chile,CHL,1900,0.1493364
Chile,CHL,1901,0.14969704
Chile,CHL,1902,0.14939421
Chile,CHL,1903,0.1489516
Chile,CHL,1904,0.14803658
Chile,CHL,1905,0.1483522
Chile,CHL,1906,0.14837076
Chile,CHL,1907,0.15002485
Chile,CHL,1908,0.15127307
Chile,CHL,1909,0.15221646
Chile,CHL,1910,0.15276279
Chile,CHL,1911,0.15434517
Chile,CHL,1912,0.15649162
Chile,CHL,1913,0.15773253
Chile,CHL,1914,0.15787552
Chile,CHL,1915,0.15628932
Chile,CHL,1916,0.15523659
Chile,CHL,1917,0.15412778
Chile,CHL,1918,0.1526998
Chile,CHL,1919,0.15164948
Chile,CHL,1920,0.14925388
Chile,CHL,1921,0.14855668
Chile,CHL,1922,0.14637528
Chile,CHL,1923,0.14405009
Chile,CHL,1924,0.14289285
Chile,CHL,1925,0.14164758
Chile,CHL,1926,0.14047442
Chile,CHL,1927,0.13896997
Chile,CHL,1928,0.13740437
Chile,CHL,1929,0.13590245
Chile,CHL,1930,0.1345943
Chile,CHL,1931,0.13318904
Chile,CHL,1932,0.13209778
Chile,CHL,1933,0.1315071
Chile,CHL,1934,0.13108577
Chile,CHL,1935,0.13055156
Chile,CHL,1936,0.12999044
Chile,CHL,1937,0.1294848
Chile,CHL,1938,0.12924792
Chile,CHL,1939,0.12861848
Chile,CHL,1940,0.12813242
Chile,CHL,1941,0.12752163
Chile,CHL,1942,0.12698375
Chile,CHL,1943,0.12654415
Chile,CHL,1944,0.1260209
Chile,CHL,1945,0.12593722
Chile,CHL,1946,0.12567824
Chile,CHL,1947,0.12519471
Chile,CHL,1948,0.12471196
Chile,CHL,1949,0.124134004
Chile,CHL,1950,0.12500624
Chile,CHL,1951,0.12584734
Chile,CHL,1952,0.12685435
Chile,CHL,1953,0.12763622
Chile,CHL,1954,0.12857136
Chile,CHL,1955,0.12933408
Chile,CHL,1956,0.12991177
Chile,CHL,1957,0.130299
Chile,CHL,1958,0.13081013
Chile,CHL,1959,0.13118468
Chile,CHL,1960,0.13156155
Chile,CHL,1961,0.13221343
Chile,CHL,1962,0.13337968
Chile,CHL,1963,0.13445811
Chile,CHL,1964,0.13530445
Chile,CHL,1965,0.13598329
Chile,CHL,1966,0.13669364
Chile,CHL,1967,0.13734736
Chile,CHL,1968,0.13822329
Chile,CHL,1969,0.13907774
Chile,CHL,1970,0.13999741
Chile,CHL,1971,0.14121039
Chile,CHL,1972,0.14235353
Chile,CHL,1973,0.14304455
Chile,CHL,1974,0.14336269
Chile,CHL,1975,0.14308566
Chile,CHL,1976,0.14279498
Chile,CHL,1977,0.1422079
Chile,CHL,1978,0.14146052
Chile,CHL,1979,0.14096886
Chile,CHL,1980,0.1405935
Chile,CHL,1981,0.14024006
Chile,CHL,1982,0.13933542
Chile,CHL,1983,0.13847625
Chile,CHL,1984,0.13774839
Chile,CHL,1985,0.13682425
Chile,CHL,1986,0.135998
Chile,CHL,1987,0.13514777
Chile,CHL,1988,0.13475116
Chile,CHL,1989,0.13501926
Chile,CHL,1990,0.13529375
Chile,CHL,1991,0.13523306
Chile,CHL,1992,0.1354143
Chile,CHL,1993,0.13579021
Chile,CHL,1994,0.1365445
Chile,CHL,1995,0.13756959
Chile,CHL,1996,0.13914293
Chile,CHL,1997,0.14141132
Chile,CHL,1998,0.14371306
Chile,CHL,1999,0.14623441
Chile,CHL,2000,0.14826213
Chile,CHL,2001,0.14964637
Chile,CHL,2002,0.15106174
Chile,CHL,2003,0.1522465
Chile,CHL,2004,0.15360434
Chile,CHL,2005,0.15492722
Chile,CHL,2006,0.15629898
Chile,CHL,2007,0.15800439
Chile,CHL,2008,0.15956311
Chile,CHL,2009,0.16076091
Chile,CHL,2010,0.1620861
Chile,CHL,2011,0.16369765
Chile,CHL,2012,0.16528462
Chile,CHL,2013,0.16690388
Chile,CHL,2014,0.1681447
Chile,CHL,2015,0.1696107
Chile,CHL,2016,0.17117022
Chile,CHL,2017,0.17258972
Chile,CHL,2018,0.17388408
Chile,CHL,2019,0.1755372
Chile,CHL,2020,0.17662448
Chile,CHL,2021,0.17769164
Chile,CHL,2022,0.17876703
Chile,CHL,2023,0.179292
Chile,CHL,2024,0.17980689
China,CHN,1907,0.03226534
China,CHN,1908,0.06614644
China,CHN,1909,0.09929729
China,CHN,1910,0.13051757
China,CHN,1911,0.1585278
China,CHN,1912,0.1739934
China,CHN,1913,0.1965624
China,CHN,1914,0.22103912
China,CHN,1915,0.24235152
China,CHN,1916,0.26666668
China,CHN,1917,0.29075158
China,CHN,1918,0.31604162
China,CHN,1919,0.34439072
China,CHN,1920,0.37145904
China,CHN,1921,0.3969214
China,CHN,1922,0.42146608
China,CHN,1923,0.44863787
China,CHN,1924,0.47602564
China,CHN,1925,0.49924725
China,CHN,1926,0.519505
China,CHN,1927,0.53886867
China,CHN,1928,0.5584743
China,CHN,1929,0.576211
China,CHN,1930,0.5951636
China,CHN,1931,0.6164782
China,CHN,1932,0.6371619
China,CHN,1933,0.65877295
China,CHN,1934,0.68349636
China,CHN,1935,0.7127453
China,CHN,1936,0.74066
China,CHN,1937,0.76315355
China,CHN,1938,0.78009707
China,CHN,1939,0.80255395
China,CHN,1940,0.8310519
China,CHN,1941,0.8699895
China,CHN,1942,0.9141062
China,CHN,1943,0.94603217
China,CHN,1944,0.97294706
China,CHN,1945,0.97983617
China,CHN,1946,0.97552997
China,CHN,1947,0.97155803
China,CHN,1948,0.9649765
China,CHN,1949,0.9702267
China,CHN,1950,0.97941077
China,CHN,1951,0.9960358
China,CHN,1952,1.0220153
China,CHN,1953,1.0481945
China,CHN,1954,1.0829421
China,CHN,1955,1.1243187
China,CHN,1956,1.1706396
China,CHN,1957,1.2274163
China,CHN,1958,1.3726171
China,CHN,1959,1.572817
China,CHN,1960,1.7839648
China,CHN,1961,1.910669
China,CHN,1962,1.9941314
China,CHN,1963,2.0687423
China,CHN,1964,2.1366367
China,CHN,1965,2.2084856
China,CHN,1966,2.2858024
China,CHN,1967,2.332803
China,CHN,1968,2.3817894
China,CHN,1969,2.4499412
China,CHN,1970,2.5540097
China,CHN,1971,2.6703563
China,CHN,1972,2.7874167
China,CHN,1973,2.899604
China,CHN,1974,3.008509
China,CHN,1975,3.1406944
China,CHN,1976,3.2671158
China,CHN,1977,3.4031577
China,CHN,1978,3.553083
China,CHN,1979,3.6957955
China,CHN,1980,3.824733
China,CHN,1981,3.9460888
China,CHN,1982,4.0815396
China,CHN,1983,4.221469
China,CHN,1984,4.3722067
China,CHN,1985,4.531993
China,CHN,1986,4.695687
China,CHN,1987,4.8666515
China,CHN,1988,5.044795
China,CHN,1989,5.215915
China,CHN,1990,5.37672
China,CHN,1991,5.5418954
China,CHN,1992,5.7158175
China,CHN,1993,5.9001484
China,CHN,1994,6.0936127
China,CHN,1995,6.3016458
China,CHN,1996,6.510059
China,CHN,1997,6.7083936
China,CHN,1998,6.8818154
China,CHN,1999,7.062306
China,CHN,2000,7.2385316
China,CHN,2001,7.412603
China,CHN,2002,7.6086555
China,CHN,2003,7.8514495
China,CHN,2004,8.108455
China,CHN,2005,8.402756
China,CHN,2006,8.72535
China,CHN,2007,9.064746
China,CHN,2008,9.4238825
China,CHN,2009,9.799171
China,CHN,2010,10.197438
China,CHN,2011,10.633595
China,CHN,2012,11.062229
China,CHN,2013,11.479702
China,CHN,2014,11.878051
China,CHN,2015,12.250511
China,CHN,2016,12.599003
China,CHN,2017,12.943079
China,CHN,2018,13.287051
China,CHN,2019,13.634991
China,CHN,2020,13.994389
China,CHN,2021,14.34744
China,CHN,2022,14.704438
China,CHN,2023,15.067345
China,CHN,2024,15.417415
Christmas Island,CXR,1970,0.000016356125
Christmas Island,CXR,1971,0.000034884928
Christmas Island,CXR,1972,0.000052073345
Christmas Island,CXR,1973,0.000064872496
Christmas Island,CXR,1974,0.00008797833
Christmas Island,CXR,1975,0.00011170324
Christmas Island,CXR,1976,0.00013158293
Christmas Island,CXR,1977,0.00014396616
Christmas Island,CXR,1978,0.00015535783
Christmas Island,CXR,1979,0.0001671245
Christmas Island,CXR,1980,0.00017815859
Christmas Island,CXR,1981,0.00018925438
Christmas Island,CXR,1982,0.00019516404
Christmas Island,CXR,1983,0.00020179719
Christmas Island,CXR,1994,0.00014802124
Christmas Island,CXR,1995,0.00014424603
Christmas Island,CXR,1996,0.00014055205
Christmas Island,CXR,1997,0.00013702181
Christmas Island,CXR,1998,0.00013367593
Christmas Island,CXR,1999,0.0001304202
Christmas Island,CXR,2000,0.00012723723
Christmas Island,CXR,2001,0.00012418487
Christmas Island,CXR,2002,0.00012121227
Christmas Island,CXR,2003,0.00011823267
Christmas Island,CXR,2004,0.00011530027
Christmas Island,CXR,2005,0.00011241576
Christmas Island,CXR,2006,0.00010958213
Christmas Island,CXR,2007,0.00010681015
Christmas Island,CXR,2008,0.00010413006
Christmas Island,CXR,2009,0.00010162283
Christmas Island,CXR,2010,0.00009910005
Christmas Island,CXR,2011,0.000096617856
Christmas Island,CXR,2012,0.00009422527
Christmas Island,CXR,2013,0.000091927905
Christmas Island,CXR,2014,0.000089728404
Christmas Island,CXR,2015,0.00008763529
Christmas Island,CXR,2016,0.000085638196
Christmas Island,CXR,2017,0.00008369943
Christmas Island,CXR,2018,0.000081808284
Christmas Island,CXR,2019,0.00007998374
Christmas Island,CXR,2020,0.00007832766
Christmas Island,CXR,2021,0.000076663186
Christmas Island,CXR,2022,0.00007503999
Christmas Island,CXR,2023,0.00007346113
Christmas Island,CXR,2024,0.0000719277
Colombia,COL,1856,0.00015711959
Colombia,COL,1857,0.00043174377
Colombia,COL,1858,0.00070993294
Colombia,COL,1859,0.0007542612
Colombia,COL,1860,0.0008463165
Colombia,COL,1861,0.0009656624
Colombia,COL,1862,0.0012641917
Colombia,COL,1863,0.0014953048
Colombia,COL,1864,0.0016450016
Colombia,COL,1865,0.0016758321
Colombia,COL,1866,0.0024019515
Colombia,COL,1867,0.0027469215
Colombia,COL,1868,0.0032950433
Colombia,COL,1869,0.0033254945
Colombia,COL,1870,0.00363697
Colombia,COL,1871,0.0044328463
Colombia,COL,1872,0.005015516
Colombia,COL,1873,0.0053600543
Colombia,COL,1874,0.005664165
Colombia,COL,1875,0.005903232
Colombia,COL,1876,0.0060770456
Colombia,COL,1877,0.0062310076
Colombia,COL,1878,0.006328606
Colombia,COL,1879,0.0064428523
Colombia,COL,1880,0.006535526
Colombia,COL,1881,0.0065429066
Colombia,COL,1882,0.0066672764
Colombia,COL,1883,0.0068641556
Colombia,COL,1884,0.007198304
Colombia,COL,1885,0.007818126
Colombia,COL,1886,0.008584651
Colombia,COL,1887,0.009132347
Colombia,COL,1888,0.009825404
Colombia,COL,1889,0.009819763
Colombia,COL,1890,0.009751445
Colombia,COL,1891,0.00960937
Colombia,COL,1892,0.009450556
Colombia,COL,1893,0.0093523525
Colombia,COL,1894,0.009193232
Colombia,COL,1895,0.009089355
Colombia,COL,1896,0.00897777
Colombia,COL,1897,0.0088167405
Colombia,COL,1898,0.008644964
Colombia,COL,1899,0.008443641
Colombia,COL,1900,0.00828086
Colombia,COL,1901,0.008219369
Colombia,COL,1902,0.008146223
Colombia,COL,1903,0.007970995
Colombia,COL,1904,0.007733308
Colombia,COL,1905,0.007438608
Colombia,COL,1906,0.007158083
Colombia,COL,1907,0.006861798
Colombia,COL,1908,0.0065887272
Colombia,COL,1909,0.006336766
Colombia,COL,1910,0.0060826745
Colombia,COL,1911,0.005853831
Colombia,COL,1912,0.0056329016
Colombia,COL,1913,0.0054411897
Colombia,COL,1914,0.0052965255
Colombia,COL,1915,0.005152072
Colombia,COL,1916,0.0050161513
Colombia,COL,1917,0.0049030944
Colombia,COL,1918,0.0047932332
Colombia,COL,1919,0.004770652
Colombia,COL,1920,0.0047099604
Colombia,COL,1921,0.0047230194
Colombia,COL,1922,0.0048505412
Colombia,COL,1923,0.004968848
Colombia,COL,1924,0.0051016053
Colombia,COL,1925,0.0054603014
Colombia,COL,1926,0.006183827
Colombia,COL,1927,0.006789505
Colombia,COL,1928,0.007581696
Colombia,COL,1929,0.008296326
Colombia,COL,1930,0.008583256
Colombia,COL,1931,0.008897088
Colombia,COL,1932,0.009118252
Colombia,COL,1933,0.009546398
Colombia,COL,1934,0.009842771
Colombia,COL,1935,0.011181004
Colombia,COL,1936,0.012665717
Colombia,COL,1937,0.01404046
Colombia,COL,1938,0.015489567
Colombia,COL,1939,0.017826999
Colombia,COL,1940,0.019721275
Colombia,COL,1941,0.02131614
Colombia,COL,1942,0.022996727
Colombia,COL,1943,0.02440983
Colombia,COL,1944,0.026225196
Colombia,COL,1945,0.027995849
Colombia,COL,1946,0.030130375
Colombia,COL,1947,0.032131508
Colombia,COL,1948,0.0336849
Colombia,COL,1949,0.03550546
Colombia,COL,1950,0.037729017
Colombia,COL,1951,0.04014505
Colombia,COL,1952,0.042611655
Colombia,COL,1953,0.04576499
Colombia,COL,1954,0.048288077
Colombia,COL,1955,0.051431414
Colombia,COL,1956,0.05454698
Colombia,COL,1957,0.057807315
Colombia,COL,1958,0.060947347
Colombia,COL,1959,0.06452243
Colombia,COL,1960,0.067873254
Colombia,COL,1961,0.07158805
Colombia,COL,1962,0.075386345
Colombia,COL,1963,0.07938043
Colombia,COL,1964,0.08313503
Colombia,COL,1965,0.08687314
Colombia,COL,1966,0.09041481
Colombia,COL,1967,0.09396176
Colombia,COL,1968,0.09760104
Colombia,COL,1969,0.10115197
Colombia,COL,1970,0.104276605
Colombia,COL,1971,0.107476324
Colombia,COL,1972,0.110534884
Colombia,COL,1973,0.113645114
Colombia,COL,1974,0.1171205
Colombia,COL,1975,0.12025066
Colombia,COL,1976,0.123386435
Colombia,COL,1977,0.12643301
Colombia,COL,1978,0.1295351
Colombia,COL,1979,0.1327935
Colombia,COL,1980,0.13584793
Colombia,COL,1981,0.138844
Colombia,COL,1982,0.14191851
Colombia,COL,1983,0.1453161
Colombia,COL,1984,0.148328
Colombia,COL,1985,0.15093437
Colombia,COL,1986,0.15342622
Colombia,COL,1987,0.1558249
Colombia,COL,1988,0.1581862
Colombia,COL,1989,0.16047882
Colombia,COL,1990,0.16300353
Colombia,COL,1991,0.16526575
Colombia,COL,1992,0.16809428
Colombia,COL,1993,0.17095175
Colombia,COL,1994,0.17403522
Colombia,COL,1995,0.17603321
Colombia,COL,1996,0.17782643
Colombia,COL,1997,0.18006623
Colombia,COL,1998,0.1822584
Colombia,COL,1999,0.18324062
Colombia,COL,2000,0.18414615
Colombia,COL,2001,0.18500072
Colombia,COL,2002,0.18562278
Colombia,COL,2003,0.18612981
Colombia,COL,2004,0.18622278
Colombia,COL,2005,0.1866569
Colombia,COL,2006,0.1870985
Colombia,COL,2007,0.18723786
Colombia,COL,2008,0.18778381
Colombia,COL,2009,0.1887461
Colombia,COL,2010,0.18968086
Colombia,COL,2011,0.190392
Colombia,COL,2012,0.1912509
Colombia,COL,2013,0.19256274
Colombia,COL,2014,0.19416486
Colombia,COL,2015,0.19563323
Colombia,COL,2016,0.19707182
Colombia,COL,2017,0.19786243
Colombia,COL,2018,0.19897744
Colombia,COL,2019,0.20049097
Colombia,COL,2020,0.20177576
Colombia,COL,2021,0.20346722
Colombia,COL,2022,0.2042052
Colombia,COL,2023,0.20487916
Colombia,COL,2024,0.20561351
Comoros,COM,1959,0.0000036761414
Comoros,COM,1960,0.000007128494
Comoros,COM,1961,0.000010375974
Comoros,COM,1962,0.000013422951
Comoros,COM,1963,0.000016268772
Comoros,COM,1964,0.000018916413
Comoros,COM,1965,0.000022393586
Comoros,COM,1966,0.000026606218
Comoros,COM,1967,0.000030528547
Comoros,COM,1968,0.00003415108
Comoros,COM,1969,0.000037467194
Comoros,COM,1970,0.000043042437
Comoros,COM,1971,0.000048174425
Comoros,COM,1972,0.000052874475
Comoros,COM,1973,0.00005714958
Comoros,COM,1974,0.000061137485
Comoros,COM,1975,0.000065580614
Comoros,COM,1976,0.000071013004
Comoros,COM,1977,0.00007601952
Comoros,COM,1978,0.00007865397
Comoros,COM,1979,0.000079792524
Comoros,COM,1980,0.00008512697
Comoros,COM,1981,0.00009020536
Comoros,COM,1982,0.000095006544
Comoros,COM,1983,0.000099508805
Comoros,COM,1984,0.000103675084
Comoros,COM,1985,0.00010750319
Comoros,COM,1986,0.00011056193
Comoros,COM,1987,0.00011384419
Comoros,COM,1988,0.00011730052
Comoros,COM,1989,0.00012052036
Comoros,COM,1990,0.00012484343
Comoros,COM,1991,0.00012929743
Comoros,COM,1992,0.00013404613
Comoros,COM,1993,0.00013851417
Comoros,COM,1994,0.00014312797
Comoros,COM,1995,0.00014782237
Comoros,COM,1996,0.00015216791
Comoros,COM,1997,0.00015665028
Comoros,COM,1998,0.00016166318
Comoros,COM,1999,0.00016706719
Comoros,COM,2000,0.00017280428
Comoros,COM,2001,0.0001785799
Comoros,COM,2002,0.00018398887
Comoros,COM,2003,0.00019151738
Comoros,COM,2004,0.00019979027
Comoros,COM,2005,0.00020686976
Comoros,COM,2006,0.0002155417
Comoros,COM,2007,0.00021862242
Comoros,COM,2008,0.00022174252
Comoros,COM,2009,0.00022676168
Comoros,COM,2010,0.00023314447
Comoros,COM,2011,0.00023768525
Comoros,COM,2012,0.00024270146
Comoros,COM,2013,0.00024944625
Comoros,COM,2014,0.00025460127
Comoros,COM,2015,0.00026049168
Comoros,COM,2016,0.0002677668
Comoros,COM,2017,0.00027830637
Comoros,COM,2018,0.00028959682
Comoros,COM,2019,0.00030186702
Comoros,COM,2020,0.00031741042
Comoros,COM,2021,0.0003393877
Comoros,COM,2022,0.00036219857
Comoros,COM,2023,0.00038452106
Comoros,COM,2024,0.0004063276
Congo,COG,1950,0.00003829702
Congo,COG,1951,0.00008696625
Congo,COG,1952,0.0001474131
Congo,COG,1953,0.00019503046
Congo,COG,1954,0.00024293033
Congo,COG,1955,0.00028696845
Congo,COG,1956,0.00034290587
Congo,COG,1957,0.00039992505
Congo,COG,1958,0.00046292684
Congo,COG,1959,0.0005117117
Congo,COG,1960,0.0005686093
Congo,COG,1961,0.00063592516
Congo,COG,1962,0.00068970944
Congo,COG,1963,0.000738162
Congo,COG,1964,0.000791961
Congo,COG,1965,0.0008352748
Congo,COG,1966,0.0008914011
Congo,COG,1967,0.00094695174
Congo,COG,1968,0.0010296957
Congo,COG,1969,0.0011174092
Congo,COG,1970,0.0012125864
Congo,COG,1971,0.0013252903
Congo,COG,1972,0.0014232801
Congo,COG,1973,0.001629222
Congo,COG,1974,0.0019031609
Congo,COG,1975,0.002055768
Congo,COG,1976,0.0022206143
Congo,COG,1977,0.0022338936
Congo,COG,1978,0.0022156981
Congo,COG,1979,0.0022012647
Congo,COG,1980,0.0021976584
Congo,COG,1981,0.002206639
Congo,COG,1982,0.0023518773
Congo,COG,1983,0.002457766
Congo,COG,1984,0.0025552225
Congo,COG,1985,0.002664065
Congo,COG,1986,0.0027360807
Congo,COG,1987,0.0028364009
Congo,COG,1988,0.0029507128
Congo,COG,1989,0.0030578785
Congo,COG,1990,0.0030966331
Congo,COG,1991,0.0031404975
Congo,COG,1992,0.0032087313
Congo,COG,1993,0.0032578951
Congo,COG,1994,0.0035511917
Congo,COG,1995,0.0038103457
Congo,COG,1996,0.004139423
Congo,COG,1997,0.004533106
Congo,COG,1998,0.0048112976
Congo,COG,1999,0.0050780703
Congo,COG,2000,0.0053639896
Congo,COG,2001,0.005625391
Congo,COG,2002,0.00573865
Congo,COG,2003,0.0058872127
Congo,COG,2004,0.006048826
Congo,COG,2005,0.0062653474
Congo,COG,2006,0.006501729
Congo,COG,2007,0.0066793123
Congo,COG,2008,0.0068460396
Congo,COG,2009,0.007058928
Congo,COG,2010,0.0072934893
Congo,COG,2011,0.007477395
Congo,COG,2012,0.007647728
Congo,COG,2013,0.00786839
Congo,COG,2014,0.0080492245
Congo,COG,2015,0.008232858
Congo,COG,2016,0.008414005
Congo,COG,2017,0.008579137
Congo,COG,2018,0.008787848
Congo,COG,2019,0.009030469
Congo,COG,2020,0.009295619
Congo,COG,2021,0.009524211
Congo,COG,2022,0.009814958
Congo,COG,2023,0.010065458
Congo,COG,2024,0.010333404
Cook Islands,COK,1969,0.0000026762282
Cook Islands,COK,1970,0.0000051650923
Cook Islands,COK,1971,0.000007475342
Cook Islands,COK,1972,0.000009613541
Cook Islands,COK,1973,0.000011584374
Cook Islands,COK,1974,0.000013420424
Cook Islands,COK,1975,0.000015854654
Cook Islands,COK,1976,0.000018101355
Cook Islands,COK,1977,0.000022873128
Cook Islands,COK,1978,0.000027301377
Cook Islands,COK,1979,0.000030786094
Cook Islands,COK,1980,0.00003465884
Cook Islands,COK,1981,0.000044218315
Cook Islands,COK,1982,0.000050937244
Cook Islands,COK,1983,0.000057259254
Cook Islands,COK,1984,0.000058857207
Cook Islands,COK,1985,0.000060306666
Cook Islands,COK,1986,0.00006164974
Cook Islands,COK,1987,0.00006286179
Cook Islands,COK,1988,0.0000639384
Cook Islands,COK,1989,0.00006493151
Cook Islands,COK,1990,0.000068096415
Cook Islands,COK,1991,0.00007104739
Cook Islands,COK,1992,0.00007389722
Cook Islands,COK,1993,0.00007699881
Cook Islands,COK,1994,0.00007992331
Cook Islands,COK,1995,0.00008265337
Cook Islands,COK,1996,0.00008595745
Cook Islands,COK,1997,0.00008908305
Cook Islands,COK,1998,0.00009206331
Cook Islands,COK,1999,0.00009485105
Cook Islands,COK,2000,0.000097443386
Cook Islands,COK,2001,0.000100237376
Cook Islands,COK,2002,0.00010184502
Cook Islands,COK,2003,0.00010357572
Cook Islands,COK,2004,0.000105453684
Cook Islands,COK,2005,0.00010777048
Cook Islands,COK,2006,0.00011048777
Cook Islands,COK,2007,0.00011298925
Cook Islands,COK,2008,0.00011531758
Cook Islands,COK,2009,0.00011730017
Cook Islands,COK,2010,0.00011957527
Cook Islands,COK,2011,0.00012216969
Cook Islands,COK,2012,0.00012485497
Cook Islands,COK,2013,0.0001273822
Cook Islands,COK,2014,0.0001297725
Cook Islands,COK,2015,0.00013181508
Cook Islands,COK,2016,0.00013376544
Cook Islands,COK,2017,0.00013557925
Cook Islands,COK,2018,0.0001372486
Cook Islands,COK,2019,0.0001390351
Cook Islands,COK,2020,0.00014004036
Cook Islands,COK,2021,0.00014128836
Cook Islands,COK,2022,0.000142638
Cook Islands,COK,2023,0.00014386662
Cook Islands,COK,2024,0.00014519443
Costa Rica,CRI,1870,2.541742e-8
Costa Rica,CRI,1871,8.8905374e-8
Costa Rica,CRI,1872,1.4611264e-7
Costa Rica,CRI,1873,3.0714926e-7
Costa Rica,CRI,1874,7.4111387e-7
Costa Rica,CRI,1875,8.8094885e-7
Costa Rica,CRI,1876,0.0000010399104
Costa Rica,CRI,1877,0.000001556923
Costa Rica,CRI,1878,0.00000468747
Costa Rica,CRI,1879,0.000009788265
Costa Rica,CRI,1880,0.000012284742
Costa Rica,CRI,1881,0.000012212733
Costa Rica,CRI,1882,0.0000120540835
Costa Rica,CRI,1883,0.0000146769735
Costa Rica,CRI,1884,0.00002183665
Costa Rica,CRI,1885,0.000025770902
Costa Rica,CRI,1886,0.000034972767
Costa Rica,CRI,1887,0.000039860024
Costa Rica,CRI,1888,0.000040396353
Costa Rica,CRI,1889,0.000058397436
Costa Rica,CRI,1890,0.00011108184
Costa Rica,CRI,1891,0.0001457545
Costa Rica,CRI,1892,0.00025059065
Costa Rica,CRI,1893,0.0003247902
Costa Rica,CRI,1894,0.00039679089
Costa Rica,CRI,1895,0.0004449825
Costa Rica,CRI,1896,0.0004970371
Costa Rica,CRI,1897,0.0005360201
Costa Rica,CRI,1898,0.00059340516
Costa Rica,CRI,1899,0.00063639635
Costa Rica,CRI,1900,0.0006759756
Costa Rica,CRI,1901,0.0007146366
Costa Rica,CRI,1902,0.00072963693
Costa Rica,CRI,1903,0.0007719095
Costa Rica,CRI,1904,0.00080388767
Costa Rica,CRI,1905,0.0008125697
Costa Rica,CRI,1906,0.00090801436
Costa Rica,CRI,1907,0.0009662828
Costa Rica,CRI,1908,0.0010641592
Costa Rica,CRI,1909,0.0010952137
Costa Rica,CRI,1910,0.0011871421
Costa Rica,CRI,1911,0.001287977
Costa Rica,CRI,1912,0.0013798136
Costa Rica,CRI,1913,0.0014592619
Costa Rica,CRI,1914,0.0015218258
Costa Rica,CRI,1915,0.0015491239
Costa Rica,CRI,1916,0.0015546757
Costa Rica,CRI,1917,0.0015239203
Costa Rica,CRI,1918,0.0014732054
Costa Rica,CRI,1919,0.0014590998
Costa Rica,CRI,1920,0.0014438306
Costa Rica,CRI,1921,0.001409726
Costa Rica,CRI,1922,0.0013732678
Costa Rica,CRI,1923,0.0013356193
Costa Rica,CRI,1924,0.0013010876
Costa Rica,CRI,1925,0.0012634633
Costa Rica,CRI,1926,0.0012274876
Costa Rica,CRI,1927,0.001190463
Costa Rica,CRI,1928,0.0011699317
Costa Rica,CRI,1929,0.0011481039
Costa Rica,CRI,1930,0.0011238948
Costa Rica,CRI,1931,0.0011004194
Costa Rica,CRI,1932,0.0010813233
Costa Rica,CRI,1933,0.0010575341
Costa Rica,CRI,1934,0.0010328194
Costa Rica,CRI,1935,0.0010126852
Costa Rica,CRI,1936,0.0009870039
Costa Rica,CRI,1937,0.00096529786
Costa Rica,CRI,1938,0.0009419617
Costa Rica,CRI,1939,0.0009182733
Costa Rica,CRI,1940,0.00089561037
Costa Rica,CRI,1941,0.0008717478
Costa Rica,CRI,1942,0.0008494094
Costa Rica,CRI,1943,0.0008277874
Costa Rica,CRI,1944,0.00080959586
Costa Rica,CRI,1945,0.0007928862
Costa Rica,CRI,1946,0.00077567954
Costa Rica,CRI,1947,0.00075724855
Costa Rica,CRI,1948,0.00074202905
Costa Rica,CRI,1949,0.0007251085
Costa Rica,CRI,1950,0.00082997384
Costa Rica,CRI,1951,0.0009387743
Costa Rica,CRI,1952,0.0010726583
Costa Rica,CRI,1953,0.0012162633
Costa Rica,CRI,1954,0.0013418046
Costa Rica,CRI,1955,0.0014352428
Costa Rica,CRI,1956,0.0015704598
Costa Rica,CRI,1957,0.0016886932
Costa Rica,CRI,1958,0.0017937623
Costa Rica,CRI,1959,0.0018693052
Costa Rica,CRI,1960,0.0019716104
Costa Rica,CRI,1961,0.002067689
Costa Rica,CRI,1962,0.0021739472
Costa Rica,CRI,1963,0.002285751
Costa Rica,CRI,1964,0.0024081194
Costa Rica,CRI,1965,0.0025674526
Costa Rica,CRI,1966,0.0027524605
Costa Rica,CRI,1967,0.0028926523
Costa Rica,CRI,1968,0.0030596876
Costa Rica,CRI,1969,0.0032362302
Costa Rica,CRI,1970,0.00341632
Costa Rica,CRI,1971,0.003642413
Costa Rica,CRI,1972,0.0038983084
Costa Rica,CRI,1973,0.004188695
Costa Rica,CRI,1974,0.0044312724
Costa Rica,CRI,1975,0.004683632
Costa Rica,CRI,1976,0.004920215
Costa Rica,CRI,1977,0.0052330513
Costa Rica,CRI,1978,0.005572944
Costa Rica,CRI,1979,0.0058632363
Costa Rica,CRI,1980,0.0060805134
Costa Rica,CRI,1981,0.0062554353
Costa Rica,CRI,1982,0.006395668
Costa Rica,CRI,1983,0.006528979
Costa Rica,CRI,1984,0.006633442
Costa Rica,CRI,1985,0.006762851
Costa Rica,CRI,1986,0.00692872
Costa Rica,CRI,1987,0.007098743
Costa Rica,CRI,1988,0.007275472
Costa Rica,CRI,1989,0.007443077
Costa Rica,CRI,1990,0.007593889
Costa Rica,CRI,1991,0.007776986
Costa Rica,CRI,1992,0.008009616
Costa Rica,CRI,1993,0.008244816
Costa Rica,CRI,1994,0.008611398
Costa Rica,CRI,1995,0.008911109
Costa Rica,CRI,1996,0.009176771
Costa Rica,CRI,1997,0.009451086
Costa Rica,CRI,1998,0.009744316
Costa Rica,CRI,1999,0.010038015
Costa Rica,CRI,2000,0.010306487
Costa Rica,CRI,2001,0.01058565
Costa Rica,CRI,2002,0.010898605
Costa Rica,CRI,2003,0.011213048
Costa Rica,CRI,2004,0.0115241585
Costa Rica,CRI,2005,0.011798729
Costa Rica,CRI,2006,0.012076085
Costa Rica,CRI,2007,0.012405567
Costa Rica,CRI,2008,0.01271546
Costa Rica,CRI,2009,0.0129971
Costa Rica,CRI,2010,0.0132303815
Costa Rica,CRI,2011,0.013427574
Costa Rica,CRI,2012,0.013606331
Costa Rica,CRI,2013,0.013798739
Costa Rica,CRI,2014,0.013988179
Costa Rica,CRI,2015,0.014146349
Costa Rica,CRI,2016,0.014328062
Costa Rica,CRI,2017,0.0145063
Costa Rica,CRI,2018,0.014668575
Costa Rica,CRI,2019,0.014802098
Costa Rica,CRI,2020,0.014893375
Costa Rica,CRI,2021,0.015018727
Costa Rica,CRI,2022,0.015152662
Costa Rica,CRI,2023,0.015301807
Costa Rica,CRI,2024,0.01545616
Cote d'Ivoire,CIV,1950,0.00023771994
Cote d'Ivoire,CIV,1951,0.0004248007
Cote d'Ivoire,CIV,1952,0.0006241793
Cote d'Ivoire,CIV,1953,0.00077801
Cote d'Ivoire,CIV,1954,0.0009529685
Cote d'Ivoire,CIV,1955,0.0011156178
Cote d'Ivoire,CIV,1956,0.0012961936
Cote d'Ivoire,CIV,1957,0.0014702221
Cote d'Ivoire,CIV,1958,0.001599308
Cote d'Ivoire,CIV,1959,0.0017345264
Cote d'Ivoire,CIV,1960,0.0018314293
Cote d'Ivoire,CIV,1961,0.0019512598
Cote d'Ivoire,CIV,1962,0.0020721685
Cote d'Ivoire,CIV,1963,0.002193573
Cote d'Ivoire,CIV,1964,0.002344059
Cote d'Ivoire,CIV,1965,0.0025961294
Cote d'Ivoire,CIV,1966,0.002846373
Cote d'Ivoire,CIV,1967,0.003109619
Cote d'Ivoire,CIV,1968,0.0034109547
Cote d'Ivoire,CIV,1969,0.0037569785
Cote d'Ivoire,CIV,1970,0.004152304
Cote d'Ivoire,CIV,1971,0.004562866
Cote d'Ivoire,CIV,1972,0.004993834
Cote d'Ivoire,CIV,1973,0.0054203286
Cote d'Ivoire,CIV,1974,0.005892684
Cote d'Ivoire,CIV,1975,0.0064798687
Cote d'Ivoire,CIV,1976,0.007012535
Cote d'Ivoire,CIV,1977,0.0075202137
Cote d'Ivoire,CIV,1978,0.008120535
Cote d'Ivoire,CIV,1979,0.00877812
Cote d'Ivoire,CIV,1980,0.009419604
Cote d'Ivoire,CIV,1981,0.009755445
Cote d'Ivoire,CIV,1982,0.010337685
Cote d'Ivoire,CIV,1983,0.01072666
Cote d'Ivoire,CIV,1984,0.01117558
Cote d'Ivoire,CIV,1985,0.011852882
Cote d'Ivoire,CIV,1986,0.012291481
Cote d'Ivoire,CIV,1987,0.012933938
Cote d'Ivoire,CIV,1988,0.01371719
Cote d'Ivoire,CIV,1989,0.014382797
Cote d'Ivoire,CIV,1990,0.014570137
Cote d'Ivoire,CIV,1991,0.014681878
Cote d'Ivoire,CIV,1992,0.014744859
Cote d'Ivoire,CIV,1993,0.014943419
Cote d'Ivoire,CIV,1994,0.015021302
Cote d'Ivoire,CIV,1995,0.015313347
Cote d'Ivoire,CIV,1996,0.015716504
Cote d'Ivoire,CIV,1997,0.016064666
Cote d'Ivoire,CIV,1998,0.01635062
Cote d'Ivoire,CIV,1999,0.016550096
Cote d'Ivoire,CIV,2000,0.016780447
Cote d'Ivoire,CIV,2001,0.017092483
Cote d'Ivoire,CIV,2002,0.017362311
Cote d'Ivoire,CIV,2003,0.017406706
Cote d'Ivoire,CIV,2004,0.017615298
Cote d'Ivoire,CIV,2005,0.017814267
Cote d'Ivoire,CIV,2006,0.017932674
Cote d'Ivoire,CIV,2007,0.018013349
Cote d'Ivoire,CIV,2008,0.018086897
Cote d'Ivoire,CIV,2009,0.018083856
Cote d'Ivoire,CIV,2010,0.01809873
Cote d'Ivoire,CIV,2011,0.01811927
Cote d'Ivoire,CIV,2012,0.018275587
Cote d'Ivoire,CIV,2013,0.018499035
Cote d'Ivoire,CIV,2014,0.018724525
Cote d'Ivoire,CIV,2015,0.018917294
Cote d'Ivoire,CIV,2016,0.019257525
Cote d'Ivoire,CIV,2017,0.01957684
Cote d'Ivoire,CIV,2018,0.019775134
Cote d'Ivoire,CIV,2019,0.019967861
Cote d'Ivoire,CIV,2020,0.020203326
Cote d'Ivoire,CIV,2021,0.020561703
Cote d'Ivoire,CIV,2022,0.020944677
Cote d'Ivoire,CIV,2023,0.021280149
Cote d'Ivoire,CIV,2024,0.021637872
Croatia,HRV,1885,0.000020914715
Croatia,HRV,1890,0.000067070396
Croatia,HRV,1891,0.00012015878
Croatia,HRV,1892,0.00017441052
Croatia,HRV,1893,0.00026843604
Croatia,HRV,1894,0.00044282211
Croatia,HRV,1895,0.0006022597
Croatia,HRV,1896,0.0007676095
Croatia,HRV,1897,0.00087785465
Croatia,HRV,1898,0.0010474644
Croatia,HRV,1899,0.0012320462
Croatia,HRV,1900,0.0014761098
Croatia,HRV,1901,0.001723692
Croatia,HRV,1902,0.0019300594
Croatia,HRV,1903,0.0021347187
Croatia,HRV,1904,0.0023393508
Croatia,HRV,1905,0.0025446105
Croatia,HRV,1906,0.0027854026
Croatia,HRV,1907,0.0029948065
Croatia,HRV,1908,0.0032158764
Croatia,HRV,1909,0.0034218177
Croatia,HRV,1910,0.0035998754
Croatia,HRV,1911,0.0037867196
Croatia,HRV,1912,0.0039583957
Croatia,HRV,1913,0.004656903
Croatia,HRV,1919,0.004235043
Croatia,HRV,1920,0.004732947
Croatia,HRV,1921,0.0052592983
Croatia,HRV,1922,0.006040113
Croatia,HRV,1923,0.0068321265
Croatia,HRV,1924,0.007597475
Croatia,HRV,1925,0.00840719
Croatia,HRV,1926,0.00914644
Croatia,HRV,1927,0.009942005
Croatia,HRV,1928,0.010816685
Croatia,HRV,1929,0.011736081
Croatia,HRV,1930,0.012557214
Croatia,HRV,1931,0.013270829
Croatia,HRV,1932,0.013897434
Croatia,HRV,1933,0.014414059
Croatia,HRV,1934,0.014912764
Croatia,HRV,1935,0.015408175
Croatia,HRV,1936,0.01583441
Croatia,HRV,1937,0.016303476
Croatia,HRV,1938,0.01672521
Croatia,HRV,1939,0.017143827
Croatia,HRV,1940,0.017637976
Croatia,HRV,1943,0.016314812
Croatia,HRV,1944,0.015903944
Croatia,HRV,1945,0.015995296
Croatia,HRV,1946,0.016457973
Croatia,HRV,1947,0.017163819
Croatia,HRV,1948,0.01795205
Croatia,HRV,1949,0.01889184
Croatia,HRV,1950,0.019676019
Croatia,HRV,1951,0.020316405
Croatia,HRV,1952,0.020918947
Croatia,HRV,1953,0.021468928
Croatia,HRV,1954,0.022187036
Croatia,HRV,1955,0.022993125
Croatia,HRV,1956,0.023914313
Croatia,HRV,1957,0.02489146
Croatia,HRV,1958,0.025769003
Croatia,HRV,1959,0.026787132
Croatia,HRV,1960,0.027859421
Croatia,HRV,1961,0.028956426
Croatia,HRV,1962,0.03000859
Croatia,HRV,1963,0.031161163
Croatia,HRV,1964,0.03246175
Croatia,HRV,1965,0.03370417
Croatia,HRV,1966,0.034799844
Croatia,HRV,1967,0.03581595
Croatia,HRV,1968,0.03685071
Croatia,HRV,1969,0.037820306
Croatia,HRV,1970,0.03927842
Croatia,HRV,1971,0.040789373
Croatia,HRV,1972,0.041952405
Croatia,HRV,1973,0.04345212
Croatia,HRV,1974,0.044866145
Croatia,HRV,1975,0.04630773
Croatia,HRV,1976,0.047667302
Croatia,HRV,1977,0.04881391
Croatia,HRV,1978,0.050140392
Croatia,HRV,1979,0.051590372
Croatia,HRV,1980,0.052903384
Croatia,HRV,1981,0.054430697
Croatia,HRV,1982,0.055632867
Croatia,HRV,1983,0.056960594
Croatia,HRV,1984,0.058322042
Croatia,HRV,1985,0.059607666
Croatia,HRV,1986,0.060925145
Croatia,HRV,1987,0.06204373
Croatia,HRV,1988,0.063122414
Croatia,HRV,1989,0.06410906
Croatia,HRV,1990,0.06513891
Croatia,HRV,1991,0.06536577
Croatia,HRV,1992,0.06556024
Croatia,HRV,1993,0.06577681
Croatia,HRV,1994,0.06588171
Croatia,HRV,1995,0.06602502
Croatia,HRV,1996,0.06616644
Croatia,HRV,1997,0.06641756
Croatia,HRV,1998,0.06670937
Croatia,HRV,1999,0.06705386
Croatia,HRV,2000,0.067297444
Croatia,HRV,2001,0.067622855
Croatia,HRV,2002,0.06800145
Croatia,HRV,2003,0.068394534
Croatia,HRV,2004,0.06867932
Croatia,HRV,2005,0.06893011
Croatia,HRV,2006,0.069128476
Croatia,HRV,2007,0.069371544
Croatia,HRV,2008,0.06947194
Croatia,HRV,2009,0.06946122
Croatia,HRV,2010,0.06929992
Croatia,HRV,2011,0.06906166
Croatia,HRV,2012,0.068701036
Croatia,HRV,2013,0.06829785
Croatia,HRV,2014,0.06785446
Croatia,HRV,2015,0.06744403
Croatia,HRV,2016,0.067071155
Croatia,HRV,2017,0.06673036
Croatia,HRV,2018,0.06631098
Croatia,HRV,2019,0.06590373
Croatia,HRV,2020,0.065532684
Croatia,HRV,2021,0.06514322
Croatia,HRV,2022,0.06475608
Croatia,HRV,2023,0.064413615
Croatia,HRV,2024,0.06406762
Cuba,CUB,1856,0.00621496
Cuba,CUB,1857,0.01152179
Cuba,CUB,1858,0.016045399
Cuba,CUB,1859,0.019856557
Cuba,CUB,1860,0.022994524
Cuba,CUB,1861,0.027671067
Cuba,CUB,1862,0.033771478
Cuba,CUB,1863,0.036633596
Cuba,CUB,1864,0.04182636
Cuba,CUB,1865,0.04619332
Cuba,CUB,1866,0.05013
Cuba,CUB,1867,0.053967275
Cuba,CUB,1868,0.057068076
Cuba,CUB,1869,0.0604909
Cuba,CUB,1870,0.06304722
Cuba,CUB,1871,0.06506611
Cuba,CUB,1872,0.06666567
Cuba,CUB,1873,0.06809079
Cuba,CUB,1874,0.06964785
Cuba,CUB,1875,0.07083812
Cuba,CUB,1876,0.07130229
Cuba,CUB,1877,0.07183557
Cuba,CUB,1878,0.072869
Cuba,CUB,1879,0.07367319
Cuba,CUB,1880,0.0734458
Cuba,CUB,1881,0.073211215
Cuba,CUB,1882,0.072861984
Cuba,CUB,1883,0.07225515
Cuba,CUB,1884,0.07161541
Cuba,CUB,1885,0.07110795
Cuba,CUB,1886,0.070461504
Cuba,CUB,1887,0.06998925
Cuba,CUB,1888,0.06952333
Cuba,CUB,1889,0.0693723
Cuba,CUB,1890,0.068912655
Cuba,CUB,1891,0.06884773
Cuba,CUB,1892,0.06906912
Cuba,CUB,1893,0.069148935
Cuba,CUB,1894,0.06933798
Cuba,CUB,1895,0.06922529
Cuba,CUB,1896,0.06851042
Cuba,CUB,1897,0.06761639
Cuba,CUB,1898,0.06684929
Cuba,CUB,1899,0.06614229
Cuba,CUB,1900,0.06535649
Cuba,CUB,1901,0.064704224
Cuba,CUB,1902,0.0639899
Cuba,CUB,1903,0.06353291
Cuba,CUB,1904,0.06333511
Cuba,CUB,1905,0.06351269
Cuba,CUB,1906,0.06396334
Cuba,CUB,1907,0.06410593
Cuba,CUB,1908,0.0642738
Cuba,CUB,1909,0.06447575
Cuba,CUB,1910,0.065071896
Cuba,CUB,1911,0.06616511
Cuba,CUB,1912,0.06763232
Cuba,CUB,1913,0.06875962
Cuba,CUB,1914,0.0697356
Cuba,CUB,1915,0.07082012
Cuba,CUB,1916,0.07219055
Cuba,CUB,1917,0.07370409
Cuba,CUB,1918,0.0750525
Cuba,CUB,1919,0.07545701
Cuba,CUB,1920,0.076376475
Cuba,CUB,1921,0.07556516
Cuba,CUB,1922,0.07457827
Cuba,CUB,1923,0.073730044
Cuba,CUB,1924,0.07273545
Cuba,CUB,1925,0.07189646
Cuba,CUB,1926,0.07108947
Cuba,CUB,1927,0.07015822
Cuba,CUB,1928,0.0692486
Cuba,CUB,1929,0.06771108
Cuba,CUB,1930,0.06673222
Cuba,CUB,1931,0.06576324
Cuba,CUB,1932,0.06486637
Cuba,CUB,1933,0.0639253
Cuba,CUB,1934,0.062942825
Cuba,CUB,1935,0.06192104
Cuba,CUB,1936,0.060888138
Cuba,CUB,1937,0.059840497
Cuba,CUB,1938,0.05888124
Cuba,CUB,1939,0.057786815
Cuba,CUB,1940,0.056603942
Cuba,CUB,1941,0.055385176
Cuba,CUB,1942,0.054186597
Cuba,CUB,1943,0.05315857
Cuba,CUB,1944,0.05205699
Cuba,CUB,1945,0.051241565
Cuba,CUB,1946,0.05034506
Cuba,CUB,1947,0.049395926
Cuba,CUB,1948,0.048366893
Cuba,CUB,1949,0.047402944
Cuba,CUB,1950,0.048623316
Cuba,CUB,1951,0.050036035
Cuba,CUB,1952,0.051280577
Cuba,CUB,1953,0.05238636
Cuba,CUB,1954,0.053312745
Cuba,CUB,1955,0.054369874
Cuba,CUB,1956,0.054929983
Cuba,CUB,1957,0.058255456
Cuba,CUB,1958,0.06276721
Cuba,CUB,1959,0.066147245
Cuba,CUB,1960,0.068572015
Cuba,CUB,1961,0.07036938
Cuba,CUB,1962,0.07259661
Cuba,CUB,1963,0.07424616
Cuba,CUB,1964,0.07603657
Cuba,CUB,1965,0.07770173
Cuba,CUB,1966,0.079302475
Cuba,CUB,1967,0.08087315
Cuba,CUB,1968,0.08227947
Cuba,CUB,1969,0.08372085
Cuba,CUB,1970,0.08517292
Cuba,CUB,1971,0.08662002
Cuba,CUB,1972,0.08809013
Cuba,CUB,1973,0.08963554
Cuba,CUB,1974,0.09119262
Cuba,CUB,1975,0.09346382
Cuba,CUB,1976,0.09545935
Cuba,CUB,1977,0.09763506
Cuba,CUB,1978,0.09977931
Cuba,CUB,1979,0.101874575
Cuba,CUB,1980,0.103799686
Cuba,CUB,1981,0.10591186
Cuba,CUB,1982,0.10820654
Cuba,CUB,1983,0.10977956
Cuba,CUB,1984,0.11143318
Cuba,CUB,1985,0.11287984
Cuba,CUB,1986,0.11433665
Cuba,CUB,1987,0.11566069
Cuba,CUB,1988,0.11700753
Cuba,CUB,1989,0.11824971
Cuba,CUB,1990,0.11859131
Cuba,CUB,1991,0.11852405
Cuba,CUB,1992,0.11782781
Cuba,CUB,1993,0.117026515
Cuba,CUB,1994,0.11641885
Cuba,CUB,1995,0.11592979
Cuba,CUB,1996,0.11542359
Cuba,CUB,1997,0.11508187
Cuba,CUB,1998,0.11471489
Cuba,CUB,1999,0.114322335
Cuba,CUB,2000,0.113952465
Cuba,CUB,2001,0.11352326
Cuba,CUB,2002,0.11310057
Cuba,CUB,2003,0.11259201
Cuba,CUB,2004,0.11192687
Cuba,CUB,2005,0.11129946
Cuba,CUB,2006,0.11070051
Cuba,CUB,2007,0.10996606
Cuba,CUB,2008,0.10937845
Cuba,CUB,2009,0.108904146
Cuba,CUB,2010,0.10866255
Cuba,CUB,2011,0.108053
Cuba,CUB,2012,0.10746543
Cuba,CUB,2013,0.106773205
Cuba,CUB,2014,0.10606474
Cuba,CUB,2015,0.10550737
Cuba,CUB,2016,0.10489117
Cuba,CUB,2017,0.104062065
Cuba,CUB,2018,0.10312672
Cuba,CUB,2019,0.10217902
Cuba,CUB,2020,0.10131664
Cuba,CUB,2021,0.10046337
Cuba,CUB,2022,0.09964849
Cuba,CUB,2023,0.09884818
Cuba,CUB,2024,0.09810654
Curacao,CUW,1926,0
Curacao,CUW,1927,0
Curacao,CUW,1928,0
Curacao,CUW,1929,0
Curacao,CUW,1930,0
Curacao,CUW,1931,0
Curacao,CUW,1932,0
Curacao,CUW,1933,0
Curacao,CUW,1934,0
Curacao,CUW,1935,0
Curacao,CUW,1936,0
Curacao,CUW,1937,0
Curacao,CUW,1938,0
Curacao,CUW,1939,0
Curacao,CUW,1940,0
Curacao,CUW,1941,0
Curacao,CUW,1942,0
Curacao,CUW,1943,0
Curacao,CUW,1944,0
Curacao,CUW,1945,0
Curacao,CUW,1946,0
Curacao,CUW,1947,0
Curacao,CUW,1948,0
Curacao,CUW,1949,0
Curacao,CUW,1950,0.0026445617
Curacao,CUW,1951,0.0066328538
Curacao,CUW,1952,0.008739359
Curacao,CUW,1953,0.011079095
Curacao,CUW,1954,0.01585134
Curacao,CUW,1955,0.01947817
Curacao,CUW,1956,0.0240264
Curacao,CUW,1957,0.026718823
Curacao,CUW,1958,0.028827503
Curacao,CUW,1959,0.031575963
Curacao,CUW,1960,0.033617966
Curacao,CUW,1961,0.03566336
Curacao,CUW,1962,0.03784268
Curacao,CUW,1963,0.03970237
Curacao,CUW,1964,0.041305263
Curacao,CUW,1965,0.04247142
Curacao,CUW,1966,0.043347046
Curacao,CUW,1967,0.044626053
Curacao,CUW,1968,0.045568496
Curacao,CUW,1969,0.047068834
Curacao,CUW,1970,0.048688363
Curacao,CUW,1971,0.049720738
Curacao,CUW,1972,0.050522804
Curacao,CUW,1973,0.051448166
Curacao,CUW,1974,0.052069712
Curacao,CUW,1975,0.05201055
Curacao,CUW,1976,0.05371366
Curacao,CUW,1977,0.053653654
Curacao,CUW,1978,0.053283222
Curacao,CUW,1979,0.052961312
Curacao,CUW,1980,0.052710027
Curacao,CUW,1981,0.052452184
Curacao,CUW,1982,0.05237577
Curacao,CUW,1983,0.051601622
Curacao,CUW,1984,0.051887523
Curacao,CUW,1985,0.05239843
Curacao,CUW,1986,0.051283043
Curacao,CUW,1987,0.05014367
Curacao,CUW,1988,0.049010474
Curacao,CUW,1989,0.048194636
Curacao,CUW,1990,0.047431823
Curacao,CUW,1991,0.04656739
Curacao,CUW,1992,0.04570764
Curacao,CUW,1993,0.04507628
Curacao,CUW,1994,0.044443388
Curacao,CUW,1995,0.043811016
Curacao,CUW,1996,0.04314584
Curacao,CUW,1997,0.04252816
Curacao,CUW,1998,0.041514773
Curacao,CUW,1999,0.04068713
Curacao,CUW,2000,0.04016906
Curacao,CUW,2001,0.039677434
Curacao,CUW,2002,0.03917184
Curacao,CUW,2003,0.038642455
Curacao,CUW,2004,0.038127627
Curacao,CUW,2005,0.037602417
Curacao,CUW,2006,0.037090056
Curacao,CUW,2007,0.036629666
Curacao,CUW,2008,0.036158632
Curacao,CUW,2009,0.035735454
Curacao,CUW,2010,0.035148885
Curacao,CUW,2011,0.03464232
Curacao,CUW,2012,0.034229886
Curacao,CUW,2013,0.03380531
Curacao,CUW,2014,0.033455003
Curacao,CUW,2015,0.033157673
Curacao,CUW,2016,0.032801457
Curacao,CUW,2017,0.03237153
Curacao,CUW,2018,0.031906042
Curacao,CUW,2019,0.031338558
Curacao,CUW,2020,0.030807931
Curacao,CUW,2021,0.030276597
Curacao,CUW,2022,0.029760202
Curacao,CUW,2023,0.029255824
Curacao,CUW,2024,0.02876896
Cyprus,CYP,1950,0.0001153443
Cyprus,CYP,1951,0.00023066101
Cyprus,CYP,1952,0.00035331617
Cyprus,CYP,1953,0.0004897178
Cyprus,CYP,1954,0.00064855785
Cyprus,CYP,1955,0.00080004724
Cyprus,CYP,1956,0.0010232648
Cyprus,CYP,1957,0.0012834516
Cyprus,CYP,1958,0.0015100264
Cyprus,CYP,1959,0.0017433591
Cyprus,CYP,1960,0.001977695
Cyprus,CYP,1961,0.0021910663
Cyprus,CYP,1962,0.0024020376
Cyprus,CYP,1963,0.0026206768
Cyprus,CYP,1964,0.0028261268
Cyprus,CYP,1965,0.003056835
Cyprus,CYP,1966,0.0032932616
Cyprus,CYP,1967,0.003543029
Cyprus,CYP,1968,0.0038364958
Cyprus,CYP,1969,0.004114498
Cyprus,CYP,1970,0.004370513
Cyprus,CYP,1971,0.004643887
Cyprus,CYP,1972,0.0050052
Cyprus,CYP,1973,0.005352727
Cyprus,CYP,1974,0.005560064
Cyprus,CYP,1975,0.00576585
Cyprus,CYP,1976,0.0060428428
Cyprus,CYP,1977,0.0063349195
Cyprus,CYP,1978,0.006625841
Cyprus,CYP,1979,0.00692641
Cyprus,CYP,1980,0.0072444156
Cyprus,CYP,1981,0.0075224577
Cyprus,CYP,1982,0.0077955434
Cyprus,CYP,1983,0.008050113
Cyprus,CYP,1984,0.008295964
Cyprus,CYP,1985,0.008506899
Cyprus,CYP,1986,0.008766575
Cyprus,CYP,1987,0.009081967
Cyprus,CYP,1988,0.009371527
Cyprus,CYP,1989,0.009671038
Cyprus,CYP,1990,0.009974513
Cyprus,CYP,1991,0.010314326
Cyprus,CYP,1992,0.010687913
Cyprus,CYP,1993,0.011067244
Cyprus,CYP,1994,0.01145146
Cyprus,CYP,1995,0.011795557
Cyprus,CYP,1996,0.012150331
Cyprus,CYP,1997,0.012494432
Cyprus,CYP,1998,0.012852357
Cyprus,CYP,1999,0.0132123465
Cyprus,CYP,2000,0.013569773
Cyprus,CYP,2001,0.013895931
Cyprus,CYP,2002,0.0142169185
Cyprus,CYP,2003,0.014539556
Cyprus,CYP,2004,0.014854009
Cyprus,CYP,2005,0.015154486
Cyprus,CYP,2006,0.015446704
Cyprus,CYP,2007,0.015736567
Cyprus,CYP,2008,0.016022185
Cyprus,CYP,2009,0.016281119
Cyprus,CYP,2010,0.01647837
Cyprus,CYP,2011,0.016631693
Cyprus,CYP,2012,0.016734283
Cyprus,CYP,2013,0.016780939
Cyprus,CYP,2014,0.016846938
Cyprus,CYP,2015,0.016912043
Cyprus,CYP,2016,0.016999885
Cyprus,CYP,2017,0.01708507
Cyprus,CYP,2018,0.017149542
Cyprus,CYP,2019,0.017207531
Cyprus,CYP,2020,0.017257784
Cyprus,CYP,2021,0.017291699
Cyprus,CYP,2022,0.017324513
Cyprus,CYP,2023,0.017357016
Cyprus,CYP,2024,0.017389452
Czechia,CZE,1860,0.0027390413
Czechia,CZE,1861,0.011214122
Czechia,CZE,1862,0.02469573
Czechia,CZE,1863,0.04243505
Czechia,CZE,1864,0.06369851
Czechia,CZE,1865,0.08786042
Czechia,CZE,1866,0.1144764
Czechia,CZE,1867,0.14284043
Czechia,CZE,1868,0.17278299
Czechia,CZE,1869,0.20368695
Czechia,CZE,1870,0.23556265
Czechia,CZE,1871,0.2677128
Czechia,CZE,1872,0.29919493
Czechia,CZE,1873,0.3302224
Czechia,CZE,1874,0.36265314
Czechia,CZE,1875,0.39408958
Czechia,CZE,1876,0.45591018
Czechia,CZE,1877,0.5159347
Czechia,CZE,1878,0.5745067
Czechia,CZE,1879,0.63235825
Czechia,CZE,1880,0.6865466
Czechia,CZE,1881,0.7393129
Czechia,CZE,1882,0.7873952
Czechia,CZE,1883,0.8342882
Czechia,CZE,1884,0.8791838
Czechia,CZE,1885,0.9238581
Czechia,CZE,1886,0.96828365
Czechia,CZE,1887,1.0111278
Czechia,CZE,1888,1.0516698
Czechia,CZE,1889,1.0935316
Czechia,CZE,1890,1.1336696
Czechia,CZE,1891,1.171135
Czechia,CZE,1892,1.206272
Czechia,CZE,1893,1.240977
Czechia,CZE,1894,1.2731966
Czechia,CZE,1895,1.3029065
Czechia,CZE,1896,1.3304726
Czechia,CZE,1897,1.3578935
Czechia,CZE,1898,1.3819448
Czechia,CZE,1899,1.4009534
Czechia,CZE,1900,1.4147439
Czechia,CZE,1901,1.4286958
Czechia,CZE,1902,1.440952
Czechia,CZE,1903,1.4482248
Czechia,CZE,1904,1.4548502
Czechia,CZE,1905,1.4589508
Czechia,CZE,1906,1.462861
Czechia,CZE,1907,1.4612441
Czechia,CZE,1908,1.4635547
Czechia,CZE,1909,1.4627507
Czechia,CZE,1910,1.4584185
Czechia,CZE,1911,1.4542338
Czechia,CZE,1912,1.4509369
Czechia,CZE,1913,1.4455878
Czechia,CZE,1914,1.4413755
Czechia,CZE,1915,1.4381901
Czechia,CZE,1916,1.4342532
Czechia,CZE,1917,1.4253227
Czechia,CZE,1918,1.4113057
Czechia,CZE,1919,1.4027517
Czechia,CZE,1920,1.3876271
Czechia,CZE,1921,1.3777919
Czechia,CZE,1922,1.363456
Czechia,CZE,1923,1.3462075
Czechia,CZE,1924,1.3358727
Czechia,CZE,1925,1.3240626
Czechia,CZE,1926,1.3140217
Czechia,CZE,1927,1.3032112
Czechia,CZE,1928,1.2947589
Czechia,CZE,1929,1.2875942
Czechia,CZE,1930,1.2800467
Czechia,CZE,1931,1.2748035
Czechia,CZE,1932,1.2695129
Czechia,CZE,1933,1.261165
Czechia,CZE,1934,1.2507851
Czechia,CZE,1935,1.2400383
Czechia,CZE,1936,1.2286311
Czechia,CZE,1937,1.2199377
Czechia,CZE,1938,1.2170191
Czechia,CZE,1939,1.2151963
Czechia,CZE,1940,1.2142769
Czechia,CZE,1941,1.2128633
Czechia,CZE,1942,1.2140166
Czechia,CZE,1943,1.2178607
Czechia,CZE,1944,1.2193779
Czechia,CZE,1945,1.2109526
Czechia,CZE,1946,1.2051278
Czechia,CZE,1947,1.1991843
Czechia,CZE,1948,1.1938022
Czechia,CZE,1949,1.1911738
Czechia,CZE,1950,1.1856581
Czechia,CZE,1951,1.1797758
Czechia,CZE,1952,1.1755309
Czechia,CZE,1953,1.1716065
Czechia,CZE,1954,1.1690534
Czechia,CZE,1955,1.1648071
Czechia,CZE,1956,1.1607713
Czechia,CZE,1957,1.1571782
Czechia,CZE,1958,1.1555817
Czechia,CZE,1959,1.1524216
Czechia,CZE,1960,1.1494722
Czechia,CZE,1961,1.1492534
Czechia,CZE,1962,1.1500385
Czechia,CZE,1963,1.1507616
Czechia,CZE,1964,1.1510129
Czechia,CZE,1965,1.1488025
Czechia,CZE,1966,1.1448467
Czechia,CZE,1967,1.1399549
Czechia,CZE,1968,1.134868
Czechia,CZE,1969,1.1296464
Czechia,CZE,1970,1.1263942
Czechia,CZE,1971,1.1235334
Czechia,CZE,1972,1.1194214
Czechia,CZE,1973,1.1137235
Czechia,CZE,1974,1.1089854
Czechia,CZE,1975,1.1060923
Czechia,CZE,1976,1.102834
Czechia,CZE,1977,1.0997759
Czechia,CZE,1978,1.0959179
Czechia,CZE,1979,1.0905633
Czechia,CZE,1980,1.0860851
Czechia,CZE,1981,1.0824845
Czechia,CZE,1982,1.0790682
Czechia,CZE,1983,1.0756004
Czechia,CZE,1984,1.0723462
Czechia,CZE,1985,1.0678536
Czechia,CZE,1986,1.0633537
Czechia,CZE,1987,1.0578479
Czechia,CZE,1988,1.0511297
Czechia,CZE,1989,1.0433545
Czechia,CZE,1990,1.0343189
Czechia,CZE,1991,1.023343
Czechia,CZE,1992,1.0134051
Czechia,CZE,1993,1.0030776
Czechia,CZE,1994,0.99219525
Czechia,CZE,1995,0.98116493
Czechia,CZE,1996,0.9703066
Czechia,CZE,1997,0.9594252
Czechia,CZE,1998,0.9486327
Czechia,CZE,1999,0.93696874
Czechia,CZE,2000,0.9262733
Czechia,CZE,2001,0.91592586
Czechia,CZE,2002,0.9053011
Czechia,CZE,2003,0.89438945
Czechia,CZE,2004,0.8833303
Czechia,CZE,2005,0.8718572
Czechia,CZE,2006,0.86030555
Czechia,CZE,2007,0.84885186
Czechia,CZE,2008,0.83717656
Czechia,CZE,2009,0.82580376
Czechia,CZE,2010,0.81405544
Czechia,CZE,2011,0.80203235
Czechia,CZE,2012,0.7900546
Czechia,CZE,2013,0.77816725
Czechia,CZE,2014,0.7665804
Czechia,CZE,2015,0.755616
Czechia,CZE,2016,0.7452626
Czechia,CZE,2017,0.73517036
Czechia,CZE,2018,0.72509927
Czechia,CZE,2019,0.71500134
Czechia,CZE,2020,0.7055952
Czechia,CZE,2021,0.6961708
Czechia,CZE,2022,0.68679297
Czechia,CZE,2023,0.6769397
Czechia,CZE,2024,0.66689897
Democratic Republic of Congo,COD,1920,0.0000035340418
Democratic Republic of Congo,COD,1921,0.000010292875
Democratic Republic of Congo,COD,1922,0.00008322957
Democratic Republic of Congo,COD,1923,0.00022223622
Democratic Republic of Congo,COD,1924,0.00039922306
Democratic Republic of Congo,COD,1925,0.0005289695
Democratic Republic of Congo,COD,1926,0.0007040838
Democratic Republic of Congo,COD,1927,0.00086123374
Democratic Republic of Congo,COD,1928,0.0010474835
Democratic Republic of Congo,COD,1929,0.0012362382
Democratic Republic of Congo,COD,1930,0.00147654
Democratic Republic of Congo,COD,1931,0.0016124967
Democratic Republic of Congo,COD,1932,0.0016123322
Democratic Republic of Congo,COD,1933,0.0015788871
Democratic Republic of Congo,COD,1934,0.0015534275
Democratic Republic of Congo,COD,1935,0.0015366453
Democratic Republic of Congo,COD,1936,0.0015216789
Democratic Republic of Congo,COD,1937,0.0015420653
Democratic Republic of Congo,COD,1938,0.0015744689
Democratic Republic of Congo,COD,1939,0.0015843546
Democratic Republic of Congo,COD,1940,0.001584056
Democratic Republic of Congo,COD,1941,0.0015965414
Democratic Republic of Congo,COD,1942,0.0016295667
Democratic Republic of Congo,COD,1943,0.0016993681
Democratic Republic of Congo,COD,1944,0.0017411686
Democratic Republic of Congo,COD,1945,0.0017884697
Democratic Republic of Congo,COD,1946,0.001897296
Democratic Republic of Congo,COD,1947,0.0020030178
Democratic Republic of Congo,COD,1948,0.0021226527
Democratic Republic of Congo,COD,1949,0.0022843021
Democratic Republic of Congo,COD,1950,0.0028639191
Democratic Republic of Congo,COD,1951,0.0035203674
Democratic Republic of Congo,COD,1952,0.0042787865
Democratic Republic of Congo,COD,1953,0.0050761146
Democratic Republic of Congo,COD,1954,0.006033417
Democratic Republic of Congo,COD,1955,0.007139653
Democratic Republic of Congo,COD,1956,0.008093384
Democratic Republic of Congo,COD,1957,0.009039723
Democratic Republic of Congo,COD,1958,0.009785894
Democratic Republic of Congo,COD,1959,0.010398723
Democratic Republic of Congo,COD,1960,0.010834004
Democratic Republic of Congo,COD,1961,0.011254179
Democratic Republic of Congo,COD,1962,0.011582359
Democratic Republic of Congo,COD,1963,0.011909021
Democratic Republic of Congo,COD,1964,0.01210546
Democratic Republic of Congo,COD,1965,0.012410862
Democratic Republic of Congo,COD,1966,0.012661051
Democratic Republic of Congo,COD,1967,0.012853581
Democratic Republic of Congo,COD,1968,0.013283653
Democratic Republic of Congo,COD,1969,0.013726761
Democratic Republic of Congo,COD,1970,0.013882883
Democratic Republic of Congo,COD,1971,0.014065661
Democratic Republic of Congo,COD,1972,0.014226391
Democratic Republic of Congo,COD,1973,0.014386518
Democratic Republic of Congo,COD,1974,0.014573581
Democratic Republic of Congo,COD,1975,0.014722465
Democratic Republic of Congo,COD,1976,0.014869741
Democratic Republic of Congo,COD,1977,0.015006929
Democratic Republic of Congo,COD,1978,0.015125961
Democratic Republic of Congo,COD,1979,0.015261298
Democratic Republic of Congo,COD,1980,0.015348063
Democratic Republic of Congo,COD,1981,0.015486085
Democratic Republic of Congo,COD,1982,0.015508963
Democratic Republic of Congo,COD,1983,0.015670782
Democratic Republic of Congo,COD,1984,0.015800843
Democratic Republic of Congo,COD,1985,0.01586222
Democratic Republic of Congo,COD,1986,0.015876647
Democratic Republic of Congo,COD,1987,0.015939452
Democratic Republic of Congo,COD,1988,0.01600299
Democratic Republic of Congo,COD,1989,0.016104894
Democratic Republic of Congo,COD,1990,0.016177747
Democratic Republic of Congo,COD,1991,0.01610289
Democratic Republic of Congo,COD,1992,0.016006945
Democratic Republic of Congo,COD,1993,0.015895108
Democratic Republic of Congo,COD,1994,0.015794849
Democratic Republic of Congo,COD,1995,0.0157278
Democratic Republic of Congo,COD,1996,0.015692001
Democratic Republic of Congo,COD,1997,0.01561614
Democratic Republic of Congo,COD,1998,0.015509524
Democratic Republic of Congo,COD,1999,0.015347456
Democratic Republic of Congo,COD,2000,0.015135977
Democratic Republic of Congo,COD,2001,0.014926694
Democratic Republic of Congo,COD,2002,0.014727434
Democratic Republic of Congo,COD,2003,0.014551738
Democratic Republic of Congo,COD,2004,0.014366624
Democratic Republic of Congo,COD,2005,0.014200543
Democratic Republic of Congo,COD,2006,0.014036355
Democratic Republic of Congo,COD,2007,0.013891934
Democratic Republic of Congo,COD,2008,0.013753578
Democratic Republic of Congo,COD,2009,0.013609308
Democratic Republic of Congo,COD,2010,0.013475273
Democratic Republic of Congo,COD,2011,0.013358664
Democratic Republic of Congo,COD,2012,0.013226033
Democratic Republic of Congo,COD,2013,0.013174575
Democratic Republic of Congo,COD,2014,0.013201123
Democratic Republic of Congo,COD,2015,0.013108924
Democratic Republic of Congo,COD,2016,0.012981422
Democratic Republic of Congo,COD,2017,0.012871309
Democratic Republic of Congo,COD,2018,0.012812632
Democratic Republic of Congo,COD,2019,0.012774525
Democratic Republic of Congo,COD,2020,0.012763542
Democratic Republic of Congo,COD,2021,0.01273972
Democratic Republic of Congo,COD,2022,0.012802427
Democratic Republic of Congo,COD,2023,0.012857887
Democratic Republic of Congo,COD,2024,0.012908803
Denmark,DNK,1843,0.003777556
Denmark,DNK,1844,0.007856882
Denmark,DNK,1845,0.012917958
Denmark,DNK,1846,0.018032223
Denmark,DNK,1847,0.02138768
Denmark,DNK,1848,0.02763892
Denmark,DNK,1849,0.03244956
Denmark,DNK,1850,0.03825426
Denmark,DNK,1851,0.04299196
Denmark,DNK,1852,0.047709197
Denmark,DNK,1853,0.052445114
Denmark,DNK,1854,0.058185484
Denmark,DNK,1855,0.06331181
Denmark,DNK,1856,0.07094661
Denmark,DNK,1857,0.07811548
Denmark,DNK,1858,0.08208244
Denmark,DNK,1859,0.08744198
Denmark,DNK,1860,0.090848625
Denmark,DNK,1861,0.09688215
Denmark,DNK,1862,0.10099577
Denmark,DNK,1863,0.10537977
Denmark,DNK,1864,0.10782234
Denmark,DNK,1865,0.11368282
Denmark,DNK,1866,0.11805963
Denmark,DNK,1867,0.121458985
Denmark,DNK,1868,0.12596405
Denmark,DNK,1869,0.12848775
Denmark,DNK,1870,0.13233691
Denmark,DNK,1871,0.13583747
Denmark,DNK,1872,0.13800932
Denmark,DNK,1873,0.13965614
Denmark,DNK,1874,0.14220202
Denmark,DNK,1875,0.14547092
Denmark,DNK,1876,0.14890292
Denmark,DNK,1877,0.15180856
Denmark,DNK,1878,0.15397364
Denmark,DNK,1879,0.15657486
Denmark,DNK,1880,0.15934156
Denmark,DNK,1881,0.16217913
Denmark,DNK,1882,0.16506544
Denmark,DNK,1883,0.16869801
Denmark,DNK,1884,0.17186922
Denmark,DNK,1885,0.17520885
Denmark,DNK,1886,0.17772749
Denmark,DNK,1887,0.17992595
Denmark,DNK,1888,0.18231258
Denmark,DNK,1889,0.18516856
Denmark,DNK,1890,0.1866941
Denmark,DNK,1891,0.1884113
Denmark,DNK,1892,0.19017966
Denmark,DNK,1893,0.19138764
Denmark,DNK,1894,0.19338518
Denmark,DNK,1895,0.19512054
Denmark,DNK,1896,0.19853806
Denmark,DNK,1897,0.20210338
Denmark,DNK,1898,0.20538276
Denmark,DNK,1899,0.20867722
Denmark,DNK,1900,0.21100917
Denmark,DNK,1901,0.21331374
Denmark,DNK,1902,0.21549411
Denmark,DNK,1903,0.21713918
Denmark,DNK,1904,0.21937953
Denmark,DNK,1905,0.22054468
Denmark,DNK,1906,0.22211444
Denmark,DNK,1907,0.22111015
Denmark,DNK,1908,0.22276506
Denmark,DNK,1909,0.22503635
Denmark,DNK,1910,0.22572629
Denmark,DNK,1911,0.22686744
Denmark,DNK,1912,0.22934604
Denmark,DNK,1913,0.23114261
Denmark,DNK,1914,0.2339855
Denmark,DNK,1915,0.2375496
Denmark,DNK,1916,0.23992443
Denmark,DNK,1917,0.23875046
Denmark,DNK,1918,0.23906517
Denmark,DNK,1919,0.24003033
Denmark,DNK,1920,0.23875631
Denmark,DNK,1921,0.23815311
Denmark,DNK,1922,0.23985764
Denmark,DNK,1923,0.24130344
Denmark,DNK,1924,0.2441748
Denmark,DNK,1925,0.24548417
Denmark,DNK,1926,0.24663764
Denmark,DNK,1927,0.24929732
Denmark,DNK,1928,0.25124937
Denmark,DNK,1929,0.2544211
Denmark,DNK,1930,0.2570681
Denmark,DNK,1931,0.26067725
Denmark,DNK,1932,0.264129
Denmark,DNK,1933,0.26709744
Denmark,DNK,1934,0.27024543
Denmark,DNK,1935,0.2733224
Denmark,DNK,1936,0.27594686
Denmark,DNK,1937,0.2782678
Denmark,DNK,1938,0.27993482
Denmark,DNK,1939,0.2820857
Denmark,DNK,1940,0.2826623
Denmark,DNK,1941,0.28441912
Denmark,DNK,1942,0.28562343
Denmark,DNK,1943,0.28874758
Denmark,DNK,1944,0.29141834
Denmark,DNK,1945,0.29216927
Denmark,DNK,1946,0.29415792
Denmark,DNK,1947,0.29706538
Denmark,DNK,1948,0.29746732
Denmark,DNK,1949,0.29808694
Denmark,DNK,1950,0.2999535
Denmark,DNK,1951,0.3011246
Denmark,DNK,1952,0.30252925
Denmark,DNK,1953,0.3037375
Denmark,DNK,1954,0.30566204
Denmark,DNK,1955,0.30729043
Denmark,DNK,1956,0.30803132
Denmark,DNK,1957,0.30792183
Denmark,DNK,1958,0.30822587
Denmark,DNK,1959,0.30780718
Denmark,DNK,1960,0.30808824
Denmark,DNK,1961,0.30893978
Denmark,DNK,1962,0.31101316
Denmark,DNK,1963,0.3136026
Denmark,DNK,1964,0.31624478
Denmark,DNK,1965,0.31861594
Denmark,DNK,1966,0.32192114
Denmark,DNK,1967,0.3244309
Denmark,DNK,1968,0.32730556
Denmark,DNK,1969,0.33078882
Denmark,DNK,1970,0.33378637
Denmark,DNK,1971,0.3349775
Denmark,DNK,1972,0.33612114
Denmark,DNK,1973,0.3365
Denmark,DNK,1974,0.33605537
Denmark,DNK,1975,0.33578426
Denmark,DNK,1976,0.33579898
Denmark,DNK,1977,0.33582157
Denmark,DNK,1978,0.33531404
Denmark,DNK,1979,0.3348841
Denmark,DNK,1980,0.3341024
Denmark,DNK,1981,0.33227476
Denmark,DNK,1982,0.33092904
Denmark,DNK,1983,0.3290401
Denmark,DNK,1984,0.32708925
Denmark,DNK,1985,0.32624376
Denmark,DNK,1986,0.32514855
Denmark,DNK,1987,0.32374623
Denmark,DNK,1988,0.32165387
Denmark,DNK,1989,0.31875688
Denmark,DNK,1990,0.31640485
Denmark,DNK,1991,0.31528246
Denmark,DNK,1992,0.31379604
Denmark,DNK,1993,0.31256092
Denmark,DNK,1994,0.31176668
Denmark,DNK,1995,0.31050178
Denmark,DNK,1996,0.31046522
Denmark,DNK,1997,0.30940875
Denmark,DNK,1998,0.30800825
Denmark,DNK,1999,0.30625796
Denmark,DNK,2000,0.30397883
Denmark,DNK,2001,0.30190557
Denmark,DNK,2002,0.29974186
Denmark,DNK,2003,0.29776475
Denmark,DNK,2004,0.2951562
Denmark,DNK,2005,0.29212797
Denmark,DNK,2006,0.28966662
Denmark,DNK,2007,0.28673276
Denmark,DNK,2008,0.28355098
Denmark,DNK,2009,0.28045622
Denmark,DNK,2010,0.27715904
Denmark,DNK,2011,0.27343044
Denmark,DNK,2012,0.2694833
Denmark,DNK,2013,0.2657994
Denmark,DNK,2014,0.26197448
Denmark,DNK,2015,0.2581768
Denmark,DNK,2016,0.25467023
Denmark,DNK,2017,0.2510862
Denmark,DNK,2018,0.24754179
Denmark,DNK,2019,0.2438822
Denmark,DNK,2020,0.24049917
Denmark,DNK,2021,0.23709488
Denmark,DNK,2022,0.23371638
Denmark,DNK,2023,0.23039132
Denmark,DNK,2024,0.22711633
Djibouti,DJI,1950,0.000004740177
Djibouti,DJI,1951,0.0000153774
Djibouti,DJI,1952,0.000025450741
Djibouti,DJI,1953,0.000036437337
Djibouti,DJI,1954,0.000048251568
Djibouti,DJI,1955,0.00006069324
Djibouti,DJI,1956,0.00006965001
Djibouti,DJI,1957,0.00008323237
Djibouti,DJI,1958,0.00009723387
Djibouti,DJI,1959,0.000106608095
Djibouti,DJI,1960,0.00011643207
Djibouti,DJI,1961,0.00012681745
Djibouti,DJI,1962,0.00013758524
Djibouti,DJI,1963,0.00015292646
Djibouti,DJI,1964,0.00017234954
Djibouti,DJI,1965,0.00020052439
Djibouti,DJI,1966,0.00023157265
Djibouti,DJI,1967,0.00024709041
Djibouti,DJI,1968,0.0002695166
Djibouti,DJI,1969,0.00028100394
Djibouti,DJI,1970,0.00030387958
Djibouti,DJI,1971,0.00032974564
Djibouti,DJI,1972,0.00035970664
Djibouti,DJI,1973,0.00038460124
Djibouti,DJI,1974,0.00041081407
Djibouti,DJI,1975,0.00043600297
Djibouti,DJI,1976,0.00045879974
Djibouti,DJI,1977,0.00047966297
Djibouti,DJI,1978,0.00049922516
Djibouti,DJI,1979,0.00054472534
Djibouti,DJI,1980,0.0005849439
Djibouti,DJI,1981,0.00061551895
Djibouti,DJI,1982,0.00065188226
Djibouti,DJI,1983,0.0006859992
Djibouti,DJI,1984,0.00071816595
Djibouti,DJI,1985,0.0007488515
Djibouti,DJI,1986,0.00078004756
Djibouti,DJI,1987,0.00081027363
Djibouti,DJI,1988,0.00083264144
Djibouti,DJI,1989,0.00085859076
Djibouti,DJI,1990,0.00087118015
Djibouti,DJI,1991,0.0008830176
Djibouti,DJI,1992,0.0008953594
Djibouti,DJI,1993,0.00090682844
Djibouti,DJI,1994,0.0009170792
Djibouti,DJI,1995,0.0009274662
Djibouti,DJI,1996,0.000935852
Djibouti,DJI,1997,0.0009466961
Djibouti,DJI,1998,0.00096261397
Djibouti,DJI,1999,0.0009772533
Djibouti,DJI,2000,0.0009884546
Djibouti,DJI,2001,0.0009989527
Djibouti,DJI,2002,0.0010114379
Djibouti,DJI,2003,0.0010240317
Djibouti,DJI,2004,0.0010338909
Djibouti,DJI,2005,0.00104302
Djibouti,DJI,2006,0.0010508412
Djibouti,DJI,2007,0.0010607453
Djibouti,DJI,2008,0.0010728552
Djibouti,DJI,2009,0.0010808973
Djibouti,DJI,2010,0.0010925576
Djibouti,DJI,2011,0.0010880821
Djibouti,DJI,2012,0.0010819033
Djibouti,DJI,2013,0.0010818458
Djibouti,DJI,2014,0.0010841351
Djibouti,DJI,2015,0.0010921144
Djibouti,DJI,2016,0.0010947696
Djibouti,DJI,2017,0.001096022
Djibouti,DJI,2018,0.0011002602
Djibouti,DJI,2019,0.0011082083
Djibouti,DJI,2020,0.0011125332
Djibouti,DJI,2021,0.0011210326
Djibouti,DJI,2022,0.0011283498
Djibouti,DJI,2023,0.0011354045
Djibouti,DJI,2024,0.0011422095
Dominica,DMA,1951,0.0000015377401
Dominica,DMA,1952,0.000004491307
Dominica,DMA,1953,0.0000058299743
Dominica,DMA,1954,0.000007095819
Dominica,DMA,1955,0.000008276351
Dominica,DMA,1956,0.000009375963
Dominica,DMA,1957,0.000010404046
Dominica,DMA,1958,0.000012627775
Dominica,DMA,1959,0.000015929945
Dominica,DMA,1960,0.000019009318
Dominica,DMA,1961,0.000021904834
Dominica,DMA,1962,0.000024608744
Dominica,DMA,1963,0.000028199203
Dominica,DMA,1964,0.000031527354
Dominica,DMA,1965,0.00003460827
Dominica,DMA,1966,0.00003744579
Dominica,DMA,1967,0.00004197675
Dominica,DMA,1968,0.000046150104
Dominica,DMA,1969,0.000049064183
Dominica,DMA,1970,0.00005337262
Dominica,DMA,1971,0.000057310954
Dominica,DMA,1972,0.00006088576
Dominica,DMA,1973,0.000064100204
Dominica,DMA,1974,0.0000678477
Dominica,DMA,1975,0.00007134594
Dominica,DMA,1976,0.00007449404
Dominica,DMA,1977,0.00007669225
Dominica,DMA,1978,0.00007865397
Dominica,DMA,1979,0.00008167739
Dominica,DMA,1980,0.00008512697
Dominica,DMA,1981,0.00008843663
Dominica,DMA,1982,0.0000921449
Dominica,DMA,1983,0.0000956174
Dominica,DMA,1984,0.00009935529
Dominica,DMA,1985,0.000103307946
Dominica,DMA,1986,0.000106995416
Dominica,DMA,1987,0.00011037937
Dominica,DMA,1988,0.000114416085
Dominica,DMA,1989,0.00011865183
Dominica,DMA,1990,0.00012257355
Dominica,DMA,1991,0.00012620841
Dominica,DMA,1992,0.00012974978
Dominica,DMA,1993,0.0001334925
Dominica,DMA,1994,0.00013782694
Dominica,DMA,1995,0.00014305391
Dominica,DMA,1996,0.00014713437
Dominica,DMA,1997,0.00015174315
Dominica,DMA,1998,0.00015577112
Dominica,DMA,1999,0.00015988151
Dominica,DMA,2000,0.00016579397
Dominica,DMA,2001,0.00017207986
Dominica,DMA,2002,0.00017731052
Dominica,DMA,2003,0.00018337464
Dominica,DMA,2004,0.00019121422
Dominica,DMA,2005,0.00019912764
Dominica,DMA,2006,0.00020588157
Dominica,DMA,2007,0.00021450302
Dominica,DMA,2008,0.00022231624
Dominica,DMA,2009,0.00023124092
Dominica,DMA,2010,0.00023805852
Dominica,DMA,2011,0.00024300856
Dominica,DMA,2012,0.00024867165
Dominica,DMA,2013,0.00025349818
Dominica,DMA,2014,0.00025880343
Dominica,DMA,2015,0.0002643544
Dominica,DMA,2016,0.00026941823
Dominica,DMA,2017,0.0002730031
Dominica,DMA,2018,0.00027697624
Dominica,DMA,2019,0.00028115496
Dominica,DMA,2020,0.00028461206
Dominica,DMA,2021,0.00028785653
Dominica,DMA,2022,0.0002910637
Dominica,DMA,2023,0.00029402744
Dominica,DMA,2024,0.00029712988
Dominican Republic,DOM,1870,0.00011347183
Dominican Republic,DOM,1871,0.000120935554
Dominican Republic,DOM,1872,0.00013839942
Dominican Republic,DOM,1873,0.00014232712
Dominican Republic,DOM,1874,0.00014499962
Dominican Republic,DOM,1875,0.00013840907
Dominican Republic,DOM,1876,0.00013231106
Dominican Republic,DOM,1877,0.00013993379
Dominican Republic,DOM,1878,0.00015120457
Dominican Republic,DOM,1879,0.00015866291
Dominican Republic,DOM,1880,0.0001800693
Dominican Republic,DOM,1881,0.00019044311
Dominican Republic,DOM,1882,0.00018310518
Dominican Republic,DOM,1883,0.00019122331
Dominican Republic,DOM,1884,0.00020246595
Dominican Republic,DOM,1885,0.00021407126
Dominican Republic,DOM,1886,0.00022712778
Dominican Republic,DOM,1887,0.00023279984
Dominican Republic,DOM,1888,0.00024318925
Dominican Republic,DOM,1889,0.00025377618
Dominican Republic,DOM,1890,0.000266951
Dominican Republic,DOM,1891,0.0002795305
Dominican Republic,DOM,1892,0.0002949121
Dominican Republic,DOM,1893,0.00031664665
Dominican Republic,DOM,1894,0.0003813001
Dominican Republic,DOM,1895,0.00042035538
Dominican Republic,DOM,1896,0.00046706013
Dominican Republic,DOM,1897,0.00049000396
Dominican Republic,DOM,1898,0.00049980776
Dominican Republic,DOM,1899,0.00051263615
Dominican Republic,DOM,1900,0.0005240418
Dominican Republic,DOM,1901,0.00053179864
Dominican Republic,DOM,1902,0.00053840084
Dominican Republic,DOM,1903,0.00054882665
Dominican Republic,DOM,1904,0.00055106514
Dominican Republic,DOM,1905,0.00055597746
Dominican Republic,DOM,1906,0.00056320825
Dominican Republic,DOM,1907,0.00057808746
Dominican Republic,DOM,1908,0.0005989992
Dominican Republic,DOM,1909,0.0006117235
Dominican Republic,DOM,1910,0.00063891447
Dominican Republic,DOM,1911,0.0006701673
Dominican Republic,DOM,1912,0.0006900814
Dominican Republic,DOM,1913,0.0007126879
Dominican Republic,DOM,1914,0.00074177206
Dominican Republic,DOM,1915,0.00078135316
Dominican Republic,DOM,1916,0.0008327569
Dominican Republic,DOM,1917,0.00088353734
Dominican Republic,DOM,1918,0.00093585346
Dominican Republic,DOM,1919,0.0009664381
Dominican Republic,DOM,1920,0.0009804805
Dominican Republic,DOM,1921,0.0009966559
Dominican Republic,DOM,1922,0.0009872472
Dominican Republic,DOM,1923,0.000987149
Dominican Republic,DOM,1924,0.00097478146
Dominican Republic,DOM,1925,0.0009653685
Dominican Republic,DOM,1926,0.0009617907
Dominican Republic,DOM,1927,0.0009522333
Dominican Republic,DOM,1928,0.0009354804
Dominican Republic,DOM,1929,0.00092250126
Dominican Republic,DOM,1930,0.0009153772
Dominican Republic,DOM,1931,0.0009001438
Dominican Republic,DOM,1932,0.0008891588
Dominican Republic,DOM,1933,0.0008747724
Dominican Republic,DOM,1934,0.0008598155
Dominican Republic,DOM,1935,0.0008467086
Dominican Republic,DOM,1936,0.0008316551
Dominican Republic,DOM,1937,0.0008132066
Dominican Republic,DOM,1938,0.0007954014
Dominican Republic,DOM,1939,0.0007754324
Dominican Republic,DOM,1940,0.00076021836
Dominican Republic,DOM,1941,0.00074102415
Dominican Republic,DOM,1942,0.0007249008
Dominican Republic,DOM,1943,0.0007131661
Dominican Republic,DOM,1944,0.00069525256
Dominican Republic,DOM,1945,0.000681562
Dominican Republic,DOM,1946,0.00067062327
Dominican Republic,DOM,1947,0.0006625343
Dominican Republic,DOM,1948,0.0006624777
Dominican Republic,DOM,1949,0.0006589875
Dominican Republic,DOM,1950,0.00079227664
Dominican Republic,DOM,1951,0.000921581
Dominican Republic,DOM,1952,0.0011395263
Dominican Republic,DOM,1953,0.0013554825
Dominican Republic,DOM,1954,0.0015622592
Dominican Republic,DOM,1955,0.001862967
Dominican Republic,DOM,1956,0.0021689222
Dominican Republic,DOM,1957,0.0024722451
Dominican Republic,DOM,1958,0.0027676136
Dominican Republic,DOM,1959,0.003057908
Dominican Republic,DOM,1960,0.0033020256
Dominican Republic,DOM,1961,0.0035278674
Dominican Republic,DOM,1962,0.0038017866
Dominican Republic,DOM,1963,0.004055818
Dominican Republic,DOM,1964,0.0044308333
Dominican Republic,DOM,1965,0.0047209198
Dominican Republic,DOM,1966,0.005019349
Dominican Republic,DOM,1967,0.005267411
Dominican Republic,DOM,1968,0.0056874836
Dominican Republic,DOM,1969,0.006142399
Dominican Republic,DOM,1970,0.006656915
Dominican Republic,DOM,1971,0.0072206073
Dominican Republic,DOM,1972,0.007985298
Dominican Republic,DOM,1973,0.00895389
Dominican Republic,DOM,1974,0.009948454
Dominican Republic,DOM,1975,0.010861597
Dominican Republic,DOM,1976,0.011694219
Dominican Republic,DOM,1977,0.012327919
Dominican Republic,DOM,1978,0.012875033
Dominican Republic,DOM,1979,0.013607643
Dominican Republic,DOM,1980,0.014235554
Dominican Republic,DOM,1981,0.0147899315
Dominican Republic,DOM,1982,0.015341424
Dominican Republic,DOM,1983,0.016094299
Dominican Republic,DOM,1984,0.016721323
Dominican Republic,DOM,1985,0.017275052
Dominican Republic,DOM,1986,0.017912697
Dominican Republic,DOM,1987,0.018709894
Dominican Republic,DOM,1988,0.01944868
Dominican Republic,DOM,1989,0.020204835
Dominican Republic,DOM,1990,0.020742124
Dominican Republic,DOM,1991,0.021310035
Dominican Republic,DOM,1992,0.02196742
Dominican Republic,DOM,1993,0.022675227
Dominican Republic,DOM,1994,0.023406519
Dominican Republic,DOM,1995,0.024446113
Dominican Republic,DOM,1996,0.025559342
Dominican Republic,DOM,1997,0.026692858
Dominican Republic,DOM,1998,0.027825668
Dominican Republic,DOM,1999,0.028890932
Dominican Republic,DOM,2000,0.02999744
Dominican Republic,DOM,2001,0.031059561
Dominican Republic,DOM,2002,0.032218095
Dominican Republic,DOM,2003,0.033316057
Dominican Republic,DOM,2004,0.033985462
Dominican Republic,DOM,2005,0.034644097
Dominican Republic,DOM,2006,0.03533873
Dominican Republic,DOM,2007,0.03604364
Dominican Republic,DOM,2008,0.03672343
Dominican Republic,DOM,2009,0.03734338
Dominican Republic,DOM,2010,0.037939698
Dominican Republic,DOM,2011,0.038509276
Dominican Republic,DOM,2012,0.039036505
Dominican Republic,DOM,2013,0.039525244
Dominican Republic,DOM,2014,0.040014107
Dominican Republic,DOM,2015,0.040595233
Dominican Republic,DOM,2016,0.04122447
Dominican Republic,DOM,2017,0.041767232
Dominican Republic,DOM,2018,0.042373728
Dominican Republic,DOM,2019,0.04314084
Dominican Republic,DOM,2020,0.04379219
Dominican Republic,DOM,2021,0.044554066
Dominican Republic,DOM,2022,0.04537242
Dominican Republic,DOM,2023,0.04617574
Dominican Republic,DOM,2024,0.047003575
East Timor,TLS,1994,0
East Timor,TLS,1995,0
East Timor,TLS,1996,0
East Timor,TLS,1997,0
East Timor,TLS,1998,0.0000060841185
East Timor,TLS,1999,0.000020936253
East Timor,TLS,2000,0.000041458152
East Timor,TLS,2001,0.000051560037
East Timor,TLS,2002,0.00007419243
East Timor,TLS,2003,0.000094461626
East Timor,TLS,2004,0.00013520347
East Timor,TLS,2005,0.00015896457
East Timor,TLS,2006,0.00018105135
East Timor,TLS,2007,0.00019960513
East Timor,TLS,2008,0.00021692007
East Timor,TLS,2009,0.00023628335
East Timor,TLS,2010,0.0002537491
East Timor,TLS,2011,0.00027891254
East Timor,TLS,2012,0.00031389564
East Timor,TLS,2013,0.0003490926
East Timor,TLS,2014,0.000383045
East Timor,TLS,2015,0.00041301287
East Timor,TLS,2016,0.0004450002
East Timor,TLS,2017,0.00047852693
East Timor,TLS,2018,0.00050566706
East Timor,TLS,2019,0.00053500757
East Timor,TLS,2020,0.00056198036
East Timor,TLS,2021,0.0005857848
East Timor,TLS,2022,0.0006111597
East Timor,TLS,2023,0.0006334682
East Timor,TLS,2024,0.00065637653
Ecuador,ECU,1892,2.6450354e-7
Ecuador,ECU,1893,2.7762144e-7
Ecuador,ECU,1894,3.036285e-7
Ecuador,ECU,1895,0.000009638243
Ecuador,ECU,1896,0.000009253672
Ecuador,ECU,1897,0.000010922166
Ecuador,ECU,1898,0.000010470501
Ecuador,ECU,1899,0.000014577342
Ecuador,ECU,1900,0.000013949617
Ecuador,ECU,1901,0.00001338827
Ecuador,ECU,1902,0.000012922757
Ecuador,ECU,1903,0.000017341348
Ecuador,ECU,1904,0.0000245933
Ecuador,ECU,1905,0.00008953053
Ecuador,ECU,1906,0.00010746499
Ecuador,ECU,1907,0.00010319979
Ecuador,ECU,1908,0.00011086233
Ecuador,ECU,1909,0.00015893938
Ecuador,ECU,1910,0.00023161178
Ecuador,ECU,1911,0.00029155635
Ecuador,ECU,1912,0.00034024174
Ecuador,ECU,1913,0.00039164003
Ecuador,ECU,1914,0.000411866
Ecuador,ECU,1915,0.00042515327
Ecuador,ECU,1916,0.00046426474
Ecuador,ECU,1917,0.0005130794
Ecuador,ECU,1918,0.00052696455
Ecuador,ECU,1919,0.00054440217
Ecuador,ECU,1920,0.00056362565
Ecuador,ECU,1921,0.0005816495
Ecuador,ECU,1922,0.00059751834
Ecuador,ECU,1923,0.0006151537
Ecuador,ECU,1924,0.0006400753
Ecuador,ECU,1925,0.0006801392
Ecuador,ECU,1926,0.00075046474
Ecuador,ECU,1927,0.00090968335
Ecuador,ECU,1928,0.0012391903
Ecuador,ECU,1929,0.0016387946
Ecuador,ECU,1930,0.002073289
Ecuador,ECU,1931,0.0025526234
Ecuador,ECU,1932,0.0029789577
Ecuador,ECU,1933,0.0033931537
Ecuador,ECU,1934,0.0037868829
Ecuador,ECU,1935,0.004190024
Ecuador,ECU,1936,0.004619945
Ecuador,ECU,1937,0.00507863
Ecuador,ECU,1938,0.005553916
Ecuador,ECU,1939,0.0060205567
Ecuador,ECU,1940,0.0064594164
Ecuador,ECU,1941,0.0066779614
Ecuador,ECU,1942,0.007054456
Ecuador,ECU,1943,0.0074101547
Ecuador,ECU,1944,0.007879262
Ecuador,ECU,1945,0.008312138
Ecuador,ECU,1946,0.008654777
Ecuador,ECU,1947,0.008985025
Ecuador,ECU,1948,0.009346143
Ecuador,ECU,1949,0.009707123
Ecuador,ECU,1950,0.009778105
Ecuador,ECU,1951,0.009811485
Ecuador,ECU,1952,0.009917815
Ecuador,ECU,1953,0.009981909
Ecuador,ECU,1954,0.010092491
Ecuador,ECU,1955,0.010260488
Ecuador,ECU,1956,0.010437111
Ecuador,ECU,1957,0.010535493
Ecuador,ECU,1958,0.01068549
Ecuador,ECU,1959,0.010801391
Ecuador,ECU,1960,0.011043826
Ecuador,ECU,1961,0.011234024
Ecuador,ECU,1962,0.011377101
Ecuador,ECU,1963,0.01156248
Ecuador,ECU,1964,0.011817952
Ecuador,ECU,1965,0.012078357
Ecuador,ECU,1966,0.012342976
Ecuador,ECU,1967,0.012623769
Ecuador,ECU,1968,0.012997483
Ecuador,ECU,1969,0.013435775
Ecuador,ECU,1970,0.013970611
Ecuador,ECU,1971,0.01443611
Ecuador,ECU,1972,0.014927377
Ecuador,ECU,1973,0.015497888
Ecuador,ECU,1974,0.016199766
Ecuador,ECU,1975,0.017105086
Ecuador,ECU,1976,0.018063884
Ecuador,ECU,1977,0.018827256
Ecuador,ECU,1978,0.020038571
Ecuador,ECU,1979,0.021450981
Ecuador,ECU,1980,0.022986444
Ecuador,ECU,1981,0.02496926
Ecuador,ECU,1982,0.027245542
Ecuador,ECU,1983,0.029425375
Ecuador,ECU,1984,0.031707298
Ecuador,ECU,1985,0.033566516
Ecuador,ECU,1986,0.034729287
Ecuador,ECU,1987,0.035772864
Ecuador,ECU,1988,0.037001476
Ecuador,ECU,1989,0.038528755
Ecuador,ECU,1990,0.039488044
Ecuador,ECU,1991,0.04033534
Ecuador,ECU,1992,0.041849595
Ecuador,ECU,1993,0.043517172
Ecuador,ECU,1994,0.04400023
Ecuador,ECU,1995,0.04543032
Ecuador,ECU,1996,0.046944432
Ecuador,ECU,1997,0.047770273
Ecuador,ECU,1998,0.04892715
Ecuador,ECU,1999,0.049892474
Ecuador,ECU,2000,0.05067893
Ecuador,ECU,2001,0.05165138
Ecuador,ECU,2002,0.052680746
Ecuador,ECU,2003,0.053795934
Ecuador,ECU,2004,0.05500259
Ecuador,ECU,2005,0.056217287
Ecuador,ECU,2006,0.057253905
Ecuador,ECU,2007,0.058567572
Ecuador,ECU,2008,0.059484914
Ecuador,ECU,2009,0.060636297
Ecuador,ECU,2010,0.06184833
Ecuador,ECU,2011,0.063094534
Ecuador,ECU,2012,0.06418825
Ecuador,ECU,2013,0.06536615
Ecuador,ECU,2014,0.066754356
Ecuador,ECU,2015,0.067918256
Ecuador,ECU,2016,0.068905726
Ecuador,ECU,2017,0.06981238
Ecuador,ECU,2018,0.07060008
Ecuador,ECU,2019,0.07143596
Ecuador,ECU,2020,0.071869254
Ecuador,ECU,2021,0.07254301
Ecuador,ECU,2022,0.07338039
Ecuador,ECU,2023,0.07429979
Ecuador,ECU,2024,0.07523541
Egypt,EGY,1911,0.000014954677
Egypt,EGY,1912,0.00012411275
Egypt,EGY,1913,0.00016886715
Egypt,EGY,1914,0.00053108693
Egypt,EGY,1915,0.0006175283
Egypt,EGY,1916,0.00079362973
Egypt,EGY,1917,0.00121372
Egypt,EGY,1918,0.0020605163
Egypt,EGY,1919,0.002685869
Egypt,EGY,1920,0.0030322077
Egypt,EGY,1921,0.0034686988
Egypt,EGY,1922,0.0038485352
Egypt,EGY,1923,0.0041355263
Egypt,EGY,1924,0.0044288808
Egypt,EGY,1925,0.004748635
Egypt,EGY,1926,0.0050341995
Egypt,EGY,1927,0.0053180475
Egypt,EGY,1928,0.005811251
Egypt,EGY,1929,0.006302109
Egypt,EGY,1930,0.006848761
Egypt,EGY,1931,0.0073769414
Egypt,EGY,1932,0.007861209
Egypt,EGY,1933,0.008262233
Egypt,EGY,1934,0.00859866
Egypt,EGY,1935,0.0088607855
Egypt,EGY,1936,0.009078599
Egypt,EGY,1937,0.009245377
Egypt,EGY,1938,0.009528944
Egypt,EGY,1939,0.010550993
Egypt,EGY,1940,0.011939357
Egypt,EGY,1941,0.013742832
Egypt,EGY,1942,0.015391868
Egypt,EGY,1943,0.017085643
Egypt,EGY,1944,0.01881309
Egypt,EGY,1945,0.020539222
Egypt,EGY,1946,0.022098001
Egypt,EGY,1947,0.023617266
Egypt,EGY,1948,0.02581976
Egypt,EGY,1949,0.02852657
Egypt,EGY,1950,0.03220993
Egypt,EGY,1951,0.03577863
Egypt,EGY,1952,0.039283928
Egypt,EGY,1953,0.042532243
Egypt,EGY,1954,0.045931652
Egypt,EGY,1955,0.048650853
Egypt,EGY,1956,0.050875705
Egypt,EGY,1957,0.053627238
Egypt,EGY,1958,0.05678711
Egypt,EGY,1959,0.05935502
Egypt,EGY,1960,0.06274712
Egypt,EGY,1961,0.066258095
Egypt,EGY,1962,0.069956
Egypt,EGY,1963,0.07420217
Egypt,EGY,1964,0.07920985
Egypt,EGY,1965,0.084391065
Egypt,EGY,1966,0.08883435
Egypt,EGY,1967,0.091120176
Egypt,EGY,1968,0.09391974
Egypt,EGY,1969,0.095560655
Egypt,EGY,1970,0.0973031
Egypt,EGY,1971,0.099092014
Egypt,EGY,1972,0.101131774
Egypt,EGY,1973,0.102479264
Egypt,EGY,1974,0.104219556
Egypt,EGY,1975,0.106814586
Egypt,EGY,1976,0.10970136
Egypt,EGY,1977,0.11291032
Egypt,EGY,1978,0.11602794
Egypt,EGY,1979,0.119461946
Egypt,EGY,1980,0.12306821
Egypt,EGY,1981,0.12746833
Egypt,EGY,1982,0.13248649
Egypt,EGY,1983,0.1372411
Egypt,EGY,1984,0.14258167
Egypt,EGY,1985,0.14749993
Egypt,EGY,1986,0.15351158
Egypt,EGY,1987,0.1590472
Egypt,EGY,1988,0.16403118
Egypt,EGY,1989,0.1683053
Egypt,EGY,1990,0.17259532
Egypt,EGY,1991,0.17673782
Egypt,EGY,1992,0.18114875
Egypt,EGY,1993,0.18681636
Egypt,EGY,1994,0.1917758
Egypt,EGY,1995,0.19750962
Egypt,EGY,1996,0.20270662
Egypt,EGY,1997,0.20904382
Egypt,EGY,1998,0.21642774
Egypt,EGY,1999,0.22360867
Egypt,EGY,2000,0.23181587
Egypt,EGY,2001,0.23805404
Egypt,EGY,2002,0.24405402
Egypt,EGY,2003,0.25138485
Egypt,EGY,2004,0.25831968
Egypt,EGY,2005,0.26596665
Egypt,EGY,2006,0.27396008
Egypt,EGY,2007,0.2822241
Egypt,EGY,2008,0.29047665
Egypt,EGY,2009,0.2991644
Egypt,EGY,2010,0.3068411
Egypt,EGY,2011,0.31525874
Egypt,EGY,2012,0.322508
Egypt,EGY,2013,0.32978737
Egypt,EGY,2014,0.3372281
Egypt,EGY,2015,0.34429565
Egypt,EGY,2016,0.3522352
Egypt,EGY,2017,0.3602052
Egypt,EGY,2018,0.36694565
Egypt,EGY,2019,0.3728374
Egypt,EGY,2020,0.3796241
Egypt,EGY,2021,0.38693765
Egypt,EGY,2022,0.39284423
Egypt,EGY,2023,0.39839953
Egypt,EGY,2024,0.40405577
El Salvador,SLV,1870,0
El Salvador,SLV,1871,0
El Salvador,SLV,1872,0
El Salvador,SLV,1873,0
El Salvador,SLV,1874,2.097492e-8
El Salvador,SLV,1875,2.0021565e-8
El Salvador,SLV,1876,1.9139456e-8
El Salvador,SLV,1877,3.6633484e-8
El Salvador,SLV,1878,9.3632366e-8
El Salvador,SLV,1879,2.0730728e-7
El Salvador,SLV,1880,2.5125453e-7
El Salvador,SLV,1881,2.5517622e-7
El Salvador,SLV,1882,2.5812784e-7
El Salvador,SLV,1883,3.158336e-7
El Salvador,SLV,1884,4.6140016e-7
El Salvador,SLV,1885,5.391047e-7
El Salvador,SLV,1886,6.831889e-7
El Salvador,SLV,1887,8.140263e-7
El Salvador,SLV,1888,7.7764e-7
El Salvador,SLV,1889,7.443474e-7
El Salvador,SLV,1890,7.384584e-7
El Salvador,SLV,1891,7.8035737e-7
El Salvador,SLV,1892,0.0000013785302
El Salvador,SLV,1893,0.0000024568003
El Salvador,SLV,1894,0.0000032453877
El Salvador,SLV,1895,0.0000041969893
El Salvador,SLV,1896,0.000019561294
El Salvador,SLV,1897,0.00003845755
El Salvador,SLV,1898,0.000036898706
El Salvador,SLV,1899,0.00003925846
El Salvador,SLV,1900,0.00003755666
El Salvador,SLV,1901,0.000036509027
El Salvador,SLV,1902,0.00003556756
El Salvador,SLV,1903,0.00003406683
El Salvador,SLV,1904,0.000032658387
El Salvador,SLV,1905,0.000031339863
El Salvador,SLV,1906,0.000030870357
El Salvador,SLV,1907,0.000030226849
El Salvador,SLV,1908,0.000028977074
El Salvador,SLV,1909,0.00002775311
El Salvador,SLV,1910,0.000026962618
El Salvador,SLV,1911,0.00002634619
El Salvador,SLV,1912,0.0000258312
El Salvador,SLV,1913,0.000029786675
El Salvador,SLV,1914,0.000028888837
El Salvador,SLV,1915,0.000028185324
El Salvador,SLV,1916,0.000027477352
El Salvador,SLV,1917,0.0000266308
El Salvador,SLV,1918,0.000025951325
El Salvador,SLV,1919,0.000031172298
El Salvador,SLV,1920,0.000038039176
El Salvador,SLV,1921,0.00003711222
El Salvador,SLV,1922,0.000036223035
El Salvador,SLV,1923,0.000035179313
El Salvador,SLV,1924,0.000034304827
El Salvador,SLV,1925,0.00003356135
El Salvador,SLV,1926,0.000032940676
El Salvador,SLV,1927,0.000039637052
El Salvador,SLV,1928,0.000047086804
El Salvador,SLV,1929,0.000054822565
El Salvador,SLV,1930,0.000053828633
El Salvador,SLV,1931,0.000052775915
El Salvador,SLV,1932,0.00005862592
El Salvador,SLV,1933,0.000063144165
El Salvador,SLV,1934,0.000061900355
El Salvador,SLV,1935,0.00006136907
El Salvador,SLV,1936,0.00006001869
El Salvador,SLV,1937,0.000058634996
El Salvador,SLV,1938,0.000057412868
El Salvador,SLV,1939,0.000056391284
El Salvador,SLV,1940,0.00005508068
El Salvador,SLV,1941,0.000053805834
El Salvador,SLV,1942,0.00005260227
El Salvador,SLV,1943,0.00005163191
El Salvador,SLV,1944,0.000050497227
El Salvador,SLV,1945,0.00004962925
El Salvador,SLV,1946,0.000048722635
El Salvador,SLV,1947,0.000047731206
El Salvador,SLV,1948,0.000046900725
El Salvador,SLV,1949,0.00004598962
El Salvador,SLV,1950,0.00016032251
El Salvador,SLV,1951,0.0002916716
El Salvador,SLV,1952,0.00044281254
El Salvador,SLV,1953,0.0005973444
El Salvador,SLV,1954,0.00076350465
El Salvador,SLV,1955,0.00091611006
El Salvador,SLV,1956,0.0010823447
El Salvador,SLV,1957,0.0012627523
El Salvador,SLV,1958,0.0014318291
El Salvador,SLV,1959,0.001591504
El Salvador,SLV,1960,0.001743732
El Salvador,SLV,1961,0.0018752902
El Salvador,SLV,1962,0.0020173937
El Salvador,SLV,1963,0.0022889543
El Salvador,SLV,1964,0.0025708934
El Salvador,SLV,1965,0.0027791013
El Salvador,SLV,1966,0.0030410928
El Salvador,SLV,1967,0.0032455162
El Salvador,SLV,1968,0.0034573604
El Salvador,SLV,1969,0.0036313054
El Salvador,SLV,1970,0.003839768
El Salvador,SLV,1971,0.004046853
El Salvador,SLV,1972,0.0042700134
El Salvador,SLV,1973,0.0045308275
El Salvador,SLV,1974,0.004774992
El Salvador,SLV,1975,0.005029558
El Salvador,SLV,1976,0.005278132
El Salvador,SLV,1977,0.0055191014
El Salvador,SLV,1978,0.005755201
El Salvador,SLV,1979,0.005970059
El Salvador,SLV,1980,0.006129302
El Salvador,SLV,1981,0.0062355674
El Salvador,SLV,1982,0.00632663
El Salvador,SLV,1983,0.006431028
El Salvador,SLV,1984,0.0064804736
El Salvador,SLV,1985,0.006574649
El Salvador,SLV,1986,0.006661107
El Salvador,SLV,1987,0.0067969477
El Salvador,SLV,1988,0.006920267
El Salvador,SLV,1989,0.007048685
El Salvador,SLV,1990,0.0071563264
El Salvador,SLV,1991,0.0073356302
El Salvador,SLV,1992,0.0075303777
El Salvador,SLV,1993,0.007787702
El Salvador,SLV,1994,0.008089621
El Salvador,SLV,1995,0.00842403
El Salvador,SLV,1996,0.008673238
El Salvador,SLV,1997,0.009011524
El Salvador,SLV,1998,0.009365486
El Salvador,SLV,1999,0.009683265
El Salvador,SLV,2000,0.009987226
El Salvador,SLV,2001,0.010291924
El Salvador,SLV,2002,0.0105956225
El Salvador,SLV,2003,0.0109037375
El Salvador,SLV,2004,0.011172167
El Salvador,SLV,2005,0.011421908
El Salvador,SLV,2006,0.0116851395
El Salvador,SLV,2007,0.011937157
El Salvador,SLV,2008,0.0121367145
El Salvador,SLV,2009,0.012324534
El Salvador,SLV,2010,0.012487009
El Salvador,SLV,2011,0.012644004
El Salvador,SLV,2012,0.01278688
El Salvador,SLV,2013,0.0128938295
El Salvador,SLV,2014,0.012998218
El Salvador,SLV,2015,0.013132323
El Salvador,SLV,2016,0.013256214
El Salvador,SLV,2017,0.013330016
El Salvador,SLV,2018,0.013425692
El Salvador,SLV,2019,0.013585358
El Salvador,SLV,2020,0.01366536
El Salvador,SLV,2021,0.013777107
El Salvador,SLV,2022,0.013931836
El Salvador,SLV,2023,0.014117567
El Salvador,SLV,2024,0.014308095
Equatorial Guinea,GNQ,1950,0.000004740177
Equatorial Guinea,GNQ,1951,0.00000922644
Equatorial Guinea,GNQ,1952,0.000013473921
Equatorial Guinea,GNQ,1953,0.000017489923
Equatorial Guinea,GNQ,1954,0.000028383276
Equatorial Guinea,GNQ,1955,0.000041381754
Equatorial Guinea,GNQ,1956,0.00005357693
Equatorial Guinea,GNQ,1957,0.00006372478
Equatorial Guinea,GNQ,1958,0.0000782922
Equatorial Guinea,GNQ,1959,0.00009190353
Equatorial Guinea,GNQ,1960,0.00009623467
Equatorial Guinea,GNQ,1961,0.000100301084
Equatorial Guinea,GNQ,1962,0.00010402787
Equatorial Guinea,GNQ,1963,0.00010845848
Equatorial Guinea,GNQ,1964,0.00011244756
Equatorial Guinea,GNQ,1965,0.00011705738
Equatorial Guinea,GNQ,1966,0.00012022069
Equatorial Guinea,GNQ,1967,0.0001230682
Equatorial Guinea,GNQ,1968,0.00012645128
Equatorial Guinea,GNQ,1969,0.00013291933
Equatorial Guinea,GNQ,1970,0.00013687495
Equatorial Guinea,GNQ,1971,0.00014701506
Equatorial Guinea,GNQ,1972,0.00016102681
Equatorial Guinea,GNQ,1973,0.00016140896
Equatorial Guinea,GNQ,1974,0.00016626414
Equatorial Guinea,GNQ,1975,0.00017295986
Equatorial Guinea,GNQ,1976,0.00017892494
Equatorial Guinea,GNQ,1977,0.0001843305
Equatorial Guinea,GNQ,1978,0.00019045961
Equatorial Guinea,GNQ,1979,0.00019476915
Equatorial Guinea,GNQ,1980,0.00019822424
Equatorial Guinea,GNQ,1981,0.00020340424
Equatorial Guinea,GNQ,1982,0.00020889993
Equatorial Guinea,GNQ,1983,0.00021235956
Equatorial Guinea,GNQ,1984,0.00021814965
Equatorial Guinea,GNQ,1985,0.00022129925
Equatorial Guinea,GNQ,1986,0.00022621888
Equatorial Guinea,GNQ,1987,0.0002331331
Equatorial Guinea,GNQ,1988,0.00024036992
Equatorial Guinea,GNQ,1989,0.00024851484
Equatorial Guinea,GNQ,1990,0.0002492329
Equatorial Guinea,GNQ,1991,0.00025021037
Equatorial Guinea,GNQ,1992,0.0002513365
Equatorial Guinea,GNQ,1993,0.000252757
Equatorial Guinea,GNQ,1994,0.0003741962
Equatorial Guinea,GNQ,1995,0.00049733307
Equatorial Guinea,GNQ,1996,0.00062823127
Equatorial Guinea,GNQ,1997,0.00081589405
Equatorial Guinea,GNQ,1998,0.0010266325
Equatorial Guinea,GNQ,1999,0.0012478136
Equatorial Guinea,GNQ,2000,0.0014755847
Equatorial Guinea,GNQ,2001,0.0017287941
Equatorial Guinea,GNQ,2002,0.0019394112
Equatorial Guinea,GNQ,2003,0.002169957
Equatorial Guinea,GNQ,2004,0.0026481864
Equatorial Guinea,GNQ,2005,0.0031064756
Equatorial Guinea,GNQ,2006,0.0035367191
Equatorial Guinea,GNQ,2007,0.0039059161
Equatorial Guinea,GNQ,2008,0.004271827
Equatorial Guinea,GNQ,2009,0.0045420793
Equatorial Guinea,GNQ,2010,0.0049044387
Equatorial Guinea,GNQ,2011,0.0052223164
Equatorial Guinea,GNQ,2012,0.0055800513
Equatorial Guinea,GNQ,2013,0.0060085757
Equatorial Guinea,GNQ,2014,0.006380321
Equatorial Guinea,GNQ,2015,0.006693366
Equatorial Guinea,GNQ,2016,0.0070261713
Equatorial Guinea,GNQ,2017,0.007296016
Equatorial Guinea,GNQ,2018,0.0075638397
Equatorial Guinea,GNQ,2019,0.0077267196
Equatorial Guinea,GNQ,2020,0.007943024
Equatorial Guinea,GNQ,2021,0.008182763
Equatorial Guinea,GNQ,2022,0.008432479
Equatorial Guinea,GNQ,2023,0.008636899
Equatorial Guinea,GNQ,2024,0.00883573
Eritrea,ERI,1939,0.000008253061
Eritrea,ERI,1940,0.000012045826
Eritrea,ERI,1941,0.0000136756225
Eritrea,ERI,1942,0.000019027055
Eritrea,ERI,1943,0.000025948297
Eritrea,ERI,1944,0.000034311957
Eritrea,ERI,1994,0.00008638945
Eritrea,ERI,1995,0.00016984355
Eritrea,ERI,1996,0.00025656947
Eritrea,ERI,1997,0.00032926237
Eritrea,ERI,1998,0.00038013564
Eritrea,ERI,1999,0.00043122735
Eritrea,ERI,2000,0.000478526
Eritrea,ERI,2001,0.0005265544
Eritrea,ERI,2002,0.0005603403
Eritrea,ERI,2003,0.0006159119
Eritrea,ERI,2004,0.00065555034
Eritrea,ERI,2005,0.0006886587
Eritrea,ERI,2006,0.00070867897
Eritrea,ERI,2007,0.00072481245
Eritrea,ERI,2008,0.00073781394
Eritrea,ERI,2009,0.0007541275
Eritrea,ERI,2010,0.0007702787
Eritrea,ERI,2011,0.0007929599
Eritrea,ERI,2012,0.0008164131
Eritrea,ERI,2013,0.0008358705
Eritrea,ERI,2014,0.00085426494
Eritrea,ERI,2015,0.00087106973
Eritrea,ERI,2016,0.0008869136
Eritrea,ERI,2017,0.0009016603
Eritrea,ERI,2018,0.00091918523
Eritrea,ERI,2019,0.0009374479
Eritrea,ERI,2020,0.0009557821
Eritrea,ERI,2021,0.0009747613
Eritrea,ERI,2022,0.0009946476
Eritrea,ERI,2023,0.0010140969
Eritrea,ERI,2024,0.0010330908
Estonia,EST,1830,0.0000083232235
Estonia,EST,1831,0.000017650013
Estonia,EST,1832,0.000023240826
Estonia,EST,1833,0.0000299439
Estonia,EST,1850,0.00003951904
Estonia,EST,1855,0.00009064505
Estonia,EST,1858,0.0001514717
Estonia,EST,1859,0.00021824442
Estonia,EST,1860,0.00030088215
Estonia,EST,1861,0.00039944184
Estonia,EST,1862,0.00047858924
Estonia,EST,1863,0.0005538913
Estonia,EST,1864,0.0006318581
Estonia,EST,1865,0.0006966848
Estonia,EST,1866,0.000948963
Estonia,EST,1867,0.001215399
Estonia,EST,1868,0.0014062554
Estonia,EST,1869,0.0016599736
Estonia,EST,1870,0.0019152533
Estonia,EST,1871,0.0022529268
Estonia,EST,1872,0.0025596088
Estonia,EST,1873,0.0028054062
Estonia,EST,1874,0.0031129788
Estonia,EST,1875,0.0034448837
Estonia,EST,1876,0.003854961
Estonia,EST,1877,0.0042379997
Estonia,EST,1878,0.004749373
Estonia,EST,1879,0.0052224738
Estonia,EST,1880,0.005738701
Estonia,EST,1881,0.0062385886
Estonia,EST,1882,0.0067174896
Estonia,EST,1883,0.0072353715
Estonia,EST,1884,0.0077154315
Estonia,EST,1885,0.008220302
Estonia,EST,1886,0.008698466
Estonia,EST,1887,0.009165699
Estonia,EST,1888,0.00958762
Estonia,EST,1889,0.01003682
Estonia,EST,1890,0.010520561
Estonia,EST,1891,0.011030683
Estonia,EST,1892,0.011548203
Estonia,EST,1893,0.012193008
Estonia,EST,1894,0.012789199
Estonia,EST,1895,0.013464035
Estonia,EST,1896,0.01408796
Estonia,EST,1897,0.0148116425
Estonia,EST,1898,0.015596696
Estonia,EST,1899,0.016473897
Estonia,EST,1900,0.017437752
Estonia,EST,1901,0.018339679
Estonia,EST,1902,0.019093255
Estonia,EST,1903,0.019681811
Estonia,EST,1904,0.020365095
Estonia,EST,1905,0.020780101
Estonia,EST,1906,0.0212963
Estonia,EST,1907,0.021806126
Estonia,EST,1908,0.022318536
Estonia,EST,1909,0.022826446
Estonia,EST,1910,0.023217795
Estonia,EST,1911,0.02361022
Estonia,EST,1912,0.024096254
Estonia,EST,1913,0.02458265
Estonia,EST,1914,0.024981426
Estonia,EST,1915,0.025259228
Estonia,EST,1916,0.025521165
Estonia,EST,1917,0.025627816
Estonia,EST,1918,0.025116175
Estonia,EST,1919,0.024696095
Estonia,EST,1920,0.024153091
Estonia,EST,1921,0.02376637
Estonia,EST,1922,0.023437442
Estonia,EST,1923,0.023076437
Estonia,EST,1924,0.022810142
Estonia,EST,1925,0.022549773
Estonia,EST,1926,0.022509523
Estonia,EST,1927,0.022560086
Estonia,EST,1928,0.022700418
Estonia,EST,1929,0.022843381
Estonia,EST,1930,0.023324385
Estonia,EST,1931,0.024067257
Estonia,EST,1932,0.024994131
Estonia,EST,1933,0.026018333
Estonia,EST,1934,0.027269837
Estonia,EST,1935,0.028672371
Estonia,EST,1936,0.030236166
Estonia,EST,1937,0.031718027
Estonia,EST,1938,0.03329896
Estonia,EST,1939,0.034783818
Estonia,EST,1940,0.036554985
Estonia,EST,1941,0.037889574
Estonia,EST,1942,0.03812644
Estonia,EST,1943,0.038385224
Estonia,EST,1944,0.03916059
Estonia,EST,1945,0.040168718
Estonia,EST,1946,0.041294865
Estonia,EST,1947,0.04266341
Estonia,EST,1948,0.04405969
Estonia,EST,1949,0.045765147
Estonia,EST,1950,0.04755001
Estonia,EST,1951,0.049394034
Estonia,EST,1952,0.051339224
Estonia,EST,1953,0.053329248
Estonia,EST,1954,0.055488087
Estonia,EST,1955,0.057858415
Estonia,EST,1956,0.06036094
Estonia,EST,1957,0.06304771
Estonia,EST,1958,0.06582131
Estonia,EST,1959,0.06856854
Estonia,EST,1960,0.07122319
Estonia,EST,1961,0.07385844
Estonia,EST,1962,0.07649249
Estonia,EST,1963,0.079191364
Estonia,EST,1964,0.08190857
Estonia,EST,1965,0.08465283
Estonia,EST,1966,0.08738894
Estonia,EST,1967,0.09010763
Estonia,EST,1968,0.09265118
Estonia,EST,1969,0.095054805
Estonia,EST,1970,0.097319
Estonia,EST,1971,0.099624574
Estonia,EST,1972,0.101902604
Estonia,EST,1973,0.10407565
Estonia,EST,1974,0.10633095
Estonia,EST,1975,0.10872854
Estonia,EST,1976,0.11100785
Estonia,EST,1977,0.113230616
Estonia,EST,1978,0.115369044
Estonia,EST,1979,0.11731775
Estonia,EST,1980,0.11938153
Estonia,EST,1981,0.12131166
Estonia,EST,1982,0.123258695
Estonia,EST,1983,0.12513879
Estonia,EST,1984,0.12685719
Estonia,EST,1985,0.12875877
Estonia,EST,1986,0.13050023
Estonia,EST,1987,0.13190033
Estonia,EST,1988,0.13309471
Estonia,EST,1989,0.13429281
Estonia,EST,1990,0.13508312
Estonia,EST,1991,0.13541898
Estonia,EST,1992,0.1347056
Estonia,EST,1993,0.13342506
Estonia,EST,1994,0.13224371
Estonia,EST,1995,0.13082884
Estonia,EST,1996,0.12948978
Estonia,EST,1997,0.12816112
Estonia,EST,1998,0.12673348
Estonia,EST,1999,0.12520885
Estonia,EST,2000,0.123633094
Estonia,EST,2001,0.122148976
Estonia,EST,2002,0.12062476
Estonia,EST,2003,0.11919309
Estonia,EST,2004,0.11773852
Estonia,EST,2005,0.11623747
Estonia,EST,2006,0.11466184
Estonia,EST,2007,0.11336192
Estonia,EST,2008,0.111912176
Estonia,EST,2009,0.1103182
Estonia,EST,2010,0.10899262
Estonia,EST,2011,0.1076391
Estonia,EST,2012,0.10623188
Estonia,EST,2013,0.104998805
Estonia,EST,2014,0.10375379
Estonia,EST,2015,0.10237322
Estonia,EST,2016,0.10116274
Estonia,EST,2017,0.10004402
Estonia,EST,2018,0.098878466
Estonia,EST,2019,0.097412184
Estonia,EST,2020,0.09593694
Estonia,EST,2021,0.0944972
Estonia,EST,2022,0.093171544
Estonia,EST,2023,0.091694154
Estonia,EST,2024,0.09022936
Eswatini,SWZ,1950,0.0000015800589
Eswatini,SWZ,1951,0.0000030754802
Eswatini,SWZ,1952,0.000004491307
Eswatini,SWZ,1953,0.0000058299743
Eswatini,SWZ,1954,0.000007095819
Eswatini,SWZ,1955,0.000008276351
Eswatini,SWZ,1956,0.000009375963
Eswatini,SWZ,1957,0.000010404046
Eswatini,SWZ,1958,0.000011364998
Eswatini,SWZ,1959,0.000012253804
Eswatini,SWZ,1960,0.000022573564
Eswatini,SWZ,1961,0.00002305772
Eswatini,SWZ,1964,0.000024170971
Eswatini,SWZ,1965,0.000045805064
Eswatini,SWZ,1966,0.000098541546
Eswatini,SWZ,1967,0.00015455075
Eswatini,SWZ,1968,0.0002196745
Eswatini,SWZ,1969,0.0002863564
Eswatini,SWZ,1970,0.0003624173
Eswatini,SWZ,1971,0.0004402146
Eswatini,SWZ,1972,0.0005079154
Eswatini,SWZ,1973,0.00056763436
Eswatini,SWZ,1974,0.00061137485
Eswatini,SWZ,1975,0.00065724744
Eswatini,SWZ,1976,0.00069829455
Eswatini,SWZ,1977,0.000737322
Eswatini,SWZ,1978,0.0007904399
Eswatini,SWZ,1979,0.0008406488
Eswatini,SWZ,1980,0.000890793
Eswatini,SWZ,1981,0.0009338908
Eswatini,SWZ,1982,0.0009746756
Eswatini,SWZ,1983,0.0009878611
Eswatini,SWZ,1984,0.0010086722
Eswatini,SWZ,1985,0.0010425188
Eswatini,SWZ,1986,0.0010765777
Eswatini,SWZ,1987,0.0011047836
Eswatini,SWZ,1988,0.0011302194
Eswatini,SWZ,1989,0.0011538189
Eswatini,SWZ,1990,0.0012402628
Eswatini,SWZ,1991,0.0013106258
Eswatini,SWZ,1992,0.001373543
Eswatini,SWZ,1993,0.0014186194
Eswatini,SWZ,1994,0.001502232
Eswatini,SWZ,1995,0.0015787588
Eswatini,SWZ,1996,0.0016215757
Eswatini,SWZ,1997,0.00169824
Eswatini,SWZ,1998,0.0017735076
Eswatini,SWZ,1999,0.0018521106
Eswatini,SWZ,2000,0.0019222286
Eswatini,SWZ,2001,0.0019787473
Eswatini,SWZ,2002,0.0020298883
Eswatini,SWZ,2003,0.0020692344
Eswatini,SWZ,2004,0.0021049445
Eswatini,SWZ,2005,0.0021380673
Eswatini,SWZ,2006,0.002167794
Eswatini,SWZ,2007,0.002196817
Eswatini,SWZ,2008,0.0022214414
Eswatini,SWZ,2009,0.0022485799
Eswatini,SWZ,2010,0.002267016
Eswatini,SWZ,2011,0.0022799687
Eswatini,SWZ,2012,0.0023021596
Eswatini,SWZ,2013,0.0023369442
Eswatini,SWZ,2014,0.0023324443
Eswatini,SWZ,2015,0.002334044
Eswatini,SWZ,2016,0.0023466754
Eswatini,SWZ,2017,0.0023546517
Eswatini,SWZ,2018,0.0023638762
Eswatini,SWZ,2019,0.0023772577
Eswatini,SWZ,2020,0.0023862964
Eswatini,SWZ,2021,0.0023926094
Eswatini,SWZ,2022,0.0023999636
Eswatini,SWZ,2023,0.0024063357
Eswatini,SWZ,2024,0.0024125997
Ethiopia,ETH,1941,0.0000058610576
Ethiopia,ETH,1942,0.000011416338
Ethiopia,ETH,1943,0.000016681266
Ethiopia,ETH,1948,0.000016462998
Ethiopia,ETH,1949,0.000017692093
Ethiopia,ETH,1950,0.00005514854
Ethiopia,ETH,1951,0.000079800484
Ethiopia,ETH,1952,0.00011810111
Ethiopia,ETH,1953,0.00018783925
Ethiopia,ETH,1954,0.00028787102
Ethiopia,ETH,1955,0.00036528098
Ethiopia,ETH,1956,0.00044305518
Ethiopia,ETH,1957,0.00054459495
Ethiopia,ETH,1958,0.0006386166
Ethiopia,ETH,1959,0.0007324093
Ethiopia,ETH,1960,0.0008241336
Ethiopia,ETH,1961,0.0009069
Ethiopia,ETH,1962,0.0010006652
Ethiopia,ETH,1963,0.001094938
Ethiopia,ETH,1964,0.0011775438
Ethiopia,ETH,1965,0.0013195853
Ethiopia,ETH,1966,0.0014990919
Ethiopia,ETH,1967,0.0017306984
Ethiopia,ETH,1968,0.0021089881
Ethiopia,ETH,1969,0.0024440521
Ethiopia,ETH,1970,0.0027465657
Ethiopia,ETH,1971,0.00306929
Ethiopia,ETH,1972,0.0032678717
Ethiopia,ETH,1973,0.0035192932
Ethiopia,ETH,1974,0.0037508735
Ethiopia,ETH,1975,0.0038632434
Ethiopia,ETH,1976,0.0039553344
Ethiopia,ETH,1977,0.004014211
Ethiopia,ETH,1978,0.00412151
Ethiopia,ETH,1979,0.00429986
Ethiopia,ETH,1980,0.0044629727
Ethiopia,ETH,1981,0.0046266853
Ethiopia,ETH,1982,0.0047215545
Ethiopia,ETH,1983,0.004864523
Ethiopia,ETH,1984,0.0049682413
Ethiopia,ETH,1985,0.0050824345
Ethiopia,ETH,1986,0.0052432525
Ethiopia,ETH,1987,0.0054388284
Ethiopia,ETH,1988,0.0056288075
Ethiopia,ETH,1989,0.0058257207
Ethiopia,ETH,1990,0.00603167
Ethiopia,ETH,1991,0.0062194085
Ethiopia,ETH,1992,0.006399529
Ethiopia,ETH,1993,0.006575158
Ethiopia,ETH,1994,0.006651568
Ethiopia,ETH,1995,0.006753702
Ethiopia,ETH,1996,0.006876025
Ethiopia,ETH,1997,0.0070103398
Ethiopia,ETH,1998,0.007155492
Ethiopia,ETH,1999,0.007284635
Ethiopia,ETH,2000,0.007438123
Ethiopia,ETH,2001,0.0076578697
Ethiopia,ETH,2002,0.007878446
Ethiopia,ETH,2003,0.008117717
Ethiopia,ETH,2004,0.008363576
Ethiopia,ETH,2005,0.008573239
Ethiopia,ETH,2006,0.008795304
Ethiopia,ETH,2007,0.009041775
Ethiopia,ETH,2008,0.009317341
Ethiopia,ETH,2009,0.009586083
Ethiopia,ETH,2010,0.009820813
Ethiopia,ETH,2011,0.010109108
Ethiopia,ETH,2012,0.010424707
Ethiopia,ETH,2013,0.010843993
Ethiopia,ETH,2014,0.011363278
Ethiopia,ETH,2015,0.011926017
Ethiopia,ETH,2016,0.012576481
Ethiopia,ETH,2017,0.013210713
Ethiopia,ETH,2018,0.0139035685
Ethiopia,ETH,2019,0.014626458
Ethiopia,ETH,2020,0.015309166
Ethiopia,ETH,2021,0.016015925
Ethiopia,ETH,2022,0.016633682
Ethiopia,ETH,2023,0.017254177
Ethiopia,ETH,2024,0.01785865
Europe,,1750,100
Europe,,1751,100
Europe,,1752,100
Europe,,1753,100
Europe,,1754,100
Europe,,1755,100
Europe,,1756,100
Europe,,1757,100
Europe,,1758,100.00001
Europe,,1759,99.99999
Europe,,1760,100
Europe,,1761,100
Europe,,1762,99.99999
Europe,,1763,100
Europe,,1764,100
Europe,,1765,100
Europe,,1766,100
Europe,,1767,99.99999
Europe,,1768,100
Europe,,1769,100.00001
Europe,,1770,100
Europe,,1771,100
Europe,,1772,100
Europe,,1773,100
Europe,,1774,100
Europe,,1775,100
Europe,,1776,100
Europe,,1777,100
Europe,,1778,100
Europe,,1779,100.00001
Europe,,1780,100.00001
Europe,,1781,100.00001
Europe,,1782,100
Europe,,1783,100
Europe,,1784,100
Europe,,1785,99.9992
Europe,,1786,99.99847
Europe,,1787,99.99779
Europe,,1788,99.99715
Europe,,1789,99.99657
Europe,,1790,99.99604
Europe,,1791,99.99554
Europe,,1792,99.99509
Europe,,1793,99.99467
Europe,,1794,99.99429
Europe,,1795,99.99392
Europe,,1796,99.99358
Europe,,1797,99.993286
Europe,,1798,99.99298
Europe,,1799,99.99277
Europe,,1800,99.96068
Europe,,1801,99.9293
Europe,,1802,99.898674
Europe,,1803,99.86841
Europe,,1804,99.83651
Europe,,1805,99.80583
Europe,,1806,99.77811
Europe,,1807,99.748726
Europe,,1808,99.71977
Europe,,1809,99.69188
Europe,,1810,99.66541
Europe,,1811,99.63836
Europe,,1812,99.61029
Europe,,1813,99.58121
Europe,,1814,99.55117
Europe,,1815,99.52058
Europe,,1816,99.48813
Europe,,1817,99.455376
Europe,,1818,99.42144
Europe,,1819,99.390656
Europe,,1820,99.35977
Europe,,1821,99.32928
Europe,,1822,99.299255
Europe,,1823,99.26992
Europe,,1824,99.23667
Europe,,1825,99.20044
Europe,,1826,99.15731
Europe,,1827,99.112175
Europe,,1828,99.06336
Europe,,1829,99.007866
Europe,,1830,98.95309
Europe,,1831,98.89235
Europe,,1832,98.80315
Europe,,1833,98.70001
Europe,,1834,98.61232
Europe,,1835,98.499886
Europe,,1836,98.38592
Europe,,1837,98.25979
Europe,,1838,98.15163
Europe,,1839,98.0373
Europe,,1840,97.92519
Europe,,1841,97.81285
Europe,,1842,97.69266
Europe,,1843,97.56017
Europe,,1844,97.40185
Europe,,1845,97.21527
Europe,,1846,97.00625
Europe,,1847,96.76636
Europe,,1848,96.50781
Europe,,1849,96.24543
Europe,,1850,95.97956
Europe,,1851,95.63886
Europe,,1852,95.289024
Europe,,1853,94.91265
Europe,,1854,94.54976
Europe,,1855,94.13449
Europe,,1856,93.7281
Europe,,1857,93.33826
Europe,,1858,92.968025
Europe,,1859,92.59064
Europe,,1860,92.240585
Europe,,1861,91.961235
Europe,,1862,91.68532
Europe,,1863,91.36967
Europe,,1864,91.05947
Europe,,1865,90.79377
Europe,,1866,90.546715
Europe,,1867,90.21946
Europe,,1868,89.8477
Europe,,1869,89.43857
Europe,,1870,89.03117
Europe,,1871,88.64703
Europe,,1872,88.1642
Europe,,1873,87.66248
Europe,,1874,87.19722
Europe,,1875,86.80208
Europe,,1876,86.46841
Europe,,1877,86.084854
Europe,,1878,85.738785
Europe,,1879,85.28018
Europe,,1880,84.79286
Europe,,1881,84.306335
Europe,,1882,83.76705
Europe,,1883,83.2231
Europe,,1884,82.66317
Europe,,1885,82.13497
Europe,,1886,81.59632
Europe,,1887,81.0454
Europe,,1888,80.352875
Europe,,1889,79.84942
Europe,,1890,79.23258
Europe,,1891,78.60779
Europe,,1892,77.9671
Europe,,1893,77.34634
Europe,,1894,76.87545
Europe,,1895,76.333244
Europe,,1896,75.84968
Europe,,1897,75.39002
Europe,,1898,74.88681
Europe,,1899,74.315
Europe,,1900,73.75419
Europe,,1901,73.12031
Europe,,1902,72.46475
Europe,,1903,71.695694
Europe,,1904,71.00084
Europe,,1905,70.24087
Europe,,1906,69.48688
Europe,,1907,68.63424
Europe,,1908,68.01684
Europe,,1909,67.3362
Europe,,1910,66.60431
Europe,,1911,65.93941
Europe,,1912,65.27095
Europe,,1913,64.60669
Europe,,1914,64.01735
Europe,,1915,63.41429
Europe,,1916,62.75334
Europe,,1917,62.007065
Europe,,1918,61.20379
Europe,,1919,60.52721
Europe,,1920,59.790977
Europe,,1921,59.232014
Europe,,1922,58.755497
Europe,,1923,58.026955
Europe,,1924,57.514065
Europe,,1925,57.008198
Europe,,1926,56.389107
Europe,,1927,55.940758
Europe,,1928,55.53307
Europe,,1929,55.136974
Europe,,1930,54.824394
Europe,,1931,54.60682
Europe,,1932,54.450256
Europe,,1933,54.269535
Europe,,1934,54.089077
Europe,,1935,53.909344
Europe,,1936,53.68311
Europe,,1937,53.472153
Europe,,1938,53.360767
Europe,,1939,53.20824
Europe,,1940,53.017612
Europe,,1941,52.761555
Europe,,1942,52.44345
Europe,,1943,52.125996
Europe,,1944,51.75179
Europe,,1945,51.289597
Europe,,1946,50.96711
Europe,,1947,50.641994
Europe,,1948,50.336742
Europe,,1949,50.180435
Europe,,1950,49.924236
Europe,,1951,49.69041
Europe,,1952,49.485718
Europe,,1953,49.286533
Europe,,1954,49.140488
Europe,,1955,48.980553
Europe,,1956,48.820732
Europe,,1957,48.677658
Europe,,1958,48.517246
Europe,,1959,48.32242
Europe,,1960,48.13789
Europe,,1961,48.005722
Europe,,1962,47.90198
Europe,,1963,47.811497
Europe,,1964,47.715958
Europe,,1965,47.601364
Europe,,1966,47.469395
Europe,,1967,47.32911
Europe,,1968,47.179977
Europe,,1969,47.015293
Europe,,1970,46.802383
Europe,,1971,46.59188
Europe,,1972,46.372627
Europe,,1973,46.147163
Europe,,1974,45.948486
Europe,,1975,45.771687
Europe,,1976,45.601818
Europe,,1977,45.41214
Europe,,1978,45.22251
Europe,,1979,45.03867
Europe,,1980,44.874676
Europe,,1981,44.71371
Europe,,1982,44.563255
Europe,,1983,44.410725
Europe,,1984,44.237957
Europe,,1985,44.077847
Europe,,1986,43.91054
Europe,,1987,43.71588
Europe,,1988,43.490685
Europe,,1989,43.258156
Europe,,1990,43.035797
Europe,,1991,42.76519
Europe,,1992,42.46775
Europe,,1993,42.141685
Europe,,1994,41.781544
Europe,,1995,41.412464
Europe,,1996,41.03587
Europe,,1997,40.65077
Europe,,1998,40.28535
Europe,,1999,39.907898
Europe,,2000,39.522793
Europe,,2001,39.161297
Europe,,2002,38.79344
Europe,,2003,38.40796
Europe,,2004,38.01186
Europe,,2005,37.604206
Europe,,2006,37.194275
Europe,,2007,36.77325
Europe,,2008,36.352165
Europe,,2009,35.927155
Europe,,2010,35.49107
Europe,,2011,35.041195
Europe,,2012,34.598423
Europe,,2013,34.158504
Europe,,2014,33.71963
Europe,,2015,33.30291
Europe,,2016,32.904427
Europe,,2017,32.51395
Europe,,2018,32.124615
Europe,,2019,31.735126
Europe,,2020,31.374014
Europe,,2021,31.010813
Europe,,2022,30.641714
Europe,,2023,30.266932
Europe,,2024,29.899075
Europe (excl. EU-27),,1750,100
Europe (excl. EU-27),,1751,100
Europe (excl. EU-27),,1752,100
Europe (excl. EU-27),,1753,100
Europe (excl. EU-27),,1754,100
Europe (excl. EU-27),,1755,100
Europe (excl. EU-27),,1756,100
Europe (excl. EU-27),,1757,100
Europe (excl. EU-27),,1758,100.00001
Europe (excl. EU-27),,1759,99.99999
Europe (excl. EU-27),,1760,100
Europe (excl. EU-27),,1761,100
Europe (excl. EU-27),,1762,99.99999
Europe (excl. EU-27),,1763,100
Europe (excl. EU-27),,1764,100
Europe (excl. EU-27),,1765,100
Europe (excl. EU-27),,1766,100
Europe (excl. EU-27),,1767,99.99999
Europe (excl. EU-27),,1768,100
Europe (excl. EU-27),,1769,100.00001
Europe (excl. EU-27),,1770,100
Europe (excl. EU-27),,1771,100
Europe (excl. EU-27),,1772,100
Europe (excl. EU-27),,1773,100
Europe (excl. EU-27),,1774,100
Europe (excl. EU-27),,1775,100
Europe (excl. EU-27),,1776,100
Europe (excl. EU-27),,1777,100
Europe (excl. EU-27),,1778,100
Europe (excl. EU-27),,1779,100.00001
Europe (excl. EU-27),,1780,100.00001
Europe (excl. EU-27),,1781,100.00001
Europe (excl. EU-27),,1782,100
Europe (excl. EU-27),,1783,100
Europe (excl. EU-27),,1784,100
Europe (excl. EU-27),,1785,99.9992
Europe (excl. EU-27),,1786,99.99847
Europe (excl. EU-27),,1787,99.99779
Europe (excl. EU-27),,1788,99.99715
Europe (excl. EU-27),,1789,99.99657
Europe (excl. EU-27),,1790,99.99604
Europe (excl. EU-27),,1791,99.99554
Europe (excl. EU-27),,1792,99.91656
Europe (excl. EU-27),,1793,99.84148
Europe (excl. EU-27),,1794,99.77741
Europe (excl. EU-27),,1795,99.71706
Europe (excl. EU-27),,1796,99.647705
Europe (excl. EU-27),,1797,99.58061
Europe (excl. EU-27),,1798,99.51473
Europe (excl. EU-27),,1799,99.44928
Europe (excl. EU-27),,1800,99.28796
Europe (excl. EU-27),,1801,99.163956
Europe (excl. EU-27),,1802,98.053566
Europe (excl. EU-27),,1803,97.97278
Europe (excl. EU-27),,1804,97.612434
Europe (excl. EU-27),,1805,97.4859
Europe (excl. EU-27),,1806,97.38748
Europe (excl. EU-27),,1807,97.12705
Europe (excl. EU-27),,1808,97.053894
Europe (excl. EU-27),,1809,96.98639
Europe (excl. EU-27),,1810,96.73132
Europe (excl. EU-27),,1811,96.50124
Europe (excl. EU-27),,1812,96.2841
Europe (excl. EU-27),,1813,96.10025
Europe (excl. EU-27),,1814,95.91598
Europe (excl. EU-27),,1815,95.708694
Europe (excl. EU-27),,1816,95.40099
Europe (excl. EU-27),,1817,95.03681
Europe (excl. EU-27),,1818,94.69666
Europe (excl. EU-27),,1819,94.3781
Europe (excl. EU-27),,1820,94.044495
Europe (excl. EU-27),,1821,93.71222
Europe (excl. EU-27),,1822,93.38549
Europe (excl. EU-27),,1823,93.0463
Europe (excl. EU-27),,1824,92.746086
Europe (excl. EU-27),,1825,92.385185
Europe (excl. EU-27),,1826,92.04377
Europe (excl. EU-27),,1827,91.62088
Europe (excl. EU-27),,1828,91.21148
Europe (excl. EU-27),,1829,90.87281
Europe (excl. EU-27),,1830,90.28257
Europe (excl. EU-27),,1831,89.8206
Europe (excl. EU-27),,1832,89.35309
Europe (excl. EU-27),,1833,88.8495
Europe (excl. EU-27),,1834,88.33921
Europe (excl. EU-27),,1835,87.8188
Europe (excl. EU-27),,1836,87.26493
Europe (excl. EU-27),,1837,86.65892
Europe (excl. EU-27),,1838,86.05124
Europe (excl. EU-27),,1839,85.45075
Europe (excl. EU-27),,1840,84.80523
Europe (excl. EU-27),,1841,84.13756
Europe (excl. EU-27),,1842,83.45481
Europe (excl. EU-27),,1843,82.84634
Europe (excl. EU-27),,1844,82.21395
Europe (excl. EU-27),,1845,81.503296
Europe (excl. EU-27),,1846,80.68867
Europe (excl. EU-27),,1847,79.8371
Europe (excl. EU-27),,1848,79.1643
Europe (excl. EU-27),,1849,78.52937
Europe (excl. EU-27),,1850,77.85853
Europe (excl. EU-27),,1851,77.089615
Europe (excl. EU-27),,1852,76.24177
Europe (excl. EU-27),,1853,75.31282
Europe (excl. EU-27),,1854,74.37753
Europe (excl. EU-27),,1855,73.31371
Europe (excl. EU-27),,1856,72.285645
Europe (excl. EU-27),,1857,71.27491
Europe (excl. EU-27),,1858,70.270004
Europe (excl. EU-27),,1859,69.39207
Europe (excl. EU-27),,1860,68.56066
Europe (excl. EU-27),,1861,67.74933
Europe (excl. EU-27),,1862,66.8818
Europe (excl. EU-27),,1863,66.03093
Europe (excl. EU-27),,1864,65.19018
Europe (excl. EU-27),,1865,64.37359
Europe (excl. EU-27),,1866,63.61782
Europe (excl. EU-27),,1867,62.792767
Europe (excl. EU-27),,1868,61.92083
Europe (excl. EU-27),,1869,61.06074
Europe (excl. EU-27),,1870,60.263733
Europe (excl. EU-27),,1871,59.49431
Europe (excl. EU-27),,1872,58.618114
Europe (excl. EU-27),,1873,57.724396
Europe (excl. EU-27),,1874,57.035313
Europe (excl. EU-27),,1875,56.309814
Europe (excl. EU-27),,1876,55.620327
Europe (excl. EU-27),,1877,54.976048
Europe (excl. EU-27),,1878,54.350555
Europe (excl. EU-27),,1879,53.635483
Europe (excl. EU-27),,1880,52.841988
Europe (excl. EU-27),,1881,52.11887
Europe (excl. EU-27),,1882,51.35074
Europe (excl. EU-27),,1883,50.57836
Europe (excl. EU-27),,1884,49.811184
Europe (excl. EU-27),,1885,49.08466
Europe (excl. EU-27),,1886,48.37778
Europe (excl. EU-27),,1887,47.668015
Europe (excl. EU-27),,1888,46.862377
Europe (excl. EU-27),,1889,46.17382
Europe (excl. EU-27),,1890,45.41602
Europe (excl. EU-27),,1891,44.667076
Europe (excl. EU-27),,1892,43.948414
Europe (excl. EU-27),,1893,43.213642
Europe (excl. EU-27),,1894,42.613346
Europe (excl. EU-27),,1895,41.986637
Europe (excl. EU-27),,1896,41.38584
Europe (excl. EU-27),,1897,40.797802
Europe (excl. EU-27),,1898,40.185516
Europe (excl. EU-27),,1899,39.561863
Europe (excl. EU-27),,1900,38.93456
Europe (excl. EU-27),,1901,38.291435
Europe (excl. EU-27),,1902,37.690586
Europe (excl. EU-27),,1903,37.00779
Europe (excl. EU-27),,1904,36.382267
Europe (excl. EU-27),,1905,35.70969
Europe (excl. EU-27),,1906,35.071144
Europe (excl. EU-27),,1907,34.335697
Europe (excl. EU-27),,1908,33.71058
Europe (excl. EU-27),,1909,33.09273
Europe (excl. EU-27),,1910,32.462616
Europe (excl. EU-27),,1911,31.885769
Europe (excl. EU-27),,1912,31.274235
Europe (excl. EU-27),,1913,30.674913
Europe (excl. EU-27),,1914,30.210243
Europe (excl. EU-27),,1915,29.796766
Europe (excl. EU-27),,1916,29.354614
Europe (excl. EU-27),,1917,28.874966
Europe (excl. EU-27),,1918,28.358227
Europe (excl. EU-27),,1919,27.993164
Europe (excl. EU-27),,1920,27.539015
Europe (excl. EU-27),,1921,27.083529
Europe (excl. EU-27),,1922,26.726458
Europe (excl. EU-27),,1923,26.31668
Europe (excl. EU-27),,1924,25.955477
Europe (excl. EU-27),,1925,25.58882
Europe (excl. EU-27),,1926,25.111826
Europe (excl. EU-27),,1927,24.784307
Europe (excl. EU-27),,1928,24.466845
Europe (excl. EU-27),,1929,24.141048
Europe (excl. EU-27),,1930,23.901758
Europe (excl. EU-27),,1931,23.74134
Europe (excl. EU-27),,1932,23.646456
Europe (excl. EU-27),,1933,23.54109
Europe (excl. EU-27),,1934,23.444527
Europe (excl. EU-27),,1935,23.350096
Europe (excl. EU-27),,1936,23.247831
Europe (excl. EU-27),,1937,23.125666
Europe (excl. EU-27),,1938,23.04407
Europe (excl. EU-27),,1939,22.940432
Europe (excl. EU-27),,1940,22.837095
Europe (excl. EU-27),,1941,22.6925
Europe (excl. EU-27),,1942,22.467335
Europe (excl. EU-27),,1943,22.246618
Europe (excl. EU-27),,1944,22.071583
Europe (excl. EU-27),,1945,21.988949
Europe (excl. EU-27),,1946,21.905634
Europe (excl. EU-27),,1947,21.817507
Europe (excl. EU-27),,1948,21.727337
Europe (excl. EU-27),,1949,21.693878
Europe (excl. EU-27),,1950,21.615255
Europe (excl. EU-27),,1951,21.539639
Europe (excl. EU-27),,1952,21.471407
Europe (excl. EU-27),,1953,21.410791
Europe (excl. EU-27),,1954,21.373713
Europe (excl. EU-27),,1955,21.335606
Europe (excl. EU-27),,1956,21.294247
Europe (excl. EU-27),,1957,21.267155
Europe (excl. EU-27),,1958,21.243298
Europe (excl. EU-27),,1959,21.207073
Europe (excl. EU-27),,1960,21.16643
Europe (excl. EU-27),,1961,21.140589
Europe (excl. EU-27),,1962,21.116848
Europe (excl. EU-27),,1963,21.096004
Europe (excl. EU-27),,1964,21.070967
Europe (excl. EU-27),,1965,21.049442
Europe (excl. EU-27),,1966,21.022219
Europe (excl. EU-27),,1967,20.989809
Europe (excl. EU-27),,1968,20.942331
Europe (excl. EU-27),,1969,20.878973
Europe (excl. EU-27),,1970,20.797562
Europe (excl. EU-27),,1971,20.723822
Europe (excl. EU-27),,1972,20.644129
Europe (excl. EU-27),,1973,20.558102
Europe (excl. EU-27),,1974,20.48897
Europe (excl. EU-27),,1975,20.446917
Europe (excl. EU-27),,1976,20.392498
Europe (excl. EU-27),,1977,20.340538
Europe (excl. EU-27),,1978,20.286064
Europe (excl. EU-27),,1979,20.230375
Europe (excl. EU-27),,1980,20.188179
Europe (excl. EU-27),,1981,20.154928
Europe (excl. EU-27),,1982,20.13335
Europe (excl. EU-27),,1983,20.11525
Europe (excl. EU-27),,1984,20.084042
Europe (excl. EU-27),,1985,20.073084
Europe (excl. EU-27),,1986,20.058598
Europe (excl. EU-27),,1987,20.02515
Europe (excl. EU-27),,1988,19.982899
Europe (excl. EU-27),,1989,19.92664
Europe (excl. EU-27),,1990,19.881897
Europe (excl. EU-27),,1991,19.80019
Europe (excl. EU-27),,1992,19.677946
Europe (excl. EU-27),,1993,19.531935
Europe (excl. EU-27),,1994,19.350422
Europe (excl. EU-27),,1995,19.159111
Europe (excl. EU-27),,1996,18.959211
Europe (excl. EU-27),,1997,18.752123
Europe (excl. EU-27),,1998,18.555134
Europe (excl. EU-27),,1999,18.354982
Europe (excl. EU-27),,2000,18.151453
Europe (excl. EU-27),,2001,17.96118
Europe (excl. EU-27),,2002,17.767473
Europe (excl. EU-27),,2003,17.566708
Europe (excl. EU-27),,2004,17.363
Europe (excl. EU-27),,2005,17.156244
Europe (excl. EU-27),,2006,16.952608
Europe (excl. EU-27),,2007,16.746336
Europe (excl. EU-27),,2008,16.543894
Europe (excl. EU-27),,2009,16.341352
Europe (excl. EU-27),,2010,16.136337
Europe (excl. EU-27),,2011,15.929558
Europe (excl. EU-27),,2012,15.729198
Europe (excl. EU-27),,2013,15.529796
Europe (excl. EU-27),,2014,15.331623
Europe (excl. EU-27),,2015,15.139924
Europe (excl. EU-27),,2016,14.956102
Europe (excl. EU-27),,2017,14.775715
Europe (excl. EU-27),,2018,14.599595
Europe (excl. EU-27),,2019,14.426267
Europe (excl. EU-27),,2020,14.2688265
Europe (excl. EU-27),,2021,14.1076355
Europe (excl. EU-27),,2022,13.942011
Europe (excl. EU-27),,2023,13.781343
Europe (excl. EU-27),,2024,13.626403
Europe (excl. EU-28),,1750,0
Europe (excl. EU-28),,1751,0
Europe (excl. EU-28),,1752,0
Europe (excl. EU-28),,1753,0
Europe (excl. EU-28),,1754,0
Europe (excl. EU-28),,1755,0
Europe (excl. EU-28),,1756,0
Europe (excl. EU-28),,1757,0
Europe (excl. EU-28),,1758,0
Europe (excl. EU-28),,1759,0
Europe (excl. EU-28),,1760,0
Europe (excl. EU-28),,1761,0
Europe (excl. EU-28),,1762,0
Europe (excl. EU-28),,1763,0
Europe (excl. EU-28),,1764,0
Europe (excl. EU-28),,1765,0
Europe (excl. EU-28),,1766,0
Europe (excl. EU-28),,1767,0
Europe (excl. EU-28),,1768,0
Europe (excl. EU-28),,1769,0
Europe (excl. EU-28),,1770,0
Europe (excl. EU-28),,1771,0
Europe (excl. EU-28),,1772,0
Europe (excl. EU-28),,1773,0
Europe (excl. EU-28),,1774,0
Europe (excl. EU-28),,1775,0
Europe (excl. EU-28),,1776,0
Europe (excl. EU-28),,1777,0
Europe (excl. EU-28),,1778,0
Europe (excl. EU-28),,1779,0
Europe (excl. EU-28),,1780,0
Europe (excl. EU-28),,1781,0
Europe (excl. EU-28),,1782,0
Europe (excl. EU-28),,1783,0
Europe (excl. EU-28),,1784,0
Europe (excl. EU-28),,1785,0
Europe (excl. EU-28),,1786,0
Europe (excl. EU-28),,1787,0
Europe (excl. EU-28),,1788,0
Europe (excl. EU-28),,1789,0
Europe (excl. EU-28),,1790,0
Europe (excl. EU-28),,1791,0
Europe (excl. EU-28),,1792,0
Europe (excl. EU-28),,1793,0
Europe (excl. EU-28),,1794,0
Europe (excl. EU-28),,1795,0
Europe (excl. EU-28),,1796,0
Europe (excl. EU-28),,1797,0
Europe (excl. EU-28),,1798,0
Europe (excl. EU-28),,1799,0
Europe (excl. EU-28),,1800,0
Europe (excl. EU-28),,1801,0
Europe (excl. EU-28),,1802,0
Europe (excl. EU-28),,1803,0
Europe (excl. EU-28),,1804,0
Europe (excl. EU-28),,1805,0
Europe (excl. EU-28),,1806,0
Europe (excl. EU-28),,1807,0
Europe (excl. EU-28),,1808,0
Europe (excl. EU-28),,1809,0
Europe (excl. EU-28),,1810,0
Europe (excl. EU-28),,1811,0
Europe (excl. EU-28),,1812,0
Europe (excl. EU-28),,1813,0
Europe (excl. EU-28),,1814,0
Europe (excl. EU-28),,1815,0
Europe (excl. EU-28),,1816,0
Europe (excl. EU-28),,1817,0
Europe (excl. EU-28),,1818,0
Europe (excl. EU-28),,1819,0
Europe (excl. EU-28),,1820,0
Europe (excl. EU-28),,1821,0
Europe (excl. EU-28),,1822,0
Europe (excl. EU-28),,1823,0
Europe (excl. EU-28),,1824,0
Europe (excl. EU-28),,1825,0
Europe (excl. EU-28),,1826,0
Europe (excl. EU-28),,1827,0
Europe (excl. EU-28),,1828,0
Europe (excl. EU-28),,1829,0.00051515957
Europe (excl. EU-28),,1830,0.0015196857
Europe (excl. EU-28),,1831,0.0024281126
Europe (excl. EU-28),,1832,0.0028625159
Europe (excl. EU-28),,1833,0.0033915916
Europe (excl. EU-28),,1834,0.003273997
Europe (excl. EU-28),,1835,0.0037055062
Europe (excl. EU-28),,1836,0.0042249425
Europe (excl. EU-28),,1837,0.004962124
Europe (excl. EU-28),,1838,0.006509093
Europe (excl. EU-28),,1839,0.007583821
Europe (excl. EU-28),,1840,0.008674598
Europe (excl. EU-28),,1841,0.010118132
Europe (excl. EU-28),,1842,0.011859487
Europe (excl. EU-28),,1843,0.013157692
Europe (excl. EU-28),,1844,0.014424799
Europe (excl. EU-28),,1845,0.016395016
Europe (excl. EU-28),,1846,0.018202173
Europe (excl. EU-28),,1847,0.01989885
Europe (excl. EU-28),,1848,0.022117443
Europe (excl. EU-28),,1849,0.023546003
Europe (excl. EU-28),,1850,0.027502526
Europe (excl. EU-28),,1851,0.02942569
Europe (excl. EU-28),,1852,0.03114775
Europe (excl. EU-28),,1853,0.032950222
Europe (excl. EU-28),,1854,0.03561394
Europe (excl. EU-28),,1855,0.043304183
Europe (excl. EU-28),,1856,0.04627202
Europe (excl. EU-28),,1857,0.04896217
Europe (excl. EU-28),,1858,0.059064813
Europe (excl. EU-28),,1859,0.07019506
Europe (excl. EU-28),,1860,0.08340753
Europe (excl. EU-28),,1861,0.100065716
Europe (excl. EU-28),,1862,0.11412886
Europe (excl. EU-28),,1863,0.12693253
Europe (excl. EU-28),,1864,0.14158487
Europe (excl. EU-28),,1865,0.15541796
Europe (excl. EU-28),,1866,0.1844556
Europe (excl. EU-28),,1867,0.21445799
Europe (excl. EU-28),,1868,0.23831345
Europe (excl. EU-28),,1869,0.26545268
Europe (excl. EU-28),,1870,0.2940262
Europe (excl. EU-28),,1871,0.33006072
Europe (excl. EU-28),,1872,0.36372435
Europe (excl. EU-28),,1873,0.39085725
Europe (excl. EU-28),,1874,0.42363778
Europe (excl. EU-28),,1875,0.4593987
Europe (excl. EU-28),,1876,0.5015103
Europe (excl. EU-28),,1877,0.54200333
Europe (excl. EU-28),,1878,0.59134656
Europe (excl. EU-28),,1879,0.6372247
Europe (excl. EU-28),,1880,0.68688184
Europe (excl. EU-28),,1881,0.7339643
Europe (excl. EU-28),,1882,0.7797012
Europe (excl. EU-28),,1883,0.8289534
Europe (excl. EU-28),,1884,0.87478626
Europe (excl. EU-28),,1885,0.9235147
Europe (excl. EU-28),,1886,0.9692363
Europe (excl. EU-28),,1887,1.0135204
Europe (excl. EU-28),,1888,1.0536585
Europe (excl. EU-28),,1889,1.0974884
Europe (excl. EU-28),,1890,1.1436183
Europe (excl. EU-28),,1891,1.1941603
Europe (excl. EU-28),,1892,1.2445835
Europe (excl. EU-28),,1893,1.3036286
Europe (excl. EU-28),,1894,1.3614691
Europe (excl. EU-28),,1895,1.42574
Europe (excl. EU-28),,1896,1.4859475
Europe (excl. EU-28),,1897,1.5543766
Europe (excl. EU-28),,1898,1.6276773
Europe (excl. EU-28),,1899,1.7094326
Europe (excl. EU-28),,1900,1.7988052
Europe (excl. EU-28),,1901,1.8803239
Europe (excl. EU-28),,1902,1.9492943
Europe (excl. EU-28),,1903,2.00361
Europe (excl. EU-28),,1904,2.0657248
Europe (excl. EU-28),,1905,2.1045775
Europe (excl. EU-28),,1906,2.15237
Europe (excl. EU-28),,1907,2.1998084
Europe (excl. EU-28),,1908,2.2492738
Europe (excl. EU-28),,1909,2.2973487
Europe (excl. EU-28),,1910,2.3342497
Europe (excl. EU-28),,1911,2.37206
Europe (excl. EU-28),,1912,2.417761
Europe (excl. EU-28),,1913,2.4647048
Europe (excl. EU-28),,1914,2.5018494
Europe (excl. EU-28),,1915,2.5302556
Europe (excl. EU-28),,1916,2.5546882
Europe (excl. EU-28),,1917,2.5579965
Europe (excl. EU-28),,1918,2.5107727
Europe (excl. EU-28),,1919,2.4751966
Europe (excl. EU-28),,1920,2.4305763
Europe (excl. EU-28),,1921,2.396413
Europe (excl. EU-28),,1922,2.3722177
Europe (excl. EU-28),,1923,2.3455014
Europe (excl. EU-28),,1924,2.326975
Europe (excl. EU-28),,1925,2.3091605
Europe (excl. EU-28),,1926,2.308587
Europe (excl. EU-28),,1927,2.3175406
Europe (excl. EU-28),,1928,2.333697
Europe (excl. EU-28),,1929,2.3511481
Europe (excl. EU-28),,1930,2.3964229
Europe (excl. EU-28),,1931,2.4641936
Europe (excl. EU-28),,1932,2.54832
Europe (excl. EU-28),,1933,2.6394544
Europe (excl. EU-28),,1934,2.7487822
Europe (excl. EU-28),,1935,2.8701978
Europe (excl. EU-28),,1936,3.0043614
Europe (excl. EU-28),,1937,3.1321876
Europe (excl. EU-28),,1938,3.2678056
Europe (excl. EU-28),,1939,3.396787
Europe (excl. EU-28),,1940,3.5445516
Europe (excl. EU-28),,1941,3.6497378
Europe (excl. EU-28),,1942,3.6632125
Europe (excl. EU-28),,1943,3.6792018
Europe (excl. EU-28),,1944,3.7371497
Europe (excl. EU-28),,1945,3.8167012
Europe (excl. EU-28),,1946,3.9109168
Europe (excl. EU-28),,1947,4.029114
Europe (excl. EU-28),,1948,4.1498466
Europe (excl. EU-28),,1949,4.29659
Europe (excl. EU-28),,1950,4.447604
Europe (excl. EU-28),,1951,4.603566
Europe (excl. EU-28),,1952,4.767403
Europe (excl. EU-28),,1953,4.9342775
Europe (excl. EU-28),,1954,5.1166883
Europe (excl. EU-28),,1955,5.31729
Europe (excl. EU-28),,1956,5.53033
Europe (excl. EU-28),,1957,5.7588615
Europe (excl. EU-28),,1958,5.9932876
Europe (excl. EU-28),,1959,6.2259645
Europe (excl. EU-28),,1960,6.4519796
Europe (excl. EU-28),,1961,6.6768513
Europe (excl. EU-28),,1962,6.9024982
Europe (excl. EU-28),,1963,7.1350336
Europe (excl. EU-28),,1964,7.3690915
Europe (excl. EU-28),,1965,7.6052747
Europe (excl. EU-28),,1966,7.840745
Europe (excl. EU-28),,1967,8.074178
Europe (excl. EU-28),,1968,8.293804
Europe (excl. EU-28),,1969,8.501253
Europe (excl. EU-28),,1970,8.699801
Europe (excl. EU-28),,1971,8.901539
Europe (excl. EU-28),,1972,9.099549
Europe (excl. EU-28),,1973,9.290046
Europe (excl. EU-28),,1974,9.485072
Europe (excl. EU-28),,1975,9.692054
Europe (excl. EU-28),,1976,9.888934
Europe (excl. EU-28),,1977,10.08005
Europe (excl. EU-28),,1978,10.264604
Europe (excl. EU-28),,1979,10.433639
Europe (excl. EU-28),,1980,10.610914
Europe (excl. EU-28),,1981,10.778418
Europe (excl. EU-28),,1982,10.945528
Europe (excl. EU-28),,1983,11.108156
Europe (excl. EU-28),,1984,11.257251
Europe (excl. EU-28),,1985,11.4206915
Europe (excl. EU-28),,1986,11.573045
Europe (excl. EU-28),,1987,11.704318
Europe (excl. EU-28),,1988,11.826541
Europe (excl. EU-28),,1989,11.9269905
Europe (excl. EU-28),,1990,12.032981
Europe (excl. EU-28),,1991,12.097242
Europe (excl. EU-28),,1992,12.108777
Europe (excl. EU-28),,1993,12.093238
Europe (excl. EU-28),,1994,12.03804
Europe (excl. EU-28),,1995,11.971826
Europe (excl. EU-28),,1996,11.893978
Europe (excl. EU-28),,1997,11.806376
Europe (excl. EU-28),,1998,11.72185
Europe (excl. EU-28),,1999,11.633052
Europe (excl. EU-28),,2000,11.539137
Europe (excl. EU-28),,2001,11.453528
Europe (excl. EU-28),,2002,11.364532
Europe (excl. EU-28),,2003,11.270348
Europe (excl. EU-28),,2004,11.173092
Europe (excl. EU-28),,2005,11.072985
Europe (excl. EU-28),,2006,10.9759035
Europe (excl. EU-28),,2007,10.875879
Europe (excl. EU-28),,2008,10.778077
Europe (excl. EU-28),,2009,10.676611
Europe (excl. EU-28),,2010,10.57408
Europe (excl. EU-28),,2011,10.4725
Europe (excl. EU-28),,2012,10.372742
Europe (excl. EU-28),,2013,10.270925
Europe (excl. EU-28),,2014,10.168976
Europe (excl. EU-28),,2015,10.06987
Europe (excl. EU-28),,2016,9.97587
Europe (excl. EU-28),,2017,9.883854
Europe (excl. EU-28),,2018,9.794907
Europe (excl. EU-28),,2019,9.7067995
Europe (excl. EU-28),,2020,9.627863
Europe (excl. EU-28),,2021,9.54556
Europe (excl. EU-28),,2022,9.458975
Europe (excl. EU-28),,2023,9.37563
Europe (excl. EU-28),,2024,9.295732
European Union (27),,1792,0.07853346
European Union (27),,1793,0.15318796
European Union (27),,1794,0.21687078
European Union (27),,1795,0.27687392
European Union (27),,1796,0.34588143
European Union (27),,1797,0.41266674
European Union (27),,1798,0.47825903
European Union (27),,1799,0.54347825
European Union (27),,1800,0.6727261
European Union (27),,1801,0.765347
European Union (27),,1802,1.845107
European Union (27),,1803,1.8956343
European Union (27),,1804,2.224074
European Union (27),,1805,2.3199265
European Union (27),,1806,2.390625
European Union (27),,1807,2.6216803
European Union (27),,1808,2.665877
European Union (27),,1809,2.7054846
European Union (27),,1810,2.9340856
European Union (27),,1811,3.137106
European Union (27),,1812,3.3261867
European Union (27),,1813,3.4809666
European Union (27),,1814,3.6351998
European Union (27),,1815,3.8118746
European Union (27),,1816,4.0871453
European Union (27),,1817,4.4185653
European Union (27),,1818,4.724781
European Union (27),,1819,5.0125694
European Union (27),,1820,5.315274
European Union (27),,1821,5.6170506
European Union (27),,1822,5.9137692
European Union (27),,1823,6.2236195
European Union (27),,1824,6.4905863
European Union (27),,1825,6.815251
European Union (27),,1826,7.113535
European Union (27),,1827,7.491287
European Union (27),,1828,7.8518825
European Union (27),,1829,8.1350565
European Union (27),,1830,8.67053
European Union (27),,1831,9.071753
European Union (27),,1832,9.450051
European Union (27),,1833,9.850511
European Union (27),,1834,10.273099
European Union (27),,1835,10.681091
European Union (27),,1836,11.120991
European Union (27),,1837,11.600874
European Union (27),,1838,12.100392
European Union (27),,1839,12.586548
European Union (27),,1840,13.119961
European Union (27),,1841,13.675289
European Union (27),,1842,14.237839
European Union (27),,1843,14.7138405
European Union (27),,1844,15.187899
European Union (27),,1845,15.711966
European Union (27),,1846,16.317577
European Union (27),,1847,16.929266
European Union (27),,1848,17.34351
European Union (27),,1849,17.71606
European Union (27),,1850,18.121027
European Union (27),,1851,18.549253
European Union (27),,1852,19.04725
European Union (27),,1853,19.599825
European Union (27),,1854,20.172224
European Union (27),,1855,20.820778
European Union (27),,1856,21.442455
European Union (27),,1857,22.063343
European Union (27),,1858,22.69802
European Union (27),,1859,23.19857
European Union (27),,1860,23.67992
European Union (27),,1861,24.211908
European Union (27),,1862,24.803516
European Union (27),,1863,25.338734
European Union (27),,1864,25.869291
European Union (27),,1865,26.420177
European Union (27),,1866,26.928894
European Union (27),,1867,27.426695
European Union (27),,1868,27.92688
European Union (27),,1869,28.37783
European Union (27),,1870,28.767443
European Union (27),,1871,29.15273
European Union (27),,1872,29.546083
European Union (27),,1873,29.938086
European Union (27),,1874,30.16191
European Union (27),,1875,30.492258
European Union (27),,1876,30.848076
European Union (27),,1877,31.108809
European Union (27),,1878,31.388226
European Union (27),,1879,31.644691
European Union (27),,1880,31.950874
European Union (27),,1881,32.187458
European Union (27),,1882,32.416306
European Union (27),,1883,32.644737
European Union (27),,1884,32.851974
European Union (27),,1885,33.050316
European Union (27),,1886,33.218544
European Union (27),,1887,33.377384
European Union (27),,1888,33.490494
European Union (27),,1889,33.675594
European Union (27),,1890,33.81656
European Union (27),,1891,33.94071
European Union (27),,1892,34.018692
European Union (27),,1893,34.13269
European Union (27),,1894,34.262108
European Union (27),,1895,34.346603
European Union (27),,1896,34.463825
European Union (27),,1897,34.59222
European Union (27),,1898,34.701294
European Union (27),,1899,34.75314
European Union (27),,1900,34.81963
European Union (27),,1901,34.82888
European Union (27),,1902,34.774174
European Union (27),,1903,34.687904
European Union (27),,1904,34.61857
European Union (27),,1905,34.531185
European Union (27),,1906,34.41573
European Union (27),,1907,34.298546
European Union (27),,1908,34.30626
European Union (27),,1909,34.243458
European Union (27),,1910,34.141685
European Union (27),,1911,34.05363
European Union (27),,1912,33.996723
European Union (27),,1913,33.931778
European Union (27),,1914,33.8071
European Union (27),,1915,33.61752
European Union (27),,1916,33.398724
European Union (27),,1917,33.1321
European Union (27),,1918,32.84556
European Union (27),,1919,32.534046
European Union (27),,1920,32.25196
European Union (27),,1921,32.148483
European Union (27),,1922,32.02904
European Union (27),,1923,31.710276
European Union (27),,1924,31.558588
European Union (27),,1925,31.41938
European Union (27),,1926,31.277279
European Union (27),,1927,31.156448
European Union (27),,1928,31.066225
European Union (27),,1929,30.995932
European Union (27),,1930,30.922636
European Union (27),,1931,30.865484
European Union (27),,1932,30.803802
European Union (27),,1933,30.728447
European Union (27),,1934,30.644552
European Union (27),,1935,30.559252
European Union (27),,1936,30.435276
European Union (27),,1937,30.346495
European Union (27),,1938,30.316694
European Union (27),,1939,30.26781
European Union (27),,1940,30.180515
European Union (27),,1941,30.069054
European Union (27),,1942,29.976114
European Union (27),,1943,29.879374
European Union (27),,1944,29.68021
European Union (27),,1945,29.30065
European Union (27),,1946,29.061476
European Union (27),,1947,28.82449
European Union (27),,1948,28.609404
European Union (27),,1949,28.486557
European Union (27),,1950,28.308977
European Union (27),,1951,28.150772
European Union (27),,1952,28.01431
European Union (27),,1953,27.87574
European Union (27),,1954,27.766771
European Union (27),,1955,27.644943
European Union (27),,1956,27.526487
European Union (27),,1957,27.4105
European Union (27),,1958,27.273945
European Union (27),,1959,27.115343
European Union (27),,1960,26.971462
European Union (27),,1961,26.865133
European Union (27),,1962,26.785133
European Union (27),,1963,26.715492
European Union (27),,1964,26.64499
European Union (27),,1965,26.55192
European Union (27),,1966,26.447178
European Union (27),,1967,26.339304
European Union (27),,1968,26.237646
European Union (27),,1969,26.136318
European Union (27),,1970,26.004822
European Union (27),,1971,25.868061
European Union (27),,1972,25.728497
European Union (27),,1973,25.58906
European Union (27),,1974,25.459515
European Union (27),,1975,25.324768
European Union (27),,1976,25.209324
European Union (27),,1977,25.071602
European Union (27),,1978,24.936447
European Union (27),,1979,24.808292
European Union (27),,1980,24.686497
European Union (27),,1981,24.558783
European Union (27),,1982,24.429907
European Union (27),,1983,24.295477
European Union (27),,1984,24.153915
European Union (27),,1985,24.004763
European Union (27),,1986,23.851944
European Union (27),,1987,23.690735
European Union (27),,1988,23.507788
European Union (27),,1989,23.331516
European Union (27),,1990,23.153904
European Union (27),,1991,22.965
European Union (27),,1992,22.789806
European Union (27),,1993,22.609753
European Union (27),,1994,22.431124
European Union (27),,1995,22.253351
European Union (27),,1996,22.076654
European Union (27),,1997,21.898643
European Union (27),,1998,21.730219
European Union (27),,1999,21.552916
European Union (27),,2000,21.371338
European Union (27),,2001,21.200115
European Union (27),,2002,21.025967
European Union (27),,2003,20.841253
European Union (27),,2004,20.648865
European Union (27),,2005,20.44796
European Union (27),,2006,20.241663
European Union (27),,2007,20.026917
European Union (27),,2008,19.808271
European Union (27),,2009,19.5858
European Union (27),,2010,19.35473
European Union (27),,2011,19.111635
European Union (27),,2012,18.869219
European Union (27),,2013,18.628712
European Union (27),,2014,18.388004
European Union (27),,2015,18.162987
European Union (27),,2016,17.948324
European Union (27),,2017,17.73824
European Union (27),,2018,17.52502
European Union (27),,2019,17.30886
European Union (27),,2020,17.105188
European Union (27),,2021,16.903177
European Union (27),,2022,16.699703
European Union (27),,2023,16.48559
European Union (27),,2024,16.272676
European Union (28),,1750,100
European Union (28),,1751,100
European Union (28),,1752,100
European Union (28),,1753,100
European Union (28),,1754,100
European Union (28),,1755,100
European Union (28),,1756,100
European Union (28),,1757,100
European Union (28),,1758,100.00001
European Union (28),,1759,99.99999
European Union (28),,1760,100
European Union (28),,1761,100
European Union (28),,1762,99.99999
European Union (28),,1763,100
European Union (28),,1764,100
European Union (28),,1765,100
European Union (28),,1766,100
European Union (28),,1767,99.99999
European Union (28),,1768,100
European Union (28),,1769,100.00001
European Union (28),,1770,100
European Union (28),,1771,100
European Union (28),,1772,100
European Union (28),,1773,100
European Union (28),,1774,100
European Union (28),,1775,100
European Union (28),,1776,100
European Union (28),,1777,100
European Union (28),,1778,100
European Union (28),,1779,100.00001
European Union (28),,1780,100.00001
European Union (28),,1781,100.00001
European Union (28),,1782,100
European Union (28),,1783,100
European Union (28),,1784,100
European Union (28),,1785,99.9992
European Union (28),,1786,99.99847
European Union (28),,1787,99.99779
European Union (28),,1788,99.99715
European Union (28),,1789,99.99657
European Union (28),,1790,99.99604
European Union (28),,1791,99.99554
European Union (28),,1792,99.99509
European Union (28),,1793,99.99467
European Union (28),,1794,99.99429
European Union (28),,1795,99.99392
European Union (28),,1796,99.99358
European Union (28),,1797,99.993286
European Union (28),,1798,99.99298
European Union (28),,1799,99.99277
European Union (28),,1800,99.96068
European Union (28),,1801,99.9293
European Union (28),,1802,99.898674
European Union (28),,1803,99.86841
European Union (28),,1804,99.83651
European Union (28),,1805,99.80583
European Union (28),,1806,99.77811
European Union (28),,1807,99.748726
European Union (28),,1808,99.71977
European Union (28),,1809,99.69188
European Union (28),,1810,99.66541
European Union (28),,1811,99.63836
European Union (28),,1812,99.61029
European Union (28),,1813,99.58121
European Union (28),,1814,99.55117
European Union (28),,1815,99.52058
European Union (28),,1816,99.48813
European Union (28),,1817,99.455376
European Union (28),,1818,99.42144
European Union (28),,1819,99.390656
European Union (28),,1820,99.35977
European Union (28),,1821,99.32928
European Union (28),,1822,99.299255
European Union (28),,1823,99.26992
European Union (28),,1824,99.23667
European Union (28),,1825,99.20044
European Union (28),,1826,99.15731
European Union (28),,1827,99.112175
European Union (28),,1828,99.06336
European Union (28),,1829,99.007355
European Union (28),,1830,98.95158
European Union (28),,1831,98.88993
European Union (28),,1832,98.80028
European Union (28),,1833,98.69661
European Union (28),,1834,98.60904
European Union (28),,1835,98.49618
European Union (28),,1836,98.3817
European Union (28),,1837,98.25484
European Union (28),,1838,98.14512
European Union (28),,1839,98.02972
European Union (28),,1840,97.91652
European Union (28),,1841,97.80273
European Union (28),,1842,97.6808
European Union (28),,1843,97.54703
European Union (28),,1844,97.38742
European Union (28),,1845,97.19887
European Union (28),,1846,96.988045
European Union (28),,1847,96.74646
European Union (28),,1848,96.485695
European Union (28),,1849,96.22188
European Union (28),,1850,95.95204
European Union (28),,1851,95.609436
European Union (28),,1852,95.25787
European Union (28),,1853,94.8797
European Union (28),,1854,94.514145
European Union (28),,1855,94.09119
European Union (28),,1856,93.68183
European Union (28),,1857,93.28929
European Union (28),,1858,92.90896
European Union (28),,1859,92.52044
European Union (28),,1860,92.15717
European Union (28),,1861,91.861176
European Union (28),,1862,91.57118
European Union (28),,1863,91.24273
European Union (28),,1864,90.917885
European Union (28),,1865,90.63835
European Union (28),,1866,90.36226
European Union (28),,1867,90.005
European Union (28),,1868,89.6094
European Union (28),,1869,89.17312
European Union (28),,1870,88.73715
European Union (28),,1871,88.31698
European Union (28),,1872,87.800476
European Union (28),,1873,87.27163
European Union (28),,1874,86.77358
European Union (28),,1875,86.34268
European Union (28),,1876,85.966896
European Union (28),,1877,85.542854
European Union (28),,1878,85.14744
European Union (28),,1879,84.64295
European Union (28),,1880,84.10598
European Union (28),,1881,83.572365
European Union (28),,1882,82.98735
European Union (28),,1883,82.39415
European Union (28),,1884,81.788376
European Union (28),,1885,81.21146
European Union (28),,1886,80.62709
European Union (28),,1887,80.03188
European Union (28),,1888,79.29921
European Union (28),,1889,78.75193
European Union (28),,1890,78.08896
European Union (28),,1891,77.41362
European Union (28),,1892,76.72252
European Union (28),,1893,76.04271
European Union (28),,1894,75.513985
European Union (28),,1895,74.90751
European Union (28),,1896,74.36372
European Union (28),,1897,73.83565
European Union (28),,1898,73.25913
European Union (28),,1899,72.60557
European Union (28),,1900,71.95538
European Union (28),,1901,71.23998
European Union (28),,1902,70.515465
European Union (28),,1903,69.69208
European Union (28),,1904,68.93511
European Union (28),,1905,68.13629
European Union (28),,1906,67.3345
European Union (28),,1907,66.43443
European Union (28),,1908,65.767555
European Union (28),,1909,65.03883
European Union (28),,1910,64.27006
European Union (28),,1911,63.567337
European Union (28),,1912,62.853195
European Union (28),,1913,62.141983
European Union (28),,1914,61.515495
European Union (28),,1915,60.88403
European Union (28),,1916,60.19865
European Union (28),,1917,59.44907
European Union (28),,1918,58.693012
European Union (28),,1919,58.052017
European Union (28),,1920,57.3604
European Union (28),,1921,56.835598
European Union (28),,1922,56.38328
European Union (28),,1923,55.681458
European Union (28),,1924,55.187088
European Union (28),,1925,54.699036
European Union (28),,1926,54.080517
European Union (28),,1927,53.623215
European Union (28),,1928,53.199375
European Union (28),,1929,52.78583
European Union (28),,1930,52.42797
European Union (28),,1931,52.142624
European Union (28),,1932,51.901936
European Union (28),,1933,51.630085
European Union (28),,1934,51.340298
European Union (28),,1935,51.039146
European Union (28),,1936,50.678745
European Union (28),,1937,50.339973
European Union (28),,1938,50.092957
European Union (28),,1939,49.811455
European Union (28),,1940,49.47306
European Union (28),,1941,49.111813
European Union (28),,1942,48.78024
European Union (28),,1943,48.446793
European Union (28),,1944,48.01464
European Union (28),,1945,47.4729
European Union (28),,1946,47.056194
European Union (28),,1947,46.612885
European Union (28),,1948,46.18689
European Union (28),,1949,45.883842
European Union (28),,1950,45.476627
European Union (28),,1951,45.086845
European Union (28),,1952,44.718315
European Union (28),,1953,44.352257
European Union (28),,1954,44.023792
European Union (28),,1955,43.66326
European Union (28),,1956,43.290405
European Union (28),,1957,42.918793
European Union (28),,1958,42.523956
European Union (28),,1959,42.09645
European Union (28),,1960,41.68591
European Union (28),,1961,41.328873
European Union (28),,1962,40.999485
European Union (28),,1963,40.676464
European Union (28),,1964,40.346863
European Union (28),,1965,39.99609
European Union (28),,1966,39.628654
European Union (28),,1967,39.254932
European Union (28),,1968,38.886173
European Union (28),,1969,38.514038
European Union (28),,1970,38.102585
European Union (28),,1971,37.690342
European Union (28),,1972,37.273075
European Union (28),,1973,36.857117
European Union (28),,1974,36.46341
European Union (28),,1975,36.079636
European Union (28),,1976,35.712887
European Union (28),,1977,35.332092
European Union (28),,1978,34.95791
European Union (28),,1979,34.605034
European Union (28),,1980,34.263763
European Union (28),,1981,33.935295
European Union (28),,1982,33.61773
European Union (28),,1983,33.302567
European Union (28),,1984,32.980705
European Union (28),,1985,32.657154
European Union (28),,1986,32.337494
European Union (28),,1987,32.011566
European Union (28),,1988,31.664146
European Union (28),,1989,31.331161
European Union (28),,1990,31.00282
European Union (28),,1991,30.667946
European Union (28),,1992,30.358974
European Union (28),,1993,30.048449
European Union (28),,1994,29.743505
European Union (28),,1995,29.440638
European Union (28),,1996,29.141888
European Union (28),,1997,28.84439
European Union (28),,1998,28.563501
European Union (28),,1999,28.274847
European Union (28),,2000,27.983654
European Union (28),,2001,27.707767
European Union (28),,2002,27.428907
European Union (28),,2003,27.137613
European Union (28),,2004,26.838772
European Union (28),,2005,26.531218
European Union (28),,2006,26.21837
European Union (28),,2007,25.897373
European Union (28),,2008,25.57409
European Union (28),,2009,25.250544
European Union (28),,2010,24.916988
European Union (28),,2011,24.568693
European Union (28),,2012,24.225677
European Union (28),,2013,23.88758
European Union (28),,2014,23.550652
European Union (28),,2015,23.23304
European Union (28),,2016,22.928558
European Union (28),,2017,22.6301
European Union (28),,2018,22.329708
European Union (28),,2019,22.028328
European Union (28),,2020,21.746151
European Union (28),,2021,21.465254
European Union (28),,2022,21.18274
European Union (28),,2023,20.891304
European Union (28),,2024,20.603346
Faroe Islands,FRO,1950,0.000017380647
Faroe Islands,FRO,1951,0.00003383028
Faroe Islands,FRO,1952,0.00005539279
Faroe Islands,FRO,1953,0.00008744961
Faroe Islands,FRO,1954,0.00011495227
Faroe Islands,FRO,1955,0.00014897432
Faroe Islands,FRO,1956,0.00018617984
Faroe Islands,FRO,1957,0.00021458344
Faroe Islands,FRO,1958,0.00024876717
Faroe Islands,FRO,1959,0.0002744852
Faroe Islands,FRO,1960,0.00028513977
Faroe Islands,FRO,1961,0.0003124321
Faroe Islands,FRO,1962,0.00033892953
Faroe Islands,FRO,1963,0.00036550508
Faroe Islands,FRO,1964,0.00038883736
Faroe Islands,FRO,1965,0.00041428133
Faroe Islands,FRO,1966,0.0004385099
Faroe Islands,FRO,1967,0.00046842237
Faroe Islands,FRO,1968,0.00049934414
Faroe Islands,FRO,1969,0.00053435354
Faroe Islands,FRO,1970,0.0005759078
Faroe Islands,FRO,1971,0.00061463926
Faroe Islands,FRO,1972,0.00064410723
Faroe Islands,FRO,1973,0.0006742106
Faroe Islands,FRO,1974,0.00071202806
Faroe Islands,FRO,1975,0.00075669936
Faroe Islands,FRO,1976,0.0007936748
Faroe Islands,FRO,1977,0.0008415966
Faroe Islands,FRO,1978,0.0008840446
Faroe Islands,FRO,1979,0.0009367768
Faroe Islands,FRO,1980,0.000976528
Faroe Islands,FRO,1981,0.0010176108
Faroe Islands,FRO,1982,0.0010593802
Faroe Islands,FRO,1983,0.0011029355
Faroe Islands,FRO,1984,0.0011447457
Faroe Islands,FRO,1985,0.0011856816
Faroe Islands,FRO,1986,0.0012202573
Faroe Islands,FRO,1987,0.001252781
Faroe Islands,FRO,1988,0.0012859791
Faroe Islands,FRO,1989,0.0013233883
Faroe Islands,FRO,1990,0.0013732776
Faroe Islands,FRO,1991,0.0014143285
Faroe Islands,FRO,1992,0.0014530256
Faroe Islands,FRO,1993,0.0014818086
Faroe Islands,FRO,1994,0.0015079408
Faroe Islands,FRO,1995,0.0015314716
Faroe Islands,FRO,1996,0.001555365
Faroe Islands,FRO,1997,0.0015766944
Faroe Islands,FRO,1998,0.0016007969
Faroe Islands,FRO,1999,0.001623965
Faroe Islands,FRO,2000,0.0016502283
Faroe Islands,FRO,2001,0.0016817984
Faroe Islands,FRO,2002,0.0017079912
Faroe Islands,FRO,2003,0.0017311478
Faroe Islands,FRO,2004,0.0017530088
Faroe Islands,FRO,2005,0.0017701611
Faroe Islands,FRO,2006,0.0017813888
Faroe Islands,FRO,2007,0.0017919387
Faroe Islands,FRO,2008,0.0017966022
Faroe Islands,FRO,2009,0.0017972962
Faroe Islands,FRO,2010,0.0017993621
Faroe Islands,FRO,2011,0.0017952822
Faroe Islands,FRO,2012,0.0017928759
Faroe Islands,FRO,2013,0.001793987
Faroe Islands,FRO,2014,0.0017913547
Faroe Islands,FRO,2015,0.0017896431
Faroe Islands,FRO,2016,0.0017892013
Faroe Islands,FRO,2017,0.0017929663
Faroe Islands,FRO,2018,0.0017970778
Faroe Islands,FRO,2019,0.0018015071
Faroe Islands,FRO,2020,0.0018088727
Faroe Islands,FRO,2021,0.0018156292
Faroe Islands,FRO,2022,0.0018179739
Faroe Islands,FRO,2023,0.0018191404
Faroe Islands,FRO,2024,0.0018203964
Fiji,FJI,1950,0.000052141942
Fiji,FJI,1951,0.00010610406
Fiji,FJI,1952,0.00016767546
Fiji,FJI,1953,0.00023028399
Fiji,FJI,1954,0.00028525194
Fiji,FJI,1955,0.0003420892
Fiji,FJI,1956,0.0004031664
Fiji,FJI,1957,0.000449975
Fiji,FJI,1958,0.00049753435
Fiji,FJI,1959,0.0005489704
Fiji,FJI,1960,0.00059522927
Fiji,FJI,1961,0.0006306286
Fiji,FJI,1962,0.00068233337
Fiji,FJI,1963,0.00073317933
Fiji,FJI,1964,0.000832288
Fiji,FJI,1965,0.0009017763
Fiji,FJI,1966,0.0009596742
Fiji,FJI,1967,0.0010215888
Fiji,FJI,1968,0.0010880089
Fiji,FJI,1969,0.001156769
Fiji,FJI,1970,0.0012384605
Fiji,FJI,1971,0.0013194485
Fiji,FJI,1972,0.0013991414
Fiji,FJI,1973,0.0014815379
Fiji,FJI,1974,0.0015666679
Fiji,FJI,1975,0.0016367732
Fiji,FJI,1976,0.001672995
Fiji,FJI,1977,0.0017569953
Fiji,FJI,1978,0.0018234922
Fiji,FJI,1979,0.0019059238
Fiji,FJI,1980,0.0019760362
Fiji,FJI,1981,0.002089334
Fiji,FJI,1982,0.0021586565
Fiji,FJI,1983,0.0022043101
Fiji,FJI,1984,0.0022261674
Fiji,FJI,1985,0.002243991
Fiji,FJI,1986,0.0022633835
Fiji,FJI,1987,0.002262611
Fiji,FJI,1988,0.0022696734
Fiji,FJI,1989,0.002285142
Fiji,FJI,1990,0.0023200524
Fiji,FJI,1991,0.0023341016
Fiji,FJI,1992,0.0023581
Fiji,FJI,1993,0.0023800493
Fiji,FJI,1994,0.0023996667
Fiji,FJI,1995,0.0024183616
Fiji,FJI,1996,0.0024401722
Fiji,FJI,1997,0.0024576206
Fiji,FJI,1998,0.0024723148
Fiji,FJI,1999,0.002486278
Fiji,FJI,2000,0.0025035518
Fiji,FJI,2001,0.0025372303
Fiji,FJI,2002,0.0025526304
Fiji,FJI,2003,0.0025781495
Fiji,FJI,2004,0.0026269536
Fiji,FJI,2005,0.0026476365
Fiji,FJI,2006,0.0026756884
Fiji,FJI,2007,0.0026951001
Fiji,FJI,2008,0.0026894363
Fiji,FJI,2009,0.002678431
Fiji,FJI,2010,0.0026886533
Fiji,FJI,2011,0.0026889155
Fiji,FJI,2012,0.0026867029
Fiji,FJI,2013,0.0026928652
Fiji,FJI,2014,0.0027080285
Fiji,FJI,2015,0.002741184
Fiji,FJI,2016,0.002765298
Fiji,FJI,2017,0.0027942334
Fiji,FJI,2018,0.0028221474
Fiji,FJI,2019,0.0028499796
Fiji,FJI,2020,0.0028716656
Fiji,FJI,2021,0.0028733737
Fiji,FJI,2022,0.002890883
Fiji,FJI,2023,0.002906395
Fiji,FJI,2024,0.002923889
Finland,FIN,1860,0.0004958986
Finland,FIN,1861,0.0014205594
Finland,FIN,1862,0.0022634643
Finland,FIN,1863,0.0030701533
Finland,FIN,1864,0.0034648343
Finland,FIN,1865,0.003971624
Finland,FIN,1866,0.004501797
Finland,FIN,1867,0.004898405
Finland,FIN,1868,0.0054915277
Finland,FIN,1869,0.0058536557
Finland,FIN,1870,0.006363844
Finland,FIN,1871,0.006988803
Finland,FIN,1872,0.0073541105
Finland,FIN,1873,0.007636608
Finland,FIN,1874,0.008171941
Finland,FIN,1875,0.0083629275
Finland,FIN,1876,0.008602241
Finland,FIN,1877,0.008925968
Finland,FIN,1878,0.009305746
Finland,FIN,1879,0.009340705
Finland,FIN,1880,0.009441012
Finland,FIN,1881,0.00951795
Finland,FIN,1882,0.009671943
Finland,FIN,1883,0.00976825
Finland,FIN,1884,0.009964611
Finland,FIN,1885,0.010467427
Finland,FIN,1886,0.010549217
Finland,FIN,1887,0.010603188
Finland,FIN,1888,0.010579119
Finland,FIN,1889,0.010700368
Finland,FIN,1890,0.010935064
Finland,FIN,1891,0.011162908
Finland,FIN,1892,0.011287642
Finland,FIN,1893,0.011408008
Finland,FIN,1894,0.011576243
Finland,FIN,1895,0.011744671
Finland,FIN,1896,0.012048408
Finland,FIN,1897,0.012861208
Finland,FIN,1898,0.013509922
Finland,FIN,1899,0.014633139
Finland,FIN,1900,0.015328545
Finland,FIN,1901,0.015563765
Finland,FIN,1902,0.015718464
Finland,FIN,1903,0.016023483
Finland,FIN,1904,0.016322274
Finland,FIN,1905,0.016656566
Finland,FIN,1906,0.016981628
Finland,FIN,1907,0.01761964
Finland,FIN,1908,0.019039894
Finland,FIN,1909,0.020122062
Finland,FIN,1910,0.020759491
Finland,FIN,1911,0.021674313
Finland,FIN,1912,0.022688763
Finland,FIN,1913,0.023764629
Finland,FIN,1914,0.023679456
Finland,FIN,1915,0.022941599
Finland,FIN,1916,0.02227454
Finland,FIN,1917,0.021557232
Finland,FIN,1918,0.020854237
Finland,FIN,1919,0.020458711
Finland,FIN,1920,0.02002388
Finland,FIN,1921,0.019703994
Finland,FIN,1922,0.019765358
Finland,FIN,1923,0.020419966
Finland,FIN,1924,0.021258628
Finland,FIN,1925,0.0220142
Finland,FIN,1926,0.022645097
Finland,FIN,1927,0.024151495
Finland,FIN,1928,0.025778811
Finland,FIN,1929,0.027415924
Finland,FIN,1930,0.028523322
Finland,FIN,1931,0.029906718
Finland,FIN,1932,0.03130471
Finland,FIN,1933,0.03274013
Finland,FIN,1934,0.03451901
Finland,FIN,1935,0.035900094
Finland,FIN,1936,0.038019057
Finland,FIN,1937,0.041047465
Finland,FIN,1938,0.04335388
Finland,FIN,1939,0.045018945
Finland,FIN,1940,0.0450827
Finland,FIN,1941,0.045615606
Finland,FIN,1942,0.045896623
Finland,FIN,1943,0.04672067
Finland,FIN,1944,0.04687637
Finland,FIN,1945,0.04620953
Finland,FIN,1946,0.046757735
Finland,FIN,1947,0.048167445
Finland,FIN,1948,0.0508101
Finland,FIN,1949,0.051822927
Finland,FIN,1950,0.053319957
Finland,FIN,1951,0.055239674
Finland,FIN,1952,0.05731773
Finland,FIN,1953,0.058811042
Finland,FIN,1954,0.060810693
Finland,FIN,1955,0.06322099
Finland,FIN,1956,0.06583861
Finland,FIN,1957,0.06827057
Finland,FIN,1958,0.06994572
Finland,FIN,1959,0.07240902
Finland,FIN,1960,0.07509714
Finland,FIN,1961,0.07756757
Finland,FIN,1962,0.08038635
Finland,FIN,1963,0.08366715
Finland,FIN,1964,0.08761802
Finland,FIN,1965,0.09189349
Finland,FIN,1966,0.0968926
Finland,FIN,1967,0.10124885
Finland,FIN,1968,0.106341235
Finland,FIN,1969,0.112004936
Finland,FIN,1970,0.1175655
Finland,FIN,1971,0.12262287
Finland,FIN,1972,0.12791659
Finland,FIN,1973,0.1337078
Finland,FIN,1974,0.13856727
Finland,FIN,1975,0.14298984
Finland,FIN,1976,0.147865
Finland,FIN,1977,0.15208648
Finland,FIN,1978,0.15614757
Finland,FIN,1979,0.1602244
Finland,FIN,1980,0.16471235
Finland,FIN,1981,0.16797982
Finland,FIN,1982,0.16977894
Finland,FIN,1983,0.17120093
Finland,FIN,1984,0.17250316
Finland,FIN,1985,0.17462118
Finland,FIN,1986,0.17705865
Finland,FIN,1987,0.17978252
Finland,FIN,1988,0.18144254
Finland,FIN,1989,0.18299425
Finland,FIN,1990,0.18489273
Finland,FIN,1991,0.18637288
Finland,FIN,1992,0.18781517
Finland,FIN,1993,0.18936758
Finland,FIN,1994,0.1913967
Finland,FIN,1995,0.19281873
Finland,FIN,1996,0.19464831
Finland,FIN,1997,0.1962191
Finland,FIN,1998,0.19739352
Finland,FIN,1999,0.198359
Finland,FIN,2000,0.19897246
Finland,FIN,2001,0.2000367
Finland,FIN,2002,0.20117667
Finland,FIN,2003,0.20269032
Finland,FIN,2004,0.20364012
Finland,FIN,2005,0.20336868
Finland,FIN,2006,0.2038758
Finland,FIN,2007,0.20408016
Finland,FIN,2008,0.2035492
Finland,FIN,2009,0.20292087
Finland,FIN,2010,0.20265886
Finland,FIN,2011,0.20169774
Finland,FIN,2012,0.200327
Finland,FIN,2013,0.19901736
Finland,FIN,2014,0.19746834
Finland,FIN,2015,0.19577375
Finland,FIN,2016,0.19435477
Finland,FIN,2017,0.19276506
Finland,FIN,2018,0.19122277
Finland,FIN,2019,0.18951045
Finland,FIN,2020,0.18780799
Finland,FIN,2021,0.185997
Finland,FIN,2022,0.18410897
Finland,FIN,2023,0.1819916
Finland,FIN,2024,0.17980295
France,FRA,1802,0.2590442
France,FRA,1804,0.4770397
France,FRA,1810,0.5748939
France,FRA,1811,0.72957397
France,FRA,1812,0.88712347
France,FRA,1813,1.0207498
France,FRA,1814,1.1483876
France,FRA,1815,1.2852443
France,FRA,1816,1.4228989
France,FRA,1817,1.5589548
France,FRA,1818,1.6649393
France,FRA,1819,1.7757947
France,FRA,1820,1.9014174
France,FRA,1821,2.024339
France,FRA,1822,2.1465206
France,FRA,1823,2.2581625
France,FRA,1824,2.3804607
France,FRA,1825,2.514505
France,FRA,1826,2.6460602
France,FRA,1827,2.8545127
France,FRA,1828,3.064439
France,FRA,1829,3.2539194
France,FRA,1830,3.4183872
France,FRA,1831,3.557466
France,FRA,1832,3.714879
France,FRA,1833,3.8830016
France,FRA,1834,4.0968714
France,FRA,1835,4.295129
France,FRA,1836,4.5138183
France,FRA,1837,4.742256
France,FRA,1838,4.9723415
France,FRA,1839,5.170608
France,FRA,1840,5.3470583
France,FRA,1841,5.5661235
France,FRA,1842,5.7780724
France,FRA,1843,5.9703765
France,FRA,1844,6.1522336
France,FRA,1845,6.3657246
France,FRA,1846,6.5756903
France,FRA,1847,6.803717
France,FRA,1848,6.914824
France,FRA,1849,7.015194
France,FRA,1850,7.136955
France,FRA,1851,7.2547274
France,FRA,1852,7.3804855
France,FRA,1853,7.553047
France,FRA,1854,7.7291994
France,FRA,1855,7.948454
France,FRA,1856,8.150747
France,FRA,1857,8.341872
France,FRA,1858,8.501419
France,FRA,1859,8.632767
France,FRA,1860,8.760594
France,FRA,1861,8.898241
France,FRA,1862,9.044621
France,FRA,1863,9.160992
France,FRA,1864,9.265834
France,FRA,1865,9.362534
France,FRA,1866,9.480447
France,FRA,1867,9.565297
France,FRA,1868,9.641929
France,FRA,1869,9.698272
France,FRA,1870,9.6859255
France,FRA,1871,9.646117
France,FRA,1872,9.646593
France,FRA,1873,9.655165
France,FRA,1874,9.668763
France,FRA,1875,9.66483
France,FRA,1876,9.6559925
France,FRA,1877,9.631231
France,FRA,1878,9.612942
France,FRA,1879,9.581901
France,FRA,1880,9.549369
France,FRA,1881,9.514509
France,FRA,1882,9.480645
France,FRA,1883,9.44217
France,FRA,1884,9.387022
France,FRA,1885,9.319961
France,FRA,1886,9.2500105
France,FRA,1887,9.183772
France,FRA,1888,9.095684
France,FRA,1889,9.022524
France,FRA,1890,8.954022
France,FRA,1891,8.873869
France,FRA,1892,8.797987
France,FRA,1893,8.7275305
France,FRA,1894,8.666367
France,FRA,1895,8.592559
France,FRA,1896,8.522704
France,FRA,1897,8.455304
France,FRA,1898,8.384363
France,FRA,1899,8.300871
France,FRA,1900,8.226246
France,FRA,1901,8.13792
France,FRA,1902,8.033549
France,FRA,1903,7.931389
France,FRA,1904,7.8278766
France,FRA,1905,7.714683
France,FRA,1906,7.6124277
France,FRA,1907,7.48991
France,FRA,1908,7.3932667
France,FRA,1909,7.297008
France,FRA,1910,7.194791
France,FRA,1911,7.1050916
France,FRA,1912,7.0104847
France,FRA,1913,6.915822
France,FRA,1914,6.792677
France,FRA,1915,6.6649995
France,FRA,1916,6.53511
France,FRA,1917,6.4166946
France,FRA,1918,6.2966776
France,FRA,1919,6.221428
France,FRA,1920,6.1549897
France,FRA,1921,6.1045947
France,FRA,1922,6.0717506
France,FRA,1923,6.0360193
France,FRA,1924,6.020976
France,FRA,1925,6.0115757
France,FRA,1926,6.0057
France,FRA,1927,5.9840055
France,FRA,1928,5.9632983
France,FRA,1929,5.9476733
France,FRA,1930,5.9492455
France,FRA,1931,5.954036
France,FRA,1932,5.955177
France,FRA,1933,5.9546037
France,FRA,1934,5.9440413
France,FRA,1935,5.9234877
France,FRA,1936,5.8920803
France,FRA,1937,5.8638644
France,FRA,1938,5.8369403
France,FRA,1939,5.799299
France,FRA,1940,5.7189016
France,FRA,1941,5.6296844
France,FRA,1942,5.5469627
France,FRA,1943,5.4672627
France,FRA,1944,5.3667583
France,FRA,1945,5.3068986
France,FRA,1946,5.2691503
France,FRA,1947,5.2280293
France,FRA,1948,5.1880226
France,FRA,1949,5.169906
France,FRA,1950,5.1249948
France,FRA,1951,5.0838175
France,FRA,1952,5.042308
France,FRA,1953,4.994338
France,FRA,1954,4.950763
France,FRA,1955,4.902096
France,FRA,1956,4.8583207
France,FRA,1957,4.815792
France,FRA,1958,4.767941
France,FRA,1959,4.714472
France,FRA,1960,4.6677303
France,FRA,1961,4.629561
France,FRA,1962,4.5942345
France,FRA,1963,4.5553813
France,FRA,1964,4.520468
France,FRA,1965,4.480062
France,FRA,1966,4.4400916
France,FRA,1967,4.4046655
France,FRA,1968,4.3675547
France,FRA,1969,4.329944
France,FRA,1970,4.287377
France,FRA,1971,4.249369
France,FRA,1972,4.211795
France,FRA,1973,4.174568
France,FRA,1974,4.136953
France,FRA,1975,4.0943146
France,FRA,1976,4.055557
France,FRA,1977,4.0127296
France,FRA,1978,3.9717958
France,FRA,1979,3.9308496
France,FRA,1980,3.889617
France,FRA,1981,3.845889
France,FRA,1982,3.8026316
France,FRA,1983,3.7582183
France,FRA,1984,3.7115614
France,FRA,1985,3.6629157
France,FRA,1986,3.6134455
France,FRA,1987,3.5631204
France,FRA,1988,3.5115051
France,FRA,1989,3.4633012
France,FRA,1990,3.4146848
France,FRA,1991,3.3697274
France,FRA,1992,3.328635
France,FRA,1993,3.2865627
France,FRA,1994,3.245032
France,FRA,1995,3.204236
France,FRA,1996,3.1648033
France,FRA,1997,3.126112
France,FRA,1998,3.091422
France,FRA,1999,3.0566342
France,FRA,2000,3.0210137
France,FRA,2001,2.9869711
France,FRA,2002,2.9525669
France,FRA,2003,2.9167004
France,FRA,2004,2.8802562
France,FRA,2005,2.8433895
France,FRA,2006,2.8052227
France,FRA,2007,2.7661004
France,FRA,2008,2.727211
France,FRA,2009,2.689923
France,FRA,2010,2.6512418
France,FRA,2011,2.6106331
France,FRA,2012,2.5713542
France,FRA,2013,2.5335436
France,FRA,2014,2.49504
France,FRA,2015,2.4587219
France,FRA,2016,2.4242926
France,FRA,2017,2.3907027
France,FRA,2018,2.3565593
France,FRA,2019,2.3230243
France,FRA,2020,2.2915044
France,FRA,2021,2.260521
France,FRA,2022,2.2293196
France,FRA,2023,2.1973414
France,FRA,2024,2.1657596
French Polynesia,PYF,1955,0.000016552702
French Polynesia,PYF,1956,0.00003214616
French Polynesia,PYF,1957,0.00004941922
French Polynesia,PYF,1958,0.000065664426
French Polynesia,PYF,1959,0.000073522824
French Polynesia,PYF,1960,0.00008316577
French Polynesia,PYF,1961,0.000099148194
French Polynesia,PYF,1962,0.00011073935
French Polynesia,PYF,1963,0.00012689641
French Polynesia,PYF,1964,0.0001418731
French Polynesia,PYF,1965,0.00016082666
French Polynesia,PYF,1966,0.00018821436
French Polynesia,PYF,1967,0.0002184699
French Polynesia,PYF,1968,0.00025013357
French Polynesia,PYF,1969,0.00028100394
French Polynesia,PYF,1970,0.00031679234
French Polynesia,PYF,1971,0.00035715522
French Polynesia,PYF,1972,0.0003917518
French Polynesia,PYF,1973,0.00042167123
French Polynesia,PYF,1974,0.00045107535
French Polynesia,PYF,1975,0.0004778016
French Polynesia,PYF,1976,0.0005117114
French Polynesia,PYF,1977,0.00054491864
French Polynesia,PYF,1978,0.00058177934
French Polynesia,PYF,1979,0.00061069557
French Polynesia,PYF,1980,0.0006396684
French Polynesia,PYF,1981,0.0006732975
French Polynesia,PYF,1982,0.00070625346
French Polynesia,PYF,1983,0.00074992946
French Polynesia,PYF,1984,0.00079646223
French Polynesia,PYF,1985,0.0008579279
French Polynesia,PYF,1986,0.0009181226
French Polynesia,PYF,1987,0.00097460527
French Polynesia,PYF,1988,0.001022053
French Polynesia,PYF,1989,0.0010622608
French Polynesia,PYF,1990,0.0010972603
French Polynesia,PYF,1991,0.001130139
French Polynesia,PYF,1992,0.0011587257
French Polynesia,PYF,1993,0.0011880415
French Polynesia,PYF,1994,0.0012171994
French Polynesia,PYF,1995,0.0012429795
French Polynesia,PYF,1996,0.0012665172
French Polynesia,PYF,1997,0.0012905719
French Polynesia,PYF,1998,0.0013128227
French Polynesia,PYF,1999,0.0013390526
French Polynesia,PYF,2000,0.0013719188
French Polynesia,PYF,2001,0.0014108496
French Polynesia,PYF,2002,0.0014505403
French Polynesia,PYF,2003,0.0014891453
French Polynesia,PYF,2004,0.0015252669
French Polynesia,PYF,2005,0.0015574072
French Polynesia,PYF,2006,0.0015872805
French Polynesia,PYF,2007,0.0016159816
French Polynesia,PYF,2008,0.001643419
French Polynesia,PYF,2009,0.0016696379
French Polynesia,PYF,2010,0.001696986
French Polynesia,PYF,2011,0.0017186267
French Polynesia,PYF,2012,0.0017381058
French Polynesia,PYF,2013,0.00175676
French Polynesia,PYF,2014,0.0017720741
French Polynesia,PYF,2015,0.0017865046
French Polynesia,PYF,2016,0.0018017049
French Polynesia,PYF,2017,0.001816024
French Polynesia,PYF,2018,0.0018290799
French Polynesia,PYF,2019,0.0018418295
French Polynesia,PYF,2020,0.0018526757
French Polynesia,PYF,2021,0.001863359
French Polynesia,PYF,2022,0.0018739327
French Polynesia,PYF,2023,0.0018832474
French Polynesia,PYF,2024,0.0018938448
Gabon,GAB,1950,0.0000045055826
Gabon,GAB,1951,0.000010231175
Gabon,GAB,1952,0.000017342525
Gabon,GAB,1953,0.000022944385
Gabon,GAB,1954,0.00002857965
Gabon,GAB,1955,0.000033760465
Gabon,GAB,1956,0.00004034135
Gabon,GAB,1957,0.00004704963
Gabon,GAB,1958,0.000054461758
Gabon,GAB,1959,0.00006020116
Gabon,GAB,1960,0.000101139725
Gabon,GAB,1961,0.00015002338
Gabon,GAB,1962,0.000172405
Gabon,GAB,1963,0.00018885717
Gabon,GAB,1964,0.00023764117
Gabon,GAB,1965,0.0002902296
Gabon,GAB,1966,0.0003834533
Gabon,GAB,1967,0.000634544
Gabon,GAB,1968,0.0011077211
Gabon,GAB,1969,0.0014194077
Gabon,GAB,1970,0.0018586831
Gabon,GAB,1971,0.0024378987
Gabon,GAB,1972,0.0029498579
Gabon,GAB,1973,0.0039627277
Gabon,GAB,1974,0.0049343384
Gabon,GAB,1975,0.005824516
Gabon,GAB,1976,0.006710617
Gabon,GAB,1977,0.007642346
Gabon,GAB,1978,0.008724715
Gabon,GAB,1979,0.009589759
Gabon,GAB,1980,0.010380239
Gabon,GAB,1981,0.0111211175
Gabon,GAB,1982,0.0118178865
Gabon,GAB,1983,0.012314752
Gabon,GAB,1984,0.0128428405
Gabon,GAB,1985,0.013374027
Gabon,GAB,1986,0.013682365
Gabon,GAB,1987,0.013833892
Gabon,GAB,1988,0.014002948
Gabon,GAB,1989,0.014340649
Gabon,GAB,1990,0.014492402
Gabon,GAB,1991,0.01463195
Gabon,GAB,1992,0.014822115
Gabon,GAB,1993,0.01500516
Gabon,GAB,1994,0.015126952
Gabon,GAB,1995,0.015307316
Gabon,GAB,1996,0.015537279
Gabon,GAB,1997,0.015716424
Gabon,GAB,1998,0.015981207
Gabon,GAB,1999,0.0161817
Gabon,GAB,2000,0.01637303
Gabon,GAB,2001,0.016585287
Gabon,GAB,2002,0.016757907
Gabon,GAB,2003,0.016945658
Gabon,GAB,2004,0.017079005
Gabon,GAB,2005,0.017177714
Gabon,GAB,2006,0.017201373
Gabon,GAB,2007,0.017170804
Gabon,GAB,2008,0.017161075
Gabon,GAB,2009,0.017153164
Gabon,GAB,2010,0.017139249
Gabon,GAB,2011,0.017105633
Gabon,GAB,2012,0.017037408
Gabon,GAB,2013,0.016980749
Gabon,GAB,2014,0.01695654
Gabon,GAB,2015,0.01694131
Gabon,GAB,2016,0.016916651
Gabon,GAB,2017,0.016879825
Gabon,GAB,2018,0.016840627
Gabon,GAB,2019,0.01680224
Gabon,GAB,2020,0.016786264
Gabon,GAB,2021,0.016749175
Gabon,GAB,2022,0.016720835
Gabon,GAB,2023,0.016662912
Gabon,GAB,2024,0.016607055
Gambia,GMB,1950,0.0000063202356
Gambia,GMB,1951,0.000012301921
Gambia,GMB,1952,0.000016468126
Gambia,GMB,1953,0.00002040491
Gambia,GMB,1954,0.000025544949
Gambia,GMB,1955,0.00003034662
Gambia,GMB,1956,0.000036164427
Gambia,GMB,1957,0.00004291669
Gambia,GMB,1958,0.0000505111
Gambia,GMB,1959,0.000055142118
Gambia,GMB,1960,0.00005940412
Gambia,GMB,1961,0.00006456162
Gambia,GMB,1962,0.000070470494
Gambia,GMB,1963,0.00007700552
Gambia,GMB,1964,0.00008302203
Gambia,GMB,1965,0.00008855645
Gambia,GMB,1966,0.00009459988
Gambia,GMB,1967,0.00010017179
Gambia,GMB,1968,0.00010614524
Gambia,GMB,1969,0.000114185736
Gambia,GMB,1970,0.00012137967
Gambia,GMB,1971,0.0001295726
Gambia,GMB,1972,0.00013939635
Gambia,GMB,1973,0.0001475077
Gambia,GMB,1974,0.00015508046
Gambia,GMB,1975,0.00016935653
Gambia,GMB,1976,0.00018240596
Gambia,GMB,1977,0.00019711255
Gambia,GMB,1978,0.00021516086
Gambia,GMB,1979,0.0002330947
Gambia,GMB,1980,0.00025173262
Gambia,GMB,1981,0.00026943692
Gambia,GMB,1982,0.0002867366
Gambia,GMB,1983,0.00030297373
Gambia,GMB,1984,0.00031966483
Gambia,GMB,1985,0.0003350953
Gambia,GMB,1986,0.00034798984
Gambia,GMB,1987,0.0003623215
Gambia,GMB,1988,0.00037593857
Gambia,GMB,1989,0.00038818768
Gambia,GMB,1990,0.00040176886
Gambia,GMB,1991,0.00041436957
Gambia,GMB,1992,0.00042662758
Gambia,GMB,1993,0.0004393954
Gambia,GMB,1994,0.0004514036
Gambia,GMB,1995,0.00046333572
Gambia,GMB,1996,0.00047470196
Gambia,GMB,1997,0.00048580457
Gambia,GMB,1998,0.00049824663
Gambia,GMB,1999,0.000513058
Gambia,GMB,2000,0.0005268252
Gambia,GMB,2001,0.00054223975
Gambia,GMB,2002,0.0005566415
Gambia,GMB,2003,0.0005696665
Gambia,GMB,2004,0.0005831716
Gambia,GMB,2005,0.0005955248
Gambia,GMB,2006,0.0006091921
Gambia,GMB,2007,0.0006217351
Gambia,GMB,2008,0.0006345336
Gambia,GMB,2009,0.0006478105
Gambia,GMB,2010,0.00066394306
Gambia,GMB,2011,0.00067951897
Gambia,GMB,2012,0.0006946193
Gambia,GMB,2013,0.00070731307
Gambia,GMB,2014,0.0007245013
Gambia,GMB,2015,0.0007459864
Gambia,GMB,2016,0.0007669691
Gambia,GMB,2017,0.0007871897
Gambia,GMB,2018,0.00080929353
Gambia,GMB,2019,0.0008339902
Gambia,GMB,2020,0.00085793604
Gambia,GMB,2021,0.0008815211
Gambia,GMB,2022,0.00090844353
Gambia,GMB,2023,0.00093200424
Gambia,GMB,2024,0.00095596345
Georgia,GEO,1830,0.0000030593471
Georgia,GEO,1831,0.0000064615524
Georgia,GEO,1832,0.000008500698
Georgia,GEO,1833,0.000010965941
Georgia,GEO,1850,0.000014465855
Georgia,GEO,1855,0.000033188004
Georgia,GEO,1858,0.000055465593
Georgia,GEO,1859,0.0000799143
Georgia,GEO,1860,0.00011016962
Georgia,GEO,1861,0.00014626903
Georgia,GEO,1862,0.00017525785
Georgia,GEO,1863,0.0002028366
Georgia,GEO,1864,0.00023138973
Georgia,GEO,1865,0.00025512735
Georgia,GEO,1866,0.00034750497
Georgia,GEO,1867,0.0004450709
Georgia,GEO,1868,0.0005149564
Georgia,GEO,1869,0.0006078653
Georgia,GEO,1870,0.0007013428
Georgia,GEO,1871,0.00082499336
Georgia,GEO,1872,0.0009372972
Georgia,GEO,1873,0.0010273046
Georgia,GEO,1874,0.001139931
Georgia,GEO,1875,0.0012614654
Georgia,GEO,1876,0.0014116243
Georgia,GEO,1877,0.0015518859
Georgia,GEO,1878,0.0017391392
Georgia,GEO,1879,0.001912376
Georgia,GEO,1880,0.0021014074
Georgia,GEO,1881,0.0022844549
Georgia,GEO,1882,0.002459817
Georgia,GEO,1883,0.0026494537
Georgia,GEO,1884,0.002825242
Georgia,GEO,1885,0.0030101144
Georgia,GEO,1886,0.0031852096
Georgia,GEO,1887,0.0033563003
Georgia,GEO,1888,0.003510799
Georgia,GEO,1889,0.0036752883
Georgia,GEO,1890,0.0038524251
Georgia,GEO,1891,0.004039221
Georgia,GEO,1892,0.004228727
Georgia,GEO,1893,0.0044648424
Georgia,GEO,1894,0.0046831546
Georgia,GEO,1895,0.004930265
Georgia,GEO,1896,0.0051587326
Georgia,GEO,1897,0.0054237302
Georgia,GEO,1898,0.005711201
Georgia,GEO,1899,0.0060324143
Georgia,GEO,1900,0.0063853576
Georgia,GEO,1901,0.006715624
Georgia,GEO,1902,0.0069915676
Georgia,GEO,1903,0.0072070863
Georgia,GEO,1904,0.0074572903
Georgia,GEO,1905,0.007609256
Georgia,GEO,1906,0.0077982787
Georgia,GEO,1907,0.007984966
Georgia,GEO,1908,0.008172601
Georgia,GEO,1909,0.008358587
Georgia,GEO,1910,0.008501892
Georgia,GEO,1911,0.00864559
Georgia,GEO,1912,0.008823566
Georgia,GEO,1913,0.009001675
Georgia,GEO,1914,0.009147698
Georgia,GEO,1915,0.009249424
Georgia,GEO,1916,0.009345341
Georgia,GEO,1917,0.009384395
Georgia,GEO,1918,0.00919704
Georgia,GEO,1919,0.009043217
Georgia,GEO,1920,0.00884438
Georgia,GEO,1921,0.008702771
Georgia,GEO,1922,0.008582324
Georgia,GEO,1923,0.00845013
Georgia,GEO,1924,0.008352619
Georgia,GEO,1925,0.008257276
Georgia,GEO,1926,0.008242537
Georgia,GEO,1927,0.008261052
Georgia,GEO,1928,0.008305081
Georgia,GEO,1929,0.008350493
Georgia,GEO,1930,0.008521026
Georgia,GEO,1931,0.008787451
Georgia,GEO,1932,0.009120634
Georgia,GEO,1933,0.009490461
Georgia,GEO,1934,0.009942049
Georgia,GEO,1935,0.010446882
Georgia,GEO,1936,0.011007884
Georgia,GEO,1937,0.011539986
Georgia,GEO,1938,0.012107864
Georgia,GEO,1939,0.012641407
Georgia,GEO,1940,0.013281662
Georgia,GEO,1941,0.013763091
Georgia,GEO,1942,0.013852729
Georgia,GEO,1943,0.013950298
Georgia,GEO,1944,0.014236931
Georgia,GEO,1945,0.014604884
Georgia,GEO,1946,0.015013489
Georgia,GEO,1947,0.015508944
Georgia,GEO,1948,0.016012348
Georgia,GEO,1949,0.016627101
Georgia,GEO,1950,0.017268328
Georgia,GEO,1951,0.017929386
Georgia,GEO,1952,0.018626463
Georgia,GEO,1953,0.019339066
Georgia,GEO,1954,0.020110957
Georgia,GEO,1955,0.02095832
Georgia,GEO,1956,0.0218548
Georgia,GEO,1957,0.022818407
Georgia,GEO,1958,0.023814559
Georgia,GEO,1959,0.024801081
Georgia,GEO,1960,0.025754463
Georgia,GEO,1961,0.026703328
Georgia,GEO,1962,0.02765455
Georgia,GEO,1963,0.028632328
Georgia,GEO,1964,0.029619602
Georgia,GEO,1965,0.030617885
Georgia,GEO,1966,0.031613998
Georgia,GEO,1967,0.03260587
Georgia,GEO,1968,0.03353643
Georgia,GEO,1969,0.034417767
Georgia,GEO,1970,0.0352463
Georgia,GEO,1971,0.036093827
Georgia,GEO,1972,0.036933523
Georgia,GEO,1973,0.03773756
Georgia,GEO,1974,0.038573906
Georgia,GEO,1975,0.039464246
Georgia,GEO,1976,0.04031312
Georgia,GEO,1977,0.041142713
Georgia,GEO,1978,0.04194311
Georgia,GEO,1979,0.04267448
Georgia,GEO,1980,0.04344738
Georgia,GEO,1981,0.044174377
Georgia,GEO,1982,0.044907536
Georgia,GEO,1983,0.045617722
Georgia,GEO,1984,0.046270046
Georgia,GEO,1985,0.046988387
Georgia,GEO,1986,0.047621608
Georgia,GEO,1987,0.048224747
Georgia,GEO,1988,0.0488234
Georgia,GEO,1989,0.04935944
Georgia,GEO,1990,0.04980918
Georgia,GEO,1991,0.050175674
Georgia,GEO,1992,0.05050716
Georgia,GEO,1993,0.050323673
Georgia,GEO,1994,0.04969329
Georgia,GEO,1995,0.048671603
Georgia,GEO,1996,0.047852706
Georgia,GEO,1997,0.047105324
Georgia,GEO,1998,0.046443887
Georgia,GEO,1999,0.045729063
Georgia,GEO,2000,0.04504327
Georgia,GEO,2001,0.044310313
Georgia,GEO,2002,0.043554652
Georgia,GEO,2003,0.042815626
Georgia,GEO,2004,0.042124573
Georgia,GEO,2005,0.041497182
Georgia,GEO,2006,0.040967993
Georgia,GEO,2007,0.040462434
Georgia,GEO,2008,0.03989707
Georgia,GEO,2009,0.039407898
Georgia,GEO,2010,0.03889826
Georgia,GEO,2011,0.038491614
Georgia,GEO,2012,0.038125984
Georgia,GEO,2013,0.037751283
Georgia,GEO,2014,0.037459124
Georgia,GEO,2015,0.03723041
Georgia,GEO,2016,0.037028622
Georgia,GEO,2017,0.036823396
Georgia,GEO,2018,0.036599603
Georgia,GEO,2019,0.0364158
Georgia,GEO,2020,0.036272977
Georgia,GEO,2021,0.03612179
Georgia,GEO,2022,0.03603401
Georgia,GEO,2023,0.03593434
Georgia,GEO,2024,0.035821535
Germany,DEU,1792,0.07853346
Germany,DEU,1793,0.15318796
Germany,DEU,1794,0.21687078
Germany,DEU,1795,0.27687392
Germany,DEU,1796,0.34588143
Germany,DEU,1797,0.41266674
Germany,DEU,1798,0.47825903
Germany,DEU,1799,0.54347825
Germany,DEU,1800,0.6213694
Germany,DEU,1801,0.6621741
Germany,DEU,1802,0.69530684
Germany,DEU,1803,0.73218054
Germany,DEU,1804,0.815916
Germany,DEU,1805,0.8980237
Germany,DEU,1806,0.9631375
Germany,DEU,1807,1.1913481
Germany,DEU,1808,1.2360886
Germany,DEU,1809,1.279964
Germany,DEU,1810,1.3215469
Germany,DEU,1811,1.3551899
Germany,DEU,1812,1.3846829
Germany,DEU,1813,1.410078
Germany,DEU,1814,1.4321765
Germany,DEU,1815,1.4623127
Germany,DEU,1816,1.5860053
Germany,DEU,1817,1.7666119
Germany,DEU,1818,1.942593
Germany,DEU,1819,2.0908475
Germany,DEU,1820,2.2365694
Germany,DEU,1821,2.380514
Germany,DEU,1822,2.5185442
Germany,DEU,1823,2.667504
Germany,DEU,1824,2.7610354
Germany,DEU,1825,2.9030817
Germany,DEU,1826,3.027423
Germany,DEU,1827,3.1548526
Germany,DEU,1828,3.272681
Germany,DEU,1829,3.3411531
Germany,DEU,1830,3.4230027
Germany,DEU,1831,3.4985166
Germany,DEU,1832,3.5226295
Germany,DEU,1833,3.5811388
Germany,DEU,1834,3.629291
Germany,DEU,1835,3.681854
Germany,DEU,1836,3.7272964
Germany,DEU,1837,3.7966897
Germany,DEU,1838,3.8844879
Germany,DEU,1839,3.9739478
Germany,DEU,1840,4.1129017
Germany,DEU,1841,4.248874
Germany,DEU,1842,4.404658
Germany,DEU,1843,4.5291877
Germany,DEU,1844,4.6485248
Germany,DEU,1845,4.787565
Germany,DEU,1846,4.926965
Germany,DEU,1847,5.055665
Germany,DEU,1848,5.147937
Germany,DEU,1849,5.237519
Germany,DEU,1850,5.3387737
Germany,DEU,1851,5.4646983
Germany,DEU,1852,5.615953
Germany,DEU,1853,5.774669
Germany,DEU,1854,5.9452977
Germany,DEU,1855,6.167724
Germany,DEU,1856,6.39017
Germany,DEU,1857,6.621632
Germany,DEU,1858,6.8689384
Germany,DEU,1859,7.053514
Germany,DEU,1860,7.228863
Germany,DEU,1861,7.43677
Germany,DEU,1862,7.6723285
Germany,DEU,1863,7.9114823
Germany,DEU,1864,8.184393
Germany,DEU,1865,8.483585
Germany,DEU,1866,8.737613
Germany,DEU,1867,9.002481
Germany,DEU,1868,9.2803755
Germany,DEU,1869,9.53684
Germany,DEU,1870,9.752978
Germany,DEU,1871,9.993662
Germany,DEU,1872,10.217085
Germany,DEU,1873,10.435492
Germany,DEU,1874,10.477376
Germany,DEU,1875,10.678677
Germany,DEU,1876,10.8681135
Germany,DEU,1877,11.019454
Germany,DEU,1878,11.173628
Germany,DEU,1879,11.319026
Germany,DEU,1880,11.465286
Germany,DEU,1881,11.630803
Germany,DEU,1882,11.799074
Germany,DEU,1883,11.963281
Germany,DEU,1884,12.126217
Germany,DEU,1885,12.2866745
Germany,DEU,1886,12.433535
Germany,DEU,1887,12.572097
Germany,DEU,1888,12.703491
Germany,DEU,1889,12.86782
Germany,DEU,1890,13.004
Germany,DEU,1891,13.142961
Germany,DEU,1892,13.247347
Germany,DEU,1893,13.367133
Germany,DEU,1894,13.483784
Germany,DEU,1895,13.584236
Germany,DEU,1896,13.70629
Germany,DEU,1897,13.83702
Germany,DEU,1898,13.956177
Germany,DEU,1899,14.056034
Germany,DEU,1900,14.168783
Germany,DEU,1901,14.250578
Germany,DEU,1902,14.297749
Germany,DEU,1903,14.336241
Germany,DEU,1904,14.387923
Germany,DEU,1905,14.443395
Germany,DEU,1906,14.432806
Germany,DEU,1907,14.469974
Germany,DEU,1908,14.536495
Germany,DEU,1909,14.570613
Germany,DEU,1910,14.571924
Germany,DEU,1911,14.581806
Germany,DEU,1912,14.613908
Germany,DEU,1913,14.638778
Germany,DEU,1914,14.674495
Germany,DEU,1915,14.6755905
Germany,DEU,1916,14.677469
Germany,DEU,1917,14.680221
Germany,DEU,1918,14.668604
Germany,DEU,1919,14.610019
Germany,DEU,1920,14.524201
Germany,DEU,1921,14.5436325
Germany,DEU,1922,14.526052
Germany,DEU,1923,14.344996
Germany,DEU,1924,14.275802
Germany,DEU,1925,14.213155
Germany,DEU,1926,14.12553
Germany,DEU,1927,14.059075
Germany,DEU,1928,14.016312
Germany,DEU,1929,13.971256
Germany,DEU,1930,13.906853
Germany,DEU,1931,13.833425
Germany,DEU,1932,13.7697525
Germany,DEU,1933,13.704924
Germany,DEU,1934,13.645234
Germany,DEU,1935,13.600466
Germany,DEU,1936,13.555871
Germany,DEU,1937,13.528366
Germany,DEU,1938,13.545302
Germany,DEU,1939,13.569789
Germany,DEU,1940,13.565087
Germany,DEU,1941,13.555768
Germany,DEU,1942,13.55183
Germany,DEU,1943,13.547565
Germany,DEU,1944,13.498313
Germany,DEU,1945,13.273085
Germany,DEU,1946,13.111283
Germany,DEU,1947,12.9442835
Germany,DEU,1948,12.795986
Germany,DEU,1949,12.692535
Germany,DEU,1950,12.588081
Germany,DEU,1951,12.492939
Germany,DEU,1952,12.412344
Germany,DEU,1953,12.331872
Germany,DEU,1954,12.263002
Germany,DEU,1955,12.191608
Germany,DEU,1956,12.118351
Germany,DEU,1957,12.042273
Germany,DEU,1958,11.953512
Germany,DEU,1959,11.852174
Germany,DEU,1960,11.755235
Germany,DEU,1961,11.669571
Germany,DEU,1962,11.591838
Germany,DEU,1963,11.519355
Germany,DEU,1964,11.43954
Germany,DEU,1965,11.346741
Germany,DEU,1966,11.240543
Germany,DEU,1967,11.126099
Germany,DEU,1968,11.012419
Germany,DEU,1969,10.89952
Germany,DEU,1970,10.758989
Germany,DEU,1971,10.6159525
Germany,DEU,1972,10.467045
Germany,DEU,1973,10.319102
Germany,DEU,1974,10.178387
Germany,DEU,1975,10.03542
Germany,DEU,1976,9.902076
Germany,DEU,1977,9.7615595
Germany,DEU,1978,9.623525
Germany,DEU,1979,9.49326
Germany,DEU,1980,9.370004
Germany,DEU,1981,9.254041
Germany,DEU,1982,9.141924
Germany,DEU,1983,9.033207
Germany,DEU,1984,8.926421
Germany,DEU,1985,8.818462
Germany,DEU,1986,8.713463
Germany,DEU,1987,8.604469
Germany,DEU,1988,8.491987
Germany,DEU,1989,8.380218
Germany,DEU,1990,8.274876
Germany,DEU,1991,8.166082
Germany,DEU,1992,8.064117
Germany,DEU,1993,7.964162
Germany,DEU,1994,7.865501
Germany,DEU,1995,7.766834
Germany,DEU,1996,7.6693497
Germany,DEU,1997,7.572684
Germany,DEU,1998,7.480587
Germany,DEU,1999,7.3861995
Germany,DEU,2000,7.291936
Germany,DEU,2001,7.2024627
Germany,DEU,2002,7.111974
Germany,DEU,2003,7.016665
Germany,DEU,2004,6.9186287
Germany,DEU,2005,6.818897
Germany,DEU,2006,6.7200484
Germany,DEU,2007,6.6180105
Germany,DEU,2008,6.5190187
Germany,DEU,2009,6.4224143
Germany,DEU,2010,6.324576
Germany,DEU,2011,6.224606
Germany,DEU,2012,6.1281376
Germany,DEU,2013,6.0362124
Germany,DEU,2014,5.9452577
Germany,DEU,2015,5.859337
Germany,DEU,2016,5.777191
Germany,DEU,2017,5.6957765
Germany,DEU,2018,5.613754
Germany,DEU,2019,5.5311685
Germany,DEU,2020,5.454757
Germany,DEU,2021,5.3779225
Germany,DEU,2022,5.301735
Germany,DEU,2023,5.22298
Germany,DEU,2024,5.144907
Ghana,GHA,1950,0.00027493024
Ghana,GHA,1951,0.0006350866
Ghana,GHA,1952,0.00097311655
Ghana,GHA,1953,0.0013525541
Ghana,GHA,1954,0.0017058349
Ghana,GHA,1955,0.002104952
Ghana,GHA,1956,0.0024377503
Ghana,GHA,1957,0.002825999
Ghana,GHA,1958,0.0032137686
Ghana,GHA,1959,0.0035609556
Ghana,GHA,1960,0.003926612
Ghana,GHA,1961,0.0042333975
Ghana,GHA,1962,0.0045447876
Ghana,GHA,1963,0.0049164225
Ghana,GHA,1964,0.0052366937
Ghana,GHA,1965,0.005545466
Ghana,GHA,1966,0.005755812
Ghana,GHA,1967,0.0059616524
Ghana,GHA,1968,0.006183191
Ghana,GHA,1969,0.0063383067
Ghana,GHA,1970,0.00668115
Ghana,GHA,1971,0.0069064843
Ghana,GHA,1972,0.0071461606
Ghana,GHA,1973,0.0073646647
Ghana,GHA,1974,0.007654204
Ghana,GHA,1975,0.007872642
Ghana,GHA,1976,0.008005755
Ghana,GHA,1977,0.008230974
Ghana,GHA,1978,0.008435433
Ghana,GHA,1979,0.008585508
Ghana,GHA,1980,0.008709022
Ghana,GHA,1981,0.008902509
Ghana,GHA,1982,0.009094193
Ghana,GHA,1983,0.009365931
Ghana,GHA,1984,0.009460744
Ghana,GHA,1985,0.009637912
Ghana,GHA,1986,0.009772109
Ghana,GHA,1987,0.009918664
Ghana,GHA,1988,0.010054543
Ghana,GHA,1989,0.010160019
Ghana,GHA,1990,0.01030922
Ghana,GHA,1991,0.010491028
Ghana,GHA,1992,0.010594218
Ghana,GHA,1993,0.010754996
Ghana,GHA,1994,0.010985233
Ghana,GHA,1995,0.011206545
Ghana,GHA,1996,0.011432978
Ghana,GHA,1997,0.01171391
Ghana,GHA,1998,0.011989091
Ghana,GHA,1999,0.012247515
Ghana,GHA,2000,0.012456857
Ghana,GHA,2001,0.0127153145
Ghana,GHA,2002,0.0130018
Ghana,GHA,2003,0.013276417
Ghana,GHA,2004,0.013506338
Ghana,GHA,2005,0.01368513
Ghana,GHA,2006,0.014042402
Ghana,GHA,2007,0.014408489
Ghana,GHA,2008,0.014698675
Ghana,GHA,2009,0.0148694925
Ghana,GHA,2010,0.015166661
Ghana,GHA,2011,0.015537078
Ghana,GHA,2012,0.01604784
Ghana,GHA,2013,0.016528133
Ghana,GHA,2014,0.01702701
Ghana,GHA,2015,0.017589703
Ghana,GHA,2016,0.01808473
Ghana,GHA,2017,0.01845799
Ghana,GHA,2018,0.018975236
Ghana,GHA,2019,0.019539192
Ghana,GHA,2020,0.02026323
Ghana,GHA,2021,0.021017486
Ghana,GHA,2022,0.021742921
Ghana,GHA,2023,0.022397587
Ghana,GHA,2024,0.023066917
Greece,GRC,1867,0.0016447199
Greece,GRC,1868,0.002353512
Greece,GRC,1869,0.0039674775
Greece,GRC,1870,0.005494636
Greece,GRC,1871,0.0076403017
Greece,GRC,1872,0.0086220605
Greece,GRC,1873,0.0096194465
Greece,GRC,1874,0.010246947
Greece,GRC,1875,0.010881587
Greece,GRC,1879,0.009155944
Greece,GRC,1883,0.0076069823
Greece,GRC,1888,0.006107533
Greece,GRC,1892,0.0062595103
Greece,GRC,1893,0.0069782445
Greece,GRC,1894,0.0076510254
Greece,GRC,1895,0.008192084
Greece,GRC,1896,0.008843223
Greece,GRC,1897,0.009398218
Greece,GRC,1898,0.010128004
Greece,GRC,1899,0.01025084
Greece,GRC,1900,0.010730794
Greece,GRC,1901,0.011155846
Greece,GRC,1902,0.011362565
Greece,GRC,1903,0.0116385585
Greece,GRC,1904,0.011803832
Greece,GRC,1905,0.011786722
Greece,GRC,1906,0.011718133
Greece,GRC,1907,0.011861316
Greece,GRC,1908,0.012479119
Greece,GRC,1909,0.012772803
Greece,GRC,1910,0.013239445
Greece,GRC,1911,0.013912834
Greece,GRC,1913,0.014403911
Greece,GRC,1914,0.01386532
Greece,GRC,1915,0.013386828
Greece,GRC,1916,0.01295448
Greece,GRC,1917,0.0125600435
Greece,GRC,1918,0.012234787
Greece,GRC,1919,0.011969316
Greece,GRC,1920,0.012213648
Greece,GRC,1921,0.012553877
Greece,GRC,1922,0.012797379
Greece,GRC,1923,0.013189237
Greece,GRC,1924,0.01387612
Greece,GRC,1925,0.015080165
Greece,GRC,1926,0.016094184
Greece,GRC,1927,0.017389532
Greece,GRC,1928,0.018652657
Greece,GRC,1929,0.020040164
Greece,GRC,1930,0.021499842
Greece,GRC,1931,0.022859951
Greece,GRC,1932,0.024179535
Greece,GRC,1933,0.025162783
Greece,GRC,1934,0.026396645
Greece,GRC,1935,0.02759314
Greece,GRC,1936,0.028946355
Greece,GRC,1937,0.030310575
Greece,GRC,1938,0.031219292
Greece,GRC,1939,0.030569738
Greece,GRC,1940,0.029876001
Greece,GRC,1941,0.029145868
Greece,GRC,1942,0.02850445
Greece,GRC,1943,0.02787504
Greece,GRC,1944,0.027214587
Greece,GRC,1945,0.02667863
Greece,GRC,1946,0.026152637
Greece,GRC,1947,0.025603171
Greece,GRC,1948,0.025583271
Greece,GRC,1949,0.025719922
Greece,GRC,1950,0.02684219
Greece,GRC,1951,0.028043173
Greece,GRC,1952,0.029262302
Greece,GRC,1953,0.030431211
Greece,GRC,1954,0.031599384
Greece,GRC,1955,0.03295498
Greece,GRC,1956,0.034298055
Greece,GRC,1957,0.03571999
Greece,GRC,1958,0.037250362
Greece,GRC,1959,0.038863145
Greece,GRC,1960,0.04072551
Greece,GRC,1961,0.042605277
Greece,GRC,1962,0.0444368
Greece,GRC,1963,0.04670936
Greece,GRC,1964,0.049045675
Greece,GRC,1965,0.052227024
Greece,GRC,1966,0.055568703
Greece,GRC,1967,0.058876526
Greece,GRC,1968,0.06257662
Greece,GRC,1969,0.066672415
Greece,GRC,1970,0.07000693
Greece,GRC,1971,0.073837034
Greece,GRC,1972,0.078100145
Greece,GRC,1973,0.08311537
Greece,GRC,1974,0.08757865
Greece,GRC,1975,0.09225816
Greece,GRC,1976,0.09723191
Greece,GRC,1977,0.10252116
Greece,GRC,1978,0.10752011
Greece,GRC,1979,0.11263749
Greece,GRC,1980,0.117454425
Greece,GRC,1981,0.12195193
Greece,GRC,1982,0.1264299
Greece,GRC,1983,0.13111691
Greece,GRC,1984,0.13565205
Greece,GRC,1985,0.14029571
Greece,GRC,1986,0.14441192
Greece,GRC,1987,0.14874789
Greece,GRC,1988,0.15326771
Greece,GRC,1989,0.15826564
Greece,GRC,1990,0.16414596
Greece,GRC,1991,0.16960368
Greece,GRC,1992,0.17508887
Greece,GRC,1993,0.18016568
Greece,GRC,1994,0.18517786
Greece,GRC,1995,0.18988633
Greece,GRC,1996,0.19444074
Greece,GRC,1997,0.19922051
Greece,GRC,1998,0.20426784
Greece,GRC,1999,0.20889607
Greece,GRC,2000,0.21364872
Greece,GRC,2001,0.21836098
Greece,GRC,2002,0.22270328
Greece,GRC,2003,0.2269243
Greece,GRC,2004,0.23078735
Greece,GRC,2005,0.23463967
Greece,GRC,2006,0.23798746
Greece,GRC,2007,0.24116609
Greece,GRC,2008,0.24381135
Greece,GRC,2009,0.24591157
Greece,GRC,2010,0.24706063
Greece,GRC,2011,0.24773757
Greece,GRC,2012,0.24807742
Greece,GRC,2013,0.24767667
Greece,GRC,2014,0.2470557
Greece,GRC,2015,0.24622947
Greece,GRC,2016,0.2452129
Greece,GRC,2017,0.24437134
Greece,GRC,2018,0.24326485
Greece,GRC,2019,0.24179257
Greece,GRC,2020,0.24005921
Greece,GRC,2021,0.23827384
Greece,GRC,2022,0.23647915
Greece,GRC,2023,0.23437501
Greece,GRC,2024,0.2323684
Greenland,GRL,1950,0.00004266159
Greenland,GRL,1951,0.000083037965
Greenland,GRL,1952,0.0001242595
Greenland,GRL,1953,0.00016906926
Greenland,GRL,1954,0.00020435959
Greenland,GRL,1955,0.00027725776
Greenland,GRL,1956,0.0003214616
Greenland,GRL,1957,0.00036934364
Greenland,GRL,1958,0.000436921
Greenland,GRL,1959,0.000502406
Greenland,GRL,1960,0.0005595868
Greenland,GRL,1961,0.00063524017
Greenland,GRL,1962,0.00069687486
Greenland,GRL,1963,0.000773309
Greenland,GRL,1964,0.0008396785
Greenland,GRL,1965,0.000908976
Greenland,GRL,1966,0.0009844301
Greenland,GRL,1967,0.001061821
Greenland,GRL,1968,0.0011639056
Greenland,GRL,1969,0.0012239283
Greenland,GRL,1970,0.0012706127
Greenland,GRL,1971,0.0013322721
Greenland,GRL,1972,0.0014059803
Greenland,GRL,1973,0.0014727601
Greenland,GRL,1974,0.0015351473
Greenland,GRL,1975,0.0015833033
Greenland,GRL,1976,0.0015713369
Greenland,GRL,1977,0.0016509017
Greenland,GRL,1978,0.001664734
Greenland,GRL,1979,0.0017070574
Greenland,GRL,1980,0.001745711
Greenland,GRL,1981,0.0017775763
Greenland,GRL,1982,0.0018062689
Greenland,GRL,1983,0.0018095038
Greenland,GRL,1984,0.0018413126
Greenland,GRL,1985,0.0018611162
Greenland,GRL,1986,0.0018535682
Greenland,GRL,1987,0.0018323965
Greenland,GRL,1988,0.0018513292
Greenland,GRL,1989,0.0018591901
Greenland,GRL,1990,0.0018841644
Greenland,GRL,1991,0.0019049003
Greenland,GRL,1992,0.0019244014
Greenland,GRL,1993,0.0019366908
Greenland,GRL,1994,0.0019423057
Greenland,GRL,1995,0.0019506604
Greenland,GRL,1996,0.0019637416
Greenland,GRL,1997,0.0019780137
Greenland,GRL,1998,0.001989665
Greenland,GRL,1999,0.0019994623
Greenland,GRL,2000,0.0020144922
Greenland,GRL,2001,0.0020238499
Greenland,GRL,2002,0.0020282087
Greenland,GRL,2003,0.0020360716
Greenland,GRL,2004,0.0020395461
Greenland,GRL,2005,0.0020414912
Greenland,GRL,2006,0.002043067
Greenland,GRL,2007,0.0020423967
Greenland,GRL,2008,0.0020423199
Greenland,GRL,2009,0.002037247
Greenland,GRL,2010,0.0020359014
Greenland,GRL,2011,0.0020361282
Greenland,GRL,2012,0.00202446
Greenland,GRL,2013,0.002013958
Greenland,GRL,2014,0.001999672
Greenland,GRL,2015,0.0019891064
Greenland,GRL,2016,0.0019765636
Greenland,GRL,2017,0.0019655407
Greenland,GRL,2018,0.0019533448
Greenland,GRL,2019,0.0019414199
Greenland,GRL,2020,0.0019335838
Greenland,GRL,2021,0.0019239867
Greenland,GRL,2022,0.0019163798
Greenland,GRL,2023,0.0019096927
Greenland,GRL,2024,0.0019033032
Grenada,GRD,1950,0.0000031601178
Grenada,GRD,1951,0.0000076887
Grenada,GRD,1952,0.000011976819
Grenada,GRD,1953,0.000016032429
Grenada,GRD,1954,0.000019868294
Grenada,GRD,1955,0.000023449662
Grenada,GRD,1956,0.000026788464
Grenada,GRD,1957,0.000029911633
Grenada,GRD,1958,0.000034094992
Grenada,GRD,1959,0.000037986792
Grenada,GRD,1960,0.000043959048
Grenada,GRD,1961,0.00004842121
Grenada,GRD,1962,0.000054810385
Grenada,GRD,1963,0.000057482994
Grenada,GRD,1964,0.0000620038
Grenada,GRD,1965,0.000066162866
Grenada,GRD,1966,0.000071935334
Grenada,GRD,1967,0.00007918342
Grenada,GRD,1968,0.0000867622
Grenada,GRD,1969,0.00009545214
Grenada,GRD,1970,0.000102440994
Grenada,GRD,1971,0.00010963835
Grenada,GRD,1972,0.00011616362
Grenada,GRD,1973,0.00012356666
Grenada,GRD,1974,0.00012674845
Grenada,GRD,1975,0.00013188188
Grenada,GRD,1976,0.00013645636
Grenada,GRD,1977,0.00014060247
Grenada,GRD,1978,0.00014495732
Grenada,GRD,1979,0.00014827587
Grenada,GRD,1980,0.0001514044
Grenada,GRD,1981,0.00015623803
Grenada,GRD,1982,0.00016139666
Grenada,GRD,1983,0.00016621861
Grenada,GRD,1984,0.0001706319
Grenada,GRD,1985,0.00017462713
Grenada,GRD,1986,0.0001788352
Grenada,GRD,1987,0.00018363562
Grenada,GRD,1988,0.00019085372
Grenada,GRD,1989,0.00019806446
Grenada,GRD,1990,0.00020565119
Grenada,GRD,1991,0.00021314218
Grenada,GRD,1992,0.00022126203
Grenada,GRD,1993,0.00022974102
Grenada,GRD,1994,0.00023976993
Grenada,GRD,1995,0.00024994698
Grenada,GRD,1996,0.00025980832
Grenada,GRD,1997,0.0002706464
Grenada,GRD,1998,0.00028171373
Grenada,GRD,1999,0.00029353527
Grenada,GRD,2000,0.0003042477
Grenada,GRD,2001,0.00031508063
Grenada,GRD,2002,0.00032590408
Grenada,GRD,2003,0.00033678397
Grenada,GRD,2004,0.00034621844
Grenada,GRD,2005,0.0003558284
Grenada,GRD,2006,0.00036527377
Grenada,GRD,2007,0.0003751596
Grenada,GRD,2008,0.0003861131
Grenada,GRD,2009,0.0003958531
Grenada,GRD,2010,0.0004051363
Grenada,GRD,2011,0.00041308792
Grenada,GRD,2012,0.00042180734
Grenada,GRD,2013,0.0004322891
Grenada,GRD,2014,0.00043826023
Grenada,GRD,2015,0.00044517763
Grenada,GRD,2016,0.00045272644
Grenada,GRD,2017,0.0004609233
Grenada,GRD,2018,0.0004694398
Grenada,GRD,2019,0.00047902108
Grenada,GRD,2020,0.00048614937
Grenada,GRD,2021,0.00049377006
Grenada,GRD,2022,0.00050263316
Grenada,GRD,2023,0.00051210553
Grenada,GRD,2024,0.00052180234
Guatemala,GTM,1870,0
Guatemala,GTM,1871,0
Guatemala,GTM,1872,0
Guatemala,GTM,1873,0
Guatemala,GTM,1874,2.097492e-8
Guatemala,GTM,1875,2.0021565e-8
Guatemala,GTM,1876,1.9139456e-8
Guatemala,GTM,1877,4.8844644e-8
Guatemala,GTM,1878,1.814127e-7
Guatemala,GTM,1879,3.8660005e-7
Guatemala,GTM,1880,4.918174e-7
Guatemala,GTM,1881,4.9504183e-7
Guatemala,GTM,1882,4.870337e-7
Guatemala,GTM,1883,5.945103e-7
Guatemala,GTM,1884,8.9618106e-7
Guatemala,GTM,1885,0.0000010654746
Guatemala,GTM,1886,0.0000014395766
Guatemala,GTM,1887,0.0000017565831
Guatemala,GTM,1888,0.0000021468818
Guatemala,GTM,1889,0.0000027779472
Guatemala,GTM,1890,0.000003886265
Guatemala,GTM,1891,0.0000047569283
Guatemala,GTM,1892,0.000006379203
Guatemala,GTM,1893,0.000009495847
Guatemala,GTM,1894,0.000014430947
Guatemala,GTM,1895,0.000047369947
Guatemala,GTM,1896,0.00007185034
Guatemala,GTM,1897,0.00010361401
Guatemala,GTM,1898,0.000107226944
Guatemala,GTM,1899,0.000109162014
Guatemala,GTM,1900,0.00011490254
Guatemala,GTM,1901,0.00012570758
Guatemala,GTM,1902,0.00014701542
Guatemala,GTM,1903,0.00017428579
Guatemala,GTM,1904,0.0002125492
Guatemala,GTM,1905,0.00026452064
Guatemala,GTM,1906,0.00031966146
Guatemala,GTM,1907,0.00036214318
Guatemala,GTM,1908,0.0003903394
Guatemala,GTM,1909,0.0004173701
Guatemala,GTM,1910,0.00044986227
Guatemala,GTM,1911,0.00048649637
Guatemala,GTM,1912,0.0005241817
Guatemala,GTM,1913,0.0005559793
Guatemala,GTM,1914,0.000583825
Guatemala,GTM,1915,0.0006168853
Guatemala,GTM,1916,0.00062546326
Guatemala,GTM,1917,0.00060439267
Guatemala,GTM,1918,0.0005832961
Guatemala,GTM,1919,0.00057598494
Guatemala,GTM,1920,0.0005612924
Guatemala,GTM,1921,0.0005517485
Guatemala,GTM,1922,0.0005372687
Guatemala,GTM,1923,0.0005205334
Guatemala,GTM,1924,0.0005055672
Guatemala,GTM,1925,0.0004899659
Guatemala,GTM,1926,0.00047553924
Guatemala,GTM,1927,0.00046103177
Guatemala,GTM,1928,0.00044803342
Guatemala,GTM,1929,0.00043570425
Guatemala,GTM,1930,0.00042430035
Guatemala,GTM,1931,0.0004147154
Guatemala,GTM,1932,0.00040653918
Guatemala,GTM,1933,0.00039851267
Guatemala,GTM,1934,0.0003903414
Guatemala,GTM,1935,0.00038114973
Guatemala,GTM,1936,0.00037224637
Guatemala,GTM,1937,0.00036339197
Guatemala,GTM,1938,0.00035488553
Guatemala,GTM,1939,0.00034674836
Guatemala,GTM,1940,0.00033781567
Guatemala,GTM,1941,0.00033521617
Guatemala,GTM,1942,0.00033238003
Guatemala,GTM,1943,0.0003297285
Guatemala,GTM,1944,0.00032706896
Guatemala,GTM,1945,0.00032768925
Guatemala,GTM,1946,0.00032778553
Guatemala,GTM,1947,0.00032702996
Guatemala,GTM,1948,0.00032606506
Guatemala,GTM,1949,0.00032744426
Guatemala,GTM,1950,0.00058734376
Guatemala,GTM,1951,0.00083907973
Guatemala,GTM,1952,0.0010802983
Guatemala,GTM,1953,0.001322716
Guatemala,GTM,1954,0.0015759288
Guatemala,GTM,1955,0.0018764883
Guatemala,GTM,1956,0.0021796224
Guatemala,GTM,1957,0.0024659918
Guatemala,GTM,1958,0.002783224
Guatemala,GTM,1959,0.0031148188
Guatemala,GTM,1960,0.0034558917
Guatemala,GTM,1961,0.003796062
Guatemala,GTM,1962,0.004104661
Guatemala,GTM,1963,0.004429835
Guatemala,GTM,1964,0.0047996794
Guatemala,GTM,1965,0.0051972438
Guatemala,GTM,1966,0.0054992875
Guatemala,GTM,1967,0.005839954
Guatemala,GTM,1968,0.006188952
Guatemala,GTM,1969,0.0065362393
Guatemala,GTM,1970,0.0068469797
Guatemala,GTM,1971,0.007159304
Guatemala,GTM,1972,0.0074971295
Guatemala,GTM,1973,0.007845611
Guatemala,GTM,1974,0.008198038
Guatemala,GTM,1975,0.008616355
Guatemala,GTM,1976,0.008951847
Guatemala,GTM,1977,0.009348561
Guatemala,GTM,1978,0.009763338
Guatemala,GTM,1979,0.010238733
Guatemala,GTM,1980,0.010654298
Guatemala,GTM,1981,0.010965931
Guatemala,GTM,1982,0.01120827
Guatemala,GTM,1983,0.0113660395
Guatemala,GTM,1984,0.011541115
Guatemala,GTM,1985,0.011708528
Guatemala,GTM,1986,0.011884942
Guatemala,GTM,1987,0.012074522
Guatemala,GTM,1988,0.012261408
Guatemala,GTM,1989,0.012447676
Guatemala,GTM,1990,0.012674177
Guatemala,GTM,1991,0.012892817
Guatemala,GTM,1992,0.013231446
Guatemala,GTM,1993,0.013523991
Guatemala,GTM,1994,0.013917038
Guatemala,GTM,1995,0.014330484
Guatemala,GTM,1996,0.014654592
Guatemala,GTM,1997,0.015055089
Guatemala,GTM,1998,0.015553853
Guatemala,GTM,1999,0.016045187
Guatemala,GTM,2000,0.01658556
Guatemala,GTM,2001,0.01713515
Guatemala,GTM,2002,0.017699543
Guatemala,GTM,2003,0.018189974
Guatemala,GTM,2004,0.018697262
Guatemala,GTM,2005,0.019247003
Guatemala,GTM,2006,0.019765032
Guatemala,GTM,2007,0.020238131
Guatemala,GTM,2008,0.020570757
Guatemala,GTM,2009,0.020971294
Guatemala,GTM,2010,0.021256665
Guatemala,GTM,2011,0.021521812
Guatemala,GTM,2012,0.021792714
Guatemala,GTM,2013,0.022124883
Guatemala,GTM,2014,0.022501199
Guatemala,GTM,2015,0.022994248
Guatemala,GTM,2016,0.023534168
Guatemala,GTM,2017,0.024070738
Guatemala,GTM,2018,0.024654837
Guatemala,GTM,2019,0.025263134
Guatemala,GTM,2020,0.025750453
Guatemala,GTM,2021,0.026355138
Guatemala,GTM,2022,0.026864206
Guatemala,GTM,2023,0.027389048
Guatemala,GTM,2024,0.027892457
Guinea,GIN,1950,0.00007865752
Guinea,GIN,1951,0.00014055926
Guinea,GIN,1952,0.00020653025
Guinea,GIN,1953,0.0002574302
Guinea,GIN,1954,0.00031532085
Guinea,GIN,1955,0.00036913867
Guinea,GIN,1956,0.00042888778
Guinea,GIN,1957,0.00048647082
Guinea,GIN,1958,0.0005291831
Guinea,GIN,1959,0.0005662027
Guinea,GIN,1960,0.0006820339
Guinea,GIN,1961,0.0008555138
Guinea,GIN,1962,0.0010314003
Guinea,GIN,1963,0.0012061264
Guinea,GIN,1964,0.001369404
Guinea,GIN,1965,0.001519774
Guinea,GIN,1966,0.0016644285
Guinea,GIN,1967,0.00180029
Guinea,GIN,1968,0.0019300553
Guinea,GIN,1969,0.0020473704
Guinea,GIN,1970,0.002161645
Guinea,GIN,1971,0.0022700643
Guinea,GIN,1972,0.0023713904
Guinea,GIN,1973,0.0024551635
Guinea,GIN,1974,0.0025409805
Guinea,GIN,1975,0.0026218283
Guinea,GIN,1976,0.0027013228
Guinea,GIN,1977,0.0027757636
Guinea,GIN,1978,0.0028419844
Guinea,GIN,1979,0.002909011
Guinea,GIN,1980,0.002975226
Guinea,GIN,1981,0.0030440257
Guinea,GIN,1982,0.0031083524
Guinea,GIN,1983,0.0031637477
Guinea,GIN,1984,0.0032172012
Guinea,GIN,1985,0.0032665567
Guinea,GIN,1986,0.0033123044
Guinea,GIN,1987,0.0033520001
Guinea,GIN,1988,0.0033902077
Guinea,GIN,1989,0.0034273854
Guinea,GIN,1990,0.003450701
Guinea,GIN,1991,0.003473407
Guinea,GIN,1992,0.0035006932
Guinea,GIN,1993,0.0035289992
Guinea,GIN,1994,0.0035594674
Guinea,GIN,1995,0.003590281
Guinea,GIN,1996,0.003623402
Guinea,GIN,1997,0.0036599783
Guinea,GIN,1998,0.0037024415
Guinea,GIN,1999,0.0037480765
Guinea,GIN,2000,0.003794706
Guinea,GIN,2001,0.0038453054
Guinea,GIN,2002,0.0038971794
Guinea,GIN,2003,0.0039482755
Guinea,GIN,2004,0.003999637
Guinea,GIN,2005,0.0040503936
Guinea,GIN,2006,0.0041004433
Guinea,GIN,2007,0.0041514905
Guinea,GIN,2008,0.004201078
Guinea,GIN,2009,0.0042597777
Guinea,GIN,2010,0.0043372144
Guinea,GIN,2011,0.004414362
Guinea,GIN,2012,0.0044745486
Guinea,GIN,2013,0.0045090416
Guinea,GIN,2014,0.004561086
Guinea,GIN,2015,0.004616408
Guinea,GIN,2016,0.0046850415
Guinea,GIN,2017,0.0048840297
Guinea,GIN,2018,0.0050055804
Guinea,GIN,2019,0.005140754
Guinea,GIN,2020,0.005295218
Guinea,GIN,2021,0.0054171463
Guinea,GIN,2022,0.0055310833
Guinea,GIN,2023,0.0056287358
Guinea,GIN,2024,0.0057289763
Guinea-Bissau,GNB,1950,0.0000031601178
Guinea-Bissau,GNB,1951,0.00000461322
Guinea-Bissau,GNB,1952,0.000008982614
Guinea-Bissau,GNB,1953,0.0000116599485
Guinea-Bissau,GNB,1954,0.000014191638
Guinea-Bissau,GNB,1955,0.000017932094
Guinea-Bissau,GNB,1956,0.000021430773
Guinea-Bissau,GNB,1957,0.00002470961
Guinea-Bissau,GNB,1958,0.000027781105
Guinea-Bissau,GNB,1959,0.00003185989
Guinea-Bissau,GNB,1960,0.000036830552
Guinea-Bissau,GNB,1961,0.000044962555
Guinea-Bissau,GNB,1962,0.000055928966
Guinea-Bissau,GNB,1963,0.00006832884
Guinea-Bissau,GNB,1964,0.00008302203
Guinea-Bissau,GNB,1965,0.000098735356
Guinea-Bissau,GNB,1966,0.00011332278
Guinea-Bissau,GNB,1967,0.00012211419
Guinea-Bissau,GNB,1968,0.0001338353
Guinea-Bissau,GNB,1969,0.00014362425
Guinea-Bissau,GNB,1970,0.00015495277
Guinea-Bissau,GNB,1971,0.00016611871
Guinea-Bissau,GNB,1972,0.00017464599
Guinea-Bissau,GNB,1973,0.00019152832
Guinea-Bissau,GNB,1974,0.00020577983
Guinea-Bissau,GNB,1975,0.00022124448
Guinea-Bissau,GNB,1976,0.00023183659
Guinea-Bissau,GNB,1977,0.0002428588
Guinea-Bissau,GNB,1978,0.00025286275
Guinea-Bissau,GNB,1979,0.0002632525
Guinea-Bissau,GNB,1980,0.00027909485
Guinea-Bissau,GNB,1981,0.0002936096
Guinea-Bissau,GNB,1982,0.00030734044
Guinea-Bissau,GNB,1983,0.0003202071
Guinea-Bissau,GNB,1984,0.00033478413
Guinea-Bissau,GNB,1985,0.00034977868
Guinea-Bissau,GNB,1986,0.0003653129
Guinea-Bissau,GNB,1987,0.00038113055
Guinea-Bissau,GNB,1988,0.00039853333
Guinea-Bissau,GNB,1989,0.0004166828
Guinea-Bissau,GNB,1990,0.0004167501
Guinea-Bissau,GNB,1991,0.00041657602
Guinea-Bissau,GNB,1992,0.00041674596
Guinea-Bissau,GNB,1993,0.0004172164
Guinea-Bissau,GNB,1994,0.00041755853
Guinea-Bissau,GNB,1995,0.0004180353
Guinea-Bissau,GNB,1996,0.00041778418
Guinea-Bissau,GNB,1997,0.00041936975
Guinea-Bissau,GNB,1998,0.0004179674
Guinea-Bissau,GNB,1999,0.00041748834
Guinea-Bissau,GNB,2000,0.00041220657
Guinea-Bissau,GNB,2001,0.00040676532
Guinea-Bissau,GNB,2002,0.00040270525
Guinea-Bissau,GNB,2003,0.00039932024
Guinea-Bissau,GNB,2004,0.0003932279
Guinea-Bissau,GNB,2005,0.00039113252
Guinea-Bissau,GNB,2006,0.00039093348
Guinea-Bissau,GNB,2007,0.00038781206
Guinea-Bissau,GNB,2008,0.00038726054
Guinea-Bissau,GNB,2009,0.00038549484
Guinea-Bissau,GNB,2010,0.00038356907
Guinea-Bissau,GNB,2011,0.00038194662
Guinea-Bissau,GNB,2012,0.00038053512
Guinea-Bissau,GNB,2013,0.0003811336
Guinea-Bissau,GNB,2014,0.0003816547
Guinea-Bissau,GNB,2015,0.0003828914
Guinea-Bissau,GNB,2016,0.00038501798
Guinea-Bissau,GNB,2017,0.00038783043
Guinea-Bissau,GNB,2018,0.0003912374
Guinea-Bissau,GNB,2019,0.00039793563
Guinea-Bissau,GNB,2020,0.00040803748
Guinea-Bissau,GNB,2021,0.0004190076
Guinea-Bissau,GNB,2022,0.0004295678
Guinea-Bissau,GNB,2023,0.00043872
Guinea-Bissau,GNB,2024,0.0004480676
Guyana,GUY,1950,0.00011218418
Guyana,GUY,1951,0.00022912327
Guyana,GUY,1952,0.00036080167
Guyana,GUY,1953,0.0005305277
Guyana,GUY,1954,0.00069964776
Guyana,GUY,1955,0.0008745344
Guyana,GUY,1956,0.0010501079
Guyana,GUY,1957,0.0012094703
Guyana,GUY,1958,0.0013322302
Guyana,GUY,1959,0.0014778088
Guyana,GUY,1960,0.0016466822
Guyana,GUY,1961,0.0018296301
Guyana,GUY,1962,0.0019821224
Guyana,GUY,1963,0.0021040945
Guyana,GUY,1964,0.0022247804
Guyana,GUY,1965,0.0024541335
Guyana,GUY,1966,0.0026931406
Guyana,GUY,1967,0.0029517286
Guyana,GUY,1968,0.003190818
Guyana,GUY,1969,0.0034166512
Guyana,GUY,1970,0.0036680761
Guyana,GUY,1971,0.003878872
Guyana,GUY,1972,0.0040825503
Guyana,GUY,1973,0.004315566
Guyana,GUY,1974,0.0044824216
Guyana,GUY,1975,0.0046915365
Guyana,GUY,1976,0.004865087
Guyana,GUY,1977,0.0050495793
Guyana,GUY,1978,0.0052438146
Guyana,GUY,1979,0.0053291353
Guyana,GUY,1980,0.0054542064
Guyana,GUY,1981,0.0055779926
Guyana,GUY,1982,0.0056340024
Guyana,GUY,1983,0.005661439
Guyana,GUY,1984,0.0057059093
Guyana,GUY,1985,0.005744341
Guyana,GUY,1986,0.0057262927
Guyana,GUY,1987,0.005739727
Guyana,GUY,1988,0.005758783
Guyana,GUY,1989,0.0057466724
Guyana,GUY,1990,0.0057246387
Guyana,GUY,1991,0.0056979125
Guyana,GUY,1992,0.005669464
Guyana,GUY,1993,0.005641419
Guyana,GUY,1994,0.005659467
Guyana,GUY,1995,0.0056848032
Guyana,GUY,1996,0.0057142344
Guyana,GUY,1997,0.0057568033
Guyana,GUY,1998,0.0057999888
Guyana,GUY,1999,0.005838729
Guyana,GUY,2000,0.005863428
Guyana,GUY,2001,0.005885268
Guyana,GUY,2002,0.005900333
Guyana,GUY,2003,0.0059214043
Guyana,GUY,2004,0.0059416164
Guyana,GUY,2005,0.005929544
Guyana,GUY,2006,0.005904454
Guyana,GUY,2007,0.0058980975
Guyana,GUY,2008,0.005883492
Guyana,GUY,2009,0.005887405
Guyana,GUY,2010,0.0058815745
Guyana,GUY,2011,0.005876389
Guyana,GUY,2012,0.0058694812
Guyana,GUY,2013,0.0058578085
Guyana,GUY,2014,0.0058508855
Guyana,GUY,2015,0.005843801
Guyana,GUY,2016,0.005852872
Guyana,GUY,2017,0.0058561782
Guyana,GUY,2018,0.0058665187
Guyana,GUY,2019,0.005894754
Guyana,GUY,2020,0.005955281
Guyana,GUY,2021,0.005997776
Guyana,GUY,2022,0.006118842
Guyana,GUY,2023,0.0062319594
Guyana,GUY,2024,0.006345791
Haiti,HTI,1870,0
Haiti,HTI,1871,0.000002691408
Haiti,HTI,1872,0.000008574505
Haiti,HTI,1873,0.000011474219
Haiti,HTI,1874,0.000014934143
Haiti,HTI,1875,0.000017558912
Haiti,HTI,1876,0.000018271801
Haiti,HTI,1877,0.000034227884
Haiti,HTI,1878,0.000060872742
Haiti,HTI,1879,0.00006891566
Haiti,HTI,1880,0.000073115065
Haiti,HTI,1881,0.000077874676
Haiti,HTI,1882,0.00008048718
Haiti,HTI,1883,0.00008169872
Haiti,HTI,1884,0.000084458414
Haiti,HTI,1885,0.00008677888
Haiti,HTI,1886,0.00008521968
Haiti,HTI,1887,0.000081889484
Haiti,HTI,1888,0.0000924387
Haiti,HTI,1889,0.00011382817
Haiti,HTI,1890,0.00014789245
Haiti,HTI,1891,0.00017788247
Haiti,HTI,1892,0.00018649055
Haiti,HTI,1893,0.00019011695
Haiti,HTI,1894,0.00021926274
Haiti,HTI,1895,0.00024361764
Haiti,HTI,1896,0.00028262433
Haiti,HTI,1897,0.00030802935
Haiti,HTI,1898,0.0003198542
Haiti,HTI,1899,0.00032487145
Haiti,HTI,1900,0.0003247853
Haiti,HTI,1901,0.00032633008
Haiti,HTI,1902,0.0003270094
Haiti,HTI,1903,0.00032097424
Haiti,HTI,1904,0.00031073642
Haiti,HTI,1905,0.00030454504
Haiti,HTI,1906,0.00029914646
Haiti,HTI,1907,0.0002946619
Haiti,HTI,1908,0.00029295162
Haiti,HTI,1909,0.00029248925
Haiti,HTI,1910,0.0002984296
Haiti,HTI,1911,0.00030722664
Haiti,HTI,1912,0.0003222314
Haiti,HTI,1913,0.000329198
Haiti,HTI,1914,0.00032355954
Haiti,HTI,1915,0.00031426706
Haiti,HTI,1916,0.00030347385
Haiti,HTI,1917,0.0002957395
Haiti,HTI,1918,0.0002874957
Haiti,HTI,1919,0.000278774
Haiti,HTI,1920,0.0002692498
Haiti,HTI,1921,0.00026157591
Haiti,HTI,1922,0.00025382385
Haiti,HTI,1923,0.00025199624
Haiti,HTI,1924,0.00024459002
Haiti,HTI,1925,0.00023735734
Haiti,HTI,1926,0.00023067441
Haiti,HTI,1927,0.00022372999
Haiti,HTI,1928,0.00021757971
Haiti,HTI,1929,0.00021105725
Haiti,HTI,1930,0.00020519337
Haiti,HTI,1931,0.00020033367
Haiti,HTI,1932,0.00019626704
Haiti,HTI,1933,0.00019195424
Haiti,HTI,1934,0.000187448
Haiti,HTI,1935,0.00018296696
Haiti,HTI,1936,0.0001782892
Haiti,HTI,1937,0.00017354715
Haiti,HTI,1938,0.00016931615
Haiti,HTI,1939,0.00016508451
Haiti,HTI,1940,0.00016071505
Haiti,HTI,1941,0.00015643751
Haiti,HTI,1942,0.00015237664
Haiti,HTI,1943,0.00014847188
Haiti,HTI,1944,0.00014468205
Haiti,HTI,1945,0.00014173759
Haiti,HTI,1946,0.00013867443
Haiti,HTI,1947,0.00013539176
Haiti,HTI,1948,0.00013206774
Haiti,HTI,1949,0.0001290602
Haiti,HTI,1950,0.000174791
Haiti,HTI,1951,0.0002254682
Haiti,HTI,1952,0.0002793939
Haiti,HTI,1953,0.0003346742
Haiti,HTI,1954,0.00040960347
Haiti,HTI,1955,0.00049877516
Haiti,HTI,1956,0.0005806963
Haiti,HTI,1957,0.00065351656
Haiti,HTI,1958,0.00072921475
Haiti,HTI,1959,0.00079212047
Haiti,HTI,1960,0.0008606129
Haiti,HTI,1961,0.0009284455
Haiti,HTI,1962,0.0009935868
Haiti,HTI,1963,0.0010370812
Haiti,HTI,1964,0.0010909896
Haiti,HTI,1965,0.0011411442
Haiti,HTI,1966,0.0011864866
Haiti,HTI,1967,0.0012163777
Haiti,HTI,1968,0.0012432449
Haiti,HTI,1969,0.0012782566
Haiti,HTI,1970,0.0013238442
Haiti,HTI,1971,0.0013686146
Haiti,HTI,1972,0.0014057124
Haiti,HTI,1973,0.0014438331
Haiti,HTI,1974,0.0014899576
Haiti,HTI,1975,0.0015351769
Haiti,HTI,1976,0.0016107752
Haiti,HTI,1977,0.0016857306
Haiti,HTI,1978,0.0017619503
Haiti,HTI,1979,0.0018315318
Haiti,HTI,1980,0.0018960992
Haiti,HTI,1981,0.0019605218
Haiti,HTI,1982,0.0020307326
Haiti,HTI,1983,0.0021068181
Haiti,HTI,1984,0.0021793845
Haiti,HTI,1985,0.0022494276
Haiti,HTI,1986,0.0023007868
Haiti,HTI,1987,0.002356436
Haiti,HTI,1988,0.0024207032
Haiti,HTI,1989,0.0024824655
Haiti,HTI,1990,0.002535673
Haiti,HTI,1991,0.0025821351
Haiti,HTI,1992,0.0026179159
Haiti,HTI,1993,0.0026279131
Haiti,HTI,1994,0.002581109
Haiti,HTI,1995,0.0026102513
Haiti,HTI,1996,0.002651046
Haiti,HTI,1997,0.002723369
Haiti,HTI,1998,0.0027809697
Haiti,HTI,1999,0.0028379099
Haiti,HTI,2000,0.0029249792
Haiti,HTI,2001,0.0029917296
Haiti,HTI,2002,0.0030821299
Haiti,HTI,2003,0.0031567828
Haiti,HTI,2004,0.0032209218
Haiti,HTI,2005,0.0032852767
Haiti,HTI,2006,0.0033462995
Haiti,HTI,2007,0.00340351
Haiti,HTI,2008,0.003455409
Haiti,HTI,2009,0.0035159276
Haiti,HTI,2010,0.0035873086
Haiti,HTI,2011,0.0036624765
Haiti,HTI,2012,0.003732049
Haiti,HTI,2013,0.003827894
Haiti,HTI,2014,0.003918352
Haiti,HTI,2015,0.0040018493
Haiti,HTI,2016,0.004102329
Haiti,HTI,2017,0.004206647
Haiti,HTI,2018,0.0043207877
Haiti,HTI,2019,0.0044119786
Haiti,HTI,2020,0.004512931
Haiti,HTI,2021,0.0046191867
Haiti,HTI,2022,0.0046833283
Haiti,HTI,2023,0.0047430173
Haiti,HTI,2024,0.0048046657
High-income countries,,1750,100
High-income countries,,1751,100
High-income countries,,1752,100
High-income countries,,1753,100
High-income countries,,1754,100
High-income countries,,1755,100
High-income countries,,1756,100
High-income countries,,1757,100
High-income countries,,1758,100.00001
High-income countries,,1759,99.99999
High-income countries,,1760,100
High-income countries,,1761,100
High-income countries,,1762,99.99999
High-income countries,,1763,100
High-income countries,,1764,100
High-income countries,,1765,100
High-income countries,,1766,100
High-income countries,,1767,99.99999
High-income countries,,1768,100
High-income countries,,1769,100.00001
High-income countries,,1770,100
High-income countries,,1771,100
High-income countries,,1772,100
High-income countries,,1773,100
High-income countries,,1774,100
High-income countries,,1775,100
High-income countries,,1776,100
High-income countries,,1777,100
High-income countries,,1778,100
High-income countries,,1779,100.00001
High-income countries,,1780,100.00001
High-income countries,,1781,100.00001
High-income countries,,1782,100
High-income countries,,1783,100
High-income countries,,1784,100
High-income countries,,1785,100
High-income countries,,1786,100.00001
High-income countries,,1787,100
High-income countries,,1788,100
High-income countries,,1789,100
High-income countries,,1790,100
High-income countries,,1791,100
High-income countries,,1792,100
High-income countries,,1793,99.99999
High-income countries,,1794,99.999985
High-income countries,,1795,99.99999
High-income countries,,1796,99.999985
High-income countries,,1797,100
High-income countries,,1798,100.00001
High-income countries,,1799,100
High-income countries,,1800,100.00001
High-income countries,,1801,100.00001
High-income countries,,1802,100.00001
High-income countries,,1803,100.00001
High-income countries,,1804,100
High-income countries,,1805,100.00001
High-income countries,,1806,100.00001
High-income countries,,1807,100
High-income countries,,1808,100.00001
High-income countries,,1809,100.00001
High-income countries,,1810,100.000015
High-income countries,,1811,100.00001
High-income countries,,1812,100.000015
High-income countries,,1813,100.00001
High-income countries,,1814,100.00001
High-income countries,,1815,100.00001
High-income countries,,1816,100.00001
High-income countries,,1817,100.000015
High-income countries,,1818,100.000015
High-income countries,,1819,100.000015
High-income countries,,1820,100.000015
High-income countries,,1821,100.00001
High-income countries,,1822,100.00001
High-income countries,,1823,100.00001
High-income countries,,1824,100.00001
High-income countries,,1825,100.00001
High-income countries,,1826,100.00001
High-income countries,,1827,100.00001
High-income countries,,1828,100.00001
High-income countries,,1829,100
High-income countries,,1830,99.9997
High-income countries,,1831,99.99937
High-income countries,,1832,99.99916
High-income countries,,1833,99.99893
High-income countries,,1834,99.99897
High-income countries,,1835,99.99901
High-income countries,,1836,99.99903
High-income countries,,1837,99.99908
High-income countries,,1838,99.99911
High-income countries,,1839,99.99914
High-income countries,,1840,99.99917
High-income countries,,1841,99.99921
High-income countries,,1842,99.99923
High-income countries,,1843,99.99926
High-income countries,,1844,99.99928
High-income countries,,1845,99.99931
High-income countries,,1846,99.99934
High-income countries,,1847,99.99937
High-income countries,,1848,99.9994
High-income countries,,1849,99.99941
High-income countries,,1850,99.99859
High-income countries,,1851,99.99864
High-income countries,,1852,99.998695
High-income countries,,1853,99.99875
High-income countries,,1854,99.99881
High-income countries,,1855,99.99676
High-income countries,,1856,99.98564
High-income countries,,1857,99.97454
High-income countries,,1858,99.95599
High-income countries,,1859,99.93532
High-income countries,,1860,99.91476
High-income countries,,1861,99.89514
High-income countries,,1862,99.8756
High-income countries,,1863,99.85901
High-income countries,,1864,99.84068
High-income countries,,1865,99.82177
High-income countries,,1866,99.794106
High-income countries,,1867,99.77628
High-income countries,,1868,99.75946
High-income countries,,1869,99.74242
High-income countries,,1870,99.72559
High-income countries,,1871,99.70476
High-income countries,,1872,99.684616
High-income countries,,1873,99.66702
High-income countries,,1874,99.64818
High-income countries,,1875,99.63042
High-income countries,,1876,99.61274
High-income countries,,1877,99.5953
High-income countries,,1878,99.56305
High-income countries,,1879,99.53545
High-income countries,,1880,99.50796
High-income countries,,1881,99.48128
High-income countries,,1882,99.45492
High-income countries,,1883,99.425995
High-income countries,,1884,99.39641
High-income countries,,1885,99.36778
High-income countries,,1886,99.33999
High-income countries,,1887,99.30983
High-income countries,,1888,99.28083
High-income countries,,1889,99.24572
High-income countries,,1890,99.21194
High-income countries,,1891,99.17562
High-income countries,,1892,99.1333
High-income countries,,1893,99.08269
High-income countries,,1894,99.03275
High-income countries,,1895,98.975975
High-income countries,,1896,98.91859
High-income countries,,1897,98.856445
High-income countries,,1898,98.78864
High-income countries,,1899,98.719315
High-income countries,,1900,98.65531
High-income countries,,1901,98.586205
High-income countries,,1902,98.51968
High-income countries,,1903,98.454704
High-income countries,,1904,98.38071
High-income countries,,1905,98.31488
High-income countries,,1906,98.23931
High-income countries,,1907,98.13348
High-income countries,,1908,98.02163
High-income countries,,1909,97.9143
High-income countries,,1910,97.81377
High-income countries,,1911,97.71056
High-income countries,,1912,97.6187
High-income countries,,1913,97.51449
High-income countries,,1914,97.41918
High-income countries,,1915,97.333
High-income countries,,1916,97.24493
High-income countries,,1917,97.156624
High-income countries,,1918,97.08407
High-income countries,,1919,96.98188
High-income countries,,1920,96.86354
High-income countries,,1921,96.72595
High-income countries,,1922,96.59977
High-income countries,,1923,96.486404
High-income countries,,1924,96.36932
High-income countries,,1925,96.26713
High-income countries,,1926,96.16995
High-income countries,,1927,96.084
High-income countries,,1928,95.997536
High-income countries,,1929,95.916885
High-income countries,,1930,95.824875
High-income countries,,1931,95.72834
High-income countries,,1932,95.622734
High-income countries,,1933,95.51225
High-income countries,,1934,95.38477
High-income countries,,1935,95.24354
High-income countries,,1936,95.10273
High-income countries,,1937,94.96024
High-income countries,,1938,94.814705
High-income countries,,1939,94.66932
High-income countries,,1940,94.514435
High-income countries,,1941,94.37662
High-income countries,,1942,94.28152
High-income countries,,1943,94.19749
High-income countries,,1944,94.09561
High-income countries,,1945,93.99211
High-income countries,,1946,93.89626
High-income countries,,1947,93.79446
High-income countries,,1948,93.68965
High-income countries,,1949,93.58315
High-income countries,,1950,93.395905
High-income countries,,1951,93.188286
High-income countries,,1952,92.96328
High-income countries,,1953,92.741516
High-income countries,,1954,92.50157
High-income countries,,1955,92.22932
High-income countries,,1956,91.943535
High-income countries,,1957,91.62963
High-income countries,,1958,91.236664
High-income countries,,1959,90.7909
High-income countries,,1960,90.332466
High-income countries,,1961,89.95187
High-income countries,,1962,89.61273
High-income countries,,1963,89.2829
High-income countries,,1964,88.95207
High-income countries,,1965,88.61042
High-income countries,,1966,88.25752
High-income countries,,1967,87.93206
High-income countries,,1968,87.59935
High-income countries,,1969,87.257164
High-income countries,,1970,86.88318
High-income countries,,1971,86.48354
High-income countries,,1972,86.0918
High-income countries,,1973,85.69738
High-income countries,,1974,85.30891
High-income countries,,1975,84.90333
High-income countries,,1976,84.51057
High-income countries,,1977,84.110245
High-income countries,,1978,83.70066
High-income countries,,1979,83.30023
High-income countries,,1980,82.91352
High-income countries,,1981,82.54158
High-income countries,,1982,82.154594
High-income countries,,1983,81.76882
High-income countries,,1984,81.38111
High-income countries,,1985,80.9771
High-income countries,,1986,80.56682
High-income countries,,1987,80.142
High-income countries,,1988,79.71216
High-income countries,,1989,79.301735
High-income countries,,1990,78.927444
High-income countries,,1991,78.56858
High-income countries,,1992,78.195335
High-income countries,,1993,77.824
High-income countries,,1994,77.44909
High-income countries,,1995,77.06035
High-income countries,,1996,76.66986
High-income countries,,1997,76.27921
High-income countries,,1998,75.91006
High-income countries,,1999,75.53488
High-income countries,,2000,75.170525
High-income countries,,2001,74.81154
High-income countries,,2002,74.43921
High-income countries,,2003,74.01855
High-income countries,,2004,73.57444
High-income countries,,2005,73.09675
High-income countries,,2006,72.58812
High-income countries,,2007,72.061646
High-income countries,,2008,71.51003
High-income countries,,2009,70.94142
High-income countries,,2010,70.351135
High-income countries,,2011,69.722855
High-income countries,,2012,69.095856
High-income countries,,2013,68.481514
High-income countries,,2014,67.8748
High-income countries,,2015,67.294014
High-income countries,,2016,66.73082
High-income countries,,2017,66.16841
High-income countries,,2018,65.60855
High-income countries,,2019,65.04235
High-income countries,,2020,64.50215
High-income countries,,2021,63.959805
High-income countries,,2022,63.41096
High-income countries,,2023,62.843994
High-income countries,,2024,62.282173
Honduras,HND,1870,0
Honduras,HND,1871,0
Honduras,HND,1872,0
Honduras,HND,1873,2.1939233e-8
Honduras,HND,1874,5.593312e-8
Honduras,HND,1875,7.34124e-8
Honduras,HND,1876,8.931746e-8
Honduras,HND,1877,1.3432278e-7
Honduras,HND,1878,3.9793755e-7
Honduras,HND,1879,8.292291e-7
Honduras,HND,1880,0.0000010370932
Honduras,HND,1881,0.0000010309119
Honduras,HND,1882,0.0000010227707
Honduras,HND,1883,0.0000012354667
Honduras,HND,1884,0.0000018278545
Honduras,HND,1885,0.000002152174
Honduras,HND,1886,0.0000034078114
Honduras,HND,1887,0.000003914337
Honduras,HND,1888,0.00000413005
Honduras,HND,1889,0.000004711826
Honduras,HND,1890,0.0000051045513
Honduras,HND,1891,0.000004945515
Honduras,HND,1892,0.000004835747
Honduras,HND,1893,0.000004683742
Honduras,HND,1894,0.0000045544275
Honduras,HND,1895,0.0000054934417
Honduras,HND,1896,0.000006323694
Honduras,HND,1897,0.0000067777073
Honduras,HND,1898,0.000009603209
Honduras,HND,1899,0.000015221722
Honduras,HND,1900,0.000021361182
Honduras,HND,1901,0.000026504957
Honduras,HND,1902,0.000032960248
Honduras,HND,1903,0.00003802818
Honduras,HND,1904,0.000045797628
Honduras,HND,1905,0.000053543237
Honduras,HND,1906,0.00005622262
Honduras,HND,1907,0.000060982427
Honduras,HND,1908,0.000069517046
Honduras,HND,1909,0.00007845491
Honduras,HND,1910,0.00008925233
Honduras,HND,1911,0.0001019971
Honduras,HND,1912,0.00011743184
Honduras,HND,1913,0.00014621418
Honduras,HND,1914,0.00019153529
Honduras,HND,1915,0.00023537563
Honduras,HND,1916,0.00027215987
Honduras,HND,1917,0.0002949135
Honduras,HND,1918,0.00030342946
Honduras,HND,1919,0.0003187678
Honduras,HND,1920,0.00034403277
Honduras,HND,1921,0.00036857705
Honduras,HND,1922,0.00037168636
Honduras,HND,1923,0.00036334642
Honduras,HND,1924,0.0003563497
Honduras,HND,1925,0.00034945813
Honduras,HND,1926,0.00034192856
Honduras,HND,1927,0.00033334765
Honduras,HND,1928,0.00032622248
Honduras,HND,1929,0.00031857542
Honduras,HND,1930,0.00031447373
Honduras,HND,1931,0.00030678124
Honduras,HND,1932,0.0003001582
Honduras,HND,1933,0.00029348463
Honduras,HND,1934,0.0002865574
Honduras,HND,1935,0.00027963295
Honduras,HND,1936,0.0002724116
Honduras,HND,1937,0.00026509582
Honduras,HND,1938,0.00025856443
Honduras,HND,1939,0.00025200253
Honduras,HND,1940,0.00024520265
Honduras,HND,1941,0.00023861327
Honduras,HND,1942,0.00023279047
Honduras,HND,1943,0.00022695988
Honduras,HND,1944,0.00022151886
Honduras,HND,1945,0.00021745499
Honduras,HND,1946,0.00021305107
Honduras,HND,1947,0.00020829623
Honduras,HND,1948,0.00020350328
Honduras,HND,1949,0.00019915588
Honduras,HND,1950,0.00032395823
Honduras,HND,1951,0.00046136693
Honduras,HND,1952,0.0005958905
Honduras,HND,1953,0.00071275694
Honduras,HND,1954,0.00084018643
Honduras,HND,1955,0.0009807879
Honduras,HND,1956,0.0011184575
Honduras,HND,1957,0.0012901396
Honduras,HND,1958,0.0014547565
Honduras,HND,1959,0.0016077249
Honduras,HND,1960,0.0017583387
Honduras,HND,1961,0.0019379226
Honduras,HND,1962,0.0020938315
Honduras,HND,1963,0.0022405372
Honduras,HND,1964,0.00237792
Honduras,HND,1965,0.0025117616
Honduras,HND,1966,0.0026483058
Honduras,HND,1967,0.0027918166
Honduras,HND,1968,0.003009203
Honduras,HND,1969,0.003194603
Honduras,HND,1970,0.0034088902
Honduras,HND,1971,0.0035903107
Honduras,HND,1972,0.0037981558
Honduras,HND,1973,0.003978902
Honduras,HND,1974,0.0041573644
Honduras,HND,1975,0.0043451036
Honduras,HND,1976,0.0045340597
Honduras,HND,1977,0.004747234
Honduras,HND,1978,0.004948824
Honduras,HND,1979,0.005112989
Honduras,HND,1980,0.0052864985
Honduras,HND,1981,0.005416799
Honduras,HND,1982,0.005531599
Honduras,HND,1983,0.0056728357
Honduras,HND,1984,0.00579863
Honduras,HND,1985,0.005901332
Honduras,HND,1986,0.005987388
Honduras,HND,1987,0.0061063333
Honduras,HND,1988,0.0062541417
Honduras,HND,1989,0.0064188424
Honduras,HND,1990,0.0065483837
Honduras,HND,1991,0.006669711
Honduras,HND,1992,0.0068222955
Honduras,HND,1993,0.006980903
Honduras,HND,1994,0.0071619973
Honduras,HND,1995,0.007395385
Honduras,HND,1996,0.007615546
Honduras,HND,1997,0.007837417
Honduras,HND,1998,0.00812953
Honduras,HND,1999,0.008392852
Honduras,HND,2000,0.008669357
Honduras,HND,2001,0.008990315
Honduras,HND,2002,0.009316936
Honduras,HND,2003,0.009682329
Honduras,HND,2004,0.010065849
Honduras,HND,2005,0.010391717
Honduras,HND,2006,0.010764035
Honduras,HND,2007,0.01115158
Honduras,HND,2008,0.011539819
Honduras,HND,2009,0.011875538
Honduras,HND,2010,0.012184743
Honduras,HND,2011,0.012522923
Honduras,HND,2012,0.012858088
Honduras,HND,2013,0.013189329
Honduras,HND,2014,0.013514876
Honduras,HND,2015,0.013917665
Honduras,HND,2016,0.014240434
Honduras,HND,2017,0.014559805
Honduras,HND,2018,0.014838303
Honduras,HND,2019,0.015166621
Honduras,HND,2020,0.01544014
Honduras,HND,2021,0.015749522
Honduras,HND,2022,0.016078535
Honduras,HND,2023,0.016425364
Honduras,HND,2024,0.016777687
Hong Kong,HKG,1938,0.000031755008
Hong Kong,HKG,1939,0.000061898245
Hong Kong,HKG,1941,0.00008791425
Hong Kong,HKG,1947,0.00008439686
Hong Kong,HKG,1948,0.00009383814
Hong Kong,HKG,1949,0.00010454387
Hong Kong,HKG,1950,0.0006705763
Hong Kong,HKG,1951,0.0013060311
Hong Kong,HKG,1952,0.0018986935
Hong Kong,HKG,1953,0.0025362903
Hong Kong,HKG,1954,0.003166238
Hong Kong,HKG,1955,0.0037849536
Hong Kong,HKG,1956,0.004450635
Hong Kong,HKG,1957,0.005159999
Hong Kong,HKG,1958,0.0058283703
Hong Kong,HKG,1959,0.0065599047
Hong Kong,HKG,1960,0.0073176366
Hong Kong,HKG,1961,0.008161276
Hong Kong,HKG,1962,0.009042328
Hong Kong,HKG,1963,0.010024295
Hong Kong,HKG,1964,0.010923474
Hong Kong,HKG,1965,0.011914421
Hong Kong,HKG,1966,0.012922483
Hong Kong,HKG,1967,0.014086543
Hong Kong,HKG,1968,0.015189929
Hong Kong,HKG,1969,0.01656824
Hong Kong,HKG,1970,0.017960064
Hong Kong,HKG,1971,0.019403195
Hong Kong,HKG,1972,0.020742964
Hong Kong,HKG,1973,0.021953702
Hong Kong,HKG,1974,0.023365008
Hong Kong,HKG,1975,0.024749426
Hong Kong,HKG,1976,0.026282737
Hong Kong,HKG,1977,0.028004777
Hong Kong,HKG,1978,0.029847408
Hong Kong,HKG,1979,0.031564713
Hong Kong,HKG,1980,0.033302825
Hong Kong,HKG,1981,0.035286725
Hong Kong,HKG,1982,0.0373195
Hong Kong,HKG,1983,0.039422095
Hong Kong,HKG,1984,0.041567013
Hong Kong,HKG,1985,0.04364342
Hong Kong,HKG,1986,0.045952596
Hong Kong,HKG,1987,0.048436496
Hong Kong,HKG,1988,0.050885864
Hong Kong,HKG,1989,0.05328839
Hong Kong,HKG,1990,0.055151142
Hong Kong,HKG,1991,0.057037808
Hong Kong,HKG,1992,0.059392005
Hong Kong,HKG,1993,0.06182086
Hong Kong,HKG,1994,0.06369904
Hong Kong,HKG,1995,0.06546582
Hong Kong,HKG,1996,0.06684423
Hong Kong,HKG,1997,0.06830716
Hong Kong,HKG,1998,0.07055138
Hong Kong,HKG,1999,0.07300534
Hong Kong,HKG,2000,0.075027764
Hong Kong,HKG,2001,0.07670951
Hong Kong,HKG,2002,0.07842789
Hong Kong,HKG,2003,0.080298744
Hong Kong,HKG,2004,0.08187513
Hong Kong,HKG,2005,0.083489485
Hong Kong,HKG,2006,0.08483837
Hong Kong,HKG,2007,0.08619145
Hong Kong,HKG,2008,0.08737915
Hong Kong,HKG,2009,0.08845245
Hong Kong,HKG,2010,0.089241706
Hong Kong,HKG,2011,0.09014097
Hong Kong,HKG,2012,0.09093654
Hong Kong,HKG,2013,0.09178198
Hong Kong,HKG,2014,0.092654996
Hong Kong,HKG,2015,0.093287565
Hong Kong,HKG,2016,0.0939539
Hong Kong,HKG,2017,0.094497085
Hong Kong,HKG,2018,0.09498204
Hong Kong,HKG,2019,0.09538323
Hong Kong,HKG,2020,0.09538192
Hong Kong,HKG,2021,0.09529389
Hong Kong,HKG,2022,0.09501191
Hong Kong,HKG,2023,0.09483313
Hong Kong,HKG,2024,0.09465573
Hungary,HUN,1830,0.0051101893
Hungary,HUN,1831,0.007944674
Hungary,HUN,1832,0.011353917
Hungary,HUN,1833,0.013640175
Hungary,HUN,1834,0.015886556
Hungary,HUN,1835,0.017234562
Hungary,HUN,1836,0.019616652
Hungary,HUN,1837,0.021316092
Hungary,HUN,1838,0.022650793
Hungary,HUN,1839,0.026357636
Hungary,HUN,1840,0.029610606
Hungary,HUN,1841,0.032818347
Hungary,HUN,1842,0.034027945
Hungary,HUN,1843,0.035223156
Hungary,HUN,1844,0.03889157
Hungary,HUN,1845,0.0396025
Hungary,HUN,1846,0.039598398
Hungary,HUN,1847,0.041905943
Hungary,HUN,1851,0.041074652
Hungary,HUN,1852,0.046081137
Hungary,HUN,1853,0.050610892
Hungary,HUN,1854,0.05604488
Hungary,HUN,1855,0.061265495
Hungary,HUN,1856,0.06620894
Hungary,HUN,1857,0.07177107
Hungary,HUN,1858,0.07437874
Hungary,HUN,1859,0.082093686
Hungary,HUN,1860,0.09065027
Hungary,HUN,1861,0.09896564
Hungary,HUN,1862,0.1089179
Hungary,HUN,1863,0.118309006
Hungary,HUN,1864,0.12646645
Hungary,HUN,1865,0.13405214
Hungary,HUN,1866,0.1425194
Hungary,HUN,1867,0.15231536
Hungary,HUN,1868,0.16211945
Hungary,HUN,1869,0.1719999
Hungary,HUN,1870,0.18216115
Hungary,HUN,1871,0.19503498
Hungary,HUN,1872,0.20707034
Hungary,HUN,1873,0.21824622
Hungary,HUN,1874,0.2265344
Hungary,HUN,1875,0.23381962
Hungary,HUN,1876,0.24114327
Hungary,HUN,1877,0.24840589
Hungary,HUN,1878,0.2549217
Hungary,HUN,1879,0.2601438
Hungary,HUN,1880,0.2659153
Hungary,HUN,1881,0.2719815
Hungary,HUN,1882,0.2770066
Hungary,HUN,1883,0.2831091
Hungary,HUN,1884,0.2896402
Hungary,HUN,1885,0.29571646
Hungary,HUN,1886,0.2999524
Hungary,HUN,1887,0.30319694
Hungary,HUN,1888,0.30612645
Hungary,HUN,1889,0.3099453
Hungary,HUN,1890,0.3140371
Hungary,HUN,1891,0.3180059
Hungary,HUN,1892,0.3222451
Hungary,HUN,1893,0.32702592
Hungary,HUN,1894,0.33222663
Hungary,HUN,1895,0.3374253
Hungary,HUN,1896,0.34311897
Hungary,HUN,1897,0.34794706
Hungary,HUN,1898,0.35423157
Hungary,HUN,1899,0.3581
Hungary,HUN,1900,0.3637666
Hungary,HUN,1901,0.3685394
Hungary,HUN,1902,0.37096614
Hungary,HUN,1903,0.37246948
Hungary,HUN,1904,0.37385842
Hungary,HUN,1905,0.37440443
Hungary,HUN,1906,0.37546048
Hungary,HUN,1907,0.3743208
Hungary,HUN,1908,0.37482837
Hungary,HUN,1909,0.37624827
Hungary,HUN,1910,0.37653315
Hungary,HUN,1911,0.37698746
Hungary,HUN,1912,0.3770354
Hungary,HUN,1913,0.37670612
Hungary,HUN,1914,0.37616318
Hungary,HUN,1915,0.3760747
Hungary,HUN,1916,0.3750165
Hungary,HUN,1917,0.37328544
Hungary,HUN,1918,0.37077594
Hungary,HUN,1919,0.3642646
Hungary,HUN,1920,0.35719264
Hungary,HUN,1921,0.35542324
Hungary,HUN,1922,0.35488424
Hungary,HUN,1923,0.3537582
Hungary,HUN,1924,0.35215527
Hungary,HUN,1925,0.34964585
Hungary,HUN,1926,0.34877676
Hungary,HUN,1927,0.34807205
Hungary,HUN,1928,0.34795105
Hungary,HUN,1929,0.34809065
Hungary,HUN,1930,0.34719592
Hungary,HUN,1931,0.34643587
Hungary,HUN,1932,0.34586143
Hungary,HUN,1933,0.34478727
Hungary,HUN,1934,0.34347504
Hungary,HUN,1935,0.34215462
Hungary,HUN,1936,0.34062165
Hungary,HUN,1937,0.33960897
Hungary,HUN,1938,0.33984637
Hungary,HUN,1939,0.33942166
Hungary,HUN,1940,0.3390047
Hungary,HUN,1941,0.3394911
Hungary,HUN,1942,0.34049743
Hungary,HUN,1943,0.34147984
Hungary,HUN,1944,0.3405995
Hungary,HUN,1945,0.33748105
Hungary,HUN,1946,0.3352179
Hungary,HUN,1947,0.3336032
Hungary,HUN,1948,0.3327906
Hungary,HUN,1949,0.33415875
Hungary,HUN,1950,0.33354342
Hungary,HUN,1951,0.33392105
Hungary,HUN,1952,0.3362138
Hungary,HUN,1953,0.33995482
Hungary,HUN,1954,0.34418714
Hungary,HUN,1955,0.34797895
Hungary,HUN,1956,0.35001904
Hungary,HUN,1957,0.3534952
Hungary,HUN,1958,0.35676646
Hungary,HUN,1959,0.3602197
Hungary,HUN,1960,0.36396295
Hungary,HUN,1961,0.36859044
Hungary,HUN,1962,0.37305307
Hungary,HUN,1963,0.37836954
Hungary,HUN,1964,0.38451567
Hungary,HUN,1965,0.3894561
Hungary,HUN,1966,0.39362735
Hungary,HUN,1967,0.39639813
Hungary,HUN,1968,0.39891055
Hungary,HUN,1969,0.40073246
Hungary,HUN,1970,0.4031417
Hungary,HUN,1971,0.40467054
Hungary,HUN,1972,0.4054857
Hungary,HUN,1973,0.4062784
Hungary,HUN,1974,0.4072895
Hungary,HUN,1975,0.40849087
Hungary,HUN,1976,0.409812
Hungary,HUN,1977,0.41125178
Hungary,HUN,1978,0.41299045
Hungary,HUN,1979,0.41393182
Hungary,HUN,1980,0.4149862
Hungary,HUN,1981,0.4162878
Hungary,HUN,1982,0.41764897
Hungary,HUN,1983,0.41916665
Hungary,HUN,1984,0.42050868
Hungary,HUN,1985,0.42068404
Hungary,HUN,1986,0.42029724
Hungary,HUN,1987,0.41967663
Hungary,HUN,1988,0.41784537
Hungary,HUN,1989,0.4156967
Hungary,HUN,1990,0.41308615
Hungary,HUN,1991,0.40995064
Hungary,HUN,1992,0.406428
Hungary,HUN,1993,0.40306213
Hungary,HUN,1994,0.39964306
Hungary,HUN,1995,0.39611638
Hungary,HUN,1996,0.3926386
Hungary,HUN,1997,0.38913065
Hungary,HUN,1998,0.38578516
Hungary,HUN,1999,0.38242713
Hungary,HUN,2000,0.37866578
Hungary,HUN,2001,0.37516788
Hungary,HUN,2002,0.37155008
Hungary,HUN,2003,0.36789364
Hungary,HUN,2004,0.36396924
Hungary,HUN,2005,0.35994697
Hungary,HUN,2006,0.35577852
Hungary,HUN,2007,0.35147253
Hungary,HUN,2008,0.34713045
Hungary,HUN,2009,0.34270394
Hungary,HUN,2010,0.3380703
Hungary,HUN,2011,0.33324605
Hungary,HUN,2012,0.32830358
Hungary,HUN,2013,0.32330468
Hungary,HUN,2014,0.3185132
Hungary,HUN,2015,0.31415147
Hungary,HUN,2016,0.31002107
Hungary,HUN,2017,0.30611274
Hungary,HUN,2018,0.3022327
Hungary,HUN,2019,0.29844838
Hungary,HUN,2020,0.29504305
Hungary,HUN,2021,0.2915589
Hungary,HUN,2022,0.28793967
Hungary,HUN,2023,0.28410962
Hungary,HUN,2024,0.28034323
Iceland,ISL,1936,0.000013491732
Iceland,ISL,1937,0.000024070574
Iceland,ISL,1940,0.00025704244
Iceland,ISL,1941,0.00047173264
Iceland,ISL,1942,0.0006884885
Iceland,ISL,1943,0.0009113951
Iceland,ISL,1944,0.0011131273
Iceland,ISL,1945,0.0013002601
Iceland,ISL,1946,0.00151438
Iceland,ISL,1947,0.001756589
Iceland,ISL,1948,0.0020401834
Iceland,ISL,1949,0.0023219439
Iceland,ISL,1950,0.002581734
Iceland,ISL,1951,0.0027832293
Iceland,ISL,1952,0.003027063
Iceland,ISL,1953,0.0033113495
Iceland,ISL,1954,0.0035265482
Iceland,ISL,1955,0.0037711854
Iceland,ISL,1956,0.004008824
Iceland,ISL,1957,0.004234379
Iceland,ISL,1958,0.004487804
Iceland,ISL,1959,0.0047689676
Iceland,ISL,1960,0.0050169695
Iceland,ISL,1961,0.0052118106
Iceland,ISL,1962,0.0054223794
Iceland,ISL,1963,0.0056435857
Iceland,ISL,1964,0.0058434177
Iceland,ISL,1965,0.0060474994
Iceland,ISL,1966,0.006256481
Iceland,ISL,1967,0.006432889
Iceland,ISL,1968,0.006625158
Iceland,ISL,1969,0.0067108483
Iceland,ISL,1970,0.006802112
Iceland,ISL,1971,0.0068967813
Iceland,ISL,1972,0.006976338
Iceland,ISL,1973,0.0070940917
Iceland,ISL,1974,0.007202475
Iceland,ISL,1975,0.00727916
Iceland,ISL,1976,0.0073553696
Iceland,ISL,1977,0.007456787
Iceland,ISL,1978,0.007545884
Iceland,ISL,1979,0.007633495
Iceland,ISL,1980,0.0076965904
Iceland,ISL,1981,0.0077440445
Iceland,ISL,1982,0.007766445
Iceland,ISL,1983,0.0077777533
Iceland,ISL,1984,0.007821436
Iceland,ISL,1985,0.007828167
Iceland,ISL,1986,0.007853238
Iceland,ISL,1987,0.007878573
Iceland,ISL,1988,0.007893561
Iceland,ISL,1989,0.007911929
Iceland,ISL,1990,0.007964393
Iceland,ISL,1991,0.0079950895
Iceland,ISL,1992,0.008047715
Iceland,ISL,1993,0.008112736
Iceland,ISL,1994,0.008166757
Iceland,ISL,1995,0.008226234
Iceland,ISL,1996,0.008282189
Iceland,ISL,1997,0.008343915
Iceland,ISL,1998,0.008405331
Iceland,ISL,1999,0.008479194
Iceland,ISL,2000,0.008552814
Iceland,ISL,2001,0.00861514
Iceland,ISL,2002,0.008681595
Iceland,ISL,2003,0.008733577
Iceland,ISL,2004,0.008786326
Iceland,ISL,2005,0.008818082
Iceland,ISL,2006,0.008855698
Iceland,ISL,2007,0.008912302
Iceland,ISL,2008,0.008987079
Iceland,ISL,2009,0.00905572
Iceland,ISL,2010,0.009101132
Iceland,ISL,2011,0.0091276765
Iceland,ISL,2012,0.009149539
Iceland,ISL,2013,0.009167595
Iceland,ISL,2014,0.009180677
Iceland,ISL,2015,0.0091998335
Iceland,ISL,2016,0.009215131
Iceland,ISL,2017,0.009233749
Iceland,ISL,2018,0.009250566
Iceland,ISL,2019,0.009257899
Iceland,ISL,2020,0.009262845
Iceland,ISL,2021,0.009267209
Iceland,ISL,2022,0.009273974
Iceland,ISL,2023,0.009272615
Iceland,ISL,2024,0.009284725
India,IND,1858,0.0058409297
India,IND,1859,0.014610401
India,IND,1860,0.022657303
India,IND,1861,0.02806101
India,IND,1862,0.03362565
India,IND,1863,0.03931802
India,IND,1864,0.043998815
India,IND,1865,0.04802911
India,IND,1866,0.05237145
India,IND,1878,0.04027289
India,IND,1879,0.047995724
India,IND,1880,0.05587993
India,IND,1881,0.062733926
India,IND,1882,0.07056405
India,IND,1883,0.07863051
India,IND,1884,0.0872196
India,IND,1885,0.09389224
India,IND,1886,0.10122077
India,IND,1887,0.10888762
India,IND,1888,0.116706386
India,IND,1889,0.12603334
India,IND,1890,0.13550746
India,IND,1891,0.14499025
India,IND,1892,0.15508984
India,IND,1893,0.1653259
India,IND,1894,0.17472646
India,IND,1895,0.18686904
India,IND,1896,0.19930549
India,IND,1897,0.21201101
India,IND,1898,0.2253501
India,IND,1899,0.23891647
India,IND,1900,0.25496724
India,IND,1901,0.27197266
India,IND,1902,0.28999105
India,IND,1903,0.30598953
India,IND,1904,0.32375807
India,IND,1905,0.3398229
India,IND,1906,0.35835347
India,IND,1907,0.37678134
India,IND,1908,0.39911607
India,IND,1909,0.41773325
India,IND,1910,0.43299496
India,IND,1911,0.44846573
India,IND,1912,0.46661186
India,IND,1913,0.48531985
India,IND,1914,0.5047001
India,IND,1915,0.5246167
India,IND,1916,0.5420324
India,IND,1917,0.5588536
India,IND,1918,0.579211
India,IND,1919,0.60453755
India,IND,1920,0.61748725
India,IND,1921,0.6345955
India,IND,1922,0.6493016
India,IND,1923,0.6615447
India,IND,1924,0.6752014
India,IND,1925,0.6874336
India,IND,1926,0.6991733
India,IND,1927,0.7098986
India,IND,1928,0.71870387
India,IND,1929,0.72664
India,IND,1930,0.7363019
India,IND,1931,0.74514174
India,IND,1932,0.75348586
India,IND,1933,0.76018333
India,IND,1934,0.76781183
India,IND,1935,0.77533454
India,IND,1936,0.78027993
India,IND,1937,0.7862399
India,IND,1938,0.7962149
India,IND,1939,0.8040038
India,IND,1940,0.8112049
India,IND,1941,0.818208
India,IND,1942,0.82488906
India,IND,1943,0.8273259
India,IND,1944,0.8298029
India,IND,1945,0.83821046
India,IND,1946,0.8446797
India,IND,1947,0.84911525
India,IND,1948,0.852261
India,IND,1949,0.85749865
India,IND,1950,0.8618496
India,IND,1951,0.8655452
India,IND,1952,0.8701495
India,IND,1953,0.8744193
India,IND,1954,0.8794296
India,IND,1955,0.88440967
India,IND,1956,0.8886203
India,IND,1957,0.89531994
India,IND,1958,0.9023636
India,IND,1959,0.9095643
India,IND,1960,0.9179755
India,IND,1961,0.92866486
India,IND,1962,0.9415055
India,IND,1963,0.9550559
India,IND,1964,0.9654112
India,IND,1965,0.9777744
India,IND,1966,0.98944175
India,IND,1967,0.99945974
India,IND,1968,1.0108178
India,IND,1969,1.0201439
India,IND,1970,1.027129
India,IND,1971,1.0345465
India,IND,1972,1.0422398
India,IND,1973,1.0487971
India,IND,1974,1.0564443
India,IND,1975,1.0672102
India,IND,1976,1.0774935
India,IND,1977,1.0887222
India,IND,1978,1.0986613
India,IND,1979,1.1092845
India,IND,1980,1.1219641
India,IND,1981,1.1385612
India,IND,1982,1.1560769
India,IND,1983,1.1763602
India,IND,1984,1.1959139
India,IND,1985,1.2183394
India,IND,1986,1.2429959
India,IND,1987,1.2690692
India,IND,1988,1.2970865
India,IND,1989,1.3293046
India,IND,1990,1.3634776
India,IND,1991,1.3994873
India,IND,1992,1.4393847
India,IND,1993,1.4793365
India,IND,1994,1.5209786
India,IND,1995,1.5646632
India,IND,1996,1.6116285
India,IND,1997,1.6595392
India,IND,1998,1.7070369
India,IND,1999,1.7597141
India,IND,2000,1.8111948
India,IND,2001,1.8612267
India,IND,2002,1.9107945
India,IND,2003,1.9587988
India,IND,2004,2.008576
India,IND,2005,2.0593626
India,IND,2006,2.1140103
India,IND,2007,2.1724403
India,IND,2008,2.234612
India,IND,2009,2.3040757
India,IND,2010,2.371944
India,IND,2011,2.4407988
India,IND,2012,2.5168722
India,IND,2013,2.5934188
India,IND,2014,2.6762826
India,IND,2015,2.760906
India,IND,2016,2.849464
India,IND,2017,2.9376066
India,IND,2018,3.0308611
India,IND,2019,3.1202924
India,IND,2020,3.1983647
India,IND,2021,3.2846313
India,IND,2022,3.374817
India,IND,2023,3.4729736
India,IND,2024,3.5731812
Indonesia,IDN,1889,0.000013049229
Indonesia,IDN,1890,0.000062343584
Indonesia,IDN,1891,0.00013104801
Indonesia,IDN,1892,0.00071901706
Indonesia,IDN,1893,0.0018929035
Indonesia,IDN,1894,0.003191207
Indonesia,IDN,1895,0.005173517
Indonesia,IDN,1896,0.007231579
Indonesia,IDN,1897,0.009732134
Indonesia,IDN,1898,0.012454182
Indonesia,IDN,1899,0.014523263
Indonesia,IDN,1900,0.016571907
Indonesia,IDN,1901,0.020617422
Indonesia,IDN,1902,0.022874516
Indonesia,IDN,1903,0.027698077
Indonesia,IDN,1904,0.032781273
Indonesia,IDN,1905,0.038711444
Indonesia,IDN,1906,0.04460912
Indonesia,IDN,1907,0.051094357
Indonesia,IDN,1908,0.0574043
Indonesia,IDN,1909,0.06381539
Indonesia,IDN,1910,0.06973119
Indonesia,IDN,1911,0.07594514
Indonesia,IDN,1912,0.08033466
Indonesia,IDN,1913,0.08415546
Indonesia,IDN,1914,0.08813877
Indonesia,IDN,1915,0.091897786
Indonesia,IDN,1916,0.09593992
Indonesia,IDN,1917,0.09992071
Indonesia,IDN,1918,0.103656285
Indonesia,IDN,1919,0.108133905
Indonesia,IDN,1920,0.11240395
Indonesia,IDN,1921,0.11732526
Indonesia,IDN,1922,0.12138554
Indonesia,IDN,1923,0.1258632
Indonesia,IDN,1924,0.13089234
Indonesia,IDN,1925,0.13599372
Indonesia,IDN,1926,0.14087562
Indonesia,IDN,1927,0.14648664
Indonesia,IDN,1928,0.15324178
Indonesia,IDN,1929,0.1619653
Indonesia,IDN,1930,0.17023607
Indonesia,IDN,1931,0.17774802
Indonesia,IDN,1932,0.18512678
Indonesia,IDN,1933,0.19282061
Indonesia,IDN,1934,0.20068738
Indonesia,IDN,1935,0.2084382
Indonesia,IDN,1936,0.21641415
Indonesia,IDN,1937,0.22573824
Indonesia,IDN,1938,0.23574851
Indonesia,IDN,1939,0.24634407
Indonesia,IDN,1940,0.25556934
Indonesia,IDN,1941,0.26293945
Indonesia,IDN,1942,0.26103157
Indonesia,IDN,1943,0.26397884
Indonesia,IDN,1944,0.26156574
Indonesia,IDN,1945,0.25795928
Indonesia,IDN,1946,0.252942
Indonesia,IDN,1947,0.24875775
Indonesia,IDN,1948,0.24963787
Indonesia,IDN,1949,0.25358203
Indonesia,IDN,1950,0.25133613
Indonesia,IDN,1951,0.24854563
Indonesia,IDN,1952,0.24717508
Indonesia,IDN,1953,0.24583858
Indonesia,IDN,1954,0.24508533
Indonesia,IDN,1955,0.24606396
Indonesia,IDN,1956,0.2469075
Indonesia,IDN,1957,0.24768834
Indonesia,IDN,1958,0.24815606
Indonesia,IDN,1959,0.24878737
Indonesia,IDN,1960,0.24814913
Indonesia,IDN,1961,0.24897929
Indonesia,IDN,1962,0.24858433
Indonesia,IDN,1963,0.24776779
Indonesia,IDN,1964,0.24649277
Indonesia,IDN,1965,0.24560057
Indonesia,IDN,1966,0.24405152
Indonesia,IDN,1967,0.24266489
Indonesia,IDN,1968,0.24171923
Indonesia,IDN,1969,0.24174291
Indonesia,IDN,1970,0.24168976
Indonesia,IDN,1971,0.24202614
Indonesia,IDN,1972,0.24290906
Indonesia,IDN,1973,0.24451417
Indonesia,IDN,1974,0.24648051
Indonesia,IDN,1975,0.24885206
Indonesia,IDN,1976,0.25214565
Indonesia,IDN,1977,0.25877783
Indonesia,IDN,1978,0.26670745
Indonesia,IDN,1979,0.2740968
Indonesia,IDN,1980,0.28100905
Indonesia,IDN,1981,0.28860706
Indonesia,IDN,1982,0.2966514
Indonesia,IDN,1983,0.3040975
Indonesia,IDN,1984,0.31194523
Indonesia,IDN,1985,0.32034758
Indonesia,IDN,1986,0.3282232
Indonesia,IDN,1987,0.33559072
Indonesia,IDN,1988,0.34334394
Indonesia,IDN,1989,0.35040233
Indonesia,IDN,1990,0.35973668
Indonesia,IDN,1991,0.3707298
Indonesia,IDN,1992,0.38430926
Indonesia,IDN,1993,0.39887503
Indonesia,IDN,1994,0.41307136
Indonesia,IDN,1995,0.4266372
Indonesia,IDN,1996,0.4424322
Indonesia,IDN,1997,0.4601343
Indonesia,IDN,1998,0.47345358
Indonesia,IDN,1999,0.49053285
Indonesia,IDN,2000,0.50544816
Indonesia,IDN,2001,0.5228985
Indonesia,IDN,2002,0.53846985
Indonesia,IDN,2003,0.5553707
Indonesia,IDN,2004,0.5713058
Indonesia,IDN,2005,0.58637255
Indonesia,IDN,2006,0.6001293
Indonesia,IDN,2007,0.6160734
Indonesia,IDN,2008,0.6292213
Indonesia,IDN,2009,0.6445284
Indonesia,IDN,2010,0.6617124
Indonesia,IDN,2011,0.6814931
Indonesia,IDN,2012,0.7011564
Indonesia,IDN,2013,0.7181659
Indonesia,IDN,2014,0.73458153
Indonesia,IDN,2015,0.7537614
Indonesia,IDN,2016,0.7718668
Indonesia,IDN,2017,0.79032123
Indonesia,IDN,2018,0.8098233
Indonesia,IDN,2019,0.83175594
Indonesia,IDN,2020,0.8512415
Indonesia,IDN,2021,0.8696357
Indonesia,IDN,2022,0.89399016
Indonesia,IDN,2023,0.9172873
Indonesia,IDN,2024,0.94206446
International aviation,,1950,0.0015415652
International aviation,,1951,0.0031575833
International aviation,,1952,0.004785024
International aviation,,1953,0.006606524
International aviation,,1954,0.0086723585
International aviation,,1955,0.010915674
International aviation,,1956,0.013412266
International aviation,,1957,0.016021818
International aviation,,1958,0.018867314
International aviation,,1959,0.022000128
International aviation,,1960,0.026056185
International aviation,,1961,0.030975785
International aviation,,1962,0.036549967
International aviation,,1963,0.042266633
International aviation,,1964,0.048618622
International aviation,,1965,0.055703394
International aviation,,1966,0.0638632
International aviation,,1967,0.07382652
International aviation,,1968,0.0848288
International aviation,,1969,0.094576
International aviation,,1970,0.108791955
International aviation,,1971,0.123548195
International aviation,,1972,0.13797334
International aviation,,1973,0.15207021
International aviation,,1974,0.16406716
International aviation,,1975,0.17491338
International aviation,,1976,0.18503204
International aviation,,1977,0.19631957
International aviation,,1978,0.20718198
International aviation,,1979,0.21783015
International aviation,,1980,0.22821426
International aviation,,1981,0.23827659
International aviation,,1982,0.24778831
International aviation,,1983,0.25706598
International aviation,,1984,0.26674446
International aviation,,1985,0.27585554
International aviation,,1986,0.28526148
International aviation,,1987,0.30637506
International aviation,,1988,0.32717338
International aviation,,1989,0.3486921
International aviation,,1990,0.362288
International aviation,,1991,0.3759321
International aviation,,1992,0.3916557
International aviation,,1993,0.40729058
International aviation,,1994,0.42358974
International aviation,,1995,0.44030648
International aviation,,1996,0.45742258
International aviation,,1997,0.47550818
International aviation,,1998,0.49473846
International aviation,,1999,0.51358986
International aviation,,2000,0.5317009
International aviation,,2001,0.54907525
International aviation,,2002,0.56705976
International aviation,,2003,0.5847052
International aviation,,2004,0.6036974
International aviation,,2005,0.6230627
International aviation,,2006,0.6420841
International aviation,,2007,0.66087836
International aviation,,2008,0.67892236
International aviation,,2009,0.6950579
International aviation,,2010,0.71124506
International aviation,,2011,0.727305
International aviation,,2012,0.7433663
International aviation,,2013,0.75944036
International aviation,,2014,0.7746061
International aviation,,2015,0.7904596
International aviation,,2016,0.8070142
International aviation,,2017,0.8237238
International aviation,,2018,0.8416084
International aviation,,2019,0.8587713
International aviation,,2020,0.85623485
International aviation,,2021,0.8542614
International aviation,,2022,0.8591413
International aviation,,2023,0.86876476
International aviation,,2024,0.8814036
International shipping,,1950,0.05482704
International shipping,,1951,0.11694761
International shipping,,1952,0.1767566
International shipping,,1953,0.23524122
International shipping,,1954,0.29036817
International shipping,,1955,0.35062844
International shipping,,1956,0.41152912
International shipping,,1957,0.47621047
International shipping,,1958,0.53092074
International shipping,,1959,0.5830033
International shipping,,1960,0.63726866
International shipping,,1961,0.6949848
International shipping,,1962,0.75055563
International shipping,,1963,0.8049969
International shipping,,1964,0.8616461
International shipping,,1965,0.9153853
International shipping,,1966,0.969931
International shipping,,1967,1.0240693
International shipping,,1968,1.0766449
International shipping,,1969,1.1283824
International shipping,,1970,1.173428
International shipping,,1971,1.2176427
International shipping,,1972,1.2626877
International shipping,,1973,1.3085743
International shipping,,1974,1.3450267
International shipping,,1975,1.3712887
International shipping,,1976,1.3915654
International shipping,,1977,1.4090451
International shipping,,1978,1.4244046
International shipping,,1979,1.4371731
International shipping,,1980,1.4472148
International shipping,,1981,1.4522543
International shipping,,1982,1.4512954
International shipping,,1983,1.4474192
International shipping,,1984,1.4416469
International shipping,,1985,1.4356431
International shipping,,1986,1.4321307
International shipping,,1987,1.4331225
International shipping,,1988,1.4337151
International shipping,,1989,1.4342566
International shipping,,1990,1.438325
International shipping,,1991,1.4397149
International shipping,,1992,1.4409852
International shipping,,1993,1.4413984
International shipping,,1994,1.4429169
International shipping,,1995,1.4455394
International shipping,,1996,1.4507746
International shipping,,1997,1.4572142
International shipping,,1998,1.4657925
International shipping,,1999,1.4750315
International shipping,,2000,1.4833424
International shipping,,2001,1.4902235
International shipping,,2002,1.4960451
International shipping,,2003,1.5014017
International shipping,,2004,1.5089911
International shipping,,2005,1.5161564
International shipping,,2006,1.5248282
International shipping,,2007,1.5354013
International shipping,,2008,1.5450945
International shipping,,2009,1.5528891
International shipping,,2010,1.5607735
International shipping,,2011,1.5681533
International shipping,,2012,1.5727588
International shipping,,2013,1.5769473
International shipping,,2014,1.5811591
International shipping,,2015,1.5862979
International shipping,,2016,1.5908545
International shipping,,2017,1.5954462
International shipping,,2018,1.5989493
International shipping,,2019,1.6018994
International shipping,,2020,1.6029295
International shipping,,2021,1.603316
International shipping,,2022,1.6008844
International shipping,,2023,1.5993046
International shipping,,2024,1.5996352
Iran,IRN,1906,0.000006236367
Iran,IRN,1911,0.0001894259
Iran,IRN,1912,0.0005107717
Iran,IRN,1913,0.0015517521
Iran,IRN,1914,0.002896838
Iran,IRN,1915,0.0044115204
Iran,IRN,1916,0.0064752046
Iran,IRN,1917,0.009220356
Iran,IRN,1918,0.012438575
Iran,IRN,1919,0.01637502
Iran,IRN,1920,0.021059355
Iran,IRN,1921,0.027238378
Iran,IRN,1922,0.034813263
Iran,IRN,1923,0.043857835
Iran,IRN,1924,0.053966846
Iran,IRN,1925,0.06401741
Iran,IRN,1926,0.0741899
Iran,IRN,1927,0.08483579
Iran,IRN,1928,0.09558682
Iran,IRN,1929,0.1050072
Iran,IRN,1930,0.11517931
Iran,IRN,1931,0.12474999
Iran,IRN,1932,0.13564178
Iran,IRN,1933,0.14722922
Iran,IRN,1934,0.15892099
Iran,IRN,1935,0.16978422
Iran,IRN,1936,0.18108153
Iran,IRN,1937,0.19514453
Iran,IRN,1938,0.20884752
Iran,IRN,1939,0.2206088
Iran,IRN,1940,0.22964177
Iran,IRN,1941,0.23466386
Iran,IRN,1942,0.24400355
Iran,IRN,1943,0.25321966
Iran,IRN,1944,0.26742482
Iran,IRN,1945,0.2875803
Iran,IRN,1946,0.3099361
Iran,IRN,1947,0.3319784
Iran,IRN,1948,0.35909685
Iran,IRN,1949,0.35442442
Iran,IRN,1950,0.34950054
Iran,IRN,1951,0.3430414
Iran,IRN,1952,0.33564806
Iran,IRN,1953,0.32829085
Iran,IRN,1954,0.32006168
Iran,IRN,1955,0.3170452
Iran,IRN,1956,0.31619626
Iran,IRN,1957,0.3147466
Iran,IRN,1958,0.31431055
Iran,IRN,1959,0.31355342
Iran,IRN,1960,0.31612334
Iran,IRN,1961,0.3182459
Iran,IRN,1962,0.32020226
Iran,IRN,1963,0.3226978
Iran,IRN,1964,0.3263085
Iran,IRN,1965,0.33097872
Iran,IRN,1966,0.33765945
Iran,IRN,1967,0.3445751
Iran,IRN,1968,0.35411277
Iran,IRN,1969,0.36246538
Iran,IRN,1970,0.37134245
Iran,IRN,1971,0.38132942
Iran,IRN,1972,0.39098185
Iran,IRN,1973,0.40419897
Iran,IRN,1974,0.41947407
Iran,IRN,1975,0.43283936
Iran,IRN,1976,0.44788352
Iran,IRN,1977,0.46286297
Iran,IRN,1978,0.47603217
Iran,IRN,1979,0.4880818
Iran,IRN,1980,0.4923899
Iran,IRN,1981,0.49565816
Iran,IRN,1982,0.5027337
Iran,IRN,1983,0.51107895
Iran,IRN,1984,0.51858884
Iran,IRN,1985,0.5266062
Iran,IRN,1986,0.5322625
Iran,IRN,1987,0.53861177
Iran,IRN,1988,0.5462088
Iran,IRN,1989,0.5551148
Iran,IRN,1990,0.56563216
Iran,IRN,1991,0.57668656
Iran,IRN,1992,0.5882156
Iran,IRN,1993,0.59999937
Iran,IRN,1994,0.6141305
Iran,IRN,1995,0.6278447
Iran,IRN,1996,0.64099824
Iran,IRN,1997,0.65263826
Iran,IRN,1998,0.66742045
Iran,IRN,1999,0.6878832
Iran,IRN,2000,0.7062245
Iran,IRN,2001,0.7256886
Iran,IRN,2002,0.74450123
Iran,IRN,2003,0.7627328
Iran,IRN,2004,0.7821428
Iran,IRN,2005,0.8020298
Iran,IRN,2006,0.8230921
Iran,IRN,2007,0.8430485
Iran,IRN,2008,0.8632739
Iran,IRN,2009,0.88400775
Iran,IRN,2010,0.9038992
Iran,IRN,2011,0.923128
Iran,IRN,2012,0.9427237
Iran,IRN,2013,0.9618998
Iran,IRN,2014,0.9823467
Iran,IRN,2015,1.0017297
Iran,IRN,2016,1.0204113
Iran,IRN,2017,1.0411353
Iran,IRN,2018,1.0584853
Iran,IRN,2019,1.0786138
Iran,IRN,2020,1.1001902
Iran,IRN,2021,1.1217428
Iran,IRN,2022,1.1412761
Iran,IRN,2023,1.1608793
Iran,IRN,2024,1.1795123
Iraq,IRQ,1927,0.00010800951
Iraq,IRQ,1928,0.0003225559
Iraq,IRQ,1929,0.000582216
Iraq,IRQ,1930,0.0008280679
Iraq,IRQ,1931,0.0010610446
Iraq,IRQ,1932,0.001290859
Iraq,IRQ,1933,0.0014947254
Iraq,IRQ,1934,0.0033091784
Iraq,IRQ,1935,0.0068346704
Iraq,IRQ,1936,0.010213241
Iraq,IRQ,1937,0.01366771
Iraq,IRQ,1938,0.016777892
Iraq,IRQ,1939,0.023254056
Iraq,IRQ,1940,0.026875015
Iraq,IRQ,1941,0.028736955
Iraq,IRQ,1942,0.032155704
Iraq,IRQ,1943,0.036912397
Iraq,IRQ,1944,0.042312346
Iraq,IRQ,1945,0.04830509
Iraq,IRQ,1946,0.054077078
Iraq,IRQ,1947,0.05947956
Iraq,IRQ,1948,0.058011707
Iraq,IRQ,1949,0.05717507
Iraq,IRQ,1950,0.056423772
Iraq,IRQ,1951,0.05593197
Iraq,IRQ,1952,0.055254642
Iraq,IRQ,1953,0.054798156
Iraq,IRQ,1954,0.054537486
Iraq,IRQ,1955,0.054552134
Iraq,IRQ,1956,0.055309366
Iraq,IRQ,1957,0.05582129
Iraq,IRQ,1958,0.05649921
Iraq,IRQ,1959,0.057272185
Iraq,IRQ,1960,0.058206066
Iraq,IRQ,1961,0.05922211
Iraq,IRQ,1962,0.06021379
Iraq,IRQ,1963,0.061161425
Iraq,IRQ,1964,0.061862286
Iraq,IRQ,1965,0.06527824
Iraq,IRQ,1966,0.07063896
Iraq,IRQ,1967,0.073172055
Iraq,IRQ,1968,0.07575481
Iraq,IRQ,1969,0.07871932
Iraq,IRQ,1970,0.08157518
Iraq,IRQ,1971,0.08524407
Iraq,IRQ,1972,0.08867466
Iraq,IRQ,1973,0.091935284
Iraq,IRQ,1974,0.09504507
Iraq,IRQ,1975,0.09838357
Iraq,IRQ,1976,0.104306854
Iraq,IRQ,1977,0.10880659
Iraq,IRQ,1978,0.11262988
Iraq,IRQ,1979,0.11793463
Iraq,IRQ,1980,0.1216822
Iraq,IRQ,1981,0.123141415
Iraq,IRQ,1982,0.12430887
Iraq,IRQ,1983,0.12660831
Iraq,IRQ,1984,0.12888324
Iraq,IRQ,1985,0.13154055
Iraq,IRQ,1986,0.13442066
Iraq,IRQ,1987,0.13770509
Iraq,IRQ,1988,0.14262731
Iraq,IRQ,1989,0.14789405
Iraq,IRQ,1990,0.14988439
Iraq,IRQ,1991,0.15117595
Iraq,IRQ,1992,0.15410443
Iraq,IRQ,1993,0.15732573
Iraq,IRQ,1994,0.16182497
Iraq,IRQ,1995,0.16635673
Iraq,IRQ,1996,0.17000349
Iraq,IRQ,1997,0.17359369
Iraq,IRQ,1998,0.17749412
Iraq,IRQ,1999,0.18125275
Iraq,IRQ,2000,0.18483841
Iraq,IRQ,2001,0.1894426
Iraq,IRQ,2002,0.19375627
Iraq,IRQ,2003,0.19800948
Iraq,IRQ,2004,0.2028958
Iraq,IRQ,2005,0.20747909
Iraq,IRQ,2006,0.21039258
Iraq,IRQ,2007,0.20999824
Iraq,IRQ,2008,0.21211457
Iraq,IRQ,2009,0.2150461
Iraq,IRQ,2010,0.21820046
Iraq,IRQ,2011,0.22170845
Iraq,IRQ,2012,0.22571412
Iraq,IRQ,2013,0.23000506
Iraq,IRQ,2014,0.23377892
Iraq,IRQ,2015,0.23771676
Iraq,IRQ,2016,0.24215937
Iraq,IRQ,2017,0.24721622
Iraq,IRQ,2018,0.2530807
Iraq,IRQ,2019,0.2589692
Iraq,IRQ,2020,0.26374233
Iraq,IRQ,2021,0.26926893
Iraq,IRQ,2022,0.2758471
Iraq,IRQ,2023,0.28263125
Iraq,IRQ,2024,0.2893665
Ireland,IRL,1850,0.008296105
Ireland,IRL,1880,0.003995781
Ireland,IRL,1881,0.0056097936
Ireland,IRL,1910,0.0018683022
Ireland,IRL,1913,0.0019168702
Ireland,IRL,1914,0.0021419043
Ireland,IRL,1915,0.0023263053
Ireland,IRL,1916,0.0025070559
Ireland,IRL,1917,0.0026858447
Ireland,IRL,1918,0.002841701
Ireland,IRL,1919,0.0030042215
Ireland,IRL,1920,0.0031841716
Ireland,IRL,1921,0.0033143058
Ireland,IRL,1924,0.008704934
Ireland,IRL,1925,0.013414667
Ireland,IRL,1926,0.019503122
Ireland,IRL,1927,0.024117386
Ireland,IRL,1928,0.028271887
Ireland,IRL,1929,0.034676574
Ireland,IRL,1930,0.04047149
Ireland,IRL,1931,0.046283323
Ireland,IRL,1932,0.04962993
Ireland,IRL,1933,0.054653168
Ireland,IRL,1934,0.05948479
Ireland,IRL,1935,0.0640534
Ireland,IRL,1936,0.068625696
Ireland,IRL,1937,0.072966665
Ireland,IRL,1938,0.076974005
Ireland,IRL,1939,0.0815662
Ireland,IRL,1940,0.08573023
Ireland,IRL,1941,0.087967716
Ireland,IRL,1942,0.08934607
Ireland,IRL,1943,0.09065994
Ireland,IRL,1944,0.09149267
Ireland,IRL,1945,0.092907615
Ireland,IRL,1946,0.09476991
Ireland,IRL,1947,0.09658855
Ireland,IRL,1948,0.09802991
Ireland,IRL,1949,0.099465266
Ireland,IRL,1950,0.1011158
Ireland,IRL,1951,0.102817126
Ireland,IRL,1952,0.104030624
Ireland,IRL,1953,0.10507138
Ireland,IRL,1954,0.105829604
Ireland,IRL,1955,0.10727402
Ireland,IRL,1956,0.108158804
Ireland,IRL,1957,0.1084657
Ireland,IRL,1958,0.10840582
Ireland,IRL,1959,0.109313056
Ireland,IRL,1960,0.10960724
Ireland,IRL,1961,0.11024694
Ireland,IRL,1962,0.11096764
Ireland,IRL,1963,0.11157577
Ireland,IRL,1964,0.11218912
Ireland,IRL,1965,0.112474754
Ireland,IRL,1966,0.11294601
Ireland,IRL,1967,0.11361601
Ireland,IRL,1968,0.11440591
Ireland,IRL,1969,0.11507546
Ireland,IRL,1970,0.11560288
Ireland,IRL,1971,0.11663506
Ireland,IRL,1972,0.11731568
Ireland,IRL,1973,0.1179084
Ireland,IRL,1974,0.11857
Ireland,IRL,1975,0.11894531
Ireland,IRL,1976,0.11914352
Ireland,IRL,1977,0.119454324
Ireland,IRL,1978,0.119605124
Ireland,IRL,1979,0.12030234
Ireland,IRL,1980,0.120787695
Ireland,IRL,1981,0.12131179
Ireland,IRL,1982,0.12175618
Ireland,IRL,1983,0.1221675
Ireland,IRL,1984,0.12242968
Ireland,IRL,1985,0.12272779
Ireland,IRL,1986,0.123209916
Ireland,IRL,1987,0.12378018
Ireland,IRL,1988,0.12414134
Ireland,IRL,1989,0.124460265
Ireland,IRL,1990,0.12503675
Ireland,IRL,1991,0.12559795
Ireland,IRL,1992,0.12620898
Ireland,IRL,1993,0.1267806
Ireland,IRL,1994,0.12741625
Ireland,IRL,1995,0.12805498
Ireland,IRL,1996,0.12873523
Ireland,IRL,1997,0.12949954
Ireland,IRL,1998,0.13042878
Ireland,IRL,1999,0.13141374
Ireland,IRL,2000,0.13253532
Ireland,IRL,2001,0.13380098
Ireland,IRL,2002,0.13479783
Ireland,IRL,2003,0.13554531
Ireland,IRL,2004,0.1361857
Ireland,IRL,2005,0.13684866
Ireland,IRL,2006,0.13732073
Ireland,IRL,2007,0.13767433
Ireland,IRL,2008,0.13792777
Ireland,IRL,2009,0.13782935
Ireland,IRL,2010,0.13752156
Ireland,IRL,2011,0.13684142
Ireland,IRL,2012,0.1361607
Ireland,IRL,2013,0.13541749
Ireland,IRL,2014,0.13466345
Ireland,IRL,2015,0.13407308
Ireland,IRL,2016,0.133617
Ireland,IRL,2017,0.13304886
Ireland,IRL,2018,0.13243675
Ireland,IRL,2019,0.13172014
Ireland,IRL,2020,0.13105714
Ireland,IRL,2021,0.13043214
Ireland,IRL,2022,0.12973975
Ireland,IRL,2023,0.128864
Ireland,IRL,2024,0.12797554
Israel,ISR,1930,0.000028322396
Israel,ISR,1931,0.00005525917
Israel,ISR,1932,0.00008847208
Israel,ISR,1933,0.00012975755
Israel,ISR,1934,0.00017127246
Israel,ISR,1935,0.00022437148
Israel,ISR,1936,0.00026541535
Israel,ISR,1937,0.000306038
Israel,ISR,1938,0.0003260192
Israel,ISR,1939,0.00034869454
Israel,ISR,1940,0.00037943802
Israel,ISR,1941,0.00040050005
Israel,ISR,1942,0.00044713393
Israel,ISR,1943,0.00047819017
Israel,ISR,1944,0.000509265
Israel,ISR,1945,0.0005340016
Israel,ISR,1946,0.00058455026
Israel,ISR,1947,0.0006464848
Israel,ISR,1948,0.00066674897
Israel,ISR,1949,0.00070446945
Israel,ISR,1950,0.0014062938
Israel,ISR,1951,0.0025934593
Israel,ISR,1952,0.004019787
Israel,ISR,1953,0.0055203065
Israel,ISR,1954,0.007050277
Israel,ISR,1955,0.008665588
Israel,ISR,1956,0.0101669
Israel,ISR,1957,0.011706778
Israel,ISR,1958,0.0132754855
Israel,ISR,1959,0.014756111
Israel,ISR,1960,0.016401682
Israel,ISR,1961,0.01813748
Israel,ISR,1962,0.020019421
Israel,ISR,1963,0.021838179
Israel,ISR,1964,0.023780927
Israel,ISR,1965,0.026625428
Israel,ISR,1966,0.02942862
Israel,ISR,1967,0.03201327
Israel,ISR,1968,0.03444743
Israel,ISR,1969,0.036896832
Israel,ISR,1970,0.03949583
Israel,ISR,1971,0.041784402
Israel,ISR,1972,0.043995276
Israel,ISR,1973,0.046471495
Israel,ISR,1974,0.048805453
Israel,ISR,1975,0.051018037
Israel,ISR,1976,0.05299106
Israel,ISR,1977,0.05483407
Israel,ISR,1978,0.05671456
Israel,ISR,1979,0.058395058
Israel,ISR,1980,0.05999654
Israel,ISR,1981,0.061555833
Israel,ISR,1982,0.06348113
Israel,ISR,1983,0.06525781
Israel,ISR,1984,0.066849604
Israel,ISR,1985,0.06844489
Israel,ISR,1986,0.07016356
Israel,ISR,1987,0.07181978
Israel,ISR,1988,0.0736515
Israel,ISR,1989,0.075569436
Israel,ISR,1990,0.07787969
Israel,ISR,1991,0.08005674
Israel,ISR,1992,0.082877204
Israel,ISR,1993,0.085775904
Israel,ISR,1994,0.088866234
Israel,ISR,1995,0.092007816
Israel,ISR,1996,0.09513995
Israel,ISR,1997,0.098402664
Israel,ISR,1998,0.101629116
Israel,ISR,1999,0.10452316
Israel,ISR,2000,0.10766613
Israel,ISR,2001,0.11096778
Israel,ISR,2002,0.11371629
Israel,ISR,2003,0.11646929
Israel,ISR,2004,0.11866752
Israel,ISR,2005,0.120476544
Israel,ISR,2006,0.12256021
Israel,ISR,2007,0.12450317
Israel,ISR,2008,0.1267014
Israel,ISR,2009,0.12853009
Israel,ISR,2010,0.13042736
Israel,ISR,2011,0.13214344
Israel,ISR,2012,0.13416894
Israel,ISR,2013,0.13525866
Israel,ISR,2014,0.13608901
Israel,ISR,2015,0.13706125
Israel,ISR,2016,0.13787603
Israel,ISR,2017,0.13845807
Israel,ISR,2018,0.13901933
Israel,ISR,2019,0.13946389
Israel,ISR,2020,0.14006765
Israel,ISR,2021,0.1404891
Israel,ISR,2022,0.14102763
Israel,ISR,2023,0.14111926
Israel,ISR,2024,0.14102012
Italy,ITA,1860,0.00039671888
Italy,ITA,1861,0.009044228
Italy,ITA,1862,0.023811644
Italy,ITA,1863,0.035371624
Italy,ITA,1864,0.051807523
Italy,ITA,1865,0.06303479
Italy,ITA,1866,0.07525504
Italy,ITA,1867,0.08606176
Italy,ITA,1868,0.097892456
Italy,ITA,1869,0.10995116
Italy,ITA,1870,0.1276494
Italy,ITA,1871,0.14042756
Italy,ITA,1872,0.15649322
Italy,ITA,1873,0.16907719
Italy,ITA,1874,0.1826006
Italy,ITA,1875,0.19476818
Italy,ITA,1876,0.21239121
Italy,ITA,1877,0.22648245
Italy,ITA,1878,0.23922628
Italy,ITA,1879,0.25345132
Italy,ITA,1880,0.26891214
Italy,ITA,1881,0.28712794
Italy,ITA,1882,0.30455914
Italy,ITA,1883,0.3213142
Italy,ITA,1884,0.33957702
Italy,ITA,1885,0.3604652
Italy,ITA,1886,0.3791907
Italy,ITA,1887,0.40270704
Italy,ITA,1888,0.4252506
Italy,ITA,1889,0.4471318
Italy,ITA,1890,0.46878636
Italy,ITA,1891,0.4836744
Italy,ITA,1892,0.49678165
Italy,ITA,1893,0.507979
Italy,ITA,1894,0.52484566
Italy,ITA,1895,0.5362997
Italy,ITA,1896,0.54456294
Italy,ITA,1897,0.55241156
Italy,ITA,1898,0.55961436
Italy,ITA,1899,0.5669301
Italy,ITA,1900,0.57309425
Italy,ITA,1901,0.5771498
Italy,ITA,1902,0.58330315
Italy,ITA,1903,0.58739483
Italy,ITA,1904,0.5924815
Italy,ITA,1905,0.59850204
Italy,ITA,1906,0.6084325
Italy,ITA,1907,0.61675876
Italy,ITA,1908,0.6261504
Italy,ITA,1909,0.63728565
Italy,ITA,1910,0.6462296
Italy,ITA,1911,0.6551046
Italy,ITA,1912,0.66361654
Italy,ITA,1913,0.67180365
Italy,ITA,1914,0.6786984
Italy,ITA,1915,0.68148476
Italy,ITA,1916,0.68186224
Italy,ITA,1917,0.67317605
Italy,ITA,1918,0.6684149
Italy,ITA,1919,0.6666993
Italy,ITA,1920,0.66112727
Italy,ITA,1921,0.6623328
Italy,ITA,1922,0.6660363
Italy,ITA,1923,0.6679358
Italy,ITA,1924,0.6742004
Italy,ITA,1925,0.678943
Italy,ITA,1926,0.68764937
Italy,ITA,1927,0.6975709
Italy,ITA,1928,0.70529914
Italy,ITA,1929,0.7153452
Italy,ITA,1930,0.7233054
Italy,ITA,1931,0.72923017
Italy,ITA,1932,0.73246473
Italy,ITA,1933,0.73632824
Italy,ITA,1934,0.7445525
Italy,ITA,1935,0.75514686
Italy,ITA,1936,0.75527793
Italy,ITA,1937,0.7619737
Italy,ITA,1938,0.7694009
Italy,ITA,1939,0.77605855
Italy,ITA,1940,0.78220296
Italy,ITA,1941,0.78424084
Italy,ITA,1942,0.78571403
Italy,ITA,1943,0.7690043
Italy,ITA,1944,0.7510551
Italy,ITA,1945,0.7374985
Italy,ITA,1946,0.73187304
Italy,ITA,1947,0.7314011
Italy,ITA,1948,0.72944516
Italy,ITA,1949,0.73024637
Italy,ITA,1950,0.7294375
Italy,ITA,1951,0.7303911
Italy,ITA,1952,0.73177254
Italy,ITA,1953,0.7346875
Italy,ITA,1954,0.74052143
Italy,ITA,1955,0.7473537
Italy,ITA,1956,0.7562155
Italy,ITA,1957,0.7651522
Italy,ITA,1958,0.7731464
Italy,ITA,1959,0.78171897
Italy,ITA,1960,0.7933397
Italy,ITA,1961,0.8089781
Italy,ITA,1962,0.82955974
Italy,ITA,1963,0.8530646
Italy,ITA,1964,0.87698644
Italy,ITA,1965,0.9020867
Italy,ITA,1966,0.93086
Italy,ITA,1967,0.9621663
Italy,ITA,1968,0.9936594
Italy,ITA,1969,1.026024
Italy,ITA,1970,1.0597414
Italy,ITA,1971,1.0930104
Italy,ITA,1972,1.1260064
Italy,ITA,1973,1.1599554
Italy,ITA,1974,1.1927356
Italy,ITA,1975,1.219963
Italy,ITA,1976,1.2480625
Italy,ITA,1977,1.2710688
Italy,ITA,1978,1.2940364
Italy,ITA,1979,1.3168103
Italy,ITA,1980,1.3385246
Italy,ITA,1981,1.3582518
Italy,ITA,1982,1.3758225
Italy,ITA,1983,1.3907452
Italy,ITA,1984,1.4045988
Italy,ITA,1985,1.416912
Italy,ITA,1986,1.4271463
Italy,ITA,1987,1.4378027
Italy,ITA,1988,1.4470937
Italy,ITA,1989,1.4577374
Italy,ITA,1990,1.4709744
Italy,ITA,1991,1.4825839
Italy,ITA,1992,1.494785
Italy,ITA,1993,1.5050877
Italy,ITA,1994,1.5138483
Italy,ITA,1995,1.52389
Italy,ITA,1996,1.5316625
Italy,ITA,1997,1.5394042
Italy,ITA,1998,1.5481297
Italy,ITA,1999,1.556071
Italy,ITA,2000,1.5630184
Italy,ITA,2001,1.5693763
Italy,ITA,2002,1.5752941
Italy,ITA,2003,1.5805818
Italy,ITA,2004,1.5847847
Italy,ITA,2005,1.5875138
Italy,ITA,2006,1.5883696
Italy,ITA,2007,1.5875238
Italy,ITA,2008,1.5851232
Italy,ITA,2009,1.5793555
Italy,ITA,2010,1.5726099
Italy,ITA,2011,1.5640135
Italy,ITA,2012,1.5538648
Italy,ITA,2013,1.5415151
Italy,ITA,2014,1.5282034
Italy,ITA,2015,1.5163567
Italy,ITA,2016,1.5048603
Italy,ITA,2017,1.4929852
Italy,ITA,2018,1.4807214
Italy,ITA,2019,1.4681221
Italy,ITA,2020,1.455545
Italy,ITA,2021,1.4439774
Italy,ITA,2022,1.4325932
Italy,ITA,2023,1.4196995
Italy,ITA,2024,1.406393
Jamaica,JAM,1950,0.000116924355
Jamaica,JAM,1951,0.00033215186
Jamaica,JAM,1952,0.00055380655
Jamaica,JAM,1953,0.00078384794
Jamaica,JAM,1954,0.0010696239
Jamaica,JAM,1955,0.0014105362
Jamaica,JAM,1956,0.0018302312
Jamaica,JAM,1957,0.0023464637
Jamaica,JAM,1958,0.0027453743
Jamaica,JAM,1959,0.0032789432
Jamaica,JAM,1960,0.0036552802
Jamaica,JAM,1961,0.00421655
Jamaica,JAM,1962,0.004737371
Jamaica,JAM,1963,0.0053024795
Jamaica,JAM,1964,0.006302992
Jamaica,JAM,1965,0.0069351927
Jamaica,JAM,1966,0.0076595475
Jamaica,JAM,1967,0.008421622
Jamaica,JAM,1968,0.009124877
Jamaica,JAM,1969,0.009858004
Jamaica,JAM,1970,0.010684979
Jamaica,JAM,1971,0.011612286
Jamaica,JAM,1972,0.01257396
Jamaica,JAM,1973,0.0138687845
Jamaica,JAM,1974,0.014934431
Jamaica,JAM,1975,0.016044447
Jamaica,JAM,1976,0.01688239
Jamaica,JAM,1977,0.01767955
Jamaica,JAM,1978,0.018699372
Jamaica,JAM,1979,0.01953643
Jamaica,JAM,1980,0.02030867
Jamaica,JAM,1981,0.020883802
Jamaica,JAM,1982,0.02124347
Jamaica,JAM,1983,0.021612085
Jamaica,JAM,1984,0.02174995
Jamaica,JAM,1985,0.021844447
Jamaica,JAM,1986,0.021855934
Jamaica,JAM,1987,0.021959422
Jamaica,JAM,1988,0.021921666
Jamaica,JAM,1989,0.022158477
Jamaica,JAM,1990,0.022467004
Jamaica,JAM,1991,0.022772603
Jamaica,JAM,1992,0.023075158
Jamaica,JAM,1993,0.023389399
Jamaica,JAM,1994,0.023702685
Jamaica,JAM,1995,0.024093043
Jamaica,JAM,1996,0.024499793
Jamaica,JAM,1997,0.02492167
Jamaica,JAM,1998,0.025287427
Jamaica,JAM,1999,0.02564802
Jamaica,JAM,2000,0.026008755
Jamaica,JAM,2001,0.02637234
Jamaica,JAM,2002,0.026670877
Jamaica,JAM,2003,0.026963506
Jamaica,JAM,2004,0.027211433
Jamaica,JAM,2005,0.027410787
Jamaica,JAM,2006,0.027673407
Jamaica,JAM,2007,0.027836617
Jamaica,JAM,2008,0.027981807
Jamaica,JAM,2009,0.027914533
Jamaica,JAM,2010,0.027793586
Jamaica,JAM,2011,0.027695019
Jamaica,JAM,2012,0.027567957
Jamaica,JAM,2013,0.027481003
Jamaica,JAM,2014,0.027341295
Jamaica,JAM,2015,0.027228387
Jamaica,JAM,2016,0.02713163
Jamaica,JAM,2017,0.027006254
Jamaica,JAM,2018,0.026891856
Jamaica,JAM,2019,0.026859758
Jamaica,JAM,2020,0.026707958
Jamaica,JAM,2021,0.026561907
Jamaica,JAM,2022,0.026445657
Jamaica,JAM,2023,0.0263349
Jamaica,JAM,2024,0.026239552
Japan,JPN,1868,0.0001023266
Japan,JPN,1869,0.00026016246
Japan,JPN,1870,0.00040356084
Japan,JPN,1871,0.00059227145
Japan,JPN,1872,0.0008171234
Japan,JPN,1873,0.0010718047
Japan,JPN,1874,0.0051234737
Japan,JPN,1875,0.014500632
Japan,JPN,1876,0.02281464
Japan,JPN,1877,0.029708484
Japan,JPN,1878,0.039345723
Japan,JPN,1879,0.0506451
Japan,JPN,1880,0.0608769
Japan,JPN,1881,0.070440315
Japan,JPN,1882,0.0794634
Japan,JPN,1883,0.08837373
Japan,JPN,1884,0.0975329
Japan,JPN,1885,0.10753608
Japan,JPN,1886,0.11768039
Japan,JPN,1887,0.13013522
Japan,JPN,1888,0.14355429
Japan,JPN,1889,0.15968342
Japan,JPN,1890,0.17557201
Japan,JPN,1891,0.1941655
Japan,JPN,1892,0.21095349
Japan,JPN,1893,0.22796327
Japan,JPN,1894,0.25032184
Japan,JPN,1895,0.27361962
Japan,JPN,1896,0.2965086
Japan,JPN,1897,0.31860423
Japan,JPN,1898,0.34721032
Japan,JPN,1899,0.37224054
Japan,JPN,1900,0.3990783
Japan,JPN,1901,0.43130752
Japan,JPN,1902,0.46379516
Japan,JPN,1903,0.49348912
Japan,JPN,1904,0.5265041
Japan,JPN,1905,0.5568965
Japan,JPN,1906,0.5886569
Japan,JPN,1907,0.61780465
Japan,JPN,1908,0.6494486
Japan,JPN,1909,0.6782152
Japan,JPN,1910,0.70477146
Japan,JPN,1911,0.73522174
Japan,JPN,1912,0.7682579
Japan,JPN,1913,0.80218285
Japan,JPN,1914,0.84095204
Japan,JPN,1915,0.8713916
Japan,JPN,1916,0.9035698
Japan,JPN,1917,0.9413416
Japan,JPN,1918,0.98103595
Japan,JPN,1919,1.0303309
Japan,JPN,1920,1.0667292
Japan,JPN,1921,1.0981743
Japan,JPN,1922,1.1305006
Japan,JPN,1923,1.1604273
Japan,JPN,1924,1.191263
Japan,JPN,1925,1.2221584
Japan,JPN,1926,1.2523128
Japan,JPN,1927,1.2827437
Japan,JPN,1928,1.3136895
Japan,JPN,1929,1.3417864
Japan,JPN,1930,1.3652059
Japan,JPN,1931,1.3856533
Japan,JPN,1932,1.4084704
Japan,JPN,1933,1.4375492
Japan,JPN,1934,1.4689521
Japan,JPN,1935,1.5004745
Japan,JPN,1936,1.5334365
Japan,JPN,1937,1.5671659
Japan,JPN,1938,1.6052914
Japan,JPN,1939,1.6370773
Japan,JPN,1940,1.6775572
Japan,JPN,1941,1.7155855
Japan,JPN,1942,1.7482085
Japan,JPN,1943,1.7797827
Japan,JPN,1944,1.8030636
Japan,JPN,1945,1.8027211
Japan,JPN,1946,1.7882679
Japan,JPN,1947,1.7778941
Japan,JPN,1948,1.7739192
Japan,JPN,1949,1.7766209
Japan,JPN,1950,1.7754048
Japan,JPN,1951,1.7796355
Japan,JPN,1952,1.7858709
Japan,JPN,1953,1.796647
Japan,JPN,1954,1.8046548
Japan,JPN,1955,1.807541
Japan,JPN,1956,1.8139495
Japan,JPN,1957,1.8280725
Japan,JPN,1958,1.8375651
Japan,JPN,1959,1.8476657
Japan,JPN,1960,1.8669233
Japan,JPN,1961,1.9007047
Japan,JPN,1962,1.9336796
Japan,JPN,1963,1.9711964
Japan,JPN,1964,2.0130665
Japan,JPN,1965,2.057316
Japan,JPN,1966,2.1045773
Japan,JPN,1967,2.165081
Japan,JPN,1968,2.2364118
Japan,JPN,1969,2.3206725
Japan,JPN,1970,2.4202874
Japan,JPN,1971,2.516497
Japan,JPN,1972,2.6154928
Japan,JPN,1973,2.714055
Japan,JPN,1974,2.8062296
Japan,JPN,1975,2.8835437
Japan,JPN,1976,2.9585042
Japan,JPN,1977,3.0305574
Japan,JPN,1978,3.0888426
Japan,JPN,1979,3.1496408
Japan,JPN,1980,3.205602
Japan,JPN,1981,3.2579248
Japan,JPN,1982,3.3033056
Japan,JPN,1983,3.34276
Japan,JPN,1984,3.3855178
Japan,JPN,1985,3.418904
Japan,JPN,1986,3.4488416
Japan,JPN,1987,3.4723866
Japan,JPN,1988,3.5017235
Japan,JPN,1989,3.53282
Japan,JPN,1990,3.5764046
Japan,JPN,1991,3.6169477
Japan,JPN,1992,3.6592665
Japan,JPN,1993,3.697739
Japan,JPN,1994,3.739319
Japan,JPN,1995,3.777984
Japan,JPN,1996,3.81319
Japan,JPN,1997,3.845262
Japan,JPN,1998,3.872107
Japan,JPN,1999,3.8992083
Japan,JPN,2000,3.9246032
Japan,JPN,2001,3.9467864
Japan,JPN,2002,3.9685483
Japan,JPN,2003,3.9851215
Japan,JPN,2004,3.9971693
Japan,JPN,2005,4.0059
Japan,JPN,2006,4.00902
Japan,JPN,2007,4.011924
Japan,JPN,2008,4.007452
Japan,JPN,2009,3.9996114
Japan,JPN,2010,3.9905596
Japan,JPN,2011,3.9822226
Japan,JPN,2012,3.9758568
Japan,JPN,2013,3.9695919
Japan,JPN,2014,3.9596362
Japan,JPN,2015,3.947653
Japan,JPN,2016,3.9349523
Japan,JPN,2017,3.9204032
Japan,JPN,2018,3.901854
Japan,JPN,2019,3.8811069
Japan,JPN,2020,3.8618348
Japan,JPN,2021,3.8407824
Japan,JPN,2022,3.817554
Japan,JPN,2023,3.7917411
Japan,JPN,2024,3.7646098
Jordan,JOR,1950,0.00007426277
Jordan,JOR,1951,0.00013993435
Jordan,JOR,1952,0.00021558274
Jordan,JOR,1953,0.0002944137
Jordan,JOR,1954,0.00038448995
Jordan,JOR,1955,0.000517037
Jordan,JOR,1956,0.0006666851
Jordan,JOR,1957,0.0008227243
Jordan,JOR,1958,0.0009792802
Jordan,JOR,1959,0.0011694728
Jordan,JOR,1960,0.001374845
Jordan,JOR,1961,0.0016416562
Jordan,JOR,1962,0.0019124283
Jordan,JOR,1963,0.0022151317
Jordan,JOR,1964,0.00250226
Jordan,JOR,1965,0.0028182375
Jordan,JOR,1966,0.0031536163
Jordan,JOR,1967,0.0034210423
Jordan,JOR,1968,0.003688692
Jordan,JOR,1969,0.003992825
Jordan,JOR,1970,0.0042185597
Jordan,JOR,1971,0.004445339
Jordan,JOR,1972,0.004706048
Jordan,JOR,1973,0.0050002737
Jordan,JOR,1974,0.005280143
Jordan,JOR,1975,0.005593308
Jordan,JOR,1976,0.0059634014
Jordan,JOR,1977,0.006342349
Jordan,JOR,1978,0.00677307
Jordan,JOR,1979,0.0071959286
Jordan,JOR,1980,0.0077465815
Jordan,JOR,1981,0.008452462
Jordan,JOR,1982,0.009185956
Jordan,JOR,1983,0.0100365365
Jordan,JOR,1984,0.010975101
Jordan,JOR,1985,0.011876067
Jordan,JOR,1986,0.01282446
Jordan,JOR,1987,0.013758309
Jordan,JOR,1988,0.014579755
Jordan,JOR,1989,0.015339053
Jordan,JOR,1990,0.016219191
Jordan,JOR,1991,0.016969204
Jordan,JOR,1992,0.017950345
Jordan,JOR,1993,0.01885545
Jordan,JOR,1994,0.019878166
Jordan,JOR,1995,0.020830011
Jordan,JOR,1996,0.021783814
Jordan,JOR,1997,0.022710714
Jordan,JOR,1998,0.023608202
Jordan,JOR,1999,0.024451848
Jordan,JOR,2000,0.025328413
Jordan,JOR,2001,0.026201451
Jordan,JOR,2002,0.027096868
Jordan,JOR,2003,0.027966287
Jordan,JOR,2004,0.02892006
Jordan,JOR,2005,0.029953782
Jordan,JOR,2006,0.030914897
Jordan,JOR,2007,0.03187554
Jordan,JOR,2008,0.03271884
Jordan,JOR,2009,0.03357721
Jordan,JOR,2010,0.034296315
Jordan,JOR,2011,0.03499254
Jordan,JOR,2012,0.03583116
Jordan,JOR,2013,0.036620565
Jordan,JOR,2014,0.03750954
Jordan,JOR,2015,0.038334455
Jordan,JOR,2016,0.03906731
Jordan,JOR,2017,0.039824083
Jordan,JOR,2018,0.040487774
Jordan,JOR,2019,0.041062336
Jordan,JOR,2020,0.04142657
Jordan,JOR,2021,0.041767646
Jordan,JOR,2022,0.04214866
Jordan,JOR,2023,0.042538777
Jordan,JOR,2024,0.042906508
Kazakhstan,KAZ,1830,0.000054708325
Kazakhstan,KAZ,1831,0.00011600438
Kazakhstan,KAZ,1832,0.00015276132
Kazakhstan,KAZ,1833,0.00019682045
Kazakhstan,KAZ,1850,0.00025998705
Kazakhstan,KAZ,1855,0.00059669017
Kazakhstan,KAZ,1858,0.0009972553
Kazakhstan,KAZ,1859,0.0014368986
Kazakhstan,KAZ,1860,0.001981077
Kazakhstan,KAZ,1861,0.0026301155
Kazakhstan,KAZ,1862,0.0031513057
Kazakhstan,KAZ,1863,0.0036471877
Kazakhstan,KAZ,1864,0.0041606133
Kazakhstan,KAZ,1865,0.004587495
Kazakhstan,KAZ,1866,0.00624868
Kazakhstan,KAZ,1867,0.008003138
Kazakhstan,KAZ,1868,0.009259906
Kazakhstan,KAZ,1869,0.010930596
Kazakhstan,KAZ,1870,0.012611556
Kazakhstan,KAZ,1871,0.014835075
Kazakhstan,KAZ,1872,0.016854532
Kazakhstan,KAZ,1873,0.01847306
Kazakhstan,KAZ,1874,0.020498363
Kazakhstan,KAZ,1875,0.0226839
Kazakhstan,KAZ,1876,0.02538415
Kazakhstan,KAZ,1877,0.027906373
Kazakhstan,KAZ,1878,0.03127366
Kazakhstan,KAZ,1879,0.034388922
Kazakhstan,KAZ,1880,0.037788156
Kazakhstan,KAZ,1881,0.041079823
Kazakhstan,KAZ,1882,0.044233292
Kazakhstan,KAZ,1883,0.047643445
Kazakhstan,KAZ,1884,0.05080453
Kazakhstan,KAZ,1885,0.054129004
Kazakhstan,KAZ,1886,0.057277605
Kazakhstan,KAZ,1887,0.06035423
Kazakhstan,KAZ,1888,0.0631325
Kazakhstan,KAZ,1889,0.06609039
Kazakhstan,KAZ,1890,0.06927573
Kazakhstan,KAZ,1891,0.07263476
Kazakhstan,KAZ,1892,0.0760425
Kazakhstan,KAZ,1893,0.080288395
Kazakhstan,KAZ,1894,0.08421418
Kazakhstan,KAZ,1895,0.08865783
Kazakhstan,KAZ,1896,0.09276625
Kazakhstan,KAZ,1897,0.09753154
Kazakhstan,KAZ,1898,0.10270094
Kazakhstan,KAZ,1899,0.10847711
Kazakhstan,KAZ,1900,0.11482388
Kazakhstan,KAZ,1901,0.12076289
Kazakhstan,KAZ,1902,0.12572502
Kazakhstan,KAZ,1903,0.12960054
Kazakhstan,KAZ,1904,0.13409981
Kazakhstan,KAZ,1905,0.13683254
Kazakhstan,KAZ,1906,0.14023161
Kazakhstan,KAZ,1907,0.14358868
Kazakhstan,KAZ,1908,0.14696279
Kazakhstan,KAZ,1909,0.15030727
Kazakhstan,KAZ,1910,0.15288423
Kazakhstan,KAZ,1911,0.15546824
Kazakhstan,KAZ,1912,0.1586687
Kazakhstan,KAZ,1913,0.1618715
Kazakhstan,KAZ,1914,0.16449735
Kazakhstan,KAZ,1915,0.16632663
Kazakhstan,KAZ,1916,0.1680514
Kazakhstan,KAZ,1917,0.1687537
Kazakhstan,KAZ,1918,0.16538464
Kazakhstan,KAZ,1919,0.1626185
Kazakhstan,KAZ,1920,0.15904295
Kazakhstan,KAZ,1921,0.15649648
Kazakhstan,KAZ,1922,0.15433055
Kazakhstan,KAZ,1923,0.15195341
Kazakhstan,KAZ,1924,0.15019992
Kazakhstan,KAZ,1925,0.14848544
Kazakhstan,KAZ,1926,0.14822038
Kazakhstan,KAZ,1927,0.14855333
Kazakhstan,KAZ,1928,0.14943127
Kazakhstan,KAZ,1929,0.15033786
Kazakhstan,KAZ,1930,0.15348694
Kazakhstan,KAZ,1931,0.15836151
Kazakhstan,KAZ,1932,0.16445653
Kazakhstan,KAZ,1933,0.17119066
Kazakhstan,KAZ,1934,0.17942408
Kazakhstan,KAZ,1935,0.18864991
Kazakhstan,KAZ,1936,0.1989323
Kazakhstan,KAZ,1937,0.20866616
Kazakhstan,KAZ,1938,0.2190449
Kazakhstan,KAZ,1939,0.22879714
Kazakhstan,KAZ,1940,0.24048017
Kazakhstan,KAZ,1941,0.24928719
Kazakhstan,KAZ,1942,0.2508523
Kazakhstan,KAZ,1943,0.2525616
Kazakhstan,KAZ,1944,0.25767225
Kazakhstan,KAZ,1945,0.26431847
Kazakhstan,KAZ,1946,0.2717452
Kazakhstan,KAZ,1947,0.28077096
Kazakhstan,KAZ,1948,0.28998247
Kazakhstan,KAZ,1949,0.30123156
Kazakhstan,KAZ,1950,0.31300792
Kazakhstan,KAZ,1951,0.32517645
Kazakhstan,KAZ,1952,0.33801273
Kazakhstan,KAZ,1953,0.35114598
Kazakhstan,KAZ,1954,0.36539447
Kazakhstan,KAZ,1955,0.38103947
Kazakhstan,KAZ,1956,0.3975559
Kazakhstan,KAZ,1957,0.41528863
Kazakhstan,KAZ,1958,0.43359563
Kazakhstan,KAZ,1959,0.45173234
Kazakhstan,KAZ,1960,0.46926287
Kazakhstan,KAZ,1961,0.48666587
Kazakhstan,KAZ,1962,0.504061
Kazakhstan,KAZ,1963,0.5218804
Kazakhstan,KAZ,1964,0.53981787
Kazakhstan,KAZ,1965,0.55793446
Kazakhstan,KAZ,1966,0.5759981
Kazakhstan,KAZ,1967,0.59394383
Kazakhstan,KAZ,1968,0.6107309
Kazakhstan,KAZ,1969,0.6265917
Kazakhstan,KAZ,1970,0.6415363
Kazakhstan,KAZ,1971,0.6567188
Kazakhstan,KAZ,1972,0.67168605
Kazakhstan,KAZ,1973,0.6859275
Kazakhstan,KAZ,1974,0.7006766
Kazakhstan,KAZ,1975,0.7163284
Kazakhstan,KAZ,1976,0.73117083
Kazakhstan,KAZ,1977,0.7456123
Kazakhstan,KAZ,1978,0.7594753
Kazakhstan,KAZ,1979,0.77207774
Kazakhstan,KAZ,1980,0.78542113
Kazakhstan,KAZ,1981,0.79785836
Kazakhstan,KAZ,1982,0.81040233
Kazakhstan,KAZ,1983,0.8224812
Kazakhstan,KAZ,1984,0.8334797
Kazakhstan,KAZ,1985,0.84568065
Kazakhstan,KAZ,1986,0.8575411
Kazakhstan,KAZ,1987,0.8677663
Kazakhstan,KAZ,1988,0.8787258
Kazakhstan,KAZ,1989,0.88759005
Kazakhstan,KAZ,1990,0.8957226
Kazakhstan,KAZ,1991,0.90205324
Kazakhstan,KAZ,1992,0.9056152
Kazakhstan,KAZ,1993,0.90579027
Kazakhstan,KAZ,1994,0.90206975
Kazakhstan,KAZ,1995,0.8973338
Kazakhstan,KAZ,1996,0.8907037
Kazakhstan,KAZ,1997,0.88350624
Kazakhstan,KAZ,1998,0.8765681
Kazakhstan,KAZ,1999,0.86686456
Kazakhstan,KAZ,2000,0.8593115
Kazakhstan,KAZ,2001,0.8515855
Kazakhstan,KAZ,2002,0.84548825
Kazakhstan,KAZ,2003,0.84026325
Kazakhstan,KAZ,2004,0.83550197
Kazakhstan,KAZ,2005,0.831373
Kazakhstan,KAZ,2006,0.8285125
Kazakhstan,KAZ,2007,0.8256807
Kazakhstan,KAZ,2008,0.8226645
Kazakhstan,KAZ,2009,0.8199095
Kazakhstan,KAZ,2010,0.8180406
Kazakhstan,KAZ,2011,0.81485134
Kazakhstan,KAZ,2012,0.8120484
Kazakhstan,KAZ,2013,0.80977285
Kazakhstan,KAZ,2014,0.81057864
Kazakhstan,KAZ,2015,0.81163806
Kazakhstan,KAZ,2016,0.8125703
Kazakhstan,KAZ,2017,0.81416875
Kazakhstan,KAZ,2018,0.8160445
Kazakhstan,KAZ,2019,0.81564736
Kazakhstan,KAZ,2020,0.8153543
Kazakhstan,KAZ,2021,0.8121442
Kazakhstan,KAZ,2022,0.81042707
Kazakhstan,KAZ,2023,0.8091817
Kazakhstan,KAZ,2024,0.8078119
Kenya,KEN,1950,0.0003918546
Kenya,KEN,1951,0.0009656634
Kenya,KEN,1952,0.0015898377
Kenya,KEN,1953,0.0021496608
Kenya,KEN,1954,0.0027515052
Kenya,KEN,1955,0.0034218235
Kenya,KEN,1956,0.0041340934
Kenya,KEN,1957,0.0048238956
Kenya,KEN,1958,0.005403428
Kenya,KEN,1959,0.0059818816
Kenya,KEN,1960,0.0065858546
Kenya,KEN,1961,0.007145473
Kenya,KEN,1962,0.0077333185
Kenya,KEN,1963,0.008342775
Kenya,KEN,1964,0.008893524
Kenya,KEN,1965,0.00929857
Kenya,KEN,1966,0.009722705
Kenya,KEN,1967,0.010115515
Kenya,KEN,1968,0.010495898
Kenya,KEN,1969,0.010905426
Kenya,KEN,1970,0.011246899
Kenya,KEN,1971,0.011685488
Kenya,KEN,1972,0.012115943
Kenya,KEN,1973,0.012504317
Kenya,KEN,1974,0.013077068
Kenya,KEN,1975,0.013616612
Kenya,KEN,1976,0.014027901
Kenya,KEN,1977,0.014480708
Kenya,KEN,1978,0.014933685
Kenya,KEN,1979,0.01529571
Kenya,KEN,1980,0.015828036
Kenya,KEN,1981,0.016393894
Kenya,KEN,1982,0.016644018
Kenya,KEN,1983,0.016870404
Kenya,KEN,1984,0.017020077
Kenya,KEN,1985,0.017066458
Kenya,KEN,1986,0.017156577
Kenya,KEN,1987,0.017362585
Kenya,KEN,1988,0.01748803
Kenya,KEN,1989,0.017651476
Kenya,KEN,1990,0.017871559
Kenya,KEN,1991,0.017950755
Kenya,KEN,1992,0.018122202
Kenya,KEN,1993,0.018372197
Kenya,KEN,1994,0.01862836
Kenya,KEN,1995,0.018968312
Kenya,KEN,1996,0.019463554
Kenya,KEN,1997,0.019822218
Kenya,KEN,1998,0.020343093
Kenya,KEN,1999,0.020830223
Kenya,KEN,2000,0.021315321
Kenya,KEN,2001,0.021665182
Kenya,KEN,2002,0.021859178
Kenya,KEN,2003,0.021918874
Kenya,KEN,2004,0.022035936
Kenya,KEN,2005,0.02219921
Kenya,KEN,2006,0.022427859
Kenya,KEN,2007,0.022642229
Kenya,KEN,2008,0.022864724
Kenya,KEN,2009,0.023245186
Kenya,KEN,2010,0.023551572
Kenya,KEN,2011,0.023849197
Kenya,KEN,2012,0.024055313
Kenya,KEN,2013,0.024309471
Kenya,KEN,2014,0.024619322
Kenya,KEN,2015,0.025047349
Kenya,KEN,2016,0.02552535
Kenya,KEN,2017,0.025965763
Kenya,KEN,2018,0.026424898
Kenya,KEN,2019,0.026927568
Kenya,KEN,2020,0.027547246
Kenya,KEN,2021,0.02814866
Kenya,KEN,2022,0.028711777
Kenya,KEN,2023,0.029277816
Kenya,KEN,2024,0.029814534
Kiribati,KIR,1961,0.0000023057719
Kiribati,KIR,1962,0.0000055928963
Kiribati,KIR,1963,0.000010845848
Kiribati,KIR,1964,0.000015763677
Kiribati,KIR,1965,0.000018322025
Kiribati,KIR,1966,0.000020693726
Kiribati,KIR,1967,0.00002575846
Kiribati,KIR,1968,0.000033228076
Kiribati,KIR,1969,0.000034790966
Kiribati,KIR,1970,0.00003873819
Kiribati,KIR,1971,0.000044021457
Kiribati,KIR,1972,0.000048067704
Kiribati,KIR,1973,0.000054060416
Kiribati,KIR,1974,0.00005890075
Kiribati,KIR,1975,0.000063418614
Kiribati,KIR,1976,0.000067531975
Kiribati,KIR,1977,0.000069292124
Kiribati,KIR,1978,0.00007085357
Kiribati,KIR,1979,0.00007288136
Kiribati,KIR,1980,0.00007539817
Kiribati,KIR,1981,0.00007782423
Kiribati,KIR,1982,0.00007955367
Kiribati,KIR,1983,0.000080607686
Kiribati,KIR,1984,0.000081536135
Kiribati,KIR,1985,0.00008233171
Kiribati,KIR,1986,0.00008253932
Kiribati,KIR,1987,0.000083155755
Kiribati,KIR,1988,0.00008364873
Kiribati,KIR,1989,0.00008408397
Kiribati,KIR,1990,0.000084439554
Kiribati,KIR,1991,0.000084727326
Kiribati,KIR,1992,0.00008549737
Kiribati,KIR,1993,0.000086623666
Kiribati,KIR,1994,0.00008767098
Kiribati,KIR,1995,0.00008861395
Kiribati,KIR,1996,0.0000898294
Kiribati,KIR,1997,0.00009059293
Kiribati,KIR,1998,0.0000913268
Kiribati,KIR,1999,0.00009197678
Kiribati,KIR,2000,0.0000932372
Kiribati,KIR,2001,0.00009407945
Kiribati,KIR,2002,0.00009550058
Kiribati,KIR,2003,0.00009673582
Kiribati,KIR,2004,0.00009814816
Kiribati,KIR,2005,0.000099718665
Kiribati,KIR,2006,0.00010143139
Kiribati,KIR,2007,0.00010298499
Kiribati,KIR,2008,0.00010413006
Kiribati,KIR,2009,0.00010526221
Kiribati,KIR,2010,0.000107017135
Kiribati,KIR,2011,0.00010832911
Kiribati,KIR,2012,0.000109540124
Kiribati,KIR,2013,0.00011066803
Kiribati,KIR,2014,0.00011172793
Kiribati,KIR,2015,0.000112984344
Kiribati,KIR,2016,0.00011394834
Kiribati,KIR,2017,0.00011574962
Kiribati,KIR,2018,0.0001174163
Kiribati,KIR,2019,0.00011898408
Kiribati,KIR,2020,0.00012062028
Kiribati,KIR,2021,0.00012206976
Kiribati,KIR,2022,0.00012341289
Kiribati,KIR,2023,0.00012464315
Kiribati,KIR,2024,0.00012595973
Kosovo,OWID_KOS,1994,0
Kosovo,OWID_KOS,1995,0
Kosovo,OWID_KOS,1996,0
Kosovo,OWID_KOS,1997,0
Kosovo,OWID_KOS,1998,0
Kosovo,OWID_KOS,1999,0
Kosovo,OWID_KOS,2000,0.0004598767
Kosovo,OWID_KOS,2001,0.0010177686
Kosovo,OWID_KOS,2002,0.0015457069
Kosovo,OWID_KOS,2003,0.0020799828
Kosovo,OWID_KOS,2004,0.0026019788
Kosovo,OWID_KOS,2005,0.0030807992
Kosovo,OWID_KOS,2006,0.003537734
Kosovo,OWID_KOS,2007,0.0039944593
Kosovo,OWID_KOS,2008,0.004470332
Kosovo,OWID_KOS,2009,0.004982286
Kosovo,OWID_KOS,2010,0.0054811
Kosovo,OWID_KOS,2011,0.0059463447
Kosovo,OWID_KOS,2012,0.0063550565
Kosovo,OWID_KOS,2013,0.0067506763
Kosovo,OWID_KOS,2014,0.0070701106
Kosovo,OWID_KOS,2015,0.0074514486
Kosovo,OWID_KOS,2016,0.007847835
Kosovo,OWID_KOS,2017,0.008175039
Kosovo,OWID_KOS,2018,0.008485141
Kosovo,OWID_KOS,2019,0.008800198
Kosovo,OWID_KOS,2020,0.009115711
Kosovo,OWID_KOS,2021,0.009430148
Kosovo,OWID_KOS,2022,0.009713963
Kosovo,OWID_KOS,2023,0.009963603
Kosovo,OWID_KOS,2024,0.01019096
Kuwait,KWT,1946,0.0011681974
Kuwait,KWT,1947,0.0042747958
Kuwait,KWT,1948,0.0043219985
Kuwait,KWT,1949,0.0046927026
Kuwait,KWT,1950,0.0047385967
Kuwait,KWT,1951,0.0046608904
Kuwait,KWT,1952,0.0045377174
Kuwait,KWT,1953,0.0044176634
Kuwait,KWT,1954,0.004845025
Kuwait,KWT,1955,0.0054044574
Kuwait,KWT,1956,0.0056282566
Kuwait,KWT,1957,0.0062450287
Kuwait,KWT,1958,0.0073354742
Kuwait,KWT,1959,0.008388955
Kuwait,KWT,1960,0.010661852
Kuwait,KWT,1961,0.013484155
Kuwait,KWT,1962,0.017442007
Kuwait,KWT,1963,0.021947658
Kuwait,KWT,1964,0.028526999
Kuwait,KWT,1965,0.037462432
Kuwait,KWT,1966,0.045713425
Kuwait,KWT,1967,0.050875816
Kuwait,KWT,1968,0.055053413
Kuwait,KWT,1969,0.059736118
Kuwait,KWT,1970,0.06352378
Kuwait,KWT,1971,0.06743841
Kuwait,KWT,1972,0.071083345
Kuwait,KWT,1973,0.07363031
Kuwait,KWT,1974,0.07501329
Kuwait,KWT,1975,0.07581369
Kuwait,KWT,1976,0.07674766
Kuwait,KWT,1977,0.07731957
Kuwait,KWT,1978,0.07843185
Kuwait,KWT,1979,0.0788338
Kuwait,KWT,1980,0.080384135
Kuwait,KWT,1981,0.081993595
Kuwait,KWT,1982,0.0828962
Kuwait,KWT,1983,0.08379289
Kuwait,KWT,1984,0.08556518
Kuwait,KWT,1985,0.08726591
Kuwait,KWT,1986,0.089691244
Kuwait,KWT,1987,0.09137965
Kuwait,KWT,1988,0.093064874
Kuwait,KWT,1989,0.0949997
Kuwait,KWT,1990,0.09701533
Kuwait,KWT,1991,0.15367779
Kuwait,KWT,1992,0.15310022
Kuwait,KWT,1993,0.15473719
Kuwait,KWT,1994,0.1571538
Kuwait,KWT,1995,0.15924756
Kuwait,KWT,1996,0.16064005
Kuwait,KWT,1997,0.16245323
Kuwait,KWT,1998,0.16380417
Kuwait,KWT,1999,0.1652162
Kuwait,KWT,2000,0.16644366
Kuwait,KWT,2001,0.16797072
Kuwait,KWT,2002,0.16942847
Kuwait,KWT,2003,0.17081873
Kuwait,KWT,2004,0.17229104
Kuwait,KWT,2005,0.17428735
Kuwait,KWT,2006,0.17617412
Kuwait,KWT,2007,0.1779249
Kuwait,KWT,2008,0.18007152
Kuwait,KWT,2009,0.18252312
Kuwait,KWT,2010,0.18467705
Kuwait,KWT,2011,0.18638231
Kuwait,KWT,2012,0.18893634
Kuwait,KWT,2013,0.1900697
Kuwait,KWT,2014,0.19058137
Kuwait,KWT,2015,0.19228429
Kuwait,KWT,2016,0.19459994
Kuwait,KWT,2017,0.19648808
Kuwait,KWT,2018,0.19835027
Kuwait,KWT,2019,0.20022008
Kuwait,KWT,2020,0.20138076
Kuwait,KWT,2021,0.20216617
Kuwait,KWT,2022,0.20442185
Kuwait,KWT,2023,0.2069237
Kuwait,KWT,2024,0.20960869
Kyrgyzstan,KGZ,1830,0.0000046790014
Kyrgyzstan,KGZ,1831,0.000009930843
Kyrgyzstan,KGZ,1832,0.000013065112
Kyrgyzstan,KGZ,1833,0.000016833326
Kyrgyzstan,KGZ,1850,0.000022285802
Kyrgyzstan,KGZ,1855,0.000051195162
Kyrgyzstan,KGZ,1858,0.00008558225
Kyrgyzstan,KGZ,1859,0.00012332227
Kyrgyzstan,KGZ,1860,0.00017003206
Kyrgyzstan,KGZ,1861,0.00022573608
Kyrgyzstan,KGZ,1862,0.00027046667
Kyrgyzstan,KGZ,1863,0.00031302948
Kyrgyzstan,KGZ,1864,0.00035709265
Kyrgyzstan,KGZ,1865,0.00039373452
Kyrgyzstan,KGZ,1866,0.0005363085
Kyrgyzstan,KGZ,1867,0.0006868841
Kyrgyzstan,KGZ,1868,0.00079474406
Kyrgyzstan,KGZ,1869,0.00093813636
Kyrgyzstan,KGZ,1870,0.0010824093
Kyrgyzstan,KGZ,1871,0.0012732462
Kyrgyzstan,KGZ,1872,0.001446569
Kyrgyzstan,KGZ,1873,0.0015854825
Kyrgyzstan,KGZ,1874,0.0017593064
Kyrgyzstan,KGZ,1875,0.0019468836
Kyrgyzstan,KGZ,1876,0.002178638
Kyrgyzstan,KGZ,1877,0.0023951093
Kyrgyzstan,KGZ,1878,0.0026841122
Kyrgyzstan,KGZ,1879,0.0029514842
Kyrgyzstan,KGZ,1880,0.0032432307
Kyrgyzstan,KGZ,1881,0.003525744
Kyrgyzstan,KGZ,1882,0.003796393
Kyrgyzstan,KGZ,1883,0.0040890747
Kyrgyzstan,KGZ,1884,0.004360378
Kyrgyzstan,KGZ,1885,0.004645707
Kyrgyzstan,KGZ,1886,0.0049159382
Kyrgyzstan,KGZ,1887,0.0051799924
Kyrgyzstan,KGZ,1888,0.005418443
Kyrgyzstan,KGZ,1889,0.0056723086
Kyrgyzstan,KGZ,1890,0.005945696
Kyrgyzstan,KGZ,1891,0.006233989
Kyrgyzstan,KGZ,1892,0.006526463
Kyrgyzstan,KGZ,1893,0.0068908744
Kyrgyzstan,KGZ,1894,0.0072278106
Kyrgyzstan,KGZ,1895,0.007609193
Kyrgyzstan,KGZ,1896,0.007961805
Kyrgyzstan,KGZ,1897,0.008370794
Kyrgyzstan,KGZ,1898,0.008814466
Kyrgyzstan,KGZ,1899,0.009310214
Kyrgyzstan,KGZ,1900,0.009854935
Kyrgyzstan,KGZ,1901,0.010364657
Kyrgyzstan,KGZ,1902,0.010790539
Kyrgyzstan,KGZ,1903,0.011123161
Kyrgyzstan,KGZ,1904,0.011509319
Kyrgyzstan,KGZ,1905,0.0117438575
Kyrgyzstan,KGZ,1906,0.012035587
Kyrgyzstan,KGZ,1907,0.012323713
Kyrgyzstan,KGZ,1908,0.012613302
Kyrgyzstan,KGZ,1909,0.012900346
Kyrgyzstan,KGZ,1910,0.013121517
Kyrgyzstan,KGZ,1911,0.013343294
Kyrgyzstan,KGZ,1912,0.0136179775
Kyrgyzstan,KGZ,1913,0.013892862
Kyrgyzstan,KGZ,1914,0.014118229
Kyrgyzstan,KGZ,1915,0.014275228
Kyrgyzstan,KGZ,1916,0.014423262
Kyrgyzstan,KGZ,1917,0.014483535
Kyrgyzstan,KGZ,1918,0.0141943805
Kyrgyzstan,KGZ,1919,0.013956973
Kyrgyzstan,KGZ,1920,0.013650096
Kyrgyzstan,KGZ,1921,0.013431542
Kyrgyzstan,KGZ,1922,0.013245647
Kyrgyzstan,KGZ,1923,0.013041625
Kyrgyzstan,KGZ,1924,0.01289113
Kyrgyzstan,KGZ,1925,0.012743982
Kyrgyzstan,KGZ,1926,0.012721233
Kyrgyzstan,KGZ,1927,0.012749809
Kyrgyzstan,KGZ,1928,0.012824897
Kyrgyzstan,KGZ,1929,0.012902465
Kyrgyzstan,KGZ,1930,0.013172665
Kyrgyzstan,KGZ,1931,0.0135909505
Kyrgyzstan,KGZ,1932,0.014113819
Kyrgyzstan,KGZ,1933,0.014691533
Kyrgyzstan,KGZ,1934,0.015397819
Kyrgyzstan,KGZ,1935,0.016189152
Kyrgyzstan,KGZ,1936,0.017071001
Kyrgyzstan,KGZ,1937,0.017905861
Kyrgyzstan,KGZ,1938,0.018796071
Kyrgyzstan,KGZ,1939,0.019632539
Kyrgyzstan,KGZ,1940,0.020634586
Kyrgyzstan,KGZ,1941,0.021390038
Kyrgyzstan,KGZ,1942,0.02152451
Kyrgyzstan,KGZ,1943,0.021671345
Kyrgyzstan,KGZ,1944,0.022110108
Kyrgyzstan,KGZ,1945,0.022680376
Kyrgyzstan,KGZ,1946,0.023317445
Kyrgyzstan,KGZ,1947,0.024091613
Kyrgyzstan,KGZ,1948,0.024881588
Kyrgyzstan,KGZ,1949,0.025846358
Kyrgyzstan,KGZ,1950,0.026856195
Kyrgyzstan,KGZ,1951,0.027899591
Kyrgyzstan,KGZ,1952,0.029000308
Kyrgyzstan,KGZ,1953,0.030126525
Kyrgyzstan,KGZ,1954,0.031348377
Kyrgyzstan,KGZ,1955,0.032690033
Kyrgyzstan,KGZ,1956,0.034106582
Kyrgyzstan,KGZ,1957,0.03562747
Kyrgyzstan,KGZ,1958,0.037197664
Kyrgyzstan,KGZ,1959,0.03875331
Kyrgyzstan,KGZ,1960,0.040257104
Kyrgyzstan,KGZ,1961,0.04175018
Kyrgyzstan,KGZ,1962,0.043243054
Kyrgyzstan,KGZ,1963,0.04477248
Kyrgyzstan,KGZ,1964,0.04631206
Kyrgyzstan,KGZ,1965,0.0478671
Kyrgyzstan,KGZ,1966,0.04941787
Kyrgyzstan,KGZ,1967,0.050959136
Kyrgyzstan,KGZ,1968,0.052401528
Kyrgyzstan,KGZ,1969,0.053764857
Kyrgyzstan,KGZ,1970,0.05505029
Kyrgyzstan,KGZ,1971,0.056358557
Kyrgyzstan,KGZ,1972,0.057650097
Kyrgyzstan,KGZ,1973,0.058881402
Kyrgyzstan,KGZ,1974,0.060158387
Kyrgyzstan,KGZ,1975,0.061514582
Kyrgyzstan,KGZ,1976,0.0628011
Kyrgyzstan,KGZ,1977,0.06405335
Kyrgyzstan,KGZ,1978,0.0652564
Kyrgyzstan,KGZ,1979,0.066349715
Kyrgyzstan,KGZ,1980,0.067506224
Kyrgyzstan,KGZ,1981,0.06858648
Kyrgyzstan,KGZ,1982,0.06967538
Kyrgyzstan,KGZ,1983,0.07072498
Kyrgyzstan,KGZ,1984,0.07168173
Kyrgyzstan,KGZ,1985,0.07274037
Kyrgyzstan,KGZ,1986,0.07370779
Kyrgyzstan,KGZ,1987,0.074472494
Kyrgyzstan,KGZ,1988,0.07513224
Kyrgyzstan,KGZ,1989,0.07564861
Kyrgyzstan,KGZ,1990,0.07589734
Kyrgyzstan,KGZ,1991,0.0756908
Kyrgyzstan,KGZ,1992,0.074986756
Kyrgyzstan,KGZ,1993,0.07400554
Kyrgyzstan,KGZ,1994,0.07279714
Kyrgyzstan,KGZ,1995,0.071429275
Kyrgyzstan,KGZ,1996,0.070197314
Kyrgyzstan,KGZ,1997,0.06900705
Kyrgyzstan,KGZ,1998,0.067915075
Kyrgyzstan,KGZ,1999,0.06671621
Kyrgyzstan,KGZ,2000,0.06552565
Kyrgyzstan,KGZ,2001,0.06431383
Kyrgyzstan,KGZ,2002,0.06322249
Kyrgyzstan,KGZ,2003,0.062146235
Kyrgyzstan,KGZ,2004,0.06110839
Kyrgyzstan,KGZ,2005,0.0600461
Kyrgyzstan,KGZ,2006,0.05898216
Kyrgyzstan,KGZ,2007,0.058013935
Kyrgyzstan,KGZ,2008,0.05714393
Kyrgyzstan,KGZ,2009,0.056280654
Kyrgyzstan,KGZ,2010,0.055357058
Kyrgyzstan,KGZ,2011,0.05452406
Kyrgyzstan,KGZ,2012,0.05388844
Kyrgyzstan,KGZ,2013,0.05324733
Kyrgyzstan,KGZ,2014,0.0526639
Kyrgyzstan,KGZ,2015,0.052111737
Kyrgyzstan,KGZ,2016,0.051543698
Kyrgyzstan,KGZ,2017,0.050966088
Kyrgyzstan,KGZ,2018,0.050501887
Kyrgyzstan,KGZ,2019,0.049919594
Kyrgyzstan,KGZ,2020,0.049377657
Kyrgyzstan,KGZ,2021,0.048924275
Kyrgyzstan,KGZ,2022,0.048537955
Kyrgyzstan,KGZ,2023,0.048132237
Kyrgyzstan,KGZ,2024,0.047764048
Laos,LAO,1955,0.000009655743
Laos,LAO,1956,0.000030806736
Laos,LAO,1957,0.000050719726
Laos,LAO,1958,0.00007450387
Laos,LAO,1959,0.00009803043
Laos,LAO,1960,0.0001211844
Laos,LAO,1961,0.00015333384
Laos,LAO,1962,0.0001890399
Laos,LAO,1963,0.00022667822
Laos,LAO,1964,0.00026903342
Laos,LAO,1965,0.00031045653
Laos,LAO,1966,0.0003636183
Laos,LAO,1967,0.00043503178
Laos,LAO,1968,0.00046334707
Laos,LAO,1969,0.0005254328
Laos,LAO,1970,0.0006413323
Laos,LAO,1971,0.00071431044
Laos,LAO,1972,0.0007955205
Laos,LAO,1973,0.0008757787
Laos,LAO,1974,0.000905133
Laos,LAO,1975,0.00092461455
Laos,LAO,1976,0.0009357008
Laos,LAO,1977,0.0009465439
Laos,LAO,1978,0.0009555482
Laos,LAO,1979,0.0009619083
Laos,LAO,1980,0.0009619348
Laos,LAO,1981,0.0009568843
Laos,LAO,1982,0.0009534994
Laos,LAO,1983,0.0009533944
Laos,LAO,1984,0.0009530548
Laos,LAO,1985,0.00095494295
Laos,LAO,1986,0.0009568447
Laos,LAO,1987,0.0009582711
Laos,LAO,1988,0.00095859525
Laos,LAO,1989,0.00096089294
Laos,LAO,1990,0.0009973855
Laos,LAO,1991,0.001035262
Laos,LAO,1992,0.0010774287
Laos,LAO,1993,0.001118809
Laos,LAO,1994,0.0011603828
Laos,LAO,1995,0.0012035468
Laos,LAO,1996,0.001252339
Laos,LAO,1997,0.0013025191
Laos,LAO,1998,0.0013531351
Laos,LAO,1999,0.0014031046
Laos,LAO,2000,0.0014607375
Laos,LAO,2001,0.0015245896
Laos,LAO,2002,0.001594338
Laos,LAO,2003,0.0016636834
Laos,LAO,2004,0.0017335992
Laos,LAO,2005,0.0018032348
Laos,LAO,2006,0.001902569
Laos,LAO,2007,0.0020018623
Laos,LAO,2008,0.0021184972
Laos,LAO,2009,0.0022712986
Laos,LAO,2010,0.0024385056
Laos,LAO,2011,0.002602391
Laos,LAO,2012,0.0027737427
Laos,LAO,2013,0.0029962896
Laos,LAO,2014,0.0032202923
Laos,LAO,2015,0.0037503543
Laos,LAO,2016,0.0047212727
Laos,LAO,2017,0.0058493926
Laos,LAO,2018,0.0069770147
Laos,LAO,2019,0.007924308
Laos,LAO,2020,0.0088375695
Laos,LAO,2021,0.009908437
Laos,LAO,2022,0.01097084
Laos,LAO,2023,0.012074268
Laos,LAO,2024,0.01314177
Latvia,LVA,1830,0.0000054888287
Latvia,LVA,1831,0.000011665487
Latvia,LVA,1832,0.000015368258
Latvia,LVA,1833,0.000019787252
Latvia,LVA,1850,0.000026164329
Latvia,LVA,1855,0.000060063347
Latvia,LVA,1858,0.00010038887
Latvia,LVA,1859,0.0001446507
Latvia,LVA,1860,0.00019944219
Latvia,LVA,1861,0.00026479113
Latvia,LVA,1862,0.00031726802
Latvia,LVA,1863,0.0003671995
Latvia,LVA,1864,0.0004188859
Latvia,LVA,1865,0.00046186292
Latvia,LVA,1866,0.000629113
Latvia,LVA,1867,0.0008057512
Latvia,LVA,1868,0.00093228737
Latvia,LVA,1869,0.0011004894
Latvia,LVA,1870,0.0012697271
Latvia,LVA,1871,0.0014935941
Latvia,LVA,1872,0.0016969137
Latvia,LVA,1873,0.0018598692
Latvia,LVA,1874,0.0020637782
Latvia,LVA,1875,0.00228382
Latvia,LVA,1876,0.0025556851
Latvia,LVA,1877,0.0028096233
Latvia,LVA,1878,0.0031486456
Latvia,LVA,1879,0.0034622892
Latvia,LVA,1880,0.0038045282
Latvia,LVA,1881,0.004135932
Latvia,LVA,1882,0.004453426
Latvia,LVA,1883,0.0047967597
Latvia,LVA,1884,0.00511502
Latvia,LVA,1885,0.0054497286
Latvia,LVA,1886,0.0057667326
Latvia,LVA,1887,0.006076488
Latvia,LVA,1888,0.006356206
Latvia,LVA,1889,0.0066540064
Latvia,LVA,1890,0.0069747088
Latvia,LVA,1891,0.007312898
Latvia,LVA,1892,0.0076559926
Latvia,LVA,1893,0.00808347
Latvia,LVA,1894,0.00847872
Latvia,LVA,1895,0.008926109
Latvia,LVA,1896,0.009339745
Latvia,LVA,1897,0.009819518
Latvia,LVA,1898,0.0103399735
Latvia,LVA,1899,0.010921521
Latvia,LVA,1900,0.011560516
Latvia,LVA,1901,0.012158456
Latvia,LVA,1902,0.012658046
Latvia,LVA,1903,0.013048235
Latvia,LVA,1904,0.013501226
Latvia,LVA,1905,0.013776356
Latvia,LVA,1906,0.014118575
Latvia,LVA,1907,0.014456567
Latvia,LVA,1908,0.014796275
Latvia,LVA,1909,0.015132997
Latvia,LVA,1910,0.015392445
Latvia,LVA,1911,0.015652604
Latvia,LVA,1912,0.015974825
Latvia,LVA,1913,0.016297285
Latvia,LVA,1914,0.016561655
Latvia,LVA,1915,0.016745828
Latvia,LVA,1916,0.01691948
Latvia,LVA,1917,0.016990187
Latvia,LVA,1918,0.016650988
Latvia,LVA,1919,0.016372493
Latvia,LVA,1920,0.016012505
Latvia,LVA,1921,0.015756125
Latvia,LVA,1922,0.015538057
Latvia,LVA,1923,0.015298726
Latvia,LVA,1924,0.015122184
Latvia,LVA,1925,0.014949569
Latvia,LVA,1926,0.014922882
Latvia,LVA,1927,0.014956405
Latvia,LVA,1928,0.015039933
Latvia,LVA,1929,0.015125953
Latvia,LVA,1930,0.015440738
Latvia,LVA,1931,0.015929392
Latvia,LVA,1932,0.016538417
Latvia,LVA,1933,0.017210877
Latvia,LVA,1934,0.01803098
Latvia,LVA,1935,0.018949237
Latvia,LVA,1936,0.019968942
Latvia,LVA,1937,0.020933703
Latvia,LVA,1938,0.021960296
Latvia,LVA,1939,0.022923905
Latvia,LVA,1940,0.024098298
Latvia,LVA,1941,0.024983965
Latvia,LVA,1942,0.025144523
Latvia,LVA,1943,0.0253195
Latvia,LVA,1944,0.02583683
Latvia,LVA,1945,0.02650658
Latvia,LVA,1946,0.027253713
Latvia,LVA,1947,0.028160991
Latvia,LVA,1948,0.029085927
Latvia,LVA,1949,0.03021506
Latvia,LVA,1950,0.031396005
Latvia,LVA,1951,0.03261553
Latvia,LVA,1952,0.033901874
Latvia,LVA,1953,0.03521772
Latvia,LVA,1954,0.036644623
Latvia,LVA,1955,0.038211238
Latvia,LVA,1956,0.039865926
Latvia,LVA,1957,0.04164247
Latvia,LVA,1958,0.043476712
Latvia,LVA,1959,0.045293503
Latvia,LVA,1960,0.047049336
Latvia,LVA,1961,0.048793275
Latvia,LVA,1962,0.05053799
Latvia,LVA,1963,0.05232674
Latvia,LVA,1964,0.054128513
Latvia,LVA,1965,0.055948656
Latvia,LVA,1966,0.05776393
Latvia,LVA,1967,0.059569217
Latvia,LVA,1968,0.061260052
Latvia,LVA,1969,0.06285929
Latvia,LVA,1970,0.06436619
Latvia,LVA,1971,0.06590165
Latvia,LVA,1972,0.06741993
Latvia,LVA,1973,0.06886993
Latvia,LVA,1974,0.07037566
Latvia,LVA,1975,0.071976274
Latvia,LVA,1976,0.07349845
Latvia,LVA,1977,0.07498341
Latvia,LVA,1978,0.07641348
Latvia,LVA,1979,0.077717185
Latvia,LVA,1980,0.07909629
Latvia,LVA,1981,0.08038863
Latvia,LVA,1982,0.081691355
Latvia,LVA,1983,0.08295
Latvia,LVA,1984,0.08410128
Latvia,LVA,1985,0.08537179
Latvia,LVA,1986,0.086228445
Latvia,LVA,1987,0.08637631
Latvia,LVA,1988,0.086367495
Latvia,LVA,1989,0.08621059
Latvia,LVA,1990,0.086218536
Latvia,LVA,1991,0.08596707
Latvia,LVA,1992,0.08536124
Latvia,LVA,1993,0.084504895
Latvia,LVA,1994,0.08349832
Latvia,LVA,1995,0.082359344
Latvia,LVA,1996,0.08122365
Latvia,LVA,1997,0.08007779
Latvia,LVA,1998,0.0789572
Latvia,LVA,1999,0.07779097
Latvia,LVA,2000,0.0765699
Latvia,LVA,2001,0.07543297
Latvia,LVA,2002,0.07431272
Latvia,LVA,2003,0.073172785
Latvia,LVA,2004,0.072028175
Latvia,LVA,2005,0.070886396
Latvia,LVA,2006,0.069784254
Latvia,LVA,2007,0.06871263
Latvia,LVA,2008,0.06763032
Latvia,LVA,2009,0.06657162
Latvia,LVA,2010,0.06555639
Latvia,LVA,2011,0.0644816
Latvia,LVA,2012,0.063417554
Latvia,LVA,2013,0.06238063
Latvia,LVA,2014,0.06137195
Latvia,LVA,2015,0.060418833
Latvia,LVA,2016,0.059506245
Latvia,LVA,2017,0.058613148
Latvia,LVA,2018,0.057771236
Latvia,LVA,2019,0.05694183
Latvia,LVA,2020,0.05617504
Latvia,LVA,2021,0.05539738
Latvia,LVA,2022,0.05459727
Latvia,LVA,2023,0.053812504
Latvia,LVA,2024,0.053038675
Lebanon,LBN,1931,0.0000025115921
Lebanon,LBN,1932,0.000009830155
Lebanon,LBN,1933,0.000019223195
Lebanon,LBN,1935,0.00005036907
Lebanon,LBN,1936,0.00008475476
Lebanon,LBN,1937,0.00011937701
Lebanon,LBN,1938,0.00015242508
Lebanon,LBN,1939,0.00018156962
Lebanon,LBN,1940,0.0001887161
Lebanon,LBN,1941,0.0001953668
Lebanon,LBN,1942,0.00037292932
Lebanon,LBN,1943,0.00038181123
Lebanon,LBN,1944,0.0004045229
Lebanon,LBN,1945,0.00043144534
Lebanon,LBN,1946,0.00045657236
Lebanon,LBN,1947,0.0004844423
Lebanon,LBN,1948,0.0005185833
Lebanon,LBN,1949,0.000558108
Lebanon,LBN,1950,0.001195939
Lebanon,LBN,1951,0.0017754186
Lebanon,LBN,1952,0.0022085963
Lebanon,LBN,1953,0.0026466842
Lebanon,LBN,1954,0.0030831927
Lebanon,LBN,1955,0.0036071634
Lebanon,LBN,1956,0.00419173
Lebanon,LBN,1957,0.004802622
Lebanon,LBN,1958,0.0053457515
Lebanon,LBN,1959,0.006006213
Lebanon,LBN,1960,0.006658687
Lebanon,LBN,1961,0.0073042265
Lebanon,LBN,1962,0.007957185
Lebanon,LBN,1963,0.008610154
Lebanon,LBN,1964,0.0092781745
Lebanon,LBN,1965,0.009906739
Lebanon,LBN,1966,0.010565044
Lebanon,LBN,1967,0.011156554
Lebanon,LBN,1968,0.011724244
Lebanon,LBN,1969,0.012389076
Lebanon,LBN,1970,0.0128812585
Lebanon,LBN,1971,0.013630141
Lebanon,LBN,1972,0.014382713
Lebanon,LBN,1973,0.015354519
Lebanon,LBN,1974,0.016265718
Lebanon,LBN,1975,0.016954483
Lebanon,LBN,1976,0.01750467
Lebanon,LBN,1977,0.017903464
Lebanon,LBN,1978,0.018274214
Lebanon,LBN,1979,0.01865492
Lebanon,LBN,1980,0.019031446
Lebanon,LBN,1981,0.019393682
Lebanon,LBN,1982,0.019719684
Lebanon,LBN,1983,0.02020745
Lebanon,LBN,1984,0.02061735
Lebanon,LBN,1985,0.021134255
Lebanon,LBN,1986,0.021573536
Lebanon,LBN,1987,0.021994617
Lebanon,LBN,1988,0.022325873
Lebanon,LBN,1989,0.022678312
Lebanon,LBN,1990,0.02301445
Lebanon,LBN,1991,0.02334861
Lebanon,LBN,1992,0.023872603
Lebanon,LBN,1993,0.024434974
Lebanon,LBN,1994,0.025046742
Lebanon,LBN,1995,0.025736999
Lebanon,LBN,1996,0.026425563
Lebanon,LBN,1997,0.027317323
Lebanon,LBN,1998,0.02828716
Lebanon,LBN,1999,0.029209273
Lebanon,LBN,2000,0.029975984
Lebanon,LBN,2001,0.030788759
Lebanon,LBN,2002,0.031532142
Lebanon,LBN,2003,0.03240416
Lebanon,LBN,2004,0.033092268
Lebanon,LBN,2005,0.033671677
Lebanon,LBN,2006,0.03404168
Lebanon,LBN,2007,0.034284465
Lebanon,LBN,2008,0.034787856
Lebanon,LBN,2009,0.035551526
Lebanon,LBN,2010,0.036158904
Lebanon,LBN,2011,0.03672527
Lebanon,LBN,2012,0.037397925
Lebanon,LBN,2013,0.038017996
Lebanon,LBN,2014,0.03872695
Lebanon,LBN,2015,0.039518975
Lebanon,LBN,2016,0.04032067
Lebanon,LBN,2017,0.04115862
Lebanon,LBN,2018,0.041816324
Lebanon,LBN,2019,0.042395614
Lebanon,LBN,2020,0.042913172
Lebanon,LBN,2021,0.04312377
Lebanon,LBN,2022,0.043077353
Lebanon,LBN,2023,0.04303035
Lebanon,LBN,2024,0.042978477
Lesotho,LSO,1990,0.0001824984
Lesotho,LSO,1991,0.000361415
Lesotho,LSO,1992,0.00053790305
Lesotho,LSO,1993,0.0007101467
Lesotho,LSO,1994,0.00087834086
Lesotho,LSO,1995,0.0010411146
Lesotho,LSO,1996,0.0011979835
Lesotho,LSO,1997,0.001350212
Lesotho,LSO,1998,0.0014984224
Lesotho,LSO,1999,0.0016408514
Lesotho,LSO,2000,0.0017778161
Lesotho,LSO,2001,0.0019099839
Lesotho,LSO,2002,0.0020379024
Lesotho,LSO,2003,0.0021594563
Lesotho,LSO,2004,0.0022774183
Lesotho,LSO,2005,0.0023904608
Lesotho,LSO,2006,0.0024977478
Lesotho,LSO,2007,0.0026011067
Lesotho,LSO,2008,0.0027019312
Lesotho,LSO,2009,0.0028062458
Lesotho,LSO,2010,0.0029061157
Lesotho,LSO,2011,0.0030337477
Lesotho,LSO,2012,0.0031564168
Lesotho,LSO,2013,0.00322634
Lesotho,LSO,2014,0.0033004233
Lesotho,LSO,2015,0.003358146
Lesotho,LSO,2016,0.0034120802
Lesotho,LSO,2017,0.0034787143
Lesotho,LSO,2018,0.0035333065
Lesotho,LSO,2019,0.003586048
Lesotho,LSO,2020,0.00362875
Lesotho,LSO,2021,0.003730097
Lesotho,LSO,2022,0.0037950655
Lesotho,LSO,2023,0.0038529462
Lesotho,LSO,2024,0.0039116
Liberia,LBR,1950,0.000020540765
Liberia,LBR,1951,0.0000384435
Liberia,LBR,1952,0.000059884096
Liberia,LBR,1953,0.00008161964
Liberia,LBR,1954,0.00011920976
Liberia,LBR,1955,0.00013793919
Liberia,LBR,1956,0.00015135483
Liberia,LBR,1957,0.00017686878
Liberia,LBR,1958,0.00022729994
Liberia,LBR,1959,0.00026835833
Liberia,LBR,1960,0.00031365373
Liberia,LBR,1961,0.00035508888
Liberia,LBR,1962,0.00042170438
Liberia,LBR,1963,0.0005140932
Liberia,LBR,1964,0.0006368526
Liberia,LBR,1965,0.0007715608
Liberia,LBR,1966,0.0009115093
Liberia,LBR,1967,0.0010417866
Liberia,LBR,1968,0.0012303094
Liberia,LBR,1969,0.0014985648
Liberia,LBR,1970,0.0017869194
Liberia,LBR,1971,0.0020695627
Liberia,LBR,1972,0.002325331
Liberia,LBR,1973,0.002553561
Liberia,LBR,1974,0.002815586
Liberia,LBR,1975,0.003013305
Liberia,LBR,1976,0.003191413
Liberia,LBR,1977,0.0033539943
Liberia,LBR,1978,0.0035074656
Liberia,LBR,1979,0.003723121
Liberia,LBR,1980,0.003941333
Liberia,LBR,1981,0.0041329507
Liberia,LBR,1982,0.0041053523
Liberia,LBR,1983,0.0040948126
Liberia,LBR,1984,0.0040798825
Liberia,LBR,1985,0.00406474
Liberia,LBR,1986,0.00404974
Liberia,LBR,1987,0.0040367325
Liberia,LBR,1988,0.0040268106
Liberia,LBR,1989,0.003996931
Liberia,LBR,1990,0.003940871
Liberia,LBR,1991,0.0038758395
Liberia,LBR,1992,0.0038194149
Liberia,LBR,1993,0.0037678357
Liberia,LBR,1994,0.003717711
Liberia,LBR,1995,0.0036680168
Liberia,LBR,1996,0.0036192553
Liberia,LBR,1997,0.0035743176
Liberia,LBR,1998,0.0035345815
Liberia,LBR,1999,0.0034853788
Liberia,LBR,2000,0.0034388152
Liberia,LBR,2001,0.0033949518
Liberia,LBR,2002,0.00335306
Liberia,LBR,2003,0.003311586
Liberia,LBR,2004,0.003276508
Liberia,LBR,2005,0.0032495258
Liberia,LBR,2006,0.003222741
Liberia,LBR,2007,0.0031917144
Liberia,LBR,2008,0.0031531842
Liberia,LBR,2009,0.003117145
Liberia,LBR,2010,0.0030926096
Liberia,LBR,2011,0.00307489
Liberia,LBR,2012,0.0030635686
Liberia,LBR,2013,0.0030493008
Liberia,LBR,2014,0.0030258282
Liberia,LBR,2015,0.0030012806
Liberia,LBR,2016,0.0029745216
Liberia,LBR,2017,0.0029491787
Liberia,LBR,2018,0.0029199796
Liberia,LBR,2019,0.0029108834
Liberia,LBR,2020,0.0028963569
Liberia,LBR,2021,0.0028799158
Liberia,LBR,2022,0.0028676724
Liberia,LBR,2023,0.0028533998
Liberia,LBR,2024,0.0028403122
Libya,LBY,1950,0.0000616223
Libya,LBY,1951,0.00013070791
Libya,LBY,1952,0.00019462331
Libya,LBY,1953,0.00028858372
Libya,LBY,1954,0.00039736586
Libya,LBY,1955,0.00054761855
Libya,LBY,1956,0.00065229915
Libya,LBY,1957,0.0007438893
Libya,LBY,1958,0.00084353535
Libya,LBY,1959,0.000963149
Libya,LBY,1960,0.0011583803
Libya,LBY,1961,0.0014999047
Libya,LBY,1962,0.0017751853
Libya,LBY,1963,0.0021539854
Libya,LBY,1964,0.0022773258
Libya,LBY,1965,0.0024877237
Libya,LBY,1966,0.0031148982
Libya,LBY,1967,0.007830571
Libya,LBY,1968,0.015162156
Libya,LBY,1969,0.023302745
Libya,LBY,1970,0.03007704
Libya,LBY,1971,0.03392289
Libya,LBY,1972,0.036047317
Libya,LBY,1973,0.03782189
Libya,LBY,1974,0.038413763
Libya,LBY,1975,0.039405566
Libya,LBY,1976,0.041467022
Libya,LBY,1977,0.04377786
Libya,LBY,1978,0.046053458
Libya,LBY,1979,0.048958607
Libya,LBY,1980,0.051825892
Libya,LBY,1981,0.054864436
Libya,LBY,1982,0.05803367
Libya,LBY,1983,0.060943212
Libya,LBY,1984,0.06336283
Libya,LBY,1985,0.065973096
Libya,LBY,1986,0.0688115
Libya,LBY,1987,0.071219474
Libya,LBY,1988,0.07391576
Libya,LBY,1989,0.076549634
Libya,LBY,1990,0.0789177
Libya,LBY,1991,0.08184514
Libya,LBY,1992,0.084025286
Libya,LBY,1993,0.086263
Libya,LBY,1994,0.089773275
Libya,LBY,1995,0.093404725
Libya,LBY,1996,0.09671415
Libya,LBY,1997,0.09961932
Libya,LBY,1998,0.102378145
Libya,LBY,1999,0.10481308
Libya,LBY,2000,0.10734811
Libya,LBY,2001,0.10973209
Libya,LBY,2002,0.1118923
Libya,LBY,2003,0.11407373
Libya,LBY,2004,0.116173126
Libya,LBY,2005,0.117998734
Libya,LBY,2006,0.11926337
Libya,LBY,2007,0.11981145
Libya,LBY,2008,0.12069616
Libya,LBY,2009,0.121734664
Libya,LBY,2010,0.1231197
Libya,LBY,2011,0.12392536
Libya,LBY,2012,0.125221
Libya,LBY,2013,0.12571666
Libya,LBY,2014,0.12731974
Libya,LBY,2015,0.12836017
Libya,LBY,2016,0.12912951
Libya,LBY,2017,0.13042828
Libya,LBY,2018,0.1313345
Libya,LBY,2019,0.13284218
Libya,LBY,2020,0.13221826
Libya,LBY,2021,0.13265447
Libya,LBY,2022,0.13317306
Libya,LBY,2023,0.13391805
Libya,LBY,2024,0.13465188
Liechtenstein,LIE,1959,0.000003915264
Liechtenstein,LIE,1960,0.000008804909
Liechtenstein,LIE,1961,0.00001385005
Liechtenstein,LIE,1962,0.000018736508
Liechtenstein,LIE,1963,0.000023722629
Liechtenstein,LIE,1964,0.00003947975
Liechtenstein,LIE,1965,0.00005559309
Liechtenstein,LIE,1966,0.00007025093
Liechtenstein,LIE,1967,0.00008380404
Liechtenstein,LIE,1968,0.000099679186
Liechtenstein,LIE,1969,0.000117656404
Liechtenstein,LIE,1970,0.00013961608
Liechtenstein,LIE,1971,0.00016104947
Liechtenstein,LIE,1972,0.00017884448
Liechtenstein,LIE,1973,0.00020076758
Liechtenstein,LIE,1974,0.00021603805
Liechtenstein,LIE,1975,0.0002358541
Liechtenstein,LIE,1976,0.00025324605
Liechtenstein,LIE,1977,0.00027266736
Liechtenstein,LIE,1978,0.00029040943
Liechtenstein,LIE,1979,0.00030309972
Liechtenstein,LIE,1980,0.00031952636
Liechtenstein,LIE,1981,0.0003336677
Liechtenstein,LIE,1982,0.00034011735
Liechtenstein,LIE,1983,0.00035019236
Liechtenstein,LIE,1984,0.00036025696
Liechtenstein,LIE,1985,0.00037423123
Liechtenstein,LIE,1986,0.00039072867
Liechtenstein,LIE,1987,0.00039783918
Liechtenstein,LIE,1988,0.00040988388
Liechtenstein,LIE,1989,0.0004221397
Liechtenstein,LIE,1990,0.00043490282
Liechtenstein,LIE,1991,0.00044759797
Liechtenstein,LIE,1992,0.00046004486
Liechtenstein,LIE,1993,0.00047265092
Liechtenstein,LIE,1994,0.00048294774
Liechtenstein,LIE,1995,0.00049277674
Liechtenstein,LIE,1996,0.0005019222
Liechtenstein,LIE,1997,0.0005118125
Liechtenstein,LIE,1998,0.00052235427
Liechtenstein,LIE,1999,0.0005318483
Liechtenstein,LIE,2000,0.0005396139
Liechtenstein,LIE,2001,0.0005467123
Liechtenstein,LIE,2002,0.00055367674
Liechtenstein,LIE,2003,0.0005604543
Liechtenstein,LIE,2004,0.0005664391
Liechtenstein,LIE,2005,0.0005716205
Liechtenstein,LIE,2006,0.00057625136
Liechtenstein,LIE,2007,0.0005777948
Liechtenstein,LIE,2008,0.0005804793
Liechtenstein,LIE,2009,0.0005821917
Liechtenstein,LIE,2010,0.000581954
Liechtenstein,LIE,2011,0.00058021565
Liechtenstein,LIE,2012,0.0005789724
Liechtenstein,LIE,2013,0.00057816063
Liechtenstein,LIE,2014,0.00057520147
Liechtenstein,LIE,2015,0.0005723041
Liechtenstein,LIE,2016,0.00056889787
Liechtenstein,LIE,2017,0.0005658028
Liechtenstein,LIE,2018,0.0005617882
Liechtenstein,LIE,2019,0.00055819843
Liechtenstein,LIE,2020,0.0005549801
Liechtenstein,LIE,2021,0.0005515789
Liechtenstein,LIE,2022,0.00054714095
Liechtenstein,LIE,2023,0.0005428766
Liechtenstein,LIE,2024,0.00053866283
Lithuania,LTU,1830,0.000008593166
Lithuania,LTU,1831,0.000018213772
Lithuania,LTU,1832,0.000023994582
Lithuania,LTU,1833,0.000030915053
Lithuania,LTU,1850,0.000040839834
Lithuania,LTU,1855,0.0000937083
Lithuania,LTU,1858,0.0001566096
Lithuania,LTU,1859,0.00022564206
Lithuania,LTU,1860,0.0003111006
Lithuania,LTU,1861,0.00041302454
Lithuania,LTU,1862,0.000494861
Lithuania,LTU,1863,0.0005727269
Lithuania,LTU,1864,0.000653349
Lithuania,LTU,1865,0.0007203817
Lithuania,LTU,1866,0.0009812356
Lithuania,LTU,1867,0.0012567454
Lithuania,LTU,1868,0.0014540954
Lithuania,LTU,1869,0.0017164493
Lithuania,LTU,1870,0.001980415
Lithuania,LTU,1871,0.0023295796
Lithuania,LTU,1872,0.0026466998
Lithuania,LTU,1873,0.0029008565
Lithuania,LTU,1874,0.003218895
Lithuania,LTU,1875,0.0035620967
Lithuania,LTU,1876,0.0039861235
Lithuania,LTU,1877,0.004382195
Lithuania,LTU,1878,0.004910965
Lithuania,LTU,1879,0.0054001585
Lithuania,LTU,1880,0.0059339474
Lithuania,LTU,1881,0.0064508445
Lithuania,LTU,1882,0.00694604
Lithuania,LTU,1883,0.0074815406
Lithuania,LTU,1884,0.007977933
Lithuania,LTU,1885,0.008499978
Lithuania,LTU,1886,0.00899441
Lithuania,LTU,1887,0.009477537
Lithuania,LTU,1888,0.009913812
Lithuania,LTU,1889,0.010378294
Lithuania,LTU,1890,0.010878493
Lithuania,LTU,1891,0.011405966
Lithuania,LTU,1892,0.01194109
Lithuania,LTU,1893,0.012607831
Lithuania,LTU,1894,0.013224305
Lithuania,LTU,1895,0.013922097
Lithuania,LTU,1896,0.0145672485
Lithuania,LTU,1897,0.01531555
Lithuania,LTU,1898,0.016127313
Lithuania,LTU,1899,0.017034354
Lithuania,LTU,1900,0.018030997
Lithuania,LTU,1901,0.018963609
Lithuania,LTU,1902,0.01974282
Lithuania,LTU,1903,0.0203514
Lithuania,LTU,1904,0.02105793
Lithuania,LTU,1905,0.021487053
Lithuania,LTU,1906,0.022020815
Lithuania,LTU,1907,0.022547984
Lithuania,LTU,1908,0.023077825
Lithuania,LTU,1909,0.023603015
Lithuania,LTU,1910,0.024007678
Lithuania,LTU,1911,0.02441345
Lithuania,LTU,1912,0.024916025
Lithuania,LTU,1913,0.025418965
Lithuania,LTU,1914,0.025831308
Lithuania,LTU,1915,0.026118563
Lithuania,LTU,1916,0.02638941
Lithuania,LTU,1917,0.026499689
Lithuania,LTU,1918,0.025970638
Lithuania,LTU,1919,0.025536267
Lithuania,LTU,1920,0.024974791
Lithuania,LTU,1921,0.024574917
Lithuania,LTU,1922,0.024234798
Lithuania,LTU,1923,0.02386151
Lithuania,LTU,1924,0.023586156
Lithuania,LTU,1925,0.023316927
Lithuania,LTU,1926,0.023275306
Lithuania,LTU,1927,0.023327589
Lithuania,LTU,1928,0.023456022
Lithuania,LTU,1929,0.023589177
Lithuania,LTU,1930,0.024077164
Lithuania,LTU,1931,0.024835998
Lithuania,LTU,1932,0.02578329
Lithuania,LTU,1933,0.026832176
Lithuania,LTU,1934,0.028113032
Lithuania,LTU,1935,0.029545352
Lithuania,LTU,1936,0.031137802
Lithuania,LTU,1937,0.032647558
Lithuania,LTU,1938,0.03425853
Lithuania,LTU,1939,0.035772074
Lithuania,LTU,1940,0.037585624
Lithuania,LTU,1941,0.038952596
Lithuania,LTU,1942,0.039203413
Lithuania,LTU,1943,0.039476704
Lithuania,LTU,1944,0.04028395
Lithuania,LTU,1945,0.04132286
Lithuania,LTU,1946,0.042477854
Lithuania,LTU,1947,0.04387904
Lithuania,LTU,1948,0.04530412
Lithuania,LTU,1949,0.04704517
Lithuania,LTU,1950,0.04886198
Lithuania,LTU,1951,0.05073571
Lithuania,LTU,1952,0.05271286
Lithuania,LTU,1953,0.054735217
Lithuania,LTU,1954,0.056926996
Lithuania,LTU,1955,0.059333697
Lithuania,LTU,1956,0.061879225
Lithuania,LTU,1957,0.06461318
Lithuania,LTU,1958,0.067437015
Lithuania,LTU,1959,0.07023274
Lithuania,LTU,1960,0.07293343
Lithuania,LTU,1961,0.075617984
Lithuania,LTU,1962,0.078307316
Lithuania,LTU,1963,0.08106814
Lithuania,LTU,1964,0.08385136
Lithuania,LTU,1965,0.08666275
Lithuania,LTU,1966,0.08946675
Lithuania,LTU,1967,0.09225943
Lithuania,LTU,1968,0.094878905
Lithuania,LTU,1969,0.09735994
Lithuania,LTU,1970,0.09969918
Lithuania,LTU,1971,0.102091365
Lithuania,LTU,1972,0.10446462
Lithuania,LTU,1973,0.10673971
Lithuania,LTU,1974,0.10910865
Lithuania,LTU,1975,0.11163073
Lithuania,LTU,1976,0.11403344
Lithuania,LTU,1977,0.116381325
Lithuania,LTU,1978,0.11864871
Lithuania,LTU,1979,0.120718956
Lithuania,LTU,1980,0.12290662
Lithuania,LTU,1981,0.12496417
Lithuania,LTU,1982,0.12703782
Lithuania,LTU,1983,0.12904519
Lithuania,LTU,1984,0.13088617
Lithuania,LTU,1985,0.13291053
Lithuania,LTU,1986,0.13414788
Lithuania,LTU,1987,0.1351959
Lithuania,LTU,1988,0.13609259
Lithuania,LTU,1989,0.13693452
Lithuania,LTU,1990,0.13750567
Lithuania,LTU,1991,0.13821761
Lithuania,LTU,1992,0.13704988
Lithuania,LTU,1993,0.13535282
Lithuania,LTU,1994,0.13364674
Lithuania,LTU,1995,0.13187116
Lithuania,LTU,1996,0.13015741
Lithuania,LTU,1997,0.12845035
Lithuania,LTU,1998,0.12692158
Lithuania,LTU,1999,0.12514919
Lithuania,LTU,2000,0.12322783
Lithuania,LTU,2001,0.121447526
Lithuania,LTU,2002,0.11969478
Lithuania,LTU,2003,0.11787783
Lithuania,LTU,2004,0.116103224
Lithuania,LTU,2005,0.11437031
Lithuania,LTU,2006,0.11265696
Lithuania,LTU,2007,0.111049816
Lithuania,LTU,2008,0.109431356
Lithuania,LTU,2009,0.107776724
Lithuania,LTU,2010,0.10612954
Lithuania,LTU,2011,0.10448536
Lithuania,LTU,2012,0.1028936
Lithuania,LTU,2013,0.101293646
Lithuania,LTU,2014,0.09973668
Lithuania,LTU,2015,0.09826964
Lithuania,LTU,2016,0.09687379
Lithuania,LTU,2017,0.09551622
Lithuania,LTU,2018,0.09418318
Lithuania,LTU,2019,0.092903346
Lithuania,LTU,2020,0.09177477
Lithuania,LTU,2021,0.090618715
Lithuania,LTU,2022,0.089427575
Lithuania,LTU,2023,0.08823681
Lithuania,LTU,2024,0.0870732
Low-income countries,,1905,0.000024705008
Low-income countries,,1909,0.00024221801
Low-income countries,,1910,0.0004979598
Low-income countries,,1911,0.0007792187
Low-income countries,,1912,0.0011079718
Low-income countries,,1913,0.0014614355
Low-income countries,,1914,0.0019584862
Low-income countries,,1915,0.0025524816
Low-income countries,,1916,0.0029881625
Low-income countries,,1918,0.0032570232
Low-income countries,,1919,0.0037162297
Low-income countries,,1920,0.004292373
Low-income countries,,1921,0.0049053687
Low-income countries,,1922,0.0055585094
Low-income countries,,1923,0.0063583977
Low-income countries,,1924,0.007195208
Low-income countries,,1925,0.008435355
Low-income countries,,1926,0.009753415
Low-income countries,,1927,0.011044347
Low-income countries,,1928,0.012484462
Low-income countries,,1929,0.014041649
Low-income countries,,1930,0.015504479
Low-income countries,,1931,0.01693389
Low-income countries,,1932,0.018527843
Low-income countries,,1933,0.020326136
Low-income countries,,1934,0.022719743
Low-income countries,,1935,0.025455056
Low-income countries,,1936,0.028555738
Low-income countries,,1937,0.03175771
Low-income countries,,1938,0.036111515
Low-income countries,,1939,0.041692134
Low-income countries,,1940,0.04863306
Low-income countries,,1941,0.05608198
Low-income countries,,1942,0.06404933
Low-income countries,,1943,0.07134061
Low-income countries,,1944,0.07867924
Low-income countries,,1945,0.07718826
Low-income countries,,1946,0.07571459
Low-income countries,,1947,0.074123874
Low-income countries,,1948,0.073134035
Low-income countries,,1949,0.072496735
Low-income countries,,1950,0.072986595
Low-income countries,,1951,0.073549524
Low-income countries,,1952,0.07439665
Low-income countries,,1953,0.07564638
Low-income countries,,1954,0.07998091
Low-income countries,,1955,0.08491595
Low-income countries,,1956,0.090115935
Low-income countries,,1957,0.096371874
Low-income countries,,1958,0.103304304
Low-income countries,,1959,0.1114241
Low-income countries,,1960,0.120915994
Low-income countries,,1961,0.1304586
Low-income countries,,1962,0.14095409
Low-income countries,,1963,0.151177
Low-income countries,,1964,0.1619461
Low-income countries,,1965,0.17457333
Low-income countries,,1966,0.18751122
Low-income countries,,1967,0.2007754
Low-income countries,,1968,0.21790436
Low-income countries,,1969,0.2339483
Low-income countries,,1970,0.25002852
Low-income countries,,1971,0.27311108
Low-income countries,,1972,0.28979856
Low-income countries,,1973,0.3068552
Low-income countries,,1974,0.32404375
Low-income countries,,1975,0.34124574
Low-income countries,,1976,0.35744962
Low-income countries,,1977,0.3733402
Low-income countries,,1978,0.38690686
Low-income countries,,1979,0.40126598
Low-income countries,,1980,0.41522834
Low-income countries,,1981,0.42960313
Low-income countries,,1982,0.4433017
Low-income countries,,1983,0.4581866
Low-income countries,,1984,0.47399053
Low-income countries,,1985,0.489682
Low-income countries,,1986,0.50622857
Low-income countries,,1987,0.5246977
Low-income countries,,1988,0.5450932
Low-income countries,,1989,0.56506735
Low-income countries,,1990,0.57257736
Low-income countries,,1991,0.57906556
Low-income countries,,1992,0.5838824
Low-income countries,,1993,0.587385
Low-income countries,,1994,0.58999234
Low-income countries,,1995,0.5918355
Low-income countries,,1996,0.59237546
Low-income countries,,1997,0.5929264
Low-income countries,,1998,0.5934454
Low-income countries,,1999,0.5945963
Low-income countries,,2000,0.5958208
Low-income countries,,2001,0.59711355
Low-income countries,,2002,0.596944
Low-income countries,,2003,0.59803
Low-income countries,,2004,0.5987499
Low-income countries,,2005,0.599352
Low-income countries,,2006,0.60013247
Low-income countries,,2007,0.6008434
Low-income countries,,2008,0.602201
Low-income countries,,2009,0.6036971
Low-income countries,,2010,0.60430145
Low-income countries,,2011,0.6031007
Low-income countries,,2012,0.60073775
Low-income countries,,2013,0.59764445
Low-income countries,,2014,0.5951241
Low-income countries,,2015,0.5912789
Low-income countries,,2016,0.5880504
Low-income countries,,2017,0.5874019
Low-income countries,,2018,0.5863754
Low-income countries,,2019,0.58619666
Low-income countries,,2020,0.5862635
Low-income countries,,2021,0.5853097
Low-income countries,,2022,0.5843532
Low-income countries,,2023,0.58361137
Low-income countries,,2024,0.5828373
Lower-middle-income countries,,1830,0.000028838846
Lower-middle-income countries,,1831,0.00006114623
Lower-middle-income countries,,1832,0.00008048444
Lower-middle-income countries,,1833,0.0001037111
Lower-middle-income countries,,1850,0.00013704825
Lower-middle-income countries,,1855,0.00031460062
Lower-middle-income countries,,1858,0.0063667716
Lower-middle-income countries,,1859,0.015368092
Lower-middle-income countries,,1860,0.02370195
Lower-middle-income countries,,1861,0.029447917
Lower-middle-income countries,,1862,0.03533653
Lower-middle-income countries,,1863,0.041288193
Lower-middle-income countries,,1864,0.046248045
Lower-middle-income countries,,1865,0.050562922
Lower-middle-income countries,,1866,0.055795666
Lower-middle-income countries,,1867,0.054280546
Lower-middle-income countries,,1868,0.052691583
Lower-middle-income countries,,1869,0.05137885
Lower-middle-income countries,,1870,0.05021041
Lower-middle-income countries,,1871,0.049423095
Lower-middle-income countries,,1872,0.048554838
Lower-middle-income countries,,1873,0.047568806
Lower-middle-income countries,,1874,0.047036503
Lower-middle-income countries,,1875,0.046616018
Lower-middle-income countries,,1876,0.04662224
Lower-middle-income countries,,1877,0.04661757
Lower-middle-income countries,,1878,0.057569224
Lower-middle-income countries,,1879,0.06707508
Lower-middle-income countries,,1880,0.076902166
Lower-middle-income countries,,1881,0.08567047
Lower-middle-income countries,,1882,0.09536285
Lower-middle-income countries,,1883,0.10537021
Lower-middle-income countries,,1884,0.115808226
Lower-middle-income countries,,1885,0.124327995
Lower-middle-income countries,,1886,0.13332833
Lower-middle-income countries,,1887,0.1426716
Lower-middle-income countries,,1888,0.1520509
Lower-middle-income countries,,1889,0.16290039
Lower-middle-income countries,,1890,0.17406163
Lower-middle-income countries,,1891,0.18535355
Lower-middle-income countries,,1892,0.19790755
Lower-middle-income countries,,1893,0.21229592
Lower-middle-income countries,,1894,0.22452562
Lower-middle-income countries,,1895,0.23934439
Lower-middle-income countries,,1896,0.25473443
Lower-middle-income countries,,1897,0.2710617
Lower-middle-income countries,,1898,0.28844124
Lower-middle-income countries,,1899,0.30640435
Lower-middle-income countries,,1900,0.3265276
Lower-middle-income countries,,1901,0.34729534
Lower-middle-income countries,,1902,0.3682883
Lower-middle-income countries,,1903,0.3871353
Lower-middle-income countries,,1904,0.4085156
Lower-middle-income countries,,1905,0.42726505
Lower-middle-income countries,,1906,0.4488001
Lower-middle-income countries,,1907,0.470088
Lower-middle-income countries,,1908,0.49553895
Lower-middle-income countries,,1909,0.51733667
Lower-middle-income countries,,1910,0.53568125
Lower-middle-income countries,,1911,0.55396956
Lower-middle-income countries,,1912,0.5751379
Lower-middle-income countries,,1913,0.5969722
Lower-middle-income countries,,1914,0.6201634
Lower-middle-income countries,,1915,0.6433879
Lower-middle-income countries,,1916,0.66439056
Lower-middle-income countries,,1917,0.6844433
Lower-middle-income countries,,1918,0.7061549
Lower-middle-income countries,,1919,0.7330157
Lower-middle-income countries,,1920,0.7469233
Lower-middle-income countries,,1921,0.7661971
Lower-middle-income countries,,1922,0.7827181
Lower-middle-income countries,,1923,0.7967579
Lower-middle-income countries,,1924,0.81290895
Lower-middle-income countries,,1925,0.8280246
Lower-middle-income countries,,1926,0.8436232
Lower-middle-income countries,,1927,0.8586873
Lower-middle-income countries,,1928,0.875848
Lower-middle-income countries,,1929,0.89131325
Lower-middle-income countries,,1930,0.9093911
Lower-middle-income countries,,1931,0.92622846
Lower-middle-income countries,,1932,0.9428154
Lower-middle-income countries,,1933,0.95758146
Lower-middle-income countries,,1934,0.9739877
Lower-middle-income countries,,1935,0.9908161
Lower-middle-income countries,,1936,1.0058784
Lower-middle-income countries,,1937,1.0222203
Lower-middle-income countries,,1938,1.0430923
Lower-middle-income countries,,1939,1.0621672
Lower-middle-income countries,,1940,1.0815825
Lower-middle-income countries,,1941,1.0994406
Lower-middle-income countries,,1942,1.1107255
Lower-middle-income countries,,1943,1.1172485
Lower-middle-income countries,,1944,1.1250389
Lower-middle-income countries,,1945,1.1394254
Lower-middle-income countries,,1946,1.1522859
Lower-middle-income countries,,1947,1.1634232
Lower-middle-income countries,,1948,1.1743815
Lower-middle-income countries,,1949,1.18961
Lower-middle-income countries,,1950,1.213697
Lower-middle-income countries,,1951,1.2373753
Lower-middle-income countries,,1952,1.2635167
Lower-middle-income countries,,1953,1.2891117
Lower-middle-income countries,,1954,1.3168006
Lower-middle-income countries,,1955,1.3453977
Lower-middle-income countries,,1956,1.3731401
Lower-middle-income countries,,1957,1.4046788
Lower-middle-income countries,,1958,1.4376004
Lower-middle-income countries,,1959,1.4699115
Lower-middle-income countries,,1960,1.5045999
Lower-middle-income countries,,1961,1.5412123
Lower-middle-income countries,,1962,1.5808485
Lower-middle-income countries,,1963,1.6225789
Lower-middle-income countries,,1964,1.6630497
Lower-middle-income countries,,1965,1.7072756
Lower-middle-income countries,,1966,1.7521429
Lower-middle-income countries,,1967,1.793755
Lower-middle-income countries,,1968,1.8358932
Lower-middle-income countries,,1969,1.876037
Lower-middle-income countries,,1970,1.9153012
Lower-middle-income countries,,1971,1.9560118
Lower-middle-income countries,,1972,1.9968961
Lower-middle-income countries,,1973,2.0382035
Lower-middle-income countries,,1974,2.0817034
Lower-middle-income countries,,1975,2.1262245
Lower-middle-income countries,,1976,2.1686704
Lower-middle-income countries,,1977,2.210589
Lower-middle-income countries,,1978,2.250022
Lower-middle-income countries,,1979,2.293308
Lower-middle-income countries,,1980,2.3392122
Lower-middle-income countries,,1981,2.3887908
Lower-middle-income countries,,1982,2.4397955
Lower-middle-income countries,,1983,2.4923944
Lower-middle-income countries,,1984,2.543408
Lower-middle-income countries,,1985,2.5971038
Lower-middle-income countries,,1986,2.6522558
Lower-middle-income countries,,1987,2.7069354
Lower-middle-income countries,,1988,2.7642086
Lower-middle-income countries,,1989,2.8206596
Lower-middle-income countries,,1990,2.8780253
Lower-middle-income countries,,1991,2.935725
Lower-middle-income countries,,1992,3.0005703
Lower-middle-income countries,,1993,3.0669377
Lower-middle-income countries,,1994,3.1392777
Lower-middle-income countries,,1995,3.2139583
Lower-middle-income countries,,1996,3.2941387
Lower-middle-income countries,,1997,3.3775113
Lower-middle-income countries,,1998,3.461602
Lower-middle-income countries,,1999,3.5494242
Lower-middle-income countries,,2000,3.6375554
Lower-middle-income countries,,2001,3.7228537
Lower-middle-income countries,,2002,3.8064404
Lower-middle-income countries,,2003,3.8886766
Lower-middle-income countries,,2004,3.9729378
Lower-middle-income countries,,2005,4.0578895
Lower-middle-income countries,,2006,4.1450195
Lower-middle-income countries,,2007,4.2354198
Lower-middle-income countries,,2008,4.330301
Lower-middle-income countries,,2009,4.4321437
Lower-middle-income countries,,2010,4.533648
Lower-middle-income countries,,2011,4.6380606
Lower-middle-income countries,,2012,4.747086
Lower-middle-income countries,,2013,4.856636
Lower-middle-income countries,,2014,4.9757137
Lower-middle-income countries,,2015,5.0989666
Lower-middle-income countries,,2016,5.2309766
Lower-middle-income countries,,2017,5.364876
Lower-middle-income countries,,2018,5.5021186
Lower-middle-income countries,,2019,5.6397824
Lower-middle-income countries,,2020,5.768841
Lower-middle-income countries,,2021,5.9056473
Lower-middle-income countries,,2022,6.0416064
Lower-middle-income countries,,2023,6.184012
Lower-middle-income countries,,2024,6.3301473
Luxembourg,LUX,1945,0.000012377512
Luxembourg,LUX,1946,0.000029400515
Luxembourg,LUX,1947,0.00004895039
Luxembourg,LUX,1948,0.000070790484
Luxembourg,LUX,1949,0.000094894356
Luxembourg,LUX,1950,0.0032950162
Luxembourg,LUX,1951,0.0069924574
Luxembourg,LUX,1952,0.010653542
Luxembourg,LUX,1953,0.013816959
Luxembourg,LUX,1954,0.016857928
Luxembourg,LUX,1955,0.020110989
Luxembourg,LUX,1956,0.02332261
Luxembourg,LUX,1957,0.026495485
Luxembourg,LUX,1958,0.029205525
Luxembourg,LUX,1959,0.031829003
Luxembourg,LUX,1960,0.034595247
Luxembourg,LUX,1961,0.037217822
Luxembourg,LUX,1962,0.03963692
Luxembourg,LUX,1963,0.041821405
Luxembourg,LUX,1964,0.044052754
Luxembourg,LUX,1965,0.046058875
Luxembourg,LUX,1966,0.047713935
Luxembourg,LUX,1967,0.049151823
Luxembourg,LUX,1968,0.050643917
Luxembourg,LUX,1969,0.05215831
Luxembourg,LUX,1970,0.053561304
Luxembourg,LUX,1971,0.05467064
Luxembourg,LUX,1972,0.05568307
Luxembourg,LUX,1973,0.056667373
Luxembourg,LUX,1974,0.057643186
Luxembourg,LUX,1975,0.058051288
Luxembourg,LUX,1976,0.058335565
Luxembourg,LUX,1977,0.05838116
Luxembourg,LUX,1978,0.058519118
Luxembourg,LUX,1979,0.058647048
Luxembourg,LUX,1980,0.058596253
Luxembourg,LUX,1981,0.0583431
Luxembourg,LUX,1982,0.058031324
Luxembourg,LUX,1983,0.057637196
Luxembourg,LUX,1984,0.05731198
Luxembourg,LUX,1985,0.05698209
Luxembourg,LUX,1986,0.05663011
Luxembourg,LUX,1987,0.056205906
Luxembourg,LUX,1988,0.055783905
Luxembourg,LUX,1989,0.055460807
Luxembourg,LUX,1990,0.055361904
Luxembourg,LUX,1991,0.05531052
Luxembourg,LUX,1992,0.055279244
Luxembourg,LUX,1993,0.0552521
Luxembourg,LUX,1994,0.055121895
Luxembourg,LUX,1995,0.0547067
Luxembourg,LUX,1996,0.054276425
Luxembourg,LUX,1997,0.053793795
Luxembourg,LUX,1998,0.053249776
Luxembourg,LUX,1999,0.05274902
Luxembourg,LUX,2000,0.052294165
Luxembourg,LUX,2001,0.051899154
Luxembourg,LUX,2002,0.051566243
Luxembourg,LUX,2003,0.05122769
Luxembourg,LUX,2004,0.05098147
Luxembourg,LUX,2005,0.05072671
Luxembourg,LUX,2006,0.050428968
Luxembourg,LUX,2007,0.05006096
Luxembourg,LUX,2008,0.049679093
Luxembourg,LUX,2009,0.049294345
Luxembourg,LUX,2010,0.04890441
Luxembourg,LUX,2011,0.048485067
Luxembourg,LUX,2012,0.04805364
Luxembourg,LUX,2013,0.047595534
Luxembourg,LUX,2014,0.04711835
Luxembourg,LUX,2015,0.046634223
Luxembourg,LUX,2016,0.046155952
Luxembourg,LUX,2017,0.045693196
Luxembourg,LUX,2018,0.045248568
Luxembourg,LUX,2019,0.044825736
Luxembourg,LUX,2020,0.044372812
Luxembourg,LUX,2021,0.043914605
Luxembourg,LUX,2022,0.043395218
Luxembourg,LUX,2023,0.04286
Luxembourg,LUX,2024,0.04234605
Macao,MAC,1954,0.000008514983
Macao,MAC,1955,0.000016552702
Macao,MAC,1956,0.000025449042
Macao,MAC,1957,0.000035113655
Macao,MAC,1958,0.00004419721
Macao,MAC,1959,0.000055142118
Macao,MAC,1960,0.00007009686
Macao,MAC,1961,0.00008992511
Macao,MAC,1962,0.000116332245
Macao,MAC,1963,0.00014424977
Macao,MAC,1964,0.00017655318
Macao,MAC,1965,0.00020764962
Macao,MAC,1966,0.0002414268
Macao,MAC,1967,0.00027666494
Macao,MAC,1968,0.0003101287
Macao,MAC,1969,0.00034077305
Macao,MAC,1970,0.00037705174
Macao,MAC,1971,0.0004152968
Macao,MAC,1972,0.00045103527
Macao,MAC,1973,0.00048190998
Macao,MAC,1974,0.0005196686
Macao,MAC,1975,0.0005606782
Macao,MAC,1976,0.00058968645
Macao,MAC,1977,0.0006263201
Macao,MAC,1978,0.0006786343
Macao,MAC,1979,0.00072692876
Macao,MAC,1980,0.0007910728
Macao,MAC,1981,0.00085311866
Macao,MAC,1982,0.0009037068
Macao,MAC,1983,0.0009811901
Macao,MAC,1984,0.0010421505
Macao,MAC,1985,0.0011169844
Macao,MAC,1986,0.0012070102
Macao,MAC,1987,0.0013037635
Macao,MAC,1988,0.0013927034
Macao,MAC,1989,0.0014845493
Macao,MAC,1990,0.0015544143
Macao,MAC,1991,0.0016274707
Macao,MAC,1992,0.0016992065
Macao,MAC,1993,0.001781016
Macao,MAC,1994,0.0018667802
Macao,MAC,1995,0.001941162
Macao,MAC,1996,0.0020289056
Macao,MAC,1997,0.002118742
Macao,MAC,1998,0.0022120972
Macao,MAC,1999,0.0022979823
Macao,MAC,2000,0.002388064
Macao,MAC,2001,0.0024765132
Macao,MAC,2002,0.002543788
Macao,MAC,2003,0.0026076331
Macao,MAC,2004,0.0026801755
Macao,MAC,2005,0.0027552699
Macao,MAC,2006,0.002805665
Macao,MAC,2007,0.002844151
Macao,MAC,2008,0.0028611384
Macao,MAC,2009,0.0029369837
Macao,MAC,2010,0.0029560754
Macao,MAC,2011,0.0029759896
Macao,MAC,2012,0.0029825023
Macao,MAC,2013,0.0029781603
Macao,MAC,2014,0.0029941604
Macao,MAC,2015,0.003041162
Macao,MAC,2016,0.0030865138
Macao,MAC,2017,0.0031379217
Macao,MAC,2018,0.0031434214
Macao,MAC,2019,0.0031462475
Macao,MAC,2020,0.0031419534
Macao,MAC,2021,0.0031345317
Macao,MAC,2022,0.0031273358
Macao,MAC,2023,0.003119136
Macao,MAC,2024,0.003111153
Madagascar,MDG,1933,0.000002402734
Madagascar,MDG,1934,0.000007038709
Madagascar,MDG,1935,0.000009157956
Madagascar,MDG,1945,0.00001063814
Madagascar,MDG,1947,0.000011843046
Madagascar,MDG,1948,0.000013196944
Madagascar,MDG,1949,0.000014501259
Madagascar,MDG,1950,0.00014526235
Madagascar,MDG,1951,0.00024438777
Madagascar,MDG,1952,0.00036368598
Madagascar,MDG,1953,0.000454631
Madagascar,MDG,1954,0.00055478886
Madagascar,MDG,1955,0.0006537305
Madagascar,MDG,1956,0.0007513181
Madagascar,MDG,1957,0.0008413318
Madagascar,MDG,1958,0.0009457276
Madagascar,MDG,1959,0.0010427088
Madagascar,MDG,1960,0.0011404718
Madagascar,MDG,1961,0.0012185158
Madagascar,MDG,1962,0.0013030447
Madagascar,MDG,1963,0.0014000492
Madagascar,MDG,1964,0.0014952507
Madagascar,MDG,1965,0.0016029452
Madagascar,MDG,1966,0.0017074444
Madagascar,MDG,1967,0.0018724018
Madagascar,MDG,1968,0.0020412907
Madagascar,MDG,1969,0.0021797847
Madagascar,MDG,1970,0.0023315358
Madagascar,MDG,1971,0.0024820915
Madagascar,MDG,1972,0.0026751775
Madagascar,MDG,1973,0.0028051028
Madagascar,MDG,1974,0.0029495973
Madagascar,MDG,1975,0.0031839395
Madagascar,MDG,1976,0.0032644102
Madagascar,MDG,1977,0.0033096366
Madagascar,MDG,1978,0.0033783948
Madagascar,MDG,1979,0.0034591875
Madagascar,MDG,1980,0.0036156008
Madagascar,MDG,1981,0.00367062
Madagascar,MDG,1982,0.0037215173
Madagascar,MDG,1983,0.0037134693
Madagascar,MDG,1984,0.0037346666
Madagascar,MDG,1985,0.003777702
Madagascar,MDG,1986,0.003828459
Madagascar,MDG,1987,0.0038925428
Madagascar,MDG,1988,0.0039493022
Madagascar,MDG,1989,0.0039555556
Madagascar,MDG,1990,0.0039611454
Madagascar,MDG,1991,0.003973871
Madagascar,MDG,1992,0.0039865244
Madagascar,MDG,1993,0.004000405
Madagascar,MDG,1994,0.0040263515
Madagascar,MDG,1995,0.004052985
Madagascar,MDG,1996,0.0040811817
Madagascar,MDG,1997,0.0041368315
Madagascar,MDG,1998,0.0041985405
Madagascar,MDG,1999,0.004269488
Madagascar,MDG,2000,0.00435233
Madagascar,MDG,2001,0.0044110077
Madagascar,MDG,2002,0.0044177133
Madagascar,MDG,2003,0.0044601844
Madagascar,MDG,2004,0.004505984
Madagascar,MDG,2005,0.004540426
Madagascar,MDG,2006,0.004563957
Madagascar,MDG,2007,0.004587252
Madagascar,MDG,2008,0.004612078
Madagascar,MDG,2009,0.0046308474
Madagascar,MDG,2010,0.0046553477
Madagascar,MDG,2011,0.004707991
Madagascar,MDG,2012,0.004779866
Madagascar,MDG,2013,0.004874887
Madagascar,MDG,2014,0.0049586818
Madagascar,MDG,2015,0.0050486666
Madagascar,MDG,2016,0.0051433123
Madagascar,MDG,2017,0.0052662464
Madagascar,MDG,2018,0.005368963
Madagascar,MDG,2019,0.0054985792
Madagascar,MDG,2020,0.0056078155
Madagascar,MDG,2021,0.005733393
Madagascar,MDG,2022,0.005849506
Madagascar,MDG,2023,0.005972037
Madagascar,MDG,2024,0.0060922704
Malawi,MWI,1950,0.00010114705
Malawi,MWI,1951,0.00020698384
Malawi,MWI,1952,0.0003203852
Malawi,MWI,1953,0.00043804126
Malawi,MWI,1954,0.00056155544
Malawi,MWI,1955,0.0007006004
Malawi,MWI,1956,0.00084415363
Malawi,MWI,1957,0.0009833814
Malawi,MWI,1958,0.001096885
Malawi,MWI,1959,0.0012181556
Malawi,MWI,1960,0.0013232151
Malawi,MWI,1961,0.0014014809
Malawi,MWI,1962,0.0014698681
Malawi,MWI,1963,0.0015278263
Malawi,MWI,1964,0.0015749399
Malawi,MWI,1965,0.001622119
Malawi,MWI,1966,0.0016856127
Malawi,MWI,1967,0.0017272591
Malawi,MWI,1968,0.001768885
Malawi,MWI,1969,0.0018023195
Malawi,MWI,1970,0.0018459115
Malawi,MWI,1971,0.0018947598
Malawi,MWI,1972,0.0019468322
Malawi,MWI,1973,0.0019971342
Malawi,MWI,1974,0.002039789
Malawi,MWI,1975,0.0020853702
Malawi,MWI,1976,0.002125176
Malawi,MWI,1977,0.0021704752
Malawi,MWI,1978,0.0022160355
Malawi,MWI,1979,0.002251086
Malawi,MWI,1980,0.0022964152
Malawi,MWI,1981,0.0023238172
Malawi,MWI,1982,0.0023484733
Malawi,MWI,1983,0.0023682932
Malawi,MWI,1984,0.0023823495
Malawi,MWI,1985,0.0023932827
Malawi,MWI,1986,0.0024020872
Malawi,MWI,1987,0.0024072349
Malawi,MWI,1988,0.0024090519
Malawi,MWI,1989,0.0024126903
Malawi,MWI,1990,0.0024360395
Malawi,MWI,1991,0.0024627838
Malawi,MWI,1992,0.002490042
Malawi,MWI,1993,0.0025256868
Malawi,MWI,1994,0.0025614651
Malawi,MWI,1995,0.0025940794
Malawi,MWI,1996,0.0026248195
Malawi,MWI,1997,0.002653489
Malawi,MWI,1998,0.0026793256
Malawi,MWI,1999,0.0027016615
Malawi,MWI,2000,0.0027174219
Malawi,MWI,2001,0.0027248075
Malawi,MWI,2002,0.0027376171
Malawi,MWI,2003,0.0027516459
Malawi,MWI,2004,0.0027615658
Malawi,MWI,2005,0.002763926
Malawi,MWI,2006,0.002764398
Malawi,MWI,2007,0.002768286
Malawi,MWI,2008,0.002777014
Malawi,MWI,2009,0.0027879006
Malawi,MWI,2010,0.0027911267
Malawi,MWI,2011,0.0027963184
Malawi,MWI,2012,0.0028008034
Malawi,MWI,2013,0.0028099422
Malawi,MWI,2014,0.0028111932
Malawi,MWI,2015,0.002814794
Malawi,MWI,2016,0.0028261396
Malawi,MWI,2017,0.0028372365
Malawi,MWI,2018,0.002877083
Malawi,MWI,2019,0.0029148695
Malawi,MWI,2020,0.0029645287
Malawi,MWI,2021,0.0029985113
Malawi,MWI,2022,0.0030366576
Malawi,MWI,2023,0.0030750872
Malawi,MWI,2024,0.003112648
Malaysia,MYS,1890,0.000024937433
Malaysia,MYS,1891,0.00008339419
Malaysia,MYS,1892,0.00022803317
Malaysia,MYS,1893,0.00025156682
Malaysia,MYS,1894,0.00037782843
Malaysia,MYS,1895,0.000664223
Malaysia,MYS,1896,0.0009654173
Malaysia,MYS,1897,0.0011574161
Malaysia,MYS,1898,0.0014202283
Malaysia,MYS,1899,0.0016391154
Malaysia,MYS,1900,0.0016977562
Malaysia,MYS,1901,0.001725852
Malaysia,MYS,1902,0.0017572512
Malaysia,MYS,1903,0.0017795961
Malaysia,MYS,1904,0.0017651226
Malaysia,MYS,1905,0.0017601851
Malaysia,MYS,1906,0.0017461828
Malaysia,MYS,1907,0.0018065331
Malaysia,MYS,1908,0.0018704465
Malaysia,MYS,1909,0.0020399494
Malaysia,MYS,1910,0.002284637
Malaysia,MYS,1912,0.0021194639
Malaysia,MYS,1913,0.0021039934
Malaysia,MYS,1914,0.0021989632
Malaysia,MYS,1915,0.0023559127
Malaysia,MYS,1916,0.0028774166
Malaysia,MYS,1917,0.0034649747
Malaysia,MYS,1918,0.0040304605
Malaysia,MYS,1919,0.004676486
Malaysia,MYS,1920,0.00558732
Malaysia,MYS,1921,0.006748695
Malaysia,MYS,1922,0.008369566
Malaysia,MYS,1923,0.010367803
Malaysia,MYS,1924,0.012173185
Malaysia,MYS,1925,0.014242883
Malaysia,MYS,1926,0.01654597
Malaysia,MYS,1927,0.018651536
Malaysia,MYS,1928,0.020955104
Malaysia,MYS,1929,0.023299325
Malaysia,MYS,1930,0.025246985
Malaysia,MYS,1931,0.026500793
Malaysia,MYS,1932,0.027142726
Malaysia,MYS,1933,0.027590644
Malaysia,MYS,1934,0.028058238
Malaysia,MYS,1935,0.02851819
Malaysia,MYS,1936,0.029038703
Malaysia,MYS,1937,0.029659323
Malaysia,MYS,1938,0.030042695
Malaysia,MYS,1939,0.030247537
Malaysia,MYS,1940,0.030850202
Malaysia,MYS,1941,0.031195058
Malaysia,MYS,1942,0.030726602
Malaysia,MYS,1943,0.030603992
Malaysia,MYS,1944,0.030366935
Malaysia,MYS,1945,0.030030912
Malaysia,MYS,1946,0.029660007
Malaysia,MYS,1947,0.029266696
Malaysia,MYS,1948,0.029083619
Malaysia,MYS,1949,0.028953768
Malaysia,MYS,1950,0.029789627
Malaysia,MYS,1951,0.031182699
Malaysia,MYS,1952,0.032961767
Malaysia,MYS,1953,0.03467488
Malaysia,MYS,1954,0.036475886
Malaysia,MYS,1955,0.03825073
Malaysia,MYS,1956,0.03990698
Malaysia,MYS,1957,0.03999449
Malaysia,MYS,1958,0.04015494
Malaysia,MYS,1959,0.040030356
Malaysia,MYS,1960,0.04017427
Malaysia,MYS,1961,0.040458247
Malaysia,MYS,1962,0.04071255
Malaysia,MYS,1963,0.041200407
Malaysia,MYS,1964,0.042043567
Malaysia,MYS,1965,0.04305058
Malaysia,MYS,1966,0.04432201
Malaysia,MYS,1967,0.04554675
Malaysia,MYS,1968,0.046718717
Malaysia,MYS,1969,0.047378134
Malaysia,MYS,1970,0.049146578
Malaysia,MYS,1971,0.05119653
Malaysia,MYS,1972,0.05329429
Malaysia,MYS,1973,0.055065654
Malaysia,MYS,1974,0.057036363
Malaysia,MYS,1975,0.058955166
Malaysia,MYS,1976,0.06149503
Malaysia,MYS,1977,0.06357559
Malaysia,MYS,1978,0.06555644
Malaysia,MYS,1979,0.06804572
Malaysia,MYS,1980,0.07050598
Malaysia,MYS,1981,0.07333259
Malaysia,MYS,1982,0.0759735
Malaysia,MYS,1983,0.07956753
Malaysia,MYS,1984,0.08241371
Malaysia,MYS,1985,0.0852372
Malaysia,MYS,1986,0.08839114
Malaysia,MYS,1987,0.091393106
Malaysia,MYS,1988,0.09438946
Malaysia,MYS,1989,0.09810322
Malaysia,MYS,1990,0.10206416
Malaysia,MYS,1991,0.107134715
Malaysia,MYS,1992,0.112860896
Malaysia,MYS,1993,0.11982058
Malaysia,MYS,1994,0.12649463
Malaysia,MYS,1995,0.13515438
Malaysia,MYS,1996,0.14332902
Malaysia,MYS,1997,0.1519341
Malaysia,MYS,1998,0.15925778
Malaysia,MYS,1999,0.16557571
Malaysia,MYS,2000,0.17329018
Malaysia,MYS,2001,0.18135421
Malaysia,MYS,2002,0.18904617
Malaysia,MYS,2003,0.19803415
Malaysia,MYS,2004,0.20783155
Malaysia,MYS,2005,0.21699892
Malaysia,MYS,2006,0.2255492
Malaysia,MYS,2007,0.23393385
Malaysia,MYS,2008,0.24316223
Malaysia,MYS,2009,0.25198677
Malaysia,MYS,2010,0.26058444
Malaysia,MYS,2011,0.26883698
Malaysia,MYS,2012,0.27726904
Malaysia,MYS,2013,0.28721237
Malaysia,MYS,2014,0.29687253
Malaysia,MYS,2015,0.30549344
Malaysia,MYS,2016,0.31381053
Malaysia,MYS,2017,0.32208994
Malaysia,MYS,2018,0.33096752
Malaysia,MYS,2019,0.3402844
Malaysia,MYS,2020,0.34867766
Malaysia,MYS,2021,0.35702312
Malaysia,MYS,2022,0.36536768
Malaysia,MYS,2023,0.3729408
Malaysia,MYS,2024,0.38085124
Maldives,MDV,1971,8.3059354e-7
Maldives,MDV,1972,0.0000016022568
Maldives,MDV,1973,0.000002316875
Maldives,MDV,1974,0.0000029823163
Maldives,MDV,1975,0.0000043239966
Maldives,MDV,1976,0.0000062658537
Maldives,MDV,1977,0.000008745608
Maldives,MDV,1978,0.000012350623
Maldives,MDV,1979,0.000016963764
Maldives,MDV,1980,0.000023713943
Maldives,MDV,1981,0.00003065803
Maldives,MDV,1982,0.000037201356
Maldives,MDV,1983,0.00004391729
Maldives,MDV,1984,0.000051297568
Maldives,MDV,1985,0.000059257854
Maldives,MDV,1986,0.00006878277
Maldives,MDV,1987,0.00007771103
Maldives,MDV,1988,0.00008797539
Maldives,MDV,1989,0.0001013679
Maldives,MDV,1990,0.00011939572
Maldives,MDV,1991,0.00013459289
Maldives,MDV,1992,0.00015810569
Maldives,MDV,1993,0.00017617663
Maldives,MDV,1994,0.0001936917
Maldives,MDV,1995,0.00021577299
Maldives,MDV,1996,0.00024083572
Maldives,MDV,1997,0.00026875903
Maldives,MDV,1998,0.00029239306
Maldives,MDV,1999,0.00032658942
Maldives,MDV,2000,0.0003617323
Maldives,MDV,2001,0.00039616
Maldives,MDV,2002,0.000440438
Maldives,MDV,2003,0.00047488493
Maldives,MDV,2004,0.00052059814
Maldives,MDV,2005,0.0005583626
Maldives,MDV,2006,0.00060556957
Maldives,MDV,2007,0.0006529248
Maldives,MDV,2008,0.0007022325
Maldives,MDV,2009,0.00075279275
Maldives,MDV,2010,0.00080344756
Maldives,MDV,2011,0.00085492164
Maldives,MDV,2012,0.00091240177
Maldives,MDV,2013,0.00096587616
Maldives,MDV,2014,0.0010317531
Maldives,MDV,2015,0.001092182
Maldives,MDV,2016,0.0011595364
Maldives,MDV,2017,0.0012285139
Maldives,MDV,2018,0.0013075803
Maldives,MDV,2019,0.0013982832
Maldives,MDV,2020,0.0014681581
Maldives,MDV,2021,0.0015520599
Maldives,MDV,2022,0.0016442129
Maldives,MDV,2023,0.0017314246
Maldives,MDV,2024,0.0018200019
Mali,MLI,1959,0.000015929945
Mali,MLI,1960,0.000054651788
Mali,MLI,1961,0.00008992511
Mali,MLI,1962,0.0001297552
Mali,MLI,1963,0.0001778719
Mali,MLI,1964,0.0002227933
Mali,MLI,1965,0.0002707588
Mali,MLI,1966,0.00031336214
Mali,MLI,1967,0.00036157246
Mali,MLI,1968,0.0003996599
Mali,MLI,1969,0.00042552027
Mali,MLI,1970,0.00045797153
Mali,MLI,1971,0.00049337256
Mali,MLI,1972,0.0005295459
Mali,MLI,1973,0.0005668246
Mali,MLI,1974,0.0006090657
Mali,MLI,1975,0.0006556952
Mali,MLI,1976,0.0006980934
Mali,MLI,1977,0.00075047975
Mali,MLI,1978,0.0007952175
Mali,MLI,1979,0.00084199215
Mali,MLI,1980,0.000879815
Mali,MLI,1981,0.00091662776
Mali,MLI,1982,0.0009468453
Mali,MLI,1983,0.0009829025
Mali,MLI,1984,0.0010187984
Mali,MLI,1985,0.0010474443
Mali,MLI,1986,0.001070463
Mali,MLI,1987,0.0010882372
Mali,MLI,1988,0.0011071966
Mali,MLI,1989,0.0011288809
Mali,MLI,1990,0.001149402
Mali,MLI,1991,0.0011685721
Mali,MLI,1992,0.0011919481
Mali,MLI,1993,0.001218405
Mali,MLI,1994,0.0012482832
Mali,MLI,1995,0.0012809976
Mali,MLI,1996,0.0013164678
Mali,MLI,1997,0.0013578867
Mali,MLI,1998,0.0014182654
Mali,MLI,1999,0.0014789333
Mali,MLI,2000,0.0015448394
Mali,MLI,2001,0.0016162274
Mali,MLI,2002,0.001687733
Mali,MLI,2003,0.001756987
Mali,MLI,2004,0.001836016
Mali,MLI,2005,0.0019133386
Mali,MLI,2006,0.0019915968
Mali,MLI,2007,0.002084514
Mali,MLI,2008,0.0021853922
Mali,MLI,2009,0.002276948
Mali,MLI,2010,0.0023760349
Mali,MLI,2011,0.002482076
Mali,MLI,2012,0.002593228
Mali,MLI,2013,0.002719616
Mali,MLI,2014,0.002866334
Mali,MLI,2015,0.003023436
Mali,MLI,2016,0.003230514
Mali,MLI,2017,0.0034573388
Mali,MLI,2018,0.0036989632
Mali,MLI,2019,0.003952874
Mali,MLI,2020,0.0042438153
Mali,MLI,2021,0.004579777
Mali,MLI,2022,0.004878859
Mali,MLI,2023,0.0051486413
Mali,MLI,2024,0.0054185814
Malta,MLT,1950,0.00010586395
Malta,MLT,1951,0.00021067039
Malta,MLT,1952,0.00030391177
Malta,MLT,1953,0.0003876933
Malta,MLT,1954,0.00049670733
Malta,MLT,1955,0.0006110706
Malta,MLT,1956,0.0007018578
Malta,MLT,1957,0.000792008
Malta,MLT,1958,0.00088268146
Malta,MLT,1959,0.0009864313
Malta,MLT,1960,0.001066898
Malta,MLT,1961,0.0011275226
Malta,MLT,1962,0.0011946426
Malta,MLT,1963,0.00127981
Malta,MLT,1964,0.0013829999
Malta,MLT,1965,0.0014708515
Malta,MLT,1966,0.0015352773
Malta,MLT,1967,0.001621829
Malta,MLT,1968,0.001729706
Malta,MLT,1969,0.00183054
Malta,MLT,1970,0.0019222752
Malta,MLT,1971,0.0020042222
Malta,MLT,1972,0.0021165812
Malta,MLT,1973,0.0022102986
Malta,MLT,1974,0.0022851997
Malta,MLT,1975,0.002340003
Malta,MLT,1976,0.0024053918
Malta,MLT,1977,0.0024716433
Malta,MLT,1978,0.0025539787
Malta,MLT,1979,0.002623729
Malta,MLT,1980,0.002708862
Malta,MLT,1981,0.0028105162
Malta,MLT,1982,0.002933184
Malta,MLT,1983,0.0030002736
Malta,MLT,1984,0.0031151122
Malta,MLT,1985,0.0031967778
Malta,MLT,1986,0.0033122723
Malta,MLT,1987,0.003468288
Malta,MLT,1988,0.0036324703
Malta,MLT,1989,0.003806201
Malta,MLT,1990,0.003999758
Malta,MLT,1991,0.0041615907
Malta,MLT,1992,0.0043206406
Malta,MLT,1993,0.0045379475
Malta,MLT,1994,0.0047177705
Malta,MLT,1995,0.004863389
Malta,MLT,1996,0.0050066216
Malta,MLT,1997,0.0051442203
Malta,MLT,1998,0.005272378
Malta,MLT,1999,0.005396258
Malta,MLT,2000,0.005500677
Malta,MLT,2001,0.0056242323
Malta,MLT,2002,0.0057399757
Malta,MLT,2003,0.0058620824
Malta,MLT,2004,0.0059636794
Malta,MLT,2005,0.006038449
Malta,MLT,2006,0.006105015
Malta,MLT,2007,0.0061696433
Malta,MLT,2008,0.0062278872
Malta,MLT,2009,0.0062735993
Malta,MLT,2010,0.006313018
Malta,MLT,2011,0.006344361
Malta,MLT,2012,0.0063820085
Malta,MLT,2013,0.0063943346
Malta,MLT,2014,0.0064044218
Malta,MLT,2015,0.0063668704
Malta,MLT,2016,0.0063103675
Malta,MLT,2017,0.006264244
Malta,MLT,2018,0.0062179035
Malta,MLT,2019,0.0061784047
Malta,MLT,2020,0.006144759
Malta,MLT,2021,0.0061070635
Malta,MLT,2022,0.0060778605
Malta,MLT,2023,0.0060476325
Malta,MLT,2024,0.0060148854
Marshall Islands,MHL,1992,0.000009022336
Marshall Islands,MHL,1993,0.000017994289
Marshall Islands,MHL,1994,0.000026912952
Marshall Islands,MHL,1995,0.000035763478
Marshall Islands,MHL,1996,0.000044527507
Marshall Islands,MHL,1997,0.000052845877
Marshall Islands,MHL,1998,0.000060761784
Marshall Islands,MHL,1999,0.00006826402
Marshall Islands,MHL,2000,0.00007606192
Marshall Islands,MHL,2001,0.00008381624
Marshall Islands,MHL,2002,0.00009182748
Marshall Islands,MHL,2003,0.0000993415
Marshall Islands,MHL,2004,0.00010672421
Marshall Islands,MHL,2005,0.0001136545
Marshall Islands,MHL,2006,0.000120751654
Marshall Islands,MHL,2007,0.00012799563
Marshall Islands,MHL,2008,0.00013482405
Marshall Islands,MHL,2009,0.00014165606
Marshall Islands,MHL,2010,0.00014824058
Marshall Islands,MHL,2011,0.00015437564
Marshall Islands,MHL,2012,0.000160157
Marshall Islands,MHL,2013,0.00016587542
Marshall Islands,MHL,2014,0.00017129969
Marshall Islands,MHL,2015,0.0001767191
Marshall Islands,MHL,2016,0.0001818927
Marshall Islands,MHL,2017,0.0001869979
Marshall Islands,MHL,2018,0.00019178746
Marshall Islands,MHL,2019,0.00019632373
Marshall Islands,MHL,2020,0.00020088995
Marshall Islands,MHL,2021,0.00020506875
Marshall Islands,MHL,2022,0.00020910085
Marshall Islands,MHL,2023,0.00021286038
Marshall Islands,MHL,2024,0.00021677135
Mauritania,MRT,1959,0.000011028424
Mauritania,MRT,1960,0.000022573564
Mauritania,MRT,1961,0.00003689235
Mauritania,MRT,1962,0.000054810385
Mauritania,MRT,1963,0.000079174686
Mauritania,MRT,1964,0.00011034574
Mauritania,MRT,1965,0.00015166565
Mauritania,MRT,1966,0.00019511227
Mauritania,MRT,1967,0.0002404123
Mauritania,MRT,1968,0.00029166866
Mauritania,MRT,1969,0.00034880172
Mauritania,MRT,1970,0.00043731116
Mauritania,MRT,1971,0.0005124762
Mauritania,MRT,1972,0.0005920339
Mauritania,MRT,1973,0.00066957687
Mauritania,MRT,1974,0.0007448335
Mauritania,MRT,1975,0.000820118
Mauritania,MRT,1976,0.0008904474
Mauritania,MRT,1977,0.00096268964
Mauritania,MRT,1978,0.0010335521
Mauritania,MRT,1979,0.0011026447
Mauritania,MRT,1980,0.001171712
Mauritania,MRT,1981,0.0012380865
Mauritania,MRT,1982,0.0013397956
Mauritania,MRT,1983,0.0014436868
Mauritania,MRT,1984,0.0015308034
Mauritania,MRT,1985,0.0015805358
Mauritania,MRT,1986,0.0015875855
Mauritania,MRT,1987,0.0019803718
Mauritania,MRT,1988,0.0023411815
Mauritania,MRT,1989,0.0026322745
Mauritania,MRT,1990,0.0026638878
Mauritania,MRT,1991,0.0026940212
Mauritania,MRT,1992,0.0027289998
Mauritania,MRT,1993,0.0027639435
Mauritania,MRT,1994,0.002800047
Mauritania,MRT,1995,0.0028387052
Mauritania,MRT,1996,0.002878296
Mauritania,MRT,1997,0.0029169782
Mauritania,MRT,1998,0.0029536479
Mauritania,MRT,1999,0.0029891366
Mauritania,MRT,2000,0.003022742
Mauritania,MRT,2001,0.0030597022
Mauritania,MRT,2002,0.0031003286
Mauritania,MRT,2003,0.0031384414
Mauritania,MRT,2004,0.0031806668
Mauritania,MRT,2005,0.0032222704
Mauritania,MRT,2006,0.0032687595
Mauritania,MRT,2007,0.0033272197
Mauritania,MRT,2008,0.0033870665
Mauritania,MRT,2009,0.0034592657
Mauritania,MRT,2010,0.0035293768
Mauritania,MRT,2011,0.003602721
Mauritania,MRT,2012,0.0036869023
Mauritania,MRT,2013,0.0037469144
Mauritania,MRT,2014,0.0038301556
Mauritania,MRT,2015,0.003938642
Mauritania,MRT,2016,0.0040178304
Mauritania,MRT,2017,0.004152233
Mauritania,MRT,2018,0.0043317853
Mauritania,MRT,2019,0.0045126025
Mauritania,MRT,2020,0.004700759
Mauritania,MRT,2021,0.0048602303
Mauritania,MRT,2022,0.005054511
Mauritania,MRT,2023,0.0052263634
Mauritania,MRT,2024,0.0054005743
Mauritius,MUS,1950,0.00008690324
Mauritius,MUS,1951,0.00014300982
Mauritius,MUS,1952,0.00021109144
Mauritius,MUS,1953,0.00027983877
Mauritius,MUS,1954,0.00034485682
Mauritius,MUS,1955,0.00038347094
Mauritius,MUS,1956,0.00045272507
Mauritius,MUS,1957,0.0005176013
Mauritius,MUS,1958,0.00057456375
Mauritius,MUS,1959,0.0006322963
Mauritius,MUS,1960,0.0006712665
Mauritius,MUS,1961,0.00071017776
Mauritius,MUS,1962,0.0007662268
Mauritius,MUS,1963,0.0008047619
Mauritius,MUS,1964,0.0008680532
Mauritius,MUS,1965,0.0009252622
Mauritius,MUS,1966,0.0009696488
Mauritius,MUS,1967,0.001068499
Mauritius,MUS,1968,0.0011943647
Mauritius,MUS,1969,0.0012935103
Mauritius,MUS,1970,0.0013653061
Mauritius,MUS,1971,0.0014070255
Mauritius,MUS,1972,0.0015077236
Mauritius,MUS,1973,0.0015963268
Mauritius,MUS,1974,0.0016820264
Mauritius,MUS,1975,0.0017418499
Mauritius,MUS,1976,0.0018003886
Mauritius,MUS,1977,0.0018574327
Mauritius,MUS,1978,0.0019065461
Mauritius,MUS,1979,0.0019558591
Mauritius,MUS,1980,0.001990755
Mauritius,MUS,1981,0.0020175343
Mauritius,MUS,1982,0.0020369175
Mauritius,MUS,1983,0.0020691159
Mauritius,MUS,1984,0.0021021203
Mauritius,MUS,1985,0.002142722
Mauritius,MUS,1986,0.0021928966
Mauritius,MUS,1987,0.002256095
Mauritius,MUS,1988,0.0023032248
Mauritius,MUS,1989,0.0023721023
Mauritius,MUS,1990,0.002486427
Mauritius,MUS,1991,0.0026000699
Mauritius,MUS,1992,0.0027316196
Mauritius,MUS,1993,0.002863184
Mauritius,MUS,1994,0.002970619
Mauritius,MUS,1995,0.0030931435
Mauritius,MUS,1996,0.0032199195
Mauritius,MUS,1997,0.0033447663
Mauritius,MUS,1998,0.0034810978
Mauritius,MUS,1999,0.0036341606
Mauritius,MUS,2000,0.0038027456
Mauritius,MUS,2001,0.0039787055
Mauritius,MUS,2002,0.004146261
Mauritius,MUS,2003,0.0043163067
Mauritius,MUS,2004,0.004477017
Mauritius,MUS,2005,0.004643421
Mauritius,MUS,2006,0.0048252363
Mauritius,MUS,2007,0.004999186
Mauritius,MUS,2008,0.0051686373
Mauritius,MUS,2009,0.0053275
Mauritius,MUS,2010,0.005486812
Mauritius,MUS,2011,0.005633912
Mauritius,MUS,2012,0.0057752565
Mauritius,MUS,2013,0.005915548
Mauritius,MUS,2014,0.00605778
Mauritius,MUS,2015,0.00619386
Mauritius,MUS,2016,0.0063322717
Mauritius,MUS,2017,0.0064746006
Mauritius,MUS,2018,0.0066023567
Mauritius,MUS,2019,0.0067272275
Mauritius,MUS,2020,0.006811701
Mauritius,MUS,2021,0.0068956744
Mauritius,MUS,2022,0.006993221
Mauritius,MUS,2023,0.0070994673
Mauritius,MUS,2024,0.007204021
Mexico,MEX,1856,0.00012880219
Mexico,MEX,1857,0.00023644952
Mexico,MEX,1858,0.00045567367
Mexico,MEX,1859,0.00054921064
Mexico,MEX,1860,0.0005927234
Mexico,MEX,1861,0.00071732304
Mexico,MEX,1862,0.0010906265
Mexico,MEX,1863,0.0012963981
Mexico,MEX,1864,0.001305606
Mexico,MEX,1865,0.0014631508
Mexico,MEX,1866,0.0017562005
Mexico,MEX,1867,0.0018234939
Mexico,MEX,1868,0.0018474923
Mexico,MEX,1869,0.0017932501
Mexico,MEX,1870,0.0018003667
Mexico,MEX,1871,0.0018197395
Mexico,MEX,1872,0.0019254646
Mexico,MEX,1873,0.0020746836
Mexico,MEX,1874,0.0022245022
Mexico,MEX,1875,0.0023724153
Mexico,MEX,1876,0.0025093295
Mexico,MEX,1877,0.0026870659
Mexico,MEX,1878,0.0029358019
Mexico,MEX,1879,0.003260529
Mexico,MEX,1880,0.003583654
Mexico,MEX,1881,0.0037166975
Mexico,MEX,1882,0.0039321883
Mexico,MEX,1883,0.004137434
Mexico,MEX,1884,0.004269278
Mexico,MEX,1885,0.0043557705
Mexico,MEX,1886,0.004531986
Mexico,MEX,1887,0.0050132996
Mexico,MEX,1888,0.005652844
Mexico,MEX,1889,0.006468995
Mexico,MEX,1890,0.0077337082
Mexico,MEX,1891,0.010979121
Mexico,MEX,1892,0.015550017
Mexico,MEX,1893,0.019156858
Mexico,MEX,1894,0.022840831
Mexico,MEX,1895,0.026041193
Mexico,MEX,1896,0.0293211
Mexico,MEX,1897,0.03396077
Mexico,MEX,1898,0.03889837
Mexico,MEX,1899,0.044773515
Mexico,MEX,1900,0.05059408
Mexico,MEX,1901,0.05732973
Mexico,MEX,1902,0.06419817
Mexico,MEX,1903,0.07183323
Mexico,MEX,1904,0.079520114
Mexico,MEX,1905,0.08702128
Mexico,MEX,1906,0.094233975
Mexico,MEX,1907,0.101392865
Mexico,MEX,1908,0.10804868
Mexico,MEX,1909,0.11405439
Mexico,MEX,1910,0.119572476
Mexico,MEX,1911,0.1296941
Mexico,MEX,1912,0.13836485
Mexico,MEX,1913,0.14923424
Mexico,MEX,1914,0.15781249
Mexico,MEX,1915,0.17029084
Mexico,MEX,1916,0.18430594
Mexico,MEX,1917,0.20666091
Mexico,MEX,1918,0.23255962
Mexico,MEX,1919,0.2678021
Mexico,MEX,1920,0.33355135
Mexico,MEX,1921,0.40942672
Mexico,MEX,1922,0.4758814
Mexico,MEX,1923,0.5248426
Mexico,MEX,1924,0.5669192
Mexico,MEX,1925,0.59686524
Mexico,MEX,1926,0.61542886
Mexico,MEX,1927,0.6217612
Mexico,MEX,1928,0.62146693
Mexico,MEX,1929,0.61842924
Mexico,MEX,1930,0.61576605
Mexico,MEX,1931,0.61241734
Mexico,MEX,1932,0.610236
Mexico,MEX,1933,0.6083251
Mexico,MEX,1934,0.6062744
Mexico,MEX,1935,0.6052712
Mexico,MEX,1936,0.6032727
Mexico,MEX,1937,0.6020801
Mexico,MEX,1938,0.6015037
Mexico,MEX,1939,0.5991977
Mexico,MEX,1940,0.59594375
Mexico,MEX,1941,0.5921372
Mexico,MEX,1942,0.5866992
Mexico,MEX,1943,0.58130383
Mexico,MEX,1944,0.57646185
Mexico,MEX,1945,0.5755096
Mexico,MEX,1946,0.5750815
Mexico,MEX,1947,0.574918
Mexico,MEX,1948,0.5745504
Mexico,MEX,1949,0.57413405
Mexico,MEX,1950,0.57260704
Mexico,MEX,1951,0.5719136
Mexico,MEX,1952,0.57200456
Mexico,MEX,1953,0.5714724
Mexico,MEX,1954,0.57049197
Mexico,MEX,1955,0.5694356
Mexico,MEX,1956,0.5683386
Mexico,MEX,1957,0.569316
Mexico,MEX,1958,0.57141346
Mexico,MEX,1959,0.5739845
Mexico,MEX,1960,0.5769588
Mexico,MEX,1961,0.58039457
Mexico,MEX,1962,0.5825839
Mexico,MEX,1963,0.584502
Mexico,MEX,1964,0.5876371
Mexico,MEX,1965,0.59005475
Mexico,MEX,1966,0.59297246
Mexico,MEX,1967,0.59751374
Mexico,MEX,1968,0.6017399
Mexico,MEX,1969,0.60645497
Mexico,MEX,1970,0.61199826
Mexico,MEX,1971,0.6190935
Mexico,MEX,1972,0.6260499
Mexico,MEX,1973,0.6338757
Mexico,MEX,1974,0.64343065
Mexico,MEX,1975,0.6542081
Mexico,MEX,1976,0.6669077
Mexico,MEX,1977,0.6797431
Mexico,MEX,1978,0.69619405
Mexico,MEX,1979,0.7140889
Mexico,MEX,1980,0.7355037
Mexico,MEX,1981,0.75879157
Mexico,MEX,1982,0.7840409
Mexico,MEX,1983,0.8036486
Mexico,MEX,1984,0.82135147
Mexico,MEX,1985,0.83877265
Mexico,MEX,1986,0.85570836
Mexico,MEX,1987,0.87261957
Mexico,MEX,1988,0.8875968
Mexico,MEX,1989,0.90368223
Mexico,MEX,1990,0.9174749
Mexico,MEX,1991,0.93155736
Mexico,MEX,1992,0.9459406
Mexico,MEX,1993,0.9599341
Mexico,MEX,1994,0.97451246
Mexico,MEX,1995,0.9855457
Mexico,MEX,1996,0.9963998
Mexico,MEX,1997,1.008715
Mexico,MEX,1998,1.0223866
Mexico,MEX,1999,1.03534
Mexico,MEX,2000,1.0475185
Mexico,MEX,2001,1.0604358
Mexico,MEX,2002,1.0724449
Mexico,MEX,2003,1.0848377
Mexico,MEX,2004,1.0959529
Mexico,MEX,2005,1.107705
Mexico,MEX,2006,1.1188797
Mexico,MEX,2007,1.1286093
Mexico,MEX,2008,1.1373205
Mexico,MEX,2009,1.1451052
Mexico,MEX,2010,1.1506851
Mexico,MEX,2011,1.1569719
Mexico,MEX,2012,1.1638494
Mexico,MEX,2013,1.1697142
Mexico,MEX,2014,1.1743824
Mexico,MEX,2015,1.1785771
Mexico,MEX,2016,1.1825497
Mexico,MEX,2017,1.1850032
Mexico,MEX,2018,1.1870404
Mexico,MEX,2019,1.1887244
Mexico,MEX,2020,1.1893724
Mexico,MEX,2021,1.1898539
Mexico,MEX,2022,1.1902642
Mexico,MEX,2023,1.1905313
Mexico,MEX,2024,1.1906102
Micronesia (country),FSM,1992,0.000015896496
Micronesia (country),FSM,1993,0.00003180386
Micronesia (country),FSM,1994,0.000048117094
Micronesia (country),FSM,1995,0.00006596375
Micronesia (country),FSM,1996,0.00008363427
Micronesia (country),FSM,1997,0.000101539576
Micronesia (country),FSM,1998,0.0001196823
Micronesia (country),FSM,1999,0.00013545017
Micronesia (country),FSM,2000,0.00014931972
Micronesia (country),FSM,2001,0.00016113244
Micronesia (country),FSM,2002,0.00017096607
Micronesia (country),FSM,2003,0.00018109467
Micronesia (country),FSM,2004,0.00018899079
Micronesia (country),FSM,2005,0.00019386299
Micronesia (country),FSM,2006,0.00019833459
Micronesia (country),FSM,2007,0.00020361604
Micronesia (country),FSM,2008,0.00020739954
Micronesia (country),FSM,2009,0.0002136039
Micronesia (country),FSM,2010,0.00021594529
Micronesia (country),FSM,2011,0.0002190537
Micronesia (country),FSM,2012,0.00022271427
Micronesia (country),FSM,2013,0.0002266542
Micronesia (country),FSM,2014,0.00023062425
Micronesia (country),FSM,2015,0.00023465979
Micronesia (country),FSM,2016,0.00023851298
Micronesia (country),FSM,2017,0.00024210579
Micronesia (country),FSM,2018,0.00024542483
Micronesia (country),FSM,2019,0.00024854453
Micronesia (country),FSM,2020,0.0002518137
Micronesia (country),FSM,2021,0.00025469917
Micronesia (country),FSM,2022,0.00025747155
Micronesia (country),FSM,2023,0.0002600098
Micronesia (country),FSM,2024,0.00026272816
Moldova,MDA,1830,0.000008503185
Moldova,MDA,1831,0.000017996941
Moldova,MDA,1832,0.000023701454
Moldova,MDA,1833,0.00003055087
Moldova,MDA,1850,0.000040357638
Moldova,MDA,1855,0.000092608236
Moldova,MDA,1858,0.00015477357
Moldova,MDA,1859,0.00022300612
Moldova,MDA,1860,0.00030745985
Moldova,MDA,1861,0.0004081782
Moldova,MDA,1862,0.0004890541
Moldova,MDA,1863,0.0005660117
Moldova,MDA,1864,0.00064569374
Moldova,MDA,1865,0.0007119461
Moldova,MDA,1866,0.00096973754
Moldova,MDA,1867,0.0012420103
Moldova,MDA,1868,0.0014370502
Moldova,MDA,1869,0.0016963193
Moldova,MDA,1870,0.0019571837
Moldova,MDA,1871,0.002302245
Moldova,MDA,1872,0.0026156392
Moldova,MDA,1873,0.0028668141
Moldova,MDA,1874,0.0031811192
Moldova,MDA,1875,0.0035202915
Moldova,MDA,1876,0.0039393404
Moldova,MDA,1877,0.0043307613
Moldova,MDA,1878,0.004853328
Moldova,MDA,1879,0.0053367787
Moldova,MDA,1880,0.005864302
Moldova,MDA,1881,0.0063751284
Moldova,MDA,1882,0.0068645105
Moldova,MDA,1883,0.00739373
Moldova,MDA,1884,0.007884296
Moldova,MDA,1885,0.008400215
Moldova,MDA,1886,0.008888841
Moldova,MDA,1887,0.009366296
Moldova,MDA,1888,0.009797454
Moldova,MDA,1889,0.010256484
Moldova,MDA,1890,0.010750814
Moldova,MDA,1891,0.011272097
Moldova,MDA,1892,0.01180094
Moldova,MDA,1893,0.0124598555
Moldova,MDA,1894,0.013069092
Moldova,MDA,1895,0.013758698
Moldova,MDA,1896,0.014396277
Moldova,MDA,1897,0.015135799
Moldova,MDA,1898,0.015938029
Moldova,MDA,1899,0.016834425
Moldova,MDA,1900,0.017819371
Moldova,MDA,1901,0.018741036
Moldova,MDA,1902,0.019511104
Moldova,MDA,1903,0.02011254
Moldova,MDA,1904,0.020810777
Moldova,MDA,1905,0.021234864
Moldova,MDA,1906,0.021762364
Moldova,MDA,1907,0.022283344
Moldova,MDA,1908,0.022806967
Moldova,MDA,1909,0.02332599
Moldova,MDA,1910,0.023725905
Moldova,MDA,1911,0.024126917
Moldova,MDA,1912,0.024623588
Moldova,MDA,1913,0.025120625
Moldova,MDA,1914,0.02552813
Moldova,MDA,1915,0.025812013
Moldova,MDA,1916,0.02607968
Moldova,MDA,1917,0.026188668
Moldova,MDA,1918,0.025665827
Moldova,MDA,1919,0.025236553
Moldova,MDA,1920,0.024681669
Moldova,MDA,1921,0.024286484
Moldova,MDA,1922,0.023950357
Moldova,MDA,1923,0.023581453
Moldova,MDA,1924,0.02330933
Moldova,MDA,1925,0.023043264
Moldova,MDA,1926,0.023002129
Moldova,MDA,1927,0.023053799
Moldova,MDA,1928,0.023187408
Moldova,MDA,1929,0.023325277
Moldova,MDA,1930,0.023811396
Moldova,MDA,1931,0.02456525
Moldova,MDA,1932,0.025507828
Moldova,MDA,1933,0.026550258
Moldova,MDA,1934,0.027824461
Moldova,MDA,1935,0.029251622
Moldova,MDA,1936,0.03084131
Moldova,MDA,1937,0.03234674
Moldova,MDA,1938,0.03395222
Moldova,MDA,1939,0.035460763
Moldova,MDA,1940,0.037268776
Moldova,MDA,1941,0.038631663
Moldova,MDA,1942,0.038875986
Moldova,MDA,1943,0.03914263
Moldova,MDA,1944,0.039937083
Moldova,MDA,1945,0.040967997
Moldova,MDA,1946,0.042118963
Moldova,MDA,1947,0.04351741
Moldova,MDA,1948,0.04494401
Moldova,MDA,1949,0.046686426
Moldova,MDA,1950,0.048510022
Moldova,MDA,1951,0.050394263
Moldova,MDA,1952,0.05238246
Moldova,MDA,1953,0.054417178
Moldova,MDA,1954,0.056625012
Moldova,MDA,1955,0.059050065
Moldova,MDA,1956,0.061611768
Moldova,MDA,1957,0.06436344
Moldova,MDA,1958,0.067206204
Moldova,MDA,1959,0.07002476
Moldova,MDA,1960,0.07275249
Moldova,MDA,1961,0.07546429
Moldova,MDA,1962,0.07817998
Moldova,MDA,1963,0.08096478
Moldova,MDA,1964,0.083771035
Moldova,MDA,1965,0.08660911
Moldova,MDA,1966,0.08944312
Moldova,MDA,1967,0.09226321
Moldova,MDA,1968,0.094906785
Moldova,MDA,1969,0.097408675
Moldova,MDA,1970,0.099769555
Moldova,MDA,1971,0.10217335
Moldova,MDA,1972,0.10454871
Moldova,MDA,1973,0.10681725
Moldova,MDA,1974,0.10917153
Moldova,MDA,1975,0.111672446
Moldova,MDA,1976,0.11405039
Moldova,MDA,1977,0.1163697
Moldova,MDA,1978,0.118601575
Moldova,MDA,1979,0.1206348
Moldova,MDA,1980,0.12278411
Moldova,MDA,1981,0.12479918
Moldova,MDA,1982,0.1268275
Moldova,MDA,1983,0.12878773
Moldova,MDA,1984,0.13058087
Moldova,MDA,1985,0.13255599
Moldova,MDA,1986,0.13422751
Moldova,MDA,1987,0.13546595
Moldova,MDA,1988,0.13669206
Moldova,MDA,1989,0.1376859
Moldova,MDA,1990,0.13833098
Moldova,MDA,1991,0.13803199
Moldova,MDA,1992,0.13684683
Moldova,MDA,1993,0.13510092
Moldova,MDA,1994,0.13302957
Moldova,MDA,1995,0.13087367
Moldova,MDA,1996,0.12875718
Moldova,MDA,1997,0.12627538
Moldova,MDA,1998,0.12383956
Moldova,MDA,1999,0.12128276
Moldova,MDA,2000,0.1186646
Moldova,MDA,2001,0.116171435
Moldova,MDA,2002,0.11375991
Moldova,MDA,2003,0.11135502
Moldova,MDA,2004,0.10899313
Moldova,MDA,2005,0.106683746
Moldova,MDA,2006,0.104409
Moldova,MDA,2007,0.10216769
Moldova,MDA,2008,0.10001044
Moldova,MDA,2009,0.097949244
Moldova,MDA,2010,0.095877625
Moldova,MDA,2011,0.09383536
Moldova,MDA,2012,0.0918493
Moldova,MDA,2013,0.089948505
Moldova,MDA,2014,0.08811715
Moldova,MDA,2015,0.08637691
Moldova,MDA,2016,0.08472446
Moldova,MDA,2017,0.08312673
Moldova,MDA,2018,0.08157767
Moldova,MDA,2019,0.08008171
Moldova,MDA,2020,0.07872472
Moldova,MDA,2021,0.07738382
Moldova,MDA,2022,0.07603725
Moldova,MDA,2023,0.07473176
Moldova,MDA,2024,0.073459886
Mongolia,MNG,1950,0.0001232446
Mongolia,MNG,1951,0.00024296292
Mongolia,MNG,1952,0.00035930457
Mongolia,MNG,1953,0.0004707704
Mongolia,MNG,1954,0.0006471387
Mongolia,MNG,1955,0.00085108477
Mongolia,MNG,1956,0.0010782357
Mongolia,MNG,1957,0.0013174124
Mongolia,MNG,1958,0.0016706546
Mongolia,MNG,1959,0.0020708928
Mongolia,MNG,1960,0.0024272522
Mongolia,MNG,1961,0.0027934427
Mongolia,MNG,1962,0.003312113
Mongolia,MNG,1963,0.003685419
Mongolia,MNG,1964,0.004157407
Mongolia,MNG,1965,0.0045703272
Mongolia,MNG,1966,0.004949742
Mongolia,MNG,1967,0.005351981
Mongolia,MNG,1968,0.0058027874
Mongolia,MNG,1969,0.0062612863
Mongolia,MNG,1970,0.0067108977
Mongolia,MNG,1971,0.007162463
Mongolia,MNG,1972,0.0076246643
Mongolia,MNG,1973,0.0080820555
Mongolia,MNG,1974,0.0085637085
Mongolia,MNG,1975,0.009075045
Mongolia,MNG,1976,0.009601188
Mongolia,MNG,1977,0.010188387
Mongolia,MNG,1978,0.01086707
Mongolia,MNG,1979,0.011579952
Mongolia,MNG,1980,0.01234458
Mongolia,MNG,1981,0.01303393
Mongolia,MNG,1982,0.013701088
Mongolia,MNG,1983,0.014365532
Mongolia,MNG,1984,0.014900434
Mongolia,MNG,1985,0.015758645
Mongolia,MNG,1986,0.016645042
Mongolia,MNG,1987,0.017586544
Mongolia,MNG,1988,0.018588716
Mongolia,MNG,1989,0.019396033
Mongolia,MNG,1990,0.020062864
Mongolia,MNG,1991,0.020942561
Mongolia,MNG,1992,0.021672644
Mongolia,MNG,1993,0.022159474
Mongolia,MNG,1994,0.022468165
Mongolia,MNG,1995,0.02274508
Mongolia,MNG,1996,0.023001185
Mongolia,MNG,1997,0.023207983
Mongolia,MNG,1998,0.023407284
Mongolia,MNG,1999,0.023571407
Mongolia,MNG,2000,0.023707105
Mongolia,MNG,2001,0.023867037
Mongolia,MNG,2002,0.024042727
Mongolia,MNG,2003,0.02415706
Mongolia,MNG,2004,0.024294876
Mongolia,MNG,2005,0.024406787
Mongolia,MNG,2006,0.024556253
Mongolia,MNG,2007,0.024895372
Mongolia,MNG,2008,0.025203757
Mongolia,MNG,2009,0.02559248
Mongolia,MNG,2010,0.025983322
Mongolia,MNG,2011,0.026884738
Mongolia,MNG,2012,0.028698266
Mongolia,MNG,2013,0.03100363
Mongolia,MNG,2014,0.03226075
Mongolia,MNG,2015,0.033042017
Mongolia,MNG,2016,0.03393924
Mongolia,MNG,2017,0.03531927
Mongolia,MNG,2018,0.037308767
Mongolia,MNG,2019,0.039310265
Mongolia,MNG,2020,0.040997904
Mongolia,MNG,2021,0.042200103
Mongolia,MNG,2022,0.043588392
Mongolia,MNG,2023,0.04511166
Mongolia,MNG,2024,0.046587028
Montenegro,MNE,1885,0.000002130949
Montenegro,MNE,1890,0.0000068298896
Montenegro,MNE,1891,0.000012235353
Montenegro,MNE,1892,0.00001775908
Montenegro,MNE,1893,0.000027335262
Montenegro,MNE,1894,0.00004509456
Montenegro,MNE,1895,0.00006133153
Montenegro,MNE,1896,0.0000781714
Montenegro,MNE,1897,0.00008939902
Montenegro,MNE,1898,0.00010667217
Montenegro,MNE,1899,0.00012546852
Montenegro,MNE,1900,0.0001503242
Montenegro,MNE,1901,0.00017553699
Montenegro,MNE,1902,0.00019655233
Montenegro,MNE,1903,0.00021739436
Montenegro,MNE,1904,0.00023823435
Montenegro,MNE,1905,0.00025913838
Montenegro,MNE,1906,0.00028365938
Montenegro,MNE,1907,0.00030498512
Montenegro,MNE,1908,0.00032749912
Montenegro,MNE,1909,0.00034847207
Montenegro,MNE,1910,0.00036660527
Montenegro,MNE,1911,0.00038563256
Montenegro,MNE,1912,0.00040311628
Montenegro,MNE,1913,0.00047425125
Montenegro,MNE,1919,0.00043128987
Montenegro,MNE,1920,0.00048199543
Montenegro,MNE,1921,0.00053559843
Montenegro,MNE,1922,0.00061511464
Montenegro,MNE,1923,0.0006957716
Montenegro,MNE,1924,0.0007737126
Montenegro,MNE,1925,0.00085617247
Montenegro,MNE,1926,0.0009314563
Montenegro,MNE,1927,0.0010124751
Montenegro,MNE,1928,0.001103227
Montenegro,MNE,1929,0.0011968043
Montenegro,MNE,1930,0.001280381
Montenegro,MNE,1931,0.0013546632
Montenegro,MNE,1932,0.0014196207
Montenegro,MNE,1933,0.0014732819
Montenegro,MNE,1934,0.0015251217
Montenegro,MNE,1935,0.0015767408
Montenegro,MNE,1936,0.0016210171
Montenegro,MNE,1937,0.0016696358
Montenegro,MNE,1938,0.001713631
Montenegro,MNE,1939,0.0017572084
Montenegro,MNE,1940,0.0018072263
Montenegro,MNE,1943,0.0016717471
Montenegro,MNE,1944,0.0016296413
Montenegro,MNE,1945,0.0016389971
Montenegro,MNE,1946,0.0016868666
Montenegro,MNE,1947,0.001760218
Montenegro,MNE,1948,0.0018419097
Montenegro,MNE,1949,0.0019391432
Montenegro,MNE,1950,0.0020199262
Montenegro,MNE,1951,0.0020859183
Montenegro,MNE,1952,0.0021482247
Montenegro,MNE,1953,0.0022049146
Montenegro,MNE,1954,0.0022788479
Montenegro,MNE,1955,0.00236186
Montenegro,MNE,1956,0.0024565437
Montenegro,MNE,1957,0.0025571508
Montenegro,MNE,1958,0.0026474744
Montenegro,MNE,1959,0.002752221
Montenegro,MNE,1960,0.002862459
Montenegro,MNE,1961,0.002975159
Montenegro,MNE,1962,0.0030832659
Montenegro,MNE,1963,0.0032016707
Montenegro,MNE,1964,0.003335119
Montenegro,MNE,1965,0.0034623914
Montenegro,MNE,1966,0.00357455
Montenegro,MNE,1967,0.0036783551
Montenegro,MNE,1968,0.0037840435
Montenegro,MNE,1969,0.0038830119
Montenegro,MNE,1970,0.004031756
Montenegro,MNE,1971,0.0041860924
Montenegro,MNE,1972,0.004305201
Montenegro,MNE,1973,0.0044584237
Montenegro,MNE,1974,0.0046030437
Montenegro,MNE,1975,0.004750653
Montenegro,MNE,1976,0.0048899422
Montenegro,MNE,1977,0.0050075497
Montenegro,MNE,1978,0.005143482
Montenegro,MNE,1979,0.005292
Montenegro,MNE,1980,0.0054266094
Montenegro,MNE,1981,0.005583665
Montenegro,MNE,1982,0.005707396
Montenegro,MNE,1983,0.0058439956
Montenegro,MNE,1984,0.0059840158
Montenegro,MNE,1985,0.006116207
Montenegro,MNE,1986,0.0062515717
Montenegro,MNE,1987,0.006366579
Montenegro,MNE,1988,0.006477384
Montenegro,MNE,1989,0.0065787598
Montenegro,MNE,1990,0.0066671795
Montenegro,MNE,1991,0.0066690813
Montenegro,MNE,1992,0.006688941
Montenegro,MNE,1993,0.006681614
Montenegro,MNE,1994,0.0066683693
Montenegro,MNE,1995,0.006660509
Montenegro,MNE,1996,0.006674826
Montenegro,MNE,1997,0.0067009744
Montenegro,MNE,1998,0.0067363544
Montenegro,MNE,1999,0.0067061814
Montenegro,MNE,2000,0.0066874954
Montenegro,MNE,2001,0.0066789817
Montenegro,MNE,2002,0.006677725
Montenegro,MNE,2003,0.0066792076
Montenegro,MNE,2004,0.006689884
Montenegro,MNE,2005,0.0066859988
Montenegro,MNE,2006,0.006687425
Montenegro,MNE,2007,0.006683331
Montenegro,MNE,2008,0.0067195892
Montenegro,MNE,2009,0.006686294
Montenegro,MNE,2010,0.0067007625
Montenegro,MNE,2011,0.0067077964
Montenegro,MNE,2012,0.0066984715
Montenegro,MNE,2013,0.006683807
Montenegro,MNE,2014,0.006666019
Montenegro,MNE,2015,0.0066580265
Montenegro,MNE,2016,0.0066360533
Montenegro,MNE,2017,0.006618171
Montenegro,MNE,2018,0.006616478
Montenegro,MNE,2019,0.006617863
Montenegro,MNE,2020,0.0066223894
Montenegro,MNE,2021,0.006620628
Montenegro,MNE,2022,0.006621227
Montenegro,MNE,2023,0.0066148504
Montenegro,MNE,2024,0.0066052796
Montserrat,MSR,1962,0.0000011185792
Montserrat,MSR,1963,0.0000021691696
Montserrat,MSR,1964,0.000004203647
Montserrat,MSR,1965,0.0000050894514
Montserrat,MSR,1966,0.0000068979084
Montserrat,MSR,1967,0.000008586153
Montserrat,MSR,1968,0.000010153023
Montserrat,MSR,1969,0.000011596989
Montserrat,MSR,1970,0.000014634428
Montserrat,MSR,1971,0.000017442464
Montserrat,MSR,1972,0.00002002821
Montserrat,MSR,1973,0.000022396458
Montserrat,MSR,1974,0.00002460411
Montserrat,MSR,1975,0.000025943978
Montserrat,MSR,1976,0.000027152033
Montserrat,MSR,1977,0.000030945997
Montserrat,MSR,1978,0.00003445174
Montserrat,MSR,1979,0.000037697257
Montserrat,MSR,1980,0.000038915186
Montserrat,MSR,1981,0.00004068085
Montserrat,MSR,1982,0.000042352316
Montserrat,MSR,1983,0.000044473207
Montserrat,MSR,1984,0.0000464378
Montserrat,MSR,1985,0.00004876974
Montserrat,MSR,1986,0.0000514597
Montserrat,MSR,1987,0.000053952244
Montserrat,MSR,1988,0.00005624656
Montserrat,MSR,1989,0.000058391648
Montserrat,MSR,1990,0.000060378825
Montserrat,MSR,1991,0.00006222163
Montserrat,MSR,1992,0.00006401562
Montserrat,MSR,1993,0.00006570008
Montserrat,MSR,1994,0.000067690155
Montserrat,MSR,1995,0.000069540096
Montserrat,MSR,1996,0.000071631206
Montserrat,MSR,1997,0.00007322928
Montserrat,MSR,1998,0.00007438716
Montserrat,MSR,1999,0.00007616827
Montserrat,MSR,2000,0.00007676295
Montserrat,MSR,2001,0.0000773162
Montserrat,MSR,2002,0.00007947251
Montserrat,MSR,2003,0.00008077604
Montserrat,MSR,2004,0.000082901846
Montserrat,MSR,2005,0.000084234394
Montserrat,MSR,2006,0.0000854318
Montserrat,MSR,2007,0.00008650739
Montserrat,MSR,2008,0.00008777906
Montserrat,MSR,2009,0.00008902496
Montserrat,MSR,2010,0.00009118297
Montserrat,MSR,2011,0.00009156072
Montserrat,MSR,2012,0.00009214868
Montserrat,MSR,2013,0.00009344738
Montserrat,MSR,2014,0.00009417775
Montserrat,MSR,2015,0.000095360716
Montserrat,MSR,2016,0.00009507491
Montserrat,MSR,2017,0.00009453655
Montserrat,MSR,2018,0.000094203475
Montserrat,MSR,2019,0.00009364488
Montserrat,MSR,2020,0.000093000606
Montserrat,MSR,2021,0.0000922915
Montserrat,MSR,2022,0.00009178446
Montserrat,MSR,2023,0.000091267015
Montserrat,MSR,2024,0.000090799294
Morocco,MAR,1928,0.000021876027
Morocco,MAR,1929,0.00004503407
Morocco,MAR,1930,0.00007211488
Morocco,MAR,1931,0.00013323118
Morocco,MAR,1932,0.00023133628
Morocco,MAR,1933,0.00034194594
Morocco,MAR,1934,0.0004563954
Morocco,MAR,1935,0.0005926067
Morocco,MAR,1936,0.00070732174
Morocco,MAR,1937,0.0009089652
Morocco,MAR,1938,0.0011572479
Morocco,MAR,1939,0.0013088526
Morocco,MAR,1940,0.0014921302
Morocco,MAR,1941,0.001660813
Morocco,MAR,1942,0.0017901326
Morocco,MAR,1943,0.0019247644
Morocco,MAR,1944,0.0020845442
Morocco,MAR,1945,0.0022958193
Morocco,MAR,1946,0.0025711823
Morocco,MAR,1947,0.002895385
Morocco,MAR,1948,0.0032500038
Morocco,MAR,1949,0.0036562737
Morocco,MAR,1950,0.0046666656
Morocco,MAR,1951,0.0057696956
Morocco,MAR,1952,0.007073185
Morocco,MAR,1953,0.008545155
Morocco,MAR,1954,0.009708757
Morocco,MAR,1955,0.0107749505
Morocco,MAR,1956,0.011748993
Morocco,MAR,1957,0.012491517
Morocco,MAR,1958,0.013254966
Morocco,MAR,1959,0.013989095
Morocco,MAR,1960,0.014742299
Morocco,MAR,1961,0.015492236
Morocco,MAR,1962,0.015969973
Morocco,MAR,1963,0.016655078
Morocco,MAR,1964,0.017404316
Morocco,MAR,1965,0.018039348
Morocco,MAR,1966,0.018932138
Morocco,MAR,1967,0.01973708
Morocco,MAR,1968,0.020511227
Morocco,MAR,1969,0.021240344
Morocco,MAR,1970,0.022207716
Morocco,MAR,1971,0.023282962
Morocco,MAR,1972,0.02421223
Morocco,MAR,1973,0.025366833
Morocco,MAR,1974,0.026747843
Morocco,MAR,1975,0.028030528
Morocco,MAR,1976,0.029262327
Morocco,MAR,1977,0.030593952
Morocco,MAR,1978,0.031866208
Morocco,MAR,1979,0.03351813
Morocco,MAR,1980,0.035063468
Morocco,MAR,1981,0.036527473
Morocco,MAR,1982,0.038099367
Morocco,MAR,1983,0.039681096
Morocco,MAR,1984,0.04114368
Morocco,MAR,1985,0.042488106
Morocco,MAR,1986,0.043878697
Morocco,MAR,1987,0.045316573
Morocco,MAR,1988,0.04675958
Morocco,MAR,1989,0.048325185
Morocco,MAR,1990,0.049726836
Morocco,MAR,1991,0.051190026
Morocco,MAR,1992,0.05273884
Morocco,MAR,1993,0.054427363
Morocco,MAR,1994,0.056165665
Morocco,MAR,1995,0.057851244
Morocco,MAR,1996,0.059489757
Morocco,MAR,1997,0.06108389
Morocco,MAR,1998,0.06269604
Morocco,MAR,1999,0.064305864
Morocco,MAR,2000,0.065912426
Morocco,MAR,2001,0.06776807
Morocco,MAR,2002,0.06954611
Morocco,MAR,2003,0.07108743
Morocco,MAR,2004,0.07298485
Morocco,MAR,2005,0.074933745
Morocco,MAR,2006,0.07685543
Morocco,MAR,2007,0.078839295
Morocco,MAR,2008,0.08088307
Morocco,MAR,2009,0.082821585
Morocco,MAR,2010,0.08481628
Morocco,MAR,2011,0.08667761
Morocco,MAR,2012,0.08856601
Morocco,MAR,2013,0.090319104
Morocco,MAR,2014,0.0920153
Morocco,MAR,2015,0.09372331
Morocco,MAR,2016,0.09535144
Morocco,MAR,2017,0.09703806
Morocco,MAR,2018,0.098678425
Morocco,MAR,2019,0.10061165
Morocco,MAR,2020,0.102329426
Morocco,MAR,2021,0.104205586
Morocco,MAR,2022,0.10593618
Morocco,MAR,2023,0.10751616
Morocco,MAR,2024,0.10900673
Mozambique,MOZ,1927,0.000034108267
Mozambique,MOZ,1928,0.00004957959
Mozambique,MOZ,1929,0.000055977154
Mozambique,MOZ,1930,0.00006213187
Mozambique,MOZ,1931,0.00006814749
Mozambique,MOZ,1932,0.00010873625
Mozambique,MOZ,1933,0.00014017976
Mozambique,MOZ,1934,0.00017940994
Mozambique,MOZ,1935,0.00020504446
Mozambique,MOZ,1936,0.00023119382
Mozambique,MOZ,1937,0.0002599615
Mozambique,MOZ,1938,0.000276977
Mozambique,MOZ,1939,0.00030732306
Mozambique,MOZ,1940,0.0003353972
Mozambique,MOZ,1941,0.00035783416
Mozambique,MOZ,1942,0.0003637993
Mozambique,MOZ,1943,0.0003804781
Mozambique,MOZ,1944,0.0003979727
Mozambique,MOZ,1945,0.0004127749
Mozambique,MOZ,1946,0.0004298234
Mozambique,MOZ,1947,0.000446675
Mozambique,MOZ,1948,0.00045550134
Mozambique,MOZ,1949,0.00047087116
Mozambique,MOZ,1950,0.0008474342
Mozambique,MOZ,1951,0.0012151861
Mozambique,MOZ,1952,0.0016215899
Mozambique,MOZ,1953,0.002008506
Mozambique,MOZ,1954,0.002398304
Mozambique,MOZ,1955,0.0028481504
Mozambique,MOZ,1956,0.0033333104
Mozambique,MOZ,1957,0.0038643617
Mozambique,MOZ,1958,0.0043783467
Mozambique,MOZ,1959,0.0048488304
Mozambique,MOZ,1960,0.005311627
Mozambique,MOZ,1961,0.005981774
Mozambique,MOZ,1962,0.0064098244
Mozambique,MOZ,1963,0.00670614
Mozambique,MOZ,1964,0.007111455
Mozambique,MOZ,1965,0.007444538
Mozambique,MOZ,1966,0.0077783214
Mozambique,MOZ,1967,0.008017719
Mozambique,MOZ,1968,0.008456408
Mozambique,MOZ,1969,0.0089613665
Mozambique,MOZ,1970,0.009348026
Mozambique,MOZ,1971,0.009838063
Mozambique,MOZ,1972,0.01020966
Mozambique,MOZ,1973,0.010592309
Mozambique,MOZ,1974,0.010866007
Mozambique,MOZ,1975,0.011069868
Mozambique,MOZ,1976,0.011179707
Mozambique,MOZ,1977,0.011299799
Mozambique,MOZ,1978,0.01142684
Mozambique,MOZ,1979,0.011496349
Mozambique,MOZ,1980,0.011656837
Mozambique,MOZ,1981,0.011701612
Mozambique,MOZ,1982,0.01175351
Mozambique,MOZ,1983,0.011712979
Mozambique,MOZ,1984,0.011599772
Mozambique,MOZ,1985,0.011427764
Mozambique,MOZ,1986,0.011238859
Mozambique,MOZ,1987,0.01105036
Mozambique,MOZ,1988,0.010864584
Mozambique,MOZ,1989,0.010688972
Mozambique,MOZ,1990,0.010514957
Mozambique,MOZ,1991,0.010334468
Mozambique,MOZ,1992,0.010182015
Mozambique,MOZ,1993,0.010047693
Mozambique,MOZ,1994,0.009912987
Mozambique,MOZ,1995,0.009782819
Mozambique,MOZ,1996,0.00964767
Mozambique,MOZ,1997,0.009525909
Mozambique,MOZ,1998,0.009405052
Mozambique,MOZ,1999,0.009290554
Mozambique,MOZ,2000,0.009190277
Mozambique,MOZ,2001,0.0091149025
Mozambique,MOZ,2002,0.0090368
Mozambique,MOZ,2003,0.0089796055
Mozambique,MOZ,2004,0.008918482
Mozambique,MOZ,2005,0.008844942
Mozambique,MOZ,2006,0.008779818
Mozambique,MOZ,2007,0.008733511
Mozambique,MOZ,2008,0.008685034
Mozambique,MOZ,2009,0.00866227
Mozambique,MOZ,2010,0.00864376
Mozambique,MOZ,2011,0.008652933
Mozambique,MOZ,2012,0.008654855
Mozambique,MOZ,2013,0.008691182
Mozambique,MOZ,2014,0.00903093
Mozambique,MOZ,2015,0.009263737
Mozambique,MOZ,2016,0.009603001
Mozambique,MOZ,2017,0.009820157
Mozambique,MOZ,2018,0.010029456
Mozambique,MOZ,2019,0.010232589
Mozambique,MOZ,2020,0.010394114
Mozambique,MOZ,2021,0.0106183365
Mozambique,MOZ,2022,0.010917975
Mozambique,MOZ,2023,0.011190512
Mozambique,MOZ,2024,0.01142269
Myanmar,MMR,1928,0.0023764374
Myanmar,MMR,1929,0.0045241923
Myanmar,MMR,1930,0.00658301
Myanmar,MMR,1931,0.008450372
Myanmar,MMR,1932,0.010282273
Myanmar,MMR,1933,0.012035325
Myanmar,MMR,1934,0.013728715
Myanmar,MMR,1935,0.01530357
Myanmar,MMR,1936,0.016817445
Myanmar,MMR,1937,0.018287072
Myanmar,MMR,1938,0.019635748
Myanmar,MMR,1939,0.020972125
Myanmar,MMR,1940,0.022159034
Myanmar,MMR,1941,0.023275161
Myanmar,MMR,1942,0.023205128
Myanmar,MMR,1943,0.022813784
Myanmar,MMR,1944,0.022381483
Myanmar,MMR,1945,0.022058798
Myanmar,MMR,1946,0.021578522
Myanmar,MMR,1947,0.021072768
Myanmar,MMR,1948,0.02062244
Myanmar,MMR,1949,0.02019289
Myanmar,MMR,1950,0.020022506
Myanmar,MMR,1951,0.019870652
Myanmar,MMR,1952,0.019808065
Myanmar,MMR,1953,0.0198028
Myanmar,MMR,1954,0.019848173
Myanmar,MMR,1955,0.019827044
Myanmar,MMR,1956,0.01985791
Myanmar,MMR,1957,0.020026065
Myanmar,MMR,1958,0.020275958
Myanmar,MMR,1959,0.020604275
Myanmar,MMR,1960,0.020857435
Myanmar,MMR,1961,0.021054586
Myanmar,MMR,1962,0.021307198
Myanmar,MMR,1963,0.021439323
Myanmar,MMR,1964,0.021593256
Myanmar,MMR,1965,0.02167192
Myanmar,MMR,1966,0.021735176
Myanmar,MMR,1967,0.0219841
Myanmar,MMR,1968,0.0220067
Myanmar,MMR,1969,0.022051513
Myanmar,MMR,1970,0.022363245
Myanmar,MMR,1971,0.022733275
Myanmar,MMR,1972,0.022996949
Myanmar,MMR,1973,0.023034744
Myanmar,MMR,1974,0.02318848
Myanmar,MMR,1975,0.023315057
Myanmar,MMR,1976,0.023453414
Myanmar,MMR,1977,0.02361133
Myanmar,MMR,1978,0.023727369
Myanmar,MMR,1979,0.02380576
Myanmar,MMR,1980,0.023953147
Myanmar,MMR,1981,0.02413026
Myanmar,MMR,1982,0.024295833
Myanmar,MMR,1983,0.024472047
Myanmar,MMR,1984,0.024735399
Myanmar,MMR,1985,0.024977649
Myanmar,MMR,1986,0.025207287
Myanmar,MMR,1987,0.025156371
Myanmar,MMR,1988,0.0249691
Myanmar,MMR,1989,0.024826577
Myanmar,MMR,1990,0.024652135
Myanmar,MMR,1991,0.02446145
Myanmar,MMR,1992,0.02438325
Myanmar,MMR,1993,0.024355369
Myanmar,MMR,1994,0.024419742
Myanmar,MMR,1995,0.024544455
Myanmar,MMR,1996,0.024675492
Myanmar,MMR,1997,0.024820102
Myanmar,MMR,1998,0.025022715
Myanmar,MMR,1999,0.025289288
Myanmar,MMR,2000,0.025649725
Myanmar,MMR,2001,0.025861258
Myanmar,MMR,2002,0.026092332
Myanmar,MMR,2003,0.026339628
Myanmar,MMR,2004,0.026775653
Myanmar,MMR,2005,0.027081827
Myanmar,MMR,2006,0.027455192
Myanmar,MMR,2007,0.0277922
Myanmar,MMR,2008,0.027859906
Myanmar,MMR,2009,0.027969273
Myanmar,MMR,2010,0.02825289
Myanmar,MMR,2011,0.028643742
Myanmar,MMR,2012,0.028772209
Myanmar,MMR,2013,0.02894951
Myanmar,MMR,2014,0.029326104
Myanmar,MMR,2015,0.03008366
Myanmar,MMR,2016,0.030759517
Myanmar,MMR,2017,0.03155041
Myanmar,MMR,2018,0.032929868
Myanmar,MMR,2019,0.034217056
Myanmar,MMR,2020,0.035545513
Myanmar,MMR,2021,0.03647815
Myanmar,MMR,2022,0.03749084
Myanmar,MMR,2023,0.038458027
Myanmar,MMR,2024,0.039364364
Namibia,NAM,1991,0.00012576712
Namibia,NAM,1992,0.00025606249
Namibia,NAM,1993,0.00040633613
Namibia,NAM,1994,0.0005692478
Namibia,NAM,1995,0.00073036784
Namibia,NAM,1996,0.00089325866
Namibia,NAM,1997,0.0010576752
Namibia,NAM,1998,0.0012192893
Namibia,NAM,1999,0.001360253
Namibia,NAM,2000,0.0014914473
Namibia,NAM,2001,0.0016640115
Namibia,NAM,2002,0.0018038282
Namibia,NAM,2003,0.0019454673
Namibia,NAM,2004,0.0020912888
Namibia,NAM,2005,0.002252963
Namibia,NAM,2006,0.0024041678
Namibia,NAM,2007,0.0025301964
Namibia,NAM,2008,0.0026904591
Namibia,NAM,2009,0.002828924
Namibia,NAM,2010,0.0029664515
Namibia,NAM,2011,0.003094501
Namibia,NAM,2012,0.0032441523
Namibia,NAM,2013,0.0033726643
Namibia,NAM,2014,0.0035010471
Namibia,NAM,2015,0.0036429844
Namibia,NAM,2016,0.0037906168
Namibia,NAM,2017,0.0039306963
Namibia,NAM,2018,0.00406547
Namibia,NAM,2019,0.0041991137
Namibia,NAM,2020,0.0043147816
Namibia,NAM,2021,0.004431046
Namibia,NAM,2022,0.0045298357
Namibia,NAM,2023,0.0046246736
Namibia,NAM,2024,0.0047157467
Nauru,NRU,1964,0.000008407294
Nauru,NRU,1965,0.000017304135
Nauru,NRU,1966,0.000025620802
Nauru,NRU,1967,0.000037206664
Nauru,NRU,1968,0.00004799611
Nauru,NRU,1969,0.000062445324
Nauru,NRU,1970,0.00007575469
Nauru,NRU,1971,0.00009302648
Nauru,NRU,1972,0.00010655008
Nauru,NRU,1973,0.000120477496
Nauru,NRU,1974,0.00013644097
Nauru,NRU,1975,0.00015206054
Nauru,NRU,1976,0.00016639322
Nauru,NRU,1977,0.00018163955
Nauru,NRU,1978,0.00019565987
Nauru,NRU,1979,0.00020859147
Nauru,NRU,1980,0.00022254622
Nauru,NRU,1981,0.000235831
Nauru,NRU,1982,0.0002483906
Nauru,NRU,1983,0.00026016825
Nauru,NRU,1984,0.00027106714
Nauru,NRU,1985,0.0002810815
Nauru,NRU,1986,0.00029551116
Nauru,NRU,1987,0.00030836926
Nauru,NRU,1988,0.00032017275
Nauru,NRU,1989,0.00033119743
Nauru,NRU,1990,0.00033730426
Nauru,NRU,1991,0.0003428809
Nauru,NRU,1992,0.00034800437
Nauru,NRU,1993,0.0003519348
Nauru,NRU,1994,0.0003551694
Nauru,NRU,1995,0.0003576348
Nauru,NRU,1996,0.0003593176
Nauru,NRU,1997,0.00036086183
Nauru,NRU,1998,0.00036199295
Nauru,NRU,1999,0.00036215855
Nauru,NRU,2000,0.0003617323
Nauru,NRU,2001,0.00036058086
Nauru,NRU,2002,0.00035896196
Nauru,NRU,2003,0.00035600085
Nauru,NRU,2004,0.00035257105
Nauru,NRU,2005,0.00034901532
Nauru,NRU,2006,0.00034384034
Nauru,NRU,2007,0.00033837926
Nauru,NRU,2008,0.00033304407
Nauru,NRU,2009,0.00032810454
Nauru,NRU,2010,0.00032323544
Nauru,NRU,2011,0.00031806706
Nauru,NRU,2012,0.00031304595
Nauru,NRU,2013,0.00030870555
Nauru,NRU,2014,0.00030477997
Nauru,NRU,2015,0.00030129158
Nauru,NRU,2016,0.00029772837
Nauru,NRU,2017,0.00029444674
Nauru,NRU,2018,0.00029117436
Nauru,NRU,2019,0.0002877652
Nauru,NRU,2020,0.00028504364
Nauru,NRU,2021,0.00028215433
Nauru,NRU,2022,0.00027950812
Nauru,NRU,2023,0.0002768696
Nauru,NRU,2024,0.00027441018
Nepal,NPL,1950,0.000011060412
Nepal,NPL,1951,0.0000230661
Nepal,NPL,1952,0.000034433357
Nepal,NPL,1953,0.00004809729
Nepal,NPL,1954,0.00006244321
Nepal,NPL,1955,0.000077245946
Nepal,NPL,1956,0.0000924202
Nepal,NPL,1957,0.000109242486
Nepal,NPL,1958,0.00012627775
Nepal,NPL,1959,0.00014459489
Nepal,NPL,1960,0.00016633153
Nepal,NPL,1961,0.00018676753
Nepal,NPL,1962,0.00020805575
Nepal,NPL,1963,0.00023101656
Nepal,NPL,1964,0.0002669316
Nepal,NPL,1965,0.00030842074
Nepal,NPL,1966,0.0003498225
Nepal,NPL,1967,0.00039400902
Nepal,NPL,1968,0.000444887
Nepal,NPL,1969,0.00052721694
Nepal,NPL,1970,0.0005621342
Nepal,NPL,1971,0.0005872296
Nepal,NPL,1972,0.00062488014
Nepal,NPL,1973,0.000691201
Nepal,NPL,1974,0.00075375015
Nepal,NPL,1975,0.00079774216
Nepal,NPL,1976,0.00082421897
Nepal,NPL,1977,0.00085820263
Nepal,NPL,1978,0.00088760135
Nepal,NPL,1979,0.00094576634
Nepal,NPL,1980,0.0010051314
Nepal,NPL,1981,0.0010475185
Nepal,NPL,1982,0.0010859701
Nepal,NPL,1983,0.0011295375
Nepal,NPL,1984,0.0012005193
Nepal,NPL,1985,0.00126266
Nepal,NPL,1986,0.001323699
Nepal,NPL,1987,0.0014022272
Nepal,NPL,1988,0.0014899543
Nepal,NPL,1989,0.0015617061
Nepal,NPL,1990,0.0016071069
Nepal,NPL,1991,0.0016857984
Nepal,NPL,1992,0.0017858528
Nepal,NPL,1993,0.0018990427
Nepal,NPL,1994,0.0020307156
Nepal,NPL,1995,0.002229332
Nepal,NPL,1996,0.002420873
Nepal,NPL,1997,0.002632159
Nepal,NPL,1998,0.0027913426
Nepal,NPL,1999,0.0030362695
Nepal,NPL,2000,0.0032527428
Nepal,NPL,2001,0.0034768635
Nepal,NPL,2002,0.0036302593
Nepal,NPL,2003,0.003790849
Nepal,NPL,2004,0.0039206976
Nepal,NPL,2005,0.0040750573
Nepal,NPL,2006,0.0041747284
Nepal,NPL,2007,0.0042755394
Nepal,NPL,2008,0.0044309497
Nepal,NPL,2009,0.004639524
Nepal,NPL,2010,0.0048840777
Nepal,NPL,2011,0.005140708
Nepal,NPL,2012,0.005400943
Nepal,NPL,2013,0.005699018
Nepal,NPL,2014,0.006074551
Nepal,NPL,2015,0.0063877935
Nepal,NPL,2016,0.006891773
Nepal,NPL,2017,0.0075174454
Nepal,NPL,2018,0.00821111
Nepal,NPL,2019,0.008794753
Nepal,NPL,2020,0.009533177
Nepal,NPL,2021,0.010223225
Nepal,NPL,2022,0.01100026
Nepal,NPL,2023,0.011782209
Nepal,NPL,2024,0.012551672
Netherlands,NLD,1846,0.0709509
Netherlands,NLD,1847,0.15988596
Netherlands,NLD,1848,0.2367261
Netherlands,NLD,1849,0.29997814
Netherlands,NLD,1850,0.3533526
Netherlands,NLD,1851,0.40197116
Netherlands,NLD,1852,0.45854628
Netherlands,NLD,1853,0.517386
Netherlands,NLD,1854,0.599304
Netherlands,NLD,1855,0.65159696
Netherlands,NLD,1856,0.6986287
Netherlands,NLD,1857,0.7334584
Netherlands,NLD,1858,0.7573502
Netherlands,NLD,1859,0.7748273
Netherlands,NLD,1860,0.804893
Netherlands,NLD,1861,0.8254871
Netherlands,NLD,1862,0.85925627
Netherlands,NLD,1863,0.8689831
Netherlands,NLD,1864,0.86723983
Netherlands,NLD,1865,0.86805546
Netherlands,NLD,1866,0.8713228
Netherlands,NLD,1867,0.86987805
Netherlands,NLD,1868,0.8692986
Netherlands,NLD,1869,0.8676093
Netherlands,NLD,1870,0.8700772
Netherlands,NLD,1871,0.87025404
Netherlands,NLD,1872,0.8690248
Netherlands,NLD,1873,0.86400855
Netherlands,NLD,1874,0.8591809
Netherlands,NLD,1875,0.8562953
Netherlands,NLD,1876,0.8581904
Netherlands,NLD,1877,0.85982347
Netherlands,NLD,1878,0.86324733
Netherlands,NLD,1879,0.8668996
Netherlands,NLD,1880,0.8697483
Netherlands,NLD,1881,0.87129444
Netherlands,NLD,1882,0.87108165
Netherlands,NLD,1883,0.87255657
Netherlands,NLD,1884,0.8734721
Netherlands,NLD,1885,0.87573314
Netherlands,NLD,1886,0.87805843
Netherlands,NLD,1887,0.8790941
Netherlands,NLD,1888,0.88020724
Netherlands,NLD,1889,0.8803141
Netherlands,NLD,1890,0.8761518
Netherlands,NLD,1891,0.8758535
Netherlands,NLD,1892,0.87345827
Netherlands,NLD,1893,0.8721274
Netherlands,NLD,1894,0.8701284
Netherlands,NLD,1895,0.8663078
Netherlands,NLD,1896,0.8639519
Netherlands,NLD,1897,0.86172867
Netherlands,NLD,1898,0.85742736
Netherlands,NLD,1899,0.851151
Netherlands,NLD,1900,0.8465549
Netherlands,NLD,1901,0.8405366
Netherlands,NLD,1902,0.83412105
Netherlands,NLD,1903,0.827142
Netherlands,NLD,1904,0.82197464
Netherlands,NLD,1905,0.8158067
Netherlands,NLD,1906,0.8111455
Netherlands,NLD,1907,0.80305743
Netherlands,NLD,1908,0.79764587
Netherlands,NLD,1909,0.79278964
Netherlands,NLD,1910,0.78803325
Netherlands,NLD,1911,0.78486633
Netherlands,NLD,1912,0.7840632
Netherlands,NLD,1913,0.78395426
Netherlands,NLD,1914,0.7848587
Netherlands,NLD,1915,0.78465843
Netherlands,NLD,1916,0.779902
Netherlands,NLD,1917,0.7595107
Netherlands,NLD,1918,0.7470466
Netherlands,NLD,1919,0.7463093
Netherlands,NLD,1920,0.7421629
Netherlands,NLD,1921,0.74227065
Netherlands,NLD,1922,0.7450312
Netherlands,NLD,1923,0.7446878
Netherlands,NLD,1924,0.747174
Netherlands,NLD,1925,0.7518289
Netherlands,NLD,1926,0.7571776
Netherlands,NLD,1927,0.7630588
Netherlands,NLD,1928,0.7687113
Netherlands,NLD,1929,0.7747633
Netherlands,NLD,1930,0.7819285
Netherlands,NLD,1931,0.79387236
Netherlands,NLD,1932,0.80474037
Netherlands,NLD,1933,0.81234956
Netherlands,NLD,1934,0.8181126
Netherlands,NLD,1935,0.82181966
Netherlands,NLD,1936,0.8250787
Netherlands,NLD,1937,0.8291982
Netherlands,NLD,1938,0.8339949
Netherlands,NLD,1939,0.83593696
Netherlands,NLD,1940,0.83185184
Netherlands,NLD,1941,0.8294546
Netherlands,NLD,1942,0.82592916
Netherlands,NLD,1943,0.822364
Netherlands,NLD,1944,0.8128635
Netherlands,NLD,1945,0.8030282
Netherlands,NLD,1946,0.80021787
Netherlands,NLD,1947,0.8017368
Netherlands,NLD,1948,0.80336106
Netherlands,NLD,1949,0.8072076
Netherlands,NLD,1950,0.80868673
Netherlands,NLD,1951,0.81010485
Netherlands,NLD,1952,0.8110602
Netherlands,NLD,1953,0.81158984
Netherlands,NLD,1954,0.81287056
Netherlands,NLD,1955,0.81305647
Netherlands,NLD,1956,0.8132947
Netherlands,NLD,1957,0.81253165
Netherlands,NLD,1958,0.81195045
Netherlands,NLD,1959,0.8103576
Netherlands,NLD,1960,0.8095106
Netherlands,NLD,1961,0.80939037
Netherlands,NLD,1962,0.8107358
Netherlands,NLD,1963,0.81308216
Netherlands,NLD,1964,0.8155992
Netherlands,NLD,1965,0.8178677
Netherlands,NLD,1966,0.8196276
Netherlands,NLD,1967,0.821291
Netherlands,NLD,1968,0.8231711
Netherlands,NLD,1969,0.8237851
Netherlands,NLD,1970,0.8282665
Netherlands,NLD,1971,0.8310449
Netherlands,NLD,1972,0.8360007
Netherlands,NLD,1973,0.84074265
Netherlands,NLD,1974,0.8442183
Netherlands,NLD,1975,0.84600997
Netherlands,NLD,1976,0.8494326
Netherlands,NLD,1977,0.8508408
Netherlands,NLD,1978,0.85224634
Netherlands,NLD,1979,0.85580385
Netherlands,NLD,1980,0.8575506
Netherlands,NLD,1981,0.8579062
Netherlands,NLD,1982,0.8536586
Netherlands,NLD,1983,0.8500179
Netherlands,NLD,1984,0.8468764
Netherlands,NLD,1985,0.84349555
Netherlands,NLD,1986,0.8395491
Netherlands,NLD,1987,0.8360755
Netherlands,NLD,1988,0.8311349
Netherlands,NLD,1989,0.8282219
Netherlands,NLD,1990,0.82509464
Netherlands,NLD,1991,0.82268596
Netherlands,NLD,1992,0.821045
Netherlands,NLD,1993,0.8192631
Netherlands,NLD,1994,0.8174523
Netherlands,NLD,1995,0.8154183
Netherlands,NLD,1996,0.8138266
Netherlands,NLD,1997,0.8114626
Netherlands,NLD,1998,0.8093766
Netherlands,NLD,1999,0.8064371
Netherlands,NLD,2000,0.8032247
Netherlands,NLD,2001,0.80052555
Netherlands,NLD,2002,0.7974704
Netherlands,NLD,2003,0.79388326
Netherlands,NLD,2004,0.7899788
Netherlands,NLD,2005,0.78527135
Netherlands,NLD,2006,0.7797538
Netherlands,NLD,2007,0.7739245
Netherlands,NLD,2008,0.7682769
Netherlands,NLD,2009,0.7628006
Netherlands,NLD,2010,0.7574605
Netherlands,NLD,2011,0.75079
Netherlands,NLD,2012,0.7439405
Netherlands,NLD,2013,0.73720115
Netherlands,NLD,2014,0.7301883
Netherlands,NLD,2015,0.7239582
Netherlands,NLD,2016,0.718072
Netherlands,NLD,2017,0.71202886
Netherlands,NLD,2018,0.70567554
Netherlands,NLD,2019,0.69912165
Netherlands,NLD,2020,0.6927127
Netherlands,NLD,2021,0.6860555
Netherlands,NLD,2022,0.6787234
Netherlands,NLD,2023,0.67090595
Netherlands,NLD,2024,0.663109
New Caledonia,NCL,1950,0.00009480353
New Caledonia,NCL,1951,0.00021067039
New Caledonia,NCL,1952,0.00039822923
New Caledonia,NCL,1953,0.0005465601
New Caledonia,NCL,1954,0.0007337077
New Caledonia,NCL,1955,0.0009766094
New Caledonia,NCL,1956,0.0013742483
New Caledonia,NCL,1957,0.0017127661
New Caledonia,NCL,1958,0.001918159
New Caledonia,NCL,1959,0.0020586392
New Caledonia,NCL,1960,0.0022751777
New Caledonia,NCL,1961,0.0024867752
New Caledonia,NCL,1962,0.0025850367
New Caledonia,NCL,1963,0.0026897702
New Caledonia,NCL,1964,0.0029215347
New Caledonia,NCL,1965,0.0031717462
New Caledonia,NCL,1966,0.003476546
New Caledonia,NCL,1967,0.003749287
New Caledonia,NCL,1968,0.0040907455
New Caledonia,NCL,1969,0.004332813
New Caledonia,NCL,1970,0.0047432766
New Caledonia,NCL,1971,0.0051247617
New Caledonia,NCL,1972,0.0053154873
New Caledonia,NCL,1973,0.005671666
New Caledonia,NCL,1974,0.0060413308
New Caledonia,NCL,1975,0.0063366764
New Caledonia,NCL,1976,0.0065754335
New Caledonia,NCL,1977,0.0067465287
New Caledonia,NCL,1978,0.006792261
New Caledonia,NCL,1979,0.006846241
New Caledonia,NCL,1980,0.0069573894
New Caledonia,NCL,1981,0.006969745
New Caledonia,NCL,1982,0.0069629303
New Caledonia,NCL,1983,0.006937908
New Caledonia,NCL,1984,0.006916131
New Caledonia,NCL,1985,0.0069243903
New Caledonia,NCL,1986,0.00692239
New Caledonia,NCL,1987,0.006921503
New Caledonia,NCL,1988,0.0069194213
New Caledonia,NCL,1989,0.006932593
New Caledonia,NCL,1990,0.006932646
New Caledonia,NCL,1991,0.0069507053
New Caledonia,NCL,1992,0.0069518955
New Caledonia,NCL,1993,0.0069804797
New Caledonia,NCL,1994,0.0070217713
New Caledonia,NCL,1995,0.007066826
New Caledonia,NCL,1996,0.0071166386
New Caledonia,NCL,1997,0.007125129
New Caledonia,NCL,1998,0.0071330606
New Caledonia,NCL,1999,0.0071608904
New Caledonia,NCL,2000,0.0071988874
New Caledonia,NCL,2001,0.0072014118
New Caledonia,NCL,2002,0.007247049
New Caledonia,NCL,2003,0.0073111914
New Caledonia,NCL,2004,0.007347877
New Caledonia,NCL,2005,0.0074012275
New Caledonia,NCL,2006,0.0074379705
New Caledonia,NCL,2007,0.00748486
New Caledonia,NCL,2008,0.00752002
New Caledonia,NCL,2009,0.007570908
New Caledonia,NCL,2010,0.0076554893
New Caledonia,NCL,2011,0.0077321157
New Caledonia,NCL,2012,0.0078031598
New Caledonia,NCL,2013,0.00788731
New Caledonia,NCL,2014,0.008036524
New Caledonia,NCL,2015,0.008170391
New Caledonia,NCL,2016,0.008337157
New Caledonia,NCL,2017,0.008499801
New Caledonia,NCL,2018,0.008671452
New Caledonia,NCL,2019,0.008819204
New Caledonia,NCL,2020,0.008937486
New Caledonia,NCL,2021,0.009009065
New Caledonia,NCL,2022,0.009106936
New Caledonia,NCL,2023,0.009195242
New Caledonia,NCL,2024,0.0092892
New Zealand,NZL,1750,0
New Zealand,NZL,1751,0
New Zealand,NZL,1752,0
New Zealand,NZL,1753,0
New Zealand,NZL,1754,0
New Zealand,NZL,1755,0
New Zealand,NZL,1756,0
New Zealand,NZL,1757,0
New Zealand,NZL,1758,0
New Zealand,NZL,1759,0
New Zealand,NZL,1760,0
New Zealand,NZL,1761,0
New Zealand,NZL,1762,0
New Zealand,NZL,1763,0
New Zealand,NZL,1764,0
New Zealand,NZL,1765,0
New Zealand,NZL,1766,0
New Zealand,NZL,1767,0
New Zealand,NZL,1768,0
New Zealand,NZL,1769,0
New Zealand,NZL,1770,0
New Zealand,NZL,1771,0
New Zealand,NZL,1772,0
New Zealand,NZL,1773,0
New Zealand,NZL,1774,0
New Zealand,NZL,1775,0
New Zealand,NZL,1776,0
New Zealand,NZL,1777,0
New Zealand,NZL,1778,0
New Zealand,NZL,1779,0
New Zealand,NZL,1780,0
New Zealand,NZL,1781,0
New Zealand,NZL,1782,0
New Zealand,NZL,1783,0
New Zealand,NZL,1784,0
New Zealand,NZL,1785,0
New Zealand,NZL,1786,0
New Zealand,NZL,1787,0
New Zealand,NZL,1788,0
New Zealand,NZL,1789,0
New Zealand,NZL,1790,0
New Zealand,NZL,1791,0
New Zealand,NZL,1792,0
New Zealand,NZL,1793,0
New Zealand,NZL,1794,0
New Zealand,NZL,1795,0
New Zealand,NZL,1796,0
New Zealand,NZL,1797,0
New Zealand,NZL,1798,0
New Zealand,NZL,1799,0
New Zealand,NZL,1800,0
New Zealand,NZL,1801,0
New Zealand,NZL,1802,0
New Zealand,NZL,1803,0
New Zealand,NZL,1804,0
New Zealand,NZL,1805,0
New Zealand,NZL,1806,0
New Zealand,NZL,1807,0
New Zealand,NZL,1808,0
New Zealand,NZL,1809,0
New Zealand,NZL,1810,0
New Zealand,NZL,1811,0
New Zealand,NZL,1812,0
New Zealand,NZL,1813,0
New Zealand,NZL,1814,0
New Zealand,NZL,1815,0
New Zealand,NZL,1816,0
New Zealand,NZL,1817,0
New Zealand,NZL,1818,0
New Zealand,NZL,1819,0
New Zealand,NZL,1820,0
New Zealand,NZL,1821,0
New Zealand,NZL,1822,0
New Zealand,NZL,1823,0
New Zealand,NZL,1824,0
New Zealand,NZL,1825,0
New Zealand,NZL,1826,0
New Zealand,NZL,1827,0
New Zealand,NZL,1828,0
New Zealand,NZL,1829,0
New Zealand,NZL,1830,0
New Zealand,NZL,1831,0
New Zealand,NZL,1832,0
New Zealand,NZL,1833,0
New Zealand,NZL,1834,0
New Zealand,NZL,1835,0
New Zealand,NZL,1836,0
New Zealand,NZL,1837,0
New Zealand,NZL,1838,0
New Zealand,NZL,1839,0
New Zealand,NZL,1840,0
New Zealand,NZL,1841,0
New Zealand,NZL,1842,0
New Zealand,NZL,1843,0
New Zealand,NZL,1844,0
New Zealand,NZL,1845,0
New Zealand,NZL,1846,0
New Zealand,NZL,1847,0
New Zealand,NZL,1848,0
New Zealand,NZL,1849,0
New Zealand,NZL,1850,0
New Zealand,NZL,1851,0
New Zealand,NZL,1852,0
New Zealand,NZL,1853,0
New Zealand,NZL,1854,0
New Zealand,NZL,1855,0
New Zealand,NZL,1856,0
New Zealand,NZL,1857,0
New Zealand,NZL,1858,0
New Zealand,NZL,1859,0
New Zealand,NZL,1860,0
New Zealand,NZL,1861,0
New Zealand,NZL,1862,0
New Zealand,NZL,1863,0
New Zealand,NZL,1864,0
New Zealand,NZL,1865,0
New Zealand,NZL,1866,0
New Zealand,NZL,1867,0
New Zealand,NZL,1868,0
New Zealand,NZL,1869,0
New Zealand,NZL,1870,0
New Zealand,NZL,1871,0
New Zealand,NZL,1872,0
New Zealand,NZL,1873,0
New Zealand,NZL,1874,0
New Zealand,NZL,1875,0
New Zealand,NZL,1876,0
New Zealand,NZL,1877,0
New Zealand,NZL,1878,0.0020798557
New Zealand,NZL,1879,0.0048243203
New Zealand,NZL,1880,0.008109084
New Zealand,NZL,1881,0.011500077
New Zealand,NZL,1882,0.015007572
New Zealand,NZL,1883,0.018617537
New Zealand,NZL,1884,0.022481333
New Zealand,NZL,1885,0.02630077
New Zealand,NZL,1886,0.02999375
New Zealand,NZL,1887,0.033550598
New Zealand,NZL,1888,0.037122346
New Zealand,NZL,1889,0.040204674
New Zealand,NZL,1890,0.043253977
New Zealand,NZL,1891,0.046176556
New Zealand,NZL,1892,0.04886751
New Zealand,NZL,1893,0.051483694
New Zealand,NZL,1894,0.054008473
New Zealand,NZL,1895,0.05624761
New Zealand,NZL,1896,0.05862014
New Zealand,NZL,1897,0.060963422
New Zealand,NZL,1898,0.063342184
New Zealand,NZL,1899,0.06564954
New Zealand,NZL,1900,0.06820268
New Zealand,NZL,1901,0.071086444
New Zealand,NZL,1902,0.0742662
New Zealand,NZL,1903,0.077156164
New Zealand,NZL,1904,0.08025515
New Zealand,NZL,1905,0.0830677
New Zealand,NZL,1906,0.08603691
New Zealand,NZL,1907,0.088609256
New Zealand,NZL,1908,0.09121412
New Zealand,NZL,1909,0.0936092
New Zealand,NZL,1910,0.0965168
New Zealand,NZL,1911,0.09872081
New Zealand,NZL,1912,0.100870244
New Zealand,NZL,1913,0.10168997
New Zealand,NZL,1914,0.10388236
New Zealand,NZL,1915,0.10580036
New Zealand,NZL,1916,0.107400484
New Zealand,NZL,1917,0.10825208
New Zealand,NZL,1918,0.10902244
New Zealand,NZL,1919,0.109835215
New Zealand,NZL,1920,0.10950935
New Zealand,NZL,1921,0.10959167
New Zealand,NZL,1922,0.109576724
New Zealand,NZL,1923,0.109382086
New Zealand,NZL,1924,0.1093185
New Zealand,NZL,1925,0.10931835
New Zealand,NZL,1926,0.10952024
New Zealand,NZL,1927,0.10959838
New Zealand,NZL,1928,0.10985033
New Zealand,NZL,1929,0.10998423
New Zealand,NZL,1930,0.11034678
New Zealand,NZL,1931,0.110576995
New Zealand,NZL,1932,0.11058279
New Zealand,NZL,1933,0.11046872
New Zealand,NZL,1934,0.11043246
New Zealand,NZL,1935,0.11037885
New Zealand,NZL,1936,0.110091425
New Zealand,NZL,1937,0.10975156
New Zealand,NZL,1938,0.10952067
New Zealand,NZL,1939,0.10927433
New Zealand,NZL,1940,0.10895446
New Zealand,NZL,1941,0.10871456
New Zealand,NZL,1942,0.10854652
New Zealand,NZL,1943,0.108475864
New Zealand,NZL,1944,0.10841097
New Zealand,NZL,1945,0.10888268
New Zealand,NZL,1946,0.10912719
New Zealand,NZL,1947,0.109041035
New Zealand,NZL,1948,0.10884258
New Zealand,NZL,1949,0.10881794
New Zealand,NZL,1950,0.10973032
New Zealand,NZL,1951,0.11022029
New Zealand,NZL,1952,0.11111571
New Zealand,NZL,1953,0.11157726
New Zealand,NZL,1954,0.11215627
New Zealand,NZL,1955,0.11254923
New Zealand,NZL,1956,0.11282481
New Zealand,NZL,1957,0.113204196
New Zealand,NZL,1958,0.11342857
New Zealand,NZL,1959,0.11352054
New Zealand,NZL,1960,0.11380448
New Zealand,NZL,1961,0.11413185
New Zealand,NZL,1962,0.11415431
New Zealand,NZL,1963,0.11430131
New Zealand,NZL,1964,0.11450765
New Zealand,NZL,1965,0.11471151
New Zealand,NZL,1966,0.11481705
New Zealand,NZL,1967,0.11470671
New Zealand,NZL,1968,0.11437163
New Zealand,NZL,1969,0.11401068
New Zealand,NZL,1970,0.11335127
New Zealand,NZL,1971,0.11277892
New Zealand,NZL,1972,0.112317935
New Zealand,NZL,1973,0.11211126
New Zealand,NZL,1974,0.11205091
New Zealand,NZL,1975,0.11190036
New Zealand,NZL,1976,0.11175981
New Zealand,NZL,1977,0.11172245
New Zealand,NZL,1978,0.11114925
New Zealand,NZL,1979,0.11025943
New Zealand,NZL,1980,0.10960911
New Zealand,NZL,1981,0.10894408
New Zealand,NZL,1982,0.10861063
New Zealand,NZL,1983,0.10822658
New Zealand,NZL,1984,0.10797291
New Zealand,NZL,1985,0.10798822
New Zealand,NZL,1986,0.108109936
New Zealand,NZL,1987,0.108291954
New Zealand,NZL,1988,0.108516246
New Zealand,NZL,1989,0.10868994
New Zealand,NZL,1990,0.1087869
New Zealand,NZL,1991,0.108898334
New Zealand,NZL,1992,0.10932393
New Zealand,NZL,1993,0.10965229
New Zealand,NZL,1994,0.109951995
New Zealand,NZL,1995,0.11018326
New Zealand,NZL,1996,0.11045661
New Zealand,NZL,1997,0.11090286
New Zealand,NZL,1998,0.11119359
New Zealand,NZL,1999,0.11156862
New Zealand,NZL,2000,0.111928165
New Zealand,NZL,2001,0.112450905
New Zealand,NZL,2002,0.112905085
New Zealand,NZL,2003,0.11334941
New Zealand,NZL,2004,0.11364211
New Zealand,NZL,2005,0.11396029
New Zealand,NZL,2006,0.11416125
New Zealand,NZL,2007,0.114195205
New Zealand,NZL,2008,0.11426459
New Zealand,NZL,2009,0.11415655
New Zealand,NZL,2010,0.113914594
New Zealand,NZL,2011,0.11354872
New Zealand,NZL,2012,0.11328148
New Zealand,NZL,2013,0.112953745
New Zealand,NZL,2014,0.11263934
New Zealand,NZL,2015,0.112370946
New Zealand,NZL,2016,0.112008035
New Zealand,NZL,2017,0.11171647
New Zealand,NZL,2018,0.11138732
New Zealand,NZL,2019,0.111110754
New Zealand,NZL,2020,0.11081891
New Zealand,NZL,2021,0.110458136
New Zealand,NZL,2022,0.109922916
New Zealand,NZL,2023,0.10935324
New Zealand,NZL,2024,0.10882707
Nicaragua,NIC,1870,0
Nicaragua,NIC,1871,6.465845e-8
Nicaragua,NIC,1872,1.2304223e-7
Nicaragua,NIC,1873,2.8521004e-7
Nicaragua,NIC,1874,7.061557e-7
Nicaragua,NIC,1875,8.475796e-7
Nicaragua,NIC,1876,9.888719e-7
Nicaragua,NIC,1877,0.0000014775504
Nicaragua,NIC,1878,0.000004418277
Nicaragua,NIC,1879,0.000009199961
Nicaragua,NIC,1880,0.000011536325
Nicaragua,NIC,1881,0.000011457411
Nicaragua,NIC,1882,0.000011308922
Nicaragua,NIC,1883,0.0000137619845
Nicaragua,NIC,1884,0.000020474632
Nicaragua,NIC,1885,0.000024162078
Nicaragua,NIC,1886,0.000024513469
Nicaragua,NIC,1887,0.000027034243
Nicaragua,NIC,1888,0.00003186836
Nicaragua,NIC,1889,0.000055131568
Nicaragua,NIC,1890,0.00011004732
Nicaragua,NIC,1891,0.00019648748
Nicaragua,NIC,1892,0.0002563973
Nicaragua,NIC,1893,0.00027900058
Nicaragua,NIC,1894,0.00030609476
Nicaragua,NIC,1895,0.000320394
Nicaragua,NIC,1896,0.0003218365
Nicaragua,NIC,1897,0.00032213063
Nicaragua,NIC,1898,0.00032196913
Nicaragua,NIC,1899,0.00032158464
Nicaragua,NIC,1900,0.0003227944
Nicaragua,NIC,1901,0.00032613912
Nicaragua,NIC,1902,0.00032804173
Nicaragua,NIC,1903,0.00032896106
Nicaragua,NIC,1904,0.00032846248
Nicaragua,NIC,1905,0.0003253019
Nicaragua,NIC,1906,0.00032146566
Nicaragua,NIC,1907,0.0003143028
Nicaragua,NIC,1908,0.0003075837
Nicaragua,NIC,1909,0.00030083908
Nicaragua,NIC,1910,0.00029475937
Nicaragua,NIC,1911,0.00029141078
Nicaragua,NIC,1912,0.00028598018
Nicaragua,NIC,1913,0.00027800523
Nicaragua,NIC,1914,0.00027213318
Nicaragua,NIC,1915,0.0002668417
Nicaragua,NIC,1916,0.00026291152
Nicaragua,NIC,1917,0.00026082413
Nicaragua,NIC,1918,0.00025835866
Nicaragua,NIC,1919,0.00025624142
Nicaragua,NIC,1920,0.00025034018
Nicaragua,NIC,1921,0.0002475056
Nicaragua,NIC,1922,0.00024257059
Nicaragua,NIC,1923,0.00024284715
Nicaragua,NIC,1924,0.00024711818
Nicaragua,NIC,1925,0.0002450906
Nicaragua,NIC,1926,0.00025164094
Nicaragua,NIC,1927,0.00024584436
Nicaragua,NIC,1928,0.00023950766
Nicaragua,NIC,1929,0.00023271891
Nicaragua,NIC,1930,0.00022657846
Nicaragua,NIC,1931,0.00022128066
Nicaragua,NIC,1932,0.00021663534
Nicaragua,NIC,1933,0.00021205483
Nicaragua,NIC,1934,0.00020717355
Nicaragua,NIC,1935,0.00020233556
Nicaragua,NIC,1936,0.0001973215
Nicaragua,NIC,1937,0.00019229644
Nicaragua,NIC,1938,0.00018764836
Nicaragua,NIC,1939,0.0001829952
Nicaragua,NIC,1940,0.00017816343
Nicaragua,NIC,1941,0.00017349978
Nicaragua,NIC,1942,0.00016897394
Nicaragua,NIC,1943,0.00016862007
Nicaragua,NIC,1944,0.00016625182
Nicaragua,NIC,1945,0.00016639337
Nicaragua,NIC,1946,0.00016447357
Nicaragua,NIC,1947,0.00016397503
Nicaragua,NIC,1948,0.00016335935
Nicaragua,NIC,1949,0.00016296579
Nicaragua,NIC,1950,0.0002410185
Nicaragua,NIC,1951,0.00031910161
Nicaragua,NIC,1952,0.00042291507
Nicaragua,NIC,1953,0.00052537513
Nicaragua,NIC,1954,0.0006335722
Nicaragua,NIC,1955,0.0007633665
Nicaragua,NIC,1956,0.0008791431
Nicaragua,NIC,1957,0.0010017937
Nicaragua,NIC,1958,0.0011797753
Nicaragua,NIC,1959,0.0013053115
Nicaragua,NIC,1960,0.0014378137
Nicaragua,NIC,1961,0.0015715639
Nicaragua,NIC,1962,0.0017260883
Nicaragua,NIC,1963,0.0019230241
Nicaragua,NIC,1964,0.0021354381
Nicaragua,NIC,1965,0.0022850754
Nicaragua,NIC,1966,0.002470263
Nicaragua,NIC,1967,0.0026728872
Nicaragua,NIC,1968,0.0028960162
Nicaragua,NIC,1969,0.0031119925
Nicaragua,NIC,1970,0.003332643
Nicaragua,NIC,1971,0.003556781
Nicaragua,NIC,1972,0.0037813953
Nicaragua,NIC,1973,0.004030494
Nicaragua,NIC,1974,0.004287539
Nicaragua,NIC,1975,0.0045232037
Nicaragua,NIC,1976,0.004791905
Nicaragua,NIC,1977,0.005150532
Nicaragua,NIC,1978,0.005442787
Nicaragua,NIC,1979,0.0055537834
Nicaragua,NIC,1980,0.00571045
Nicaragua,NIC,1981,0.0058804224
Nicaragua,NIC,1982,0.006038034
Nicaragua,NIC,1983,0.0061677652
Nicaragua,NIC,1984,0.0062629045
Nicaragua,NIC,1985,0.0063663484
Nicaragua,NIC,1986,0.006498996
Nicaragua,NIC,1987,0.006642028
Nicaragua,NIC,1988,0.006744844
Nicaragua,NIC,1989,0.0067410427
Nicaragua,NIC,1990,0.0068042567
Nicaragua,NIC,1991,0.006853094
Nicaragua,NIC,1992,0.0069500287
Nicaragua,NIC,1993,0.007029805
Nicaragua,NIC,1994,0.0071298596
Nicaragua,NIC,1995,0.007246317
Nicaragua,NIC,1996,0.0073610367
Nicaragua,NIC,1997,0.007496339
Nicaragua,NIC,1998,0.007653567
Nicaragua,NIC,1999,0.007819196
Nicaragua,NIC,2000,0.007983254
Nicaragua,NIC,2001,0.008156767
Nicaragua,NIC,2002,0.008323834
Nicaragua,NIC,2003,0.008502394
Nicaragua,NIC,2004,0.00866968
Nicaragua,NIC,2005,0.008812273
Nicaragua,NIC,2006,0.008953205
Nicaragua,NIC,2007,0.009091302
Nicaragua,NIC,2008,0.009204006
Nicaragua,NIC,2009,0.009321035
Nicaragua,NIC,2010,0.009421437
Nicaragua,NIC,2011,0.009533311
Nicaragua,NIC,2012,0.00961843
Nicaragua,NIC,2013,0.009700866
Nicaragua,NIC,2014,0.009787173
Nicaragua,NIC,2015,0.009915212
Nicaragua,NIC,2016,0.01003557
Nicaragua,NIC,2017,0.010150768
Nicaragua,NIC,2018,0.010239906
Nicaragua,NIC,2019,0.010324728
Nicaragua,NIC,2020,0.010384269
Nicaragua,NIC,2021,0.0104594445
Nicaragua,NIC,2022,0.010527488
Nicaragua,NIC,2023,0.010605805
Nicaragua,NIC,2024,0.0106889075
Niger,NER,1950,0.000012235538
Niger,NER,1951,0.000021864531
Niger,NER,1952,0.00003212682
Niger,NER,1953,0.000040044477
Niger,NER,1954,0.00004904985
Niger,NER,1955,0.000057421326
Niger,NER,1956,0.000066715635
Niger,NER,1957,0.000075672826
Niger,NER,1958,0.00008231696
Niger,NER,1959,0.000087231434
Niger,NER,1960,0.00009408095
Niger,NER,1961,0.00010858713
Niger,NER,1962,0.0001254903
Niger,NER,1963,0.0001477066
Niger,NER,1964,0.00017044447
Niger,NER,1965,0.00019053606
Niger,NER,1966,0.00022090171
Niger,NER,1967,0.00024818451
Niger,NER,1968,0.00028070575
Niger,NER,1969,0.0003176667
Niger,NER,1970,0.00035730883
Niger,NER,1971,0.00039697386
Niger,NER,1972,0.00043799356
Niger,NER,1973,0.0004911307
Niger,NER,1974,0.000532817
Niger,NER,1975,0.00058041385
Niger,NER,1976,0.0006235531
Niger,NER,1977,0.0006692324
Niger,NER,1978,0.0007199883
Niger,NER,1979,0.00077752327
Niger,NER,1980,0.0008464531
Niger,NER,1981,0.0009302127
Niger,NER,1982,0.0010189323
Niger,NER,1983,0.0011350508
Niger,NER,1984,0.0012479326
Niger,NER,1985,0.0013536478
Niger,NER,1986,0.0014395461
Niger,NER,1987,0.0015326269
Niger,NER,1988,0.0016175268
Niger,NER,1989,0.001703567
Niger,NER,1990,0.0017297778
Niger,NER,1991,0.001749636
Niger,NER,1992,0.0017645183
Niger,NER,1993,0.0017874349
Niger,NER,1994,0.0018059595
Niger,NER,1995,0.0018204206
Niger,NER,1996,0.0018413138
Niger,NER,1997,0.0018618089
Niger,NER,1998,0.0018863156
Niger,NER,1999,0.0019072136
Niger,NER,2000,0.001926054
Niger,NER,2001,0.0019401814
Niger,NER,2002,0.001956136
Niger,NER,2003,0.001974162
Niger,NER,2004,0.0019941505
Niger,NER,2005,0.002002693
Niger,NER,2006,0.0020074928
Niger,NER,2007,0.0020133983
Niger,NER,2008,0.0020248883
Niger,NER,2009,0.002048886
Niger,NER,2010,0.0020844524
Niger,NER,2011,0.0021276248
Niger,NER,2012,0.0022061283
Niger,NER,2013,0.0022959895
Niger,NER,2014,0.0023932697
Niger,NER,2015,0.0024823174
Niger,NER,2016,0.0025636367
Niger,NER,2017,0.0026467203
Niger,NER,2018,0.0026978436
Niger,NER,2019,0.0027888205
Niger,NER,2020,0.0029101095
Niger,NER,2021,0.0029974538
Niger,NER,2022,0.003114573
Niger,NER,2023,0.0032221072
Niger,NER,2024,0.0033262793
Nigeria,NGA,1915,0.00002114823
Nigeria,NGA,1916,0.00009360761
Nigeria,NGA,1917,0.00032887896
Nigeria,NGA,1918,0.000728351
Nigeria,NGA,1919,0.0010758113
Nigeria,NGA,1920,0.0015090358
Nigeria,NGA,1921,0.0020002488
Nigeria,NGA,1922,0.0022172357
Nigeria,NGA,1923,0.0025605478
Nigeria,NGA,1924,0.0029411511
Nigeria,NGA,1925,0.0033823824
Nigeria,NGA,1926,0.003983941
Nigeria,NGA,1927,0.0046103005
Nigeria,NGA,1928,0.0051994906
Nigeria,NGA,1929,0.0057153315
Nigeria,NGA,1930,0.0062195943
Nigeria,NGA,1931,0.006677744
Nigeria,NGA,1932,0.006991946
Nigeria,NGA,1933,0.007255596
Nigeria,NGA,1934,0.0075361277
Nigeria,NGA,1935,0.007792587
Nigeria,NGA,1936,0.008074802
Nigeria,NGA,1937,0.008442207
Nigeria,NGA,1938,0.008801937
Nigeria,NGA,1939,0.009044515
Nigeria,NGA,1940,0.0092619425
Nigeria,NGA,1941,0.009544845
Nigeria,NGA,1942,0.00994615
Nigeria,NGA,1943,0.01038383
Nigeria,NGA,1944,0.010940399
Nigeria,NGA,1945,0.01138415
Nigeria,NGA,1946,0.011913869
Nigeria,NGA,1947,0.012353003
Nigeria,NGA,1948,0.012790061
Nigeria,NGA,1949,0.013152215
Nigeria,NGA,1950,0.013789174
Nigeria,NGA,1951,0.014127218
Nigeria,NGA,1952,0.014644656
Nigeria,NGA,1953,0.015226436
Nigeria,NGA,1954,0.015822258
Nigeria,NGA,1955,0.016394071
Nigeria,NGA,1956,0.017020052
Nigeria,NGA,1957,0.017655667
Nigeria,NGA,1958,0.018426294
Nigeria,NGA,1959,0.019072728
Nigeria,NGA,1960,0.019595701
Nigeria,NGA,1961,0.020308267
Nigeria,NGA,1962,0.020978533
Nigeria,NGA,1963,0.021922752
Nigeria,NGA,1964,0.023326362
Nigeria,NGA,1965,0.02585769
Nigeria,NGA,1966,0.028500302
Nigeria,NGA,1967,0.030931378
Nigeria,NGA,1968,0.03159493
Nigeria,NGA,1969,0.03348228
Nigeria,NGA,1970,0.037366293
Nigeria,NGA,1971,0.043363355
Nigeria,NGA,1972,0.050871793
Nigeria,NGA,1973,0.05947697
Nigeria,NGA,1974,0.07007878
Nigeria,NGA,1975,0.07704367
Nigeria,NGA,1976,0.08490923
Nigeria,NGA,1977,0.09131356
Nigeria,NGA,1978,0.09678002
Nigeria,NGA,1979,0.10557027
Nigeria,NGA,1980,0.11345232
Nigeria,NGA,1981,0.120585725
Nigeria,NGA,1982,0.1272593
Nigeria,NGA,1983,0.13265578
Nigeria,NGA,1984,0.13907045
Nigeria,NGA,1985,0.14501666
Nigeria,NGA,1986,0.15106125
Nigeria,NGA,1987,0.1547167
Nigeria,NGA,1988,0.1594972
Nigeria,NGA,1989,0.16034348
Nigeria,NGA,1990,0.16063291
Nigeria,NGA,1991,0.1611828
Nigeria,NGA,1992,0.16233927
Nigeria,NGA,1993,0.16322699
Nigeria,NGA,1994,0.16799688
Nigeria,NGA,1995,0.17284724
Nigeria,NGA,1996,0.17875245
Nigeria,NGA,1997,0.18411663
Nigeria,NGA,1998,0.18829826
Nigeria,NGA,1999,0.19203119
Nigeria,NGA,2000,0.1966079
Nigeria,NGA,2001,0.20124872
Nigeria,NGA,2002,0.20462507
Nigeria,NGA,2003,0.20848714
Nigeria,NGA,2004,0.21154846
Nigeria,NGA,2005,0.214849
Nigeria,NGA,2006,0.21685651
Nigeria,NGA,2007,0.21796972
Nigeria,NGA,2008,0.21927173
Nigeria,NGA,2009,0.21987782
Nigeria,NGA,2010,0.22276814
Nigeria,NGA,2011,0.22634985
Nigeria,NGA,2012,0.22854637
Nigeria,NGA,2013,0.23108844
Nigeria,NGA,2014,0.23392284
Nigeria,NGA,2015,0.23574848
Nigeria,NGA,2016,0.23787057
Nigeria,NGA,2017,0.23956765
Nigeria,NGA,2018,0.24072297
Nigeria,NGA,2019,0.24304323
Nigeria,NGA,2020,0.2453665
Nigeria,NGA,2021,0.24867028
Nigeria,NGA,2022,0.25082102
Nigeria,NGA,2023,0.25268945
Nigeria,NGA,2024,0.25476015
Niue,NIU,1970,8.6084873e-7
Niue,NIU,1971,0.0000016611871
Niue,NIU,1972,0.0000024033852
Niue,NIU,1973,0.0000030891665
Niue,NIU,1974,0.0000037278955
Niue,NIU,1975,0.0000043239966
Niue,NIU,1976,0.000004873442
Niue,NIU,1977,0.0000053819126
Niue,NIU,1978,0.000005850295
Niue,NIU,1979,0.000006282876
Niue,NIU,1980,0.0000066885477
Niue,NIU,1981,0.00000707493
Niue,NIU,1982,0.0000074402715
Niue,NIU,1983,0.000007782812
Niue,NIU,1984,0.000008099616
Niue,NIU,1985,0.000008390492
Niue,NIU,1986,0.000008661534
Niue,NIU,1987,0.000008909546
Niue,NIU,1988,0.000009134057
Niue,NIU,1989,0.000009342663
Niue,NIU,1990,0.000009987474
Niue,NIU,1991,0.000010590916
Niue,NIU,1992,0.00001117051
Niue,NIU,1993,0.000011717211
Niue,NIU,1994,0.000012233159
Niue,NIU,1995,0.000012318532
Niue,NIU,1996,0.000012390263
Niue,NIU,1997,0.000012456528
Niue,NIU,1998,0.000012888863
Niue,NIU,1999,0.000013293518
Niue,NIU,2000,0.000013670116
Niue,NIU,2001,0.00001402639
Niue,NIU,2002,0.000014358478
Niue,NIU,2003,0.000014331233
Niue,NIU,2004,0.000014293421
Niue,NIU,2005,0.000014245523
Niue,NIU,2006,0.000014188319
Niue,NIU,2007,0.000014123656
Niue,NIU,2008,0.000014342983
Niue,NIU,2009,0.000014277587
Niue,NIU,2010,0.000014196151
Niue,NIU,2011,0.000014106739
Niue,NIU,2012,0.000014016982
Niue,NIU,2013,0.000014181715
Niue,NIU,2014,0.000014336771
Niue,NIU,2015,0.000014485173
Niue,NIU,2016,0.000014626909
Niue,NIU,2017,0.000014756924
Niue,NIU,2018,0.000014874233
Niue,NIU,2019,0.00001498318
Niue,NIU,2020,0.000015104507
Niue,NIU,2021,0.000015205922
Niue,NIU,2022,0.00001529741
Niue,NIU,2023,0.000015378359
Niue,NIU,2024,0.000015469817
North America,,1785,0.00080092315
North America,,1786,0.001539756
North America,,1787,0.0022215992
North America,,1788,0.0028510015
North America,,1789,0.0034311719
North America,,1790,0.003965894
North America,,1791,0.004458519
North America,,1792,0.0049083414
North America,,1793,0.0053231334
North America,,1794,0.0057071256
North America,,1795,0.0060669584
North America,,1796,0.0064052115
North America,,1797,0.006722641
North America,,1798,0.007011127
North America,,1799,0.0072399415
North America,,1800,0.03932718
North America,,1801,0.07070899
North America,,1802,0.101328254
North America,,1803,0.13159572
North America,,1804,0.1634999
North America,,1805,0.19415694
North America,,1806,0.22180675
North America,,1807,0.25112975
North America,,1808,0.28001896
North America,,1809,0.30780566
North America,,1810,0.33417317
North America,,1811,0.36105198
North America,,1812,0.3889626
North America,,1813,0.417844
North America,,1814,0.4476431
North America,,1815,0.4780847
North America,,1816,0.5103991
North America,,1817,0.5430639
North America,,1818,0.57693
North America,,1819,0.60753375
North America,,1820,0.6380997
North America,,1821,0.6684684
North America,,1822,0.6983255
North America,,1823,0.72746307
North America,,1824,0.7605429
North America,,1825,0.79670966
North America,,1826,0.8396043
North America,,1827,0.8845381
North America,,1828,0.93327945
North America,,1829,0.98859113
North America,,1830,1.043138
North America,,1831,1.103833
North America,,1832,1.1926216
North America,,1833,1.2953718
North America,,1834,1.382703
North America,,1835,1.4945812
North America,,1836,1.6080352
North America,,1837,1.7334961
North America,,1838,1.8409926
North America,,1839,1.9545019
North America,,1840,2.0654254
North America,,1841,2.1764731
North America,,1842,2.2952433
North America,,1843,2.4270287
North America,,1844,2.5842268
North America,,1845,2.7695348
North America,,1846,2.9764946
North America,,1847,3.214238
North America,,1848,3.4704797
North America,,1849,3.7295358
North America,,1850,3.9918091
North America,,1851,4.3292828
North America,,1852,4.674864
North America,,1853,5.0477066
North America,,1854,5.4090443
North America,,1855,5.819168
North America,,1856,6.2138176
North America,,1857,6.58745
North America,,1858,6.934754
North America,,1859,7.288735
North America,,1860,7.6122246
North America,,1861,7.8708234
North America,,1862,8.1255245
North America,,1863,8.4213505
North America,,1864,8.709879
North America,,1865,8.952156
North America,,1866,9.166149
North America,,1867,9.469023
North America,,1868,9.814256
North America,,1869,10.200978
North America,,1870,10.589051
North America,,1871,10.953492
North America,,1872,11.412496
North America,,1873,11.889861
North America,,1874,12.322362
North America,,1875,12.685372
North America,,1876,12.989529
North America,,1877,13.346025
North America,,1878,13.649659
North America,,1879,14.068347
North America,,1880,14.5175905
North America,,1881,14.965274
North America,,1882,15.464869
North America,,1883,15.9666195
North America,,1884,16.481092
North America,,1885,16.963907
North America,,1886,17.460327
North America,,1887,17.965055
North America,,1888,18.608244
North America,,1889,19.052868
North America,,1890,19.6213
North America,,1891,20.19162
North America,,1892,20.779842
North America,,1893,21.343418
North America,,1894,21.747847
North America,,1895,22.21876
North America,,1896,22.628426
North America,,1897,23.014889
North America,,1898,23.433271
North America,,1899,23.927828
North America,,1900,24.414688
North America,,1901,24.96162
North America,,1902,25.529602
North America,,1903,26.216297
North America,,1904,26.82024
North America,,1905,27.494059
North America,,1906,28.1494
North America,,1907,28.874372
North America,,1908,29.352922
North America,,1909,29.906815
North America,,1910,30.51465
North America,,1911,31.052422
North America,,1912,31.602825
North America,,1913,32.142887
North America,,1914,32.600445
North America,,1915,33.096577
North America,,1916,33.6531
North America,,1917,34.294083
North America,,1918,34.99286
North America,,1919,35.536335
North America,,1920,36.16662
North America,,1921,36.616486
North America,,1922,36.987854
North America,,1923,37.610874
North America,,1924,38.005524
North America,,1925,38.39573
North America,,1926,38.898266
North America,,1927,39.232258
North America,,1928,39.522884
North America,,1929,39.810608
North America,,1930,40.01553
North America,,1931,40.129944
North America,,1932,40.175407
North America,,1933,40.23483
North America,,1934,40.27987
North America,,1935,40.31367
North America,,1936,40.39474
North America,,1937,40.456276
North America,,1938,40.411922
North America,,1939,40.407635
North America,,1940,40.432297
North America,,1941,40.526733
North America,,1942,40.70493
North America,,1943,40.89591
North America,,1944,41.14717
North America,,1945,41.516705
North America,,1946,41.764
North America,,1947,42.002804
North America,,1948,42.2277
North America,,1949,42.2965
North America,,1950,42.398514
North America,,1951,42.455227
North America,,1952,42.464417
North America,,1953,42.46748
North America,,1954,42.40352
North America,,1955,42.331894
North America,,1956,42.24737
North America,,1957,42.12135
North America,,1958,41.94118
North America,,1959,41.74089
North America,,1960,41.50452
North America,,1961,41.276955
North America,,1962,41.059017
North America,,1963,40.830265
North America,,1964,40.601357
North America,,1965,40.373432
North America,,1966,40.149418
North America,,1967,39.94472
North America,,1968,39.726723
North America,,1969,39.491657
North America,,1970,39.251686
North America,,1971,38.98656
North America,,1972,38.73217
North America,,1973,38.473972
North America,,1974,38.20915
North America,,1975,37.928482
North America,,1976,37.649776
North America,,1977,37.381542
North America,,1978,37.11919
North America,,1979,36.853584
North America,,1980,36.586143
North America,,1981,36.335773
North America,,1982,36.073547
North America,,1983,35.815674
North America,,1984,35.56635
North America,,1985,35.300316
North America,,1986,35.031666
North America,,1987,34.778553
North America,,1988,34.53289
North America,,1989,34.300503
North America,,1990,34.07773
North America,,1991,33.841637
North America,,1992,33.659187
North America,,1993,33.489567
North America,,1994,33.332893
North America,,1995,33.171368
North America,,1996,33.01484
North America,,1997,32.87287
North America,,1998,32.74967
North America,,1999,32.623665
North America,,2000,32.507793
North America,,2001,32.382046
North America,,2002,32.250557
North America,,2003,32.095207
North America,,2004,31.929403
North America,,2005,31.748718
North America,,2006,31.545715
North America,,2007,31.338211
North America,,2008,31.110332
North America,,2009,30.869604
North America,,2010,30.6138
North America,,2011,30.33788
North America,,2012,30.051748
North America,,2013,29.782736
North America,,2014,29.525839
North America,,2015,29.271479
North America,,2016,29.019947
North America,,2017,28.765532
North America,,2018,28.520084
North America,,2019,28.2727
North America,,2020,28.02878
North America,,2021,27.789202
North America,,2022,27.552652
North America,,2023,27.310114
North America,,2024,27.06908
North America (excl. USA),,1785,0.00080092315
North America (excl. USA),,1786,0.001539756
North America (excl. USA),,1787,0.0022215992
North America (excl. USA),,1788,0.0028510015
North America (excl. USA),,1789,0.0034311719
North America (excl. USA),,1790,0.003965894
North America (excl. USA),,1791,0.004458519
North America (excl. USA),,1792,0.0049083414
North America (excl. USA),,1793,0.0053231334
North America (excl. USA),,1794,0.0057071256
North America (excl. USA),,1795,0.0060669584
North America (excl. USA),,1796,0.0064052115
North America (excl. USA),,1797,0.006722641
North America (excl. USA),,1798,0.007011127
North America (excl. USA),,1799,0.0072399415
North America (excl. USA),,1800,0.0074027632
North America (excl. USA),,1801,0.0075600804
North America (excl. USA),,1802,0.0076314164
North America (excl. USA),,1803,0.0077891545
North America (excl. USA),,1804,0.007917671
North America (excl. USA),,1805,0.008042003
North America (excl. USA),,1806,0.008146492
North America (excl. USA),,1807,0.008216194
North America (excl. USA),,1808,0.008286628
North America (excl. USA),,1809,0.00834614
North America (excl. USA),,1810,0.008378498
North America (excl. USA),,1811,0.008403796
North America (excl. USA),,1812,0.008423011
North America (excl. USA),,1813,0.008438353
North America (excl. USA),,1814,0.008446096
North America (excl. USA),,1815,0.008444801
North America (excl. USA),,1816,0.008431993
North America (excl. USA),,1817,0.008397895
North America (excl. USA),,1818,0.008354182
North America (excl. USA),,1819,0.008315871
North America (excl. USA),,1820,0.008281034
North America (excl. USA),,1821,0.008241697
North America (excl. USA),,1822,0.008195297
North America (excl. USA),,1823,0.008140908
North America (excl. USA),,1824,0.008084431
North America (excl. USA),,1825,0.008017942
North America (excl. USA),,1826,0.00795295
North America (excl. USA),,1827,0.00787477
North America (excl. USA),,1828,0.0077980054
North America (excl. USA),,1829,0.0077273934
North America (excl. USA),,1830,0.007582862
North America (excl. USA),,1831,0.0074679935
North America (excl. USA),,1832,0.0073647033
North America (excl. USA),,1833,0.0072648753
North America (excl. USA),,1834,0.007156107
North America (excl. USA),,1835,0.0070317015
North America (excl. USA),,1836,0.006892337
North America (excl. USA),,1837,0.0067649875
North America (excl. USA),,1838,0.0066475156
North America (excl. USA),,1839,0.0065300446
North America (excl. USA),,1840,0.006402293
North America (excl. USA),,1841,0.0062773344
North America (excl. USA),,1842,0.006148352
North America (excl. USA),,1843,0.0060236705
North America (excl. USA),,1844,0.005892662
North America (excl. USA),,1845,0.005751792
North America (excl. USA),,1846,0.0061617643
North America (excl. USA),,1847,0.006694518
North America (excl. USA),,1848,0.007348112
North America (excl. USA),,1849,0.008092359
North America (excl. USA),,1850,0.008987447
North America (excl. USA),,1851,0.010028999
North America (excl. USA),,1852,0.0112548405
North America (excl. USA),,1853,0.012703674
North America (excl. USA),,1854,0.014335554
North America (excl. USA),,1855,0.016246518
North America (excl. USA),,1856,0.024761455
North America (excl. USA),,1857,0.03271743
North America (excl. USA),,1858,0.040480215
North America (excl. USA),,1859,0.047822256
North America (excl. USA),,1860,0.05492804
North America (excl. USA),,1861,0.06423384
North America (excl. USA),,1862,0.07605716
North America (excl. USA),,1863,0.085582234
North America (excl. USA),,1864,0.09807434
North America (excl. USA),,1865,0.11096652
North America (excl. USA),,1866,0.12500288
North America (excl. USA),,1867,0.14103018
North America (excl. USA),,1868,0.14903119
North America (excl. USA),,1869,0.1542841
North America (excl. USA),,1870,0.16315055
North America (excl. USA),,1871,0.17506956
North America (excl. USA),,1872,0.18575607
North America (excl. USA),,1873,0.19336307
North America (excl. USA),,1874,0.20101728
North America (excl. USA),,1875,0.20900919
North America (excl. USA),,1876,0.21548058
North America (excl. USA),,1877,0.22248185
North America (excl. USA),,1878,0.22899255
North America (excl. USA),,1879,0.23587106
North America (excl. USA),,1880,0.25668746
North America (excl. USA),,1881,0.2770051
North America (excl. USA),,1882,0.29996586
North America (excl. USA),,1883,0.32376134
North America (excl. USA),,1884,0.35036585
North America (excl. USA),,1885,0.37312117
North America (excl. USA),,1886,0.39595976
North America (excl. USA),,1887,0.4219707
North America (excl. USA),,1888,0.45620763
North America (excl. USA),,1889,0.4808698
North America (excl. USA),,1890,0.5060788
North America (excl. USA),,1891,0.5356595
North America (excl. USA),,1892,0.5643188
North America (excl. USA),,1893,0.59299314
North America (excl. USA),,1894,0.6173111
North America (excl. USA),,1895,0.63620263
North America (excl. USA),,1896,0.6555782
North America (excl. USA),,1897,0.6741179
North America (excl. USA),,1898,0.69282377
North America (excl. USA),,1899,0.71720743
North America (excl. USA),,1900,0.741739
North America (excl. USA),,1901,0.7716737
North America (excl. USA),,1902,0.80266887
North America (excl. USA),,1903,0.8346652
North America (excl. USA),,1904,0.87409246
North America (excl. USA),,1905,0.9131472
North America (excl. USA),,1906,0.95162123
North America (excl. USA),,1907,0.9979944
North America (excl. USA),,1908,1.0426102
North America (excl. USA),,1909,1.0788854
North America (excl. USA),,1910,1.119712
North America (excl. USA),,1911,1.1740234
North America (excl. USA),,1912,1.2309216
North America (excl. USA),,1913,1.2972795
North America (excl. USA),,1914,1.3480514
North America (excl. USA),,1915,1.3921059
North America (excl. USA),,1916,1.4496522
North America (excl. USA),,1917,1.5200046
North America (excl. USA),,1918,1.5956142
North America (excl. USA),,1919,1.66892
North America (excl. USA),,1920,1.7725999
North America (excl. USA),,1921,1.8843236
North America (excl. USA),,1922,1.9721062
North America (excl. USA),,1923,2.0567997
North America (excl. USA),,1924,2.119087
North America (excl. USA),,1925,2.166265
North America (excl. USA),,1926,2.2094173
North America (excl. USA),,1927,2.2404513
North America (excl. USA),,1928,2.2657292
North America (excl. USA),,1929,2.2867868
North America (excl. USA),,1930,2.3077314
North America (excl. USA),,1931,2.3182259
North America (excl. USA),,1932,2.3294444
North America (excl. USA),,1933,2.338459
North America (excl. USA),,1934,2.350785
North America (excl. USA),,1935,2.3609877
North America (excl. USA),,1936,2.3706276
North America (excl. USA),,1937,2.3827298
North America (excl. USA),,1938,2.3934891
North America (excl. USA),,1939,2.4054136
North America (excl. USA),,1940,2.4197416
North America (excl. USA),,1941,2.437146
North America (excl. USA),,1942,2.458045
North America (excl. USA),,1943,2.4802556
North America (excl. USA),,1944,2.5020962
North America (excl. USA),,1945,2.5301073
North America (excl. USA),,1946,2.5581303
North America (excl. USA),,1947,2.5829194
North America (excl. USA),,1948,2.6107583
North America (excl. USA),,1949,2.6339002
North America (excl. USA),,1950,2.6542642
North America (excl. USA),,1951,2.6764095
North America (excl. USA),,1952,2.6944046
North America (excl. USA),,1953,2.7102573
North America (excl. USA),,1954,2.727612
North America (excl. USA),,1955,2.7406955
North America (excl. USA),,1956,2.757841
North America (excl. USA),,1957,2.772673
North America (excl. USA),,1958,2.787252
North America (excl. USA),,1959,2.7994063
North America (excl. USA),,1960,2.8088582
North America (excl. USA),,1961,2.8192778
North America (excl. USA),,1962,2.8317287
North America (excl. USA),,1963,2.8392563
North America (excl. USA),,1964,2.8535817
North America (excl. USA),,1965,2.867336
North America (excl. USA),,1966,2.8794048
North America (excl. USA),,1967,2.897432
North America (excl. USA),,1968,2.9162683
North America (excl. USA),,1969,2.9321282
North America (excl. USA),,1970,2.9523277
North America (excl. USA),,1971,2.9733558
North America (excl. USA),,1972,2.9966393
North America (excl. USA),,1973,3.0177083
North America (excl. USA),,1974,3.0415044
North America (excl. USA),,1975,3.0676694
North America (excl. USA),,1976,3.094023
North America (excl. USA),,1977,3.1185076
North America (excl. USA),,1978,3.1437612
North America (excl. USA),,1979,3.172983
North America (excl. USA),,1980,3.2054374
North America (excl. USA),,1981,3.2380397
North America (excl. USA),,1982,3.2705963
North America (excl. USA),,1983,3.2940123
North America (excl. USA),,1984,3.3170974
North America (excl. USA),,1985,3.3374856
North America (excl. USA),,1986,3.351733
North America (excl. USA),,1987,3.3680618
North America (excl. USA),,1988,3.3831067
North America (excl. USA),,1989,3.3999765
North America (excl. USA),,1990,3.4116995
North America (excl. USA),,1991,3.4212828
North America (excl. USA),,1992,3.4348874
North America (excl. USA),,1993,3.4476013
North America (excl. USA),,1994,3.4623363
North America (excl. USA),,1995,3.4741967
North America (excl. USA),,1996,3.4862807
North America (excl. USA),,1997,3.5015233
North America (excl. USA),,1998,3.5189915
North America (excl. USA),,1999,3.5361512
North America (excl. USA),,2000,3.553969
North America (excl. USA),,2001,3.571592
North America (excl. USA),,2002,3.5876803
North America (excl. USA),,2003,3.602976
North America (excl. USA),,2004,3.6140265
North America (excl. USA),,2005,3.6238668
North America (excl. USA),,2006,3.6317184
North America (excl. USA),,2007,3.6387246
North America (excl. USA),,2008,3.6424592
North America (excl. USA),,2009,3.64393
North America (excl. USA),,2010,3.6415844
North America (excl. USA),,2011,3.6388736
North America (excl. USA),,2012,3.6362002
North America (excl. USA),,2013,3.6329327
North America (excl. USA),,2014,3.6285398
North America (excl. USA),,2015,3.624562
North America (excl. USA),,2016,3.619754
North America (excl. USA),,2017,3.613425
North America (excl. USA),,2018,3.6065176
North America (excl. USA),,2019,3.5998974
North America (excl. USA),,2020,3.5906358
North America (excl. USA),,2021,3.581009
North America (excl. USA),,2022,3.5717983
North America (excl. USA),,2023,3.5621676
North America (excl. USA),,2024,3.5516336
North Korea,PRK,1905,0.000024705008
North Korea,PRK,1909,0.00024221801
North Korea,PRK,1910,0.0004979598
North Korea,PRK,1911,0.0007792187
North Korea,PRK,1912,0.0011079718
North Korea,PRK,1913,0.0014614355
North Korea,PRK,1914,0.0019584862
North Korea,PRK,1915,0.0025524816
North Korea,PRK,1916,0.0029881625
North Korea,PRK,1918,0.0032570232
North Korea,PRK,1919,0.0037162297
North Korea,PRK,1920,0.004288839
North Korea,PRK,1921,0.0048950757
North Korea,PRK,1922,0.00547528
North Korea,PRK,1923,0.0061361613
North Korea,PRK,1924,0.006795985
North Korea,PRK,1925,0.007906386
North Korea,PRK,1926,0.009049332
North Korea,PRK,1927,0.010149006
North Korea,PRK,1928,0.0113873985
North Korea,PRK,1929,0.012749434
North Korea,PRK,1930,0.013965807
North Korea,PRK,1931,0.015250736
North Korea,PRK,1932,0.016796945
North Korea,PRK,1933,0.018585442
North Korea,PRK,1934,0.020954058
North Korea,PRK,1935,0.023669863
North Korea,PRK,1936,0.026742645
North Korea,PRK,1937,0.029860184
North Korea,PRK,1938,0.03413093
North Korea,PRK,1939,0.039633334
North Korea,PRK,1940,0.046534933
North Korea,PRK,1941,0.053934187
North Korea,PRK,1942,0.06182764
North Korea,PRK,1943,0.069006845
North Korea,PRK,1944,0.07627463
North Korea,PRK,1945,0.07471468
North Korea,PRK,1946,0.07311074
North Korea,PRK,1947,0.071390584
North Korea,PRK,1948,0.070264466
North Korea,PRK,1949,0.069434285
North Korea,PRK,1950,0.06799511
North Korea,PRK,1951,0.06659199
North Korea,PRK,1952,0.065195724
North Korea,PRK,1953,0.06416121
North Korea,PRK,1954,0.06432793
North Korea,PRK,1955,0.06529029
North Korea,PRK,1956,0.06667516
North Korea,PRK,1957,0.06874476
North Korea,PRK,1958,0.07213827
North Korea,PRK,1959,0.07664576
North Korea,PRK,1960,0.082026415
North Korea,PRK,1961,0.08791161
North Korea,PRK,1962,0.094664134
North Korea,PRK,1963,0.101504244
North Korea,PRK,1964,0.10856889
North Korea,PRK,1965,0.11744275
North Korea,PRK,1966,0.12649763
North Korea,PRK,1967,0.13610862
North Korea,PRK,1968,0.14661427
North Korea,PRK,1969,0.15730326
North Korea,PRK,1970,0.16905993
North Korea,PRK,1971,0.18747675
North Korea,PRK,1972,0.20039617
North Korea,PRK,1973,0.21369693
North Korea,PRK,1974,0.22698216
North Korea,PRK,1975,0.24056602
North Korea,PRK,1976,0.2533082
North Korea,PRK,1977,0.2656398
North Korea,PRK,1978,0.27587143
North Korea,PRK,1979,0.2855503
North Korea,PRK,1980,0.29528463
North Korea,PRK,1981,0.304722
North Korea,PRK,1982,0.3140647
North Korea,PRK,1983,0.324048
North Korea,PRK,1984,0.33460099
North Korea,PRK,1985,0.34560484
North Korea,PRK,1986,0.35759154
North Korea,PRK,1987,0.3711212
North Korea,PRK,1988,0.38658896
North Korea,PRK,1989,0.4023253
North Korea,PRK,1990,0.40566137
North Korea,PRK,1991,0.4079115
North Korea,PRK,1992,0.40862936
North Korea,PRK,1993,0.4082436
North Korea,PRK,1994,0.40688494
North Korea,PRK,1995,0.40475926
North Korea,PRK,1996,0.4013992
North Korea,PRK,1997,0.39787754
North Korea,PRK,1998,0.39406663
North Korea,PRK,1999,0.39075875
North Korea,PRK,2000,0.38783872
North Korea,PRK,2001,0.3852263
North Korea,PRK,2002,0.38226086
North Korea,PRK,2003,0.37909952
North Korea,PRK,2004,0.3759147
North Korea,PRK,2005,0.3728502
North Korea,PRK,2006,0.36972758
North Korea,PRK,2007,0.36547273
North Korea,PRK,2008,0.36180815
North Korea,PRK,2009,0.35826626
North Korea,PRK,2010,0.3542419
North Korea,PRK,2011,0.3488463
North Korea,PRK,2012,0.34351996
North Korea,PRK,2013,0.33764258
North Korea,PRK,2014,0.33225074
North Korea,PRK,2015,0.32656112
North Korea,PRK,2016,0.3213236
North Korea,PRK,2017,0.3184359
North Korea,PRK,2018,0.31509194
North Korea,PRK,2019,0.3122448
North Korea,PRK,2020,0.30964163
North Korea,PRK,2021,0.30617252
North Korea,PRK,2022,0.30286574
North Korea,PRK,2023,0.29991916
North Korea,PRK,2024,0.29704136
North Macedonia,MKD,1885,0.00001096887
North Macedonia,MKD,1890,0.00003517376
North Macedonia,MKD,1891,0.00006301386
North Macedonia,MKD,1892,0.00009146532
North Macedonia,MKD,1893,0.00014077795
North Macedonia,MKD,1894,0.00023223569
North Macedonia,MKD,1895,0.00031585366
North Macedonia,MKD,1896,0.00040257163
North Macedonia,MKD,1897,0.00046038878
North Macedonia,MKD,1898,0.0005493404
North Macedonia,MKD,1899,0.00064614316
North Macedonia,MKD,1900,0.0007741417
North Macedonia,MKD,1901,0.0009039862
North Macedonia,MKD,1902,0.0010122142
North Macedonia,MKD,1903,0.0011195486
North Macedonia,MKD,1904,0.0012268675
North Macedonia,MKD,1905,0.0013345153
North Macedonia,MKD,1906,0.0014607975
North Macedonia,MKD,1907,0.0015706187
North Macedonia,MKD,1908,0.0016865587
North Macedonia,MKD,1909,0.0017945645
North Macedonia,MKD,1910,0.0018879472
North Macedonia,MKD,1911,0.0019859367
North Macedonia,MKD,1912,0.0020759713
North Macedonia,MKD,1913,0.0024423017
North Macedonia,MKD,1919,0.0022210581
North Macedonia,MKD,1920,0.0024821819
North Macedonia,MKD,1921,0.0027582257
North Macedonia,MKD,1922,0.0031677212
North Macedonia,MKD,1923,0.0035830906
North Macedonia,MKD,1924,0.003984475
North Macedonia,MKD,1925,0.004409129
North Macedonia,MKD,1926,0.004796826
North Macedonia,MKD,1927,0.0052140583
North Macedonia,MKD,1928,0.0056541804
North Macedonia,MKD,1929,0.0061369366
North Macedonia,MKD,1930,0.006568083
North Macedonia,MKD,1931,0.0069235736
North Macedonia,MKD,1932,0.0072392877
North Macedonia,MKD,1933,0.00749816
North Macedonia,MKD,1934,0.007747929
North Macedonia,MKD,1935,0.007994126
North Macedonia,MKD,1936,0.008207915
North Macedonia,MKD,1937,0.008445558
North Macedonia,MKD,1938,0.008656862
North Macedonia,MKD,1939,0.008868318
North Macedonia,MKD,1940,0.009130784
North Macedonia,MKD,1943,0.008429881
North Macedonia,MKD,1944,0.008217644
North Macedonia,MKD,1945,0.008266535
North Macedonia,MKD,1946,0.008504072
North Macedonia,MKD,1947,0.008859988
North Macedonia,MKD,1948,0.009261084
North Macedonia,MKD,1949,0.009741018
North Macedonia,MKD,1950,0.010140094
North Macedonia,MKD,1951,0.0104654785
North Macedonia,MKD,1952,0.010769708
North Macedonia,MKD,1953,0.011047109
North Macedonia,MKD,1954,0.011412274
North Macedonia,MKD,1955,0.011822775
North Macedonia,MKD,1956,0.012295173
North Macedonia,MKD,1957,0.012792572
North Macedonia,MKD,1958,0.013238795
North Macedonia,MKD,1959,0.013757381
North Macedonia,MKD,1960,0.014303859
North Macedonia,MKD,1961,0.014865039
North Macedonia,MKD,1962,0.01540195
North Macedonia,MKD,1963,0.015989631
North Macedonia,MKD,1964,0.016654637
North Macedonia,MKD,1965,0.017289555
North Macedonia,MKD,1966,0.017847713
North Macedonia,MKD,1967,0.018364768
North Macedonia,MKD,1968,0.018889382
North Macedonia,MKD,1969,0.019380158
North Macedonia,MKD,1970,0.020126218
North Macedonia,MKD,1971,0.020897757
North Macedonia,MKD,1972,0.02148274
North Macedonia,MKD,1973,0.022243962
North Macedonia,MKD,1974,0.022960082
North Macedonia,MKD,1975,0.023689926
North Macedonia,MKD,1976,0.024376417
North Macedonia,MKD,1977,0.02495127
North Macedonia,MKD,1978,0.025619732
North Macedonia,MKD,1979,0.026353437
North Macedonia,MKD,1980,0.027014947
North Macedonia,MKD,1981,0.027786737
North Macedonia,MKD,1982,0.02838943
North Macedonia,MKD,1983,0.029060896
North Macedonia,MKD,1984,0.029753149
North Macedonia,MKD,1985,0.030409373
North Macedonia,MKD,1986,0.031083604
North Macedonia,MKD,1987,0.031655353
North Macedonia,MKD,1988,0.032208957
North Macedonia,MKD,1989,0.03271635
North Macedonia,MKD,1990,0.033169966
North Macedonia,MKD,1991,0.033180986
North Macedonia,MKD,1992,0.033289067
North Macedonia,MKD,1993,0.03329204
North Macedonia,MKD,1994,0.033320364
North Macedonia,MKD,1995,0.03333006
North Macedonia,MKD,1996,0.033471607
North Macedonia,MKD,1997,0.03350097
North Macedonia,MKD,1998,0.03365253
North Macedonia,MKD,1999,0.033694122
North Macedonia,MKD,2000,0.03368185
North Macedonia,MKD,2001,0.033648018
North Macedonia,MKD,2002,0.033556845
North Macedonia,MKD,2003,0.03349052
North Macedonia,MKD,2004,0.033373293
North Macedonia,MKD,2005,0.0332649
North Macedonia,MKD,2006,0.03313914
North Macedonia,MKD,2007,0.03302468
North Macedonia,MKD,2008,0.032895677
North Macedonia,MKD,2009,0.03273378
North Macedonia,MKD,2010,0.032530792
North Macedonia,MKD,2011,0.032356907
North Macedonia,MKD,2012,0.032154735
North Macedonia,MKD,2013,0.031885844
North Macedonia,MKD,2014,0.03160643
North Macedonia,MKD,2015,0.0313119
North Macedonia,MKD,2016,0.031023702
North Macedonia,MKD,2017,0.030767532
North Macedonia,MKD,2018,0.030481622
North Macedonia,MKD,2019,0.03026032
North Macedonia,MKD,2020,0.030044831
North Macedonia,MKD,2021,0.029782088
North Macedonia,MKD,2022,0.029566318
North Macedonia,MKD,2023,0.029349552
North Macedonia,MKD,2024,0.0290949
Norway,NOR,1750,0
Norway,NOR,1751,0
Norway,NOR,1752,0
Norway,NOR,1753,0
Norway,NOR,1754,0
Norway,NOR,1755,0
Norway,NOR,1756,0
Norway,NOR,1757,0
Norway,NOR,1758,0
Norway,NOR,1759,0
Norway,NOR,1760,0
Norway,NOR,1761,0
Norway,NOR,1762,0
Norway,NOR,1763,0
Norway,NOR,1764,0
Norway,NOR,1765,0
Norway,NOR,1766,0
Norway,NOR,1767,0
Norway,NOR,1768,0
Norway,NOR,1769,0
Norway,NOR,1770,0
Norway,NOR,1771,0
Norway,NOR,1772,0
Norway,NOR,1773,0
Norway,NOR,1774,0
Norway,NOR,1775,0
Norway,NOR,1776,0
Norway,NOR,1777,0
Norway,NOR,1778,0
Norway,NOR,1779,0
Norway,NOR,1780,0
Norway,NOR,1781,0
Norway,NOR,1782,0
Norway,NOR,1783,0
Norway,NOR,1784,0
Norway,NOR,1785,0
Norway,NOR,1786,0
Norway,NOR,1787,0
Norway,NOR,1788,0
Norway,NOR,1789,0
Norway,NOR,1790,0
Norway,NOR,1791,0
Norway,NOR,1792,0
Norway,NOR,1793,0
Norway,NOR,1794,0
Norway,NOR,1795,0
Norway,NOR,1796,0
Norway,NOR,1797,0
Norway,NOR,1798,0
Norway,NOR,1799,0
Norway,NOR,1800,0
Norway,NOR,1801,0
Norway,NOR,1802,0
Norway,NOR,1803,0
Norway,NOR,1804,0
Norway,NOR,1805,0
Norway,NOR,1806,0
Norway,NOR,1807,0
Norway,NOR,1808,0
Norway,NOR,1809,0
Norway,NOR,1810,0
Norway,NOR,1811,0
Norway,NOR,1812,0
Norway,NOR,1813,0
Norway,NOR,1814,0
Norway,NOR,1815,0
Norway,NOR,1816,0
Norway,NOR,1817,0
Norway,NOR,1818,0
Norway,NOR,1819,0
Norway,NOR,1820,0
Norway,NOR,1821,0
Norway,NOR,1822,0
Norway,NOR,1823,0
Norway,NOR,1824,0
Norway,NOR,1825,0
Norway,NOR,1826,0
Norway,NOR,1827,0
Norway,NOR,1828,0
Norway,NOR,1829,0.00051515957
Norway,NOR,1830,0.0008242241
Norway,NOR,1831,0.00095336087
Norway,NOR,1832,0.0009205879
Norway,NOR,1833,0.00088957656
Norway,NOR,1834,0.00085873285
Norway,NOR,1835,0.001378765
Norway,NOR,1836,0.0019881742
Norway,NOR,1837,0.002808108
Norway,NOR,1838,0.004431677
Norway,NOR,1839,0.00558022
Norway,NOR,1840,0.0067452732
Norway,NOR,1841,0.00825965
Norway,NOR,1842,0.010070576
Norway,NOR,1843,0.011434764
Norway,NOR,1844,0.012767434
Norway,NOR,1845,0.014803791
Norway,NOR,1846,0.01667301
Norway,NOR,1847,0.01843166
Norway,NOR,1848,0.020708315
Norway,NOR,1849,0.022193896
Norway,NOR,1850,0.024196973
Norway,NOR,1851,0.026252382
Norway,NOR,1852,0.028101709
Norway,NOR,1853,0.030026866
Norway,NOR,1854,0.03282258
Norway,NOR,1855,0.035717536
Norway,NOR,1856,0.03902656
Norway,NOR,1857,0.04203168
Norway,NOR,1858,0.04421493
Norway,NOR,1859,0.04694035
Norway,NOR,1860,0.049341913
Norway,NOR,1861,0.0526554
Norway,NOR,1862,0.054911643
Norway,NOR,1863,0.05673297
Norway,NOR,1864,0.059520904
Norway,NOR,1865,0.061815772
Norway,NOR,1866,0.064300664
Norway,NOR,1867,0.067326255
Norway,NOR,1868,0.07012783
Norway,NOR,1869,0.07177232
Norway,NOR,1870,0.07385163
Norway,NOR,1871,0.07539616
Norway,NOR,1872,0.07678142
Norway,NOR,1873,0.077839814
Norway,NOR,1874,0.08013113
Norway,NOR,1875,0.08333584
Norway,NOR,1876,0.08543803
Norway,NOR,1877,0.089214936
Norway,NOR,1878,0.09187816
Norway,NOR,1879,0.094371915
Norway,NOR,1880,0.0967214
Norway,NOR,1881,0.09893806
Norway,NOR,1882,0.101305574
Norway,NOR,1883,0.103689805
Norway,NOR,1884,0.105969496
Norway,NOR,1885,0.108967006
Norway,NOR,1886,0.11148198
Norway,NOR,1887,0.11332424
Norway,NOR,1888,0.115497805
Norway,NOR,1889,0.11846091
Norway,NOR,1890,0.120260775
Norway,NOR,1891,0.12275625
Norway,NOR,1892,0.125156
Norway,NOR,1893,0.12741311
Norway,NOR,1894,0.13058169
Norway,NOR,1895,0.13361952
Norway,NOR,1896,0.13641346
Norway,NOR,1897,0.13938993
Norway,NOR,1898,0.14182755
Norway,NOR,1899,0.14508295
Norway,NOR,1900,0.14798099
Norway,NOR,1901,0.1498848
Norway,NOR,1902,0.15218094
Norway,NOR,1903,0.15372151
Norway,NOR,1904,0.15490825
Norway,NOR,1905,0.15556125
Norway,NOR,1906,0.15600273
Norway,NOR,1907,0.15640773
Norway,NOR,1908,0.1585047
Norway,NOR,1909,0.16022035
Norway,NOR,1910,0.16171484
Norway,NOR,1911,0.16317049
Norway,NOR,1912,0.16521317
Norway,NOR,1913,0.16657603
Norway,NOR,1914,0.1694299
Norway,NOR,1915,0.17302635
Norway,NOR,1916,0.17526194
Norway,NOR,1917,0.17233649
Norway,NOR,1918,0.1706983
Norway,NOR,1919,0.17079785
Norway,NOR,1920,0.17006868
Norway,NOR,1921,0.16826792
Norway,NOR,1922,0.16916576
Norway,NOR,1923,0.16963065
Norway,NOR,1924,0.17084253
Norway,NOR,1925,0.1718365
Norway,NOR,1926,0.1718698
Norway,NOR,1927,0.1732434
Norway,NOR,1928,0.17439483
Norway,NOR,1929,0.17588338
Norway,NOR,1930,0.17713384
Norway,NOR,1931,0.17838962
Norway,NOR,1932,0.18038322
Norway,NOR,1933,0.18244183
Norway,NOR,1934,0.18425891
Norway,NOR,1935,0.18596871
Norway,NOR,1936,0.18757403
Norway,NOR,1937,0.18956009
Norway,NOR,1938,0.19099307
Norway,NOR,1939,0.19325095
Norway,NOR,1940,0.19163233
Norway,NOR,1941,0.18906994
Norway,NOR,1942,0.1865599
Norway,NOR,1943,0.18450722
Norway,NOR,1944,0.1821986
Norway,NOR,1945,0.18034801
Norway,NOR,1946,0.1797589
Norway,NOR,1947,0.1803824
Norway,NOR,1948,0.18090583
Norway,NOR,1949,0.18134513
Norway,NOR,1950,0.18034366
Norway,NOR,1951,0.17949046
Norway,NOR,1952,0.17870426
Norway,NOR,1953,0.17786802
Norway,NOR,1954,0.17701808
Norway,NOR,1955,0.17635413
Norway,NOR,1956,0.17561339
Norway,NOR,1957,0.17454228
Norway,NOR,1958,0.17333381
Norway,NOR,1959,0.17214964
Norway,NOR,1960,0.17115326
Norway,NOR,1961,0.17027897
Norway,NOR,1962,0.16950442
Norway,NOR,1963,0.16878293
Norway,NOR,1964,0.16818075
Norway,NOR,1965,0.16744946
Norway,NOR,1966,0.16736236
Norway,NOR,1967,0.16705602
Norway,NOR,1968,0.16694383
Norway,NOR,1969,0.16675375
Norway,NOR,1970,0.16749004
Norway,NOR,1971,0.16776176
Norway,NOR,1972,0.16823764
Norway,NOR,1973,0.1686089
Norway,NOR,1974,0.16841155
Norway,NOR,1975,0.16880327
Norway,NOR,1976,0.16940746
Norway,NOR,1977,0.16981316
Norway,NOR,1978,0.16986957
Norway,NOR,1979,0.1701244
Norway,NOR,1980,0.16991799
Norway,NOR,1981,0.16987367
Norway,NOR,1982,0.16973235
Norway,NOR,1983,0.16971183
Norway,NOR,1984,0.1698281
Norway,NOR,1985,0.16955245
Norway,NOR,1986,0.16957083
Norway,NOR,1987,0.1692219
Norway,NOR,1988,0.16902511
Norway,NOR,1989,0.16859469
Norway,NOR,1990,0.1681838
Norway,NOR,1991,0.16751392
Norway,NOR,1992,0.1671243
Norway,NOR,1993,0.1668876
Norway,NOR,1994,0.16683432
Norway,NOR,1995,0.16675137
Norway,NOR,1996,0.16687082
Norway,NOR,1997,0.16696976
Norway,NOR,1998,0.16709754
Norway,NOR,1999,0.16720597
Norway,NOR,2000,0.16715568
Norway,NOR,2001,0.16720906
Norway,NOR,2002,0.16708629
Norway,NOR,2003,0.1668832
Norway,NOR,2004,0.1665808
Norway,NOR,2005,0.16607137
Norway,NOR,2006,0.16549884
Norway,NOR,2007,0.16497476
Norway,NOR,2008,0.1643342
Norway,NOR,2009,0.16367035
Norway,NOR,2010,0.16300927
Norway,NOR,2011,0.16217892
Norway,NOR,2012,0.16129825
Norway,NOR,2013,0.16044395
Norway,NOR,2014,0.15963927
Norway,NOR,2015,0.15891483
Norway,NOR,2016,0.15817201
Norway,NOR,2017,0.1573725
Norway,NOR,2018,0.15655215
Norway,NOR,2019,0.15563844
Norway,NOR,2020,0.15484665
Norway,NOR,2021,0.15392274
Norway,NOR,2022,0.15296751
Norway,NOR,2023,0.15189587
Norway,NOR,2024,0.15073603
Oceania,,1750,0
Oceania,,1751,0
Oceania,,1752,0
Oceania,,1753,0
Oceania,,1754,0
Oceania,,1755,0
Oceania,,1756,0
Oceania,,1757,0
Oceania,,1758,0
Oceania,,1759,0
Oceania,,1760,0
Oceania,,1761,0
Oceania,,1762,0
Oceania,,1763,0
Oceania,,1764,0
Oceania,,1765,0
Oceania,,1766,0
Oceania,,1767,0
Oceania,,1768,0
Oceania,,1769,0
Oceania,,1770,0
Oceania,,1771,0
Oceania,,1772,0
Oceania,,1773,0
Oceania,,1774,0
Oceania,,1775,0
Oceania,,1776,0
Oceania,,1777,0
Oceania,,1778,0
Oceania,,1779,0
Oceania,,1780,0
Oceania,,1781,0
Oceania,,1782,0
Oceania,,1783,0
Oceania,,1784,0
Oceania,,1785,0
Oceania,,1786,0
Oceania,,1787,0
Oceania,,1788,0
Oceania,,1789,0
Oceania,,1790,0
Oceania,,1791,0
Oceania,,1792,0
Oceania,,1793,0
Oceania,,1794,0
Oceania,,1795,0
Oceania,,1796,0
Oceania,,1797,0
Oceania,,1798,0
Oceania,,1799,0
Oceania,,1800,0
Oceania,,1801,0
Oceania,,1802,0
Oceania,,1803,0
Oceania,,1804,0
Oceania,,1805,0.000024666157
Oceania,,1806,0.00009065357
Oceania,,1807,0.00014877909
Oceania,,1808,0.00021796499
Oceania,,1809,0.000325463
Oceania,,1810,0.00042488793
Oceania,,1811,0.00059752853
Oceania,,1812,0.0007583764
Oceania,,1813,0.00095846347
Oceania,,1814,0.0011925347
Oceania,,1815,0.0013585704
Oceania,,1816,0.0014781591
Oceania,,1817,0.0015696046
Oceania,,1818,0.0016421209
Oceania,,1819,0.0018174432
Oceania,,1820,0.002146286
Oceania,,1821,0.0022696767
Oceania,,1822,0.0024290644
Oceania,,1823,0.0026199757
Oceania,,1824,0.0027971163
Oceania,,1825,0.0028596316
Oceania,,1826,0.0030976029
Oceania,,1827,0.0032908174
Oceania,,1828,0.0033678042
Oceania,,1829,0.0035457993
Oceania,,1830,0.0036624435
Oceania,,1831,0.0035918425
Oceania,,1832,0.0039390055
Oceania,,1833,0.0042400155
Oceania,,1834,0.0046147904
Oceania,,1835,0.0051793624
Oceania,,1836,0.0056988536
Oceania,,1837,0.006369557
Oceania,,1838,0.0070533426
Oceania,,1839,0.007887836
Oceania,,1840,0.009080825
Oceania,,1841,0.010395077
Oceania,,1842,0.011822252
Oceania,,1843,0.012520065
Oceania,,1844,0.013018617
Oceania,,1845,0.013403005
Oceania,,1846,0.014396477
Oceania,,1847,0.015333741
Oceania,,1848,0.016356563
Oceania,,1849,0.017363966
Oceania,,1850,0.01899654
Oceania,,1851,0.020377563
Oceania,,1852,0.021609198
Oceania,,1853,0.023563005
Oceania,,1854,0.025748208
Oceania,,1855,0.028264228
Oceania,,1856,0.03182398
Oceania,,1857,0.03555945
Oceania,,1858,0.039097395
Oceania,,1859,0.044293456
Oceania,,1860,0.050418865
Oceania,,1861,0.055388205
Oceania,,1862,0.0626834
Oceania,,1863,0.06837828
Oceania,,1864,0.07539329
Oceania,,1865,0.08232268
Oceania,,1866,0.09164384
Oceania,,1867,0.09944291
Oceania,,1868,0.1091293
Oceania,,1869,0.117046796
Oceania,,1870,0.12361191
Oceania,,1871,0.12956533
Oceania,,1872,0.13586435
Oceania,,1873,0.14332093
Oceania,,1874,0.15188307
Oceania,,1875,0.15927996
Oceania,,1876,0.16603108
Oceania,,1877,0.17337723
Oceania,,1878,0.18324772
Oceania,,1879,0.19272336
Oceania,,1880,0.20031089
Oceania,,1881,0.20981604
Oceania,,1882,0.22106372
Oceania,,1883,0.23438366
Oceania,,1884,0.24868755
Oceania,,1885,0.26341516
Oceania,,1886,0.2767864
Oceania,,1887,0.28948405
Oceania,,1888,0.30248648
Oceania,,1889,0.31646818
Oceania,,1890,0.32577696
Oceania,,1891,0.33850357
Oceania,,1892,0.34873712
Oceania,,1893,0.35638434
Oceania,,1894,0.36525616
Oceania,,1895,0.3732487
Oceania,,1896,0.38159746
Oceania,,1897,0.39071244
Oceania,,1898,0.40008095
Oceania,,1899,0.40799385
Oceania,,1900,0.41819084
Oceania,,1901,0.4303033
Oceania,,1902,0.44147828
Oceania,,1903,0.45001894
Oceania,,1904,0.45870638
Oceania,,1905,0.46652946
Oceania,,1906,0.4773004
Oceania,,1907,0.48655647
Oceania,,1908,0.4979867
Oceania,,1909,0.50447184
Oceania,,1910,0.5147292
Oceania,,1911,0.525877
Oceania,,1912,0.5375525
Oceania,,1913,0.5476009
Oceania,,1914,0.5625671
Oceania,,1915,0.5735238
Oceania,,1916,0.57951146
Oceania,,1917,0.5852185
Oceania,,1918,0.5928297
Oceania,,1919,0.6011049
Oceania,,1920,0.609346
Oceania,,1921,0.6171212
Oceania,,1922,0.62469524
Oceania,,1923,0.6303107
Oceania,,1924,0.6377654
Oceania,,1925,0.6459033
Oceania,,1926,0.65399575
Oceania,,1927,0.6613811
Oceania,,1928,0.6668757
Oceania,,1929,0.6692106
Oceania,,1930,0.6722404
Oceania,,1931,0.67431194
Oceania,,1932,0.67773473
Oceania,,1933,0.68139607
Oceania,,1934,0.68480366
Oceania,,1935,0.68911356
Oceania,,1936,0.69322085
Oceania,,1937,0.69738054
Oceania,,1938,0.70230037
Oceania,,1939,0.7085748
Oceania,,1940,0.7116095
Oceania,,1941,0.71631926
Oceania,,1942,0.7223044
Oceania,,1943,0.727356
Oceania,,1944,0.73180175
Oceania,,1945,0.7383165
Oceania,,1946,0.7450958
Oceania,,1947,0.75054944
Oceania,,1948,0.75581586
Oceania,,1949,0.7621621
Oceania,,1950,0.7705333
Oceania,,1951,0.7791521
Oceania,,1952,0.7881682
Oceania,,1953,0.79604983
Oceania,,1954,0.80524373
Oceania,,1955,0.81370693
Oceania,,1956,0.82183033
Oceania,,1957,0.8289224
Oceania,,1958,0.83564025
Oceania,,1959,0.84246826
Oceania,,1960,0.84934676
Oceania,,1961,0.8557075
Oceania,,1962,0.8617787
Oceania,,1963,0.868016
Oceania,,1964,0.87511754
Oceania,,1965,0.8835901
Oceania,,1966,0.890976
Oceania,,1967,0.8986776
Oceania,,1968,0.9060978
Oceania,,1969,0.91316414
Oceania,,1970,0.9202506
Oceania,,1971,0.92659104
Oceania,,1972,0.93176955
Oceania,,1973,0.9390408
Oceania,,1974,0.94537216
Oceania,,1975,0.9524952
Oceania,,1976,0.95706815
Oceania,,1977,0.9629199
Oceania,,1978,0.96835816
Oceania,,1979,0.97265315
Oceania,,1980,0.97905916
Oceania,,1981,0.98725665
Oceania,,1982,0.9960642
Oceania,,1983,1.0024866
Oceania,,1984,1.0093726
Oceania,,1985,1.016321
Oceania,,1986,1.0225294
Oceania,,1987,1.0290848
Oceania,,1988,1.0351474
Oceania,,1989,1.0425595
Oceania,,1990,1.0515357
Oceania,,1991,1.0596726
Oceania,,1992,1.0690484
Oceania,,1993,1.0781467
Oceania,,1994,1.0870836
Oceania,,1995,1.0961734
Oceania,,1996,1.1048765
Oceania,,1997,1.1140525
Oceania,,1998,1.1242104
Oceania,,1999,1.1343384
Oceania,,2000,1.1439668
Oceania,,2001,1.1538962
Oceania,,2002,1.1632671
Oceania,,2003,1.1717323
Oceania,,2004,1.1798135
Oceania,,2005,1.1869315
Oceania,,2006,1.1932443
Oceania,,2007,1.1990461
Oceania,,2008,1.2044353
Oceania,,2009,1.2100343
Oceania,,2010,1.2136408
Oceania,,2011,1.2159593
Oceania,,2012,1.217887
Oceania,,2013,1.2189505
Oceania,,2014,1.219651
Oceania,,2015,1.220941
Oceania,,2016,1.2227395
Oceania,,2017,1.2243259
Oceania,,2018,1.225444
Oceania,,2019,1.2263129
Oceania,,2020,1.2273928
Oceania,,2021,1.22662
Oceania,,2022,1.2251061
Oceania,,2023,1.223255
Oceania,,2024,1.221348
Oman,OMN,1964,0.0000031527354
Oman,OMN,1965,0.000010178903
Oman,OMN,1966,0.000017737479
Oman,OMN,1967,0.000052470936
Oman,OMN,1968,0.00009137721
Oman,OMN,1969,0.0001454084
Oman,OMN,1970,0.00019541266
Oman,OMN,1971,0.00066281366
Oman,OMN,1972,0.0010959436
Oman,OMN,1973,0.001501335
Oman,OMN,1974,0.0019243397
Oman,OMN,1975,0.0032862374
Oman,OMN,1976,0.004755783
Oman,OMN,1977,0.0061562355
Oman,OMN,1978,0.00733042
Oman,OMN,1979,0.008408372
Oman,OMN,1980,0.009140205
Oman,OMN,1981,0.009830026
Oman,OMN,1982,0.010437557
Oman,OMN,1983,0.011280073
Oman,OMN,1984,0.012143484
Oman,OMN,1985,0.013030748
Oman,OMN,1986,0.014031082
Oman,OMN,1987,0.014906792
Oman,OMN,1988,0.015864108
Oman,OMN,1989,0.016695268
Oman,OMN,1990,0.017623277
Oman,OMN,1991,0.018534865
Oman,OMN,1992,0.019447356
Oman,OMN,1993,0.02046009
Oman,OMN,1994,0.021880765
Oman,OMN,1995,0.023363397
Oman,OMN,1996,0.024688087
Oman,OMN,1997,0.025937272
Oman,OMN,1998,0.027167607
Oman,OMN,1999,0.02867067
Oman,OMN,2000,0.030265406
Oman,OMN,2001,0.03164127
Oman,OMN,2002,0.033342604
Oman,OMN,2003,0.03559548
Oman,OMN,2004,0.037248094
Oman,OMN,2005,0.039007004
Oman,OMN,2006,0.04135644
Oman,OMN,2007,0.04394885
Oman,OMN,2008,0.046559885
Oman,OMN,2009,0.048839197
Oman,OMN,2010,0.05145873
Oman,OMN,2011,0.054332662
Oman,OMN,2012,0.057457823
Oman,OMN,2013,0.060590092
Oman,OMN,2014,0.06360579
Oman,OMN,2015,0.06659485
Oman,OMN,2016,0.069342285
Oman,OMN,2017,0.071947485
Oman,OMN,2018,0.07466915
Oman,OMN,2019,0.07733578
Oman,OMN,2020,0.07996559
Oman,OMN,2021,0.08259171
Oman,OMN,2022,0.08524339
Oman,OMN,2023,0.087857984
Oman,OMN,2024,0.09049437
Pakistan,PAK,1946,0.00030153146
Pakistan,PAK,1947,0.00059864484
Pakistan,PAK,1948,0.00091093517
Pakistan,PAK,1949,0.0013433711
Pakistan,PAK,1950,0.0036182827
Pakistan,PAK,1951,0.0062966235
Pakistan,PAK,1952,0.008983638
Pakistan,PAK,1953,0.011572953
Pakistan,PAK,1954,0.0140642235
Pakistan,PAK,1955,0.016469954
Pakistan,PAK,1956,0.019214166
Pakistan,PAK,1957,0.021887515
Pakistan,PAK,1958,0.024776058
Pakistan,PAK,1959,0.027360287
Pakistan,PAK,1960,0.030394744
Pakistan,PAK,1961,0.033380132
Pakistan,PAK,1962,0.03652957
Pakistan,PAK,1963,0.04003724
Pakistan,PAK,1964,0.04339452
Pakistan,PAK,1965,0.046706393
Pakistan,PAK,1966,0.049822163
Pakistan,PAK,1967,0.052967235
Pakistan,PAK,1968,0.05649556
Pakistan,PAK,1969,0.059523985
Pakistan,PAK,1970,0.062257808
Pakistan,PAK,1971,0.06447673
Pakistan,PAK,1972,0.06632255
Pakistan,PAK,1973,0.068152614
Pakistan,PAK,1974,0.07014737
Pakistan,PAK,1975,0.072364226
Pakistan,PAK,1976,0.074238226
Pakistan,PAK,1977,0.07620121
Pakistan,PAK,1978,0.07825091
Pakistan,PAK,1979,0.080457605
Pakistan,PAK,1980,0.0831651
Pakistan,PAK,1981,0.08614702
Pakistan,PAK,1982,0.0894358
Pakistan,PAK,1983,0.092943236
Pakistan,PAK,1984,0.096549906
Pakistan,PAK,1985,0.10046631
Pakistan,PAK,1986,0.104432926
Pakistan,PAK,1987,0.108613595
Pakistan,PAK,1988,0.113048434
Pakistan,PAK,1989,0.11753868
Pakistan,PAK,1990,0.12263208
Pakistan,PAK,1991,0.12733155
Pakistan,PAK,1992,0.13241346
Pakistan,PAK,1993,0.13778734
Pakistan,PAK,1994,0.1436148
Pakistan,PAK,1995,0.14902021
Pakistan,PAK,1996,0.15508914
Pakistan,PAK,1997,0.16085596
Pakistan,PAK,1998,0.1666511
Pakistan,PAK,1999,0.17233814
Pakistan,PAK,2000,0.17807554
Pakistan,PAK,2001,0.18364482
Pakistan,PAK,2002,0.18932538
Pakistan,PAK,2003,0.19472912
Pakistan,PAK,2004,0.20070422
Pakistan,PAK,2005,0.20666642
Pakistan,PAK,2006,0.21281965
Pakistan,PAK,2007,0.21934958
Pakistan,PAK,2008,0.22542506
Pakistan,PAK,2009,0.23133256
Pakistan,PAK,2010,0.2365802
Pakistan,PAK,2011,0.2415138
Pakistan,PAK,2012,0.24619909
Pakistan,PAK,2013,0.25043833
Pakistan,PAK,2014,0.25462037
Pakistan,PAK,2015,0.25822788
Pakistan,PAK,2016,0.2637232
Pakistan,PAK,2017,0.27109283
Pakistan,PAK,2018,0.27748457
Pakistan,PAK,2019,0.28277156
Pakistan,PAK,2020,0.28960842
Pakistan,PAK,2021,0.29749256
Pakistan,PAK,2022,0.303153
Pakistan,PAK,2023,0.30709538
Pakistan,PAK,2024,0.31040865
Palau,PLW,1955,0.0000041381754
Palau,PLW,1956,0.00000803654
Palau,PLW,1957,0.000013005058
Palau,PLW,1958,0.000017678885
Palau,PLW,1959,0.000022056847
Palau,PLW,1960,0.000026137812
Palau,PLW,1961,0.000041503896
Palau,PLW,1962,0.000055928966
Palau,PLW,1963,0.00007049801
Palau,PLW,1964,0.00008512386
Palau,PLW,1965,0.00010077114
Palau,PLW,1966,0.00011529361
Palau,PLW,1967,0.00013070034
Palau,PLW,1968,0.00014583433
Palau,PLW,1969,0.00017306276
Palau,PLW,1970,0.00019885605
Palau,PLW,1971,0.00022924381
Palau,PLW,1972,0.00025876448
Palau,PLW,1973,0.0002865202
Palau,PLW,1974,0.00031612554
Palau,PLW,1975,0.0003437577
Palau,PLW,1976,0.00035367263
Palau,PLW,1977,0.0003753884
Palau,PLW,1978,0.0003822193
Palau,PLW,1979,0.00039079488
Palau,PLW,1980,0.0004043531
Palau,PLW,1981,0.00041742087
Palau,PLW,1982,0.00042981876
Palau,PLW,1983,0.00044139658
Palau,PLW,1984,0.00045195856
Palau,PLW,1985,0.0004620015
Palau,PLW,1986,0.00047128933
Palau,PLW,1987,0.00047963051
Palau,PLW,1988,0.0004898739
Palau,PLW,1989,0.00050497096
Palau,PLW,1990,0.0005198027
Palau,PLW,1991,0.0005335174
Palau,PLW,1992,0.0005421994
Palau,PLW,1993,0.00055029045
Palau,PLW,1994,0.0005582399
Palau,PLW,1995,0.000565063
Palau,PLW,1996,0.00057150086
Palau,PLW,1997,0.00057752995
Palau,PLW,1998,0.0005836814
Palau,PLW,1999,0.00058922626
Palau,PLW,2000,0.0005948253
Palau,PLW,2001,0.00060039794
Palau,PLW,2002,0.00060539355
Palau,PLW,2003,0.00060940307
Palau,PLW,2004,0.0006127113
Palau,PLW,2005,0.0006162737
Palau,PLW,2006,0.000619456
Palau,PLW,2007,0.00062408904
Palau,PLW,2008,0.0006244935
Palau,PLW,2009,0.0006242945
Palau,PLW,2010,0.0006243576
Palau,PLW,2011,0.0006241567
Palau,PLW,2012,0.00062453444
Palau,PLW,2013,0.0006250085
Palau,PLW,2014,0.00062488543
Palau,PLW,2015,0.0006235867
Palau,PLW,2016,0.0006228232
Palau,PLW,2017,0.00062232715
Palau,PLW,2018,0.00062133727
Palau,PLW,2019,0.0006204799
Palau,PLW,2020,0.00061993214
Palau,PLW,2021,0.00061900774
Palau,PLW,2022,0.00061815773
Palau,PLW,2023,0.00061709335
Palau,PLW,2024,0.00061643944
Palestine,PSE,1990,0.00010668439
Palestine,PSE,1991,0.00021005316
Palestine,PSE,1992,0.00031148538
Palestine,PSE,1993,0.0004101024
Palestine,PSE,1994,0.0005068606
Palestine,PSE,1995,0.00059645536
Palestine,PSE,1996,0.0006907571
Palestine,PSE,1997,0.0007624905
Palestine,PSE,1998,0.00089043635
Palestine,PSE,1999,0.0010027625
Palestine,PSE,2000,0.0011370732
Palestine,PSE,2001,0.0012353488
Palestine,PSE,2002,0.0013109625
Palestine,PSE,2003,0.0013920838
Palestine,PSE,2004,0.0015475011
Palestine,PSE,2005,0.0017401216
Palestine,PSE,2006,0.0018831221
Palestine,PSE,2007,0.0020223309
Palestine,PSE,2008,0.0021322279
Palestine,PSE,2009,0.0022404613
Palestine,PSE,2010,0.002336359
Palestine,PSE,2011,0.0024409983
Palestine,PSE,2012,0.0025360354
Palestine,PSE,2013,0.0026426108
Palestine,PSE,2014,0.0027707045
Palestine,PSE,2015,0.0029037944
Palestine,PSE,2016,0.0030459356
Palestine,PSE,2017,0.0031824228
Palestine,PSE,2018,0.003292389
Palestine,PSE,2019,0.0034152837
Palestine,PSE,2020,0.0035404966
Palestine,PSE,2021,0.0036747644
Palestine,PSE,2022,0.0038622457
Palestine,PSE,2023,0.0040436336
Palestine,PSE,2024,0.0042177304
Panama,PAN,1904,0.000004131124
Panama,PAN,1905,0.000008866046
Panama,PAN,1906,0.000016797681
Panama,PAN,1907,0.000030627452
Panama,PAN,1908,0.000045936617
Panama,PAN,1909,0.00006239959
Panama,PAN,1910,0.00008050152
Panama,PAN,1911,0.00009715234
Panama,PAN,1912,0.00011187657
Panama,PAN,1913,0.00012267307
Panama,PAN,1914,0.0001307892
Panama,PAN,1915,0.00013990153
Panama,PAN,1916,0.00015089939
Panama,PAN,1917,0.00016303324
Panama,PAN,1918,0.00017234107
Panama,PAN,1919,0.00016966846
Panama,PAN,1920,0.00016860195
Panama,PAN,1921,0.00017036338
Panama,PAN,1922,0.0001685208
Panama,PAN,1923,0.0001635926
Panama,PAN,1924,0.00016522754
Panama,PAN,1925,0.00016959528
Panama,PAN,1926,0.0001783117
Panama,PAN,1927,0.0001830612
Panama,PAN,1928,0.00018694921
Panama,PAN,1929,0.00019240305
Panama,PAN,1930,0.00019494114
Panama,PAN,1931,0.00019623662
Panama,PAN,1932,0.00019664977
Panama,PAN,1933,0.00019583869
Panama,PAN,1934,0.00019394184
Panama,PAN,1935,0.00019133998
Panama,PAN,1936,0.00018799008
Panama,PAN,1937,0.00018415446
Panama,PAN,1938,0.00018054347
Panama,PAN,1939,0.000176669
Panama,PAN,1940,0.00017244159
Panama,PAN,1941,0.00016821983
Panama,PAN,1942,0.00016423328
Panama,PAN,1943,0.00016017718
Panama,PAN,1944,0.00015625801
Panama,PAN,1945,0.0001531829
Panama,PAN,1946,0.0001500053
Panama,PAN,1947,0.00014658412
Panama,PAN,1948,0.0001530176
Panama,PAN,1949,0.00016092118
Panama,PAN,1950,0.00046341223
Panama,PAN,1951,0.0007661127
Panama,PAN,1952,0.0011169903
Panama,PAN,1953,0.0014124007
Panama,PAN,1954,0.0016532979
Panama,PAN,1955,0.0019047367
Panama,PAN,1956,0.002120001
Panama,PAN,1957,0.002383414
Panama,PAN,1958,0.0027006324
Panama,PAN,1959,0.0030555788
Panama,PAN,1960,0.003372317
Panama,PAN,1961,0.0036953352
Panama,PAN,1962,0.004031531
Panama,PAN,1963,0.00442402
Panama,PAN,1964,0.0048697796
Panama,PAN,1965,0.0053069084
Panama,PAN,1966,0.0057040597
Panama,PAN,1967,0.0060821255
Panama,PAN,1968,0.0065395427
Panama,PAN,1969,0.006900964
Panama,PAN,1970,0.0072884434
Panama,PAN,1971,0.00773021
Panama,PAN,1972,0.008221765
Panama,PAN,1973,0.00876033
Panama,PAN,1974,0.009238816
Panama,PAN,1975,0.009867395
Panama,PAN,1976,0.010409823
Panama,PAN,1977,0.010899751
Panama,PAN,1978,0.011226122
Panama,PAN,1979,0.011569067
Panama,PAN,1980,0.01170891
Panama,PAN,1981,0.011884866
Panama,PAN,1982,0.012047234
Panama,PAN,1983,0.012227806
Panama,PAN,1984,0.012297987
Panama,PAN,1985,0.012331919
Panama,PAN,1986,0.012359735
Panama,PAN,1987,0.012434774
Panama,PAN,1988,0.012458284
Panama,PAN,1989,0.012424713
Panama,PAN,1990,0.012399101
Panama,PAN,1991,0.012424563
Panama,PAN,1992,0.012576977
Panama,PAN,1993,0.012678391
Panama,PAN,1994,0.012814488
Panama,PAN,1995,0.012878998
Panama,PAN,1996,0.013013795
Panama,PAN,1997,0.013157976
Panama,PAN,1998,0.013423138
Panama,PAN,1999,0.013640628
Panama,PAN,2000,0.013846873
Panama,PAN,2001,0.014159824
Panama,PAN,2002,0.014341264
Panama,PAN,2003,0.014515762
Panama,PAN,2004,0.014632939
Panama,PAN,2005,0.014836701
Panama,PAN,2006,0.0150626805
Panama,PAN,2007,0.015254526
Panama,PAN,2008,0.015404852
Panama,PAN,2009,0.01564911
Panama,PAN,2010,0.01593566
Panama,PAN,2011,0.016255638
Panama,PAN,2012,0.01652897
Panama,PAN,2013,0.01683605
Panama,PAN,2014,0.017154315
Panama,PAN,2015,0.017456014
Panama,PAN,2016,0.017723586
Panama,PAN,2017,0.017924454
Panama,PAN,2018,0.018080482
Panama,PAN,2019,0.018425867
Panama,PAN,2020,0.018430527
Panama,PAN,2021,0.018623615
Panama,PAN,2022,0.01888982
Panama,PAN,2023,0.019210516
Panama,PAN,2024,0.019494403
Papua New Guinea,PNG,1950,0.000023700883
Papua New Guinea,PNG,1951,0.000049207683
Papua New Guinea,PNG,1952,0.00008234063
Papua New Guinea,PNG,1953,0.00011805698
Papua New Guinea,PNG,1954,0.00015185053
Papua New Guinea,PNG,1955,0.00019587364
Papua New Guinea,PNG,1956,0.00023707791
Papua New Guinea,PNG,1957,0.00028220974
Papua New Guinea,PNG,1958,0.00032453382
Papua New Guinea,PNG,1959,0.0003688395
Papua New Guinea,PNG,1960,0.00041582884
Papua New Guinea,PNG,1961,0.00046691883
Papua New Guinea,PNG,1962,0.0005134279
Papua New Guinea,PNG,1963,0.00057374535
Papua New Guinea,PNG,1964,0.0006326489
Papua New Guinea,PNG,1965,0.00069725484
Papua New Guinea,PNG,1966,0.0007666533
Papua New Guinea,PNG,1967,0.00085575326
Papua New Guinea,PNG,1968,0.00095438416
Papua New Guinea,PNG,1969,0.0010580022
Papua New Guinea,PNG,1970,0.001183667
Papua New Guinea,PNG,1971,0.0013289497
Papua New Guinea,PNG,1972,0.0015589958
Papua New Guinea,PNG,1973,0.0017863106
Papua New Guinea,PNG,1974,0.0020473602
Papua New Guinea,PNG,1975,0.0022801873
Papua New Guinea,PNG,1976,0.002501468
Papua New Guinea,PNG,1977,0.002707102
Papua New Guinea,PNG,1978,0.0029127968
Papua New Guinea,PNG,1979,0.0031232177
Papua New Guinea,PNG,1980,0.0033260323
Papua New Guinea,PNG,1981,0.0035356963
Papua New Guinea,PNG,1982,0.003736161
Papua New Guinea,PNG,1983,0.003933655
Papua New Guinea,PNG,1984,0.004122164
Papua New Guinea,PNG,1985,0.0043074694
Papua New Guinea,PNG,1986,0.004471899
Papua New Guinea,PNG,1987,0.0046596923
Papua New Guinea,PNG,1988,0.004814129
Papua New Guinea,PNG,1989,0.0049371305
Papua New Guinea,PNG,1990,0.0050650113
Papua New Guinea,PNG,1991,0.005185136
Papua New Guinea,PNG,1992,0.0053051333
Papua New Guinea,PNG,1993,0.0054179546
Papua New Guinea,PNG,1994,0.0055226996
Papua New Guinea,PNG,1995,0.0056043747
Papua New Guinea,PNG,1996,0.005693062
Papua New Guinea,PNG,1997,0.005819073
Papua New Guinea,PNG,1998,0.0060323887
Papua New Guinea,PNG,1999,0.0061353673
Papua New Guinea,PNG,2000,0.006266684
Papua New Guinea,PNG,2001,0.006427828
Papua New Guinea,PNG,2002,0.0066080764
Papua New Guinea,PNG,2003,0.006805967
Papua New Guinea,PNG,2004,0.0070434897
Papua New Guinea,PNG,2005,0.0072885193
Papua New Guinea,PNG,2006,0.0075209495
Papua New Guinea,PNG,2007,0.007859204
Papua New Guinea,PNG,2008,0.008096094
Papua New Guinea,PNG,2009,0.008303407
Papua New Guinea,PNG,2010,0.008448567
Papua New Guinea,PNG,2011,0.008621847
Papua New Guinea,PNG,2012,0.008718104
Papua New Guinea,PNG,2013,0.008818778
Papua New Guinea,PNG,2014,0.009020983
Papua New Guinea,PNG,2015,0.009226724
Papua New Guinea,PNG,2016,0.009468725
Papua New Guinea,PNG,2017,0.009666566
Papua New Guinea,PNG,2018,0.009915367
Papua New Guinea,PNG,2019,0.010150228
Papua New Guinea,PNG,2020,0.010405945
Papua New Guinea,PNG,2021,0.010638623
Papua New Guinea,PNG,2022,0.010889328
Papua New Guinea,PNG,2023,0.011121834
Papua New Guinea,PNG,2024,0.011340996
Paraguay,PRY,1890,0
Paraguay,PRY,1891,0
Paraguay,PRY,1892,0
Paraguay,PRY,1893,0
Paraguay,PRY,1894,0
Paraguay,PRY,1895,0
Paraguay,PRY,1896,0
Paraguay,PRY,1897,0
Paraguay,PRY,1898,0
Paraguay,PRY,1899,0
Paraguay,PRY,1900,6.6511205e-9
Paraguay,PRY,1901,6.365263e-9
Paraguay,PRY,1902,6.0965992e-9
Paraguay,PRY,1903,5.828371e-9
Paraguay,PRY,1904,5.580086e-9
Paraguay,PRY,1905,5.3377764e-9
Paraguay,PRY,1906,5.1061955e-9
Paraguay,PRY,1907,4.8656195e-9
Paraguay,PRY,1908,4.6549515e-9
Paraguay,PRY,1909,4.454038e-9
Paraguay,PRY,1910,4.261068e-9
Paraguay,PRY,1911,5.278761e-7
Paraguay,PRY,1912,5.0549784e-7
Paraguay,PRY,1913,4.833032e-7
Paraguay,PRY,1914,4.6478974e-7
Paraguay,PRY,1915,4.4789917e-7
Paraguay,PRY,1916,4.3098245e-7
Paraguay,PRY,1917,4.146036e-7
Paraguay,PRY,1918,4.0478136e-7
Paraguay,PRY,1919,4.0247448e-7
Paraguay,PRY,1920,0.000017843824
Paraguay,PRY,1921,0.000017323342
Paraguay,PRY,1922,0.000016876704
Paraguay,PRY,1923,0.000016397675
Paraguay,PRY,1924,0.00001593174
Paraguay,PRY,1925,0.000015488777
Paraguay,PRY,1926,0.0000150823635
Paraguay,PRY,1927,0.000014612841
Paraguay,PRY,1928,0.0000141734445
Paraguay,PRY,1929,0.000013730424
Paraguay,PRY,1930,0.000013345398
Paraguay,PRY,1931,0.000014236733
Paraguay,PRY,1932,0.000016855365
Paraguay,PRY,1933,0.000020935655
Paraguay,PRY,1934,0.000025630636
Paraguay,PRY,1935,0.000029593735
Paraguay,PRY,1936,0.000036112353
Paraguay,PRY,1937,0.00004177174
Paraguay,PRY,1938,0.00004743271
Paraguay,PRY,1939,0.000052096988
Paraguay,PRY,1940,0.000052171697
Paraguay,PRY,1941,0.00005179803
Paraguay,PRY,1942,0.000050646842
Paraguay,PRY,1943,0.00004992191
Paraguay,PRY,1944,0.000048641275
Paraguay,PRY,1945,0.00004781203
Paraguay,PRY,1946,0.00004676349
Paraguay,PRY,1947,0.00004581906
Paraguay,PRY,1948,0.000044861365
Paraguay,PRY,1949,0.000044167613
Paraguay,PRY,1950,0.0000700638
Paraguay,PRY,1951,0.000088338216
Paraguay,PRY,1952,0.0001280664
Paraguay,PRY,1953,0.00017277544
Paraguay,PRY,1954,0.00023917829
Paraguay,PRY,1955,0.0003041815
Paraguay,PRY,1956,0.00036767495
Paraguay,PRY,1957,0.0004324004
Paraguay,PRY,1958,0.0005031892
Paraguay,PRY,1959,0.00058997417
Paraguay,PRY,1960,0.00067060825
Paraguay,PRY,1961,0.000764859
Paraguay,PRY,1962,0.0008617689
Paraguay,PRY,1963,0.00095703505
Paraguay,PRY,1964,0.0010513042
Paraguay,PRY,1965,0.0011709208
Paraguay,PRY,1966,0.0012714899
Paraguay,PRY,1967,0.0013578451
Paraguay,PRY,1968,0.0014622826
Paraguay,PRY,1969,0.0015399262
Paraguay,PRY,1970,0.001660689
Paraguay,PRY,1971,0.0017459115
Paraguay,PRY,1972,0.0018400096
Paraguay,PRY,1973,0.0019565732
Paraguay,PRY,1974,0.002082348
Paraguay,PRY,1975,0.0021771714
Paraguay,PRY,1976,0.002298824
Paraguay,PRY,1977,0.0024328143
Paraguay,PRY,1978,0.0026083891
Paraguay,PRY,1979,0.002748195
Paraguay,PRY,1980,0.0029059271
Paraguay,PRY,1981,0.0030399652
Paraguay,PRY,1982,0.0031636562
Paraguay,PRY,1983,0.0032862683
Paraguay,PRY,1984,0.0034114213
Paraguay,PRY,1985,0.0035345042
Paraguay,PRY,1986,0.0036637872
Paraguay,PRY,1987,0.0038122935
Paraguay,PRY,1988,0.003983241
Paraguay,PRY,1989,0.0041532656
Paraguay,PRY,1990,0.00430017
Paraguay,PRY,1991,0.004432649
Paraguay,PRY,1992,0.004617052
Paraguay,PRY,1993,0.0048289234
Paraguay,PRY,1994,0.005083111
Paraguay,PRY,1995,0.0053791637
Paraguay,PRY,1996,0.00563308
Paraguay,PRY,1997,0.005913116
Paraguay,PRY,1998,0.0062083118
Paraguay,PRY,1999,0.006484875
Paraguay,PRY,2000,0.0066702827
Paraguay,PRY,2001,0.006854546
Paraguay,PRY,2002,0.007041637
Paraguay,PRY,2003,0.007226422
Paraguay,PRY,2004,0.00739894
Paraguay,PRY,2005,0.007532691
Paraguay,PRY,2006,0.0076641836
Paraguay,PRY,2007,0.007794847
Paraguay,PRY,2008,0.007933528
Paraguay,PRY,2009,0.008088243
Paraguay,PRY,2010,0.008260808
Paraguay,PRY,2011,0.008431026
Paraguay,PRY,2012,0.008587739
Paraguay,PRY,2013,0.008735627
Paraguay,PRY,2014,0.008894373
Paraguay,PRY,2015,0.009085226
Paraguay,PRY,2016,0.00934091
Paraguay,PRY,2017,0.009629075
Paraguay,PRY,2018,0.009934554
Paraguay,PRY,2019,0.010210222
Paraguay,PRY,2020,0.010437192
Paraguay,PRY,2021,0.010687298
Paraguay,PRY,2022,0.010886047
Paraguay,PRY,2023,0.011079292
Paraguay,PRY,2024,0.011277238
Peru,PER,1856,0.00081992795
Peru,PER,1857,0.0017452646
Peru,PER,1858,0.0023369729
Peru,PER,1859,0.0027082716
Peru,PER,1860,0.003367712
Peru,PER,1861,0.0042549707
Peru,PER,1862,0.004940369
Peru,PER,1863,0.0055534765
Peru,PER,1864,0.00674707
Peru,PER,1865,0.007914164
Peru,PER,1866,0.0092227245
Peru,PER,1867,0.009679874
Peru,PER,1868,0.011048397
Peru,PER,1869,0.011707906
Peru,PER,1870,0.013243771
Peru,PER,1871,0.014965515
Peru,PER,1872,0.018140607
Peru,PER,1873,0.020714095
Peru,PER,1874,0.022101419
Peru,PER,1875,0.02321028
Peru,PER,1876,0.0237027
Peru,PER,1877,0.023969043
Peru,PER,1878,0.024188366
Peru,PER,1879,0.024469212
Peru,PER,1880,0.024002003
Peru,PER,1881,0.023545226
Peru,PER,1882,0.023342613
Peru,PER,1883,0.02305639
Peru,PER,1884,0.023056192
Peru,PER,1885,0.022706639
Peru,PER,1886,0.02233362
Peru,PER,1887,0.022200536
Peru,PER,1888,0.022958571
Peru,PER,1889,0.022564752
Peru,PER,1890,0.02218798
Peru,PER,1891,0.021758901
Peru,PER,1892,0.021505358
Peru,PER,1893,0.021114876
Peru,PER,1894,0.020695176
Peru,PER,1895,0.020230021
Peru,PER,1896,0.019752175
Peru,PER,1897,0.019210739
Peru,PER,1898,0.01884437
Peru,PER,1899,0.0185964
Peru,PER,1900,0.018415615
Peru,PER,1901,0.018259589
Peru,PER,1902,0.018089283
Peru,PER,1903,0.017930202
Peru,PER,1904,0.018024769
Peru,PER,1905,0.017991072
Peru,PER,1906,0.018072994
Peru,PER,1907,0.018746704
Peru,PER,1908,0.020269424
Peru,PER,1909,0.021692384
Peru,PER,1910,0.02279277
Peru,PER,1911,0.024031593
Peru,PER,1912,0.025027215
Peru,PER,1913,0.026061
Peru,PER,1914,0.027022563
Peru,PER,1915,0.028257854
Peru,PER,1916,0.029604448
Peru,PER,1917,0.030874105
Peru,PER,1918,0.031848315
Peru,PER,1919,0.03304888
Peru,PER,1920,0.034093704
Peru,PER,1921,0.03548404
Peru,PER,1922,0.03722474
Peru,PER,1923,0.038700853
Peru,PER,1924,0.040627997
Peru,PER,1925,0.04338509
Peru,PER,1926,0.045951456
Peru,PER,1927,0.048233084
Peru,PER,1928,0.05085181
Peru,PER,1929,0.05446977
Peru,PER,1930,0.056951698
Peru,PER,1931,0.05873266
Peru,PER,1932,0.060272668
Peru,PER,1933,0.063367
Peru,PER,1934,0.06626794
Peru,PER,1935,0.069228776
Peru,PER,1936,0.07201765
Peru,PER,1937,0.07536036
Peru,PER,1938,0.07818547
Peru,PER,1939,0.07953233
Peru,PER,1940,0.08031806
Peru,PER,1941,0.080983095
Peru,PER,1942,0.082030654
Peru,PER,1943,0.08322738
Peru,PER,1944,0.08428712
Peru,PER,1945,0.08554113
Peru,PER,1946,0.08634195
Peru,PER,1947,0.08697003
Peru,PER,1948,0.08769503
Peru,PER,1949,0.08859331
Peru,PER,1950,0.08828776
Peru,PER,1951,0.08792621
Peru,PER,1952,0.08772188
Peru,PER,1953,0.08759383
Peru,PER,1954,0.08770491
Peru,PER,1955,0.08755251
Peru,PER,1956,0.08732264
Peru,PER,1957,0.08715419
Peru,PER,1958,0.08716693
Peru,PER,1959,0.0869987
Peru,PER,1960,0.08699808
Peru,PER,1961,0.08713741
Peru,PER,1962,0.087584995
Peru,PER,1963,0.08794939
Peru,PER,1964,0.08873318
Peru,PER,1965,0.08926527
Peru,PER,1966,0.089978464
Peru,PER,1967,0.09066308
Peru,PER,1968,0.09136498
Peru,PER,1969,0.09202523
Peru,PER,1970,0.092977904
Peru,PER,1971,0.09392446
Peru,PER,1972,0.09456054
Peru,PER,1973,0.09531396
Peru,PER,1974,0.096356586
Peru,PER,1975,0.09744973
Peru,PER,1976,0.09839853
Peru,PER,1977,0.099359155
Peru,PER,1978,0.09998184
Peru,PER,1979,0.100446925
Peru,PER,1980,0.10120502
Peru,PER,1981,0.10199663
Peru,PER,1982,0.10269898
Peru,PER,1983,0.102847815
Peru,PER,1984,0.10293935
Peru,PER,1985,0.10275581
Peru,PER,1986,0.102863416
Peru,PER,1987,0.103401504
Peru,PER,1988,0.10371034
Peru,PER,1989,0.10354946
Peru,PER,1990,0.10328454
Peru,PER,1991,0.10289794
Peru,PER,1992,0.10264147
Peru,PER,1993,0.10270246
Peru,PER,1994,0.102767125
Peru,PER,1995,0.102872945
Peru,PER,1996,0.102850474
Peru,PER,1997,0.103125736
Peru,PER,1998,0.103428334
Peru,PER,1999,0.10380812
Peru,PER,2000,0.10401806
Peru,PER,2001,0.103881255
Peru,PER,2002,0.10372697
Peru,PER,2003,0.103391916
Peru,PER,2004,0.10329856
Peru,PER,2005,0.10327708
Peru,PER,2006,0.1030054
Peru,PER,2007,0.10317574
Peru,PER,2008,0.10337186
Peru,PER,2009,0.103895105
Peru,PER,2010,0.10448295
Peru,PER,2011,0.10494069
Peru,PER,2012,0.10556604
Peru,PER,2013,0.105944686
Peru,PER,2014,0.106741704
Peru,PER,2015,0.10749376
Peru,PER,2016,0.10843721
Peru,PER,2017,0.109426245
Peru,PER,2018,0.11039912
Peru,PER,2019,0.111465044
Peru,PER,2020,0.111938976
Peru,PER,2021,0.11301647
Peru,PER,2022,0.114278704
Peru,PER,2023,0.11552318
Peru,PER,2024,0.116910666
Philippines,PHL,1907,0.000011885086
Philippines,PHL,1908,0.000039796734
Philippines,PHL,1909,0.00011967703
Philippines,PHL,1910,0.00018735064
Philippines,PHL,1911,0.00022930505
Philippines,PHL,1912,0.00022435766
Philippines,PHL,1913,0.00022363487
Philippines,PHL,1914,0.00023701401
Philippines,PHL,1915,0.00029184556
Philippines,PHL,1916,0.00033780138
Philippines,PHL,1917,0.0003367094
Philippines,PHL,1918,0.00035474089
Philippines,PHL,1919,0.00040251444
Philippines,PHL,1920,0.00048769775
Philippines,PHL,1921,0.00053866045
Philippines,PHL,1922,0.00059259456
Philippines,PHL,1923,0.00064094213
Philippines,PHL,1924,0.0006924025
Philippines,PHL,1925,0.0007405573
Philippines,PHL,1926,0.00075982383
Philippines,PHL,1927,0.000767436
Philippines,PHL,1928,0.0008048104
Philippines,PHL,1929,0.0008301691
Philippines,PHL,1930,0.00086889474
Philippines,PHL,1931,0.0009030846
Philippines,PHL,1932,0.00094274344
Philippines,PHL,1933,0.0009724018
Philippines,PHL,1934,0.0010059698
Philippines,PHL,1935,0.0010437027
Philippines,PHL,1936,0.0010906259
Philippines,PHL,1937,0.0011331935
Philippines,PHL,1938,0.0011966518
Philippines,PHL,1939,0.0012141266
Philippines,PHL,1940,0.0012441103
Philippines,PHL,1941,0.0012595183
Philippines,PHL,1945,0.0011470357
Philippines,PHL,1946,0.0011758184
Philippines,PHL,1947,0.0012392567
Philippines,PHL,1948,0.0013063842
Philippines,PHL,1949,0.0014170151
Philippines,PHL,1950,0.0029350412
Philippines,PHL,1951,0.0043475158
Philippines,PHL,1952,0.00588791
Philippines,PHL,1953,0.007336361
Philippines,PHL,1954,0.009207826
Philippines,PHL,1955,0.011440355
Philippines,PHL,1956,0.01339462
Philippines,PHL,1957,0.015393734
Philippines,PHL,1958,0.017552638
Philippines,PHL,1959,0.01944951
Philippines,PHL,1960,0.021556977
Philippines,PHL,1961,0.023659777
Philippines,PHL,1962,0.026111169
Philippines,PHL,1963,0.028713414
Philippines,PHL,1964,0.031499803
Philippines,PHL,1965,0.034389526
Philippines,PHL,1966,0.037623484
Philippines,PHL,1967,0.041165832
Philippines,PHL,1968,0.045425702
Philippines,PHL,1969,0.04946197
Philippines,PHL,1970,0.053545836
Philippines,PHL,1971,0.057909623
Philippines,PHL,1972,0.06162966
Philippines,PHL,1973,0.06605109
Philippines,PHL,1974,0.069971286
Philippines,PHL,1975,0.07402215
Philippines,PHL,1976,0.07817158
Philippines,PHL,1977,0.08226851
Philippines,PHL,1978,0.08612015
Philippines,PHL,1979,0.08975678
Philippines,PHL,1980,0.09297877
Philippines,PHL,1981,0.09570448
Philippines,PHL,1982,0.09833963
Philippines,PHL,1983,0.10085845
Philippines,PHL,1984,0.10250318
Philippines,PHL,1985,0.10353456
Philippines,PHL,1986,0.10462044
Philippines,PHL,1987,0.10601968
Philippines,PHL,1988,0.10787898
Philippines,PHL,1989,0.109776735
Philippines,PHL,1990,0.11173679
Philippines,PHL,1991,0.11377766
Philippines,PHL,1992,0.11637477
Philippines,PHL,1993,0.118872225
Philippines,PHL,1994,0.121784516
Philippines,PHL,1995,0.12510104
Philippines,PHL,1996,0.12828405
Philippines,PHL,1997,0.13218556
Philippines,PHL,1998,0.13572973
Philippines,PHL,1999,0.1390228
Philippines,PHL,2000,0.14246672
Philippines,PHL,2001,0.14556614
Philippines,PHL,2002,0.14841484
Philippines,PHL,2003,0.1509448
Philippines,PHL,2004,0.15344262
Philippines,PHL,2005,0.15571764
Philippines,PHL,2006,0.15720108
Philippines,PHL,2007,0.1588468
Philippines,PHL,2008,0.16085851
Philippines,PHL,2009,0.16276021
Philippines,PHL,2010,0.16484782
Philippines,PHL,2011,0.16674677
Philippines,PHL,2012,0.16881476
Philippines,PHL,2013,0.17125283
Philippines,PHL,2014,0.1739067
Philippines,PHL,2015,0.17716673
Philippines,PHL,2016,0.18086976
Philippines,PHL,2017,0.185181
Philippines,PHL,2018,0.18959934
Philippines,PHL,2019,0.19394633
Philippines,PHL,2020,0.19767235
Philippines,PHL,2021,0.20155695
Philippines,PHL,2022,0.20580666
Philippines,PHL,2023,0.21036778
Philippines,PHL,2024,0.21543393
Poland,POL,1800,0.05135667
Poland,POL,1801,0.10317286
Poland,POL,1802,0.1505085
Poland,POL,1803,0.1971886
Poland,POL,1804,0.23990543
Poland,POL,1805,0.29180983
Poland,POL,1806,0.33474675
Poland,POL,1807,0.35972637
Poland,POL,1808,0.39499593
Poland,POL,1809,0.42498544
Poland,POL,1810,0.4601729
Poland,POL,1811,0.49457896
Poland,POL,1812,0.5153078
Poland,POL,1813,0.5287065
Poland,POL,1814,0.5501224
Poland,POL,1815,0.5761534
Poland,POL,1816,0.60604954
Poland,POL,1817,0.63696766
Poland,POL,1818,0.6769344
Poland,POL,1819,0.70376027
Poland,POL,1820,0.72827095
Poland,POL,1821,0.75556314
Poland,POL,1822,0.78502315
Poland,POL,1823,0.82932884
Poland,POL,1824,0.8733207
Poland,POL,1825,0.91580546
Poland,POL,1826,0.94980943
Poland,POL,1827,0.98397994
Poland,POL,1828,1.0107279
Poland,POL,1829,1.0292888
Poland,POL,1830,1.032588
Poland,POL,1831,1.0304241
Poland,POL,1832,1.0382698
Poland,POL,1833,1.0467352
Poland,POL,1834,1.054524
Poland,POL,1835,1.0613732
Poland,POL,1836,1.0699028
Poland,POL,1837,1.0816321
Poland,POL,1838,1.0964708
Poland,POL,1839,1.1120073
Poland,POL,1840,1.132177
Poland,POL,1841,1.1549194
Poland,POL,1842,1.1777275
Poland,POL,1843,1.1968727
Poland,POL,1844,1.2154597
Poland,POL,1845,1.2388039
Poland,POL,1846,1.2634335
Poland,POL,1847,1.2839564
Poland,POL,1848,1.3025362
Poland,POL,1849,1.3155291
Poland,POL,1850,1.3283753
Poland,POL,1851,1.3448446
Poland,POL,1852,1.3706838
Poland,POL,1853,1.395502
Poland,POL,1854,1.4170792
Poland,POL,1855,1.4497846
Poland,POL,1856,1.486681
Poland,POL,1857,1.5258858
Poland,POL,1858,1.5754621
Poland,POL,1859,1.6086936
Poland,POL,1860,1.6376556
Poland,POL,1861,1.6628594
Poland,POL,1862,1.6985036
Poland,POL,1863,1.7410796
Poland,POL,1864,1.787112
Poland,POL,1865,1.8370138
Poland,POL,1866,1.8769866
Poland,POL,1867,1.9186373
Poland,POL,1868,1.9710491
Poland,POL,1869,2.0178201
Poland,POL,1870,2.0673492
Poland,POL,1871,2.1254845
Poland,POL,1872,2.181015
Poland,POL,1873,2.2375262
Poland,POL,1874,2.3104563
Poland,POL,1875,2.3659995
Poland,POL,1876,2.4186325
Poland,POL,1877,2.4559164
Poland,POL,1878,2.4963202
Poland,POL,1879,2.5384548
Poland,POL,1880,2.562843
Poland,POL,1881,2.5805426
Poland,POL,1882,2.5953286
Poland,POL,1883,2.6140451
Poland,POL,1884,2.6353712
Poland,POL,1885,2.659924
Poland,POL,1886,2.6841352
Poland,POL,1887,2.7019432
Poland,POL,1888,2.7207012
Poland,POL,1889,2.7485201
Poland,POL,1890,2.7687159
Poland,POL,1891,2.7928479
Poland,POL,1892,2.8069744
Poland,POL,1893,2.8280811
Poland,POL,1894,2.8457093
Poland,POL,1895,2.8633444
Poland,POL,1896,2.885671
Poland,POL,1897,2.9068735
Poland,POL,1898,2.9316444
Poland,POL,1899,2.948471
Poland,POL,1900,2.960513
Poland,POL,1901,2.975213
Poland,POL,1902,2.9827254
Poland,POL,1903,2.9845533
Poland,POL,1904,2.9864647
Poland,POL,1905,2.99002
Poland,POL,1906,2.9942355
Poland,POL,1907,2.9945843
Poland,POL,1908,3.009264
Poland,POL,1909,3.0212195
Poland,POL,1910,3.0246148
Poland,POL,1911,3.032674
Poland,POL,1912,3.0486386
Poland,POL,1913,3.0595348
Poland,POL,1914,3.0585387
Poland,POL,1915,3.0567605
Poland,POL,1916,3.062137
Poland,POL,1917,3.0749362
Poland,POL,1918,3.0684636
Poland,POL,1919,2.9779956
Poland,POL,1920,2.9497902
Poland,POL,1921,2.933929
Poland,POL,1922,2.9121094
Poland,POL,1923,2.8635104
Poland,POL,1924,2.8136492
Poland,POL,1925,2.7664835
Poland,POL,1926,2.7235634
Poland,POL,1927,2.685841
Poland,POL,1928,2.6523986
Poland,POL,1929,2.6224763
Poland,POL,1930,2.5890121
Poland,POL,1931,2.563573
Poland,POL,1932,2.536614
Poland,POL,1933,2.5087821
Poland,POL,1934,2.4787557
Poland,POL,1935,2.4479308
Poland,POL,1936,2.4153357
Poland,POL,1937,2.3841162
Poland,POL,1938,2.3602898
Poland,POL,1939,2.3298552
Poland,POL,1940,2.3593767
Poland,POL,1941,2.3845646
Poland,POL,1942,2.4174442
Poland,POL,1943,2.4557416
Poland,POL,1944,2.4866807
Poland,POL,1945,2.4637144
Poland,POL,1946,2.459457
Poland,POL,1947,2.4429736
Poland,POL,1948,2.4229672
Poland,POL,1949,2.4138215
Poland,POL,1950,2.400331
Poland,POL,1951,2.3872066
Poland,POL,1952,2.3763616
Poland,POL,1953,2.3687952
Poland,POL,1954,2.3636158
Poland,POL,1955,2.3553925
Poland,POL,1956,2.347949
Poland,POL,1957,2.3431218
Poland,POL,1958,2.336042
Poland,POL,1959,2.3302996
Poland,POL,1960,2.3240752
Poland,POL,1961,2.320428
Poland,POL,1962,2.3175051
Poland,POL,1963,2.3154535
Poland,POL,1964,2.313226
Poland,POL,1965,2.3091528
Poland,POL,1966,2.3033698
Poland,POL,1967,2.297418
Poland,POL,1968,2.2922049
Poland,POL,1969,2.2868302
Poland,POL,1970,2.2782428
Poland,POL,1971,2.269101
Poland,POL,1972,2.260652
Poland,POL,1973,2.250016
Poland,POL,1974,2.2426467
Poland,POL,1975,2.2414255
Poland,POL,1976,2.2409985
Poland,POL,1977,2.2422028
Poland,POL,1978,2.2429662
Poland,POL,1979,2.243608
Poland,POL,1980,2.2482302
Poland,POL,1981,2.245743
Poland,POL,1982,2.2457986
Poland,POL,1983,2.2452726
Poland,POL,1984,2.244625
Poland,POL,1985,2.2435281
Poland,POL,1986,2.2425995
Poland,POL,1987,2.241304
Poland,POL,1988,2.235134
Poland,POL,1989,2.2257044
Poland,POL,1990,2.2096455
Poland,POL,1991,2.192857
Poland,POL,1992,2.1776652
Poland,POL,1993,2.1627655
Poland,POL,1994,2.14753
Poland,POL,1995,2.132071
Poland,POL,1996,2.1173232
Poland,POL,1997,2.1019719
Poland,POL,1998,2.0847142
Poland,POL,1999,2.0662212
Poland,POL,2000,2.046149
Poland,POL,2001,2.0263126
Poland,POL,2002,2.0056827
Poland,POL,2003,1.9847133
Poland,POL,2004,1.9635433
Poland,POL,2005,1.9416851
Poland,POL,2006,1.9204569
Poland,POL,2007,1.8988386
Poland,POL,2008,1.8769844
Poland,POL,2009,1.8559262
Poland,POL,2010,1.8347411
Poland,POL,2011,1.8130056
Poland,POL,2012,1.7911891
Poland,POL,2013,1.7697557
Poland,POL,2014,1.748286
Poland,POL,2015,1.7280972
Poland,POL,2016,1.7095327
Poland,POL,2017,1.692007
Poland,POL,2018,1.6744264
Poland,POL,2019,1.6561724
Poland,POL,2020,1.6396723
Poland,POL,2021,1.6238902
Poland,POL,2022,1.6072736
Poland,POL,2023,1.5891005
Poland,POL,2024,1.5706859
Portugal,PRT,1870,0.00018625885
Portugal,PRT,1871,0.00047381714
Portugal,PRT,1872,0.0044519138
Portugal,PRT,1873,0.009539061
Portugal,PRT,1874,0.012834302
Portugal,PRT,1875,0.020051464
Portugal,PRT,1876,0.026484618
Portugal,PRT,1877,0.029440034
Portugal,PRT,1878,0.03196974
Portugal,PRT,1879,0.034570877
Portugal,PRT,1880,0.0376857
Portugal,PRT,1881,0.04052141
Portugal,PRT,1882,0.04395202
Portugal,PRT,1883,0.047207538
Portugal,PRT,1884,0.05042451
Portugal,PRT,1885,0.05297482
Portugal,PRT,1886,0.05575589
Portugal,PRT,1887,0.058338936
Portugal,PRT,1888,0.0608163
Portugal,PRT,1889,0.06381073
Portugal,PRT,1890,0.0666827
Portugal,PRT,1891,0.06937206
Portugal,PRT,1892,0.07165942
Portugal,PRT,1893,0.07326063
Portugal,PRT,1894,0.07538727
Portugal,PRT,1895,0.07694923
Portugal,PRT,1896,0.07837258
Portugal,PRT,1897,0.07975986
Portugal,PRT,1898,0.081503354
Portugal,PRT,1899,0.08294943
Portugal,PRT,1900,0.08480658
Portugal,PRT,1901,0.086230405
Portugal,PRT,1902,0.087914675
Portugal,PRT,1903,0.088944204
Portugal,PRT,1904,0.0899531
Portugal,PRT,1905,0.09053218
Portugal,PRT,1906,0.09153739
Portugal,PRT,1907,0.09235306
Portugal,PRT,1908,0.09323237
Portugal,PRT,1909,0.0939519
Portugal,PRT,1910,0.094497584
Portugal,PRT,1911,0.09479271
Portugal,PRT,1912,0.0955334
Portugal,PRT,1913,0.096144736
Portugal,PRT,1914,0.096504204
Portugal,PRT,1915,0.096558586
Portugal,PRT,1916,0.0962327
Portugal,PRT,1917,0.0943452
Portugal,PRT,1918,0.092066586
Portugal,PRT,1919,0.091425665
Portugal,PRT,1920,0.09032657
Portugal,PRT,1921,0.089702405
Portugal,PRT,1922,0.08973146
Portugal,PRT,1923,0.08916503
Portugal,PRT,1924,0.08892382
Portugal,PRT,1925,0.08875504
Portugal,PRT,1926,0.08865296
Portugal,PRT,1927,0.08870991
Portugal,PRT,1928,0.08904726
Portugal,PRT,1929,0.08915603
Portugal,PRT,1930,0.08971873
Portugal,PRT,1931,0.09023339
Portugal,PRT,1932,0.09057687
Portugal,PRT,1933,0.09120563
Portugal,PRT,1934,0.09169688
Portugal,PRT,1935,0.092238896
Portugal,PRT,1936,0.09239048
Portugal,PRT,1937,0.09285402
Portugal,PRT,1938,0.09296464
Portugal,PRT,1939,0.093302645
Portugal,PRT,1940,0.092938
Portugal,PRT,1941,0.09247252
Portugal,PRT,1942,0.091644295
Portugal,PRT,1943,0.0907722
Portugal,PRT,1944,0.09005626
Portugal,PRT,1945,0.08980036
Portugal,PRT,1946,0.08968205
Portugal,PRT,1947,0.09010454
Portugal,PRT,1948,0.09026008
Portugal,PRT,1949,0.090624034
Portugal,PRT,1950,0.0907292
Portugal,PRT,1951,0.0905632
Portugal,PRT,1952,0.09035596
Portugal,PRT,1953,0.09032386
Portugal,PRT,1954,0.09019096
Portugal,PRT,1955,0.09009543
Portugal,PRT,1956,0.09010327
Portugal,PRT,1957,0.09024745
Portugal,PRT,1958,0.09023301
Portugal,PRT,1959,0.0902295
Portugal,PRT,1960,0.090146385
Portugal,PRT,1961,0.09033226
Portugal,PRT,1962,0.09048032
Portugal,PRT,1963,0.0906941
Portugal,PRT,1964,0.091035485
Portugal,PRT,1965,0.091392696
Portugal,PRT,1966,0.091659896
Portugal,PRT,1967,0.09196579
Portugal,PRT,1968,0.09224891
Portugal,PRT,1969,0.09271096
Portugal,PRT,1970,0.09304536
Portugal,PRT,1971,0.09348749
Portugal,PRT,1972,0.0941739
Portugal,PRT,1973,0.09498808
Portugal,PRT,1974,0.09590356
Portugal,PRT,1975,0.096883595
Portugal,PRT,1976,0.097837456
Portugal,PRT,1977,0.09869011
Portugal,PRT,1978,0.09936591
Portugal,PRT,1979,0.100304015
Portugal,PRT,1980,0.10151625
Portugal,PRT,1981,0.10277689
Portugal,PRT,1982,0.10429988
Portugal,PRT,1983,0.1058455
Portugal,PRT,1984,0.107053846
Portugal,PRT,1985,0.10785063
Portugal,PRT,1986,0.10898791
Portugal,PRT,1987,0.11009502
Portugal,PRT,1988,0.111201875
Portugal,PRT,1989,0.113258995
Portugal,PRT,1990,0.11568307
Portugal,PRT,1991,0.11809601
Portugal,PRT,1992,0.12095254
Portugal,PRT,1993,0.12345977
Portugal,PRT,1994,0.12589464
Portugal,PRT,1995,0.12859477
Portugal,PRT,1996,0.13077554
Portugal,PRT,1997,0.13312298
Portugal,PRT,1998,0.13582334
Portugal,PRT,1999,0.13907325
Portugal,PRT,2000,0.1419455
Portugal,PRT,2001,0.14462683
Portugal,PRT,2002,0.14750631
Portugal,PRT,2003,0.14961246
Portugal,PRT,2004,0.1517362
Portugal,PRT,2005,0.15382619
Portugal,PRT,2006,0.15529229
Portugal,PRT,2007,0.15637355
Portugal,PRT,2008,0.15714805
Portugal,PRT,2009,0.15773064
Portugal,PRT,2010,0.15775579
Portugal,PRT,2011,0.15756617
Portugal,PRT,2012,0.15720169
Portugal,PRT,2013,0.15669659
Portugal,PRT,2014,0.15618175
Portugal,PRT,2015,0.1559801
Portugal,PRT,2016,0.15566494
Portugal,PRT,2017,0.15561238
Portugal,PRT,2018,0.15525426
Portugal,PRT,2019,0.15465318
Portugal,PRT,2020,0.15390906
Portugal,PRT,2021,0.15296137
Portugal,PRT,2022,0.15202026
Portugal,PRT,2023,0.15089968
Portugal,PRT,2024,0.14967173
Qatar,QAT,1949,0.000115128496
Qatar,QAT,1950,0.00026386982
Qatar,QAT,1951,0.00041980302
Qatar,QAT,1952,0.00048805538
Qatar,QAT,1953,0.0006208923
Qatar,QAT,1954,0.000840145
Qatar,QAT,1955,0.00097385066
Qatar,QAT,1956,0.0011304732
Qatar,QAT,1957,0.0012081699
Qatar,QAT,1958,0.001231208
Qatar,QAT,1959,0.0012560149
Qatar,QAT,1960,0.0012748124
Qatar,QAT,1961,0.0012877736
Qatar,QAT,1962,0.0013076192
Qatar,QAT,1963,0.0030834745
Qatar,QAT,1964,0.0047858525
Qatar,QAT,1965,0.0063821725
Qatar,QAT,1966,0.007865587
Qatar,QAT,1967,0.0093550915
Qatar,QAT,1968,0.010833276
Qatar,QAT,1969,0.012215146
Qatar,QAT,1970,0.0135641
Qatar,QAT,1971,0.015160305
Qatar,QAT,1972,0.016978525
Qatar,QAT,1973,0.018993083
Qatar,QAT,1974,0.02046839
Qatar,QAT,1975,0.021937674
Qatar,QAT,1976,0.023164582
Qatar,QAT,1977,0.0242047
Qatar,QAT,1978,0.025254386
Qatar,QAT,1979,0.02686962
Qatar,QAT,1980,0.028175771
Qatar,QAT,1981,0.02938705
Qatar,QAT,1982,0.030455079
Qatar,QAT,1983,0.03128934
Qatar,QAT,1984,0.03220717
Qatar,QAT,1985,0.033052016
Qatar,QAT,1986,0.033959497
Qatar,QAT,1987,0.03454283
Qatar,QAT,1988,0.035112612
Qatar,QAT,1989,0.035943218
Qatar,QAT,1990,0.036346793
Qatar,QAT,1991,0.037428305
Qatar,QAT,1992,0.03958432
Qatar,QAT,1993,0.04206447
Qatar,QAT,1994,0.044592027
Qatar,QAT,1995,0.047052126
Qatar,QAT,1996,0.04949007
Qatar,QAT,1997,0.052597858
Qatar,QAT,1998,0.055028185
Qatar,QAT,1999,0.057249874
Qatar,QAT,2000,0.059718143
Qatar,QAT,2001,0.06257255
Qatar,QAT,2002,0.065191746
Qatar,QAT,2003,0.06773446
Qatar,QAT,2004,0.070167035
Qatar,QAT,2005,0.072441764
Qatar,QAT,2006,0.075538814
Qatar,QAT,2007,0.07840862
Qatar,QAT,2008,0.08128514
Qatar,QAT,2009,0.08431771
Qatar,QAT,2010,0.08771225
Qatar,QAT,2011,0.091458194
Qatar,QAT,2012,0.09583418
Qatar,QAT,2013,0.09981721
Qatar,QAT,2014,0.1036114
Qatar,QAT,2015,0.10734262
Qatar,QAT,2016,0.11078009
Qatar,QAT,2017,0.114921145
Qatar,QAT,2018,0.11863665
Qatar,QAT,2019,0.12209038
Qatar,QAT,2020,0.1255299
Qatar,QAT,2021,0.12887919
Qatar,QAT,2022,0.1323337
Qatar,QAT,2023,0.13615212
Qatar,QAT,2024,0.14011396
Romania,ROU,1858,0.00005425145
Romania,ROU,1859,0.00010385033
Romania,ROU,1860,0.00014876958
Romania,ROU,1861,0.0002367599
Romania,ROU,1862,0.00036215427
Romania,ROU,1863,0.00047565755
Romania,ROU,1864,0.0006187204
Romania,ROU,1865,0.0007471372
Romania,ROU,1866,0.0009003594
Romania,ROU,1867,0.0010726434
Romania,ROU,1868,0.0012620281
Romania,ROU,1869,0.0014308935
Romania,ROU,1870,0.0016763296
Romania,ROU,1871,0.0019248822
Romania,ROU,1872,0.0021414268
Romania,ROU,1873,0.0023579702
Romania,ROU,1874,0.0025617369
Romania,ROU,1875,0.0027631896
Romania,ROU,1876,0.0029453326
Romania,ROU,1877,0.0031095478
Romania,ROU,1878,0.0032591554
Romania,ROU,1879,0.003387289
Romania,ROU,1880,0.0034865146
Romania,ROU,1881,0.0035902679
Romania,ROU,1882,0.004514763
Romania,ROU,1883,0.0061945003
Romania,ROU,1884,0.008013953
Romania,ROU,1885,0.009580883
Romania,ROU,1886,0.011145218
Romania,ROU,1887,0.012729533
Romania,ROU,1888,0.01450539
Romania,ROU,1889,0.016181044
Romania,ROU,1890,0.018204326
Romania,ROU,1891,0.02102725
Romania,ROU,1892,0.023396203
Romania,ROU,1893,0.025834817
Romania,ROU,1894,0.027770389
Romania,ROU,1895,0.029588114
Romania,ROU,1896,0.03132779
Romania,ROU,1897,0.033324327
Romania,ROU,1898,0.03609155
Romania,ROU,1899,0.038268674
Romania,ROU,1900,0.039348952
Romania,ROU,1901,0.04103952
Romania,ROU,1902,0.04253888
Romania,ROU,1903,0.044254992
Romania,ROU,1904,0.046438403
Romania,ROU,1905,0.0491548
Romania,ROU,1906,0.053146318
Romania,ROU,1907,0.05803488
Romania,ROU,1908,0.06232737
Romania,ROU,1909,0.066850506
Romania,ROU,1910,0.07079772
Romania,ROU,1911,0.07567067
Romania,ROU,1912,0.08029617
Romania,ROU,1913,0.08547872
Romania,ROU,1914,0.08913482
Romania,ROU,1915,0.09183407
Romania,ROU,1916,0.09169476
Romania,ROU,1917,0.09089588
Romania,ROU,1918,0.090896696
Romania,ROU,1919,0.09279421
Romania,ROU,1920,0.09491022
Romania,ROU,1921,0.09768282
Romania,ROU,1922,0.10127374
Romania,ROU,1923,0.10542694
Romania,ROU,1924,0.11060973
Romania,ROU,1925,0.116856925
Romania,ROU,1926,0.12502769
Romania,ROU,1927,0.13364471
Romania,ROU,1928,0.14337371
Romania,ROU,1929,0.15382865
Romania,ROU,1930,0.16598178
Romania,ROU,1931,0.17978662
Romania,ROU,1932,0.19440533
Romania,ROU,1933,0.20814027
Romania,ROU,1934,0.22366594
Romania,ROU,1935,0.23812488
Romania,ROU,1936,0.2523223
Romania,ROU,1937,0.26254532
Romania,ROU,1938,0.27163702
Romania,ROU,1939,0.27904323
Romania,ROU,1940,0.28474185
Romania,ROU,1941,0.28920972
Romania,ROU,1942,0.2940586
Romania,ROU,1943,0.29772156
Romania,ROU,1944,0.2975665
Romania,ROU,1945,0.30055463
Romania,ROU,1946,0.30227432
Romania,ROU,1947,0.30261526
Romania,ROU,1948,0.30573562
Romania,ROU,1949,0.30892348
Romania,ROU,1950,0.3093962
Romania,ROU,1951,0.31055403
Romania,ROU,1952,0.31322855
Romania,ROU,1953,0.31712446
Romania,ROU,1954,0.3217618
Romania,ROU,1955,0.32659197
Romania,ROU,1956,0.33203617
Romania,ROU,1957,0.3386911
Romania,ROU,1958,0.34602684
Romania,ROU,1959,0.3527163
Romania,ROU,1960,0.35929385
Romania,ROU,1961,0.36618114
Romania,ROU,1962,0.3747659
Romania,ROU,1963,0.38393608
Romania,ROU,1964,0.39267778
Romania,ROU,1965,0.40218514
Romania,ROU,1966,0.4119696
Romania,ROU,1967,0.422805
Romania,ROU,1968,0.43426993
Romania,ROU,1969,0.44687206
Romania,ROU,1970,0.4594186
Romania,ROU,1971,0.47175792
Romania,ROU,1972,0.48392943
Romania,ROU,1973,0.497008
Romania,ROU,1974,0.5104647
Romania,ROU,1975,0.5252442
Romania,ROU,1976,0.54053193
Romania,ROU,1977,0.55496377
Romania,ROU,1978,0.57051617
Romania,ROU,1979,0.5849243
Romania,ROU,1980,0.5985778
Romania,ROU,1981,0.61214465
Romania,ROU,1982,0.62467587
Romania,ROU,1983,0.6370548
Romania,ROU,1984,0.64654124
Romania,ROU,1985,0.6555872
Romania,ROU,1986,0.6649157
Romania,ROU,1987,0.6744647
Romania,ROU,1988,0.68282694
Romania,ROU,1989,0.69065255
Romania,ROU,1990,0.693073
Romania,ROU,1991,0.690836
Romania,ROU,1992,0.6880715
Romania,ROU,1993,0.68420815
Romania,ROU,1994,0.6801654
Romania,ROU,1995,0.676448
Romania,ROU,1996,0.6727695
Romania,ROU,1997,0.66803986
Romania,ROU,1998,0.66225857
Romania,ROU,1999,0.65484625
Romania,ROU,2000,0.647781
Romania,ROU,2001,0.64147794
Romania,ROU,2002,0.63515157
Romania,ROU,2003,0.62875754
Romania,ROU,2004,0.6221123
Romania,ROU,2005,0.61511374
Romania,ROU,2006,0.6082013
Romania,ROU,2007,0.60152924
Romania,ROU,2008,0.59481263
Romania,ROU,2009,0.5871997
Romania,ROU,2010,0.5789177
Romania,ROU,2011,0.5711289
Romania,ROU,2012,0.563351
Romania,ROU,2013,0.5550617
Romania,ROU,2014,0.5471333
Romania,ROU,2015,0.5395127
Romania,ROU,2016,0.5321491
Romania,ROU,2017,0.52510047
Romania,ROU,2018,0.518149
Romania,ROU,2019,0.5112049
Romania,ROU,2020,0.5049751
Romania,ROU,2021,0.4987115
Romania,ROU,2022,0.49228135
Romania,ROU,2023,0.48567206
Romania,ROU,2024,0.4792414
Russia,RUS,1830,0.0005040724
Russia,RUS,1831,0.0010689315
Russia,RUS,1832,0.0014075565
Russia,RUS,1833,0.0018135078
Russia,RUS,1850,0.002395965
Russia,RUS,1855,0.005499071
Russia,RUS,1858,0.009190808
Russia,RUS,1859,0.013242703
Russia,RUS,1860,0.01825796
Russia,RUS,1861,0.024239663
Russia,RUS,1862,0.02904305
Russia,RUS,1863,0.033613246
Russia,RUS,1864,0.038345117
Russia,RUS,1865,0.04227942
Russia,RUS,1866,0.057589293
Russia,RUS,1867,0.0737588
Russia,RUS,1868,0.08534148
Russia,RUS,1869,0.10073897
Russia,RUS,1870,0.11623112
Russia,RUS,1871,0.13672367
Russia,RUS,1872,0.15533549
Russia,RUS,1873,0.17025225
Russia,RUS,1874,0.18891796
Russia,RUS,1875,0.20906043
Russia,RUS,1876,0.23394664
Russia,RUS,1877,0.25719205
Russia,RUS,1878,0.28822583
Russia,RUS,1879,0.31693688
Russia,RUS,1880,0.34826508
Russia,RUS,1881,0.37860188
Russia,RUS,1882,0.407665
Russia,RUS,1883,0.43909386
Russia,RUS,1884,0.46822718
Russia,RUS,1885,0.49886632
Russia,RUS,1886,0.52788466
Russia,RUS,1887,0.55623955
Russia,RUS,1888,0.5818448
Russia,RUS,1889,0.60910535
Russia,RUS,1890,0.63846236
Russia,RUS,1891,0.66941994
Russia,RUS,1892,0.70082664
Russia,RUS,1893,0.7399578
Russia,RUS,1894,0.77613884
Russia,RUS,1895,0.81709266
Russia,RUS,1896,0.8549568
Russia,RUS,1897,0.898875
Russia,RUS,1898,0.9465175
Russia,RUS,1899,0.9997522
Russia,RUS,1900,1.0582457
Russia,RUS,1901,1.112981
Russia,RUS,1902,1.158713
Russia,RUS,1903,1.1944308
Russia,RUS,1904,1.2358974
Russia,RUS,1905,1.2610828
Russia,RUS,1906,1.2924094
Russia,RUS,1907,1.3233491
Russia,RUS,1908,1.3544458
Russia,RUS,1909,1.3852694
Russia,RUS,1910,1.4090191
Russia,RUS,1911,1.4328343
Russia,RUS,1912,1.4623302
Russia,RUS,1913,1.4918482
Russia,RUS,1914,1.5160484
Russia,RUS,1915,1.5329077
Russia,RUS,1916,1.5488037
Russia,RUS,1917,1.5552762
Russia,RUS,1918,1.5242262
Russia,RUS,1919,1.4987327
Russia,RUS,1920,1.4657795
Russia,RUS,1921,1.4423107
Russia,RUS,1922,1.4223489
Russia,RUS,1923,1.4004406
Russia,RUS,1924,1.38428
Russia,RUS,1925,1.3684789
Russia,RUS,1926,1.3660362
Russia,RUS,1927,1.3691045
Russia,RUS,1928,1.3770647
Russia,RUS,1929,1.3852751
Russia,RUS,1930,1.414151
Russia,RUS,1931,1.4589268
Russia,RUS,1932,1.5149245
Russia,RUS,1933,1.5768523
Russia,RUS,1934,1.6525546
Russia,RUS,1935,1.737354
Russia,RUS,1936,1.8318233
Russia,RUS,1937,1.9212787
Russia,RUS,1938,2.0166755
Russia,RUS,1939,2.1063125
Russia,RUS,1940,2.2137427
Russia,RUS,1941,2.2946854
Russia,RUS,1942,2.309183
Russia,RUS,1943,2.3250072
Russia,RUS,1944,2.3721766
Russia,RUS,1945,2.433394
Russia,RUS,1946,2.5017314
Russia,RUS,1947,2.5847497
Russia,RUS,1948,2.6694086
Russia,RUS,1949,2.7727897
Russia,RUS,1950,2.8809428
Russia,RUS,1951,2.9926515
Russia,RUS,1952,3.1104686
Russia,RUS,1953,3.2309773
Russia,RUS,1954,3.361673
Russia,RUS,1955,3.5051532
Russia,RUS,1956,3.656643
Russia,RUS,1957,3.8192713
Russia,RUS,1958,3.9871383
Russia,RUS,1959,4.1533623
Russia,RUS,1960,4.313934
Russia,RUS,1961,4.4733353
Russia,RUS,1962,4.632684
Russia,RUS,1963,4.7960153
Russia,RUS,1964,4.9605126
Russia,RUS,1965,5.126658
Russia,RUS,1966,5.2923093
Russia,RUS,1967,5.4569526
Russia,RUS,1968,5.6110487
Russia,RUS,1969,5.7567134
Russia,RUS,1970,5.893847
Russia,RUS,1971,6.033448
Russia,RUS,1972,6.1712904
Russia,RUS,1973,6.3026915
Russia,RUS,1974,6.4389944
Russia,RUS,1975,6.5838213
Russia,RUS,1976,6.7215176
Russia,RUS,1977,6.85581
Russia,RUS,1978,6.9850626
Russia,RUS,1979,7.10287
Russia,RUS,1980,7.227617
Russia,RUS,1981,7.3443155
Russia,RUS,1982,7.462033
Russia,RUS,1983,7.5756636
Russia,RUS,1984,7.679495
Russia,RUS,1985,7.794351
Russia,RUS,1986,7.899602
Russia,RUS,1987,7.993016
Russia,RUS,1988,8.083001
Russia,RUS,1989,8.160932
Russia,RUS,1990,8.245325
Russia,RUS,1991,8.304853
Russia,RUS,1992,8.315779
Russia,RUS,1993,8.312889
Russia,RUS,1994,8.283622
Russia,RUS,1995,8.247861
Russia,RUS,1996,8.204309
Russia,RUS,1997,8.150916
Russia,RUS,1998,8.09921
Russia,RUS,1999,8.048458
Russia,RUS,2000,7.9936705
Russia,RUS,2001,7.9436493
Russia,RUS,2002,7.8909645
Russia,RUS,2003,7.833801
Russia,RUS,2004,7.7734733
Russia,RUS,2005,7.711191
Russia,RUS,2006,7.6505723
Russia,RUS,2007,7.587487
Russia,RUS,2008,7.5264964
Russia,RUS,2009,7.46334
Russia,RUS,2010,7.3997483
Russia,RUS,2011,7.3368073
Russia,RUS,2012,7.275566
Russia,RUS,2013,7.2113585
Russia,RUS,2014,7.1492753
Russia,RUS,2015,7.0902476
Russia,RUS,2016,7.033579
Russia,RUS,2017,6.978874
Russia,RUS,2018,6.9263644
Russia,RUS,2019,6.874388
Russia,RUS,2020,6.828158
Russia,RUS,2021,6.7795787
Russia,RUS,2022,6.730563
Russia,RUS,2023,6.6846757
Russia,RUS,2024,6.6414294
Rwanda,RWA,1950,0.000007268098
Rwanda,RWA,1951,0.000014146873
Rwanda,RWA,1952,0.000026562535
Rwanda,RWA,1953,0.000037353046
Rwanda,RWA,1954,0.00004103374
Rwanda,RWA,1955,0.00004532266
Rwanda,RWA,1956,0.000050170613
Rwanda,RWA,1957,0.000055549768
Rwanda,RWA,1958,0.000060576785
Rwanda,RWA,1959,0.00008374559
Rwanda,RWA,1960,0.000103837876
Rwanda,RWA,1961,0.00012955084
Rwanda,RWA,1962,0.0001514231
Rwanda,RWA,1963,0.00017176667
Rwanda,RWA,1964,0.00017694297
Rwanda,RWA,1965,0.00018461568
Rwanda,RWA,1966,0.0001905507
Rwanda,RWA,1967,0.00019497334
Rwanda,RWA,1968,0.00020247982
Rwanda,RWA,1969,0.00020996876
Rwanda,RWA,1970,0.00021639233
Rwanda,RWA,1971,0.00022290715
Rwanda,RWA,1972,0.00022941988
Rwanda,RWA,1973,0.00023583541
Rwanda,RWA,1974,0.00024258975
Rwanda,RWA,1975,0.00026907574
Rwanda,RWA,1976,0.0003107661
Rwanda,RWA,1977,0.00034940112
Rwanda,RWA,1978,0.00038896073
Rwanda,RWA,1979,0.00042684033
Rwanda,RWA,1980,0.0004951781
Rwanda,RWA,1981,0.0005768255
Rwanda,RWA,1982,0.00065495615
Rwanda,RWA,1983,0.0007417969
Rwanda,RWA,1984,0.00081394165
Rwanda,RWA,1985,0.0008785742
Rwanda,RWA,1986,0.0009366536
Rwanda,RWA,1987,0.0009925446
Rwanda,RWA,1988,0.0010548352
Rwanda,RWA,1989,0.001112216
Rwanda,RWA,1990,0.0011457975
Rwanda,RWA,1991,0.0011706377
Rwanda,RWA,1992,0.0011959485
Rwanda,RWA,1993,0.0012200321
Rwanda,RWA,1994,0.0012402677
Rwanda,RWA,1995,0.0012575581
Rwanda,RWA,1996,0.001274391
Rwanda,RWA,1997,0.001292093
Rwanda,RWA,1998,0.0013089376
Rwanda,RWA,1999,0.001326323
Rwanda,RWA,2000,0.0013432335
Rwanda,RWA,2001,0.0013594684
Rwanda,RWA,2002,0.0013735464
Rwanda,RWA,2003,0.0013847129
Rwanda,RWA,2004,0.0013950805
Rwanda,RWA,2005,0.0014036152
Rwanda,RWA,2006,0.0014105922
Rwanda,RWA,2007,0.0014184503
Rwanda,RWA,2008,0.001424469
Rwanda,RWA,2009,0.0014325638
Rwanda,RWA,2010,0.0014402888
Rwanda,RWA,2011,0.0014509489
Rwanda,RWA,2012,0.0014659177
Rwanda,RWA,2013,0.0014840078
Rwanda,RWA,2014,0.0015044822
Rwanda,RWA,2015,0.0015330877
Rwanda,RWA,2016,0.0015658867
Rwanda,RWA,2017,0.0016040477
Rwanda,RWA,2018,0.0016485703
Rwanda,RWA,2019,0.0016968056
Rwanda,RWA,2020,0.001743786
Rwanda,RWA,2021,0.0018046637
Rwanda,RWA,2022,0.0018768795
Rwanda,RWA,2023,0.0019487393
Rwanda,RWA,2024,0.002018035
Saint Helena,SHN,1968,9.230021e-7
Saint Helena,SHN,1981,0.0000017687325
Saint Helena,SHN,1982,0.0000022893144
Saint Helena,SHN,1983,0.0000027795754
Saint Helena,SHN,1984,0.0000032398464
Saint Helena,SHN,1985,0.0000036708407
Saint Helena,SHN,1986,0.000004076016
Saint Helena,SHN,1987,0.000004454773
Saint Helena,SHN,1988,0.0000052881383
Saint Helena,SHN,1989,0.000006072731
Saint Helena,SHN,1990,0.000006809642
Saint Helena,SHN,1991,0.0000075018984
Saint Helena,SHN,1992,0.000008163065
Saint Helena,SHN,1993,0.00000920638
Saint Helena,SHN,1994,0.0000101943
Saint Helena,SHN,1995,0.000011126415
Saint Helena,SHN,1996,0.000012003067
Saint Helena,SHN,1997,0.000012833998
Saint Helena,SHN,1998,0.00001362537
Saint Helena,SHN,1999,0.000014371371
Saint Helena,SHN,2000,0.000015072179
Saint Helena,SHN,2001,0.000015736925
Saint Helena,SHN,2002,0.000016361988
Saint Helena,SHN,2003,0.00001693691
Saint Helena,SHN,2004,0.000017152106
Saint Helena,SHN,2005,0.00001765206
Saint Helena,SHN,2006,0.000018112749
Saint Helena,SHN,2007,0.000018537297
Saint Helena,SHN,2008,0.000018932738
Saint Helena,SHN,2009,0.000019316736
Saint Helena,SHN,2010,0.000019656209
Saint Helena,SHN,2011,0.000019962368
Saint Helena,SHN,2012,0.000020246753
Saint Helena,SHN,2013,0.000020512838
Saint Helena,SHN,2014,0.000020763599
Saint Helena,SHN,2015,0.0000210035
Saint Helena,SHN,2016,0.000021468528
Saint Helena,SHN,2017,0.000021674232
Saint Helena,SHN,2018,0.000021860615
Saint Helena,SHN,2019,0.00002225443
Saint Helena,SHN,2020,0.000022440981
Saint Helena,SHN,2021,0.000022386495
Saint Helena,SHN,2022,0.000022532671
Saint Helena,SHN,2023,0.000022664479
Saint Helena,SHN,2024,0.000022807402
Saint Kitts and Nevis,KNA,1950,0.0000026335751
Saint Kitts and Nevis,KNA,1951,0.00000666382
Saint Kitts and Nevis,KNA,1952,0.000009481921
Saint Kitts and Nevis,KNA,1953,0.000012631744
Saint Kitts and Nevis,KNA,1954,0.000014664951
Saint Kitts and Nevis,KNA,1955,0.000018392142
Saint Kitts and Nevis,KNA,1956,0.00002187749
Saint Kitts and Nevis,KNA,1957,0.000025143348
Saint Kitts and Nevis,KNA,1958,0.00002820226
Saint Kitts and Nevis,KNA,1959,0.000032268574
Saint Kitts and Nevis,KNA,1960,0.000034850633
Saint Kitts and Nevis,KNA,1961,0.000040735515
Saint Kitts and Nevis,KNA,1962,0.000043997654
Saint Kitts and Nevis,KNA,1963,0.000048083457
Saint Kitts and Nevis,KNA,1964,0.000051845174
Saint Kitts and Nevis,KNA,1965,0.000056323446
Saint Kitts and Nevis,KNA,1966,0.000060438997
Saint Kitts and Nevis,KNA,1967,0.00006423732
Saint Kitts and Nevis,KNA,1968,0.00007045599
Saint Kitts and Nevis,KNA,1969,0.000074339834
Saint Kitts and Nevis,KNA,1970,0.00007776349
Saint Kitts and Nevis,KNA,1971,0.000081675185
Saint Kitts and Nevis,KNA,1972,0.000085186795
Saint Kitts and Nevis,KNA,1973,0.00008829882
Saint Kitts and Nevis,KNA,1974,0.00009270047
Saint Kitts and Nevis,KNA,1975,0.00009608894
Saint Kitts and Nevis,KNA,1976,0.00009978965
Saint Kitts and Nevis,KNA,1977,0.00010315345
Saint Kitts and Nevis,KNA,1978,0.00010552211
Saint Kitts and Nevis,KNA,1979,0.00010827501
Saint Kitts and Nevis,KNA,1980,0.000113300055
Saint Kitts and Nevis,KNA,1981,0.00011870171
Saint Kitts and Nevis,KNA,1982,0.00012553085
Saint Kitts and Nevis,KNA,1983,0.00012971362
Saint Kitts and Nevis,KNA,1984,0.00013355377
Saint Kitts and Nevis,KNA,1985,0.00013704482
Saint Kitts and Nevis,KNA,1986,0.00014130198
Saint Kitts and Nevis,KNA,1987,0.00014469771
Saint Kitts and Nevis,KNA,1988,0.00014918968
Saint Kitts and Nevis,KNA,1989,0.00015337547
Saint Kitts and Nevis,KNA,1990,0.00016222088
Saint Kitts and Nevis,KNA,1991,0.00017048442
Saint Kitts and Nevis,KNA,1992,0.00017887147
Saint Kitts and Nevis,KNA,1993,0.00018719648
Saint Kitts and Nevis,KNA,1994,0.00019586657
Saint Kitts and Nevis,KNA,1995,0.00020438174
Saint Kitts and Nevis,KNA,1996,0.00021308678
Saint Kitts and Nevis,KNA,1997,0.00022207858
Saint Kitts and Nevis,KNA,1998,0.00023175411
Saint Kitts and Nevis,KNA,1999,0.00024155888
Saint Kitts and Nevis,KNA,2000,0.00025213775
Saint Kitts and Nevis,KNA,2001,0.00026251024
Saint Kitts and Nevis,KNA,2002,0.00027392423
Saint Kitts and Nevis,KNA,2003,0.00028445333
Saint Kitts and Nevis,KNA,2004,0.00029550333
Saint Kitts and Nevis,KNA,2005,0.0003045239
Saint Kitts and Nevis,KNA,2006,0.00031345122
Saint Kitts and Nevis,KNA,2007,0.00032288252
Saint Kitts and Nevis,KNA,2008,0.00033170547
Saint Kitts and Nevis,KNA,2009,0.00034051583
Saint Kitts and Nevis,KNA,2010,0.00034844276
Saint Kitts and Nevis,KNA,2011,0.0003562174
Saint Kitts and Nevis,KNA,2012,0.00036323024
Saint Kitts and Nevis,KNA,2013,0.00036982205
Saint Kitts and Nevis,KNA,2014,0.00037629905
Saint Kitts and Nevis,KNA,2015,0.00038273048
Saint Kitts and Nevis,KNA,2016,0.0003893432
Saint Kitts and Nevis,KNA,2017,0.00039574693
Saint Kitts and Nevis,KNA,2018,0.0004021302
Saint Kitts and Nevis,KNA,2019,0.00040880582
Saint Kitts and Nevis,KNA,2020,0.00041458278
Saint Kitts and Nevis,KNA,2021,0.00041928922
Saint Kitts and Nevis,KNA,2022,0.00042455344
Saint Kitts and Nevis,KNA,2023,0.00042943697
Saint Kitts and Nevis,KNA,2024,0.00043452048
Saint Lucia,LCA,1950,0.0000015800589
Saint Lucia,LCA,1951,0.0000061509604
Saint Lucia,LCA,1952,0.000008982614
Saint Lucia,LCA,1953,0.000013117442
Saint Lucia,LCA,1954,0.000015610802
Saint Lucia,LCA,1955,0.000019311487
Saint Lucia,LCA,1956,0.000022770195
Saint Lucia,LCA,1957,0.000026010115
Saint Lucia,LCA,1958,0.000029043882
Saint Lucia,LCA,1959,0.00003185989
Saint Lucia,LCA,1960,0.00003564247
Saint Lucia,LCA,1961,0.00004035101
Saint Lucia,LCA,1962,0.00004474317
Saint Lucia,LCA,1963,0.0000498909
Saint Lucia,LCA,1964,0.000054647415
Saint Lucia,LCA,1965,0.000060055525
Saint Lucia,LCA,1966,0.00006602284
Saint Lucia,LCA,1967,0.000072505296
Saint Lucia,LCA,1968,0.00007937818
Saint Lucia,LCA,1969,0.000091883834
Saint Lucia,LCA,1970,0.0001041627
Saint Lucia,LCA,1971,0.000116283096
Saint Lucia,LCA,1972,0.00012898167
Saint Lucia,LCA,1973,0.00014132936
Saint Lucia,LCA,1974,0.00015135256
Saint Lucia,LCA,1975,0.0001614292
Saint Lucia,LCA,1976,0.00017196288
Saint Lucia,LCA,1977,0.0001789486
Saint Lucia,LCA,1978,0.00019045961
Saint Lucia,LCA,1979,0.00020984806
Saint Lucia,LCA,1980,0.00022193817
Saint Lucia,LCA,1981,0.0002305248
Saint Lucia,LCA,1982,0.00024152266
Saint Lucia,LCA,1983,0.0002501618
Saint Lucia,LCA,1984,0.00025972768
Saint Lucia,LCA,1985,0.0002705934
Saint Lucia,LCA,1986,0.0002812451
Saint Lucia,LCA,1987,0.00029302505
Saint Lucia,LCA,1988,0.0003062313
Saint Lucia,LCA,1989,0.00031858482
Saint Lucia,LCA,1990,0.00033185654
Saint Lucia,LCA,1991,0.00034508732
Saint Lucia,LCA,1992,0.0003608934
Saint Lucia,LCA,1993,0.00037829851
Saint Lucia,LCA,1994,0.0003975777
Saint Lucia,LCA,1995,0.00041724058
Saint Lucia,LCA,1996,0.00043753115
Saint Lucia,LCA,1997,0.00045673936
Saint Lucia,LCA,1998,0.0004779927
Saint Lucia,LCA,1999,0.00049940514
Saint Lucia,LCA,2000,0.0005198149
Saint Lucia,LCA,2001,0.0005408713
Saint Lucia,LCA,2002,0.00056031457
Saint Lucia,LCA,2003,0.0005800892
Saint Lucia,LCA,2004,0.0006003237
Saint Lucia,LCA,2005,0.0006184415
Saint Lucia,LCA,2006,0.000636965
Saint Lucia,LCA,2007,0.0006546903
Saint Lucia,LCA,2008,0.00067153847
Saint Lucia,LCA,2009,0.00068784377
Saint Lucia,LCA,2010,0.0007068045
Saint Lucia,LCA,2011,0.0007242347
Saint Lucia,LCA,2012,0.00074082345
Saint Lucia,LCA,2013,0.0007564426
Saint Lucia,LCA,2014,0.0007712194
Saint Lucia,LCA,2015,0.000784855
Saint Lucia,LCA,2016,0.00079740246
Saint Lucia,LCA,2017,0.000810478
Saint Lucia,LCA,2018,0.0008234916
Saint Lucia,LCA,2019,0.00083531236
Saint Lucia,LCA,2020,0.0008467155
Saint Lucia,LCA,2021,0.0008578674
Saint Lucia,LCA,2022,0.00086893444
Saint Lucia,LCA,2023,0.0008792096
Saint Lucia,LCA,2024,0.0008898928
Saint Pierre and Miquelon,SPM,1950,0.0000063202356
Saint Pierre and Miquelon,SPM,1951,0.0000153774
Saint Pierre and Miquelon,SPM,1952,0.000028444945
Saint Pierre and Miquelon,SPM,1953,0.000039352326
Saint Pierre and Miquelon,SPM,1954,0.000051089897
Saint Pierre and Miquelon,SPM,1955,0.000063452026
Saint Pierre and Miquelon,SPM,1956,0.00007366828
Saint Pierre and Miquelon,SPM,1957,0.00008583338
Saint Pierre and Miquelon,SPM,1958,0.00009723387
Saint Pierre and Miquelon,SPM,1959,0.000105382715
Saint Pierre and Miquelon,SPM,1960,0.0001140559
Saint Pierre and Miquelon,SPM,1961,0.00012566458
Saint Pierre and Miquelon,SPM,1962,0.00013199236
Saint Pierre and Miquelon,SPM,1963,0.00013882686
Saint Pierre and Miquelon,SPM,1964,0.00014817856
Saint Pierre and Miquelon,SPM,1965,0.00015471932
Saint Pierre and Miquelon,SPM,1966,0.00016160814
Saint Pierre and Miquelon,SPM,1967,0.00016981503
Saint Pierre and Miquelon,SPM,1968,0.0001744474
Saint Pierre and Miquelon,SPM,1969,0.00017663106
Saint Pierre and Miquelon,SPM,1970,0.00017905653
Saint Pierre and Miquelon,SPM,1971,0.00018356118
Saint Pierre and Miquelon,SPM,1972,0.00019227082
Saint Pierre and Miquelon,SPM,1973,0.0001938452
Saint Pierre and Miquelon,SPM,1974,0.0001960873
Saint Pierre and Miquelon,SPM,1975,0.00019602117
Saint Pierre and Miquelon,SPM,1976,0.0001984187
Saint Pierre and Miquelon,SPM,1977,0.00019845803
Saint Pierre and Miquelon,SPM,1978,0.00019760997
Saint Pierre and Miquelon,SPM,1979,0.00019728231
Saint Pierre and Miquelon,SPM,1980,0.00019700814
Saint Pierre and Miquelon,SPM,1981,0.00019750847
Saint Pierre and Miquelon,SPM,1982,0.0001980257
Saint Pierre and Miquelon,SPM,1983,0.00019734986
Saint Pierre and Miquelon,SPM,1984,0.00019709065
Saint Pierre and Miquelon,SPM,1985,0.00019612777
Saint Pierre and Miquelon,SPM,1986,0.00019717727
Saint Pierre and Miquelon,SPM,1987,0.00019848486
Saint Pierre and Miquelon,SPM,1988,0.00020143
Saint Pierre and Miquelon,SPM,1989,0.00020880853
Saint Pierre and Miquelon,SPM,1990,0.00021427673
Saint Pierre and Miquelon,SPM,1991,0.00022064407
Saint Pierre and Miquelon,SPM,1992,0.00022598801
Saint Pierre and Miquelon,SPM,1993,0.00022848562
Saint Pierre and Miquelon,SPM,1994,0.00023039118
Saint Pierre and Miquelon,SPM,1995,0.00023206524
Saint Pierre and Miquelon,SPM,1996,0.00023347902
Saint Pierre and Miquelon,SPM,1997,0.00023252185
Saint Pierre and Miquelon,SPM,1998,0.00023236779
Saint Pierre and Miquelon,SPM,1999,0.00023209765
Saint Pierre and Miquelon,SPM,2000,0.00023169094
Saint Pierre and Miquelon,SPM,2001,0.00023126439
Saint Pierre and Miquelon,SPM,2002,0.00023107133
Saint Pierre and Miquelon,SPM,2003,0.00023092827
Saint Pierre and Miquelon,SPM,2004,0.0002302829
Saint Pierre and Miquelon,SPM,2005,0.00022978648
Saint Pierre and Miquelon,SPM,2006,0.00022912626
Saint Pierre and Miquelon,SPM,2007,0.00022833243
Saint Pierre and Miquelon,SPM,2008,0.00022747972
Saint Pierre and Miquelon,SPM,2009,0.00022676168
Saint Pierre and Miquelon,SPM,2010,0.0002257734
Saint Pierre and Miquelon,SPM,2011,0.00022490934
Saint Pierre and Miquelon,SPM,2012,0.00022401214
Saint Pierre and Miquelon,SPM,2013,0.00022310877
Saint Pierre and Miquelon,SPM,2014,0.00022221994
Saint Pierre and Miquelon,SPM,2015,0.00022138172
Saint Pierre and Miquelon,SPM,2016,0.00022058323
Saint Pierre and Miquelon,SPM,2017,0.00021973983
Saint Pierre and Miquelon,SPM,2018,0.00021838078
Saint Pierre and Miquelon,SPM,2019,0.00021747645
Saint Pierre and Miquelon,SPM,2020,0.00021664178
Saint Pierre and Miquelon,SPM,2021,0.00021520603
Saint Pierre and Miquelon,SPM,2022,0.00021366132
Saint Pierre and Miquelon,SPM,2023,0.00021210832
Saint Pierre and Miquelon,SPM,2024,0.00021067259
Saint Vincent and the Grenadines,VCT,1950,0.0000015800589
Saint Vincent and the Grenadines,VCT,1951,0.0000030754802
Saint Vincent and the Grenadines,VCT,1952,0.000007485512
Saint Vincent and the Grenadines,VCT,1953,0.000010202455
Saint Vincent and the Grenadines,VCT,1954,0.000012772474
Saint Vincent and the Grenadines,VCT,1955,0.00001517331
Saint Vincent and the Grenadines,VCT,1956,0.000017412502
Saint Vincent and the Grenadines,VCT,1957,0.000019507586
Saint Vincent and the Grenadines,VCT,1958,0.000022729995
Saint Vincent and the Grenadines,VCT,1959,0.000025732988
Saint Vincent and the Grenadines,VCT,1960,0.000028513976
Saint Vincent and the Grenadines,VCT,1961,0.000031127922
Saint Vincent and the Grenadines,VCT,1962,0.00003355738
Saint Vincent and the Grenadines,VCT,1963,0.00003687588
Saint Vincent and the Grenadines,VCT,1964,0.00004098556
Saint Vincent and the Grenadines,VCT,1965,0.00004376928
Saint Vincent and the Grenadines,VCT,1966,0.00004729994
Saint Vincent and the Grenadines,VCT,1967,0.000050562903
Saint Vincent and the Grenadines,VCT,1968,0.000054457123
Saint Vincent and the Grenadines,VCT,1969,0.000059769096
Saint Vincent and the Grenadines,VCT,1970,0.000064563654
Saint Vincent and the Grenadines,VCT,1971,0.00006893926
Saint Vincent and the Grenadines,VCT,1972,0.00007450494
Saint Vincent and the Grenadines,VCT,1973,0.00008031833
Saint Vincent and the Grenadines,VCT,1974,0.00008425044
Saint Vincent and the Grenadines,VCT,1975,0.00008792126
Saint Vincent and the Grenadines,VCT,1976,0.00009120298
Saint Vincent and the Grenadines,VCT,1977,0.00009418347
Saint Vincent and the Grenadines,VCT,1978,0.00009750492
Saint Vincent and the Grenadines,VCT,1979,0.00009926944
Saint Vincent and the Grenadines,VCT,1980,0.000102152364
Saint Vincent and the Grenadines,VCT,1981,0.0001049448
Saint Vincent and the Grenadines,VCT,1982,0.0001081701
Saint Vincent and the Grenadines,VCT,1983,0.00011229485
Saint Vincent and the Grenadines,VCT,1984,0.00011879436
Saint Vincent and the Grenadines,VCT,1985,0.00012480858
Saint Vincent and the Grenadines,VCT,1986,0.00013043251
Saint Vincent and the Grenadines,VCT,1987,0.000137108
Saint Vincent and the Grenadines,VCT,1988,0.00014181825
Saint Vincent and the Grenadines,VCT,1989,0.00014761409
Saint Vincent and the Grenadines,VCT,1990,0.00015344392
Saint Vincent and the Grenadines,VCT,1991,0.00015930503
Saint Vincent and the Grenadines,VCT,1992,0.00016497985
Saint Vincent and the Grenadines,VCT,1993,0.0001724104
Saint Vincent and the Grenadines,VCT,1994,0.00018145854
Saint Vincent and the Grenadines,VCT,1995,0.00019073854
Saint Vincent and the Grenadines,VCT,1996,0.000199793
Saint Vincent and the Grenadines,VCT,1997,0.00020836374
Saint Vincent and the Grenadines,VCT,1998,0.00021947893
Saint Vincent and the Grenadines,VCT,1999,0.00023030123
Saint Vincent and the Grenadines,VCT,2000,0.00023835074
Saint Vincent and the Grenadines,VCT,2001,0.00024905396
Saint Vincent and the Grenadines,VCT,2002,0.0002601222
Saint Vincent and the Grenadines,VCT,2003,0.000271642
Saint Vincent and the Grenadines,VCT,2004,0.00028396264
Saint Vincent and the Grenadines,VCT,2005,0.00029543976
Saint Vincent and the Grenadines,VCT,2006,0.00030610544
Saint Vincent and the Grenadines,VCT,2007,0.000317488
Saint Vincent and the Grenadines,VCT,2008,0.00032673316
Saint Vincent and the Grenadines,VCT,2009,0.00034014252
Saint Vincent and the Grenadines,VCT,2010,0.0003483517
Saint Vincent and the Grenadines,VCT,2011,0.00035533015
Saint Vincent and the Grenadines,VCT,2012,0.0003628841
Saint Vincent and the Grenadines,VCT,2013,0.00036897787
Saint Vincent and the Grenadines,VCT,2014,0.00037745255
Saint Vincent and the Grenadines,VCT,2015,0.0003840985
Saint Vincent and the Grenadines,VCT,2016,0.00039091593
Saint Vincent and the Grenadines,VCT,2017,0.00039543945
Saint Vincent and the Grenadines,VCT,2018,0.00040137893
Saint Vincent and the Grenadines,VCT,2019,0.00040564756
Saint Vincent and the Grenadines,VCT,2020,0.00041127414
Saint Vincent and the Grenadines,VCT,2021,0.0004160509
Saint Vincent and the Grenadines,VCT,2022,0.00042116048
Saint Vincent and the Grenadines,VCT,2023,0.00042589736
Saint Vincent and the Grenadines,VCT,2024,0.00043083302
Samoa,WSM,1950,0.0000015800589
Samoa,WSM,1951,0.0000030754802
Samoa,WSM,1952,0.0000059884096
Samoa,WSM,1953,0.000008744962
Samoa,WSM,1954,0.000012772474
Samoa,WSM,1955,0.000016552702
Samoa,WSM,1956,0.00002009135
Samoa,WSM,1957,0.00002470961
Samoa,WSM,1958,0.000027781105
Samoa,WSM,1959,0.00003185989
Samoa,WSM,1960,0.00003564247
Samoa,WSM,1961,0.00004035101
Samoa,WSM,1962,0.00004474317
Samoa,WSM,1963,0.0000498909
Samoa,WSM,1964,0.000055698325
Samoa,WSM,1965,0.000062091305
Samoa,WSM,1966,0.00006700825
Samoa,WSM,1967,0.00007155128
Samoa,WSM,1968,0.000076609176
Samoa,WSM,1969,0.00008117892
Samoa,WSM,1970,0.00008522403
Samoa,WSM,1971,0.0000905347
Samoa,WSM,1972,0.00009533428
Samoa,WSM,1973,0.00009962562
Samoa,WSM,1974,0.00010512665
Samoa,WSM,1975,0.000113144575
Samoa,WSM,1976,0.000117658805
Samoa,WSM,1977,0.00012714768
Samoa,WSM,1978,0.00014040708
Samoa,WSM,1979,0.00015016073
Samoa,WSM,1980,0.00015809295
Samoa,WSM,1981,0.0001650817
Samoa,WSM,1982,0.00017055392
Samoa,WSM,1983,0.00017566916
Samoa,WSM,1984,0.00018089142
Samoa,WSM,1985,0.00018668847
Samoa,WSM,1986,0.00019259175
Samoa,WSM,1987,0.00019749493
Samoa,WSM,1988,0.00020287222
Samoa,WSM,1989,0.00020787425
Samoa,WSM,1990,0.00021336878
Samoa,WSM,1991,0.00021887892
Samoa,WSM,1992,0.00022469912
Samoa,WSM,1993,0.00023099645
Samoa,WSM,1994,0.00023609998
Samoa,WSM,1995,0.00024199953
Samoa,WSM,1996,0.00024896685
Samoa,WSM,1997,0.00025554755
Samoa,WSM,1998,0.00026330107
Samoa,WSM,1999,0.00027054106
Samoa,WSM,2000,0.0002776085
Samoa,WSM,2001,0.0002853173
Samoa,WSM,2002,0.0002931801
Samoa,WSM,2003,0.00030030447
Samoa,WSM,2004,0.0003074674
Samoa,WSM,2005,0.00031433057
Samoa,WSM,2006,0.00032029377
Samoa,WSM,2007,0.00032660953
Samoa,WSM,2008,0.00033103605
Samoa,WSM,2009,0.00033594322
Samoa,WSM,2010,0.0003415266
Samoa,WSM,2011,0.00034681286
Samoa,WSM,2012,0.00035172244
Samoa,WSM,2013,0.0003563156
Samoa,WSM,2014,0.0003613855
Samoa,WSM,2015,0.00036792338
Samoa,WSM,2016,0.00037487352
Samoa,WSM,2017,0.00038114368
Samoa,WSM,2018,0.00038695542
Samoa,WSM,2019,0.0003939695
Samoa,WSM,2020,0.0003996221
Samoa,WSM,2021,0.00040654722
Samoa,WSM,2022,0.0004112521
Samoa,WSM,2023,0.00041557034
Samoa,WSM,2024,0.00042017698
Sao Tome and Principe,STP,1951,0.0000015377401
Sao Tome and Principe,STP,1952,0.0000029942048
Sao Tome and Principe,STP,1953,0.000004372481
Sao Tome and Principe,STP,1954,0.0000056766553
Sao Tome and Principe,STP,1955,0.0000068969593
Sao Tome and Principe,STP,1956,0.000009375963
Sao Tome and Principe,STP,1957,0.000013005058
Sao Tome and Principe,STP,1958,0.0000151533295
Sao Tome and Principe,STP,1959,0.000017155326
Sao Tome and Principe,STP,1960,0.0000201974
Sao Tome and Principe,STP,1961,0.00002305772
Sao Tome and Principe,STP,1962,0.000025727324
Sao Tome and Principe,STP,1963,0.00002711462
Sao Tome and Principe,STP,1964,0.00002942553
Sao Tome and Principe,STP,1965,0.0000315546
Sao Tome and Principe,STP,1966,0.000033504126
Sao Tome and Principe,STP,1967,0.00003529863
Sao Tome and Principe,STP,1968,0.000037843085
Sao Tome and Principe,STP,1969,0.000040143423
Sao Tome and Principe,STP,1970,0.000042181586
Sao Tome and Principe,STP,1971,0.000043190867
Sao Tome and Principe,STP,1972,0.00004406206
Sao Tome and Principe,STP,1973,0.000045565208
Sao Tome and Principe,STP,1974,0.00004771706
Sao Tome and Principe,STP,1975,0.000049725957
Sao Tome and Principe,STP,1976,0.00005360786
Sao Tome and Principe,STP,1977,0.00005718282
Sao Tome and Principe,STP,1978,0.000061103085
Sao Tome and Principe,STP,1979,0.000064713626
Sao Tome and Principe,STP,1980,0.00006931768
Sao Tome and Principe,STP,1981,0.00007428677
Sao Tome and Principe,STP,1982,0.00007955367
Sao Tome and Principe,STP,1983,0.000085610925
Sao Tome and Principe,STP,1984,0.0000907157
Sao Tome and Principe,STP,1985,0.000095966265
Sao Tome and Principe,STP,1986,0.00010037189
Sao Tome and Principe,STP,1987,0.00010443967
Sao Tome and Principe,STP,1988,0.00010768572
Sao Tome and Principe,STP,1989,0.00011071056
Sao Tome and Principe,STP,1990,0.00011349403
Sao Tome and Principe,STP,1991,0.000116058785
Sao Tome and Principe,STP,1992,0.000118579264
Sao Tome and Principe,STP,1993,0.000120938355
Sao Tome and Principe,STP,1994,0.00012314714
Sao Tome and Principe,STP,1995,0.00012517217
Sao Tome and Principe,STP,1996,0.0001270002
Sao Tome and Principe,STP,1997,0.00012871745
Sao Tome and Principe,STP,1998,0.00013036164
Sao Tome and Principe,STP,1999,0.00013185733
Sao Tome and Principe,STP,2000,0.0001335465
Sao Tome and Principe,STP,2001,0.0001351323
Sao Tome and Principe,STP,2002,0.00013690643
Sao Tome and Principe,STP,2003,0.0001390781
Sao Tome and Principe,STP,2004,0.00014198132
Sao Tome and Principe,STP,2005,0.00014493271
Sao Tome and Principe,STP,2006,0.00014792077
Sao Tome and Principe,STP,2007,0.00015065233
Sao Tome and Principe,STP,2008,0.00015346993
Sao Tome and Principe,STP,2009,0.0001567735
Sao Tome and Principe,STP,2010,0.0001607987
Sao Tome and Principe,STP,2011,0.00016395758
Sao Tome and Principe,STP,2012,0.00016768464
Sao Tome and Principe,STP,2013,0.00017119356
Sao Tome and Principe,STP,2014,0.00017574902
Sao Tome and Principe,STP,2015,0.00018058182
Sao Tome and Principe,STP,2016,0.0001859033
Sao Tome and Principe,STP,2017,0.00019045656
Sao Tome and Principe,STP,2018,0.00019471723
Sao Tome and Principe,STP,2019,0.00019918816
Sao Tome and Principe,STP,2020,0.00020347929
Sao Tome and Principe,STP,2021,0.00020739187
Sao Tome and Principe,STP,2022,0.00021064946
Sao Tome and Principe,STP,2023,0.00021394096
Sao Tome and Principe,STP,2024,0.00021714251
Saudi Arabia,SAU,1936,0.000004497244
Saudi Arabia,SAU,1937,0.000019694106
Saudi Arabia,SAU,1938,0.00013873083
Saudi Arabia,SAU,1939,0.0010733601
Saudi Arabia,SAU,1940,0.0022304764
Saudi Arabia,SAU,1941,0.0031435352
Saudi Arabia,SAU,1942,0.0040571084
Saudi Arabia,SAU,1943,0.004968617
Saudi Arabia,SAU,1944,0.0064615537
Saudi Arabia,SAU,1945,0.010614035
Saudi Arabia,SAU,1946,0.022350928
Saudi Arabia,SAU,1947,0.039339352
Saudi Arabia,SAU,1948,0.046496335
Saudi Arabia,SAU,1949,0.053562317
Saudi Arabia,SAU,1950,0.054409325
Saudi Arabia,SAU,1951,0.052952077
Saudi Arabia,SAU,1952,0.05155272
Saudi Arabia,SAU,1953,0.050378263
Saudi Arabia,SAU,1954,0.049533077
Saudi Arabia,SAU,1955,0.048940826
Saudi Arabia,SAU,1956,0.04811878
Saudi Arabia,SAU,1957,0.04746586
Saudi Arabia,SAU,1958,0.046777066
Saudi Arabia,SAU,1959,0.04601171
Saudi Arabia,SAU,1960,0.045478392
Saudi Arabia,SAU,1961,0.045253895
Saudi Arabia,SAU,1962,0.045815315
Saudi Arabia,SAU,1963,0.04647692
Saudi Arabia,SAU,1964,0.047053512
Saudi Arabia,SAU,1965,0.046746317
Saudi Arabia,SAU,1966,0.046978146
Saudi Arabia,SAU,1967,0.052117072
Saudi Arabia,SAU,1968,0.0577481
Saudi Arabia,SAU,1969,0.064400636
Saudi Arabia,SAU,1970,0.07277798
Saudi Arabia,SAU,1971,0.08376636
Saudi Arabia,SAU,1972,0.09616168
Saudi Arabia,SAU,1973,0.11273541
Saudi Arabia,SAU,1974,0.12892048
Saudi Arabia,SAU,1975,0.14098887
Saudi Arabia,SAU,1976,0.1554819
Saudi Arabia,SAU,1977,0.1719194
Saudi Arabia,SAU,1978,0.18652281
Saudi Arabia,SAU,1979,0.20394687
Saudi Arabia,SAU,1980,0.22546232
Saudi Arabia,SAU,1981,0.24681944
Saudi Arabia,SAU,1982,0.26425883
Saudi Arabia,SAU,1983,0.28107947
Saudi Arabia,SAU,1984,0.29593465
Saudi Arabia,SAU,1985,0.31207588
Saudi Arabia,SAU,1986,0.33165336
Saudi Arabia,SAU,1987,0.34792036
Saudi Arabia,SAU,1988,0.36444554
Saudi Arabia,SAU,1989,0.3800593
Saudi Arabia,SAU,1990,0.39190128
Saudi Arabia,SAU,1991,0.41039962
Saudi Arabia,SAU,1992,0.43192682
Saudi Arabia,SAU,1993,0.45471108
Saudi Arabia,SAU,1994,0.47549373
Saudi Arabia,SAU,1995,0.49314815
Saudi Arabia,SAU,1996,0.5089986
Saudi Arabia,SAU,1997,0.5196153
Saudi Arabia,SAU,1998,0.52892923
Saudi Arabia,SAU,1999,0.53935695
Saudi Arabia,SAU,2000,0.5558153
Saudi Arabia,SAU,2001,0.5727682
Saudi Arabia,SAU,2002,0.5906754
Saudi Arabia,SAU,2003,0.6073778
Saudi Arabia,SAU,2004,0.62765735
Saudi Arabia,SAU,2005,0.6467975
Saudi Arabia,SAU,2006,0.6671558
Saudi Arabia,SAU,2007,0.6842744
Saudi Arabia,SAU,2008,0.7038569
Saudi Arabia,SAU,2009,0.7254159
Saudi Arabia,SAU,2010,0.74880797
Saudi Arabia,SAU,2011,0.76929677
Saudi Arabia,SAU,2012,0.7931577
Saudi Arabia,SAU,2013,0.81412685
Saudi Arabia,SAU,2014,0.83412117
Saudi Arabia,SAU,2015,0.8558146
Saudi Arabia,SAU,2016,0.87759566
Saudi Arabia,SAU,2017,0.89828545
Saudi Arabia,SAU,2018,0.9181053
Saudi Arabia,SAU,2019,0.940226
Saudi Arabia,SAU,2020,0.9592479
Saudi Arabia,SAU,2021,0.9789463
Saudi Arabia,SAU,2022,0.9958506
Saudi Arabia,SAU,2023,1.0123146
Saudi Arabia,SAU,2024,1.0286138
Senegal,SEN,1949,0
Senegal,SEN,1950,0.00015598768
Senegal,SEN,1951,0.00027864447
Senegal,SEN,1952,0.00040470468
Senegal,SEN,1953,0.0005030791
Senegal,SEN,1954,0.0006128018
Senegal,SEN,1955,0.00070566434
Senegal,SEN,1956,0.00081001734
Senegal,SEN,1957,0.00090964383
Senegal,SEN,1958,0.0010055393
Senegal,SEN,1959,0.0011054223
Senegal,SEN,1960,0.0013400606
Senegal,SEN,1961,0.0015560689
Senegal,SEN,1962,0.0017578623
Senegal,SEN,1963,0.001959088
Senegal,SEN,1964,0.0021628556
Senegal,SEN,1965,0.0025649536
Senegal,SEN,1966,0.0029450734
Senegal,SEN,1967,0.0030332736
Senegal,SEN,1968,0.0029593813
Senegal,SEN,1969,0.00297956
Senegal,SEN,1970,0.0031823525
Senegal,SEN,1971,0.0033767729
Senegal,SEN,1972,0.0035747315
Senegal,SEN,1973,0.003772487
Senegal,SEN,1974,0.004018247
Senegal,SEN,1975,0.004391043
Senegal,SEN,1976,0.004578271
Senegal,SEN,1977,0.0048347446
Senegal,SEN,1978,0.0051363064
Senegal,SEN,1979,0.005459731
Senegal,SEN,1980,0.005837558
Senegal,SEN,1981,0.00618798
Senegal,SEN,1982,0.0064812643
Senegal,SEN,1983,0.0066916044
Senegal,SEN,1984,0.0069837226
Senegal,SEN,1985,0.0071617174
Senegal,SEN,1986,0.007324793
Senegal,SEN,1987,0.007443482
Senegal,SEN,1988,0.0075850915
Senegal,SEN,1989,0.0078372685
Senegal,SEN,1990,0.007979554
Senegal,SEN,1991,0.00813087
Senegal,SEN,1992,0.008287382
Senegal,SEN,1993,0.008447373
Senegal,SEN,1994,0.00863601
Senegal,SEN,1995,0.008740075
Senegal,SEN,1996,0.008858936
Senegal,SEN,1997,0.008964279
Senegal,SEN,1998,0.009080426
Senegal,SEN,1999,0.00921263
Senegal,SEN,2000,0.00936108
Senegal,SEN,2001,0.00953409
Senegal,SEN,2002,0.009710232
Senegal,SEN,2003,0.009909567
Senegal,SEN,2004,0.010117891
Senegal,SEN,2005,0.010332924
Senegal,SEN,2006,0.010437432
Senegal,SEN,2007,0.010590676
Senegal,SEN,2008,0.010696059
Senegal,SEN,2009,0.010840239
Senegal,SEN,2010,0.011082445
Senegal,SEN,2011,0.011372846
Senegal,SEN,2012,0.011612779
Senegal,SEN,2013,0.011872395
Senegal,SEN,2014,0.012176907
Senegal,SEN,2015,0.012541563
Senegal,SEN,2016,0.012900462
Senegal,SEN,2017,0.013285362
Senegal,SEN,2018,0.013682102
Senegal,SEN,2019,0.014141379
Senegal,SEN,2020,0.014485785
Senegal,SEN,2021,0.01488803
Senegal,SEN,2022,0.015370168
Senegal,SEN,2023,0.015824553
Senegal,SEN,2024,0.016256314
Serbia,SRB,1885,0.000055391945
Serbia,SRB,1890,0.00017762817
Serbia,SRB,1891,0.00031821997
Serbia,SRB,1892,0.00046190099
Serbia,SRB,1893,0.00071091385
Serbia,SRB,1894,0.001172745
Serbia,SRB,1895,0.0015949878
Serbia,SRB,1896,0.0020328886
Serbia,SRB,1897,0.0023248547
Serbia,SRB,1898,0.0027740386
Serbia,SRB,1899,0.0032628726
Serbia,SRB,1900,0.0039092363
Serbia,SRB,1901,0.0045649144
Serbia,SRB,1902,0.005111444
Serbia,SRB,1903,0.0056534507
Serbia,SRB,1904,0.0061953836
Serbia,SRB,1905,0.00673898
Serbia,SRB,1906,0.0073766736
Serbia,SRB,1907,0.007931245
Serbia,SRB,1908,0.00851671
Serbia,SRB,1909,0.00906211
Serbia,SRB,1910,0.009533665
Serbia,SRB,1911,0.010028489
Serbia,SRB,1912,0.010483143
Serbia,SRB,1913,0.0123330215
Serbia,SRB,1919,0.011215795
Serbia,SRB,1920,0.012534408
Serbia,SRB,1921,0.013928361
Serbia,SRB,1922,0.015996212
Serbia,SRB,1923,0.018093728
Serbia,SRB,1924,0.02012062
Serbia,SRB,1925,0.022265015
Serbia,SRB,1926,0.02422279
Serbia,SRB,1927,0.026329711
Serbia,SRB,1928,0.028696408
Serbia,SRB,1929,0.031129703
Serbia,SRB,1930,0.033302967
Serbia,SRB,1931,0.035241213
Serbia,SRB,1932,0.03693511
Serbia,SRB,1933,0.038334902
Serbia,SRB,1934,0.039687227
Serbia,SRB,1935,0.041034378
Serbia,SRB,1936,0.042189334
Serbia,SRB,1937,0.04345682
Serbia,SRB,1938,0.044604484
Serbia,SRB,1939,0.04574075
Serbia,SRB,1940,0.04704029
Serbia,SRB,1943,0.043511633
Serbia,SRB,1944,0.0424157
Serbia,SRB,1945,0.04265896
Serbia,SRB,1946,0.04390607
Serbia,SRB,1947,0.045818854
Serbia,SRB,1948,0.04794805
Serbia,SRB,1949,0.050481707
Serbia,SRB,1950,0.05258699
Serbia,SRB,1951,0.054307006
Serbia,SRB,1952,0.055931594
Serbia,SRB,1953,0.057409767
Serbia,SRB,1954,0.059336595
Serbia,SRB,1955,0.06149984
Serbia,SRB,1956,0.06396617
Serbia,SRB,1957,0.06658796
Serbia,SRB,1958,0.06894189
Serbia,SRB,1959,0.07167141
Serbia,SRB,1960,0.07454394
Serbia,SRB,1961,0.07747995
Serbia,SRB,1962,0.08029672
Serbia,SRB,1963,0.08338193
Serbia,SRB,1964,0.08685845
Serbia,SRB,1965,0.090174146
Serbia,SRB,1966,0.09309672
Serbia,SRB,1967,0.09580202
Serbia,SRB,1968,0.098557144
Serbia,SRB,1969,0.101137385
Serbia,SRB,1970,0.10501256
Serbia,SRB,1971,0.10903198
Serbia,SRB,1972,0.11213408
Serbia,SRB,1973,0.11612156
Serbia,SRB,1974,0.11988309
Serbia,SRB,1975,0.12372027
Serbia,SRB,1976,0.12733847
Serbia,SRB,1977,0.1303901
Serbia,SRB,1978,0.13391502
Serbia,SRB,1979,0.13776441
Serbia,SRB,1980,0.14124966
Serbia,SRB,1981,0.14531875
Serbia,SRB,1982,0.14851879
Serbia,SRB,1983,0.15205272
Serbia,SRB,1984,0.1556752
Serbia,SRB,1985,0.15909353
Serbia,SRB,1986,0.16259281
Serbia,SRB,1987,0.16556217
Serbia,SRB,1988,0.16842146
Serbia,SRB,1989,0.17103593
Serbia,SRB,1990,0.17334768
Serbia,SRB,1991,0.1733899
Serbia,SRB,1992,0.17392783
Serbia,SRB,1993,0.17374837
Serbia,SRB,1994,0.17341995
Serbia,SRB,1995,0.17323174
Serbia,SRB,1996,0.17362435
Serbia,SRB,1997,0.17432159
Serbia,SRB,1998,0.17526013
Serbia,SRB,1999,0.1744875
Serbia,SRB,2000,0.174018
Serbia,SRB,2001,0.17381544
Serbia,SRB,2002,0.17380024
Serbia,SRB,2003,0.17385253
Serbia,SRB,2004,0.1741302
Serbia,SRB,2005,0.1740049
Serbia,SRB,2006,0.17404492
Serbia,SRB,2007,0.17383108
Serbia,SRB,2008,0.17351985
Serbia,SRB,2009,0.1728504
Serbia,SRB,2010,0.17196408
Serbia,SRB,2011,0.17121318
Serbia,SRB,2012,0.17007375
Serbia,SRB,2013,0.16900805
Serbia,SRB,2014,0.1674828
Serbia,SRB,2015,0.16646823
Serbia,SRB,2016,0.16558449
Serbia,SRB,2017,0.16471002
Serbia,SRB,2018,0.16372424
Serbia,SRB,2019,0.1627455
Serbia,SRB,2020,0.16204691
Serbia,SRB,2021,0.16113302
Serbia,SRB,2022,0.16022989
Serbia,SRB,2023,0.15922849
Serbia,SRB,2024,0.15817715
Seychelles,SYC,1963,0.0000021691696
Seychelles,SYC,1964,0.000004203647
Seychelles,SYC,1965,0.0000061073415
Seychelles,SYC,1966,0.000007883324
Seychelles,SYC,1967,0.00000954017
Seychelles,SYC,1968,0.000011076025
Seychelles,SYC,1969,0.000012489065
Seychelles,SYC,1970,0.000018938672
Seychelles,SYC,1971,0.0000257484
Seychelles,SYC,1972,0.00003444852
Seychelles,SYC,1973,0.000043248332
Seychelles,SYC,1974,0.000052936117
Seychelles,SYC,1975,0.000062697945
Seychelles,SYC,1976,0.00007588645
Seychelles,SYC,1977,0.00008880156
Seychelles,SYC,1978,0.00009945502
Seychelles,SYC,1979,0.00011686149
Seychelles,SYC,1980,0.00012890655
Seychelles,SYC,1981,0.00014090903
Seychelles,SYC,1982,0.0001499501
Seychelles,SYC,1983,0.00016065946
Seychelles,SYC,1984,0.0001706319
Seychelles,SYC,1985,0.00018721288
Seychelles,SYC,1986,0.0002048198
Seychelles,SYC,1987,0.00022620345
Seychelles,SYC,1988,0.00024565807
Seychelles,SYC,1989,0.00026860158
Seychelles,SYC,1990,0.00027964928
Seychelles,SYC,1991,0.00029257406
Seychelles,SYC,1992,0.00030504086
Seychelles,SYC,1993,0.00031803857
Seychelles,SYC,1994,0.00033233417
Seychelles,SYC,1995,0.00034531625
Seychelles,SYC,1996,0.0003612536
Seychelles,SYC,1997,0.00038011282
Seychelles,SYC,1998,0.000399923
Seychelles,SYC,1999,0.00042000334
Seychelles,SYC,2000,0.00044024782
Seychelles,SYC,2001,0.00046150247
Seychelles,SYC,2002,0.00048217774
Seychelles,SYC,2003,0.00050061604
Seychelles,SYC,2004,0.0005209158
Seychelles,SYC,2005,0.00054009113
Seychelles,SYC,2006,0.0005581745
Seychelles,SYC,2007,0.0005764217
Seychelles,SYC,2008,0.0005943732
Seychelles,SYC,2009,0.0006139362
Seychelles,SYC,2010,0.0006314557
Seychelles,SYC,2011,0.00064491754
Seychelles,SYC,2012,0.0006585386
Seychelles,SYC,2013,0.00067109906
Seychelles,SYC,2014,0.0006859403
Seychelles,SYC,2015,0.0007027723
Seychelles,SYC,2016,0.0007223806
Seychelles,SYC,2017,0.0007422272
Seychelles,SYC,2018,0.0007621918
Seychelles,SYC,2019,0.0007806678
Seychelles,SYC,2020,0.00079967576
Seychelles,SYC,2021,0.0008179518
Seychelles,SYC,2022,0.0008361177
Seychelles,SYC,2023,0.00085394667
Seychelles,SYC,2024,0.0008714122
Sierra Leone,SLE,1950,0.00006794253
Sierra Leone,SLE,1951,0.00010610406
Sierra Leone,SLE,1952,0.00017665808
Sierra Leone,SLE,1953,0.00023902894
Sierra Leone,SLE,1954,0.00028099443
Sierra Leone,SLE,1955,0.0003420892
Sierra Leone,SLE,1956,0.0003978087
Sierra Leone,SLE,1957,0.0005241038
Sierra Leone,SLE,1958,0.00058087765
Sierra Leone,SLE,1959,0.00064209936
Sierra Leone,SLE,1960,0.0008542312
Sierra Leone,SLE,1961,0.00092000305
Sierra Leone,SLE,1962,0.0009921798
Sierra Leone,SLE,1963,0.0010715697
Sierra Leone,SLE,1964,0.0011255265
Sierra Leone,SLE,1965,0.001168538
Sierra Leone,SLE,1966,0.001212061
Sierra Leone,SLE,1967,0.0012392681
Sierra Leone,SLE,1968,0.001290357
Sierra Leone,SLE,1969,0.0015111768
Sierra Leone,SLE,1970,0.0016597164
Sierra Leone,SLE,1971,0.0017832844
Sierra Leone,SLE,1972,0.0018682315
Sierra Leone,SLE,1973,0.001914511
Sierra Leone,SLE,1974,0.0019541627
Sierra Leone,SLE,1975,0.001991921
Sierra Leone,SLE,1976,0.0020099466
Sierra Leone,SLE,1977,0.0020363813
Sierra Leone,SLE,1978,0.0020937556
Sierra Leone,SLE,1979,0.0021399476
Sierra Leone,SLE,1980,0.002171954
Sierra Leone,SLE,1981,0.0022174008
Sierra Leone,SLE,1982,0.0022389493
Sierra Leone,SLE,1983,0.0022792518
Sierra Leone,SLE,1984,0.0023046108
Sierra Leone,SLE,1985,0.0023330813
Sierra Leone,SLE,1986,0.0023605225
Sierra Leone,SLE,1987,0.0023605344
Sierra Leone,SLE,1988,0.0023527408
Sierra Leone,SLE,1989,0.0023337973
Sierra Leone,SLE,1990,0.0023298054
Sierra Leone,SLE,1991,0.0023317665
Sierra Leone,SLE,1992,0.0023032732
Sierra Leone,SLE,1993,0.0022735572
Sierra Leone,SLE,1994,0.0022460083
Sierra Leone,SLE,1995,0.0022129645
Sierra Leone,SLE,1996,0.0021806862
Sierra Leone,SLE,1997,0.0021470524
Sierra Leone,SLE,1998,0.0021167197
Sierra Leone,SLE,1999,0.0020824117
Sierra Leone,SLE,2000,0.0020575277
Sierra Leone,SLE,2001,0.0020430635
Sierra Leone,SLE,2002,0.0020399056
Sierra Leone,SLE,2003,0.0020376407
Sierra Leone,SLE,2004,0.002032207
Sierra Leone,SLE,2005,0.0020179094
Sierra Leone,SLE,2006,0.0020144393
Sierra Leone,SLE,2007,0.0020026169
Sierra Leone,SLE,2008,0.0019919535
Sierra Leone,SLE,2009,0.001982345
Sierra Leone,SLE,2010,0.001973811
Sierra Leone,SLE,2011,0.0019762744
Sierra Leone,SLE,2012,0.0019862582
Sierra Leone,SLE,2013,0.0020105115
Sierra Leone,SLE,2014,0.0020385406
Sierra Leone,SLE,2015,0.0020624206
Sierra Leone,SLE,2016,0.0020887912
Sierra Leone,SLE,2017,0.0021104456
Sierra Leone,SLE,2018,0.00212654
Sierra Leone,SLE,2019,0.0021463165
Sierra Leone,SLE,2020,0.0021717888
Sierra Leone,SLE,2021,0.0022111537
Sierra Leone,SLE,2022,0.0022457854
Sierra Leone,SLE,2023,0.0022747782
Sierra Leone,SLE,2024,0.0023048602
Singapore,SGP,1950,0.0008253617
Singapore,SGP,1951,0.0019892033
Singapore,SGP,1952,0.003342745
Singapore,SGP,1953,0.004639288
Singapore,SGP,1954,0.0059780036
Singapore,SGP,1955,0.0073362333
Singapore,SGP,1956,0.00862097
Singapore,SGP,1957,0.008984323
Singapore,SGP,1958,0.009515445
Singapore,SGP,1959,0.0098353075
Singapore,SGP,1960,0.009987412
Singapore,SGP,1961,0.010349837
Singapore,SGP,1962,0.010809173
Singapore,SGP,1963,0.011457915
Singapore,SGP,1964,0.01213523
Singapore,SGP,1965,0.012427763
Singapore,SGP,1966,0.01216007
Singapore,SGP,1967,0.012507205
Singapore,SGP,1968,0.013393772
Singapore,SGP,1969,0.014622104
Singapore,SGP,1970,0.018300004
Singapore,SGP,1971,0.02134632
Singapore,SGP,1972,0.025338152
Singapore,SGP,1973,0.028787231
Singapore,SGP,1974,0.032151666
Singapore,SGP,1975,0.03577104
Singapore,SGP,1976,0.040131453
Singapore,SGP,1977,0.043848515
Singapore,SGP,1978,0.048127826
Singapore,SGP,1979,0.05259148
Singapore,SGP,1980,0.055947915
Singapore,SGP,1981,0.05838472
Singapore,SGP,1982,0.06110987
Singapore,SGP,1983,0.0644245
Singapore,SGP,1984,0.06728845
Singapore,SGP,1985,0.06998518
Singapore,SGP,1986,0.0727381
Singapore,SGP,1987,0.07496152
Singapore,SGP,1988,0.07743476
Singapore,SGP,1989,0.08047076
Singapore,SGP,1990,0.0835984
Singapore,SGP,1991,0.08658962
Singapore,SGP,1992,0.08986595
Singapore,SGP,1993,0.09320293
Singapore,SGP,1994,0.097506896
Singapore,SGP,1995,0.09941735
Singapore,SGP,1996,0.10194518
Singapore,SGP,1997,0.10522976
Singapore,SGP,1998,0.1074254
Singapore,SGP,1999,0.10963348
Singapore,SGP,2000,0.11053269
Singapore,SGP,2001,0.11147816
Singapore,SGP,2002,0.112474106
Singapore,SGP,2003,0.11322367
Singapore,SGP,2004,0.11396977
Singapore,SGP,2005,0.114465594
Singapore,SGP,2006,0.11492535
Singapore,SGP,2007,0.115318805
Singapore,SGP,2008,0.11557253
Singapore,SGP,2009,0.11590717
Singapore,SGP,2010,0.11633801
Singapore,SGP,2011,0.11683828
Singapore,SGP,2012,0.11721089
Singapore,SGP,2013,0.1176016
Singapore,SGP,2014,0.11799907
Singapore,SGP,2015,0.11850143
Singapore,SGP,2016,0.11896239
Singapore,SGP,2017,0.11942201
Singapore,SGP,2018,0.11981761
Singapore,SGP,2019,0.12009206
Singapore,SGP,2020,0.120355755
Singapore,SGP,2021,0.12068595
Singapore,SGP,2022,0.1208915
Singapore,SGP,2023,0.1211685
Singapore,SGP,2024,0.12155519
Sint Maarten (Dutch part),SXM,1926,0
Sint Maarten (Dutch part),SXM,1927,0
Sint Maarten (Dutch part),SXM,1928,0
Sint Maarten (Dutch part),SXM,1929,0
Sint Maarten (Dutch part),SXM,1930,0
Sint Maarten (Dutch part),SXM,1931,0
Sint Maarten (Dutch part),SXM,1932,0
Sint Maarten (Dutch part),SXM,1933,0
Sint Maarten (Dutch part),SXM,1934,0
Sint Maarten (Dutch part),SXM,1935,0
Sint Maarten (Dutch part),SXM,1936,0
Sint Maarten (Dutch part),SXM,1937,0
Sint Maarten (Dutch part),SXM,1938,0
Sint Maarten (Dutch part),SXM,1939,0
Sint Maarten (Dutch part),SXM,1940,0
Sint Maarten (Dutch part),SXM,1941,0
Sint Maarten (Dutch part),SXM,1942,0
Sint Maarten (Dutch part),SXM,1943,0
Sint Maarten (Dutch part),SXM,1944,0
Sint Maarten (Dutch part),SXM,1945,0
Sint Maarten (Dutch part),SXM,1946,0
Sint Maarten (Dutch part),SXM,1947,0
Sint Maarten (Dutch part),SXM,1948,0
Sint Maarten (Dutch part),SXM,1949,0
Sint Maarten (Dutch part),SXM,1950,0.0002943541
Sint Maarten (Dutch part),SXM,1951,0.0007382722
Sint Maarten (Dutch part),SXM,1952,0.0009727374
Sint Maarten (Dutch part),SXM,1953,0.0012331629
Sint Maarten (Dutch part),SXM,1954,0.001764339
Sint Maarten (Dutch part),SXM,1955,0.0021680244
Sint Maarten (Dutch part),SXM,1956,0.0026742667
Sint Maarten (Dutch part),SXM,1957,0.002973948
Sint Maarten (Dutch part),SXM,1958,0.0032086552
Sint Maarten (Dutch part),SXM,1959,0.0035145741
Sint Maarten (Dutch part),SXM,1960,0.0037418597
Sint Maarten (Dutch part),SXM,1961,0.003969523
Sint Maarten (Dutch part),SXM,1962,0.0042120926
Sint Maarten (Dutch part),SXM,1963,0.004419086
Sint Maarten (Dutch part),SXM,1964,0.0045974967
Sint Maarten (Dutch part),SXM,1965,0.004727297
Sint Maarten (Dutch part),SXM,1966,0.004824759
Sint Maarten (Dutch part),SXM,1967,0.004967119
Sint Maarten (Dutch part),SXM,1968,0.0050720186
Sint Maarten (Dutch part),SXM,1969,0.0052390136
Sint Maarten (Dutch part),SXM,1970,0.0054192757
Sint Maarten (Dutch part),SXM,1971,0.005534185
Sint Maarten (Dutch part),SXM,1972,0.0056234594
Sint Maarten (Dutch part),SXM,1973,0.0057264566
Sint Maarten (Dutch part),SXM,1974,0.005795639
Sint Maarten (Dutch part),SXM,1975,0.005789053
Sint Maarten (Dutch part),SXM,1976,0.0059786187
Sint Maarten (Dutch part),SXM,1977,0.0059719393
Sint Maarten (Dutch part),SXM,1978,0.0059307087
Sint Maarten (Dutch part),SXM,1979,0.005894878
Sint Maarten (Dutch part),SXM,1980,0.0058669085
Sint Maarten (Dutch part),SXM,1981,0.0058382098
Sint Maarten (Dutch part),SXM,1982,0.005829704
Sint Maarten (Dutch part),SXM,1983,0.0057435376
Sint Maarten (Dutch part),SXM,1984,0.00577536
Sint Maarten (Dutch part),SXM,1985,0.005832226
Sint Maarten (Dutch part),SXM,1986,0.0057080784
Sint Maarten (Dutch part),SXM,1987,0.0055812593
Sint Maarten (Dutch part),SXM,1988,0.005455129
Sint Maarten (Dutch part),SXM,1989,0.005364321
Sint Maarten (Dutch part),SXM,1990,0.005279416
Sint Maarten (Dutch part),SXM,1991,0.0051832004
Sint Maarten (Dutch part),SXM,1992,0.005087506
Sint Maarten (Dutch part),SXM,1993,0.0050172317
Sint Maarten (Dutch part),SXM,1994,0.0049467883
Sint Maarten (Dutch part),SXM,1995,0.0048764013
Sint Maarten (Dutch part),SXM,1996,0.004802363
Sint Maarten (Dutch part),SXM,1997,0.0047336123
Sint Maarten (Dutch part),SXM,1998,0.004620817
Sint Maarten (Dutch part),SXM,1999,0.0045286957
Sint Maarten (Dutch part),SXM,2000,0.004471032
Sint Maarten (Dutch part),SXM,2001,0.0044163107
Sint Maarten (Dutch part),SXM,2002,0.0043600355
Sint Maarten (Dutch part),SXM,2003,0.004301113
Sint Maarten (Dutch part),SXM,2004,0.0042438093
Sint Maarten (Dutch part),SXM,2005,0.0041853506
Sint Maarten (Dutch part),SXM,2006,0.0041283225
Sint Maarten (Dutch part),SXM,2007,0.004077079
Sint Maarten (Dutch part),SXM,2008,0.00402465
Sint Maarten (Dutch part),SXM,2009,0.003977548
Sint Maarten (Dutch part),SXM,2010,0.0039122594
Sint Maarten (Dutch part),SXM,2011,0.0038558762
Sint Maarten (Dutch part),SXM,2012,0.00380997
Sint Maarten (Dutch part),SXM,2013,0.0037664599
Sint Maarten (Dutch part),SXM,2014,0.003725285
Sint Maarten (Dutch part),SXM,2015,0.0036873925
Sint Maarten (Dutch part),SXM,2016,0.0036514886
Sint Maarten (Dutch part),SXM,2017,0.0036130934
Sint Maarten (Dutch part),SXM,2018,0.003573601
Sint Maarten (Dutch part),SXM,2019,0.0035353242
Sint Maarten (Dutch part),SXM,2020,0.0035005333
Sint Maarten (Dutch part),SXM,2021,0.0034654285
Sint Maarten (Dutch part),SXM,2022,0.0034311253
Sint Maarten (Dutch part),SXM,2023,0.0033971043
Sint Maarten (Dutch part),SXM,2024,0.003365003
Slovakia,SVK,1860,0.0008810186
Slovakia,SVK,1861,0.0036070473
Slovakia,SVK,1862,0.007943425
Slovakia,SVK,1863,0.013649296
Slovakia,SVK,1864,0.02048872
Slovakia,SVK,1865,0.02826043
Slovakia,SVK,1866,0.036821492
Slovakia,SVK,1867,0.045944814
Slovakia,SVK,1868,0.055575877
Slovakia,SVK,1869,0.065516174
Slovakia,SVK,1870,0.07576903
Slovakia,SVK,1871,0.08611017
Slovakia,SVK,1872,0.09623644
Slovakia,SVK,1873,0.10621646
Slovakia,SVK,1874,0.11664784
Slovakia,SVK,1875,0.12675941
Slovakia,SVK,1876,0.1466441
Slovakia,SVK,1877,0.16595107
Slovakia,SVK,1878,0.18479079
Slovakia,SVK,1879,0.20339882
Slovakia,SVK,1880,0.22082861
Slovakia,SVK,1881,0.23780096
Slovakia,SVK,1882,0.25326666
Slovakia,SVK,1883,0.26834986
Slovakia,SVK,1884,0.2827906
Slovakia,SVK,1885,0.29716018
Slovakia,SVK,1886,0.31144968
Slovakia,SVK,1887,0.32523057
Slovakia,SVK,1888,0.33827096
Slovakia,SVK,1889,0.35173586
Slovakia,SVK,1890,0.3646463
Slovakia,SVK,1891,0.37669703
Slovakia,SVK,1892,0.387999
Slovakia,SVK,1893,0.3991619
Slovakia,SVK,1894,0.40952533
Slovakia,SVK,1895,0.41908157
Slovakia,SVK,1896,0.4279482
Slovakia,SVK,1897,0.43676817
Slovakia,SVK,1898,0.44450432
Slovakia,SVK,1899,0.45061854
Slovakia,SVK,1900,0.45505425
Slovakia,SVK,1901,0.45954186
Slovakia,SVK,1902,0.46348405
Slovakia,SVK,1903,0.46582335
Slovakia,SVK,1904,0.46795446
Slovakia,SVK,1905,0.46927342
Slovakia,SVK,1906,0.47053114
Slovakia,SVK,1907,0.47001112
Slovakia,SVK,1908,0.47075427
Slovakia,SVK,1909,0.47049567
Slovakia,SVK,1910,0.46910217
Slovakia,SVK,1911,0.4677562
Slovakia,SVK,1912,0.46669576
Slovakia,SVK,1913,0.46497518
Slovakia,SVK,1914,0.4636203
Slovakia,SVK,1915,0.46259573
Slovakia,SVK,1916,0.46132943
Slovakia,SVK,1917,0.4584569
Slovakia,SVK,1918,0.45394832
Slovakia,SVK,1919,0.45119688
Slovakia,SVK,1920,0.44633204
Slovakia,SVK,1921,0.44316858
Slovakia,SVK,1922,0.43855742
Slovakia,SVK,1923,0.43300936
Slovakia,SVK,1924,0.42968515
Slovakia,SVK,1925,0.42588648
Slovakia,SVK,1926,0.42265677
Slovakia,SVK,1927,0.4191796
Slovakia,SVK,1928,0.41646084
Slovakia,SVK,1929,0.4141564
Slovakia,SVK,1930,0.4116895
Slovakia,SVK,1931,0.40996575
Slovakia,SVK,1932,0.40823194
Slovakia,SVK,1933,0.40552324
Slovakia,SVK,1934,0.40216088
Slovakia,SVK,1935,0.39868012
Slovakia,SVK,1936,0.39498582
Slovakia,SVK,1937,0.39215764
Slovakia,SVK,1938,0.39122474
Slovakia,SVK,1939,0.3906368
Slovakia,SVK,1940,0.39034182
Slovakia,SVK,1941,0.38988572
Slovakia,SVK,1942,0.3902548
Slovakia,SVK,1943,0.39148885
Slovakia,SVK,1944,0.39198294
Slovakia,SVK,1945,0.38927785
Slovakia,SVK,1946,0.3873889
Slovakia,SVK,1947,0.3854528
Slovakia,SVK,1948,0.38369375
Slovakia,SVK,1949,0.38281965
Slovakia,SVK,1950,0.38101688
Slovakia,SVK,1951,0.3790944
Slovakia,SVK,1952,0.37769794
Slovakia,SVK,1953,0.37640455
Slovakia,SVK,1954,0.37555003
Slovakia,SVK,1955,0.37414828
Slovakia,SVK,1956,0.37281302
Slovakia,SVK,1957,0.37161523
Slovakia,SVK,1958,0.37105617
Slovakia,SVK,1959,0.36998978
Slovakia,SVK,1960,0.36899027
Slovakia,SVK,1961,0.36886823
Slovakia,SVK,1962,0.36906794
Slovakia,SVK,1963,0.3692587
Slovakia,SVK,1964,0.36929798
Slovakia,SVK,1965,0.36854684
Slovakia,SVK,1966,0.36723366
Slovakia,SVK,1967,0.36562014
Slovakia,SVK,1968,0.36394787
Slovakia,SVK,1969,0.3622348
Slovakia,SVK,1970,0.3611539
Slovakia,SVK,1971,0.3602002
Slovakia,SVK,1972,0.35885003
Slovakia,SVK,1973,0.35699388
Slovakia,SVK,1974,0.35544625
Slovakia,SVK,1975,0.35449383
Slovakia,SVK,1976,0.35342836
Slovakia,SVK,1977,0.3524313
Slovakia,SVK,1978,0.35117906
Slovakia,SVK,1979,0.3494498
Slovakia,SVK,1980,0.34800416
Slovakia,SVK,1981,0.34684095
Slovakia,SVK,1982,0.3457405
Slovakia,SVK,1983,0.3446249
Slovakia,SVK,1984,0.34358138
Slovakia,SVK,1985,0.34214345
Slovakia,SVK,1986,0.34070513
Slovakia,SVK,1987,0.33894572
Slovakia,SVK,1988,0.33679742
Slovakia,SVK,1989,0.3343116
Slovakia,SVK,1990,0.33251905
Slovakia,SVK,1991,0.32964912
Slovakia,SVK,1992,0.32668158
Slovakia,SVK,1993,0.32349223
Slovakia,SVK,1994,0.32009587
Slovakia,SVK,1995,0.31672496
Slovakia,SVK,1996,0.3132717
Slovakia,SVK,1997,0.3099514
Slovakia,SVK,1998,0.30679274
Slovakia,SVK,1999,0.30354583
Slovakia,SVK,2000,0.3000778
Slovakia,SVK,2001,0.29691947
Slovakia,SVK,2002,0.29364288
Slovakia,SVK,2003,0.29019013
Slovakia,SVK,2004,0.28670806
Slovakia,SVK,2005,0.28315774
Slovakia,SVK,2006,0.27953333
Slovakia,SVK,2007,0.2757574
Slovakia,SVK,2008,0.27208135
Slovakia,SVK,2009,0.26840928
Slovakia,SVK,2010,0.264612
Slovakia,SVK,2011,0.26074788
Slovakia,SVK,2012,0.25683853
Slovakia,SVK,2013,0.25303847
Slovakia,SVK,2014,0.24925826
Slovakia,SVK,2015,0.24571878
Slovakia,SVK,2016,0.24237129
Slovakia,SVK,2017,0.23916131
Slovakia,SVK,2018,0.23598321
Slovakia,SVK,2019,0.23275599
Slovakia,SVK,2020,0.22977273
Slovakia,SVK,2021,0.22692192
Slovakia,SVK,2022,0.22389957
Slovakia,SVK,2023,0.22088793
Slovakia,SVK,2024,0.21785036
Slovenia,SVN,1885,0.000015863261
Slovenia,SVN,1890,0.000050868555
Slovenia,SVN,1891,0.00009113274
Slovenia,SVN,1892,0.00013227978
Slovenia,SVN,1893,0.00020359203
Slovenia,SVN,1894,0.00033585035
Slovenia,SVN,1895,0.0004567714
Slovenia,SVN,1896,0.0005821777
Slovenia,SVN,1897,0.00066579226
Slovenia,SVN,1898,0.0007944305
Slovenia,SVN,1899,0.0009344241
Slovenia,SVN,1900,0.00111953
Slovenia,SVN,1901,0.001307302
Slovenia,SVN,1902,0.0014638159
Slovenia,SVN,1903,0.0016190361
Slovenia,SVN,1904,0.001774235
Slovenia,SVN,1905,0.0019299105
Slovenia,SVN,1906,0.0021125337
Slovenia,SVN,1907,0.0022713505
Slovenia,SVN,1908,0.0024390162
Slovenia,SVN,1909,0.0025952077
Slovenia,SVN,1910,0.002730251
Slovenia,SVN,1911,0.0028719578
Slovenia,SVN,1912,0.003002162
Slovenia,SVN,1913,0.0035319303
Slovenia,SVN,1919,0.0032119793
Slovenia,SVN,1920,0.0035896036
Slovenia,SVN,1921,0.003988804
Slovenia,SVN,1922,0.0045809946
Slovenia,SVN,1923,0.005181681
Slovenia,SVN,1924,0.005762142
Slovenia,SVN,1925,0.0063762534
Slovenia,SVN,1926,0.006936921
Slovenia,SVN,1927,0.0075403005
Slovenia,SVN,1928,0.008211731
Slovenia,SVN,1929,0.008908777
Slovenia,SVN,1930,0.0095313275
Slovenia,SVN,1931,0.010080199
Slovenia,SVN,1932,0.010560871
Slovenia,SVN,1933,0.010957644
Slovenia,SVN,1934,0.011340905
Slovenia,SVN,1935,0.011722165
Slovenia,SVN,1936,0.012049555
Slovenia,SVN,1937,0.012409528
Slovenia,SVN,1938,0.0127347745
Slovenia,SVN,1939,0.013057255
Slovenia,SVN,1940,0.013430552
Slovenia,SVN,1943,0.012422965
Slovenia,SVN,1944,0.012110084
Slovenia,SVN,1945,0.012179825
Slovenia,SVN,1946,0.012534832
Slovenia,SVN,1947,0.013077611
Slovenia,SVN,1948,0.013682828
Slovenia,SVN,1949,0.014403576
Slovenia,SVN,1950,0.015002297
Slovenia,SVN,1951,0.01549127
Slovenia,SVN,1952,0.015952501
Slovenia,SVN,1953,0.016372185
Slovenia,SVN,1954,0.016920112
Slovenia,SVN,1955,0.017535424
Slovenia,SVN,1956,0.018237924
Slovenia,SVN,1957,0.018983644
Slovenia,SVN,1958,0.019653073
Slovenia,SVN,1959,0.020429563
Slovenia,SVN,1960,0.021246865
Slovenia,SVN,1961,0.02208284
Slovenia,SVN,1962,0.022884488
Slovenia,SVN,1963,0.02376244
Slovenia,SVN,1964,0.02475237
Slovenia,SVN,1965,0.02569655
Slovenia,SVN,1966,0.026528306
Slovenia,SVN,1967,0.02729811
Slovenia,SVN,1968,0.028081546
Slovenia,SVN,1969,0.028815065
Slovenia,SVN,1970,0.029919049
Slovenia,SVN,1971,0.031063048
Slovenia,SVN,1972,0.031942602
Slovenia,SVN,1973,0.033074997
Slovenia,SVN,1974,0.034142073
Slovenia,SVN,1975,0.0352298
Slovenia,SVN,1976,0.036254182
Slovenia,SVN,1977,0.037116013
Slovenia,SVN,1978,0.038112856
Slovenia,SVN,1979,0.03920249
Slovenia,SVN,1980,0.040187553
Slovenia,SVN,1981,0.04133629
Slovenia,SVN,1982,0.042237233
Slovenia,SVN,1983,0.043233782
Slovenia,SVN,1984,0.044256173
Slovenia,SVN,1985,0.045221202
Slovenia,SVN,1986,0.046209827
Slovenia,SVN,1987,0.04704497
Slovenia,SVN,1988,0.047858827
Slovenia,SVN,1989,0.048599523
Slovenia,SVN,1990,0.049101274
Slovenia,SVN,1991,0.049412284
Slovenia,SVN,1992,0.049735695
Slovenia,SVN,1993,0.05007142
Slovenia,SVN,1994,0.050420366
Slovenia,SVN,1995,0.05079993
Slovenia,SVN,1996,0.051190086
Slovenia,SVN,1997,0.05160549
Slovenia,SVN,1998,0.051957928
Slovenia,SVN,1999,0.052204393
Slovenia,SVN,2000,0.052371006
Slovenia,SVN,2001,0.05263744
Slovenia,SVN,2002,0.05288765
Slovenia,SVN,2003,0.053034615
Slovenia,SVN,2004,0.0531679
Slovenia,SVN,2005,0.053269736
Slovenia,SVN,2006,0.053342793
Slovenia,SVN,2007,0.053386685
Slovenia,SVN,2008,0.05347863
Slovenia,SVN,2009,0.053429473
Slovenia,SVN,2010,0.053329933
Slovenia,SVN,2011,0.053182907
Slovenia,SVN,2012,0.05298279
Slovenia,SVN,2013,0.05273719
Slovenia,SVN,2014,0.052390747
Slovenia,SVN,2015,0.052068584
Slovenia,SVN,2016,0.05181357
Slovenia,SVN,2017,0.051561687
Slovenia,SVN,2018,0.051292446
Slovenia,SVN,2019,0.050993588
Slovenia,SVN,2020,0.05069587
Slovenia,SVN,2021,0.050372288
Slovenia,SVN,2022,0.050023854
Slovenia,SVN,2023,0.049634796
Slovenia,SVN,2024,0.049288303
Solomon Islands,SLB,1952,0.0000014971024
Solomon Islands,SLB,1953,0.0000029149871
Solomon Islands,SLB,1954,0.0000042574916
Solomon Islands,SLB,1955,0.000008276351
Solomon Islands,SLB,1956,0.000012054809
Solomon Islands,SLB,1957,0.000015606069
Solomon Islands,SLB,1958,0.000018941662
Solomon Islands,SLB,1959,0.000022056847
Solomon Islands,SLB,1960,0.00002494973
Solomon Islands,SLB,1961,0.000028822149
Solomon Islands,SLB,1962,0.0000324388
Solomon Islands,SLB,1963,0.000035791298
Solomon Islands,SLB,1964,0.00003993465
Solomon Islands,SLB,1965,0.000045805064
Solomon Islands,SLB,1966,0.000051241605
Solomon Islands,SLB,1967,0.00005819504
Solomon Islands,SLB,1968,0.000065533146
Solomon Islands,SLB,1969,0.00007225816
Solomon Islands,SLB,1970,0.000079198086
Solomon Islands,SLB,1971,0.00008721232
Solomon Islands,SLB,1972,0.00009613541
Solomon Islands,SLB,1973,0.00010657625
Solomon Islands,SLB,1974,0.00011631034
Solomon Islands,SLB,1975,0.00012395457
Solomon Islands,SLB,1976,0.00013158293
Solomon Islands,SLB,1977,0.00014194795
Solomon Islands,SLB,1978,0.00014820747
Solomon Islands,SLB,1979,0.0001620982
Solomon Islands,SLB,1980,0.00017390224
Solomon Islands,SLB,1981,0.00019043354
Solomon Islands,SLB,1982,0.00020374898
Solomon Islands,SLB,1983,0.00021958647
Solomon Islands,SLB,1984,0.00023434889
Solomon Islands,SLB,1985,0.00024909276
Solomon Islands,SLB,1986,0.0002634125
Solomon Islands,SLB,1987,0.00027768084
Solomon Islands,SLB,1988,0.00028988614
Solomon Islands,SLB,1989,0.00030223516
Solomon Islands,SLB,1990,0.0003118816
Solomon Islands,SLB,1991,0.00032169907
Solomon Islands,SLB,1992,0.00033210788
Solomon Islands,SLB,1993,0.00034314688
Solomon Islands,SLB,1994,0.00035476164
Solomon Islands,SLB,1995,0.00036637697
Solomon Islands,SLB,1996,0.00037790302
Solomon Islands,SLB,1997,0.0003895496
Solomon Islands,SLB,1998,0.00040139604
Solomon Islands,SLB,1999,0.00041317692
Solomon Islands,SLB,2000,0.00042482512
Solomon Islands,SLB,2001,0.00043687073
Solomon Islands,SLB,2002,0.00044878596
Solomon Islands,SLB,2003,0.0004605537
Solomon Islands,SLB,2004,0.00047295343
Solomon Islands,SLB,2005,0.00048496717
Solomon Islands,SLB,2006,0.0004968931
Solomon Islands,SLB,2007,0.0005084516
Solomon Islands,SLB,2008,0.0005200766
Solomon Islands,SLB,2009,0.0005321901
Solomon Islands,SLB,2010,0.0005438218
Solomon Islands,SLB,2011,0.0005554861
Solomon Islands,SLB,2012,0.00056613033
Solomon Islands,SLB,2013,0.0005784114
Solomon Islands,SLB,2014,0.00058681885
Solomon Islands,SLB,2015,0.00059268496
Solomon Islands,SLB,2016,0.0005980518
Solomon Islands,SLB,2017,0.0006027281
Solomon Islands,SLB,2018,0.00060713914
Solomon Islands,SLB,2019,0.000611446
Solomon Islands,SLB,2020,0.0006160481
Solomon Islands,SLB,2021,0.00061964133
Solomon Islands,SLB,2022,0.0006224939
Solomon Islands,SLB,2023,0.0006249588
Solomon Islands,SLB,2024,0.0006278478
Somalia,SOM,1950,0.000020540765
Somalia,SOM,1951,0.00003998124
Somalia,SOM,1952,0.00005838699
Somalia,SOM,1953,0.00007578966
Somalia,SOM,1954,0.000092245646
Somalia,SOM,1955,0.00011448952
Somalia,SOM,1956,0.00013662117
Somalia,SOM,1957,0.0001586617
Somalia,SOM,1958,0.00018310273
Somalia,SOM,1959,0.0002070893
Somalia,SOM,1960,0.0002281118
Somalia,SOM,1961,0.00024902337
Somalia,SOM,1962,0.0002740519
Somalia,SOM,1963,0.00029609163
Somalia,SOM,1964,0.00032578266
Somalia,SOM,1965,0.00035219002
Somalia,SOM,1966,0.00037839953
Somalia,SOM,1967,0.0004254916
Somalia,SOM,1968,0.00045042502
Somalia,SOM,1969,0.00047458446
Somalia,SOM,1970,0.0005087616
Somalia,SOM,1971,0.0005332411
Somalia,SOM,1972,0.0005655966
Somalia,SOM,1973,0.0006008429
Somalia,SOM,1974,0.00064716267
Somalia,SOM,1975,0.00072426937
Somalia,SOM,1976,0.00079088996
Somalia,SOM,1977,0.0009108887
Somalia,SOM,1978,0.0009789494
Somalia,SOM,1979,0.0010297634
Somalia,SOM,1980,0.0011315807
Somalia,SOM,1981,0.0011414221
Somalia,SOM,1982,0.0012202045
Somalia,SOM,1983,0.0013269694
Somalia,SOM,1984,0.0013942139
Somalia,SOM,1985,0.0014767267
Somalia,SOM,1986,0.0015631521
Somalia,SOM,1987,0.0016527207
Somalia,SOM,1988,0.0017368763
Somalia,SOM,1989,0.0018090986
Somalia,SOM,1990,0.00185506
Somalia,SOM,1991,0.0018884349
Somalia,SOM,1992,0.0019166713
Somalia,SOM,1993,0.0019383404
Somalia,SOM,1994,0.0019576047
Somalia,SOM,1995,0.0019711691
Somalia,SOM,1996,0.0019814793
Somalia,SOM,1997,0.0019868214
Somalia,SOM,1998,0.0019891248
Somalia,SOM,1999,0.0019884638
Somalia,SOM,2000,0.0019886561
Somalia,SOM,2001,0.0019915812
Somalia,SOM,2002,0.0019963342
Somalia,SOM,2003,0.002001003
Somalia,SOM,2004,0.002005689
Somalia,SOM,2005,0.0020103264
Somalia,SOM,2006,0.0020148966
Somalia,SOM,2007,0.0020195397
Somalia,SOM,2008,0.0020253765
Somalia,SOM,2009,0.0020334402
Somalia,SOM,2010,0.002040837
Somalia,SOM,2011,0.0020485418
Somalia,SOM,2012,0.002056736
Somalia,SOM,2013,0.0020658488
Somalia,SOM,2014,0.0020762396
Somalia,SOM,2015,0.0020886445
Somalia,SOM,2016,0.0021026214
Somalia,SOM,2017,0.0021175062
Somalia,SOM,2018,0.002133216
Somalia,SOM,2019,0.0021499791
Somalia,SOM,2020,0.0021725704
Somalia,SOM,2021,0.002192929
Somalia,SOM,2022,0.0022182304
Somalia,SOM,2023,0.0022431628
Somalia,SOM,2024,0.0022676804
South Africa,ZAF,1884,0.000097532895
South Africa,ZAF,1885,0.0002488541
South Africa,ZAF,1886,0.00043210073
South Africa,ZAF,1887,0.0005993726
South Africa,ZAF,1888,0.00087250466
South Africa,ZAF,1889,0.001304923
South Africa,ZAF,1890,0.0022568377
South Africa,ZAF,1891,0.0031213255
South Africa,ZAF,1892,0.004480852
South Africa,ZAF,1893,0.0096689155
South Africa,ZAF,1894,0.016246622
South Africa,ZAF,1895,0.024747338
South Africa,ZAF,1896,0.03495776
South Africa,ZAF,1897,0.04560219
South Africa,ZAF,1898,0.058371384
South Africa,ZAF,1899,0.06863902
South Africa,ZAF,1900,0.07081837
South Africa,ZAF,1901,0.076069646
South Africa,ZAF,1902,0.08469802
South Africa,ZAF,1903,0.09609107
South Africa,ZAF,1904,0.10830629
South Africa,ZAF,1905,0.12144626
South Africa,ZAF,1906,0.13569087
South Africa,ZAF,1907,0.14981745
South Africa,ZAF,1908,0.1635134
South Africa,ZAF,1909,0.17868869
South Africa,ZAF,1910,0.19506325
South Africa,ZAF,1911,0.20907636
South Africa,ZAF,1912,0.2228158
South Africa,ZAF,1913,0.2366787
South Africa,ZAF,1914,0.24965477
South Africa,ZAF,1915,0.26195043
South Africa,ZAF,1916,0.2762849
South Africa,ZAF,1917,0.29072508
South Africa,ZAF,1918,0.30311477
South Africa,ZAF,1919,0.31701672
South Africa,ZAF,1920,0.33092764
South Africa,ZAF,1921,0.3450721
South Africa,ZAF,1922,0.35463122
South Africa,ZAF,1923,0.36633226
South Africa,ZAF,1924,0.3783886
South Africa,ZAF,1925,0.39059716
South Africa,ZAF,1926,0.4034606
South Africa,ZAF,1927,0.41383275
South Africa,ZAF,1928,0.42367855
South Africa,ZAF,1929,0.4328632
South Africa,ZAF,1930,0.44107363
South Africa,ZAF,1931,0.44795483
South Africa,ZAF,1932,0.4541452
South Africa,ZAF,1933,0.4607968
South Africa,ZAF,1934,0.46855855
South Africa,ZAF,1935,0.47749418
South Africa,ZAF,1936,0.4867975
South Africa,ZAF,1937,0.4957119
South Africa,ZAF,1938,0.5060413
South Africa,ZAF,1939,0.5159973
South Africa,ZAF,1940,0.5250084
South Africa,ZAF,1941,0.5347284
South Africa,ZAF,1942,0.5461313
South Africa,ZAF,1943,0.5568648
South Africa,ZAF,1944,0.56969446
South Africa,ZAF,1945,0.5849874
South Africa,ZAF,1946,0.5988275
South Africa,ZAF,1947,0.61039406
South Africa,ZAF,1948,0.62119544
South Africa,ZAF,1949,0.63370156
South Africa,ZAF,1950,0.64376354
South Africa,ZAF,1951,0.65383005
South Africa,ZAF,1952,0.665493
South Africa,ZAF,1953,0.67611873
South Africa,ZAF,1954,0.6869533
South Africa,ZAF,1955,0.6989219
South Africa,ZAF,1956,0.71056634
South Africa,ZAF,1957,0.72173893
South Africa,ZAF,1958,0.73397416
South Africa,ZAF,1959,0.7438328
South Africa,ZAF,1960,0.7529198
South Africa,ZAF,1961,0.7627472
South Africa,ZAF,1962,0.7723098
South Africa,ZAF,1963,0.7813186
South Africa,ZAF,1964,0.7913494
South Africa,ZAF,1965,0.8020822
South Africa,ZAF,1966,0.81098074
South Africa,ZAF,1967,0.81996816
South Africa,ZAF,1968,0.82806325
South Africa,ZAF,1969,0.83516926
South Africa,ZAF,1970,0.8410874
South Africa,ZAF,1971,0.84970295
South Africa,ZAF,1972,0.8570706
South Africa,ZAF,1973,0.8627591
South Africa,ZAF,1974,0.8688428
South Africa,ZAF,1975,0.87619925
South Africa,ZAF,1976,0.8831153
South Africa,ZAF,1977,0.8900218
South Africa,ZAF,1978,0.8957974
South Africa,ZAF,1979,0.90332747
South Africa,ZAF,1980,0.912101
South Africa,ZAF,1981,0.9257586
South Africa,ZAF,1982,0.9424793
South Africa,ZAF,1983,0.95973945
South Africa,ZAF,1984,0.9787296
South Africa,ZAF,1985,0.9968636
South Africa,ZAF,1986,1.0144905
South Africa,ZAF,1987,1.0299655
South Africa,ZAF,1988,1.0453043
South Africa,ZAF,1989,1.059157
South Africa,ZAF,1990,1.0680984
South Africa,ZAF,1991,1.0775135
South Africa,ZAF,1992,1.0843928
South Africa,ZAF,1993,1.092805
South Africa,ZAF,1994,1.1025579
South Africa,ZAF,1995,1.1136664
South Africa,ZAF,1996,1.1235843
South Africa,ZAF,1997,1.1350487
South Africa,ZAF,1998,1.1452507
South Africa,ZAF,1999,1.1541164
South Africa,ZAF,2000,1.1621429
South Africa,ZAF,2001,1.16896
South Africa,ZAF,2002,1.1734685
South Africa,ZAF,2003,1.180572
South Africa,ZAF,2004,1.1902431
South Africa,ZAF,2005,1.1956445
South Africa,ZAF,2006,1.2023138
South Africa,ZAF,2007,1.2092454
South Africa,ZAF,2008,1.2176316
South Africa,ZAF,2009,1.2245692
South Africa,ZAF,2010,1.2289917
South Africa,ZAF,2011,1.2326614
South Africa,ZAF,2012,1.2348268
South Africa,ZAF,2013,1.23625
South Africa,ZAF,2014,1.2391641
South Africa,ZAF,2015,1.2404007
South Africa,ZAF,2016,1.2415619
South Africa,ZAF,2017,1.2411442
South Africa,ZAF,2018,1.2410117
South Africa,ZAF,2019,1.2416419
South Africa,ZAF,2020,1.2415687
South Africa,ZAF,2021,1.240516
South Africa,ZAF,2022,1.2384423
South Africa,ZAF,2023,1.2364999
South Africa,ZAF,2024,1.234475
South America,,1844,0.00064788724
South America,,1845,0.001549662
South America,,1846,0.002618463
South America,,1847,0.003837493
South America,,1848,0.005134918
South America,,1849,0.0074645006
South America,,1850,0.009129799
South America,,1851,0.010987452
South America,,1852,0.014041136
South America,,1853,0.01563615
South America,,1854,0.015025561
South America,,1855,0.016917573
South America,,1856,0.025154537
South America,,1857,0.03768117
South America,,1858,0.050345935
South America,,1859,0.058938764
South America,,1860,0.07026904
South America,,1861,0.07938173
South America,,1862,0.086727515
South America,,1863,0.09420178
South America,,1864,0.103165805
South America,,1865,0.1131945
South America,,1866,0.12730359
South America,,1867,0.14088207
South America,,1868,0.1560874
South America,,1869,0.16735181
South America,,1870,0.17784025
South America,,1871,0.18792962
South America,,1872,0.2019784
South America,,1873,0.21627302
South America,,1874,0.23293318
South America,,1875,0.24399328
South America,,1876,0.25367296
South America,,1877,0.26100755
South America,,1878,0.26725134
South America,,1879,0.2727957
South America,,1880,0.2787402
South America,,1881,0.28524998
South America,,1882,0.2908802
South America,,1883,0.29632583
South America,,1884,0.30360493
South America,,1885,0.31099278
South America,,1886,0.31635177
South America,,1887,0.3234408
South America,,1888,0.33274814
South America,,1889,0.34534958
South America,,1890,0.3515269
South America,,1891,0.35728037
South America,,1892,0.3628672
South America,,1893,0.36817837
South America,,1894,0.37735012
South America,,1895,0.38532448
South America,,1896,0.39391956
South America,,1897,0.39944512
South America,,1898,0.40518293
South America,,1899,0.4099928
South America,,1900,0.41195464
South America,,1901,0.4147116
South America,,1902,0.41811815
South America,,1903,0.4201079
South America,,1904,0.42254078
South America,,1905,0.42690727
South America,,1906,0.43478313
South America,,1907,0.4430221
South America,,1908,0.45287123
South America,,1909,0.4607039
South America,,1910,0.47010657
South America,,1911,0.4828873
South America,,1912,0.49463633
South America,,1913,0.5052647
South America,,1914,0.51175004
South America,,1915,0.51124793
South America,,1916,0.508208
South America,,1917,0.502878
South America,,1918,0.49671757
South America,,1919,0.49524447
South America,,1920,0.49385813
South America,,1921,0.4938519
South America,,1922,0.49513805
South America,,1923,0.4965176
South America,,1924,0.5020389
South America,,1925,0.50837964
South America,,1926,0.51543444
South America,,1927,0.5227846
South America,,1928,0.53084666
South America,,1929,0.5396005
South America,,1930,0.54544115
South America,,1931,0.5507698
South America,,1932,0.5594529
South America,,1933,0.5697402
South America,,1934,0.5811078
South America,,1935,0.5931875
South America,,1936,0.60296744
South America,,1937,0.6173102
South America,,1938,0.62985146
South America,,1939,0.64030725
South America,,1940,0.65115416
South America,,1941,0.66134346
South America,,1942,0.6694248
South America,,1943,0.6771047
South America,,1944,0.68660957
South America,,1945,0.69892126
South America,,1946,0.71102023
South America,,1947,0.7231765
South America,,1948,0.73707205
South America,,1949,0.7516212
South America,,1950,0.78130734
South America,,1951,0.815477
South America,,1952,0.8517302
South America,,1953,0.88513786
South America,,1954,0.9203624
South America,,1955,0.95859426
South America,,1956,0.9981435
South America,,1957,1.0376124
South America,,1958,1.0691115
South America,,1959,1.1033254
South America,,1960,1.1343154
South America,,1961,1.1641959
South America,,1962,1.1953813
South America,,1963,1.2239903
South America,,1964,1.2519988
South America,,1965,1.2793567
South America,,1966,1.3063092
South America,,1967,1.3342891
South America,,1968,1.363359
South America,,1969,1.393451
South America,,1970,1.4240395
South America,,1971,1.4525431
South America,,1972,1.4802825
South America,,1973,1.5097606
South America,,1974,1.5422944
South America,,1975,1.571724
South America,,1976,1.5980526
South America,,1977,1.6240193
South America,,1978,1.6511879
South America,,1979,1.6807196
South America,,1980,1.710949
South America,,1981,1.7377784
South America,,1982,1.7636214
South America,,1983,1.7867665
South America,,1984,1.8079729
South America,,1985,1.82768
South America,,1986,1.8494201
South America,,1987,1.8719888
South America,,1988,1.8943096
South America,,1989,1.914627
South America,,1990,1.9348392
South America,,1991,1.9537578
South America,,1992,1.97463
South America,,1993,1.9978737
South America,,1994,2.019756
South America,,1995,2.0430388
South America,,1996,2.0667946
South America,,1997,2.0938823
South America,,1998,2.1222608
South America,,1999,2.1502876
South America,,2000,2.175492
South America,,2001,2.1972005
South America,,2002,2.2193136
South America,,2003,2.2377012
South America,,2004,2.2564979
South America,,2005,2.2745855
South America,,2006,2.2922077
South America,,2007,2.3101046
South America,,2008,2.329549
South America,,2009,2.346911
South America,,2010,2.368533
South America,,2011,2.3882592
South America,,2012,2.4100301
South America,,2013,2.4345984
South America,,2014,2.458723
South America,,2015,2.4795775
South America,,2016,2.4966333
South America,,2017,2.5109587
South America,,2018,2.5207791
South America,,2019,2.5303988
South America,,2020,2.535954
South America,,2021,2.5460758
South America,,2022,2.5542312
South America,,2023,2.5616531
South America,,2024,2.5682013
South Korea,KOR,1905,0.0000013718086
South Korea,KOR,1909,0.0000134556485
South Korea,KOR,1910,0.000027662854
South Korea,KOR,1911,0.000043288564
South Korea,KOR,1912,0.00006155218
South Korea,KOR,1913,0.000081188715
South Korea,KOR,1914,0.00010880272
South Korea,KOR,1915,0.0001418028
South Korea,KOR,1916,0.00016600711
South Korea,KOR,1918,0.00018094447
South Korea,KOR,1919,0.00020645643
South Korea,KOR,1920,0.0002382681
South Korea,KOR,1921,0.00027194744
South Korea,KOR,1922,0.00030418136
South Korea,KOR,1923,0.0003408974
South Korea,KOR,1924,0.00037755398
South Korea,KOR,1925,0.0004392427
South Korea,KOR,1926,0.00050273986
South Korea,KOR,1927,0.0005638329
South Korea,KOR,1928,0.0006326328
South Korea,KOR,1929,0.00070830167
South Korea,KOR,1930,0.0007758779
South Korea,KOR,1931,0.0008472628
South Korea,KOR,1932,0.0009331635
South Korea,KOR,1933,0.0010325244
South Korea,KOR,1934,0.001164114
South Korea,KOR,1935,0.0013149922
South Korea,KOR,1936,0.0014857021
South Korea,KOR,1937,0.0016588989
South Korea,KOR,1938,0.0018961625
South Korea,KOR,1939,0.0022018517
South Korea,KOR,1940,0.0025852742
South Korea,KOR,1941,0.002996344
South Korea,KOR,1942,0.003434869
South Korea,KOR,1943,0.0038337132
South Korea,KOR,1944,0.0042374795
South Korea,KOR,1945,0.0041508153
South Korea,KOR,1946,0.004291667
South Korea,KOR,1947,0.004605612
South Korea,KOR,1948,0.0052487734
South Korea,KOR,1949,0.0060910387
South Korea,KOR,1950,0.006876955
South Korea,KOR,1951,0.007919873
South Korea,KOR,1952,0.0091252765
South Korea,KOR,1953,0.010750826
South Korea,KOR,1954,0.012466188
South Korea,KOR,1955,0.014543084
South Korea,KOR,1956,0.016883519
South Korea,KOR,1957,0.019308556
South Korea,KOR,1958,0.021853166
South Korea,KOR,1959,0.02495884
South Korea,KOR,1960,0.028265381
South Korea,KOR,1961,0.031974353
South Korea,KOR,1962,0.036292657
South Korea,KOR,1963,0.04143055
South Korea,KOR,1964,0.046510294
South Korea,KOR,1965,0.051988043
South Korea,KOR,1966,0.058392994
South Korea,KOR,1967,0.06567505
South Korea,KOR,1968,0.07291034
South Korea,KOR,1969,0.08080716
South Korea,KOR,1970,0.09059903
South Korea,KOR,1971,0.100683905
South Korea,KOR,1972,0.11028508
South Korea,KOR,1973,0.12169687
South Korea,KOR,1974,0.13286118
South Korea,KOR,1975,0.14448442
South Korea,KOR,1976,0.15727152
South Korea,KOR,1977,0.17133363
South Korea,KOR,1978,0.18561935
South Korea,KOR,1979,0.20219465
South Korea,KOR,1980,0.2180064
South Korea,KOR,1981,0.23384497
South Korea,KOR,1982,0.2489941
South Korea,KOR,1983,0.2644804
South Korea,KOR,1984,0.28057942
South Korea,KOR,1985,0.29664296
South Korea,KOR,1986,0.31272748
South Korea,KOR,1987,0.32885113
South Korea,KOR,1988,0.34707218
South Korea,KOR,1989,0.36574468
South Korea,KOR,1990,0.38648203
South Korea,KOR,1991,0.40888402
South Korea,KOR,1992,0.43325305
South Korea,KOR,1993,0.4597056
South Korea,KOR,1994,0.4875373
South Korea,KOR,1995,0.51671255
South Korea,KOR,1996,0.54796916
South Korea,KOR,1997,0.5800471
South Korea,KOR,1998,0.60387814
South Korea,KOR,1999,0.62942505
South Korea,KOR,2000,0.6561543
South Korea,KOR,2001,0.6829556
South Korea,KOR,2002,0.70999396
South Korea,KOR,2003,0.7356738
South Korea,KOR,2004,0.76002616
South Korea,KOR,2005,0.783162
South Korea,KOR,2006,0.8049029
South Korea,KOR,2007,0.8264388
South Korea,KOR,2008,0.84740365
South Korea,KOR,2009,0.8680927
South Korea,KOR,2010,0.8908264
South Korea,KOR,2011,0.91380244
South Korea,KOR,2012,0.9356599
South Korea,KOR,2013,0.95670736
South Korea,KOR,2014,0.976276
South Korea,KOR,2015,0.9952879
South Korea,KOR,2016,1.0136806
South Korea,KOR,2017,1.0319221
South Korea,KOR,2018,1.0498273
South Korea,KOR,2019,1.065268
South Korea,KOR,2020,1.0784068
South Korea,KOR,2021,1.0910013
South Korea,KOR,2022,1.1021414
South Korea,KOR,2023,1.1114938
South Korea,KOR,2024,1.1198575
South Sudan,SSD,1950,0.000019080591
South Sudan,SSD,1951,0.000042957676
South Sudan,SSD,1952,0.00006677101
South Sudan,SSD,1953,0.00009163991
South Sudan,SSD,1954,0.000114707866
South Sudan,SSD,1955,0.0001395885
South Sudan,SSD,1956,0.00016196238
South Sudan,SSD,1957,0.00019023624
South Sudan,SSD,1958,0.00022050182
South Sudan,SSD,1959,0.0002507682
South Sudan,SSD,1960,0.00027862057
South Sudan,SSD,1961,0.0003054503
South Sudan,SSD,1962,0.000332832
South Sudan,SSD,1963,0.00036270745
South Sudan,SSD,1964,0.0003943409
South Sudan,SSD,1965,0.0004361982
South Sudan,SSD,1966,0.00047947967
South Sudan,SSD,1967,0.0005309443
South Sudan,SSD,1968,0.0005766214
South Sudan,SSD,1969,0.00063924456
South Sudan,SSD,1970,0.0007086251
South Sudan,SSD,1971,0.00077459286
South Sudan,SSD,1972,0.000841729
South Sudan,SSD,1973,0.0009034482
South Sudan,SSD,1974,0.00096523535
South Sudan,SSD,1975,0.001000051
South Sudan,SSD,1976,0.0010235021
South Sudan,SSD,1977,0.0010452204
South Sudan,SSD,1978,0.0010590289
South Sudan,SSD,1979,0.0010728673
South Sudan,SSD,1980,0.0010883375
South Sudan,SSD,1981,0.0011024063
South Sudan,SSD,1982,0.001118257
South Sudan,SSD,1983,0.0011338952
South Sudan,SSD,1984,0.0011429393
South Sudan,SSD,1985,0.0011568898
South Sudan,SSD,1986,0.0011715502
South Sudan,SSD,1987,0.0011745675
South Sudan,SSD,1988,0.0011919527
South Sudan,SSD,1989,0.0011967632
South Sudan,SSD,1990,0.0012150265
South Sudan,SSD,1991,0.0012283891
South Sudan,SSD,1992,0.0012371454
South Sudan,SSD,1993,0.0012326597
South Sudan,SSD,1994,0.0012382048
South Sudan,SSD,1995,0.0012439581
South Sudan,SSD,1996,0.0012496321
South Sudan,SSD,1997,0.0012630379
South Sudan,SSD,1998,0.0012700844
South Sudan,SSD,1999,0.0012792402
South Sudan,SSD,2000,0.0012905451
South Sudan,SSD,2001,0.0013073427
South Sudan,SSD,2002,0.0013354588
South Sudan,SSD,2003,0.0013673719
South Sudan,SSD,2004,0.0014132403
South Sudan,SSD,2005,0.0014524048
South Sudan,SSD,2006,0.001495338
South Sudan,SSD,2007,0.0015485933
South Sudan,SSD,2008,0.0016035199
South Sudan,SSD,2009,0.0016602454
South Sudan,SSD,2010,0.0017136245
South Sudan,SSD,2011,0.0017606779
South Sudan,SSD,2012,0.0018113028
South Sudan,SSD,2013,0.0018669188
South Sudan,SSD,2014,0.0019233492
South Sudan,SSD,2015,0.0020045037
South Sudan,SSD,2016,0.0020685254
South Sudan,SSD,2017,0.0021132352
South Sudan,SSD,2018,0.0021723115
South Sudan,SSD,2019,0.002230288
South Sudan,SSD,2020,0.002284662
South Sudan,SSD,2021,0.0023364297
South Sudan,SSD,2022,0.0023791585
South Sudan,SSD,2023,0.002421134
South Sudan,SSD,2024,0.0024622898
Spain,ESP,1830,0.00016484482
Spain,ESP,1831,0.00031778697
Spain,ESP,1832,0.00046029396
Spain,ESP,1833,0.0005930511
Spain,ESP,1834,0.0007156107
Spain,ESP,1835,0.000827259
Spain,ESP,1836,0.0015905394
Spain,ESP,1837,0.002808108
Spain,ESP,1838,0.003569962
Spain,ESP,1839,0.0049865795
Spain,ESP,1840,0.0059449864
Spain,ESP,1841,0.008810294
Spain,ESP,1842,0.012614721
Spain,ESP,1843,0.016947953
Spain,ESP,1844,0.021704638
Spain,ESP,1845,0.027910333
Spain,ESP,1846,0.03379909
Spain,ESP,1847,0.038602155
Spain,ESP,1848,0.043754663
Spain,ESP,1849,0.04911501
Spain,ESP,1850,0.057458207
Spain,ESP,1851,0.06540972
Spain,ESP,1852,0.07312107
Spain,ESP,1853,0.08226818
Spain,ESP,1854,0.08828366
Spain,ESP,1855,0.09375853
Spain,ESP,1856,0.10174147
Spain,ESP,1857,0.11046061
Spain,ESP,1858,0.12282528
Spain,ESP,1859,0.14066528
Spain,ESP,1860,0.1604728
Spain,ESP,1861,0.17913254
Spain,ESP,1862,0.19827947
Spain,ESP,1863,0.2181106
Spain,ESP,1864,0.23433004
Spain,ESP,1865,0.2481282
Spain,ESP,1866,0.26016635
Spain,ESP,1867,0.27291623
Spain,ESP,1868,0.28511605
Spain,ESP,1869,0.29525188
Spain,ESP,1870,0.3078859
Spain,ESP,1871,0.3174575
Spain,ESP,1872,0.32713112
Spain,ESP,1873,0.33402792
Spain,ESP,1874,0.3411465
Spain,ESP,1875,0.34759945
Spain,ESP,1876,0.35505283
Spain,ESP,1877,0.3628775
Spain,ESP,1878,0.3697855
Spain,ESP,1879,0.376297
Spain,ESP,1880,0.38263518
Spain,ESP,1881,0.39046034
Spain,ESP,1882,0.3988338
Spain,ESP,1883,0.40776485
Spain,ESP,1884,0.4155389
Spain,ESP,1885,0.42204103
Spain,ESP,1886,0.4290909
Spain,ESP,1887,0.43488765
Spain,ESP,1888,0.4393879
Spain,ESP,1889,0.44487432
Spain,ESP,1890,0.45005834
Spain,ESP,1891,0.45583266
Spain,ESP,1892,0.462075
Spain,ESP,1893,0.46750957
Spain,ESP,1894,0.47361842
Spain,ESP,1895,0.47778767
Spain,ESP,1896,0.4828438
Spain,ESP,1897,0.48721662
Spain,ESP,1898,0.4897746
Spain,ESP,1899,0.49323782
Spain,ESP,1900,0.49664646
Spain,ESP,1901,0.50034934
Spain,ESP,1902,0.5043013
Spain,ESP,1903,0.5057683
Spain,ESP,1904,0.50838935
Spain,ESP,1905,0.5104602
Spain,ESP,1906,0.51190597
Spain,ESP,1907,0.5106487
Spain,ESP,1908,0.511479
Spain,ESP,1909,0.5119185
Spain,ESP,1910,0.5108948
Spain,ESP,1911,0.50940615
Spain,ESP,1912,0.5086331
Spain,ESP,1913,0.50799805
Spain,ESP,1914,0.5092641
Spain,ESP,1915,0.50843304
Spain,ESP,1916,0.50907487
Spain,ESP,1917,0.5066654
Spain,ESP,1918,0.5056039
Spain,ESP,1919,0.5061546
Spain,ESP,1920,0.5023958
Spain,ESP,1921,0.50164384
Spain,ESP,1922,0.5003395
Spain,ESP,1923,0.49918443
Spain,ESP,1924,0.49904758
Spain,ESP,1925,0.49936542
Spain,ESP,1926,0.49937737
Spain,ESP,1927,0.5004678
Spain,ESP,1928,0.50160277
Spain,ESP,1929,0.503396
Spain,ESP,1930,0.50602543
Spain,ESP,1931,0.50921905
Spain,ESP,1932,0.51254505
Spain,ESP,1933,0.51351774
Spain,ESP,1934,0.5144668
Spain,ESP,1935,0.51618123
Spain,ESP,1936,0.5077944
Spain,ESP,1937,0.49728987
Spain,ESP,1938,0.49273902
Spain,ESP,1939,0.48915535
Spain,ESP,1940,0.48789868
Spain,ESP,1941,0.48634934
Spain,ESP,1942,0.48573455
Spain,ESP,1943,0.4853251
Spain,ESP,1944,0.4856908
Spain,ESP,1945,0.48930797
Spain,ESP,1946,0.4919428
Spain,ESP,1947,0.49461898
Spain,ESP,1948,0.49723157
Spain,ESP,1949,0.50160366
Spain,ESP,1950,0.50301224
Spain,ESP,1951,0.5034151
Spain,ESP,1952,0.5054563
Spain,ESP,1953,0.50755835
Spain,ESP,1954,0.5095853
Spain,ESP,1955,0.51046
Spain,ESP,1956,0.5111406
Spain,ESP,1957,0.51411194
Spain,ESP,1958,0.5184511
Spain,ESP,1959,0.5205131
Spain,ESP,1960,0.5205137
Spain,ESP,1961,0.5219602
Spain,ESP,1962,0.5247381
Spain,ESP,1963,0.52617943
Spain,ESP,1964,0.5282926
Spain,ESP,1965,0.5314228
Spain,ESP,1966,0.535343
Spain,ESP,1967,0.5407802
Spain,ESP,1968,0.54763645
Spain,ESP,1969,0.552838
Spain,ESP,1970,0.56091976
Spain,ESP,1971,0.57032615
Spain,ESP,1972,0.5817359
Spain,ESP,1973,0.5934579
Spain,ESP,1974,0.6080663
Spain,ESP,1975,0.6233594
Spain,ESP,1976,0.63977677
Spain,ESP,1977,0.65398407
Spain,ESP,1978,0.66730666
Spain,ESP,1979,0.6797498
Spain,ESP,1980,0.6933541
Spain,ESP,1981,0.705454
Spain,ESP,1982,0.71739817
Spain,ESP,1983,0.7276918
Spain,ESP,1984,0.7359623
Spain,ESP,1985,0.7433595
Spain,ESP,1986,0.7485317
Spain,ESP,1987,0.752791
Spain,ESP,1988,0.7570498
Spain,ESP,1989,0.7642948
Spain,ESP,1990,0.7711889
Spain,ESP,1991,0.77845526
Spain,ESP,1992,0.7869419
Spain,ESP,1993,0.7938026
Spain,ESP,1994,0.8014835
Spain,ESP,1995,0.80978954
Spain,ESP,1996,0.81574136
Spain,ESP,1997,0.8225428
Spain,ESP,1998,0.8299608
Spain,ESP,1999,0.83887243
Spain,ESP,2000,0.8479846
Spain,ESP,2001,0.85668284
Spain,ESP,2002,0.86634475
Spain,ESP,2003,0.8748761
Spain,ESP,2004,0.88370436
Spain,ESP,2005,0.89265347
Spain,ESP,2006,0.89972
Spain,ESP,2007,0.9063906
Spain,ESP,2008,0.9098972
Spain,ESP,2009,0.9106173
Spain,ESP,2010,0.90906656
Spain,ESP,2011,0.9068749
Spain,ESP,2012,0.904072
Spain,ESP,2013,0.8994544
Spain,ESP,2014,0.89504635
Spain,ESP,2015,0.891974
Spain,ESP,2016,0.8883592
Spain,ESP,2017,0.885458
Spain,ESP,2018,0.88196784
Spain,ESP,2019,0.8773723
Spain,ESP,2020,0.8716773
Spain,ESP,2021,0.8663425
Spain,ESP,2022,0.86121416
Spain,ESP,2023,0.8549944
Spain,ESP,2024,0.8490633
Sri Lanka,LKA,1950,0.00070154615
Sri Lanka,LKA,1951,0.0013315709
Sri Lanka,LKA,1952,0.002088252
Sri Lanka,LKA,1953,0.002854923
Sri Lanka,LKA,1954,0.0034708492
Sri Lanka,LKA,1955,0.003999711
Sri Lanka,LKA,1956,0.0044020438
Sri Lanka,LKA,1957,0.0050972872
Sri Lanka,LKA,1958,0.0056210975
Sri Lanka,LKA,1959,0.006141938
Sri Lanka,LKA,1960,0.006686733
Sri Lanka,LKA,1961,0.007222928
Sri Lanka,LKA,1962,0.0077897706
Sri Lanka,LKA,1963,0.008302393
Sri Lanka,LKA,1964,0.00869611
Sri Lanka,LKA,1965,0.009160735
Sri Lanka,LKA,1966,0.0095837945
Sri Lanka,LKA,1967,0.010045253
Sri Lanka,LKA,1968,0.010534393
Sri Lanka,LKA,1969,0.0112320185
Sri Lanka,LKA,1970,0.0116830245
Sri Lanka,LKA,1971,0.011995657
Sri Lanka,LKA,1972,0.012342342
Sri Lanka,LKA,1973,0.012672552
Sri Lanka,LKA,1974,0.012827274
Sri Lanka,LKA,1975,0.012964644
Sri Lanka,LKA,1976,0.013053035
Sri Lanka,LKA,1977,0.013144712
Sri Lanka,LKA,1978,0.01330588
Sri Lanka,LKA,1979,0.013509014
Sri Lanka,LKA,1980,0.0136314435
Sri Lanka,LKA,1981,0.013856479
Sri Lanka,LKA,1982,0.014143328
Sri Lanka,LKA,1983,0.014469971
Sri Lanka,LKA,1984,0.014618421
Sri Lanka,LKA,1985,0.014752313
Sri Lanka,LKA,1986,0.014836824
Sri Lanka,LKA,1987,0.014952555
Sri Lanka,LKA,1988,0.014972572
Sri Lanka,LKA,1989,0.014984755
Sri Lanka,LKA,1990,0.015033809
Sri Lanka,LKA,1991,0.01510824
Sri Lanka,LKA,1992,0.015299765
Sri Lanka,LKA,1993,0.015463242
Sri Lanka,LKA,1994,0.015662333
Sri Lanka,LKA,1995,0.015882907
Sri Lanka,LKA,1996,0.01620139
Sri Lanka,LKA,1997,0.016556919
Sri Lanka,LKA,1998,0.016918609
Sri Lanka,LKA,1999,0.017328408
Sri Lanka,LKA,2000,0.017861225
Sri Lanka,LKA,2001,0.018381165
Sri Lanka,LKA,2002,0.018924225
Sri Lanka,LKA,2003,0.01941567
Sri Lanka,LKA,2004,0.019966446
Sri Lanka,LKA,2005,0.02045328
Sri Lanka,LKA,2006,0.020885454
Sri Lanka,LKA,2007,0.021308258
Sri Lanka,LKA,2008,0.021685548
Sri Lanka,LKA,2009,0.02212402
Sri Lanka,LKA,2010,0.022520825
Sri Lanka,LKA,2011,0.023008335
Sri Lanka,LKA,2012,0.023528824
Sri Lanka,LKA,2013,0.023932684
Sri Lanka,LKA,2014,0.024512064
Sri Lanka,LKA,2015,0.025203962
Sri Lanka,LKA,2016,0.026067974
Sri Lanka,LKA,2017,0.026872858
Sri Lanka,LKA,2018,0.027504262
Sri Lanka,LKA,2019,0.028160064
Sri Lanka,LKA,2020,0.028779123
Sri Lanka,LKA,2021,0.029367808
Sri Lanka,LKA,2022,0.029782824
Sri Lanka,LKA,2023,0.030214772
Sri Lanka,LKA,2024,0.030710308
Sudan,SDN,1950,0.00021792825
Sudan,SDN,1951,0.00049063814
Sudan,SDN,1952,0.0007626237
Sudan,SDN,1953,0.0010466626
Sudan,SDN,1954,0.0013101326
Sudan,SDN,1955,0.0015942329
Sudan,SDN,1956,0.0018497094
Sudan,SDN,1957,0.0021725853
Sudan,SDN,1958,0.0025181826
Sudan,SDN,1959,0.0028637787
Sudan,SDN,1960,0.0031817968
Sudan,SDN,1961,0.0034881735
Sudan,SDN,1962,0.003800841
Sudan,SDN,1963,0.004141982
Sudan,SDN,1964,0.004503235
Sudan,SDN,1965,0.0049812696
Sudan,SDN,1966,0.005475558
Sudan,SDN,1967,0.0060632937
Sudan,SDN,1968,0.0065849205
Sudan,SDN,1969,0.007300089
Sudan,SDN,1970,0.008092456
Sudan,SDN,1971,0.008845826
Sudan,SDN,1972,0.009612567
Sudan,SDN,1973,0.010317417
Sudan,SDN,1974,0.011022994
Sudan,SDN,1975,0.011420575
Sudan,SDN,1976,0.01168826
Sudan,SDN,1977,0.011935995
Sudan,SDN,1978,0.01209311
Sudan,SDN,1979,0.012250454
Sudan,SDN,1980,0.01242631
Sudan,SDN,1981,0.012586258
Sudan,SDN,1982,0.012766226
Sudan,SDN,1983,0.01294357
Sudan,SDN,1984,0.0130456835
Sudan,SDN,1985,0.013203644
Sudan,SDN,1986,0.013370041
Sudan,SDN,1987,0.013403623
Sudan,SDN,1988,0.013601132
Sudan,SDN,1989,0.013654904
Sudan,SDN,1990,0.013862974
Sudan,SDN,1991,0.014015095
Sudan,SDN,1992,0.014114199
Sudan,SDN,1993,0.014062092
Sudan,SDN,1994,0.014129664
Sudan,SDN,1995,0.014199042
Sudan,SDN,1996,0.014268267
Sudan,SDN,1997,0.014427335
Sudan,SDN,1998,0.014514487
Sudan,SDN,1999,0.014627094
Sudan,SDN,2000,0.014776334
Sudan,SDN,2001,0.014983717
Sudan,SDN,2002,0.015320744
Sudan,SDN,2003,0.015701108
Sudan,SDN,2004,0.016253667
Sudan,SDN,2005,0.016739434
Sudan,SDN,2006,0.017268663
Sudan,SDN,2007,0.017921103
Sudan,SDN,2008,0.018581511
Sudan,SDN,2009,0.019265324
Sudan,SDN,2010,0.019909926
Sudan,SDN,2011,0.020479921
Sudan,SDN,2012,0.021089492
Sudan,SDN,2013,0.021776155
Sudan,SDN,2014,0.022138553
Sudan,SDN,2015,0.022560818
Sudan,SDN,2016,0.023317529
Sudan,SDN,2017,0.024067517
Sudan,SDN,2018,0.02478563
Sudan,SDN,2019,0.025556272
Sudan,SDN,2020,0.026193174
Sudan,SDN,2021,0.026743725
Sudan,SDN,2022,0.027166441
Sudan,SDN,2023,0.027573325
Sudan,SDN,2024,0.027960096
Suriname,SUR,1950,0.000091643415
Suriname,SUR,1951,0.00018760428
Suriname,SUR,1952,0.00029193496
Suriname,SUR,1953,0.0004080982
Suriname,SUR,1954,0.00052792893
Suriname,SUR,1955,0.0006303821
Suriname,SUR,1956,0.0007366828
Suriname,SUR,1957,0.00084792974
Suriname,SUR,1958,0.00093319255
Suriname,SUR,1959,0.0010280942
Suriname,SUR,1960,0.0011369948
Suriname,SUR,1961,0.0012381995
Suriname,SUR,1962,0.0013523623
Suriname,SUR,1963,0.0014685278
Suriname,SUR,1964,0.001596335
Suriname,SUR,1965,0.0017670575
Suriname,SUR,1966,0.0020053205
Suriname,SUR,1967,0.0022886868
Suriname,SUR,1968,0.0025797908
Suriname,SUR,1969,0.002863564
Suriname,SUR,1970,0.0031412367
Suriname,SUR,1971,0.0034195066
Suriname,SUR,1972,0.0036794853
Suriname,SUR,1973,0.003991059
Suriname,SUR,1974,0.0041787955
Suriname,SUR,1975,0.0044362275
Suriname,SUR,1976,0.0046650353
Suriname,SUR,1977,0.0048562135
Suriname,SUR,1978,0.0051166876
Suriname,SUR,1979,0.0053387275
Suriname,SUR,1980,0.005560042
Suriname,SUR,1981,0.0057175998
Suriname,SUR,1982,0.0058426135
Suriname,SUR,1983,0.0058833435
Suriname,SUR,1984,0.0059434553
Suriname,SUR,1985,0.0060005914
Suriname,SUR,1986,0.006074464
Suriname,SUR,1987,0.0061386973
Suriname,SUR,1988,0.006208133
Suriname,SUR,1989,0.0062686233
Suriname,SUR,1990,0.0063074455
Suriname,SUR,1991,0.006374935
Suriname,SUR,1992,0.0064447774
Suriname,SUR,1993,0.006510149
Suriname,SUR,1994,0.0065710754
Suriname,SUR,1995,0.0066270437
Suriname,SUR,1996,0.006677482
Suriname,SUR,1997,0.0067266393
Suriname,SUR,1998,0.0067739547
Suriname,SUR,1999,0.006817178
Suriname,SUR,2000,0.0068605766
Suriname,SUR,2001,0.006916671
Suriname,SUR,2002,0.0068933503
Suriname,SUR,2003,0.006860681
Suriname,SUR,2004,0.0068251654
Suriname,SUR,2005,0.0067884647
Suriname,SUR,2006,0.006760709
Suriname,SUR,2007,0.00673087
Suriname,SUR,2008,0.006713937
Suriname,SUR,2009,0.006704257
Suriname,SUR,2010,0.0067148143
Suriname,SUR,2011,0.0067469724
Suriname,SUR,2012,0.006756565
Suriname,SUR,2013,0.0068096467
Suriname,SUR,2014,0.006862662
Suriname,SUR,2015,0.0068813744
Suriname,SUR,2016,0.006912153
Suriname,SUR,2017,0.006908601
Suriname,SUR,2018,0.0068812477
Suriname,SUR,2019,0.0068860766
Suriname,SUR,2020,0.0069155693
Suriname,SUR,2021,0.006921186
Suriname,SUR,2022,0.0069341743
Suriname,SUR,2023,0.006946717
Suriname,SUR,2024,0.0069632884
Sweden,SWE,1834,0.0012880992
Sweden,SWE,1839,0.0024932898
Sweden,SWE,1840,0.0036584532
Sweden,SWE,1841,0.004735533
Sweden,SWE,1842,0.0068903943
Sweden,SWE,1843,0.008269785
Sweden,SWE,1844,0.010606792
Sweden,SWE,1845,0.0124465
Sweden,SWE,1846,0.013954584
Sweden,SWE,1847,0.015301755
Sweden,SWE,1848,0.017869271
Sweden,SWE,1849,0.021392671
Sweden,SWE,1850,0.024734683
Sweden,SWE,1851,0.028095948
Sweden,SWE,1852,0.03114547
Sweden,SWE,1853,0.034102913
Sweden,SWE,1854,0.038530856
Sweden,SWE,1855,0.042166535
Sweden,SWE,1856,0.047968913
Sweden,SWE,1857,0.055343598
Sweden,SWE,1858,0.06059887
Sweden,SWE,1859,0.06869699
Sweden,SWE,1860,0.075773306
Sweden,SWE,1861,0.084854744
Sweden,SWE,1862,0.09329999
Sweden,SWE,1863,0.10075291
Sweden,SWE,1864,0.1077811
Sweden,SWE,1865,0.11435132
Sweden,SWE,1866,0.1204981
Sweden,SWE,1867,0.12496296
Sweden,SWE,1868,0.13060285
Sweden,SWE,1869,0.13417879
Sweden,SWE,1870,0.1394458
Sweden,SWE,1871,0.14460307
Sweden,SWE,1872,0.15074518
Sweden,SWE,1873,0.15605476
Sweden,SWE,1874,0.16228604
Sweden,SWE,1875,0.1700951
Sweden,SWE,1876,0.17809913
Sweden,SWE,1877,0.18614781
Sweden,SWE,1878,0.1911752
Sweden,SWE,1879,0.1954363
Sweden,SWE,1880,0.20159106
Sweden,SWE,1881,0.2064965
Sweden,SWE,1882,0.21239017
Sweden,SWE,1883,0.21748823
Sweden,SWE,1884,0.22349663
Sweden,SWE,1885,0.23009673
Sweden,SWE,1886,0.23568858
Sweden,SWE,1887,0.24054821
Sweden,SWE,1888,0.24559642
Sweden,SWE,1889,0.25273746
Sweden,SWE,1890,0.2583269
Sweden,SWE,1891,0.26399025
Sweden,SWE,1892,0.26898792
Sweden,SWE,1893,0.2738031
Sweden,SWE,1894,0.27960354
Sweden,SWE,1895,0.2844686
Sweden,SWE,1896,0.28910387
Sweden,SWE,1897,0.29460406
Sweden,SWE,1898,0.30010313
Sweden,SWE,1899,0.30830655
Sweden,SWE,1900,0.31522214
Sweden,SWE,1901,0.31975684
Sweden,SWE,1902,0.324399
Sweden,SWE,1903,0.32917544
Sweden,SWE,1904,0.33435786
Sweden,SWE,1905,0.33792293
Sweden,SWE,1906,0.34248257
Sweden,SWE,1907,0.34706235
Sweden,SWE,1908,0.35337913
Sweden,SWE,1909,0.35693756
Sweden,SWE,1910,0.36010462
Sweden,SWE,1911,0.36233526
Sweden,SWE,1912,0.36545888
Sweden,SWE,1913,0.36928472
Sweden,SWE,1914,0.37308976
Sweden,SWE,1915,0.37696463
Sweden,SWE,1916,0.3804239
Sweden,SWE,1917,0.3733434
Sweden,SWE,1918,0.3682199
Sweden,SWE,1919,0.36482358
Sweden,SWE,1920,0.36251128
Sweden,SWE,1921,0.35768053
Sweden,SWE,1922,0.3562716
Sweden,SWE,1923,0.3554817
Sweden,SWE,1924,0.35670093
Sweden,SWE,1925,0.35651672
Sweden,SWE,1926,0.35624352
Sweden,SWE,1927,0.3590199
Sweden,SWE,1928,0.3604475
Sweden,SWE,1929,0.36329973
Sweden,SWE,1930,0.36652508
Sweden,SWE,1931,0.3706524
Sweden,SWE,1932,0.3753207
Sweden,SWE,1933,0.3798805
Sweden,SWE,1934,0.38494393
Sweden,SWE,1935,0.39004588
Sweden,SWE,1936,0.39534503
Sweden,SWE,1937,0.40201277
Sweden,SWE,1938,0.40733188
Sweden,SWE,1939,0.41362888
Sweden,SWE,1940,0.41267344
Sweden,SWE,1941,0.4096695
Sweden,SWE,1942,0.40580067
Sweden,SWE,1943,0.40337327
Sweden,SWE,1944,0.39920828
Sweden,SWE,1945,0.3930906
Sweden,SWE,1946,0.39273867
Sweden,SWE,1947,0.39497098
Sweden,SWE,1948,0.39917627
Sweden,SWE,1949,0.40185755
Sweden,SWE,1950,0.4039393
Sweden,SWE,1951,0.40717208
Sweden,SWE,1952,0.41053495
Sweden,SWE,1953,0.41262528
Sweden,SWE,1954,0.41513857
Sweden,SWE,1955,0.4182269
Sweden,SWE,1956,0.42196772
Sweden,SWE,1957,0.42349556
Sweden,SWE,1958,0.42571053
Sweden,SWE,1959,0.42728066
Sweden,SWE,1960,0.43021908
Sweden,SWE,1961,0.43283007
Sweden,SWE,1962,0.4356032
Sweden,SWE,1963,0.4387382
Sweden,SWE,1964,0.4424316
Sweden,SWE,1965,0.4459109
Sweden,SWE,1966,0.45118776
Sweden,SWE,1967,0.45475915
Sweden,SWE,1968,0.4595257
Sweden,SWE,1969,0.46516097
Sweden,SWE,1970,0.47056055
Sweden,SWE,1971,0.4731797
Sweden,SWE,1972,0.47491395
Sweden,SWE,1973,0.47621807
Sweden,SWE,1974,0.4759893
Sweden,SWE,1975,0.47596905
Sweden,SWE,1976,0.4765811
Sweden,SWE,1977,0.47625965
Sweden,SWE,1978,0.47428492
Sweden,SWE,1979,0.4729718
Sweden,SWE,1980,0.46963802
Sweden,SWE,1981,0.466536
Sweden,SWE,1982,0.4626115
Sweden,SWE,1983,0.4581852
Sweden,SWE,1984,0.45349252
Sweden,SWE,1985,0.44934317
Sweden,SWE,1986,0.44519547
Sweden,SWE,1987,0.44056603
Sweden,SWE,1988,0.4354304
Sweden,SWE,1989,0.43018466
Sweden,SWE,1990,0.42518228
Sweden,SWE,1991,0.42024407
Sweden,SWE,1992,0.41589016
Sweden,SWE,1993,0.41165316
Sweden,SWE,1994,0.4078049
Sweden,SWE,1995,0.40385562
Sweden,SWE,1996,0.40020776
Sweden,SWE,1997,0.39616758
Sweden,SWE,1998,0.3924002
Sweden,SWE,1999,0.38832816
Sweden,SWE,2000,0.3841021
Sweden,SWE,2001,0.38009605
Sweden,SWE,2002,0.37615907
Sweden,SWE,2003,0.37199906
Sweden,SWE,2004,0.36766443
Sweden,SWE,2005,0.36301264
Sweden,SWE,2006,0.35828263
Sweden,SWE,2007,0.35346603
Sweden,SWE,2008,0.34857136
Sweden,SWE,2009,0.34378052
Sweden,SWE,2010,0.33919734
Sweden,SWE,2011,0.3342691
Sweden,SWE,2012,0.3292933
Sweden,SWE,2013,0.32438222
Sweden,SWE,2014,0.3195478
Sweden,SWE,2015,0.31494734
Sweden,SWE,2016,0.31055865
Sweden,SWE,2017,0.30619332
Sweden,SWE,2018,0.30184954
Sweden,SWE,2019,0.29756942
Sweden,SWE,2020,0.2935649
Sweden,SWE,2021,0.28954968
Sweden,SWE,2022,0.28546944
Sweden,SWE,2023,0.2814906
Sweden,SWE,2024,0.277675
Switzerland,CHE,1858,0.002170058
Switzerland,CHE,1859,0.004984816
Switzerland,CHE,1860,0.008876585
Switzerland,CHE,1861,0.013968834
Switzerland,CHE,1862,0.019148907
Switzerland,CHE,1863,0.023826119
Switzerland,CHE,1864,0.029162357
Switzerland,CHE,1865,0.03527274
Switzerland,CHE,1866,0.040703747
Switzerland,CHE,1867,0.045372818
Switzerland,CHE,1868,0.050447017
Switzerland,CHE,1869,0.05469916
Switzerland,CHE,1870,0.059820134
Switzerland,CHE,1871,0.066038266
Switzerland,CHE,1872,0.07263945
Switzerland,CHE,1873,0.07813456
Switzerland,CHE,1874,0.0828722
Switzerland,CHE,1875,0.08763957
Switzerland,CHE,1876,0.093315616
Switzerland,CHE,1877,0.09796194
Switzerland,CHE,1878,0.10182716
Switzerland,CHE,1879,0.105601296
Switzerland,CHE,1880,0.1096881
Switzerland,CHE,1881,0.11270076
Switzerland,CHE,1882,0.1159741
Switzerland,CHE,1883,0.119482376
Switzerland,CHE,1884,0.12284268
Switzerland,CHE,1885,0.1262157
Switzerland,CHE,1886,0.12939182
Switzerland,CHE,1887,0.13271822
Switzerland,CHE,1888,0.13536091
Switzerland,CHE,1889,0.13862197
Switzerland,CHE,1890,0.14224312
Switzerland,CHE,1891,0.14735754
Switzerland,CHE,1892,0.15182447
Switzerland,CHE,1893,0.15423232
Switzerland,CHE,1894,0.15825763
Switzerland,CHE,1895,0.16232201
Switzerland,CHE,1896,0.1668048
Switzerland,CHE,1897,0.17120498
Switzerland,CHE,1898,0.17562898
Switzerland,CHE,1899,0.17991202
Switzerland,CHE,1900,0.18466552
Switzerland,CHE,1901,0.18772916
Switzerland,CHE,1902,0.19044581
Switzerland,CHE,1903,0.19308618
Switzerland,CHE,1904,0.19594906
Switzerland,CHE,1905,0.19854237
Switzerland,CHE,1906,0.2016654
Switzerland,CHE,1907,0.2051366
Switzerland,CHE,1908,0.20867702
Switzerland,CHE,1909,0.21164884
Switzerland,CHE,1910,0.2135433
Switzerland,CHE,1911,0.21625958
Switzerland,CHE,1912,0.21850526
Switzerland,CHE,1913,0.22043552
Switzerland,CHE,1914,0.2220865
Switzerland,CHE,1915,0.22431926
Switzerland,CHE,1916,0.22526875
Switzerland,CHE,1917,0.22323443
Switzerland,CHE,1918,0.22109039
Switzerland,CHE,1919,0.21897517
Switzerland,CHE,1920,0.21846032
Switzerland,CHE,1921,0.21627045
Switzerland,CHE,1922,0.21544473
Switzerland,CHE,1923,0.21516976
Switzerland,CHE,1924,0.21452002
Switzerland,CHE,1925,0.2141178
Switzerland,CHE,1926,0.21378332
Switzerland,CHE,1927,0.2137963
Switzerland,CHE,1928,0.21411179
Switzerland,CHE,1929,0.21490058
Switzerland,CHE,1930,0.21564461
Switzerland,CHE,1931,0.21734636
Switzerland,CHE,1932,0.21956705
Switzerland,CHE,1933,0.22101066
Switzerland,CHE,1934,0.22196297
Switzerland,CHE,1935,0.22256847
Switzerland,CHE,1936,0.22290878
Switzerland,CHE,1937,0.22317204
Switzerland,CHE,1938,0.2237655
Switzerland,CHE,1939,0.22482021
Switzerland,CHE,1940,0.2233449
Switzerland,CHE,1941,0.22090441
Switzerland,CHE,1942,0.21819875
Switzerland,CHE,1943,0.21569888
Switzerland,CHE,1944,0.21237685
Switzerland,CHE,1945,0.20873365
Switzerland,CHE,1946,0.20689906
Switzerland,CHE,1947,0.20632263
Switzerland,CHE,1948,0.20585644
Switzerland,CHE,1949,0.20489019
Switzerland,CHE,1950,0.204071
Switzerland,CHE,1951,0.20377615
Switzerland,CHE,1952,0.2029833
Switzerland,CHE,1953,0.20173077
Switzerland,CHE,1954,0.20131032
Switzerland,CHE,1955,0.20080087
Switzerland,CHE,1956,0.20122747
Switzerland,CHE,1957,0.20166887
Switzerland,CHE,1958,0.20143847
Switzerland,CHE,1959,0.20103003
Switzerland,CHE,1960,0.20123841
Switzerland,CHE,1961,0.20168805
Switzerland,CHE,1962,0.2030544
Switzerland,CHE,1963,0.20549291
Switzerland,CHE,1964,0.20718522
Switzerland,CHE,1965,0.20910376
Switzerland,CHE,1966,0.21090339
Switzerland,CHE,1967,0.21265258
Switzerland,CHE,1968,0.21480523
Switzerland,CHE,1969,0.21687308
Switzerland,CHE,1970,0.21873842
Switzerland,CHE,1971,0.22054762
Switzerland,CHE,1972,0.2221073
Switzerland,CHE,1973,0.2238515
Switzerland,CHE,1974,0.22453816
Switzerland,CHE,1975,0.22471593
Switzerland,CHE,1976,0.22477196
Switzerland,CHE,1977,0.22472917
Switzerland,CHE,1978,0.22462465
Switzerland,CHE,1979,0.2239451
Switzerland,CHE,1980,0.22344962
Switzerland,CHE,1981,0.22290501
Switzerland,CHE,1982,0.2220967
Switzerland,CHE,1983,0.22179787
Switzerland,CHE,1984,0.22120188
Switzerland,CHE,1985,0.2205151
Switzerland,CHE,1986,0.22011977
Switzerland,CHE,1987,0.21927185
Switzerland,CHE,1988,0.21829805
Switzerland,CHE,1989,0.21714117
Switzerland,CHE,1990,0.21649536
Switzerland,CHE,1991,0.21600059
Switzerland,CHE,1992,0.21569264
Switzerland,CHE,1993,0.21506904
Switzerland,CHE,1994,0.21431857
Switzerland,CHE,1995,0.21356083
Switzerland,CHE,1996,0.21275279
Switzerland,CHE,1997,0.21184379
Switzerland,CHE,1998,0.21115567
Switzerland,CHE,1999,0.21037123
Switzerland,CHE,2000,0.20940997
Switzerland,CHE,2001,0.2085959
Switzerland,CHE,2002,0.20756413
Switzerland,CHE,2003,0.20643105
Switzerland,CHE,2004,0.20523223
Switzerland,CHE,2005,0.20396692
Switzerland,CHE,2006,0.20256321
Switzerland,CHE,2007,0.20092124
Switzerland,CHE,2008,0.1993794
Switzerland,CHE,2009,0.19790442
Switzerland,CHE,2010,0.19634691
Switzerland,CHE,2011,0.19440536
Switzerland,CHE,2012,0.19258384
Switzerland,CHE,2013,0.19087303
Switzerland,CHE,2014,0.18895367
Switzerland,CHE,2015,0.1870995
Switzerland,CHE,2016,0.18536136
Switzerland,CHE,2017,0.18357104
Switzerland,CHE,2018,0.18169577
Switzerland,CHE,2019,0.17985785
Switzerland,CHE,2020,0.17815638
Switzerland,CHE,2021,0.17643997
Switzerland,CHE,2022,0.17456326
Switzerland,CHE,2023,0.1726566
Switzerland,CHE,2024,0.17078699
Syria,SYR,1931,0.0000025115921
Syria,SYR,1932,0.000009830155
Syria,SYR,1933,0.000019223195
Syria,SYR,1934,0.000025808169
Syria,SYR,1935,0.00003434249
Syria,SYR,1936,0.00005129853
Syria,SYR,1937,0.00008681926
Syria,SYR,1938,0.00012066949
Syria,SYR,1939,0.00015061993
Syria,SYR,1940,0.00015860154
Syria,SYR,1941,0.00016606151
Syria,SYR,1942,0.00019027003
Syria,SYR,1943,0.00020387977
Syria,SYR,1944,0.00020767898
Syria,SYR,1945,0.00021218578
Syria,SYR,1946,0.0002179092
Syria,SYR,1947,0.00022449723
Syria,SYR,1948,0.00023048108
Syria,SYR,1949,0.00023803981
Syria,SYR,1950,0.00041038234
Syria,SYR,1951,0.0005592039
Syria,SYR,1952,0.0007387943
Syria,SYR,1953,0.0009229427
Syria,SYR,1954,0.0011225048
Syria,SYR,1955,0.0017099908
Syria,SYR,1956,0.0023926296
Syria,SYR,1957,0.0030262307
Syria,SYR,1958,0.0036854597
Syria,SYR,1959,0.0043207393
Syria,SYR,1960,0.005232913
Syria,SYR,1961,0.0060410206
Syria,SYR,1962,0.0068381424
Syria,SYR,1963,0.007697824
Syria,SYR,1964,0.008709733
Syria,SYR,1965,0.009456242
Syria,SYR,1966,0.010475322
Syria,SYR,1967,0.01134011
Syria,SYR,1968,0.01247131
Syria,SYR,1969,0.0138143785
Syria,SYR,1970,0.01489319
Syria,SYR,1971,0.01638145
Syria,SYR,1972,0.01749622
Syria,SYR,1973,0.018528465
Syria,SYR,1974,0.019852145
Syria,SYR,1975,0.02138604
Syria,SYR,1976,0.023271287
Syria,SYR,1977,0.025175644
Syria,SYR,1978,0.027022442
Syria,SYR,1979,0.029979326
Syria,SYR,1980,0.03246021
Syria,SYR,1981,0.035753127
Syria,SYR,1982,0.038524773
Syria,SYR,1983,0.04165236
Syria,SYR,1984,0.04532274
Syria,SYR,1985,0.048247967
Syria,SYR,1986,0.05122448
Syria,SYR,1987,0.054645676
Syria,SYR,1988,0.057910383
Syria,SYR,1989,0.060666725
Syria,SYR,1990,0.063575156
Syria,SYR,1991,0.066907905
Syria,SYR,1992,0.07016012
Syria,SYR,1993,0.07353625
Syria,SYR,1994,0.07677052
Syria,SYR,1995,0.07984388
Syria,SYR,1996,0.08281302
Syria,SYR,1997,0.08584341
Syria,SYR,1998,0.08912392
Syria,SYR,1999,0.09239883
Syria,SYR,2000,0.09536008
Syria,SYR,2001,0.09786632
Syria,SYR,2002,0.09923534
Syria,SYR,2003,0.10171871
Syria,SYR,2004,0.10367702
Syria,SYR,2005,0.10540754
Syria,SYR,2006,0.10720295
Syria,SYR,2007,0.10986948
Syria,SYR,2008,0.11244302
Syria,SYR,2009,0.11456919
Syria,SYR,2010,0.116348885
Syria,SYR,2011,0.11772629
Syria,SYR,2012,0.11809381
Syria,SYR,2013,0.1175822
Syria,SYR,2014,0.11712129
Syria,SYR,2015,0.11643936
Syria,SYR,2016,0.11566353
Syria,SYR,2017,0.11521445
Syria,SYR,2018,0.11456545
Syria,SYR,2019,0.11402441
Syria,SYR,2020,0.11356832
Syria,SYR,2021,0.11302877
Syria,SYR,2022,0.11240851
Syria,SYR,2023,0.11179281
Syria,SYR,2024,0.111177824
Taiwan,TWN,1750,0
Taiwan,TWN,1751,0
Taiwan,TWN,1752,0
Taiwan,TWN,1753,0
Taiwan,TWN,1754,0
Taiwan,TWN,1755,0
Taiwan,TWN,1756,0
Taiwan,TWN,1757,0
Taiwan,TWN,1758,0
Taiwan,TWN,1759,0
Taiwan,TWN,1760,0
Taiwan,TWN,1761,0
Taiwan,TWN,1762,0
Taiwan,TWN,1763,0
Taiwan,TWN,1764,0
Taiwan,TWN,1765,0
Taiwan,TWN,1766,0
Taiwan,TWN,1767,0
Taiwan,TWN,1768,0
Taiwan,TWN,1769,0
Taiwan,TWN,1770,0
Taiwan,TWN,1771,0
Taiwan,TWN,1772,0
Taiwan,TWN,1773,0
Taiwan,TWN,1774,0
Taiwan,TWN,1775,0
Taiwan,TWN,1776,0
Taiwan,TWN,1777,0
Taiwan,TWN,1778,0
Taiwan,TWN,1779,0
Taiwan,TWN,1780,0
Taiwan,TWN,1781,0
Taiwan,TWN,1782,0
Taiwan,TWN,1783,0
Taiwan,TWN,1784,0
Taiwan,TWN,1785,0
Taiwan,TWN,1786,0
Taiwan,TWN,1787,0
Taiwan,TWN,1788,0
Taiwan,TWN,1789,0
Taiwan,TWN,1790,0
Taiwan,TWN,1791,0
Taiwan,TWN,1792,0
Taiwan,TWN,1793,0
Taiwan,TWN,1794,0
Taiwan,TWN,1795,0
Taiwan,TWN,1796,0
Taiwan,TWN,1797,0
Taiwan,TWN,1798,0
Taiwan,TWN,1799,0
Taiwan,TWN,1800,0
Taiwan,TWN,1801,0
Taiwan,TWN,1802,0
Taiwan,TWN,1803,0
Taiwan,TWN,1804,0
Taiwan,TWN,1805,0
Taiwan,TWN,1806,0
Taiwan,TWN,1807,0
Taiwan,TWN,1808,0
Taiwan,TWN,1809,0
Taiwan,TWN,1810,0
Taiwan,TWN,1811,0
Taiwan,TWN,1812,0
Taiwan,TWN,1813,0
Taiwan,TWN,1814,0
Taiwan,TWN,1815,0
Taiwan,TWN,1816,0
Taiwan,TWN,1817,0
Taiwan,TWN,1818,0
Taiwan,TWN,1819,0
Taiwan,TWN,1820,0
Taiwan,TWN,1821,0
Taiwan,TWN,1822,0
Taiwan,TWN,1823,0
Taiwan,TWN,1824,0
Taiwan,TWN,1825,0
Taiwan,TWN,1826,0
Taiwan,TWN,1827,0
Taiwan,TWN,1828,0
Taiwan,TWN,1829,0
Taiwan,TWN,1830,0
Taiwan,TWN,1831,0
Taiwan,TWN,1832,0
Taiwan,TWN,1833,0
Taiwan,TWN,1834,0
Taiwan,TWN,1835,0
Taiwan,TWN,1836,0
Taiwan,TWN,1837,0
Taiwan,TWN,1838,0
Taiwan,TWN,1839,0
Taiwan,TWN,1840,0
Taiwan,TWN,1841,0
Taiwan,TWN,1842,0
Taiwan,TWN,1843,0
Taiwan,TWN,1844,0
Taiwan,TWN,1845,0
Taiwan,TWN,1846,0
Taiwan,TWN,1847,0
Taiwan,TWN,1848,0
Taiwan,TWN,1849,0
Taiwan,TWN,1850,0
Taiwan,TWN,1851,0
Taiwan,TWN,1852,0
Taiwan,TWN,1853,0
Taiwan,TWN,1854,0
Taiwan,TWN,1855,0
Taiwan,TWN,1856,0
Taiwan,TWN,1857,0
Taiwan,TWN,1858,0
Taiwan,TWN,1859,0
Taiwan,TWN,1860,0
Taiwan,TWN,1861,0
Taiwan,TWN,1862,0
Taiwan,TWN,1863,0
Taiwan,TWN,1864,0
Taiwan,TWN,1865,0
Taiwan,TWN,1866,0
Taiwan,TWN,1867,0
Taiwan,TWN,1868,0
Taiwan,TWN,1869,0
Taiwan,TWN,1870,0
Taiwan,TWN,1871,0
Taiwan,TWN,1872,0
Taiwan,TWN,1873,0
Taiwan,TWN,1874,0
Taiwan,TWN,1875,0
Taiwan,TWN,1876,0
Taiwan,TWN,1877,0
Taiwan,TWN,1878,0
Taiwan,TWN,1879,0
Taiwan,TWN,1880,0
Taiwan,TWN,1881,0
Taiwan,TWN,1882,0
Taiwan,TWN,1883,0
Taiwan,TWN,1884,0
Taiwan,TWN,1885,0
Taiwan,TWN,1886,0
Taiwan,TWN,1887,0
Taiwan,TWN,1888,0
Taiwan,TWN,1889,0
Taiwan,TWN,1890,0
Taiwan,TWN,1891,0
Taiwan,TWN,1892,0
Taiwan,TWN,1893,0
Taiwan,TWN,1894,0
Taiwan,TWN,1895,0
Taiwan,TWN,1896,0.0000096541735
Taiwan,TWN,1897,0.00013888993
Taiwan,TWN,1898,0.00040831565
Taiwan,TWN,1899,0.00057751214
Taiwan,TWN,1900,0.0007960771
Taiwan,TWN,1901,0.0011350198
Taiwan,TWN,1902,0.0016083316
Taiwan,TWN,1903,0.0019575555
Taiwan,TWN,1904,0.0022830737
Taiwan,TWN,1905,0.0026337586
Taiwan,TWN,1906,0.0029872197
Taiwan,TWN,1907,0.0034288473
Taiwan,TWN,1908,0.0039171358
Taiwan,TWN,1909,0.0044715693
Taiwan,TWN,1910,0.0051521426
Taiwan,TWN,1911,0.0058572483
Taiwan,TWN,1912,0.006573202
Taiwan,TWN,1913,0.007348003
Taiwan,TWN,1914,0.008168205
Taiwan,TWN,1915,0.009042983
Taiwan,TWN,1916,0.010239858
Taiwan,TWN,1917,0.011773084
Taiwan,TWN,1918,0.013555631
Taiwan,TWN,1919,0.016049348
Taiwan,TWN,1920,0.018437095
Taiwan,TWN,1921,0.02047939
Taiwan,TWN,1922,0.023117846
Taiwan,TWN,1923,0.025734311
Taiwan,TWN,1924,0.028319886
Taiwan,TWN,1925,0.031148748
Taiwan,TWN,1926,0.034036584
Taiwan,TWN,1927,0.03679998
Taiwan,TWN,1928,0.03885558
Taiwan,TWN,1929,0.040696368
Taiwan,TWN,1930,0.042561132
Taiwan,TWN,1931,0.044128314
Taiwan,TWN,1932,0.04560622
Taiwan,TWN,1933,0.04736608
Taiwan,TWN,1934,0.048942253
Taiwan,TWN,1935,0.050508704
Taiwan,TWN,1936,0.052109566
Taiwan,TWN,1937,0.053845875
Taiwan,TWN,1938,0.055955477
Taiwan,TWN,1939,0.058612537
Taiwan,TWN,1940,0.06132191
Taiwan,TWN,1941,0.06393975
Taiwan,TWN,1942,0.06563215
Taiwan,TWN,1943,0.067210265
Taiwan,TWN,1944,0.06778697
Taiwan,TWN,1945,0.06743657
Taiwan,TWN,1946,0.067319386
Taiwan,TWN,1947,0.067385375
Taiwan,TWN,1948,0.06777842
Taiwan,TWN,1949,0.06819679
Taiwan,TWN,1950,0.06808434
Taiwan,TWN,1951,0.06832074
Taiwan,TWN,1952,0.069126934
Taiwan,TWN,1953,0.069872595
Taiwan,TWN,1954,0.07054756
Taiwan,TWN,1955,0.07128008
Taiwan,TWN,1956,0.072023995
Taiwan,TWN,1957,0.07283577
Taiwan,TWN,1958,0.07402099
Taiwan,TWN,1959,0.075504795
Taiwan,TWN,1960,0.077056795
Taiwan,TWN,1961,0.0787162
Taiwan,TWN,1962,0.08069818
Taiwan,TWN,1963,0.082718015
Taiwan,TWN,1964,0.08499922
Taiwan,TWN,1965,0.087285824
Taiwan,TWN,1966,0.089735165
Taiwan,TWN,1967,0.092596345
Taiwan,TWN,1968,0.09566735
Taiwan,TWN,1969,0.098863
Taiwan,TWN,1970,0.10215328
Taiwan,TWN,1971,0.10569809
Taiwan,TWN,1972,0.109791785
Taiwan,TWN,1973,0.11432255
Taiwan,TWN,1974,0.118367344
Taiwan,TWN,1975,0.12295908
Taiwan,TWN,1976,0.12944543
Taiwan,TWN,1977,0.13630618
Taiwan,TWN,1978,0.14430664
Taiwan,TWN,1979,0.15247124
Taiwan,TWN,1980,0.16141945
Taiwan,TWN,1981,0.16859226
Taiwan,TWN,1982,0.17459948
Taiwan,TWN,1983,0.18120718
Taiwan,TWN,1984,0.18744819
Taiwan,TWN,1985,0.19298537
Taiwan,TWN,1986,0.19948202
Taiwan,TWN,1987,0.20602266
Taiwan,TWN,1988,0.21405534
Taiwan,TWN,1989,0.22265974
Taiwan,TWN,1990,0.2317842
Taiwan,TWN,1991,0.24140054
Taiwan,TWN,1992,0.25172722
Taiwan,TWN,1993,0.26278046
Taiwan,TWN,1994,0.2740422
Taiwan,TWN,1995,0.28549683
Taiwan,TWN,1996,0.29700205
Taiwan,TWN,1997,0.30919692
Taiwan,TWN,1998,0.32180282
Taiwan,TWN,1999,0.33436346
Taiwan,TWN,2000,0.34791276
Taiwan,TWN,2001,0.36117518
Taiwan,TWN,2002,0.37427154
Taiwan,TWN,2003,0.38721755
Taiwan,TWN,2004,0.40009826
Taiwan,TWN,2005,0.41264656
Taiwan,TWN,2006,0.42503035
Taiwan,TWN,2007,0.43677104
Taiwan,TWN,2008,0.4467134
Taiwan,TWN,2009,0.4552904
Taiwan,TWN,2010,0.46415895
Taiwan,TWN,2011,0.47263855
Taiwan,TWN,2012,0.48029494
Taiwan,TWN,2013,0.48756242
Taiwan,TWN,2014,0.4945814
Taiwan,TWN,2015,0.50124717
Taiwan,TWN,2016,0.50786567
Taiwan,TWN,2017,0.5143496
Taiwan,TWN,2018,0.5202058
Taiwan,TWN,2019,0.52512366
Taiwan,TWN,2020,0.5302966
Taiwan,TWN,2021,0.5353873
Taiwan,TWN,2022,0.5395099
Taiwan,TWN,2023,0.54291254
Taiwan,TWN,2024,0.5457673
Tajikistan,TJK,1830,0.000002699424
Tajikistan,TJK,1831,0.0000057243283
Tajikistan,TJK,1832,0.0000075375647
Tajikistan,TJK,1833,0.000009711534
Tajikistan,TJK,1850,0.000012809619
Tajikistan,TJK,1855,0.000029397022
Tajikistan,TJK,1858,0.000049143164
Tajikistan,TJK,1859,0.000070816066
Tajikistan,TJK,1860,0.00009763681
Tajikistan,TJK,1861,0.00012962345
Tajikistan,TJK,1862,0.00015530428
Tajikistan,TJK,1863,0.00017974059
Tajikistan,TJK,1864,0.00020504683
Tajikistan,TJK,1865,0.00022608585
Tajikistan,TJK,1866,0.0003079525
Tajikistan,TJK,1867,0.00039441505
Tajikistan,TJK,1868,0.00045634576
Tajikistan,TJK,1869,0.0005386797
Tajikistan,TJK,1870,0.0006215152
Tajikistan,TJK,1871,0.00073109317
Tajikistan,TJK,1872,0.0008306119
Tajikistan,TJK,1873,0.0009103758
Tajikistan,TJK,1874,0.0010101801
Tajikistan,TJK,1875,0.0011178841
Tajikistan,TJK,1876,0.0012509549
Tajikistan,TJK,1877,0.0013752514
Tajikistan,TJK,1878,0.0015411887
Tajikistan,TJK,1879,0.001694709
Tajikistan,TJK,1880,0.0018622237
Tajikistan,TJK,1881,0.0020244352
Tajikistan,TJK,1882,0.0021798362
Tajikistan,TJK,1883,0.0023478884
Tajikistan,TJK,1884,0.0025036682
Tajikistan,TJK,1885,0.0026674985
Tajikistan,TJK,1886,0.00282266
Tajikistan,TJK,1887,0.0029742767
Tajikistan,TJK,1888,0.0031111888
Tajikistan,TJK,1889,0.0032569543
Tajikistan,TJK,1890,0.003413927
Tajikistan,TJK,1891,0.0035794603
Tajikistan,TJK,1892,0.0037473927
Tajikistan,TJK,1893,0.003956631
Tajikistan,TJK,1894,0.0041500945
Tajikistan,TJK,1895,0.004369077
Tajikistan,TJK,1896,0.004571541
Tajikistan,TJK,1897,0.004806375
Tajikistan,TJK,1898,0.0050611235
Tajikistan,TJK,1899,0.0053457725
Tajikistan,TJK,1900,0.0056585427
Tajikistan,TJK,1901,0.0059512174
Tajikistan,TJK,1902,0.006195752
Tajikistan,TJK,1903,0.006386739
Tajikistan,TJK,1904,0.0066084643
Tajikistan,TJK,1905,0.006743133
Tajikistan,TJK,1906,0.0069106384
Tajikistan,TJK,1907,0.0070760753
Tajikistan,TJK,1908,0.0072423504
Tajikistan,TJK,1909,0.0074071665
Tajikistan,TJK,1910,0.0075341593
Tajikistan,TJK,1911,0.007661499
Tajikistan,TJK,1912,0.007819218
Tajikistan,TJK,1913,0.007977052
Tajikistan,TJK,1914,0.008106454
Tajikistan,TJK,1915,0.008196602
Tajikistan,TJK,1916,0.008281599
Tajikistan,TJK,1917,0.008316207
Tajikistan,TJK,1918,0.008150179
Tajikistan,TJK,1919,0.008013863
Tajikistan,TJK,1920,0.00783766
Tajikistan,TJK,1921,0.0077121686
Tajikistan,TJK,1922,0.0076054307
Tajikistan,TJK,1923,0.007488285
Tajikistan,TJK,1924,0.0074018724
Tajikistan,TJK,1925,0.007317383
Tajikistan,TJK,1926,0.0073043206
Tajikistan,TJK,1927,0.0073207277
Tajikistan,TJK,1928,0.0073623704
Tajikistan,TJK,1929,0.007405397
Tajikistan,TJK,1930,0.007559302
Tajikistan,TJK,1931,0.00779822
Tajikistan,TJK,1932,0.008096761
Tajikistan,TJK,1933,0.008427082
Tajikistan,TJK,1934,0.00883071
Tajikistan,TJK,1935,0.009282535
Tajikistan,TJK,1936,0.0097854845
Tajikistan,TJK,1937,0.01026197
Tajikistan,TJK,1938,0.010770218
Tajikistan,TJK,1939,0.011247765
Tajikistan,TJK,1940,0.011820107
Tajikistan,TJK,1941,0.012251374
Tajikistan,TJK,1942,0.012329379
Tajikistan,TJK,1943,0.012414457
Tajikistan,TJK,1944,0.012667128
Tajikistan,TJK,1945,0.012993996
Tajikistan,TJK,1946,0.013358313
Tajikistan,TJK,1947,0.013800661
Tajikistan,TJK,1948,0.014251284
Tajikistan,TJK,1949,0.014801647
Tajikistan,TJK,1950,0.01537687
Tajikistan,TJK,1951,0.015970673
Tajikistan,TJK,1952,0.016597046
Tajikistan,TJK,1953,0.017237717
Tajikistan,TJK,1954,0.017932365
Tajikistan,TJK,1955,0.018695025
Tajikistan,TJK,1956,0.019500798
Tajikistan,TJK,1957,0.020365981
Tajikistan,TJK,1958,0.021259284
Tajikistan,TJK,1959,0.022143845
Tajikistan,TJK,1960,0.02299842
Tajikistan,TJK,1961,0.023847336
Tajikistan,TJK,1962,0.024696862
Tajikistan,TJK,1963,0.025568238
Tajikistan,TJK,1964,0.026446259
Tajikistan,TJK,1965,0.027333228
Tajikistan,TJK,1966,0.028217828
Tajikistan,TJK,1967,0.02909795
Tajikistan,TJK,1968,0.029922625
Tajikistan,TJK,1969,0.03070295
Tajikistan,TJK,1970,0.031438213
Tajikistan,TJK,1971,0.032189913
Tajikistan,TJK,1972,0.032935478
Tajikistan,TJK,1973,0.033649977
Tajikistan,TJK,1974,0.034394003
Tajikistan,TJK,1975,0.035186645
Tajikistan,TJK,1976,0.035942238
Tajikistan,TJK,1977,0.03668093
Tajikistan,TJK,1978,0.03739391
Tajikistan,TJK,1979,0.038045213
Tajikistan,TJK,1980,0.038734082
Tajikistan,TJK,1981,0.039381992
Tajikistan,TJK,1982,0.040035196
Tajikistan,TJK,1983,0.040668126
Tajikistan,TJK,1984,0.041249294
Tajikistan,TJK,1985,0.041888956
Tajikistan,TJK,1986,0.042415783
Tajikistan,TJK,1987,0.042829886
Tajikistan,TJK,1988,0.04329968
Tajikistan,TJK,1989,0.043713205
Tajikistan,TJK,1990,0.044006817
Tajikistan,TJK,1991,0.04398309
Tajikistan,TJK,1992,0.04368144
Tajikistan,TJK,1993,0.043134958
Tajikistan,TJK,1994,0.04229303
Tajikistan,TJK,1995,0.04147843
Tajikistan,TJK,1996,0.040714603
Tajikistan,TJK,1997,0.039913516
Tajikistan,TJK,1998,0.039189808
Tajikistan,TJK,1999,0.038482323
Tajikistan,TJK,2000,0.037757095
Tajikistan,TJK,2001,0.03706489
Tajikistan,TJK,2002,0.03634832
Tajikistan,TJK,2003,0.035638977
Tajikistan,TJK,2004,0.034977116
Tajikistan,TJK,2005,0.03430836
Tajikistan,TJK,2006,0.033662405
Tajikistan,TJK,2007,0.033070177
Tajikistan,TJK,2008,0.03246719
Tajikistan,TJK,2009,0.031872254
Tajikistan,TJK,2010,0.031269897
Tajikistan,TJK,2011,0.030656831
Tajikistan,TJK,2012,0.030105554
Tajikistan,TJK,2013,0.029572545
Tajikistan,TJK,2014,0.029175732
Tajikistan,TJK,2015,0.028844792
Tajikistan,TJK,2016,0.028574806
Tajikistan,TJK,2017,0.028360829
Tajikistan,TJK,2018,0.028217075
Tajikistan,TJK,2019,0.0281118
Tajikistan,TJK,2020,0.028084692
Tajikistan,TJK,2021,0.028028803
Tajikistan,TJK,2022,0.028028935
Tajikistan,TJK,2023,0.028006122
Tajikistan,TJK,2024,0.028002324
Tanzania,TZA,1950,0.000214888
Tanzania,TZA,1951,0.00039673693
Tanzania,TZA,1952,0.00060632644
Tanzania,TZA,1953,0.00080016395
Tanzania,TZA,1954,0.000987738
Tanzania,TZA,1955,0.0011697243
Tanzania,TZA,1956,0.0013769271
Tanzania,TZA,1957,0.0016074252
Tanzania,TZA,1958,0.0018373412
Tanzania,TZA,1959,0.0020133
Tanzania,TZA,1960,0.0022205259
Tanzania,TZA,1961,0.002376098
Tanzania,TZA,1962,0.0025391749
Tanzania,TZA,1963,0.0026995316
Tanzania,TZA,1964,0.0029120767
Tanzania,TZA,1965,0.0031432451
Tanzania,TZA,1966,0.0034114528
Tanzania,TZA,1967,0.0037605264
Tanzania,TZA,1968,0.0040543894
Tanzania,TZA,1969,0.0043554944
Tanzania,TZA,1970,0.004617798
Tanzania,TZA,1971,0.0050134994
Tanzania,TZA,1972,0.005308905
Tanzania,TZA,1973,0.005788662
Tanzania,TZA,1974,0.0060571674
Tanzania,TZA,1975,0.0063035353
Tanzania,TZA,1976,0.006618956
Tanzania,TZA,1977,0.006764468
Tanzania,TZA,1978,0.006925983
Tanzania,TZA,1979,0.0070480113
Tanzania,TZA,1980,0.0071319225
Tanzania,TZA,1981,0.007254269
Tanzania,TZA,1982,0.0073776064
Tanzania,TZA,1983,0.0074992594
Tanzania,TZA,1984,0.007630102
Tanzania,TZA,1985,0.0077447193
Tanzania,TZA,1986,0.007841325
Tanzania,TZA,1987,0.007937578
Tanzania,TZA,1988,0.0080073625
Tanzania,TZA,1989,0.008056313
Tanzania,TZA,1990,0.008091121
Tanzania,TZA,1991,0.008136609
Tanzania,TZA,1992,0.008177085
Tanzania,TZA,1993,0.008241702
Tanzania,TZA,1994,0.00826058
Tanzania,TZA,1995,0.00831386
Tanzania,TZA,1996,0.008367963
Tanzania,TZA,1997,0.008448754
Tanzania,TZA,1998,0.0084917955
Tanzania,TZA,1999,0.008526076
Tanzania,TZA,2000,0.008564025
Tanzania,TZA,2001,0.008642499
Tanzania,TZA,2002,0.008753286
Tanzania,TZA,2003,0.00886589
Tanzania,TZA,2004,0.009011941
Tanzania,TZA,2005,0.009239165
Tanzania,TZA,2006,0.009490424
Tanzania,TZA,2007,0.009708595
Tanzania,TZA,2008,0.009933848
Tanzania,TZA,2009,0.01013839
Tanzania,TZA,2010,0.0104227355
Tanzania,TZA,2011,0.010774805
Tanzania,TZA,2012,0.011242463
Tanzania,TZA,2013,0.011746023
Tanzania,TZA,2014,0.012206906
Tanzania,TZA,2015,0.012764398
Tanzania,TZA,2016,0.013344649
Tanzania,TZA,2017,0.013892949
Tanzania,TZA,2018,0.014454499
Tanzania,TZA,2019,0.0151057895
Tanzania,TZA,2020,0.015732484
Tanzania,TZA,2021,0.01641711
Tanzania,TZA,2022,0.017181115
Tanzania,TZA,2023,0.01794137
Tanzania,TZA,2024,0.01864945
Thailand,THA,1931,0.00002009412
Thailand,THA,1932,0.000036863254
Thailand,THA,1933,0.00005046138
Thailand,THA,1934,0.000065693755
Thailand,THA,1935,0.0000801329
Thailand,THA,1936,0.00009590643
Thailand,THA,1937,0.00011503577
Thailand,THA,1938,0.00013548858
Thailand,THA,1939,0.000158873
Thailand,THA,1940,0.0001867081
Thailand,THA,1941,0.00021294944
Thailand,THA,1943,0.00021870772
Thailand,THA,1944,0.00022032081
Thailand,THA,1947,0.00021943379
Thailand,THA,1948,0.00023212768
Thailand,THA,1949,0.00025412408
Thailand,THA,1950,0.0006597246
Thailand,THA,1951,0.0010997779
Thailand,THA,1952,0.0015927915
Thailand,THA,1953,0.0022046044
Thailand,THA,1954,0.0029407593
Thailand,THA,1955,0.003751609
Thailand,THA,1956,0.004600006
Thailand,THA,1957,0.005503574
Thailand,THA,1958,0.006383806
Thailand,THA,1959,0.0073054857
Thailand,THA,1960,0.008285955
Thailand,THA,1961,0.009343619
Thailand,THA,1962,0.010600739
Thailand,THA,1963,0.011925684
Thailand,THA,1964,0.013699133
Thailand,THA,1965,0.015336941
Thailand,THA,1966,0.017394846
Thailand,THA,1967,0.020005932
Thailand,THA,1968,0.023659023
Thailand,THA,1969,0.026408473
Thailand,THA,1970,0.029093344
Thailand,THA,1971,0.03242619
Thailand,THA,1972,0.036036097
Thailand,THA,1973,0.039872926
Thailand,THA,1974,0.04340117
Thailand,THA,1975,0.046721406
Thailand,THA,1976,0.050563183
Thailand,THA,1977,0.05471184
Thailand,THA,1978,0.059032016
Thailand,THA,1979,0.06329822
Thailand,THA,1980,0.06785601
Thailand,THA,1981,0.07183525
Thailand,THA,1982,0.0755689
Thailand,THA,1983,0.07974141
Thailand,THA,1984,0.08410942
Thailand,THA,1985,0.08853502
Thailand,THA,1986,0.09282838
Thailand,THA,1987,0.09745146
Thailand,THA,1988,0.10261723
Thailand,THA,1989,0.10885349
Thailand,THA,1990,0.11651291
Thailand,THA,1991,0.12470363
Thailand,THA,1992,0.13378294
Thailand,THA,1993,0.14422414
Thailand,THA,1994,0.15576896
Thailand,THA,1995,0.16845997
Thailand,THA,1996,0.18248758
Thailand,THA,1997,0.1965718
Thailand,THA,1998,0.20782298
Thailand,THA,1999,0.21916005
Thailand,THA,2000,0.22982107
Thailand,THA,2001,0.24039228
Thailand,THA,2002,0.25146753
Thailand,THA,2003,0.2622727
Thailand,THA,2004,0.27374128
Thailand,THA,2005,0.28500798
Thailand,THA,2006,0.29560578
Thailand,THA,2007,0.30612347
Thailand,THA,2008,0.3159989
Thailand,THA,2009,0.32587487
Thailand,THA,2010,0.33574328
Thailand,THA,2011,0.34512255
Thailand,THA,2012,0.355162
Thailand,THA,2013,0.3647324
Thailand,THA,2014,0.37438866
Thailand,THA,2015,0.3839131
Thailand,THA,2016,0.39345333
Thailand,THA,2017,0.40237716
Thailand,THA,2018,0.41101882
Thailand,THA,2019,0.41880322
Thailand,THA,2020,0.4261458
Thailand,THA,2021,0.43248823
Thailand,THA,2022,0.43870965
Thailand,THA,2023,0.44410098
Thailand,THA,2024,0.4493112
Togo,TGO,1950,0.000011060412
Togo,TGO,1951,0.00002152836
Togo,TGO,1952,0.000038924663
Togo,TGO,1953,0.00004955478
Togo,TGO,1954,0.000061024042
Togo,TGO,1955,0.00007448716
Togo,TGO,1956,0.00008706251
Togo,TGO,1957,0.00010143945
Togo,TGO,1958,0.00011491275
Togo,TGO,1959,0.00012989032
Togo,TGO,1960,0.00014732221
Togo,TGO,1961,0.00017178002
Togo,TGO,1962,0.00019351422
Togo,TGO,1963,0.00021908613
Togo,TGO,1964,0.000250117
Togo,TGO,1965,0.00027890192
Togo,TGO,1966,0.0003182892
Togo,TGO,1967,0.0003596644
Togo,TGO,1968,0.00039689091
Togo,TGO,1969,0.00044246973
Togo,TGO,1970,0.0004915446
Togo,TGO,1971,0.00054569996
Togo,TGO,1972,0.0006148831
Togo,TGO,1973,0.00067951484
Togo,TGO,1974,0.0007354668
Togo,TGO,1975,0.00077214825
Togo,TGO,1976,0.0008072069
Togo,TGO,1977,0.0008647637
Togo,TGO,1978,0.00089862937
Togo,TGO,1979,0.0011054325
Togo,TGO,1980,0.0012016634
Togo,TGO,1981,0.0012788384
Togo,TGO,1982,0.0013691788
Togo,TGO,1983,0.0014245317
Togo,TGO,1984,0.0014860461
Togo,TGO,1985,0.0015375233
Togo,TGO,1986,0.0016117342
Togo,TGO,1987,0.0016907357
Togo,TGO,1988,0.0017685225
Togo,TGO,1989,0.0018490428
Togo,TGO,1990,0.0019180955
Togo,TGO,1991,0.001990925
Togo,TGO,1992,0.002059185
Togo,TGO,1993,0.0021277515
Togo,TGO,1994,0.0021853822
Togo,TGO,1995,0.0022570493
Togo,TGO,1996,0.0023329465
Togo,TGO,1997,0.0023649046
Togo,TGO,1998,0.002436806
Togo,TGO,1999,0.002558906
Togo,TGO,2000,0.0026238202
Togo,TGO,2001,0.0026690837
Togo,TGO,2002,0.0027257174
Togo,TGO,2003,0.0028191456
Togo,TGO,2004,0.002900406
Togo,TGO,2005,0.0029733563
Togo,TGO,2006,0.0030220356
Togo,TGO,2007,0.0030673954
Togo,TGO,2008,0.0031096484
Togo,TGO,2009,0.0032285147
Togo,TGO,2010,0.0033417714
Togo,TGO,2011,0.0034399615
Togo,TGO,2012,0.003511741
Togo,TGO,2013,0.0035391413
Togo,TGO,2014,0.0035550238
Togo,TGO,2015,0.003590588
Togo,TGO,2016,0.0036563815
Togo,TGO,2017,0.0036939266
Togo,TGO,2018,0.0037355619
Togo,TGO,2019,0.0037943942
Togo,TGO,2020,0.0038778575
Togo,TGO,2021,0.0039464803
Togo,TGO,2022,0.004017436
Togo,TGO,2023,0.0040804353
Togo,TGO,2024,0.004144173
Tonga,TON,1950,0.0000031601178
Tonga,TON,1951,0.0000061509604
Tonga,TON,1952,0.000008982614
Tonga,TON,1953,0.0000116599485
Tonga,TON,1954,0.000014191638
Tonga,TON,1955,0.000016552702
Tonga,TON,1956,0.000018751925
Tonga,TON,1957,0.000020808093
Tonga,TON,1958,0.000022729995
Tonga,TON,1959,0.000024507608
Tonga,TON,1960,0.000027325894
Tonga,TON,1961,0.000029975035
Tonga,TON,1962,0.0000324388
Tonga,TON,1963,0.000034706714
Tonga,TON,1964,0.000036781912
Tonga,TON,1965,0.00003867983
Tonga,TON,1966,0.000040402036
Tonga,TON,1967,0.000042930766
Tonga,TON,1968,0.0000452271
Tonga,TON,1969,0.000046387955
Tonga,TON,1970,0.000050790073
Tonga,TON,1971,0.000053157986
Tonga,TON,1972,0.00005607899
Tonga,TON,1973,0.000059466456
Tonga,TON,1974,0.00006188307
Tonga,TON,1975,0.000066301276
Tonga,TON,1976,0.0000696206
Tonga,TON,1977,0.00007265582
Tonga,TON,1978,0.00007670387
Tonga,TON,1979,0.0000810491
Tonga,TON,1980,0.00008512697
Tonga,TON,1981,0.00009020536
Tonga,TON,1982,0.00009443422
Tonga,TON,1983,0.000098952885
Tonga,TON,1984,0.000103135106
Tonga,TON,1985,0.00010697878
Tonga,TON,1986,0.00011056193
Tonga,TON,1987,0.00011483414
Tonga,TON,1988,0.0001206657
Tonga,TON,1989,0.00012612596
Tonga,TON,1990,0.00013256102
Tonga,TON,1991,0.00013944706
Tonga,TON,1992,0.00014435737
Tonga,TON,1993,0.00015023138
Tonga,TON,1994,0.00015617667
Tonga,TON,1995,0.00016252515
Tonga,TON,1996,0.00016649415
Tonga,TON,1997,0.00017212656
Tonga,TON,1998,0.00017712981
Tonga,TON,1999,0.00018359427
Tonga,TON,2000,0.00018857748
Tonga,TON,2001,0.00019260628
Tonga,TON,2002,0.00019667776
Tonga,TON,2003,0.0002022658
Tonga,TON,2004,0.0002070958
Tonga,TON,2005,0.00021151506
Tonga,TON,2006,0.00021674922
Tonga,TON,2007,0.00022038788
Tonga,TON,2008,0.00022317682
Tonga,TON,2009,0.00022704163
Tonga,TON,2010,0.00023014144
Tonga,TON,2011,0.00023209579
Tonga,TON,2012,0.00023387595
Tonga,TON,2013,0.00023577102
Tonga,TON,2014,0.00023729827
Tonga,TON,2015,0.00023876393
Tonga,TON,2016,0.00024228767
Tonga,TON,2017,0.00024579503
Tonga,TON,2018,0.00024835463
Tonga,TON,2019,0.00025251065
Tonga,TON,2020,0.00025548195
Tonga,TON,2021,0.00025807827
Tonga,TON,2022,0.00026088284
Tonga,TON,2023,0.00026345046
Tonga,TON,2024,0.0002662005
Trinidad and Tobago,TTO,1909,0.000038079055
Trinidad and Tobago,TTO,1910,0.00013010461
Trinidad and Tobago,TTO,1911,0.00029410864
Trinidad and Tobago,TTO,1912,0.0005394131
Trinidad and Tobago,TTO,1913,0.00079413195
Trinidad and Tobago,TTO,1914,0.0011104546
Trinidad and Tobago,TTO,1915,0.0014549982
Trinidad and Tobago,TTO,1916,0.0018599425
Trinidad and Tobago,TTO,1917,0.0023530505
Trinidad and Tobago,TTO,1918,0.0030605837
Trinidad and Tobago,TTO,1919,0.0036153116
Trinidad and Tobago,TTO,1920,0.004329201
Trinidad and Tobago,TTO,1921,0.0051395753
Trinidad and Tobago,TTO,1922,0.005879337
Trinidad and Tobago,TTO,1923,0.0067508277
Trinidad and Tobago,TTO,1924,0.007947034
Trinidad and Tobago,TTO,1925,0.0093068415
Trinidad and Tobago,TTO,1926,0.010602329
Trinidad and Tobago,TTO,1927,0.011900944
Trinidad and Tobago,TTO,1928,0.013974665
Trinidad and Tobago,TTO,1929,0.01615783
Trinidad and Tobago,TTO,1930,0.01828758
Trinidad and Tobago,TTO,1931,0.019964859
Trinidad and Tobago,TTO,1932,0.021734001
Trinidad and Tobago,TTO,1933,0.023939831
Trinidad and Tobago,TTO,1934,0.026459234
Trinidad and Tobago,TTO,1935,0.029026
Trinidad and Tobago,TTO,1936,0.031800013
Trinidad and Tobago,TTO,1937,0.035274334
Trinidad and Tobago,TTO,1938,0.03926296
Trinidad and Tobago,TTO,1939,0.043633338
Trinidad and Tobago,TTO,1940,0.048386365
Trinidad and Tobago,TTO,1941,0.05240801
Trinidad and Tobago,TTO,1942,0.056624956
Trinidad and Tobago,TTO,1943,0.060398877
Trinidad and Tobago,TTO,1944,0.06420225
Trinidad and Tobago,TTO,1945,0.06822468
Trinidad and Tobago,TTO,1946,0.07193305
Trinidad and Tobago,TTO,1947,0.07578233
Trinidad and Tobago,TTO,1948,0.0796383
Trinidad and Tobago,TTO,1949,0.08388976
Trinidad and Tobago,TTO,1950,0.08275875
Trinidad and Tobago,TTO,1951,0.0815971
Trinidad and Tobago,TTO,1952,0.080583036
Trinidad and Tobago,TTO,1953,0.079618506
Trinidad and Tobago,TTO,1954,0.07862306
Trinidad and Tobago,TTO,1955,0.07744435
Trinidad and Tobago,TTO,1956,0.076252945
Trinidad and Tobago,TTO,1957,0.07494754
Trinidad and Tobago,TTO,1958,0.07397146
Trinidad and Tobago,TTO,1959,0.072814785
Trinidad and Tobago,TTO,1960,0.071434624
Trinidad and Tobago,TTO,1961,0.07076515
Trinidad and Tobago,TTO,1962,0.070867255
Trinidad and Tobago,TTO,1963,0.06921009
Trinidad and Tobago,TTO,1964,0.06814882
Trinidad and Tobago,TTO,1965,0.0674496
Trinidad and Tobago,TTO,1966,0.066387326
Trinidad and Tobago,TTO,1967,0.065478645
Trinidad and Tobago,TTO,1968,0.06436688
Trinidad and Tobago,TTO,1969,0.06316003
Trinidad and Tobago,TTO,1970,0.063061364
Trinidad and Tobago,TTO,1971,0.0626804
Trinidad and Tobago,TTO,1972,0.062257506
Trinidad and Tobago,TTO,1973,0.061995704
Trinidad and Tobago,TTO,1974,0.061894793
Trinidad and Tobago,TTO,1975,0.06171744
Trinidad and Tobago,TTO,1976,0.06264593
Trinidad and Tobago,TTO,1977,0.06350127
Trinidad and Tobago,TTO,1978,0.06407441
Trinidad and Tobago,TTO,1979,0.06479576
Trinidad and Tobago,TTO,1980,0.06551638
Trinidad and Tobago,TTO,1981,0.06630046
Trinidad and Tobago,TTO,1982,0.06723562
Trinidad and Tobago,TTO,1983,0.06777659
Trinidad and Tobago,TTO,1984,0.06841257
Trinidad and Tobago,TTO,1985,0.06940586
Trinidad and Tobago,TTO,1986,0.069846414
Trinidad and Tobago,TTO,1987,0.07021731
Trinidad and Tobago,TTO,1988,0.0702751
Trinidad and Tobago,TTO,1989,0.07033905
Trinidad and Tobago,TTO,1990,0.070461564
Trinidad and Tobago,TTO,1991,0.07053544
Trinidad and Tobago,TTO,1992,0.07091224
Trinidad and Tobago,TTO,1993,0.071057625
Trinidad and Tobago,TTO,1994,0.07094821
Trinidad and Tobago,TTO,1995,0.07073565
Trinidad and Tobago,TTO,1996,0.07087377
Trinidad and Tobago,TTO,1997,0.071040735
Trinidad and Tobago,TTO,1998,0.07130531
Trinidad and Tobago,TTO,1999,0.07178282
Trinidad and Tobago,TTO,2000,0.072360374
Trinidad and Tobago,TTO,2001,0.07312117
Trinidad and Tobago,TTO,2002,0.07398486
Trinidad and Tobago,TTO,2003,0.07504369
Trinidad and Tobago,TTO,2004,0.07601621
Trinidad and Tobago,TTO,2005,0.077343605
Trinidad and Tobago,TTO,2006,0.07891276
Trinidad and Tobago,TTO,2007,0.08057564
Trinidad and Tobago,TTO,2008,0.08203329
Trinidad and Tobago,TTO,2009,0.08345188
Trinidad and Tobago,TTO,2010,0.08488902
Trinidad and Tobago,TTO,2011,0.086180165
Trinidad and Tobago,TTO,2012,0.08731616
Trinidad and Tobago,TTO,2013,0.08835277
Trinidad and Tobago,TTO,2014,0.08940054
Trinidad and Tobago,TTO,2015,0.09031527
Trinidad and Tobago,TTO,2016,0.09082408
Trinidad and Tobago,TTO,2017,0.0913038
Trinidad and Tobago,TTO,2018,0.09172008
Trinidad and Tobago,TTO,2019,0.092125334
Trinidad and Tobago,TTO,2020,0.09228159
Trinidad and Tobago,TTO,2021,0.09241805
Trinidad and Tobago,TTO,2022,0.09257662
Trinidad and Tobago,TTO,2023,0.092591524
Trinidad and Tobago,TTO,2024,0.092528634
Tunisia,TUN,1916,0.000012209688
Tunisia,TUN,1917,0.00004306748
Tunisia,TUN,1918,0.00008302447
Tunisia,TUN,1920,0.00010602125
Tunisia,TUN,1921,0.0001235145
Tunisia,TUN,1933,0.00009922683
Tunisia,TUN,1934,0.00010861549
Tunisia,TUN,1935,0.00011743816
Tunisia,TUN,1936,0.0001300181
Tunisia,TUN,1937,0.00014389012
Tunisia,TUN,1938,0.00015939832
Tunisia,TUN,1939,0.00017393766
Tunisia,TUN,1940,0.00020148835
Tunisia,TUN,1941,0.0002688222
Tunisia,TUN,1942,0.00034608843
Tunisia,TUN,1943,0.00036324197
Tunisia,TUN,1944,0.0003993223
Tunisia,TUN,1945,0.00043722245
Tunisia,TUN,1946,0.00049024285
Tunisia,TUN,1947,0.00053782266
Tunisia,TUN,1948,0.00059064396
Tunisia,TUN,1949,0.0006334922
Tunisia,TUN,1950,0.0011431562
Tunisia,TUN,1951,0.0016904174
Tunisia,TUN,1952,0.0022352634
Tunisia,TUN,1953,0.0027237763
Tunisia,TUN,1954,0.003196654
Tunisia,TUN,1955,0.003707901
Tunisia,TUN,1956,0.004170525
Tunisia,TUN,1957,0.004607986
Tunisia,TUN,1958,0.004972623
Tunisia,TUN,1959,0.00535658
Tunisia,TUN,1960,0.0057525923
Tunisia,TUN,1961,0.0061374446
Tunisia,TUN,1962,0.00650247
Tunisia,TUN,1963,0.0068803383
Tunisia,TUN,1964,0.0074564824
Tunisia,TUN,1965,0.007905696
Tunisia,TUN,1966,0.008428475
Tunisia,TUN,1967,0.008962705
Tunisia,TUN,1968,0.009576278
Tunisia,TUN,1969,0.010193286
Tunisia,TUN,1970,0.010714877
Tunisia,TUN,1971,0.01129437
Tunisia,TUN,1972,0.0119328955
Tunisia,TUN,1973,0.012525689
Tunisia,TUN,1974,0.01319698
Tunisia,TUN,1975,0.013856295
Tunisia,TUN,1976,0.014505422
Tunisia,TUN,1977,0.015268554
Tunisia,TUN,1978,0.016102053
Tunisia,TUN,1979,0.017101858
Tunisia,TUN,1980,0.018174635
Tunisia,TUN,1981,0.019263754
Tunisia,TUN,1982,0.020243123
Tunisia,TUN,1983,0.021471137
Tunisia,TUN,1984,0.02265244
Tunisia,TUN,1985,0.02381754
Tunisia,TUN,1986,0.024929058
Tunisia,TUN,1987,0.025936268
Tunisia,TUN,1988,0.026953317
Tunisia,TUN,1989,0.02801011
Tunisia,TUN,1990,0.029032884
Tunisia,TUN,1991,0.030239452
Tunisia,TUN,1992,0.031298693
Tunisia,TUN,1993,0.0324476
Tunisia,TUN,1994,0.03348326
Tunisia,TUN,1995,0.034432113
Tunisia,TUN,1996,0.03536913
Tunisia,TUN,1997,0.036315534
Tunisia,TUN,1998,0.037267227
Tunisia,TUN,1999,0.038194153
Tunisia,TUN,2000,0.03912135
Tunisia,TUN,2001,0.04007457
Tunisia,TUN,2002,0.040972646
Tunisia,TUN,2003,0.04183594
Tunisia,TUN,2004,0.042718004
Tunisia,TUN,2005,0.04355238
Tunisia,TUN,2006,0.044342544
Tunisia,TUN,2007,0.04520645
Tunisia,TUN,2008,0.0460649
Tunisia,TUN,2009,0.046892907
Tunisia,TUN,2010,0.04780759
Tunisia,TUN,2011,0.048530046
Tunisia,TUN,2012,0.049325675
Tunisia,TUN,2013,0.05011176
Tunisia,TUN,2014,0.050928205
Tunisia,TUN,2015,0.051807843
Tunisia,TUN,2016,0.052621406
Tunisia,TUN,2017,0.05342355
Tunisia,TUN,2018,0.054130718
Tunisia,TUN,2019,0.054762352
Tunisia,TUN,2020,0.055327203
Tunisia,TUN,2021,0.055968694
Tunisia,TUN,2022,0.056520544
Tunisia,TUN,2023,0.0570843
Tunisia,TUN,2024,0.057659164
Turkey,TUR,1865,0.0016122435
Turkey,TUR,1866,0.0036764676
Turkey,TUR,1867,0.005720765
Turkey,TUR,1868,0.0070946445
Turkey,TUR,1869,0.009138207
Turkey,TUR,1870,0.010057977
Turkey,TUR,1871,0.01119393
Turkey,TUR,1872,0.0125386175
Turkey,TUR,1873,0.013665509
Turkey,TUR,1874,0.0148580745
Turkey,TUR,1875,0.01653023
Turkey,TUR,1876,0.017555118
Turkey,TUR,1877,0.019529749
Turkey,TUR,1878,0.020627022
Turkey,TUR,1879,0.020446908
Turkey,TUR,1880,0.020253124
Turkey,TUR,1881,0.020270055
Turkey,TUR,1882,0.020093372
Turkey,TUR,1883,0.019910892
Turkey,TUR,1884,0.019799178
Turkey,TUR,1885,0.01976835
Turkey,TUR,1886,0.019489232
Turkey,TUR,1887,0.019622318
Turkey,TUR,1888,0.019740418
Turkey,TUR,1889,0.0203307
Turkey,TUR,1890,0.020673133
Turkey,TUR,1891,0.02106299
Turkey,TUR,1892,0.021435117
Turkey,TUR,1893,0.021831624
Turkey,TUR,1894,0.022071477
Turkey,TUR,1895,0.022191087
Turkey,TUR,1896,0.022455607
Turkey,TUR,1897,0.0223335
Turkey,TUR,1898,0.022679271
Turkey,TUR,1899,0.023253357
Turkey,TUR,1900,0.024540292
Turkey,TUR,1901,0.025499074
Turkey,TUR,1902,0.026552364
Turkey,TUR,1903,0.027726108
Turkey,TUR,1904,0.02908704
Turkey,TUR,1905,0.030548992
Turkey,TUR,1906,0.03191149
Turkey,TUR,1907,0.03345652
Turkey,TUR,1908,0.03468001
Turkey,TUR,1909,0.036088064
Turkey,TUR,1910,0.037199512
Turkey,TUR,1911,0.038662825
Turkey,TUR,1912,0.03962538
Turkey,TUR,1913,0.040423144
Turkey,TUR,1914,0.040867362
Turkey,TUR,1915,0.04057922
Turkey,TUR,1916,0.03961637
Turkey,TUR,1917,0.038529735
Turkey,TUR,1918,0.037610084
Turkey,TUR,1919,0.03740457
Turkey,TUR,1920,0.03747851
Turkey,TUR,1921,0.037174433
Turkey,TUR,1922,0.03699055
Turkey,TUR,1923,0.03708124
Turkey,TUR,1924,0.03799481
Turkey,TUR,1925,0.038774982
Turkey,TUR,1926,0.040041838
Turkey,TUR,1927,0.04133922
Turkey,TUR,1928,0.042447623
Turkey,TUR,1929,0.043708567
Turkey,TUR,1930,0.045296602
Turkey,TUR,1931,0.046910543
Turkey,TUR,1932,0.0486031
Turkey,TUR,1933,0.0506061
Turkey,TUR,1934,0.053150862
Turkey,TUR,1935,0.05560551
Turkey,TUR,1936,0.057769224
Turkey,TUR,1937,0.05875345
Turkey,TUR,1938,0.06000518
Turkey,TUR,1939,0.061267026
Turkey,TUR,1940,0.062635124
Turkey,TUR,1941,0.063972734
Turkey,TUR,1942,0.064893164
Turkey,TUR,1943,0.066333726
Turkey,TUR,1944,0.06812173
Turkey,TUR,1945,0.070149
Turkey,TUR,1946,0.07195241
Turkey,TUR,1947,0.0736989
Turkey,TUR,1948,0.07536829
Turkey,TUR,1949,0.07715865
Turkey,TUR,1950,0.079277046
Turkey,TUR,1951,0.081428014
Turkey,TUR,1952,0.08355559
Turkey,TUR,1953,0.08650217
Turkey,TUR,1954,0.08943028
Turkey,TUR,1955,0.09205132
Turkey,TUR,1956,0.09463449
Turkey,TUR,1957,0.09755323
Turkey,TUR,1958,0.1002495
Turkey,TUR,1959,0.10303021
Turkey,TUR,1960,0.10534124
Turkey,TUR,1961,0.10767689
Turkey,TUR,1962,0.11106835
Turkey,TUR,1963,0.114394575
Turkey,TUR,1964,0.11838821
Turkey,TUR,1965,0.122267134
Turkey,TUR,1966,0.12683964
Turkey,TUR,1967,0.13151528
Turkey,TUR,1968,0.13637543
Turkey,TUR,1969,0.14124118
Turkey,TUR,1970,0.14630088
Turkey,TUR,1971,0.15195955
Turkey,TUR,1972,0.15831803
Turkey,TUR,1973,0.16512524
Turkey,TUR,1974,0.17181864
Turkey,TUR,1975,0.17895325
Turkey,TUR,1976,0.18683013
Turkey,TUR,1977,0.19544163
Turkey,TUR,1978,0.20247276
Turkey,TUR,1979,0.20858413
Turkey,TUR,1980,0.21436456
Turkey,TUR,1981,0.22061592
Turkey,TUR,1982,0.22765142
Turkey,TUR,1983,0.23477125
Turkey,TUR,1984,0.24205342
Turkey,TUR,1985,0.25022814
Turkey,TUR,1986,0.25922933
Turkey,TUR,1987,0.26923072
Turkey,TUR,1988,0.27789724
Turkey,TUR,1989,0.28761715
Turkey,TUR,1990,0.29866803
Turkey,TUR,1991,0.30972654
Turkey,TUR,1992,0.32115716
Turkey,TUR,1993,0.3327186
Turkey,TUR,1994,0.3431969
Turkey,TUR,1995,0.3544724
Turkey,TUR,1996,0.36685723
Turkey,TUR,1997,0.3798452
Turkey,TUR,1998,0.39223754
Turkey,TUR,1999,0.40339804
Turkey,TUR,2000,0.41583648
Turkey,TUR,2001,0.42611012
Turkey,TUR,2002,0.4363537
Turkey,TUR,2003,0.44694865
Turkey,TUR,2004,0.4573489
Turkey,TUR,2005,0.46853444
Turkey,TUR,2006,0.48024094
Turkey,TUR,2007,0.49350962
Turkey,TUR,2008,0.5056025
Turkey,TUR,2009,0.5177693
Turkey,TUR,2010,0.5286627
Turkey,TUR,2011,0.54042596
Turkey,TUR,2012,0.5524511
Turkey,TUR,2013,0.5632162
Turkey,TUR,2014,0.5745179
Turkey,TUR,2015,0.58666164
Turkey,TUR,2016,0.59940505
Turkey,TUR,2017,0.61293435
Turkey,TUR,2018,0.6251538
Turkey,TUR,2019,0.6356609
Turkey,TUR,2020,0.64701754
Turkey,TUR,2021,0.65963167
Turkey,TUR,2022,0.67069316
Turkey,TUR,2023,0.6834768
Turkey,TUR,2024,0.69695467
Turkmenistan,TKM,1830,0.000006973512
Turkmenistan,TKM,1831,0.000014787848
Turkmenistan,TKM,1832,0.000019472043
Turkmenistan,TKM,1833,0.000025088131
Turkmenistan,TKM,1850,0.000033187607
Turkmenistan,TKM,1855,0.00007620886
Turkmenistan,TKM,1858,0.00012738134
Turkmenistan,TKM,1859,0.0001835379
Turkmenistan,TKM,1860,0.00025305175
Turkmenistan,TKM,1861,0.00033596126
Turkmenistan,TKM,1862,0.0004025433
Turkmenistan,TKM,1863,0.0004658857
Turkmenistan,TKM,1864,0.00053147366
Turkmenistan,TKM,1865,0.000586003
Turkmenistan,TKM,1866,0.0007981966
Turkmenistan,TKM,1867,0.0010223096
Turkmenistan,TKM,1868,0.0011828442
Turkmenistan,TKM,1869,0.0013962609
Turkmenistan,TKM,1870,0.0016109814
Turkmenistan,TKM,1871,0.00189501
Turkmenistan,TKM,1872,0.0021529775
Turkmenistan,TKM,1873,0.0023597253
Turkmenistan,TKM,1874,0.002618439
Turkmenistan,TKM,1875,0.0028976144
Turkmenistan,TKM,1876,0.003242543
Turkmenistan,TKM,1877,0.003564731
Turkmenistan,TKM,1878,0.003994866
Turkmenistan,TKM,1879,0.0043928074
Turkmenistan,TKM,1880,0.0048270216
Turkmenistan,TKM,1881,0.0052474947
Turkmenistan,TKM,1882,0.005650316
Turkmenistan,TKM,1883,0.0060859276
Turkmenistan,TKM,1884,0.0064897216
Turkmenistan,TKM,1885,0.0069143875
Turkmenistan,TKM,1886,0.0073165875
Turkmenistan,TKM,1887,0.007709592
Turkmenistan,TKM,1888,0.008064488
Turkmenistan,TKM,1889,0.008442325
Turkmenistan,TKM,1890,0.008849216
Turkmenistan,TKM,1891,0.0092782965
Turkmenistan,TKM,1892,0.009713599
Turkmenistan,TKM,1893,0.010255965
Turkmenistan,TKM,1894,0.01075744
Turkmenistan,TKM,1895,0.011325067
Turkmenistan,TKM,1896,0.011849873
Turkmenistan,TKM,1897,0.012458589
Turkmenistan,TKM,1898,0.013118924
Turkmenistan,TKM,1899,0.013856766
Turkmenistan,TKM,1900,0.014667497
Turkmenistan,TKM,1901,0.015426139
Turkmenistan,TKM,1902,0.016059997
Turkmenistan,TKM,1903,0.016555052
Turkmenistan,TKM,1904,0.017129786
Turkmenistan,TKM,1905,0.01747886
Turkmenistan,TKM,1906,0.017913055
Turkmenistan,TKM,1907,0.018341888
Turkmenistan,TKM,1908,0.018772893
Turkmenistan,TKM,1909,0.019200113
Turkmenistan,TKM,1910,0.01952929
Turkmenistan,TKM,1911,0.01985937
Turkmenistan,TKM,1912,0.020268193
Turkmenistan,TKM,1913,0.020677317
Turkmenistan,TKM,1914,0.021012738
Turkmenistan,TKM,1915,0.021246409
Turkmenistan,TKM,1916,0.021466734
Turkmenistan,TKM,1917,0.02155644
Turkmenistan,TKM,1918,0.02112608
Turkmenistan,TKM,1919,0.020772738
Turkmenistan,TKM,1920,0.020316
Turkmenistan,TKM,1921,0.019990716
Turkmenistan,TKM,1922,0.019714043
Turkmenistan,TKM,1923,0.019410389
Turkmenistan,TKM,1924,0.019186398
Turkmenistan,TKM,1925,0.018967392
Turkmenistan,TKM,1926,0.018933535
Turkmenistan,TKM,1927,0.018976064
Turkmenistan,TKM,1928,0.019076146
Turkmenistan,TKM,1929,0.019179901
Turkmenistan,TKM,1930,0.01957236
Turkmenistan,TKM,1931,0.020185113
Turkmenistan,TKM,1932,0.020950416
Turkmenistan,TKM,1933,0.021799458
Turkmenistan,TKM,1934,0.022835802
Turkmenistan,TKM,1935,0.023993652
Turkmenistan,TKM,1936,0.025279522
Turkmenistan,TKM,1937,0.026499573
Turkmenistan,TKM,1938,0.027801847
Turkmenistan,TKM,1939,0.029025303
Turkmenistan,TKM,1940,0.030492326
Turkmenistan,TKM,1941,0.031596262
Turkmenistan,TKM,1942,0.031802643
Turkmenistan,TKM,1943,0.032027222
Turkmenistan,TKM,1944,0.032686077
Turkmenistan,TKM,1945,0.033529826
Turkmenistan,TKM,1946,0.034465656
Turkmenistan,TKM,1947,0.035600007
Turkmenistan,TKM,1948,0.036751878
Turkmenistan,TKM,1949,0.038158942
Turkmenistan,TKM,1950,0.039625622
Turkmenistan,TKM,1951,0.041136947
Turkmenistan,TKM,1952,0.04273137
Turkmenistan,TKM,1953,0.044361796
Turkmenistan,TKM,1954,0.046127755
Turkmenistan,TKM,1955,0.048066948
Turkmenistan,TKM,1956,0.05012041
Turkmenistan,TKM,1957,0.052328665
Turkmenistan,TKM,1958,0.054612815
Turkmenistan,TKM,1959,0.056875624
Turkmenistan,TKM,1960,0.0590634
Turkmenistan,TKM,1961,0.06124198
Turkmenistan,TKM,1962,0.063427396
Turkmenistan,TKM,1963,0.065674245
Turkmenistan,TKM,1964,0.06794304
Turkmenistan,TKM,1965,0.070237055
Turkmenistan,TKM,1966,0.072526224
Turkmenistan,TKM,1967,0.07480643
Turkmenistan,TKM,1968,0.076946445
Turkmenistan,TKM,1969,0.078973904
Turkmenistan,TKM,1970,0.08088109
Turkmenistan,TKM,1971,0.08282827
Turkmenistan,TKM,1972,0.08475454
Turkmenistan,TKM,1973,0.086595915
Turkmenistan,TKM,1974,0.08850826
Turkmenistan,TKM,1975,0.09054069
Turkmenistan,TKM,1976,0.09247318
Turkmenistan,TKM,1977,0.09435722
Turkmenistan,TKM,1978,0.096171714
Turkmenistan,TKM,1979,0.09782577
Turkmenistan,TKM,1980,0.099572025
Turkmenistan,TKM,1981,0.101209596
Turkmenistan,TKM,1982,0.102859825
Turkmenistan,TKM,1983,0.10445336
Turkmenistan,TKM,1984,0.10591107
Turkmenistan,TKM,1985,0.107518144
Turkmenistan,TKM,1986,0.10944354
Turkmenistan,TKM,1987,0.11123885
Turkmenistan,TKM,1988,0.11292065
Turkmenistan,TKM,1989,0.114524506
Turkmenistan,TKM,1990,0.115432374
Turkmenistan,TKM,1991,0.11587228
Turkmenistan,TKM,1992,0.11656402
Turkmenistan,TKM,1993,0.11667803
Turkmenistan,TKM,1994,0.11750268
Turkmenistan,TKM,1995,0.11825497
Turkmenistan,TKM,1996,0.11857166
Turkmenistan,TKM,1997,0.11880736
Turkmenistan,TKM,1998,0.119267724
Turkmenistan,TKM,1999,0.12026533
Turkmenistan,TKM,2000,0.121095695
Turkmenistan,TKM,2001,0.12136843
Turkmenistan,TKM,2002,0.12120922
Turkmenistan,TKM,2003,0.121835925
Turkmenistan,TKM,2004,0.12309274
Turkmenistan,TKM,2005,0.12406428
Turkmenistan,TKM,2006,0.12501532
Turkmenistan,TKM,2007,0.12580265
Turkmenistan,TKM,2008,0.12729952
Turkmenistan,TKM,2009,0.12824287
Turkmenistan,TKM,2010,0.12946902
Turkmenistan,TKM,2011,0.13095926
Turkmenistan,TKM,2012,0.13245848
Turkmenistan,TKM,2013,0.1336759
Turkmenistan,TKM,2014,0.13471417
Turkmenistan,TKM,2015,0.13572876
Turkmenistan,TKM,2016,0.13663357
Turkmenistan,TKM,2017,0.13750222
Turkmenistan,TKM,2018,0.13816598
Turkmenistan,TKM,2019,0.13882829
Turkmenistan,TKM,2020,0.13965838
Turkmenistan,TKM,2021,0.14197586
Turkmenistan,TKM,2022,0.14472815
Turkmenistan,TKM,2023,0.14695337
Turkmenistan,TKM,2024,0.14826661
Turks and Caicos Islands,TCA,1990,0.000007263618
Turks and Caicos Islands,TCA,1991,0.000014562509
Turks and Caicos Islands,TCA,1992,0.00002148175
Turks and Caicos Islands,TCA,1993,0.000028456083
Turks and Caicos Islands,TCA,1994,0.000035476165
Turks and Caicos Islands,TCA,1995,0.0000425188
Turks and Caicos Islands,TCA,1996,0.000049173854
Turks and Caicos Islands,TCA,1997,0.00005662058
Turks and Caicos Islands,TCA,1998,0.00006407606
Turks and Caicos Islands,TCA,1999,0.00007221614
Turks and Caicos Islands,TCA,2000,0.00008061863
Turks and Caicos Islands,TCA,2001,0.00008928995
Turks and Caicos Islands,TCA,2002,0.00010084327
Turks and Caicos Islands,TCA,2003,0.00011204418
Turks and Caicos Islands,TCA,2004,0.00012324106
Turks and Caicos Islands,TCA,2005,0.00013595184
Turks and Caicos Islands,TCA,2006,0.0001503358
Turks and Caicos Islands,TCA,2007,0.00016683569
Turks and Caicos Islands,TCA,2008,0.00018330333
Turks and Caicos Islands,TCA,2009,0.00019988621
Turks and Caicos Islands,TCA,2010,0.00021594529
Turks and Caicos Islands,TCA,2011,0.00023103114
Turks and Caicos Islands,TCA,2012,0.00024529718
Turks and Caicos Islands,TCA,2013,0.00025906955
Turks and Caicos Islands,TCA,2014,0.00027363456
Turks and Caicos Islands,TCA,2015,0.0002880135
Turks and Caicos Islands,TCA,2016,0.00030244674
Turks and Caicos Islands,TCA,2017,0.00031773502
Turks and Caicos Islands,TCA,2018,0.00033264194
Turks and Caicos Islands,TCA,2019,0.0003470369
Turks and Caicos Islands,TCA,2020,0.0003609977
Turks and Caicos Islands,TCA,2021,0.0003744458
Turks and Caicos Islands,TCA,2022,0.0003871428
Turks and Caicos Islands,TCA,2023,0.00039914754
Turks and Caicos Islands,TCA,2024,0.0004113034
Tuvalu,TUV,1990,4.5397613e-7
Tuvalu,TUV,1991,8.825763e-7
Tuvalu,TUV,1992,0.0000012889051
Tuvalu,TUV,1993,0.0000020923592
Tuvalu,TUV,1994,0.000002446632
Tuvalu,TUV,1995,0.0000027816038
Tuvalu,TUV,1996,0.0000030975657
Tuvalu,TUV,1997,0.0000037747054
Tuvalu,TUV,1998,0.0000044190388
Tuvalu,TUV,1999,0.00000502998
Tuvalu,TUV,2000,0.0000056082526
Tuvalu,TUV,2001,0.0000061579276
Tuvalu,TUV,2002,0.0000070122805
Tuvalu,TUV,2003,0.000007817036
Tuvalu,TUV,2004,0.000008576053
Tuvalu,TUV,2005,0.000009290558
Tuvalu,TUV,2006,0.000009962011
Tuvalu,TUV,2007,0.000010592742
Tuvalu,TUV,2008,0.000010900667
Tuvalu,TUV,2009,0.0000114780605
Tuvalu,TUV,2010,0.000012012128
Tuvalu,TUV,2011,0.00001250975
Tuvalu,TUV,2012,0.000012978688
Tuvalu,TUV,2013,0.000013168736
Tuvalu,TUV,2014,0.000013348027
Tuvalu,TUV,2015,0.000013519494
Tuvalu,TUV,2016,0.000013683238
Tuvalu,TUV,2017,0.000013834617
Tuvalu,TUV,2018,0.000014198132
Tuvalu,TUV,2019,0.000014542498
Tuvalu,TUV,2020,0.000014888728
Tuvalu,TUV,2021,0.000015205922
Tuvalu,TUV,2022,0.00001550413
Tuvalu,TUV,2023,0.000015782165
Tuvalu,TUV,2024,0.000016071399
Uganda,UGA,1950,0.000045821707
Uganda,UGA,1951,0.000103028586
Uganda,UGA,1952,0.00015869286
Uganda,UGA,1953,0.00023753605
Uganda,UGA,1954,0.0003163701
Uganda,UGA,1955,0.00040674175
Uganda,UGA,1956,0.0004913077
Uganda,UGA,1957,0.00057574426
Uganda,UGA,1958,0.00065992045
Uganda,UGA,1959,0.0007787356
Uganda,UGA,1960,0.00089156564
Uganda,UGA,1961,0.0009930398
Uganda,UGA,1962,0.0010942908
Uganda,UGA,1963,0.0011889539
Uganda,UGA,1964,0.0012927776
Uganda,UGA,1965,0.0014260667
Uganda,UGA,1966,0.0015775249
Uganda,UGA,1967,0.0017379506
Uganda,UGA,1968,0.0019286574
Uganda,UGA,1969,0.0021502187
Uganda,UGA,1970,0.0024139427
Uganda,UGA,1971,0.0026550253
Uganda,UGA,1972,0.0028622204
Uganda,UGA,1973,0.0030071626
Uganda,UGA,1974,0.00314524
Uganda,UGA,1975,0.0032621254
Uganda,UGA,1976,0.0033386408
Uganda,UGA,1977,0.0033733533
Uganda,UGA,1978,0.0033828267
Uganda,UGA,1979,0.0033847012
Uganda,UGA,1980,0.0033801745
Uganda,UGA,1981,0.003362883
Uganda,UGA,1982,0.0033495806
Uganda,UGA,1983,0.0033471647
Uganda,UGA,1984,0.0033367244
Uganda,UGA,1985,0.0033288149
Uganda,UGA,1986,0.0033318058
Uganda,UGA,1987,0.0033411302
Uganda,UGA,1988,0.0033582577
Uganda,UGA,1989,0.0033657304
Uganda,UGA,1990,0.003365204
Uganda,UGA,1991,0.0033655115
Uganda,UGA,1992,0.0033706157
Uganda,UGA,1993,0.0033741158
Uganda,UGA,1994,0.0033670657
Uganda,UGA,1995,0.0033815622
Uganda,UGA,1996,0.0034025516
Uganda,UGA,1997,0.0034264931
Uganda,UGA,1998,0.0034643102
Uganda,UGA,1999,0.0035029708
Uganda,UGA,2000,0.0035476666
Uganda,UGA,2001,0.0035948732
Uganda,UGA,2002,0.0036402901
Uganda,UGA,2003,0.003685281
Uganda,UGA,2004,0.0037332312
Uganda,UGA,2005,0.003810394
Uganda,UGA,2006,0.0039110174
Uganda,UGA,2007,0.0040294197
Uganda,UGA,2008,0.0041459333
Uganda,UGA,2009,0.0042750314
Uganda,UGA,2010,0.0044348747
Uganda,UGA,2011,0.004601852
Uganda,UGA,2012,0.004744846
Uganda,UGA,2013,0.0048886607
Uganda,UGA,2014,0.0050475956
Uganda,UGA,2015,0.005228234
Uganda,UGA,2016,0.005419273
Uganda,UGA,2017,0.005636801
Uganda,UGA,2018,0.005850729
Uganda,UGA,2019,0.006066704
Uganda,UGA,2020,0.006269199
Uganda,UGA,2021,0.0064952094
Uganda,UGA,2022,0.0067034406
Uganda,UGA,2023,0.006906821
Uganda,UGA,2024,0.0071051787
Ukraine,UKR,1830,0.00015989588
Ukraine,UKR,1831,0.00033907974
Ukraine,UKR,1832,0.00044647508
Ukraine,UKR,1833,0.0005752466
Ukraine,UKR,1850,0.00075996056
Ukraine,UKR,1855,0.0017441895
Ukraine,UKR,1858,0.002915112
Ukraine,UKR,1859,0.00420027
Ukraine,UKR,1860,0.0057909833
Ukraine,UKR,1861,0.0076882215
Ukraine,UKR,1862,0.009211731
Ukraine,UKR,1863,0.0106612835
Ukraine,UKR,1864,0.012162112
Ukraine,UKR,1865,0.013409972
Ukraine,UKR,1866,0.018265871
Ukraine,UKR,1867,0.02339443
Ukraine,UKR,1868,0.02706816
Ukraine,UKR,1869,0.031951852
Ukraine,UKR,1870,0.036865562
Ukraine,UKR,1871,0.04336527
Ukraine,UKR,1872,0.04926847
Ukraine,UKR,1873,0.053999685
Ukraine,UKR,1874,0.05991998
Ukraine,UKR,1875,0.06630865
Ukraine,UKR,1876,0.07420191
Ukraine,UKR,1877,0.081574775
Ukraine,UKR,1878,0.091417894
Ukraine,UKR,1879,0.10052431
Ukraine,UKR,1880,0.11046081
Ukraine,UKR,1881,0.12008286
Ukraine,UKR,1882,0.12930095
Ukraine,UKR,1883,0.13926937
Ukraine,UKR,1884,0.14850974
Ukraine,UKR,1885,0.15822768
Ukraine,UKR,1886,0.16743156
Ukraine,UKR,1887,0.17642501
Ukraine,UKR,1888,0.18454634
Ukraine,UKR,1889,0.1931927
Ukraine,UKR,1890,0.20250396
Ukraine,UKR,1891,0.21232294
Ukraine,UKR,1892,0.22228432
Ukraine,UKR,1893,0.23469575
Ukraine,UKR,1894,0.24617146
Ukraine,UKR,1895,0.25916094
Ukraine,UKR,1896,0.2711705
Ukraine,UKR,1897,0.28510022
Ukraine,UKR,1898,0.30021122
Ukraine,UKR,1899,0.31709585
Ukraine,UKR,1900,0.3356485
Ukraine,UKR,1901,0.35300913
Ukraine,UKR,1902,0.36751422
Ukraine,UKR,1903,0.37884298
Ukraine,UKR,1904,0.3919951
Ukraine,UKR,1905,0.39998326
Ukraine,UKR,1906,0.4099193
Ukraine,UKR,1907,0.4197326
Ukraine,UKR,1908,0.42959568
Ukraine,UKR,1909,0.4393721
Ukraine,UKR,1910,0.44690496
Ukraine,UKR,1911,0.45445842
Ukraine,UKR,1912,0.4638139
Ukraine,UKR,1913,0.47317618
Ukraine,UKR,1914,0.48085192
Ukraine,UKR,1915,0.4861992
Ukraine,UKR,1916,0.4912411
Ukraine,UKR,1917,0.49329394
Ukraine,UKR,1918,0.48344567
Ukraine,UKR,1919,0.47535977
Ukraine,UKR,1920,0.46490785
Ukraine,UKR,1921,0.45746413
Ukraine,UKR,1922,0.4511328
Ukraine,UKR,1923,0.44418404
Ukraine,UKR,1924,0.43905827
Ukraine,UKR,1925,0.4340466
Ukraine,UKR,1926,0.4332718
Ukraine,UKR,1927,0.43424505
Ukraine,UKR,1928,0.4367695
Ukraine,UKR,1929,0.43937394
Ukraine,UKR,1930,0.44853568
Ukraine,UKR,1931,0.4627406
Ukraine,UKR,1932,0.48050305
Ukraine,UKR,1933,0.50014526
Ukraine,UKR,1934,0.5241562
Ukraine,UKR,1935,0.55105186
Ukraine,UKR,1936,0.58101386
Ukraine,UKR,1937,0.609386
Ukraine,UKR,1938,0.6396426
Ukraine,UKR,1939,0.6680724
Ukraine,UKR,1940,0.7021496
Ukraine,UKR,1941,0.72782373
Ukraine,UKR,1942,0.7324218
Ukraine,UKR,1943,0.73744065
Ukraine,UKR,1944,0.75240135
Ukraine,UKR,1945,0.77182025
Ukraine,UKR,1946,0.7934996
Ukraine,UKR,1947,0.819837
Ukraine,UKR,1948,0.8466963
Ukraine,UKR,1949,0.8794952
Ukraine,UKR,1950,0.91381025
Ukraine,UKR,1951,0.94925517
Ukraine,UKR,1952,0.9866378
Ukraine,UKR,1953,1.0248744
Ukraine,UKR,1954,1.0663444
Ukraine,UKR,1955,1.1118703
Ukraine,UKR,1956,1.1599334
Ukraine,UKR,1957,1.2115258
Ukraine,UKR,1958,1.2647713
Ukraine,UKR,1959,1.3174886
Ukraine,UKR,1960,1.3683991
Ukraine,UKR,1961,1.4189194
Ukraine,UKR,1962,1.4693983
Ukraine,UKR,1963,1.521126
Ukraine,UKR,1964,1.5732102
Ukraine,UKR,1965,1.6258016
Ukraine,UKR,1966,1.678224
Ukraine,UKR,1967,1.7303103
Ukraine,UKR,1968,1.7790387
Ukraine,UKR,1969,1.8250892
Ukraine,UKR,1970,1.8684496
Ukraine,UKR,1971,1.9125841
Ukraine,UKR,1972,1.9561622
Ukraine,UKR,1973,1.9976934
Ukraine,UKR,1974,2.0407703
Ukraine,UKR,1975,2.0865457
Ukraine,UKR,1976,2.1300602
Ukraine,UKR,1977,2.1724913
Ukraine,UKR,1978,2.2133172
Ukraine,UKR,1979,2.2505245
Ukraine,UKR,1980,2.2899427
Ukraine,UKR,1981,2.3267815
Ukraine,UKR,1982,2.3639593
Ukraine,UKR,1983,2.3998358
Ukraine,UKR,1984,2.4326074
Ukraine,UKR,1985,2.4689078
Ukraine,UKR,1986,2.501747
Ukraine,UKR,1987,2.5295887
Ukraine,UKR,1988,2.552297
Ukraine,UKR,1989,2.5672443
Ukraine,UKR,1990,2.5824764
Ukraine,UKR,1991,2.5865612
Ukraine,UKR,1992,2.587382
Ukraine,UKR,1993,2.5784588
Ukraine,UKR,1994,2.5592318
Ukraine,UKR,1995,2.5362756
Ukraine,UKR,1996,2.5085046
Ukraine,UKR,1997,2.4805863
Ukraine,UKR,1998,2.453068
Ukraine,UKR,1999,2.422606
Ukraine,UKR,2000,2.3908093
Ukraine,UKR,2001,2.3618279
Ukraine,UKR,2002,2.33226
Ukraine,UKR,2003,2.3022413
Ukraine,UKR,2004,2.2720692
Ukraine,UKR,2005,2.2417266
Ukraine,UKR,2006,2.2126606
Ukraine,UKR,2007,2.183739
Ukraine,UKR,2008,2.154466
Ukraine,UKR,2009,2.1238008
Ukraine,UKR,2010,2.0930107
Ukraine,UKR,2011,2.062988
Ukraine,UKR,2012,2.0334685
Ukraine,UKR,2013,2.0044544
Ukraine,UKR,2014,1.9738805
Ukraine,UKR,2015,1.9425848
Ukraine,UKR,2016,1.9133892
Ukraine,UKR,2017,1.8841237
Ukraine,UKR,2018,1.8558166
Ukraine,UKR,2019,1.8277887
Ukraine,UKR,2020,1.8021404
Ukraine,UKR,2021,1.7759858
Ukraine,UKR,2022,1.746453
Ukraine,UKR,2023,1.7174025
Ukraine,UKR,2024,1.6892596
United Arab Emirates,ARE,1959,0.0000036761414
United Arab Emirates,ARE,1960,0.000007128494
United Arab Emirates,ARE,1961,0.000010375974
United Arab Emirates,ARE,1962,0.000015660109
United Arab Emirates,ARE,1963,0.000021691696
United Arab Emirates,ARE,1964,0.000026272795
United Arab Emirates,ARE,1965,0.0000315546
United Arab Emirates,ARE,1966,0.00003744579
United Arab Emirates,ARE,1967,0.0002747569
United Arab Emirates,ARE,1968,0.00057872233
United Arab Emirates,ARE,1969,0.005552281
United Arab Emirates,ARE,1970,0.008937332
United Arab Emirates,ARE,1971,0.013421561
United Arab Emirates,ARE,1972,0.018069452
United Arab Emirates,ARE,1973,0.02386999
United Arab Emirates,ARE,1974,0.029413842
United Arab Emirates,ARE,1975,0.0345372
United Arab Emirates,ARE,1976,0.04089286
United Arab Emirates,ARE,1977,0.04662984
United Arab Emirates,ARE,1978,0.052998513
United Arab Emirates,ARE,1979,0.057496063
United Arab Emirates,ARE,1980,0.061760943
United Arab Emirates,ARE,1981,0.06580781
United Arab Emirates,ARE,1982,0.06963355
United Arab Emirates,ARE,1983,0.072990805
United Arab Emirates,ARE,1984,0.0777221
United Arab Emirates,ARE,1985,0.0826128
United Arab Emirates,ARE,1986,0.08682225
United Arab Emirates,ARE,1987,0.09077786
United Arab Emirates,ARE,1988,0.09450105
United Arab Emirates,ARE,1989,0.09875992
United Arab Emirates,ARE,1990,0.10240977
United Arab Emirates,ARE,1991,0.10640001
United Arab Emirates,ARE,1992,0.1103919
United Arab Emirates,ARE,1993,0.115042396
United Arab Emirates,ARE,1994,0.12048676
United Arab Emirates,ARE,1995,0.12531719
United Arab Emirates,ARE,1996,0.13012198
United Arab Emirates,ARE,1997,0.13440493
United Arab Emirates,ARE,1998,0.13922618
United Arab Emirates,ARE,1999,0.1434685
United Arab Emirates,ARE,2000,0.15070802
United Arab Emirates,ARE,2001,0.15660658
United Arab Emirates,ARE,2002,0.16062379
United Arab Emirates,ARE,2003,0.16619651
United Arab Emirates,ARE,2004,0.1718244
United Arab Emirates,ARE,2005,0.17726883
United Arab Emirates,ARE,2006,0.1829117
United Arab Emirates,ARE,2007,0.18905413
United Arab Emirates,ARE,2008,0.19644791
United Arab Emirates,ARE,2009,0.20463724
United Arab Emirates,ARE,2010,0.21340464
United Arab Emirates,ARE,2011,0.22248042
United Arab Emirates,ARE,2012,0.2317296
United Arab Emirates,ARE,2013,0.24088371
United Arab Emirates,ARE,2014,0.24959318
United Arab Emirates,ARE,2015,0.25859898
United Arab Emirates,ARE,2016,0.26737973
United Arab Emirates,ARE,2017,0.27369186
United Arab Emirates,ARE,2018,0.28006214
United Arab Emirates,ARE,2019,0.28608736
United Arab Emirates,ARE,2020,0.29284123
United Arab Emirates,ARE,2021,0.298848
United Arab Emirates,ARE,2022,0.30420518
United Arab Emirates,ARE,2023,0.30942696
United Arab Emirates,ARE,2024,0.314973
United Kingdom,GBR,1750,100
United Kingdom,GBR,1751,100
United Kingdom,GBR,1752,100
United Kingdom,GBR,1753,100
United Kingdom,GBR,1754,100
United Kingdom,GBR,1755,100
United Kingdom,GBR,1756,100
United Kingdom,GBR,1757,100
United Kingdom,GBR,1758,100.00001
United Kingdom,GBR,1759,99.99999
United Kingdom,GBR,1760,100
United Kingdom,GBR,1761,100
United Kingdom,GBR,1762,99.99999
United Kingdom,GBR,1763,100
United Kingdom,GBR,1764,100
United Kingdom,GBR,1765,100
United Kingdom,GBR,1766,100
United Kingdom,GBR,1767,99.99999
United Kingdom,GBR,1768,100
United Kingdom,GBR,1769,100.00001
United Kingdom,GBR,1770,100
United Kingdom,GBR,1771,100
United Kingdom,GBR,1772,100
United Kingdom,GBR,1773,100
United Kingdom,GBR,1774,100
United Kingdom,GBR,1775,100
United Kingdom,GBR,1776,100
United Kingdom,GBR,1777,100
United Kingdom,GBR,1778,100
United Kingdom,GBR,1779,100.00001
United Kingdom,GBR,1780,100.00001
United Kingdom,GBR,1781,100.00001
United Kingdom,GBR,1782,100
United Kingdom,GBR,1783,100
United Kingdom,GBR,1784,100
United Kingdom,GBR,1785,99.9992
United Kingdom,GBR,1786,99.99847
United Kingdom,GBR,1787,99.99779
United Kingdom,GBR,1788,99.99715
United Kingdom,GBR,1789,99.99657
United Kingdom,GBR,1790,99.99604
United Kingdom,GBR,1791,99.99554
United Kingdom,GBR,1792,99.91656
United Kingdom,GBR,1793,99.84148
United Kingdom,GBR,1794,99.77741
United Kingdom,GBR,1795,99.71706
United Kingdom,GBR,1796,99.647705
United Kingdom,GBR,1797,99.58061
United Kingdom,GBR,1798,99.51473
United Kingdom,GBR,1799,99.44928
United Kingdom,GBR,1800,99.28796
United Kingdom,GBR,1801,99.163956
United Kingdom,GBR,1802,98.053566
United Kingdom,GBR,1803,97.97278
United Kingdom,GBR,1804,97.612434
United Kingdom,GBR,1805,97.4859
United Kingdom,GBR,1806,97.38748
United Kingdom,GBR,1807,97.12705
United Kingdom,GBR,1808,97.053894
United Kingdom,GBR,1809,96.98639
United Kingdom,GBR,1810,96.73132
United Kingdom,GBR,1811,96.50124
United Kingdom,GBR,1812,96.2841
United Kingdom,GBR,1813,96.10025
United Kingdom,GBR,1814,95.91598
United Kingdom,GBR,1815,95.708694
United Kingdom,GBR,1816,95.40099
United Kingdom,GBR,1817,95.03681
United Kingdom,GBR,1818,94.69666
United Kingdom,GBR,1819,94.3781
United Kingdom,GBR,1820,94.044495
United Kingdom,GBR,1821,93.71222
United Kingdom,GBR,1822,93.38549
United Kingdom,GBR,1823,93.0463
United Kingdom,GBR,1824,92.746086
United Kingdom,GBR,1825,92.385185
United Kingdom,GBR,1826,92.04377
United Kingdom,GBR,1827,91.62088
United Kingdom,GBR,1828,91.21148
United Kingdom,GBR,1829,90.8723
United Kingdom,GBR,1830,90.281044
United Kingdom,GBR,1831,89.81816
United Kingdom,GBR,1832,89.35023
United Kingdom,GBR,1833,88.8461
United Kingdom,GBR,1834,88.335945
United Kingdom,GBR,1835,87.81509
United Kingdom,GBR,1836,87.26071
United Kingdom,GBR,1837,86.65396
United Kingdom,GBR,1838,86.04473
United Kingdom,GBR,1839,85.44317
United Kingdom,GBR,1840,84.796555
United Kingdom,GBR,1841,84.12744
United Kingdom,GBR,1842,83.44296
United Kingdom,GBR,1843,82.83319
United Kingdom,GBR,1844,82.19953
United Kingdom,GBR,1845,81.4869
United Kingdom,GBR,1846,80.67047
United Kingdom,GBR,1847,79.81719
United Kingdom,GBR,1848,79.14218
United Kingdom,GBR,1849,78.50582
United Kingdom,GBR,1850,77.831024
United Kingdom,GBR,1851,77.06019
United Kingdom,GBR,1852,76.210625
United Kingdom,GBR,1853,75.27987
United Kingdom,GBR,1854,74.34192
United Kingdom,GBR,1855,73.27042
United Kingdom,GBR,1856,72.23938
United Kingdom,GBR,1857,71.225945
United Kingdom,GBR,1858,70.21094
United Kingdom,GBR,1859,69.32187
United Kingdom,GBR,1860,68.47726
United Kingdom,GBR,1861,67.64927
United Kingdom,GBR,1862,66.76767
United Kingdom,GBR,1863,65.90399
United Kingdom,GBR,1864,65.0486
United Kingdom,GBR,1865,64.21817
United Kingdom,GBR,1866,63.433357
United Kingdom,GBR,1867,62.57831
United Kingdom,GBR,1868,61.68251
United Kingdom,GBR,1869,60.795288
United Kingdom,GBR,1870,59.969704
United Kingdom,GBR,1871,59.164246
United Kingdom,GBR,1872,58.25439
United Kingdom,GBR,1873,57.333538
United Kingdom,GBR,1874,56.611668
United Kingdom,GBR,1875,55.850418
United Kingdom,GBR,1876,55.118816
United Kingdom,GBR,1877,54.434044
United Kingdom,GBR,1878,53.75921
United Kingdom,GBR,1879,52.998264
United Kingdom,GBR,1880,52.15511
United Kingdom,GBR,1881,51.384907
United Kingdom,GBR,1882,50.57104
United Kingdom,GBR,1883,49.74941
United Kingdom,GBR,1884,48.9364
United Kingdom,GBR,1885,48.161144
United Kingdom,GBR,1886,47.408546
United Kingdom,GBR,1887,46.6545
United Kingdom,GBR,1888,45.80872
United Kingdom,GBR,1889,45.07633
United Kingdom,GBR,1890,44.2724
United Kingdom,GBR,1891,43.47292
United Kingdom,GBR,1892,42.70383
United Kingdom,GBR,1893,41.910015
United Kingdom,GBR,1894,41.251877
United Kingdom,GBR,1895,40.5609
United Kingdom,GBR,1896,39.899895
United Kingdom,GBR,1897,39.243427
United Kingdom,GBR,1898,38.557842
United Kingdom,GBR,1899,37.85243
United Kingdom,GBR,1900,37.135754
United Kingdom,GBR,1901,36.411106
United Kingdom,GBR,1902,35.741287
United Kingdom,GBR,1903,35.004177
United Kingdom,GBR,1904,34.31654
United Kingdom,GBR,1905,33.60511
United Kingdom,GBR,1906,32.918774
United Kingdom,GBR,1907,32.135887
United Kingdom,GBR,1908,31.461302
United Kingdom,GBR,1909,30.79538
United Kingdom,GBR,1910,30.128366
United Kingdom,GBR,1911,29.513708
United Kingdom,GBR,1912,28.856472
United Kingdom,GBR,1913,28.21021
United Kingdom,GBR,1914,27.708395
United Kingdom,GBR,1915,27.266512
United Kingdom,GBR,1916,26.799929
United Kingdom,GBR,1917,26.316969
United Kingdom,GBR,1918,25.847454
United Kingdom,GBR,1919,25.517967
United Kingdom,GBR,1920,25.108437
United Kingdom,GBR,1921,24.687117
United Kingdom,GBR,1922,24.35424
United Kingdom,GBR,1923,23.971178
United Kingdom,GBR,1924,23.628502
United Kingdom,GBR,1925,23.27966
United Kingdom,GBR,1926,22.80324
United Kingdom,GBR,1927,22.466766
United Kingdom,GBR,1928,22.133148
United Kingdom,GBR,1929,21.789898
United Kingdom,GBR,1930,21.505335
United Kingdom,GBR,1931,21.277147
United Kingdom,GBR,1932,21.098135
United Kingdom,GBR,1933,20.901636
United Kingdom,GBR,1934,20.695745
United Kingdom,GBR,1935,20.479897
United Kingdom,GBR,1936,20.24347
United Kingdom,GBR,1937,19.993475
United Kingdom,GBR,1938,19.776262
United Kingdom,GBR,1939,19.543644
United Kingdom,GBR,1940,19.292543
United Kingdom,GBR,1941,19.04276
United Kingdom,GBR,1942,18.804125
United Kingdom,GBR,1943,18.567417
United Kingdom,GBR,1944,18.33443
United Kingdom,GBR,1945,18.172247
United Kingdom,GBR,1946,17.994717
United Kingdom,GBR,1947,17.788393
United Kingdom,GBR,1948,17.57749
United Kingdom,GBR,1949,17.397287
United Kingdom,GBR,1950,17.167652
United Kingdom,GBR,1951,16.936071
United Kingdom,GBR,1952,16.704004
United Kingdom,GBR,1953,16.476513
United Kingdom,GBR,1954,16.257025
United Kingdom,GBR,1955,16.018316
United Kingdom,GBR,1956,15.763916
United Kingdom,GBR,1957,15.508294
United Kingdom,GBR,1958,15.250012
United Kingdom,GBR,1959,14.98111
United Kingdom,GBR,1960,14.71445
United Kingdom,GBR,1961,14.463738
United Kingdom,GBR,1962,14.21435
United Kingdom,GBR,1963,13.960973
United Kingdom,GBR,1964,13.701877
United Kingdom,GBR,1965,13.444167
United Kingdom,GBR,1966,13.181474
United Kingdom,GBR,1967,12.915629
United Kingdom,GBR,1968,12.648527
United Kingdom,GBR,1969,12.377721
United Kingdom,GBR,1970,12.09776
United Kingdom,GBR,1971,11.822281
United Kingdom,GBR,1972,11.544579
United Kingdom,GBR,1973,11.268055
United Kingdom,GBR,1974,11.003899
United Kingdom,GBR,1975,10.754865
United Kingdom,GBR,1976,10.503562
United Kingdom,GBR,1977,10.260488
United Kingdom,GBR,1978,10.0214615
United Kingdom,GBR,1979,9.796736
United Kingdom,GBR,1980,9.577266
United Kingdom,GBR,1981,9.376511
United Kingdom,GBR,1982,9.187822
United Kingdom,GBR,1983,9.007092
United Kingdom,GBR,1984,8.826791
United Kingdom,GBR,1985,8.652392
United Kingdom,GBR,1986,8.485552
United Kingdom,GBR,1987,8.320831
United Kingdom,GBR,1988,8.156358
United Kingdom,GBR,1989,7.9996486
United Kingdom,GBR,1990,7.848916
United Kingdom,GBR,1991,7.702947
United Kingdom,GBR,1992,7.5691686
United Kingdom,GBR,1993,7.4386973
United Kingdom,GBR,1994,7.3123817
United Kingdom,GBR,1995,7.1872854
United Kingdom,GBR,1996,7.065233
United Kingdom,GBR,1997,6.945747
United Kingdom,GBR,1998,6.833283
United Kingdom,GBR,1999,6.7219305
United Kingdom,GBR,2000,6.6123147
United Kingdom,GBR,2001,6.507653
United Kingdom,GBR,2002,6.4029417
United Kingdom,GBR,2003,6.2963595
United Kingdom,GBR,2004,6.1899085
United Kingdom,GBR,2005,6.083259
United Kingdom,GBR,2006,5.976705
United Kingdom,GBR,2007,5.8704557
United Kingdom,GBR,2008,5.7658167
United Kingdom,GBR,2009,5.664741
United Kingdom,GBR,2010,5.5622563
United Kingdom,GBR,2011,5.457058
United Kingdom,GBR,2012,5.356458
United Kingdom,GBR,2013,5.25887
United Kingdom,GBR,2014,5.1626477
United Kingdom,GBR,2015,5.070053
United Kingdom,GBR,2016,4.980232
United Kingdom,GBR,2017,4.8918614
United Kingdom,GBR,2018,4.804689
United Kingdom,GBR,2019,4.719466
United Kingdom,GBR,2020,4.640963
United Kingdom,GBR,2021,4.562076
United Kingdom,GBR,2022,4.483036
United Kingdom,GBR,2023,4.405714
United Kingdom,GBR,2024,4.330671
United States,USA,1800,0.031924415
United States,USA,1801,0.06314891
United States,USA,1802,0.09369683
United States,USA,1803,0.123806566
United States,USA,1804,0.15558223
United States,USA,1805,0.18611494
United States,USA,1806,0.21366026
United States,USA,1807,0.24291354
United States,USA,1808,0.27173233
United States,USA,1809,0.29945952
United States,USA,1810,0.32579467
United States,USA,1811,0.35264817
United States,USA,1812,0.3805396
United States,USA,1813,0.40940565
United States,USA,1814,0.439197
United States,USA,1815,0.46963993
United States,USA,1816,0.50196713
United States,USA,1817,0.534666
United States,USA,1818,0.5685758
United States,USA,1819,0.5992179
United States,USA,1820,0.6298187
United States,USA,1821,0.66022676
United States,USA,1822,0.69013023
United States,USA,1823,0.7193222
United States,USA,1824,0.7524585
United States,USA,1825,0.7886917
United States,USA,1826,0.83165133
United States,USA,1827,0.8766634
United States,USA,1828,0.92548144
United States,USA,1829,0.9808638
United States,USA,1830,1.0355551
United States,USA,1831,1.096365
United States,USA,1832,1.185257
United States,USA,1833,1.2881069
United States,USA,1834,1.3755469
United States,USA,1835,1.4875495
United States,USA,1836,1.6011429
United States,USA,1837,1.7267311
United States,USA,1838,1.834345
United States,USA,1839,1.9479717
United States,USA,1840,2.0590231
United States,USA,1841,2.1701956
United States,USA,1842,2.289095
United States,USA,1843,2.421005
United States,USA,1844,2.5783343
United States,USA,1845,2.763783
United States,USA,1846,2.9703329
United States,USA,1847,3.2075436
United States,USA,1848,3.4631317
United States,USA,1849,3.7214434
United States,USA,1850,3.9828217
United States,USA,1851,4.319254
United States,USA,1852,4.663609
United States,USA,1853,5.0350027
United States,USA,1854,5.3947086
United States,USA,1855,5.802921
United States,USA,1856,6.1890554
United States,USA,1857,6.5547323
United States,USA,1858,6.894274
United States,USA,1859,7.240912
United States,USA,1860,7.5572963
United States,USA,1861,7.8065896
United States,USA,1862,8.049467
United States,USA,1863,8.335769
United States,USA,1864,8.611804
United States,USA,1865,8.841189
United States,USA,1866,9.041146
United States,USA,1867,9.327992
United States,USA,1868,9.665226
United States,USA,1869,10.046694
United States,USA,1870,10.425901
United States,USA,1871,10.778422
United States,USA,1872,11.22674
United States,USA,1873,11.696497
United States,USA,1874,12.1213455
United States,USA,1875,12.476362
United States,USA,1876,12.774049
United States,USA,1877,13.123545
United States,USA,1878,13.420665
United States,USA,1879,13.832477
United States,USA,1880,14.260904
United States,USA,1881,14.688269
United States,USA,1882,15.164901
United States,USA,1883,15.6428585
United States,USA,1884,16.130728
United States,USA,1885,16.590784
United States,USA,1886,17.064367
United States,USA,1887,17.543085
United States,USA,1888,18.152037
United States,USA,1889,18.571999
United States,USA,1890,19.11522
United States,USA,1891,19.65596
United States,USA,1892,20.215523
United States,USA,1893,20.750423
United States,USA,1894,21.130535
United States,USA,1895,21.582558
United States,USA,1896,21.972847
United States,USA,1897,22.34077
United States,USA,1898,22.740448
United States,USA,1899,23.21062
United States,USA,1900,23.672949
United States,USA,1901,24.18995
United States,USA,1902,24.726934
United States,USA,1903,25.38163
United States,USA,1904,25.946148
United States,USA,1905,26.580914
United States,USA,1906,27.197779
United States,USA,1907,27.87638
United States,USA,1908,28.310316
United States,USA,1909,28.82793
United States,USA,1910,29.394938
United States,USA,1911,29.878399
United States,USA,1912,30.371904
United States,USA,1913,30.845606
United States,USA,1914,31.252394
United States,USA,1915,31.704468
United States,USA,1916,32.20345
United States,USA,1917,32.77408
United States,USA,1918,33.397247
United States,USA,1919,33.867413
United States,USA,1920,34.394024
United States,USA,1921,34.732162
United States,USA,1922,35.015747
United States,USA,1923,35.554077
United States,USA,1924,35.886436
United States,USA,1925,36.229465
United States,USA,1926,36.68885
United States,USA,1927,36.991806
United States,USA,1928,37.257156
United States,USA,1929,37.52382
United States,USA,1930,37.707798
United States,USA,1931,37.811718
United States,USA,1932,37.845963
United States,USA,1933,37.89637
United States,USA,1934,37.929085
United States,USA,1935,37.952682
United States,USA,1936,38.024113
United States,USA,1937,38.073547
United States,USA,1938,38.018433
United States,USA,1939,38.00222
United States,USA,1940,38.012554
United States,USA,1941,38.089592
United States,USA,1942,38.246887
United States,USA,1943,38.415657
United States,USA,1944,38.645077
United States,USA,1945,38.986595
United States,USA,1946,39.205868
United States,USA,1947,39.419884
United States,USA,1948,39.61694
United States,USA,1949,39.662605
United States,USA,1950,39.74425
United States,USA,1951,39.77882
United States,USA,1952,39.77001
United States,USA,1953,39.75722
United States,USA,1954,39.675907
United States,USA,1955,39.591194
United States,USA,1956,39.48953
United States,USA,1957,39.34868
United States,USA,1958,39.153927
United States,USA,1959,38.941486
United States,USA,1960,38.695663
United States,USA,1961,38.45768
United States,USA,1962,38.22729
United States,USA,1963,37.99101
United States,USA,1964,37.747776
United States,USA,1965,37.506096
United States,USA,1966,37.270016
United States,USA,1967,37.047287
United States,USA,1968,36.810455
United States,USA,1969,36.559532
United States,USA,1970,36.29936
United States,USA,1971,36.013203
United States,USA,1972,35.73553
United States,USA,1973,35.45626
United States,USA,1974,35.167645
United States,USA,1975,34.86081
United States,USA,1976,34.555756
United States,USA,1977,34.26303
United States,USA,1978,33.97543
United States,USA,1979,33.680603
United States,USA,1980,33.380707
United States,USA,1981,33.097733
United States,USA,1982,32.802948
United States,USA,1983,32.521664
United States,USA,1984,32.24925
United States,USA,1985,31.962835
United States,USA,1986,31.67993
United States,USA,1987,31.410492
United States,USA,1988,31.149782
United States,USA,1989,30.900522
United States,USA,1990,30.666029
United States,USA,1991,30.420355
United States,USA,1992,30.224297
United States,USA,1993,30.041962
United States,USA,1994,29.870556
United States,USA,1995,29.697172
United States,USA,1996,29.528559
United States,USA,1997,29.371346
United States,USA,1998,29.230677
United States,USA,1999,29.087517
United States,USA,2000,28.953825
United States,USA,2001,28.810452
United States,USA,2002,28.662872
United States,USA,2003,28.492231
United States,USA,2004,28.315376
United States,USA,2005,28.124853
United States,USA,2006,27.913998
United States,USA,2007,27.699488
United States,USA,2008,27.467873
United States,USA,2009,27.225677
United States,USA,2010,26.972216
United States,USA,2011,26.699003
United States,USA,2012,26.415548
United States,USA,2013,26.149803
United States,USA,2014,25.897299
United States,USA,2015,25.646915
United States,USA,2016,25.400194
United States,USA,2017,25.152107
United States,USA,2018,24.91357
United States,USA,2019,24.6728
United States,USA,2020,24.438143
United States,USA,2021,24.208189
United States,USA,2022,23.980854
United States,USA,2023,23.747948
United States,USA,2024,23.517445
Upper-middle-income countries,,1830,0.0002689526
Upper-middle-income countries,,1831,0.0005702645
Upper-middle-income countries,,1832,0.00075086707
Upper-middle-income countries,,1833,0.00096747116
Upper-middle-income countries,,1850,0.0012780897
Upper-middle-income countries,,1855,0.0029333388
Upper-middle-income countries,,1856,0.014063457
Upper-middle-income countries,,1857,0.025174454
Upper-middle-income countries,,1858,0.037642702
Upper-middle-income countries,,1859,0.04932004
Upper-middle-income countries,,1860,0.061549272
Upper-middle-income countries,,1861,0.0754147
Upper-middle-income countries,,1862,0.08906724
Upper-middle-income countries,,1863,0.09970906
Upper-middle-income countries,,1864,0.11306562
Upper-middle-income countries,,1865,0.1276761
Upper-middle-income countries,,1866,0.15010649
Upper-middle-income countries,,1867,0.16943967
Upper-middle-income countries,,1868,0.18785542
Upper-middle-income countries,,1869,0.20620538
Upper-middle-income countries,,1870,0.22419775
Upper-middle-income countries,,1871,0.24582627
Upper-middle-income countries,,1872,0.26683187
Upper-middle-income countries,,1873,0.28541964
Upper-middle-income countries,,1874,0.3047883
Upper-middle-income countries,,1875,0.32296482
Upper-middle-income countries,,1876,0.34065172
Upper-middle-income countries,,1877,0.35809222
Upper-middle-income countries,,1878,0.3793919
Upper-middle-income countries,,1879,0.39747995
Upper-middle-income countries,,1880,0.41514403
Upper-middle-income countries,,1881,0.43305612
Upper-middle-income countries,,1882,0.44972962
Upper-middle-income countries,,1883,0.46863163
Upper-middle-income countries,,1884,0.48777947
Upper-middle-income countries,,1885,0.50789064
Upper-middle-income countries,,1886,0.52667683
Upper-middle-income countries,,1887,0.54750586
Upper-middle-income countries,,1888,0.5671092
Upper-middle-income countries,,1889,0.59137946
Upper-middle-income countries,,1890,0.61400545
Upper-middle-income countries,,1891,0.63903165
Upper-middle-income countries,,1892,0.66878325
Upper-middle-income countries,,1893,0.7050133
Upper-middle-income countries,,1894,0.7427154
Upper-middle-income countries,,1895,0.7846752
Upper-middle-income countries,,1896,0.8266772
Upper-middle-income countries,,1897,0.87249017
Upper-middle-income countries,,1898,0.9229192
Upper-middle-income countries,,1899,0.9742768
Upper-middle-income countries,,1900,1.0181614
Upper-middle-income countries,,1901,1.0665005
Upper-middle-income countries,,1902,1.1120307
Upper-middle-income countries,,1903,1.1581568
Upper-middle-income countries,,1904,1.21077
Upper-middle-income countries,,1905,1.2578357
Upper-middle-income countries,,1906,1.3118616
Upper-middle-income countries,,1907,1.3964164
Upper-middle-income countries,,1908,1.4828141
Upper-middle-income countries,,1909,1.5681251
Upper-middle-income countries,,1910,1.6500477
Upper-middle-income countries,,1911,1.734698
Upper-middle-income countries,,1912,1.8050642
Upper-middle-income countries,,1913,1.8870834
Upper-middle-income countries,,1914,1.9587041
Upper-middle-income countries,,1915,2.021066
Upper-middle-income countries,,1916,2.087705
Upper-middle-income countries,,1917,2.156069
Upper-middle-income countries,,1918,2.2065232
Upper-middle-income countries,,1919,2.2813916
Upper-middle-income countries,,1920,2.3852475
Upper-middle-income countries,,1921,2.5029492
Upper-middle-income countries,,1922,2.6119592
Upper-middle-income countries,,1923,2.7104828
Upper-middle-income countries,,1924,2.8105779
Upper-middle-income countries,,1925,2.8964143
Upper-middle-income countries,,1926,2.976673
Upper-middle-income countries,,1927,3.0462763
Upper-middle-income countries,,1928,3.1141353
Upper-middle-income countries,,1929,3.1777623
Upper-middle-income countries,,1930,3.2502317
Upper-middle-income countries,,1931,3.3284974
Upper-middle-income countries,,1932,3.4159238
Upper-middle-income countries,,1933,3.5098457
Upper-middle-income countries,,1934,3.6185184
Upper-middle-income countries,,1935,3.7401962
Upper-middle-income countries,,1936,3.8628228
Upper-middle-income countries,,1937,3.9857657
Upper-middle-income countries,,1938,4.1060886
Upper-middle-income countries,,1939,4.2268214
Upper-middle-income countries,,1940,4.3553476
Upper-middle-income countries,,1941,4.4678664
Upper-middle-income countries,,1942,4.543716
Upper-middle-income countries,,1943,4.6139255
Upper-middle-income countries,,1944,4.7006702
Upper-middle-income countries,,1945,4.791276
Upper-middle-income countries,,1946,4.8757424
Upper-middle-income countries,,1947,4.968002
Upper-middle-income countries,,1948,5.0628457
Upper-middle-income countries,,1949,5.154754
Upper-middle-income countries,,1950,5.261003
Upper-middle-income countries,,1951,5.3805523
Upper-middle-income countries,,1952,5.5170865
Upper-middle-income countries,,1953,5.6516404
Upper-middle-income countries,,1954,5.8022704
Upper-middle-income countries,,1955,5.978405
Upper-middle-income countries,,1956,6.167759
Upper-middle-income countries,,1957,6.3765182
Upper-middle-income countries,,1958,6.6720266
Upper-middle-income countries,,1959,7.0220804
Upper-middle-income countries,,1960,7.37796
Upper-middle-income countries,,1961,7.6497116
Upper-middle-income countries,,1962,7.8775268
Upper-middle-income countries,,1963,8.095215
Upper-middle-income countries,,1964,8.311749
Upper-middle-income countries,,1965,8.535687
Upper-middle-income countries,,1966,8.768033
Upper-middle-income countries,,1967,8.974459
Upper-middle-income countries,,1968,9.184265
Upper-middle-income countries,,1969,9.408716
Upper-middle-income countries,,1970,9.668009
Upper-middle-income countries,,1971,9.944814
Upper-middle-income countries,,1972,10.219445
Upper-middle-income countries,,1973,10.49549
Upper-middle-income countries,,1974,10.774782
Upper-middle-income countries,,1975,11.081518
Upper-middle-income countries,,1976,11.385179
Upper-middle-income countries,,1977,11.698913
Upper-middle-income countries,,1978,12.029264
Upper-middle-income countries,,1979,12.34862
Upper-middle-income countries,,1980,12.655038
Upper-middle-income countries,,1981,12.94791
Upper-middle-income countries,,1982,13.261629
Upper-middle-income countries,,1983,13.574518
Upper-middle-income countries,,1984,13.891512
Upper-middle-income countries,,1985,14.223028
Upper-middle-income countries,,1986,14.555733
Upper-middle-income countries,,1987,14.885323
Upper-middle-income countries,,1988,15.216116
Upper-middle-income countries,,1989,15.528071
Upper-middle-income countries,,1990,15.819828
Upper-middle-income countries,,1991,16.09947
Upper-middle-income countries,,1992,16.38607
Upper-middle-income countries,,1993,16.671486
Upper-middle-income countries,,1994,16.953627
Upper-middle-income countries,,1995,17.24651
Upper-middle-income countries,,1996,17.533926
Upper-middle-income countries,,1997,17.816132
Upper-middle-income countries,,1998,18.072882
Upper-middle-income countries,,1999,18.331005
Upper-middle-income countries,,2000,18.579592
Upper-middle-income countries,,2001,18.827732
Upper-middle-income countries,,2002,19.092834
Upper-middle-income countries,,2003,19.407185
Upper-middle-income countries,,2004,19.739733
Upper-middle-income countries,,2005,20.105341
Upper-middle-income countries,,2006,20.498362
Upper-middle-income countries,,2007,20.904362
Upper-middle-income countries,,2008,21.332005
Upper-middle-income countries,,2009,21.77335
Upper-middle-income countries,,2010,22.237457
Upper-middle-income countries,,2011,22.73909
Upper-middle-income countries,,2012,23.238771
Upper-middle-income countries,,2013,23.726393
Upper-middle-income countries,,2014,24.19718
Upper-middle-income countries,,2015,24.637568
Upper-middle-income countries,,2016,25.050867
Upper-middle-income countries,,2017,25.458721
Upper-middle-income countries,,2018,25.860977
Upper-middle-income countries,,2019,26.269585
Upper-middle-income countries,,2020,26.682169
Upper-middle-income countries,,2021,27.090254
Upper-middle-income countries,,2022,27.50165
Upper-middle-income countries,,2023,27.918907
Upper-middle-income countries,,2024,28.322405
Uruguay,URY,1856,0.0005309999
Uruguay,URY,1857,0.0012312568
Uruguay,URY,1858,0.0027958448
Uruguay,URY,1859,0.0035488526
Uruguay,URY,1860,0.004312369
Uruguay,URY,1861,0.005420716
Uruguay,URY,1862,0.006224749
Uruguay,URY,1863,0.00743923
Uruguay,URY,1864,0.00830774
Uruguay,URY,1865,0.009703275
Uruguay,URY,1866,0.012371853
Uruguay,URY,1867,0.014908621
Uruguay,URY,1868,0.018572623
Uruguay,URY,1869,0.021533344
Uruguay,URY,1870,0.023246221
Uruguay,URY,1871,0.024185415
Uruguay,URY,1872,0.025596404
Uruguay,URY,1873,0.026277045
Uruguay,URY,1874,0.028359806
Uruguay,URY,1875,0.029098228
Uruguay,URY,1876,0.029798103
Uruguay,URY,1877,0.030731492
Uruguay,URY,1878,0.031427663
Uruguay,URY,1879,0.0317865
Uruguay,URY,1880,0.03223467
Uruguay,URY,1881,0.032948643
Uruguay,URY,1882,0.03312794
Uruguay,URY,1883,0.033650223
Uruguay,URY,1884,0.034575194
Uruguay,URY,1885,0.035862602
Uruguay,URY,1886,0.036195636
Uruguay,URY,1887,0.037204545
Uruguay,URY,1888,0.038325857
Uruguay,URY,1889,0.041065305
Uruguay,URY,1890,0.041638274
Uruguay,URY,1891,0.041692168
Uruguay,URY,1892,0.041448087
Uruguay,URY,1893,0.041545924
Uruguay,URY,1894,0.042070996
Uruguay,URY,1895,0.042416032
Uruguay,URY,1896,0.0427632
Uruguay,URY,1897,0.0425778
Uruguay,URY,1898,0.043090597
Uruguay,URY,1899,0.04342299
Uruguay,URY,1900,0.044233155
Uruguay,URY,1901,0.044958193
Uruguay,URY,1902,0.0465938
Uruguay,URY,1903,0.047483373
Uruguay,URY,1904,0.04741021
Uruguay,URY,1905,0.046992954
Uruguay,URY,1906,0.047805678
Uruguay,URY,1907,0.049098767
Uruguay,URY,1908,0.0508979
Uruguay,URY,1909,0.052376192
Uruguay,URY,1910,0.05379745
Uruguay,URY,1911,0.054933224
Uruguay,URY,1912,0.055657033
Uruguay,URY,1913,0.055858206
Uruguay,URY,1914,0.055696733
Uruguay,URY,1915,0.055107493
Uruguay,URY,1916,0.05394175
Uruguay,URY,1917,0.05273477
Uruguay,URY,1918,0.05188978
Uruguay,URY,1919,0.05137161
Uruguay,URY,1920,0.05057828
Uruguay,URY,1921,0.049871925
Uruguay,URY,1922,0.0495715
Uruguay,URY,1923,0.04894496
Uruguay,URY,1924,0.04846443
Uruguay,URY,1925,0.04771476
Uruguay,URY,1926,0.046973776
Uruguay,URY,1927,0.046096396
Uruguay,URY,1928,0.04517797
Uruguay,URY,1929,0.044402823
Uruguay,URY,1930,0.043674625
Uruguay,URY,1931,0.04319571
Uruguay,URY,1932,0.04275442
Uruguay,URY,1933,0.04232675
Uruguay,URY,1934,0.041805815
Uruguay,URY,1935,0.041319452
Uruguay,URY,1936,0.04079906
Uruguay,URY,1937,0.04017659
Uruguay,URY,1938,0.039610244
Uruguay,URY,1939,0.039084833
Uruguay,URY,1940,0.038550045
Uruguay,URY,1941,0.037927248
Uruguay,URY,1942,0.037228465
Uruguay,URY,1943,0.036675006
Uruguay,URY,1944,0.036083587
Uruguay,URY,1945,0.035746776
Uruguay,URY,1946,0.035208825
Uruguay,URY,1947,0.03456328
Uruguay,URY,1948,0.033918373
Uruguay,URY,1949,0.03334047
Uruguay,URY,1950,0.033569463
Uruguay,URY,1951,0.033770878
Uruguay,URY,1952,0.034166925
Uruguay,URY,1953,0.03465732
Uruguay,URY,1954,0.035192974
Uruguay,URY,1955,0.03568224
Uruguay,URY,1956,0.03611852
Uruguay,URY,1957,0.036642086
Uruguay,URY,1958,0.036949854
Uruguay,URY,1959,0.037323028
Uruguay,URY,1960,0.037586015
Uruguay,URY,1961,0.037767895
Uruguay,URY,1962,0.03786729
Uruguay,URY,1963,0.037993707
Uruguay,URY,1964,0.038119934
Uruguay,URY,1965,0.038454615
Uruguay,URY,1966,0.03867975
Uruguay,URY,1967,0.038717598
Uruguay,URY,1968,0.03868781
Uruguay,URY,1969,0.038752392
Uruguay,URY,1970,0.03874347
Uruguay,URY,1971,0.038697045
Uruguay,URY,1972,0.038651336
Uruguay,URY,1973,0.03847599
Uruguay,URY,1974,0.03830036
Uruguay,URY,1975,0.038193315
Uruguay,URY,1976,0.03801578
Uruguay,URY,1977,0.03777019
Uruguay,URY,1978,0.037512276
Uruguay,URY,1979,0.037331834
Uruguay,URY,1980,0.03709579
Uruguay,URY,1981,0.036831576
Uruguay,URY,1982,0.036513116
Uruguay,URY,1983,0.036043692
Uruguay,URY,1984,0.0355174
Uruguay,URY,1985,0.03496393
Uruguay,URY,1986,0.034411
Uruguay,URY,1987,0.033909246
Uruguay,URY,1988,0.033562947
Uruguay,URY,1989,0.03323294
Uruguay,URY,1990,0.03278965
Uruguay,URY,1991,0.03241962
Uruguay,URY,1992,0.032167543
Uruguay,URY,1993,0.031839643
Uruguay,URY,1994,0.031475235
Uruguay,URY,1995,0.031167597
Uruguay,URY,1996,0.030941512
Uruguay,URY,1997,0.030733284
Uruguay,URY,1998,0.030550782
Uruguay,URY,1999,0.030462643
Uruguay,URY,2000,0.030224008
Uruguay,URY,2001,0.02996958
Uruguay,URY,2002,0.029668616
Uruguay,URY,2003,0.029342636
Uruguay,URY,2004,0.029098103
Uruguay,URY,2005,0.02885505
Uruguay,URY,2006,0.028672393
Uruguay,URY,2007,0.028425707
Uruguay,URY,2008,0.028355815
Uruguay,URY,2009,0.028283572
Uruguay,URY,2010,0.028052473
Uruguay,URY,2011,0.027908204
Uruguay,URY,2012,0.02782669
Uruguay,URY,2013,0.02766598
Uruguay,URY,2014,0.02745495
Uruguay,URY,2015,0.027258474
Uruguay,URY,2016,0.027057124
Uruguay,URY,2017,0.026831664
Uruguay,URY,2018,0.02662955
Uruguay,URY,2019,0.026421025
Uruguay,URY,2020,0.026255403
Uruguay,URY,2021,0.026148748
Uruguay,URY,2022,0.026018294
Uruguay,URY,2023,0.025892118
Uruguay,URY,2024,0.025782838
Uzbekistan,UZB,1830,0.00002146042
Uzbekistan,UZB,1831,0.000045491062
Uzbekistan,UZB,1832,0.000059881764
Uzbekistan,UZB,1833,0.00007716624
Uzbekistan,UZB,1850,0.00010195283
Uzbekistan,UZB,1855,0.00023400843
Uzbekistan,UZB,1858,0.0003911168
Uzbekistan,UZB,1859,0.0005635524
Uzbekistan,UZB,1860,0.00077698
Uzbekistan,UZB,1861,0.0010315469
Uzbekistan,UZB,1862,0.0012359602
Uzbekistan,UZB,1863,0.0014304542
Uzbekistan,UZB,1864,0.0016318301
Uzbekistan,UZB,1865,0.0017992639
Uzbekistan,UZB,1866,0.002450801
Uzbekistan,UZB,1867,0.0031389166
Uzbekistan,UZB,1868,0.0036318405
Uzbekistan,UZB,1869,0.004287107
Uzbekistan,UZB,1870,0.0049463995
Uzbekistan,UZB,1871,0.0058184927
Uzbekistan,UZB,1872,0.006610551
Uzbekistan,UZB,1873,0.0072453585
Uzbekistan,UZB,1874,0.008039708
Uzbekistan,UZB,1875,0.008896902
Uzbekistan,UZB,1876,0.009955976
Uzbekistan,UZB,1877,0.010945224
Uzbekistan,UZB,1878,0.012265916
Uzbekistan,UZB,1879,0.013487758
Uzbekistan,UZB,1880,0.014820981
Uzbekistan,UZB,1881,0.016112015
Uzbekistan,UZB,1882,0.017348845
Uzbekistan,UZB,1883,0.01868635
Uzbekistan,UZB,1884,0.01992617
Uzbekistan,UZB,1885,0.021230066
Uzbekistan,UZB,1886,0.022464987
Uzbekistan,UZB,1887,0.02367168
Uzbekistan,UZB,1888,0.024761355
Uzbekistan,UZB,1889,0.025921471
Uzbekistan,UZB,1890,0.027170803
Uzbekistan,UZB,1891,0.028488258
Uzbekistan,UZB,1892,0.02982482
Uzbekistan,UZB,1893,0.03149011
Uzbekistan,UZB,1894,0.03302985
Uzbekistan,UZB,1895,0.034772713
Uzbekistan,UZB,1896,0.03638408
Uzbekistan,UZB,1897,0.038253095
Uzbekistan,UZB,1898,0.040280595
Uzbekistan,UZB,1899,0.042546082
Uzbekistan,UZB,1900,0.045035366
Uzbekistan,UZB,1901,0.047364715
Uzbekistan,UZB,1902,0.049310926
Uzbekistan,UZB,1903,0.050830957
Uzbekistan,UZB,1904,0.052595634
Uzbekistan,UZB,1905,0.053667437
Uzbekistan,UZB,1906,0.055000596
Uzbekistan,UZB,1907,0.056317285
Uzbekistan,UZB,1908,0.057640653
Uzbekistan,UZB,1909,0.0589524
Uzbekistan,UZB,1910,0.059963115
Uzbekistan,UZB,1911,0.060976595
Uzbekistan,UZB,1912,0.062231854
Uzbekistan,UZB,1913,0.06348804
Uzbekistan,UZB,1914,0.06451792
Uzbekistan,UZB,1915,0.06523539
Uzbekistan,UZB,1916,0.065911874
Uzbekistan,UZB,1917,0.066187315
Uzbekistan,UZB,1918,0.06486594
Uzbekistan,UZB,1919,0.06378102
Uzbekistan,UZB,1920,0.062378645
Uzbekistan,UZB,1921,0.06137989
Uzbekistan,UZB,1922,0.06053038
Uzbekistan,UZB,1923,0.059598044
Uzbekistan,UZB,1924,0.058910295
Uzbekistan,UZB,1925,0.058237858
Uzbekistan,UZB,1926,0.0581339
Uzbekistan,UZB,1927,0.058264486
Uzbekistan,UZB,1928,0.05853578
Uzbekistan,UZB,1929,0.05881523
Uzbekistan,UZB,1930,0.05997822
Uzbekistan,UZB,1931,0.061816826
Uzbekistan,UZB,1932,0.06411848
Uzbekistan,UZB,1933,0.06668767
Uzbekistan,UZB,1934,0.06982065
Uzbekistan,UZB,1935,0.073313914
Uzbekistan,UZB,1936,0.077183485
Uzbekistan,UZB,1937,0.08086177
Uzbekistan,UZB,1938,0.08479142
Uzbekistan,UZB,1939,0.088482946
Uzbekistan,UZB,1940,0.09292237
Uzbekistan,UZB,1941,0.09624662
Uzbekistan,UZB,1942,0.09690031
Uzbekistan,UZB,1943,0.0976092
Uzbekistan,UZB,1944,0.09965084
Uzbekistan,UZB,1945,0.10223267
Uzbekistan,UZB,1946,0.10507951
Uzbekistan,UZB,1947,0.1085228
Uzbekistan,UZB,1948,0.11200434
Uzbekistan,UZB,1949,0.11625532
Uzbekistan,UZB,1950,0.12067343
Uzbekistan,UZB,1951,0.125217
Uzbekistan,UZB,1952,0.13000587
Uzbekistan,UZB,1953,0.1348974
Uzbekistan,UZB,1954,0.14018734
Uzbekistan,UZB,1955,0.14599438
Uzbekistan,UZB,1956,0.1521556
Uzbekistan,UZB,1957,0.15879443
Uzbekistan,UZB,1958,0.16567643
Uzbekistan,UZB,1959,0.1724968
Uzbekistan,UZB,1960,0.17909577
Uzbekistan,UZB,1961,0.18568763
Uzbekistan,UZB,1962,0.19231851
Uzbekistan,UZB,1963,0.1991583
Uzbekistan,UZB,1964,0.20608677
Uzbekistan,UZB,1965,0.21310304
Uzbekistan,UZB,1966,0.22011039
Uzbekistan,UZB,1967,0.22709891
Uzbekistan,UZB,1968,0.23367076
Uzbekistan,UZB,1969,0.23990606
Uzbekistan,UZB,1970,0.24575245
Uzbekistan,UZB,1971,0.25173503
Uzbekistan,UZB,1972,0.2576431
Uzbekistan,UZB,1973,0.26328576
Uzbekistan,UZB,1974,0.2691367
Uzbekistan,UZB,1975,0.2753478
Uzbekistan,UZB,1976,0.281257
Uzbekistan,UZB,1977,0.28701666
Uzbekistan,UZB,1978,0.2925625
Uzbekistan,UZB,1979,0.29761726
Uzbekistan,UZB,1980,0.30294618
Uzbekistan,UZB,1981,0.3079485
Uzbekistan,UZB,1982,0.31299207
Uzbekistan,UZB,1983,0.3178624
Uzbekistan,UZB,1984,0.3223217
Uzbekistan,UZB,1985,0.3272381
Uzbekistan,UZB,1986,0.33118132
Uzbekistan,UZB,1987,0.3349349
Uzbekistan,UZB,1988,0.33856845
Uzbekistan,UZB,1989,0.34226114
Uzbekistan,UZB,1990,0.34539834
Uzbekistan,UZB,1991,0.34806877
Uzbekistan,UZB,1992,0.3518919
Uzbekistan,UZB,1993,0.35595378
Uzbekistan,UZB,1994,0.35907078
Uzbekistan,UZB,1995,0.36127922
Uzbekistan,UZB,1996,0.36346015
Uzbekistan,UZB,1997,0.36556348
Uzbekistan,UZB,1998,0.36879572
Uzbekistan,UZB,1999,0.37193233
Uzbekistan,UZB,2000,0.37466767
Uzbekistan,UZB,2001,0.37746498
Uzbekistan,UZB,2002,0.38051197
Uzbekistan,UZB,2003,0.38274094
Uzbekistan,UZB,2004,0.3844398
Uzbekistan,UZB,2005,0.38510007
Uzbekistan,UZB,2006,0.38568342
Uzbekistan,UZB,2007,0.385871
Uzbekistan,UZB,2008,0.38624024
Uzbekistan,UZB,2009,0.38528627
Uzbekistan,UZB,2010,0.38374385
Uzbekistan,UZB,2011,0.38261357
Uzbekistan,UZB,2012,0.3815593
Uzbekistan,UZB,2013,0.38002467
Uzbekistan,UZB,2014,0.37818408
Uzbekistan,UZB,2015,0.37617335
Uzbekistan,UZB,2016,0.374673
Uzbekistan,UZB,2017,0.37304288
Uzbekistan,UZB,2018,0.37090832
Uzbekistan,UZB,2019,0.36912766
Uzbekistan,UZB,2020,0.36785325
Uzbekistan,UZB,2021,0.36713535
Uzbekistan,UZB,2022,0.3660819
Uzbekistan,UZB,2023,0.36516598
Uzbekistan,UZB,2024,0.36507326
Vanuatu,VUT,1962,0.000012304372
Vanuatu,VUT,1963,0.000021691696
Vanuatu,VUT,1964,0.000038883736
Vanuatu,VUT,1965,0.000050894512
Vanuatu,VUT,1966,0.0000699645
Vanuatu,VUT,1967,0.000089677604
Vanuatu,VUT,1968,0.00010245323
Vanuatu,VUT,1969,0.000109725355
Vanuatu,VUT,1970,0.00011535373
Vanuatu,VUT,1971,0.00012458903
Vanuatu,VUT,1972,0.00013378845
Vanuatu,VUT,1973,0.00014055708
Vanuatu,VUT,1974,0.00014837024
Vanuatu,VUT,1975,0.00015422254
Vanuatu,VUT,1976,0.00015734254
Vanuatu,VUT,1977,0.00016145738
Vanuatu,VUT,1978,0.0001664084
Vanuatu,VUT,1979,0.00017152251
Vanuatu,VUT,1980,0.00017633445
Vanuatu,VUT,1981,0.00017923156
Vanuatu,VUT,1982,0.00018200048
Vanuatu,VUT,1983,0.00018511973
Vanuatu,VUT,1984,0.0001879111
Vanuatu,VUT,1985,0.00019979861
Vanuatu,VUT,1986,0.00020227229
Vanuatu,VUT,1987,0.00020293964
Vanuatu,VUT,1988,0.00020575666
Vanuatu,VUT,1989,0.00020787425
Vanuatu,VUT,1990,0.00021019095
Vanuatu,VUT,1991,0.0002122596
Vanuatu,VUT,1992,0.00021395824
Vanuatu,VUT,1993,0.00021551299
Vanuatu,VUT,1994,0.0002169347
Vanuatu,VUT,1995,0.00021855459
Vanuatu,VUT,1996,0.00022070155
Vanuatu,VUT,1997,0.00022308508
Vanuatu,VUT,1998,0.00022537098
Vanuatu,VUT,1999,0.00022778624
Vanuatu,VUT,2000,0.00023028888
Vanuatu,VUT,2001,0.00023229071
Vanuatu,VUT,2002,0.00023374267
Vanuatu,VUT,2003,0.00023483679
Vanuatu,VUT,2004,0.000235365
Vanuatu,VUT,2005,0.00023567051
Vanuatu,VUT,2006,0.0002357676
Vanuatu,VUT,2007,0.00023598275
Vanuatu,VUT,2008,0.00023694609
Vanuatu,VUT,2009,0.00024047936
Vanuatu,VUT,2010,0.00024379158
Vanuatu,VUT,2011,0.0002472672
Vanuatu,VUT,2012,0.00024945036
Vanuatu,VUT,2013,0.0002509657
Vanuatu,VUT,2014,0.00025559
Vanuatu,VUT,2015,0.0002583189
Vanuatu,VUT,2016,0.00026210476
Vanuatu,VUT,2017,0.0002649329
Vanuatu,VUT,2018,0.0002697645
Vanuatu,VUT,2019,0.00027366338
Vanuatu,VUT,2020,0.0002800807
Vanuatu,VUT,2021,0.00028658938
Vanuatu,VUT,2022,0.00029120466
Vanuatu,VUT,2023,0.00029548665
Vanuatu,VUT,2024,0.00029997664
Venezuela,VEN,1870,0.000008608034
Venezuela,VEN,1871,0.000014426918
Venezuela,VEN,1872,0.000017610419
Venezuela,VEN,1873,0.000026370957
Venezuela,VEN,1874,0.00003866377
Venezuela,VEN,1875,0.00004129114
Venezuela,VEN,1876,0.000050126237
Venezuela,VEN,1877,0.000064303975
Venezuela,VEN,1878,0.00007808354
Venezuela,VEN,1879,0.000090408386
Venezuela,VEN,1880,0.000103014354
Venezuela,VEN,1881,0.00011202235
Venezuela,VEN,1882,0.0001150617
Venezuela,VEN,1883,0.000116398616
Venezuela,VEN,1884,0.00012644139
Venezuela,VEN,1885,0.00025531065
Venezuela,VEN,1886,0.00034925187
Venezuela,VEN,1887,0.00050778105
Venezuela,VEN,1888,0.00071228476
Venezuela,VEN,1889,0.00094195915
Venezuela,VEN,1890,0.0012040446
Venezuela,VEN,1891,0.0014682001
Venezuela,VEN,1892,0.0016481838
Venezuela,VEN,1893,0.0018348388
Venezuela,VEN,1894,0.0019645654
Venezuela,VEN,1895,0.0020807644
Venezuela,VEN,1896,0.0021621184
Venezuela,VEN,1897,0.002245276
Venezuela,VEN,1898,0.0022784607
Venezuela,VEN,1899,0.0023040662
Venezuela,VEN,1900,0.0022873336
Venezuela,VEN,1901,0.0022959588
Venezuela,VEN,1902,0.002303409
Venezuela,VEN,1903,0.0022699581
Venezuela,VEN,1904,0.002290988
Venezuela,VEN,1905,0.0022732576
Venezuela,VEN,1906,0.002234604
Venezuela,VEN,1907,0.0022069477
Venezuela,VEN,1908,0.0021692447
Venezuela,VEN,1909,0.0021299254
Venezuela,VEN,1910,0.002080157
Venezuela,VEN,1911,0.0020494233
Venezuela,VEN,1912,0.002039229
Venezuela,VEN,1913,0.0020343778
Venezuela,VEN,1914,0.002058949
Venezuela,VEN,1915,0.0020879284
Venezuela,VEN,1916,0.0021421092
Venezuela,VEN,1917,0.002163004
Venezuela,VEN,1918,0.0022503226
Venezuela,VEN,1919,0.0023920657
Venezuela,VEN,1920,0.0024438072
Venezuela,VEN,1921,0.0025484061
Venezuela,VEN,1922,0.0026968098
Venezuela,VEN,1923,0.0029481293
Venezuela,VEN,1924,0.0031449327
Venezuela,VEN,1925,0.0035653843
Venezuela,VEN,1926,0.0043106615
Venezuela,VEN,1927,0.0049848203
Venezuela,VEN,1928,0.006294486
Venezuela,VEN,1929,0.007564548
Venezuela,VEN,1930,0.007395073
Venezuela,VEN,1931,0.007254056
Venezuela,VEN,1932,0.009701341
Venezuela,VEN,1933,0.011385159
Venezuela,VEN,1934,0.014523809
Venezuela,VEN,1935,0.017970502
Venezuela,VEN,1936,0.019474732
Venezuela,VEN,1937,0.024593538
Venezuela,VEN,1938,0.02758556
Venezuela,VEN,1939,0.030886823
Venezuela,VEN,1940,0.036895763
Venezuela,VEN,1941,0.044018064
Venezuela,VEN,1942,0.048936553
Venezuela,VEN,1943,0.052957382
Venezuela,VEN,1944,0.05912635
Venezuela,VEN,1945,0.06557113
Venezuela,VEN,1946,0.07268616
Venezuela,VEN,1947,0.0804779
Venezuela,VEN,1948,0.09008407
Venezuela,VEN,1949,0.10074387
Venezuela,VEN,1950,0.114701554
Venezuela,VEN,1951,0.13151452
Venezuela,VEN,1952,0.14877246
Venezuela,VEN,1953,0.1638726
Venezuela,VEN,1954,0.17939393
Venezuela,VEN,1955,0.19686097
Venezuela,VEN,1956,0.21492143
Venezuela,VEN,1957,0.23337479
Venezuela,VEN,1958,0.24537215
Venezuela,VEN,1959,0.25989386
Venezuela,VEN,1960,0.27047142
Venezuela,VEN,1961,0.27878293
Venezuela,VEN,1962,0.28698987
Venezuela,VEN,1963,0.29488957
Venezuela,VEN,1964,0.3019539
Venezuela,VEN,1965,0.30933717
Venezuela,VEN,1966,0.31479093
Venezuela,VEN,1967,0.32188106
Venezuela,VEN,1968,0.32793507
Venezuela,VEN,1969,0.3337305
Venezuela,VEN,1970,0.3395493
Venezuela,VEN,1971,0.3417838
Venezuela,VEN,1972,0.34332764
Venezuela,VEN,1973,0.3449721
Venezuela,VEN,1974,0.34831327
Venezuela,VEN,1975,0.3492143
Venezuela,VEN,1976,0.34824514
Venezuela,VEN,1977,0.34819502
Venezuela,VEN,1978,0.34861395
Venezuela,VEN,1979,0.35006428
Venezuela,VEN,1980,0.3538355
Venezuela,VEN,1981,0.35786238
Venezuela,VEN,1982,0.3619584
Venezuela,VEN,1983,0.36568123
Venezuela,VEN,1984,0.3689096
Venezuela,VEN,1985,0.3727421
Venezuela,VEN,1986,0.37735024
Venezuela,VEN,1987,0.38155293
Venezuela,VEN,1988,0.38578075
Venezuela,VEN,1989,0.388714
Venezuela,VEN,1990,0.39274094
Venezuela,VEN,1991,0.395521
Venezuela,VEN,1992,0.3973579
Venezuela,VEN,1993,0.40108728
Venezuela,VEN,1994,0.40408236
Venezuela,VEN,1995,0.40731472
Venezuela,VEN,1996,0.40939018
Venezuela,VEN,1997,0.41247505
Venezuela,VEN,1998,0.4159706
Venezuela,VEN,1999,0.4198741
Venezuela,VEN,2000,0.42329758
Venezuela,VEN,2001,0.42533866
Venezuela,VEN,2002,0.43012476
Venezuela,VEN,2003,0.43327364
Venezuela,VEN,2004,0.43491057
Venezuela,VEN,2005,0.43657386
Venezuela,VEN,2006,0.43840918
Venezuela,VEN,2007,0.43969983
Venezuela,VEN,2008,0.44086134
Venezuela,VEN,2009,0.44187358
Venezuela,VEN,2010,0.44502974
Venezuela,VEN,2011,0.44613874
Venezuela,VEN,2012,0.44754845
Venezuela,VEN,2013,0.45035294
Venezuela,VEN,2014,0.45145062
Venezuela,VEN,2015,0.45187885
Venezuela,VEN,2016,0.45141527
Venezuela,VEN,2017,0.44994888
Venezuela,VEN,2018,0.44662473
Venezuela,VEN,2019,0.44300404
Venezuela,VEN,2020,0.43859592
Venezuela,VEN,2021,0.4347459
Venezuela,VEN,2022,0.43165824
Venezuela,VEN,2023,0.4291812
Venezuela,VEN,2024,0.42649797
Vietnam,VNM,1892,0.0006612962
Vietnam,VNM,1893,0.0026141072
Vietnam,VNM,1894,0.0033794653
Vietnam,VNM,1895,0.0037337383
Vietnam,VNM,1896,0.0045374613
Vietnam,VNM,1897,0.0056759687
Vietnam,VNM,1898,0.0070301304
Vietnam,VNM,1899,0.008424883
Vietnam,VNM,1900,0.009195503
Vietnam,VNM,1901,0.009865344
Vietnam,VNM,1902,0.01026056
Vietnam,VNM,1903,0.010891127
Vietnam,VNM,1904,0.011919689
Vietnam,VNM,1905,0.012810237
Vietnam,VNM,1906,0.013676353
Vietnam,VNM,1907,0.014410667
Vietnam,VNM,1908,0.015213722
Vietnam,VNM,1909,0.016069362
Vietnam,VNM,1910,0.017251873
Vietnam,VNM,1911,0.018100144
Vietnam,VNM,1912,0.018817402
Vietnam,VNM,1913,0.019675305
Vietnam,VNM,1914,0.020892346
Vietnam,VNM,1915,0.02210413
Vietnam,VNM,1916,0.023287944
Vietnam,VNM,1917,0.024258738
Vietnam,VNM,1918,0.025122447
Vietnam,VNM,1919,0.026123188
Vietnam,VNM,1920,0.027021283
Vietnam,VNM,1921,0.028521556
Vietnam,VNM,1922,0.030062523
Vietnam,VNM,1923,0.03154788
Vietnam,VNM,1924,0.033341363
Vietnam,VNM,1925,0.03529587
Vietnam,VNM,1926,0.036996674
Vietnam,VNM,1927,0.03891469
Vietnam,VNM,1928,0.041730523
Vietnam,VNM,1929,0.044306155
Vietnam,VNM,1930,0.04679864
Vietnam,VNM,1931,0.048872024
Vietnam,VNM,1932,0.05094576
Vietnam,VNM,1933,0.0526399
Vietnam,VNM,1934,0.05416225
Vietnam,VNM,1935,0.05585388
Vietnam,VNM,1936,0.058015663
Vietnam,VNM,1937,0.06018362
Vietnam,VNM,1938,0.0624011
Vietnam,VNM,1939,0.064843945
Vietnam,VNM,1940,0.066834025
Vietnam,VNM,1941,0.06843888
Vietnam,VNM,1942,0.0684257
Vietnam,VNM,1943,0.06806702
Vietnam,VNM,1944,0.067029156
Vietnam,VNM,1945,0.06592979
Vietnam,VNM,1946,0.064823836
Vietnam,VNM,1947,0.0635988
Vietnam,VNM,1948,0.06248222
Vietnam,VNM,1949,0.061519656
Vietnam,VNM,1950,0.060584433
Vietnam,VNM,1951,0.059501182
Vietnam,VNM,1952,0.058690395
Vietnam,VNM,1953,0.05783383
Vietnam,VNM,1954,0.057347063
Vietnam,VNM,1955,0.057066433
Vietnam,VNM,1956,0.056476116
Vietnam,VNM,1957,0.055855844
Vietnam,VNM,1958,0.05596376
Vietnam,VNM,1959,0.056515243
Vietnam,VNM,1960,0.05722176
Vietnam,VNM,1961,0.058036998
Vietnam,VNM,1962,0.05916066
Vietnam,VNM,1963,0.060059495
Vietnam,VNM,1964,0.061575834
Vietnam,VNM,1965,0.06329417
Vietnam,VNM,1966,0.06643351
Vietnam,VNM,1967,0.07029553
Vietnam,VNM,1968,0.07395556
Vietnam,VNM,1969,0.07806486
Vietnam,VNM,1970,0.08195136
Vietnam,VNM,1971,0.08462585
Vietnam,VNM,1972,0.0866603
Vietnam,VNM,1973,0.08882471
Vietnam,VNM,1974,0.08963046
Vietnam,VNM,1975,0.0909177
Vietnam,VNM,1976,0.09047278
Vietnam,VNM,1977,0.09022266
Vietnam,VNM,1978,0.08990741
Vietnam,VNM,1979,0.089686215
Vietnam,VNM,1980,0.0895835
Vietnam,VNM,1981,0.08970937
Vietnam,VNM,1982,0.08994982
Vietnam,VNM,1983,0.09029386
Vietnam,VNM,1984,0.09028303
Vietnam,VNM,1985,0.09069952
Vietnam,VNM,1986,0.09098424
Vietnam,VNM,1987,0.091537245
Vietnam,VNM,1988,0.091932006
Vietnam,VNM,1989,0.09154809
Vietnam,VNM,1990,0.09160854
Vietnam,VNM,1991,0.091622666
Vietnam,VNM,1992,0.091720305
Vietnam,VNM,1993,0.09194721
Vietnam,VNM,1994,0.09264141
Vietnam,VNM,1995,0.093541816
Vietnam,VNM,1996,0.094895855
Vietnam,VNM,1997,0.09720005
Vietnam,VNM,1998,0.0996374
Vietnam,VNM,1999,0.10197125
Vietnam,VNM,2000,0.10464232
Vietnam,VNM,2001,0.10782601
Vietnam,VNM,2002,0.111581676
Vietnam,VNM,2003,0.1157069
Vietnam,VNM,2004,0.12054728
Vietnam,VNM,2005,0.12563217
Vietnam,VNM,2006,0.1306761
Vietnam,VNM,2007,0.13551623
Vietnam,VNM,2008,0.14106451
Vietnam,VNM,2009,0.14718007
Vietnam,VNM,2010,0.15392517
Vietnam,VNM,2011,0.1611525
Vietnam,VNM,2012,0.16738376
Vietnam,VNM,2013,0.1737711
Vietnam,VNM,2014,0.18176001
Vietnam,VNM,2015,0.19158034
Vietnam,VNM,2016,0.20144597
Vietnam,VNM,2017,0.21121432
Vietnam,VNM,2018,0.2221555
Vietnam,VNM,2019,0.23760597
Vietnam,VNM,2020,0.2540403
Vietnam,VNM,2021,0.26675224
Vietnam,VNM,2022,0.27930826
Vietnam,VNM,2023,0.2926193
Vietnam,VNM,2024,0.306571
Wallis and Futuna,WLF,1990,0.0000022698805
Wallis and Futuna,WLF,1991,0.0000044128815
Wallis and Futuna,WLF,1992,0.0000064445253
Wallis and Futuna,WLF,1993,0.000008787908
Wallis and Futuna,WLF,1994,0.000011009844
Wallis and Futuna,WLF,1995,0.000013113276
Wallis and Futuna,WLF,1996,0.0000151006325
Wallis and Futuna,WLF,1997,0.000016986174
Wallis and Futuna,WLF,1998,0.000018780915
Wallis and Futuna,WLF,1999,0.000020479205
Wallis and Futuna,WLF,2000,0.000022082495
Wallis and Futuna,WLF,2001,0.000023947496
Wallis and Futuna,WLF,2002,0.000025711695
Wallis and Futuna,WLF,2003,0.000027359625
Wallis and Futuna,WLF,2004,0.000028904475
Wallis and Futuna,WLF,2005,0.000030349158
Wallis and Futuna,WLF,2006,0.00003169731
Wallis and Futuna,WLF,2007,0.0000329552
Wallis and Futuna,WLF,2008,0.0000341363
Wallis and Futuna,WLF,2009,0.00003527404
Wallis and Futuna,WLF,2010,0.000036309386
Wallis and Futuna,WLF,2011,0.000037263086
Wallis and Futuna,WLF,2012,0.00003815734
Wallis and Futuna,WLF,2013,0.00003899972
Wallis and Futuna,WLF,2014,0.000039796898
Wallis and Futuna,WLF,2015,0.000040558483
Wallis and Futuna,WLF,2016,0.00004128563
Wallis and Futuna,WLF,2017,0.000041965002
Wallis and Futuna,WLF,2018,0.000042594394
Wallis and Futuna,WLF,2019,0.000043186814
Wallis and Futuna,WLF,2020,0.00004401885
Wallis and Futuna,WLF,2021,0.00004477299
Wallis and Futuna,WLF,2022,0.000045478784
Wallis and Futuna,WLF,2023,0.000046133253
Wallis and Futuna,WLF,2024,0.000046820132
World,OWID_WRL,1750,100
World,OWID_WRL,1751,100
World,OWID_WRL,1752,100
World,OWID_WRL,1753,100
World,OWID_WRL,1754,100
World,OWID_WRL,1755,100
World,OWID_WRL,1756,100
World,OWID_WRL,1757,100
World,OWID_WRL,1758,100.00001
World,OWID_WRL,1759,99.99999
World,OWID_WRL,1760,100
World,OWID_WRL,1761,100
World,OWID_WRL,1762,99.99999
World,OWID_WRL,1763,100
World,OWID_WRL,1764,100
World,OWID_WRL,1765,100
World,OWID_WRL,1766,100
World,OWID_WRL,1767,99.99999
World,OWID_WRL,1768,100
World,OWID_WRL,1769,100.00001
World,OWID_WRL,1770,100
World,OWID_WRL,1771,100
World,OWID_WRL,1772,100
World,OWID_WRL,1773,100
World,OWID_WRL,1774,100
World,OWID_WRL,1775,100
World,OWID_WRL,1776,100
World,OWID_WRL,1777,100
World,OWID_WRL,1778,100
World,OWID_WRL,1779,100.00001
World,OWID_WRL,1780,100.00001
World,OWID_WRL,1781,100.00001
World,OWID_WRL,1782,100
World,OWID_WRL,1783,100
World,OWID_WRL,1784,100
World,OWID_WRL,1785,100
World,OWID_WRL,1786,100.00001
World,OWID_WRL,1787,100
World,OWID_WRL,1788,100
World,OWID_WRL,1789,100
World,OWID_WRL,1790,100
World,OWID_WRL,1791,100
World,OWID_WRL,1792,100
World,OWID_WRL,1793,99.99999
World,OWID_WRL,1794,99.999985
World,OWID_WRL,1795,99.99999
World,OWID_WRL,1796,99.999985
World,OWID_WRL,1797,100
World,OWID_WRL,1798,100.00001
World,OWID_WRL,1799,100
World,OWID_WRL,1800,99.99999
World,OWID_WRL,1801,100
World,OWID_WRL,1802,100.00001
World,OWID_WRL,1803,100.00001
World,OWID_WRL,1804,100
World,OWID_WRL,1805,100.00001
World,OWID_WRL,1806,100.00001
World,OWID_WRL,1807,100
World,OWID_WRL,1808,100.00001
World,OWID_WRL,1809,100.00001
World,OWID_WRL,1810,100
World,OWID_WRL,1811,100.00001
World,OWID_WRL,1812,100.000015
World,OWID_WRL,1813,100.00001
World,OWID_WRL,1814,100.00001
World,OWID_WRL,1815,100.00001
World,OWID_WRL,1816,100.00001
World,OWID_WRL,1817,100.00001
World,OWID_WRL,1818,100.000015
World,OWID_WRL,1819,100.00001
World,OWID_WRL,1820,100.000015
World,OWID_WRL,1821,100.00001
World,OWID_WRL,1822,100.00001
World,OWID_WRL,1823,100.00001
World,OWID_WRL,1824,100.00001
World,OWID_WRL,1825,100.00001
World,OWID_WRL,1826,100.00001
World,OWID_WRL,1827,100
World,OWID_WRL,1828,100.00001
World,OWID_WRL,1829,100
World,OWID_WRL,1830,100
World,OWID_WRL,1831,100
World,OWID_WRL,1832,100
World,OWID_WRL,1833,100
World,OWID_WRL,1834,100
World,OWID_WRL,1835,100
World,OWID_WRL,1836,99.99999
World,OWID_WRL,1837,99.99999
World,OWID_WRL,1838,99.99999
World,OWID_WRL,1839,99.999985
World,OWID_WRL,1840,99.999985
World,OWID_WRL,1841,99.99999
World,OWID_WRL,1842,99.99999
World,OWID_WRL,1843,99.99999
World,OWID_WRL,1844,100
World,OWID_WRL,1845,99.99999
World,OWID_WRL,1846,99.99999
World,OWID_WRL,1847,99.99999
World,OWID_WRL,1848,100
World,OWID_WRL,1849,100
World,OWID_WRL,1850,100
World,OWID_WRL,1851,100
World,OWID_WRL,1852,100
World,OWID_WRL,1853,100
World,OWID_WRL,1854,100
World,OWID_WRL,1855,100
World,OWID_WRL,1856,100.00001
World,OWID_WRL,1857,100
World,OWID_WRL,1858,100
World,OWID_WRL,1859,100
World,OWID_WRL,1860,100.00001
World,OWID_WRL,1861,100.00001
World,OWID_WRL,1862,100
World,OWID_WRL,1863,100.00001
World,OWID_WRL,1864,100
World,OWID_WRL,1865,100.000015
World,OWID_WRL,1866,100.000015
World,OWID_WRL,1867,100
World,OWID_WRL,1868,100
World,OWID_WRL,1869,100.00001
World,OWID_WRL,1870,100
World,OWID_WRL,1871,100
World,OWID_WRL,1872,100.00001
World,OWID_WRL,1873,100.00001
World,OWID_WRL,1874,100.00001
World,OWID_WRL,1875,100
World,OWID_WRL,1876,100.00001
World,OWID_WRL,1877,100
World,OWID_WRL,1878,100.00001
World,OWID_WRL,1879,100.00001
World,OWID_WRL,1880,100
World,OWID_WRL,1881,100
World,OWID_WRL,1882,100
World,OWID_WRL,1883,100
World,OWID_WRL,1884,100
World,OWID_WRL,1885,99.99999
World,OWID_WRL,1886,99.99999
World,OWID_WRL,1887,100.00001
World,OWID_WRL,1888,100
World,OWID_WRL,1889,100
World,OWID_WRL,1890,100.00001
World,OWID_WRL,1891,100
World,OWID_WRL,1892,100.00001
World,OWID_WRL,1893,100
World,OWID_WRL,1894,100
World,OWID_WRL,1895,99.99999
World,OWID_WRL,1896,99.999985
World,OWID_WRL,1897,100
World,OWID_WRL,1898,100
World,OWID_WRL,1899,99.99999
World,OWID_WRL,1900,99.99999
World,OWID_WRL,1901,100
World,OWID_WRL,1902,100
World,OWID_WRL,1903,99.99999
World,OWID_WRL,1904,100
World,OWID_WRL,1905,99.99999
World,OWID_WRL,1906,100
World,OWID_WRL,1907,100
World,OWID_WRL,1908,100
World,OWID_WRL,1909,100
World,OWID_WRL,1910,100
World,OWID_WRL,1911,100.00001
World,OWID_WRL,1912,100.00001
World,OWID_WRL,1913,100.00001
World,OWID_WRL,1914,100.00001
World,OWID_WRL,1915,100.00001
World,OWID_WRL,1916,100.00001
World,OWID_WRL,1917,100.00001
World,OWID_WRL,1918,100.000015
World,OWID_WRL,1919,100.00001
World,OWID_WRL,1920,100
World,OWID_WRL,1921,100.00001
World,OWID_WRL,1922,100.00001
World,OWID_WRL,1923,100.00001
World,OWID_WRL,1924,100.00001
World,OWID_WRL,1925,100.00001
World,OWID_WRL,1926,100
World,OWID_WRL,1927,100.00001
World,OWID_WRL,1928,100
World,OWID_WRL,1929,100.00001
World,OWID_WRL,1930,100
World,OWID_WRL,1931,100
World,OWID_WRL,1932,100
World,OWID_WRL,1933,100
World,OWID_WRL,1934,100
World,OWID_WRL,1935,100
World,OWID_WRL,1936,100
World,OWID_WRL,1937,99.999985
World,OWID_WRL,1938,100
World,OWID_WRL,1939,100
World,OWID_WRL,1940,100
World,OWID_WRL,1941,100
World,OWID_WRL,1942,100
World,OWID_WRL,1943,100
World,OWID_WRL,1944,100
World,OWID_WRL,1945,100.00001
World,OWID_WRL,1946,100
World,OWID_WRL,1947,100
World,OWID_WRL,1948,100.00001
World,OWID_WRL,1949,100
World,OWID_WRL,1950,100.00001
World,OWID_WRL,1951,100.00001
World,OWID_WRL,1952,100.00001
World,OWID_WRL,1953,100.00001
World,OWID_WRL,1954,100.000015
World,OWID_WRL,1955,100.00001
World,OWID_WRL,1956,100.00001
World,OWID_WRL,1957,100.000015
World,OWID_WRL,1958,100.00001
World,OWID_WRL,1959,100.00001
World,OWID_WRL,1960,100.00001
World,OWID_WRL,1961,100.00001
World,OWID_WRL,1962,100.000015
World,OWID_WRL,1963,100.00001
World,OWID_WRL,1964,100.00001
World,OWID_WRL,1965,100.00001
World,OWID_WRL,1966,100.00001
World,OWID_WRL,1967,99.99999
World,OWID_WRL,1968,100
World,OWID_WRL,1969,100
World,OWID_WRL,1970,100
World,OWID_WRL,1971,99.99999
World,OWID_WRL,1972,100
World,OWID_WRL,1973,100.00001
World,OWID_WRL,1974,100
World,OWID_WRL,1975,100
World,OWID_WRL,1976,100
World,OWID_WRL,1977,100
World,OWID_WRL,1978,100
World,OWID_WRL,1979,100
World,OWID_WRL,1980,100
World,OWID_WRL,1981,100
World,OWID_WRL,1982,100
World,OWID_WRL,1983,100.00001
World,OWID_WRL,1984,100.00001
World,OWID_WRL,1985,100.000015
World,OWID_WRL,1986,100.00001
World,OWID_WRL,1987,100.00001
World,OWID_WRL,1988,100
World,OWID_WRL,1989,100.00001
World,OWID_WRL,1990,100.00001
World,OWID_WRL,1991,100.00001
World,OWID_WRL,1992,100.00001
World,OWID_WRL,1993,100.000015
World,OWID_WRL,1994,100
World,OWID_WRL,1995,100.000015
World,OWID_WRL,1996,100.00001
World,OWID_WRL,1997,100.000015
World,OWID_WRL,1998,100.00001
World,OWID_WRL,1999,100.00001
World,OWID_WRL,2000,100.000015
World,OWID_WRL,2001,100.000015
World,OWID_WRL,2002,100.000015
World,OWID_WRL,2003,100.00002
World,OWID_WRL,2004,100.00002
World,OWID_WRL,2005,100.00002
World,OWID_WRL,2006,100.00002
World,OWID_WRL,2007,100.00002
World,OWID_WRL,2008,100.000015
World,OWID_WRL,2009,100.00003
World,OWID_WRL,2010,100.00002
World,OWID_WRL,2011,100.00003
World,OWID_WRL,2012,100.00003
World,OWID_WRL,2013,100.00003
World,OWID_WRL,2014,100.00003
World,OWID_WRL,2015,100.00004
World,OWID_WRL,2016,100.00002
World,OWID_WRL,2017,100.00003
World,OWID_WRL,2018,100.00002
World,OWID_WRL,2019,100.00002
World,OWID_WRL,2020,100.00002
World,OWID_WRL,2021,100.000015
World,OWID_WRL,2022,100.00002
World,OWID_WRL,2023,100.00003
World,OWID_WRL,2024,100.00003
Yemen,YEM,1950,0.000025280942
Yemen,YEM,1951,0.000041518982
Yemen,YEM,1952,0.0000643754
Yemen,YEM,1953,0.0000903646
Yemen,YEM,1954,0.0018136913
Yemen,YEM,1955,0.0026980904
Yemen,YEM,1956,0.003471785
Yemen,YEM,1957,0.004420419
Yemen,YEM,1958,0.004941248
Yemen,YEM,1959,0.005664934
Yemen,YEM,1960,0.0066698943
Yemen,YEM,1961,0.00731045
Yemen,YEM,1962,0.008278605
Yemen,YEM,1963,0.008890341
Yemen,YEM,1964,0.009655777
Yemen,YEM,1965,0.010443554
Yemen,YEM,1966,0.011041581
Yemen,YEM,1967,0.011484457
Yemen,YEM,1968,0.014042554
Yemen,YEM,1969,0.014710333
Yemen,YEM,1970,0.0147850765
Yemen,YEM,1971,0.014712304
Yemen,YEM,1972,0.014517248
Yemen,YEM,1973,0.014570042
Yemen,YEM,1974,0.014523076
Yemen,YEM,1975,0.014464383
Yemen,YEM,1976,0.014460735
Yemen,YEM,1977,0.014520184
Yemen,YEM,1978,0.014580596
Yemen,YEM,1979,0.014644984
Yemen,YEM,1980,0.014723422
Yemen,YEM,1981,0.014956376
Yemen,YEM,1982,0.015446727
Yemen,YEM,1983,0.015961735
Yemen,YEM,1984,0.016557636
Yemen,YEM,1985,0.017315645
Yemen,YEM,1986,0.0179701
Yemen,YEM,1987,0.018628236
Yemen,YEM,1988,0.01935017
Yemen,YEM,1989,0.02007434
Yemen,YEM,1990,0.020694928
Yemen,YEM,1991,0.021222377
Yemen,YEM,1992,0.02182585
Yemen,YEM,1993,0.022249961
Yemen,YEM,1994,0.022790018
Yemen,YEM,1995,0.023416707
Yemen,YEM,1996,0.024019118
Yemen,YEM,1997,0.024678908
Yemen,YEM,1998,0.02537592
Yemen,YEM,1999,0.026208771
Yemen,YEM,2000,0.027083674
Yemen,YEM,2001,0.028039368
Yemen,YEM,2002,0.028890803
Yemen,YEM,2003,0.029834876
Yemen,YEM,2004,0.030838141
Yemen,YEM,2005,0.03190896
Yemen,YEM,2006,0.033074275
Yemen,YEM,2007,0.034138996
Yemen,YEM,2008,0.035203416
Yemen,YEM,2009,0.036410853
Yemen,YEM,2010,0.037430614
Yemen,YEM,2011,0.03813664
Yemen,YEM,2012,0.03864225
Yemen,YEM,2013,0.039585676
Yemen,YEM,2014,0.04043253
Yemen,YEM,2015,0.040419903
Yemen,YEM,2016,0.040145475
Yemen,YEM,2017,0.039816458
Yemen,YEM,2018,0.039624408
Yemen,YEM,2019,0.03944956
Yemen,YEM,2020,0.039266247
Yemen,YEM,2021,0.039043278
Yemen,YEM,2022,0.038803592
Yemen,YEM,2023,0.038547274
Yemen,YEM,2024,0.03829009
Zambia,ZMB,1950,0.001004867
Zambia,ZMB,1951,0.002056317
Zambia,ZMB,1952,0.0031829644
Zambia,ZMB,1953,0.0043519163
Zambia,ZMB,1954,0.0055790986
Zambia,ZMB,1955,0.0069606053
Zambia,ZMB,1956,0.008386913
Zambia,ZMB,1957,0.009770296
Zambia,ZMB,1958,0.010898138
Zambia,ZMB,1959,0.012103037
Zambia,ZMB,1960,0.0131468745
Zambia,ZMB,1961,0.013924441
Zambia,ZMB,1962,0.014603845
Zambia,ZMB,1963,0.015179629
Zambia,ZMB,1964,0.015647685
Zambia,ZMB,1965,0.016242865
Zambia,ZMB,1966,0.016665487
Zambia,ZMB,1967,0.017381055
Zambia,ZMB,1968,0.01796664
Zambia,ZMB,1969,0.018404486
Zambia,ZMB,1970,0.018645016
Zambia,ZMB,1971,0.018848907
Zambia,ZMB,1972,0.019068267
Zambia,ZMB,1973,0.019348461
Zambia,ZMB,1974,0.019533293
Zambia,ZMB,1975,0.019682346
Zambia,ZMB,1976,0.019778041
Zambia,ZMB,1977,0.019797144
Zambia,ZMB,1978,0.019744724
Zambia,ZMB,1979,0.01970092
Zambia,ZMB,1980,0.019651027
Zambia,ZMB,1981,0.019594382
Zambia,ZMB,1982,0.019569516
Zambia,ZMB,1983,0.019503027
Zambia,ZMB,1984,0.019357083
Zambia,ZMB,1985,0.019190095
Zambia,ZMB,1986,0.019043181
Zambia,ZMB,1987,0.018861411
Zambia,ZMB,1988,0.018726904
Zambia,ZMB,1989,0.018524522
Zambia,ZMB,1990,0.018301014
Zambia,ZMB,1991,0.01807639
Zambia,ZMB,1992,0.017883362
Zambia,ZMB,1993,0.017700346
Zambia,ZMB,1994,0.017514119
Zambia,ZMB,1995,0.01729977
Zambia,ZMB,1996,0.017050974
Zambia,ZMB,1997,0.016865227
Zambia,ZMB,1998,0.016682401
Zambia,ZMB,1999,0.016450401
Zambia,ZMB,2000,0.0162196
Zambia,ZMB,2001,0.016006557
Zambia,ZMB,2002,0.015802115
Zambia,ZMB,2003,0.015598077
Zambia,ZMB,2004,0.015393621
Zambia,ZMB,2005,0.015198056
Zambia,ZMB,2006,0.014998785
Zambia,ZMB,2007,0.0148038855
Zambia,ZMB,2008,0.014632306
Zambia,ZMB,2009,0.014504616
Zambia,ZMB,2010,0.014377074
Zambia,ZMB,2011,0.014262441
Zambia,ZMB,2012,0.014205158
Zambia,ZMB,2013,0.0141647635
Zambia,ZMB,2014,0.014182279
Zambia,ZMB,2015,0.014215321
Zambia,ZMB,2016,0.0142762745
Zambia,ZMB,2017,0.014422465
Zambia,ZMB,2018,0.014629124
Zambia,ZMB,2019,0.014834845
Zambia,ZMB,2020,0.015116048
Zambia,ZMB,2021,0.015333756
Zambia,ZMB,2022,0.015626265
Zambia,ZMB,2023,0.015950926
Zambia,ZMB,2024,0.016269263
Zimbabwe,ZWE,1903,0.00022066991
Zimbabwe,ZWE,1904,0.00047706018
Zimbabwe,ZWE,1905,0.00087357336
Zimbabwe,ZWE,1906,0.0012659825
Zimbabwe,ZWE,1907,0.0016579696
Zimbabwe,ZWE,1908,0.002200191
Zimbabwe,ZWE,1909,0.0027144926
Zimbabwe,ZWE,1910,0.0032109818
Zimbabwe,ZWE,1911,0.0037735635
Zimbabwe,ZWE,1912,0.0042914366
Zimbabwe,ZWE,1913,0.0048286873
Zimbabwe,ZWE,1914,0.005653223
Zimbabwe,ZWE,1915,0.0065855584
Zimbabwe,ZWE,1916,0.0076514045
Zimbabwe,ZWE,1917,0.008774021
Zimbabwe,ZWE,1918,0.00967235
Zimbabwe,ZWE,1919,0.010604425
Zimbabwe,ZWE,1920,0.011581054
Zimbabwe,ZWE,1921,0.012540153
Zimbabwe,ZWE,1922,0.013296756
Zimbabwe,ZWE,1923,0.014168365
Zimbabwe,ZWE,1924,0.015055076
Zimbabwe,ZWE,1925,0.01609881
Zimbabwe,ZWE,1926,0.017484749
Zimbabwe,ZWE,1927,0.018810708
Zimbabwe,ZWE,1928,0.020431297
Zimbabwe,ZWE,1929,0.021798382
Zimbabwe,ZWE,1930,0.022952275
Zimbabwe,ZWE,1931,0.023467068
Zimbabwe,ZWE,1932,0.023745857
Zimbabwe,ZWE,1933,0.024065806
Zimbabwe,ZWE,1934,0.02460004
Zimbabwe,ZWE,1935,0.02516664
Zimbabwe,ZWE,1936,0.025663523
Zimbabwe,ZWE,1937,0.026606737
Zimbabwe,ZWE,1938,0.02756475
Zimbabwe,ZWE,1939,0.028550131
Zimbabwe,ZWE,1940,0.029672217
Zimbabwe,ZWE,1941,0.030887794
Zimbabwe,ZWE,1942,0.0322497
Zimbabwe,ZWE,1943,0.033821724
Zimbabwe,ZWE,1944,0.035337362
Zimbabwe,ZWE,1945,0.03677107
Zimbabwe,ZWE,1946,0.03801672
Zimbabwe,ZWE,1947,0.0389799
Zimbabwe,ZWE,1948,0.040072583
Zimbabwe,ZWE,1949,0.04141967
Zimbabwe,ZWE,1950,0.041731652
Zimbabwe,ZWE,1951,0.042085502
Zimbabwe,ZWE,1952,0.0425849
Zimbabwe,ZWE,1953,0.043168295
Zimbabwe,ZWE,1954,0.043863818
Zimbabwe,ZWE,1955,0.04473308
Zimbabwe,ZWE,1956,0.045658458
Zimbabwe,ZWE,1957,0.046552088
Zimbabwe,ZWE,1958,0.047127377
Zimbabwe,ZWE,1959,0.047816314
Zimbabwe,ZWE,1960,0.04828799
Zimbabwe,ZWE,1961,0.04845002
Zimbabwe,ZWE,1962,0.048500825
Zimbabwe,ZWE,1963,0.04841821
Zimbabwe,ZWE,1964,0.048196796
Zimbabwe,ZWE,1965,0.04812953
Zimbabwe,ZWE,1966,0.048218682
Zimbabwe,ZWE,1967,0.048060834
Zimbabwe,ZWE,1968,0.048104987
Zimbabwe,ZWE,1969,0.04813512
Zimbabwe,ZWE,1970,0.048365936
Zimbabwe,ZWE,1971,0.0486457
Zimbabwe,ZWE,1972,0.048716385
Zimbabwe,ZWE,1973,0.04891692
Zimbabwe,ZWE,1974,0.04906591
Zimbabwe,ZWE,1975,0.049061064
Zimbabwe,ZWE,1976,0.049458455
Zimbabwe,ZWE,1977,0.04949606
Zimbabwe,ZWE,1978,0.04947178
Zimbabwe,ZWE,1979,0.049434137
Zimbabwe,ZWE,1980,0.04943727
Zimbabwe,ZWE,1981,0.049448814
Zimbabwe,ZWE,1982,0.04937356
Zimbabwe,ZWE,1983,0.04953934
Zimbabwe,ZWE,1984,0.049574804
Zimbabwe,ZWE,1985,0.049607284
Zimbabwe,ZWE,1986,0.05001461
Zimbabwe,ZWE,1987,0.050637916
Zimbabwe,ZWE,1988,0.051284794
Zimbabwe,ZWE,1989,0.05188762
Zimbabwe,ZWE,1990,0.05235124
Zimbabwe,ZWE,1991,0.05275377
Zimbabwe,ZWE,1992,0.053319186
Zimbabwe,ZWE,1993,0.053764835
Zimbabwe,ZWE,1994,0.054324668
Zimbabwe,ZWE,1995,0.054567825
Zimbabwe,ZWE,1996,0.054744363
Zimbabwe,ZWE,1997,0.054801453
Zimbabwe,ZWE,1998,0.05488317
Zimbabwe,ZWE,1999,0.055088345
Zimbabwe,ZWE,2000,0.055065453
Zimbabwe,ZWE,2001,0.054912396
Zimbabwe,ZWE,2002,0.05468209
Zimbabwe,ZWE,2003,0.05428105
Zimbabwe,ZWE,2004,0.053752135
Zimbabwe,ZWE,2005,0.05331165
Zimbabwe,ZWE,2006,0.05282185
Zimbabwe,ZWE,2007,0.052275505
Zimbabwe,ZWE,2008,0.051568218
Zimbabwe,ZWE,2009,0.0509569
Zimbabwe,ZWE,2010,0.050344158
Zimbabwe,ZWE,2011,0.049835987
Zimbabwe,ZWE,2012,0.049399402
Zimbabwe,ZWE,2013,0.04900166
Zimbabwe,ZWE,2014,0.048635155
Zimbabwe,ZWE,2015,0.048292413
Zimbabwe,ZWE,2016,0.047873646
Zimbabwe,ZWE,2017,0.047408473
Zimbabwe,ZWE,2018,0.04702677
Zimbabwe,ZWE,2019,0.046595357
Zimbabwe,ZWE,2020,0.04613063
Zimbabwe,ZWE,2021,0.04573959
Zimbabwe,ZWE,2022,0.04546126
Zimbabwe,ZWE,2023,0.04524725
Zimbabwe,ZWE,2024,0.04504371