player_id,name,position,date_of_birth,nationality,shirt_number,team_id,team_name,competition_id
1230,Fábio,Goalkeeper,1980-09-30,Brazil,,1765,Fluminense FC,2013
44235,Vitor Eudes,Goalkeeper,1998-10-21,Brazil,,1765,Fluminense FC,2013
136654,Marcelo Pitaluga,Goalkeeper,2002-12-20,Brazil,,1765,Fluminense FC,2013
169278,Gustavo Ramalho,Goalkeeper,2002-09-16,Brazil,,1765,Fluminense FC,2013
291296,Lucas Emanuel,Goalkeeper,2008-05-25,Brazil,,1765,Fluminense FC,2013
1107,Samuel Xavier,Defence,1990-06-06,Brazil,,1765,Fluminense FC,2013
1215,Igor Rabello,Defence,1995-04-28,Brazil,,1765,Fluminense FC,2013
1546,Renê,Defence,1992-09-14,Brazil,,1765,Fluminense FC,2013
12594,Guga,Defence,1998-08-29,Brazil,,1765,Fluminense FC,2013
15929,Guilherme Arana,Defence,1997-04-14,Brazil,,1765,Fluminense FC,2013
97470,Ignácio,Defence,1996-12-01,Brazil,,1765,Fluminense FC,2013
98654,Juan Freytes,Defence,2000-01-11,Argentina,,1765,Fluminense FC,2013
221385,Julio Cesar,Defence,2006-11-06,Brazil,,1765,Fluminense FC,2013
250800,Jemmes,Defence,2000-04-09,Brazil,,1765,Fluminense FC,2013
274161,Davi Schuindt,Defence,2004-04-26,Brazil,,1765,Fluminense FC,2013
76,Ganso,Midfield,1989-10-12,Brazil,,1765,Fluminense FC,2013
1154,Alisson,Midfield,1993-06-25,Brazil,,1765,Fluminense FC,2013
8503,Otávio,Midfield,1994-05-04,Brazil,,1765,Fluminense FC,2013
23333,Yeferson Soteldo,Midfield,1997-06-30,Venezuela,,1765,Fluminense FC,2013
28561,David Terans,Midfield,1994-08-11,Uruguay,,1765,Fluminense FC,2013
61369,Nonato,Midfield,1998-03-03,Brazil,,1765,Fluminense FC,2013
76910,Luciano Acosta,Midfield,1994-05-31,Argentina,,1765,Fluminense FC,2013
77159,Jefferson Savarino,Midfield,1996-11-11,Venezuela,,1765,Fluminense FC,2013
104480,Julián Millán,Midfield,1998-03-27,Colombia,,1765,Fluminense FC,2013
145985,Hércules,Midfield,2000-10-20,Brazil,,1765,Fluminense FC,2013
179177,Martinelli,Midfield,2001-10-05,Brazil,,1765,Fluminense FC,2013
203305,João Pedro,Midfield,2005-07-15,Brazil,,1765,Fluminense FC,2013
245200,Facundo Bernal,Midfield,2003-08-21,Uruguay,,1765,Fluminense FC,2013
274154,Kaio,Midfield,2007-02-19,Brazil,,1765,Fluminense FC,2013
274160,Breno,Midfield,2007-03-24,Brazil,,1765,Fluminense FC,2013
274164,Davi Melo,Midfield,2005-11-20,Brazil,,1765,Fluminense FC,2013
278022,Vagno,Midfield,2007-09-26,Brazil,,1765,Fluminense FC,2013
291284,Naarã Teixeira,Midfield,2008-01-12,Brazil,,1765,Fluminense FC,2013
21689,Hulk,Offence,1986-07-25,Brazil,,1765,Fluminense FC,2013
21951,Germán Cano,Offence,1988-02-02,Argentina,,1765,Fluminense FC,2013
28614,Agustín Canobbio,Offence,1998-10-01,Uruguay,,1765,Fluminense FC,2013
178998,Yago,Offence,2001-08-02,Brazil,,1765,Fluminense FC,2013
181336,Kevin Serna,Offence,1997-12-22,Colombia,,1765,Fluminense FC,2013
191363,Rodrigo Castillo,Offence,1999-02-26,Argentina,,1765,Fluminense FC,2013
203321,Agner Moura,Offence,2005-03-22,Brazil,,1765,Fluminense FC,2013
221342,Matheus Reis,Offence,2007-04-02,Mexico,,1765,Fluminense FC,2013
273195,Riquelme Felipe,Offence,2007-03-13,Brazil,,1765,Fluminense FC,2013
274162,Oliver,Offence,2007-05-11,Brazil,,1765,Fluminense FC,2013
278023,Keven Samuel,Offence,2007-01-26,Brazil,,1765,Fluminense FC,2013
278024,Wesley Natã,Offence,2008-04-18,Brazil,,1765,Fluminense FC,2013
278025,Kelwin,Offence,2006-03-24,Brazil,,1765,Fluminense FC,2013
157533,John Kennedy,Centre-Forward,2002-05-18,Brazil,,1765,Fluminense FC,2013
1695,Everson,Goalkeeper,1990-07-22,Brazil,,1766,CA Mineiro,2013
178929,Gabriel Delfim,Goalkeeper,2002-07-10,Brazil,,1766,CA Mineiro,2013
276227,Robert,Goalkeeper,2005-02-03,Brazil,,1766,CA Mineiro,2013
276267,Pedro,Goalkeeper,2006-05-16,Brazil,,1766,CA Mineiro,2013
290801,Kaio de Assis,Goalkeeper,2008-05-03,Brazil,,1766,CA Mineiro,2013
1773,Vitor Hugo,Defence,1991-05-20,Brazil,,1766,CA Mineiro,2013
8395,Júnior Alonso,Defence,1993-02-09,Paraguay,,1766,CA Mineiro,2013
24673,Ángelo Preciado,Defence,1998-02-18,Ecuador,,1766,CA Mineiro,2013
141379,Natanael,Defence,2002-01-05,Brazil,,1766,CA Mineiro,2013
218742,Iván Román,Defence,2006-07-12,Chile,,1766,CA Mineiro,2013
249148,Igor,Defence,2006-02-03,Brazil,,1766,CA Mineiro,2013
249463,Samuel,Defence,2006-02-09,Brazil,,1766,CA Mineiro,2013
285293,Vitor Fernandes,Defence,2008-03-04,Brazil,,1766,CA Mineiro,2013
290769,Luís Gustavo,Defence,2006-03-24,Brazil,,1766,CA Mineiro,2013
290772,Kauã Pascini,Defence,2008-03-05,Brazil,,1766,CA Mineiro,2013
1447,Maycon,Midfield,1997-07-15,Brazil,,1766,CA Mineiro,2013
16476,Bernard,Midfield,1992-09-08,Brazil,,1766,CA Mineiro,2013
24670,Alan Franco,Midfield,1998-08-21,Ecuador,,1766,CA Mineiro,2013
46266,Tomás Cuello,Midfield,2000-03-05,Argentina,,1766,CA Mineiro,2013
72781,Gustavo Scarpa,Midfield,1994-01-05,Brazil,,1766,CA Mineiro,2013
82534,Igor Gomes,Midfield,1999-03-17,Brazil,,1766,CA Mineiro,2013
178854,Victor Hugo Gomes,Midfield,2004-05-11,Brazil,,1766,CA Mineiro,2013
189371,Alexsander Gomes,Midfield,2003-10-08,Brazil,,1766,CA Mineiro,2013
213331,Tomás Pérez,Midfield,2005-08-26,Argentina,,1766,CA Mineiro,2013
260075,Patrick Silva,Midfield,2004-03-19,Brazil,,1766,CA Mineiro,2013
276189,José Phelipe,Midfield,2005-06-14,Brazil,,1766,CA Mineiro,2013
276210,Hendel,Midfield,2008-04-03,Brazil,,1766,CA Mineiro,2013
276263,Lucas Louback,Midfield,2006-04-13,Brazil,,1766,CA Mineiro,2013
285292,Mateus Iseppe,Midfield,2006-05-02,Brazil,,1766,CA Mineiro,2013
288491,Wallysson Freitas,Midfield,2008-04-25,Brazil,,1766,CA Mineiro,2013
290766,Murillo Cardoso,Midfield,2006-07-21,Brazil,,1766,CA Mineiro,2013
290768,Mamady Cissé,Midfield,2007-01-01,Guinea,,1766,CA Mineiro,2013
294994,Lucas Silva,Midfield,2006-03-30,Brazil,,1766,CA Mineiro,2013
1182,Dudu,Offence,1992-01-07,Brazil,,1766,CA Mineiro,2013
7569,Mateo Cassierra,Offence,1997-04-13,Colombia,,1766,CA Mineiro,2013
179174,Alan Minda,Offence,2003-05-14,Ecuador,,1766,CA Mineiro,2013
276224,Eric Soares,Offence,2006-01-08,Brazil,,1766,CA Mineiro,2013
276280,Ryan Felipe,Offence,2006-07-28,Brazil,,1766,CA Mineiro,2013
287624,João Castro,Offence,2009-07-16,Brazil,,1766,CA Mineiro,2013
290765,Cauã Campos,Offence,2008-06-30,Brazil,,1766,CA Mineiro,2013
294996,Riquelme Henrique,Offence,2009-01-17,Brazil,,1766,CA Mineiro,2013
131258,Ruan,Centre-Back,1999-06-07,Brazil,,1766,CA Mineiro,2013
123350,Reinier,Attacking Midfield,2002-01-19,Brazil,,1766,CA Mineiro,2013
2283,Lyanco,Centre-Back,1997-02-01,Brazil,,1766,CA Mineiro,2013
1671,Renan Lodi,Left-Back,1998-04-08,Brazil,,1766,CA Mineiro,2013
1170,Weverton,Goalkeeper,1987-12-13,Brazil,,1767,Grêmio FBPA,2013
168962,Gabriel Chapeco,Goalkeeper,2000-03-29,Brazil,,1767,Grêmio FBPA,2013
249197,Thiago Beltrame,Goalkeeper,2003-07-02,Brazil,,1767,Grêmio FBPA,2013
290930,Gabriel Menegon,Goalkeeper,2008-10-14,Brazil,,1767,Grêmio FBPA,2013
1072,Marlon,Defence,1997-05-20,Brazil,,1767,Grêmio FBPA,2013
1138,Walter Kannemann,Defence,1991-03-14,Argentina,,1767,Grêmio FBPA,2013
1178,Marcos Rocha,Defence,1988-12-11,Brazil,,1767,Grêmio FBPA,2013
1387,João Pedro,Defence,1996-11-15,Brazil,,1767,Grêmio FBPA,2013
1436,Fabián Balbuena,Defence,1991-08-23,Paraguay,,1767,Grêmio FBPA,2013
147442,Erick Noriega,Defence,2001-10-22,Peru,,1767,Grêmio FBPA,2013
168793,Wagner Leonardo,Defence,1999-07-23,Brazil,,1767,Grêmio FBPA,2013
181463,Gustavo Martins,Defence,2002-08-11,Brazil,,1767,Grêmio FBPA,2013
211602,Viery,Defence,2005-01-02,Brazil,,1767,Grêmio FBPA,2013
263955,Athos Thawan,Defence,2005-03-29,Brazil,,1767,Grêmio FBPA,2013
276217,Borges,Defence,2006-06-07,Brazil,,1767,Grêmio FBPA,2013
276278,Luis Guedes,Defence,2008-01-16,Brazil,,1767,Grêmio FBPA,2013
276281,Pedro Gabriel,Defence,2007-06-06,Brazil,,1767,Grêmio FBPA,2013
294384,Vitor Ramon,Defence,2008-01-15,Brazil,,1767,Grêmio FBPA,2013
1087,Dodi,Midfield,1996-04-17,Brazil,,1767,Grêmio FBPA,2013
33078,Felipe Carballo,Midfield,1996-10-04,Uruguay,,1767,Grêmio FBPA,2013
46178,Mathías Villasanti,Midfield,1997-01-24,Paraguay,,1767,Grêmio FBPA,2013
74729,Caio Paulista,Midfield,1998-05-11,Brazil,,1767,Grêmio FBPA,2013
116177,Tetê,Midfield,2000-02-15,Brazil,,1767,Grêmio FBPA,2013
117570,José Enamorado,Midfield,1999-01-13,Colombia,,1767,Grêmio FBPA,2013
170674,Juan Ignacio Nardoni,Midfield,2002-07-14,Argentina,,1767,Grêmio FBPA,2013
178482,Miguel Monsalve,Midfield,2004-02-27,Colombia,,1767,Grêmio FBPA,2013
213173,Leonel Perez,Midfield,2004-08-09,Argentina,,1767,Grêmio FBPA,2013
249139,Riquelme,Midfield,2006-08-13,Brazil,,1767,Grêmio FBPA,2013
273290,Tiago Goncalves,Midfield,2008-02-02,Brazil,,1767,Grêmio FBPA,2013
276206,Bernardo Zortea,Midfield,2007-03-21,Brazil,,1767,Grêmio FBPA,2013
276279,Gabriel Mec,Midfield,2008-04-11,Brazil,,1767,Grêmio FBPA,2013
290803,Jefinho,Midfield,2006-12-14,Brazil,,1767,Grêmio FBPA,2013
293081,Rafael Gomes,Midfield,2008-04-15,Brazil,,1767,Grêmio FBPA,2013
3219,Cristian Pavón,Offence,1996-01-21,Argentina,,1767,Grêmio FBPA,2013
8863,Francis Amuzu,Offence,1999-08-23,Belgium,,1767,Grêmio FBPA,2013
194867,Andre,Offence,2001-12-17,Brazil,,1767,Grêmio FBPA,2013
276220,Smiley,Offence,2007-05-08,Brazil,,1767,Grêmio FBPA,2013
276269,Jeferson,Offence,2007-01-16,Brazil,,1767,Grêmio FBPA,2013
290701,Roger Dias,Offence,2008-04-29,Brazil,,1767,Grêmio FBPA,2013
37833,Carlos Vinícius,Centre-Forward,1995-03-25,Brazil,,1767,Grêmio FBPA,2013
3467,Martin Braithwaite,Centre-Forward,1991-06-05,Denmark,,1767,Grêmio FBPA,2013
3230,Willian,Left Winger,1988-08-09,Brazil,,1767,Grêmio FBPA,2013
1148,Arthur,Defensive Midfield,1996-08-12,Brazil,,1767,Grêmio FBPA,2013
1662,Santos,Goalkeeper,1990-03-17,Brazil,,1768,CA Paranaense,2013
187426,Mycael,Goalkeeper,2004-03-12,Brazil,,1768,CA Paranaense,2013
249158,Matheus Soares,Goalkeeper,2005-01-10,Brazil,,1768,CA Paranaense,2013
278568,Maksym Voronov,Goalkeeper,2006-06-09,Ukraine,,1768,CA Paranaense,2013
1386,Léo,Defence,1996-03-06,Brazil,,1768,CA Paranaense,2013
1584,Dudu,Defence,1997-05-30,Brazil,,1768,CA Paranaense,2013
22166,Juan Aguirre,Defence,1996-08-29,Colombia,,1768,CA Paranaense,2013
22673,Alejandro García,Defence,2001-02-28,Colombia,,1768,CA Paranaense,2013
104494,Carlos Terán,Defence,2000-09-24,Colombia,,1768,CA Paranaense,2013
127557,Gastón Benavídez,Defence,1995-10-23,Argentina,,1768,CA Paranaense,2013
153853,Lucas Esquivel,Defence,2001-10-14,Argentina,,1768,CA Paranaense,2013
203402,Derik,Defence,2005-07-24,Brazil,,1768,CA Paranaense,2013
203659,Filipinho,Defence,2001-10-18,Brazil,,1768,CA Paranaense,2013
227055,Marcos Andre,Defence,2006-03-23,Brazil,,1768,CA Paranaense,2013
249229,Arthur Dias,Defence,2007-04-10,Brazil,,1768,CA Paranaense,2013
286575,Gilberto Leite,Defence,2005-03-27,Brazil,,1768,CA Paranaense,2013
290567,Murilo Camargo,Defence,2009-03-29,Brazil,,1768,CA Paranaense,2013
290568,Bruno Ramos,Defence,2008-08-16,Brazil,,1768,CA Paranaense,2013
290570,Claudio Henrique,Defence,2005-10-26,Brazil,,1768,CA Paranaense,2013
1083,Jádson,Midfield,1993-08-30,Brazil,,1768,CA Paranaense,2013
8357,Luiz Gustavo,Midfield,1987-07-23,Brazil,,1768,CA Paranaense,2013
131264,Bruno Zapelli,Midfield,2002-05-17,Argentina,,1768,CA Paranaense,2013
178353,Juan Portilla,Midfield,1998-09-12,Colombia,,1768,CA Paranaense,2013
202198,Isaac,Midfield,2004-04-24,Brazil,,1768,CA Paranaense,2013
211606,Dudu,Midfield,2006-01-01,Brazil,,1768,CA Paranaense,2013
221387,Chiqueti,Midfield,2005-02-09,Brazil,,1768,CA Paranaense,2013
244753,João Victor,Midfield,2006-05-12,Brazil,,1768,CA Paranaense,2013
249225,Diogo Riquelme,Midfield,2005-04-23,Brazil,,1768,CA Paranaense,2013
290564,Lucas Marezi,Midfield,2006-01-18,Brazil,,1768,CA Paranaense,2013
290565,Gustavo Veiga,Midfield,2006-01-16,Brazil,,1768,CA Paranaense,2013
290566,Stabelini,Midfield,2007-05-14,Brazil,,1768,CA Paranaense,2013
291293,Guilherme Back,Midfield,2006-09-23,Brazil,,1768,CA Paranaense,2013
291295,Benjamín Brito,Midfield,2007-07-25,Argentina,,1768,CA Paranaense,2013
293116,Lima,Midfield,1995-11-01,Brazil,,1768,CA Paranaense,2013
56226,Julimar,Offence,2001-01-25,Brazil,,1768,CA Paranaense,2013
176630,Renan,Offence,2003-01-31,Brazil,,1768,CA Paranaense,2013
192070,Kevin Viveros,Offence,2000-04-26,Colombia,,1768,CA Paranaense,2013
249382,Renan Peixoto,Offence,2000-02-21,Brazil,,1768,CA Paranaense,2013
249477,Leozinho,Offence,1998-12-05,Brazil,,1768,CA Paranaense,2013
259923,Kayke,Offence,2008-04-26,Brazil,,1768,CA Paranaense,2013
278610,Sorriso,Offence,2006-04-15,Brazil,,1768,CA Paranaense,2013
278937,Vitinho,Offence,2007-04-19,Brazil,,1768,CA Paranaense,2013
290569,Lucas Amorim,Offence,2006-06-05,Brazil,,1768,CA Paranaense,2013
291286,Juliano Santini,Offence,2007-02-23,Brazil,,1768,CA Paranaense,2013
8606,Stiven Mendoza,Left Winger,1992-06-27,Colombia,,1768,CA Paranaense,2013
1562,Marcelo Lomba,Goalkeeper,1986-12-18,Brazil,,1769,SE Palmeiras,2013
118029,Carlos Miguel,Goalkeeper,1998-10-09,Brazil,,1769,SE Palmeiras,2013
281726,Wanderson Ferreira,Goalkeeper,2005-02-07,Brazil,,1769,SE Palmeiras,2013
283241,Luiz Sá,Goalkeeper,2007-03-01,Brazil,,1769,SE Palmeiras,2013
287885,Kauan Lima,Goalkeeper,2007-02-14,Brazil,,1769,SE Palmeiras,2013
1741,Gustavo Gómez,Defence,1993-05-06,Paraguay,,1769,SE Palmeiras,2013
28740,Joaquín Piquerez,Defence,1998-08-24,Uruguay,,1769,SE Palmeiras,2013
46454,Alexander Barboza,Defence,1995-03-16,Argentina,,1769,SE Palmeiras,2013
115222,Bruno Fuchs,Defence,1999-04-01,Brazil,,1769,SE Palmeiras,2013
115559,Khellven,Defence,2001-02-25,Brazil,,1769,SE Palmeiras,2013
170525,Murilo Cerqueira,Defence,1997-03-27,Brazil,,1769,SE Palmeiras,2013
183528,Agustin Giay,Defence,2004-01-16,Argentina,,1769,SE Palmeiras,2013
206776,Jefte,Defence,2003-12-21,Brazil,,1769,SE Palmeiras,2013
260932,Luis Gustavo,Defence,2006-06-07,Brazil,,1769,SE Palmeiras,2013
281040,Arthur Santana,Defence,2005-09-04,Brazil,,1769,SE Palmeiras,2013
292249,Meykson Silmark,Defence,2006-04-01,Brazil,,1769,SE Palmeiras,2013
295654,Koné Zié Mohamed,Defence,2007-10-20,Ivory Coast,,1769,SE Palmeiras,2013
1080,Marlon Freitas,Midfield,1995-03-27,Brazil,,1769,SE Palmeiras,2013
22306,Jhon Arias,Midfield,1997-09-21,Colombia,,1769,SE Palmeiras,2013
45173,Lucas Evangelista,Midfield,1995-05-06,Brazil,,1769,SE Palmeiras,2013
119594,Mauricio,Midfield,2001-06-22,Brazil,,1769,SE Palmeiras,2013
130957,Emiliano Martínez,Midfield,1999-08-17,Uruguay,,1769,SE Palmeiras,2013
181523,Vitor de Almeida,Midfield,2005-10-25,Brazil,,1769,SE Palmeiras,2013
270549,Vitor Figueiredo,Midfield,2006-03-03,Brazil,,1769,SE Palmeiras,2013
278888,Victor Gabriel,Midfield,2006-11-22,Brazil,,1769,SE Palmeiras,2013
281587,Rafael Coutinho,Midfield,2006-03-24,Brazil,,1769,SE Palmeiras,2013
282123,Erick Machado,Midfield,2007-01-21,Brazil,,1769,SE Palmeiras,2013
287767,Luis Pacheco,Midfield,2008-02-02,Brazil,,1769,SE Palmeiras,2013
291831,Gabriel Silva,Midfield,2007-02-04,Brazil,,1769,SE Palmeiras,2013
295840,Eduardo Conceição,Midfield,2009-12-07,Brazil,,1769,SE Palmeiras,2013
1490,Paulinho,Offence,2000-07-15,Brazil,,1769,SE Palmeiras,2013
140647,Ramón Sosa,Offence,1999-08-31,Paraguay,,1769,SE Palmeiras,2013
170698,José Manuel López,Offence,2000-12-06,Argentina,,1769,SE Palmeiras,2013
249169,Luighi Hanri,Offence,2006-04-30,Brazil,,1769,SE Palmeiras,2013
249222,Riquelme Fillipi,Offence,2006-09-15,Brazil,,1769,SE Palmeiras,2013
262366,Larson,Offence,2005-07-10,Brazil,,1769,SE Palmeiras,2013
274216,Allan,Offence,2004-04-19,Brazil,,1769,SE Palmeiras,2013
287314,Heittor da Silva,Offence,2007-09-18,Brazil,,1769,SE Palmeiras,2013
181439,Vítor Roque,Centre-Forward,2005-02-28,Brazil,,1769,SE Palmeiras,2013
33153,Andreas Pereira,Attacking Midfield,1996-01-01,Brazil,,1769,SE Palmeiras,2013
2060,Felipe Anderson,Left Winger,1993-04-15,Brazil,,1769,SE Palmeiras,2013
3221,Neto,Goalkeeper,1989-07-19,Brazil,,1770,Botafogo FR,2013
13152,Raul,Goalkeeper,1997-07-28,Brazil,,1770,Botafogo FR,2013
179157,Leo Linck,Goalkeeper,2001-03-03,Brazil,,1770,Botafogo FR,2013
250332,Cristhian Loor,Goalkeeper,2006-03-09,Ecuador,,1770,Botafogo FR,2013
250759,Rhyan Luca,Goalkeeper,2006-12-02,Brazil,,1770,Botafogo FR,2013
1239,Vitinho,Defence,1999-07-23,Brazil,,1770,Botafogo FR,2013
8457,Marçal,Defence,1989-02-19,Brazil,,1770,Botafogo FR,2013
15904,Alex Telles,Defence,1992-12-15,Brazil,,1770,Botafogo FR,2013
28433,Nahuel Ferraresi,Defence,1998-11-19,Venezuela,,1770,Botafogo FR,2013
37418,Kaio Pantaleão,Defence,1995-09-18,Brazil,,1770,Botafogo FR,2013
151999,Caio Roque,Defence,2002-01-09,Brazil,,1770,Botafogo FR,2013
160792,Mateo Ponte,Defence,2003-05-24,Uruguay,,1770,Botafogo FR,2013
171861,Bastos,Defence,1991-11-23,Angola,,1770,Botafogo FR,2013
206227,Jhoan Hernández,Defence,2006-02-20,Colombia,,1770,Botafogo FR,2013
211500,Ythallo,Defence,2004-07-22,Brazil,,1770,Botafogo FR,2013
249506,Anthony,Defence,2005-07-12,Brazil,,1770,Botafogo FR,2013
260984,Wallace,Defence,2007-05-10,Brazil,,1770,Botafogo FR,2013
274158,Victor Hugo,Defence,2007-06-04,Brazil,,1770,Botafogo FR,2013
274540,Caio Valle,Defence,2007-10-11,Brazil,,1770,Botafogo FR,2013
276799,Carlos Santos,Defence,2005-08-16,Brazil,,1770,Botafogo FR,2013
286981,Gabriel Pereira,Defence,2006-04-16,Brazil,,1770,Botafogo FR,2013
287447,Gabriel Abdias,Defence,2006-06-19,Brazil,,1770,Botafogo FR,2013
287787,Marcos Vinagre,Defence,2007-02-15,Brazil,,1770,Botafogo FR,2013
291294,Pedro de Paula,Defence,2008-10-01,Brazil,,1770,Botafogo FR,2013
291298,João Lira,Defence,2008-02-24,Brazil,,1770,Botafogo FR,2013
291832,Arthur Alves,Defence,2008-09-16,Brazil,,1770,Botafogo FR,2013
1580,Edenilson,Midfield,1989-12-18,Brazil,,1770,Botafogo FR,2013
2096,Allan,Midfield,1991-01-08,Brazil,,1770,Botafogo FR,2013
113671,Santiago Rodríguez,Midfield,2000-01-08,Uruguay,,1770,Botafogo FR,2013
149704,Danilo dos Santos de Oliveira,Midfield,2001-04-29,Brazil,,1770,Botafogo FR,2013
154595,Cristian Medina,Midfield,2002-06-01,Argentina,,1770,Botafogo FR,2013
165989,Lucas Villalba,Midfield,2001-05-11,Uruguay,,1770,Botafogo FR,2013
169234,Matheus Martins,Midfield,2003-07-16,Brazil,,1770,Botafogo FR,2013
203361,Bernardo Valim,Midfield,2006-01-30,Brazil,,1770,Botafogo FR,2013
203397,Newton,Midfield,2000-03-12,Brazil,,1770,Botafogo FR,2013
206393,Jordan Barrera,Midfield,2006-04-11,Colombia,,1770,Botafogo FR,2013
221555,Kaua Branco,Midfield,2006-05-04,Brazil,,1770,Botafogo FR,2013
250493,Alvaro Montoro,Midfield,2007-04-17,Argentina,,1770,Botafogo FR,2013
274146,Lucyo,Midfield,2006-03-15,Brazil,,1770,Botafogo FR,2013
274539,Lucas Camilo,Midfield,2006-05-25,Brazil,,1770,Botafogo FR,2013
274541,Zappelini,Midfield,2007-03-26,Brazil,,1770,Botafogo FR,2013
275395,Kauan,Midfield,2006-04-15,Brazil,,1770,Botafogo FR,2013
291292,Samuel da Silva,Midfield,2008-03-30,Brazil,,1770,Botafogo FR,2013
291300,Davi Alves,Midfield,2008-06-27,Brazil,,1770,Botafogo FR,2013
291306,Felipe Januário,Midfield,2007-05-03,Brazil,,1770,Botafogo FR,2013
77,Joaquín Correa,Offence,1994-08-13,Argentina,,1770,Botafogo FR,2013
12653,Júnior Santos,Offence,1994-10-11,Brazil,,1770,Botafogo FR,2013
172113,Chris Ramos,Offence,1997-01-18,Spain,,1770,Botafogo FR,2013
182538,Weliton Santos,Offence,2005-04-13,Brazil,,1770,Botafogo FR,2013
206708,Nathan Ribeiro,Offence,2005-02-16,Brazil,,1770,Botafogo FR,2013
278626,Arthur Izaque,Offence,2007-06-29,Brazil,,1770,Botafogo FR,2013
286833,Kadir Barría,Offence,2007-07-18,Panama,,1770,Botafogo FR,2013
291288,Rogerio Medeiros,Offence,2008-04-11,Brazil,,1770,Botafogo FR,2013
291305,Matheusinho,Offence,2007-03-30,Brazil,,1770,Botafogo FR,2013
291892,Miguel Caldas,Offence,2008-07-20,Brazil,,1770,Botafogo FR,2013
1723,Arthur Cabral,Centre-Forward,1998-04-25,Brazil,,1770,Botafogo FR,2013
1431,Cássio,Goalkeeper,1987-06-06,Brazil,,1771,Cruzeiro EC,2013
178822,Matheus Cunha,Goalkeeper,2001-05-24,Brazil,,1771,Cruzeiro EC,2013
203390,Otávio,Goalkeeper,2005-12-27,Brazil,,1771,Cruzeiro EC,2013
276287,Marcelo,Goalkeeper,2006-02-12,Brazil,,1771,Cruzeiro EC,2013
278776,Vitor Lamounier,Goalkeeper,2007-10-18,Brazil,,1771,Cruzeiro EC,2013
290770,Felipe Teixeira,Goalkeeper,2009-05-05,Brazil,,1771,Cruzeiro EC,2013
1266,Fabrício Bruno,Defence,1996-02-12,Brazil,,1771,Cruzeiro EC,2013
1434,Fágner,Defence,1989-06-11,Brazil,,1771,Cruzeiro EC,2013
9418,William,Defence,1995-04-03,Brazil,,1771,Cruzeiro EC,2013
45865,Lucas Villalba,Defence,1994-08-19,Argentina,,1771,Cruzeiro EC,2013
115095,João Marcelo,Defence,2000-06-13,Brazil,,1771,Cruzeiro EC,2013
181633,Kaiki Bruno,Defence,2003-03-08,Brazil,,1771,Cruzeiro EC,2013
207251,Jonathan,Defence,2004-05-27,Brazil,,1771,Cruzeiro EC,2013
249190,Ian,Defence,2009-01-09,Brazil,,1771,Cruzeiro EC,2013
276232,José,Defence,2005-08-31,Brazil,,1771,Cruzeiro EC,2013
276255,Kaua Prates,Defence,2008-08-12,Brazil,,1771,Cruzeiro EC,2013
278484,Kauã Moraes,Defence,2006-06-29,Brazil,,1771,Cruzeiro EC,2013
278775,Nicolas Pontes,Defence,2006-01-14,Brazil,,1771,Cruzeiro EC,2013
295598,Bryan,Defence,2010-08-23,Brazil,,1771,Cruzeiro EC,2013
1246,Lucas Romero,Midfield,1994-04-18,Argentina,,1771,Cruzeiro EC,2013
1250,Lucas Silva,Midfield,1993-02-16,Brazil,,1771,Cruzeiro EC,2013
1815,Gerson,Midfield,1997-05-20,Brazil,,1771,Cruzeiro EC,2013
49264,Wanderson,Midfield,1994-10-07,Brazil,,1771,Cruzeiro EC,2013
118245,Christian,Midfield,2000-12-19,Brazil,,1771,Cruzeiro EC,2013
203387,João Wellington,Midfield,2004-01-02,Brazil,,1771,Cruzeiro EC,2013
205585,Keny Arroyo,Midfield,2006-02-14,Ecuador,,1771,Cruzeiro EC,2013
277675,Murilo,Midfield,2006-03-13,Brazil,,1771,Cruzeiro EC,2013
288902,Rayan,Midfield,2007-01-19,Brazil,,1771,Cruzeiro EC,2013
289855,Rhuan Gabriel,Midfield,2006-02-06,Brazil,,1771,Cruzeiro EC,2013
290771,Kaiquy,Midfield,2006-05-17,Brazil,,1771,Cruzeiro EC,2013
291156,Danilo Gimenes,Midfield,2007-02-25,Brazil,,1771,Cruzeiro EC,2013
40067,Chico,Offence,1995-05-05,Brazil,,1771,Cruzeiro EC,2013
45490,Matheus Pereira,Offence,1996-05-05,Brazil,,1771,Cruzeiro EC,2013
169004,Bruno Rodrigues,Offence,1997-03-07,Brazil,,1771,Cruzeiro EC,2013
218422,Neizer Villarreal,Offence,2005-04-24,Colombia,,1771,Cruzeiro EC,2013
224582,Ruan,Offence,2006-08-10,Brazil,,1771,Cruzeiro EC,2013
272933,Kenji,Offence,2006-01-30,Brazil,,1771,Cruzeiro EC,2013
276286,Bruno Ferreira,Offence,2005-08-04,Brazil,,1771,Cruzeiro EC,2013
169277,Marquinhos,Right Winger,2003-04-07,Brazil,,1771,Cruzeiro EC,2013
91310,Kaio Jorge,Centre-Forward,2002-01-24,Brazil,,1771,Cruzeiro EC,2013
22040,Luis Sinisterra,Left Winger,1999-06-17,Colombia,,1771,Cruzeiro EC,2013
6532,Walace,Defensive Midfield,1995-04-04,Brazil,,1771,Cruzeiro EC,2013
1153,Matheus Henrique,Central Midfield,1997-12-19,Brazil,,1771,Cruzeiro EC,2013
13237,Rafael Santos,Goalkeeper,1989-03-14,Brazil,,1772,Chapecoense AF,2013
73828,Anderson,Goalkeeper,1998-03-05,Brazil,,1772,Chapecoense AF,2013
276113,Matheus Aurélio,Goalkeeper,1999-06-23,Brazil,,1772,Chapecoense AF,2013
292444,Kainã,Goalkeeper,2005-05-17,Brazil,,1772,Chapecoense AF,2013
1272,Bruno Pacheco,Defence,1991-12-08,Brazil,,1772,Chapecoense AF,2013
1274,Rafael Thyere,Defence,1993-05-17,Brazil,,1772,Chapecoense AF,2013
1675,Marcinho,Defence,1995-06-08,Brazil,,1772,Chapecoense AF,2013
18338,Neto Pessoa,Defence,1994-05-16,Brazil,,1772,Chapecoense AF,2013
19255,Marcos Vinicius,Defence,1997-03-26,Brazil,,1772,Chapecoense AF,2013
119630,Everton,Defence,1995-04-10,Brazil,,1772,Chapecoense AF,2013
139972,Bruno Leonardo,Defence,1996-06-02,Brazil,,1772,Chapecoense AF,2013
140903,Joao Paulo,Defence,1997-07-04,Brazil,,1772,Chapecoense AF,2013
140947,Eduardo Doma,Defence,1998-08-29,Brazil,,1772,Chapecoense AF,2013
143146,Victor Caetano,Defence,1997-10-19,Brazil,,1772,Chapecoense AF,2013
169460,Mancha,Defence,2001-02-13,Brazil,,1772,Chapecoense AF,2013
206864,Eduardo Lopes,Defence,2006-04-07,Brazil,,1772,Chapecoense AF,2013
220748,João Vitor,Defence,1998-03-31,Brazil,,1772,Chapecoense AF,2013
249490,Kauan Gomes,Defence,2003-04-07,Brazil,,1772,Chapecoense AF,2013
285706,Jackson,Defence,2004-08-28,Brazil,,1772,Chapecoense AF,2013
292154,Vinicius Eduardo,Defence,2005-02-18,Brazil,,1772,Chapecoense AF,2013
294100,Fernando da Silva,Defence,1999-11-16,Brazil,,1772,Chapecoense AF,2013
294205,Felipe da Fonseca,Defence,2008-02-06,Brazil,,1772,Chapecoense AF,2013
295030,Marcio Kalebe,Defence,2007-02-02,Brazil,,1772,Chapecoense AF,2013
1485,Giovanni Augusto,Midfield,1989-09-05,Brazil,,1772,Chapecoense AF,2013
7838,Yannick Bolasie,Midfield,1989-05-24,DR Congo,,1772,Chapecoense AF,2013
13922,Jean Carlos,Midfield,1992-02-15,Brazil,,1772,Chapecoense AF,2013
18946,Wermeson,Midfield,2001-02-16,Brazil,,1772,Chapecoense AF,2013
105065,Walter Clar,Midfield,1994-09-27,Paraguay,,1772,Chapecoense AF,2013
118377,Camilo,Midfield,1999-02-23,Brazil,,1772,Chapecoense AF,2013
128785,Rafael Carvalheira,Midfield,1999-05-26,Brazil,,1772,Chapecoense AF,2013
138222,Ênio,Midfield,2001-03-03,Brazil,,1772,Chapecoense AF,2013
171073,Higor Meritao,Midfield,1994-06-23,Brazil,,1772,Chapecoense AF,2013
181451,Kaká,Midfield,2005-08-08,Brazil,,1772,Chapecoense AF,2013
203293,Rubens Tadeu,Midfield,2003-03-28,Brazil,,1772,Chapecoense AF,2013
203983,Italo Vargas,Midfield,2002-10-13,Brazil,,1772,Chapecoense AF,2013
213384,Wellington,Midfield,2007-04-14,Brazil,,1772,Chapecoense AF,2013
249466,Rodrigo,Midfield,2007-07-03,Brazil,,1772,Chapecoense AF,2013
250726,Robert Conceição,Midfield,2003-07-20,Brazil,,1772,Chapecoense AF,2013
273011,David Antunes,Midfield,2005-08-17,Brazil,,1772,Chapecoense AF,2013
294047,Kauan Godoy,Midfield,2007-06-06,Brazil,,1772,Chapecoense AF,2013
294050,Kauê Arno,Midfield,2008-06-06,Brazil,,1772,Chapecoense AF,2013
294515,Yago,Midfield,2006-04-11,Brazil,,1772,Chapecoense AF,2013
295236,Igor Rampazzo,Midfield,2007-01-24,Brazil,,1772,Chapecoense AF,2013
22136,Kevin Ramírez,Offence,1994-04-01,Uruguay,,1772,Chapecoense AF,2013
150815,Maurício Garcez,Offence,1997-03-16,Brazil,,1772,Chapecoense AF,2013
154554,Vinicius,Offence,1999-05-28,Brazil,,1772,Chapecoense AF,2013
221795,Alberto Pagnoncelli,Offence,2006-02-16,Brazil,,1772,Chapecoense AF,2013
278710,Gleidson,Offence,2007-04-13,Brazil,,1772,Chapecoense AF,2013
289322,João Henrique,Offence,,Brazil,,1772,Chapecoense AF,2013
294046,Luizão,Offence,2006-01-27,Brazil,,1772,Chapecoense AF,2013
294049,Miguel Miranda,Offence,2006-08-27,Brazil,,1772,Chapecoense AF,2013
294052,Iago,Offence,2007-05-17,Brazil,,1772,Chapecoense AF,2013
294204,Matheus Milani,Offence,2006-05-25,Brazil,,1772,Chapecoense AF,2013
294206,Talison,Offence,2007-04-17,Brazil,,1772,Chapecoense AF,2013
294207,Bernardo,Offence,2006-11-30,Brazil,,1772,Chapecoense AF,2013
171241,Carlos Coronel,Goalkeeper,1996-12-29,Paraguay,,1776,São Paulo FC,2013
179023,Rafael Monteiro,Goalkeeper,1989-06-23,Brazil,,1776,São Paulo FC,2013
179818,Young,Goalkeeper,2002-03-07,Brazil,,1776,São Paulo FC,2013
249208,Felipe,Goalkeeper,2005-11-19,Brazil,,1776,São Paulo FC,2013
276229,João Pedro,Goalkeeper,2006-04-10,Brazil,,1776,São Paulo FC,2013
1338,Robert Arboleda,Defence,1991-10-22,Ecuador,,1776,São Paulo FC,2013
13647,Lucas Ramon,Defence,1994-03-07,Brazil,,1776,São Paulo FC,2013
46523,Alan Franco,Defence,1996-10-11,Argentina,,1776,São Paulo FC,2013
59844,Enzo Díaz,Defence,1995-12-07,Argentina,,1776,São Paulo FC,2013
73058,Luan,Defence,1999-05-14,Brazil,,1776,São Paulo FC,2013
79609,José Sabino,Defence,1996-10-25,Brazil,,1776,São Paulo FC,2013
177628,João Moreira,Defence,2004-05-21,Brazil,,1776,São Paulo FC,2013
181372,Matheus Doria,Defence,1994-11-08,Brazil,,1776,São Paulo FC,2013
192632,Matheus Belém,Defence,2003-03-13,Brazil,,1776,São Paulo FC,2013
249179,Igor Teixeira,Defence,2007-03-07,Brazil,,1776,São Paulo FC,2013
249302,Isac,Defence,2006-04-02,Brazil,,1776,São Paulo FC,2013
260264,Igor Odoni,Defence,2007-08-19,Brazil,,1776,São Paulo FC,2013
276249,Pedro Henrique,Defence,2007-01-15,Brazil,,1776,São Paulo FC,2013
283427,Nicolas,Defence,2007-04-08,Brazil,,1776,São Paulo FC,2013
290515,Raphael,Defence,2005-03-13,Brazil,,1776,São Paulo FC,2013
294367,Luis Osorio,Defence,2006-09-06,Brazil,,1776,São Paulo FC,2013
8003,Lucas Moura,Midfield,1992-08-13,Brazil,,1776,São Paulo FC,2013
9946,Cauly,Midfield,1995-09-15,Brazil,,1776,São Paulo FC,2013
13860,Danielzinho,Midfield,1994-11-04,Brazil,,1776,São Paulo FC,2013
85523,Marcos Antônio,Midfield,2000-06-13,Brazil,,1776,São Paulo FC,2013
103499,Ferreira,Midfield,1997-12-31,Brazil,,1776,São Paulo FC,2013
168954,Damian Bobadilla,Midfield,2001-07-11,Paraguay,,1776,São Paulo FC,2013
169542,Pablo Maia,Midfield,2002-01-10,Brazil,,1776,São Paulo FC,2013
206664,Felipe Negrucci,Midfield,2004-05-14,Brazil,,1776,São Paulo FC,2013
276242,Mateus Manso,Midfield,2004-05-24,Brazil,,1776,São Paulo FC,2013
276268,Pedrinho,Midfield,2007-04-24,Brazil,,1776,São Paulo FC,2013
276272,Maik,Midfield,2005-01-03,Brazil,,1776,São Paulo FC,2013
276437,Hugo,Midfield,2004-01-19,Brazil,,1776,São Paulo FC,2013
292151,Djhordney,Midfield,2007-06-17,Brazil,,1776,São Paulo FC,2013
1192,Artur Guimaraes,Offence,1998-02-15,Brazil,,1776,São Paulo FC,2013
3137,Jonathan Calleri,Offence,1993-09-23,Argentina,,1776,São Paulo FC,2013
42901,Luciano,Offence,1993-05-18,Brazil,,1776,São Paulo FC,2013
45459,André Silva,Offence,1997-06-03,Brazil,,1776,São Paulo FC,2013
149959,Gonzalo Tapia,Offence,2002-02-18,Chile,,1776,São Paulo FC,2013
273330,Ryan Rodrigues,Offence,2006-11-21,Brazil,,1776,São Paulo FC,2013
276282,Lucca Marques,Offence,2007-06-14,Brazil,,1776,São Paulo FC,2013
276288,Paulo Sérgio,Offence,2005-05-17,Brazil,,1776,São Paulo FC,2013
291830,Perivan,Offence,2007-04-14,Brazil,,1776,São Paulo FC,2013
6475,Wendell,Left-Back,1993-07-20,Brazil,,1776,São Paulo FC,2013
3244,Cédric,Right-Back,1991-08-31,Portugal,,1776,São Paulo FC,2013
1832,Rafael Tolói,Centre-Back,1990-10-10,Italy,,1776,São Paulo FC,2013
1296,João Paulo,Goalkeeper,1995-06-29,Brazil,,1777,EC Bahia,2013
1496,Ronaldo,Goalkeeper,1996-08-22,Brazil,,1777,EC Bahia,2013
1664,Léo Vieira,Goalkeeper,1990-09-22,Brazil,,1777,EC Bahia,2013
203299,Victor,Goalkeeper,2006-05-03,Brazil,,1777,EC Bahia,2013
203377,Gabriel Souza,Goalkeeper,2007-02-28,Brazil,,1777,EC Bahia,2013
249605,Iuri dos Santos,Goalkeeper,2007-02-11,Brazil,,1777,EC Bahia,2013
290802,Fabio Simplicio,Goalkeeper,2008-01-09,Brazil,,1777,EC Bahia,2013
1073,Gilberto,Defence,1993-03-07,Brazil,,1777,EC Bahia,2013
1205,Kanu,Defence,1997-03-07,Brazil,,1777,EC Bahia,2013
13419,David Duarte,Defence,1995-01-24,Brazil,,1777,EC Bahia,2013
122794,Santiago Ramos,Defence,2001-11-21,Argentina,,1777,EC Bahia,2013
140873,Luciano Juba,Defence,1999-08-29,Brazil,,1777,EC Bahia,2013
179535,Marcos Victor,Defence,2001-12-26,Brazil,,1777,EC Bahia,2013
181587,Gabriel Xavier,Defence,2001-05-06,Brazil,,1777,EC Bahia,2013
194863,Jose Guilherme,Defence,2005-03-16,Brazil,,1777,EC Bahia,2013
203291,Gerald Santos,Defence,2007-11-01,Brazil,,1777,EC Bahia,2013
249149,Pedro Henrique,Defence,2006-01-19,Brazil,,1777,EC Bahia,2013
249151,Luiz Gustavo,Defence,2006-04-12,Brazil,,1777,EC Bahia,2013
250314,Román Gómez,Defence,2004-07-14,Argentina,,1777,EC Bahia,2013
274110,Frederico,Defence,2006-05-23,Brazil,,1777,EC Bahia,2013
1547,Jean Lucas,Midfield,1998-06-22,Brazil,,1777,EC Bahia,2013
1548,Éverton Ribeiro,Midfield,1989-04-10,Brazil,,1777,EC Bahia,2013
18478,Erick,Midfield,1997-11-14,Brazil,,1777,EC Bahia,2013
107803,Nicolás Acevedo,Midfield,1999-04-14,Uruguay,,1777,EC Bahia,2013
110928,Rodrigo Nestor,Midfield,2000-08-09,Brazil,,1777,EC Bahia,2013
136393,Caio Alexandre,Midfield,1999-02-24,Brazil,,1777,EC Bahia,2013
142131,Cristian Olivera,Midfield,2002-04-17,Uruguay,,1777,EC Bahia,2013
191376,Mateo Sanabria,Midfield,2004-03-31,Argentina,,1777,EC Bahia,2013
203386,Sidney,Midfield,2006-03-12,Brazil,,1777,EC Bahia,2013
249189,Wendel Silva,Midfield,2006-02-28,Brazil,,1777,EC Bahia,2013
249194,Marco Antônio,Midfield,2006-07-01,Brazil,,1777,EC Bahia,2013
275330,David Martins,Midfield,2007-09-15,Brazil,,1777,EC Bahia,2013
278870,Daniel Lima,Midfield,2007-08-15,Brazil,,1777,EC Bahia,2013
278872,Saymon,Midfield,2007-03-07,Brazil,,1777,EC Bahia,2013
278874,Gustavo Santana,Midfield,2008-03-02,Brazil,,1777,EC Bahia,2013
280706,Kauê Junior,Midfield,2009-02-27,Brazil,,1777,EC Bahia,2013
286371,Lyan Araujo,Midfield,2009-02-17,Brazil,,1777,EC Bahia,2013
290716,Victor Oliveira,Midfield,2007-02-14,Brazil,,1777,EC Bahia,2013
292402,Ryan Nascimento,Midfield,2008-09-10,Brazil,,1777,EC Bahia,2013
293083,João Victor,Midfield,2008-08-08,Brazil,,1777,EC Bahia,2013
1661,Ademir Santos,Offence,1995-02-16,Brazil,,1777,EC Bahia,2013
28422,Michel Araujo,Offence,1996-09-28,Uruguay,,1777,EC Bahia,2013
39954,Everaldo,Offence,1991-07-05,Brazil,,1777,EC Bahia,2013
203316,Joao Vitor,Offence,2006-06-15,Brazil,,1777,EC Bahia,2013
203411,Roger Gabriel,Offence,2007-02-11,Brazil,,1777,EC Bahia,2013
203872,Erick,Offence,2000-10-02,Brazil,,1777,EC Bahia,2013
262357,Ruan Pablo,Offence,2008-07-23,Brazil,,1777,EC Bahia,2013
275590,Dell,Offence,2008-06-09,Brazil,,1777,EC Bahia,2013
290698,Caio Suassuna,Offence,2007-03-23,Brazil,,1777,EC Bahia,2013
1566,Iago Borduchi,Left-Back,1997-03-23,Brazil,,1777,EC Bahia,2013
8,Willian José,Centre-Forward,1991-11-23,Brazil,,1777,EC Bahia,2013
82991,Hugo Souza,Goalkeeper,1999-01-31,Brazil,,1779,SC Corinthians Paulista,2013
179167,Matheus Donelli,Goalkeeper,2002-05-17,Brazil,,1779,SC Corinthians Paulista,2013
211604,Kauê,Goalkeeper,2004-02-08,Brazil,,1779,SC Corinthians Paulista,2013
249314,Felipexxx,Goalkeeper,2005-03-05,Brazil,,1779,SC Corinthians Paulista,2013
13710,Matheuzinho,Defence,2000-09-08,Brazil,,1779,SC Corinthians Paulista,2013
16342,André Ramalho,Defence,1992-02-16,Brazil,,1779,SC Corinthians Paulista,2013
103611,Raniele,Defence,1996-12-31,Brazil,,1779,SC Corinthians Paulista,2013
120089,Hugo,Defence,1997-08-29,Brazil,,1779,SC Corinthians Paulista,2013
137557,Pedro Milans,Defence,2002-03-24,Uruguay,,1779,SC Corinthians Paulista,2013
169688,Bidu,Defence,1999-05-04,Brazil,,1779,SC Corinthians Paulista,2013
209145,Renato Santos,Defence,2004-10-11,Brazil,,1779,SC Corinthians Paulista,2013
211608,João Pedro,Defence,2003-12-31,Brazil,,1779,SC Corinthians Paulista,2013
249171,Guilherme Pellegrin,Defence,2006-07-26,Brazil,,1779,SC Corinthians Paulista,2013
274858,João Vitor,Defence,2007-01-03,Brazil,,1779,SC Corinthians Paulista,2013
285271,André Luiz,Defence,2006-06-20,Brazil,,1779,SC Corinthians Paulista,2013
291989,João Vitor,Defence,2005-03-01,Brazil,,1779,SC Corinthians Paulista,2013
294328,Iago da Silva,Defence,2009-02-17,Brazil,,1779,SC Corinthians Paulista,2013
1577,Charles,Midfield,1996-06-19,Brazil,,1779,SC Corinthians Paulista,2013
1609,Alex Santana,Midfield,1995-05-13,Bulgaria,,1779,SC Corinthians Paulista,2013
1614,Matheus Pereira,Midfield,1998-02-25,Brazil,,1779,SC Corinthians Paulista,2013
3325,Jesse Lingard,Midfield,1992-12-15,England,,1779,SC Corinthians Paulista,2013
3703,Zakaria Labyad,Midfield,1993-03-09,Morocco,,1779,SC Corinthians Paulista,2013
3789,André Carrillo,Midfield,1991-06-14,Peru,,1779,SC Corinthians Paulista,2013
56574,Allan,Midfield,1997-03-03,Brazil,,1779,SC Corinthians Paulista,2013
60058,Rodrigo Garro,Midfield,1998-01-04,Argentina,,1779,SC Corinthians Paulista,2013
179054,Bidon,Midfield,2005-02-20,Brazil,,1779,SC Corinthians Paulista,2013
211607,Kayke,Midfield,2004-04-28,Brazil,,1779,SC Corinthians Paulista,2013
249188,Yago,Midfield,2006-02-05,Brazil,,1779,SC Corinthians Paulista,2013
259933,Guilherme,Midfield,2007-02-06,Brazil,,1779,SC Corinthians Paulista,2013
272780,Luiz de Nardi,Midfield,2007-07-13,Brazil,,1779,SC Corinthians Paulista,2013
274859,Luiz Eduardo,Midfield,2007-06-26,Brazil,,1779,SC Corinthians Paulista,2013
275105,Luiz Gustavo,Midfield,2006-01-02,Brazil,,1779,SC Corinthians Paulista,2013
289853,Guilherme Amorim,Midfield,2008-01-15,Brazil,,1779,SC Corinthians Paulista,2013
1325,Yuri Alberto,Offence,2001-03-18,Brazil,,1779,SC Corinthians Paulista,2013
8472,Memphis Depay,Offence,1994-02-13,Netherlands,,1779,SC Corinthians Paulista,2013
15795,Vitinho,Offence,1993-10-09,Brazil,,1779,SC Corinthians Paulista,2013
40134,Pedro Raul,Offence,1996-11-05,Brazil,,1779,SC Corinthians Paulista,2013
275104,Dieguinho,Offence,2007-09-16,Brazil,,1779,SC Corinthians Paulista,2013
295178,Nícollas Mello,Offence,2008-06-13,Brazil,,1779,SC Corinthians Paulista,2013
46376,Fabrizio Angileri,Left-Back,1994-03-15,Argentina,,1779,SC Corinthians Paulista,2013
33145,Gabriel Paulista,Centre-Back,1990-11-26,Brazil,,1779,SC Corinthians Paulista,2013
1301,Gustavo Henrique,Centre-Back,1993-03-24,Brazil,,1779,SC Corinthians Paulista,2013
192626,Kaio César,Right Winger,2004-02-15,Brazil,,1779,SC Corinthians Paulista,2013
1169,Daniel Fuzato,Goalkeeper,1997-07-04,Brazil,,1780,CR Vasco da Gama,2013
179586,Léo Jardim,Goalkeeper,1995-03-20,Brazil,,1780,CR Vasco da Gama,2013
249200,Phillipe Gabriel,Goalkeeper,2006-02-23,Brazil,,1780,CR Vasco da Gama,2013
251108,Pablo,Goalkeeper,2003-02-11,Brazil,,1780,CR Vasco da Gama,2013
276218,Renatinha,Goalkeeper,1997-10-22,Brazil,,1780,CR Vasco da Gama,2013
22497,Carlos Cuesta,Defence,1999-03-09,Colombia,,1780,CR Vasco da Gama,2013
28564,José Rodríguez,Defence,1997-03-14,Uruguay,,1780,CR Vasco da Gama,2013
117822,Lucas Piton,Defence,2000-10-09,Brazil,,1780,CR Vasco da Gama,2013
119622,Lucas Freitas,Defence,2001-01-20,Brazil,,1780,CR Vasco da Gama,2013
169566,Paulo Henrique,Defence,1996-07-25,Brazil,,1780,CR Vasco da Gama,2013
179017,Robert,Defence,2003-10-11,Brazil,,1780,CR Vasco da Gama,2013
181575,Cuiabano,Defence,2003-02-16,Brazil,,1780,CR Vasco da Gama,2013
202193,Alan Saldivia,Defence,2002-04-06,Uruguay,,1780,CR Vasco da Gama,2013
276215,Alison,Defence,2007-01-26,Brazil,,1780,CR Vasco da Gama,2013
276277,Gabriel Soares,Defence,2008-06-19,Brazil,,1780,CR Vasco da Gama,2013
280839,Breno Vereza,Defence,2007-09-03,Brazil,,1780,CR Vasco da Gama,2013
285450,Bruno André,Defence,2007-01-02,Brazil,,1780,CR Vasco da Gama,2013
287686,Isabela Matos,Defence,2002-08-12,Brazil,,1780,CR Vasco da Gama,2013
290612,Wanyson,Defence,2006-02-15,Brazil,,1780,CR Vasco da Gama,2013
290613,Gustavinho,Defence,2006-08-30,Brazil,,1780,CR Vasco da Gama,2013
294348,Ramon Rique,Defence,2007-10-02,Brazil,,1780,CR Vasco da Gama,2013
1172,Tchê Tchê,Midfield,1992-08-30,Brazil,,1780,CR Vasco da Gama,2013
1251,David,Midfield,1995-10-17,Brazil,,1780,CR Vasco da Gama,2013
8402,Thiago Mendes,Midfield,1992-03-15,Brazil,,1780,CR Vasco da Gama,2013
13192,Jair,Midfield,1994-08-26,Brazil,,1780,CR Vasco da Gama,2013
46101,Claudio Spinelli,Midfield,1997-01-21,Argentina,,1780,CR Vasco da Gama,2013
103153,Hugo Moura,Midfield,1998-01-03,Brazil,,1780,CR Vasco da Gama,2013
152610,Tucuruí,Midfield,2002-03-18,Brazil,,1780,CR Vasco da Gama,2013
165615,Adson,Midfield,2000-10-06,Brazil,,1780,CR Vasco da Gama,2013
178432,Carlos Gómez,Midfield,2002-09-12,Colombia,,1780,CR Vasco da Gama,2013
203328,Lucas Eduardo,Midfield,2004-01-13,Brazil,,1780,CR Vasco da Gama,2013
203341,Cauan Lucas,Midfield,2004-05-06,Brazil,,1780,CR Vasco da Gama,2013
249218,João Pedro,Midfield,2005-04-19,Brazil,,1780,CR Vasco da Gama,2013
260986,Bruno Lopes,Midfield,2007-07-25,Brazil,,1780,CR Vasco da Gama,2013
276194,Wallace,Midfield,2005-03-07,Brazil,,1780,CR Vasco da Gama,2013
276216,Andrey,Midfield,2008-02-05,Brazil,,1780,CR Vasco da Gama,2013
276248,Leonardo Araujo,Midfield,2007-01-31,Brazil,,1780,CR Vasco da Gama,2013
286832,Diego Campos,Midfield,2009-01-27,Brazil,,1780,CR Vasco da Gama,2013
291285,João Vitor,Midfield,2005-05-29,Brazil,,1780,CR Vasco da Gama,2013
291827,João Vitor,Midfield,2008-11-12,Brazil,,1780,CR Vasco da Gama,2013
294347,Samuel Jesús,Midfield,2006-02-14,Brazil,,1780,CR Vasco da Gama,2013
85890,Marino Hinestroza,Offence,2002-07-08,Colombia,,1780,CR Vasco da Gama,2013
249212,Lukas Zuccarello,Offence,2006-12-02,Brazil,,1780,CR Vasco da Gama,2013
276226,Riquelme Avellar,Offence,2006-03-08,Brazil,,1780,CR Vasco da Gama,2013
277757,André Ricardo,Offence,2005-07-18,Brazil,,1780,CR Vasco da Gama,2013
178193,Johan Rojas,Attacking Midfield,2002-09-20,Colombia,,1780,CR Vasco da Gama,2013
176241,Matheus Franca,Attacking Midfield,2004-04-01,Brazil,,1780,CR Vasco da Gama,2013
171304,Nuno Moreira,Left Winger,1999-06-16,Portugal,,1780,CR Vasco da Gama,2013
1360,Brenner,Centre-Forward,2000-01-16,Brazil,,1780,CR Vasco da Gama,2013
2478,Gabriel,Goalkeeper,1992-09-27,Brazil,,1782,EC Vitória,2013
140876,Yuri Sena,Goalkeeper,2001-01-03,Brazil,,1782,EC Vitória,2013
141366,Fintelman,Goalkeeper,2001-07-20,Brazil,,1782,EC Vitória,2013
169696,Lucas Arcanjo,Goalkeeper,1998-08-08,Brazil,,1782,EC Vitória,2013
276225,Davi Barbosa,Goalkeeper,2006-03-02,Brazil,,1782,EC Vitória,2013
290804,Bernardo Augusto,Goalkeeper,2008-07-22,Brazil,,1782,EC Vitória,2013
1602,Neris,Defence,1992-06-17,Brazil,,1782,EC Vitória,2013
13421,Carlos Eduardo,Defence,1996-10-10,Brazil,,1782,EC Vitória,2013
18571,Camutanga,Defence,1993-09-27,Brazil,,1782,EC Vitória,2013
77470,Cacá,Defence,1999-04-25,Brazil,,1782,EC Vitória,2013
95136,Luan Cândido,Defence,2001-02-02,Brazil,,1782,EC Vitória,2013
101837,Jamerson,Defence,1998-09-09,Brazil,,1782,EC Vitória,2013
127239,Claudinho,Defence,2000-09-24,Brazil,,1782,EC Vitória,2013
165747,Matheusinho,Defence,1998-10-07,Brazil,,1782,EC Vitória,2013
179845,Nathan,Defence,2002-08-19,Brazil,,1782,EC Vitória,2013
204029,Riquelme Carvalho,Defence,2005-04-25,Brazil,,1782,EC Vitória,2013
249142,Andrei,Defence,2005-04-30,Brazil,,1782,EC Vitória,2013
276228,Buiu,Defence,2006-02-08,Brazil,,1782,EC Vitória,2013
276289,Kauan,Defence,2007-03-15,Brazil,,1782,EC Vitória,2013
277416,Gean,Defence,2007-06-11,Brazil,,1782,EC Vitória,2013
277417,Kauan Vitor,Defence,2006-06-15,Brazil,,1782,EC Vitória,2013
290706,João Marques,Defence,2008-06-25,Brazil,,1782,EC Vitória,2013
290805,Ivan,Defence,2006-06-29,Brazil,,1782,EC Vitória,2013
19142,Ronald,Midfield,1997-06-18,Brazil,,1782,EC Vitória,2013
21600,Marinho,Midfield,1990-05-29,Brazil,,1782,EC Vitória,2013
45802,Leandro Martínez,Midfield,1994-06-04,Argentina,,1782,EC Vitória,2013
61447,Gabriel Baralhas,Midfield,1998-10-10,Brazil,,1782,EC Vitória,2013
103300,Junior Ramos,Midfield,1998-03-03,Brazil,,1782,EC Vitória,2013
103621,Caique,Midfield,1995-10-10,Brazil,,1782,EC Vitória,2013
166758,Kike Saverio,Midfield,1999-06-19,Ecuador,,1782,EC Vitória,2013
179171,Dudu,Midfield,1999-06-05,Brazil,,1782,EC Vitória,2013
181537,Zé Vitor,Midfield,2000-05-02,Brazil,,1782,EC Vitória,2013
203646,Matheuzinho,Midfield,1997-10-18,Brazil,,1782,EC Vitória,2013
249168,Edenilson,Midfield,2005-06-17,Brazil,,1782,EC Vitória,2013
249181,José Breno,Midfield,2004-06-06,Brazil,,1782,EC Vitória,2013
249375,Pablo,Midfield,2003-08-03,Brazil,,1782,EC Vitória,2013
277418,Wendell,Midfield,2005-08-31,Brazil,,1782,EC Vitória,2013
279066,Lucas Lohan,Midfield,2006-07-10,Brazil,,1782,EC Vitória,2013
290703,Gustavo Marques,Midfield,2007-01-16,Brazil,,1782,EC Vitória,2013
290704,Guilherme,Midfield,2008-04-14,Brazil,,1782,EC Vitória,2013
290707,Italo Machado,Midfield,2008-02-27,Brazil,,1782,EC Vitória,2013
290931,Cauan,Midfield,2006-10-03,Brazil,,1782,EC Vitória,2013
290932,Ezequiel,Midfield,2006-07-21,Brazil,,1782,EC Vitória,2013
290934,Alejandro Almaraz,Midfield,2006-12-02,Argentina,,1782,EC Vitória,2013
291160,Luis Aucélio,Midfield,2006-05-18,Brazil,,1782,EC Vitória,2013
292369,Nicolás Celis,Midfield,2007-08-26,Colombia,,1782,EC Vitória,2013
293493,Anderson,Midfield,2002-09-28,Brazil,,1782,EC Vitória,2013
294048,Wanderson Estrela,Midfield,2008-08-07,Brazil,,1782,EC Vitória,2013
12716,Osvaldo,Offence,1987-04-11,Brazil,,1782,EC Vitória,2013
12837,Renato Kayzer,Offence,1996-02-17,Brazil,,1782,EC Vitória,2013
32156,Aitor Cantalapiedra,Offence,1996-02-10,Spain,,1782,EC Vitória,2013
40441,Erick,Offence,1997-12-10,Brazil,,1782,EC Vitória,2013
44093,Renzo López,Offence,1994-04-16,Uruguay,,1782,EC Vitória,2013
85504,Fabrício,Offence,2000-10-08,Brazil,,1782,EC Vitória,2013
243571,Lucas Silva,Offence,1999-08-27,Brazil,,1782,EC Vitória,2013
247158,Pedro Henrique,Offence,1996-11-08,Brazil,,1782,EC Vitória,2013
250521,Diego Tarzia,Offence,2003-04-26,Argentina,,1782,EC Vitória,2013
276250,Marcos Vinicius,Offence,2007-01-29,Brazil,,1782,EC Vitória,2013
276795,Carlos Renê,Offence,2003-10-07,Brazil,,1782,EC Vitória,2013
277421,Emanoel,Offence,2007-12-17,Brazil,,1782,EC Vitória,2013
290708,Kévin Barbosa,Offence,2008-04-23,Brazil,,1782,EC Vitória,2013
294051,Ruan Rebola,Offence,2008-02-08,Brazil,,1782,EC Vitória,2013
21166,Riccieli,Centre-Back,1998-09-17,Brazil,,1782,EC Vitória,2013
150786,Rúben Ramos,Defensive Midfield,1999-03-25,Portugal,,1782,EC Vitória,2013
115184,Ramon,Left-Back,2001-03-13,Brazil,,1782,EC Vitória,2013
11656,Agustín Rossi,Goalkeeper,1995-08-21,Argentina,,1783,CR Flamengo,2013
81896,Andrew,Goalkeeper,2001-07-01,Brazil,,1783,CR Flamengo,2013
203290,Francisco Dyogo,Goalkeeper,2004-01-09,Brazil,,1783,CR Flamengo,2013
275020,Léo Nannetti,Goalkeeper,2007-08-21,Brazil,,1783,CR Flamengo,2013
291297,Pedro Henrique,Goalkeeper,2008-07-18,Brazil,,1783,CR Flamengo,2013
1074,Ayrton Lucas,Defence,1997-06-19,Brazil,,1783,CR Flamengo,2013
1408,Leo Ortiz,Defence,1996-01-03,Brazil,,1783,CR Flamengo,2013
2028,Alex Sandro,Defence,1991-01-26,Brazil,,1783,CR Flamengo,2013
3165,Guillermo Varela,Defence,1993-03-24,Uruguay,,1783,CR Flamengo,2013
7881,Danilo Luiz da Silva,Defence,1991-07-15,Brazil,,1783,CR Flamengo,2013
11192,Léo Pereira,Defence,1996-01-31,Brazil,,1783,CR Flamengo,2013
113807,Vitão,Defence,2000-02-02,Brazil,,1783,CR Flamengo,2013
203359,Daniel Sales,Defence,2006-06-23,Brazil,,1783,CR Flamengo,2013
272828,João Pedro,Defence,2006-03-13,Brazil,,1783,CR Flamengo,2013
275192,Gusttavo,Defence,2006-01-10,Brazil,,1783,CR Flamengo,2013
276943,Johnny Goes,Defence,2007-03-27,Brazil,,1783,CR Flamengo,2013
291289,Antonio Da Silva,Defence,2006-02-26,Brazil,,1783,CR Flamengo,2013
291304,Daniel Carvalho,Defence,2009-03-31,Brazil,,1783,CR Flamengo,2013
1244,Giorgian De Arrascaeta,Midfield,1994-06-01,Uruguay,,1783,CR Flamengo,2013
1543,Lucas Paquetá,Midfield,1997-08-27,Brazil,,1783,CR Flamengo,2013
1867,Erick Pulgar,Midfield,1994-01-15,Chile,,1783,CR Flamengo,2013
29012,Jorge Carrascal,Midfield,1998-05-25,Colombia,,1783,CR Flamengo,2013
168795,Nicolas de la Cruz,Midfield,1997-06-01,Uruguay,,1783,CR Flamengo,2013
203401,Evertton,Midfield,2003-02-28,Brazil,,1783,CR Flamengo,2013
249147,Yan,Midfield,2005-02-08,Brazil,,1783,CR Flamengo,2013
273193,João Victor,Midfield,2007-01-01,Brazil,,1783,CR Flamengo,2013
274693,Pablo Lucio,Midfield,2007-04-12,Brazil,,1783,CR Flamengo,2013
275191,Lucas,Midfield,2007-03-08,Brazil,,1783,CR Flamengo,2013
275676,Luiz Felipe,Midfield,2008-02-08,Brazil,,1783,CR Flamengo,2013
277520,Joshua,Midfield,2007-05-26,Brazil,,1783,CR Flamengo,2013
289886,Ramires,Midfield,2006-03-21,Brazil,,1783,CR Flamengo,2013
291301,João Vitor,Midfield,2009-03-02,Brazil,,1783,CR Flamengo,2013
291307,Kaio,Midfield,2007-04-05,Brazil,,1783,CR Flamengo,2013
291309,Kaio Júnior,Midfield,2007-01-22,Brazil,,1783,CR Flamengo,2013
293240,Juan Sayago,Midfield,2007-08-02,Argentina,,1783,CR Flamengo,2013
1077,Pedro,Offence,1997-06-20,Brazil,,1783,CR Flamengo,2013
1159,Éverton,Offence,1996-03-22,Brazil,,1783,CR Flamengo,2013
1317,Bruno Henrique,Offence,1990-12-30,Brazil,,1783,CR Flamengo,2013
8413,Luiz Araújo,Offence,1996-06-02,Brazil,,1783,CR Flamengo,2013
56066,Gonzalo Plata,Offence,2000-11-01,Ecuador,,1783,CR Flamengo,2013
249167,Guilherme,Offence,2006-02-02,Brazil,,1783,CR Flamengo,2013
288502,Douglas Telles,Offence,2007-06-01,Brazil,,1783,CR Flamengo,2013
289791,João Paulo,Offence,2007-04-12,Brazil,,1783,CR Flamengo,2013
291302,Alan Silva,Offence,2007-05-10,Brazil,,1783,CR Flamengo,2013
291308,Ryan de Oliveira,Offence,2008-03-05,Brazil,,1783,CR Flamengo,2013
178710,Samuel Lino,Left Winger,1999-12-23,Brazil,,1783,CR Flamengo,2013
2094,Jorginho,Defensive Midfield,1991-12-20,Italy,,1783,CR Flamengo,2013
1131,Emerson Royal,Right-Back,1999-01-14,Brazil,,1783,CR Flamengo,2013
118,Saúl,Central Midfield,1994-11-21,Spain,,1783,CR Flamengo,2013
1561,Keiller,Goalkeeper,1996-10-29,Brazil,,4241,Coritiba FBC,2013
103606,Gabriel Leite,Goalkeeper,1987-12-28,Brazil,,4241,Coritiba FBC,2013
156724,Pedro Rangel,Goalkeeper,2000-06-29,Brazil,,4241,Coritiba FBC,2013
249476,Joao Benassi,Goalkeeper,2003-12-17,Brazil,,4241,Coritiba FBC,2013
278632,Santiago,Goalkeeper,2006-05-22,Brazil,,4241,Coritiba FBC,2013
1572,Rodrigo Moledo,Defence,1987-10-27,Brazil,,4241,Coritiba FBC,2013
1706,Felipe Jonatan,Defence,1998-02-15,Brazil,,4241,Coritiba FBC,2013
12670,Tinga,Defence,1993-09-01,Brazil,,4241,Coritiba FBC,2013
12678,Bruno Melo,Defence,1992-10-26,Brazil,,4241,Coritiba FBC,2013
30539,Maicon,Defence,1988-09-14,Brazil,,4241,Coritiba FBC,2013
169549,Tiago,Defence,2004-01-16,Brazil,,4241,Coritiba FBC,2013
249479,João Pedro Chermont,Defence,2006-01-18,Brazil,,4241,Coritiba FBC,2013
249505,Jacy Maranhão,Defence,1997-07-11,Brazil,,4241,Coritiba FBC,2013
290546,Kauan Noveli,Defence,2007-04-03,Brazil,,4241,Coritiba FBC,2013
1184,Thiago Santos,Midfield,1989-09-05,Brazil,,4241,Coritiba FBC,2013
12781,Willian Oliveira,Midfield,1993-05-16,Brazil,,4241,Coritiba FBC,2013
13851,Fernando Sobral,Midfield,1994-12-17,Brazil,,4241,Coritiba FBC,2013
22162,Sebastián Gómez,Midfield,1996-06-03,Colombia,,4241,Coritiba FBC,2013
31609,Josué,Midfield,1990-09-17,Portugal,,4241,Coritiba FBC,2013
118233,Wallisson Luiz,Midfield,1997-09-23,Brazil,,4241,Coritiba FBC,2013
203383,Lucas Ronier,Midfield,2004-11-26,Brazil,,4241,Coritiba FBC,2013
213299,Pedro Lucas,Midfield,2004-01-10,Brazil,,4241,Coritiba FBC,2013
249517,Matheus Dalsasso,Midfield,2007-08-09,Brazil,,4241,Coritiba FBC,2013
278569,Martinelli,Midfield,2008-04-22,Brazil,,4241,Coritiba FBC,2013
278577,Lucas Taverna,Midfield,2007-05-08,Brazil,,4241,Coritiba FBC,2013
278595,Vitor Gonçalves,Midfield,2007-04-22,Brazil,,4241,Coritiba FBC,2013
278656,Khensane,Midfield,2009-01-30,Brazil,,4241,Coritiba FBC,2013
278679,Paulo Roberto,Midfield,2005-05-20,Brazil,,4241,Coritiba FBC,2013
290544,Gustavo Oliveira,Midfield,2002-09-11,Brazil,,4241,Coritiba FBC,2013
290615,Miguel Kayk,Midfield,2007-09-01,Brazil,,4241,Coritiba FBC,2013
292370,Alejandro Ararat,Midfield,2006-07-21,Colombia,,4241,Coritiba FBC,2013
1193,Keno,Offence,1989-09-10,Brazil,,4241,Coritiba FBC,2013
16154,Pedro Rocha,Offence,1994-10-01,Brazil,,4241,Coritiba FBC,2013
19958,Rodrigo Rodrigues,Offence,1996-06-18,Brazil,,4241,Coritiba FBC,2013
129391,Fabinho,Offence,1999-11-18,Brazil,,4241,Coritiba FBC,2013
169022,Breno Lopes,Offence,1996-01-24,Brazil,,4241,Coritiba FBC,2013
179086,Renato Marques,Offence,2003-12-09,Brazil,,4241,Coritiba FBC,2013
181513,Vini Paulista,Offence,2001-03-22,Brazil,,4241,Coritiba FBC,2013
203388,Éberth,Offence,2003-06-19,Brazil,,4241,Coritiba FBC,2013
249431,Thiago Azaf,Offence,2007-01-14,Brazil,,4241,Coritiba FBC,2013
259981,Joaquín Lavega,Offence,2005-02-03,Uruguay,,4241,Coritiba FBC,2013
276213,Enzo Vagner,Offence,2006-07-28,Brazil,,4241,Coritiba FBC,2013
276301,João Vitor,Offence,2006-01-16,Brazil,,4241,Coritiba FBC,2013
278579,Richard,Offence,2007-02-13,Brazil,,4241,Coritiba FBC,2013
278659,Daniel Gruber,Offence,2007-01-31,Brazil,,4241,Coritiba FBC,2013
290543,Lucas Crepaldi,Offence,2007-06-18,Brazil,,4241,Coritiba FBC,2013
294294,David Alves,Offence,2008-02-04,Brazil,,4241,Coritiba FBC,2013
1098,Cleiton,Goalkeeper,1997-08-19,Brazil,,4286,RB Bragantino,2013
39920,Tiago Volpi,Goalkeeper,1990-12-19,Brazil,,4286,RB Bragantino,2013
111297,Fabrício,Goalkeeper,2000-06-15,Brazil,,4286,RB Bragantino,2013
261517,Gustavo Reis,Goalkeeper,2005-06-10,Brazil,,4286,RB Bragantino,2013
277392,Fernando Henrique,Goalkeeper,2004-02-01,Brazil,,4286,RB Bragantino,2013
1435,Pedro Henrique,Defence,1995-10-02,Brazil,,4286,RB Bragantino,2013
1439,Juninho Capixaba,Defence,1997-07-06,Brazil,,4286,RB Bragantino,2013
28510,Ariel Sant'Anna,Defence,1997-09-27,Uruguay,,4286,RB Bragantino,2013
43624,Eduardo Santos,Defence,1997-11-28,Brazil,,4286,RB Bragantino,2013
131279,José Hurtado,Defence,2001-12-23,Ecuador,,4286,RB Bragantino,2013
131880,Guzmán Rodríguez,Defence,2000-02-08,Uruguay,,4286,RB Bragantino,2013
154767,Vanderlan,Defence,2002-09-07,Brazil,,4286,RB Bragantino,2013
169578,Vinicius,Defence,1999-11-06,Brazil,,4286,RB Bragantino,2013
179007,Gustavo Marques,Defence,2001-10-09,Brazil,,4286,RB Bragantino,2013
280897,Cauê,Defence,2006-12-13,Brazil,,4286,RB Bragantino,2013
292153,Ryan,Defence,2007-09-04,Brazil,,4286,RB Bragantino,2013
292187,Weimar Vivas,Defence,2006-10-17,Colombia,,4286,RB Bragantino,2013
295121,Breno de Moraes,Defence,2008-06-25,Brazil,,4286,RB Bragantino,2013
1214,Matheus Fernandes,Midfield,1998-06-30,Brazil,,4286,RB Bragantino,2013
1445,Gabriel,Midfield,1992-07-10,Brazil,,4286,RB Bragantino,2013
82776,Eric Ramires,Midfield,2000-08-10,Brazil,,4286,RB Bragantino,2013
114353,Isidro Pitta,Midfield,1999-08-14,Paraguay,,4286,RB Bragantino,2013
142936,Bruno Praxedes,Midfield,2002-02-08,Brazil,,4286,RB Bragantino,2013
166367,Ignacio Sosa,Midfield,2003-08-31,Uruguay,,4286,RB Bragantino,2013
169236,Lucas Barbosa,Midfield,2001-02-22,Brazil,,4286,RB Bragantino,2013
179156,Fabinho,Midfield,2002-04-09,Brazil,,4286,RB Bragantino,2013
183235,Rodrigo Huendra,Midfield,2004-03-16,Brazil,,4286,RB Bragantino,2013
191378,José Herrera,Midfield,2003-04-16,Argentina,,4286,RB Bragantino,2013
192621,Gustavinho,Midfield,2004-04-23,Brazil,,4286,RB Bragantino,2013
249311,Yuri Silva,Midfield,2007-04-14,Brazil,,4286,RB Bragantino,2013
249333,Gabriel Lopes,Midfield,2006-07-12,Brazil,,4286,RB Bragantino,2013
249335,Rafael da Silva,Midfield,2006-03-16,Brazil,,4286,RB Bragantino,2013
278665,Yuri Alves,Midfield,2006-09-06,Brazil,,4286,RB Bragantino,2013
294346,Jhuan Nunes,Midfield,2007-06-03,Brazil,,4286,RB Bragantino,2013
1326,Eduardo Sasha,Offence,1992-02-24,Brazil,,4286,RB Bragantino,2013
11198,Fernando,Offence,1999-03-01,Brazil,,4286,RB Bragantino,2013
144471,João Neto,Offence,2003-05-21,Brazil,,4286,RB Bragantino,2013
178206,Henry Mosquera,Offence,2001-11-15,Colombia,,4286,RB Bragantino,2013
178898,Bruno,Offence,2003-03-14,Brazil,,4286,RB Bragantino,2013
213293,Marcelinho Braz,Offence,2004-08-16,Brazil,,4286,RB Bragantino,2013
249331,Filipe,Offence,2006-02-13,Brazil,,4286,RB Bragantino,2013
250437,Vinicius Mendonça,Offence,2004-02-20,Brazil,,4286,RB Bragantino,2013
280896,Davi Gomes,Offence,2005-06-06,Brazil,,4286,RB Bragantino,2013
12602,Ivan,Goalkeeper,1997-07-02,Brazil,,4287,Clube do Remo,2013
13394,Marcelo Rangel,Goalkeeper,1988-05-17,Brazil,,4287,Clube do Remo,2013
73445,Ygor,Goalkeeper,1994-04-15,Brazil,,4287,Clube do Remo,2013
278572,João Victor,Goalkeeper,2005-08-05,Brazil,,4287,Clube do Remo,2013
278605,Marcos Alexandre,Goalkeeper,2006-11-25,Brazil,,4287,Clube do Remo,2013
1441,Marllon,Defence,1992-04-16,Brazil,,4287,Clube do Remo,2013
1465,Yago Pikachu,Defence,1992-06-05,Brazil,,4287,Clube do Remo,2013
13899,Léo Andrade,Defence,1998-04-18,Brazil,,4287,Clube do Remo,2013
19262,Mayk,Defence,1999-08-31,Brazil,,4287,Clube do Remo,2013
83595,Matheus Alexandre,Defence,1999-04-07,Brazil,,4287,Clube do Remo,2013
119621,João Lucas,Defence,1998-03-09,Brazil,,4287,Clube do Remo,2013
169632,Thalisson,Defence,2002-01-20,Brazil,,4287,Clube do Remo,2013
178754,Cristian Tassano,Defence,1996-07-23,Uruguay,,4287,Clube do Remo,2013
180287,Braian Cufré,Defence,1996-12-15,Argentina,,4287,Clube do Remo,2013
203721,Marcelinho,Defence,1998-07-20,Brazil,,4287,Clube do Remo,2013
294995,Kauan Garcia,Defence,2007-04-07,Brazil,,4287,Clube do Remo,2013
1582,Patrick,Midfield,1992-07-29,Brazil,,4287,Clube do Remo,2013
3738,Víctor Cantillo,Midfield,1991-10-15,Colombia,,4287,Clube do Remo,2013
11194,Gabriel Taliari,Midfield,1997-04-13,Brazil,,4287,Clube do Remo,2013
15992,Panagiotis Tachtsidis,Midfield,1991-02-15,Greece,,4287,Clube do Remo,2013
73778,Zé Ricardo,Midfield,1999-02-03,Brazil,,4287,Clube do Remo,2013
113224,Leonel Picco,Midfield,1999-10-22,Argentina,,4287,Clube do Remo,2013
139932,Patrick de Paula,Midfield,1999-09-08,Brazil,,4287,Clube do Remo,2013
147477,Diego Hernández,Midfield,2000-06-22,Uruguay,,4287,Clube do Remo,2013
154674,Franco Catarozzi,Midfield,2000-04-02,Uruguay,,4287,Clube do Remo,2013
168807,Vitor Bueno,Midfield,1994-09-05,Brazil,,4287,Clube do Remo,2013
168986,Jose Welison,Midfield,1995-03-11,Brazil,,4287,Clube do Remo,2013
181588,Giovanni Fernando,Midfield,1996-11-22,Brazil,,4287,Clube do Remo,2013
203325,Freitas,Midfield,2003-03-04,Brazil,,4287,Clube do Remo,2013
278702,Adson,Midfield,2005-02-04,Brazil,,4287,Clube do Remo,2013
292474,Miguel Pereira,Midfield,2006-02-05,Brazil,,4287,Clube do Remo,2013
292476,Rafael,Midfield,2006-03-11,Brazil,,4287,Clube do Remo,2013
12960,Carlinhos,Offence,1997-02-12,Brazil,,4287,Clube do Remo,2013
37366,João Pedro,Offence,1996-11-13,Portugal,,4287,Clube do Remo,2013
56082,Gabriel Poveda,Offence,1998-07-07,Brazil,,4287,Clube do Remo,2013
90803,Alef Manga,Offence,1994-11-29,Brazil,,4287,Clube do Remo,2013
113521,Jáderson,Offence,2000-08-12,Brazil,,4287,Clube do Remo,2013
141427,Eduardo Melo,Offence,2001-05-13,Brazil,,4287,Clube do Remo,2013
169720,Jája Silva,Offence,1998-11-12,Brazil,,4287,Clube do Remo,2013
203696,David Braga,Offence,2001-12-11,Brazil,,4287,Clube do Remo,2013
278662,Tico,Offence,2006-09-21,Brazil,,4287,Clube do Remo,2013
291067,Rafael Monti,Offence,1999-12-08,Argentina,,4287,Clube do Remo,2013
292209,Filipe,Offence,2007-11-12,Brazil,,4287,Clube do Remo,2013
294115,Andrés Moreno,Offence,2006-06-29,Colombia,,4287,Clube do Remo,2013
294997,Kerlon Cruz,Offence,2006-04-20,Brazil,,4287,Clube do Remo,2013
8781,Duplexe Tchamba,Centre-Back,1998-07-10,Cameroon,,4287,Clube do Remo,2013
203323,Kayki,Centre-Back,2005-05-01,Brazil,,4287,Clube do Remo,2013
1432,Walter,Goalkeeper,1987-11-18,Brazil,,4364,Mirassol FC,2013
18166,Georgemy,Goalkeeper,1995-08-15,Brazil,,4364,Mirassol FC,2013
44810,Alex Muralha,Goalkeeper,1989-11-10,Brazil,,4364,Mirassol FC,2013
203727,Lacerda,Goalkeeper,2005-02-13,Brazil,,4364,Mirassol FC,2013
291157,Thomazella,Goalkeeper,1990-08-15,Brazil,,4364,Mirassol FC,2013
1181,Victor Luis,Defence,1993-06-23,Brazil,,4364,Mirassol FC,2013
1340,Reinaldo,Defence,1989-09-28,Brazil,,4364,Mirassol FC,2013
12931,Daniel Borges,Defence,1993-03-23,Brazil,,4364,Mirassol FC,2013
13516,Willian Machado,Defence,1996-11-13,Brazil,,4364,Mirassol FC,2013
18206,Rodrigues,Defence,1997-10-10,Brazil,,4364,Mirassol FC,2013
103442,João Victor,Defence,1997-09-02,Brazil,,4364,Mirassol FC,2013
181603,Igor Formiga,Defence,1999-01-08,Brazil,,4364,Mirassol FC,2013
220659,Luiz Fernando,Defence,2008-02-07,Brazil,,4364,Mirassol FC,2013
292400,Marcelo Barbosa,Defence,2008-07-26,Brazil,,4364,Mirassol FC,2013
272,Gabriel,Midfield,1993-09-18,Brazil,,4364,Mirassol FC,2013
1348,Shaylon,Midfield,1997-04-27,Brazil,,4364,Mirassol FC,2013
13355,Yuri,Midfield,1994-04-20,Brazil,,4364,Mirassol FC,2013
18894,Everton,Midfield,1997-03-17,Brazil,,4364,Mirassol FC,2013
23363,Lucas Mugni,Midfield,1992-01-12,Argentina,,4364,Mirassol FC,2013
95982,Alesson,Midfield,1999-02-16,Brazil,,4364,Mirassol FC,2013
103163,Chico,Midfield,1991-05-16,Brazil,,4364,Mirassol FC,2013
103448,Edson Carioca,Midfield,1998-06-04,Brazil,,4364,Mirassol FC,2013
121909,José Aldo,Midfield,1998-07-25,Brazil,,4364,Mirassol FC,2013
179829,Denilson Alves,Midfield,2001-03-23,Brazil,,4364,Mirassol FC,2013
183580,Carlos Eduardo,Midfield,1989-10-17,Brazil,,4364,Mirassol FC,2013
292401,Vinicius Bacchi,Midfield,2007-07-12,Brazil,,4364,Mirassol FC,2013
294117,Giovanni Pacheco,Midfield,2006-07-19,Brazil,,4364,Mirassol FC,2013
1426,Neto Moura,Offence,1996-08-06,Brazil,,4364,Mirassol FC,2013
1617,Igor Cariús,Offence,1993-05-01,Brazil,,4364,Mirassol FC,2013
13116,André Luis,Offence,1994-03-09,Brazil,,4364,Mirassol FC,2013
13939,Nathan,Offence,1999-06-09,Brazil,,4364,Mirassol FC,2013
15914,Tiquinho Soares,Offence,1991-01-17,Brazil,,4364,Mirassol FC,2013
18732,Negueba,Offence,1999-12-03,Brazil,,4364,Mirassol FC,2013
179043,Antonio Galeano,Offence,2000-03-22,Paraguay,,4364,Mirassol FC,2013
179144,Carlos Eduardo,Offence,1996-10-10,Brazil,,4364,Mirassol FC,2013
294118,Glaucon,Offence,2006-04-02,Brazil,,4364,Mirassol FC,2013
12818,Lucas Oliveira,Centre-Back,1996-02-02,Brazil,,4364,Mirassol FC,2013
30386,Sergio Rochet,Goalkeeper,1993-03-23,Uruguay,,6684,SC Internacional,2013
169581,Anthoni,Goalkeeper,2002-01-23,Brazil,,6684,SC Internacional,2013
249146,Diego Esser,Goalkeeper,2005-04-13,Brazil,,6684,SC Internacional,2013
261272,Kauan,Goalkeeper,2003-04-27,Brazil,,6684,SC Internacional,2013
58,Gabriel Mercado,Defence,1987-03-18,Argentina,,6684,SC Internacional,2013
24740,Félix Torres,Defence,1997-01-11,Ecuador,,6684,SC Internacional,2013
133258,Alexandro Bernabei,Defence,2000-09-24,Argentina,,6684,SC Internacional,2013
140872,Matheus Bahia,Defence,1999-08-11,Brazil,,6684,SC Internacional,2013
153573,Braian Aguirre,Defence,2000-07-28,Argentina,,6684,SC Internacional,2013
165600,Victor Gabriel,Defence,2004-04-28,Brazil,,6684,SC Internacional,2013
179795,Luis Felipy,Defence,2006-03-12,Brazil,,6684,SC Internacional,2013
192652,Paulinho,Defence,2005-05-23,Brazil,,6684,SC Internacional,2013
205533,Juninho,Defence,1995-02-01,Brazil,,6684,SC Internacional,2013
243622,Clayton,Defence,2000-04-04,Brazil,,6684,SC Internacional,2013
276204,Pedro Kauã,Defence,2006-03-29,Brazil,,6684,SC Internacional,2013
276212,Pablo Pereira,Defence,2006-07-01,Brazil,,6684,SC Internacional,2013
287829,Alisson Rodrigues,Defence,2008-07-31,Brazil,,6684,SC Internacional,2013
290697,Kauan,Defence,2006-11-20,Brazil,,6684,SC Internacional,2013
290699,Lazaro,Defence,2007-09-08,Brazil,,6684,SC Internacional,2013
290702,Carlos Eduardo,Defence,2006-02-27,Brazil,,6684,SC Internacional,2013
292152,Denis Marfo,Defence,2006-01-28,Ghana,,6684,SC Internacional,2013
295297,Luiz Felipe,Defence,2006-05-19,Brazil,,6684,SC Internacional,2013
1189,Bruno Henrique,Midfield,1989-10-21,Brazil,,6684,SC Internacional,2013
1550,Ronaldo,Midfield,1996-10-23,Brazil,,6684,SC Internacional,2013
8404,Thiago Maia,Midfield,1997-03-23,Brazil,,6684,SC Internacional,2013
16481,Alan Patrick,Midfield,1991-05-13,Brazil,,6684,SC Internacional,2013
113611,Rodrigo Villagra,Midfield,2001-02-14,Argentina,,6684,SC Internacional,2013
114877,Alan Rodríguez,Midfield,2000-01-25,Uruguay,,6684,SC Internacional,2013
129367,Bruno Gomes,Midfield,2001-04-04,Brazil,,6684,SC Internacional,2013
168882,Kayky,Midfield,2003-06-11,Brazil,,6684,SC Internacional,2013
261682,Yago Noal,Midfield,2007-02-05,Brazil,,6684,SC Internacional,2013
276202,Bernardo Jacob,Midfield,2006-02-28,Brazil,,6684,SC Internacional,2013
278143,Raykkonen,Midfield,2008-07-13,Brazil,,6684,SC Internacional,2013
285156,Allex,Midfield,2006-05-04,Brazil,,6684,SC Internacional,2013
290705,João Kempes,Midfield,2009-04-25,Brazil,,6684,SC Internacional,2013
1091,Richard,Offence,1994-02-18,Brazil,,6684,SC Internacional,2013
1129,Alerrandro,Offence,2000-01-12,Brazil,,6684,SC Internacional,2013
22061,Johan Carbonero,Offence,1999-07-20,Colombia,,6684,SC Internacional,2013
45372,Tabata,Offence,1997-03-30,Brazil,,6684,SC Internacional,2013
169553,Vitinho,Offence,1999-04-01,Brazil,,6684,SC Internacional,2013
276495,João Victor,Offence,2007-07-27,Brazil,,6684,SC Internacional,2013
287950,Benjamin Arhin,Offence,2006-05-29,Ghana,,6684,SC Internacional,2013
290700,João Pedro,Offence,2009-06-29,Brazil,,6684,SC Internacional,2013
11680,Rafael Borré,Centre-Forward,1995-09-15,Colombia,,6684,SC Internacional,2013
99380,Gabriel Brazão,Goalkeeper,2000-10-05,Brazil,,6685,Santos FC,2013
170456,Diogenes,Goalkeeper,2001-01-06,Brazil,,6685,Santos FC,2013
249475,Rodrigo,Goalkeeper,2005-03-23,Brazil,,6685,Santos FC,2013
251329,João Pedro,Goalkeeper,2008-03-18,Brazil,,6685,Santos FC,2013
1086,Luan Peres,Defence,1994-07-19,Brazil,,6685,Santos FC,2013
1174,Mayke,Defence,1992-11-10,Brazil,,6685,Santos FC,2013
1304,Lucas Veríssimo,Defence,1995-07-02,Brazil,,6685,Santos FC,2013
12616,Igor Vinícius,Defence,1997-04-01,Brazil,,6685,Santos FC,2013
43705,Alexandre Guedes,Defence,1994-02-11,Brazil,,6685,Santos FC,2013
45834,Gonzalo Escobar,Defence,1997-03-16,Argentina,,6685,Santos FC,2013
169556,Zé Ivaldo,Defence,1997-02-21,Brazil,,6685,Santos FC,2013
276230,Vinícius Lira,Defence,2007-10-12,Brazil,,6685,Santos FC,2013
278747,João Alencar,Defence,2007-06-25,Brazil,,6685,Santos FC,2013
282990,Joāo Paulo,Defence,2007-02-12,Brazil,,6685,Santos FC,2013
293967,Rafael Gonzaga,Defence,2008-02-07,Brazil,,6685,Santos FC,2013
295093,Samuel Mendes,Defence,2008-01-30,Brazil,,6685,Santos FC,2013
1156,Thaciano,Midfield,1995-05-12,Brazil,,6685,Santos FC,2013
1380,Zé Rafael,Midfield,1993-06-16,Brazil,,6685,Santos FC,2013
1540,Willian Arão,Midfield,1992-03-12,Brazil,,6685,Santos FC,2013
1849,João Schmidt,Midfield,1993-05-19,Brazil,,6685,Santos FC,2013
2295,Tomás Rincón,Midfield,1988-01-13,Venezuela,,6685,Santos FC,2013
28708,Christian Oliva,Midfield,1996-06-01,Uruguay,,6685,Santos FC,2013
83705,Álvaro Barreal,Midfield,2000-08-17,Argentina,,6685,Santos FC,2013
139933,Gabriel Menino,Midfield,2000-09-29,Brazil,,6685,Santos FC,2013
192844,Lautaro Diaz,Midfield,1998-05-21,Argentina,,6685,Santos FC,2013
203419,Miguelito,Midfield,2004-04-25,Bolivia,,6685,Santos FC,2013
260876,Mateus Caucaia,Midfield,2007-06-29,Brazil,,6685,Santos FC,2013
276239,Gabriel Bontempo,Midfield,2005-01-16,Brazil,,6685,Santos FC,2013
276265,Gustavo Henrique,Midfield,2005-04-07,Brazil,,6685,Santos FC,2013
280705,Robson Júnior,Midfield,2007-12-17,Brazil,,6685,Santos FC,2013
281165,Vidinho,Midfield,2005-09-03,Brazil,,6685,Santos FC,2013
290718,Pedro Paulo,Midfield,2007-02-12,Brazil,,6685,Santos FC,2013
290933,Pedro Assis,Midfield,2007-02-19,Brazil,,6685,Santos FC,2013
291303,Enzo,Midfield,2005-01-06,Brazil,,6685,Santos FC,2013
295520,Anthony Carlos Nunes Reis,Midfield,2016-01-24,Brazil,,6685,Santos FC,2013
1226,Rony,Offence,1995-05-11,Brazil,,6685,Santos FC,2013
1327,Gabriel Barbosa,Offence,1996-08-30,Brazil,,6685,Santos FC,2013
8491,Neymar,Offence,1992-02-05,Brazil,,6685,Santos FC,2013
115959,Moises,Offence,1996-09-02,Brazil,,6685,Santos FC,2013
249491,João Victor,Offence,2007-08-12,Brazil,,6685,Santos FC,2013
291758,Fernando Pradella,Offence,2008-07-03,Brazil,,6685,Santos FC,2013
292398,Nadson Maia,Offence,2009-01-24,Brazil,,6685,Santos FC,2013
122016,Benjamín Rollheiser,Right Winger,2000-03-24,Argentina,,6685,Santos FC,2013
72714,Adonis Frías,Centre-Back,1998-03-17,Argentina,,6685,Santos FC,2013
4204,Aynsley Pears,Goalkeeper,1998-04-23,England,,59,Blackburn Rovers FC,2016
63304,Balázs Tóth,Goalkeeper,1997-09-04,Hungary,,59,Blackburn Rovers FC,2016
176839,Felix Goddard,Goalkeeper,2004-03-09,England,,59,Blackburn Rovers FC,2016
249270,Nicholas Michalski,Goalkeeper,2007-03-14,England,,59,Blackburn Rovers FC,2016
45447,Yuri Ribeiro,Defence,1997-01-24,Portugal,,59,Blackburn Rovers FC,2016
76249,Lewis Miller,Defence,2000-08-24,Australia,,59,Blackburn Rovers FC,2016
141910,Ryoya Morishita,Defence,1997-04-11,Japan,,59,Blackburn Rovers FC,2016
176797,Connor O'Riordan,Defence,2003-10-19,Ireland,,59,Blackburn Rovers FC,2016
218273,Moussa Baradji,Defence,1990-01-21,France,,59,Blackburn Rovers FC,2016
218489,Tom Atcheson,Defence,2006-09-22,Northern Ireland,,59,Blackburn Rovers FC,2016
272666,Matty Litherland,Defence,,England,,59,Blackburn Rovers FC,2016
274055,George Pratt,Defence,2003-09-17,England,,59,Blackburn Rovers FC,2016
160459,Sidnei Tavares,Midfield,2001-09-29,Cape Verde Islands,,59,Blackburn Rovers FC,2016
168660,Taylor Gardner-Hickman,Midfield,2001-12-30,England,,59,Blackburn Rovers FC,2016
170820,Dion De Neve,Midfield,2001-06-12,Belgium,,59,Blackburn Rovers FC,2016
171510,Jake Garrett,Midfield,2003-03-10,England,,59,Blackburn Rovers FC,2016
177177,Ryan Alebiosu,Midfield,2001-12-17,Nigeria,,59,Blackburn Rovers FC,2016
190959,Kristi Montgomery,Midfield,2004-05-31,Scotland,,59,Blackburn Rovers FC,2016
245188,Axel Henriksson,Midfield,2002-04-16,Sweden,,59,Blackburn Rovers FC,2016
274867,Frank Vare,Midfield,2007-09-12,England,,59,Blackburn Rovers FC,2016
282513,Lorenze Mullarkey-Matthews,Midfield,,England,,59,Blackburn Rovers FC,2016
290060,Nathan Dlamini,Midfield,,England,,59,Blackburn Rovers FC,2016
24319,Mathias Jørgensen,Offence,2000-09-20,Denmark,,59,Blackburn Rovers FC,2016
102314,Augustus Kargbo,Offence,1999-08-24,Sierra Leone,,59,Blackburn Rovers FC,2016
202863,Andri Guðjohnsen,Offence,2002-01-29,Iceland,,59,Blackburn Rovers FC,2016
215241,Aodhan Doherty,Offence,2006-05-03,Northern Ireland,,59,Blackburn Rovers FC,2016
250640,Igor Tyjon,Offence,2008-03-20,England,,59,Blackburn Rovers FC,2016
293875,Joseph Valentine,Offence,2008-06-04,England,,59,Blackburn Rovers FC,2016
167657,Eiran Cashin,Centre-Back,2001-11-09,Ireland,,59,Blackburn Rovers FC,2016
141765,Hayden Carter,Centre-Back,1999-12-17,England,,59,Blackburn Rovers FC,2016
99708,Yuki Ohashi,Centre-Forward,1996-07-27,Japan,,59,Blackburn Rovers FC,2016
37955,Sondre Tronstad,Central Midfield,1995-08-26,Norway,,59,Blackburn Rovers FC,2016
36914,Sean McLoughlin,Centre-Back,1996-11-13,Ireland,,59,Blackburn Rovers FC,2016
11601,Todd Cantwell,Attacking Midfield,1998-02-27,England,,59,Blackburn Rovers FC,2016
8226,Oladapo Afolayan,Right Winger,1998-02-12,England,,59,Blackburn Rovers FC,2016
8092,Nathan Redmond,Right Winger,1994-03-06,England,,59,Blackburn Rovers FC,2016
5842,Scott Wharton,Centre-Back,1997-10-03,England,,59,Blackburn Rovers FC,2016
5739,Harry Pickering,Left-Back,1998-12-29,England,,59,Blackburn Rovers FC,2016
4355,Ryan Hedges,Right Winger,1995-07-08,Wales,,59,Blackburn Rovers FC,2016
4160,Adam Forshaw,Central Midfield,1991-10-08,England,,59,Blackburn Rovers FC,2016
102441,Daniel Grimshaw,Goalkeeper,1998-01-16,England,,68,Norwich City FC,2016
135580,Daniel Barden,Goalkeeper,2001-01-02,Wales,,68,Norwich City FC,2016
172267,Vladan Kovacevic,Goalkeeper,1998-04-11,Bosnia-Herzegovina,,68,Norwich City FC,2016
172915,Louie Moulden,Goalkeeper,2002-01-06,England,,68,Norwich City FC,2016
202809,Vicente Reyes,Goalkeeper,2003-11-19,Chile,,68,Norwich City FC,2016
103208,José Cordoba,Defence,2001-06-03,Panama,,68,Norwich City FC,2016
210742,Lucien Mahovo,Defence,2005-06-07,England,,68,Norwich City FC,2016
272833,Ruairi McConville,Defence,2005-05-01,Northern Ireland,,68,Norwich City FC,2016
286262,Theodore Adelusi,Defence,2007-05-09,England,,68,Norwich City FC,2016
34494,Kenny McLean,Midfield,1992-01-08,Scotland,,68,Norwich City FC,2016
115362,Pelle Mattsson,Midfield,2001-08-04,Denmark,,68,Norwich City FC,2016
141826,Anis Ben Slimane,Midfield,2001-03-16,Tunisia,,68,Norwich City FC,2016
154085,Matěj Jurásek,Midfield,2003-08-30,Czech Republic,,68,Norwich City FC,2016
180405,Emiliano Marcondes,Midfield,1995-03-09,Denmark,,68,Norwich City FC,2016
181976,Ali Ahmed,Midfield,2000-10-10,Canada,,68,Norwich City FC,2016
263744,Gabriel Forsyth,Midfield,2006-08-04,Scotland,,68,Norwich City FC,2016
294726,Zach Baumann,Midfield,2007-01-02,England,,68,Norwich City FC,2016
141451,Mohamed Toure,Offence,2004-03-26,Australia,,68,Norwich City FC,2016
145327,Mathias Kvistgaarden,Offence,2002-04-15,Denmark,,68,Norwich City FC,2016
171826,Jovon Makama,Offence,2004-02-01,England,,68,Norwich City FC,2016
183487,Oscar Schwartau,Offence,2006-05-17,Denmark,,68,Norwich City FC,2016
277704,Errol Mundle-Smith,Offence,2006-03-19,England,,68,Norwich City FC,2016
148136,Mirko Topić,Defensive Midfield,2001-02-05,Serbia,,68,Norwich City FC,2016
138015,Edmond-Paris Maghoma,Central Midfield,2001-05-08,England,,68,Norwich City FC,2016
135344,Liam Gibbs,Central Midfield,2002-12-16,England,,68,Norwich City FC,2016
125987,Benjamin Chrisene,Left-Back,2004-01-12,England,,68,Norwich City FC,2016
70093,Jakov Medić,Centre-Back,1998-09-07,Croatia,,68,Norwich City FC,2016
8265,Shane Duffy,Centre-Back,1992-01-01,Ireland,,68,Norwich City FC,2016
8145,Jeffrey Schlupp,Left Midfield,1992-12-23,Ghana,,68,Norwich City FC,2016
8022,Sam Field,Defensive Midfield,1998-05-08,England,,68,Norwich City FC,2016
6276,Harry Darling,Centre-Back,1999-08-08,England,,68,Norwich City FC,2016
5620,Jack Stacey,Right-Back,1996-04-06,England,,68,Norwich City FC,2016
245445,Jacob Wright,Defensive Midfield,2005-09-21,England,,68,Norwich City FC,2016
220073,Ante Crnac,Centre-Forward,2003-12-17,Croatia,,68,Norwich City FC,2016
210754,Kellen Fisher,Right-Back,2001-11-22,England,,68,Norwich City FC,2016
210150,Harry Amass,Left-Back,2007-03-16,England,,68,Norwich City FC,2016
206125,Pape Diallo,Left Winger,2004-06-25,Senegal,,68,Norwich City FC,2016
180756,Amankwah Forson,Central Midfield,2002-12-31,Ghana,,68,Norwich City FC,2016
179720,Tony Springett,Right Winger,2002-09-22,Ireland,,68,Norwich City FC,2016
8059,Ben Hamer,Goalkeeper,1987-11-20,England,,69,Queens Park Rangers FC,2016
16925,Paul Nardi,Goalkeeper,1994-05-18,France,,69,Queens Park Rangers FC,2016
124670,Joe Walsh,Goalkeeper,2002-04-01,England,,69,Queens Park Rangers FC,2016
245354,Matteo Salamon,Goalkeeper,2004-02-18,England,,69,Queens Park Rangers FC,2016
172890,Amadou Salif Mbengue,Defence,2002-01-05,Senegal,,69,Queens Park Rangers FC,2016
188774,Ziyad Larkeche,Defence,2002-09-19,France,,69,Queens Park Rangers FC,2016
206728,Esquerdinha,Defence,2006-02-28,Brazil,,69,Queens Park Rangers FC,2016
218370,Kealey Adamson,Defence,2003-02-17,Australia,,69,Queens Park Rangers FC,2016
282515,Noah McCann,Defence,2005-09-01,Scotland,,69,Queens Park Rangers FC,2016
283107,Jaiden Putman,Defence,,England,,69,Queens Park Rangers FC,2016
283113,Jake Leahy,Defence,2006-01-17,England,,69,Queens Park Rangers FC,2016
283119,Tylon Smith,Defence,2005-05-09,South Africa,,69,Queens Park Rangers FC,2016
126909,Kwame Poku,Midfield,2001-08-11,Ghana,,69,Queens Park Rangers FC,2016
175887,Harvey Vale,Midfield,2003-09-11,Ireland,,69,Queens Park Rangers FC,2016
189582,Isak Alemayehu Mulugeta,Midfield,2006-10-11,Sweden,,69,Queens Park Rangers FC,2016
213803,Justin Obikwu,Midfield,,Trinidad & Tobago,,69,Queens Park Rangers FC,2016
218055,Jaylan Pearman,Midfield,2006-04-18,Australia,,69,Queens Park Rangers FC,2016
270286,Kieran Morgan,Midfield,2006-03-17,England,,69,Queens Park Rangers FC,2016
283104,Teddy Tarbotton,Midfield,,England,,69,Queens Park Rangers FC,2016
97286,Rumarn Burrell,Offence,2000-12-16,Jamaica,,69,Queens Park Rangers FC,2016
245317,Richard Kone,Offence,2003-07-13,Ivory Coast,,69,Queens Park Rangers FC,2016
261802,Cian Dillon,Offence,2006-04-04,Ireland,,69,Queens Park Rangers FC,2016
283105,Kalen Brunson,Offence,,Bermuda,,69,Queens Park Rangers FC,2016
283106,Ashley Trujillo,Offence,,Colombia,,69,Queens Park Rangers FC,2016
294315,Leon Scarlett,Offence,2009-08-16,Wales,,69,Queens Park Rangers FC,2016
167655,Jonathan Varane,Central Midfield,2001-09-09,France,,69,Queens Park Rangers FC,2016
141661,Ronnie Edwards,Centre-Back,2003-03-28,England,,69,Queens Park Rangers FC,2016
118793,Karamoko Dembélé,Attacking Midfield,2003-02-22,England,,69,Queens Park Rangers FC,2016
73159,Koki Saito,Left Winger,2001-08-10,Japan,,69,Queens Park Rangers FC,2016
26375,Jimmy Dunne,Centre-Back,1997-10-19,Ireland,,69,Queens Park Rangers FC,2016
24214,Nicolas Madsen,Central Midfield,2000-03-17,Denmark,,69,Queens Park Rangers FC,2016
8234,Steve Cook,Centre-Back,1991-04-19,England,,69,Queens Park Rangers FC,2016
7922,Isaac Hayden,Defensive Midfield,1995-03-22,Jamaica,,69,Queens Park Rangers FC,2016
4305,Rhys Norrington-Davies,Left-Back,1999-04-22,Wales,,69,Queens Park Rangers FC,2016
4052,Jake Clarke-Salter,Centre-Back,1997-09-22,England,,69,Queens Park Rangers FC,2016
4037,Paul Smyth,Right Winger,1997-09-10,Northern Ireland,,69,Queens Park Rangers FC,2016
4029,Ilias Chair,Attacking Midfield,1997-10-30,Morocco,,69,Queens Park Rangers FC,2016
218038,Daniel Bennie,Left Winger,2006-04-13,Australia,,69,Queens Park Rangers FC,2016
214399,Rayan Kolli,Right Winger,2005-02-10,Algeria,,69,Queens Park Rangers FC,2016
36680,Gavin Bazunu,Goalkeeper,2002-02-20,Ireland,,70,Stoke City FC,2016
149732,Viktor Johansson,Goalkeeper,1998-09-14,Sweden,,70,Stoke City FC,2016
213249,Frank Fielding,Goalkeeper,1988-04-04,England,,70,Stoke City FC,2016
215367,Tommy Simkin,Goalkeeper,2004-12-08,England,,70,Stoke City FC,2016
137512,Eric Bocat,Defence,1999-07-16,France,,70,Stoke City FC,2016
184267,Maksym Taloverov,Defence,2000-06-28,Ukraine,,70,Stoke City FC,2016
278189,Jake Griffin,Defence,2005-12-30,Ireland,,70,Stoke City FC,2016
282512,Jaden Mears,Defence,2006-05-01,England,,70,Stoke City FC,2016
287849,Sydney Agina,Defence,2007-08-31,Kenya,,70,Stoke City FC,2016
290179,Josh Bickerton,Defence,2005-09-25,England,,70,Stoke City FC,2016
292446,Pijus Otegbayo,Defence,2007-08-22,Ireland,,70,Stoke City FC,2016
121,Steven N'Zonzi,Midfield,1988-12-15,France,,70,Stoke City FC,2016
154087,Tomas Rigo,Midfield,2002-07-03,Slovakia,,70,Stoke City FC,2016
217655,Joon-ho Bae,Midfield,2003-08-21,South Korea,,70,Stoke City FC,2016
265511,William Smith,Midfield,2005-11-30,England,,70,Stoke City FC,2016
287851,Gabriel Gartside-Kelly,Midfield,2006-12-07,Ireland,,70,Stoke City FC,2016
178570,Milan Smit,Offence,2003-02-13,Netherlands,,70,Stoke City FC,2016
179712,Jesurun Rak-Sakyi,Offence,2002-10-05,England,,70,Stoke City FC,2016
270474,Chinonso Chibueze,Offence,2006-01-28,England,,70,Stoke City FC,2016
273360,Ato Ampah,Offence,2006-04-22,England,,70,Stoke City FC,2016
292732,Jerome Osei Kyremeh,Offence,,England,,70,Stoke City FC,2016
170630,Lamine Cissé,Right Winger,2003-02-15,France,,70,Stoke City FC,2016
170618,Bosun Lawal,Centre-Back,2003-05-30,Ireland,,70,Stoke City FC,2016
156804,Junior Tchamadeu,Right-Back,2003-12-22,Cameroon,,70,Stoke City FC,2016
150634,Million Manhoef,Right Winger,2002-01-03,Netherlands,,70,Stoke City FC,2016
141907,Tatsuki Seko,Central Midfield,1997-12-22,Japan,,70,Stoke City FC,2016
140290,Róbert Boženík,Centre-Forward,1999-11-18,Slovakia,,70,Stoke City FC,2016
26444,Sorba Thomas,Right Winger,1999-08-22,Wales,,70,Stoke City FC,2016
11363,Ben Pearson,Defensive Midfield,1995-01-04,England,,70,Stoke City FC,2016
8201,Aaron Cresswell,Left-Back,1989-12-15,England,,70,Stoke City FC,2016
6185,Ben Wilmot,Centre-Back,1999-11-04,England,,70,Stoke City FC,2016
4218,Lewis Baker,Central Midfield,1995-04-25,England,,70,Stoke City FC,2016
4207,Ben Gibson,Centre-Back,1993-01-15,England,,70,Stoke City FC,2016
4129,Sam Gallagher,Centre-Forward,1995-09-15,England,,70,Stoke City FC,2016
187380,Divin Mubama,Centre-Forward,2004-10-25,England,,70,Stoke City FC,2016
176838,Ashley Phillips,Centre-Back,2005-06-26,England,,70,Stoke City FC,2016
4833,Andy Fisher,Goalkeeper,1998-02-12,England,,72,Swansea City AFC,2016
5828,Paul Farman,Goalkeeper,1989-11-02,England,,72,Swansea City AFC,2016
37144,Lawrence Vigouroux,Goalkeeper,1993-11-19,Chile,,72,Swansea City AFC,2016
5432,Cameron Burgess,Defence,1995-10-21,Australia,,72,Swansea City AFC,2016
213682,Ricardo Santos,Defence,1995-06-18,Cape Verde Islands,,72,Swansea City AFC,2016
136351,Ethan Galbraith,Midfield,2001-05-11,Northern Ireland,,72,Swansea City AFC,2016
156513,Marko Stamenic,Midfield,2002-02-19,New Zealand,,72,Swansea City AFC,2016
170343,Leo Walta,Midfield,2003-06-24,Finland,,72,Swansea City AFC,2016
250209,Aimar Govea,Midfield,2006-06-08,Ecuador,,72,Swansea City AFC,2016
262331,Daniel Watts,Midfield,2005-12-16,Wales,,72,Swansea City AFC,2016
294727,Thomas Woodward,Midfield,2007-02-27,Wales,,72,Swansea City AFC,2016
125561,Adam Idah,Offence,2001-02-11,Ireland,,72,Swansea City AFC,2016
150532,Zeidane Inoussa,Offence,2002-05-13,Sweden,,72,Swansea City AFC,2016
188216,Melker Widell,Offence,2002-04-19,Sweden,,72,Swansea City AFC,2016
261683,Ji-sung Eom,Offence,2002-05-09,South Korea,,72,Swansea City AFC,2016
246670,Malick Yalcouyé,Central Midfield,2005-11-18,Mali,,72,Swansea City AFC,2016
227036,Sam Parker,Right-Back,2006-07-07,Wales,,72,Swansea City AFC,2016
213296,Gustavo Gomes,Left Winger,2005-11-20,Brazil,,72,Swansea City AFC,2016
189625,Ishe Samuels-Smith,Left-Back,2006-06-05,England,,72,Swansea City AFC,2016
183151,Zan Vipotnik,Centre-Forward,2002-03-18,Slovenia,,72,Swansea City AFC,2016
181526,Ronald,Right Winger,2001-06-14,Brazil,,72,Swansea City AFC,2016
154747,Oliver Cooper,Attacking Midfield,1999-12-14,Wales,,72,Swansea City AFC,2016
118836,Gonçalo Franco,Central Midfield,2000-11-17,Portugal,,72,Swansea City AFC,2016
82151,Liam Cullen,Centre-Forward,1999-04-23,Wales,,72,Swansea City AFC,2016
59089,Benjamin Cabango,Centre-Back,2000-05-30,Wales,,72,Swansea City AFC,2016
8141,Joel Ward,Right-Back,1989-10-29,England,,72,Swansea City AFC,2016
6383,Josh Tymon,Left-Back,1999-05-22,England,,72,Swansea City AFC,2016
6041,Josh Key,Right-Back,1999-11-19,England,,72,Swansea City AFC,2016
4896,Jay Fulton,Central Midfield,1994-04-04,Scotland,,72,Swansea City AFC,2016
147455,Joshua Griffiths,Goalkeeper,2001-09-05,England,,74,West Bromwich Albion FC,2016
167566,Max O'Leary,Goalkeeper,1996-10-10,Ireland,,74,West Bromwich Albion FC,2016
285528,Joe Wallis,Goalkeeper,2005-06-07,New Zealand,,74,West Bromwich Albion FC,2016
140424,George Campbell,Defence,2001-06-22,USA,,74,West Bromwich Albion FC,2016
262500,Danny Imray,Defence,2003-07-27,England,,74,West Bromwich Albion FC,2016
264338,Mo Diomande,Defence,2006-02-16,Italy,,74,West Bromwich Albion FC,2016
264341,Idrissa Dauda Amihere,Defence,2008-01-08,Italy,,74,West Bromwich Albion FC,2016
283115,Alex Williams,Defence,2005-01-02,Wales,,74,West Bromwich Albion FC,2016
290136,Noah Dupont,Defence,2007-10-18,New Zealand,,74,West Bromwich Albion FC,2016
5073,Krystian Bielik,Midfield,1998-01-04,Poland,,74,West Bromwich Albion FC,2016
166548,Isaac Price,Midfield,2003-09-26,Northern Ireland,,74,West Bromwich Albion FC,2016
228006,Harry Whitwell,Midfield,2005-11-16,England,,74,West Bromwich Albion FC,2016
245402,Kevin Mfuamba,Midfield,2006-08-25,England,,74,West Bromwich Albion FC,2016
270633,Jamaldeen Jimoh,Midfield,2006-10-02,England,,74,West Bromwich Albion FC,2016
273841,Oliver Bostock,Midfield,2007-02-20,Wales,,74,West Bromwich Albion FC,2016
295048,Souleyman Mandey,Midfield,2006-02-06,Austria,,74,West Bromwich Albion FC,2016
38373,Aune Heggebø,Offence,2001-07-29,Norway,,74,West Bromwich Albion FC,2016
213241,Karlan Grant,Offence,1997-09-18,England,,74,West Bromwich Albion FC,2016
246710,Tammer Bany,Offence,2003-10-19,Denmark,,74,West Bromwich Albion FC,2016
264337,Eseosa Sule,Offence,2006-04-01,Nigeria,,74,West Bromwich Albion FC,2016
140423,Daryl Dike,Centre-Forward,2000-06-03,USA,,74,West Bromwich Albion FC,2016
125215,Nathaniel Phillips,Centre-Back,1997-03-21,England,,74,West Bromwich Albion FC,2016
74701,Ousmane Diakité,Defensive Midfield,2000-07-25,Mali,,74,West Bromwich Albion FC,2016
8276,Jayson Molumby,Central Midfield,1999-08-06,Ireland,,74,West Bromwich Albion FC,2016
8043,Charlie Taylor,Left-Back,1993-09-18,England,,74,West Bromwich Albion FC,2016
5514,Alex Mowatt,Central Midfield,1995-02-13,England,,74,West Bromwich Albion FC,2016
5230,Callum Styles,Left Midfield,2000-03-28,Hungary,,74,West Bromwich Albion FC,2016
4427,Chris Mepham,Centre-Back,1997-11-05,Wales,,74,West Bromwich Albion FC,2016
4380,Jed Wallace,Right Winger,1994-03-26,England,,74,West Bromwich Albion FC,2016
4072,Josh Maja,Centre-Forward,1998-12-27,Nigeria,,74,West Bromwich Albion FC,2016
206825,Alfie Gilchrist,Centre-Back,2003-11-28,England,,74,West Bromwich Albion FC,2016
180842,Mikey Johnston,Left Winger,1999-04-19,Ireland,,74,West Bromwich Albion FC,2016
6300,Dillon Phillips,Goalkeeper,1995-06-11,England,,322,Hull City AFC,2016
16577,Ivor Pandur,Goalkeeper,2000-03-25,Croatia,,322,Hull City AFC,2016
291715,Archie Howard,Goalkeeper,2006-12-02,England,,322,Hull City AFC,2016
189610,James Debayo,Defence,2005-07-11,England,,322,Hull City AFC,2016
245449,Stan Ashbee,Defence,2006-11-28,Ireland,,322,Hull City AFC,2016
247257,Noad Wadsworth,Defence,2005-02-06,England,,322,Hull City AFC,2016
282510,Cathal McCarthy,Defence,2006-08-31,Ireland,,322,Hull City AFC,2016
288884,Calvin Okike,Defence,,Nigeria,,322,Hull City AFC,2016
4315,John Lundstram,Midfield,1994-02-18,England,,322,Hull City AFC,2016
11306,Kieran Dowell,Midfield,1997-10-10,England,,322,Hull City AFC,2016
30102,Amir Hadžiahmetović,Midfield,1997-03-08,Bosnia-Herzegovina,,322,Hull City AFC,2016
204504,Darko Gyabi,Midfield,2004-02-18,England,,322,Hull City AFC,2016
213246,Matt Crooks,Midfield,1994-01-20,England,,322,Hull City AFC,2016
246218,Nathan Tinsdale,Midfield,2004-12-20,England,,322,Hull City AFC,2016
285165,Aidon Shehu,Midfield,,Albania,,322,Hull City AFC,2016
37963,Babajide Akintola,Offence,1996-01-13,Nigeria,,322,Hull City AFC,2016
110807,Liam Millar,Offence,1999-09-27,Canada,,322,Hull City AFC,2016
149911,Kyle Joseph,Offence,2001-09-10,Scotland,,322,Hull City AFC,2016
147780,Cody Drameh,Right-Back,2001-12-08,England,,322,Hull City AFC,2016
82148,Ryan John Giles,Left-Back,2000-01-26,England,,322,Hull City AFC,2016
80761,Joe Gelhardt,Centre-Forward,2002-05-04,England,,322,Hull City AFC,2016
6451,Semi Ajayi,Centre-Back,1993-11-09,Nigeria,,322,Hull City AFC,2016
5605,Akin Famewo,Centre-Back,1998-11-09,England,,322,Hull City AFC,2016
5322,Lewie Coyle,Right-Back,1995-10-15,England,,322,Hull City AFC,2016
4425,John Egan,Centre-Back,1992-10-20,Ireland,,322,Hull City AFC,2016
4359,Oliver McBurnie,Centre-Forward,1996-06-04,Scotland,,322,Hull City AFC,2016
4309,Regan Slater,Central Midfield,1999-09-11,England,,322,Hull City AFC,2016
4058,Paddy McNair,Centre-Back,1995-04-27,Northern Ireland,,322,Hull City AFC,2016
248734,Toby Collyer,Defensive Midfield,2004-01-03,England,,322,Hull City AFC,2016
246949,Yu Hirakawa,Right Winger,2001-01-03,Japan,,322,Hull City AFC,2016
244989,Lewis Koumas,Centre-Forward,2005-09-19,Wales,,322,Hull City AFC,2016
213072,Mohamed Belloumi,Right Winger,2002-06-01,Algeria,,322,Hull City AFC,2016
189278,Charlie Hughes,Centre-Back,2003-10-16,England,,322,Hull City AFC,2016
150364,Matty Jacob,Left-Back,2001-06-03,England,,322,Hull City AFC,2016
147914,Eliot Matazo,Central Midfield,2002-02-15,Belgium,,322,Hull City AFC,2016
4361,Jordan Archer,Goalkeeper,1993-04-12,Scotland,,325,Portsmouth FC,2016
6082,Ben Killip,Goalkeeper,1995-11-24,England,,325,Portsmouth FC,2016
10701,Nicolas Schmid,Goalkeeper,1997-02-22,Austria,,325,Portsmouth FC,2016
124651,Josef Bursik,Goalkeeper,2000-07-12,England,,325,Portsmouth FC,2016
221832,Madiodio Dia,Defence,2004-01-15,Senegal,,325,Portsmouth FC,2016
264267,Harry Clout,Defence,2006-08-30,England,,325,Portsmouth FC,2016
273598,Michael Ani,Defence,,England,,325,Portsmouth FC,2016
289162,Ashton Sizer,Defence,2008-08-27,England,,325,Portsmouth FC,2016
5819,Keshi Anderson,Midfield,1995-04-06,England,,325,Portsmouth FC,2016
34990,Luke le Roux,Midfield,2000-03-10,South Africa,,325,Portsmouth FC,2016
146092,Márk Kosznovszky,Midfield,2002-04-17,Hungary,,325,Portsmouth FC,2016
176737,Adrian Segecic,Midfield,2004-06-01,Australia,,325,Portsmouth FC,2016
218365,Hayden Matthews,Midfield,2004-06-19,Australia,,325,Portsmouth FC,2016
260993,Reuben Swann,Midfield,2006-01-26,England,,325,Portsmouth FC,2016
283117,Fraser Thomas,Midfield,,England,,325,Portsmouth FC,2016
291069,Chinedu Agu,Midfield,2007-11-02,England,,325,Portsmouth FC,2016
4931,Conor Chaplin,Offence,1997-02-16,England,,325,Portsmouth FC,2016
178618,Mackenzie Kirk,Offence,2004-02-06,Scotland,,325,Portsmouth FC,2016
190997,Thomas Waddingham,Offence,2005-04-05,Australia,,325,Portsmouth FC,2016
191772,Gustavo Caballero,Offence,2001-09-21,Paraguay,,325,Portsmouth FC,2016
210697,Millenic Alli,Offence,2000-02-06,Ireland,,325,Portsmouth FC,2016
247375,Franco Umeh,Offence,2005-01-26,Ireland,,325,Portsmouth FC,2016
274022,Tayo Singerr,Offence,,England,,325,Portsmouth FC,2016
283114,Nathaniel Chioma,Offence,,England,,325,Portsmouth FC,2016
127875,Terry Devlin,Central Midfield,2003-11-06,Northern Ireland,,325,Portsmouth FC,2016
48352,Colby Bishop,Centre-Forward,1990-11-04,England,,325,Portsmouth FC,2016
14631,Ebou Adams,Central Midfield,1996-01-15,Gambia,,325,Portsmouth FC,2016
8180,Jordan Williams,Right-Back,1999-10-22,England,,325,Portsmouth FC,2016
8067,Josh Knight,Centre-Back,1997-09-07,England,,325,Portsmouth FC,2016
6344,Regan Poole,Centre-Back,1998-06-18,Wales,,325,Portsmouth FC,2016
5552,Jacob Brown,Centre-Forward,1998-04-10,Scotland,,325,Portsmouth FC,2016
5091,Connor Ogilvie,Left-Back,1996-02-14,England,,325,Portsmouth FC,2016
4397,Marlon Pack,Central Midfield,1991-03-25,England,,325,Portsmouth FC,2016
4275,John Swift,Central Midfield,1995-06-23,England,,325,Portsmouth FC,2016
4240,Andre Dozzell,Central Midfield,1999-05-02,England,,325,Portsmouth FC,2016
4155,Conor Shaughnessy,Centre-Back,1996-06-30,Ireland,,325,Portsmouth FC,2016
4004,Josh Murphy,Left Winger,1995-02-24,England,,325,Portsmouth FC,2016
191090,Ibane Bowat,Centre-Back,2002-09-15,Scotland,,325,Portsmouth FC,2016
175883,Harvey Blair,Right Winger,2003-09-14,England,,325,Portsmouth FC,2016
161270,Aji Alese,Centre-Back,2001-01-17,England,,325,Portsmouth FC,2016
150935,Florian Bianchini,Right Winger,2001-06-25,France,,325,Portsmouth FC,2016
149170,Zak Swanson,Right-Back,2000-09-28,England,,325,Portsmouth FC,2016
5832,Ryan Allsop,Goalkeeper,1992-06-17,England,,332,Birmingham City FC,2016
191362,James Beadle,Goalkeeper,2004-07-16,England,,332,Birmingham City FC,2016
245422,Brad Mayo,Goalkeeper,2004-09-15,England,,332,Birmingham City FC,2016
7125,Kai Wagner,Defence,1997-02-15,Germany,,332,Birmingham City FC,2016
58201,Tomoki Iwata,Defence,1997-04-07,Japan,,332,Birmingham City FC,2016
98870,Jonathan Panzo,Defence,2000-10-25,England,,332,Birmingham City FC,2016
102317,Lee Buchanan,Defence,2001-03-07,England,,332,Birmingham City FC,2016
128238,Alex Cochrane,Defence,2000-04-21,England,,332,Birmingham City FC,2016
136347,Ethan Laird,Defence,2001-08-05,England,,332,Birmingham City FC,2016
137712,Christoph Klarer,Defence,2000-06-14,Austria,,332,Birmingham City FC,2016
290181,Billy Burrell,Defence,2007-01-20,Ireland,,332,Birmingham City FC,2016
4031,Bright Osayi-Samuel,Midfield,1997-12-31,Nigeria,,332,Birmingham City FC,2016
8072,Demarai Gray,Midfield,1996-06-28,Jamaica,,332,Birmingham City FC,2016
189752,Seung-Ho Paik,Midfield,1997-03-17,South Korea,,332,Birmingham City FC,2016
270923,Zaid Betteka,Midfield,,England,,332,Birmingham City FC,2016
176016,August Priske,Offence,2004-03-23,Denmark,,332,Birmingham City FC,2016
290607,Briar Bateman,Offence,2006-09-05,England,,332,Birmingham City FC,2016
293642,Aurelien Gurnier,Offence,2007-01-01,England,,332,Birmingham City FC,2016
213404,Carlos Vicente,Right Winger,1999-04-23,Spain,,332,Birmingham City FC,2016
205531,Ibrahim Osman,Left Winger,2004-12-14,Ghana,,332,Birmingham City FC,2016
178361,Jhon Solis,Central Midfield,2004-03-10,Colombia,,332,Birmingham City FC,2016
172581,Tommy Doyle,Central Midfield,2001-10-17,England,,332,Birmingham City FC,2016
137475,Jay Stansfield,Centre-Forward,2002-11-24,England,,332,Birmingham City FC,2016
44804,Kanya Fujimoto,Attacking Midfield,1999-07-01,Japan,,332,Birmingham City FC,2016
44345,Kyogo Furuhashi,Centre-Forward,1995-01-20,Japan,,332,Birmingham City FC,2016
16076,Patrick Roberts,Right Winger,1997-02-05,England,,332,Birmingham City FC,2016
6847,Phil Neumann,Centre-Back,1997-07-08,Germany,,332,Birmingham City FC,2016
4013,Jack Robinson,Centre-Back,1993-09-01,England,,332,Birmingham City FC,2016
226,Marvin Ducksch,Centre-Forward,1994-03-07,Germany,,332,Birmingham City FC,2016
8229,Asmir Begović,Goalkeeper,1987-06-20,Bosnia-Herzegovina,,338,Leicester City FC,2016
156764,Jakub Stolarczyk,Goalkeeper,2000-12-19,Poland,,338,Leicester City FC,2016
180215,Fran Vieites,Goalkeeper,1999-05-07,Spain,,338,Leicester City FC,2016
288484,Harry French,Goalkeeper,2005-09-28,England,,338,Leicester City FC,2016
291264,Kevon Gray,Defence,2007-01-28,England,,338,Leicester City FC,2016
275171,Jeremy Monga,Midfield,2009-07-10,England,,338,Leicester City FC,2016
277784,Olabade Aluko,Midfield,,England,,338,Leicester City FC,2016
282915,Louis Page,Midfield,2008-07-10,England,,338,Leicester City FC,2016
286321,Divine Mukasa,Midfield,2007-08-22,England,,338,Leicester City FC,2016
7984,Jordan Ayew,Offence,1991-09-11,Ghana,,338,Leicester City FC,2016
187162,Abdul Issahaku,Offence,2004-03-08,Ghana,,338,Leicester City FC,2016
246100,Dujuan Richards,Offence,2005-11-10,Jamaica,,338,Leicester City FC,2016
146019,Luke Thomas,Left-Back,2001-06-10,England,,338,Leicester City FC,2016
101439,Caleb Okoli,Centre-Back,2001-07-13,Italy,,338,Leicester City FC,2016
96974,Oliver Skipp,Defensive Midfield,2000-09-16,England,,338,Leicester City FC,2016
16348,Patson Daka,Centre-Forward,1998-10-09,Zambia,,338,Leicester City FC,2016
11636,Harry Souttar,Centre-Back,1998-10-22,Australia,,338,Leicester City FC,2016
10182,Ricardo Pereira,Right-Back,1993-10-06,Portugal,,338,Leicester City FC,2016
8075,Hamza Choudhury,Defensive Midfield,1997-10-01,Bangladesh,,338,Leicester City FC,2016
7999,Harry Winks,Defensive Midfield,1996-02-02,England,,338,Leicester City FC,2016
7919,Jamaal Lascelles,Centre-Back,1993-11-11,England,,338,Leicester City FC,2016
6671,Jannik Vestergaard,Centre-Back,1992-08-03,Denmark,,338,Leicester City FC,2016
6332,Stephy Mavididi,Left Winger,1998-05-31,England,,338,Leicester City FC,2016
6318,Joe Aribo,Central Midfield,1996-07-21,Nigeria,,338,Leicester City FC,2016
4398,Bobby Reid,Right Winger,1993-02-02,Jamaica,,338,Leicester City FC,2016
246794,Silko Thomas,Right Winger,2004-06-25,England,,338,Leicester City FC,2016
245340,Michael Golding,Central Midfield,2006-05-23,England,,338,Leicester City FC,2016
179711,Ben Nelson,Centre-Back,2004-03-18,England,,338,Leicester City FC,2016
175979,Jordan James,Central Midfield,2004-07-02,Wales,,338,Leicester City FC,2016
175912,Wanya Marcal-Madivadua,Right Winger,2002-10-19,Portugal,,338,Leicester City FC,2016
172555,Aaron Ramsey,Attacking Midfield,2003-01-21,England,,338,Leicester City FC,2016
167140,Victor Kristiansen,Left-Back,2002-12-16,Denmark,,338,Leicester City FC,2016
4865,Jamie Jones,Goalkeeper,1989-02-18,England,,340,Southampton FC,2016
4972,George Long,Goalkeeper,1993-11-05,England,,340,Southampton FC,2016
8080,Alex McCarthy,Goalkeeper,1989-12-03,England,,340,Southampton FC,2016
113105,Daniel Peretz,Goalkeeper,2000-07-10,Israel,,340,Southampton FC,2016
283254,Dylan Moody,Goalkeeper,2008-03-11,England,,340,Southampton FC,2016
175762,Elias Jelert Kristensen,Defence,2003-06-12,Denmark,,340,Southampton FC,2016
285387,Samuel Tabares,Defence,2006-09-13,England,,340,Southampton FC,2016
292498,Tommy Dobson-Ventura,Defence,2006-09-03,England,,340,Southampton FC,2016
177571,Kuryu Matsuki,Midfield,2003-04-30,Japan,,340,Southampton FC,2016
265565,Joe O'Brien-Whitmarsh,Midfield,2005-05-11,Ireland,,340,Southampton FC,2016
289168,Barnaby Williams,Midfield,,England,,340,Southampton FC,2016
15958,Cyle Larin,Offence,1995-04-17,Canada,,340,Southampton FC,2016
35101,Ross Stewart,Offence,1996-07-11,Scotland,,340,Southampton FC,2016
265567,Jay Robinson,Offence,2007-03-15,England,,340,Southampton FC,2016
285386,Moses Sesay,Offence,2007-01-05,England,,340,Southampton FC,2016
288477,Nicholas Oyekunle,Offence,2007-01-09,England,,340,Southampton FC,2016
292497,Sufianu Dibaga,Offence,,Spain,,340,Southampton FC,2016
172554,Tom Fellows,Right Midfield,2003-07-25,England,,340,Southampton FC,2016
151650,Léo Scienza,Left Winger,1998-09-13,Brazil,,340,Southampton FC,2016
146647,Finn Azaz,Attacking Midfield,2000-09-07,Ireland,,340,Southampton FC,2016
136783,Welington,Left-Back,2001-02-19,Brazil,,340,Southampton FC,2016
131035,Taylor Harwood-Bellis,Centre-Back,2002-01-30,England,,340,Southampton FC,2016
128242,Cameron Archer,Centre-Forward,2001-07-21,England,,340,Southampton FC,2016
76745,Nathan Wood-Gordon,Centre-Back,2002-05-31,England,,340,Southampton FC,2016
15535,Mads Roerslev,Right-Back,1999-06-24,Denmark,,340,Southampton FC,2016
8091,Oriol Romeu,Defensive Midfield,1991-09-24,Spain,,340,Southampton FC,2016
8085,Jack Stephens,Centre-Back,1994-01-27,England,,340,Southampton FC,2016
5626,Flynn Downes,Defensive Midfield,1999-01-20,England,,340,Southampton FC,2016
4024,Ryan Manning,Left-Back,1996-06-14,Ireland,,340,Southampton FC,2016
3899,James Bree,Right-Back,1997-10-11,England,,340,Southampton FC,2016
244814,Cameron Bragg,Central Midfield,2005-04-10,Scotland,,340,Southampton FC,2016
213018,Joachim Kayi Sanda,Centre-Back,2006-11-29,France,,340,Southampton FC,2016
192108,Shea Charles,Defensive Midfield,2003-11-05,Northern Ireland,,340,Southampton FC,2016
189551,Joshua Quarshie,Centre-Back,2004-07-26,Germany,,340,Southampton FC,2016
176995,Caspar Jander,Central Midfield,2003-03-23,Germany,,340,Southampton FC,2016
175796,Samuel Edozie,Left Winger,2003-01-28,England,,340,Southampton FC,2016
5830,Josh Vickers,Goalkeeper,1995-12-01,England,,342,Derby County FC,2016
6339,Richard O'Donnell,Goalkeeper,1988-09-12,England,,342,Derby County FC,2016
180671,Jacob Widell Zetterström,Goalkeeper,1998-07-11,Sweden,,342,Derby County FC,2016
288475,Jack Thompson,Goalkeeper,2006-12-14,England,,342,Derby County FC,2016
290854,Harley Price,Goalkeeper,2006-09-18,England,,342,Derby County FC,2016
122990,Dion Sanderson,Defence,1999-12-15,England,,342,Derby County FC,2016
145159,Sondre Langås,Defence,2001-02-02,Norway,,342,Derby County FC,2016
213750,Max Johnston,Defence,2003-12-26,Scotland,,342,Derby County FC,2016
283116,Isaac Gordon,Defence,2007-01-03,England,,342,Derby County FC,2016
292305,Rio Canoville,Defence,2008-03-19,England,,342,Derby County FC,2016
204522,David Ozoh,Midfield,2005-06-01,England,,342,Derby County FC,2016
224124,Cruz Allen,Midfield,2007-02-25,Wales,,342,Derby County FC,2016
276642,Owen Eames,Midfield,2006-11-01,England,,342,Derby County FC,2016
294245,Charlie Smith,Midfield,2008-11-11,England,,342,Derby County FC,2016
38000,Lars-Jørgen Salvesen,Offence,1996-02-19,Norway,,342,Derby County FC,2016
176952,Jaydon Banel,Offence,2004-10-19,Netherlands,,342,Derby County FC,2016
192268,Patrick Agyemang,Offence,2000-11-07,USA,,342,Derby County FC,2016
276415,Charles Agbawodikeizu,Offence,,England,,342,Derby County FC,2016
81067,Derry Murkin,Left-Back,1999-07-27,England,,342,Derby County FC,2016
11300,Ben Brereton,Centre-Forward,1999-04-18,Chile,,342,Derby County FC,2016
7877,Rhian Brewster,Centre-Forward,2000-04-01,England,,342,Derby County FC,2016
5578,Samuel Szmodics,Left Winger,1995-09-24,Ireland,,342,Derby County FC,2016
5483,Carlton Morris,Centre-Forward,1995-12-16,England,,342,Derby County FC,2016
5410,Joe Ward,Right Midfield,1995-08-22,England,,342,Derby County FC,2016
4917,Matt Clarke,Centre-Back,1996-09-22,England,,342,Derby County FC,2016
4887,Callum Elder,Left-Back,1995-01-27,Australia,,342,Derby County FC,2016
4838,Lewis Travis,Defensive Midfield,1997-10-16,England,,342,Derby County FC,2016
4177,Craig Forsyth,Left-Back,1989-02-24,Scotland,,342,Derby County FC,2016
4080,Danny Batth,Centre-Back,1990-09-21,England,,342,Derby County FC,2016
186708,Bobby Clark,Central Midfield,2005-02-07,England,,342,Derby County FC,2016
170782,Oscar Fraulo,Central Midfield,2003-12-06,Denmark,,342,Derby County FC,2016
157329,Liam Thompson,Defensive Midfield,2002-04-29,England,,342,Derby County FC,2016
4008,Seny Dieng,Goalkeeper,1994-11-23,Senegal,,343,Middlesbrough FC,2016
34683,Jon McLaughlin,Goalkeeper,1987-09-09,Scotland,,343,Middlesbrough FC,2016
137498,Solomon Brynn,Goalkeeper,2000-10-30,England,,343,Middlesbrough FC,2016
204722,Joe Wildsmith,Goalkeeper,1995-12-28,England,,343,Middlesbrough FC,2016
81286,Alfie Jones,Defence,1997-10-07,England,,343,Middlesbrough FC,2016
157100,Adilson Malanda,Defence,2001-10-29,France,,343,Middlesbrough FC,2016
218782,Harley Hunt,Defence,2007-08-03,England,,343,Middlesbrough FC,2016
263747,George McCormick,Defence,2005-01-27,England,,343,Middlesbrough FC,2016
4525,Riley McGree,Midfield,1998-11-02,Australia,,343,Middlesbrough FC,2016
140417,Aidan Morris,Midfield,2001-11-16,USA,,343,Middlesbrough FC,2016
218492,Finley Cartwright,Midfield,2007-02-28,England,,343,Middlesbrough FC,2016
221271,Law McCabe,Midfield,2006-06-12,England,,343,Middlesbrough FC,2016
289575,Cruz Ibeh,Midfield,2009-01-26,England,,343,Middlesbrough FC,2016
85239,Dávid Strelec,Offence,2001-04-04,Slovakia,,343,Middlesbrough FC,2016
111927,Mamadou Kaly Sene,Offence,2001-05-28,Senegal,,343,Middlesbrough FC,2016
137025,Sontje Hansen,Offence,2000-05-18,Curaçao,,343,Middlesbrough FC,2016
136284,Hayden Hackney,Defensive Midfield,2002-06-26,England,,343,Middlesbrough FC,2016
125998,Morgan Whittaker,Right Winger,2001-01-07,England,,343,Middlesbrough FC,2016
101351,Alex Bangura,Left-Back,1999-07-13,Sierra Leone,,343,Middlesbrough FC,2016
11362,Alan Browne,Central Midfield,1995-04-15,Ireland,,343,Middlesbrough FC,2016
6400,Callum Brittain,Right-Back,1997-03-12,England,,343,Middlesbrough FC,2016
5357,George Edmundson,Centre-Back,1997-08-31,England,,343,Middlesbrough FC,2016
4845,Darragh Lenihan,Centre-Back,1994-03-16,Ireland,,343,Middlesbrough FC,2016
4209,Dael Fry,Centre-Back,1997-08-30,England,,343,Middlesbrough FC,2016
4136,Luke Ayling,Right-Back,1991-08-25,England,,343,Middlesbrough FC,2016
3962,Matt Targett,Left-Back,1995-09-18,England,,343,Middlesbrough FC,2016
246589,Finley Munroe,Centre-Back,2005-02-08,England,,343,Middlesbrough FC,2016
228509,Leo Castledine,Attacking Midfield,2005-08-20,England,,343,Middlesbrough FC,2016
221259,Micah Hamilton,Left Winger,2003-11-13,England,,343,Middlesbrough FC,2016
172909,Jeremy Sarmiento,Left Winger,2002-06-16,Ecuador,,343,Middlesbrough FC,2016
172604,Alex Gilbert,Left Winger,2001-12-28,Ireland,,343,Middlesbrough FC,2016
171323,Sam Silvera,Left Winger,2000-10-25,Australia,,343,Middlesbrough FC,2016
161089,Tommy Conway,Centre-Forward,2002-08-06,Scotland,,343,Middlesbrough FC,2016
177439,Murphy Mahoney,Goalkeeper,2001-12-27,England,,345,Sheffield Wednesday FC,2016
189628,Pierce Charles,Goalkeeper,2005-07-21,Northern Ireland,,345,Sheffield Wednesday FC,2016
282801,Logan Stretch,Goalkeeper,2006-11-04,Wales,,345,Sheffield Wednesday FC,2016
282805,Jack Phillips,Goalkeeper,2005-10-15,England,,345,Sheffield Wednesday FC,2016
4135,Liam Cooper,Defence,1991-08-30,Scotland,,345,Sheffield Wednesday FC,2016
245211,Guilherme,Defence,2004-12-06,Brazil,,345,Sheffield Wednesday FC,2016
246944,Mackenzie Maltby,Defence,2004-12-04,England,,345,Sheffield Wednesday FC,2016
264065,Gabriel Otegbayo,Defence,,Ireland,,345,Sheffield Wednesday FC,2016
275958,Cole McGhee,Defence,2006-01-28,England,,345,Sheffield Wednesday FC,2016
282804,Reece Johnson,Defence,2006-01-31,England,,345,Sheffield Wednesday FC,2016
283175,Joe Emery,Defence,,England,,345,Sheffield Wednesday FC,2016
283179,Ernie Weaver,Defence,2006-09-08,England,,345,Sheffield Wednesday FC,2016
290603,James Kay,Defence,,England,,345,Sheffield Wednesday FC,2016
189634,Rio Shipston,Midfield,2004-11-07,England,,345,Sheffield Wednesday FC,2016
191927,Sean Fusire,Midfield,2005-05-31,England,,345,Sheffield Wednesday FC,2016
274246,Zain Silcott-Duberry,Midfield,2005-07-09,England,,345,Sheffield Wednesday FC,2016
282802,Jarvis Thornton,Midfield,2006-01-10,England,,345,Sheffield Wednesday FC,2016
282803,Bruno Fernandes,Midfield,2006-01-09,Portugal,,345,Sheffield Wednesday FC,2016
283184,Will Grainger,Midfield,2008-11-20,Wales,,345,Sheffield Wednesday FC,2016
264163,Favour Onukwuli,Offence,,England,,345,Sheffield Wednesday FC,2016
269673,Joel Ndala,Offence,2006-05-31,England,,345,Sheffield Wednesday FC,2016
283182,Donald Kamwa,Offence,2005-12-09,England,,345,Sheffield Wednesday FC,2016
283390,George Brown,Offence,,England,,345,Sheffield Wednesday FC,2016
286773,Jaden Heskey,Offence,2005-12-17,England,,345,Sheffield Wednesday FC,2016
290135,Devlan Moses,Offence,2005-10-17,England,,345,Sheffield Wednesday FC,2016
188310,Charlie McNeill,Centre-Forward,2003-09-09,England,,345,Sheffield Wednesday FC,2016
177406,Omotayo Adaramola,Left-Back,2003-11-14,Ireland,,345,Sheffield Wednesday FC,2016
136346,Di'Shon Bernard,Centre-Back,2000-10-14,Jamaica,,345,Sheffield Wednesday FC,2016
11442,Liam Palmer,Right-Back,1991-09-19,Scotland,,345,Sheffield Wednesday FC,2016
8885,Marvelous Nakamba,Defensive Midfield,1994-10-19,Zimbabwe,,345,Sheffield Wednesday FC,2016
8126,Nathaniel Chalobah,Defensive Midfield,1994-12-12,England,,345,Sheffield Wednesday FC,2016
6459,Jerry Yates,Centre-Forward,1996-11-10,England,,345,Sheffield Wednesday FC,2016
6406,Iké Ugbo,Centre-Forward,1998-09-21,Canada,,345,Sheffield Wednesday FC,2016
5469,Max Lowe,Left-Back,1997-05-11,England,,345,Sheffield Wednesday FC,2016
4921,Jamal Lowe,Centre-Forward,1994-07-21,Jamaica,,345,Sheffield Wednesday FC,2016
4231,Dominic Iorfa,Centre-Back,1995-06-24,England,,345,Sheffield Wednesday FC,2016
2131,Svante Ingelsson,Attacking Midfield,1998-06-14,Sweden,,345,Sheffield Wednesday FC,2016
261003,Olaf Kobacki,Left Winger,2001-07-10,Poland,,345,Sheffield Wednesday FC,2016
25251,Nathan Baxter,Goalkeeper,1998-11-08,England,,346,Watford FC,2016
44441,Egil Selvik,Goalkeeper,1997-07-30,Norway,,346,Watford FC,2016
291165,Alfie Marriott,Goalkeeper,2004-03-26,England,,346,Watford FC,2016
5126,Marc Bola,Defence,1997-12-09,England,,346,Watford FC,2016
97794,Jérémy Pétris,Defence,1998-01-28,France,,346,Watford FC,2016
129591,Hector Matthew Kyprianou,Defence,2001-05-27,Cyprus,,346,Watford FC,2016
249583,Albert Eames,Defence,2005-09-20,England,,346,Watford FC,2016
283112,Joshua Mullins,Defence,2005-11-16,England,,346,Watford FC,2016
286320,Stephen Mfuni,Defence,2008-02-12,England,,346,Watford FC,2016
8854,Edo Kayembe,Midfield,1998-06-03,DR Congo,,346,Watford FC,2016
277905,Amar Sanghrajka,Midfield,2006-10-23,England,,346,Watford FC,2016
176991,Nestor Irankunda,Offence,2006-02-09,Australia,,346,Watford FC,2016
182193,Jack Grieves,Offence,2004-12-05,England,,346,Watford FC,2016
183422,Luca Kjerrumgaard,Offence,2003-02-09,Denmark,,346,Watford FC,2016
190804,Rocco Vata,Offence,2005-04-18,Ireland,,346,Watford FC,2016
204345,Vivaldo Semedo,Offence,2005-01-28,Portugal,,346,Watford FC,2016
246911,Amin Nabizada,Offence,2007-06-21,Afghanistan,,346,Watford FC,2016
293716,Jonathan Lawson,Offence,2005-10-16,England,,346,Watford FC,2016
176984,Pierre Ekwah,Defensive Midfield,2002-01-15,France,,346,Watford FC,2016
160414,Kévin Keben Biakolo,Centre-Back,2004-01-26,Cameroon,,346,Watford FC,2016
156762,Edoardo Bove,Central Midfield,2002-05-16,Italy,,346,Watford FC,2016
156630,Formose Mendy,Centre-Back,2001-01-02,Senegal,,346,Watford FC,2016
137657,Jeremy Ngakia,Right-Back,2000-09-07,England,,346,Watford FC,2016
131893,Kwadwo Baah,Left Winger,2003-01-27,Germany,,346,Watford FC,2016
130174,Pierre Dwomoh,Central Midfield,2004-06-21,Belgium,,346,Watford FC,2016
99830,Imran Louza,Central Midfield,1999-05-01,Morocco,,346,Watford FC,2016
97285,Matthew Pollock,Centre-Back,2001-09-28,England,,346,Watford FC,2016
8917,Giorgi Chakvetadze,Attacking Midfield,1999-08-29,Georgia,,346,Watford FC,2016
8441,Nampalys Mendy,Defensive Midfield,1992-06-23,Senegal,,346,Watford FC,2016
8192,Tom Ince,Right Winger,1992-01-30,England,,346,Watford FC,2016
261581,Mamadou Doumbia,Centre-Forward,2006-02-18,Mali,,346,Watford FC,2016
230209,Othmane Maamma,Right Winger,2005-10-06,Morocco,,346,Watford FC,2016
215525,Saba Goglichidze,Centre-Back,2004-06-25,Georgia,,346,Watford FC,2016
187208,James Abankwah,Centre-Back,2004-01-16,Ireland,,346,Watford FC,2016
8991,Thomas Kamiński,Goalkeeper,1992-10-23,Belgium,,348,Charlton Athletic FC,2016
151925,Tiernan Brooks,Goalkeeper,2003-06-17,Ireland,,348,Charlton Athletic FC,2016
171502,Will Mannion,Goalkeeper,1998-05-05,England,,348,Charlton Athletic FC,2016
5610,Lloyd Jones,Defence,1995-10-07,England,,348,Charlton Athletic FC,2016
56671,Macaulay Gillesphey,Defence,1995-11-24,England,,348,Charlton Athletic FC,2016
180573,Sichenje Collins,Defence,2003-09-19,Kenya,,348,Charlton Athletic FC,2016
190361,Zach Mitchell,Defence,2005-01-09,England,,348,Charlton Athletic FC,2016
190556,Jayden Fevrier,Defence,2003-04-14,England,,348,Charlton Athletic FC,2016
229877,Ty Ewens-Findlay,Defence,,England,,348,Charlton Athletic FC,2016
260766,Josh Edwards,Defence,2000-05-27,Scotland,,348,Charlton Athletic FC,2016
5623,Luke Berry,Midfield,1992-07-12,England,,348,Charlton Athletic FC,2016
34979,Greg Docherty,Midfield,1996-09-10,Scotland,,348,Charlton Athletic FC,2016
101398,Kayne Ramsey,Midfield,2000-10-10,England,,348,Charlton Athletic FC,2016
151508,Sonny Carey,Midfield,2001-01-20,England,,348,Charlton Athletic FC,2016
177457,Tyreece Campbell,Midfield,2003-09-14,Jamaica,,348,Charlton Athletic FC,2016
253510,Kaheim Dixon,Midfield,2004-10-04,Jamaica,,348,Charlton Athletic FC,2016
270440,Alan Mwamba,Midfield,2006-09-15,England,,348,Charlton Athletic FC,2016
278206,Ibrahim Fullah,Midfield,2007-04-05,England,,348,Charlton Athletic FC,2016
285396,Keenan Gough,Midfield,2006-02-28,England,,348,Charlton Athletic FC,2016
5627,Danny Hylton,Offence,1989-02-25,England,,348,Charlton Athletic FC,2016
6205,Matt Godden,Offence,1991-07-29,England,,348,Charlton Athletic FC,2016
35126,Lyndon Dykes,Offence,1995-10-07,Scotland,,348,Charlton Athletic FC,2016
99345,Charlie Kelman,Offence,2001-11-02,USA,,348,Charlton Athletic FC,2016
126002,Harvey Knibbs,Offence,1999-04-26,England,,348,Charlton Athletic FC,2016
185894,Miles Leaburn,Offence,2003-11-28,England,,348,Charlton Athletic FC,2016
217615,Paris Lock,Offence,2004-10-18,England,,348,Charlton Athletic FC,2016
285451,Reuben Reid,Offence,2007-07-18,England,,348,Charlton Athletic FC,2016
92863,Conor Coventry,Defensive Midfield,2000-03-25,Ireland,,348,Charlton Athletic FC,2016
4852,Joe Rankin-Costello,Right-Back,1999-07-26,England,,348,Charlton Athletic FC,2016
4842,Amari'i Bell,Left-Back,1994-05-05,Jamaica,,348,Charlton Athletic FC,2016
4083,Conor Coady,Centre-Back,1993-02-25,England,,348,Charlton Athletic FC,2016
3928,Reece Burke,Centre-Back,1996-09-02,England,,348,Charlton Athletic FC,2016
187370,Luke Chambers,Centre-Back,2004-06-24,England,,348,Charlton Athletic FC,2016
180838,Harry Clarke,Right-Back,2001-03-02,England,,348,Charlton Athletic FC,2016
3954,David Button,Goalkeeper,1989-02-27,England,,349,Ipswich Town FC,2016
4867,Christian Walton,Goalkeeper,1995-11-09,England,,349,Ipswich Town FC,2016
8011,Alex Palmer,Goalkeeper,1996-08-10,England,,349,Ipswich Town FC,2016
277966,Somto Boniface,Defence,2006-03-11,England,,349,Ipswich Town FC,2016
25606,George Hirst,Offence,1999-02-15,Scotland,,349,Ipswich Town FC,2016
154360,Ivan Azón,Offence,2002-12-24,Spain,,349,Ipswich Town FC,2016
230057,Sindre Egeli,Offence,2006-06-21,Norway,,349,Ipswich Town FC,2016
176777,Kasey McAteer,Right Winger,2001-11-22,Ireland,,349,Ipswich Town FC,2016
172632,Jaden Philogene-Bidace,Left Winger,2002-02-08,England,,349,Ipswich Town FC,2016
172127,Dan Neil,Central Midfield,2001-11-30,England,,349,Ipswich Town FC,2016
152437,Anis Mehmeti,Left Winger,2001-01-09,Albania,,349,Ipswich Town FC,2016
151919,Elkan Baggott,Centre-Back,2002-10-23,Indonesia,,349,Ipswich Town FC,2016
140245,Marcelino Núñez,Central Midfield,2000-03-01,Chile,,349,Ipswich Town FC,2016
125651,Jacob Greaves,Centre-Back,2000-09-12,England,,349,Ipswich Town FC,2016
99120,Leif Davis,Left-Back,1999-12-31,England,,349,Ipswich Town FC,2016
34871,Cédric Kipré,Centre-Back,1996-12-09,Ivory Coast,,349,Ipswich Town FC,2016
31676,Jens Cajuste,Defensive Midfield,1999-08-10,Sweden,,349,Ipswich Town FC,2016
25650,Dara O'Shea,Centre-Back,1999-03-04,Ireland,,349,Ipswich Town FC,2016
9053,Chuba Akpom,Centre-Forward,1995-10-09,England,,349,Ipswich Town FC,2016
8224,Ben Johnson,Right-Back,2000-01-24,England,,349,Ipswich Town FC,2016
7566,Azor Matusiwa,Defensive Midfield,1998-04-28,Netherlands,,349,Ipswich Town FC,2016
5999,Jack Taylor,Central Midfield,1998-06-23,Ireland,,349,Ipswich Town FC,2016
5430,Conor Townsend,Left-Back,1993-03-04,England,,349,Ipswich Town FC,2016
5332,Wes Burns,Right Winger,1994-11-23,Wales,,349,Ipswich Town FC,2016
4158,Jack Clarke,Left Winger,2000-11-23,England,,349,Ipswich Town FC,2016
4017,Darnell Furlong,Right-Back,1995-10-31,England,,349,Ipswich Town FC,2016
3317,Ashley Young,Left-Back,1985-07-09,England,,349,Ipswich Town FC,2016
4327,Adam Davies,Goalkeeper,1992-07-17,Wales,,356,Sheffield United FC,2016
6411,Michael Cooper,Goalkeeper,1999-10-08,England,,356,Sheffield United FC,2016
265510,Luke Faxon,Goalkeeper,2005-02-15,England,,356,Sheffield United FC,2016
295052,Tommy Betts,Goalkeeper,2009-01-01,England,,356,Sheffield United FC,2016
179695,Leo Hjelde,Defence,2003-08-26,Norway,,356,Sheffield United FC,2016
214425,Tyler Bindon,Defence,2005-01-27,New Zealand,,356,Sheffield United FC,2016
248774,Dovydas Sasnauskas,Defence,2007-01-01,Lithuania,,356,Sheffield United FC,2016
273755,Sam Colechin,Defence,2007-09-08,England,,356,Sheffield United FC,2016
281001,Mikhail Polendakov,Defence,2007-06-05,Bulgaria,,356,Sheffield United FC,2016
215774,El Hadji Soumaré,Midfield,2003-01-07,Senegal,,356,Sheffield United FC,2016
295050,Harry Mcglinchey,Midfield,2007-12-10,Ireland,,356,Sheffield United FC,2016
98483,Tahith Chong,Offence,1999-12-04,Curaçao,,356,Sheffield United FC,2016
102044,Ki-Jana Hoever,Right-Back,2002-01-18,Netherlands,,356,Sheffield United FC,2016
83370,Sam McCallum,Left-Back,2000-09-02,England,,356,Sheffield United FC,2016
80308,Jamie Shackleton,Right-Back,1999-10-08,England,,356,Sheffield United FC,2016
9623,Gustavo Hamer,Central Midfield,1997-06-24,Netherlands,,356,Sheffield United FC,2016
8147,Jaïro Riedewald,Defensive Midfield,1996-09-09,Netherlands,,356,Sheffield United FC,2016
7965,Tyrese Campbell,Centre-Forward,1999-12-28,England,,356,Sheffield United FC,2016
7875,Danny Ings,Centre-Forward,1992-07-23,England,,356,Sheffield United FC,2016
7837,Tom Davies,Central Midfield,1998-06-30,England,,356,Sheffield United FC,2016
5508,Joe Rothwell,Central Midfield,1995-01-11,England,,356,Sheffield United FC,2016
5409,Harrison Burrows,Left-Back,2002-01-12,England,,356,Sheffield United FC,2016
4440,Chiedozie Ogbene,Right Winger,1997-05-01,Ireland,,356,Sheffield United FC,2016
4223,Patrick Bamford,Centre-Forward,1993-09-05,England,,356,Sheffield United FC,2016
4147,Kalvin Phillips,Defensive Midfield,1995-12-02,England,,356,Sheffield United FC,2016
3914,Callum O'Hare,Attacking Midfield,1998-05-01,England,,356,Sheffield United FC,2016
220088,Alex Matos,Central Midfield,2004-10-03,England,,356,Sheffield United FC,2016
210648,Sydie Peck,Central Midfield,2004-09-13,England,,356,Sheffield United FC,2016
189611,Thomas Cannon,Centre-Forward,2002-12-28,Ireland,,356,Sheffield United FC,2016
188408,Andre Brooks,Central Midfield,2003-08-20,England,,356,Sheffield United FC,2016
178019,Ollie Arblaster,Central Midfield,2004-05-05,England,,356,Sheffield United FC,2016
167115,Ben Mee,Centre-Back,1989-09-21,England,,356,Sheffield United FC,2016
151693,Mark McGuinness,Centre-Back,2001-01-05,Ireland,,356,Sheffield United FC,2016
131037,Japhet Tanganga,Centre-Back,1999-03-31,England,,356,Sheffield United FC,2016
103117,Femi Seriki,Right-Back,2002-04-28,England,,356,Sheffield United FC,2016
8169,Joel Coleman,Goalkeeper,1995-09-26,England,,384,Millwall FC,2016
24135,Lukas Jensen,Goalkeeper,1999-03-18,Denmark,,384,Millwall FC,2016
48418,Max Crocombe,Goalkeeper,1993-08-12,New Zealand,,384,Millwall FC,2016
97249,Anthony Patterson,Goalkeeper,2000-05-10,England,,384,Millwall FC,2016
274202,George Evans,Goalkeeper,2005-05-16,England,,384,Millwall FC,2016
137371,Tristan Crama,Defence,2001-11-08,France,,384,Millwall FC,2016
168651,Caleb Taylor,Defence,2003-01-14,England,,384,Millwall FC,2016
277703,Ben Drake,Defence,2005-01-06,England,,384,Millwall FC,2016
172759,Thierno Ballo,Midfield,2002-01-02,Austria,,384,Millwall FC,2016
190925,Tom Watson,Midfield,2006-04-08,England,,384,Millwall FC,2016
274094,Sheldon Kendall,Midfield,,England,,384,Millwall FC,2016
283256,Rafiq Lamptey,Midfield,2006-08-24,England,,384,Millwall FC,2016
176792,Zak Lovelace,Offence,2006-01-23,England,,384,Millwall FC,2016
230535,Benicio Boaitey,Offence,2004-01-09,England,,384,Millwall FC,2016
273758,Raees Bangura-Williams,Offence,,England,,384,Millwall FC,2016
131115,Luke Cundle,Central Midfield,2002-04-26,England,,384,Millwall FC,2016
117960,Billy Mitchell,Central Midfield,2001-04-07,England,,384,Millwall FC,2016
102566,Dan McNamara,Right-Back,1998-12-27,Ireland,,384,Millwall FC,2016
80781,Alfie Doughty,Left Midfield,1999-12-21,England,,384,Millwall FC,2016
29319,Femi Azeez,Right Winger,2001-06-05,England,,384,Millwall FC,2016
26478,Macaulay Langstaff,Centre-Forward,1997-02-03,England,,384,Millwall FC,2016
11346,Barry Bannan,Central Midfield,1989-12-01,Scotland,,384,Millwall FC,2016
9039,Casper De Norre,Central Midfield,1997-02-07,Belgium,,384,Millwall FC,2016
4399,Joe Bryan,Left-Back,1993-09-17,England,,384,Millwall FC,2016
4373,Jake Cooper,Centre-Back,1995-02-03,England,,384,Millwall FC,2016
4318,Ryan Leonard,Central Midfield,1992-05-24,England,,384,Millwall FC,2016
3416,Massimo Luongo,Central Midfield,1992-09-25,Australia,,384,Millwall FC,2016
246693,Daniel Kelly,Central Midfield,2005-10-03,Scotland,,384,Millwall FC,2016
217744,Zak Sturge,Left-Back,2004-06-15,England,,384,Millwall FC,2016
191894,Mihailo Ivanovic,Centre-Forward,2004-11-29,Serbia,,384,Millwall FC,2016
179618,Derek Mazou-Sacko,Central Midfield,2004-10-06,France,,384,Millwall FC,2016
165187,Josh Coburn,Centre-Forward,2002-12-06,England,,384,Millwall FC,2016
154152,Camiel Neghli,Right Winger,2001-11-06,Algeria,,384,Millwall FC,2016
137396,William Smallbone,Central Midfield,2000-02-21,Ireland,,384,Millwall FC,2016
4010,Joe Lumley,Goalkeeper,1995-02-15,England,,387,Bristol City FC,2016
26842,Lewis Thomas,Goalkeeper,1997-09-20,Wales,,387,Bristol City FC,2016
188435,Radek Vitek,Goalkeeper,2003-10-24,Czech Republic,,387,Bristol City FC,2016
143107,Noah Eile,Defence,2002-07-19,Sweden,,387,Bristol City FC,2016
271942,Josh Campbell-Slowey,Defence,2005-11-11,England,,387,Bristol City FC,2016
291859,Seb Naylor,Defence,2005-09-10,England,,387,Bristol City FC,2016
293277,Marley Thelwell,Defence,2007-12-02,England,,387,Bristol City FC,2016
120407,Tomi Horvat,Midfield,1999-03-24,Slovenia,,387,Bristol City FC,2016
216477,Adam Murphy,Midfield,2005-04-08,Ireland,,387,Bristol City FC,2016
291267,Daniel Ezendu,Midfield,2009-01-07,England,,387,Bristol City FC,2016
293717,Louie Derrick,Midfield,2008-04-14,England,,387,Bristol City FC,2016
272306,Ranel Young,Offence,2005-12-26,England,,387,Bristol City FC,2016
101714,Robert Atkinson,Centre-Back,1998-07-13,England,,387,Bristol City FC,2016
99324,Adam Randell,Defensive Midfield,2000-10-01,England,,387,Bristol City FC,2016
38660,Mark Sykes,Right Midfield,1997-08-04,Ireland,,387,Bristol City FC,2016
34968,Ross McCrorie,Right-Back,1998-03-18,Scotland,,387,Bristol City FC,2016
30972,Neto Borges,Left-Back,1996-09-13,Brazil,,387,Bristol City FC,2016
25651,Cameron Pring,Left-Back,1998-01-22,England,,387,Bristol City FC,2016
9808,Delano Burgzorg,Left Winger,1998-11-07,Netherlands,,387,Bristol City FC,2016
7315,Emil Riis Jakobsen,Centre-Forward,1998-06-24,Denmark,,387,Bristol City FC,2016
5812,Scott Twine,Attacking Midfield,1999-07-14,England,,387,Bristol City FC,2016
5502,Rob Dickie,Centre-Back,1996-03-03,England,,387,Bristol City FC,2016
4347,Joe Williams,Central Midfield,1996-12-08,England,,387,Bristol City FC,2016
4191,Max Bird,Defensive Midfield,2000-09-18,England,,387,Bristol City FC,2016
3765,Sam Morsy,Central Midfield,1991-09-10,Egypt,,387,Bristol City FC,2016
248957,George Earthy,Attacking Midfield,2004-09-05,England,,387,Bristol City FC,2016
180386,Sinclair Armstrong,Centre-Forward,2003-06-22,Ireland,,387,Bristol City FC,2016
156796,Sam Bell,Left Winger,2002-05-23,England,,387,Bristol City FC,2016
137118,Luke McNally,Centre-Back,1999-09-20,Ireland,,387,Bristol City FC,2016
125973,George Tanner,Right-Back,1999-11-16,England,,387,Bristol City FC,2016
118587,Jason Knight,Attacking Midfield,2001-02-13,Ireland,,387,Bristol City FC,2016
7857,Danny Ward,Goalkeeper,1993-06-22,Wales,,404,Wrexham AFC,2016
13234,Callum Burton,Goalkeeper,1996-08-15,England,,404,Wrexham AFC,2016
165267,Arthur Okonkwo,Goalkeeper,2001-09-09,England,,404,Wrexham AFC,2016
270943,Reuben Egan,Goalkeeper,2005-05-27,Ireland,,404,Wrexham AFC,2016
4690,Liberato Cacace,Defence,2000-09-27,New Zealand,,404,Wrexham AFC,2016
5060,George Dobson,Defence,1997-11-15,England,,404,Wrexham AFC,2016
5769,Dominic Hyam,Defence,1995-12-20,Scotland,,404,Wrexham AFC,2016
6254,Dan Scarr,Defence,1994-12-24,England,,404,Wrexham AFC,2016
129403,Max Cleworth,Defence,2002-08-09,Wales,,404,Wrexham AFC,2016
140977,Lewis Brunt,Defence,2000-11-06,England,,404,Wrexham AFC,2016
191929,Aaron James,Defence,2005-06-30,England,,404,Wrexham AFC,2016
5031,Oliver Rathbone,Midfield,1996-10-10,England,,404,Wrexham AFC,2016
5472,Ryan Barnett,Midfield,1999-09-23,England,,404,Wrexham AFC,2016
8070,Matty James,Midfield,1991-07-22,England,,404,Wrexham AFC,2016
34570,Davis Keillor-Dunn,Midfield,1997-11-02,England,,404,Wrexham AFC,2016
128375,Thomas O'Connor,Midfield,1999-04-21,Ireland,,404,Wrexham AFC,2016
137668,George Thomason,Midfield,2002-01-12,England,,404,Wrexham AFC,2016
4288,Sam Smith,Offence,1998-03-08,England,,404,Wrexham AFC,2016
189631,Bailey Cadamarteri,Offence,2005-05-09,Jamaica,,404,Wrexham AFC,2016
225427,Callum Edwards,Offence,2006-06-22,England,,404,Wrexham AFC,2016
171492,Callum Doyle,Centre-Back,2003-10-03,England,,404,Wrexham AFC,2016
131122,Ryan Longman,Left Winger,2000-11-06,England,,404,Wrexham AFC,2016
123574,Issa Kaboré,Right-Back,2001-05-12,Burkina Faso,,404,Wrexham AFC,2016
34908,Josh Windass,Attacking Midfield,1994-01-09,England,,404,Wrexham AFC,2016
8188,Lewis O'Brien,Central Midfield,1998-10-14,England,,404,Wrexham AFC,2016
8032,Jay Rodriguez,Centre-Forward,1989-07-29,England,,404,Wrexham AFC,2016
7853,Nathan Broadhead,Left Winger,1998-04-05,Wales,,404,Wrexham AFC,2016
6424,Zak Vyner,Centre-Back,1997-05-14,England,,404,Wrexham AFC,2016
6199,Ben Sheaf,Defensive Midfield,1998-02-05,England,,404,Wrexham AFC,2016
4350,Kieffer Moore,Centre-Forward,1992-08-08,Wales,,404,Wrexham AFC,2016
5347,Ben Wilson,Goalkeeper,1992-08-09,England,,1076,Coventry City FC,2016
118661,Oliver Dovin,Goalkeeper,2002-07-11,Sweden,,1076,Coventry City FC,2016
171498,Carl Rushworth,Goalkeeper,2001-07-02,England,,1076,Coventry City FC,2016
287423,Oscar Varney,Goalkeeper,2006-10-01,England,,1076,Coventry City FC,2016
181936,Miguel Angel Brau,Defence,2001-12-27,Spain,,1076,Coventry City FC,2016
176988,Jahnoah Markelo,Midfield,2003-01-04,Suriname,,1076,Coventry City FC,2016
287853,George Shepherd,Midfield,,England,,1076,Coventry City FC,2016
294998,Harri Laidler,Midfield,2008-10-16,Wales,,1076,Coventry City FC,2016
254718,Min-hyuk Yang,Offence,2006-04-16,South Korea,,1076,Coventry City FC,2016
190550,Romain Esse,Attacking Midfield,1999-02-06,England,,1076,Coventry City FC,2016
171509,Kaine Kesler,Right-Back,2002-10-23,England,,1076,Coventry City FC,2016
146122,Ellis Simms,Centre-Forward,2001-01-05,England,,1076,Coventry City FC,2016
144782,Bobby Thomas,Centre-Back,2001-01-30,England,,1076,Coventry City FC,2016
130044,Joel Latibeaudiere,Centre-Back,2000-01-06,Jamaica,,1076,Coventry City FC,2016
114123,Jack Rudoni,Central Midfield,2001-06-14,England,,1076,Coventry City FC,2016
113632,Tatsuhiro Sakamoto,Right Midfield,1996-10-22,Japan,,1076,Coventry City FC,2016
83372,Josh Eccles,Central Midfield,2000-04-06,England,,1076,Coventry City FC,2016
55048,Milan van Ewijk,Right-Back,2000-09-08,Netherlands,,1076,Coventry City FC,2016
47098,Liam Kitching,Centre-Back,1999-10-01,England,,1076,Coventry City FC,2016
24210,Frank Onyeka,Central Midfield,1998-01-01,Nigeria,,1076,Coventry City FC,2016
24207,Victor Torp,Central Midfield,1999-07-30,Denmark,,1076,Coventry City FC,2016
10076,Haji Wright,Left Winger,1998-03-27,USA,,1076,Coventry City FC,2016
6389,Brandon Thomas-Asante,Centre-Forward,1998-12-29,Ghana,,1076,Coventry City FC,2016
6358,Matt Grimes,Defensive Midfield,1995-07-15,England,,1076,Coventry City FC,2016
6308,Jay Dasilva,Left-Back,1998-04-22,Wales,,1076,Coventry City FC,2016
6009,Ephron Mason-Clark,Left Winger,1999-08-25,England,,1076,Coventry City FC,2016
4490,Jamie Allen,Central Midfield,1995-01-29,England,,1076,Coventry City FC,2016
4235,Luke Woolfenden,Centre-Back,1998-10-21,England,,1076,Coventry City FC,2016
4015,Jake Bidwell,Left-Back,1993-03-21,England,,1076,Coventry City FC,2016
4328,Jack Walton,Goalkeeper,1998-04-23,England,,1081,Preston North End FC,2016
6337,David Cornell,Goalkeeper,1991-03-28,Wales,,1081,Preston North End FC,2016
74783,Daniel Iversen,Goalkeeper,1997-07-19,Denmark,,1081,Preston North End FC,2016
185184,James Pradic,Goalkeeper,2005-07-02,Wales,,1081,Preston North End FC,2016
79787,Andrija Vukčević,Defence,1996-10-11,Montenegro,,1081,Preston North End FC,2016
157659,Thierry Small,Defence,2004-08-01,England,,1081,Preston North End FC,2016
276407,Theo Carroll,Midfield,2007-06-21,England,,1081,Preston North End FC,2016
288890,Ed Nolan,Midfield,,England,,1081,Preston North End FC,2016
6145,Callum Lang,Offence,1998-09-08,England,,1081,Preston North End FC,2016
283331,Michael Ayodele,Offence,,Nigeria,,1081,Preston North End FC,2016
246110,Milos Lukovic,Centre-Forward,2005-11-18,Serbia,,1081,Preston North End FC,2016
213259,Kitt Nelson,Attacking Midfield,2005-01-12,England,,1081,Preston North End FC,2016
175856,Andrew Moran,Attacking Midfield,2003-10-15,Ireland,,1081,Preston North End FC,2016
175855,Odel Offiah,Right-Back,2002-10-26,England,,1081,Preston North End FC,2016
172958,Lewis Dobbin,Left Winger,2003-01-03,England,,1081,Preston North End FC,2016
169191,Daniel Jebbison,Centre-Forward,2003-07-11,Canada,,1081,Preston North End FC,2016
157439,Alfie Devine,Attacking Midfield,2004-08-01,England,,1081,Preston North End FC,2016
137963,Lewis Gibson,Centre-Back,2000-07-19,England,,1081,Preston North End FC,2016
67743,Milutin Osmajić,Centre-Forward,1999-07-25,Montenegro,,1081,Preston North End FC,2016
37800,Jordan Thompson,Central Midfield,1997-01-03,Northern Ireland,,1081,Preston North End FC,2016
35064,Alistair McCann,Central Midfield,1999-12-04,Northern Ireland,,1081,Preston North End FC,2016
33798,Pol Valentín Sancho,Right-Back,1997-02-21,Spain,,1081,Preston North End FC,2016
8042,Robbie Brady,Left Midfield,1992-01-14,Ireland,,1081,Preston North End FC,2016
6473,Michael Smith,Centre-Forward,1991-10-17,England,,1081,Preston North End FC,2016
6044,Jordan Storey,Centre-Back,1997-09-02,England,,1081,Preston North End FC,2016
5390,Andrew Hughes,Centre-Back,1992-06-05,Wales,,1081,Preston North End FC,2016
5302,Ben Whiteman,Central Midfield,1996-06-17,England,,1081,Preston North End FC,2016
4348,Brad Potts,Right-Back,1994-07-03,England,,1081,Preston North End FC,2016
4333,Liam Lindsay,Centre-Back,1995-10-12,Scotland,,1081,Preston North End FC,2016
3998,Jamal Lewis,Left-Back,1998-01-25,Northern Ireland,,1081,Preston North End FC,2016
4009,Matt Ingram,Goalkeeper,1993-12-18,England,,1082,Oxford United FC,2016
5490,Simon Eastwood,Goalkeeper,1989-06-26,England,,1082,Oxford United FC,2016
101077,Jamie Cumming,Goalkeeper,1999-09-04,England,,1082,Oxford United FC,2016
249553,Jacob Knightbridge,Goalkeeper,2004-01-25,England,,1082,Oxford United FC,2016
11375,Ben Davies,Defence,1995-08-11,England,,1082,Oxford United FC,2016
64147,Michał Helik,Defence,1995-09-09,Poland,,1082,Oxford United FC,2016
142255,Brodie Spencer,Defence,2004-05-06,Northern Ireland,,1082,Oxford United FC,2016
157196,Jack Currie,Defence,2002-10-25,England,,1082,Oxford United FC,2016
206881,Christ Makosso,Defence,2004-05-09,Congo,,1082,Oxford United FC,2016
213239,Greg Leigh,Defence,1994-09-30,Jamaica,,1082,Oxford United FC,2016
172125,Joshua Johnson,Midfield,2004-09-26,England,,1082,Oxford United FC,2016
187412,Stanley Mills,Midfield,2003-10-25,England,,1082,Oxford United FC,2016
291070,Jin-woo Jeon,Midfield,1999-09-09,South Korea,,1082,Oxford United FC,2016
151943,Nik Prelec,Offence,2001-06-10,Slovenia,,1082,Oxford United FC,2016
160995,Gatlin O'Donkor,Offence,2004-10-14,England,,1082,Oxford United FC,2016
221328,Jamie Donley,Offence,2005-01-03,Northern Ireland,,1082,Oxford United FC,2016
229878,Leo Snowden,Offence,,England,,1082,Oxford United FC,2016
270684,William Lankshear,Offence,2005-04-20,England,,1082,Oxford United FC,2016
291977,Mo Missanga,Offence,,England,,1082,Oxford United FC,2016
124691,Ruben Roosken,Left-Back,2000-03-02,Netherlands,,1082,Oxford United FC,2016
115443,Brian De Keersmaecker,Defensive Midfield,2000-05-06,Belgium,,1082,Oxford United FC,2016
58432,Przemysław Płacheta,Left Winger,1998-03-23,Poland,,1082,Oxford United FC,2016
48287,Ciaron Brown,Centre-Back,1998-01-14,Northern Ireland,,1082,Oxford United FC,2016
9880,Ole Romeny,Centre-Forward,2000-06-20,Indonesia,,1082,Oxford United FC,2016
7254,Hidde ter Avest,Right-Back,1997-05-20,Netherlands,,1082,Oxford United FC,2016
6448,Will Vaulks,Defensive Midfield,1993-09-13,Wales,,1082,Oxford United FC,2016
6104,Siriki Dembélé,Left Winger,1996-09-07,Scotland,,1082,Oxford United FC,2016
5516,Cameron Brannagan,Central Midfield,1996-05-09,England,,1082,Oxford United FC,2016
5494,Sam Long,Right-Back,1995-01-16,England,,1082,Oxford United FC,2016
4460,Mark Harris,Centre-Forward,1998-12-29,Wales,,1082,Oxford United FC,2016
246096,Jamie McDonnell,Central Midfield,2004-02-16,Northern Ireland,,1082,Oxford United FC,2016
214532,Yunus Konak,Defensive Midfield,,Turkey,,1082,Oxford United FC,2016
171787,Tyler Goodrham,Right Winger,2003-08-07,England,,1082,Oxford United FC,2016
171099,Myles Peart-Harris,Attacking Midfield,2002-09-18,England,,1082,Oxford United FC,2016
170209,Aidomo Emakhu,Left Winger,2003-10-26,Ireland,,1082,Oxford United FC,2016
3189,Kepa Arrizabalaga,Goalkeeper,1994-10-03,Spain,,57,Arsenal FC,2021
4832,David Raya,Goalkeeper,1995-09-15,Spain,,57,Arsenal FC,2021
171455,Tommy Setford,Goalkeeper,2006-03-13,England,,57,Arsenal FC,2021
270449,Jack Porter,Goalkeeper,2008-07-15,England,,57,Arsenal FC,2021
270668,Aleksei Fedorushchenko,Goalkeeper,2005-09-28,Russia,,57,Arsenal FC,2021
23128,Gabriel Magalhães,Defence,1997-12-19,Brazil,,57,Arsenal FC,2021
80171,William Saliba,Defence,2001-03-24,France,,57,Arsenal FC,2021
98816,Jurrien Timber,Defence,2001-06-17,Netherlands,,57,Arsenal FC,2021
125674,Piero Hincapié,Defence,2002-01-09,Ecuador,,57,Arsenal FC,2021
221784,Jaden Dixon,Defence,2007-02-07,England,,57,Arsenal FC,2021
270663,Josh Nichols,Defence,2006-07-26,England,,57,Arsenal FC,2021
289765,Marli Salmon,Defence,2009-08-29,England,,57,Arsenal FC,2021
4032,Eberechi Eze,Midfield,1998-06-29,England,,57,Arsenal FC,2021
7427,Martin Ødegaard,Midfield,1998-12-17,Norway,,57,Arsenal FC,2021
7935,Mikel Merino,Midfield,1996-06-22,Spain,,57,Arsenal FC,2021
8215,Declan Rice,Midfield,1999-01-14,England,,57,Arsenal FC,2021
61450,Martinelli,Midfield,2001-06-18,Brazil,,57,Arsenal FC,2021
115035,Martín Zubimendi,Midfield,1999-02-02,Spain,,57,Arsenal FC,2021
285128,Max Dowman,Midfield,2009-12-31,England,,57,Arsenal FC,2021
290105,Harrison Dudziak,Midfield,2006-01-09,England,,57,Arsenal FC,2021
291747,Ifeoluwa Ibrahim,Midfield,2008-01-20,England,,57,Arsenal FC,2021
293115,Ceadach O’Neill,Midfield,2008-04-10,Northern Ireland,,57,Arsenal FC,2021
171,Kai Havertz,Offence,1999-06-11,Germany,,57,Arsenal FC,2021
8279,Viktor Gyökeres,Offence,1998-06-04,Sweden,,57,Arsenal FC,2021
8984,Leandro Trossard,Offence,1994-12-04,Belgium,,57,Arsenal FC,2021
99813,Bukayo Saka,Offence,2001-09-05,England,,57,Arsenal FC,2021
167720,Noni Madueke,Offence,2002-03-10,England,,57,Arsenal FC,2021
285598,Andre Harriman-Annous,Offence,2007-12-27,England,,57,Arsenal FC,2021
291750,Brando Bailey-Joseph,Offence,2008-10-02,England,,57,Arsenal FC,2021
24102,Christian Nørgaard,Defensive Midfield,1994-03-10,Denmark,,57,Arsenal FC,2021
6154,Ben White,Right-Back,1997-10-08,England,,57,Arsenal FC,2021
3236,Gabriel Jesus,Centre-Forward,1997-04-03,Brazil,,57,Arsenal FC,2021
293640,Khari Ranson,null,2007-09-13,England,,57,Arsenal FC,2021
244120,Myles Lewis-Skelly,Left-Back,2006-09-26,England,,57,Arsenal FC,2021
172839,Cristhian Mosquera,Centre-Back,2004-06-27,Spain,,57,Arsenal FC,2021
133512,Riccardo Calafiori,Left-Back,2002-05-19,Italy,,57,Arsenal FC,2021
3141,Emiliano Martínez,Goalkeeper,1992-09-02,Argentina,,58,Aston Villa FC,2021
7675,Marco Bizot,Goalkeeper,1991-03-10,Netherlands,,58,Aston Villa FC,2021
204460,James Wright,Goalkeeper,2004-12-02,England,,58,Aston Villa FC,2021
244962,Sam Proctor,Goalkeeper,2006-12-21,England,,58,Aston Villa FC,2021
286821,Russ Oakley,Goalkeeper,2008-09-16,England,,58,Aston Villa FC,2021
289721,Ronnie Hollingshead,Goalkeeper,2004-09-09,Wales,,58,Aston Villa FC,2021
3359,Lucas Digne,Defence,1993-07-20,France,,58,Aston Villa FC,2021
3492,Victor Nilsson-Lindelöf,Defence,1994-07-17,Sweden,,58,Aston Villa FC,2021
6317,Ezri Konsa,Defence,1997-10-23,England,,58,Aston Villa FC,2021
290109,Leon Routh,Defence,2007-11-30,England,,58,Aston Villa FC,2021
290400,TJ Carroll,Defence,2006-10-19,England,,58,Aston Villa FC,2021
3658,Youri Tielemans,Midfield,1997-05-07,Belgium,,58,Aston Villa FC,2021
34646,John McGinn,Midfield,1994-10-18,Scotland,,58,Aston Villa FC,2021
82140,Morgan Rogers,Midfield,2002-07-26,England,,58,Aston Villa FC,2021
114024,Amadou Onana,Midfield,2001-08-16,Belgium,,58,Aston Villa FC,2021
274024,Bradley Burrowes,Midfield,2008-03-04,England,,58,Aston Villa FC,2021
289528,George Hemmings,Midfield,2007-03-04,England,,58,Aston Villa FC,2021
292504,Mohamed Koné,Midfield,2007-07-03,Ivory Coast,,58,Aston Villa FC,2021
4444,Ollie Watkins,Offence,1995-12-30,England,,58,Aston Villa FC,2021
260718,Alysson,Offence,2006-05-05,Brazil,,58,Aston Villa FC,2021
33525,Douglas Luiz,Central Midfield,1998-05-09,Brazil,,58,Aston Villa FC,2021
33109,Pau Torres,Centre-Back,1997-01-16,Spain,,58,Aston Villa FC,2021
31941,Emiliano Buendía,Attacking Midfield,1996-12-25,Argentina,,58,Aston Villa FC,2021
11644,Matty Cash,Right-Back,1997-08-07,Poland,,58,Aston Villa FC,2021
8346,Boubacar Kamara,Defensive Midfield,1999-11-23,France,,58,Aston Villa FC,2021
8235,Tyrone Mings,Centre-Back,1993-03-13,England,,58,Aston Villa FC,2021
7985,Tammy Abraham,Centre-Forward,1997-10-02,England,,58,Aston Villa FC,2021
7817,Ross Barkley,Central Midfield,1993-12-05,England,,58,Aston Villa FC,2021
157,Leon Bailey,Right Winger,1997-08-09,Jamaica,,58,Aston Villa FC,2021
146,Jadon Sancho,Left Winger,2000-03-25,England,,58,Aston Villa FC,2021
203594,Andrés Garcia,Right-Back,2003-02-07,Spain,,58,Aston Villa FC,2021
172899,Lamare Bogarde,Defensive Midfield,2004-01-05,Netherlands,,58,Aston Villa FC,2021
131120,Ian Maatsen,Left-Back,2002-03-10,Netherlands,,58,Aston Villa FC,2021
124824,Harvey Elliott,Central Midfield,2003-04-04,England,,58,Aston Villa FC,2021
102895,James Hillson,Goalkeeper,2001-01-14,England,,61,Chelsea FC,2021
135555,Robert Sánchez,Goalkeeper,1997-11-18,Spain,,61,Chelsea FC,2021
137544,Gabriel Slonina,Goalkeeper,2004-05-15,USA,,61,Chelsea FC,2021
153828,Filip Jörgensen,Goalkeeper,2002-04-16,Denmark,,61,Chelsea FC,2021
175910,Teddy Sharman-Lowe,Goalkeeper,2003-01-19,England,,61,Chelsea FC,2021
246715,Max Merrick,Goalkeeper,2005-11-10,England,,61,Chelsea FC,2021
15863,Cucurella,Defence,1998-07-22,Spain,,61,Chelsea FC,2021
56628,Reece James,Defence,1999-12-08,England,,61,Chelsea FC,2021
152498,Malo Gusto,Defence,2003-05-19,France,,61,Chelsea FC,2021
189477,Jorrel Hato,Defence,2006-03-07,Netherlands,,61,Chelsea FC,2021
190866,Mamadou Sarr,Defence,2005-08-29,Senegal,,61,Chelsea FC,2021
277888,Landon Emenalo,Defence,2008-01-18,England,,61,Chelsea FC,2021
102603,Enzo Fernández,Midfield,2001-01-17,Argentina,,61,Chelsea FC,2021
121103,Moisés Caicedo,Midfield,2001-11-02,Ecuador,,61,Chelsea FC,2021
276866,Reggie Walsh,Midfield,2008-10-20,England,,61,Chelsea FC,2021
292184,Charlie Holland,Midfield,2009-07-03,England,,61,Chelsea FC,2021
2074,Pedro Neto,Offence,2000-03-09,Portugal,,61,Chelsea FC,2021
244778,Estevao,Offence,2007-04-24,Brazil,,61,Chelsea FC,2021
272058,Shumaira Mheuka,Offence,2007-10-20,England,,61,Chelsea FC,2021
287945,Ryan Kavuma-McQueen,Offence,2009-01-01,England,,61,Chelsea FC,2021
292473,Jesse Derry,Offence,2007-06-30,England,,61,Chelsea FC,2021
295284,Mathis Eboué,Offence,2009-02-27,England,,61,Chelsea FC,2021
170440,Levi Colwill,Centre-Back,2003-02-26,England,,61,Chelsea FC,2021
170426,Benoît Badiashile,Centre-Back,2001-03-26,France,,61,Chelsea FC,2021
166366,Andrey Santos,Central Midfield,2004-05-03,Brazil,,61,Chelsea FC,2021
165314,Dario Essugo,Defensive Midfield,2005-03-14,Portugal,,61,Chelsea FC,2021
151095,Liam Delap,Centre-Forward,2003-02-08,England,,61,Chelsea FC,2021
144892,Cole Palmer,Attacking Midfield,2002-05-06,England,,61,Chelsea FC,2021
103125,João Pedro,Centre-Forward,2001-09-26,Brazil,,61,Chelsea FC,2021
98978,Mykhailo Mudryk,Left Winger,2001-01-05,Ukraine,,61,Chelsea FC,2021
8545,Wesley Fofana,Centre-Back,2000-12-17,France,,61,Chelsea FC,2021
7880,Tosin Adarabioyo,Centre-Back,1997-09-24,England,,61,Chelsea FC,2021
7810,Trevoh Chalobah,Centre-Back,1999-07-05,England,,61,Chelsea FC,2021
249320,Josh Acheampong,Right-Back,2006-05-05,England,,61,Chelsea FC,2021
247243,Ollie Harrison,Defensive Midfield,2007-08-07,England,,61,Chelsea FC,2021
207109,Marc Guiu,Centre-Forward,2006-01-04,Spain,,61,Chelsea FC,2021
181901,Alejandro Garnacho,Left Winger,2004-07-01,Argentina,,61,Chelsea FC,2021
179460,Jamie Bynoe-Gittens,Left Winger,2004-08-08,England,,61,Chelsea FC,2021
177766,Caleb Wiley,Left-Back,2004-12-22,USA,,61,Chelsea FC,2021
172738,Romeo Lavia,Defensive Midfield,2004-01-06,Belgium,,61,Chelsea FC,2021
3309,Jordan Pickford,Goalkeeper,1994-03-07,England,,62,Everton FC,2021
6180,Thomas King,Goalkeeper,1995-03-09,Wales,,62,Everton FC,2021
82135,Mark Travers,Goalkeeper,1999-05-18,Ireland,,62,Everton FC,2021
138174,Nathan Patterson,Defence,2001-10-16,Scotland,,62,Everton FC,2021
166547,Reece Welch,Defence,2003-09-19,England,,62,Everton FC,2021
3627,Idrissa Gana Guèye,Midfield,1989-09-26,Senegal,,62,Everton FC,2021
264281,Harrison Armstrong,Midfield,2007-01-19,England,,62,Everton FC,2021
272715,Callum Bates,Midfield,2005-09-28,England,,62,Everton FC,2021
290597,Malik Olayiwola,Midfield,2009-01-08,England,,62,Everton FC,2021
94091,Iliman Ndiaye,Offence,1999-07-22,Senegal,,62,Everton FC,2021
244747,Briaden Graham,Offence,2007-11-07,Northern Ireland,,62,Everton FC,2021
250436,Tyrique George,Left Winger,2006-02-04,England,,62,Everton FC,2021
246476,Adam Aznou,Left-Back,2006-06-02,Morocco,,62,Everton FC,2021
218525,Tyler Dibling,Right Winger,2006-02-17,England,,62,Everton FC,2021
171995,Thierno Barry,Centre-Forward,2000-01-12,France,,62,Everton FC,2021
169326,Tim Iroegbunam,Central Midfield,2002-08-12,England,,62,Everton FC,2021
156552,Merlin Röhl,Central Midfield,2002-07-05,Germany,,62,Everton FC,2021
140269,Carlos Alcaraz,Central Midfield,2002-11-30,Argentina,,62,Everton FC,2021
140194,Kiernan Dewsbury Hall,Central Midfield,1998-09-06,England,,62,Everton FC,2021
131569,Jake O'Brien,Centre-Back,2001-05-15,Ireland,,62,Everton FC,2021
125044,Beto,Centre-Forward,1998-01-31,Guinea-Bissau,,62,Everton FC,2021
114120,Jarrad Branthwaite,Centre-Back,2002-06-27,England,,62,Everton FC,2021
101076,James Garner,Defensive Midfield,2001-03-13,England,,62,Everton FC,2021
16165,Vitalii Mykolenko,Left-Back,1999-05-29,Ukraine,,62,Everton FC,2021
11623,Dwight McNeil,Attacking Midfield,1999-11-22,England,,62,Everton FC,2021
7836,Séamus Coleman,Right-Back,1988-10-11,Ireland,,62,Everton FC,2021
7829,Michael Keane,Centre-Back,1993-01-11,England,,62,Everton FC,2021
3895,Jack Grealish,Left Winger,1995-09-10,England,,62,Everton FC,2021
3316,James Tarkowski,Centre-Back,1992-11-19,England,,62,Everton FC,2021
3174,Bernd Leno,Goalkeeper,1992-03-04,Germany,,63,Fulham FC,2021
8366,Benjamin Lecomte,Goalkeeper,1991-04-26,France,,63,Fulham FC,2021
290421,Alfie McNally,Goalkeeper,2004-12-22,England,,63,Fulham FC,2021
1836,Timothy Castagne,Defence,1995-12-05,Belgium,,63,Fulham FC,2021
3927,Antonee Robinson,Defence,1997-08-08,USA,,63,Fulham FC,2021
8296,Issa Diop,Defence,1997-01-09,France,,63,Fulham FC,2021
273201,Sam Amissah,Defence,2007-03-07,England,,63,Fulham FC,2021
8973,Sander Berge,Midfield,1998-02-14,Norway,,63,Fulham FC,2021
179716,Oscar Bobb,Midfield,2003-07-12,Norway,,63,Fulham FC,2021
288548,Seth Ridgeon,Midfield,2008-09-12,England,,63,Fulham FC,2021
179122,Kevin Santos,Offence,2003-01-04,Brazil,,63,Fulham FC,2021
217577,Jonah Kusi-Asare,Offence,2007-07-04,Sweden,,63,Fulham FC,2021
246418,Joshua King,Central Midfield,2007-01-03,England,,63,Fulham FC,2021
146154,Calvin Bassey,Centre-Back,1999-12-31,Nigeria,,63,Fulham FC,2021
138036,Rodrigo Muniz,Centre-Forward,2001-05-04,Brazil,,63,Fulham FC,2021
98750,Jorge Cuenca,Centre-Back,1999-11-17,Spain,,63,Fulham FC,2021
85570,Emile Smith Rowe,Attacking Midfield,2000-07-28,England,,63,Fulham FC,2021
33124,Samuel Chukwueze,Right Winger,1999-05-22,Nigeria,,63,Fulham FC,2021
32938,Saša Lukić,Central Midfield,1996-08-13,Serbia,,63,Fulham FC,2021
11777,Harry Wilson,Right Winger,1997-03-22,Wales,,63,Fulham FC,2021
8460,Kenny Tete,Right-Back,1995-10-09,Netherlands,,63,Fulham FC,2021
3995,Harrison Reed,Central Midfield,1995-01-27,England,,63,Fulham FC,2021
3965,Tom Cairney,Central Midfield,1991-01-20,England,,63,Fulham FC,2021
3959,Ryan Sessegnon,Left-Back,2000-05-18,England,,63,Fulham FC,2021
3392,Alex Iwobi,Left Winger,1996-05-03,Nigeria,,63,Fulham FC,2021
3305,Raúl Jiménez,Centre-Forward,1991-05-05,Mexico,,63,Fulham FC,2021
2253,Joachim Andersen,Centre-Back,1996-05-31,Denmark,,63,Fulham FC,2021
1795,Alisson Becker,Goalkeeper,1992-10-02,Brazil,,64,Liverpool FC,2021
11629,Freddie Woodman,Goalkeeper,1997-03-04,England,,64,Liverpool FC,2021
84506,Giorgi Mamardashvili,Goalkeeper,2000-09-29,Georgia,,64,Liverpool FC,2021
165154,Harvey Davies,Goalkeeper,2003-09-03,England,,64,Liverpool FC,2021
182236,Armin Pecsi,Goalkeeper,2005-02-24,Hungary,,64,Liverpool FC,2021
287947,Kornel Miściur,Goalkeeper,2007-04-27,Poland,,64,Liverpool FC,2021
7868,Andrew Robertson,Defence,1994-03-11,Scotland,,64,Liverpool FC,2021
7869,Virgil van Dijk,Defence,1991-07-08,Netherlands,,64,Liverpool FC,2021
9542,Ibrahima Konaté,Defence,1999-05-25,France,,64,Liverpool FC,2021
186701,Stefan Bajcetic,Defence,2004-10-22,Spain,,64,Liverpool FC,2021
273063,Will Wright,Defence,2008-04-03,England,,64,Liverpool FC,2021
288621,Wellity Lucky,Defence,2006-01-12,England,,64,Liverpool FC,2021
288622,Carter Pinnington,Defence,2007-02-21,England,,64,Liverpool FC,2021
295109,Mor Talla N'Diaye,Defence,2008-01-06,Senegal,,64,Liverpool FC,2021
3269,Wataru Endō,Midfield,1993-02-09,Japan,,64,Liverpool FC,2021
19334,Florian Wirtz,Midfield,2003-05-03,Germany,,64,Liverpool FC,2021
45681,Alexis Mac Allister,Midfield,1998-12-24,Argentina,,64,Liverpool FC,2021
81793,Ryan Gravenberch,Midfield,2002-05-16,Netherlands,,64,Liverpool FC,2021
274726,Kieran Morrison,Midfield,2006-11-09,Northern Ireland,,64,Liverpool FC,2021
286622,Tommy Pilling,Midfield,2004-09-14,England,,64,Liverpool FC,2021
288625,Michael Laffey,Midfield,2005-10-11,England,,64,Liverpool FC,2021
3754,Mohamed Salah,Offence,1992-06-15,Egypt,,64,Liverpool FC,2021
6486,Alexander Isak,Offence,1999-09-21,Sweden,,64,Liverpool FC,2021
7459,Cody Gakpo,Offence,1999-05-07,Netherlands,,64,Liverpool FC,2021
273453,Rio Ngumoha,Offence,2008-08-29,England,,64,Liverpool FC,2021
288617,Keyrol Figueroa,Offence,2006-08-31,USA,,64,Liverpool FC,2021
152454,Hugo Ekitike,Centre-Forward,2002-06-20,France,,64,Liverpool FC,2021
135636,Rhys Williams,Centre-Back,2001-02-03,England,,64,Liverpool FC,2021
128954,Jeremie Frimpong,Right Midfield,2000-12-10,Netherlands,,64,Liverpool FC,2021
124778,Calvin Ramsay,Right-Back,2003-07-31,Scotland,,64,Liverpool FC,2021
16347,Dominik Szoboszlai,Central Midfield,2000-10-25,Hungary,,64,Liverpool FC,2021
7873,Curtis Jones,Central Midfield,2001-01-30,England,,64,Liverpool FC,2021
7862,Joe Gomez,Centre-Back,1997-05-23,England,,64,Liverpool FC,2021
1780,Federico Chiesa,Right Winger,1997-10-25,Italy,,64,Liverpool FC,2021
248990,Amara Nallo,Centre-Back,2006-11-18,England,,64,Liverpool FC,2021
247657,Jayden Danns,Centre-Forward,2006-01-16,England,,64,Liverpool FC,2021
230517,Trey Nyoni,Attacking Midfield,2007-06-30,England,,64,Liverpool FC,2021
214502,James McConnell,Central Midfield,2004-09-13,England,,64,Liverpool FC,2021
192563,Giovanni Leoni,Centre-Back,2006-12-21,Italy,,64,Liverpool FC,2021
175865,Conor Bradley,Right-Back,2003-07-09,Northern Ireland,,64,Liverpool FC,2021
171141,Milos Kerkez,Left-Back,2003-11-07,Hungary,,64,Liverpool FC,2021
157176,Kaide Gordon,Right Winger,2004-10-05,England,,64,Liverpool FC,2021
1731,Gianluigi Donnarumma,Goalkeeper,1999-02-25,Italy,,65,Manchester City FC,2021
3953,Marcus Bettinelli,Goalkeeper,1992-05-24,England,,65,Manchester City FC,2021
153874,James Trafford,Goalkeeper,2002-10-10,England,,65,Manchester City FC,2021
3313,John Stones,Defence,1994-05-28,England,,65,Manchester City FC,2021
8240,Nathan Aké,Defence,1995-02-18,Netherlands,,65,Manchester City FC,2021
8642,Rayan Aït Nouri,Defence,2001-06-06,Algeria,,65,Manchester City FC,2021
10183,Rúben Dias,Defence,1997-05-14,Portugal,,65,Manchester City FC,2021
91512,Matheus Nunes,Defence,1998-08-27,Portugal,,65,Manchester City FC,2021
118489,Marc Guéhi,Defence,2000-07-13,England,,65,Manchester City FC,2021
122266,Joško Gvardiol,Defence,2002-01-23,Croatia,,65,Manchester City FC,2021
206743,Nico O'Reilly,Defence,2005-03-21,England,,65,Manchester City FC,2021
212868,Abdukodir Khusanov,Defence,2004-02-29,Uzbekistan,,65,Manchester City FC,2021
270613,Kaden Braithwaite,Defence,2008-03-25,England,,65,Manchester City FC,2021
290970,Kian Noble,Defence,2007-02-26,England,,65,Manchester City FC,2021
292499,Floyd Samba,Defence,2009-01-15,France,,65,Manchester City FC,2021
65,Mateo Kovačić,Midfield,1994-05-06,Croatia,,65,Manchester City FC,2021
3199,Rodri,Midfield,1996-06-22,Spain,,65,Manchester City FC,2021
3254,Bernardo Silva,Midfield,1994-08-10,Portugal,,65,Manchester City FC,2021
7696,Tijjani Reijnders,Midfield,1998-07-29,Netherlands,,65,Manchester City FC,2021
99775,Jeremy Doku,Midfield,2002-05-27,Belgium,,65,Manchester City FC,2021
133242,Rayan Cherki,Midfield,2003-08-17,France,,65,Manchester City FC,2021
180453,Sverre Nypan,Midfield,2006-12-19,Norway,,65,Manchester City FC,2021
286950,Ryan McAidoo,Midfield,2008-06-24,England,,65,Manchester City FC,2021
290022,Charlie Gray,Midfield,2006-02-22,England,,65,Manchester City FC,2021
290971,Tyrone Samba,Midfield,2007-12-31,France,,65,Manchester City FC,2021
4417,Antoine Semenyo,Offence,2000-01-07,Ghana,,65,Manchester City FC,2021
38101,Erling Haaland,Offence,2000-07-21,Norway,,65,Manchester City FC,2021
66896,Omar Marmoush,Offence,1999-02-07,Egypt,,65,Manchester City FC,2021
286775,Reigan Heskey,Offence,2008-01-19,England,,65,Manchester City FC,2021
7888,Phil Foden,Right Winger,2000-05-28,England,,65,Manchester City FC,2021
244856,Max Alleyne,Centre-Back,2005-07-21,England,,65,Manchester City FC,2021
187202,Rico Lewis,Right-Back,2004-11-21,England,,65,Manchester City FC,2021
171986,Nico Gonzalez,Central Midfield,2002-01-03,Spain,,65,Manchester City FC,2021
146352,Sávio,Right Winger,2004-04-10,Brazil,,65,Manchester City FC,2021
8035,Tom Heaton,Goalkeeper,1986-04-15,England,,66,Manchester United FC,2021
29518,Altay Bayındır,Goalkeeper,1998-04-14,Turkey,,66,Manchester United FC,2021
129946,Senne Lammens,Goalkeeper,2002-07-07,Belgium,,66,Manchester United FC,2021
7553,Noussair Mazraoui,Defence,1997-11-14,Morocco,,66,Manchester United FC,2021
15905,Diogo Dalot,Defence,1999-03-18,Portugal,,66,Manchester United FC,2021
46451,Lisandro Martínez,Defence,1998-01-18,Argentina,,66,Manchester United FC,2021
188291,Tyler Fredricson,Defence,2005-02-23,England,,66,Manchester United FC,2021
262921,Diego León,Defence,2007-04-03,Paraguay,,66,Manchester United FC,2021
273281,Godwill Kukonki,Defence,2008-02-06,England,,66,Manchester United FC,2021
278168,Bendito Mantato,Defence,2008-01-25,England,,66,Manchester United FC,2021
3231,Casemiro,Midfield,1992-02-23,Brazil,,66,Manchester United FC,2021
3257,Bruno Fernandes,Midfield,1994-09-08,Portugal,,66,Manchester United FC,2021
28549,Manuel Ugarte,Midfield,2001-04-11,Uruguay,,66,Manchester United FC,2021
133584,Amad Diallo,Midfield,2002-07-11,Ivory Coast,,66,Manchester United FC,2021
190797,Kobbie Mainoo,Midfield,2005-04-19,England,,66,Manchester United FC,2021
271941,Jack Fletcher,Midfield,2007-03-19,England,,66,Manchester United FC,2021
275523,Jack Moorhouse,Midfield,2005-11-29,Ireland,,66,Manchester United FC,2021
290139,Tyler Fletcher,Midfield,2007-03-19,England,,66,Manchester United FC,2021
294666,Jim Thwaites,Midfield,2007-12-20,England,,66,Manchester United FC,2021
30842,Matheus Cunha,Offence,1999-05-27,Brazil,,66,Manchester United FC,2021
275522,Chido Obi-Martin,Offence,2007-11-29,Denmark,,66,Manchester United FC,2021
289557,Shea Lacey,Offence,2007-04-14,England,,66,Manchester United FC,2021
99731,Joshua Zirkzee,Centre-Forward,2001-05-22,Netherlands,,66,Manchester United FC,2021
8626,Bryan Mbeumo,Right Winger,1999-08-07,Cameroon,,66,Manchester United FC,2021
7898,Luke Shaw,Left-Back,1995-07-12,England,,66,Manchester United FC,2021
7599,Mason Mount,Attacking Midfield,1999-01-10,England,,66,Manchester United FC,2021
7549,Matthijs de Ligt,Centre-Back,1999-08-12,Netherlands,,66,Manchester United FC,2021
7467,Tyrell Malacia,Left-Back,1999-08-17,Netherlands,,66,Manchester United FC,2021
3326,Harry Maguire,Centre-Back,1993-03-05,England,,66,Manchester United FC,2021
247644,Ayden Heaven,Centre-Back,2006-09-22,England,,66,Manchester United FC,2021
211559,Patrick Dorgu,Left-Back,2004-10-26,Denmark,,66,Manchester United FC,2021
181933,Leny Yoro,Centre-Back,2005-11-13,France,,66,Manchester United FC,2021
124244,Benjamin Šeško,Centre-Forward,2003-05-31,Slovenia,,66,Manchester United FC,2021
3310,Nick Pope,Goalkeeper,1992-04-19,England,,67,Newcastle United FC,2021
4078,John Ruddy,Goalkeeper,1986-10-24,England,,67,Newcastle United FC,2021
5048,Mark Gillespie,Goalkeeper,1992-03-27,England,,67,Newcastle United FC,2021
5530,Aaron Ramsdale,Goalkeeper,1998-05-14,England,,67,Newcastle United FC,2021
220503,Aidan Harris,Goalkeeper,2006-12-16,England,,67,Newcastle United FC,2021
244853,Adam Harrison,Goalkeeper,2006-10-20,England,,67,Newcastle United FC,2021
4870,Dan Burn,Defence,1992-05-09,England,,67,Newcastle United FC,2021
142732,Malick Thiaw,Defence,2001-08-08,Germany,,67,Newcastle United FC,2021
168712,Valentino Livramento,Defence,2002-11-12,England,,67,Newcastle United FC,2021
277574,Leo Shahar,Defence,2007-03-18,England,,67,Newcastle United FC,2021
1684,Bruno Guimarães,Midfield,1997-11-16,Brazil,,67,Newcastle United FC,2021
7848,Anthony Gordon,Midfield,2001-02-24,England,,67,Newcastle United FC,2021
176852,Lewis Hall,Midfield,2004-09-08,England,,67,Newcastle United FC,2021
289574,Sam Alabi,Midfield,2009-07-09,England,,67,Newcastle United FC,2021
612,Yoane Wissa,Offence,1996-09-03,DR Congo,,67,Newcastle United FC,2021
133547,Nick Woltemade,Offence,2002-02-14,Germany,,67,Newcastle United FC,2021
166376,Anthony Elanga,Offence,2002-04-27,Sweden,,67,Newcastle United FC,2021
275209,Sean Neave,Offence,2007-05-27,England,,67,Newcastle United FC,2021
283375,Seung-soo Park,Offence,2007-03-17,South Korea,,67,Newcastle United FC,2021
10653,Joelinton,Central Midfield,1996-08-14,Brazil,,67,Newcastle United FC,2021
8076,Harvey Barnes,Left Winger,1997-12-09,England,,67,Newcastle United FC,2021
7934,Jacob Murphy,Right Winger,1995-02-24,England,,67,Newcastle United FC,2021
7798,Joe Willock,Central Midfield,1999-08-20,England,,67,Newcastle United FC,2021
3312,Kieran Trippier,Right-Back,1990-09-19,England,,67,Newcastle United FC,2021
2563,Sandro Tonali,Central Midfield,2000-05-08,Italy,,67,Newcastle United FC,2021
1868,Emil Krafth,Right-Back,1994-08-02,Sweden,,67,Newcastle United FC,2021
88,Fabian Schär,Centre-Back,1991-12-20,Switzerland,,67,Newcastle United FC,2021
230364,Alex Murphy,Left-Back,2004-06-25,Ireland,,67,Newcastle United FC,2021
191939,Lewis Miley,Central Midfield,2006-05-01,England,,67,Newcastle United FC,2021
169324,William Osula,Centre-Forward,2003-08-04,Denmark,,67,Newcastle United FC,2021
124683,Joe White,Attacking Midfield,2002-10-01,England,,67,Newcastle United FC,2021
111437,Jacob Ramsey,Left Midfield,2001-05-28,England,,67,Newcastle United FC,2021
81082,Sven Botman,Centre-Back,2000-01-12,Netherlands,,67,Newcastle United FC,2021
4292,Simon Moore,Goalkeeper,1990-05-19,England,,71,Sunderland AFC,2021
137691,Robin Roefs,Goalkeeper,2003-01-17,Netherlands,,71,Sunderland AFC,2021
150893,Melker Ellborg,Goalkeeper,2003-05-22,Sweden,,71,Sunderland AFC,2021
46491,Omar Alderete,Defence,1996-12-26,Paraguay,,71,Sunderland AFC,2021
285390,Jenson Jones,Defence,2006-06-26,England,,71,Sunderland AFC,2021
3477,Granit Xhaka,Midfield,1992-09-27,Switzerland,,71,Sunderland AFC,2021
171876,Habib Diarra,Midfield,2004-01-03,Senegal,,71,Sunderland AFC,2021
182273,Noah Sadiki,Midfield,2004-12-17,DR Congo,,71,Sunderland AFC,2021
187375,Nilson Angulo,Midfield,2003-06-19,Ecuador,,71,Sunderland AFC,2021
192313,Chemsdine Talbi,Midfield,2005-05-09,Morocco,,71,Sunderland AFC,2021
249412,Harrison Jones,Midfield,2005-02-13,England,,71,Sunderland AFC,2021
285389,Jaydon Jones,Midfield,2006-11-03,England,,71,Sunderland AFC,2021
285392,Jack Whittaker,Midfield,2006-10-14,England,,71,Sunderland AFC,2021
83599,Wilson Isidor,Offence,2000-08-27,France,,71,Sunderland AFC,2021
97535,Brian Brobbey,Offence,2002-02-01,Netherlands,,71,Sunderland AFC,2021
290809,Jocelin Bi,Offence,2005-02-09,Ivory Coast,,71,Sunderland AFC,2021
293571,Finn Geragusyan,Offence,2008-01-01,Armenia,,71,Sunderland AFC,2021
172123,Dennis Cirkin,Left-Back,2002-04-06,Latvia,,71,Sunderland AFC,2021
165311,Abdoullah Ba,Right Midfield,2003-07-31,France,,71,Sunderland AFC,2021
121109,Daniel Ballard,Centre-Back,1999-09-22,Northern Ireland,,71,Sunderland AFC,2021
117687,Trai Hume,Right-Back,2002-03-18,Northern Ireland,,71,Sunderland AFC,2021
99664,Enzo Le Fée,Central Midfield,2000-02-03,France,,71,Sunderland AFC,2021
37094,Reinildo,Left-Back,1994-01-21,Mozambique,,71,Sunderland AFC,2021
8467,Bertrand Traoré,Right Winger,1995-09-06,Burkina Faso,,71,Sunderland AFC,2021
8371,Nordi Mukiele,Right-Back,1997-11-01,France,,71,Sunderland AFC,2021
7468,Lutsharel Geertruida,Right-Back,2000-07-18,Netherlands,,71,Sunderland AFC,2021
6259,Luke O'Nien,Centre-Back,1994-11-21,England,,71,Sunderland AFC,2021
268830,Milan Aleksić,Central Midfield,2005-08-30,Serbia,,71,Sunderland AFC,2021
191889,Ahmed Abdullahi,Centre-Forward,2004-06-19,Nigeria,,71,Sunderland AFC,2021
190817,Chris Rigg,Central Midfield,2007-06-18,England,,71,Sunderland AFC,2021
178644,Eliezer Mayenda,Centre-Forward,2005-05-08,Spain,,71,Sunderland AFC,2021
172275,Romaine Mundle,Left Winger,2003-04-24,England,,71,Sunderland AFC,2021
3086,Guglielmo Vicario,Goalkeeper,1996-10-07,Italy,,73,Tottenham Hotspur FC,2021
133229,Brandon Austin,Goalkeeper,1999-01-08,England,,73,Tottenham Hotspur FC,2021
255239,Antonín Kinský,Goalkeeper,2003-03-13,Czech Republic,,73,Tottenham Hotspur FC,2021
274554,Luca Gunter,Goalkeeper,2005-03-23,England,,73,Tottenham Hotspur FC,2021
6655,Kevin Danso,Defence,1998-09-19,Austria,,73,Tottenham Hotspur FC,2021
45735,Christian Romero,Defence,1998-04-27,Argentina,,73,Tottenham Hotspur FC,2021
80775,Djed Spence,Defence,2000-08-09,England,,73,Tottenham Hotspur FC,2021
81037,Pedro Porro,Defence,1999-09-13,Spain,,73,Tottenham Hotspur FC,2021
131177,Mickey van de Ven,Defence,2001-04-19,Netherlands,,73,Tottenham Hotspur FC,2021
249465,Souza,Defence,2006-06-16,Brazil,,73,Tottenham Hotspur FC,2021
272980,Malachi Hardy,Defence,2008-03-10,England,,73,Tottenham Hotspur FC,2021
283174,Jun'ai Byfield,Defence,2008-12-06,England,,73,Tottenham Hotspur FC,2021
288618,James Rowswell,Defence,2006-07-13,England,,73,Tottenham Hotspur FC,2021
2041,Rodrigo Bentancur,Midfield,1997-06-25,Uruguay,,73,Tottenham Hotspur FC,2021
170391,Pape Sarr,Midfield,2002-09-14,Senegal,,73,Tottenham Hotspur FC,2021
193622,Lucas Bergvall,Midfield,2006-02-02,Sweden,,73,Tottenham Hotspur FC,2021
272688,Callum Olusesi,Midfield,2007-03-11,England,,73,Tottenham Hotspur FC,2021
274808,Rio Kyerematen,Midfield,2005-06-09,England,,73,Tottenham Hotspur FC,2021
291749,Tye Hall,Midfield,2007-10-01,England,,73,Tottenham Hotspur FC,2021
216418,James Wilson,Offence,2007-03-06,Scotland,,73,Tottenham Hotspur FC,2021
272687,Luca Williams-Barnett,Offence,2008-10-01,England,,73,Tottenham Hotspur FC,2021
286774,Tynan Thompson,Offence,2008-04-17,England,,73,Tottenham Hotspur FC,2021
140432,Radu Drăgușin,Centre-Back,2002-02-03,Romania,,73,Tottenham Hotspur FC,2021
119265,Conor Gallagher,Central Midfield,2000-02-06,England,,73,Tottenham Hotspur FC,2021
77399,Mohammed Kudus,Right Winger,2000-08-02,Ghana,,73,Tottenham Hotspur FC,2021
15884,João Palhinha,Defensive Midfield,1995-07-09,Portugal,,73,Tottenham Hotspur FC,2021
8708,Randal Kolo Muani,Centre-Forward,1998-12-05,France,,73,Tottenham Hotspur FC,2021
8410,Yves Bissouma,Defensive Midfield,1996-08-30,Mali,,73,Tottenham Hotspur FC,2021
8133,Richarlison,Centre-Forward,1997-05-10,Brazil,,73,Tottenham Hotspur FC,2021
7994,Ben Davies,Centre-Back,1993-04-24,Wales,,73,Tottenham Hotspur FC,2021
7878,Dominic Solanke,Centre-Forward,1997-09-14,England,,73,Tottenham Hotspur FC,2021
3992,James Maddison,Attacking Midfield,1996-11-23,England,,73,Tottenham Hotspur FC,2021
1859,Dejan Kulusevski,Attacking Midfield,2000-04-25,Sweden,,73,Tottenham Hotspur FC,2021
184999,Wilson Odobert,Right Winger,2004-11-28,France,,73,Tottenham Hotspur FC,2021
177040,Archie Gray,Right-Back,2006-03-12,England,,73,Tottenham Hotspur FC,2021
171977,Mathys Tel,Centre-Forward,2005-04-27,France,,73,Tottenham Hotspur FC,2021
170378,Destiny Udogie,Left-Back,2002-11-28,Italy,,73,Tottenham Hotspur FC,2021
148289,Xavi Simons,Attacking Midfield,2003-04-21,Netherlands,,73,Tottenham Hotspur FC,2021
3884,Sam Johnstone,Goalkeeper,1993-03-25,England,,76,Wolverhampton Wanderers FC,2021
4418,Daniel Bentley,Goalkeeper,1993-07-13,England,,76,Wolverhampton Wanderers FC,2021
15899,José Sá,Goalkeeper,1993-01-17,Portugal,,76,Wolverhampton Wanderers FC,2021
227022,Josh Gracey,Goalkeeper,2007-12-14,Northern Ireland,,76,Wolverhampton Wanderers FC,2021
260577,Alfie Brooks,Goalkeeper,2004-03-17,England,,76,Wolverhampton Wanderers FC,2021
32767,Santiago Bueno,Defence,1998-11-09,Uruguay,,76,Wolverhampton Wanderers FC,2021
62493,Ladislav Krejčí,Defence,1999-04-20,Czech Republic,,76,Wolverhampton Wanderers FC,2021
205467,David Wolfe,Defence,2002-04-23,Norway,,76,Wolverhampton Wanderers FC,2021
290067,Saheed Olagunju,Defence,2007-01-07,England,,76,Wolverhampton Wanderers FC,2021
788,Jean-Ricner Bellegarde,Midfield,1998-06-27,Haiti,,76,Wolverhampton Wanderers FC,2021
213637,Ethan Sutherland,Midfield,2006-04-25,Scotland,,76,Wolverhampton Wanderers FC,2021
265562,Luke Rawlings,Midfield,,England,,76,Wolverhampton Wanderers FC,2021
272968,Tom Edozie,Midfield,2006-05-18,England,,76,Wolverhampton Wanderers FC,2021
291972,Jerome Abbey,Midfield,2009-09-16,England,,76,Wolverhampton Wanderers FC,2021
3354,Hwang Heechan,Offence,1996-01-26,South Korea,,76,Wolverhampton Wanderers FC,2021
120981,Toluwalas Arokodare,Offence,2000-11-23,Nigeria,,76,Wolverhampton Wanderers FC,2021
171027,Jackson Tchatchoua,Offence,2002-06-22,Cameroon,,76,Wolverhampton Wanderers FC,2021
276066,Mateus Mané,Offence,2007-09-16,Portugal,,76,Wolverhampton Wanderers FC,2021
249435,Pedro Lima,Right-Back,2006-07-01,Brazil,,76,Wolverhampton Wanderers FC,2021
193014,Enso Gonzalez,Left Winger,2005-01-20,Paraguay,,76,Wolverhampton Wanderers FC,2021
189575,Nathan Fraser,Centre-Forward,2005-02-22,England,,76,Wolverhampton Wanderers FC,2021
157709,Hugo Bueno,Left-Back,2002-09-18,Spain,,76,Wolverhampton Wanderers FC,2021
153570,Yerson Mosquera,Centre-Back,2001-05-02,Colombia,,76,Wolverhampton Wanderers FC,2021
151521,Rodrigo Gomes,Right Midfield,2003-07-07,Portugal,,76,Wolverhampton Wanderers FC,2021
145538,André,Defensive Midfield,2001-07-16,Brazil,,76,Wolverhampton Wanderers FC,2021
138034,João Gomes,Central Midfield,2001-02-12,Brazil,,76,Wolverhampton Wanderers FC,2021
102223,Toti Gomes,Centre-Back,1999-01-16,Portugal,,76,Wolverhampton Wanderers FC,2021
7910,Angel Gomes,Attacking Midfield,2000-08-31,England,,76,Wolverhampton Wanderers FC,2021
4863,Adam Armstrong,Centre-Forward,1997-02-10,England,,76,Wolverhampton Wanderers FC,2021
4081,Matt Doherty,Right-Back,1992-01-16,Ireland,,76,Wolverhampton Wanderers FC,2021
7914,Martin Dúbravka,Goalkeeper,1989-01-15,Slovakia,,328,Burnley FC,2021
62651,Václav Hladký,Goalkeeper,1990-11-14,Czech Republic,,328,Burnley FC,2021
175800,Max Weiss,Goalkeeper,2004-06-15,Germany,,328,Burnley FC,2021
3894,Axel Tuanzebe,Defence,1997-11-14,DR Congo,,328,Burnley FC,2021
31560,Hjalmar Ekdal,Defence,1998-10-21,Sweden,,328,Burnley FC,2021
190916,Murray Campbell,Defence,2006-07-25,Scotland,,328,Burnley FC,2021
169325,Hannibal Mejbri,Midfield,2003-01-21,Tunisia,,328,Burnley FC,2021
192680,Enock Agyei,Midfield,2005-01-13,Belgium,,328,Burnley FC,2021
207566,Mike Trésor,Midfield,1999-05-28,Belgium,,328,Burnley FC,2021
213243,Josh Laurent,Midfield,1995-05-06,England,,328,Burnley FC,2021
285388,Oliver Pimlott,Midfield,2007-04-07,England,,328,Burnley FC,2021
286640,Ellis Clark,Midfield,2007-06-26,Scotland,,328,Burnley FC,2021
286650,George Brierley,Midfield,2007-11-20,England,,328,Burnley FC,2021
293273,Kian Brown,Midfield,2008-08-03,Ireland,,328,Burnley FC,2021
34760,Lyle Foster,Offence,2000-09-04,South Africa,,328,Burnley FC,2021
122313,Zeki Amdouni,Offence,2000-12-04,Switzerland,,328,Burnley FC,2021
286670,Brandon Pouani,Offence,2007-12-10,England,,328,Burnley FC,2021
143054,Armando Broja,Centre-Forward,2001-09-10,Albania,,328,Burnley FC,2021
67893,Zian Flemming,Attacking Midfield,1998-08-01,Netherlands,,328,Burnley FC,2021
37560,Florentino,Defensive Midfield,1999-08-19,Portugal,,328,Burnley FC,2021
11298,Joe Worrall,Centre-Back,1997-01-10,England,,328,Burnley FC,2021
9405,Jacob Bruun Larsen,Left Winger,1998-09-19,Denmark,,328,Burnley FC,2021
8217,Josh Cullen,Defensive Midfield,1996-04-07,Ireland,,328,Burnley FC,2021
8088,James Ward-Prowse,Central Midfield,1994-11-01,England,,328,Burnley FC,2021
8054,Ashley Barnes,Centre-Forward,1989-10-30,England,,328,Burnley FC,2021
7980,Connor Roberts,Right-Back,1995-09-23,Wales,,328,Burnley FC,2021
6678,Louis Beyer,Centre-Back,2000-05-19,Germany,,328,Burnley FC,2021
3999,Marcus Edwards,Right Winger,1998-12-03,England,,328,Burnley FC,2021
3311,Kyle Walker,Right-Back,1990-05-28,England,,328,Burnley FC,2021
190547,Bashir Humphreys,Centre-Back,2003-03-15,England,,328,Burnley FC,2021
187219,Quilindschy Hartman,Left-Back,2001-11-14,Netherlands,,328,Burnley FC,2021
177627,Lucas Pires,Left-Back,2001-03-24,Brazil,,328,Burnley FC,2021
175784,Maxime Estève,Centre-Back,2002-05-26,France,,328,Burnley FC,2021
170394,Loum Tchaouna,Right Winger,2003-09-08,France,,328,Burnley FC,2021
153555,Chimuanya Ugochukwu,Defensive Midfield,2004-03-26,France,,328,Burnley FC,2021
150778,Jaidon Anthony,Left Winger,1999-12-01,England,,328,Burnley FC,2021
1331,Lucas Perri,Goalkeeper,1997-12-10,Brazil,,341,Leeds United FC,2021
5315,Alex Cairns,Goalkeeper,1993-01-04,England,,341,Leeds United FC,2021
7913,Karl Darlow,Goalkeeper,1990-10-08,Wales,,341,Leeds United FC,2021
74831,Illan Meslier,Goalkeeper,2000-03-02,France,,341,Leeds United FC,2021
31531,Gabriel Gudmundsson,Defence,1999-04-29,Sweden,,341,Leeds United FC,2021
295551,Alfie Cresswell,Defence,2007-07-15,England,,341,Leeds United FC,2021
49105,Ao Tanaka,Midfield,1998-09-10,Japan,,341,Leeds United FC,2021
113262,Brenden Aaronson,Midfield,2000-10-22,USA,,341,Leeds United FC,2021
250288,Charlie Crewe,Midfield,2006-06-15,Wales,,341,Leeds United FC,2021
265196,Sam Chambers,Midfield,2007-08-18,Scotland,,341,Leeds United FC,2021
16058,Noah Okafor,Offence,2000-05-24,Switzerland,,341,Leeds United FC,2021
295432,Rhys Chadwick,null,2007-02-19,England,,341,Leeds United FC,2021
295431,Jayden Lienou,null,2008-04-08,Wales,,341,Leeds United FC,2021
184273,Facundo Buonanotte,Attacking Midfield,2004-12-23,Argentina,,341,Leeds United FC,2021
180813,Wilfried Gnonto,Right Winger,2003-11-05,Italy,,341,Leeds United FC,2021
75284,Ilia Gruev,Defensive Midfield,2000-05-06,Bulgaria,,341,Leeds United FC,2021
74688,Jaka Bijol,Centre-Back,1999-02-05,Slovenia,,341,Leeds United FC,2021
67978,Joël Piroe,Attacking Midfield,1999-08-02,Netherlands,,341,Leeds United FC,2021
65843,Anton Stach,Central Midfield,1998-11-15,Germany,,341,Leeds United FC,2021
8847,Sebastiaan Bornauw,Centre-Back,1999-03-22,Belgium,,341,Leeds United FC,2021
8203,Sam Byram,Right-Back,1993-09-16,England,,341,Leeds United FC,2021
7974,Daniel James,Right Winger,1997-11-10,Wales,,341,Leeds United FC,2021
7892,Lukas Nmecha,Centre-Forward,1998-12-14,Germany,,341,Leeds United FC,2021
7839,Dominic Calvert-Lewin,Centre-Forward,1997-03-16,England,,341,Leeds United FC,2021
7815,Ethan Ampadu,Defensive Midfield,2000-09-14,Wales,,341,Leeds United FC,2021
5714,Joe Rodon,Centre-Back,1997-10-22,Wales,,341,Leeds United FC,2021
5613,James Justin,Right-Back,1998-02-23,England,,341,Leeds United FC,2021
4955,Sean Longstaff,Central Midfield,1997-10-30,England,,341,Leeds United FC,2021
4184,Jayden Bogle,Right-Back,2000-07-27,England,,341,Leeds United FC,2021
4146,Pascal Struijk,Centre-Back,1999-08-11,Netherlands,,341,Leeds United FC,2021
1299,John,Goalkeeper,1996-02-13,Brazil,,351,Nottingham Forest FC,2021
3643,Matz Sels,Goalkeeper,1992-02-26,Belgium,,351,Nottingham Forest FC,2021
3981,Angus Gunn,Goalkeeper,1996-01-22,Scotland,,351,Nottingham Forest FC,2021
6958,Stefan Ortega Moreno,Goalkeeper,1992-11-06,Germany,,351,Nottingham Forest FC,2021
287984,Keehan Willows,Goalkeeper,2005-10-01,England,,351,Nottingham Forest FC,2021
289913,Aaron Bott,Goalkeeper,2004-09-06,England,,351,Nottingham Forest FC,2021
179782,Jair Paula,Defence,2005-03-07,Brazil,,351,Nottingham Forest FC,2021
293808,Justin Hanks,Defence,2004-09-01,England,,351,Nottingham Forest FC,2021
8307,Ibrahim Sangaré,Midfield,1997-12-02,Ivory Coast,,351,Nottingham Forest FC,2021
107330,Elliot Anderson,Midfield,2002-11-06,England,,351,Nottingham Forest FC,2021
289122,Jimmy Sinclair,Midfield,2006-08-11,England,,351,Nottingham Forest FC,2021
289123,Archie Whitehall,Midfield,2006-05-21,England,,351,Nottingham Forest FC,2021
8057,Chris Wood,Offence,1991-12-07,New Zealand,,351,Nottingham Forest FC,2021
77641,Dan Ndoye,Offence,2000-10-25,Switzerland,,351,Nottingham Forest FC,2021
256339,Igor Jesus,Offence,2001-02-25,Brazil,,351,Nottingham Forest FC,2021
287987,Zyan Blake,Offence,2007-11-13,England,,351,Nottingham Forest FC,2021
295708,Lamin Sillah,Offence,2006-06-06,Gambia,,351,Nottingham Forest FC,2021
119596,Morato,Centre-Back,2001-06-30,Brazil,,351,Nottingham Forest FC,2021
46346,Nicolás Domínguez,Central Midfield,1998-06-28,Argentina,,351,Nottingham Forest FC,2021
40305,Lorenzo Lucca,Centre-Forward,2000-09-10,Italy,,351,Nottingham Forest FC,2021
9218,Taiwo Awoniyi,Centre-Forward,1997-08-12,Nigeria,,351,Nottingham Forest FC,2021
7816,Callum Hudson-Odoi,Left Winger,2000-11-07,England,,351,Nottingham Forest FC,2021
5435,Ryan Yates,Central Midfield,1997-11-21,England,,351,Nottingham Forest FC,2021
4091,Morgan Gibbs-White,Attacking Midfield,2000-01-27,England,,351,Nottingham Forest FC,2021
4086,Willy Boly,Centre-Back,1991-02-03,Ivory Coast,,351,Nottingham Forest FC,2021
3386,Ola Aina,Right-Back,1996-10-08,Nigeria,,351,Nottingham Forest FC,2021
1775,Nikola Milenković,Centre-Back,1997-10-12,Serbia,,351,Nottingham Forest FC,2021
227007,Eric da Silva Moreira,Right Midfield,2006-05-03,Germany,,351,Nottingham Forest FC,2021
204483,Zach Abbott,Centre-Back,2006-05-13,England,,351,Nottingham Forest FC,2021
192637,Murillo,Centre-Back,2002-07-04,Brazil,,351,Nottingham Forest FC,2021
191730,Nicolò Savona,Right-Back,2003-03-19,Italy,,351,Nottingham Forest FC,2021
177477,Omari Hutchinson,Attacking Midfield,2003-10-29,England,,351,Nottingham Forest FC,2021
172956,James McAtee,Attacking Midfield,2002-10-18,England,,351,Nottingham Forest FC,2021
151295,Dilane Bakwa,Right Winger,2002-08-26,France,,351,Nottingham Forest FC,2021
144361,Luca Netz,Left-Back,2003-05-15,Germany,,351,Nottingham Forest FC,2021
133765,Neco Williams,Right-Back,2001-04-13,Wales,,351,Nottingham Forest FC,2021
5457,Dean Henderson,Goalkeeper,1997-03-12,England,,354,Crystal Palace FC,2021
6413,Remi Matthews,Goalkeeper,1994-02-10,England,,354,Crystal Palace FC,2021
8420,Walter Benítez,Goalkeeper,1993-03-19,Argentina,,354,Crystal Palace FC,2021
293810,Jackson Izquierdo,Goalkeeper,2004-10-15,England,,354,Crystal Palace FC,2021
22010,Daniel Muñoz,Defence,1996-05-26,Colombia,,354,Crystal Palace FC,2021
82351,Maxence Lacroix,Defence,2000-04-06,France,,354,Crystal Palace FC,2021
99856,Chris Richards,Defence,2000-03-28,USA,,354,Crystal Palace FC,2021
150948,Chadi Riad,Defence,2003-06-17,Morocco,,354,Crystal Palace FC,2021
260271,Jaydee Canvot,Defence,2006-07-29,France,,354,Crystal Palace FC,2021
278973,Rio Cardines,Defence,2006-01-07,Trinidad & Tobago,,354,Crystal Palace FC,2021
290013,George King,Defence,2007-03-20,England,,354,Crystal Palace FC,2021
3737,Jefferson Lerma,Midfield,1994-10-25,Colombia,,354,Crystal Palace FC,2021
6716,Daichi Kamada,Midfield,1996-08-05,Japan,,354,Crystal Palace FC,2021
180389,Adam Wharton,Midfield,2004-02-06,England,,354,Crystal Palace FC,2021
289916,Joel Drakes-Thomas,Midfield,2009-06-09,England,,354,Crystal Palace FC,2021
290017,Dean Benamar,Midfield,2008-05-31,England,,354,Crystal Palace FC,2021
641,Jean-Philippe Mateta,Offence,1997-06-28,France,,354,Crystal Palace FC,2021
3638,Ismaïla Sarr,Offence,1998-02-25,Senegal,,354,Crystal Palace FC,2021
128710,Evann Guessand,Offence,2001-07-01,Ivory Coast,,354,Crystal Palace FC,2021
180081,Yeremy,Offence,2002-10-20,Spain,,354,Crystal Palace FC,2021
213269,Jørgen Strand Larsen,Offence,2000-02-06,Norway,,354,Crystal Palace FC,2021
272716,Zach Marsh,Offence,2005-10-06,England,,354,Crystal Palace FC,2021
289917,Benjamin Casey,Offence,2007-11-30,England,,354,Crystal Palace FC,2021
124694,Brennan Johnson,Right Winger,2001-05-23,Wales,,354,Crystal Palace FC,2021
74677,Cheick Doucouré,Defensive Midfield,2000-01-08,Mali,,354,Crystal Palace FC,2021
10208,Borna Sosa,Left Midfield,1998-01-21,Croatia,,354,Crystal Palace FC,2021
8124,Will Hughes,Central Midfield,1995-04-17,England,,354,Crystal Palace FC,2021
7863,Nathaniel Clyne,Right-Back,1991-04-05,England,,354,Crystal Palace FC,2021
7800,Eddie Nketiah,Centre-Forward,1999-05-30,England,,354,Crystal Palace FC,2021
270859,Caleb Kporha,Right-Back,2006-07-15,England,,354,Crystal Palace FC,2021
260763,Chrisantus,Attacking Midfield,2003-05-19,Nigeria,,354,Crystal Palace FC,2021
187401,Kaden Rodney,Defensive Midfield,2004-10-07,England,,354,Crystal Palace FC,2021
152149,Justin Devenny,Central Midfield,2003-10-11,Northern Ireland,,354,Crystal Palace FC,2021
137068,Tyrick Mitchell,Left-Back,1999-09-01,England,,354,Crystal Palace FC,2021
4040,Jason Steele,Goalkeeper,1990-08-18,England,,397,Brighton & Hove Albion FC,2021
126870,Bart Verbruggen,Goalkeeper,2002-08-18,Netherlands,,397,Brighton & Hove Albion FC,2021
140203,Thomas McGill,Goalkeeper,2000-03-25,England,,397,Brighton & Hove Albion FC,2021
230048,Nils Ramming,Goalkeeper,2007-03-28,Sweden,,397,Brighton & Hove Albion FC,2021
9869,Ferdi Kadıoğlu,Defence,1999-10-07,Turkey,,397,Brighton & Hove Albion FC,2021
10777,Igor Julio,Defence,1998-02-07,Brazil,,397,Brighton & Hove Albion FC,2021
98566,Jan Paul van Hecke,Defence,2000-06-08,Netherlands,,397,Brighton & Hove Albion FC,2021
142075,Maxim De Cuyper,Defence,2000-12-22,Belgium,,397,Brighton & Hove Albion FC,2021
277479,Charlie Tasker,Defence,2006-02-24,England,,397,Brighton & Hove Albion FC,2021
277783,Freddie Simmonds,Defence,2008-03-09,England,,397,Brighton & Hove Albion FC,2021
8273,Pascal Groß,Midfield,1991-06-15,Germany,,397,Brighton & Hove Albion FC,2021
97505,Mats Wieffer,Midfield,1999-11-16,Netherlands,,397,Brighton & Hove Albion FC,2021
145613,Yasin Ayari,Midfield,2003-10-06,Sweden,,397,Brighton & Hove Albion FC,2021
178951,Diego Gómez,Midfield,2003-03-27,Paraguay,,397,Brighton & Hove Albion FC,2021
287852,Nehemiah Oriola,Midfield,2007-06-11,England,,397,Brighton & Hove Albion FC,2021
264300,Charalampos Kostoulas,Offence,2007-05-30,Greece,,397,Brighton & Hove Albion FC,2021
277782,Harry Howell,Offence,2008-04-20,England,,397,Brighton & Hove Albion FC,2021
132707,Kaoru Mitoma,Left Winger,1997-05-20,Japan,,397,Brighton & Hove Albion FC,2021
81189,Georginio Rutter,Centre-Forward,2002-04-20,France,,397,Brighton & Hove Albion FC,2021
8259,Lewis Dunk,Centre-Back,1991-11-21,England,,397,Brighton & Hove Albion FC,2021
7861,James Milner,Central Midfield,1986-01-04,England,,397,Brighton & Hove Albion FC,2021
7547,Joël Veltman,Right-Back,1992-01-15,Netherlands,,397,Brighton & Hove Albion FC,2021
4228,Adam Webster,Centre-Back,1995-01-04,England,,397,Brighton & Hove Albion FC,2021
3974,Matt O'Riley,Central Midfield,2000-11-21,Denmark,,397,Brighton & Hove Albion FC,2021
3328,Danny Welbeck,Centre-Forward,1990-11-26,England,,397,Brighton & Hove Albion FC,2021
846,Olivier Boscagli,Centre-Back,1997-11-18,France,,397,Brighton & Hove Albion FC,2021
246670,Malick Yalcouyé,Central Midfield,2005-11-18,Mali,,397,Brighton & Hove Albion FC,2021
209504,Stefanos Tzimas,Centre-Forward,2006-01-06,Greece,,397,Brighton & Hove Albion FC,2021
190851,Jack Hinshelwood,Central Midfield,2005-04-11,England,,397,Brighton & Hove Albion FC,2021
187482,Yankubah Minteh,Right Winger,2004-07-22,Gambia,,397,Brighton & Hove Albion FC,2021
178604,Carlos Baleba,Defensive Midfield,2004-01-03,Cameroon,,397,Brighton & Hove Albion FC,2021
161365,Solly March,Right Winger,1994-07-20,England,,397,Brighton & Hove Albion FC,2021
4419,Ellery Balcombe,Goalkeeper,1999-10-15,England,,402,Brentford FC,2021
102046,Caoimhin Kelleher,Goalkeeper,1998-11-23,Ireland,,402,Brentford FC,2021
144530,Hákon Rafn Valdimarsson,Goalkeeper,2001-10-13,Iceland,,402,Brentford FC,2021
274963,Julian Eyestone,Goalkeeper,2006-04-21,USA,,402,Brentford FC,2021
16068,Kristoffer Ajer,Defence,1998-04-17,Norway,,402,Brentford FC,2021
101111,Aaron Hickey,Defence,2002-01-01,Scotland,,402,Brentford FC,2021
3320,Jordan Henderson,Midfield,1990-06-17,England,,402,Brentford FC,2021
191077,Romelle Donovan,Midfield,1974-01-01,England,,402,Brentford FC,2021
289808,Josh Stephenson,Midfield,2007-09-04,England,,402,Brentford FC,2021
292027,Luka Bentt,Midfield,2007-10-01,Belgium,,402,Brentford FC,2021
292548,Ollie Shield,Midfield,2006-09-25,England,,402,Brentford FC,2021
293865,Conor McManus,Midfield,2004-12-15,Ireland,,402,Brentford FC,2021
294501,Riley Owen,Midfield,2005-08-24,England,,402,Brentford FC,2021
175994,Thiago Rodrigues,Offence,2001-06-26,Brazil,,402,Brentford FC,2021
213518,Kaye Furo,Offence,2007-02-06,Belgium,,402,Brentford FC,2021
123286,Kevin Schade,Left Winger,2001-11-27,Germany,,402,Brentford FC,2021
115642,Nathan Collins,Centre-Back,2001-04-30,Ireland,,402,Brentford FC,2021
101910,Keane Lewis-Potter,Left Winger,2001-02-22,England,,402,Brentford FC,2021
24238,Mikkel Damsgaard,Left Winger,2000-07-03,Denmark,,402,Brentford FC,2021
10194,Mathias Jensen,Central Midfield,1996-01-01,Denmark,,402,Brentford FC,2021
10000,Vitaly Janelt,Defensive Midfield,1998-05-10,Germany,,402,Brentford FC,2021
7799,Reiss Nelson,Right Winger,1999-12-10,England,,402,Brentford FC,2021
7796,Josh Dasilva,Central Midfield,1998-10-23,England,,402,Brentford FC,2021
7720,Sepp van den Berg,Centre-Back,2001-12-20,Netherlands,,402,Brentford FC,2021
4426,Rico Henry,Left-Back,1997-07-08,Jamaica,,402,Brentford FC,2021
4334,Ethan Pinnock,Centre-Back,1993-05-29,Jamaica,,402,Brentford FC,2021
204421,Yegor Yarmolyuk,Attacking Midfield,2004-03-01,Ukraine,,402,Brentford FC,2021
204348,Michael Kayode,Right-Back,2004-07-10,Italy,,402,Brentford FC,2021
177305,Dango Ouattara,Left Winger,2002-02-11,Burkina Faso,,402,Brentford FC,2021
171965,Antoni Milambo,Central Midfield,2005-04-03,Netherlands,,402,Brentford FC,2021
151119,Fabio Carvalho,Attacking Midfield,2002-08-30,Portugal,,402,Brentford FC,2021
3357,Alphonse Aréola,Goalkeeper,1993-02-27,France,,563,West Ham United FC,2021
3526,Łukasz Fabiański,Goalkeeper,1985-04-18,Poland,,563,West Ham United FC,2021
97144,Mads Hermansen,Goalkeeper,2000-07-11,Denmark,,563,West Ham United FC,2021
285739,Finlay Herrick,Goalkeeper,2006-01-18,England,,563,West Ham United FC,2021
8158,Aaron Wan-Bissaka,Defence,1997-11-26,DR Congo,,563,West Ham United FC,2021
205441,El Hadji Diouf,Defence,2004-12-28,Senegal,,563,West Ham United FC,2021
273157,Ezra Mayers,Defence,2007-01-16,England,,563,West Ham United FC,2021
289166,Airidas Golambeckis,Defence,2007-11-04,Lithuania,,563,West Ham United FC,2021
15742,Tomáš Souček,Midfield,1995-02-27,Czech Republic,,563,West Ham United FC,2021
102193,Crysencio Summerville,Midfield,2001-10-30,Netherlands,,563,West Ham United FC,2021
219676,Mohamadou Kante,Midfield,2005-09-20,France,,563,West Ham United FC,2021
178755,Pablo Felipe,Offence,2004-01-02,Brazil,,563,West Ham United FC,2021
262986,Keiber Lamadrid,Offence,2003-11-18,Venezuela,,563,West Ham United FC,2021
292496,Joshua Ajala,Offence,2006-11-13,England,,563,West Ham United FC,2021
209130,Lewis Orford,Central Midfield,2006-02-18,England,,563,West Ham United FC,2021
188900,Oliver Scarles,Left-Back,2005-12-12,England,,563,West Ham United FC,2021
187216,Mateus Fernandes,Central Midfield,2004-07-10,Portugal,,563,West Ham United FC,2021
179625,Soungoutou Magassa,Defensive Midfield,2003-10-08,France,,563,West Ham United FC,2021
176597,Freddie Potts,Defensive Midfield,2003-09-12,England,,563,West Ham United FC,2021
79903,Jean-Clair Todibo,Centre-Back,1999-12-30,France,,563,West Ham United FC,2021
28416,Valentín Castellanos,Centre-Forward,1998-10-03,Argentina,,563,West Ham United FC,2021
25376,Max Kilman,Centre-Back,1997-05-23,England,,563,West Ham United FC,2021
11414,Jarrod Bowen,Right Winger,1996-01-01,England,,563,West Ham United FC,2021
8251,Callum Wilson,Centre-Forward,1992-02-27,England,,563,West Ham United FC,2021
7995,Kyle Walker-Peters,Right-Back,1997-04-13,England,,563,West Ham United FC,2021
7789,Konstantinos Mavropanos,Centre-Back,1997-12-11,Greece,,563,West Ham United FC,2021
4221,Adama Traoré,Right Winger,1996-01-25,Spain,,563,West Ham United FC,2021
813,Axel Disasi,Centre-Back,1998-03-11,France,,563,West Ham United FC,2021
8079,Fraser Forster,Goalkeeper,1988-03-17,England,,1044,AFC Bournemouth,2021
43190,Christos Mandas,Goalkeeper,2001-09-17,Greece,,1044,AFC Bournemouth,2021
121765,Đorđe Petrović,Goalkeeper,1999-10-08,Serbia,,1044,AFC Bournemouth,2021
227046,Veljko Milosavljević,Defence,2007-06-28,Serbia,,1044,AFC Bournemouth,2021
34495,Ryan Christie,Midfield,1995-02-22,Scotland,,1044,AFC Bournemouth,2021
176789,Ben Doak,Midfield,2005-11-11,Scotland,,1044,AFC Bournemouth,2021
192316,Alex Toth,Midfield,2005-10-23,Hungary,,1044,AFC Bournemouth,2021
290922,Charlie Stevens,Midfield,2007-05-31,Wales,,1044,AFC Bournemouth,2021
7561,Justin Kluivert,Offence,1999-05-05,Netherlands,,1044,AFC Bournemouth,2021
203356,Rayan,Offence,2006-08-03,Brazil,,1044,AFC Bournemouth,2021
273757,Remy Rees-Dottin,Offence,2006-03-06,England,,1044,AFC Bournemouth,2021
289696,Malcom Dacosta,Offence,2008-04-17,Ecuador,,1044,AFC Bournemouth,2021
227048,Álex Jiménez,Right-Back,2005-05-08,Spain,,1044,AFC Bournemouth,2021
204241,Eli Kroupi,Centre-Forward,2006-06-23,France,,1044,AFC Bournemouth,2021
187546,Matai Akinmboni,Centre-Back,2006-10-17,USA,,1044,AFC Bournemouth,2021
183583,Julio Soler,Left-Back,2005-02-16,Argentina,,1044,AFC Bournemouth,2021
161088,Alex Scott,Central Midfield,2003-08-21,England,,1044,AFC Bournemouth,2021
137047,Amine Adli,Left Winger,2000-05-10,Morocco,,1044,AFC Bournemouth,2021
135482,Adrien Truffert,Left-Back,2001-11-20,France,,1044,AFC Bournemouth,2021
131260,Evanilson,Centre-Forward,1999-10-06,Brazil,,1044,AFC Bournemouth,2021
98745,Bafodé Diakité,Centre-Back,2001-01-06,France,,1044,AFC Bournemouth,2021
82145,James Hill,Centre-Back,2002-01-10,England,,1044,AFC Bournemouth,2021
77596,Tyler Adams,Defensive Midfield,1999-02-14,USA,,1044,AFC Bournemouth,2021
46046,Marcos Senesi,Centre-Back,1997-05-10,Argentina,,1044,AFC Bournemouth,2021
33132,Enes Ünal,Centre-Forward,1997-05-10,Turkey,,1044,AFC Bournemouth,2021
8231,Adam Smith,Right-Back,1991-04-29,England,,1044,AFC Bournemouth,2021
6396,Marcus Tavernier,Left Midfield,1999-03-22,England,,1044,AFC Bournemouth,2021
4321,David Brooks,Right Winger,1997-07-08,Wales,,1044,AFC Bournemouth,2021
3327,Lewis Cook,Central Midfield,1997-02-03,England,,1044,AFC Bournemouth,2021
165,Niklas Lomb,Goalkeeper,1993-07-28,Germany,,3,Bayer 04 Leverkusen,2001
6931,Janis Blaswich,Goalkeeper,1991-05-02,Germany,,3,Bayer 04 Leverkusen,2001
9923,Mark Flekken,Goalkeeper,1993-06-13,Netherlands,,3,Bayer 04 Leverkusen,2001
30774,Jonas Omlin,Goalkeeper,1994-01-10,Switzerland,,3,Bayer 04 Leverkusen,2001
289572,Jesper Schlich,Goalkeeper,2007-07-12,Germany,,3,Bayer 04 Leverkusen,2001
16739,Alejandro Grimaldo,Defence,1995-09-20,Spain,,3,Bayer 04 Leverkusen,2001
154228,Nicolás Ezequiel Fernández,Defence,2002-07-25,Argentina,,3,Bayer 04 Leverkusen,2001
176718,Jarell Quansah,Defence,2003-01-29,England,,3,Bayer 04 Leverkusen,2001
273033,Ben Hawighorst,Defence,2008-03-01,Germany,,3,Bayer 04 Leverkusen,2001
289109,Ferdinand Pohl,Defence,2007-02-02,Germany,,3,Bayer 04 Leverkusen,2001
290212,Issa Traoré,Defence,2007-11-14,Mali,,3,Bayer 04 Leverkusen,2001
11720,Exequiel Palacios,Midfield,1998-10-05,Argentina,,3,Bayer 04 Leverkusen,2001
144470,Malik Tillman,Midfield,2002-05-28,USA,,3,Bayer 04 Leverkusen,2001
189287,Eliesse Ben Seghir,Midfield,2005-02-16,Morocco,,3,Bayer 04 Leverkusen,2001
202532,Ibrahim Maza,Midfield,2005-11-24,Algeria,,3,Bayer 04 Leverkusen,2001
272949,Axel Tape,Midfield,2007-08-10,France,,3,Bayer 04 Leverkusen,2001
283302,Jeremiah Mensah,Midfield,2008-02-21,Germany,,3,Bayer 04 Leverkusen,2001
289573,Naba Mensah,Midfield,2007-05-08,Germany,,3,Bayer 04 Leverkusen,2001
1826,Patrik Schick,Offence,1996-01-24,Czech Republic,,3,Bayer 04 Leverkusen,2001
274045,Christian Kofane,Offence,2006-07-26,Cameroon,,3,Bayer 04 Leverkusen,2001
287850,Montrell Culbreath,Offence,2007-08-29,Germany,,3,Bayer 04 Leverkusen,2001
293515,Emmanuel Owen,Offence,2007-06-11,Germany,,3,Bayer 04 Leverkusen,2001
144715,Nathan Tella,Right Midfield,1999-07-05,Nigeria,,3,Bayer 04 Leverkusen,2001
136039,Loïc Bade,Centre-Back,2000-04-11,France,,3,Bayer 04 Leverkusen,2001
64713,Edmond Tapsoba,Centre-Back,1999-02-02,Burkina Faso,,3,Bayer 04 Leverkusen,2001
45611,Robert Andrich,Defensive Midfield,1994-09-22,Germany,,3,Bayer 04 Leverkusen,2001
33524,Aleix García,Central Midfield,1997-06-28,Spain,,3,Bayer 04 Leverkusen,2001
8797,Martin Terrier,Left Winger,1997-03-04,France,,3,Bayer 04 Leverkusen,2001
6681,Jonas Hofmann,Attacking Midfield,1992-07-14,Germany,,3,Bayer 04 Leverkusen,2001
45,Lucas Vázquez,Right-Back,1991-07-01,Spain,,3,Bayer 04 Leverkusen,2001
184979,Tim Oermann,Centre-Back,2003-10-06,Germany,,3,Bayer 04 Leverkusen,2001
178860,Arthur Augusto,Right-Back,2003-03-17,Brazil,,3,Bayer 04 Leverkusen,2001
167793,Ernest Poku,Centre-Forward,2004-01-28,Netherlands,,3,Bayer 04 Leverkusen,2001
334,Gregor Kobel,Goalkeeper,1997-12-06,Switzerland,,4,Borussia Dortmund,2001
7109,Patrick Drewes,Goalkeeper,1993-02-04,Germany,,4,Borussia Dortmund,2001
9389,Alexander Meyer,Goalkeeper,1991-04-13,Germany,,4,Borussia Dortmund,2001
176268,Silas Ostrzinski,Goalkeeper,2003-11-19,Germany,,4,Borussia Dortmund,2001
379,Waldemar Anton,Defence,1996-07-20,Germany,,4,Borussia Dortmund,2001
8805,Ramy Bensebaini,Defence,1995-04-16,Algeria,,4,Borussia Dortmund,2001
44030,Julian Ryerson,Defence,1997-11-17,Norway,,4,Borussia Dortmund,2001
75539,Nico Schlotterbeck,Defence,1999-12-01,Germany,,4,Borussia Dortmund,2001
145937,Daniel Svensson,Defence,2002-02-12,Sweden,,4,Borussia Dortmund,2001
261058,Filippo Mané,Defence,2005-03-08,Italy,,4,Borussia Dortmund,2001
273354,Elias Benkara,Defence,2007-04-29,Germany,,4,Borussia Dortmund,2001
290034,Luca Reggiani,Defence,2008-01-09,Italy,,4,Borussia Dortmund,2001
201,Salih Özcan,Midfield,1998-01-11,Turkey,,4,Borussia Dortmund,2001
9551,Marcel Sabitzer,Midfield,1994-03-17,Austria,,4,Borussia Dortmund,2001
101074,Felix Kalu Nmecha,Midfield,2000-10-10,Germany,,4,Borussia Dortmund,2001
133548,Ayman Azhil,Midfield,2001-04-10,Morocco,,4,Borussia Dortmund,2001
167570,Carney Chukwuemeka,Midfield,2003-10-20,Austria,,4,Borussia Dortmund,2001
250515,Danylo Krevsun,Midfield,2005-04-21,Ukraine,,4,Borussia Dortmund,2001
278316,Mussa Kaba,Midfield,2008-11-17,Germany,,4,Borussia Dortmund,2001
133903,Maximilian Beier,Offence,2002-10-17,Germany,,4,Borussia Dortmund,2001
279090,Samuele Inácio,Offence,2008-04-02,Italy,,4,Borussia Dortmund,2001
279093,Mathis Albert,Offence,2009-05-21,USA,,4,Borussia Dortmund,2001
82515,Karim Adeyemi,Left Winger,2002-01-18,Germany,,4,Borussia Dortmund,2001
3183,Emre Can,Defensive Midfield,1994-01-12,Germany,,4,Borussia Dortmund,2001
351,Niklas Süle,Centre-Back,1995-09-03,Germany,,4,Borussia Dortmund,2001
211,Sehrou Guirassy,Centre-Forward,1996-03-12,Guinea,,4,Borussia Dortmund,2001
148,Julian Brandt,Attacking Midfield,1996-05-02,Germany,,4,Borussia Dortmund,2001
263672,Almugera Kabar,Left-Back,2006-06-06,Germany,,4,Borussia Dortmund,2001
171692,Jobe Bellingham,Attacking Midfield,2005-09-23,England,,4,Borussia Dortmund,2001
144283,Yan Couto,Right-Back,2002-06-03,Brazil,,4,Borussia Dortmund,2001
125151,Fábio Silva,Centre-Forward,2002-07-19,Portugal,,4,Borussia Dortmund,2001
341,Manuel Neuer,Goalkeeper,1986-03-27,Germany,,5,FC Bayern München,2001
342,Sven Ulreich,Goalkeeper,1988-08-03,Germany,,5,FC Bayern München,2001
172342,Jonas Urbig,Goalkeeper,2003-08-08,Germany,,5,FC Bayern München,2001
270119,Leon Klanac,Goalkeeper,2007-03-01,Germany,,5,FC Bayern München,2001
280160,Jannis Bärtl,Goalkeeper,2006-06-24,Germany,,5,FC Bayern München,2001
288435,Leonard Prescott,Goalkeeper,2009-09-23,Germany,,5,FC Bayern München,2001
149,Jonathan Tah,Defence,1996-02-11,Germany,,5,FC Bayern München,2001
9541,Dayot Upamecano,Defence,1998-10-27,France,,5,FC Bayern München,2001
21288,Alphonso Davies,Defence,2000-11-02,Canada,,5,FC Bayern München,2001
48657,Hiroki Ito,Defence,1999-05-12,Japan,,5,FC Bayern München,2001
122188,Josip Stanišić,Defence,2000-04-02,Croatia,,5,FC Bayern München,2001
168299,Min-Jae Kim,Defence,1996-11-15,South Korea,,5,FC Bayern München,2001
212343,Vincent Manuba,Defence,2005-07-01,Germany,,5,FC Bayern München,2001
279064,Cassiano Kiala,Defence,2009-01-11,Germany,,5,FC Bayern München,2001
284705,Deniz Ofli,Defence,2007-03-29,Turkey,,5,FC Bayern München,2001
293795,Filip Pavić,Defence,2010-01-19,Germany,,5,FC Bayern München,2001
359,Joshua Kimmich,Midfield,1995-02-08,Germany,,5,FC Bayern München,2001
3181,Leon Goretzka,Midfield,1995-02-06,Germany,,5,FC Bayern München,2001
9549,Konrad Laimer,Midfield,1997-05-27,Austria,,5,FC Bayern München,2001
22396,Luis Díaz,Midfield,1997-01-13,Colombia,,5,FC Bayern München,2001
144393,Jamal Musiala,Midfield,2003-02-26,Germany,,5,FC Bayern München,2001
202665,Aleksandar Pavlović,Midfield,2004-05-03,Germany,,5,FC Bayern München,2001
277592,Lennart Karl,Midfield,2008-02-22,Germany,,5,FC Bayern München,2001
279063,David Daiber,Midfield,2007-01-10,Portugal,,5,FC Bayern München,2001
290450,Bara Sapoko Ndiaye,Midfield,,Senegal,,5,FC Bayern München,2001
291949,Maycon Cardozo,Midfield,2008-10-10,Brazil,,5,FC Bayern München,2001
293855,Erblin Osmani,Midfield,2009-05-19,Germany,,5,FC Bayern München,2001
8004,Harry Kane,Offence,1993-07-28,England,,5,FC Bayern München,2001
113765,Michael Olise,Offence,2001-12-12,France,,5,FC Bayern München,2001
152515,Nicolas Jackson,Offence,2001-06-20,Senegal,,5,FC Bayern München,2001
246060,Guido Della Rovere,Offence,2007-06-04,Italy,,5,FC Bayern München,2001
275164,Wisdom Mike,Offence,2008-09-24,Germany,,5,FC Bayern München,2001
294776,Bastian Assomo,Offence,2010-01-03,Germany,,5,FC Bayern München,2001
3246,Raphaël Guerreiro,Left-Back,1993-12-22,Portugal,,5,FC Bayern München,2001
311,Serge Gnabry,Right Winger,1995-07-14,Germany,,5,FC Bayern München,2001
172574,Tom Bischof,Attacking Midfield,2005-06-28,Germany,,5,FC Bayern München,2001
9387,Jens Grahl,Goalkeeper,1988-09-22,Germany,,19,Eintracht Frankfurt,2001
9438,Michael Zetterer,Goalkeeper,1995-07-12,Germany,,19,Eintracht Frankfurt,2001
189482,Kaua,Goalkeeper,2003-04-11,Brazil,,19,Eintracht Frankfurt,2001
273124,Amil Siljevic,Goalkeeper,2007-01-19,Germany,,19,Eintracht Frankfurt,2001
145893,Arthur Theate,Defence,2000-05-25,Belgium,,19,Eintracht Frankfurt,2001
169297,Aurele Amenda,Defence,2003-07-31,Switzerland,,19,Eintracht Frankfurt,2001
184533,Nathaniel Brown,Defence,2003-06-16,Germany,,19,Eintracht Frankfurt,2001
249811,Keita Kosugi,Defence,2006-03-18,Japan,,19,Eintracht Frankfurt,2001
261407,Fousseny Doumbia,Defence,2005-02-23,Germany,,19,Eintracht Frankfurt,2001
3608,Ellyes Skhiri,Midfield,1995-05-10,Tunisia,,19,Eintracht Frankfurt,2001
178658,Fares Chaïbi,Midfield,2002-11-28,Algeria,,19,Eintracht Frankfurt,2001
275141,Love Arrhov,Midfield,2008-05-17,Sweden,,19,Eintracht Frankfurt,2001
280371,Marvin Dills,Midfield,2007-04-25,Germany,,19,Eintracht Frankfurt,2001
7531,Ritsu Doan,Offence,1998-06-16,Japan,,19,Eintracht Frankfurt,2001
192207,Younes Ebnoutalib,Offence,2003-09-13,Germany,,19,Eintracht Frankfurt,2001
261438,Ayoube Amaimouni-Echghouyab,Offence,2004-11-30,Morocco,,19,Eintracht Frankfurt,2001
271956,Alexander Staff,Offence,2008-06-12,Germany,,19,Eintracht Frankfurt,2001
171714,Nnamdi Collins,Centre-Back,2004-01-10,Germany,,19,Eintracht Frankfurt,2001
150860,Ansgar Knauff,Right Winger,2002-01-10,Germany,,19,Eintracht Frankfurt,2001
130668,Arnaud Kalimuendo,Centre-Forward,2002-01-20,France,,19,Eintracht Frankfurt,2001
82404,Jonathan Burkardt,Centre-Forward,2000-07-11,Germany,,19,Eintracht Frankfurt,2001
9479,Robin Koch,Centre-Back,1996-07-17,Germany,,19,Eintracht Frankfurt,2001
7554,Rasmus Kristensen,Right-Back,1997-07-11,Denmark,,19,Eintracht Frankfurt,2001
6701,Timmy Chandler,Right-Back,1990-03-29,USA,,19,Eintracht Frankfurt,2001
3664,Michy Batshuayi,Centre-Forward,1993-10-02,Belgium,,19,Eintracht Frankfurt,2001
158,Mahmoud Dahoud,Central Midfield,1996-01-01,Germany,,19,Eintracht Frankfurt,2001
140,Mario Götze,Attacking Midfield,1992-06-03,Germany,,19,Eintracht Frankfurt,2001
213880,Elias Baum,Right-Back,2005-10-26,Germany,,19,Eintracht Frankfurt,2001
205537,Oscar Højlund,Central Midfield,2005-01-04,Denmark,,19,Eintracht Frankfurt,2001
193605,Can Uzun,Attacking Midfield,2005-11-11,Turkey,,19,Eintracht Frankfurt,2001
185882,Jean Bahoya,Left Winger,2005-05-07,France,,19,Eintracht Frankfurt,2001
180563,Hugo Larsson,Central Midfield,2004-06-27,Sweden,,19,Eintracht Frankfurt,2001
3189,Kepa Arrizabalaga,Goalkeeper,1994-10-03,Spain,,57,Arsenal FC,2001
4832,David Raya,Goalkeeper,1995-09-15,Spain,,57,Arsenal FC,2001
171455,Tommy Setford,Goalkeeper,2006-03-13,England,,57,Arsenal FC,2001
270449,Jack Porter,Goalkeeper,2008-07-15,England,,57,Arsenal FC,2001
270668,Aleksei Fedorushchenko,Goalkeeper,2005-09-28,Russia,,57,Arsenal FC,2001
23128,Gabriel Magalhães,Defence,1997-12-19,Brazil,,57,Arsenal FC,2001
80171,William Saliba,Defence,2001-03-24,France,,57,Arsenal FC,2001
98816,Jurrien Timber,Defence,2001-06-17,Netherlands,,57,Arsenal FC,2001
125674,Piero Hincapié,Defence,2002-01-09,Ecuador,,57,Arsenal FC,2001
221784,Jaden Dixon,Defence,2007-02-07,England,,57,Arsenal FC,2001
270663,Josh Nichols,Defence,2006-07-26,England,,57,Arsenal FC,2001
289765,Marli Salmon,Defence,2009-08-29,England,,57,Arsenal FC,2001
4032,Eberechi Eze,Midfield,1998-06-29,England,,57,Arsenal FC,2001
7427,Martin Ødegaard,Midfield,1998-12-17,Norway,,57,Arsenal FC,2001
7935,Mikel Merino,Midfield,1996-06-22,Spain,,57,Arsenal FC,2001
8215,Declan Rice,Midfield,1999-01-14,England,,57,Arsenal FC,2001
61450,Martinelli,Midfield,2001-06-18,Brazil,,57,Arsenal FC,2001
115035,Martín Zubimendi,Midfield,1999-02-02,Spain,,57,Arsenal FC,2001
285128,Max Dowman,Midfield,2009-12-31,England,,57,Arsenal FC,2001
290105,Harrison Dudziak,Midfield,2006-01-09,England,,57,Arsenal FC,2001
291747,Ifeoluwa Ibrahim,Midfield,2008-01-20,England,,57,Arsenal FC,2001
293115,Ceadach O’Neill,Midfield,2008-04-10,Northern Ireland,,57,Arsenal FC,2001
171,Kai Havertz,Offence,1999-06-11,Germany,,57,Arsenal FC,2001
8279,Viktor Gyökeres,Offence,1998-06-04,Sweden,,57,Arsenal FC,2001
8984,Leandro Trossard,Offence,1994-12-04,Belgium,,57,Arsenal FC,2001
99813,Bukayo Saka,Offence,2001-09-05,England,,57,Arsenal FC,2001
167720,Noni Madueke,Offence,2002-03-10,England,,57,Arsenal FC,2001
285598,Andre Harriman-Annous,Offence,2007-12-27,England,,57,Arsenal FC,2001
291750,Brando Bailey-Joseph,Offence,2008-10-02,England,,57,Arsenal FC,2001
24102,Christian Nørgaard,Defensive Midfield,1994-03-10,Denmark,,57,Arsenal FC,2001
6154,Ben White,Right-Back,1997-10-08,England,,57,Arsenal FC,2001
3236,Gabriel Jesus,Centre-Forward,1997-04-03,Brazil,,57,Arsenal FC,2001
293640,Khari Ranson,null,2007-09-13,England,,57,Arsenal FC,2001
244120,Myles Lewis-Skelly,Left-Back,2006-09-26,England,,57,Arsenal FC,2001
172839,Cristhian Mosquera,Centre-Back,2004-06-27,Spain,,57,Arsenal FC,2001
133512,Riccardo Calafiori,Left-Back,2002-05-19,Italy,,57,Arsenal FC,2001
102895,James Hillson,Goalkeeper,2001-01-14,England,,61,Chelsea FC,2001
135555,Robert Sánchez,Goalkeeper,1997-11-18,Spain,,61,Chelsea FC,2001
137544,Gabriel Slonina,Goalkeeper,2004-05-15,USA,,61,Chelsea FC,2001
153828,Filip Jörgensen,Goalkeeper,2002-04-16,Denmark,,61,Chelsea FC,2001
175910,Teddy Sharman-Lowe,Goalkeeper,2003-01-19,England,,61,Chelsea FC,2001
246715,Max Merrick,Goalkeeper,2005-11-10,England,,61,Chelsea FC,2001
15863,Cucurella,Defence,1998-07-22,Spain,,61,Chelsea FC,2001
56628,Reece James,Defence,1999-12-08,England,,61,Chelsea FC,2001
152498,Malo Gusto,Defence,2003-05-19,France,,61,Chelsea FC,2001
189477,Jorrel Hato,Defence,2006-03-07,Netherlands,,61,Chelsea FC,2001
190866,Mamadou Sarr,Defence,2005-08-29,Senegal,,61,Chelsea FC,2001
277888,Landon Emenalo,Defence,2008-01-18,England,,61,Chelsea FC,2001
102603,Enzo Fernández,Midfield,2001-01-17,Argentina,,61,Chelsea FC,2001
121103,Moisés Caicedo,Midfield,2001-11-02,Ecuador,,61,Chelsea FC,2001
276866,Reggie Walsh,Midfield,2008-10-20,England,,61,Chelsea FC,2001
292184,Charlie Holland,Midfield,2009-07-03,England,,61,Chelsea FC,2001
2074,Pedro Neto,Offence,2000-03-09,Portugal,,61,Chelsea FC,2001
244778,Estevao,Offence,2007-04-24,Brazil,,61,Chelsea FC,2001
272058,Shumaira Mheuka,Offence,2007-10-20,England,,61,Chelsea FC,2001
287945,Ryan Kavuma-McQueen,Offence,2009-01-01,England,,61,Chelsea FC,2001
292473,Jesse Derry,Offence,2007-06-30,England,,61,Chelsea FC,2001
295284,Mathis Eboué,Offence,2009-02-27,England,,61,Chelsea FC,2001
170440,Levi Colwill,Centre-Back,2003-02-26,England,,61,Chelsea FC,2001
170426,Benoît Badiashile,Centre-Back,2001-03-26,France,,61,Chelsea FC,2001
166366,Andrey Santos,Central Midfield,2004-05-03,Brazil,,61,Chelsea FC,2001
165314,Dario Essugo,Defensive Midfield,2005-03-14,Portugal,,61,Chelsea FC,2001
151095,Liam Delap,Centre-Forward,2003-02-08,England,,61,Chelsea FC,2001
144892,Cole Palmer,Attacking Midfield,2002-05-06,England,,61,Chelsea FC,2001
103125,João Pedro,Centre-Forward,2001-09-26,Brazil,,61,Chelsea FC,2001
98978,Mykhailo Mudryk,Left Winger,2001-01-05,Ukraine,,61,Chelsea FC,2001
8545,Wesley Fofana,Centre-Back,2000-12-17,France,,61,Chelsea FC,2001
7880,Tosin Adarabioyo,Centre-Back,1997-09-24,England,,61,Chelsea FC,2001
7810,Trevoh Chalobah,Centre-Back,1999-07-05,England,,61,Chelsea FC,2001
249320,Josh Acheampong,Right-Back,2006-05-05,England,,61,Chelsea FC,2001
247243,Ollie Harrison,Defensive Midfield,2007-08-07,England,,61,Chelsea FC,2001
207109,Marc Guiu,Centre-Forward,2006-01-04,Spain,,61,Chelsea FC,2001
181901,Alejandro Garnacho,Left Winger,2004-07-01,Argentina,,61,Chelsea FC,2001
179460,Jamie Bynoe-Gittens,Left Winger,2004-08-08,England,,61,Chelsea FC,2001
177766,Caleb Wiley,Left-Back,2004-12-22,USA,,61,Chelsea FC,2001
172738,Romeo Lavia,Defensive Midfield,2004-01-06,Belgium,,61,Chelsea FC,2001
1795,Alisson Becker,Goalkeeper,1992-10-02,Brazil,,64,Liverpool FC,2001
11629,Freddie Woodman,Goalkeeper,1997-03-04,England,,64,Liverpool FC,2001
84506,Giorgi Mamardashvili,Goalkeeper,2000-09-29,Georgia,,64,Liverpool FC,2001
165154,Harvey Davies,Goalkeeper,2003-09-03,England,,64,Liverpool FC,2001
182236,Armin Pecsi,Goalkeeper,2005-02-24,Hungary,,64,Liverpool FC,2001
287947,Kornel Miściur,Goalkeeper,2007-04-27,Poland,,64,Liverpool FC,2001
7868,Andrew Robertson,Defence,1994-03-11,Scotland,,64,Liverpool FC,2001
7869,Virgil van Dijk,Defence,1991-07-08,Netherlands,,64,Liverpool FC,2001
9542,Ibrahima Konaté,Defence,1999-05-25,France,,64,Liverpool FC,2001
186701,Stefan Bajcetic,Defence,2004-10-22,Spain,,64,Liverpool FC,2001
273063,Will Wright,Defence,2008-04-03,England,,64,Liverpool FC,2001
288621,Wellity Lucky,Defence,2006-01-12,England,,64,Liverpool FC,2001
288622,Carter Pinnington,Defence,2007-02-21,England,,64,Liverpool FC,2001
295109,Mor Talla N'Diaye,Defence,2008-01-06,Senegal,,64,Liverpool FC,2001
3269,Wataru Endō,Midfield,1993-02-09,Japan,,64,Liverpool FC,2001
19334,Florian Wirtz,Midfield,2003-05-03,Germany,,64,Liverpool FC,2001
45681,Alexis Mac Allister,Midfield,1998-12-24,Argentina,,64,Liverpool FC,2001
81793,Ryan Gravenberch,Midfield,2002-05-16,Netherlands,,64,Liverpool FC,2001
274726,Kieran Morrison,Midfield,2006-11-09,Northern Ireland,,64,Liverpool FC,2001
286622,Tommy Pilling,Midfield,2004-09-14,England,,64,Liverpool FC,2001
288625,Michael Laffey,Midfield,2005-10-11,England,,64,Liverpool FC,2001
3754,Mohamed Salah,Offence,1992-06-15,Egypt,,64,Liverpool FC,2001
6486,Alexander Isak,Offence,1999-09-21,Sweden,,64,Liverpool FC,2001
7459,Cody Gakpo,Offence,1999-05-07,Netherlands,,64,Liverpool FC,2001
273453,Rio Ngumoha,Offence,2008-08-29,England,,64,Liverpool FC,2001
288617,Keyrol Figueroa,Offence,2006-08-31,USA,,64,Liverpool FC,2001
152454,Hugo Ekitike,Centre-Forward,2002-06-20,France,,64,Liverpool FC,2001
135636,Rhys Williams,Centre-Back,2001-02-03,England,,64,Liverpool FC,2001
128954,Jeremie Frimpong,Right Midfield,2000-12-10,Netherlands,,64,Liverpool FC,2001
124778,Calvin Ramsay,Right-Back,2003-07-31,Scotland,,64,Liverpool FC,2001
16347,Dominik Szoboszlai,Central Midfield,2000-10-25,Hungary,,64,Liverpool FC,2001
7873,Curtis Jones,Central Midfield,2001-01-30,England,,64,Liverpool FC,2001
7862,Joe Gomez,Centre-Back,1997-05-23,England,,64,Liverpool FC,2001
1780,Federico Chiesa,Right Winger,1997-10-25,Italy,,64,Liverpool FC,2001
248990,Amara Nallo,Centre-Back,2006-11-18,England,,64,Liverpool FC,2001
247657,Jayden Danns,Centre-Forward,2006-01-16,England,,64,Liverpool FC,2001
230517,Trey Nyoni,Attacking Midfield,2007-06-30,England,,64,Liverpool FC,2001
214502,James McConnell,Central Midfield,2004-09-13,England,,64,Liverpool FC,2001
192563,Giovanni Leoni,Centre-Back,2006-12-21,Italy,,64,Liverpool FC,2001
175865,Conor Bradley,Right-Back,2003-07-09,Northern Ireland,,64,Liverpool FC,2001
171141,Milos Kerkez,Left-Back,2003-11-07,Hungary,,64,Liverpool FC,2001
157176,Kaide Gordon,Right Winger,2004-10-05,England,,64,Liverpool FC,2001
1731,Gianluigi Donnarumma,Goalkeeper,1999-02-25,Italy,,65,Manchester City FC,2001
3953,Marcus Bettinelli,Goalkeeper,1992-05-24,England,,65,Manchester City FC,2001
153874,James Trafford,Goalkeeper,2002-10-10,England,,65,Manchester City FC,2001
3313,John Stones,Defence,1994-05-28,England,,65,Manchester City FC,2001
8240,Nathan Aké,Defence,1995-02-18,Netherlands,,65,Manchester City FC,2001
8642,Rayan Aït Nouri,Defence,2001-06-06,Algeria,,65,Manchester City FC,2001
10183,Rúben Dias,Defence,1997-05-14,Portugal,,65,Manchester City FC,2001
91512,Matheus Nunes,Defence,1998-08-27,Portugal,,65,Manchester City FC,2001
118489,Marc Guéhi,Defence,2000-07-13,England,,65,Manchester City FC,2001
122266,Joško Gvardiol,Defence,2002-01-23,Croatia,,65,Manchester City FC,2001
206743,Nico O'Reilly,Defence,2005-03-21,England,,65,Manchester City FC,2001
212868,Abdukodir Khusanov,Defence,2004-02-29,Uzbekistan,,65,Manchester City FC,2001
270613,Kaden Braithwaite,Defence,2008-03-25,England,,65,Manchester City FC,2001
290970,Kian Noble,Defence,2007-02-26,England,,65,Manchester City FC,2001
292499,Floyd Samba,Defence,2009-01-15,France,,65,Manchester City FC,2001
65,Mateo Kovačić,Midfield,1994-05-06,Croatia,,65,Manchester City FC,2001
3199,Rodri,Midfield,1996-06-22,Spain,,65,Manchester City FC,2001
3254,Bernardo Silva,Midfield,1994-08-10,Portugal,,65,Manchester City FC,2001
7696,Tijjani Reijnders,Midfield,1998-07-29,Netherlands,,65,Manchester City FC,2001
99775,Jeremy Doku,Midfield,2002-05-27,Belgium,,65,Manchester City FC,2001
133242,Rayan Cherki,Midfield,2003-08-17,France,,65,Manchester City FC,2001
180453,Sverre Nypan,Midfield,2006-12-19,Norway,,65,Manchester City FC,2001
286950,Ryan McAidoo,Midfield,2008-06-24,England,,65,Manchester City FC,2001
290022,Charlie Gray,Midfield,2006-02-22,England,,65,Manchester City FC,2001
290971,Tyrone Samba,Midfield,2007-12-31,France,,65,Manchester City FC,2001
4417,Antoine Semenyo,Offence,2000-01-07,Ghana,,65,Manchester City FC,2001
38101,Erling Haaland,Offence,2000-07-21,Norway,,65,Manchester City FC,2001
66896,Omar Marmoush,Offence,1999-02-07,Egypt,,65,Manchester City FC,2001
286775,Reigan Heskey,Offence,2008-01-19,England,,65,Manchester City FC,2001
7888,Phil Foden,Right Winger,2000-05-28,England,,65,Manchester City FC,2001
244856,Max Alleyne,Centre-Back,2005-07-21,England,,65,Manchester City FC,2001
187202,Rico Lewis,Right-Back,2004-11-21,England,,65,Manchester City FC,2001
171986,Nico Gonzalez,Central Midfield,2002-01-03,Spain,,65,Manchester City FC,2001
146352,Sávio,Right Winger,2004-04-10,Brazil,,65,Manchester City FC,2001
3310,Nick Pope,Goalkeeper,1992-04-19,England,,67,Newcastle United FC,2001
4078,John Ruddy,Goalkeeper,1986-10-24,England,,67,Newcastle United FC,2001
5048,Mark Gillespie,Goalkeeper,1992-03-27,England,,67,Newcastle United FC,2001
5530,Aaron Ramsdale,Goalkeeper,1998-05-14,England,,67,Newcastle United FC,2001
220503,Aidan Harris,Goalkeeper,2006-12-16,England,,67,Newcastle United FC,2001
244853,Adam Harrison,Goalkeeper,2006-10-20,England,,67,Newcastle United FC,2001
4870,Dan Burn,Defence,1992-05-09,England,,67,Newcastle United FC,2001
142732,Malick Thiaw,Defence,2001-08-08,Germany,,67,Newcastle United FC,2001
168712,Valentino Livramento,Defence,2002-11-12,England,,67,Newcastle United FC,2001
277574,Leo Shahar,Defence,2007-03-18,England,,67,Newcastle United FC,2001
1684,Bruno Guimarães,Midfield,1997-11-16,Brazil,,67,Newcastle United FC,2001
7848,Anthony Gordon,Midfield,2001-02-24,England,,67,Newcastle United FC,2001
176852,Lewis Hall,Midfield,2004-09-08,England,,67,Newcastle United FC,2001
289574,Sam Alabi,Midfield,2009-07-09,England,,67,Newcastle United FC,2001
612,Yoane Wissa,Offence,1996-09-03,DR Congo,,67,Newcastle United FC,2001
133547,Nick Woltemade,Offence,2002-02-14,Germany,,67,Newcastle United FC,2001
166376,Anthony Elanga,Offence,2002-04-27,Sweden,,67,Newcastle United FC,2001
275209,Sean Neave,Offence,2007-05-27,England,,67,Newcastle United FC,2001
283375,Seung-soo Park,Offence,2007-03-17,South Korea,,67,Newcastle United FC,2001
10653,Joelinton,Central Midfield,1996-08-14,Brazil,,67,Newcastle United FC,2001
8076,Harvey Barnes,Left Winger,1997-12-09,England,,67,Newcastle United FC,2001
7934,Jacob Murphy,Right Winger,1995-02-24,England,,67,Newcastle United FC,2001
7798,Joe Willock,Central Midfield,1999-08-20,England,,67,Newcastle United FC,2001
3312,Kieran Trippier,Right-Back,1990-09-19,England,,67,Newcastle United FC,2001
2563,Sandro Tonali,Central Midfield,2000-05-08,Italy,,67,Newcastle United FC,2001
1868,Emil Krafth,Right-Back,1994-08-02,Sweden,,67,Newcastle United FC,2001
88,Fabian Schär,Centre-Back,1991-12-20,Switzerland,,67,Newcastle United FC,2001
230364,Alex Murphy,Left-Back,2004-06-25,Ireland,,67,Newcastle United FC,2001
191939,Lewis Miley,Central Midfield,2006-05-01,England,,67,Newcastle United FC,2001
169324,William Osula,Centre-Forward,2003-08-04,Denmark,,67,Newcastle United FC,2001
124683,Joe White,Attacking Midfield,2002-10-01,England,,67,Newcastle United FC,2001
111437,Jacob Ramsey,Left Midfield,2001-05-28,England,,67,Newcastle United FC,2001
81082,Sven Botman,Centre-Back,2000-01-12,Netherlands,,67,Newcastle United FC,2001
3086,Guglielmo Vicario,Goalkeeper,1996-10-07,Italy,,73,Tottenham Hotspur FC,2001
133229,Brandon Austin,Goalkeeper,1999-01-08,England,,73,Tottenham Hotspur FC,2001
255239,Antonín Kinský,Goalkeeper,2003-03-13,Czech Republic,,73,Tottenham Hotspur FC,2001
274554,Luca Gunter,Goalkeeper,2005-03-23,England,,73,Tottenham Hotspur FC,2001
6655,Kevin Danso,Defence,1998-09-19,Austria,,73,Tottenham Hotspur FC,2001
45735,Christian Romero,Defence,1998-04-27,Argentina,,73,Tottenham Hotspur FC,2001
80775,Djed Spence,Defence,2000-08-09,England,,73,Tottenham Hotspur FC,2001
81037,Pedro Porro,Defence,1999-09-13,Spain,,73,Tottenham Hotspur FC,2001
131177,Mickey van de Ven,Defence,2001-04-19,Netherlands,,73,Tottenham Hotspur FC,2001
249465,Souza,Defence,2006-06-16,Brazil,,73,Tottenham Hotspur FC,2001
272980,Malachi Hardy,Defence,2008-03-10,England,,73,Tottenham Hotspur FC,2001
283174,Jun'ai Byfield,Defence,2008-12-06,England,,73,Tottenham Hotspur FC,2001
288618,James Rowswell,Defence,2006-07-13,England,,73,Tottenham Hotspur FC,2001
2041,Rodrigo Bentancur,Midfield,1997-06-25,Uruguay,,73,Tottenham Hotspur FC,2001
170391,Pape Sarr,Midfield,2002-09-14,Senegal,,73,Tottenham Hotspur FC,2001
193622,Lucas Bergvall,Midfield,2006-02-02,Sweden,,73,Tottenham Hotspur FC,2001
272688,Callum Olusesi,Midfield,2007-03-11,England,,73,Tottenham Hotspur FC,2001
274808,Rio Kyerematen,Midfield,2005-06-09,England,,73,Tottenham Hotspur FC,2001
291749,Tye Hall,Midfield,2007-10-01,England,,73,Tottenham Hotspur FC,2001
216418,James Wilson,Offence,2007-03-06,Scotland,,73,Tottenham Hotspur FC,2001
272687,Luca Williams-Barnett,Offence,2008-10-01,England,,73,Tottenham Hotspur FC,2001
286774,Tynan Thompson,Offence,2008-04-17,England,,73,Tottenham Hotspur FC,2001
140432,Radu Drăgușin,Centre-Back,2002-02-03,Romania,,73,Tottenham Hotspur FC,2001
119265,Conor Gallagher,Central Midfield,2000-02-06,England,,73,Tottenham Hotspur FC,2001
77399,Mohammed Kudus,Right Winger,2000-08-02,Ghana,,73,Tottenham Hotspur FC,2001
15884,João Palhinha,Defensive Midfield,1995-07-09,Portugal,,73,Tottenham Hotspur FC,2001
8708,Randal Kolo Muani,Centre-Forward,1998-12-05,France,,73,Tottenham Hotspur FC,2001
8410,Yves Bissouma,Defensive Midfield,1996-08-30,Mali,,73,Tottenham Hotspur FC,2001
8133,Richarlison,Centre-Forward,1997-05-10,Brazil,,73,Tottenham Hotspur FC,2001
7994,Ben Davies,Centre-Back,1993-04-24,Wales,,73,Tottenham Hotspur FC,2001
7878,Dominic Solanke,Centre-Forward,1997-09-14,England,,73,Tottenham Hotspur FC,2001
3992,James Maddison,Attacking Midfield,1996-11-23,England,,73,Tottenham Hotspur FC,2001
1859,Dejan Kulusevski,Attacking Midfield,2000-04-25,Sweden,,73,Tottenham Hotspur FC,2001
184999,Wilson Odobert,Right Winger,2004-11-28,France,,73,Tottenham Hotspur FC,2001
177040,Archie Gray,Right-Back,2006-03-12,England,,73,Tottenham Hotspur FC,2001
171977,Mathys Tel,Centre-Forward,2005-04-27,France,,73,Tottenham Hotspur FC,2001
170378,Destiny Udogie,Left-Back,2002-11-28,Italy,,73,Tottenham Hotspur FC,2001
148289,Xavi Simons,Attacking Midfield,2003-04-21,Netherlands,,73,Tottenham Hotspur FC,2001
32570,Unai Simón,Goalkeeper,1997-06-11,Spain,,77,Athletic Club,2001
203459,Álex Padilla,Goalkeeper,2003-09-01,Spain,,77,Athletic Club,2001
286275,Mikel Santos,Goalkeeper,2004-11-01,Spain,,77,Athletic Club,2001
7884,Aymeric Laporte,Defence,1994-05-27,Spain,,77,Athletic Club,2001
217432,Unai Eguíluz,Defence,2002-03-19,Spain,,77,Athletic Club,2001
276865,Aimar Duñabeitia,Defence,2003-02-26,Spain,,77,Athletic Club,2001
276982,Ander Izagirre,Defence,2003-06-28,Spain,,77,Athletic Club,2001
283817,Jon de Luis,Defence,2003-08-05,Spain,,77,Athletic Club,2001
286606,Iker Monreal,Defence,2005-07-03,Spain,,77,Athletic Club,2001
278297,Alejandro Rego,Midfield,2003-06-11,Spain,,77,Athletic Club,2001
287081,Ibon Sánchez,Midfield,2004-03-08,Spain,,77,Athletic Club,2001
288898,Selton Sánchez,Midfield,2007-02-20,Spain,,77,Athletic Club,2001
157135,Nico Williams,Offence,2002-07-12,Spain,,77,Athletic Club,2001
189820,Urko Izeta,Offence,1999-09-29,Spain,,77,Athletic Club,2001
231471,Endika Buján,Offence,2003-01-16,Spain,,77,Athletic Club,2001
287080,Adrián Pérez,Offence,2006-10-25,Spain,,77,Athletic Club,2001
289113,Asier Hierro,Offence,2005-05-06,Spain,,77,Athletic Club,2001
289717,Éder García,Offence,2004-01-04,Spain,,77,Athletic Club,2001
291751,Elijah Gift,Offence,2006-06-11,Spain,,77,Athletic Club,2001
172027,Nico Serrano,Left Winger,2003-03-05,Spain,,77,Athletic Club,2001
168663,Benat Prados,Central Midfield,2001-02-08,Spain,,77,Athletic Club,2001
151439,Aitor Paredes Casamichana,Centre-Back,2000-04-29,Spain,,77,Athletic Club,2001
136000,Jesús Areso,Right-Back,1999-07-02,Spain,,77,Athletic Club,2001
126878,Oihan Sancet,Attacking Midfield,2000-04-25,Spain,,77,Athletic Club,2001
101870,Roberto Navarro,Attacking Midfield,2002-04-12,Spain,,77,Athletic Club,2001
96868,Mikel Vesga,Defensive Midfield,1993-04-08,Spain,,77,Athletic Club,2001
81565,Gorka Guruzeta,Centre-Forward,1996-09-12,Spain,,77,Athletic Club,2001
33091,Andoni Gorosabel,Right-Back,1996-08-04,Spain,,77,Athletic Club,2001
32629,Iñaki Williams,Right Winger,1994-06-15,Ghana,,77,Athletic Club,2001
32618,Daniel Vivian,Centre-Back,1999-07-05,Spain,,77,Athletic Club,2001
32581,Iñigo Lekue,Right-Back,1993-05-04,Spain,,77,Athletic Club,2001
32579,Yeray Álvarez,Centre-Back,1995-01-24,Spain,,77,Athletic Club,2001
32481,Ruiz de Galarreta,Central Midfield,1993-08-06,Spain,,77,Athletic Club,2001
8479,Yuri Berchiche,Left-Back,1990-02-10,Spain,,77,Athletic Club,2001
2294,Álex Berenguer,Left Winger,1995-07-04,Spain,,77,Athletic Club,2001
261580,Sannadi,Centre-Forward,2001-02-01,Spain,,77,Athletic Club,2001
246633,Adama Boiro,Left-Back,2002-06-22,Spain,,77,Athletic Club,2001
244599,Mikel Jauregizar,Central Midfield,2003-11-13,Spain,,77,Athletic Club,2001
202335,Unai Gomez,Attacking Midfield,2003-05-25,Spain,,77,Athletic Club,2001
120,Jan Oblak,Goalkeeper,1993-01-07,Slovenia,,78,Club Atlético de Madrid,2001
46554,Juan Musso,Goalkeeper,1994-05-06,Argentina,,78,Club Atlético de Madrid,2001
203506,Mario de Luis,Goalkeeper,2002-05-06,Spain,,78,Club Atlético de Madrid,2001
279062,Salvi Esquivel,Goalkeeper,2005-09-30,Spain,,78,Club Atlético de Madrid,2001
293698,Álvaro Moreno,Goalkeeper,2006-06-05,Spain,,78,Club Atlético de Madrid,2001
46452,Nahuel Molina,Defence,1998-04-06,Argentina,,78,Club Atlético de Madrid,2001
176745,Marc Pubill,Defence,2003-06-20,Spain,,78,Club Atlético de Madrid,2001
213277,José Giménez,Defence,1995-01-20,Uruguay,,78,Club Atlético de Madrid,2001
261186,Aleksa Puric,Defence,2003-07-07,Serbia,,78,Club Atlético de Madrid,2001
270792,Gerónimo Spina,Defence,2005-02-09,Argentina,,78,Club Atlético de Madrid,2001
289895,Daniel Martínez,Defence,2004-05-05,Spain,,78,Club Atlético de Madrid,2001
291147,Julio Díaz,Defence,2005-01-10,Spain,,78,Club Atlético de Madrid,2001
70,Marcos Llorente,Midfield,1995-01-30,Spain,,78,Club Atlético de Madrid,2001
79953,Thiago Almada,Midfield,2001-04-26,Argentina,,78,Club Atlético de Madrid,2001
123265,Johnny,Midfield,2001-09-20,USA,,78,Club Atlético de Madrid,2001
170442,Obed Vargas,Midfield,2005-08-05,Mexico,,78,Club Atlético de Madrid,2001
171955,Javier Serrano,Midfield,2003-01-16,Spain,,78,Club Atlético de Madrid,2001
177509,Pablo Barrios,Midfield,2003-06-15,Spain,,78,Club Atlético de Madrid,2001
189617,Rodrigo Mendoza,Midfield,2005-03-15,Spain,,78,Club Atlético de Madrid,2001
213278,Álex Baena,Midfield,2001-07-20,Spain,,78,Club Atlético de Madrid,2001
279061,Alejandro Monserrate,Midfield,2006-01-28,Spain,,78,Club Atlético de Madrid,2001
279065,Taufik,Midfield,2008-01-20,Ghana,,78,Club Atlético de Madrid,2001
294508,Javi Morcillo,Midfield,2006-03-15,Spain,,78,Club Atlético de Madrid,2001
8167,Alexander Sørloth,Offence,1995-12-05,Norway,,78,Club Atlético de Madrid,2001
9554,Ademola Lookman,Offence,1997-10-20,Nigeria,,78,Club Atlético de Madrid,2001
45680,Nicolás González,Offence,1998-04-06,Argentina,,78,Club Atlético de Madrid,2001
98571,Julián Álvarez,Offence,2000-01-31,Argentina,,78,Club Atlético de Madrid,2001
171964,Giuliano Simeone,Offence,2002-12-18,Argentina,,78,Club Atlético de Madrid,2001
290429,Iker Luque,Offence,2005-06-05,Spain,,78,Club Atlético de Madrid,2001
291335,Sergio Sánchez,Offence,2007-03-20,Spain,,78,Club Atlético de Madrid,2001
294736,Miguel Cubo,Offence,2008-02-08,Spain,,78,Club Atlético de Madrid,2001
151241,Matteo Ruggeri,Left Midfield,2002-07-11,Italy,,78,Club Atlético de Madrid,2001
99791,Robin Le Normand,Centre-Back,1996-11-11,Spain,,78,Club Atlético de Madrid,2001
15542,Dávid Hancko,Centre-Back,1997-12-13,Slovakia,,78,Club Atlético de Madrid,2001
114,Antoine Griezmann,Centre-Forward,1991-03-21,France,,78,Club Atlético de Madrid,2001
112,Koke,Central Midfield,1992-01-08,Spain,,78,Club Atlético de Madrid,2001
63,Clément Lenglet,Centre-Back,1995-06-17,France,,78,Club Atlético de Madrid,2001
244719,Rayane Belaid,Left Winger,2005-11-02,Spain,,78,Club Atlético de Madrid,2001
221562,Javier Boñar,Right-Back,2005-06-03,Spain,,78,Club Atlético de Madrid,2001
206337,Ilias Kostis,Centre-Back,2003-02-27,Cyprus,,78,Club Atlético de Madrid,2001
2022,Wojciech Szczęsny,Goalkeeper,1990-04-18,Poland,,81,FC Barcelona,2001
152506,Joan García,Goalkeeper,2001-05-04,Spain,,81,FC Barcelona,2001
217424,Diego Kochen,Goalkeeper,2006-03-19,USA,,81,FC Barcelona,2001
286824,Eder Aller,Goalkeeper,2007-04-04,Spain,,81,FC Barcelona,2001
2000,João Cancelo,Defence,1994-05-27,Portugal,,81,FC Barcelona,2001
8499,Jules Koundé,Defence,1998-11-12,France,,81,FC Barcelona,2001
28292,Ronald Araújo,Defence,1999-03-07,Uruguay,,81,FC Barcelona,2001
101345,Eric García,Defence,2001-01-09,Spain,,81,FC Barcelona,2001
217540,Pau Cubarsí,Defence,2007-01-22,Spain,,81,FC Barcelona,2001
272984,Álvaro Cortés,Defence,2005-03-17,Spain,,81,FC Barcelona,2001
283414,Jofre Torrents,Defence,2007-01-28,Spain,,81,FC Barcelona,2001
7559,Frenkie de Jong,Midfield,1997-05-12,Netherlands,,81,FC Barcelona,2001
23132,Dani Olmo,Midfield,1998-05-07,Spain,,81,FC Barcelona,2001
33154,Ferrán Torres,Midfield,2000-02-29,Spain,,81,FC Barcelona,2001
133860,Pedri,Midfield,2002-11-25,Spain,,81,FC Barcelona,2001
270320,Guille Fernández,Midfield,2008-06-18,Spain,,81,FC Barcelona,2001
287848,Xavi Espart,Midfield,2007-05-21,Spain,,81,FC Barcelona,2001
289622,Tomy Marqués,Midfield,2006-10-30,Spain,,81,FC Barcelona,2001
3331,Marcus Rashford,Offence,1997-10-31,England,,81,FC Barcelona,2001
37428,Raphinha,Offence,1996-12-14,Brazil,,81,FC Barcelona,2001
202283,Lamine Yamal,Offence,2007-07-13,Spain,,81,FC Barcelona,2001
205534,Roony Bardagji,Offence,2005-11-15,Sweden,,81,FC Barcelona,2001
207017,Dani Rodríguez,Offence,2005-08-09,Spain,,81,FC Barcelona,2001
270450,Toni Fernández,Offence,2008-07-15,Spain,,81,FC Barcelona,2001
287866,Juan Hernández,Offence,2007-07-21,Spain,,81,FC Barcelona,2001
172761,Álex Balde,Left-Back,2003-10-18,Spain,,81,FC Barcelona,2001
171992,Pablo Gavira,Central Midfield,2004-08-05,Spain,,81,FC Barcelona,2001
3455,Andreas Christensen,Centre-Back,1996-04-10,Denmark,,81,FC Barcelona,2001
371,Robert Lewandowski,Centre-Forward,1988-08-21,Poland,,81,FC Barcelona,2001
264321,Marc Bernal,Defensive Midfield,2007-05-26,Spain,,81,FC Barcelona,2001
264320,Gerard Martín,Left-Back,2002-02-26,Spain,,81,FC Barcelona,2001
214533,Fermín López,Central Midfield,2003-05-11,Spain,,81,FC Barcelona,2001
188817,Marc Casado,Defensive Midfield,2003-09-14,Spain,,81,FC Barcelona,2001
3641,Thibaut Courtois,Goalkeeper,1992-05-11,Belgium,,86,Real Madrid CF,2001
28995,Andriy Lunin,Goalkeeper,1999-02-11,Ukraine,,86,Real Madrid CF,2001
188407,Sergio Mestre,Goalkeeper,2005-02-13,Spain,,86,Real Madrid CF,2001
206826,Fran Gonzalez,Goalkeeper,2005-06-24,Spain,,86,Real Madrid CF,2001
287049,Javi Navarro,Goalkeeper,2007-01-25,Spain,,86,Real Madrid CF,2001
295679,Álvaro González,Goalkeeper,2007-04-09,Spain,,86,Real Madrid CF,2001
349,David Alaba,Defence,1992-06-24,Austria,,86,Real Madrid CF,2001
3177,Antonio Rüdiger,Defence,1993-03-03,Germany,,86,Real Madrid CF,2001
182020,Álvaro Carreras,Defence,2003-03-23,Spain,,86,Real Madrid CF,2001
213266,Fran García,Defence,1999-08-14,Spain,,86,Real Madrid CF,2001
270615,David Jiménez,Defence,2004-03-14,Spain,,86,Real Madrid CF,2001
273000,Diego Aguado,Defence,2007-02-07,Spain,,86,Real Madrid CF,2001
276963,Víctor Valdepeñas,Defence,2006-10-20,Spain,,86,Real Madrid CF,2001
279092,Jesús Fortea,Defence,2007-03-26,Spain,,86,Real Madrid CF,2001
289856,Joan Martínez,Defence,2007-08-20,Spain,,86,Real Madrid CF,2001
293490,Lamini Fati,Defence,2006-04-18,Spain,,86,Real Madrid CF,2001
295678,Manu Serrano,Defence,2004-03-20,Spain,,86,Real Madrid CF,2001
96,Federico Valverde,Midfield,1998-07-22,Uruguay,,86,Real Madrid CF,2001
7887,Brahim Diaz,Midfield,1999-08-03,Morocco,,86,Real Madrid CF,2001
8514,Aurélien Tchouameni,Midfield,2000-01-27,France,,86,Real Madrid CF,2001
125010,Jude Bellingham,Midfield,2003-06-29,England,,86,Real Madrid CF,2001
169162,Arda Guler,Midfield,2005-02-25,Turkey,,86,Real Madrid CF,2001
250304,Franco Mastantuono,Midfield,2007-08-14,Argentina,,86,Real Madrid CF,2001
283110,Thiago Pitarch,Midfield,2007-08-03,Spain,,86,Real Madrid CF,2001
289908,Jorge Cestero,Midfield,2006-03-24,Spain,,86,Real Madrid CF,2001
290848,César Palacios,Midfield,2004-11-11,Spain,,86,Real Madrid CF,2001
290974,Dani Meso,Midfield,2005-09-03,Spain,,86,Real Madrid CF,2001
291727,Manuel Angel,Midfield,2004-03-15,Spain,,86,Real Madrid CF,2001
1556,Vinicius Junior,Offence,2000-07-12,Brazil,,86,Real Madrid CF,2001
3374,Kylian Mbappé,Offence,1998-12-20,France,,86,Real Madrid CF,2001
263282,Álvaro Leiva,Offence,2004-12-28,Spain,,86,Real Madrid CF,2001
273058,Daniel Yáñez,Offence,2007-03-28,Spain,,86,Real Madrid CF,2001
274728,Pol Fortuny,Offence,2005-03-11,Spain,,86,Real Madrid CF,2001
191727,Dean Huijsen,Centre-Back,2005-04-14,Spain,,86,Real Madrid CF,2001
102343,Eduardo Camavinga,Central Midfield,2002-11-10,France,,86,Real Madrid CF,2001
8458,Ferland Mendy,Left-Back,1995-06-08,France,,86,Real Madrid CF,2001
7867,Trent Alexander-Arnold,Right-Back,1998-10-07,England,,86,Real Madrid CF,2001
3194,Dani Carvajal,Right-Back,1992-01-11,Spain,,86,Real Madrid CF,2001
1337,Éder Militão,Centre-Back,1998-01-18,Brazil,,86,Real Madrid CF,2001
1324,Rodrygo,Right Winger,2001-01-09,Brazil,,86,Real Madrid CF,2001
68,Dani Ceballos,Central Midfield,1996-08-07,Spain,,86,Real Madrid CF,2001
272712,Raúl,Centre-Back,2003-02-13,Spain,,86,Real Madrid CF,2001
217658,Gonzalo García,Right Winger,2004-03-24,Spain,,86,Real Madrid CF,2001
146023,Arnau Tenas,Goalkeeper,2001-05-30,Spain,,94,Villarreal CF,2001
150546,Diego Conde,Goalkeeper,1998-10-28,Spain,,94,Villarreal CF,2001
178718,Luiz Junior,Goalkeeper,2001-01-14,Brazil,,94,Villarreal CF,2001
188765,Ruben Gomez,Goalkeeper,2002-01-24,Spain,,94,Villarreal CF,2001
814,Logan Costa,Defence,2001-04-01,Cape Verde Islands,,94,Villarreal CF,2001
177823,Alex Freeman,Defence,2004-08-09,USA,,94,Villarreal CF,2001
178769,Renato Veiga,Defence,2003-07-29,Portugal,,94,Villarreal CF,2001
229014,Sierra Arnal,Defence,2003-03-17,Spain,,94,Villarreal CF,2001
249095,Dani Budesca,Defence,2006-10-11,Spain,,94,Villarreal CF,2001
272229,Valou,Defence,2005-12-22,Ivory Coast,,94,Villarreal CF,2001
110,Thomas Partey,Midfield,1993-06-13,Ghana,,94,Villarreal CF,2001
633,Pape Gueye,Midfield,1999-01-24,Senegal,,94,Villarreal CF,2001
113175,Tajon Buchanan,Midfield,1999-02-08,Canada,,94,Villarreal CF,2001
213263,Santi Comesaña,Midfield,1996-10-05,Spain,,94,Villarreal CF,2001
273016,Alassane Diatta,Midfield,2005-05-14,Senegal,,94,Villarreal CF,2001
285597,Hugo López,Midfield,,Spain,,94,Villarreal CF,2001
289770,Carlos Macià,Midfield,2008-09-01,Spain,,94,Villarreal CF,2001
177826,Tani Oluwaseyi,Offence,2000-05-15,Canada,,94,Villarreal CF,2001
286659,Mahamoud Barry,Offence,2006-06-11,Mali,,94,Villarreal CF,2001
290388,Joselillo,Offence,2007-02-25,Spain,,94,Villarreal CF,2001
176758,Rafa Marin,Centre-Back,2002-05-19,Spain,,94,Villarreal CF,2001
150533,Alberto Moleiro,Attacking Midfield,2003-09-30,Spain,,94,Villarreal CF,2001
136646,Georges Mikautadze,Centre-Forward,2000-10-31,Georgia,,94,Villarreal CF,2001
32719,Gerard Moreno,Centre-Forward,1992-04-07,Spain,,94,Villarreal CF,2001
32324,Alfonso González,Left Winger,1999-05-04,Spain,,94,Villarreal CF,2001
8412,Nicolas Pépé,Right Winger,1995-05-29,Ivory Coast,,94,Villarreal CF,2001
7996,Juan Foyth,Right-Back,1998-01-12,Argentina,,94,Villarreal CF,2001
7936,Ayoze Pérez,Centre-Forward,1993-07-29,Spain,,94,Villarreal CF,2001
3198,Dani Parejo,Central Midfield,1989-04-16,Spain,,94,Villarreal CF,2001
267,Alfonso Pedraza,Left-Back,1996-04-09,Spain,,94,Villarreal CF,2001
252919,Pau Cabanes,Centre-Forward,2005-02-17,Spain,,94,Villarreal CF,2001
244860,Willy Kambwala,Centre-Back,2004-08-25,DR Congo,,94,Villarreal CF,2001
217521,Pau Navarro,Centre-Back,2005-04-25,Spain,,94,Villarreal CF,2001
212858,Santiago Mouriño,Centre-Back,2002-02-13,Uruguay,,94,Villarreal CF,2001
180289,Sergi Cardona,Left-Back,1999-07-08,Spain,,94,Villarreal CF,2001
1767,Marco Sportiello,Goalkeeper,1992-05-10,Italy,,102,Atalanta BC,2001
1830,Francesco Rossi,Goalkeeper,1991-04-27,Italy,,102,Atalanta BC,2001
102220,Marco Carnesecchi,Goalkeeper,2000-07-01,Italy,,102,Atalanta BC,2001
220576,Piotr Pardel,Goalkeeper,2005-01-31,Poland,,102,Atalanta BC,2001
7786,Sead Kolašinac,Defence,1993-06-20,Bosnia-Herzegovina,,102,Atalanta BC,2001
151933,Lorenzo Bernasconi,Defence,2003-11-16,Italy,,102,Atalanta BC,2001
167031,Isak Hien,Defence,1999-01-13,Sweden,,102,Atalanta BC,2001
167098,Odilon Kossounou,Defence,2001-01-04,Ivory Coast,,102,Atalanta BC,2001
246518,Relja Obrić,Defence,2006-04-11,Serbia,,102,Atalanta BC,2001
265553,Albert Navarro,Defence,2007-05-24,Spain,,102,Atalanta BC,2001
1848,Marten de Roon,Midfield,1991-03-29,Netherlands,,102,Atalanta BC,2001
3553,Mario Pašalić,Midfield,1995-02-09,Croatia,,102,Atalanta BC,2001
81440,Éderson,Midfield,1999-07-07,Brazil,,102,Atalanta BC,2001
251012,Federico Cassa,Midfield,2006-01-01,Italy,,102,Atalanta BC,2001
285074,Sergej Levak,Midfield,2006-05-03,Croatia,,102,Atalanta BC,2001
114117,Giacomo Raspadori,Offence,2000-02-18,Italy,,102,Atalanta BC,2001
129947,Charles De Ketelaere,Offence,2001-03-10,Belgium,,102,Atalanta BC,2001
142140,Kamal Deen Sulemana,Offence,2002-02-15,Ghana,,102,Atalanta BC,2001
217758,Dominic Vavassori,Offence,2005-12-09,Italy,,102,Atalanta BC,2001
261018,Henry Camara,Offence,2006-05-06,France,,102,Atalanta BC,2001
130420,Lazar Samardzic,Central Midfield,2002-02-24,Serbia,,102,Atalanta BC,2001
120679,Nikola Krstović,Centre-Forward,2000-04-05,Montenegro,,102,Atalanta BC,2001
7807,Davide Zappacosta,Right Midfield,1992-06-11,Italy,,102,Atalanta BC,2001
7555,Mitchel Bakker,Left-Back,2000-06-20,Netherlands,,102,Atalanta BC,2001
2681,Gianluca Scamacca,Centre-Forward,1999-01-01,Italy,,102,Atalanta BC,2001
1748,Raoul Bellanova,Right Midfield,2000-05-17,Italy,,102,Atalanta BC,2001
263661,Honest Ahanor,Left-Back,2008-02-23,Italy,,102,Atalanta BC,2001
245244,Pietro Comi,Centre-Back,2005-06-11,Italy,,102,Atalanta BC,2001
170381,Berat Djimsiti,Centre-Back,2023-06-30,Albania,,102,Atalanta BC,2001
153990,Giorgio Scalvini,Centre-Back,2003-12-11,Italy,,102,Atalanta BC,2001
152528,Nicola Zalewski,Left Midfield,2002-01-23,Poland,,102,Atalanta BC,2001
150669,Yunus Musah,Central Midfield,2002-11-29,USA,,102,Atalanta BC,2001
2819,Raffaele Di Gennaro,Goalkeeper,1993-10-03,Italy,,108,FC Internazionale Milano,2001
3470,Yann Sommer,Goalkeeper,1988-12-17,Switzerland,,108,FC Internazionale Milano,2001
101415,Josep Martinez,Goalkeeper,1998-05-27,Spain,,108,FC Internazionale Milano,2001
217713,Alessandro Calligaris,Goalkeeper,2005-03-07,Italy,,108,FC Internazionale Milano,2001
275967,Alain Taho,Goalkeeper,2007-04-30,Albania,,108,FC Internazionale Milano,2001
143,Manuel Akanji,Defence,1995-07-19,Switzerland,,108,FC Internazionale Milano,2001
7417,Denzel Dumfries,Defence,1996-04-18,Netherlands,,108,FC Internazionale Milano,2001
167689,Carlos Augusto Lobaton,Defence,1999-01-07,Brazil,,108,FC Internazionale Milano,2001
264821,Simone Cinquegrano,Defence,2004-06-25,Italy,,108,FC Internazionale Milano,2001
273853,Christos Alexiou,Defence,2005-06-30,Greece,,108,FC Internazionale Milano,2001
274403,Gabriele Re Cecconi,Defence,2006-04-25,Italy,,108,FC Internazionale Milano,2001
276065,Matteo Cocchi,Defence,2007-02-01,Italy,,108,FC Internazionale Milano,2001
283944,Yvan Maye,Defence,2006-03-21,France,,108,FC Internazionale Milano,2001
1754,Hakan Çalhanoğlu,Midfield,1994-02-08,Turkey,,108,FC Internazionale Milano,2001
154013,Petar Sucic,Midfield,2003-10-25,Croatia,,108,FC Internazionale Milano,2001
212479,Luka Topalović,Midfield,2006-02-23,Slovenia,,108,FC Internazionale Milano,2001
271989,Thomas Berenbruch,Midfield,2005-05-31,Italy,,108,FC Internazionale Milano,2001
279859,Leonardo Bovo,Midfield,2005-05-07,Italy,,108,FC Internazionale Milano,2001
3220,Lautaro Martínez,Offence,1997-08-22,Argentina,,108,FC Internazionale Milano,2001
8685,Marcus Thuram-Ulien,Offence,1997-08-06,France,,108,FC Internazionale Milano,2001
152738,Ange-Yoan Bonny,Offence,2003-10-25,Ivory Coast,,108,FC Internazionale Milano,2001
215433,Francesco Esposito,Offence,2005-06-28,Italy,,108,FC Internazionale Milano,2001
277505,Matteo Spinaccè,Offence,2006-07-13,Italy,,108,FC Internazionale Milano,2001
277575,Matteo Lavelli,Offence,2006-12-08,Italy,,108,FC Internazionale Milano,2001
283941,Mattia Mosconi,Offence,2007-03-26,Italy,,108,FC Internazionale Milano,2001
115074,Luis Henrique,Left Winger,2001-12-14,Brazil,,108,FC Internazionale Milano,2001
30821,Federico Dimarco,Left-Back,1997-11-10,Italy,,108,FC Internazionale Milano,2001
7900,Matteo Darmian,Right-Back,1989-12-02,Italy,,108,FC Internazionale Milano,2001
7795,Henrikh Mkhitaryan,Central Midfield,1989-01-21,Armenia,,108,FC Internazionale Milano,2001
2200,Davide Frattesi,Central Midfield,1999-09-22,Italy,,108,FC Internazionale Milano,2001
2180,Francesco Acerbi,Centre-Back,1988-02-10,Italy,,108,FC Internazionale Milano,2001
2097,Piotr Zieliński,Central Midfield,1994-05-20,Poland,,108,FC Internazionale Milano,2001
2053,Stefan de Vrij,Centre-Back,1992-02-05,Netherlands,,108,FC Internazionale Milano,2001
1911,Nicolò Barella,Central Midfield,1997-02-07,Italy,,108,FC Internazionale Milano,2001
1834,Alessandro Bastoni,Centre-Back,1999-04-13,Italy,,108,FC Internazionale Milano,2001
193,Yann Aurel Bisseck,Centre-Back,2000-11-29,Germany,,108,FC Internazionale Milano,2001
190998,Issiaka Kamate,Right Winger,2004-08-02,France,,108,FC Internazionale Milano,2001
177319,Iwo Kaczmarski,Defensive Midfield,2004-04-16,Poland,,108,FC Internazionale Milano,2001
168656,Andy Diouf,Central Midfield,2003-05-17,France,,108,FC Internazionale Milano,2001
1959,Mattia Perin,Goalkeeper,1992-11-10,Italy,,109,Juventus FC,2001
2023,Carlo Pinsoglio,Goalkeeper,1990-03-16,Italy,,109,Juventus FC,2001
41381,Michele Di Gregorio,Goalkeeper,1997-07-27,Italy,,109,Juventus FC,2001
189897,Simone Scaglia,Goalkeeper,2004-07-12,Italy,,109,Juventus FC,2001
217685,Matteo Fuscaldo,Goalkeeper,2005-02-25,Italy,,109,Juventus FC,2001
264814,Stefano Mangiapoco,Goalkeeper,2004-01-27,Italy,,109,Juventus FC,2001
271977,Riccardo Radu,Goalkeeper,2007-08-07,Romania,,109,Juventus FC,2001
291336,Raffaele Huli,Goalkeeper,2008-07-30,Albania,,109,Juventus FC,2001
1106,Bremer,Defence,1997-03-18,Brazil,,109,Juventus FC,2001
111777,Emil Holm,Defence,2000-05-13,Sweden,,109,Juventus FC,2001
191584,Niccolò Rizzo,Defence,2007-07-19,Italy,,109,Juventus FC,2001
261736,Stefano Turco,Defence,2005-01-24,Italy,,109,Juventus FC,2001
270540,Javier Gil,Defence,2006-05-03,Spain,,109,Juventus FC,2001
6507,Weston McKennie,Midfield,1998-08-28,USA,,109,Juventus FC,2001
7693,Teun Koopmeiners,Midfield,1998-02-28,Netherlands,,109,Juventus FC,2001
8924,Jonathan David,Offence,2000-01-14,Canada,,109,Juventus FC,2001
150791,Francisco Conceição,Offence,2002-12-14,Portugal,,109,Juventus FC,2001
191712,Kenan Yıldız,Offence,2005-05-04,Turkey,,109,Juventus FC,2001
221357,Lorenzo Anghelè,Offence,2005-02-26,Italy,,109,Juventus FC,2001
99251,Khéphren Thuram-Ulie,Central Midfield,2001-03-26,France,,109,Juventus FC,2001
82002,Dušan Vlahović,Centre-Forward,2000-01-28,Serbia,,109,Juventus FC,2001
73215,Loïs Openda,Centre-Forward,2000-02-16,Belgium,,109,Juventus FC,2001
8990,Edon Zhegrova,Right Winger,1999-03-31,Kosovo,,109,Juventus FC,2001
4393,Lloyd Kelly,Centre-Back,1998-10-06,England,,109,Juventus FC,2001
4121,Jérémie Boga,Left Winger,1997-01-03,Ivory Coast,,109,Juventus FC,2001
3446,Filip Kostić,Left Midfield,1992-11-01,Serbia,,109,Juventus FC,2001
2105,Arkadiusz Milik,Centre-Forward,1994-02-28,Poland,,109,Juventus FC,2001
1751,Manuel Locatelli,Defensive Midfield,1998-01-08,Italy,,109,Juventus FC,2001
214537,Facundo González,Centre-Back,2003-06-06,Uruguay,,109,Juventus FC,2001
183018,Vasilije Adzic,Attacking Midfield,2006-05-12,Montenegro,,109,Juventus FC,2001
161142,Fabio Miretti,Central Midfield,2003-08-03,Italy,,109,Juventus FC,2001
153130,Federico Gatti,Centre-Back,1998-06-24,Italy,,109,Juventus FC,2001
141295,Pierre Kalulu,Centre-Back,2000-06-05,France,,109,Juventus FC,2001
124865,Andrea Cambiaso,Left-Back,2000-02-20,Italy,,109,Juventus FC,2001
121860,Juan Cabal,Left-Back,2001-01-08,Colombia,,109,Juventus FC,2001
2275,Vanja Milinković-Savić,Goalkeeper,1997-02-20,Serbia,,113,SSC Napoli,2001
2344,Alex Meret,Goalkeeper,1997-03-22,Italy,,113,SSC Napoli,2001
74378,Nikita Contini Baranovsky,Goalkeeper,1996-05-21,Italy,,113,SSC Napoli,2001
284109,Mathias Ferrante,Goalkeeper,2006-09-01,Italy,,113,SSC Napoli,2001
288535,David Spinelli,Goalkeeper,2008-04-28,Italy,,113,SSC Napoli,2001
32754,Mathías Olivera,Defence,1997-10-31,Uruguay,,113,SSC Napoli,2001
291752,Christian Garofalo,Defence,2007-01-04,Italy,,113,SSC Napoli,2001
3654,Kevin De Bruyne,Midfield,1991-06-28,Belgium,,113,SSC Napoli,2001
7905,Scott McTominay,Midfield,1996-12-08,Scotland,,113,SSC Napoli,2001
126289,Billy Gilmour,Midfield,2001-06-11,Scotland,,113,SSC Napoli,2001
176944,Antonio Vergara,Midfield,2003-01-16,Italy,,113,SSC Napoli,2001
220542,Alisson Santos,Midfield,2002-09-27,Brazil,,113,SSC Napoli,2001
290021,Francisco Baridó,Midfield,2008-01-01,Argentina,,113,SSC Napoli,2001
290025,Emmanuele De Chiara,Midfield,2006-02-21,Italy,,113,SSC Napoli,2001
290412,Vincenzo Prisco,Midfield,2008-08-07,Italy,,113,SSC Napoli,2001
3662,Romelu Lukaku,Offence,1993-05-13,Belgium,,113,SSC Napoli,2001
181795,Giovane Nascimento,Offence,2003-11-24,Brazil,,113,SSC Napoli,2001
161310,Juan Jesus,Centre-Back,1991-06-10,Brazil,,113,SSC Napoli,2001
152770,Rasmus Højlund,Centre-Forward,2003-02-04,Denmark,,113,SSC Napoli,2001
144953,Miguel Gutiérrez,Left-Back,2001-07-27,Spain,,113,SSC Napoli,2001
53281,Sam Beukema,Centre-Back,1998-11-17,Netherlands,,113,SSC Napoli,2001
33628,Stanislav Lobotka,Defensive Midfield,1994-11-25,Slovakia,,113,SSC Napoli,2001
30629,Eljif Elmas,Attacking Midfield,1999-09-24,North Macedonia,,113,SSC Napoli,2001
23127,Amir Rrahmani,Centre-Back,1994-02-24,Kosovo,,113,SSC Napoli,2001
8354,André Zambo Anguissa,Central Midfield,1995-11-16,Cameroon,,113,SSC Napoli,2001
7571,David Neres,Right Winger,1997-03-03,Brazil,,113,SSC Napoli,2001
2487,Giovanni Di Lorenzo,Right-Back,1993-08-04,Italy,,113,SSC Napoli,2001
2386,Pasquale Mazzocchi,Right-Back,1995-07-27,Italy,,113,SSC Napoli,2001
2280,Alessandro Buongiorno,Centre-Back,1999-06-06,Italy,,113,SSC Napoli,2001
2193,Matteo Politano,Right Winger,1993-08-03,Italy,,113,SSC Napoli,2001
1842,Leonardo Spinazzola,Left-Back,1993-03-25,Italy,,113,SSC Napoli,2001
32014,Rui Silva,Goalkeeper,1994-02-07,Portugal,,498,Sporting Clube de Portugal,2001
82207,João Virgínia,Goalkeeper,1999-10-10,Portugal,,498,Sporting Clube de Portugal,2001
178770,Diego Callai,Goalkeeper,2004-07-18,Brazil,,498,Sporting Clube de Portugal,2001
194860,Francisco Silva,Goalkeeper,2005-11-20,Portugal,,498,Sporting Clube de Portugal,2001
28770,Maximiliano Araújo,Defence,2000-02-15,Uruguay,,498,Sporting Clube de Portugal,2001
137045,Georgios Vagiannidis,Defence,2001-09-12,Greece,,498,Sporting Clube de Portugal,2001
145357,Gonçalo Inácio,Defence,2001-08-25,Portugal,,498,Sporting Clube de Portugal,2001
160926,Zeno Debast,Defence,2003-10-24,Belgium,,498,Sporting Clube de Portugal,2001
178768,Eduardo Quaresma,Defence,2002-03-02,Portugal,,498,Sporting Clube de Portugal,2001
191760,Ousmane Diomande,Defence,2003-12-04,Ivory Coast,,498,Sporting Clube de Portugal,2001
213298,Rômulo,Defence,2004-01-31,Brazil,,498,Sporting Clube de Portugal,2001
229418,Rayan Lucas,Defence,2005-01-03,Brazil,,498,Sporting Clube de Portugal,2001
242475,Bruno Ramos,Defence,2005-01-18,Brazil,,498,Sporting Clube de Portugal,2001
277088,David Moreira,Defence,2004-04-18,Portugal,,498,Sporting Clube de Portugal,2001
282381,Salvador Blopa,Defence,2007-06-13,Portugal,,498,Sporting Clube de Portugal,2001
144628,Giorgi Kochorashvili,Midfield,1999-06-29,Georgia,,498,Sporting Clube de Portugal,2001
270551,João Simões,Midfield,2007-01-06,Portugal,,498,Sporting Clube de Portugal,2001
273613,Eduardo Felicíssimo,Midfield,2007-01-08,Portugal,,498,Sporting Clube de Portugal,2001
32386,Luis Suárez,Offence,1997-12-02,Colombia,,498,Sporting Clube de Portugal,2001
37332,Trincão,Offence,1999-12-29,Portugal,,498,Sporting Clube de Portugal,2001
186459,Fotis Ioannidis,Offence,2000-01-10,Greece,,498,Sporting Clube de Portugal,2001
204124,Mauro Couto,Offence,2005-11-15,Portugal,,498,Sporting Clube de Portugal,2001
229421,Geovany Quenda,Offence,2007-04-30,Guinea-Bissau,,498,Sporting Clube de Portugal,2001
247303,Rafael Nel,Offence,2005-04-03,Portugal,,498,Sporting Clube de Portugal,2001
275336,Lucas Anjos,Offence,2004-07-07,Portugal,,498,Sporting Clube de Portugal,2001
280747,Flávio Gonçalves,Offence,2007-05-30,France,,498,Sporting Clube de Portugal,2001
283132,Souleymane Faye,Offence,2003-02-08,Senegal,,498,Sporting Clube de Portugal,2001
176840,Ivan Fresneda,Right-Back,2004-09-28,Spain,,498,Sporting Clube de Portugal,2001
128825,Geny Catamo,Right Winger,2001-01-26,Mozambique,,498,Sporting Clube de Portugal,2001
102336,Daniel Bragança,Central Midfield,1999-05-27,Portugal,,498,Sporting Clube de Portugal,2001
92050,Pedro Gonçalves,Attacking Midfield,1998-06-28,Portugal,,498,Sporting Clube de Portugal,2001
73998,Morten Hjulmand,Defensive Midfield,1999-06-25,Denmark,,498,Sporting Clube de Portugal,2001
53190,Ricardo Mangas,Left-Back,1998-03-19,Portugal,,498,Sporting Clube de Portugal,2001
49092,Hidemasa Morita,Central Midfield,1995-05-10,Japan,,498,Sporting Clube de Portugal,2001
45463,Nuno Santos,Left-Back,1995-02-13,Portugal,,498,Sporting Clube de Portugal,2001
227767,João Muniz,Centre-Back,2005-06-26,Portugal,,498,Sporting Clube de Portugal,2001
217543,Samuel Justo,Central Midfield,2004-04-02,Portugal,,498,Sporting Clube de Portugal,2001
192653,Luis Guilherme,Right Winger,2006-02-09,Brazil,,498,Sporting Clube de Portugal,2001
6,Géronimo Rulli,Goalkeeper,1992-05-20,Argentina,,516,Olympique de Marseille,2001
67880,Jeffrey De Lange,Goalkeeper,1998-04-01,Netherlands,,516,Olympique de Marseille,2001
130271,Théo Vermot,Goalkeeper,1997-01-27,France,,516,Olympique de Marseille,2001
178114,Jelle Van Neck,Goalkeeper,2004-03-07,Belgium,,516,Olympique de Marseille,2001
46125,Facundo Medina,Defence,1999-05-28,Argentina,,516,Olympique de Marseille,2001
81191,Nayef Aguerd,Defence,1996-03-30,Morocco,,516,Olympique de Marseille,2001
82020,Leonardo Balerdi,Defence,1999-01-26,Argentina,,516,Olympique de Marseille,2001
288911,Pladi N'Zinga-Pambani,Defence,2007-03-17,France,,516,Olympique de Marseille,2001
289111,Rayan Ouro Bang Na,Defence,2007-03-18,France,,516,Olympique de Marseille,2001
290991,Anis Doubal,Defence,2006-10-29,Tunisia,,516,Olympique de Marseille,2001
294658,Hilan Hamzaoui Slimani,Defence,2006-02-15,France,,516,Olympique de Marseille,2001
295070,Kelyann Bezahaf,Defence,2006-05-16,France,,516,Olympique de Marseille,2001
8492,Tim Weah,Midfield,2000-02-22,USA,,516,Olympique de Marseille,2001
97536,Quinten Timber,Midfield,2001-06-17,Netherlands,,516,Olympique de Marseille,2001
183544,Tochukwu Nadi,Midfield,2003-06-30,Nigeria,,516,Olympique de Marseille,2001
294659,Nouhoum Kamissoko,Midfield,2004-12-27,Mali,,516,Olympique de Marseille,2001
8476,Amine Gouiri,Offence,2000-02-16,Algeria,,516,Olympique de Marseille,2001
288624,Tadjidine M'Madi,Offence,2007-03-03,France,,516,Olympique de Marseille,2001
289110,Emmanuel Lago,Offence,2004-12-27,Ivory Coast,,516,Olympique de Marseille,2001
289112,Mathis Clement,Offence,2006-01-23,France,,516,Olympique de Marseille,2001
294660,Ugo Lamare El Kadmiri,Offence,2007-06-25,France,,516,Olympique de Marseille,2001
119703,Igor Paixão,Left Winger,2000-06-28,Brazil,,516,Olympique de Marseille,2001
101075,Mason Greenwood,Right Winger,2001-10-01,England,,516,Olympique de Marseille,2001
80754,Himad Abdelli,Attacking Midfield,1999-11-17,Algeria,,516,Olympique de Marseille,2001
33149,Geoffrey Kondogbia,Defensive Midfield,1993-02-15,Central African Republic,,516,Olympique de Marseille,2001
8093,Pierre Emile Højbjerg,Defensive Midfield,1995-08-05,Denmark,,516,Olympique de Marseille,2001
7809,Emerson,Left-Back,1994-08-03,Italy,,516,Olympique de Marseille,2001
7801,Pierre-Emerick Aubameyang,Centre-Forward,1989-06-18,Gabon,,516,Olympique de Marseille,2001
3364,Benjamin Pavard,Centre-Back,1996-03-28,France,,516,Olympique de Marseille,2001
2499,Hamed Traoré,Attacking Midfield,2000-02-16,Ivory Coast,,516,Olympique de Marseille,2001
188476,Ethan Nwaneri,Attacking Midfield,2007-03-21,England,,516,Olympique de Marseille,2001
184146,Arthur Vermeeren,Central Midfield,2005-02-07,Belgium,,516,Olympique de Marseille,2001
179721,CJ Egan-Riley,Centre-Back,2003-01-02,England,,516,Olympique de Marseille,2001
170409,Bilal Nadir,Central Midfield,2003-11-28,France,,516,Olympique de Marseille,2001
49244,Matvei Safonov,Goalkeeper,1999-02-25,Russia,,524,Paris Saint-Germain FC,2001
147896,Lucas Chevalier,Goalkeeper,2001-11-06,France,,524,Paris Saint-Germain FC,2001
245387,Renato Marin,Goalkeeper,2006-07-10,Italy,,524,Paris Saint-Germain FC,2001
289578,Martin James,Goalkeeper,2008-02-14,France,,524,Paris Saint-Germain FC,2001
290430,Arthur Vignaud,Goalkeeper,2008-01-21,France,,524,Paris Saint-Germain FC,2001
295076,Bilal Laurendon,Goalkeeper,2006-02-15,Morocco,,524,Paris Saint-Germain FC,2001
53,Achraf Hakimi,Defence,1998-11-04,Morocco,,524,Paris Saint-Germain FC,2001
3225,Marquinhos,Defence,1994-05-14,Brazil,,524,Paris Saint-Germain FC,2001
3365,Lucas Hernández,Defence,1996-02-14,France,,524,Paris Saint-Germain FC,2001
114102,William Pacho,Defence,2001-10-16,Ecuador,,524,Paris Saint-Germain FC,2001
144570,Nuno Mendes,Defence,2002-06-19,Portugal,,524,Paris Saint-Germain FC,2001
289216,David Boly,Defence,2009-01-22,France,,524,Paris Saint-Germain FC,2001
295073,Samba Coulibaly,Defence,2008-04-04,France,,524,Paris Saint-Germain FC,2001
295074,Thomas Cordier,Defence,2006-03-13,France,,524,Paris Saint-Germain FC,2001
295355,Dimitri Lucea,Defence,2007-01-20,France,,524,Paris Saint-Germain FC,2001
22,Fabián Ruiz,Midfield,1996-04-03,Spain,,524,Paris Saint-Germain FC,2001
177522,Desire Doue,Midfield,2005-06-03,France,,524,Paris Saint-Germain FC,2001
178722,Vitinha,Midfield,2000-02-13,Portugal,,524,Paris Saint-Germain FC,2001
186089,Warren Zaïre-Emery,Midfield,2006-03-08,France,,524,Paris Saint-Germain FC,2001
190877,Joao Neves,Midfield,2004-09-27,Portugal,,524,Paris Saint-Germain FC,2001
213217,Kang-in Lee,Midfield,2001-02-19,South Korea,,524,Paris Saint-Germain FC,2001
278378,Wassim Slama,Midfield,2008-09-26,Tunisia,,524,Paris Saint-Germain FC,2001
283413,Pedro Fernández,Midfield,2008-01-12,Spain,,524,Paris Saint-Germain FC,2001
286944,Yanis Khafi,Midfield,2006-04-23,France,,524,Paris Saint-Germain FC,2001
290082,Noah Nsoki,Midfield,2007-02-20,France,,524,Paris Saint-Germain FC,2001
3373,Ousmane Dembélé,Offence,1997-05-15,France,,524,Paris Saint-Germain FC,2001
101431,Gonçalo Ramos,Offence,2001-06-20,Portugal,,524,Paris Saint-Germain FC,2001
172762,Bradley Barcola,Offence,2002-09-02,France,,524,Paris Saint-Germain FC,2001
265040,Ibrahim M'Baye,Offence,2008-01-24,Senegal,,524,Paris Saint-Germain FC,2001
278406,Quentin Ndjantou,Offence,2007-07-23,France,,524,Paris Saint-Germain FC,2001
286945,Mathis Jangeal,Offence,2008-06-24,France,,524,Paris Saint-Germain FC,2001
295077,Pierre Mounguengue,Offence,2008-01-03,France,,524,Paris Saint-Germain FC,2001
169204,Lucas Beraldo,Centre-Back,2003-11-24,Brazil,,524,Paris Saint-Germain FC,2001
143573,Illia Zabarnyi,Centre-Back,2002-09-01,Ukraine,,524,Paris Saint-Germain FC,2001
113285,Khvicha Kvaratskhelia,Left Winger,2001-02-12,Georgia,,524,Paris Saint-Germain FC,2001
246066,Senny Mayulu,Central Midfield,2006-05-17,France,,524,Paris Saint-Germain FC,2001
6696,Lukáš Hrádecký,Goalkeeper,1989-11-24,Finland,,548,AS Monaco FC,2001
9535,Philipp Köhn,Goalkeeper,1998-04-02,Switzerland,,548,AS Monaco FC,2001
172431,Yann Lienard,Goalkeeper,2003-03-16,France,,548,AS Monaco FC,2001
254051,Jules Stawiecki,Goalkeeper,2007-04-10,France,,548,AS Monaco FC,2001
254564,Yanis Benchaouch Marty,Goalkeeper,2006-04-10,Morocco,,548,AS Monaco FC,2001
272502,Samuel Nibombe,Defence,2007-08-15,Belgium,,548,AS Monaco FC,2001
272947,Bradel Kiwa,Defence,2006-02-05,France,,548,AS Monaco FC,2001
6687,Denis Zakaria,Midfield,1996-11-20,Switzerland,,548,AS Monaco FC,2001
8887,Krépin Diatta,Midfield,1999-02-25,Senegal,,548,AS Monaco FC,2001
175701,Maghnes Akliouche,Midfield,2002-02-25,France,,548,AS Monaco FC,2001
204269,Lamine Camara,Midfield,2004-01-01,Senegal,,548,AS Monaco FC,2001
272943,Aladji Bamba,Midfield,2006-07-14,France,,548,AS Monaco FC,2001
286934,Pape Cabral,Midfield,2007-01-20,France,,548,AS Monaco FC,2001
287511,Matthias Wamu Oyatambwe,Midfield,2008-10-22,Belgium,,548,AS Monaco FC,2001
290115,Ilane Touré,Midfield,2006-08-04,France,,548,AS Monaco FC,2001
131040,Folarin Balogun,Offence,2001-07-03,USA,,548,AS Monaco FC,2001
166249,Simon Adingra,Offence,2002-01-01,Ivory Coast,,548,AS Monaco FC,2001
154607,Vanderson,Right-Back,2001-06-21,Brazil,,548,AS Monaco FC,2001
128040,Ansu Fati,Left Winger,2002-10-31,Spain,,548,AS Monaco FC,2001
81039,Mohammed Salisu,Centre-Back,1999-04-17,Ghana,,548,AS Monaco FC,2001
67965,Jordan Teze,Right-Back,1999-09-30,Netherlands,,548,AS Monaco FC,2001
15100,Takumi Minamino,Left Winger,1995-01-16,Japan,,548,AS Monaco FC,2001
7328,Wout Faes,Centre-Back,1998-04-03,Belgium,,548,AS Monaco FC,2001
6493,Thilo Kehrer,Centre-Back,1996-09-21,Germany,,548,AS Monaco FC,2001
3683,Aleksandr Golovin,Attacking Midfield,1996-05-30,Russia,,548,AS Monaco FC,2001
3366,Paul Pogba,Central Midfield,1993-03-15,France,,548,AS Monaco FC,2001
3314,Eric Dier,Centre-Back,1994-01-15,England,,548,AS Monaco FC,2001
1612,Caio Henrique,Left-Back,1997-07-31,Brazil,,548,AS Monaco FC,2001
244898,Mamadou Coulibaly,Central Midfield,2004-04-21,France,,548,AS Monaco FC,2001
244696,Paris Brunner,Centre-Forward,2006-02-15,Germany,,548,AS Monaco FC,2001
221295,Stanis Idumbo-Muzambo,Attacking Midfield,2005-06-29,Belgium,,548,AS Monaco FC,2001
188481,Christian Mawissa,Centre-Back,2005-04-18,France,,548,AS Monaco FC,2001
185069,Kassoum Ouattara,Left-Back,2004-10-14,France,,548,AS Monaco FC,2001
177260,Mika Biereth,Centre-Forward,2003-02-08,Denmark,,548,AS Monaco FC,2001
30283,Uğurcan Çakır,Goalkeeper,1996-04-05,Turkey,,610,Galatasaray SK,2001
30516,Günay Güvenç,Goalkeeper,1991-07-25,Turkey,,610,Galatasaray SK,2001
167253,Batuhan Sen,Goalkeeper,1999-02-03,Turkey,,610,Galatasaray SK,2001
289951,Arda Yılmaz,Goalkeeper,2008-02-13,Turkey,,610,Galatasaray SK,2001
295492,Enes Büyük,Goalkeeper,2006-05-08,Turkey,,610,Galatasaray SK,2001
194,Ismail Jakobs,Defence,1999-08-17,Senegal,,610,Galatasaray SK,2001
3733,Davinson Sánchez,Defence,1996-06-12,Colombia,,610,Galatasaray SK,2001
29804,Abdülkerim Bardakcı,Defence,1994-09-07,Turkey,,610,Galatasaray SK,2001
113375,Wilfried Singo,Defence,2000-12-25,Ivory Coast,,610,Galatasaray SK,2001
145831,Evren Eren Elmalı,Defence,2000-07-07,Turkey,,610,Galatasaray SK,2001
186626,Metehan Baltaci,Defence,2002-11-03,Turkey,,610,Galatasaray SK,2001
191211,Arda Unyay,Defence,2007-01-18,Turkey,,610,Galatasaray SK,2001
289569,Yusuf Kahraman,Defence,2008-03-26,Turkey,,610,Galatasaray SK,2001
290024,Cihan Akgün,Defence,2009-07-31,Turkey,,610,Galatasaray SK,2001
2260,Lucas Torreira,Midfield,1996-02-11,Uruguay,,610,Galatasaray SK,2001
7565,Noa Lang,Midfield,1999-06-17,Netherlands,,610,Galatasaray SK,2001
9512,Kaan Ayhan,Midfield,1994-11-10,Turkey,,610,Galatasaray SK,2001
168955,Gabriel Sara,Midfield,1999-06-26,Brazil,,610,Galatasaray SK,2001
220656,Gökdeniz Gürpüz,Midfield,2006-02-25,Turkey,,610,Galatasaray SK,2001
289567,Eyüp Karasu,Midfield,2007-07-13,Turkey,,610,Galatasaray SK,2001
289568,Ege Araç,Midfield,2007-02-28,Turkey,,610,Galatasaray SK,2001
290023,Necati Yançel,Midfield,2009-06-01,Turkey,,610,Galatasaray SK,2001
2014,Mauro Icardi,Offence,1993-02-19,Argentina,,610,Galatasaray SK,2001
3184,Leroy Sané,Offence,1996-01-11,Germany,,610,Galatasaray SK,2001
79906,Yunus Akgün,Offence,2000-07-07,Turkey,,610,Galatasaray SK,2001
100393,Ahmed Kutucu,Offence,2000-03-01,Turkey,,610,Galatasaray SK,2001
172081,Baris Yilmaz,Offence,2000-05-23,Turkey,,610,Galatasaray SK,2001
275403,Furkan Koçak,Offence,2008-03-02,Turkey,,610,Galatasaray SK,2001
277805,Renato Nhaga,Offence,2007-03-27,Guinea-Bissau,,610,Galatasaray SK,2001
289922,Can Güner,Offence,2008-01-07,Argentina,,610,Galatasaray SK,2001
290541,Ada Yüzgeç,Offence,2009-04-03,Turkey,,610,Galatasaray SK,2001
114915,Sacha Boey,Right-Back,2000-09-13,France,,610,Galatasaray SK,2001
16119,Roland Sallai,Right Winger,1997-05-22,Hungary,,610,Galatasaray SK,2001
9434,Victor Osimhen,Centre-Forward,1998-12-29,Nigeria,,610,Galatasaray SK,2001
8097,Mario Lemina,Defensive Midfield,1993-09-01,Gabon,,610,Galatasaray SK,2001
3182,Ilkay Gündogan,Central Midfield,1990-10-24,Germany,,610,Galatasaray SK,2001
156794,Yaser Asprilla,Right Winger,2003-11-19,Colombia,,610,Galatasaray SK,2001
6844,Fabijan Buntić,Goalkeeper,1997-02-24,Croatia,,611,Qarabağ Ağdam FK,2001
127478,Mateusz Kochalski,Goalkeeper,2000-07-25,Poland,,611,Qarabağ Ağdam FK,2001
172768,Amin Ramazanov,Goalkeeper,2003-01-20,Azerbaijan,,611,Qarabağ Ağdam FK,2001
207570,Şahrudin Mahammadaliyev,Goalkeeper,1994-06-12,Azerbaijan,,611,Qarabağ Ağdam FK,2001
9689,Samy Mmaee,Defence,1996-09-08,Morocco,,611,Qarabağ Ağdam FK,2001
15061,Bədavi Hüseynov,Defence,1991-07-11,Azerbaijan,,611,Qarabağ Ağdam FK,2001
15965,Abbas Hüseynov,Defence,1995-06-13,Azerbaijan,,611,Qarabağ Ağdam FK,2001
79852,Kevin Medina,Defence,1993-03-09,Colombia,,611,Qarabağ Ağdam FK,2001
103137,Matheus Silva,Defence,1997-10-03,Brazil,,611,Qarabağ Ağdam FK,2001
149698,Daniel,Defence,1999-06-18,Brazil,,611,Qarabağ Ağdam FK,2001
207560,Toral Bayramov,Defence,2001-02-23,Azerbaijan,,611,Qarabağ Ağdam FK,2001
207568,Bahlul Mustafazada,Defence,1997-02-27,Azerbaijan,,611,Qarabağ Ağdam FK,2001
228971,Jérémie Gnali,Defence,2002-04-12,Congo,,611,Qarabağ Ağdam FK,2001
295807,Sabuhi Niftiyev,Defence,2007-01-06,Azerbaijan,,611,Qarabağ Ağdam FK,2001
786,Abdellah Zoubir,Midfield,1991-12-05,France,,611,Qarabağ Ağdam FK,2001
13915,Kady Borges,Midfield,1996-05-02,Brazil,,611,Qarabağ Ağdam FK,2001
15135,Marko Janković,Midfield,1995-07-09,Montenegro,,611,Qarabağ Ağdam FK,2001
85109,Elvin Cəfərquliyev,Midfield,2000-10-26,Azerbaijan,,611,Qarabağ Ağdam FK,2001
99894,Pedro Bicalho,Midfield,2001-04-23,Brazil,,611,Qarabağ Ağdam FK,2001
147779,Leandro Andrade,Midfield,1999-09-24,Cape Verde Islands,,611,Qarabağ Ağdam FK,2001
180261,Joni Montiel,Midfield,1998-09-03,Spain,,611,Qarabağ Ağdam FK,2001
188164,Oleksiy Kashchuk,Midfield,2000-06-29,Ukraine,,611,Qarabağ Ağdam FK,2001
278522,Hikmət Cəbrayılzadə,Midfield,2007-08-02,Azerbaijan,,611,Qarabağ Ağdam FK,2001
295803,Nicat Khasiyev,Midfield,2006-02-23,Azerbaijan,,611,Qarabağ Ağdam FK,2001
295804,Mehdi Mutallimli,Midfield,2007-12-12,Azerbaijan,,611,Qarabağ Ağdam FK,2001
295805,Mahammad Imamaliyev,Midfield,2007-09-23,Azerbaijan,,611,Qarabağ Ağdam FK,2001
295806,Hacı İbrahim,Midfield,2005-09-25,Azerbaijan,,611,Qarabağ Ağdam FK,2001
128330,Musa Qurbanlı,Offence,2002-04-13,Azerbaijan,,611,Qarabağ Ağdam FK,2001
172265,Ramil Sheydaev,Offence,1996-03-15,Azerbaijan,,611,Qarabağ Ağdam FK,2001
211841,Emmanuel Addai,Offence,2001-08-01,Ghana,,611,Qarabağ Ağdam FK,2001
270725,Camilo Durán,Offence,2002-02-10,Colombia,,611,Qarabağ Ağdam FK,2001
43492,Alexandros Paschalakis,Goalkeeper,1989-07-28,Greece,,654,PAE Olympiakos SFP,2001
170812,Konstantinos Tzolakis,Goalkeeper,2002-11-08,Greece,,654,PAE Olympiakos SFP,2001
188850,Nikolaos Botis,Goalkeeper,2004-03-31,Greece,,654,PAE Olympiakos SFP,2001
286422,Alexandros Exarchos,Goalkeeper,2005-06-02,Greece,,654,PAE Olympiakos SFP,2001
286424,Georgios Kouraklis,Goalkeeper,2006-03-18,Greece,,654,PAE Olympiakos SFP,2001
155,Panagiotis Retsos,Defence,1998-08-09,Greece,,654,PAE Olympiakos SFP,2001
1539,Rodinei,Defence,1992-01-29,Brazil,,654,PAE Olympiakos SFP,2001
33143,Rúben Vezo,Defence,1994-04-25,Portugal,,654,PAE Olympiakos SFP,2001
46350,Francisco Ortega,Defence,1999-03-19,Argentina,,654,PAE Olympiakos SFP,2001
99805,Giulian Biancone,Defence,2000-03-31,France,,654,PAE Olympiakos SFP,2001
209486,Alexios Kalogeropoulos,Defence,2004-07-26,Greece,,654,PAE Olympiakos SFP,2001
250812,Isidoros-Chrysovalantis Koutsidis,Defence,2004-12-23,Greece,,654,PAE Olympiakos SFP,2001
37256,Chiquinho,Midfield,1995-07-19,Portugal,,654,PAE Olympiakos SFP,2001
137950,Christos Liatsos,Midfield,2003-09-01,Greece,,654,PAE Olympiakos SFP,2001
141302,Santiago Hezze,Midfield,2001-10-22,Argentina,,654,PAE Olympiakos SFP,2001
188149,Diby Keita,Midfield,2003-07-08,Spain,,654,PAE Olympiakos SFP,2001
213079,Diogo Nascimento,Midfield,2002-11-02,Portugal,,654,PAE Olympiakos SFP,2001
251295,Lorenzo Scipioni,Midfield,2004-11-24,Argentina,,654,PAE Olympiakos SFP,2001
264301,Christos Mouzakitis,Midfield,2006-12-25,Greece,,654,PAE Olympiakos SFP,2001
264305,Athanasios Koutsogoulas,Midfield,2004-04-03,Greece,,654,PAE Olympiakos SFP,2001
277588,Nektarios Alafakis,Midfield,2006-03-13,Greece,,654,PAE Olympiakos SFP,2001
280463,Argyrios Liatsikouras,Midfield,2006-12-20,Greece,,654,PAE Olympiakos SFP,2001
141542,Clayton,Offence,1999-01-11,Brazil,,654,PAE Olympiakos SFP,2001
172417,Ayoub El Kaabi,Offence,1993-06-25,Morocco,,654,PAE Olympiakos SFP,2001
251000,Konstantinos Angelakis,Offence,2007-08-07,Greece,,654,PAE Olympiakos SFP,2001
286063,Taiye Abdulateef Yusuf,Offence,2006-01-02,Greece,,654,PAE Olympiakos SFP,2001
137678,Lorenzo Pirola,Centre-Back,2002-02-20,Italy,,654,PAE Olympiakos SFP,2001
33343,Dani García,Central Midfield,1990-05-24,Spain,,654,PAE Olympiakos SFP,2001
30299,Yusuf Yazıcı,Attacking Midfield,1997-01-29,Turkey,,654,PAE Olympiakos SFP,2001
15890,Daniel Podence,Right Winger,1995-10-21,Portugal,,654,PAE Olympiakos SFP,2001
3820,Mehdi Taremi,Centre-Forward,1992-07-18,Iran,,654,PAE Olympiakos SFP,2001
3256,Gelson Martins,Right Winger,1995-05-11,Portugal,,654,PAE Olympiakos SFP,2001
188088,Bruno Onyemaechi,Left-Back,1999-04-03,Nigeria,,654,PAE Olympiakos SFP,2001
185116,Costinha,Right-Back,2000-03-26,Portugal,,654,PAE Olympiakos SFP,2001
178810,André Luiz,Centre-Forward,2002-02-23,Brazil,,654,PAE Olympiakos SFP,2001
7673,Nick Olij,Goalkeeper,1995-08-01,Netherlands,,674,PSV,2001
136350,Matej Kovar,Goalkeeper,2000-05-17,Czech Republic,,674,PSV,2001
172077,Niek Schiks,Goalkeeper,2004-02-03,Netherlands,,674,PSV,2001
188079,Tijn Smolenaars,Goalkeeper,2005-02-23,Netherlands,,674,PSV,2001
7443,Armando Obispo,Defence,1999-03-05,Curaçao,,674,PSV,2001
137693,Anass Salah-Eddine,Defence,2002-01-18,Morocco,,674,PSV,2001
278178,Fabian Merién,Defence,2008-09-26,Netherlands,,674,PSV,2001
7688,Guus Til,Midfield,1997-12-22,Netherlands,,674,PSV,2001
130173,Ismael Saibari,Midfield,2001-01-28,Morocco,,674,PSV,2001
176932,Paul Wanner,Midfield,2005-12-23,Austria,,674,PSV,2001
215421,Wessel Kuhn,Midfield,2006-09-16,Netherlands,,674,PSV,2001
218290,Joel van den Berg,Midfield,2007-02-11,Netherlands,,674,PSV,2001
218390,Jordy Bawuah,Midfield,2006-11-17,Belgium,,674,PSV,2001
220120,Nicolas Verkooijen,Midfield,2006-12-05,Belgium,,674,PSV,2001
263656,Jim Koller,Midfield,2007-03-31,Netherlands,,674,PSV,2001
283059,Noah Fernandez,Midfield,2008-01-09,Belgium,,674,PSV,2001
2004,Ivan Perišić,Offence,1989-02-02,Croatia,,674,PSV,2001
119731,Ricardo Pepi,Offence,2003-01-09,USA,,674,PSV,2001
186380,Esmir Bajraktarevic,Offence,2005-03-10,Bosnia-Herzegovina,,674,PSV,2001
97534,Sergiño Dest,Right-Back,2000-11-03,USA,,674,PSV,2001
53426,Joey Veerman,Central Midfield,1998-11-19,Netherlands,,674,PSV,2001
15781,Dennis Man,Right Winger,1998-08-26,Romania,,674,PSV,2001
9770,Jerdy Schouten,Defensive Midfield,1997-01-12,Netherlands,,674,PSV,2001
8443,Alassane Pléa,Centre-Forward,1993-03-10,France,,674,PSV,2001
7703,Myron Boadu,Centre-Forward,2001-01-14,Netherlands,,674,PSV,2001
7451,Mauro Júnior,Left-Back,1999-05-06,Brazil,,674,PSV,2001
221412,Yarek Gasiorowski,Centre-Back,2005-01-12,Spain,,674,PSV,2001
184642,Ryan Flamingo,Centre-Back,2002-12-31,Netherlands,,674,PSV,2001
181984,Ruben van Bommel,Left Winger,2004-08-03,Netherlands,,674,PSV,2001
150536,Couhaib Driouech,Left Winger,2002-04-17,Morocco,,674,PSV,2001
142790,Kiliann Sildillia,Right-Back,2002-05-16,France,,674,PSV,2001
9854,Maarten Paes,Goalkeeper,1998-05-14,Indonesia,,678,AFC Ajax,2001
152579,Vítězslav Jaroš,Goalkeeper,2001-07-23,Czech Republic,,678,AFC Ajax,2001
202183,Paul Reverson,Goalkeeper,2005-06-20,Netherlands,,678,AFC Ajax,2001
264453,Aymean el Hani,Goalkeeper,2007-05-09,Netherlands,,678,AFC Ajax,2001
272771,Joeri Heerkens,Goalkeeper,2006-05-08,Netherlands,,678,AFC Ajax,2001
294576,Valentijn van der Velde,Goalkeeper,2007-01-12,Netherlands,,678,AFC Ajax,2001
9034,Takehiro Tomiyasu,Defence,1998-11-05,Japan,,678,AFC Ajax,2001
48902,Ko Itakura,Defence,1997-01-27,Japan,,678,AFC Ajax,2001
134835,Josip Šutalo,Defence,2000-02-28,Croatia,,678,AFC Ajax,2001
249025,Jorthy Mokio,Defence,2008-02-29,Belgium,,678,AFC Ajax,2001
250979,Aaron Bouwman,Defence,2007-08-28,Netherlands,,678,AFC Ajax,2001
261341,Lucas Jetten,Defence,2007-06-07,Netherlands,,678,AFC Ajax,2001
265344,Mylo van der Lans,Defence,2007-04-11,Netherlands,,678,AFC Ajax,2001
270676,Ryan van de Pavert,Defence,2006-01-24,Netherlands,,678,AFC Ajax,2001
276935,Marvyn Muzungu,Defence,2007-11-28,France,,678,AFC Ajax,2001
286356,Kennynho Kasanwirjo,Defence,2008-01-04,Netherlands,,678,AFC Ajax,2001
190731,Oscar Gloukh,Midfield,2004-01-04,Israel,,678,AFC Ajax,2001
251265,Sean Steur,Midfield,2008-01-11,Netherlands,,678,AFC Ajax,2001
265342,Jinairo Johnson,Midfield,2007-04-08,Netherlands,,678,AFC Ajax,2001
265343,Mark Verkuijl,Midfield,2006-02-10,Netherlands,,678,AFC Ajax,2001
273341,Rayane Bounida,Midfield,2006-03-03,Belgium,,678,AFC Ajax,2001
282165,Abdellah Ouazane,Midfield,2009-01-15,Morocco,,678,AFC Ajax,2001
286147,Tijn Peters,Midfield,2006-03-03,Netherlands,,678,AFC Ajax,2001
290695,Mohamed Abdalla,Midfield,2009-10-19,Netherlands,,678,AFC Ajax,2001
7570,Kasper Dolberg,Offence,1997-10-06,Denmark,,678,AFC Ajax,2001
7697,Wout Weghorst,Offence,1992-08-07,Netherlands,,678,AFC Ajax,2001
250608,Maher Carrizo,Offence,2006-02-19,Argentina,,678,AFC Ajax,2001
251224,Emre Ünüvar,Offence,2008-03-18,Netherlands,,678,AFC Ajax,2001
261340,Don-Angelo Konadu,Offence,2006-05-03,Netherlands,,678,AFC Ajax,2001
287306,Pharell Nash,Offence,2008-02-07,Netherlands,,678,AFC Ajax,2001
189574,Mika Godts,Left Winger,2005-06-07,Belgium,,678,AFC Ajax,2001
188830,Lucas Rosa,Right-Back,2000-04-03,Brazil,,678,AFC Ajax,2001
184716,Anton Gaaei,Right-Back,2002-11-19,Denmark,,678,AFC Ajax,2001
157120,Kian Fitz-Jim,Central Midfield,2003-07-05,Netherlands,,678,AFC Ajax,2001
156856,Youri Baas,Left-Back,2003-03-17,Netherlands,,678,AFC Ajax,2001
142087,Youri Regeer,Central Midfield,2003-08-18,Netherlands,,678,AFC Ajax,2001
130053,Oliver Edvardsen,Left Winger,1999-03-19,Norway,,678,AFC Ajax,2001
7889,Oleksandr Zinchenko,Left-Back,1996-12-15,Ukraine,,678,AFC Ajax,2001
7841,Davy Klaassen,Central Midfield,1993-02-21,Netherlands,,678,AFC Ajax,2001
7679,Owen Wijndal,Left-Back,1999-11-28,Netherlands,,678,AFC Ajax,2001
7478,Steven Berghuis,Right Winger,1991-12-19,Netherlands,,678,AFC Ajax,2001
3640,Simon Mignolet,Goalkeeper,1988-03-06,Belgium,,851,Club Brugge KV,2001
8959,Nordin Jackers,Goalkeeper,1997-09-05,Belgium,,851,Club Brugge KV,2001
191279,Dani van den Heuvel,Goalkeeper,2003-05-28,Netherlands,,851,Club Brugge KV,2001
213455,Argus Vanden Driessche,Goalkeeper,2007-04-22,Belgium,,851,Club Brugge KV,2001
213524,Axl De Corte,Goalkeeper,2006-03-24,Belgium,,851,Club Brugge KV,2001
260975,Vince Osuji,Goalkeeper,2006-04-06,Nigeria,,851,Club Brugge KV,2001
289785,Stefan Ostoici,Goalkeeper,2009-02-03,Hungary,,851,Club Brugge KV,2001
8873,Brandon Mechele,Defence,1993-01-28,Belgium,,851,Club Brugge KV,2001
154080,Hugo Siquet,Defence,2002-07-09,Belgium,,851,Club Brugge KV,2001
161056,Jorne Spileers,Defence,2005-01-21,Belgium,,851,Club Brugge KV,2001
169174,Bjorn Meijer,Defence,2003-03-18,Netherlands,,851,Club Brugge KV,2001
178928,Joel Ordoñez,Defence,2004-04-21,Ecuador,,851,Club Brugge KV,2001
213465,Kyriani Sabbe,Defence,2005-01-26,Belgium,,851,Club Brugge KV,2001
213534,Joaquin Seys,Defence,2005-03-28,Belgium,,851,Club Brugge KV,2001
247045,Bi Abdoul Yaméogo,Defence,2004-12-17,Ivory Coast,,851,Club Brugge KV,2001
8888,Hans Vanaken,Midfield,1992-08-24,Belgium,,851,Club Brugge KV,2001
38417,Hugo Vetlesen,Midfield,2000-02-28,Belgium,,851,Club Brugge KV,2001
144434,Christos Tzolis,Midfield,2002-01-30,Greece,,851,Club Brugge KV,2001
147763,Lynnt Audoor,Midfield,2003-10-13,Belgium,,851,Club Brugge KV,2001
170776,Raphael Onyedika,Midfield,2001-04-19,Nigeria,,851,Club Brugge KV,2001
218293,Samuel Gomez van Hoogen,Midfield,2006-01-24,Belgium,,851,Club Brugge KV,2001
279720,Alejandro Granados,Midfield,2006-05-30,Spain,,851,Club Brugge KV,2001
290794,Tian Koren,Midfield,2009-07-31,Slovenia,,851,Club Brugge KV,2001
24083,Gustaf Nilsson,Offence,1997-05-23,Sweden,,851,Club Brugge KV,2001
147776,Romeo Vermant,Offence,2004-01-24,Germany,,851,Club Brugge KV,2001
206779,Mamadou Diakhon,Offence,2005-09-22,France,,851,Club Brugge KV,2001
214423,Carlos Forbs,Offence,2004-03-19,Portugal,,851,Club Brugge KV,2001
275200,Shandre Campbell,Offence,2005-07-15,South Africa,,851,Club Brugge KV,2001
171406,Felix Lemarechal,Attacking Midfield,2003-08-07,France,,851,Club Brugge KV,2001
147773,Cisse Sandra,Central Midfield,2003-12-16,Belgium,,851,Club Brugge KV,2001
7532,Ludovit Reis,Central Midfield,2000-06-01,Netherlands,,851,Club Brugge KV,2001
188920,Aleksandar Stankovic,Defensive Midfield,2005-08-03,Italy,,851,Club Brugge KV,2001
177321,Nicolo Tresoldi,Centre-Forward,2004-08-20,Italy,,851,Club Brugge KV,2001
16210,Ondřej Kolar,Goalkeeper,1994-10-17,Czech Republic,,930,SK Slavia Praha,2001
120246,Jindřich Staněk,Goalkeeper,1996-04-27,Czech Republic,,930,SK Slavia Praha,2001
127936,Jakub Markovič,Goalkeeper,2001-07-13,Czech Republic,,930,SK Slavia Praha,2001
15731,Jan Bořil,Defence,1991-01-11,Czech Republic,,930,SK Slavia Praha,2001
62769,Tomáš Holeš,Defence,1993-03-31,Czech Republic,,930,SK Slavia Praha,2001
62882,Oscar Dorley,Defence,1998-07-19,Liberia,,930,SK Slavia Praha,2001
99007,Tomáš Vlček,Defence,2001-02-28,Czech Republic,,930,SK Slavia Praha,2001
127813,David Zima,Defence,2000-11-08,Czech Republic,,930,SK Slavia Praha,2001
146716,David Jurásek,Defence,2000-08-07,Czech Republic,,930,SK Slavia Praha,2001
147295,Dominik Javorček,Defence,2002-11-02,Slovakia,,930,SK Slavia Praha,2001
167277,Igoh Ogbu,Defence,2000-02-08,Nigeria,,930,SK Slavia Praha,2001
254530,Štěpán Chaloupek,Defence,2003-03-08,Czech Republic,,930,SK Slavia Praha,2001
272047,Jakub Kolísek,Defence,2007-08-14,Czech Republic,,930,SK Slavia Praha,2001
285466,Youssoupha Mbodji,Defence,2004-01-09,Senegal,,930,SK Slavia Praha,2001
287946,Martin Kovář,Defence,2008-02-07,Czech Republic,,930,SK Slavia Praha,2001
288536,Eliáš Piták,Defence,2006-03-28,Czech Republic,,930,SK Slavia Praha,2001
290214,Samuel Isife,Defence,2004-07-13,Nigeria,,930,SK Slavia Praha,2001
292320,Chinedu Isaiah,Defence,2007-07-29,Nigeria,,930,SK Slavia Praha,2001
62511,Ivan Schranz,Midfield,1993-09-13,Slovakia,,930,SK Slavia Praha,2001
62635,Petr Ševčík,Midfield,1994-05-04,Czech Republic,,930,SK Slavia Praha,2001
62821,David Douděra,Midfield,1998-05-31,Czech Republic,,930,SK Slavia Praha,2001
67970,Michal Sadílek,Midfield,1999-05-31,Czech Republic,,930,SK Slavia Praha,2001
120279,Lukáš Provod,Midfield,1996-10-23,Czech Republic,,930,SK Slavia Praha,2001
185000,Muhammed Cham,Midfield,2000-09-26,Austria,,930,SK Slavia Praha,2001
263544,Alexandr Bužek,Midfield,2004-08-02,Czech Republic,,930,SK Slavia Praha,2001
267859,Youssoupha Sanyang,Midfield,2005-08-31,Gambia,,930,SK Slavia Praha,2001
272134,Marek Naskos,Midfield,2007-06-29,Czech Republic,,930,SK Slavia Praha,2001
275012,David Moses,Midfield,2004-01-20,Nigeria,,930,SK Slavia Praha,2001
286829,Adam Rajnoha,Midfield,2008-04-14,Slovakia,,930,SK Slavia Praha,2001
286830,Matouš Srb,Midfield,2009-09-01,Czech Republic,,930,SK Slavia Praha,2001
292047,Mubarak Suleiman,Midfield,2007-04-13,Nigeria,,930,SK Slavia Praha,2001
293295,Izuchukwu Okonkwo,Midfield,2006-04-05,Armenia,,930,SK Slavia Praha,2001
16396,Tomáš Chorý,Offence,1995-01-26,Czech Republic,,930,SK Slavia Praha,2001
99752,Mojmír Chytil,Offence,1999-04-29,Czech Republic,,930,SK Slavia Praha,2001
129765,Vasil Kušej,Offence,2000-05-24,Czech Republic,,930,SK Slavia Praha,2001
216178,Erik Prekop,Offence,1997-10-08,Slovakia,,930,SK Slavia Praha,2001
231040,Simion Michez,Offence,2002-02-09,Cameroon,,930,SK Slavia Praha,2001
244920,Samuel Pikolon,Offence,2006-03-05,Czech Republic,,930,SK Slavia Praha,2001
245865,Divine Teah,Offence,2006-04-19,Liberia,,930,SK Slavia Praha,2001
278515,Dan Kohout,Offence,2006-08-14,Czech Republic,,930,SK Slavia Praha,2001
286827,Petr Potměšil,Offence,2008-01-19,Czech Republic,,930,SK Slavia Praha,2001
286828,Bartosz Szywała,Offence,2009-01-13,Poland,,930,SK Slavia Praha,2001
3827,Rúnar Alex Rúnarsson,Goalkeeper,1995-02-18,Iceland,,1876,FC København,2001
67883,Dominik Kotarski,Goalkeeper,2000-02-10,Croatia,,1876,FC København,2001
247198,Oscar Buur,Goalkeeper,2006-10-29,Denmark,,1876,FC København,2001
293529,Tobias Breum-Harild,Goalkeeper,2007-10-25,Denmark,,1876,FC København,2001
58827,Marcos López,Defence,1999-11-20,Peru,,1876,FC København,2001
179731,Zanka,Defence,1990-04-23,Denmark,,1876,FC København,2001
181210,Junnosuke Suzuki,Defence,2003-07-12,Japan,,1876,FC København,2001
290973,Graham Ankamafio,Defence,2007-09-10,Denmark,,1876,FC København,2001
294859,Kyung-hyun Lee,Defence,2007-08-09,South Korea,,1876,FC København,2001
295258,Kenay Myrie Reyes,Defence,2006-09-06,Costa Rica,,1876,FC København,2001
3460,Thomas Delaney,Midfield,1991-09-03,Denmark,,1876,FC København,2001
24350,Mads Emil Madsen,Midfield,1998-01-14,Denmark,,1876,FC København,2001
24351,Magnus Mattsson,Midfield,1999-02-25,Denmark,,1876,FC København,2001
166879,Rodrigo Huescas,Midfield,2003-09-18,Mexico,,1876,FC København,2001
171368,Elias Achouri,Midfield,1999-02-10,Tunisia,,1876,FC København,2001
205565,William Clem,Midfield,2004-06-20,Denmark,,1876,FC København,2001
207506,Robert,Midfield,2005-04-13,Brazil,,1876,FC København,2001
251126,Oliver Højer,Midfield,2007-01-24,Denmark,,1876,FC København,2001
279763,Jonathan Moalem,Midfield,2007-02-01,Denmark,,1876,FC København,2001
1855,Andreas Cornelius,Offence,1993-03-16,Denmark,,1876,FC København,2001
16060,Mohamed Elyounoussi,Offence,1994-08-04,Norway,,1876,FC København,2001
31117,Jordan Larsson,Offence,1997-06-20,Sweden,,1876,FC København,2001
205562,Victor Claesson,Offence,1992-01-02,Sweden,,1876,FC København,2001
275666,Liam West,Offence,2007-12-16,Norway,,1876,FC København,2001
286556,Viktor Daðason,Offence,2008-06-30,Iceland,,1876,FC København,2001
292353,Geovanni Vianney,Offence,2007-09-25,Cameroon,,1876,FC København,2001
169152,Amir Richardson,Central Midfield,2002-01-24,Morocco,,1876,FC København,2001
150817,Youssoufa Moukoko,Centre-Forward,2004-11-20,Germany,,1876,FC København,2001
140940,Gabriel Pereira,Centre-Back,2000-05-07,Brazil,,1876,FC København,2001
15569,Birger Meling,Left-Back,1994-12-17,Norway,,1876,FC København,2001
9181,Buta,Right-Back,1997-02-10,Portugal,,1876,FC København,2001
7676,Pantelís Chatzidiákos,Centre-Back,1997-01-18,Greece,,1876,FC København,2001
111481,Anatolii Trubin,Goalkeeper,2001-08-01,Ukraine,,1903,Sport Lisboa e Benfica,2001
153846,Samuel Soares,Goalkeeper,2002-06-15,Portugal,,1903,Sport Lisboa e Benfica,2001
273525,Diogo Ferreira,Goalkeeper,2007-02-10,Portugal,,1903,Sport Lisboa e Benfica,2001
282866,Arnas Voitinovičius,Goalkeeper,2006-08-30,Lithuania,,1903,Sport Lisboa e Benfica,2001
3205,Nicolás Otamendi,Defence,1988-02-12,Argentina,,1903,Sport Lisboa e Benfica,2001
81816,Amar Dedić,Defence,2002-08-18,Austria,,1903,Sport Lisboa e Benfica,2001
177842,Tomas Araujo,Defence,2002-05-16,Portugal,,1903,Sport Lisboa e Benfica,2001
209178,Sidny Lopes Cabral,Defence,2002-09-18,Netherlands,,1903,Sport Lisboa e Benfica,2001
262709,João Fonseca,Defence,2006-08-31,Portugal,,1903,Sport Lisboa e Benfica,2001
262714,Joshua Wynder,Defence,2005-05-02,USA,,1903,Sport Lisboa e Benfica,2001
262856,Gonçalo Oliveira,Defence,2006-07-04,Portugal,,1903,Sport Lisboa e Benfica,2001
273524,Kevin Pinto,Defence,2006-09-23,Portugal,,1903,Sport Lisboa e Benfica,2001
282871,Daniel Banjaqui,Defence,2008-03-24,Portugal,,1903,Sport Lisboa e Benfica,2001
289781,José Neto,Defence,2008-04-19,Portugal,,1903,Sport Lisboa e Benfica,2001
8128,Dodi Lukebakio,Midfield,1997-09-24,Belgium,,1903,Sport Lisboa e Benfica,2001
38088,Fredrik Aursnes,Midfield,1995-12-10,Norway,,1903,Sport Lisboa e Benfica,2001
151558,Heorhii Sudakov,Midfield,2002-09-01,Ukraine,,1903,Sport Lisboa e Benfica,2001
170657,Richard Rios,Midfield,2000-06-02,Colombia,,1903,Sport Lisboa e Benfica,2001
183643,Franjo Ivanovic,Midfield,2003-10-01,Austria,,1903,Sport Lisboa e Benfica,2001
246194,Diogo Prioste,Midfield,2004-03-26,Portugal,,1903,Sport Lisboa e Benfica,2001
262645,João Veloso,Midfield,2005-06-26,Portugal,,1903,Sport Lisboa e Benfica,2001
275555,Tiago Freitas,Midfield,2006-08-17,Portugal,,1903,Sport Lisboa e Benfica,2001
282868,Miguel Figueiredo,Midfield,2008-08-02,Portugal,,1903,Sport Lisboa e Benfica,2001
16748,Rafa Silva,Offence,1993-05-17,Portugal,,1903,Sport Lisboa e Benfica,2001
67299,Vangelis Pavlidis,Offence,1998-11-21,Greece,,1903,Sport Lisboa e Benfica,2001
157796,Andreas Schjelderup,Offence,2004-06-01,Norway,,1903,Sport Lisboa e Benfica,2001
251296,João Rêgo,Offence,2005-06-20,Portugal,,1903,Sport Lisboa e Benfica,2001
263708,Rodrigo Rêgo,Offence,2005-01-03,Portugal,,1903,Sport Lisboa e Benfica,2001
282872,Gonçalo Moreira,Offence,2006-01-03,Portugal,,1903,Sport Lisboa e Benfica,2001
291341,Anísio Cabral,Offence,2008-02-15,Portugal,,1903,Sport Lisboa e Benfica,2001
182123,Gianluca Prestianni,Right Winger,2006-01-31,Argentina,,1903,Sport Lisboa e Benfica,2001
177322,Henrique Araujo,Centre-Forward,2002-01-19,Portugal,,1903,Sport Lisboa e Benfica,2001
175753,Samuel Dahl,Left-Back,2003-03-04,Sweden,,1903,Sport Lisboa e Benfica,2001
158894,Enzo Barrenechea,Defensive Midfield,2001-05-22,Argentina,,1903,Sport Lisboa e Benfica,2001
82403,Leandro Barreiro Martins,Central Midfield,2000-01-03,Luxembourg,,1903,Sport Lisboa e Benfica,2001
70583,Alexander Bah,Right-Back,1997-12-09,Denmark,,1903,Sport Lisboa e Benfica,2001
9553,Bruma,Left Winger,1994-10-24,Guinea-Bissau,,1903,Sport Lisboa e Benfica,2001
194008,Manu Silva,Defensive Midfield,2001-06-12,Portugal,,1903,Sport Lisboa e Benfica,2001
185610,Antonio Silva,Centre-Back,2003-10-31,Portugal,,1903,Sport Lisboa e Benfica,2001
9155,Jens Teunckens,Goalkeeper,1998-01-30,Belgium,,3929,Royale Union Saint-Gilloise,2001
9814,Kjell Scherpen,Goalkeeper,2000-01-23,Netherlands,,3929,Royale Union Saint-Gilloise,2001
165236,Vic Chambaere,Goalkeeper,2003-01-10,Belgium,,3929,Royale Union Saint-Gilloise,2001
254081,Giorgi Kavlashvili,Goalkeeper,2007-01-24,Georgia,,3929,Royale Union Saint-Gilloise,2001
280888,Adriaan Van Etten,Goalkeeper,,Belgium,,3929,Royale Union Saint-Gilloise,2001
4910,Christian Burgess,Defence,1991-10-07,England,,3929,Royale Union Saint-Gilloise,2001
6222,Ross Sykes,Defence,1999-03-26,England,,3929,Royale Union Saint-Gilloise,2001
16816,Guillaume François,Defence,1990-06-03,Belgium,,3929,Royale Union Saint-Gilloise,2001
45677,Kevin Mac Allister,Defence,1997-11-07,Argentina,,3929,Royale Union Saint-Gilloise,2001
128331,Fedde Leysen,Defence,2003-07-09,Belgium,,3929,Royale Union Saint-Gilloise,2001
147875,Louis Patris,Defence,2001-06-07,Belgium,,3929,Royale Union Saint-Gilloise,2001
147894,Yari Stevens,Defence,2003-12-18,Belgium,,3929,Royale Union Saint-Gilloise,2001
250970,Mamadou Barry,Defence,,Senegal,,3929,Royale Union Saint-Gilloise,2001
290738,Massiré Sylla,Defence,2005-01-07,Senegal,,3929,Royale Union Saint-Gilloise,2001
291274,Noah Stassin,Defence,2004-07-05,Belgium,,3929,Royale Union Saint-Gilloise,2001
9329,Rob Schoofs,Midfield,1994-03-23,Belgium,,3929,Royale Union Saint-Gilloise,2001
123292,Anouar Ait El Hadj,Midfield,2002-04-20,Belgium,,3929,Royale Union Saint-Gilloise,2001
130454,Adem Zorgane,Midfield,2000-01-06,Algeria,,3929,Royale Union Saint-Gilloise,2001
160850,Ivan Pavlic,Midfield,2001-11-10,Belgium,,3929,Royale Union Saint-Gilloise,2001
180627,Besfort Zeneli,Midfield,2002-11-21,Sweden,,3929,Royale Union Saint-Gilloise,2001
185608,Nathan Huygevelde,Midfield,2004-01-23,Belgium,,3929,Royale Union Saint-Gilloise,2001
260723,Kamiel Van De Perre,Midfield,2004-02-12,Belgium,,3929,Royale Union Saint-Gilloise,2001
126432,Ousseynou Niang,Offence,2001-10-12,Senegal,,3929,Royale Union Saint-Gilloise,2001
177221,Soulaimane Berradi,Offence,2004-11-20,Belgium,,3929,Royale Union Saint-Gilloise,2001
184623,Mateo Biondic,Offence,2003-07-24,Germany,,3929,Royale Union Saint-Gilloise,2001
187456,Mohammed Fuseini,Offence,2002-05-16,Ghana,,3929,Royale Union Saint-Gilloise,2001
189975,Kevin Rodríguez,Offence,2000-03-04,Ecuador,,3929,Royale Union Saint-Gilloise,2001
212465,Raul Florucz,Offence,2001-06-10,Austria,,3929,Royale Union Saint-Gilloise,2001
213425,Anan Khalaili,Offence,2004-09-03,Israel,,3929,Royale Union Saint-Gilloise,2001
218790,Guilherme Carvalho,Offence,2003-06-11,Brazil,,3929,Royale Union Saint-Gilloise,2001
255451,Marc Giger,Offence,2004-03-27,Switzerland,,3929,Royale Union Saint-Gilloise,2001
260992,Promise Akinpelu,Offence,2001-07-03,Canada,,3929,Royale Union Saint-Gilloise,2001
282722,Sekou Keita,Offence,2006-05-02,Belgium,,3929,Royale Union Saint-Gilloise,2001
291748,Youssef Hamoutahar,Offence,2006-05-29,Belgium,,3929,Royale Union Saint-Gilloise,2001
44492,Julian Lund,Goalkeeper,1999-05-20,Norway,,5721,FK Bodø/Glimt,2001
167067,Nikita Haikin,Goalkeeper,1995-07-11,Russia,,5721,FK Bodø/Glimt,2001
191998,Isak Sjong,Goalkeeper,2007-01-08,Norway,,5721,FK Bodø/Glimt,2001
37913,Fredrik Bjørkan,Defence,1998-08-21,Norway,,5721,FK Bodø/Glimt,2001
38516,Jostein Gundersen,Defence,1996-04-02,Norway,,5721,FK Bodø/Glimt,2001
167108,Ole Blomberg,Defence,2000-06-12,Norway,,5721,FK Bodø/Glimt,2001
207587,Haitam Aleesami,Defence,1991-07-31,Norway,,5721,FK Bodø/Glimt,2001
250420,Villads Nielsen,Defence,2005-01-29,Denmark,,5721,FK Bodø/Glimt,2001
37924,Patrick Berg,Midfield,1997-11-24,Norway,,5721,FK Bodø/Glimt,2001
37925,Ulrik Saltnes,Midfield,1992-11-10,Norway,,5721,FK Bodø/Glimt,2001
37928,Håkon Evjen,Midfield,2000-02-14,Norway,,5721,FK Bodø/Glimt,2001
38125,Odin Lurås Bjørtuft,Midfield,1998-12-19,Norway,,5721,FK Bodø/Glimt,2001
38416,Ola Brynhildsen,Midfield,1999-04-27,Norway,,5721,FK Bodø/Glimt,2001
44413,Sondre Fet,Midfield,1997-01-17,Norway,,5721,FK Bodø/Glimt,2001
77409,August Mikkelsen,Midfield,2000-10-24,Norway,,5721,FK Bodø/Glimt,2001
115436,Isak Määttä,Midfield,2001-09-19,Norway,,5721,FK Bodø/Glimt,2001
144662,Sondre Auklend,Midfield,2003-06-10,Norway,,5721,FK Bodø/Glimt,2001
144957,Anders Klynge,Midfield,2000-10-14,Denmark,,5721,FK Bodø/Glimt,2001
180430,Magnus Riisnæs,Midfield,2004-11-04,Norway,,5721,FK Bodø/Glimt,2001
180517,Fredrik Sjøvold,Midfield,2003-08-17,Norway,,5721,FK Bodø/Glimt,2001
182005,Daniel Bassi,Midfield,2004-10-31,Norway,,5721,FK Bodø/Glimt,2001
290972,Hindrin Najah Chooly,Midfield,2008-06-18,Norway,,5721,FK Bodø/Glimt,2001
37902,Andreas Helmersen,Offence,1998-03-15,Norway,,5721,FK Bodø/Glimt,2001
37916,Jens Hauge,Offence,1999-10-12,Norway,,5721,FK Bodø/Glimt,2001
184735,Kasper Högh,Offence,2000-12-06,Denmark,,5721,FK Bodø/Glimt,2001
274833,Mikkel Hansen,Offence,2009-01-15,Denmark,,5721,FK Bodø/Glimt,2001
272825,Temirlan Anarbekov,Goalkeeper,2003-10-14,Kazakhstan,,10601,FK Kairat,2001
280076,Sherkhan Kalmurza,Goalkeeper,2007-06-15,Kazakhstan,,10601,FK Kairat,2001
286436,Bakhtiyar Aldashev,Goalkeeper,2008-02-12,Kazakhstan,,10601,FK Kairat,2001
289894,Danila Buch,Goalkeeper,2008-04-20,Kazakhstan,,10601,FK Kairat,2001
61075,Lucas Áfrico,Defence,1995-02-05,Brazil,,10601,FK Kairat,2001
171024,Aleksandr Shirobokov,Defence,2003-01-02,Kazakhstan,,10601,FK Kairat,2001
180976,Aleksandr Martinovich,Defence,1987-08-26,Belarus,,10601,FK Kairat,2001
184280,Lev Kurgin,Defence,2002-06-06,Kazakhstan,,10601,FK Kairat,2001
184282,Adilet Sadybekov,Defence,2002-05-26,Kazakhstan,,10601,FK Kairat,2001
184284,Erkin Tapalov,Defence,1993-09-03,Kazakhstan,,10601,FK Kairat,2001
184299,Damir Kasabulat,Defence,2002-08-29,Kazakhstan,,10601,FK Kairat,2001
279301,Daniyar Tashpulatov,Defence,2007-08-21,Kazakhstan,,10601,FK Kairat,2001
290969,Amirbek Bazarbaev,Defence,2007-01-02,Kazakhstan,,10601,FK Kairat,2001
294389,Sanat Nurbolat,Defence,2008-09-22,Kazakhstan,,10601,FK Kairat,2001
294391,Adlan Nurgaliyev,Defence,2007-01-26,Kazakhstan,,10601,FK Kairat,2001
294392,Mustafa Shen,Defence,2007-06-07,Kazakhstan,,10601,FK Kairat,2001
294395,Rayimbek Kenesbekov,Defence,2008-01-30,Kazakhstan,,10601,FK Kairat,2001
294399,Akezhan Kalikulov,Defence,2008-04-02,Kazakhstan,,10601,FK Kairat,2001
25775,Jaakko Oksanen,Midfield,2000-11-07,Finland,,10601,FK Kairat,2001
40782,Dan Glazer,Midfield,1996-09-20,Israel,,10601,FK Kairat,2001
181698,Oiva Jukkola,Midfield,2002-05-21,Finland,,10601,FK Kairat,2001
253997,Aleksandr Mrynskiy,Midfield,2004-07-15,Kazakhstan,,10601,FK Kairat,2001
279249,Olzhas Baybek,Midfield,2005-02-11,Kazakhstan,,10601,FK Kairat,2001
290967,Mukhamedali Abish,Midfield,2007-10-22,Kazakhstan,,10601,FK Kairat,2001
293796,Shyngys Duysenbek,Midfield,2006-01-13,Kazakhstan,,10601,FK Kairat,2001
294390,Alamgir Smakov,Midfield,2008-05-28,Kazakhstan,,10601,FK Kairat,2001
294393,Karim Makhametzhan,Midfield,2007-10-11,Kazakhstan,,10601,FK Kairat,2001
294394,Tore Ismagulov,Midfield,2008-04-10,Kazakhstan,,10601,FK Kairat,2001
294398,Yevgeniy Petrik,Midfield,2008-05-31,Kazakhstan,,10601,FK Kairat,2001
15921,Luís Mata,Offence,1997-07-06,Portugal,,10601,FK Kairat,2001
168985,Ricardinho,Offence,2001-04-23,Brazil,,10601,FK Kairat,2001
212406,Edmilson,Offence,1997-04-19,Brazil,,10601,FK Kairat,2001
216468,Jorginho,Offence,1997-11-09,Portugal,,10601,FK Kairat,2001
250513,Sebastián Zeballos,Offence,2001-07-17,Argentina,,10601,FK Kairat,2001
277157,Dastan Satpayev,Offence,2008-08-12,Kazakhstan,,10601,FK Kairat,2001
279208,Azamat Tuyakbaev,Offence,2007-07-13,Kazakhstan,,10601,FK Kairat,2001
279240,Ismail Bekbolat,Offence,2008-01-10,Kazakhstan,,10601,FK Kairat,2001
279252,Ramazan Bagdat,Offence,2006-10-09,Kazakhstan,,10601,FK Kairat,2001
294396,Abylay Toleukhan,Offence,2008-08-23,Kazakhstan,,10601,FK Kairat,2001
294397,Ermukhammad Kerimkhan,Offence,2008-04-04,Kazakhstan,,10601,FK Kairat,2001
117505,Jay Gorter,Goalkeeper,2000-05-30,Netherlands,,11034,Paphos FC,2001
207571,Neofytos Michail,Goalkeeper,1993-12-16,Cyprus,,11034,Paphos FC,2001
209543,Athanasios-Theologos Papadoudis,Goalkeeper,2003-09-06,Greece,,11034,Paphos FC,2001
269386,Panagiotis Theodoulou,Goalkeeper,2007-04-18,Cyprus,,11034,Paphos FC,2001
280997,Petros Petrou,Goalkeeper,2006-08-10,Cyprus,,11034,Paphos FC,2001
287313,Andreas Andreou,Goalkeeper,2008-05-06,Cyprus,,11034,Paphos FC,2001
7442,Derrick Luckassen,Defence,1995-07-03,Netherlands,,11034,Paphos FC,2001
7805,David Luiz,Defence,1987-04-22,Brazil,,11034,Paphos FC,2001
50923,David Goldar,Defence,1994-09-15,Spain,,11034,Paphos FC,2001
147325,Kostas Pileas,Defence,1998-12-11,Cyprus,,11034,Paphos FC,2001
185122,João Correia,Defence,1996-09-05,Cape Verde Islands,,11034,Paphos FC,2001
203382,Pedrão,Defence,2004-01-06,Brazil,,11034,Paphos FC,2001
247103,Ognjen Mimović,Defence,2004-08-17,Serbia,,11034,Paphos FC,2001
294594,Georgios Skafi,Defence,2007-06-17,Cyprus,,11034,Paphos FC,2001
294595,Kosmas Ioannou,Defence,2007-01-29,Cyprus,,11034,Paphos FC,2001
3500,Ken Sema,Midfield,1993-09-30,Sweden,,11034,Paphos FC,2001
7794,Vlad Dragomir,Midfield,1999-04-24,Romania,,11034,Paphos FC,2001
23206,Ivan Šunjić,Midfield,1996-10-09,Bosnia-Herzegovina,,11034,Paphos FC,2001
45178,Pêpê,Midfield,1997-05-20,Portugal,,11034,Paphos FC,2001
202271,Wilmer Odefalk,Midfield,2004-11-21,Sweden,,11034,Paphos FC,2001
213181,Domingos Quina,Midfield,1999-11-18,Portugal,,11034,Paphos FC,2001
273036,Alexandre Brito,Midfield,2005-07-19,Portugal,,11034,Paphos FC,2001
286155,Andreas Mavroudis,Midfield,2008-06-28,Cyprus,,11034,Paphos FC,2001
291344,João Fontoura,Midfield,2005-08-16,Brazil,,11034,Paphos FC,2001
294266,Andreas Christoforou,Midfield,2007-04-17,Cyprus,,11034,Paphos FC,2001
37791,Anderson,Offence,1997-11-21,Brazil,,11034,Paphos FC,2001
73401,Mislav Oršić,Offence,1992-12-29,Croatia,,11034,Paphos FC,2001
140292,Jajá,Offence,2001-04-15,Brazil,,11034,Paphos FC,2001
192867,Lele,Offence,1997-10-01,Brazil,,11034,Paphos FC,2001
269209,Kevin Nhaga,Offence,2005-07-24,Portugal,,11034,Paphos FC,2001
270823,Bruno,Offence,1994-05-26,Brazil,,11034,Paphos FC,2001
290992,Pedro Fontoura,Offence,2005-08-16,Brazil,,11034,Paphos FC,2001
291063,Georgios Michail,Offence,2008-11-24,Cyprus,,11034,Paphos FC,2001
172587,Axel Guessand,Centre-Back,2004-11-06,France,,11034,Paphos FC,2001
171530,Nikolas Ioannou,Left-Back,1995-11-10,Cyprus,,11034,Paphos FC,2001
171370,Daniel Silva,Central Midfield,2000-04-11,Portugal,,11034,Paphos FC,2001
76683,Mons Bassouamina,Centre-Forward,1998-05-28,Congo,,11034,Paphos FC,2001
316,Oliver Baumann,Goalkeeper,1990-06-02,Germany,,759,Germany,2018
341,Manuel Neuer,Goalkeeper,1986-03-27,Germany,,759,Germany,2018
3173,Marc-André ter Stegen,Goalkeeper,1992-04-30,Germany,,759,Germany,2018
149,Jonathan Tah,Defence,1996-02-11,Germany,,759,Germany,2018
379,Waldemar Anton,Defence,1996-07-20,Germany,,759,Germany,2018
3177,Antonio Rüdiger,Defence,1993-03-03,Germany,,759,Germany,2018
9905,David Raum,Defence,1998-04-22,Germany,,759,Germany,2018
75539,Nico Schlotterbeck,Defence,1999-12-01,Germany,,759,Germany,2018
359,Joshua Kimmich,Midfield,1995-02-08,Germany,,759,Germany,2018
8273,Pascal Groß,Midfield,1991-06-15,Germany,,759,Germany,2018
19334,Florian Wirtz,Midfield,2003-05-03,Germany,,759,Germany,2018
144393,Jamal Musiala,Midfield,2003-02-26,Germany,,759,Germany,2018
171,Kai Havertz,Offence,1999-06-11,Germany,,759,Germany,2018
370,Thomas Müller,Offence,1989-09-13,Germany,,759,Germany,2018
3184,Leroy Sané,Offence,1996-01-11,Germany,,759,Germany,2018
6928,Deniz Undav,Offence,1996-07-19,Germany,,759,Germany,2018
133903,Maximilian Beier,Offence,2002-10-17,Germany,,759,Germany,2018
45611,Robert Andrich,Defensive Midfield,1994-09-22,Germany,,759,Germany,2018
9479,Robin Koch,Centre-Back,1996-07-17,Germany,,759,Germany,2018
6549,Maximilian Mittelstädt,Left-Back,1997-03-18,Germany,,759,Germany,2018
3183,Emre Can,Defensive Midfield,1994-01-12,Germany,,759,Germany,2018
3182,Ilkay Gündogan,Central Midfield,1990-10-24,Germany,,759,Germany,2018
304,Niclas Füllkrug,Centre-Forward,1993-02-09,Germany,,759,Germany,2018
206,Chris Führich,Left Winger,1998-01-09,Germany,,759,Germany,2018
156,Benjamin Henrichs,Right-Back,1997-02-23,Germany,,759,Germany,2018
47,Toni Kroos,Central Midfield,1990-01-04,Germany,,759,Germany,2018
4832,David Raya,Goalkeeper,1995-09-15,Spain,,760,Spain,2018
32413,Álex Remiro,Goalkeeper,1995-03-24,Spain,,760,Spain,2018
32570,Unai Simón,Goalkeeper,1997-06-11,Spain,,760,Spain,2018
7884,Aymeric Laporte,Defence,1994-05-27,Spain,,760,Spain,2018
15863,Cucurella,Defence,1998-07-22,Spain,,760,Spain,2018
16739,Alejandro Grimaldo,Defence,1995-09-20,Spain,,760,Spain,2018
22,Fabián Ruiz,Midfield,1996-04-03,Spain,,760,Spain,2018
3199,Rodri,Midfield,1996-06-22,Spain,,760,Spain,2018
7935,Mikel Merino,Midfield,1996-06-22,Spain,,760,Spain,2018
23132,Dani Olmo,Midfield,1998-05-07,Spain,,760,Spain,2018
33154,Ferrán Torres,Midfield,2000-02-29,Spain,,760,Spain,2018
115035,Martín Zubimendi,Midfield,1999-02-02,Spain,,760,Spain,2018
133860,Pedri,Midfield,2002-11-25,Spain,,760,Spain,2018
180137,Mikel Oyarzabal,Midfield,1997-04-21,Spain,,760,Spain,2018
157135,Nico Williams,Offence,2002-07-12,Spain,,760,Spain,2018
202283,Lamine Yamal,Offence,2007-07-13,Spain,,760,Spain,2018
214533,Fermín López,Central Midfield,2003-05-11,Spain,,760,Spain,2018
144576,Alejandro Baena,Left Winger,2001-07-20,Spain,,760,Spain,2018
99791,Robin Le Normand,Centre-Back,1996-11-11,Spain,,760,Spain,2018
32618,Daniel Vivian,Centre-Back,1999-07-05,Spain,,760,Spain,2018
7938,Joselu,Centre-Forward,1990-03-27,Spain,,760,Spain,2018
7936,Ayoze Pérez,Centre-Forward,1993-07-29,Spain,,760,Spain,2018
7819,Álvaro Morata,Centre-Forward,1992-10-23,Spain,,760,Spain,2018
3194,Dani Carvajal,Right-Back,1992-01-11,Spain,,760,Spain,2018
54,Jesús Navas,Right-Back,1985-11-21,Spain,,760,Spain,2018
50,Nacho,Centre-Back,1990-01-18,Spain,,760,Spain,2018
3239,Rui Patrício,Goalkeeper,1988-02-15,Portugal,,765,Portugal,2018
15899,José Sá,Goalkeeper,1993-01-17,Portugal,,765,Portugal,2018
37362,Diogo Costa,Goalkeeper,1999-09-19,Switzerland,,765,Portugal,2018
2000,João Cancelo,Defence,1994-05-27,Portugal,,765,Portugal,2018
10183,Rúben Dias,Defence,1997-05-14,Portugal,,765,Portugal,2018
15862,Nélson Semedo,Defence,1993-11-16,Portugal,,765,Portugal,2018
15905,Diogo Dalot,Defence,1999-03-18,Portugal,,765,Portugal,2018
91512,Matheus Nunes,Defence,1998-08-27,Portugal,,765,Portugal,2018
144570,Nuno Mendes,Defence,2002-06-19,Portugal,,765,Portugal,2018
145357,Gonçalo Inácio,Defence,2001-08-25,Portugal,,765,Portugal,2018
3254,Bernardo Silva,Midfield,1994-08-10,Portugal,,765,Portugal,2018
3255,Rúben Neves,Midfield,1997-03-13,Portugal,,765,Portugal,2018
3257,Bruno Fernandes,Midfield,1994-09-08,Portugal,,765,Portugal,2018
178722,Vitinha,Midfield,2000-02-13,Portugal,,765,Portugal,2018
190877,Joao Neves,Midfield,2004-09-27,Portugal,,765,Portugal,2018
44,Cristiano Ronaldo,Offence,1985-02-05,Portugal,,765,Portugal,2018
2074,Pedro Neto,Offence,2000-03-09,Portugal,,765,Portugal,2018
15892,Rafael Leão,Offence,1999-06-10,Portugal,,765,Portugal,2018
39265,João Félix,Offence,1999-11-10,Portugal,,765,Portugal,2018
101431,Gonçalo Ramos,Offence,2001-06-20,Portugal,,765,Portugal,2018
150791,Francisco Conceição,Offence,2002-12-14,Portugal,,765,Portugal,2018
185610,Antonio Silva,Centre-Back,2003-10-31,Portugal,,765,Portugal,2018
15909,Danilo Pereira,Defensive Midfield,1991-09-09,Portugal,,765,Portugal,2018
15884,João Palhinha,Defensive Midfield,1995-07-09,Portugal,,765,Portugal,2018
10181,Pepe,Centre-Back,1983-02-26,Portugal,,765,Portugal,2018
4092,Diogo Jota,Centre-Forward,1996-12-04,Portugal,,765,Portugal,2018
6445,Marek Rodák,Goalkeeper,1996-12-13,Slovakia,,768,Slovakia,2018
7914,Martin Dúbravka,Goalkeeper,1989-01-15,Slovakia,,768,Slovakia,2018
58042,Henrich Ravas,Goalkeeper,1997-08-16,Slovakia,,768,Slovakia,2018
6548,Peter Pekarík,Defence,1986-10-30,Slovakia,,768,Slovakia,2018
15522,Denis Vavro,Defence,1996-04-10,Slovakia,,768,Slovakia,2018
146173,Sebastián Kóša,Defence,2003-09-13,Slovakia,,768,Slovakia,2018
170223,Vernon De Marco,Defence,1992-11-18,Slovakia,,768,Slovakia,2018
2169,Ľubomír Tupta,Midfield,1998-03-27,Slovakia,,768,Slovakia,2018
6684,László Bénes,Midfield,1997-09-09,Slovakia,,768,Slovakia,2018
15771,Patrik Hrošovský,Midfield,1992-04-22,Slovakia,,768,Slovakia,2018
30307,Juraj Kucka,Midfield,1987-02-26,Slovakia,,768,Slovakia,2018
62511,Ivan Schranz,Midfield,1993-09-13,Slovakia,,768,Slovakia,2018
98966,Lukáš Haraslín,Midfield,1996-05-26,Slovakia,,768,Slovakia,2018
147282,Dávid Ďuriš,Midfield,1999-03-22,Slovakia,,768,Slovakia,2018
154087,Tomas Rigo,Midfield,2002-07-03,Slovakia,,768,Slovakia,2018
85239,Dávid Strelec,Offence,2001-04-04,Slovakia,,768,Slovakia,2018
214587,Leo Sauer,Left Winger,2005-12-16,Slovakia,,768,Slovakia,2018
170374,Adam Obert,Centre-Back,2002-08-23,Slovakia,,768,Slovakia,2018
140290,Róbert Boženík,Centre-Forward,1999-11-18,Slovakia,,768,Slovakia,2018
137978,Tomáš Suslov,Attacking Midfield,2002-06-07,Slovakia,,768,Slovakia,2018
33628,Stanislav Lobotka,Defensive Midfield,1994-11-25,Slovakia,,768,Slovakia,2018
30302,Matúš Bero,Central Midfield,1995-09-06,Slovakia,,768,Slovakia,2018
15542,Dávid Hancko,Centre-Back,1997-12-13,Slovakia,,768,Slovakia,2018
6560,Ondrej Duda,Central Midfield,1994-12-15,Slovakia,,768,Slovakia,2018
2449,Norbert Gyömbér,Centre-Back,1992-07-03,Slovakia,,768,Slovakia,2018
2007,Milan Škriniar,Centre-Back,1995-02-11,Slovakia,,768,Slovakia,2018
3309,Jordan Pickford,Goalkeeper,1994-03-07,England,,770,England,2018
5457,Dean Henderson,Goalkeeper,1997-03-12,England,,770,England,2018
5530,Aaron Ramsdale,Goalkeeper,1998-05-14,England,,770,England,2018
3313,John Stones,Defence,1994-05-28,England,,770,England,2018
6317,Ezri Konsa,Defence,1997-10-23,England,,770,England,2018
118489,Marc Guéhi,Defence,2000-07-13,England,,770,England,2018
4032,Eberechi Eze,Midfield,1998-06-29,England,,770,England,2018
7848,Anthony Gordon,Midfield,2001-02-24,England,,770,England,2018
8215,Declan Rice,Midfield,1999-01-14,England,,770,England,2018
125010,Jude Bellingham,Midfield,2003-06-29,England,,770,England,2018
190797,Kobbie Mainoo,Midfield,2005-04-19,England,,770,England,2018
4444,Ollie Watkins,Offence,1995-12-30,England,,770,England,2018
5453,Ivan Toney,Offence,1996-03-16,England,,770,England,2018
8004,Harry Kane,Offence,1993-07-28,England,,770,England,2018
99813,Bukayo Saka,Offence,2001-09-05,England,,770,England,2018
191396,Adam Wharton,Defensive Midfield,2004-06-02,England,,770,England,2018
144892,Cole Palmer,Attacking Midfield,2002-05-06,England,,770,England,2018
119265,Conor Gallagher,Central Midfield,2000-02-06,England,,770,England,2018
11414,Jarrod Bowen,Right Winger,1996-01-01,England,,770,England,2018
8259,Lewis Dunk,Centre-Back,1991-11-21,England,,770,England,2018
7898,Luke Shaw,Left-Back,1995-07-12,England,,770,England,2018
7888,Phil Foden,Right Winger,2000-05-28,England,,770,England,2018
7867,Trent Alexander-Arnold,Right-Back,1998-10-07,England,,770,England,2018
7862,Joe Gomez,Centre-Back,1997-05-23,England,,770,England,2018
3312,Kieran Trippier,Right-Back,1990-09-19,England,,770,England,2018
3311,Kyle Walker,Right-Back,1990-05-28,England,,770,England,2018
3357,Alphonse Aréola,Goalkeeper,1993-02-27,France,,773,France,2018
8316,Brice Samba,Goalkeeper,1994-04-25,France,,773,France,2018
8390,Mike Maignan,Goalkeeper,1995-07-03,France,,773,France,2018
71,Theo Hernández,Defence,1997-10-06,France,,773,France,2018
8499,Jules Koundé,Defence,1998-11-12,France,,773,France,2018
9541,Dayot Upamecano,Defence,1998-10-27,France,,773,France,2018
9542,Ibrahima Konaté,Defence,1999-05-25,France,,773,France,2018
80171,William Saliba,Defence,2001-03-24,France,,773,France,2018
3367,N'Golo Kanté,Midfield,1991-03-29,France,,773,France,2018
3368,Adrien Rabiot,Midfield,1995-04-03,France,,773,France,2018
8514,Aurélien Tchouameni,Midfield,2000-01-27,France,,773,France,2018
186089,Warren Zaïre-Emery,Midfield,2006-03-08,France,,773,France,2018
3373,Ousmane Dembélé,Offence,1997-05-15,France,,773,France,2018
3374,Kylian Mbappé,Offence,1998-12-20,France,,773,France,2018
8685,Marcus Thuram-Ulien,Offence,1997-08-06,France,,773,France,2018
172762,Bradley Barcola,Offence,2002-09-02,France,,773,France,2018
102343,Eduardo Camavinga,Central Midfield,2002-11-10,France,,773,France,2018
81299,Youssouf Fofana,Defensive Midfield,1999-01-10,France,,773,France,2018
8708,Randal Kolo Muani,Centre-Forward,1998-12-05,France,,773,France,2018
8458,Ferland Mendy,Left-Back,1995-06-08,France,,773,France,2018
3371,Olivier Giroud,Centre-Forward,1986-09-30,France,,773,France,2018
3364,Benjamin Pavard,Centre-Back,1996-03-28,France,,773,France,2018
1023,Jonathan Clauss,Right-Back,1992-09-25,France,,773,France,2018
360,Kingsley Coman,Left Winger,1996-06-13,France,,773,France,2018
114,Antoine Griezmann,Centre-Forward,1991-03-21,France,,773,France,2018
120,Jan Oblak,Goalkeeper,1993-01-07,Slovenia,,777,Slovenia,2018
2246,Vid Belec,Goalkeeper,1990-06-06,Slovenia,,777,Slovenia,2018
172815,Igor Vekic,Goalkeeper,1998-05-06,Slovenia,,777,Slovenia,2018
2453,Jure Balkovec,Defence,1994-09-09,Slovenia,,777,Slovenia,2018
63254,Miha Blažič,Defence,1993-05-08,Slovenia,,777,Slovenia,2018
77894,Erik Janža,Defence,1993-06-21,Slovenia,,777,Slovenia,2018
79899,Vanja Drkušič,Defence,1999-10-30,Slovenia,,777,Slovenia,2018
120399,Žan Karničnik,Defence,1994-09-18,Slovenia,,777,Slovenia,2018
180468,David Brekalo,Defence,1998-12-03,Slovenia,,777,Slovenia,2018
1845,Josip Iličić,Midfield,1988-01-29,Slovenia,,777,Slovenia,2018
2365,Jasmin Kurtić,Midfield,1989-01-10,Slovenia,,777,Slovenia,2018
5825,Timi Elšnik,Midfield,1998-04-29,Slovenia,,777,Slovenia,2018
15519,Benjamin Verbič,Midfield,1993-11-27,Slovenia,,777,Slovenia,2018
84559,Adam Gnezda Čerin,Midfield,1999-07-16,Slovenia,,777,Slovenia,2018
120407,Tomi Horvat,Midfield,1999-03-24,Slovenia,,777,Slovenia,2018
183232,Nino Zugelj,Midfield,2000-04-25,Slovenia,,777,Slovenia,2018
187503,Jon Gorenc Stankovic,Midfield,1996-01-14,Slovenia,,777,Slovenia,2018
216628,Adrian Zeljković,Midfield,2002-08-19,Slovenia,,777,Slovenia,2018
57705,Andraž Šporar,Offence,1994-02-27,Slovenia,,777,Slovenia,2018
57775,Jan Mlakar,Offence,1998-10-23,Slovenia,,777,Slovenia,2018
183151,Zan Vipotnik,Centre-Forward,2002-03-18,Slovenia,,777,Slovenia,2018
124244,Benjamin Šeško,Centre-Forward,2003-05-31,Slovenia,,777,Slovenia,2018
99887,Žan Celar,Centre-Forward,1999-03-14,Slovenia,,777,Slovenia,2018
74688,Jaka Bijol,Centre-Back,1999-02-05,Slovenia,,777,Slovenia,2018
23134,Petar Stojanovič,Right-Back,1995-10-07,Slovenia,,777,Slovenia,2018
10887,Sandi Lovric,Central Midfield,1998-03-28,Slovenia,,777,Slovenia,2018
2275,Vanja Milinković-Savić,Goalkeeper,1997-02-20,Serbia,,780,Serbia,2018
3429,Predrag Rajković,Goalkeeper,1995-10-31,Serbia,,780,Serbia,2018
8844,Uroš Spajić,Defence,1993-02-13,Serbia,,780,Serbia,2018
56622,Srđan Babić,Defence,1996-04-22,Serbia,,780,Serbia,2018
99978,Filip Mladenović,Defence,1991-08-15,Serbia,,780,Serbia,2018
192505,Nemanja Stojic,Defence,1998-01-15,Serbia,,780,Serbia,2018
2066,Sergej Milinković-Savić,Midfield,1995-02-27,Serbia,,780,Serbia,2018
3440,Andrija Živković,Midfield,1996-07-11,Serbia,,780,Serbia,2018
3443,Mijat Gaćinović,Midfield,1995-02-08,Serbia,,780,Serbia,2018
3444,Dušan Tadić,Midfield,1988-11-20,Serbia,,780,Serbia,2018
120456,Veljko Birmančević,Midfield,1998-03-05,Serbia,,780,Serbia,2018
184374,Srdjan Mijailovic,Midfield,1993-11-10,Serbia,,780,Serbia,2018
212769,Petar Ratkov,Offence,2003-08-18,Serbia,,780,Serbia,2018
130420,Lazar Samardzic,Central Midfield,2002-02-24,Serbia,,780,Serbia,2018
112969,Strahinja Pavlović,Centre-Back,2001-05-24,Serbia,,780,Serbia,2018
82002,Dušan Vlahović,Centre-Forward,2000-01-28,Serbia,,780,Serbia,2018
67697,Ivan Ilić,Central Midfield,2001-03-17,Serbia,,780,Serbia,2018
32938,Saša Lukić,Central Midfield,1996-08-13,Serbia,,780,Serbia,2018
21410,Nemanja Gudelj,Defensive Midfield,1991-11-16,Serbia,,780,Serbia,2018
6723,Luka Jović,Centre-Forward,1997-12-23,Serbia,,780,Serbia,2018
3446,Filip Kostić,Left Midfield,1992-11-01,Serbia,,780,Serbia,2018
3445,Aleksandar Mitrović,Centre-Forward,1994-09-16,Serbia,,780,Serbia,2018
3441,Nemanja Maksimović,Central Midfield,1995-01-26,Serbia,,780,Serbia,2018
3437,Miloš Veljković,Centre-Back,1995-09-26,Serbia,,780,Serbia,2018
1775,Nikola Milenković,Centre-Back,1997-10-12,Serbia,,780,Serbia,2018
3448,Kasper Schmeichel,Goalkeeper,1986-11-05,Denmark,,782,Denmark,2018
3450,Frederik Rønnow,Goalkeeper,1992-08-04,Denmark,,782,Denmark,2018
97144,Mads Hermansen,Goalkeeper,2000-07-11,Denmark,,782,Denmark,2018
3460,Thomas Delaney,Midfield,1991-09-03,Denmark,,782,Denmark,2018
24236,Andreas Skov Olsen,Midfield,1999-12-29,Denmark,,782,Denmark,2018
24503,Anders Dreyer,Midfield,1998-05-02,Denmark,,782,Denmark,2018
7570,Kasper Dolberg,Offence,1997-10-06,Denmark,,782,Denmark,2018
167140,Victor Kristiansen,Left-Back,2002-12-16,Denmark,,782,Denmark,2018
152770,Rasmus Højlund,Centre-Forward,2003-02-04,Denmark,,782,Denmark,2018
73998,Morten Hjulmand,Defensive Midfield,1999-06-25,Denmark,,782,Denmark,2018
70583,Alexander Bah,Right-Back,1997-12-09,Denmark,,782,Denmark,2018
24238,Mikkel Damsgaard,Left Winger,2000-07-03,Denmark,,782,Denmark,2018
24102,Christian Nørgaard,Defensive Midfield,1994-03-10,Denmark,,782,Denmark,2018
16335,Jonas Wind,Centre-Forward,1999-02-07,Denmark,,782,Denmark,2018
10194,Mathias Jensen,Central Midfield,1996-01-01,Denmark,,782,Denmark,2018
9405,Jacob Bruun Larsen,Left Winger,1998-09-19,Denmark,,782,Denmark,2018
8975,Joakim Mæhle,Right-Back,1997-05-20,Denmark,,782,Denmark,2018
8093,Pierre Emile Højbjerg,Defensive Midfield,1995-08-05,Denmark,,782,Denmark,2018
7554,Rasmus Kristensen,Right-Back,1997-07-11,Denmark,,782,Denmark,2018
6671,Jannik Vestergaard,Centre-Back,1992-08-03,Denmark,,782,Denmark,2018
3466,Yussuf Poulsen,Centre-Forward,1994-06-16,Denmark,,782,Denmark,2018
3459,Christian Eriksen,Central Midfield,1992-02-14,Denmark,,782,Denmark,2018
3455,Andreas Christensen,Centre-Back,1996-04-10,Denmark,,782,Denmark,2018
3454,Mathias Jørgensen,Centre-Back,1990-04-23,Denmark,,782,Denmark,2018
2253,Joachim Andersen,Centre-Back,1996-05-31,Denmark,,782,Denmark,2018
56,Simon Kjær,Centre-Back,1989-03-26,Denmark,,782,Denmark,2018
1731,Gianluigi Donnarumma,Goalkeeper,1999-02-25,Italy,,784,Italy,2018
2344,Alex Meret,Goalkeeper,1997-03-22,Italy,,784,Italy,2018
3086,Guglielmo Vicario,Goalkeeper,1996-10-07,Italy,,784,Italy,2018
114117,Giacomo Raspadori,Offence,2000-02-18,Italy,,784,Italy,2018
153130,Federico Gatti,Centre-Back,1998-06-24,Italy,,784,Italy,2018
133512,Riccardo Calafiori,Left-Back,2002-05-19,Italy,,784,Italy,2018
124865,Andrea Cambiaso,Left-Back,2000-02-20,Italy,,784,Italy,2018
97879,Nicolò Fagioli,Central Midfield,2001-02-12,Italy,,784,Italy,2018
42760,Michael Folorunsho,Central Midfield,1998-02-07,Italy,,784,Italy,2018
30821,Federico Dimarco,Left-Back,1997-11-10,Italy,,784,Italy,2018
11710,Mateo Retegui,Centre-Forward,1999-04-29,Italy,,784,Italy,2018
7900,Matteo Darmian,Right-Back,1989-12-02,Italy,,784,Italy,2018
2681,Gianluca Scamacca,Centre-Forward,1999-01-01,Italy,,784,Italy,2018
2487,Giovanni Di Lorenzo,Right-Back,1993-08-04,Italy,,784,Italy,2018
2280,Alessandro Buongiorno,Centre-Back,1999-06-06,Italy,,784,Italy,2018
2200,Davide Frattesi,Central Midfield,1999-09-22,Italy,,784,Italy,2018
2158,Mattia Zaccagni,Left Winger,1995-06-16,Italy,,784,Italy,2018
2094,Jorginho,Defensive Midfield,1991-12-20,Italy,,784,Italy,2018
1911,Nicolò Barella,Central Midfield,1997-02-07,Italy,,784,Italy,2018
1844,Bryan Cristante,Defensive Midfield,1995-03-03,Italy,,784,Italy,2018
1837,Gianluca Mancini,Centre-Back,1996-04-17,Italy,,784,Italy,2018
1834,Alessandro Bastoni,Centre-Back,1999-04-13,Italy,,784,Italy,2018
1823,Stephan El Shaarawy,Left Winger,1992-10-27,Italy,,784,Italy,2018
1819,Lorenzo Pellegrini,Attacking Midfield,1996-06-19,Italy,,784,Italy,2018
1780,Federico Chiesa,Right Winger,1997-10-25,Italy,,784,Italy,2018
1748,Raoul Bellanova,Right Midfield,2000-05-17,Italy,,784,Italy,2018
334,Gregor Kobel,Goalkeeper,1997-12-06,Switzerland,,788,Switzerland,2018
3470,Yann Sommer,Goalkeeper,1988-12-17,Switzerland,,788,Switzerland,2018
9534,Yvon Mvogo,Goalkeeper,1994-06-06,Switzerland,,788,Switzerland,2018
143,Manuel Akanji,Defence,1995-07-19,Switzerland,,788,Switzerland,2018
1745,Ricardo Rodriguez,Defence,1992-08-25,Switzerland,,788,Switzerland,2018
2114,Silvan Widmer,Defence,1993-03-05,Switzerland,,788,Switzerland,2018
3475,Nico Elvedi,Defence,1996-09-30,Switzerland,,788,Switzerland,2018
333,Steven Zuber,Midfield,1991-08-17,Switzerland,,788,Switzerland,2018
1841,Remo Freuler,Midfield,1992-04-15,Switzerland,,788,Switzerland,2018
3477,Granit Xhaka,Midfield,1992-09-27,Switzerland,,788,Switzerland,2018
6687,Denis Zakaria,Midfield,1996-11-20,Switzerland,,788,Switzerland,2018
7955,Xherdan Shaqiri,Midfield,1991-10-10,Switzerland,,788,Switzerland,2018
9433,Renato Steffen,Midfield,1991-11-03,Switzerland,,788,Switzerland,2018
16265,Michel Aebischer,Midfield,1997-01-06,Switzerland,,788,Switzerland,2018
31913,Ruben Vargas,Midfield,1998-08-05,Switzerland,,788,Switzerland,2018
144909,Ardon Jasari,Midfield,2002-07-30,Switzerland,,788,Switzerland,2018
152692,Fabian Rieder,Midfield,2002-02-16,Switzerland,,788,Switzerland,2018
3483,Breel Embolo,Offence,1997-02-14,Switzerland,,788,Switzerland,2018
16058,Noah Okafor,Offence,2000-05-24,Switzerland,,788,Switzerland,2018
50278,Kwadwo Duah,Offence,1997-02-24,Switzerland,,788,Switzerland,2018
77641,Dan Ndoye,Offence,2000-10-25,Switzerland,,788,Switzerland,2018
122313,Zeki Amdouni,Offence,2000-12-04,Switzerland,,788,Switzerland,2018
111071,Leonidas Stergiou,Right-Back,2002-03-03,Switzerland,,788,Switzerland,2018
30886,Cédric Zesiger,Centre-Back,1998-06-24,Switzerland,,788,Switzerland,2018
9490,Vincent Sierro,Central Midfield,1995-10-08,Switzerland,,788,Switzerland,2018
88,Fabian Schär,Centre-Back,1991-12-20,Switzerland,,788,Switzerland,2018
28995,Andriy Lunin,Goalkeeper,1999-02-11,Ukraine,,790,Ukraine,2018
77937,Heorhii Bushchan,Goalkeeper,1994-05-31,Ukraine,,790,Ukraine,2018
111481,Anatolii Trubin,Goalkeeper,2001-08-01,Ukraine,,790,Ukraine,2018
16475,Mykola Matviienko,Defence,1996-05-02,Ukraine,,790,Ukraine,2018
28985,Bohdan Mykhailichenko,Defence,1997-03-21,Ukraine,,790,Ukraine,2018
28991,Oleksandr Svatok,Defence,1994-09-27,Ukraine,,790,Ukraine,2018
29205,Oleksandr Tymchyk,Defence,1997-01-20,Ukraine,,790,Ukraine,2018
111974,Valerii Bondar,Defence,1999-02-27,Ukraine,,790,Ukraine,2018
172145,Yukhym Konoplya,Defence,1999-08-26,Ukraine,,790,Ukraine,2018
184267,Maksym Taloverov,Defence,2000-06-28,Ukraine,,790,Ukraine,2018
163,Andrii Yarmolenko,Midfield,1989-10-23,Ukraine,,790,Ukraine,2018
16170,Serhii Sydorchuk,Midfield,1991-05-02,Ukraine,,790,Ukraine,2018
16177,Mykola Shaparenko,Midfield,1998-10-04,Ukraine,,790,Ukraine,2018
16479,Taras Stepanenko,Midfield,1989-08-08,Ukraine,,790,Ukraine,2018
16486,Oleksandr Zubkov,Midfield,1996-08-03,Ukraine,,790,Ukraine,2018
151558,Heorhii Sudakov,Midfield,2002-09-01,Ukraine,,790,Ukraine,2018
186389,Volodymyr Brazhko,Midfield,2002-01-23,Ukraine,,790,Ukraine,2018
160819,Vladyslav Vanat,Offence,2002-01-04,Ukraine,,790,Ukraine,2018
143573,Illia Zabarnyi,Centre-Back,2002-09-01,Ukraine,,790,Ukraine,2018
98978,Mykhailo Mudryk,Left Winger,2001-01-05,Ukraine,,790,Ukraine,2018
24217,Artem Dovbyk,Centre-Forward,1997-06-21,Ukraine,,790,Ukraine,2018
16173,Viktor Tsyhankov,Right Winger,1997-11-15,Ukraine,,790,Ukraine,2018
16165,Vitalii Mykolenko,Left-Back,1999-05-29,Ukraine,,790,Ukraine,2018
8974,Ruslan Malinovskyi,Attacking Midfield,1993-05-04,Ukraine,,790,Ukraine,2018
8922,Roman Yaremchuk,Centre-Forward,1995-11-27,Ukraine,,790,Ukraine,2018
7889,Oleksandr Zinchenko,Left-Back,1996-12-15,Ukraine,,790,Ukraine,2018
1797,Łukasz Skorupski,Goalkeeper,1991-05-05,Poland,,794,Poland,2018
2022,Wojciech Szczęsny,Goalkeeper,1990-04-18,Poland,,794,Poland,2018
167416,Marcin Bulka,Goalkeeper,1999-10-04,Poland,,794,Poland,2018
2353,Bartosz Salamon,Defence,1991-05-01,Poland,,794,Poland,2018
105240,Tymoteusz Puchacz,Defence,1999-01-23,Poland,,794,Poland,2018
3541,Taras Romanczuk,Midfield,1991-11-14,Poland,,794,Poland,2018
3542,Kamil Grosicki,Midfield,1988-06-08,Poland,,794,Poland,2018
10201,Sebastian Szymański,Midfield,1999-05-10,Poland,,794,Poland,2018
64243,Jakub Piotrowski,Midfield,1997-10-04,Poland,,794,Poland,2018
83007,Damian Szymański,Midfield,1995-06-16,Poland,,794,Poland,2018
99985,Michał Skóraś,Midfield,2000-02-15,Poland,,794,Poland,2018
105287,Bartosz Slisz,Midfield,1999-03-29,Poland,,794,Poland,2018
10203,Krzysztof Piątek,Offence,1995-07-01,Poland,,794,Poland,2018
64087,Adam Buksa,Offence,1996-07-12,Poland,,794,Poland,2018
152528,Nicola Zalewski,Left Midfield,2002-01-23,Poland,,794,Poland,2018
147286,Jakub Kiwior,Centre-Back,2000-02-15,Poland,,794,Poland,2018
137362,Kacper Urbanski,Central Midfield,2004-09-07,Poland,,794,Poland,2018
105441,Sebastian Walukiewicz,Centre-Back,2000-04-05,Poland,,794,Poland,2018
99952,Jakub Moder,Central Midfield,1999-04-07,Poland,,794,Poland,2018
64267,Karol Świderski,Centre-Forward,1997-01-23,Poland,,794,Poland,2018
8086,Jan Bednarek,Centre-Back,1996-04-12,Poland,,794,Poland,2018
3540,Przemysław Frankowski,Right Midfield,1995-04-12,Poland,,794,Poland,2018
2427,Pawel Dawidowicz,Centre-Back,1995-05-20,Poland,,794,Poland,2018
2249,Bartosz Bereszyński,Right-Back,1992-07-12,Poland,,794,Poland,2018
2097,Piotr Zieliński,Central Midfield,1994-05-20,Poland,,794,Poland,2018
371,Robert Lewandowski,Centre-Forward,1988-08-21,Poland,,794,Poland,2018
120246,Jindřich Staněk,Goalkeeper,1996-04-27,Czech Republic,,798,Czechia,2018
136350,Matej Kovar,Goalkeeper,2000-05-17,Czech Republic,,798,Czechia,2018
152579,Vítězslav Jaroš,Goalkeeper,2001-07-23,Czech Republic,,798,Czechia,2018
62493,Ladislav Krejčí,Defence,1999-04-20,Czech Republic,,798,Czechia,2018
62631,Vladimir Coufal,Defence,1992-08-22,Czech Republic,,798,Czechia,2018
62769,Tomáš Holeš,Defence,1993-03-31,Czech Republic,,798,Czechia,2018
99007,Tomáš Vlček,Defence,2001-02-28,Czech Republic,,798,Czechia,2018
127813,David Zima,Defence,2000-11-08,Czech Republic,,798,Czechia,2018
146716,David Jurásek,Defence,2000-08-07,Czech Republic,,798,Czechia,2018
152702,Martin Vitík,Defence,2003-01-21,Czech Republic,,798,Czechia,2018
188239,Robin Hranac,Defence,2000-01-29,Czech Republic,,798,Czechia,2018
15742,Tomáš Souček,Midfield,1995-02-27,Czech Republic,,798,Czechia,2018
62635,Petr Ševčík,Midfield,1994-05-04,Czech Republic,,798,Czechia,2018
62821,David Douděra,Midfield,1998-05-31,Czech Republic,,798,Czechia,2018
120279,Lukáš Provod,Midfield,1996-10-23,Czech Republic,,798,Czechia,2018
121312,Pavel Šulc,Midfield,2000-12-29,Czech Republic,,798,Czechia,2018
145322,Lukáš Červ,Midfield,2001-04-10,Czech Republic,,798,Czechia,2018
154085,Matěj Jurásek,Midfield,2003-08-30,Czech Republic,,798,Czechia,2018
1826,Patrik Schick,Offence,1996-01-24,Czech Republic,,798,Czechia,2018
16396,Tomáš Chorý,Offence,1995-01-26,Czech Republic,,798,Czechia,2018
62726,Jan Kuchta,Offence,1997-01-08,Czech Republic,,798,Czechia,2018
99042,Adam Hložek,Offence,2002-07-25,Czech Republic,,798,Czechia,2018
99752,Mojmír Chytil,Offence,1999-04-29,Czech Republic,,798,Czechia,2018
62596,Ondřej Lingr,Attacking Midfield,1998-10-07,Czech Republic,,798,Czechia,2018
7568,Václav Černý,Right Winger,1997-10-17,Czech Republic,,798,Czechia,2018
2129,Antonín Barák,Attacking Midfield,1994-12-03,Czech Republic,,798,Czechia,2018
3548,Dominik Livaković,Goalkeeper,1995-01-09,Croatia,,799,Croatia,2018
23160,Ivica Ivušić,Goalkeeper,1995-02-01,Croatia,,799,Croatia,2018
147197,Nediljko Labrović,Goalkeeper,1999-10-10,Croatia,,799,Croatia,2018
3550,Domagoj Vida,Defence,1989-04-29,Croatia,,799,Croatia,2018
15110,Marin Pongračić,Defence,1997-09-11,Croatia,,799,Croatia,2018
74268,Martin Erlic,Defence,1998-01-24,Croatia,,799,Croatia,2018
122188,Josip Stanišić,Defence,2000-04-02,Croatia,,799,Croatia,2018
122266,Joško Gvardiol,Defence,2002-01-23,Croatia,,799,Croatia,2018
134835,Josip Šutalo,Defence,2000-02-28,Croatia,,799,Croatia,2018
43,Luka Modrić,Midfield,1985-09-09,Croatia,,799,Croatia,2018
65,Mateo Kovačić,Midfield,1994-05-06,Croatia,,799,Croatia,2018
2003,Marcelo Brozović,Midfield,1992-11-16,Croatia,,799,Croatia,2018
3553,Mario Pašalić,Midfield,1995-02-09,Croatia,,799,Croatia,2018
3558,Marko Pjaca,Midfield,1995-05-06,Croatia,,799,Croatia,2018
7843,Nikola Vlašić,Midfield,1997-10-04,Croatia,,799,Croatia,2018
82516,Luka Sučić,Midfield,2002-09-08,Croatia,,799,Croatia,2018
156912,Martin Baturina,Midfield,2003-02-16,Croatia,,799,Croatia,2018
318,Andrej Kramarić,Offence,1991-06-19,Croatia,,799,Croatia,2018
2004,Ivan Perišić,Offence,1989-02-02,Croatia,,799,Croatia,2018
2174,Bruno Petković,Offence,1994-09-16,Croatia,,799,Croatia,2018
2237,Ante Budimir,Offence,1991-07-22,Croatia,,799,Croatia,2018
150052,Marco Pašalić,Offence,2000-09-14,Croatia,,799,Croatia,2018
23214,Lovro Majer,Attacking Midfield,1998-01-17,Croatia,,799,Croatia,2018
23213,Luka Ivanušec,Left Winger,1998-11-26,Croatia,,799,Croatia,2018
23202,Josip Juranović,Right-Back,1995-08-16,Croatia,,799,Croatia,2018
10208,Borna Sosa,Left Midfield,1998-01-21,Croatia,,799,Croatia,2018
16641,Mert Günok,Goalkeeper,1989-03-01,Turkey,,803,Turkey,2018
29518,Altay Bayındır,Goalkeeper,1998-04-14,Turkey,,803,Turkey,2018
30283,Uğurcan Çakır,Goalkeeper,1996-04-05,Turkey,,803,Turkey,2018
9869,Ferdi Kadıoğlu,Defence,1999-10-07,Turkey,,803,Turkey,2018
10647,Mert Müldür,Defence,1999-04-03,Turkey,,803,Turkey,2018
29622,Zeki Çelik,Defence,1997-02-17,Turkey,,803,Turkey,2018
29804,Abdülkerim Bardakcı,Defence,1994-09-07,Turkey,,803,Turkey,2018
37118,Merih Demiral,Defence,1998-03-05,Turkey,,803,Turkey,2018
127226,Samet Akaydın,Defence,1994-03-13,Turkey,,803,Turkey,2018
201,Salih Özcan,Midfield,1998-01-11,Turkey,,803,Turkey,2018
1754,Hakan Çalhanoğlu,Midfield,1994-02-08,Turkey,,803,Turkey,2018
7474,Orkun Kökçü,Midfield,2000-12-29,Turkey,,803,Turkey,2018
9512,Kaan Ayhan,Midfield,1994-11-10,Turkey,,803,Turkey,2018
30297,Okay Yokuşlu,Midfield,1994-03-09,Turkey,,803,Turkey,2018
148295,İsmail Yüksek,Midfield,1999-01-26,Turkey,,803,Turkey,2018
169162,Arda Guler,Midfield,2005-02-25,Turkey,,803,Turkey,2018
7854,Cenk Tosun,Offence,1991-06-07,Turkey,,803,Turkey,2018
16655,İrfan Can Kahveci,Offence,1995-07-15,Turkey,,803,Turkey,2018
79906,Yunus Akgün,Offence,2000-07-07,Turkey,,803,Turkey,2018
149737,Muhammed Kerem Aktürkoğlu,Offence,1998-10-21,Turkey,,803,Turkey,2018
172081,Baris Yilmaz,Offence,2000-05-23,Turkey,,803,Turkey,2018
191289,Semih Kilicsoy,Offence,2005-08-15,Turkey,,803,Turkey,2018
191712,Kenan Yıldız,Offence,2005-05-04,Turkey,,803,Turkey,2018
171851,Bertug Yildirim,Centre-Forward,2002-07-12,Turkey,,803,Turkey,2018
150656,Ahmetcan Kaplan,Centre-Back,2003-01-16,Turkey,,803,Turkey,2018
30299,Yusuf Yazıcı,Attacking Midfield,1997-01-29,Turkey,,803,Turkey,2018
3642,Koen Casteels,Goalkeeper,1992-06-25,Belgium,,805,Belgium,2018
3643,Matz Sels,Goalkeeper,1992-02-26,Belgium,,805,Belgium,2018
8991,Thomas Kamiński,Goalkeeper,1992-10-23,Belgium,,805,Belgium,2018
1836,Timothy Castagne,Defence,1995-12-05,Belgium,,805,Belgium,2018
3646,Jan Vertonghen,Defence,1987-04-24,Belgium,,805,Belgium,2018
3650,Thomas Meunier,Defence,1991-09-12,Belgium,,805,Belgium,2018
142075,Maxim De Cuyper,Defence,2000-12-22,Belgium,,805,Belgium,2018
145893,Arthur Theate,Defence,2000-05-25,Belgium,,805,Belgium,2018
160926,Zeno Debast,Defence,2003-10-24,Belgium,,805,Belgium,2018
3654,Kevin De Bruyne,Midfield,1991-06-28,Belgium,,805,Belgium,2018
3656,Axel Witsel,Midfield,1989-01-12,Belgium,,805,Belgium,2018
3658,Youri Tielemans,Midfield,1997-05-07,Belgium,,805,Belgium,2018
8128,Dodi Lukebakio,Midfield,1997-09-24,Belgium,,805,Belgium,2018
99775,Jeremy Doku,Midfield,2002-05-27,Belgium,,805,Belgium,2018
114024,Amadou Onana,Midfield,2001-08-16,Belgium,,805,Belgium,2018
3662,Romelu Lukaku,Offence,1993-05-13,Belgium,,805,Belgium,2018
8984,Leandro Trossard,Offence,1994-12-04,Belgium,,805,Belgium,2018
129947,Charles De Ketelaere,Offence,2001-03-10,Belgium,,805,Belgium,2018
184146,Arthur Vermeeren,Central Midfield,2005-02-07,Belgium,,805,Belgium,2018
154110,Johan Bakayoko,Right Winger,2003-04-20,Belgium,,805,Belgium,2018
122340,Aster Vranckx,Central Midfield,2002-10-04,Belgium,,805,Belgium,2018
73215,Loïs Openda,Centre-Forward,2000-02-16,Belgium,,805,Belgium,2018
9398,Orel Mangala,Defensive Midfield,1998-03-18,Belgium,,805,Belgium,2018
7328,Wout Faes,Centre-Back,1998-04-03,Belgium,,805,Belgium,2018
3657,Yannick Carrasco,Left Winger,1993-09-04,Belgium,,805,Belgium,2018
15755,Florin Niţă,Goalkeeper,1987-07-03,Romania,,811,Romania,2018
36867,Stefan Târnovanu,Goalkeeper,2000-05-09,Romania,,811,Romania,2018
122005,Horaţiu Moldovan,Goalkeeper,1998-01-20,Romania,,811,Romania,2018
2517,Vasile Mogos,Defence,1992-10-31,Romania,,811,Romania,2018
36263,Nicușor Bancu,Defence,1992-09-18,Romania,,811,Romania,2018
36435,Ionuţ Nedelcearu,Defence,1996-04-25,Romania,,811,Romania,2018
36804,Andrei Burcă,Defence,1993-04-15,Romania,,811,Romania,2018
63109,Adrián Rus,Defence,1996-03-18,Romania,,811,Romania,2018
147870,Bogdan Racovitan,Defence,2000-06-06,Romania,,811,Romania,2018
9353,Nicolae Stanciu,Midfield,1993-05-07,Romania,,811,Romania,2018
16016,Alexandru Cicâldău,Midfield,1997-07-08,Romania,,811,Romania,2018
36658,Darius Olaru,Midfield,1998-03-03,Romania,,811,Romania,2018
52656,Adrian Şut,Midfield,1999-04-30,Romania,,811,Romania,2018
52713,Deian Sorescu,Midfield,1997-08-29,Romania,,811,Romania,2018
56647,Marius Mihai Marin,Midfield,1998-08-30,Romania,,811,Romania,2018
15757,Denis Alibec,Offence,1991-01-05,Romania,,811,Romania,2018
16027,Denis Drăguş,Offence,1999-07-06,Romania,,811,Romania,2018
129635,Daniel Birligea,Offence,2000-04-19,Romania,,811,Romania,2018
140432,Radu Drăgușin,Centre-Back,2002-02-03,Romania,,811,Romania,2018
114955,Andrei Rațiu,Right-Back,1998-06-20,Romania,,811,Romania,2018
36802,Valentin Mihaila,Left Winger,2000-02-02,Romania,,811,Romania,2018
16409,Florinel Coman,Left Winger,1998-04-10,Romania,,811,Romania,2018
15781,Dennis Man,Right Winger,1998-08-26,Romania,,811,Romania,2018
10995,Ianis Hagi,Attacking Midfield,1998-10-22,Romania,,811,Romania,2018
9237,Răzvan Marin,Defensive Midfield,1996-05-23,Romania,,811,Romania,2018
2919,George Puşcaş,Centre-Forward,1996-04-08,Romania,,811,Romania,2018
10837,Patrick Pentz,Goalkeeper,1997-01-02,Austria,,816,Austria,2018
30868,Heinz Lindner,Goalkeeper,1990-07-17,Austria,,816,Austria,2018
144692,Niklas  Hedl,Goalkeeper,2001-03-17,Austria,,816,Austria,2018
395,Stefan Posch,Defence,1997-05-14,Austria,,816,Austria,2018
6576,Philipp Mwene,Defence,1994-01-29,Austria,,816,Austria,2018
6655,Kevin Danso,Defence,1998-09-19,Austria,,816,Austria,2018
9477,Philipp Lienhart,Defence,1996-07-11,Austria,,816,Austria,2018
113457,Alexander Prass,Defence,2001-05-26,Austria,,816,Austria,2018
152811,Leopold Querfeld,Defence,2003-12-20,Austria,,816,Austria,2018
404,Florian Grillitsch,Midfield,1995-08-07,Austria,,816,Austria,2018
9549,Konrad Laimer,Midfield,1997-05-27,Austria,,816,Austria,2018
9551,Marcel Sabitzer,Midfield,1994-03-17,Austria,,816,Austria,2018
16346,Romano Schmid,Midfield,2000-01-27,Austria,,816,Austria,2018
56829,Christoph Baumgartner,Midfield,1999-08-01,Austria,,816,Austria,2018
61630,Marco Grüll,Midfield,1998-07-06,Austria,,816,Austria,2018
113038,Nicolas  Seiwald,Midfield,2001-05-04,Austria,,816,Austria,2018
124324,Patrick Wimmer,Midfield,2001-05-30,Austria,,816,Austria,2018
212638,Matthias Seidl,Midfield,2001-01-24,Austria,,816,Austria,2018
6661,Michael Gregoritsch,Offence,1994-04-18,Austria,,816,Austria,2018
8223,Marko Arnautovic,Offence,1989-04-19,Austria,,816,Austria,2018
10936,Maximilian Entrup,Offence,1997-07-25,Austria,,816,Austria,2018
122320,Flavius Daniliuc,Centre-Back,2001-04-27,Austria,,816,Austria,2018
10716,Gernot Trauner,Centre-Back,1992-03-25,Austria,,816,Austria,2018
9453,Florian Kainz,Attacking Midfield,1992-10-24,Austria,,816,Austria,2018
7562,Maximilian Wöber,Centre-Back,1998-02-04,Austria,,816,Austria,2018
4197,Andreas Weimann,Attacking Midfield,1991-08-05,Austria,,816,Austria,2018
9533,Péter Gulácsi,Goalkeeper,1990-05-06,Hungary,,827,Hungary,2018
57216,Dénes Dibusz,Goalkeeper,1990-11-16,Hungary,,827,Hungary,2018
73670,Péter Szappanos,Goalkeeper,1990-11-14,Hungary,,827,Hungary,2018
569,Ádám Lang,Defence,1993-01-17,Hungary,,827,Hungary,2018
57208,Attila Fiola,Defence,1990-02-17,Hungary,,827,Hungary,2018
63061,Endre Botka,Defence,1994-08-25,Hungary,,827,Hungary,2018
63185,Zsolt Nagy,Defence,1993-05-25,Hungary,,827,Hungary,2018
63262,Bendegúz Bolla,Defence,1999-11-22,Hungary,,827,Hungary,2018
1879,Ádam Nagy,Midfield,1995-06-17,Hungary,,827,Hungary,2018
15194,László Kleinheisler,Midfield,1994-04-08,Hungary,,827,Hungary,2018
15312,Dániel Gazdag,Midfield,1996-03-02,Hungary,,827,Hungary,2018
43615,Kevin Csoboth,Midfield,2000-06-20,Hungary,,827,Hungary,2018
117948,Mihály Kata,Midfield,2002-04-13,Hungary,,827,Hungary,2018
10694,Barnabás Varga,Offence,1994-01-25,Hungary,,827,Hungary,2018
63165,Martin Ádám,Offence,1994-11-06,Hungary,,827,Hungary,2018
171141,Milos Kerkez,Left-Back,2003-11-07,Hungary,,827,Hungary,2018
141783,Márton Dárdai,Centre-Back,2002-02-12,Hungary,,827,Hungary,2018
136712,Botond Balogh,Centre-Back,2002-06-06,Hungary,,827,Hungary,2018
87197,Krisztofer Horváth,Attacking Midfield,2002-01-08,Hungary,,827,Hungary,2018
72117,András Schafer,Central Midfield,1999-04-13,Hungary,,827,Hungary,2018
63207,Attila Szalai,Centre-Back,1998-01-20,Hungary,,827,Hungary,2018
63096,Loïc Nego,Right-Back,1991-01-15,Hungary,,827,Hungary,2018
16347,Dominik Szoboszlai,Central Midfield,2000-10-25,Hungary,,827,Hungary,2018
16119,Roland Sallai,Right Winger,1997-05-22,Hungary,,827,Hungary,2018
9537,Willi Orban,Centre-Back,1992-11-03,Hungary,,827,Hungary,2018
5230,Callum Styles,Left Midfield,2000-03-28,Hungary,,827,Hungary,2018
1828,Etrit Berisha,Goalkeeper,1989-03-10,Albania,,1065,Albania,2018
2050,Thomas Strakosha,Goalkeeper,1995-03-19,Albania,,1065,Albania,2018
77863,Elhan Kastrati,Goalkeeper,1997-02-02,Albania,,1065,Albania,2018
2215,Arlind Ajeti,Defence,1993-09-25,Albania,,1065,Albania,2018
3024,Naser Aliji,Defence,1993-12-27,Albania,,1065,Albania,2018
152697,Mario Mitaj,Defence,2003-08-06,Albania,,1065,Albania,2018
423,Qazim Laçi,Midfield,1996-01-19,Albania,,1065,Albania,2018
9486,Amir Abrashi,Midfield,1990-03-27,Albania,,1065,Albania,2018
84277,Arbër Hoxha,Midfield,1998-10-06,Albania,,1065,Albania,2018
84754,Jasir Asani,Midfield,1995-05-19,Albania,,1065,Albania,2018
149461,Ernest Muçi,Midfield,2001-03-19,Albania,,1065,Albania,2018
32067,Rey Manaj,Offence,1997-02-24,Albania,,1065,Albania,2018
50313,Taulant Seferi,Offence,1996-11-15,Albania,,1065,Albania,2018
130071,Mirlind Daku,Offence,1998-01-01,Albania,,1065,Albania,2018
188103,Medon Berisha,Central Midfield,2003-10-21,Albania,,1065,Albania,2018
170381,Berat Djimsiti,Centre-Back,2023-06-30,Albania,,1065,Albania,2018
154733,Kristjan Asllani,Defensive Midfield,2002-03-09,Albania,,1065,Albania,2018
143054,Armando Broja,Centre-Forward,2001-09-10,Albania,,1065,Albania,2018
70286,Ylber Ramadani,Defensive Midfield,1996-04-12,Albania,,1065,Albania,2018
58511,Klaus Gjasula,Defensive Midfield,1989-12-14,Albania,,1065,Albania,2018
43464,Enea Mihaj,Centre-Back,1998-07-05,Albania,,1065,Albania,2018
30889,Nedim Bajrami,Attacking Midfield,1999-02-28,Albania,,1065,Albania,2018
23287,Ardian Ismajli,Centre-Back,1996-09-30,Albania,,1065,Albania,2018
8716,Iván Balliu,Right-Back,1992-01-01,Albania,,1065,Albania,2018
2151,Marash Kumbulla,Centre-Back,2000-02-08,Albania,,1065,Albania,2018
2088,Elseid Hysaj,Right-Back,1994-02-02,Albania,,1065,Albania,2018
49115,Giorgi Loria,Goalkeeper,1986-01-27,Georgia,,1978,Georgia,2018
84506,Giorgi Mamardashvili,Goalkeeper,2000-09-29,Georgia,,1978,Georgia,2018
120985,Luka Gugeshashvili,Goalkeeper,1999-04-29,Georgia,,1978,Georgia,2018
7582,Guram Kashia,Defence,1987-07-04,Georgia,,1978,Georgia,2018
36178,Saba Kvirkvelia,Defence,1992-02-06,Georgia,,1978,Georgia,2018
49362,Jimmy Tabidze,Defence,1996-03-18,Georgia,,1978,Georgia,2018
64240,Lasha Dvali,Defence,1995-05-14,Georgia,,1978,Georgia,2018
84509,Luka Lochoshvili,Defence,1998-05-29,Georgia,,1978,Georgia,2018
145650,Giorgi Gocholeishvili,Defence,2001-02-14,Georgia,,1978,Georgia,2018
207573,Giorgi Gvelesiani,Defence,1991-05-05,Georgia,,1978,Georgia,2018
16977,Levan Shengelia,Midfield,1995-10-27,Georgia,,1978,Georgia,2018
33792,Otar Kakabadze,Midfield,1995-06-27,Georgia,,1978,Georgia,2018
76616,Otar Kiteishvili,Midfield,1996-03-26,Georgia,,1978,Georgia,2018
84732,Nika Kvekveskiri,Midfield,1992-05-29,Georgia,,1978,Georgia,2018
120318,Sandro Altunashvili,Midfield,1997-05-19,Georgia,,1978,Georgia,2018
136234,Anzor Mekvabishvili,Midfield,2001-06-05,Georgia,,1978,Georgia,2018
144628,Giorgi Kochorashvili,Midfield,1999-06-29,Georgia,,1978,Georgia,2018
172039,Saba Lobjanidze,Midfield,1994-12-18,Georgia,,1978,Georgia,2018
192499,Gabriel Sigua,Midfield,2005-06-30,Georgia,,1978,Georgia,2018
216372,Georgiy Tsitaishvili,Midfield,2000-11-18,Georgia,,1978,Georgia,2018
10662,Giorgi Kvilitaia,Offence,1993-10-01,Georgia,,1978,Georgia,2018
136646,Georges Mikautadze,Centre-Forward,2000-10-31,Georgia,,1978,Georgia,2018
121812,Zuriko Davitashvili,Right Winger,2001-02-15,Georgia,,1978,Georgia,2018
113285,Khvicha Kvaratskhelia,Left Winger,2001-02-12,Georgia,,1978,Georgia,2018
84525,Budu Zivzivadze,Centre-Forward,1994-03-10,Georgia,,1978,Georgia,2018
8917,Giorgi Chakvetadze,Attacking Midfield,1999-08-29,Georgia,,1978,Georgia,2018
7460,Justin Bijlow,Goalkeeper,1998-01-22,Netherlands,,8601,Netherlands,2018
9923,Mark Flekken,Goalkeeper,1993-06-13,Netherlands,,8601,Netherlands,2018
126870,Bart Verbruggen,Goalkeeper,2002-08-18,Netherlands,,8601,Netherlands,2018
7417,Denzel Dumfries,Defence,1996-04-18,Netherlands,,8601,Netherlands,2018
7869,Virgil van Dijk,Defence,1991-07-08,Netherlands,,8601,Netherlands,2018
8240,Nathan Aké,Defence,1995-02-18,Netherlands,,8601,Netherlands,2018
131177,Mickey van de Ven,Defence,2001-04-19,Netherlands,,8601,Netherlands,2018
7457,Donyell Malen,Midfield,1999-01-19,Netherlands,,8601,Netherlands,2018
7696,Tijjani Reijnders,Midfield,1998-07-29,Netherlands,,8601,Netherlands,2018
81793,Ryan Gravenberch,Midfield,2002-05-16,Netherlands,,8601,Netherlands,2018
7459,Cody Gakpo,Offence,1999-05-07,Netherlands,,8601,Netherlands,2018
7697,Wout Weghorst,Offence,1992-08-07,Netherlands,,8601,Netherlands,2018
8472,Memphis Depay,Offence,1994-02-13,Netherlands,,8601,Netherlands,2018
97535,Brian Brobbey,Offence,2002-02-01,Netherlands,,8601,Netherlands,2018
148289,Xavi Simons,Attacking Midfield,2003-04-21,Netherlands,,8601,Netherlands,2018
131120,Ian Maatsen,Left-Back,2002-03-10,Netherlands,,8601,Netherlands,2018
128954,Jeremie Frimpong,Right Midfield,2000-12-10,Netherlands,,8601,Netherlands,2018
53426,Joey Veerman,Central Midfield,1998-11-19,Netherlands,,8601,Netherlands,2018
9770,Jerdy Schouten,Defensive Midfield,1997-01-12,Netherlands,,8601,Netherlands,2018
7899,Daley Blind,Centre-Back,1990-03-09,Netherlands,,8601,Netherlands,2018
7871,Georginio Wijnaldum,Central Midfield,1990-11-11,Netherlands,,8601,Netherlands,2018
7549,Matthijs de Ligt,Centre-Back,1999-08-12,Netherlands,,8601,Netherlands,2018
7468,Lutsharel Geertruida,Right-Back,2000-07-18,Netherlands,,8601,Netherlands,2018
7453,Steven Bergwijn,Left Winger,1997-10-08,Netherlands,,8601,Netherlands,2018
2053,Stefan de Vrij,Centre-Back,1992-02-05,Netherlands,,8601,Netherlands,2018
3981,Angus Gunn,Goalkeeper,1996-01-22,Scotland,,8873,Scotland,2018
34822,Zander Clark,Goalkeeper,1992-06-26,Scotland,,8873,Scotland,2018
34960,Liam Kelly,Goalkeeper,1996-01-23,Scotland,,8873,Scotland,2018
3986,Grant Hanley,Defence,1991-11-20,Scotland,,8873,Scotland,2018
4135,Liam Cooper,Defence,1991-08-30,Scotland,,8873,Scotland,2018
7868,Andrew Robertson,Defence,1994-03-11,Scotland,,8873,Scotland,2018
15615,Kieran Tierney,Defence,1997-06-05,Scotland,,8873,Scotland,2018
16070,Jack Hendry,Defence,1995-05-07,Scotland,,8873,Scotland,2018
34411,Anthony Ralston,Defence,1998-11-16,Scotland,,8873,Scotland,2018
34486,Scott McKenna,Defence,1996-11-12,Scotland,,8873,Scotland,2018
34780,Greg Taylor,Defence,1997-11-05,Scotland,,8873,Scotland,2018
7905,Scott McTominay,Midfield,1996-12-08,Scotland,,8873,Scotland,2018
15611,James Forrest,Midfield,1991-07-07,Scotland,,8873,Scotland,2018
15620,Callum McGregor,Midfield,1993-06-14,Scotland,,8873,Scotland,2018
34494,Kenny McLean,Midfield,1992-01-08,Scotland,,8873,Scotland,2018
34495,Ryan Christie,Midfield,1995-02-22,Scotland,,8873,Scotland,2018
34646,John McGinn,Midfield,1994-10-18,Scotland,,8873,Scotland,2018
34905,Ryan Jack,Midfield,1992-02-27,Scotland,,8873,Scotland,2018
35076,Lewis Morgan,Midfield,1996-09-30,Scotland,,8873,Scotland,2018
126289,Billy Gilmour,Midfield,2001-06-11,Scotland,,8873,Scotland,2018
4119,Che Adams,Offence,1996-07-13,Scotland,,8873,Scotland,2018
52043,Lawrence Shankland,Offence,1995-08-10,Scotland,,8873,Scotland,2018
161089,Tommy Conway,Centre-Forward,2002-08-06,Scotland,,8873,Scotland,2018
34968,Ross McCrorie,Right-Back,1998-03-18,Scotland,,8873,Scotland,2018
34695,Ryan Porteous,Centre-Back,1999-03-01,Scotland,,8873,Scotland,2018
15614,Stuart Armstrong,Central Midfield,1992-03-30,Scotland,,8873,Scotland,2018
44055,Kjetil Haug,Goalkeeper,1998-06-12,Norway,,511,Toulouse FC,2015
98754,Álex Domínguez,Goalkeeper,1998-07-30,Spain,,511,Toulouse FC,2015
178669,Guillaume Restes,Goalkeeper,2005-03-11,France,,511,Toulouse FC,2015
283248,Naime Said Mchindra,Goalkeeper,2005-05-28,France,,511,Toulouse FC,2015
77803,Mark McKenzie,Defence,1999-02-25,USA,,511,Toulouse FC,2015
264401,Dayann Methalie,Defence,2006-02-15,France,,511,Toulouse FC,2015
283243,Gaëtan Bakhouche Piernas,Defence,2005-02-14,France,,511,Toulouse FC,2015
283250,Frédéric Efuele Ngoyala,Defence,2005-02-20,DR Congo,,511,Toulouse FC,2015
283252,Seny Koumbassa,Defence,2007-06-20,France,,511,Toulouse FC,2015
121896,Francis Abu,Midfield,2001-04-27,Ghana,,511,Toulouse FC,2015
192686,Pape Diop,Midfield,2003-09-04,Senegal,,511,Toulouse FC,2015
216718,Mário Sauer,Midfield,2004-05-15,Slovakia,,511,Toulouse FC,2015
278193,Ilyas Azizi,Midfield,2008-04-13,France,,511,Toulouse FC,2015
283443,Alexis Vossah,Midfield,2008-03-11,France,,511,Toulouse FC,2015
283444,Thibaud-Dorian Garondo,Midfield,2006-01-12,France,,511,Toulouse FC,2015
293737,Adam El Ouali,Midfield,2006-10-14,France,,511,Toulouse FC,2015
176628,Emersonn,Offence,2004-07-16,Brazil,,511,Toulouse FC,2015
182406,Jacen Russell-Rowe,Offence,2002-09-13,Canada,,511,Toulouse FC,2015
191371,Santiago Hidalgo,Offence,2005-02-17,Argentina,,511,Toulouse FC,2015
283251,Enzo Faty,Offence,2007-03-09,France,,511,Toulouse FC,2015
285243,Julián Vignolo,Offence,2006-12-07,Argentina,,511,Toulouse FC,2015
192688,Aron Dönnum,Right Midfield,1998-04-20,Norway,,511,Toulouse FC,2015
180519,Warren Kamanzi,Right-Back,2000-11-11,Norway,,511,Toulouse FC,2015
176747,Frank Magri,Centre-Forward,1999-09-04,Cameroon,,511,Toulouse FC,2015
150797,Charlie Cresswell,null,2002-08-17,England,,511,Toulouse FC,2015
81229,Cristian Cásseres Jr.,Central Midfield,2000-01-20,Venezuela,,511,Toulouse FC,2015
80175,Yann Gboho,Left Winger,2001-01-14,France,,511,Toulouse FC,2015
24190,Rasmus Nicolaisen,Centre-Back,1997-03-16,Denmark,,511,Toulouse FC,2015
3362,Djibril Sidibé,Right-Back,1992-07-29,France,,511,Toulouse FC,2015
250994,Rafik Messali,Right Midfield,2003-04-28,Algeria,,511,Toulouse FC,2015
246113,Nicolas Wasbauer,Centre-Back,2004-07-04,France,,511,Toulouse FC,2015
212934,Noah Lahmadi,Central Midfield,2005-01-05,France,,511,Toulouse FC,2015
731,Grégoire Coudert,Goalkeeper,1999-04-03,France,,512,Stade Brestois 29,2015
63855,Radosław Majecki,Goalkeeper,1999-11-16,Poland,,512,Stade Brestois 29,2015
263957,Noah Jauny,Goalkeeper,2004-08-26,Ireland,,512,Stade Brestois 29,2015
160896,Daouda Guindo,Defence,2002-10-14,Mali,,512,Stade Brestois 29,2015
273433,Raphaël Le Guen,Defence,2006-09-01,France,,512,Stade Brestois 29,2015
276983,Hamidou Makalou,Midfield,2006-07-15,Mali,,512,Stade Brestois 29,2015
292310,Axel Lassus,Midfield,2008-07-07,France,,512,Stade Brestois 29,2015
264282,Ibrahim Kanté,Offence,2007-03-18,France,,512,Stade Brestois 29,2015
267881,Serigne Diop,Offence,2005-05-12,Senegal,,512,Stade Brestois 29,2015
227982,Luc Zogbe,Right-Back,2005-03-24,Ivory Coast,,512,Stade Brestois 29,2015
218249,Pathé Mboup,Left Winger,2003-10-19,Senegal,,512,Stade Brestois 29,2015
204240,Rémy Labeau Lascary,Centre-Forward,2003-03-03,Guadeloupe,,512,Stade Brestois 29,2015
187530,Michel Diaz,Centre-Back,2003-07-23,France,,512,Stade Brestois 29,2015
175942,Kamory Doumbia,Attacking Midfield,2003-02-18,Mali,,512,Stade Brestois 29,2015
171659,Bradley Locko,Left-Back,2002-05-06,France,,512,Stade Brestois 29,2015
170075,Soumaïla Coulibaly,Centre-Back,2003-10-14,France,,512,Stade Brestois 29,2015
125677,Joris Chotard,Defensive Midfield,2001-09-24,France,,512,Stade Brestois 29,2015
116407,Eric Junior Dina Ebimbe,Right Midfield,2000-11-21,Cameroon,,512,Stade Brestois 29,2015
76145,Hugo Magnetti,Central Midfield,1998-05-30,France,,512,Stade Brestois 29,2015
43707,Mama Baldé,Centre-Forward,1995-11-06,Guinea-Bissau,,512,Stade Brestois 29,2015
8778,Kenny Lala,Right-Back,1991-10-03,France,,512,Stade Brestois 29,2015
8465,Lucas Tousart,Defensive Midfield,1997-04-29,France,,512,Stade Brestois 29,2015
856,Romain Del Castillo,Right Winger,1996-03-29,France,,512,Stade Brestois 29,2015
723,Ludovic Ajorque,Centre-Forward,1994-02-25,France,,512,Stade Brestois 29,2015
441,Brendan Chardonnet,Centre-Back,1994-12-22,France,,512,Stade Brestois 29,2015
6,Géronimo Rulli,Goalkeeper,1992-05-20,Argentina,,516,Olympique de Marseille,2015
67880,Jeffrey De Lange,Goalkeeper,1998-04-01,Netherlands,,516,Olympique de Marseille,2015
130271,Théo Vermot,Goalkeeper,1997-01-27,France,,516,Olympique de Marseille,2015
178114,Jelle Van Neck,Goalkeeper,2004-03-07,Belgium,,516,Olympique de Marseille,2015
46125,Facundo Medina,Defence,1999-05-28,Argentina,,516,Olympique de Marseille,2015
81191,Nayef Aguerd,Defence,1996-03-30,Morocco,,516,Olympique de Marseille,2015
82020,Leonardo Balerdi,Defence,1999-01-26,Argentina,,516,Olympique de Marseille,2015
288911,Pladi N'Zinga-Pambani,Defence,2007-03-17,France,,516,Olympique de Marseille,2015
289111,Rayan Ouro Bang Na,Defence,2007-03-18,France,,516,Olympique de Marseille,2015
290991,Anis Doubal,Defence,2006-10-29,Tunisia,,516,Olympique de Marseille,2015
294658,Hilan Hamzaoui Slimani,Defence,2006-02-15,France,,516,Olympique de Marseille,2015
295070,Kelyann Bezahaf,Defence,2006-05-16,France,,516,Olympique de Marseille,2015
8492,Tim Weah,Midfield,2000-02-22,USA,,516,Olympique de Marseille,2015
97536,Quinten Timber,Midfield,2001-06-17,Netherlands,,516,Olympique de Marseille,2015
183544,Tochukwu Nadi,Midfield,2003-06-30,Nigeria,,516,Olympique de Marseille,2015
294659,Nouhoum Kamissoko,Midfield,2004-12-27,Mali,,516,Olympique de Marseille,2015
8476,Amine Gouiri,Offence,2000-02-16,Algeria,,516,Olympique de Marseille,2015
288624,Tadjidine M'Madi,Offence,2007-03-03,France,,516,Olympique de Marseille,2015
289110,Emmanuel Lago,Offence,2004-12-27,Ivory Coast,,516,Olympique de Marseille,2015
289112,Mathis Clement,Offence,2006-01-23,France,,516,Olympique de Marseille,2015
294660,Ugo Lamare El Kadmiri,Offence,2007-06-25,France,,516,Olympique de Marseille,2015
119703,Igor Paixão,Left Winger,2000-06-28,Brazil,,516,Olympique de Marseille,2015
101075,Mason Greenwood,Right Winger,2001-10-01,England,,516,Olympique de Marseille,2015
80754,Himad Abdelli,Attacking Midfield,1999-11-17,Algeria,,516,Olympique de Marseille,2015
33149,Geoffrey Kondogbia,Defensive Midfield,1993-02-15,Central African Republic,,516,Olympique de Marseille,2015
8093,Pierre Emile Højbjerg,Defensive Midfield,1995-08-05,Denmark,,516,Olympique de Marseille,2015
7809,Emerson,Left-Back,1994-08-03,Italy,,516,Olympique de Marseille,2015
7801,Pierre-Emerick Aubameyang,Centre-Forward,1989-06-18,Gabon,,516,Olympique de Marseille,2015
3364,Benjamin Pavard,Centre-Back,1996-03-28,France,,516,Olympique de Marseille,2015
2499,Hamed Traoré,Attacking Midfield,2000-02-16,Ivory Coast,,516,Olympique de Marseille,2015
188476,Ethan Nwaneri,Attacking Midfield,2007-03-21,England,,516,Olympique de Marseille,2015
184146,Arthur Vermeeren,Central Midfield,2005-02-07,Belgium,,516,Olympique de Marseille,2015
179721,CJ Egan-Riley,Centre-Back,2003-01-02,England,,516,Olympique de Marseille,2015
170409,Bilal Nadir,Central Midfield,2003-11-28,France,,516,Olympique de Marseille,2015
437,Donovan Léon,Goalkeeper,1992-11-03,French Guiana,,519,AJ Auxerre,2015
157131,Théo De Percin,Goalkeeper,2001-02-02,France,,519,AJ Auxerre,2015
204236,Tom Negrel,Goalkeeper,2003-04-13,France,,519,AJ Auxerre,2015
255520,Louis Mezerette,Goalkeeper,2006-08-30,France,,519,AJ Auxerre,2015
16340,Gideon Mensah,Defence,1998-07-18,Ghana,,519,AJ Auxerre,2015
124243,Bryan Okoh,Defence,2003-05-16,Switzerland,,519,AJ Auxerre,2015
153924,Marvin Senaya,Defence,2001-01-28,Ghana,,519,AJ Auxerre,2015
185194,Clement Akpa,Defence,2001-11-24,Ivory Coast,,519,AJ Auxerre,2015
277960,Telli Siwe,Defence,2004-12-14,France,,519,AJ Auxerre,2015
281100,Elikya Legros,Defence,2008-06-06,France,,519,AJ Auxerre,2015
286281,Alvin Petit Dol,Defence,2006-11-07,France,,519,AJ Auxerre,2015
286282,Sacha Burek,Defence,2007-01-21,France,,519,AJ Auxerre,2015
289523,Evan Diamalunda,Defence,2006-07-22,France,,519,AJ Auxerre,2015
8470,Elisha Owusu,Midfield,1997-11-07,Ghana,,519,AJ Auxerre,2015
281104,Tidiane Devernois,Midfield,2007-10-18,France,,519,AJ Auxerre,2015
288623,Yvan Zaddy,Midfield,2006-05-01,Ivory Coast,,519,AJ Auxerre,2015
290119,Lamfia Dioubaté,Midfield,2007-07-20,France,,519,AJ Auxerre,2015
4289,Daniel Namaso,Offence,2000-08-28,Cameroon,,519,AJ Auxerre,2015
152737,Josué Casimir,Offence,2001-09-24,Haiti,,519,AJ Auxerre,2015
286557,Ryan Rodin,Offence,2006-03-02,France,,519,AJ Auxerre,2015
289847,Mamoudou Cissokho,Offence,2007-12-20,France,,519,AJ Auxerre,2015
170396,Lasso Coulibaly,Right Winger,2002-10-19,Ivory Coast,,519,AJ Auxerre,2015
154108,Fredrik Oppegard,Left-Back,2002-08-07,Norway,,519,AJ Auxerre,2015
151552,Sekou Mara,Centre-Forward,2002-07-30,France,,519,AJ Auxerre,2015
141637,Sinaly Diomandé,Centre-Back,2001-04-09,Ivory Coast,,519,AJ Auxerre,2015
131752,Naouirou Ahamada,Central Midfield,2002-03-29,France,,519,AJ Auxerre,2015
8762,Romain Faivre,Right Midfield,1998-07-14,France,,519,AJ Auxerre,2015
3631,Assane Dioussé,Defensive Midfield,1997-09-20,Senegal,,519,AJ Auxerre,2015
2402,Francisco Sierralta,Centre-Back,1997-05-06,Chile,,519,AJ Auxerre,2015
552,Lassine Sinayoko,Left Winger,1999-12-08,Mali,,519,AJ Auxerre,2015
189237,Nathan Buayi-Kiala,Defensive Midfield,2004-02-29,France,,519,AJ Auxerre,2015
177412,Lamine Sy,Right-Back,2002-08-10,France,,519,AJ Auxerre,2015
175724,Kevin Danois,Central Midfield,2004-06-28,France,,519,AJ Auxerre,2015
171286,Oussama El Azzouzi,Defensive Midfield,2001-05-29,Morocco,,519,AJ Auxerre,2015
8661,Marc-Aurèle Caillard,Goalkeeper,1994-05-12,France,,521,Lille OSC,2015
9222,Arnaud Bodart,Goalkeeper,1998-03-11,Belgium,,521,Lille OSC,2015
29890,Berke Özer,Goalkeeper,2000-05-25,Turkey,,521,Lille OSC,2015
263520,Samy Merzouk,Goalkeeper,2006-09-28,Algeria,,521,Lille OSC,2015
286970,Thomas Sajous,Goalkeeper,2008-05-15,France,,521,Lille OSC,2015
289914,Zadig Lanssade,Goalkeeper,2008-03-03,France,,521,Lille OSC,2015
19,Aïssa Mandi,Defence,1991-10-22,Algeria,,521,Lille OSC,2015
3650,Thomas Meunier,Defence,1991-09-12,Belgium,,521,Lille OSC,2015
7918,Chancel Mbemba,Defence,1994-08-08,DR Congo,,521,Lille OSC,2015
192677,Nathan Ngoy,Defence,2003-06-10,Belgium,,521,Lille OSC,2015
272041,Morgan Costarelli,Defence,2005-04-28,France,,521,Lille OSC,2015
283794,Maxima Goffi,Defence,2008-01-23,France,,521,Lille OSC,2015
6503,Nabil Bentaleb,Midfield,1994-11-24,Algeria,,521,Lille OSC,2015
170451,Marius Broholm,Midfield,2004-12-26,Norway,,521,Lille OSC,2015
192666,Ngal'ayel Mukau,Midfield,2004-11-03,DR Congo,,521,Lille OSC,2015
213221,Hákon Haraldsson,Midfield,2003-04-10,Iceland,,521,Lille OSC,2015
221819,Ayyoub Bouaddi,Midfield,2007-10-02,France,,521,Lille OSC,2015
270794,Younes Lachaab,Midfield,2005-01-06,France,,521,Lille OSC,2015
290399,Saad Boussadia,Midfield,2008-03-18,Algeria,,521,Lille OSC,2015
213511,Matias Fernandez-Pardo,Offence,2005-02-03,Belgium,,521,Lille OSC,2015
260879,Hamza Igamane,Offence,2002-11-02,Morocco,,521,Lille OSC,2015
275537,Soriba Diaoune,Offence,2007-08-14,France,,521,Lille OSC,2015
290432,Angel Yondjo,Offence,2007-02-10,Cameroon,,521,Lille OSC,2015
188087,Tiago Santos,Right-Back,2002-07-23,Portugal,,521,Lille OSC,2015
186692,Rafael Fernandes,Centre-Back,2002-06-28,Portugal,,521,Lille OSC,2015
185196,Alexsandro Ribeiro,Centre-Back,1999-08-09,Brazil,,521,Lille OSC,2015
127657,Félix Correia,Left Winger,2001-01-22,Portugal,,521,Lille OSC,2015
99722,Osame Sahraoui,Left Winger,2001-06-11,Morocco,,521,Lille OSC,2015
9861,Calvin Verdonk,Left-Back,1997-04-26,Indonesia,,521,Lille OSC,2015
8811,Benjamin André,Defensive Midfield,1990-08-03,France,,521,Lille OSC,2015
8435,Romain Perraud,Left-Back,1997-09-22,France,,521,Lille OSC,2015
3371,Olivier Giroud,Centre-Forward,1986-09-30,France,,521,Lille OSC,2015
914,Gaëtan Perrin,Right Winger,1996-06-07,France,,521,Lille OSC,2015
227765,Lilian Baret,Defensive Midfield,2006-05-25,France,,521,Lille OSC,2015
218468,Ethan Mbappé,Central Midfield,2006-12-29,France,,521,Lille OSC,2015
216223,Ousmane Touré,Centre-Back,2005-02-18,France,,521,Lille OSC,2015
212975,Noah Edjouma,Right Winger,2005-10-04,France,,521,Lille OSC,2015
8608,Yehvann Diouf,Goalkeeper,1999-11-16,Senegal,,522,OGC Nice,2015
8686,Maxime Dupé,Goalkeeper,1993-03-04,France,,522,OGC Nice,2015
273765,Bartosz Żelazowski,Goalkeeper,2005-04-25,Poland,,522,OGC Nice,2015
283103,Théo Bruyère,Goalkeeper,2006-08-17,France,,522,OGC Nice,2015
291041,Matys Youst,Goalkeeper,2008-01-14,France,,522,OGC Nice,2015
99394,Ali El Abdi,Defence,1993-12-20,Tunisia,,522,OGC Nice,2015
168667,Antoine Mendy,Defence,2004-05-27,Senegal,,522,OGC Nice,2015
192153,Moise Bombito,Defence,2000-03-30,Canada,,522,OGC Nice,2015
202896,Kojo Peprah Oppong,Defence,2004-06-04,Ghana,,522,OGC Nice,2015
245563,Mohamed Abdelmonem,Defence,1999-02-01,Egypt,,522,OGC Nice,2015
274450,Mousslim Youssouf,Defence,2006-01-09,France,,522,OGC Nice,2015
288893,Brad Mantsounga,Defence,2007-09-06,Congo,,522,OGC Nice,2015
290656,Kayyum Alabi,Defence,2007-09-17,France,,522,OGC Nice,2015
291818,Yanis Sofikitis,Defence,2007-02-03,Algeria,,522,OGC Nice,2015
16990,Charles Vanhoutte,Midfield,1998-09-16,Belgium,,522,OGC Nice,2015
98601,Isak Jansson,Midfield,2002-01-31,Sweden,,522,OGC Nice,2015
123508,Hicham Boudaoui,Midfield,1999-09-23,Algeria,,522,OGC Nice,2015
246041,Abdulay Bah,Midfield,2004-04-11,Sierra Leone,,522,OGC Nice,2015
273126,Everton Pereira,Midfield,2007-04-12,France,,522,OGC Nice,2015
273127,Laurenzo Monteiro,Midfield,2004-05-28,France,,522,OGC Nice,2015
273766,Djibril Coulibaly,Midfield,2008-11-18,France,,522,OGC Nice,2015
290118,Millan Brignone,Midfield,2007-03-24,France,,522,OGC Nice,2015
156808,Sepe Elye Wahi,Offence,2003-01-02,France,,522,OGC Nice,2015
180180,Kevin Carlos,Offence,2001-04-10,Spain,,522,OGC Nice,2015
213270,Mohamed Cho,Offence,2004-01-19,France,,522,OGC Nice,2015
249675,Zoumana Diallo,Offence,2005-02-02,France,,522,OGC Nice,2015
279671,Gabin Bernardeau,Offence,2006-01-24,France,,522,OGC Nice,2015
288892,Enguerrand Bouard,Offence,2007-03-09,France,,522,OGC Nice,2015
291042,Jah-Mason Telusson,Offence,2008-05-20,France,,522,OGC Nice,2015
291819,Kéfren Ali,Offence,2007-03-22,Algeria,,522,OGC Nice,2015
172057,Youssouf Ndayishimiye,Centre-Back,1998-10-27,Burundi,,522,OGC Nice,2015
136721,Melvin Bard,Left-Back,2000-11-06,France,,522,OGC Nice,2015
133573,Tiago Gouveia,Right Winger,2001-06-18,Portugal,,522,OGC Nice,2015
123206,Salis Abdul Samed,Defensive Midfield,2000-03-26,Ghana,,522,OGC Nice,2015
76723,Sofiane Diop,Left Winger,2000-06-09,France,,522,OGC Nice,2015
8469,Tanguy Ndombèlé,Central Midfield,1996-12-28,France,,522,OGC Nice,2015
8425,Dante,Centre-Back,1983-10-18,Brazil,,522,OGC Nice,2015
8355,Morgan Sanson,Central Midfield,1994-08-18,France,,522,OGC Nice,2015
1023,Jonathan Clauss,Right-Back,1992-09-25,France,,522,OGC Nice,2015
245455,Kaïl Boudache,Right Winger,2006-06-15,France,,522,OGC Nice,2015
204237,Tom Louchet,Right Midfield,2003-05-04,France,,522,OGC Nice,2015
733,Rémy Descamps,Goalkeeper,1996-06-25,France,,523,Olympique Lyonnais,2015
79776,Dominik Greif,Goalkeeper,1997-04-06,Slovakia,,523,Olympique Lyonnais,2015
261256,Lassine Diarra,Goalkeeper,2002-11-11,Mali,,523,Olympique Lyonnais,2015
278381,Matthias Da Silva,Goalkeeper,2007-12-01,Portugal,,523,Olympique Lyonnais,2015
286820,Yvann Konan,Goalkeeper,2007-01-16,Ivory Coast,,523,Olympique Lyonnais,2015
3208,Nicolás Tagliafico,Defence,1992-08-31,Argentina,,523,Olympique Lyonnais,2015
8723,Moussa Niakhaté,Defence,1996-03-08,Senegal,,523,Olympique Lyonnais,2015
137655,Ruben Kluivert,Defence,2001-05-21,Netherlands,,523,Olympique Lyonnais,2015
178964,Abner Vinicius,Defence,2000-05-27,Brazil,,523,Olympique Lyonnais,2015
204235,Achraf Laaziri,Defence,2003-07-08,Morocco,,523,Olympique Lyonnais,2015
277933,Noham Kamara,Defence,2007-01-22,France,,523,Olympique Lyonnais,2015
283066,Tiago Goncalves,Defence,2007-02-18,Portugal,,523,Olympique Lyonnais,2015
291824,Prince Mbatshi Mukuba,Defence,2006-01-11,DR Congo,,523,Olympique Lyonnais,2015
293568,Steeve Kango,Defence,2006-12-09,France,,523,Olympique Lyonnais,2015
8761,Rachid Ghezzal,Midfield,1992-05-09,Algeria,,523,Olympique Lyonnais,2015
121312,Pavel Šulc,Midfield,2000-12-29,Czech Republic,,523,Olympique Lyonnais,2015
142149,Adam Karabec,Midfield,2003-07-02,Czech Republic,,523,Olympique Lyonnais,2015
142456,Tanner Tessmann,Midfield,2001-09-24,USA,,523,Olympique Lyonnais,2015
215864,Noah Nartey,Midfield,2005-10-05,Denmark,,523,Olympique Lyonnais,2015
277733,Mathys De Carvalho,Midfield,2005-05-01,Portugal,,523,Olympique Lyonnais,2015
281451,Khalis Merah,Midfield,2007-02-24,France,,523,Olympique Lyonnais,2015
188487,Endrick,Offence,2006-07-21,Brazil,,523,Olympique Lyonnais,2015
281450,Rémi Himbert,Offence,2008-02-29,France,,523,Olympique Lyonnais,2015
289527,Adil Hamdani,Offence,2009-01-21,France,,523,Olympique Lyonnais,2015
175845,Tyler Morton,Defensive Midfield,2002-10-31,England,,523,Olympique Lyonnais,2015
9398,Orel Mangala,Defensive Midfield,1998-03-18,Belgium,,523,Olympique Lyonnais,2015
8977,Clinton Mata,Right-Back,1992-11-07,Angola,,523,Olympique Lyonnais,2015
8922,Roman Yaremchuk,Centre-Forward,1995-11-27,Ukraine,,523,Olympique Lyonnais,2015
7792,Ainsley Maitland-Niles,Right-Back,1997-08-29,England,,523,Olympique Lyonnais,2015
1835,Hans Hateboer,Right-Back,1994-01-09,Netherlands,,523,Olympique Lyonnais,2015
366,Corentin Tolisso,Central Midfield,1994-08-03,France,,523,Olympique Lyonnais,2015
204136,Afonso Moreira,Left Winger,2005-03-19,Portugal,,523,Olympique Lyonnais,2015
187065,Malick Fofana,Left Winger,2005-03-31,Belgium,,523,Olympique Lyonnais,2015
184726,Ernest Nuamah,Right Winger,2003-11-01,Ghana,,523,Olympique Lyonnais,2015
49244,Matvei Safonov,Goalkeeper,1999-02-25,Russia,,524,Paris Saint-Germain FC,2015
147896,Lucas Chevalier,Goalkeeper,2001-11-06,France,,524,Paris Saint-Germain FC,2015
245387,Renato Marin,Goalkeeper,2006-07-10,Italy,,524,Paris Saint-Germain FC,2015
289578,Martin James,Goalkeeper,2008-02-14,France,,524,Paris Saint-Germain FC,2015
290430,Arthur Vignaud,Goalkeeper,2008-01-21,France,,524,Paris Saint-Germain FC,2015
295076,Bilal Laurendon,Goalkeeper,2006-02-15,Morocco,,524,Paris Saint-Germain FC,2015
53,Achraf Hakimi,Defence,1998-11-04,Morocco,,524,Paris Saint-Germain FC,2015
3225,Marquinhos,Defence,1994-05-14,Brazil,,524,Paris Saint-Germain FC,2015
3365,Lucas Hernández,Defence,1996-02-14,France,,524,Paris Saint-Germain FC,2015
114102,William Pacho,Defence,2001-10-16,Ecuador,,524,Paris Saint-Germain FC,2015
144570,Nuno Mendes,Defence,2002-06-19,Portugal,,524,Paris Saint-Germain FC,2015
289216,David Boly,Defence,2009-01-22,France,,524,Paris Saint-Germain FC,2015
295073,Samba Coulibaly,Defence,2008-04-04,France,,524,Paris Saint-Germain FC,2015
295074,Thomas Cordier,Defence,2006-03-13,France,,524,Paris Saint-Germain FC,2015
295355,Dimitri Lucea,Defence,2007-01-20,France,,524,Paris Saint-Germain FC,2015
22,Fabián Ruiz,Midfield,1996-04-03,Spain,,524,Paris Saint-Germain FC,2015
177522,Desire Doue,Midfield,2005-06-03,France,,524,Paris Saint-Germain FC,2015
178722,Vitinha,Midfield,2000-02-13,Portugal,,524,Paris Saint-Germain FC,2015
186089,Warren Zaïre-Emery,Midfield,2006-03-08,France,,524,Paris Saint-Germain FC,2015
190877,Joao Neves,Midfield,2004-09-27,Portugal,,524,Paris Saint-Germain FC,2015
213217,Kang-in Lee,Midfield,2001-02-19,South Korea,,524,Paris Saint-Germain FC,2015
278378,Wassim Slama,Midfield,2008-09-26,Tunisia,,524,Paris Saint-Germain FC,2015
283413,Pedro Fernández,Midfield,2008-01-12,Spain,,524,Paris Saint-Germain FC,2015
286944,Yanis Khafi,Midfield,2006-04-23,France,,524,Paris Saint-Germain FC,2015
290082,Noah Nsoki,Midfield,2007-02-20,France,,524,Paris Saint-Germain FC,2015
3373,Ousmane Dembélé,Offence,1997-05-15,France,,524,Paris Saint-Germain FC,2015
101431,Gonçalo Ramos,Offence,2001-06-20,Portugal,,524,Paris Saint-Germain FC,2015
172762,Bradley Barcola,Offence,2002-09-02,France,,524,Paris Saint-Germain FC,2015
265040,Ibrahim M'Baye,Offence,2008-01-24,Senegal,,524,Paris Saint-Germain FC,2015
278406,Quentin Ndjantou,Offence,2007-07-23,France,,524,Paris Saint-Germain FC,2015
286945,Mathis Jangeal,Offence,2008-06-24,France,,524,Paris Saint-Germain FC,2015
295077,Pierre Mounguengue,Offence,2008-01-03,France,,524,Paris Saint-Germain FC,2015
169204,Lucas Beraldo,Centre-Back,2003-11-24,Brazil,,524,Paris Saint-Germain FC,2015
143573,Illia Zabarnyi,Centre-Back,2002-09-01,Ukraine,,524,Paris Saint-Germain FC,2015
113285,Khvicha Kvaratskhelia,Left Winger,2001-02-12,Georgia,,524,Paris Saint-Germain FC,2015
246066,Senny Mayulu,Central Midfield,2006-05-17,France,,524,Paris Saint-Germain FC,2015
8554,Benjamin Leroy,Goalkeeper,1989-04-07,France,,525,FC Lorient,2015
8771,Bingourou Kamara,Goalkeeper,1996-10-21,Senegal,,525,FC Lorient,2015
9534,Yvon Mvogo,Goalkeeper,1994-06-06,Switzerland,,525,FC Lorient,2015
177695,Montassar Talbi,Defence,1998-05-26,Tunisia,,525,FC Lorient,2015
244087,Kan Guy Arsène Kouassi,Defence,2004-09-11,Burkina Faso,,525,FC Lorient,2015
280524,Izak Akakpo,Defence,2004-02-28,France,,525,FC Lorient,2015
283797,Stevan Siba,Defence,2006-12-31,France,,525,FC Lorient,2015
291164,Lucas Leaudais,Defence,2004-09-26,France,,525,FC Lorient,2015
129440,Sambou Soumano,Midfield,2001-01-03,Senegal,,525,FC Lorient,2015
182169,Karim Dermane,Midfield,2003-12-26,Togo,,525,FC Lorient,2015
206159,Trevan Sanusi,Midfield,2007-04-25,England,,525,FC Lorient,2015
220601,Abdoulaye Faye,Midfield,2004-09-22,Senegal,,525,FC Lorient,2015
245416,Arthur Avon Ebong,Midfield,2004-12-15,Cameroon,,525,FC Lorient,2015
280066,Martin Nogoto Bley,Midfield,2006-01-23,Burkina Faso,,525,FC Lorient,2015
286558,Isaac Monnier,Midfield,2006-09-09,France,,525,FC Lorient,2015
290087,Daniel Semedo,Midfield,2003-10-25,Portugal,,525,FC Lorient,2015
166640,Ahmadou Bamba Dieng,Offence,2000-03-23,Senegal,,525,FC Lorient,2015
290088,Mamadou Koné,Offence,,Ivory Coast,,525,FC Lorient,2015
177248,Pablo Pagis,Centre-Forward,2002-12-29,France,,525,FC Lorient,2015
172520,Theo Le Bris,Left Midfield,2002-10-01,France,,525,FC Lorient,2015
171397,Igor Silva,Right-Back,1996-08-21,Brazil,,525,FC Lorient,2015
150424,Bandiougou Fadiga,Attacking Midfield,2001-01-15,France,,525,FC Lorient,2015
149069,Souleymane Isaak Toure,Centre-Back,2003-03-28,France,,525,FC Lorient,2015
131179,Darlin Yongwa,Left-Back,2000-09-21,Cameroon,,525,FC Lorient,2015
106791,Noah Cadiou,Central Midfield,1998-10-26,France,,525,FC Lorient,2015
72551,Aiyegun Tosin,Centre-Forward,1998-06-26,Benin,,525,FC Lorient,2015
8437,Jean-Victor Makengo,Central Midfield,1998-06-12,France,,525,FC Lorient,2015
566,Laurent Abergel,Defensive Midfield,1993-02-01,France,,525,FC Lorient,2015
213749,Mohamed Bamba,Centre-Forward,2001-12-10,Ivory Coast,,525,FC Lorient,2015
188658,Panos Katseris,Right-Back,2001-07-05,Greece,,525,FC Lorient,2015
187473,Nathaniel Adjei,Centre-Back,2002-08-21,Ghana,,525,FC Lorient,2015
179596,Bamo Meité,Centre-Back,2001-06-20,Ivory Coast,,525,FC Lorient,2015
8316,Brice Samba,Goalkeeper,1994-04-25,France,,529,Stade Rennais FC 1901,2015
285239,Mathys Silistrie,Goalkeeper,2005-09-16,France,,529,Stade Rennais FC 1901,2015
287512,Ayoube Akabou,Goalkeeper,2007-05-25,France,,529,Stade Rennais FC 1901,2015
288619,Kilian Belazzoug,Goalkeeper,2006-07-18,France,,529,Stade Rennais FC 1901,2015
292309,Chibuike Ugochukwu,Defence,2008-07-27,France,,529,Stade Rennais FC 1901,2015
292471,Junior Aké,Defence,2007-03-15,Ivory Coast,,529,Stade Rennais FC 1901,2015
294262,Isiaka Soukouna,Defence,2006-02-27,Mali,,529,Stade Rennais FC 1901,2015
10201,Sebastian Szymański,Midfield,1999-05-10,Poland,,529,Stade Rennais FC 1901,2015
48595,Keito Nakamura,Midfield,2000-07-28,Japan,,529,Stade Rennais FC 1901,2015
265516,Yassir Zabiri,Midfield,2005-02-23,Morocco,,529,Stade Rennais FC 1901,2015
291163,Paolo Limon,Midfield,2005-12-05,France,,529,Stade Rennais FC 1901,2015
3483,Breel Embolo,Offence,1997-02-14,Switzerland,,529,Stade Rennais FC 1901,2015
98763,Musa Al Taamari,Offence,1997-06-10,Jordan,,529,Stade Rennais FC 1901,2015
274257,Henrick Do Marcolino,Offence,2006-03-21,France,,529,Stade Rennais FC 1901,2015
280445,Lucas Rosier,Offence,2007-03-12,France,,529,Stade Rennais FC 1901,2015
285238,Nordan Mukiele,Offence,2006-02-12,France,,529,Stade Rennais FC 1901,2015
289597,Elias Legendre Quiñonez,Offence,2008-04-22,Ecuador,,529,Stade Rennais FC 1901,2015
160410,Quentin Merlin,Left-Back,2002-05-16,France,,529,Stade Rennais FC 1901,2015
150751,Anthony Rouault,Centre-Back,2001-05-29,France,,529,Stade Rennais FC 1901,2015
149850,Esteban Lepaul,Centre-Forward,2000-04-18,France,,529,Stade Rennais FC 1901,2015
147893,Alidu Seidu,Centre-Back,2000-06-04,Ghana,,529,Stade Rennais FC 1901,2015
123200,Lilian Brassier,Centre-Back,1999-11-02,France,,529,Stade Rennais FC 1901,2015
96869,Ludovic Blas,Right Winger,1997-12-31,France,,529,Stade Rennais FC 1901,2015
34522,Glen Kamara,Central Midfield,1995-10-28,Finland,,529,Stade Rennais FC 1901,2015
8695,Valentin Rongier,Central Midfield,1994-12-07,France,,529,Stade Rennais FC 1901,2015
8542,Mahdi Camara,Central Midfield,1998-06-30,France,,529,Stade Rennais FC 1901,2015
3540,Przemysław Frankowski,Right Midfield,1995-04-12,Poland,,529,Stade Rennais FC 1901,2015
575,Arnaud Nordin,Right Winger,1998-06-17,France,,529,Stade Rennais FC 1901,2015
272594,Abdelhamid Ait Boudlal,Centre-Back,2006-04-16,Morocco,,529,Stade Rennais FC 1901,2015
246322,Djaoui Cissé,Central Midfield,2004-01-31,France,,529,Stade Rennais FC 1901,2015
227004,Mahamadou Nagida,Left-Back,2005-06-28,Cameroon,,529,Stade Rennais FC 1901,2015
206127,Jeremy Jacquet,Centre-Back,2005-07-13,France,,529,Stade Rennais FC 1901,2015
8391,Hervé Koffi,Goalkeeper,1996-10-16,Burkina Faso,,532,Angers SCO,2015
186084,Melvin Zinga,Goalkeeper,2002-03-16,France,,532,Angers SCO,2015
244934,Oumar Pona,Goalkeeper,2006-06-21,Mali,,532,Angers SCO,2015
293826,Yann LLahona Bonaterra,Goalkeeper,2007-03-09,France,,532,Angers SCO,2015
532,Carlens Arcus,Defence,1996-06-28,Haiti,,532,Angers SCO,2015
271979,Marius Louãr,Defence,2007-03-11,France,,532,Angers SCO,2015
279750,Dan Sinaté,Defence,2006-06-09,France,,532,Angers SCO,2015
290046,Maël Gernigon,Defence,2009-10-01,France,,532,Angers SCO,2015
113702,Ousmane Camara,Midfield,2001-12-04,Mali,,532,Angers SCO,2015
185033,Amine Sbaï,Midfield,2000-11-05,France,,532,Angers SCO,2015
283244,Jibril El Baraka,Midfield,2007-02-23,Morocco,,532,Angers SCO,2015
283249,Ilann Garin,Midfield,2006-03-01,France,,532,Angers SCO,2015
292355,Yahia Jlidi,Midfield,2009-01-06,Tunisia,,532,Angers SCO,2015
294511,Bané Diatta,Midfield,2008-06-27,France,,532,Angers SCO,2015
271981,Amine Moussaoui,Offence,2006-12-28,France,,532,Angers SCO,2015
278087,Prosper Peter,Offence,2007-08-09,Nigeria,,532,Angers SCO,2015
278228,Lanroy Machine,Offence,2005-10-13,France,,532,Angers SCO,2015
287857,Harouna Djibirin,Offence,2006-11-05,Cameroon,,532,Angers SCO,2015
191002,Lilian Rao-Lisoa,Right-Back,2000-06-16,France,,532,Angers SCO,2015
190546,Emmanuel Biumla,Centre-Back,2005-05-08,France,,532,Angers SCO,2015
178075,Yassin Belkhdim,Central Midfield,2002-02-14,Morocco,,532,Angers SCO,2015
177021,Louis Mouton,Defensive Midfield,2002-06-03,France,,532,Angers SCO,2015
176904,Jacques Ekomie,Left-Back,2003-08-19,Gabon,,532,Angers SCO,2015
53397,Branco van den Boomen,Central Midfield,1995-07-21,Netherlands,,532,Angers SCO,2015
45297,Florent Hanin,Left-Back,1990-02-04,France,,532,Angers SCO,2015
8645,Pierrick Capelle,Central Midfield,1987-04-15,France,,532,Angers SCO,2015
8640,Abdoulaye Bamba,Centre-Back,1990-04-25,Ivory Coast,,532,Angers SCO,2015
1020,Jordan Lefort,null,1993-08-09,France,,532,Angers SCO,2015
887,Goduine Koyalipou,Centre-Forward,2000-02-15,Central African Republic,,532,Angers SCO,2015
746,Haris Belkebla,Central Midfield,1994-01-28,Algeria,,532,Angers SCO,2015
213045,Marius Courcoul,Centre-Back,2007-01-01,France,,532,Angers SCO,2015
20931,Mory Diaw,Goalkeeper,1993-06-22,Senegal,,533,Le Havre AC,2015
106838,Lionel Mpasi,Goalkeeper,1994-08-01,DR Congo,,533,Le Havre AC,2015
248779,Paul Argney,Goalkeeper,2006-05-23,France,,533,Le Havre AC,2015
277506,Alex Teixeira,Goalkeeper,2007-02-25,France,,533,Le Havre AC,2015
113230,Ayumu Seko,Defence,2000-06-07,Japan,,533,Le Havre AC,2015
276981,Stephan Zagadou,Defence,2008-10-24,France,,533,Le Havre AC,2015
283412,Georges Gomis,Defence,2008-01-01,Senegal,,533,Le Havre AC,2015
3706,Sofiane Boufal,Midfield,1993-09-17,Morocco,,533,Le Havre AC,2015
179603,Lucas Gourna-Douath,Midfield,2003-08-05,France,,533,Le Havre AC,2015
263479,Daren Mosengo,Midfield,2006-08-11,France,,533,Le Havre AC,2015
263480,Guy Zohouri,Midfield,2007-02-01,Ivory Coast,,533,Le Havre AC,2015
281103,Kenny Quetant,Midfield,2006-07-17,France,,533,Le Havre AC,2015
290116,Adams Diabaté,Midfield,2005-10-20,France,,533,Le Havre AC,2015
290423,Thomas Rousseau,Midfield,2008-01-11,France,,533,Le Havre AC,2015
290425,Thierno Bah,Midfield,2007-01-02,Guinea,,533,Le Havre AC,2015
111230,Felix Mambimbi,Offence,2001-01-18,Switzerland,,533,Le Havre AC,2015
133190,Issa Soumaré,Offence,2000-10-10,Senegal,,533,Le Havre AC,2015
215579,Mbwana Samatta,Offence,1992-12-23,Tanzania,,533,Le Havre AC,2015
263481,Noam Obougou,Offence,2006-03-15,France,,533,Le Havre AC,2015
281102,Enzo Koffi,Offence,2006-03-04,France,,533,Le Havre AC,2015
290424,Yanis Djellel,Offence,2005-01-14,France,,533,Le Havre AC,2015
178663,Rassoul N'Diaye,Defensive Midfield,2001-12-11,France,,533,Le Havre AC,2015
169172,Yassine Kechta,Central Midfield,2002-02-25,Morocco,,533,Le Havre AC,2015
157842,Arouna Sangante,Centre-Back,2002-04-12,Senegal,,533,Le Havre AC,2015
149098,Fodé Doucouré,Right-Back,2001-02-03,Mali,,533,Le Havre AC,2015
148288,Timothee Pembele,Right-Back,2002-09-09,France,,533,Le Havre AC,2015
143027,Reda Khadra,Attacking Midfield,2001-07-04,Germany,,533,Le Havre AC,2015
111019,Godson Kyeremeh,Right Winger,2000-06-14,France,,533,Le Havre AC,2015
63096,Loïc Nego,Right-Back,1991-01-15,Hungary,,533,Le Havre AC,2015
8697,Abdoulaye Touré,Defensive Midfield,1994-03-03,Guinea,,533,Le Havre AC,2015
1004,Gautier Lloris,Centre-Back,1995-07-18,France,,533,Le Havre AC,2015
260293,Yanis Zouaoui,Left-Back,1998-04-20,France,,533,Le Havre AC,2015
204279,Simon Ebonog,Central Midfield,2004-08-16,France,,533,Le Havre AC,2015
191246,Etienne Youte Kinkoue,Centre-Back,2002-01-14,France,,533,Le Havre AC,2015
3240,Anthony Lopes,Goalkeeper,1990-10-01,Portugal,,543,FC Nantes,2015
30633,Patrik Carlgren,Goalkeeper,1992-01-08,Sweden,,543,FC Nantes,2015
170411,Lucas Bonelli,Goalkeeper,2003-02-14,France,,543,FC Nantes,2015
188030,Alexis Mirbach,Goalkeeper,2005-03-04,France,,543,FC Nantes,2015
8913,Deiver Machado,Defence,1993-09-02,Colombia,,543,FC Nantes,2015
62667,Uroš Radaković,Defence,1994-03-31,Serbia,,543,FC Nantes,2015
192353,Hugo Lamy,Defence,2004-01-16,France,,543,FC Nantes,2015
204239,Mathieu Acapandié,Defence,2004-12-14,France,,543,FC Nantes,2015
245998,Ali Yousef,Defence,2001-07-09,Libya,,543,FC Nantes,2015
270887,Sekou Doucouré,Defence,2005-04-26,France,,543,FC Nantes,2015
283068,Tylel Tati,Defence,2008-01-19,France,,543,FC Nantes,2015
280600,Bahmed Deuff,Midfield,2006-03-13,Mauritania,,543,FC Nantes,2015
287445,Sacha Ziani,Midfield,2003-08-07,France,,543,FC Nantes,2015
207204,Youssef El-Arabi,Offence,1987-02-03,Morocco,,543,FC Nantes,2015
217283,Amady Camara,Offence,2005-05-28,Mali,,543,FC Nantes,2015
290419,Junior Kone,Offence,2007-03-11,France,,543,FC Nantes,2015
170412,Matthis Abline,Centre-Forward,2003-03-28,France,,543,FC Nantes,2015
149044,Johann Lepenant,Defensive Midfield,2002-10-22,France,,543,FC Nantes,2015
114672,Mostafa Mohamed,Centre-Forward,1997-11-28,Egypt,,543,FC Nantes,2015
11572,Francis Coquelin,Defensive Midfield,1991-05-13,France,,543,FC Nantes,2015
8541,Rémy Cabella,Attacking Midfield,1990-03-08,France,,543,FC Nantes,2015
8447,Ignatius Ganago,Centre-Forward,1999-02-16,Cameroon,,543,FC Nantes,2015
8373,Nicolas Cozza,Left-Back,1999-01-08,France,,543,FC Nantes,2015
8324,Frédéric Guilbert,Right-Back,1994-12-24,France,,543,FC Nantes,2015
8295,Kelvin Amian Adou,Right-Back,1998-02-08,France,,543,FC Nantes,2015
3393,Chidozie Awaziem,Centre-Back,1997-01-01,Nigeria,,543,FC Nantes,2015
724,Fabien Centonze,Right-Back,1996-01-16,France,,543,FC Nantes,2015
451,Ibrahima Sissoko,Defensive Midfield,1997-10-27,Mali,,543,FC Nantes,2015
264406,Herba Guirassy,Left Winger,2006-08-29,Guinea,,543,FC Nantes,2015
264404,Louis Leroux,Attacking Midfield,2006-01-23,France,,543,FC Nantes,2015
246272,Enzo Mongo,Centre-Back,2005-04-08,France,,543,FC Nantes,2015
246193,Dehmaine Assoumani,Central Midfield,2005-04-17,France,,543,FC Nantes,2015
182297,Abakar Sylla,Centre-Back,2002-12-25,Ivory Coast,,543,FC Nantes,2015
170915,Mohamed Kaba,Central Midfield,2001-10-27,France,,543,FC Nantes,2015
165062,Ousmane Ba,Goalkeeper,2002-06-06,Senegal,,545,FC Metz,2015
243925,Pape Sy,Goalkeeper,1997-05-02,Senegal,,545,FC Metz,2015
246635,Jonathan Fischer,Goalkeeper,2001-11-09,Denmark,,545,FC Metz,2015
288615,Romain Jean-Baptiste,Goalkeeper,2006-02-21,France,,545,FC Metz,2015
192893,Terry Yegbe,Defence,2001-01-25,Ghana,,545,FC Metz,2015
215172,Urie-Michel Mboula,Defence,2003-04-30,Gabon,,545,FC Metz,2015
249730,Yannis Lawson,Defence,2004-11-22,Belgium,,545,FC Metz,2015
283246,Cléo Mélières,Defence,2005-04-13,France,,545,FC Metz,2015
288616,Moustapha Diop,Defence,,Senegal,,545,FC Metz,2015
119294,Giorgi Abuashvili,Midfield,2003-02-08,Georgia,,545,FC Metz,2015
216372,Georgiy Tsitaishvili,Midfield,2000-11-18,Georgia,,545,FC Metz,2015
278360,Ismaël Guerti,Midfield,2004-07-30,Morocco,,545,FC Metz,2015
288541,Believe Munongo,Midfield,2009-11-23,France,,545,FC Metz,2015
290085,Tahirys dos Santos,Midfield,2006-06-30,France,,545,FC Metz,2015
456,Habib Diallo,Offence,1995-06-18,Senegal,,545,FC Metz,2015
10662,Giorgi Kvilitaia,Offence,1993-10-01,Georgia,,545,FC Metz,2015
290084,Nathan Mbala,Offence,2008-02-19,DR Congo,,545,FC Metz,2015
293735,Jahyann Pandore,Offence,2007-11-25,France,,545,FC Metz,2015
261552,Alpha Touré,Defensive Midfield,2006-01-25,Senegal,,545,FC Metz,2015
246674,Lucas Michal,Left Winger,2005-06-22,France,,545,FC Metz,2015
212866,Sadibou Sané,Centre-Back,2004-06-10,Senegal,,545,FC Metz,2015
133553,Boubacar Traoré,Defensive Midfield,2001-08-20,Mali,,545,FC Metz,2015
45199,Koffi Franck Kouao,Right-Back,1998-05-20,Ivory Coast,,545,FC Metz,2015
8403,Fodé Ballo-Touré,Left-Back,1997-01-03,Senegal,,545,FC Metz,2015
8353,Bouna Sarr,Right-Back,1992-01-31,Senegal,,545,FC Metz,2015
8333,Jessy Deminguet,Central Midfield,1998-01-07,France,,545,FC Metz,2015
6623,Jean-Philippe Gbamin,Defensive Midfield,1995-09-25,Ivory Coast,,545,FC Metz,2015
6502,Benjamin Stambouli,Defensive Midfield,1990-08-13,France,,545,FC Metz,2015
4114,Maxime Colin,Right-Back,1991-11-15,France,,545,FC Metz,2015
752,Gauthier Hein,Right Winger,1996-08-07,France,,545,FC Metz,2015
8449,Mathieu Gorgelin,Goalkeeper,1990-08-05,France,,546,Racing Club de Lens,2015
8579,Régis Gurtner,Goalkeeper,1986-12-08,France,,546,Racing Club de Lens,2015
188389,Robin Risser,Goalkeeper,2004-12-02,France,,546,Racing Club de Lens,2015
270888,Adam Delplace,Goalkeeper,2006-09-03,France,,546,Racing Club de Lens,2015
278383,Ilan Jourdren,Goalkeeper,2008-07-17,France,,546,Racing Club de Lens,2015
8204,Arthur Masuaku,Defence,1993-11-07,DR Congo,,546,Racing Club de Lens,2015
129098,Saud Abdulhamid,Defence,1999-07-18,Saudi Arabia,,546,Racing Club de Lens,2015
188148,Samson Baidoo,Defence,2004-03-31,Austria,,546,Racing Club de Lens,2015
216398,Nidal Čelik,Defence,2006-07-17,Bosnia-Herzegovina,,546,Racing Club de Lens,2015
270890,Kyllian Antonio,Defence,2008-01-04,France,,546,Racing Club de Lens,2015
274084,Oscar Lenne,Defence,2006-09-09,France,,546,Racing Club de Lens,2015
150964,Mamadou Sangare,Midfield,2002-06-26,Mali,,546,Racing Club de Lens,2015
268900,Andrija Bulatović,Midfield,2006-12-27,Montenegro,,546,Racing Club de Lens,2015
295255,Mezian Soares,Midfield,2009-11-08,Portugal,,546,Racing Club de Lens,2015
3370,Florian Thauvin,Offence,1993-01-26,France,,546,Racing Club de Lens,2015
8446,Allan Saint-Maximin,Offence,1997-03-12,France,,546,Racing Club de Lens,2015
276430,Rayan Fofana,Offence,2006-02-12,France,,546,Racing Club de Lens,2015
290657,Erawan Garnier,Offence,2006-01-05,Thailand,,546,Racing Club de Lens,2015
151264,Abdallah Sima,Right Winger,2001-06-17,Senegal,,546,Racing Club de Lens,2015
64837,Florian Sotoca,Centre-Forward,1990-10-25,France,,546,Racing Club de Lens,2015
16077,Odsonne Edouard,Centre-Forward,1998-01-16,France,,546,Racing Club de Lens,2015
15704,Amadou Haïdara,Central Midfield,1998-01-31,Mali,,546,Racing Club de Lens,2015
8717,Matthieu Udol,Left-Back,1996-03-20,France,,546,Racing Club de Lens,2015
8706,Adrien Thomasson,Attacking Midfield,1993-12-10,France,,546,Racing Club de Lens,2015
8575,Wesley Saïd,Centre-Forward,1995-04-19,France,,546,Racing Club de Lens,2015
8424,Malang Sarr,Centre-Back,1999-01-23,France,,546,Racing Club de Lens,2015
8372,Ruben Aguilar,Right-Back,1993-04-26,France,,546,Racing Club de Lens,2015
735,Jonathan Gradit,Centre-Back,1992-11-24,France,,546,Racing Club de Lens,2015
246160,Anthony Bermont,Attacking Midfield,2005-02-10,France,,546,Racing Club de Lens,2015
244936,Alpha Diallo,Attacking Midfield,2006-02-25,France,,546,Racing Club de Lens,2015
204260,Fodé Sylla,Defensive Midfield,2006-04-16,France,,546,Racing Club de Lens,2015
188468,Pierre Ganiou,Centre-Back,2005-03-14,France,,546,Racing Club de Lens,2015
6696,Lukáš Hrádecký,Goalkeeper,1989-11-24,Finland,,548,AS Monaco FC,2015
9535,Philipp Köhn,Goalkeeper,1998-04-02,Switzerland,,548,AS Monaco FC,2015
172431,Yann Lienard,Goalkeeper,2003-03-16,France,,548,AS Monaco FC,2015
254051,Jules Stawiecki,Goalkeeper,2007-04-10,France,,548,AS Monaco FC,2015
254564,Yanis Benchaouch Marty,Goalkeeper,2006-04-10,Morocco,,548,AS Monaco FC,2015
272502,Samuel Nibombe,Defence,2007-08-15,Belgium,,548,AS Monaco FC,2015
272947,Bradel Kiwa,Defence,2006-02-05,France,,548,AS Monaco FC,2015
6687,Denis Zakaria,Midfield,1996-11-20,Switzerland,,548,AS Monaco FC,2015
8887,Krépin Diatta,Midfield,1999-02-25,Senegal,,548,AS Monaco FC,2015
175701,Maghnes Akliouche,Midfield,2002-02-25,France,,548,AS Monaco FC,2015
204269,Lamine Camara,Midfield,2004-01-01,Senegal,,548,AS Monaco FC,2015
272943,Aladji Bamba,Midfield,2006-07-14,France,,548,AS Monaco FC,2015
286934,Pape Cabral,Midfield,2007-01-20,France,,548,AS Monaco FC,2015
287511,Matthias Wamu Oyatambwe,Midfield,2008-10-22,Belgium,,548,AS Monaco FC,2015
290115,Ilane Touré,Midfield,2006-08-04,France,,548,AS Monaco FC,2015
131040,Folarin Balogun,Offence,2001-07-03,USA,,548,AS Monaco FC,2015
166249,Simon Adingra,Offence,2002-01-01,Ivory Coast,,548,AS Monaco FC,2015
154607,Vanderson,Right-Back,2001-06-21,Brazil,,548,AS Monaco FC,2015
128040,Ansu Fati,Left Winger,2002-10-31,Spain,,548,AS Monaco FC,2015
81039,Mohammed Salisu,Centre-Back,1999-04-17,Ghana,,548,AS Monaco FC,2015
67965,Jordan Teze,Right-Back,1999-09-30,Netherlands,,548,AS Monaco FC,2015
15100,Takumi Minamino,Left Winger,1995-01-16,Japan,,548,AS Monaco FC,2015
7328,Wout Faes,Centre-Back,1998-04-03,Belgium,,548,AS Monaco FC,2015
6493,Thilo Kehrer,Centre-Back,1996-09-21,Germany,,548,AS Monaco FC,2015
3683,Aleksandr Golovin,Attacking Midfield,1996-05-30,Russia,,548,AS Monaco FC,2015
3366,Paul Pogba,Central Midfield,1993-03-15,France,,548,AS Monaco FC,2015
3314,Eric Dier,Centre-Back,1994-01-15,England,,548,AS Monaco FC,2015
1612,Caio Henrique,Left-Back,1997-07-31,Brazil,,548,AS Monaco FC,2015
244898,Mamadou Coulibaly,Central Midfield,2004-04-21,France,,548,AS Monaco FC,2015
244696,Paris Brunner,Centre-Forward,2006-02-15,Germany,,548,AS Monaco FC,2015
221295,Stanis Idumbo-Muzambo,Attacking Midfield,2005-06-29,Belgium,,548,AS Monaco FC,2015
188481,Christian Mawissa,Centre-Back,2005-04-18,France,,548,AS Monaco FC,2015
185069,Kassoum Ouattara,Left-Back,2004-10-14,France,,548,AS Monaco FC,2015
177260,Mika Biereth,Centre-Forward,2003-02-08,Denmark,,548,AS Monaco FC,2015
131109,Stefan Bajic,Goalkeeper,2001-12-23,France,,576,RC Strasbourg Alsace,2015
191068,Mike Penders,Goalkeeper,2005-07-31,Belgium,,576,RC Strasbourg Alsace,2015
205508,Kalle Johnsson,Goalkeeper,1990-01-28,Sweden,,576,RC Strasbourg Alsace,2015
284107,Gabriel Kerckaert,Goalkeeper,2007-10-21,France,,576,RC Strasbourg Alsace,2015
135473,Guela Doué,Defence,2002-10-17,Ivory Coast,,576,RC Strasbourg Alsace,2015
170261,Valentin Barco,Defence,2004-07-23,Argentina,,576,RC Strasbourg Alsace,2015
205551,Lucas Høgsberg,Defence,2006-06-23,Denmark,,576,RC Strasbourg Alsace,2015
273159,Amadou Cissé,Defence,2006-02-27,Guinea,,576,RC Strasbourg Alsace,2015
276736,Sacha Lung,Defence,2008-05-10,France,,576,RC Strasbourg Alsace,2015
292356,Yoann Becker,Defence,2009-01-12,France,,576,RC Strasbourg Alsace,2015
168949,Julio Enciso,Midfield,2004-01-23,Paraguay,,576,RC Strasbourg Alsace,2015
182192,Diego Moreira,Midfield,2004-08-06,Belgium,,576,RC Strasbourg Alsace,2015
210644,Maximillian Oyedele,Midfield,2004-11-07,Poland,,576,RC Strasbourg Alsace,2015
244929,Samir El Mourabet,Midfield,2005-10-06,Morocco,,576,RC Strasbourg Alsace,2015
262705,Rafael Luís,Midfield,2005-02-18,Portugal,,576,RC Strasbourg Alsace,2015
276985,Ghianny Kodia,Midfield,2007-09-03,France,,576,RC Strasbourg Alsace,2015
292044,Tyrese Noubissie,Midfield,2009-05-13,France,,576,RC Strasbourg Alsace,2015
293649,Max Marechal,Midfield,2007-05-11,France,,576,RC Strasbourg Alsace,2015
294699,Idrissa Sabaly,Midfield,2007-11-23,France,,576,RC Strasbourg Alsace,2015
160849,David Fofana,Offence,2002-12-22,Ivory Coast,,576,RC Strasbourg Alsace,2015
290012,Jean-Baptiste Bosey,Offence,2008-02-15,France,,576,RC Strasbourg Alsace,2015
295113,Yaya Diemé,Offence,2007-10-16,Senegal,,576,RC Strasbourg Alsace,2015
206809,Samuel Amo-Ameyaw,Right Winger,2006-07-18,England,,576,RC Strasbourg Alsace,2015
204426,Martial Godo,Left Winger,2003-03-14,England,,576,RC Strasbourg Alsace,2015
203561,Joaquín Panichelli,Centre-Forward,2002-10-07,Argentina,,576,RC Strasbourg Alsace,2015
182091,Junior Mwanga,Defensive Midfield,2003-05-11,France,,576,RC Strasbourg Alsace,2015
150599,Emanuel Emegha,Centre-Forward,2003-02-03,Netherlands,,576,RC Strasbourg Alsace,2015
149920,Andrew Omobamidele,Centre-Back,2002-06-23,Ireland,,576,RC Strasbourg Alsace,2015
147878,Ismaël Doukouré,Centre-Back,2003-07-24,France,,576,RC Strasbourg Alsace,2015
144643,Sebastian Nanasi,Left Midfield,2002-05-16,Sweden,,576,RC Strasbourg Alsace,2015
8065,Ben Chilwell,Left-Back,1996-12-21,England,,576,RC Strasbourg Alsace,2015
270889,Abdoul Ouattara,Right Winger,2005-10-22,Ivory Coast,,576,RC Strasbourg Alsace,2015
245336,Gessime Yassine,null,2005-11-22,France,,576,RC Strasbourg Alsace,2015
244750,Mathis Amougou,Central Midfield,2006-01-18,France,,576,RC Strasbourg Alsace,2015
209148,Aaron Anselmino,Centre-Back,2005-04-29,Argentina,,576,RC Strasbourg Alsace,2015
3175,Kevin Trapp,Goalkeeper,1990-07-08,Germany,,1045,Paris FC,2015
30590,Rémy Riou,Goalkeeper,1987-08-06,France,,1045,Paris FC,2015
138022,Obed Nkambadio,Goalkeeper,2003-02-07,France,,1045,Paris FC,2015
116150,Samir Chergui,Defence,1999-02-06,Algeria,,1045,Paris FC,2015
270699,Kâmil Elkit,Midfield,2004-07-08,France,,1045,Paris FC,2015
277673,Rudy Matondo,Midfield,2008-03-13,France,,1045,Paris FC,2015
8475,Willem Geubbels,Offence,2001-08-16,France,,1045,Paris FC,2015
249584,Mohamed Dao,Offence,2007-01-01,France,,1045,Paris FC,2015
40000,Timothée Kolodziejczak,Centre-Back,1991-10-01,France,,1045,Paris FC,2015
34754,Marshall Munetsi,Central Midfield,1996-06-22,Zimbabwe,,1045,Paris FC,2015
8900,Thibault De Smet,Left-Back,1998-06-05,Belgium,,1045,Paris FC,2015
8808,Hamari Traoré,Right-Back,1992-01-27,Mali,,1045,Paris FC,2015
8439,Pierre Lees Melou,Defensive Midfield,1993-05-25,France,,1045,Paris FC,2015
8381,Jonathan Ikoné,Right Winger,1998-05-02,France,,1045,Paris FC,2015
8352,Maxime López,Defensive Midfield,1997-12-04,France,,1045,Paris FC,2015
3398,Moses Simon,Left Winger,1995-07-12,Nigeria,,1045,Paris FC,2015
2076,Ciro Immobile,Centre-Forward,1990-02-20,Italy,,1045,Paris FC,2015
941,Julien López Baila,Left Winger,1992-03-01,Algeria,,1045,Paris FC,2015
854,Sofiane Alakouch,Right-Back,1998-07-29,Morocco,,1045,Paris FC,2015
823,Mathieu Cafaro,Right Winger,1997-03-25,France,,1045,Paris FC,2015
638,Alimami Gory,Left Winger,1996-08-30,France,,1045,Paris FC,2015
609,Pierre-Yves Hamel,Centre-Forward,1994-02-03,France,,1045,Paris FC,2015
565,Vincent Marchetti,Central Midfield,1997-07-04,France,,1045,Paris FC,2015
245430,Nhoa Sangui,Left-Back,2006-02-27,France,,1045,Paris FC,2015
242560,Killian Prouchet,Centre-Back,2005-01-23,France,,1045,Paris FC,2015
182267,Luca Koleosho,Right Winger,2004-09-15,Italy,,1045,Paris FC,2015
176720,Diego Coppola,Centre-Back,2003-12-28,Italy,,1045,Paris FC,2015
169339,Mamadou Mbow,Centre-Back,2000-03-08,Senegal,,1045,Paris FC,2015
151363,Otavio Ataide,Centre-Back,2002-04-21,Brazil,,1045,Paris FC,2015
129221,Adama Camara,Defensive Midfield,1996-10-18,France,,1045,Paris FC,2015
108987,Lamine Gueye,Right Winger,1998-03-13,Senegal,,1045,Paris FC,2015
108520,Ilan Kebbal,Attacking Midfield,1998-07-10,Algeria,,1045,Paris FC,2015
106896,Jean-Philippe Krasso,Centre-Forward,1997-07-17,Ivory Coast,,1045,Paris FC,2015
94034,Tuomas Ollila,Left-Back,2000-04-24,Finland,,1045,Paris FC,2015
7015,Matthias Köbbing,Goalkeeper,1997-05-28,Germany,,1,1. FC Köln,2002
9388,Ron-Robert Zieler,Goalkeeper,1989-02-12,Germany,,1,1. FC Köln,2002
9957,Marvin Schwäbe,Goalkeeper,1995-04-25,Germany,,1,1. FC Köln,2002
8945,Alessio Castro-Montes,Defence,1997-05-17,Belgium,,1,1. FC Köln,2002
107201,Joël Schmied,Defence,1998-09-23,Switzerland,,1,1. FC Köln,2002
180567,Kristoffer Lund,Defence,2002-05-14,USA,,1,1. FC Köln,2002
292502,David Fürst,Defence,2007-04-03,Germany,,1,1. FC Köln,2002
127596,Ísak Jóhannesson,Midfield,2003-03-23,Iceland,,1,1. FC Köln,2002
270531,Felipe Chavez,Midfield,2007-04-10,Peru,,1,1. FC Köln,2002
144647,Sebastian Sebulonsen,Offence,2000-01-27,Norway,,1,1. FC Köln,2002
247659,Said El Mala,Offence,2006-08-26,Germany,,1,1. FC Köln,2002
250918,Malek El Mala,Offence,2005-04-02,Germany,,1,1. FC Köln,2002
280335,Cenny Neumann,Offence,2007-01-12,Germany,,1,1. FC Köln,2002
280363,Youssoupha Niang,Offence,2006-03-25,Germany,,1,1. FC Köln,2002
290065,Fynn Schenten,Offence,2007-09-14,Germany,,1,1. FC Köln,2002
127401,Jakub Kamiński,Left Winger,2002-06-05,Poland,,1,1. FC Köln,2002
127140,Cenk Özkacar,Centre-Back,2000-10-06,Turkey,,1,1. FC Köln,2002
99812,Tom Krauß,Central Midfield,2001-06-22,Germany,,1,1. FC Köln,2002
75707,Luca Kilian,Centre-Back,1999-09-01,Germany,,1,1. FC Köln,2002
65441,Marius Bülter,Left Winger,1993-03-29,Germany,,1,1. FC Köln,2002
9453,Florian Kainz,Attacking Midfield,1992-10-24,Austria,,1,1. FC Köln,2002
7772,Ragnar Ache,Centre-Forward,1998-07-28,Germany,,1,1. FC Köln,2002
6537,Gian-Luca Waldschmidt,Centre-Forward,1996-05-19,Germany,,1,1. FC Köln,2002
327,Linton Maina,Right Winger,1999-06-23,Germany,,1,1. FC Köln,2002
309,Timo Hübers,Centre-Back,1996-07-20,Germany,,1,1. FC Köln,2002
186,Dominique Heintz,Centre-Back,1993-08-15,Germany,,1,1. FC Köln,2002
272307,Jahmai Simpson-Pusey,Centre-Back,2005-11-04,England,,1,1. FC Köln,2002
260917,Fayssal Harchaoui,Defensive Midfield,2006-01-15,Germany,,1,1. FC Köln,2002
152743,Rav van den Berg,Centre-Back,2004-07-07,Netherlands,,1,1. FC Köln,2002
152726,Eric Martel,Defensive Midfield,2002-04-29,Germany,,1,1. FC Köln,2002
150087,Denis Huseinbasic,Central Midfield,2001-07-03,Bosnia-Herzegovina,,1,1. FC Köln,2002
137031,Jan Thielmann,Right-Back,2002-05-26,Germany,,1,1. FC Köln,2002
316,Oliver Baumann,Goalkeeper,1990-06-02,Germany,,2,TSG 1899 Hoffenheim,2002
75703,Luca Philipp,Goalkeeper,2000-11-28,Germany,,2,TSG 1899 Hoffenheim,2002
220259,Lukas Petersson,Goalkeeper,2004-02-09,Iceland,,2,TSG 1899 Hoffenheim,2002
30548,Ozan Kabak,Defence,2000-03-25,Turkey,,2,TSG 1899 Hoffenheim,2002
49031,Koki Machida,Defence,1997-08-25,Japan,,2,TSG 1899 Hoffenheim,2002
62631,Vladimir Coufal,Defence,1992-08-22,Czech Republic,,2,TSG 1899 Hoffenheim,2002
113457,Alexander Prass,Defence,2001-05-26,Austria,,2,TSG 1899 Hoffenheim,2002
151443,Albian Hajdari,Defence,2003-05-18,Kosovo,,2,TSG 1899 Hoffenheim,2002
188239,Robin Hranac,Defence,2000-01-29,Czech Republic,,2,TSG 1899 Hoffenheim,2002
261478,Kelven Frees,Defence,2005-02-03,Germany,,2,TSG 1899 Hoffenheim,2002
274441,Luca Erlein,Defence,2007-07-05,Germany,,2,TSG 1899 Hoffenheim,2002
206319,Leon Avdullahu,Midfield,1991-03-20,Kosovo,,2,TSG 1899 Hoffenheim,2002
212107,Valentin Lässig,Midfield,2003-03-03,Germany,,2,TSG 1899 Hoffenheim,2002
220226,Luka Đurić,Midfield,2003-06-18,Bosnia-Herzegovina,,2,TSG 1899 Hoffenheim,2002
318,Andrej Kramarić,Offence,1991-06-19,Croatia,,2,TSG 1899 Hoffenheim,2002
99042,Adam Hložek,Offence,2002-07-25,Czech Republic,,2,TSG 1899 Hoffenheim,2002
249312,Bazoumana Touré,Offence,2006-03-02,Ivory Coast,,2,TSG 1899 Hoffenheim,2002
265182,Cole Campbell,Right Winger,2006-02-20,USA,,2,TSG 1899 Hoffenheim,2002
248657,Max Moerstedt,Centre-Forward,2006-01-15,Germany,,2,TSG 1899 Hoffenheim,2002
245825,Yannick Eduardo,Centre-Forward,2006-01-23,Czech Republic,,2,TSG 1899 Hoffenheim,2002
186086,Muhammed Damar,Attacking Midfield,2004-04-09,Germany,,2,TSG 1899 Hoffenheim,2002
145562,Fisnik Asllani,Centre-Forward,2002-08-08,Kosovo,,2,TSG 1899 Hoffenheim,2002
144433,Tim Lemperle,Centre-Forward,2002-02-05,Germany,,2,TSG 1899 Hoffenheim,2002
121279,Valentin Gendrey,Right-Back,2000-06-21,France,,2,TSG 1899 Hoffenheim,2002
76770,Wouter Burger,Defensive Midfield,2001-02-16,Netherlands,,2,TSG 1899 Hoffenheim,2002
9540,Bernardo,Left-Back,1995-05-14,Brazil,,2,TSG 1899 Hoffenheim,2002
6836,Grischa Prömel,Central Midfield,1995-01-09,Germany,,2,TSG 1899 Hoffenheim,2002
326,Ihlas Bebou,Centre-Forward,1994-04-23,Togo,,2,TSG 1899 Hoffenheim,2002
315,Kevin Akpoguma,Centre-Back,1995-04-19,Nigeria,,2,TSG 1899 Hoffenheim,2002
165,Niklas Lomb,Goalkeeper,1993-07-28,Germany,,3,Bayer 04 Leverkusen,2002
6931,Janis Blaswich,Goalkeeper,1991-05-02,Germany,,3,Bayer 04 Leverkusen,2002
9923,Mark Flekken,Goalkeeper,1993-06-13,Netherlands,,3,Bayer 04 Leverkusen,2002
30774,Jonas Omlin,Goalkeeper,1994-01-10,Switzerland,,3,Bayer 04 Leverkusen,2002
289572,Jesper Schlich,Goalkeeper,2007-07-12,Germany,,3,Bayer 04 Leverkusen,2002
16739,Alejandro Grimaldo,Defence,1995-09-20,Spain,,3,Bayer 04 Leverkusen,2002
154228,Nicolás Ezequiel Fernández,Defence,2002-07-25,Argentina,,3,Bayer 04 Leverkusen,2002
176718,Jarell Quansah,Defence,2003-01-29,England,,3,Bayer 04 Leverkusen,2002
273033,Ben Hawighorst,Defence,2008-03-01,Germany,,3,Bayer 04 Leverkusen,2002
289109,Ferdinand Pohl,Defence,2007-02-02,Germany,,3,Bayer 04 Leverkusen,2002
290212,Issa Traoré,Defence,2007-11-14,Mali,,3,Bayer 04 Leverkusen,2002
11720,Exequiel Palacios,Midfield,1998-10-05,Argentina,,3,Bayer 04 Leverkusen,2002
144470,Malik Tillman,Midfield,2002-05-28,USA,,3,Bayer 04 Leverkusen,2002
189287,Eliesse Ben Seghir,Midfield,2005-02-16,Morocco,,3,Bayer 04 Leverkusen,2002
202532,Ibrahim Maza,Midfield,2005-11-24,Algeria,,3,Bayer 04 Leverkusen,2002
272949,Axel Tape,Midfield,2007-08-10,France,,3,Bayer 04 Leverkusen,2002
283302,Jeremiah Mensah,Midfield,2008-02-21,Germany,,3,Bayer 04 Leverkusen,2002
289573,Naba Mensah,Midfield,2007-05-08,Germany,,3,Bayer 04 Leverkusen,2002
1826,Patrik Schick,Offence,1996-01-24,Czech Republic,,3,Bayer 04 Leverkusen,2002
274045,Christian Kofane,Offence,2006-07-26,Cameroon,,3,Bayer 04 Leverkusen,2002
287850,Montrell Culbreath,Offence,2007-08-29,Germany,,3,Bayer 04 Leverkusen,2002
293515,Emmanuel Owen,Offence,2007-06-11,Germany,,3,Bayer 04 Leverkusen,2002
144715,Nathan Tella,Right Midfield,1999-07-05,Nigeria,,3,Bayer 04 Leverkusen,2002
136039,Loïc Bade,Centre-Back,2000-04-11,France,,3,Bayer 04 Leverkusen,2002
64713,Edmond Tapsoba,Centre-Back,1999-02-02,Burkina Faso,,3,Bayer 04 Leverkusen,2002
45611,Robert Andrich,Defensive Midfield,1994-09-22,Germany,,3,Bayer 04 Leverkusen,2002
33524,Aleix García,Central Midfield,1997-06-28,Spain,,3,Bayer 04 Leverkusen,2002
8797,Martin Terrier,Left Winger,1997-03-04,France,,3,Bayer 04 Leverkusen,2002
6681,Jonas Hofmann,Attacking Midfield,1992-07-14,Germany,,3,Bayer 04 Leverkusen,2002
45,Lucas Vázquez,Right-Back,1991-07-01,Spain,,3,Bayer 04 Leverkusen,2002
184979,Tim Oermann,Centre-Back,2003-10-06,Germany,,3,Bayer 04 Leverkusen,2002
178860,Arthur Augusto,Right-Back,2003-03-17,Brazil,,3,Bayer 04 Leverkusen,2002
167793,Ernest Poku,Centre-Forward,2004-01-28,Netherlands,,3,Bayer 04 Leverkusen,2002
334,Gregor Kobel,Goalkeeper,1997-12-06,Switzerland,,4,Borussia Dortmund,2002
7109,Patrick Drewes,Goalkeeper,1993-02-04,Germany,,4,Borussia Dortmund,2002
9389,Alexander Meyer,Goalkeeper,1991-04-13,Germany,,4,Borussia Dortmund,2002
176268,Silas Ostrzinski,Goalkeeper,2003-11-19,Germany,,4,Borussia Dortmund,2002
379,Waldemar Anton,Defence,1996-07-20,Germany,,4,Borussia Dortmund,2002
8805,Ramy Bensebaini,Defence,1995-04-16,Algeria,,4,Borussia Dortmund,2002
44030,Julian Ryerson,Defence,1997-11-17,Norway,,4,Borussia Dortmund,2002
75539,Nico Schlotterbeck,Defence,1999-12-01,Germany,,4,Borussia Dortmund,2002
145937,Daniel Svensson,Defence,2002-02-12,Sweden,,4,Borussia Dortmund,2002
261058,Filippo Mané,Defence,2005-03-08,Italy,,4,Borussia Dortmund,2002
273354,Elias Benkara,Defence,2007-04-29,Germany,,4,Borussia Dortmund,2002
290034,Luca Reggiani,Defence,2008-01-09,Italy,,4,Borussia Dortmund,2002
201,Salih Özcan,Midfield,1998-01-11,Turkey,,4,Borussia Dortmund,2002
9551,Marcel Sabitzer,Midfield,1994-03-17,Austria,,4,Borussia Dortmund,2002
101074,Felix Kalu Nmecha,Midfield,2000-10-10,Germany,,4,Borussia Dortmund,2002
133548,Ayman Azhil,Midfield,2001-04-10,Morocco,,4,Borussia Dortmund,2002
167570,Carney Chukwuemeka,Midfield,2003-10-20,Austria,,4,Borussia Dortmund,2002
250515,Danylo Krevsun,Midfield,2005-04-21,Ukraine,,4,Borussia Dortmund,2002
278316,Mussa Kaba,Midfield,2008-11-17,Germany,,4,Borussia Dortmund,2002
133903,Maximilian Beier,Offence,2002-10-17,Germany,,4,Borussia Dortmund,2002
279090,Samuele Inácio,Offence,2008-04-02,Italy,,4,Borussia Dortmund,2002
279093,Mathis Albert,Offence,2009-05-21,USA,,4,Borussia Dortmund,2002
82515,Karim Adeyemi,Left Winger,2002-01-18,Germany,,4,Borussia Dortmund,2002
3183,Emre Can,Defensive Midfield,1994-01-12,Germany,,4,Borussia Dortmund,2002
351,Niklas Süle,Centre-Back,1995-09-03,Germany,,4,Borussia Dortmund,2002
211,Sehrou Guirassy,Centre-Forward,1996-03-12,Guinea,,4,Borussia Dortmund,2002
148,Julian Brandt,Attacking Midfield,1996-05-02,Germany,,4,Borussia Dortmund,2002
263672,Almugera Kabar,Left-Back,2006-06-06,Germany,,4,Borussia Dortmund,2002
171692,Jobe Bellingham,Attacking Midfield,2005-09-23,England,,4,Borussia Dortmund,2002
144283,Yan Couto,Right-Back,2002-06-03,Brazil,,4,Borussia Dortmund,2002
125151,Fábio Silva,Centre-Forward,2002-07-19,Portugal,,4,Borussia Dortmund,2002
341,Manuel Neuer,Goalkeeper,1986-03-27,Germany,,5,FC Bayern München,2002
342,Sven Ulreich,Goalkeeper,1988-08-03,Germany,,5,FC Bayern München,2002
172342,Jonas Urbig,Goalkeeper,2003-08-08,Germany,,5,FC Bayern München,2002
270119,Leon Klanac,Goalkeeper,2007-03-01,Germany,,5,FC Bayern München,2002
280160,Jannis Bärtl,Goalkeeper,2006-06-24,Germany,,5,FC Bayern München,2002
288435,Leonard Prescott,Goalkeeper,2009-09-23,Germany,,5,FC Bayern München,2002
149,Jonathan Tah,Defence,1996-02-11,Germany,,5,FC Bayern München,2002
9541,Dayot Upamecano,Defence,1998-10-27,France,,5,FC Bayern München,2002
21288,Alphonso Davies,Defence,2000-11-02,Canada,,5,FC Bayern München,2002
48657,Hiroki Ito,Defence,1999-05-12,Japan,,5,FC Bayern München,2002
122188,Josip Stanišić,Defence,2000-04-02,Croatia,,5,FC Bayern München,2002
168299,Min-Jae Kim,Defence,1996-11-15,South Korea,,5,FC Bayern München,2002
212343,Vincent Manuba,Defence,2005-07-01,Germany,,5,FC Bayern München,2002
279064,Cassiano Kiala,Defence,2009-01-11,Germany,,5,FC Bayern München,2002
284705,Deniz Ofli,Defence,2007-03-29,Turkey,,5,FC Bayern München,2002
293795,Filip Pavić,Defence,2010-01-19,Germany,,5,FC Bayern München,2002
359,Joshua Kimmich,Midfield,1995-02-08,Germany,,5,FC Bayern München,2002
3181,Leon Goretzka,Midfield,1995-02-06,Germany,,5,FC Bayern München,2002
9549,Konrad Laimer,Midfield,1997-05-27,Austria,,5,FC Bayern München,2002
22396,Luis Díaz,Midfield,1997-01-13,Colombia,,5,FC Bayern München,2002
144393,Jamal Musiala,Midfield,2003-02-26,Germany,,5,FC Bayern München,2002
202665,Aleksandar Pavlović,Midfield,2004-05-03,Germany,,5,FC Bayern München,2002
277592,Lennart Karl,Midfield,2008-02-22,Germany,,5,FC Bayern München,2002
279063,David Daiber,Midfield,2007-01-10,Portugal,,5,FC Bayern München,2002
290450,Bara Sapoko Ndiaye,Midfield,,Senegal,,5,FC Bayern München,2002
291949,Maycon Cardozo,Midfield,2008-10-10,Brazil,,5,FC Bayern München,2002
293855,Erblin Osmani,Midfield,2009-05-19,Germany,,5,FC Bayern München,2002
8004,Harry Kane,Offence,1993-07-28,England,,5,FC Bayern München,2002
113765,Michael Olise,Offence,2001-12-12,France,,5,FC Bayern München,2002
152515,Nicolas Jackson,Offence,2001-06-20,Senegal,,5,FC Bayern München,2002
246060,Guido Della Rovere,Offence,2007-06-04,Italy,,5,FC Bayern München,2002
275164,Wisdom Mike,Offence,2008-09-24,Germany,,5,FC Bayern München,2002
294776,Bastian Assomo,Offence,2010-01-03,Germany,,5,FC Bayern München,2002
3246,Raphaël Guerreiro,Left-Back,1993-12-22,Portugal,,5,FC Bayern München,2002
311,Serge Gnabry,Right Winger,1995-07-14,Germany,,5,FC Bayern München,2002
172574,Tom Bischof,Attacking Midfield,2005-06-28,Germany,,5,FC Bayern München,2002
10078,Daniel Fernandes,Goalkeeper,1992-11-13,Portugal,,7,Hamburger SV,2002
146024,Sander Tangvik,Goalkeeper,2002-11-29,Norway,,7,Hamburger SV,2002
209640,Hannes Hermann,Goalkeeper,2005-03-23,Germany,,7,Hamburger SV,2002
6551,Jordan Torunarigha,Defence,1997-08-07,Nigeria,,7,Hamburger SV,2002
50215,Miro Muheim,Defence,1998-03-24,Switzerland,,7,Hamburger SV,2002
145650,Giorgi Gocholeishvili,Defence,2001-02-14,Georgia,,7,Hamburger SV,2002
216835,Luka Vušković,Defence,2007-02-24,Croatia,,7,Hamburger SV,2002
277579,Shafiq Nandja,Defence,2007-01-15,Germany,,7,Hamburger SV,2002
289178,Louis Lemke,Defence,2009-10-08,Germany,,7,Hamburger SV,2002
102974,Nicolás Capaldo,Midfield,1997-09-14,Argentina,,7,Hamburger SV,2002
187069,Omar Megeed,Midfield,2005-08-19,Germany,,7,Hamburger SV,2002
119989,Philip Otele,Offence,1999-04-15,Nigeria,,7,Hamburger SV,2002
137302,Ransford Königsdörffer,Offence,2001-09-13,Ghana,,7,Hamburger SV,2002
228008,Otto Stange,Offence,2007-02-09,Germany,,7,Hamburger SV,2002
252883,Alexander Røssing-Lelesiit,Offence,2007-01-20,Norway,,7,Hamburger SV,2002
144430,Albert Gronbaek Erlykke,Central Midfield,2001-05-23,Denmark,,7,Hamburger SV,2002
135467,Warmed Omari,Centre-Back,2000-04-23,Comoros,,7,Hamburger SV,2002
125686,Rayan Philippe,Centre-Forward,2000-10-23,France,,7,Hamburger SV,2002
112948,Fabio Vieira,Attacking Midfield,2000-05-30,Portugal,,7,Hamburger SV,2002
99836,Noah Katterbach,Left-Back,2001-04-13,Germany,,7,Hamburger SV,2002
8862,Albert Sambi Lokonga,Central Midfield,1999-10-22,Belgium,,7,Hamburger SV,2002
8597,Jean-Luc Dompé,Left Winger,1995-08-12,France,,7,Hamburger SV,2002
7034,Robert Glatzel,Centre-Forward,1994-01-08,Germany,,7,Hamburger SV,2002
6539,Bakery Jatta,Right Winger,1998-06-06,Gambia,,7,Hamburger SV,2002
3466,Yussuf Poulsen,Centre-Forward,1994-06-16,Denmark,,7,Hamburger SV,2002
230350,Bilal Yalcinkaya,Attacking Midfield,2006-03-30,Germany,,7,Hamburger SV,2002
220468,Fabio Baldé,Left Winger,2005-07-20,Germany,,7,Hamburger SV,2002
185185,Damion Downs,Centre-Forward,2004-07-06,USA,,7,Hamburger SV,2002
183356,Daniel Elfadli,Defensive Midfield,1997-04-06,Libya,,7,Hamburger SV,2002
160442,William Mikelbrencis,Right-Back,2004-02-25,France,,7,Hamburger SV,2002
149995,Nicolai Remberg,Central Midfield,2000-06-19,Germany,,7,Hamburger SV,2002
6491,Alexander Nübel,Goalkeeper,1996-09-30,Germany,,10,VfB Stuttgart,2002
6603,Fabian Bredlow,Goalkeeper,1995-03-02,Germany,,10,VfB Stuttgart,2002
67401,Stefan Drljača,Goalkeeper,1999-04-20,Germany,,10,VfB Stuttgart,2002
280057,Florian Hellstern,Goalkeeper,2007-10-18,Germany,,10,VfB Stuttgart,2002
176711,Luca Jaquez,Defence,2003-06-02,Switzerland,,10,VfB Stuttgart,2002
249707,Maximilian Herwerth,Defence,2006-02-09,Germany,,10,VfB Stuttgart,2002
7079,Atakan Karazor,Midfield,1996-10-13,Turkey,,10,VfB Stuttgart,2002
128565,Angelo Stiller,Midfield,2001-04-04,Germany,,10,VfB Stuttgart,2002
212314,Noah Darvich,Midfield,2006-09-25,Germany,,10,VfB Stuttgart,2002
216841,Lazar Jovanovic,Midfield,2006-11-30,Serbia,,10,VfB Stuttgart,2002
246680,Yanik Spalt,Midfield,2007-09-03,Austria,,10,VfB Stuttgart,2002
261054,Christopher Olivier,Midfield,2006-01-31,Austria,,10,VfB Stuttgart,2002
270273,Chema Andrés,Midfield,2005-04-25,Spain,,10,VfB Stuttgart,2002
273413,Mirza Ćatović,Midfield,2007-05-01,Germany,,10,VfB Stuttgart,2002
280394,Lauri Penna,Midfield,2006-07-02,Germany,,10,VfB Stuttgart,2002
6928,Deniz Undav,Offence,1996-07-19,Germany,,10,VfB Stuttgart,2002
33242,Ermedin Demirovic,Offence,1998-03-25,Bosnia-Herzegovina,,10,VfB Stuttgart,2002
123333,Jamie Leweling,Offence,2001-02-26,Germany,,10,VfB Stuttgart,2002
191186,Justin Diehl,Offence,2004-11-27,Germany,,10,VfB Stuttgart,2002
215510,Jeremy,Offence,2005-03-19,Spain,,10,VfB Stuttgart,2002
145057,Tiago Tomás,Centre-Forward,2002-06-16,Portugal,,10,VfB Stuttgart,2002
135485,Lorenz Assignon,Right-Back,2000-06-22,France,,10,VfB Stuttgart,2002
9487,Pascal Stenzel,Right-Back,1996-03-20,Germany,,10,VfB Stuttgart,2002
7748,Julian Chabot,Centre-Back,1998-02-12,Germany,,10,VfB Stuttgart,2002
6549,Maximilian Mittelstädt,Left-Back,1997-03-18,Germany,,10,VfB Stuttgart,2002
6523,Josha Vagnoman,Right-Back,2000-12-11,Germany,,10,VfB Stuttgart,2002
6483,Dan-Axel Zagadou,Centre-Back,1999-06-03,France,,10,VfB Stuttgart,2002
206,Chris Führich,Left Winger,1998-01-09,Germany,,10,VfB Stuttgart,2002
190,Nikolas Nartey,Central Midfield,2000-02-22,Denmark,,10,VfB Stuttgart,2002
221768,Finn Jeltsch,Centre-Back,2006-07-17,Germany,,10,VfB Stuttgart,2002
189873,Bilal El Khannouss,Attacking Midfield,2005-05-09,Morocco,,10,VfB Stuttgart,2002
185007,Badredine Bouanani,Right Winger,2004-12-08,Algeria,,10,VfB Stuttgart,2002
170857,Ameen Al Dakhil,Centre-Back,2002-03-06,Belgium,,10,VfB Stuttgart,2002
157263,Ramon Hendriks,Left-Back,2001-07-18,Netherlands,,10,VfB Stuttgart,2002
156949,Mohamed Sankoh,Centre-Forward,2003-10-16,Netherlands,,10,VfB Stuttgart,2002
6573,Marius Müller,Goalkeeper,1993-07-12,Germany,,11,VfL Wolfsburg,2002
10700,Pavao Pervan,Goalkeeper,1987-11-13,Austria,,11,VfL Wolfsburg,2002
92854,Kamil Grabara,Goalkeeper,1999-01-08,Poland,,11,VfL Wolfsburg,2002
254719,Jakub Zieliński,Goalkeeper,2008-02-21,Poland,,11,VfL Wolfsburg,2002
15522,Denis Vavro,Defence,1996-04-10,Slovakia,,11,VfL Wolfsburg,2002
172995,Cleiton Santos,Defence,2003-04-25,Brazil,,11,VfL Wolfsburg,2002
191269,Jonas Adjei Adjetey,Defence,2003-12-13,Ghana,,11,VfL Wolfsburg,2002
264451,Till Neininger,Defence,2007-04-03,Germany,,11,VfL Wolfsburg,2002
278463,Jan Bürger,Defence,2007-03-10,Germany,,11,VfL Wolfsburg,2002
15354,Mattias Svanberg,Midfield,1999-01-05,Sweden,,11,VfL Wolfsburg,2002
124324,Patrick Wimmer,Midfield,2001-05-30,Austria,,11,VfL Wolfsburg,2002
182004,Adam Daghim,Midfield,2005-09-28,Denmark,,11,VfL Wolfsburg,2002
212727,Bence Dárdai,Midfield,2006-01-24,Hungary,,11,VfL Wolfsburg,2002
289143,Pharell Hensel,Midfield,2007-06-08,Germany,,11,VfL Wolfsburg,2002
177590,Konstantinos Koulierakis,Offence,2003-11-28,Greece,,11,VfL Wolfsburg,2002
180827,Mohammed Amoura,Offence,2000-05-09,Algeria,,11,VfL Wolfsburg,2002
247160,Kento Shiogai,Offence,2005-03-26,Japan,,11,VfL Wolfsburg,2002
289942,Trevor Benedict,Offence,2007-04-04,Germany,,11,VfL Wolfsburg,2002
291148,Bruno Katz,Offence,2008-05-14,Finland,,11,VfL Wolfsburg,2002
153289,Moritz Jenz,Centre-Back,1999-04-30,Germany,,11,VfL Wolfsburg,2002
140414,Kevin Paredes,Left Midfield,2003-05-07,USA,,11,VfL Wolfsburg,2002
121664,Kilian Fischer,Right-Back,2000-10-12,Germany,,11,VfL Wolfsburg,2002
115078,Vinícius Souza,Defensive Midfield,1999-06-17,Brazil,,11,VfL Wolfsburg,2002
81973,Jesper Lindstrøm,Right Winger,2000-02-29,Denmark,,11,VfL Wolfsburg,2002
23214,Lovro Majer,Attacking Midfield,1998-01-17,Croatia,,11,VfL Wolfsburg,2002
16335,Jonas Wind,Centre-Forward,1999-02-07,Denmark,,11,VfL Wolfsburg,2002
9426,Yannick Gerhardt,Central Midfield,1994-03-13,Germany,,11,VfL Wolfsburg,2002
9423,Maximilian Arnold,Central Midfield,1994-05-27,Germany,,11,VfL Wolfsburg,2002
8975,Joakim Mæhle,Right-Back,1997-05-20,Denmark,,11,VfL Wolfsburg,2002
3459,Christian Eriksen,Central Midfield,1992-02-14,Denmark,,11,VfL Wolfsburg,2002
2188,Rogério,Left-Back,1998-01-13,Brazil,,11,VfL Wolfsburg,2002
184970,Dzenan Pejcinovic,Centre-Forward,2005-02-15,Germany,,11,VfL Wolfsburg,2002
184967,Aaron Zehnter,Left Midfield,2004-10-31,Germany,,11,VfL Wolfsburg,2002
177037,Jeanuel Belocian,Centre-Back,2005-02-17,France,,11,VfL Wolfsburg,2002
176942,Sael Kumbedi,Right-Back,2005-03-26,France,,11,VfL Wolfsburg,2002
154109,Jenson Seelt,Centre-Back,2003-05-23,Netherlands,,11,VfL Wolfsburg,2002
45596,Markus Kolke,Goalkeeper,1990-08-18,Germany,,12,SV Werder Bremen,2002
153843,Karl Jakob Hein,Goalkeeper,2002-04-13,Estonia,,12,SV Werder Bremen,2002
179984,Mio Backhaus,Goalkeeper,2004-04-16,Germany,,12,SV Werder Bremen,2002
256018,Stefan Smarkalev,Goalkeeper,2007-05-14,Bulgaria,,12,SV Werder Bremen,2002
9447,Marco Friedl,Defence,1998-03-16,Austria,,12,SV Werder Bremen,2002
48670,Yukinari Sugawara,Defence,2000-06-28,Japan,,12,SV Werder Bremen,2002
255080,Mats Heitmann,Defence,2006-02-11,Germany,,12,SV Werder Bremen,2002
275165,Mick Schmetgens,Defence,2007-09-09,Germany,,12,SV Werder Bremen,2002
276411,Karim Coulibaly,Defence,2007-05-23,Germany,,12,SV Werder Bremen,2002
16346,Romano Schmid,Midfield,2000-01-27,Austria,,12,SV Werder Bremen,2002
50137,Cameron Puertas,Midfield,1998-08-18,Switzerland,,12,SV Werder Bremen,2002
61630,Marco Grüll,Midfield,1998-07-06,Austria,,12,SV Werder Bremen,2002
271982,Wesley Adeh,Midfield,2007-01-08,Germany,,12,SV Werder Bremen,2002
273584,Patrice Čović,Midfield,2007-06-25,Croatia,,12,SV Werder Bremen,2002
176637,Keke Topp,Offence,2004-03-25,Germany,,12,SV Werder Bremen,2002
280220,Salim Musah,Offence,2006-02-22,Germany,,12,SV Werder Bremen,2002
93320,Olivier Deman,Left Midfield,2000-04-06,Belgium,,12,SV Werder Bremen,2002
66095,Amos Pieper,Centre-Back,1998-01-17,Germany,,12,SV Werder Bremen,2002
23925,Jens Stage,Central Midfield,1996-11-08,Denmark,,12,SV Werder Bremen,2002
10559,Felix Agu,Right-Back,1999-09-27,Nigeria,,12,SV Werder Bremen,2002
9765,Senne Lynen,Defensive Midfield,1999-02-19,Belgium,,12,SV Werder Bremen,2002
7562,Maximilian Wöber,Centre-Back,1998-02-04,Austria,,12,SV Werder Bremen,2002
6557,Niklas Stark,Centre-Back,1995-04-14,Germany,,12,SV Werder Bremen,2002
6555,Mitchell Weiser,Right-Back,1994-04-21,Germany,,12,SV Werder Bremen,2002
199,Leonardo Bittencourt,Central Midfield,1993-12-19,Germany,,12,SV Werder Bremen,2002
217678,Samuel Mbangula,Left Winger,2004-01-16,Belgium,,12,SV Werder Bremen,2002
212853,Jovan Milošević,Centre-Forward,2005-07-31,Serbia,,12,SV Werder Bremen,2002
153870,Julián Malatini,Centre-Back,2001-05-31,Argentina,,12,SV Werder Bremen,2002
130811,Victor Boniface,Centre-Forward,2000-12-23,Nigeria,,12,SV Werder Bremen,2002
122949,Justin Njinmah,Right Winger,2000-11-15,Germany,,12,SV Werder Bremen,2002
122231,Isaac Schmidt,Left-Back,1999-12-07,Switzerland,,12,SV Werder Bremen,2002
6616,Robin Zentner,Goalkeeper,1994-10-28,Germany,,15,1. FSV Mainz 05,2002
6985,Daniel Batz,Goalkeeper,1991-01-12,Germany,,15,1. FSV Mainz 05,2002
170064,Lasse Rieß,Goalkeeper,2001-07-27,Germany,,15,1. FSV Mainz 05,2002
280403,Louis Babatz,Goalkeeper,2006-01-14,Germany,,15,1. FSV Mainz 05,2002
395,Stefan Posch,Defence,1997-05-14,Austria,,15,1. FSV Mainz 05,2002
2114,Silvan Widmer,Defence,1993-03-05,Switzerland,,15,1. FSV Mainz 05,2002
6576,Philipp Mwene,Defence,1994-01-29,Austria,,15,1. FSV Mainz 05,2002
276971,Kacper Potulski,Defence,2007-10-19,Poland,,15,1. FSV Mainz 05,2002
320,Nadiem Amiri,Midfield,1996-10-27,Germany,,15,1. FSV Mainz 05,2002
114809,Kaishu Sano,Midfield,2000-12-30,Japan,,15,1. FSV Mainz 05,2002
147832,Sota Kawasaki,Midfield,2001-07-30,Japan,,15,1. FSV Mainz 05,2002
150432,Paul Nebel,Midfield,2002-10-10,Germany,,15,1. FSV Mainz 05,2002
177460,Nikolas Veratschnig,Midfield,2003-01-24,Austria,,15,1. FSV Mainz 05,2002
179889,Jae-sung Lee,Midfield,1992-08-10,South Korea,,15,1. FSV Mainz 05,2002
250164,Daniel Gleiber,Midfield,2005-02-01,Germany,,15,1. FSV Mainz 05,2002
286350,Daniel Imafidon,Midfield,2007-03-24,Germany,,15,1. FSV Mainz 05,2002
286351,Jeremiah Debrah,Midfield,2009-01-06,Germany,,15,1. FSV Mainz 05,2002
150608,Fabio Moreno Fell,Offence,2000-06-04,Germany,,15,1. FSV Mainz 05,2002
151458,Armindo Sieb,Offence,2003-02-17,Germany,,15,1. FSV Mainz 05,2002
178640,Silas Katompa Mvumpa,Offence,1998-10-06,DR Congo,,15,1. FSV Mainz 05,2002
203211,William Bøving,Offence,2003-03-01,Denmark,,15,1. FSV Mainz 05,2002
45593,Phillip Tietz,Centre-Forward,1997-07-09,Germany,,15,1. FSV Mainz 05,2002
38394,Andreas Hanche-Olsen,Centre-Back,1997-01-17,Norway,,15,1. FSV Mainz 05,2002
9994,Maxim Leitsch,Centre-Back,1998-05-18,Germany,,15,1. FSV Mainz 05,2002
8785,Anthony Caci,Left-Back,1997-07-01,France,,15,1. FSV Mainz 05,2002
7633,Sheraldo Becker,Left Winger,1995-02-09,Suriname,,15,1. FSV Mainz 05,2002
6826,Lennart Maloney,Defensive Midfield,1999-10-08,USA,,15,1. FSV Mainz 05,2002
6707,Danny da Costa,Right-Back,1993-07-13,Germany,,15,1. FSV Mainz 05,2002
6620,Stefan Bell,Centre-Back,1991-08-24,Germany,,15,1. FSV Mainz 05,2002
152,Dominik Kohr,Defensive Midfield,1994-01-31,Germany,,15,1. FSV Mainz 05,2002
184973,Nelson Weiper,Centre-Forward,2005-03-17,Germany,,15,1. FSV Mainz 05,2002
150647,Benedict Hollerbach,Centre-Forward,2001-05-17,Germany,,15,1. FSV Mainz 05,2002
6617,Finn Dahmen,Goalkeeper,1998-03-27,Germany,,16,FC Augsburg,2002
83751,Daniel Klein,Goalkeeper,2001-03-13,Germany,,16,FC Augsburg,2002
147197,Nediljko Labrović,Goalkeeper,1999-10-10,Croatia,,16,FC Augsburg,2002
43195,Dimitris Giannoulis,Defence,1995-10-17,Greece,,16,FC Augsburg,2002
169668,Arthur Chaves,Defence,2001-01-29,Brazil,,16,FC Augsburg,2002
227956,Oliver Sorg,Defence,2007-07-31,Austria,,16,FC Augsburg,2002
249428,Noahkai Banks,Defence,2006-12-01,USA,,16,FC Augsburg,2002
272836,Felix Meiser,Defence,2007-01-16,Germany,,16,FC Augsburg,2002
23222,Kristijan Jakić,Midfield,1997-05-14,Croatia,,16,FC Augsburg,2002
152692,Fabian Rieder,Midfield,2002-02-16,Switzerland,,16,FC Augsburg,2002
161414,Ismaël Gharbi,Midfield,2004-04-10,Tunisia,,16,FC Augsburg,2002
290066,Tim Schnitzer,Midfield,2008-02-07,Germany,,16,FC Augsburg,2002
6661,Michael Gregoritsch,Offence,1994-04-18,Austria,,16,FC Augsburg,2002
175963,Anton Kade,Offence,2004-01-17,Germany,,16,FC Augsburg,2002
274217,Uchenna Ogundu,Offence,2006-05-12,Nigeria,,16,FC Augsburg,2002
192654,Mert Kömür,Attacking Midfield,2005-07-17,Germany,,16,FC Augsburg,2002
184971,Thomas Kastanaras,Centre-Forward,2003-01-09,Germany,,16,FC Augsburg,2002
183682,Mahmut Kücüksahin,Defensive Midfield,2004-04-07,Turkey,,16,FC Augsburg,2002
178772,Rodrigo Ribeiro,Centre-Forward,2005-04-28,Portugal,,16,FC Augsburg,2002
147912,Chrislain Matsima,Centre-Back,2002-05-15,France,,16,FC Augsburg,2002
98953,Han-Noah Massengo,Defensive Midfield,2001-07-07,France,,16,FC Augsburg,2002
97120,Yannik Keitel,Defensive Midfield,2000-02-15,Germany,,16,FC Augsburg,2002
65692,Robin Fellhauer,Defensive Midfield,1998-01-21,Germany,,16,FC Augsburg,2002
56858,Keven Schlotterbeck,Centre-Back,1997-04-28,Germany,,16,FC Augsburg,2002
30886,Cédric Zesiger,Centre-Back,1998-06-24,Switzerland,,16,FC Augsburg,2002
24221,Mads Pedersen,Left-Back,1996-09-01,Denmark,,16,FC Augsburg,2002
9432,Elvis Rexhbecaj,Central Midfield,1997-11-01,Kosovo,,16,FC Augsburg,2002
6714,Marius Wolf,Right-Back,1995-05-27,Germany,,16,FC Augsburg,2002
6645,Jeffrey Gouweleeuw,Centre-Back,1991-07-10,Netherlands,,16,FC Augsburg,2002
608,Alexis Claude Maurice,Attacking Midfield,1998-06-06,France,,16,FC Augsburg,2002
6614,Florian Müller,Goalkeeper,1997-11-13,Germany,,17,SC Freiburg,2002
7741,Jannik Huth,Goalkeeper,1994-04-15,Germany,,17,SC Freiburg,2002
123287,Noah Atubolu,Goalkeeper,2002-05-25,Germany,,17,SC Freiburg,2002
9477,Philipp Lienhart,Defence,1996-07-11,Austria,,17,SC Freiburg,2002
261446,Karl Steinmann,Defence,2005-12-13,Germany,,17,SC Freiburg,2002
145293,Yuito Suzuki,Midfield,2001-10-25,Japan,,17,SC Freiburg,2002
212309,Johan Manzambi,Midfield,2005-10-14,Switzerland,,17,SC Freiburg,2002
280416,Rouven Tarnutzer,Midfield,2007-07-24,Switzerland,,17,SC Freiburg,2002
142,Maximilian Philipp,Offence,1994-03-01,Germany,,17,SC Freiburg,2002
156629,Igor Matanovic,Offence,2003-03-31,Croatia,,17,SC Freiburg,2002
229272,Ifechukwu Ogbus,Offence,2005-12-17,Switzerland,,17,SC Freiburg,2002
265186,Cyriaque Irié,Offence,2005-06-20,Burkina Faso,,17,SC Freiburg,2002
175704,Derry Scherhant,Left Winger,2002-11-10,Germany,,17,SC Freiburg,2002
171203,Max Rosenfelder,Centre-Back,2003-02-10,Germany,,17,SC Freiburg,2002
171186,Jordy Makengo,Left-Back,2001-08-03,France,,17,SC Freiburg,2002
122651,Philipp Treu,Left-Back,2000-12-03,Germany,,17,SC Freiburg,2002
120962,Patrick Osterhage,Central Midfield,2000-02-01,Germany,,17,SC Freiburg,2002
66114,Daniel-Kofi Kyereh,Attacking Midfield,1996-03-08,Ghana,,17,SC Freiburg,2002
24097,Anthony Jung,Centre-Back,1991-11-03,Germany,,17,SC Freiburg,2002
9501,Lucas Höler,Centre-Forward,1994-07-10,Germany,,17,SC Freiburg,2002
9485,Nicolas Höfler,Defensive Midfield,1990-03-09,Germany,,17,SC Freiburg,2002
9473,Lukas Kübler,Right-Back,1992-08-30,Germany,,17,SC Freiburg,2002
9472,Christian Günter,Left-Back,1993-02-28,Germany,,17,SC Freiburg,2002
9452,Maximilian Eggestein,Central Midfield,1996-12-08,Germany,,17,SC Freiburg,2002
6686,Vincenzo Grifo,Left Winger,1993-04-07,Italy,,17,SC Freiburg,2002
6484,Jan-Niklas Beste,Left-Back,1999-01-04,Germany,,17,SC Freiburg,2002
3176,Matthias Ginter,Centre-Back,1994-01-19,Germany,,17,SC Freiburg,2002
6667,Tobias Sippel,Goalkeeper,1988-03-22,Germany,,18,Borussia Mönchengladbach,2002
6668,Moritz Nicolas,Goalkeeper,1997-10-21,Germany,,18,Borussia Mönchengladbach,2002
97458,Jan Jakob Olschowsky,Goalkeeper,2001-11-18,Germany,,18,Borussia Mönchengladbach,2002
192494,Tiago Pereira Cardoso,Goalkeeper,2006-04-07,Luxembourg,,18,Borussia Mönchengladbach,2002
3475,Nico Elvedi,Defence,1996-09-30,Switzerland,,18,Borussia Mönchengladbach,2002
7464,Kevin Diks,Defence,1996-10-06,Indonesia,,18,Borussia Mönchengladbach,2002
82442,Joseph Scally,Defence,2002-12-31,USA,,18,Borussia Mönchengladbach,2002
181193,Kota Takai,Defence,2004-09-04,Japan,,18,Borussia Mönchengladbach,2002
136733,Gio Reyna,Midfield,2002-11-13,USA,,18,Borussia Mönchengladbach,2002
151888,Jens Castrop,Midfield,2003-07-29,South Korea,,18,Borussia Mönchengladbach,2002
188201,Hugo Bolin,Midfield,2003-07-24,Sweden,,18,Borussia Mönchengladbach,2002
270638,Niklas Swider,Midfield,2007-01-05,Germany,,18,Borussia Mönchengladbach,2002
270641,Fritz Fleck,Midfield,2007-05-30,Germany,,18,Borussia Mönchengladbach,2002
282450,Wael Mohya,Midfield,2008-12-31,Germany,,18,Borussia Mönchengladbach,2002
48988,Shuto Machino,Offence,1999-09-30,Japan,,18,Borussia Mönchengladbach,2002
63218,Haris Tabaković,Offence,1994-06-20,Bosnia-Herzegovina,,18,Borussia Mönchengladbach,2002
213869,Jan Urbich,Offence,2004-06-23,Germany,,18,Borussia Mönchengladbach,2002
250453,Alejo Sarco,Offence,2006-01-06,Argentina,,18,Borussia Mönchengladbach,2002
187273,Lukas Ullrich,Left-Back,2004-03-16,Germany,,18,Borussia Mönchengladbach,2002
176307,Fabio Chiarodia,Centre-Back,2005-06-05,Italy,,18,Borussia Mönchengladbach,2002
150517,Rocco Reitz,Central Midfield,2002-05-29,Germany,,18,Borussia Mönchengladbach,2002
123277,Yannik Engelhardt,Defensive Midfield,2001-02-07,Germany,,18,Borussia Mönchengladbach,2002
98746,Nathan N'Goumou,Right Winger,2000-03-14,Cameroon,,18,Borussia Mönchengladbach,2002
72392,Philipp Sander,Central Midfield,1998-02-21,Germany,,18,Borussia Mönchengladbach,2002
9999,Kevin Stöger,Attacking Midfield,1993-08-27,Austria,,18,Borussia Mönchengladbach,2002
9522,Florian Neuhaus,Central Midfield,1997-03-16,Germany,,18,Borussia Mönchengladbach,2002
9499,Tim Kleindienst,Centre-Forward,1995-08-31,Germany,,18,Borussia Mönchengladbach,2002
6825,Marvin Friedrich,Centre-Back,1995-12-13,Germany,,18,Borussia Mönchengladbach,2002
727,Franck Honorat,Right Winger,1996-08-11,France,,18,Borussia Mönchengladbach,2002
400,Robin Hack,Left Winger,1998-08-27,Germany,,18,Borussia Mönchengladbach,2002
9387,Jens Grahl,Goalkeeper,1988-09-22,Germany,,19,Eintracht Frankfurt,2002
9438,Michael Zetterer,Goalkeeper,1995-07-12,Germany,,19,Eintracht Frankfurt,2002
189482,Kaua,Goalkeeper,2003-04-11,Brazil,,19,Eintracht Frankfurt,2002
273124,Amil Siljevic,Goalkeeper,2007-01-19,Germany,,19,Eintracht Frankfurt,2002
145893,Arthur Theate,Defence,2000-05-25,Belgium,,19,Eintracht Frankfurt,2002
169297,Aurele Amenda,Defence,2003-07-31,Switzerland,,19,Eintracht Frankfurt,2002
184533,Nathaniel Brown,Defence,2003-06-16,Germany,,19,Eintracht Frankfurt,2002
249811,Keita Kosugi,Defence,2006-03-18,Japan,,19,Eintracht Frankfurt,2002
261407,Fousseny Doumbia,Defence,2005-02-23,Germany,,19,Eintracht Frankfurt,2002
3608,Ellyes Skhiri,Midfield,1995-05-10,Tunisia,,19,Eintracht Frankfurt,2002
178658,Fares Chaïbi,Midfield,2002-11-28,Algeria,,19,Eintracht Frankfurt,2002
275141,Love Arrhov,Midfield,2008-05-17,Sweden,,19,Eintracht Frankfurt,2002
280371,Marvin Dills,Midfield,2007-04-25,Germany,,19,Eintracht Frankfurt,2002
7531,Ritsu Doan,Offence,1998-06-16,Japan,,19,Eintracht Frankfurt,2002
192207,Younes Ebnoutalib,Offence,2003-09-13,Germany,,19,Eintracht Frankfurt,2002
261438,Ayoube Amaimouni-Echghouyab,Offence,2004-11-30,Morocco,,19,Eintracht Frankfurt,2002
271956,Alexander Staff,Offence,2008-06-12,Germany,,19,Eintracht Frankfurt,2002
171714,Nnamdi Collins,Centre-Back,2004-01-10,Germany,,19,Eintracht Frankfurt,2002
150860,Ansgar Knauff,Right Winger,2002-01-10,Germany,,19,Eintracht Frankfurt,2002
130668,Arnaud Kalimuendo,Centre-Forward,2002-01-20,France,,19,Eintracht Frankfurt,2002
82404,Jonathan Burkardt,Centre-Forward,2000-07-11,Germany,,19,Eintracht Frankfurt,2002
9479,Robin Koch,Centre-Back,1996-07-17,Germany,,19,Eintracht Frankfurt,2002
7554,Rasmus Kristensen,Right-Back,1997-07-11,Denmark,,19,Eintracht Frankfurt,2002
6701,Timmy Chandler,Right-Back,1990-03-29,USA,,19,Eintracht Frankfurt,2002
3664,Michy Batshuayi,Centre-Forward,1993-10-02,Belgium,,19,Eintracht Frankfurt,2002
158,Mahmoud Dahoud,Central Midfield,1996-01-01,Germany,,19,Eintracht Frankfurt,2002
140,Mario Götze,Attacking Midfield,1992-06-03,Germany,,19,Eintracht Frankfurt,2002
213880,Elias Baum,Right-Back,2005-10-26,Germany,,19,Eintracht Frankfurt,2002
205537,Oscar Højlund,Central Midfield,2005-01-04,Denmark,,19,Eintracht Frankfurt,2002
193605,Can Uzun,Attacking Midfield,2005-11-11,Turkey,,19,Eintracht Frankfurt,2002
185882,Jean Bahoya,Left Winger,2005-05-07,France,,19,Eintracht Frankfurt,2002
180563,Hugo Larsson,Central Midfield,2004-06-27,Sweden,,19,Eintracht Frankfurt,2002
65105,Nikola Vasilj,Goalkeeper,1995-12-02,Bosnia-Herzegovina,,20,FC St. Pauli 1910,2002
114954,Ben Alexander Voll,Goalkeeper,2000-12-09,Germany,,20,FC St. Pauli 1910,2002
145071,Emil Gazdov,Goalkeeper,2003-09-11,Canada,,20,FC St. Pauli 1910,2002
217277,Simon Spari,Goalkeeper,2002-06-16,Austria,,20,FC St. Pauli 1910,2002
31926,Eric Smith,Defence,1997-01-08,Sweden,,20,FC St. Pauli 1910,2002
179671,Fin Stevens,Defence,2003-04-10,Wales,,20,FC St. Pauli 1910,2002
209917,Louis Oppie,Defence,2002-05-17,Germany,,20,FC St. Pauli 1910,2002
212779,Jannik Robatsch,Defence,2004-12-28,Austria,,20,FC St. Pauli 1910,2002
274365,Tomoya Ando,Defence,1999-01-10,Japan,,20,FC St. Pauli 1910,2002
4635,Connor Metcalfe,Midfield,1999-11-05,Australia,,20,FC St. Pauli 1910,2002
128962,Ricky Jade-Jones,Midfield,2001-06-24,England,,20,FC St. Pauli 1910,2002
130135,Joel Fujita,Midfield,2002-02-16,Japan,,20,FC St. Pauli 1910,2002
132639,Arkadiusz Pyrka,Midfield,2002-09-20,Poland,,20,FC St. Pauli 1910,2002
272164,Nick Schmidt,Midfield,2007-09-12,Japan,,20,FC St. Pauli 1910,2002
24232,Mathias Rasmussen,Offence,1997-11-25,Norway,,20,FC St. Pauli 1910,2002
48558,Taichi Hara,Offence,1999-05-05,Japan,,20,FC St. Pauli 1910,2002
102498,Manolis Saliakas,Right-Back,1996-09-12,Greece,,20,FC St. Pauli 1910,2002
101202,David Nemeth,Centre-Back,2001-03-18,Austria,,20,FC St. Pauli 1910,2002
77783,James Sands,Defensive Midfield,2000-07-06,USA,,20,FC St. Pauli 1910,2002
67895,Martijn Kaars,Centre-Forward,1999-03-05,Netherlands,,20,FC St. Pauli 1910,2002
64402,Adam Dźwigała,Centre-Back,1995-09-25,Poland,,20,FC St. Pauli 1910,2002
15243,Danel Sinani,Right Winger,1997-04-05,Luxembourg,,20,FC St. Pauli 1910,2002
7649,Karol Mets,Centre-Back,1993-05-16,Estonia,,20,FC St. Pauli 1910,2002
6849,Hauke Finn Wahl,Centre-Back,1994-04-15,Germany,,20,FC St. Pauli 1910,2002
3421,Jackson Irvine,Central Midfield,1993-03-07,Australia,,20,FC St. Pauli 1910,2002
722,Mathias Pereira Lage,Left Winger,1996-11-30,Portugal,,20,FC St. Pauli 1910,2002
382,Lars Ritzka,Left-Back,1998-05-07,Germany,,20,FC St. Pauli 1910,2002
268952,Abdoulie Ceesay,Centre-Forward,2004-01-05,Gambia,,20,FC St. Pauli 1910,2002
265468,Marwin Schmitz,Defensive Midfield,2007-01-07,Germany,,20,FC St. Pauli 1910,2002
227002,Romeo Aigbekaen,Left Winger,2004-06-22,Germany,,20,FC St. Pauli 1910,2002
136168,Andreas Hountondji,Centre-Forward,2002-07-11,Benin,,20,FC St. Pauli 1910,2002
3450,Frederik Rønnow,Goalkeeper,1992-08-04,Denmark,,28,1. FC Union Berlin,2002
50717,Carl Klaus,Goalkeeper,1994-01-16,Germany,,28,1. FC Union Berlin,2002
144395,Matheo Raab,Goalkeeper,1998-12-18,Germany,,28,1. FC Union Berlin,2002
295064,Tom Wisbereit,Goalkeeper,2007-11-17,Germany,,28,1. FC Union Berlin,2002
64934,Derrick Köhn,Defence,1999-02-04,Ghana,,28,1. FC Union Berlin,2002
152811,Leopold Querfeld,Defence,2003-12-20,Austria,,28,1. FC Union Berlin,2002
279839,Andrik Markgraf,Defence,2006-09-07,Germany,,28,1. FC Union Berlin,2002
6657,Rani Khedira,Midfield,1994-01-27,Germany,,28,1. FC Union Berlin,2002
7029,Tim Skarke,Midfield,1996-09-07,Germany,,28,1. FC Union Berlin,2002
212115,David Preu,Midfield,2004-10-26,Germany,,28,1. FC Union Berlin,2002
250950,Dmytro Bohdanov,Offence,2007-03-06,Ukraine,,28,1. FC Union Berlin,2002
294498,Linus Güther,Offence,2010-04-08,Germany,,28,1. FC Union Berlin,2002
212285,Livan Burcu,Left Winger,2004-09-28,Turkey,,28,1. FC Union Berlin,2002
211740,Ilyas Ansah,Left Winger,2004-11-08,Germany,,28,1. FC Union Berlin,2002
203039,Stanley N'Soki,Centre-Back,1999-04-09,France,,28,1. FC Union Berlin,2002
188299,Aljoscha Kemlein,Defensive Midfield,2004-08-02,Germany,,28,1. FC Union Berlin,2002
182886,Andrej Ilic,Centre-Forward,2000-04-03,Serbia,,28,1. FC Union Berlin,2002
171757,Tom Rothe,Left-Back,2004-10-29,Germany,,28,1. FC Union Berlin,2002
72432,Jeong Wooyeong,Attacking Midfield,1999-09-20,South Korea,,28,1. FC Union Berlin,2002
72117,András Schafer,Central Midfield,1999-04-13,Hungary,,28,1. FC Union Berlin,2002
67886,Danilho Doekhi,Centre-Back,1998-06-30,Suriname,,28,1. FC Union Berlin,2002
62623,Alex Král,Central Midfield,1998-05-19,Czech Republic,,28,1. FC Union Berlin,2002
37796,Diogo Leite,Centre-Back,1999-01-23,Portugal,,28,1. FC Union Berlin,2002
23202,Josip Juranović,Right-Back,1995-08-16,Croatia,,28,1. FC Union Berlin,2002
10195,Robert Skov,Left Midfield,1996-05-20,Denmark,,28,1. FC Union Berlin,2002
9489,Janik Haberer,Central Midfield,1994-04-02,Germany,,28,1. FC Union Berlin,2002
8027,Oliver Burke,Right Winger,1997-04-07,Scotland,,28,1. FC Union Berlin,2002
6828,Christopher Trimmel,Right-Back,1987-02-24,Austria,,28,1. FC Union Berlin,2002
117476,Diant Ramaj,Goalkeeper,2001-09-19,Germany,,44,1. FC Heidenheim 1846,2002
143050,Paul Tschernuth,Goalkeeper,2002-01-20,Austria,,44,1. FC Heidenheim 1846,2002
179959,Frank Feller,Goalkeeper,2004-01-07,Germany,,44,1. FC Heidenheim 1846,2002
261382,Hennes Behrens,Defence,2005-01-19,Germany,,44,1. FC Heidenheim 1846,2002
278006,Adam Kölle,Defence,2006-04-28,Germany,,44,1. FC Heidenheim 1846,2002
279690,Nick Rothweiler,Midfield,2006-06-16,Germany,,44,1. FC Heidenheim 1846,2002
281944,Yannik Wagner,Offence,2007-05-09,Germany,,44,1. FC Heidenheim 1846,2002
286929,Tobias Weigel,Offence,2007-04-26,Germany,,44,1. FC Heidenheim 1846,2002
176899,Arijon Ibrahimovic,Attacking Midfield,2005-12-11,Germany,,44,1. FC Heidenheim 1846,2002
157339,Luca Kerber,Central Midfield,2002-03-10,Germany,,44,1. FC Heidenheim 1846,2002
150733,Eren Dinkci,Right Winger,2001-12-13,Turkey,,44,1. FC Heidenheim 1846,2002
150698,Julian Niehues,Defensive Midfield,2001-04-17,Germany,,44,1. FC Heidenheim 1846,2002
114649,Tim Siersleben,Centre-Back,2000-03-09,Germany,,44,1. FC Heidenheim 1846,2002
111071,Leonidas Stergiou,Right-Back,2002-03-03,Switzerland,,44,1. FC Heidenheim 1846,2002
96898,Sirlord Conteh,Right Winger,1996-07-09,Germany,,44,1. FC Heidenheim 1846,2002
84525,Budu Zivzivadze,Centre-Forward,1994-03-10,Georgia,,44,1. FC Heidenheim 1846,2002
77867,Mikkel Kaufmann,Centre-Forward,2001-01-03,Denmark,,44,1. FC Heidenheim 1846,2002
75675,Adrian Beck,Attacking Midfield,1997-06-09,Germany,,44,1. FC Heidenheim 1846,2002
75545,Marvin Pieringer,Centre-Forward,1999-10-04,Germany,,44,1. FC Heidenheim 1846,2002
67489,Jan Schöppner,Central Midfield,1999-06-12,Germany,,44,1. FC Heidenheim 1846,2002
67476,Christian Conteh,Right Winger,1999-08-27,Germany,,44,1. FC Heidenheim 1846,2002
67347,Haktab Traoré,Right-Back,1998-02-04,Germany,,44,1. FC Heidenheim 1846,2002
66088,Patrick Mainka,Centre-Back,1994-11-06,Germany,,44,1. FC Heidenheim 1846,2002
10825,Mathias Honsak,Left Winger,1996-12-20,Austria,,44,1. FC Heidenheim 1846,2002
10369,Stefan Schimmer,Centre-Forward,1994-04-28,Germany,,44,1. FC Heidenheim 1846,2002
10053,Leart Paqarada,Left-Back,1994-10-08,Kosovo,,44,1. FC Heidenheim 1846,2002
10028,Benedikt Gimber,Centre-Back,1997-02-19,Germany,,44,1. FC Heidenheim 1846,2002
7022,Marnon-Thomas Busch,Right-Back,1994-12-08,Germany,,44,1. FC Heidenheim 1846,2002
6879,Jonas Föhrenbach,Left-Back,1996-01-26,Germany,,44,1. FC Heidenheim 1846,2002
362,Niklas Dorsch,Defensive Midfield,1998-01-15,Germany,,44,1. FC Heidenheim 1846,2002
9533,Péter Gulácsi,Goalkeeper,1990-05-06,Hungary,,721,RB Leipzig,2002
45569,Leopold Zingerle,Goalkeeper,1994-04-10,Germany,,721,RB Leipzig,2002
75739,Maarten Vandevoordt,Goalkeeper,2002-02-26,Belgium,,721,RB Leipzig,2002
9905,David Raum,Defence,1998-04-22,Germany,,721,RB Leipzig,2002
16344,Xaver Schlager,Midfield,1997-09-28,Austria,,721,RB Leipzig,2002
56829,Christoph Baumgartner,Midfield,1999-08-01,Austria,,721,RB Leipzig,2002
113038,Nicolas  Seiwald,Midfield,2001-05-04,Austria,,721,RB Leipzig,2002
169295,Antonio Nusa,Midfield,2005-04-17,Norway,,721,RB Leipzig,2002
175951,Ezechiel Banzuzi,Midfield,2005-02-16,Netherlands,,721,RB Leipzig,2002
212636,Assan Ouédraogo,Midfield,2006-05-09,Germany,,721,RB Leipzig,2002
227045,Andrija Maksimović,Midfield,2007-06-05,Serbia,,721,RB Leipzig,2002
264272,Viggo Gebel,Midfield,2007-11-22,Germany,,721,RB Leipzig,2002
289807,Benno Kaltefleiter,Midfield,2008-02-14,Germany,,721,RB Leipzig,2002
178783,Romulo Cruz,Offence,2002-02-08,Brazil,,721,RB Leipzig,2002
206744,Conrad Harder,Offence,2005-04-07,Denmark,,721,RB Leipzig,2002
248995,Ayodele Thomas,Offence,2007-07-23,Netherlands,,721,RB Leipzig,2002
277484,Yan Diomandé,Offence,2006-11-14,Ivory Coast,,721,RB Leipzig,2002
289697,Samba Konaté,Offence,2009-02-27,France,,721,RB Leipzig,2002
290739,Suleman Sani,Offence,2006-09-01,Nigeria,,721,RB Leipzig,2002
217929,Kosta Nedeljković,Right-Back,2005-12-16,Serbia,,721,RB Leipzig,2002
214538,Max Finkgräfe,Left-Back,2004-03-27,Germany,,721,RB Leipzig,2002
211796,Tidiam Gomis,Left Winger,2006-08-08,France,,721,RB Leipzig,2002
191102,Brajan Gruda,Right Winger,2004-05-31,Germany,,721,RB Leipzig,2002
171405,Castello Lukeba,Centre-Back,2002-12-17,France,,721,RB Leipzig,2002
170415,El Chadaille Bitshiabu,Centre-Back,2005-05-16,France,,721,RB Leipzig,2002
154110,Johan Bakayoko,Right Winger,2003-04-20,Belgium,,721,RB Leipzig,2002
9537,Willi Orban,Centre-Back,1992-11-03,Hungary,,721,RB Leipzig,2002
9536,Lukas Klostermann,Centre-Back,1996-06-03,Germany,,721,RB Leipzig,2002
6634,Ridle Baku,Right-Back,1998-04-08,Germany,,721,RB Leipzig,2002
156,Benjamin Henrichs,Right-Back,1997-02-23,Germany,,721,RB Leipzig,2002
2476,Pietro Terracciano,Goalkeeper,1990-03-08,Italy,,98,AC Milan,2019
8390,Mike Maignan,Goalkeeper,1995-07-03,France,,98,AC Milan,2019
251128,Lorenzo Torriani,Goalkeeper,2005-01-31,Italy,,98,AC Milan,2019
265490,Matteo Pittarella,Goalkeeper,2008-05-26,Italy,,98,AC Milan,2019
32642,Pervis Estupiñán,Defence,1998-01-21,Ecuador,,98,AC Milan,2019
153556,Koni De Winter,Defence,2002-06-12,Belgium,,98,AC Milan,2019
202533,David Odogu,Defence,2006-06-03,Germany,,98,AC Milan,2019
256424,Zachary Athekame,Defence,2004-12-13,Switzerland,,98,AC Milan,2019
278015,Valeri Vladimirov,Defence,2008-06-04,Bulgaria,,98,AC Milan,2019
43,Luka Modrić,Midfield,1985-09-09,Croatia,,98,AC Milan,2019
3368,Adrien Rabiot,Midfield,1995-04-03,France,,98,AC Milan,2019
8858,Alexis Saelemaekers,Midfield,1999-06-27,Belgium,,98,AC Milan,2019
144909,Ardon Jasari,Midfield,2002-07-30,Switzerland,,98,AC Milan,2019
262882,Jacopo Sardo,Midfield,2005-03-08,Italy,,98,AC Milan,2019
273959,Emanuele Sala,Midfield,2007-11-28,Italy,,98,AC Milan,2019
145,Christian Pulisic,Offence,1998-09-18,USA,,98,AC Milan,2019
15892,Rafael Leão,Offence,1999-06-10,Portugal,,98,AC Milan,2019
282945,Cheveyo Balentien,Offence,2006-12-18,Suriname,,98,AC Milan,2019
289016,Alex Castiello,Offence,2007-02-13,Italy,,98,AC Milan,2019
290027,Emanuele Borsani,Offence,2008-01-08,Italy,,98,AC Milan,2019
215616,Davide Bartesaghi,Left-Back,2005-12-29,Italy,,98,AC Milan,2019
115245,Samuele Ricci,Defensive Midfield,2001-08-21,Italy,,98,AC Milan,2019
112969,Strahinja Pavlović,Centre-Back,2001-05-24,Serbia,,98,AC Milan,2019
81299,Youssouf Fofana,Defensive Midfield,1999-01-10,France,,98,AC Milan,2019
39635,Santiago Giménez,Centre-Forward,2001-04-18,Mexico,,98,AC Milan,2019
11528,Fikayo Tomori,Centre-Back,1997-12-19,England,,98,AC Milan,2019
8484,Christopher Nkunku,Centre-Forward,1997-11-14,France,,98,AC Milan,2019
8159,Ruben Loftus-Cheek,Central Midfield,1996-01-23,England,,98,AC Milan,2019
1753,Matteo Gabbia,Centre-Back,1999-10-21,Italy,,98,AC Milan,2019
304,Niclas Füllkrug,Centre-Forward,1993-02-09,Germany,,98,AC Milan,2019
2786,Luca Lezzerini,Goalkeeper,1995-03-24,Italy,,99,ACF Fiorentina,2019
3188,David De Gea,Goalkeeper,1990-11-07,Spain,,99,ACF Fiorentina,2019
24293,Oliver Christensen,Goalkeeper,1999-03-22,Denmark,,99,ACF Fiorentina,2019
274631,Pietro Leonardelli,Goalkeeper,2006-06-25,Italy,,99,ACF Fiorentina,2019
292635,Mattia Magalotti,Goalkeeper,2008-03-08,Italy,,99,ACF Fiorentina,2019
15110,Marin Pongračić,Defence,1997-09-11,Croatia,,99,ACF Fiorentina,2019
265526,Luís Balbo Vieira,Defence,2006-03-28,Venezuela,,99,ACF Fiorentina,2019
267944,Eddy Kouadio,Defence,2006-05-07,Italy,,99,ACF Fiorentina,2019
284108,Eman Košpo,Defence,2007-05-17,Bosnia-Herzegovina,,99,ACF Fiorentina,2019
291719,Edoardo Sadotti,Defence,2006-02-27,Italy,,99,ACF Fiorentina,2019
291720,Lapo Deli,Midfield,2006-04-25,Italy,,99,ACF Fiorentina,2019
291721,Piergiorgio Bonanno,Midfield,2007-07-27,Italy,,99,ACF Fiorentina,2019
294577,Salvatore Cianciulli,Midfield,2008-08-31,Italy,,99,ACF Fiorentina,2019
295179,Antonio Pirrò,Midfield,2008-01-28,Italy,,99,ACF Fiorentina,2019
3851,Albert Guðmundsson,Offence,1997-06-15,Iceland,,99,ACF Fiorentina,2019
284641,Riccardo Braschi,Offence,2006-08-24,Italy,,99,ACF Fiorentina,2019
292636,Gabriele Bertolini,Offence,2006-04-11,Italy,,99,ACF Fiorentina,2019
294382,Giorgio Puzzoli,Offence,2006-02-24,Italy,,99,ACF Fiorentina,2019
133787,Tariq Lamptey,Right-Back,2000-09-30,Ghana,,99,ACF Fiorentina,2019
129801,Fabiano Parisi,Left-Back,2000-11-09,Italy,,99,ACF Fiorentina,2019
102591,Roberto Piccoli,Centre-Forward,2001-01-27,Italy,,99,ACF Fiorentina,2019
99858,Marco Brescianini,Central Midfield,2000-01-20,Italy,,99,ACF Fiorentina,2019
97879,Nicolò Fagioli,Central Midfield,2001-02-12,Italy,,99,ACF Fiorentina,2019
40541,Manor Solomon,Left Winger,1999-07-24,Israel,,99,ACF Fiorentina,2019
16474,Dodô,Right-Back,1998-11-17,Brazil,,99,ACF Fiorentina,2019
8187,Abdelhamid Sabiri,Attacking Midfield,1996-11-28,Morocco,,99,ACF Fiorentina,2019
4220,Jack Harrison,Right Winger,1996-11-20,England,,99,ACF Fiorentina,2019
2230,Rolando Mandragora,Defensive Midfield,1997-06-29,Italy,,99,ACF Fiorentina,2019
2171,Moise Kean,Centre-Forward,2000-02-28,Italy,,99,ACF Fiorentina,2019
2027,Daniele Rugani,Centre-Back,1994-07-29,Italy,,99,ACF Fiorentina,2019
1847,Robin Gosens,Left-Back,1994-07-05,Germany,,99,ACF Fiorentina,2019
1778,Luca Ranieri,Centre-Back,1999-04-23,Italy,,99,ACF Fiorentina,2019
251135,Niccolò Fortini,Left-Back,2006-02-13,Italy,,99,ACF Fiorentina,2019
217391,Pietro Comuzzo,Centre-Back,2005-02-20,Italy,,99,ACF Fiorentina,2019
192307,Cher Ndour,Central Midfield,2004-07-27,Italy,,99,ACF Fiorentina,2019
177054,Jacopo Fazzini,Central Midfield,2003-03-16,Italy,,99,ACF Fiorentina,2019
171123,Giovanni Fabbian,Attacking Midfield,2003-01-14,Italy,,99,ACF Fiorentina,2019
1829,Pierluigi Gollini,Goalkeeper,1995-03-18,Italy,,100,AS Roma,2019
16735,Mile Svilar,Goalkeeper,1999-08-27,Serbia,,100,AS Roma,2019
244869,Radosław Żelezny,Goalkeeper,2006-09-06,Poland,,100,AS Roma,2019
273759,Giorgio De Marzi,Goalkeeper,2007-04-18,USA,,100,AS Roma,2019
274440,Alessio Marcaccini,Goalkeeper,2008-10-01,Italy,,100,AS Roma,2019
526,Evan N'Dicka,Defence,1999-08-20,Ivory Coast,,100,AS Roma,2019
29622,Zeki Çelik,Defence,1997-02-17,Turkey,,100,AS Roma,2019
179164,Wesley,Defence,2003-09-06,Brazil,,100,AS Roma,2019
216023,Jan Ziółkowski,Defence,2005-06-05,Poland,,100,AS Roma,2019
217874,Mohamed Seck,Defence,2006-04-20,Italy,,100,AS Roma,2019
290080,Jacopo Mirra,Defence,2006-07-10,Italy,,100,AS Roma,2019
290391,Emanuele Lulli,Defence,2007-08-17,Italy,,100,AS Roma,2019
7457,Donyell Malen,Midfield,1999-01-19,Netherlands,,100,AS Roma,2019
102395,Manu Koné,Midfield,2001-05-17,France,,100,AS Roma,2019
170647,Neil El Aynaoui,Midfield,2001-07-02,Morocco,,100,AS Roma,2019
290005,Muhammed Bah,Midfield,2007-02-24,Gambia,,100,AS Roma,2019
291817,Mattia Della Rocca,Midfield,2006-01-13,Italy,,100,AS Roma,2019
2046,Paulo Dybala,Offence,1993-11-15,Argentina,,100,AS Roma,2019
180104,Bryan Zaragoza,Offence,2001-04-25,Spain,,100,AS Roma,2019
213033,Robinio Vaz,Offence,2007-02-17,France,,100,AS Roma,2019
265218,Antonio Arena,Offence,,Italy,,100,AS Roma,2019
274222,Lorenzo Venturino,Offence,2006-06-22,Italy,,100,AS Roma,2019
291044,Edoardo Morucci,Offence,2007-01-12,Italy,,100,AS Roma,2019
149173,Devyne Rensch,Right-Back,2003-01-18,Netherlands,,100,AS Roma,2019
130809,Evan Ferguson,Centre-Forward,2004-10-19,Ireland,,100,AS Roma,2019
32703,Mario Hermoso,Centre-Back,1995-06-18,Spain,,100,AS Roma,2019
24217,Artem Dovbyk,Centre-Forward,1997-06-21,Ukraine,,100,AS Roma,2019
7646,Angeliño,Left-Back,1997-01-04,Spain,,100,AS Roma,2019
7383,Kostas Tsimikas,Left-Back,1996-05-12,Greece,,100,AS Roma,2019
1844,Bryan Cristante,Defensive Midfield,1995-03-03,Italy,,100,AS Roma,2019
1837,Gianluca Mancini,Centre-Back,1996-04-17,Italy,,100,AS Roma,2019
1823,Stephan El Shaarawy,Left Winger,1992-10-27,Italy,,100,AS Roma,2019
1819,Lorenzo Pellegrini,Attacking Midfield,1996-06-19,Italy,,100,AS Roma,2019
192382,Niccolo Pisilli,Central Midfield,2004-09-23,Italy,,100,AS Roma,2019
191705,Daniele Ghilardi,Centre-Back,2003-01-06,Italy,,100,AS Roma,2019
171121,Matias Soule,Right Winger,2003-04-15,Argentina,,100,AS Roma,2019
1767,Marco Sportiello,Goalkeeper,1992-05-10,Italy,,102,Atalanta BC,2019
1830,Francesco Rossi,Goalkeeper,1991-04-27,Italy,,102,Atalanta BC,2019
102220,Marco Carnesecchi,Goalkeeper,2000-07-01,Italy,,102,Atalanta BC,2019
220576,Piotr Pardel,Goalkeeper,2005-01-31,Poland,,102,Atalanta BC,2019
7786,Sead Kolašinac,Defence,1993-06-20,Bosnia-Herzegovina,,102,Atalanta BC,2019
151933,Lorenzo Bernasconi,Defence,2003-11-16,Italy,,102,Atalanta BC,2019
167031,Isak Hien,Defence,1999-01-13,Sweden,,102,Atalanta BC,2019
167098,Odilon Kossounou,Defence,2001-01-04,Ivory Coast,,102,Atalanta BC,2019
246518,Relja Obrić,Defence,2006-04-11,Serbia,,102,Atalanta BC,2019
265553,Albert Navarro,Defence,2007-05-24,Spain,,102,Atalanta BC,2019
1848,Marten de Roon,Midfield,1991-03-29,Netherlands,,102,Atalanta BC,2019
3553,Mario Pašalić,Midfield,1995-02-09,Croatia,,102,Atalanta BC,2019
81440,Éderson,Midfield,1999-07-07,Brazil,,102,Atalanta BC,2019
251012,Federico Cassa,Midfield,2006-01-01,Italy,,102,Atalanta BC,2019
285074,Sergej Levak,Midfield,2006-05-03,Croatia,,102,Atalanta BC,2019
114117,Giacomo Raspadori,Offence,2000-02-18,Italy,,102,Atalanta BC,2019
129947,Charles De Ketelaere,Offence,2001-03-10,Belgium,,102,Atalanta BC,2019
142140,Kamal Deen Sulemana,Offence,2002-02-15,Ghana,,102,Atalanta BC,2019
217758,Dominic Vavassori,Offence,2005-12-09,Italy,,102,Atalanta BC,2019
261018,Henry Camara,Offence,2006-05-06,France,,102,Atalanta BC,2019
130420,Lazar Samardzic,Central Midfield,2002-02-24,Serbia,,102,Atalanta BC,2019
120679,Nikola Krstović,Centre-Forward,2000-04-05,Montenegro,,102,Atalanta BC,2019
7807,Davide Zappacosta,Right Midfield,1992-06-11,Italy,,102,Atalanta BC,2019
7555,Mitchel Bakker,Left-Back,2000-06-20,Netherlands,,102,Atalanta BC,2019
2681,Gianluca Scamacca,Centre-Forward,1999-01-01,Italy,,102,Atalanta BC,2019
1748,Raoul Bellanova,Right Midfield,2000-05-17,Italy,,102,Atalanta BC,2019
263661,Honest Ahanor,Left-Back,2008-02-23,Italy,,102,Atalanta BC,2019
245244,Pietro Comi,Centre-Back,2005-06-11,Italy,,102,Atalanta BC,2019
170381,Berat Djimsiti,Centre-Back,2023-06-30,Albania,,102,Atalanta BC,2019
153990,Giorgio Scalvini,Centre-Back,2003-12-11,Italy,,102,Atalanta BC,2019
152528,Nicola Zalewski,Left Midfield,2002-01-23,Poland,,102,Atalanta BC,2019
150669,Yunus Musah,Central Midfield,2002-11-29,USA,,102,Atalanta BC,2019
1797,Łukasz Skorupski,Goalkeeper,1991-05-05,Poland,,103,Bologna FC 1909,2019
1862,Federico Ravaglia,Goalkeeper,1999-11-11,Italy,,103,Bologna FC 1909,2019
273010,Massimo Pessina,Goalkeeper,2007-12-25,Italy,,103,Bologna FC 1909,2019
286326,Ukko Happonen,Goalkeeper,2007-03-13,Finland,,103,Bologna FC 1909,2019
289602,Matteo Franceschelli,Goalkeeper,2008-08-08,Italy,,103,Bologna FC 1909,2019
295103,Riccardo Gnudi,Goalkeeper,2008-06-03,Italy,,103,Bologna FC 1909,2019
16197,Torbjørn Heggem,Defence,1999-01-12,Norway,,103,Bologna FC 1909,2019
22113,Jhon Lucumí,Defence,1998-06-26,Colombia,,103,Bologna FC 1909,2019
152702,Martin Vitík,Defence,2003-01-21,Czech Republic,,103,Bologna FC 1909,2019
210842,Eivind Helland,Defence,2005-04-25,Norway,,103,Bologna FC 1909,2019
256234,Bodin Tomašević,Defence,2006-05-12,Montenegro,,103,Bologna FC 1909,2019
289975,Petar Markovic,Defence,2006-02-05,Austria,,103,Bologna FC 1909,2019
291031,Davide Baroncioni,Defence,2005-03-18,Italy,,103,Bologna FC 1909,2019
1841,Remo Freuler,Midfield,1992-04-15,Switzerland,,103,Bologna FC 1909,2019
2040,Federico Bernardeschi,Midfield,1994-02-16,Italy,,103,Bologna FC 1909,2019
23135,Nikola Moro,Midfield,1998-03-12,Croatia,,103,Bologna FC 1909,2019
34638,Lewis Ferguson,Midfield,1999-08-24,Scotland,,103,Bologna FC 1909,2019
291032,Luca Lai,Midfield,2006-03-29,Italy,,103,Bologna FC 1909,2019
117606,Nicolò Cambiaghi,Offence,2000-12-28,Italy,,103,Bologna FC 1909,2019
291030,Simone Negri,Offence,2007-12-05,Italy,,103,Bologna FC 1909,2019
291035,Francesco Castaldo,Offence,2007-04-28,Italy,,103,Bologna FC 1909,2019
98606,Simon Sohm,Central Midfield,2001-04-11,Switzerland,,103,Bologna FC 1909,2019
82126,João Mário Lopes,Right-Back,2000-01-03,Portugal,,103,Bologna FC 1909,2019
56645,Nicolò Casale,Centre-Back,1998-02-14,Italy,,103,Bologna FC 1909,2019
32491,Juan Miranda,Left-Back,2000-01-19,Spain,,103,Bologna FC 1909,2019
9848,Thijs Dallinga,Centre-Forward,2000-08-03,Netherlands,,103,Bologna FC 1909,2019
2292,Lorenzo De Silvestri,Right-Back,1988-05-23,Italy,,103,Bologna FC 1909,2019
2282,Kevin Bonifazi,Centre-Back,1996-05-19,Italy,,103,Bologna FC 1909,2019
2017,Jens Odgaard,Attacking Midfield,1999-03-31,Denmark,,103,Bologna FC 1909,2019
1905,Babis Lykogiannis,Left-Back,1993-10-22,Greece,,103,Bologna FC 1909,2019
1886,Riccardo Orsolini,Right Winger,1997-01-24,Italy,,103,Bologna FC 1909,2019
191379,Benjamín Domínguez,Left Winger,2003-09-19,Argentina,,103,Bologna FC 1909,2019
176664,Jonathan Rowe,Left Winger,2003-04-30,England,,103,Bologna FC 1909,2019
170891,Santiago Castro,Centre-Forward,2004-09-18,Argentina,,103,Bologna FC 1909,2019
127143,Nadir Zortea,Right Midfield,1999-06-19,Italy,,103,Bologna FC 1909,2019
99013,Tommaso Pobega,Central Midfield,1999-07-15,Italy,,103,Bologna FC 1909,2019
82004,Elia Caprile,Goalkeeper,2001-08-25,Italy,,104,Cagliari Calcio,2019
130428,Giuseppe Ciocci,Goalkeeper,2002-01-24,Italy,,104,Cagliari Calcio,2019
148992,Alen Sherri,Goalkeeper,1997-12-15,Albania,,104,Cagliari Calcio,2019
283445,Vincenzo Sarno,Goalkeeper,2008-05-16,Italy,,104,Cagliari Calcio,2019
3728,Yerry Mina,Defence,1994-09-23,Colombia,,104,Cagliari Calcio,2019
260246,Juan Martín Rodriguez,Defence,2005-05-30,Uruguay,,104,Cagliari Calcio,2019
270606,Andrea Cogoni,Defence,2006-01-01,Italy,,104,Cagliari Calcio,2019
188791,Ibrahim Sulemana,Midfield,2003-05-22,Ghana,,104,Cagliari Calcio,2019
192169,Othniel Raterink,Midfield,2006-04-07,Netherlands,,104,Cagliari Calcio,2019
286253,Joseph Liteta,Midfield,2006-02-22,Zambia,,104,Cagliari Calcio,2019
289720,Ivan Sulev,Midfield,2006-09-11,Bulgaria,,104,Cagliari Calcio,2019
293161,Roberto Malfitano,Midfield,2007-06-18,Italy,,104,Cagliari Calcio,2019
295721,Alessandro Russo,Midfield,2006-01-13,Italy,,104,Cagliari Calcio,2019
114054,Sebastiano Esposito,Offence,2002-07-02,Italy,,104,Cagliari Calcio,2019
114101,Gennaro Borrelli,Offence,2000-03-10,Italy,,104,Cagliari Calcio,2019
191289,Semih Kilicsoy,Offence,2005-08-15,Turkey,,104,Cagliari Calcio,2019
259979,Agustín Albarracín,Offence,2005-08-29,Uruguay,,104,Cagliari Calcio,2019
261228,Riyad Idrissi,Offence,2005-06-13,Italy,,104,Cagliari Calcio,2019
286712,Nicola Grandu,Offence,2006-07-15,Italy,,104,Cagliari Calcio,2019
289719,Yael Trepy,Offence,2006-05-20,France,,104,Cagliari Calcio,2019
292394,Paul Mendy,Offence,2007-01-13,Senegal,,104,Cagliari Calcio,2019
170374,Adam Obert,Centre-Back,2002-08-23,Slovakia,,104,Cagliari Calcio,2019
114052,Gabriele Zappa,Right-Back,1999-12-22,Italy,,104,Cagliari Calcio,2019
111294,Mattia Felici,Left Winger,2001-04-17,Italy,,104,Cagliari Calcio,2019
102211,Gianluca Gaetano,Attacking Midfield,2000-05-05,Italy,,104,Cagliari Calcio,2019
59072,Mateusz Wieteska,Centre-Back,1997-02-11,Poland,,104,Cagliari Calcio,2019
52950,Zé Pedro Figueiredo,Centre-Back,1997-06-06,Portugal,,104,Cagliari Calcio,2019
42760,Michael Folorunsho,Central Midfield,1998-02-07,Italy,,104,Cagliari Calcio,2019
40265,Alberto Dossena,Centre-Back,1998-10-13,Italy,,104,Cagliari Calcio,2019
2298,Andrea Belotti,Centre-Forward,1993-12-20,Italy,,104,Cagliari Calcio,2019
2196,Luca Mazzitelli,Central Midfield,1995-11-15,Italy,,104,Cagliari Calcio,2019
1925,Leonardo Pavoletti,Centre-Forward,1988-11-26,Italy,,104,Cagliari Calcio,2019
1914,Alessandro Deiola,Central Midfield,1995-08-01,Italy,,104,Cagliari Calcio,2019
206136,Marco Palestra,Right Midfield,2005-03-03,Italy,,104,Cagliari Calcio,2019
185019,Michel Adopo,Central Midfield,2000-07-19,France,,104,Cagliari Calcio,2019
2580,Nicola Leali,Goalkeeper,1993-02-17,Italy,,107,Genoa CFC,2019
7460,Justin Bijlow,Goalkeeper,1998-01-22,Netherlands,,107,Genoa CFC,2019
72523,Benjamin Siegrist,Goalkeeper,1992-01-31,Switzerland,,107,Genoa CFC,2019
75224,Daniele Sommariva,Goalkeeper,1997-07-18,Italy,,107,Genoa CFC,2019
286512,Ernestas Lysionok,Goalkeeper,2007-03-09,Lithuania,,107,Genoa CFC,2019
290183,Rendijs Mihelsons,Goalkeeper,2008-04-23,Latvia,,107,Genoa CFC,2019
44032,Leo Østigård,Defence,1999-11-28,Norway,,107,Genoa CFC,2019
247340,Nils Zätterström,Defence,2005-03-29,Sweden,,107,Genoa CFC,2019
252927,Alin Kumer,Defence,2007-02-22,Slovenia,,107,Genoa CFC,2019
292956,Mamedi Doucouré,Defence,2007-01-19,France,,107,Genoa CFC,2019
293566,Kris Gecaj,Defence,2008-11-14,Albania,,107,Genoa CFC,2019
294318,Latif Ouedraogo,Defence,2007-10-23,Burkina Faso,,107,Genoa CFC,2019
294559,Lukas Klisys,Defence,2007-01-04,Lithuania,,107,Genoa CFC,2019
179561,Ruslan Malinovskiy,Midfield,1993-05-04,Ukraine,,107,Genoa CFC,2019
294319,Jacopo Grossi,Midfield,2006-10-06,Italy,,107,Genoa CFC,2019
178736,Vitinha,Offence,2000-03-15,Portugal,,107,Genoa CFC,2019
203350,Alexsandro Amorim,Offence,2005-05-18,Brazil,,107,Genoa CFC,2019
276932,Xheto Nuredini,Offence,2007-08-05,Albania,,107,Genoa CFC,2019
276934,Filippo Carbone,Offence,2006-12-29,Italy,,107,Genoa CFC,2019
294807,Daniel Ndulue,Offence,2007-03-03,Italy,,107,Genoa CFC,2019
295711,Marco Romano,Offence,2006-03-01,Italy,,107,Genoa CFC,2019
295732,Elia Spicuglia,Offence,2007-06-19,Italy,,107,Genoa CFC,2019
177169,Brooke Norton-Cuffy,Right-Back,2004-01-12,England,,107,Genoa CFC,2019
172413,Mikael Egill Ellertsson,Central Midfield,2002-03-11,Iceland,,107,Genoa CFC,2019
154031,Tommaso Baldanzi,Attacking Midfield,2003-03-23,Italy,,107,Genoa CFC,2019
153097,Patrizio Masini,Central Midfield,2001-01-27,Italy,,107,Genoa CFC,2019
144566,Lorenzo Colombo,Centre-Forward,2002-03-08,Italy,,107,Genoa CFC,2019
113434,Jean Onana,Defensive Midfield,2000-01-08,Cameroon,,107,Genoa CFC,2019
97869,Junior Messias,Right Winger,1991-05-13,Brazil,,107,Genoa CFC,2019
39330,Johan Vásquez,Centre-Back,1998-10-22,Mexico,,107,Genoa CFC,2019
32701,Aaron Martín,Left-Back,1997-04-22,Spain,,107,Genoa CFC,2019
24119,Morten Frendrup,Central Midfield,2001-04-07,Denmark,,107,Genoa CFC,2019
8471,Maxwel Cornet,Left Winger,1996-09-27,Ivory Coast,,107,Genoa CFC,2019
4165,Caleb Ekuban,Centre-Forward,1994-03-23,Ghana,,107,Genoa CFC,2019
2443,Stefano Sabelli,Right-Back,1993-01-13,Italy,,107,Genoa CFC,2019
263662,Jeff Ekhator,Centre-Forward,2006-11-11,Italy,,107,Genoa CFC,2019
250853,Gaël Lafont,Central Midfield,2006-06-07,France,,107,Genoa CFC,2019
212573,David Ankeye,Centre-Forward,2002-05-22,Nigeria,,107,Genoa CFC,2019
188644,Alessandro Marcandalli,Centre-Back,2002-10-25,Italy,,107,Genoa CFC,2019
188357,Sebastian Otoa,Centre-Back,2004-05-13,Denmark,,107,Genoa CFC,2019
2819,Raffaele Di Gennaro,Goalkeeper,1993-10-03,Italy,,108,FC Internazionale Milano,2019
3470,Yann Sommer,Goalkeeper,1988-12-17,Switzerland,,108,FC Internazionale Milano,2019
101415,Josep Martinez,Goalkeeper,1998-05-27,Spain,,108,FC Internazionale Milano,2019
217713,Alessandro Calligaris,Goalkeeper,2005-03-07,Italy,,108,FC Internazionale Milano,2019
275967,Alain Taho,Goalkeeper,2007-04-30,Albania,,108,FC Internazionale Milano,2019
143,Manuel Akanji,Defence,1995-07-19,Switzerland,,108,FC Internazionale Milano,2019
7417,Denzel Dumfries,Defence,1996-04-18,Netherlands,,108,FC Internazionale Milano,2019
167689,Carlos Augusto Lobaton,Defence,1999-01-07,Brazil,,108,FC Internazionale Milano,2019
264821,Simone Cinquegrano,Defence,2004-06-25,Italy,,108,FC Internazionale Milano,2019
273853,Christos Alexiou,Defence,2005-06-30,Greece,,108,FC Internazionale Milano,2019
274403,Gabriele Re Cecconi,Defence,2006-04-25,Italy,,108,FC Internazionale Milano,2019
276065,Matteo Cocchi,Defence,2007-02-01,Italy,,108,FC Internazionale Milano,2019
283944,Yvan Maye,Defence,2006-03-21,France,,108,FC Internazionale Milano,2019
1754,Hakan Çalhanoğlu,Midfield,1994-02-08,Turkey,,108,FC Internazionale Milano,2019
154013,Petar Sucic,Midfield,2003-10-25,Croatia,,108,FC Internazionale Milano,2019
212479,Luka Topalović,Midfield,2006-02-23,Slovenia,,108,FC Internazionale Milano,2019
271989,Thomas Berenbruch,Midfield,2005-05-31,Italy,,108,FC Internazionale Milano,2019
279859,Leonardo Bovo,Midfield,2005-05-07,Italy,,108,FC Internazionale Milano,2019
3220,Lautaro Martínez,Offence,1997-08-22,Argentina,,108,FC Internazionale Milano,2019
8685,Marcus Thuram-Ulien,Offence,1997-08-06,France,,108,FC Internazionale Milano,2019
152738,Ange-Yoan Bonny,Offence,2003-10-25,Ivory Coast,,108,FC Internazionale Milano,2019
215433,Francesco Esposito,Offence,2005-06-28,Italy,,108,FC Internazionale Milano,2019
277505,Matteo Spinaccè,Offence,2006-07-13,Italy,,108,FC Internazionale Milano,2019
277575,Matteo Lavelli,Offence,2006-12-08,Italy,,108,FC Internazionale Milano,2019
283941,Mattia Mosconi,Offence,2007-03-26,Italy,,108,FC Internazionale Milano,2019
115074,Luis Henrique,Left Winger,2001-12-14,Brazil,,108,FC Internazionale Milano,2019
30821,Federico Dimarco,Left-Back,1997-11-10,Italy,,108,FC Internazionale Milano,2019
7900,Matteo Darmian,Right-Back,1989-12-02,Italy,,108,FC Internazionale Milano,2019
7795,Henrikh Mkhitaryan,Central Midfield,1989-01-21,Armenia,,108,FC Internazionale Milano,2019
2200,Davide Frattesi,Central Midfield,1999-09-22,Italy,,108,FC Internazionale Milano,2019
2180,Francesco Acerbi,Centre-Back,1988-02-10,Italy,,108,FC Internazionale Milano,2019
2097,Piotr Zieliński,Central Midfield,1994-05-20,Poland,,108,FC Internazionale Milano,2019
2053,Stefan de Vrij,Centre-Back,1992-02-05,Netherlands,,108,FC Internazionale Milano,2019
1911,Nicolò Barella,Central Midfield,1997-02-07,Italy,,108,FC Internazionale Milano,2019
1834,Alessandro Bastoni,Centre-Back,1999-04-13,Italy,,108,FC Internazionale Milano,2019
193,Yann Aurel Bisseck,Centre-Back,2000-11-29,Germany,,108,FC Internazionale Milano,2019
190998,Issiaka Kamate,Right Winger,2004-08-02,France,,108,FC Internazionale Milano,2019
177319,Iwo Kaczmarski,Defensive Midfield,2004-04-16,Poland,,108,FC Internazionale Milano,2019
168656,Andy Diouf,Central Midfield,2003-05-17,France,,108,FC Internazionale Milano,2019
1959,Mattia Perin,Goalkeeper,1992-11-10,Italy,,109,Juventus FC,2019
2023,Carlo Pinsoglio,Goalkeeper,1990-03-16,Italy,,109,Juventus FC,2019
41381,Michele Di Gregorio,Goalkeeper,1997-07-27,Italy,,109,Juventus FC,2019
189897,Simone Scaglia,Goalkeeper,2004-07-12,Italy,,109,Juventus FC,2019
217685,Matteo Fuscaldo,Goalkeeper,2005-02-25,Italy,,109,Juventus FC,2019
264814,Stefano Mangiapoco,Goalkeeper,2004-01-27,Italy,,109,Juventus FC,2019
271977,Riccardo Radu,Goalkeeper,2007-08-07,Romania,,109,Juventus FC,2019
291336,Raffaele Huli,Goalkeeper,2008-07-30,Albania,,109,Juventus FC,2019
1106,Bremer,Defence,1997-03-18,Brazil,,109,Juventus FC,2019
111777,Emil Holm,Defence,2000-05-13,Sweden,,109,Juventus FC,2019
191584,Niccolò Rizzo,Defence,2007-07-19,Italy,,109,Juventus FC,2019
261736,Stefano Turco,Defence,2005-01-24,Italy,,109,Juventus FC,2019
270540,Javier Gil,Defence,2006-05-03,Spain,,109,Juventus FC,2019
6507,Weston McKennie,Midfield,1998-08-28,USA,,109,Juventus FC,2019
7693,Teun Koopmeiners,Midfield,1998-02-28,Netherlands,,109,Juventus FC,2019
8924,Jonathan David,Offence,2000-01-14,Canada,,109,Juventus FC,2019
150791,Francisco Conceição,Offence,2002-12-14,Portugal,,109,Juventus FC,2019
191712,Kenan Yıldız,Offence,2005-05-04,Turkey,,109,Juventus FC,2019
221357,Lorenzo Anghelè,Offence,2005-02-26,Italy,,109,Juventus FC,2019
121860,Juan Cabal,Left-Back,2001-01-08,Colombia,,109,Juventus FC,2019
99251,Khéphren Thuram-Ulie,Central Midfield,2001-03-26,France,,109,Juventus FC,2019
82002,Dušan Vlahović,Centre-Forward,2000-01-28,Serbia,,109,Juventus FC,2019
73215,Loïs Openda,Centre-Forward,2000-02-16,Belgium,,109,Juventus FC,2019
8990,Edon Zhegrova,Right Winger,1999-03-31,Kosovo,,109,Juventus FC,2019
4393,Lloyd Kelly,Centre-Back,1998-10-06,England,,109,Juventus FC,2019
4121,Jérémie Boga,Left Winger,1997-01-03,Ivory Coast,,109,Juventus FC,2019
3446,Filip Kostić,Left Midfield,1992-11-01,Serbia,,109,Juventus FC,2019
2105,Arkadiusz Milik,Centre-Forward,1994-02-28,Poland,,109,Juventus FC,2019
1751,Manuel Locatelli,Defensive Midfield,1998-01-08,Italy,,109,Juventus FC,2019
214537,Facundo González,Centre-Back,2003-06-06,Uruguay,,109,Juventus FC,2019
183018,Vasilije Adzic,Attacking Midfield,2006-05-12,Montenegro,,109,Juventus FC,2019
161142,Fabio Miretti,Central Midfield,2003-08-03,Italy,,109,Juventus FC,2019
153130,Federico Gatti,Centre-Back,1998-06-24,Italy,,109,Juventus FC,2019
141295,Pierre Kalulu,Centre-Back,2000-06-05,France,,109,Juventus FC,2019
124865,Andrea Cambiaso,Left-Back,2000-02-20,Italy,,109,Juventus FC,2019
2475,Ivan Provedel,Goalkeeper,1994-03-17,Italy,,110,SS Lazio,2019
118438,Alessio Furlanetto,Goalkeeper,2002-02-07,Italy,,110,SS Lazio,2019
219746,Edoardo Motta,Goalkeeper,2005-01-13,Italy,,110,SS Lazio,2019
274281,Nicolo Pannozzo,Goalkeeper,2008-03-25,Italy,,110,SS Lazio,2019
293598,Giacomo Giacomone,Goalkeeper,2008-06-17,Italy,,110,SS Lazio,2019
216566,Adrian Przyborek,Midfield,2007-01-01,Poland,,110,SS Lazio,2019
286550,Valerio Farcomeni,Midfield,2006-01-18,Italy,,110,SS Lazio,2019
98299,Boulaye Dia,Offence,1996-11-16,Senegal,,110,SS Lazio,2019
212769,Petar Ratkov,Offence,2003-08-18,Serbia,,110,SS Lazio,2019
274812,Federico Serra,Offence,2006-01-03,Italy,,110,SS Lazio,2019
111220,Nicolò Rovella,Defensive Midfield,2001-12-04,Italy,,110,SS Lazio,2019
97537,Kenneth Taylor,Central Midfield,2002-05-16,Netherlands,,110,SS Lazio,2019
80459,Nuno Tavares,Left-Back,2000-01-26,Portugal,,110,SS Lazio,2019
23703,Toma Bašić,Central Midfield,1996-11-25,Croatia,,110,SS Lazio,2019
8912,Samuel Gigot,Centre-Back,1993-10-12,France,,110,SS Lazio,2019
7818,Pedro,Right Winger,1987-07-28,Spain,,110,SS Lazio,2019
2358,Manuel Lazzari,Right Midfield,1993-11-29,Italy,,110,SS Lazio,2019
2329,Danilo Cataldi,Defensive Midfield,1994-08-06,Italy,,110,SS Lazio,2019
2158,Mattia Zaccagni,Left Winger,1995-06-16,Italy,,110,SS Lazio,2019
2088,Elseid Hysaj,Right-Back,1994-02-02,Albania,,110,SS Lazio,2019
2069,Adam Marušić,Right-Back,1992-10-17,Montenegro,,110,SS Lazio,2019
2065,Patric,Centre-Back,1993-04-17,Spain,,110,SS Lazio,2019
1803,Luca Pellegrini,Left-Back,1999-03-07,Italy,,110,SS Lazio,2019
1740,Alessio Romagnoli,Centre-Back,1995-01-12,Italy,,110,SS Lazio,2019
217916,Saná Fernandes,Left Winger,2006-03-10,Portugal,,110,SS Lazio,2019
212456,Oliver Nielsen,Centre-Back,2003-06-04,Denmark,,110,SS Lazio,2019
187476,Reda Belahyane,Defensive Midfield,2004-06-01,Morocco,,110,SS Lazio,2019
180139,Gila,Centre-Back,2000-08-29,Spain,,110,SS Lazio,2019
171448,Tijjani Noslin,Right Winger,1999-07-07,Netherlands,,110,SS Lazio,2019
152787,Matteo Cancellieri,Right Winger,2002-02-12,Italy,,110,SS Lazio,2019
147781,Fisayo Dele-Bashiru,Attacking Midfield,2001-02-06,Nigeria,,110,SS Lazio,2019
136113,Daniel Maldini,Attacking Midfield,2001-10-11,Italy,,110,SS Lazio,2019
128007,Gustav Isaksen,Right Winger,2001-04-19,Denmark,,110,SS Lazio,2019
118920,Zion Suzuki,Goalkeeper,2002-08-21,Japan,,112,Parma Calcio 1913,2019
136714,Edoardo Corvi,Goalkeeper,2001-03-23,Italy,,112,Parma Calcio 1913,2019
152513,Filippo Rinaldi,Goalkeeper,2002-12-04,Italy,,112,Parma Calcio 1913,2019
290120,Gianluca Astaldi,Goalkeeper,2006-04-10,Italy,,112,Parma Calcio 1913,2019
290729,Gabriele Casentini,Goalkeeper,2007-03-14,Italy,,112,Parma Calcio 1913,2019
295705,Alessandro Mazzocchi,Goalkeeper,2008-04-08,Italy,,112,Parma Calcio 1913,2019
176730,Alessandro Circati,Defence,2003-10-10,Australia,,112,Parma Calcio 1913,2019
212729,Mariano Troilo,Defence,2003-06-22,Argentina,,112,Parma Calcio 1913,2019
272754,Sascha Britschgi,Defence,2006-08-27,Switzerland,,112,Parma Calcio 1913,2019
286781,Roberto D'Intino,Defence,2006-03-11,Italy,,112,Parma Calcio 1913,2019
289616,Bernardo Conde,Defence,2006-09-26,France,,112,Parma Calcio 1913,2019
290728,Dominik Drobnič,Defence,2007-04-05,Slovenia,,112,Parma Calcio 1913,2019
292945,Marlon Mena,Defence,2006-10-05,Dominican Republic,,112,Parma Calcio 1913,2019
180499,Oliver Sørensen,Midfield,2002-03-10,Denmark,,112,Parma Calcio 1913,2019
191285,Christian Ordonez,Midfield,2004-07-24,Argentina,,112,Parma Calcio 1913,2019
192188,Benjamin Cremaschi,Midfield,2005-03-02,USA,,112,Parma Calcio 1913,2019
262826,Alessandro Ciardi,Midfield,2007-01-07,Italy,,112,Parma Calcio 1913,2019
273621,Elia Plicco,Midfield,2007-02-01,Italy,,112,Parma Calcio 1913,2019
289179,Abdou-Salam Konate,Midfield,2006-11-25,France,,112,Parma Calcio 1913,2019
289183,Edoardo Tigani,Midfield,2006-07-06,Italy,,112,Parma Calcio 1913,2019
184455,Matija Frigan,Offence,2003-02-11,Croatia,,112,Parma Calcio 1913,2019
286780,Alessandro Cardinali,Offence,2006-03-02,Italy,,112,Parma Calcio 1913,2019
172399,Gabriel Strefezza,Right Winger,1997-04-18,Brazil,,112,Parma Calcio 1913,2019
171586,Gaetano Oristanio,Attacking Midfield,2002-09-28,Italy,,112,Parma Calcio 1913,2019
165900,Mandela Keita,Defensive Midfield,2002-05-10,Belgium,,112,Parma Calcio 1913,2019
157538,Mateo Pellegrino,Centre-Forward,2001-10-22,Argentina,,112,Parma Calcio 1913,2019
152734,Franco Carboni,Left-Back,2003-04-04,Argentina,,112,Parma Calcio 1913,2019
135009,Jacob Ondrejka,Left Winger,2002-09-02,Sweden,,112,Parma Calcio 1913,2019
97894,Hans Nicolussi Caviglia,Central Midfield,2000-06-18,Italy,,112,Parma Calcio 1913,2019
97151,Lautaro Valenti,Centre-Back,1999-01-14,Argentina,,112,Parma Calcio 1913,2019
92051,Adrián Bernabé,Central Midfield,2001-05-26,Spain,,112,Parma Calcio 1913,2019
60002,Nahuel Estévez,Defensive Midfield,1995-11-14,Argentina,,112,Parma Calcio 1913,2019
42613,Emanuele Valeri,Left-Back,1998-12-07,Italy,,112,Parma Calcio 1913,2019
31881,Pontus Almqvist,Right Winger,1999-07-10,Sweden,,112,Parma Calcio 1913,2019
1839,Enrico Del Prato,Right-Back,1999-11-10,Italy,,112,Parma Calcio 1913,2019
263878,Daniel Mikołajewski,Centre-Forward,2006-01-24,Poland,,112,Parma Calcio 1913,2019
204310,Abdoulaye N'Diaye,Centre-Back,2002-04-10,Senegal,,112,Parma Calcio 1913,2019
204288,Nesta Elphege,Centre-Forward,2001-01-09,France,,112,Parma Calcio 1913,2019
2275,Vanja Milinković-Savić,Goalkeeper,1997-02-20,Serbia,,113,SSC Napoli,2019
2344,Alex Meret,Goalkeeper,1997-03-22,Italy,,113,SSC Napoli,2019
74378,Nikita Contini Baranovsky,Goalkeeper,1996-05-21,Italy,,113,SSC Napoli,2019
284109,Mathias Ferrante,Goalkeeper,2006-09-01,Italy,,113,SSC Napoli,2019
288535,David Spinelli,Goalkeeper,2008-04-28,Italy,,113,SSC Napoli,2019
32754,Mathías Olivera,Defence,1997-10-31,Uruguay,,113,SSC Napoli,2019
291752,Christian Garofalo,Defence,2007-01-04,Italy,,113,SSC Napoli,2019
3654,Kevin De Bruyne,Midfield,1991-06-28,Belgium,,113,SSC Napoli,2019
7905,Scott McTominay,Midfield,1996-12-08,Scotland,,113,SSC Napoli,2019
126289,Billy Gilmour,Midfield,2001-06-11,Scotland,,113,SSC Napoli,2019
176944,Antonio Vergara,Midfield,2003-01-16,Italy,,113,SSC Napoli,2019
220542,Alisson Santos,Midfield,2002-09-27,Brazil,,113,SSC Napoli,2019
290021,Francisco Baridó,Midfield,2008-01-01,Argentina,,113,SSC Napoli,2019
290025,Emmanuele De Chiara,Midfield,2006-02-21,Italy,,113,SSC Napoli,2019
290412,Vincenzo Prisco,Midfield,2008-08-07,Italy,,113,SSC Napoli,2019
3662,Romelu Lukaku,Offence,1993-05-13,Belgium,,113,SSC Napoli,2019
181795,Giovane Nascimento,Offence,2003-11-24,Brazil,,113,SSC Napoli,2019
161310,Juan Jesus,Centre-Back,1991-06-10,Brazil,,113,SSC Napoli,2019
152770,Rasmus Højlund,Centre-Forward,2003-02-04,Denmark,,113,SSC Napoli,2019
144953,Miguel Gutiérrez,Left-Back,2001-07-27,Spain,,113,SSC Napoli,2019
53281,Sam Beukema,Centre-Back,1998-11-17,Netherlands,,113,SSC Napoli,2019
33628,Stanislav Lobotka,Defensive Midfield,1994-11-25,Slovakia,,113,SSC Napoli,2019
30629,Eljif Elmas,Attacking Midfield,1999-09-24,North Macedonia,,113,SSC Napoli,2019
23127,Amir Rrahmani,Centre-Back,1994-02-24,Kosovo,,113,SSC Napoli,2019
8354,André Zambo Anguissa,Central Midfield,1995-11-16,Cameroon,,113,SSC Napoli,2019
7571,David Neres,Right Winger,1997-03-03,Brazil,,113,SSC Napoli,2019
2487,Giovanni Di Lorenzo,Right-Back,1993-08-04,Italy,,113,SSC Napoli,2019
2386,Pasquale Mazzocchi,Right-Back,1995-07-27,Italy,,113,SSC Napoli,2019
2280,Alessandro Buongiorno,Centre-Back,1999-06-06,Italy,,113,SSC Napoli,2019
2193,Matteo Politano,Right Winger,1993-08-03,Italy,,113,SSC Napoli,2019
1842,Leonardo Spinazzola,Left-Back,1993-03-25,Italy,,113,SSC Napoli,2019
1993,Daniele Padelli,Goalkeeper,1985-10-25,Italy,,115,Udinese Calcio,2019
65480,Maduka Okoye,Goalkeeper,1999-08-28,Nigeria,,115,Udinese Calcio,2019
141480,Razvan Sava,Goalkeeper,2002-06-21,Romania,,115,Udinese Calcio,2019
206347,Alessandro Nunziante,Goalkeeper,1991-03-20,Italy,,115,Udinese Calcio,2019
172425,Nicolo Bertola,Defence,2003-03-23,Italy,,115,Udinese Calcio,2019
284663,Branimir Mlacic,Defence,2007-03-12,Croatia,,115,Udinese Calcio,2019
31065,Jesper Karlström,Midfield,1995-06-21,Sweden,,115,Udinese Calcio,2019
64243,Jakub Piotrowski,Midfield,1997-10-04,Poland,,115,Udinese Calcio,2019
187404,Lennon Miller,Midfield,2006-08-25,Scotland,,115,Udinese Calcio,2019
202427,Juan Arizala,Midfield,2005-10-10,Colombia,,115,Udinese Calcio,2019
276002,Abdoulaye Camara,Midfield,2008-09-28,France,,115,Udinese Calcio,2019
64087,Adam Buksa,Offence,1996-07-12,Poland,,115,Udinese Calcio,2019
274050,Idrissa Guèye,Offence,2006-09-16,Senegal,,115,Udinese Calcio,2019
285327,Giulio Vinciati,Offence,2007-08-29,Italy,,115,Udinese Calcio,2019
190552,Arthur Atta,Defensive Midfield,2003-01-14,France,,115,Udinese Calcio,2019
151299,Thomas Kristensen,Centre-Back,2002-01-17,Denmark,,115,Udinese Calcio,2019
150522,Oier Zarraga,Central Midfield,1999-01-04,Spain,,115,Udinese Calcio,2019
99311,Jordan Zemura,Left-Back,1999-11-14,Zimbabwe,,115,Udinese Calcio,2019
84493,Vakoun Issouf Bayo,Centre-Forward,1997-01-10,Ivory Coast,,115,Udinese Calcio,2019
8462,Oumar Solet,Centre-Back,2000-02-07,France,,115,Udinese Calcio,2019
8111,Christian Kabasele,Centre-Back,1991-02-24,Belgium,,115,Udinese Calcio,2019
7710,Kingsley Ehizibue,Right-Back,1995-05-25,Netherlands,,115,Udinese Calcio,2019
7567,Jurgen Ekkelenkamp,Attacking Midfield,2000-04-05,Netherlands,,115,Udinese Calcio,2019
3896,Keinan Davis,Centre-Forward,1998-02-13,England,,115,Udinese Calcio,2019
2996,Alessandro Zanoli,Right-Back,2000-10-03,Italy,,115,Udinese Calcio,2019
2013,Nicolò Zaniolo,Attacking Midfield,1999-07-02,Italy,,115,Udinese Calcio,2019
822,Hassane Kamara,Left-Back,1994-03-05,Ivory Coast,,115,Udinese Calcio,2019
2891,Lorenzo Montipò,Goalkeeper,1996-02-20,Italy,,450,Hellas Verona FC,2019
42319,Simone Perilli,Goalkeeper,1995-01-07,Italy,,450,Hellas Verona FC,2019
176869,Giacomo Toniolo,Goalkeeper,2004-04-01,Italy,,450,Hellas Verona FC,2019
187110,Federico Magro,Goalkeeper,2005-01-10,Italy,,450,Hellas Verona FC,2019
286782,Mirko Castagnini,Goalkeeper,2007-05-24,Italy,,450,Hellas Verona FC,2019
291893,Arthur Rampineli,Goalkeeper,2007-07-27,Brazil,,450,Hellas Verona FC,2019
160756,Rafik Belghali,Defence,2002-06-07,Algeria,,450,Hellas Verona FC,2019
272448,William Feola,Defence,2006-01-04,Italy,,450,Hellas Verona FC,2019
284061,Fallou Cham,Defence,,Gambia,,450,Hellas Verona FC,2019
292281,Andrej Popović,Defence,2006-04-25,Serbia,,450,Hellas Verona FC,2019
105081,Kieron Bowie,Midfield,2002-09-21,Scotland,,450,Hellas Verona FC,2019
178723,Ali Al Musrati,Midfield,1996-04-06,Libya,,450,Hellas Verona FC,2019
192506,Andrias Edmundsson,Midfield,2000-12-18,Faeroe Islands,,450,Hellas Verona FC,2019
213187,Jean-Daniel Akpa-Akpro,Midfield,1992-10-11,Ivory Coast,,450,Hellas Verona FC,2019
286520,Davide De Battisti,Midfield,2006-03-21,Italy,,450,Hellas Verona FC,2019
286816,Luca Szimionaș,Midfield,2006-09-03,Romania,,450,Hellas Verona FC,2019
292685,Jurgen Peçi,Midfield,2007-01-02,Albania,,450,Hellas Verona FC,2019
193027,Isaac Aguiar,Offence,2004-03-26,Brazil,,450,Hellas Verona FC,2019
285610,Ioan Vermeșan,Offence,2006-10-18,Romania,,450,Hellas Verona FC,2019
286779,Mel Akalé,Offence,2007-05-28,France,,450,Hellas Verona FC,2019
175894,Daniel Oyegoke,Right-Back,2003-01-03,England,,450,Hellas Verona FC,2019
169089,Nicolas Valentini,Centre-Back,2001-04-06,Argentina,,450,Hellas Verona FC,2019
137978,Tomáš Suslov,Attacking Midfield,2002-06-07,Slovakia,,450,Hellas Verona FC,2019
124473,Amin Sarr,Centre-Forward,2001-03-11,Sweden,,450,Hellas Verona FC,2019
111555,Armel Bella Kotchap,Centre-Back,2001-12-11,Germany,,450,Hellas Verona FC,2019
102047,Cheikh Niasse,Defensive Midfield,2000-01-19,Senegal,,450,Hellas Verona FC,2019
25504,Domagoj Bradarić,Left-Back,1999-12-10,Croatia,,450,Hellas Verona FC,2019
24235,Martin Frese,Left-Back,1998-01-04,Denmark,,450,Hellas Verona FC,2019
24234,Victor Nelsson,Centre-Back,1998-10-14,Denmark,,450,Hellas Verona FC,2019
10887,Sandi Lovric,Central Midfield,1998-03-28,Slovenia,,450,Hellas Verona FC,2019
8487,Antoine Bernede,Central Midfield,1999-05-26,France,,450,Hellas Verona FC,2019
7763,Abdou Harroui,Central Midfield,1998-01-13,Morocco,,450,Hellas Verona FC,2019
6629,Suat Serdar,Central Midfield,1997-04-11,Germany,,450,Hellas Verona FC,2019
2185,Pol Mikel Lirola,Right-Back,1997-08-13,Spain,,450,Hellas Verona FC,2019
2006,Roberto Gagliardini,Central Midfield,1994-04-07,Italy,,450,Hellas Verona FC,2019
252918,Junior Ajayi,Centre-Forward,2004-10-11,Ivory Coast,,450,Hellas Verona FC,2019
228738,Luca Monticelli,Centre-Forward,2005-02-12,Belgium,,450,Hellas Verona FC,2019
191892,Gift Orban,Centre-Forward,2002-07-17,Nigeria,,450,Hellas Verona FC,2019
182322,Tobias Slotsager,Centre-Back,2006-01-01,Denmark,,450,Hellas Verona FC,2019
178445,Daniel Mosquera,Centre-Forward,1999-10-20,Colombia,,450,Hellas Verona FC,2019
2143,Marco Silvestri,Goalkeeper,1991-03-02,Italy,,457,US Cremonese,2019
3087,Emil Audero,Goalkeeper,1997-01-18,Indonesia,,457,US Cremonese,2019
176943,Lapo Nava,Goalkeeper,2004-01-22,Italy,,457,US Cremonese,2019
276439,Marco Cassin,Goalkeeper,2008-04-07,Italy,,457,US Cremonese,2019
2145,Matteo Bianchetti,Defence,1993-03-17,Italy,,457,US Cremonese,2019
124704,Tommaso Barbieri,Defence,2002-08-26,Italy,,457,US Cremonese,2019
175839,Romano Floriani,Defence,2003-01-27,Italy,,457,US Cremonese,2019
188533,Francesco Folino,Defence,2002-01-23,Italy,,457,US Cremonese,2019
295710,Tommaso Vigilati,Defence,2008-04-25,Italy,,457,US Cremonese,2019
7421,Morten Thorsby,Midfield,1996-05-05,Norway,,457,US Cremonese,2019
41859,Jari Vandeputte,Midfield,1996-02-14,Belgium,,457,US Cremonese,2019
42157,Michele Collocolo,Midfield,1999-11-08,Italy,,457,US Cremonese,2019
220307,Adrian Lickūnas,Midfield,2006-03-28,Lithuania,,457,US Cremonese,2019
278424,Davide Pavesi,Midfield,2008-02-15,Italy,,457,US Cremonese,2019
294496,Simone Lottici Tessadri,Midfield,2006-06-30,Italy,,457,US Cremonese,2019
14,Antonio Sanabria,Offence,1996-03-04,Paraguay,,457,US Cremonese,2019
294283,Nouroudine Faye,Offence,2007-01-03,Italy,,457,US Cremonese,2019
42179,David Okereke,Centre-Forward,1997-08-29,Nigeria,,457,US Cremonese,2019
4409,Milan Đurić,Centre-Forward,1990-05-22,Bosnia-Herzegovina,,457,US Cremonese,2019
3330,Jamie Vardy,Centre-Forward,1987-01-11,England,,457,US Cremonese,2019
2483,Sebastiano Luperto,Centre-Back,1996-09-06,Italy,,457,US Cremonese,2019
2373,Federico Bonazzoli,Centre-Forward,1997-05-21,Italy,,457,US Cremonese,2019
2362,Alberto Grassi,Defensive Midfield,1995-03-07,Italy,,457,US Cremonese,2019
2213,Federico Ceccherini,Centre-Back,1992-05-11,Italy,,457,US Cremonese,2019
2120,Giuseppe Pezzella,Left-Back,1997-11-29,Italy,,457,US Cremonese,2019
2107,Alessio Zerbin,Left Winger,1999-03-03,Italy,,457,US Cremonese,2019
249351,Mikayil Faye,Centre-Back,2004-07-14,Senegal,,457,US Cremonese,2019
156527,Warren Bondo,Central Midfield,2003-09-15,France,,457,US Cremonese,2019
144950,Filippo Terracciano,Right-Back,2003-02-08,Italy,,457,US Cremonese,2019
144651,Faris Moumbagna,Centre-Forward,2000-07-01,Cameroon,,457,US Cremonese,2019
86045,Federico Baschirotto,Centre-Back,1996-09-20,Italy,,457,US Cremonese,2019
57805,Youssef Maleh,Central Midfield,1998-08-22,Morocco,,457,US Cremonese,2019
45711,Martín Payero,Central Midfield,1998-09-11,Argentina,,457,US Cremonese,2019
2178,Giacomo Satalino,Goalkeeper,1999-05-20,Italy,,471,US Sassuolo Calcio,2019
41384,Stefano Turati,Goalkeeper,2001-09-05,Italy,,471,US Sassuolo Calcio,2019
81179,Arijanet Muric,Goalkeeper,1998-11-07,Kosovo,,471,US Sassuolo Calcio,2019
176750,Gioele Zacchi,Goalkeeper,2003-07-10,Italy,,471,US Sassuolo Calcio,2019
288538,Lorenzo Nyarko,Goalkeeper,2007-10-20,Italy,,471,US Sassuolo Calcio,2019
1902,Filippo Romagna,Defence,1997-05-26,Italy,,471,US Sassuolo Calcio,2019
177039,Edoardo Pieragnolo,Defence,2003-01-03,Italy,,471,US Sassuolo Calcio,2019
189153,Tarik Muharemović,Defence,2003-02-28,Bosnia-Herzegovina,,471,US Sassuolo Calcio,2019
246656,Pedro Felipe,Defence,2004-05-23,Brazil,,471,US Sassuolo Calcio,2019
289601,Tommaso Macchioni,Defence,2006-04-04,Italy,,471,US Sassuolo Calcio,2019
290380,Luca Barani,Defence,2006-03-20,Italy,,471,US Sassuolo Calcio,2019
295707,Giorgio Vezzosi,Defence,2007-01-14,Italy,,471,US Sassuolo Calcio,2019
44033,Kristian Thorstvedt,Midfield,1999-03-13,Norway,,471,US Sassuolo Calcio,2019
150821,Edoardo Iannoni,Midfield,2001-04-11,Italy,,471,US Sassuolo Calcio,2019
172183,Ismael Kone,Midfield,2002-06-06,Canada,,471,US Sassuolo Calcio,2019
175891,Cristian Volpato,Midfield,2003-11-15,Italy,,471,US Sassuolo Calcio,2019
289603,Christian Frangella,Midfield,2006-11-25,Italy,,471,US Sassuolo Calcio,2019
295706,Jeffrey Baffoh,Midfield,2009-04-02,Italy,,471,US Sassuolo Calcio,2019
111561,Luca Moro,Offence,2001-01-25,Italy,,471,US Sassuolo Calcio,2019
161370,M'Bala Nzola,Offence,1996-08-18,Angola,,471,US Sassuolo Calcio,2019
123103,Woyo Coulibaly,Right-Back,1999-05-20,Mali,,471,US Sassuolo Calcio,2019
122407,Josh Doig,Left-Back,2002-01-01,Scotland,,471,US Sassuolo Calcio,2019
122340,Aster Vranckx,Central Midfield,2002-10-04,Belgium,,471,US Sassuolo Calcio,2019
117370,Fali Candé,Centre-Back,1998-01-24,Guinea-Bissau,,471,US Sassuolo Calcio,2019
105441,Sebastian Walukiewicz,Centre-Back,2000-04-05,Poland,,471,US Sassuolo Calcio,2019
53403,Jay Idzes,Centre-Back,2000-06-02,Indonesia,,471,US Sassuolo Calcio,2019
8822,Armand Lauriente,Left Winger,1998-12-04,France,,471,US Sassuolo Calcio,2019
3438,Nemanja Matić,Defensive Midfield,1988-08-01,Serbia,,471,US Sassuolo Calcio,2019
2202,Domenico Berardi,Right Winger,1994-08-01,Italy,,471,US Sassuolo Calcio,2019
2016,Andrea Pinamonti,Centre-Forward,1999-05-19,Italy,,471,US Sassuolo Calcio,2019
238,Ulisses Garcia,Left-Back,1996-01-11,Switzerland,,471,US Sassuolo Calcio,2019
250948,Darryl Bakola,Attacking Midfield,2007-11-30,France,,471,US Sassuolo Calcio,2019
192659,Alieu Fadera,Left Winger,2001-11-03,Gambia,,471,US Sassuolo Calcio,2019
189844,Luca Lipani,Defensive Midfield,2005-05-18,Italy,,471,US Sassuolo Calcio,2019
147020,Daniel Boloca,Central Midfield,1998-12-22,Italy,,471,US Sassuolo Calcio,2019
2108,Simone Scuffet,Goalkeeper,1996-05-31,Italy,,487,AC Pisa 1909,2019
2142,Nicolas,Goalkeeper,1988-04-12,Brazil,,487,AC Pisa 1909,2019
23318,Adrian Šemper,Goalkeeper,1998-01-12,Croatia,,487,AC Pisa 1909,2019
291140,Tommaso Guizzo,Goalkeeper,2009-01-01,Italy,,487,AC Pisa 1909,2019
292472,Matteo Luppichini,Goalkeeper,2008-03-28,Italy,,487,AC Pisa 1909,2019
2148,Antonio Caracciolo,Defence,1990-06-30,Italy,,487,AC Pisa 1909,2019
2490,Simone Canestrelli,Defence,2000-09-11,Italy,,487,AC Pisa 1909,2019
3064,Arturo Calabresi,Defence,1996-03-17,Italy,,487,AC Pisa 1909,2019
165887,Samuele Angori,Defence,2003-10-07,Italy,,487,AC Pisa 1909,2019
191977,Felipe Loyola,Defence,2000-11-09,Chile,,487,AC Pisa 1909,2019
206658,Francesco Coppola,Defence,2005-04-11,Italy,,487,AC Pisa 1909,2019
213265,Raúl Albiol,Defence,1985-09-04,Spain,,487,AC Pisa 1909,2019
260722,Rosen Bozhinov,Defence,2005-01-23,Bulgaria,,487,AC Pisa 1909,2019
267901,Daniel Denoon,Defence,2004-01-28,Switzerland,,487,AC Pisa 1909,2019
420,Mattéo Tramoni,Midfield,2000-01-20,France,,487,AC Pisa 1909,2019
1956,Mehdi Leris,Midfield,1998-05-23,Algeria,,487,AC Pisa 1909,2019
16265,Michel Aebischer,Midfield,1997-01-06,Switzerland,,487,AC Pisa 1909,2019
56647,Marius Mihai Marin,Midfield,1998-08-30,Romania,,487,AC Pisa 1909,2019
130695,Malthe Hojholt,Midfield,2001-04-16,Denmark,,487,AC Pisa 1909,2019
191583,Gabriele Piccinini,Midfield,2001-04-06,Italy,,487,AC Pisa 1909,2019
286825,Brando Bettazzi,Midfield,,Italy,,487,AC Pisa 1909,2019
286834,Daniel Battistella,Midfield,2007-01-01,Italy,,487,AC Pisa 1909,2019
2436,Stefano Moreo,Offence,1993-06-30,Italy,,487,AC Pisa 1909,2019
56853,Idrissa Touré,Offence,1998-04-29,Germany,,487,AC Pisa 1909,2019
182274,Samuel Iling-Junior,Offence,2003-10-04,England,,487,AC Pisa 1909,2019
203270,Lorran,Offence,2006-07-04,Brazil,,487,AC Pisa 1909,2019
216210,Rafiu Durosinmi,Offence,2003-01-01,Nigeria,,487,AC Pisa 1909,2019
265504,Lorenzo Tosi,Offence,2008-03-12,Italy,,487,AC Pisa 1909,2019
283745,Roberts Bočs,Offence,2006-07-03,Latvia,,487,AC Pisa 1909,2019
114025,Filip Stojilković,Centre-Forward,2000-01-04,Switzerland,,487,AC Pisa 1909,2019
7690,Calvin Stengs,Attacking Midfield,1998-12-18,Netherlands,,487,AC Pisa 1909,2019
2037,Juan Cuadrado,Right Midfield,1988-05-26,Colombia,,487,AC Pisa 1909,2019
213819,Henrik Meister,Centre-Forward,2003-11-17,Denmark,,487,AC Pisa 1909,2019
206715,Ebenezer Akinsanmiro,Central Midfield,2004-11-25,Nigeria,,487,AC Pisa 1909,2019
188117,Isak Vural,Attacking Midfield,2006-05-28,Turkey,,487,AC Pisa 1909,2019
2684,Alberto Paleari,Goalkeeper,1992-08-29,Italy,,586,Torino FC,2019
97893,Franco Israel,Goalkeeper,2000-04-22,Uruguay,,586,Torino FC,2019
217847,Lapo Siviero,Goalkeeper,2006-11-23,Italy,,586,Torino FC,2019
38548,Marcus Pedersen,Defence,2000-07-16,Norway,,586,Torino FC,2019
265154,Rafa Obrador,Defence,2004-02-24,Spain,,586,Torino FC,2019
290178,Mattia Pellini,Defence,2007-02-23,Italy,,586,Torino FC,2019
7843,Nikola Vlašić,Midfield,1997-10-04,Croatia,,586,Torino FC,2019
273396,Sergiu Perciun,Midfield,2006-04-23,Moldova,,586,Torino FC,2019
290530,Wisdom Acquah,Midfield,2007-02-07,Ghana,,586,Torino FC,2019
4119,Che Adams,Offence,1996-07-13,Scotland,,586,Torino FC,2019
59075,Sandro Kulenović,Offence,1999-12-04,Croatia,,586,Torino FC,2019
271983,Tommaso Gabellini,Offence,2006-10-21,Italy,,586,Torino FC,2019
290877,Zalán Kugyela,Offence,2007-07-20,Hungary,,586,Torino FC,2019
123689,Saúl Coco,Centre-Back,1999-02-09,Equatorial Guinea,,586,Torino FC,2019
81085,Zakaria Aboukhlal,Right Winger,2000-02-18,Morocco,,586,Torino FC,2019
67697,Ivan Ilić,Central Midfield,2001-03-17,Serbia,,586,Torino FC,2019
23287,Ardian Ismajli,Centre-Back,1996-09-30,Albania,,586,Torino FC,2019
8438,Adrien Tameze,Defensive Midfield,1994-02-04,France,,586,Torino FC,2019
6563,Valentino Lazaro,Left Midfield,1996-03-24,Austria,,586,Torino FC,2019
2271,Duván Zapata,Centre-Forward,1991-04-01,Colombia,,586,Torino FC,2019
1789,Giovanni Simeone,Centre-Forward,1995-07-05,Argentina,,586,Torino FC,2019
1776,Cristiano Biraghi,Left-Back,1992-09-01,Italy,,586,Torino FC,2019
777,Enzo Ebosse,Centre-Back,1999-03-11,Cameroon,,586,Torino FC,2019
280,Guillermo Maripán,Centre-Back,1994-05-06,Chile,,586,Torino FC,2019
246508,Alieu Njie,Left Winger,2005-05-14,Sweden,,586,Torino FC,2019
226987,Zannetos Savva,Right Winger,2005-11-26,Cyprus,,586,Torino FC,2019
214546,Luca Marianucci,Centre-Back,2004-07-23,Italy,,586,Torino FC,2019
190831,Gvidas Gineitis,Central Midfield,2004-04-15,Lithuania,,586,Torino FC,2019
179558,Cesare Casadei,Central Midfield,2003-01-10,Italy,,586,Torino FC,2019
172940,Emirhan Ilkhan,Central Midfield,2004-06-01,Turkey,,586,Torino FC,2019
166329,Matteo Prati,Defensive Midfield,2003-12-28,Italy,,586,Torino FC,2019
161083,Saba Sazonov,Centre-Back,2002-02-01,Georgia,,586,Torino FC,2019
133292,Niels Nkounkou,Left-Back,2000-11-01,France,,586,Torino FC,2019
131119,Faustino Anjorin,Attacking Midfield,2001-11-23,England,,586,Torino FC,2019
344,Christian Früchtl,Goalkeeper,2000-01-28,Germany,,5890,US Lecce,2019
56649,Wladimiro Falcone,Goalkeeper,1995-04-12,Italy,,5890,US Lecce,2019
133202,Jasper Samooja,Goalkeeper,2003-07-21,Finland,,5890,US Lecce,2019
283194,Plamen Penev,Goalkeeper,2008-04-22,Bulgaria,,5890,US Lecce,2019
289935,Daniele Bleve,Goalkeeper,2008-06-23,Italy,,5890,US Lecce,2019
274043,Cristian Pehlivanov,Defence,2006-11-01,Bulgaria,,5890,US Lecce,2019
285135,Matías Pérez,Defence,2005-04-13,Chile,,5890,US Lecce,2019
125069,Omri Gandelman,Midfield,2000-05-16,Israel,,5890,US Lecce,2019
176003,Alex Sala,Midfield,2001-04-09,Spain,,5890,US Lecce,2019
226967,Olaf Gorter,Midfield,2005-01-31,Netherlands,,5890,US Lecce,2019
286314,Niko Kovač,Midfield,2005-04-08,Bosnia-Herzegovina,,5890,US Lecce,2019
221315,Nikola Štulić,Offence,2001-09-08,Serbia,,5890,US Lecce,2019
150530,Jamil Siebert,Centre-Back,2002-04-02,Germany,,5890,US Lecce,2019
129808,Walid Cheddira,Centre-Forward,1998-01-22,Morocco,,5890,US Lecce,2019
121808,Lameck Banda,Left Winger,2001-01-29,Zambia,,5890,US Lecce,2019
117369,Corrie Ndaba,Left-Back,1999-12-25,Ireland,,5890,US Lecce,2019
116223,Santiago Pierotti,Right Winger,2001-04-03,Argentina,,5890,US Lecce,2019
113590,Gaby Jean,Centre-Back,2000-02-19,France,,5890,US Lecce,2019
105294,Filip Marchwiński,Attacking Midfield,2002-01-10,Poland,,5890,US Lecce,2019
77469,Antonino Gallo,Left-Back,2000-01-05,Italy,,5890,US Lecce,2019
70286,Ylber Ramadani,Defensive Midfield,1996-04-12,Albania,,5890,US Lecce,2019
16794,Þórir Jóhann Helgason,Central Midfield,2000-09-28,Iceland,,5890,US Lecce,2019
8658,Lassana Coulibaly,Central Midfield,1996-04-10,Mali,,5890,US Lecce,2019
1792,Riccardo Sottil,Left Winger,1999-06-03,Italy,,5890,US Lecce,2019
263220,Elijah Scott,Centre-Back,2006-02-03,Germany,,5890,US Lecce,2019
246341,Tiago Gabriel,Centre-Back,2004-12-26,Portugal,,5890,US Lecce,2019
242550,Francesco Camarda,Centre-Forward,2008-03-10,Italy,,5890,US Lecce,2019
213073,Kialonda Gaspar,Centre-Back,1997-09-27,Angola,,5890,US Lecce,2019
188103,Medon Berisha,Central Midfield,2003-10-21,Albania,,5890,US Lecce,2019
185129,Danilo Veiga,Right-Back,2002-09-25,Portugal,,5890,US Lecce,2019
177262,Oumar Ngom,Central Midfield,2004-03-09,Mauritania,,5890,US Lecce,2019
176076,Sadik Fofana,Centre-Back,2003-05-16,Togo,,5890,US Lecce,2019
167394,Konan N'Dri,Right Winger,2000-10-27,Ivory Coast,,5890,US Lecce,2019
2715,Mauro Vigorito,Goalkeeper,1990-05-22,Italy,,7397,Como 1907,2019
9186,Jean Butez,Goalkeeper,1995-06-08,France,,7397,Como 1907,2019
146639,Noel Törnqvist,Goalkeeper,2002-02-01,Sweden,,7397,Como 1907,2019
270151,Nikola Čavlina,Goalkeeper,2002-06-02,Croatia,,7397,Como 1907,2019
276252,Henrique Menke,Goalkeeper,2007-01-12,Brazil,,7397,Como 1907,2019
284110,Cristiano De Paoli,Defence,2008-01-27,Italy,,7397,Como 1907,2019
156912,Martin Baturina,Midfield,2003-02-16,Croatia,,7397,Como 1907,2019
203511,Nico Paz,Midfield,2004-09-08,Argentina,,7397,Como 1907,2019
250600,Adrian Lahdo,Midfield,2007-12-26,Sweden,,7397,Como 1907,2019
286783,Lorenzo Bonsignori,Midfield,2007-03-28,Italy,,7397,Como 1907,2019
286784,Matteo Papaccioli,Midfield,2008-05-09,Italy,,7397,Como 1907,2019
291722,Samuele Pisati,Midfield,2009-02-27,Italy,,7397,Como 1907,2019
295568,Riccardo Cassano,Midfield,2009-07-01,Italy,,7397,Como 1907,2019
67902,Nicolas Kühn,Offence,2000-01-01,Germany,,7397,Como 1907,2019
218474,Assane Diao,Offence,2005-09-07,Senegal,,7397,Como 1907,2019
126768,Ignace Van Der Brempt,Right-Back,2002-04-01,Belgium,,7397,Como 1907,2019
124620,Lucas Da Cunha,Central Midfield,2001-06-09,France,,7397,Como 1907,2019
114212,Ivan Smolčić,Right-Back,2000-08-17,Croatia,,7397,Como 1907,2019
101350,Maxence Caqueret,Central Midfield,2000-02-15,France,,7397,Como 1907,2019
43285,Anastasios Douvikas,Centre-Forward,1999-08-02,Greece,,7397,Como 1907,2019
15865,Sergi Roberto,Central Midfield,1992-02-07,Spain,,7397,Como 1907,2019
9471,Marc-Oliver Kempf,Centre-Back,1995-01-28,Germany,,7397,Como 1907,2019
9204,Mërgim Vojvoda,Right-Back,1995-02-01,Kosovo,,7397,Como 1907,2019
8698,Diego Carlos,Centre-Back,1993-03-15,Brazil,,7397,Como 1907,2019
7860,Alberto Moreno,Left-Back,1992-07-05,Spain,,7397,Como 1907,2019
7819,Álvaro Morata,Centre-Forward,1992-10-23,Spain,,7397,Como 1907,2019
2187,Edoardo Goldaniga,Centre-Back,1993-11-02,Italy,,7397,Como 1907,2019
270254,Jesús Rodríguez,Left Winger,2005-11-21,Spain,,7397,Como 1907,2019
247056,Jacobo Ramón,Centre-Back,2005-06-06,Spain,,7397,Como 1907,2019
189493,Alex Valle,Left-Back,2004-04-25,Spain,,7397,Como 1907,2019
179159,Maximo Perrone,Defensive Midfield,2003-01-07,Argentina,,7397,Como 1907,2019
178165,Jayden Addai,Right Winger,2005-08-26,Netherlands,,7397,Como 1907,2019
99,Przemysław Tytoń,Goalkeeper,1987-01-04,Poland,,666,FC Twente '65,2003
7286,Lars Unnerstall,Goalkeeper,1990-07-20,Germany,,666,FC Twente '65,2003
67882,Issam El Maach,Goalkeeper,2000-02-01,Morocco,,666,FC Twente '65,2003
179467,Sam Karssies,Goalkeeper,2003-02-26,Netherlands,,666,FC Twente '65,2003
277822,Yannick Gerritsen,Goalkeeper,2006-02-14,Netherlands,,666,FC Twente '65,2003
7350,Robin Pröpper,Defence,1993-09-23,Netherlands,,666,FC Twente '65,2003
190596,Stav Lemkin,Defence,2003-04-02,Israel,,666,FC Twente '65,2003
262852,Guilherme Peixoto,Defence,2006-05-25,Portugal,,666,FC Twente '65,2003
274443,Ruud Nijstad,Defence,2008-05-26,Netherlands,,666,FC Twente '65,2003
289504,Björn Titulaer,Defence,2008-08-13,Netherlands,,666,FC Twente '65,2003
3558,Marko Pjaca,Midfield,1995-05-06,Croatia,,666,FC Twente '65,2003
79901,Thomas van den Belt,Midfield,2001-06-18,Netherlands,,666,FC Twente '65,2003
124715,Ramiz Zerrouki,Midfield,1998-05-26,Algeria,,666,FC Twente '65,2003
286471,Benjamin Nagel,Midfield,2007-11-11,Netherlands,,666,FC Twente '65,2003
246352,Lucas Vennegoor of Hesselink,Offence,2006-03-14,Netherlands,,666,FC Twente '65,2003
246761,Sondre Ørjasæter,Offence,2003-11-28,Norway,,666,FC Twente '65,2003
271959,Owen Panneflek,Offence,2006-10-04,Netherlands,,666,FC Twente '65,2003
292181,Nigel Groenewald,Offence,2007-02-01,Netherlands,,666,FC Twente '65,2003
154793,Max Bruns,Centre-Back,2002-11-06,Netherlands,,666,FC Twente '65,2003
153600,Daan Rots,Right Winger,2001-07-25,Netherlands,,666,FC Twente '65,2003
151518,Mees Hilgers,Centre-Back,2001-05-13,Indonesia,,666,FC Twente '65,2003
144600,Taylor Booth,Right Winger,2001-05-31,USA,,666,FC Twente '65,2003
128457,Mathias Kjølø,Defensive Midfield,2001-06-27,Norway,,666,FC Twente '65,2003
81022,Bart van Rooij,Right-Back,2001-05-26,Netherlands,,666,FC Twente '65,2003
16061,Ricky van Wolfswinkel,Centre-Forward,1989-01-27,Netherlands,,666,FC Twente '65,2003
7658,Arno Verschueren,Attacking Midfield,1997-04-08,Belgium,,666,FC Twente '65,2003
7455,Sam Lammers,Centre-Forward,1997-04-30,Netherlands,,666,FC Twente '65,2003
217937,Daouda Weidmann,Central Midfield,2003-05-04,France,,666,FC Twente '65,2003
192148,Mats Rots,Left-Back,2006-03-11,Netherlands,,666,FC Twente '65,2003
167635,Kristian Hlynsson,Attacking Midfield,2004-01-23,Iceland,,666,FC Twente '65,2003
53496,Stijn van Gassel,Goalkeeper,1996-10-18,Netherlands,,670,SBV Excelsior,2003
130107,Calvin Raatsie,Goalkeeper,2002-02-09,Netherlands,,670,SBV Excelsior,2003
272704,Tijmen Holla,Goalkeeper,,Netherlands,,670,SBV Excelsior,2003
55224,Ilias Bronkhorst,Defence,1997-05-10,Netherlands,,670,SBV Excelsior,2003
81965,Simon Janssen,Defence,2000-09-25,Netherlands,,670,SBV Excelsior,2003
117956,Arthur Zagre,Defence,2001-10-04,France,,670,SBV Excelsior,2003
144629,Casper Widell,Defence,2003-05-05,Sweden,,670,SBV Excelsior,2003
171630,Stan Henderikx,Defence,2003-07-08,Netherlands,,670,SBV Excelsior,2003
263655,Guilliano Caïro,Defence,,Netherlands,,670,SBV Excelsior,2003
292283,Gijs van den Berg,Defence,,Netherlands,,670,SBV Excelsior,2003
7473,Emil Hansson,Midfield,1998-06-15,Sweden,,670,SBV Excelsior,2003
124795,Adam Carlén,Midfield,2000-06-27,Sweden,,670,SBV Excelsior,2003
154111,Mathijs Tielemans,Midfield,2002-04-26,Netherlands,,670,SBV Excelsior,2003
171427,Derensili Sanches Fernandes,Midfield,2001-05-28,Netherlands,,670,SBV Excelsior,2003
171956,Lennard Hartjes,Midfield,2003-04-07,Netherlands,,670,SBV Excelsior,2003
176693,Gyan de Regt,Midfield,2003-08-18,Netherlands,,670,SBV Excelsior,2003
179498,Noah Naujoks,Midfield,2002-05-02,Netherlands,,670,SBV Excelsior,2003
189609,Miliano Jonathans,Midfield,2004-04-05,Indonesia,,670,SBV Excelsior,2003
191155,Irakli Yegoian,Midfield,2004-03-19,Georgia,,670,SBV Excelsior,2003
288528,Noa el Hamdaoui,Midfield,,Netherlands,,670,SBV Excelsior,2003
7341,Mike van Duinen,Offence,1991-11-06,Netherlands,,670,SBV Excelsior,2003
145652,Szymon Włodarczyk,Offence,2003-01-05,Poland,,670,SBV Excelsior,2003
261269,Nesto Groen,Offence,2004-07-22,Netherlands,,670,SBV Excelsior,2003
263649,Jerroldino Armantrading,Offence,2006-07-05,Netherlands,,670,SBV Excelsior,2003
177064,Lewis Schouten,Central Midfield,2004-02-04,Netherlands,,670,SBV Excelsior,2003
149181,Rick Meissen,Centre-Back,2002-02-24,Netherlands,,670,SBV Excelsior,2003
124776,Hamdi Akujobi,Right-Back,2000-01-20,Netherlands,,670,SBV Excelsior,2003
7578,Remko Pasveer,Goalkeeper,1983-11-08,Netherlands,,671,Heracles Almelo,2003
56070,Robin Mantel,Goalkeeper,2000-11-15,Belgium,,671,Heracles Almelo,2003
67930,Fabian de Keijzer,Goalkeeper,2000-05-10,Netherlands,,671,Heracles Almelo,2003
177975,Timo Jansink,Goalkeeper,2003-03-16,Netherlands,,671,Heracles Almelo,2003
279696,Leco Zeevalkink,Goalkeeper,,Netherlands,,671,Heracles Almelo,2003
7521,Mike te Wierik,Defence,1992-06-08,Netherlands,,671,Heracles Almelo,2003
288488,Jeppe Wijnreder,Defence,,Netherlands,,671,Heracles Almelo,2003
294286,Jesper Kerkdijk,Defence,2007-01-23,Netherlands,,671,Heracles Almelo,2003
7528,Ajdin Hrustic,Midfield,1996-07-05,Australia,,671,Heracles Almelo,2003
177605,Rhys Bozinovski,Midfield,2004-07-03,Australia,,671,Heracles Almelo,2003
182042,Tristan van Gilst,Midfield,2003-02-18,Netherlands,,671,Heracles Almelo,2003
288487,Melle Roede,Midfield,2006-06-26,Netherlands,,671,Heracles Almelo,2003
288489,Sil Blokhuis,Offence,2008-03-18,Netherlands,,671,Heracles Almelo,2003
293491,Tarik Hamamioğlu,Offence,2008-08-01,Netherlands,,671,Heracles Almelo,2003
150521,Sava Cestic,Centre-Back,2001-02-19,Serbia,,671,Heracles Almelo,2003
137026,Naci Ünüvar,Left Winger,2003-06-13,Turkey,,671,Heracles Almelo,2003
130178,Bryan Limbombe,Right Winger,2001-05-14,Belgium,,671,Heracles Almelo,2003
118819,Jannes Wieckhoff,Right-Back,2000-08-02,Germany,,671,Heracles Almelo,2003
117473,Ivan Mesík,Centre-Back,2001-06-01,Slovakia,,671,Heracles Almelo,2003
112779,Jan Žambůrek,Central Midfield,2001-02-13,Czech Republic,,671,Heracles Almelo,2003
111737,Erik Ahlstrand,Central Midfield,2001-10-14,Sweden,,671,Heracles Almelo,2003
100089,Djevencio van der Kust,Left-Back,2001-04-30,Suriname,,671,Heracles Almelo,2003
9714,Damon Mirani,Centre-Back,1996-05-13,Netherlands,,671,Heracles Almelo,2003
8651,Jeff Reine-Adelaïde,Attacking Midfield,1998-01-17,France,,671,Heracles Almelo,2003
7596,Thomas Bruns,Attacking Midfield,1992-01-07,Netherlands,,671,Heracles Almelo,2003
7235,Mario Engels,Right Winger,1993-10-22,Germany,,671,Heracles Almelo,2003
263801,Giandro Sambo,Left Winger,2006-08-28,Curaçao,,671,Heracles Almelo,2003
262684,Luka Kulenović,Centre-Forward,1999-09-29,Bosnia-Herzegovina,,671,Heracles Almelo,2003
252865,Jop Tijink,Centre-Back,2005-01-30,Netherlands,,671,Heracles Almelo,2003
192656,Alec Van Hoorenbeeck,Centre-Back,1998-12-30,Belgium,,671,Heracles Almelo,2003
184974,Yvandro Borges Sanches,Left Winger,2004-05-24,Luxembourg,,671,Heracles Almelo,2003
178569,Sem Scheperman,Defensive Midfield,2002-06-24,Netherlands,,671,Heracles Almelo,2003
177672,Walid Ould-Chikh,Attacking Midfield,1999-11-06,Netherlands,,671,Heracles Almelo,2003
172448,Mimeirhel Benita,Right-Back,2003-11-17,Netherlands,,671,Heracles Almelo,2003
167699,Lequincio Zeefuik,Centre-Forward,2004-11-26,Netherlands,,671,Heracles Almelo,2003
3053,Andries Noppert,Goalkeeper,1994-04-07,Netherlands,,673,SC Heerenveen,2003
7410,Jan Bekkema,Goalkeeper,1996-04-09,Netherlands,,673,SC Heerenveen,2003
91983,Nordin Bakker,Goalkeeper,1997-10-31,Netherlands,,673,SC Heerenveen,2003
191291,Bernt Klaverboer,Goalkeeper,2005-09-26,Netherlands,,673,SC Heerenveen,2003
273322,Tjalling van Keimpema,Goalkeeper,,Netherlands,,673,SC Heerenveen,2003
290648,Timo Schreuder,Goalkeeper,2006-09-25,Netherlands,,673,SC Heerenveen,2003
171410,Maas Willemsen,Defence,2003-04-29,Netherlands,,673,SC Heerenveen,2003
172254,Hristiyan Petrov,Defence,2002-06-24,Bulgaria,,673,SC Heerenveen,2003
180528,Nikolai Hopland,Defence,2004-07-24,Norway,,673,SC Heerenveen,2003
214149,Mats Egbring,Defence,2006-09-17,Netherlands,,673,SC Heerenveen,2003
273452,Robin Bouw,Defence,2006-04-24,Netherlands,,673,SC Heerenveen,2003
292039,Ingmar Mulder,Defence,2005-01-23,Netherlands,,673,SC Heerenveen,2003
295318,Clayton Bonevacia,Defence,,Netherlands,,673,SC Heerenveen,2003
7684,Joris van Overeem,Midfield,1994-06-01,Netherlands,,673,SC Heerenveen,2003
82116,Luca Oyen,Midfield,2003-03-14,Belgium,,673,SC Heerenveen,2003
246586,Marcus Linday,Midfield,2003-06-02,Sweden,,673,SC Heerenveen,2003
276661,Kai Jansen,Midfield,2007-01-05,Netherlands,,673,SC Heerenveen,2003
280290,Nolhan Courtens,Midfield,2006-12-20,Belgium,,673,SC Heerenveen,2003
282707,Jermaine Rijssel,Midfield,2005-03-25,Netherlands,,673,SC Heerenveen,2003
145170,Lasse Nordås,Offence,2002-02-10,Norway,,673,SC Heerenveen,2003
272219,Eser Gürbüz,Offence,2007-03-06,Netherlands,,673,SC Heerenveen,2003
289599,Kirayno Schaken,Offence,2009-06-18,Netherlands,,673,SC Heerenveen,2003
171627,Levi Smans,Attacking Midfield,2004-03-25,Netherlands,,673,SC Heerenveen,2003
168705,Amourricho van Axel Dongen,Left Winger,2004-09-29,Netherlands,,673,SC Heerenveen,2003
137564,Maxence Rivera,Right Winger,2002-05-30,France,,673,SC Heerenveen,2003
127930,Vasilios Zagaritis,Left-Back,2001-05-04,Greece,,673,SC Heerenveen,2003
125914,Ringo Meerveld,Attacking Midfield,2000-12-21,Netherlands,,673,SC Heerenveen,2003
53341,Luuk Brouwers,Attacking Midfield,1998-05-03,Netherlands,,673,SC Heerenveen,2003
53313,Sam Kersten,Centre-Back,1998-01-30,Netherlands,,673,SC Heerenveen,2003
7476,Dylan Vente,Centre-Forward,1999-05-09,Suriname,,673,SC Heerenveen,2003
263863,Isaiah Ahmed,Central Midfield,2005-12-28,Curaçao,,673,SC Heerenveen,2003
214414,Oliver Braude,Right-Back,2004-02-21,Norway,,673,SC Heerenveen,2003
210841,Jacob Trenskow,Right Winger,2000-11-26,Denmark,,673,SC Heerenveen,2003
7673,Nick Olij,Goalkeeper,1995-08-01,Netherlands,,674,PSV,2003
136350,Matej Kovar,Goalkeeper,2000-05-17,Czech Republic,,674,PSV,2003
172077,Niek Schiks,Goalkeeper,2004-02-03,Netherlands,,674,PSV,2003
188079,Tijn Smolenaars,Goalkeeper,2005-02-23,Netherlands,,674,PSV,2003
7443,Armando Obispo,Defence,1999-03-05,Curaçao,,674,PSV,2003
137693,Anass Salah-Eddine,Defence,2002-01-18,Morocco,,674,PSV,2003
278178,Fabian Merién,Defence,2008-09-26,Netherlands,,674,PSV,2003
7688,Guus Til,Midfield,1997-12-22,Netherlands,,674,PSV,2003
130173,Ismael Saibari,Midfield,2001-01-28,Morocco,,674,PSV,2003
176932,Paul Wanner,Midfield,2005-12-23,Austria,,674,PSV,2003
215421,Wessel Kuhn,Midfield,2006-09-16,Netherlands,,674,PSV,2003
218290,Joel van den Berg,Midfield,2007-02-11,Netherlands,,674,PSV,2003
218390,Jordy Bawuah,Midfield,2006-11-17,Belgium,,674,PSV,2003
220120,Nicolas Verkooijen,Midfield,2006-12-05,Belgium,,674,PSV,2003
263656,Jim Koller,Midfield,2007-03-31,Netherlands,,674,PSV,2003
283059,Noah Fernandez,Midfield,2008-01-09,Belgium,,674,PSV,2003
2004,Ivan Perišić,Offence,1989-02-02,Croatia,,674,PSV,2003
119731,Ricardo Pepi,Offence,2003-01-09,USA,,674,PSV,2003
186380,Esmir Bajraktarevic,Offence,2005-03-10,Bosnia-Herzegovina,,674,PSV,2003
97534,Sergiño Dest,Right-Back,2000-11-03,USA,,674,PSV,2003
53426,Joey Veerman,Central Midfield,1998-11-19,Netherlands,,674,PSV,2003
15781,Dennis Man,Right Winger,1998-08-26,Romania,,674,PSV,2003
9770,Jerdy Schouten,Defensive Midfield,1997-01-12,Netherlands,,674,PSV,2003
8443,Alassane Pléa,Centre-Forward,1993-03-10,France,,674,PSV,2003
7703,Myron Boadu,Centre-Forward,2001-01-14,Netherlands,,674,PSV,2003
7451,Mauro Júnior,Left-Back,1999-05-06,Brazil,,674,PSV,2003
221412,Yarek Gasiorowski,Centre-Back,2005-01-12,Spain,,674,PSV,2003
184642,Ryan Flamingo,Centre-Back,2002-12-31,Netherlands,,674,PSV,2003
181984,Ruben van Bommel,Left Winger,2004-08-03,Netherlands,,674,PSV,2003
150536,Couhaib Driouech,Left Winger,2002-04-17,Morocco,,674,PSV,2003
142790,Kiliann Sildillia,Right-Back,2002-05-16,France,,674,PSV,2003
7375,Timon Wellenreuther,Goalkeeper,1995-12-03,Germany,,675,Feyenoord Rotterdam,2003
25610,Liam Bossin,Goalkeeper,1996-07-15,Ireland,,675,Feyenoord Rotterdam,2003
81055,Steven Benda,Goalkeeper,1998-10-01,Germany,,675,Feyenoord Rotterdam,2003
215555,Mannou Berger,Goalkeeper,2004-10-15,Netherlands,,675,Feyenoord Rotterdam,2003
272665,Ismail Ka,Goalkeeper,2006-03-09,Netherlands,,675,Feyenoord Rotterdam,2003
113595,Tsuyoshi Watanabe,Defence,1997-02-05,Japan,,675,Feyenoord Rotterdam,2003
176299,Jordan Bos,Defence,2002-10-29,Australia,,675,Feyenoord Rotterdam,2003
287879,Lucas Gardenier,Defence,2007-01-04,Netherlands,,675,Feyenoord Rotterdam,2003
170561,In-beom Hwang,Midfield,1996-09-20,South Korea,,675,Feyenoord Rotterdam,2003
275067,Tobias van den Elshout,Midfield,2007-02-02,Netherlands,,675,Feyenoord Rotterdam,2003
276431,Thijs Kraaijeveld,Midfield,2007-05-03,Netherlands,,675,Feyenoord Rotterdam,2003
289522,Ayoub Ouarghi,Midfield,2008-02-05,Morocco,,675,Feyenoord Rotterdam,2003
290010,Hakeem Agboluaje,Midfield,2007-09-24,Netherlands,,675,Feyenoord Rotterdam,2003
294289,Ilai Grootfaam,Midfield,2010-03-15,Netherlands,,675,Feyenoord Rotterdam,2003
119460,Ayase Ueda,Offence,1998-09-10,Japan,,675,Feyenoord Rotterdam,2003
244466,Anis Moussa,Offence,2002-02-11,Algeria,,675,Feyenoord Rotterdam,2003
265472,Gaoussou Diarra,Offence,2002-11-21,Mali,,675,Feyenoord Rotterdam,2003
272162,Aymen Sliti,Offence,2006-03-24,Netherlands,,675,Feyenoord Rotterdam,2003
289520,Shaqueel van Persie,Offence,2006-11-16,Netherlands,,675,Feyenoord Rotterdam,2003
290011,Jerayno Schaken,Offence,2009-06-18,Netherlands,,675,Feyenoord Rotterdam,2003
290649,Arman Nahany,Offence,2008-05-10,Netherlands,,675,Feyenoord Rotterdam,2003
294282,Jivayno Zinhagel,Offence,2009-04-18,Netherlands,,675,Feyenoord Rotterdam,2003
169190,Luciano Valente,Left Winger,2003-10-04,Netherlands,,675,Feyenoord Rotterdam,2003
157781,Oussama Targhalline,Central Midfield,2002-05-20,Morocco,,675,Feyenoord Rotterdam,2003
129381,Casper Tengstedt,Centre-Forward,2000-06-01,Denmark,,675,Feyenoord Rotterdam,2003
126149,Gonçalo Borges,Right Winger,2001-03-29,Portugal,,675,Feyenoord Rotterdam,2003
99952,Jakub Moder,Central Midfield,1999-04-07,Poland,,675,Feyenoord Rotterdam,2003
80161,Sem Steijn,Attacking Midfield,2001-11-17,Netherlands,,675,Feyenoord Rotterdam,2003
53430,Gijs Smal,Left-Back,1997-08-31,Netherlands,,675,Feyenoord Rotterdam,2003
53317,Mats Deijl,Right-Back,1997-07-15,Netherlands,,675,Feyenoord Rotterdam,2003
25615,Anel Ahmedhodzic,Centre-Back,1999-03-26,Bosnia-Herzegovina,,675,Feyenoord Rotterdam,2003
16276,Jordan Lotomba,Right-Back,1998-09-29,Switzerland,,675,Feyenoord Rotterdam,2003
10716,Gernot Trauner,Centre-Back,1992-03-25,Austria,,675,Feyenoord Rotterdam,2003
7471,Bart Nieuwkoop,Right-Back,1996-03-07,Netherlands,,675,Feyenoord Rotterdam,2003
7465,Jerry St. Juste,Centre-Back,1996-10-19,Netherlands,,675,Feyenoord Rotterdam,2003
3329,Raheem Sterling,Right Winger,1994-12-08,England,,675,Feyenoord Rotterdam,2003
214587,Leo Sauer,Left Winger,2005-12-16,Slovakia,,675,Feyenoord Rotterdam,2003
214172,Shiloh 't Zand,Central Midfield,2003-05-14,Netherlands,,675,Feyenoord Rotterdam,2003
202859,Malcolm Jeng,Centre-Back,2005-03-09,Sweden,,675,Feyenoord Rotterdam,2003
186534,Givairo Read,Right-Back,2004-02-20,Netherlands,,675,Feyenoord Rotterdam,2003
179504,Thomas Beelen,Centre-Back,2001-06-11,Netherlands,,675,Feyenoord Rotterdam,2003
7345,Michael Brouwer,Goalkeeper,1993-01-21,Netherlands,,676,FC Utrecht,2003
157656,Kevin Gadellaa,Goalkeeper,2003-03-08,Netherlands,,676,FC Utrecht,2003
180855,Vassilis Barkas,Goalkeeper,1994-05-30,Greece,,676,FC Utrecht,2003
192192,Mees Eppink,Goalkeeper,2006-03-04,Netherlands,,676,FC Utrecht,2003
273532,Justin Eversen,Goalkeeper,,Netherlands,,676,FC Utrecht,2003
190432,Neal Viereck,Defence,2004-05-03,Netherlands,,676,FC Utrecht,2003
190433,Oualid Agougil,Defence,2005-08-07,Netherlands,,676,FC Utrecht,2003
217982,Per Kloosterboer,Defence,2005-03-08,Netherlands,,676,FC Utrecht,2003
279706,Viggo Plantinga,Defence,2007-05-18,Netherlands,,676,FC Utrecht,2003
292149,Emeka Adiele,Defence,2007-07-31,England,,676,FC Utrecht,2003
7564,Dani de Wit,Midfield,1998-01-28,Netherlands,,676,FC Utrecht,2003
176642,Zidane Iqbal,Midfield,2003-04-27,Iraq,,676,FC Utrecht,2003
178013,Rafik el Arguioui,Midfield,2005-07-31,Netherlands,,676,FC Utrecht,2003
274297,Jaygo van Ommeren,Midfield,2008-05-08,Netherlands,,676,FC Utrecht,2003
202630,Emirhan Demircan,Offence,2005-01-20,Turkey,,676,FC Utrecht,2003
274296,Björn Menzo,Offence,,Netherlands,,676,FC Utrecht,2003
150525,Miguel Rodríguez,Right Winger,2003-04-29,Spain,,676,FC Utrecht,2003
148291,Yoann Cathline,Left Winger,2002-07-22,France,,676,FC Utrecht,2003
144423,Can Bozdogan,Central Midfield,2001-04-05,Germany,,676,FC Utrecht,2003
128339,Alonzo Engwanda,Defensive Midfield,2003-01-27,Belgium,,676,FC Utrecht,2003
125524,Souffian El Karouani,Left-Back,2000-10-19,Morocco,,676,FC Utrecht,2003
115370,Niklas Vesterlund,Right-Back,1999-06-06,Denmark,,676,FC Utrecht,2003
103082,David Min,Centre-Forward,1999-06-23,Netherlands,,676,FC Utrecht,2003
81804,Mike Eerdhuijzen,Centre-Back,2000-07-13,Netherlands,,676,FC Utrecht,2003
78310,Matisse Didden,Centre-Back,2001-10-08,Belgium,,676,FC Utrecht,2003
67901,Victor Jensen,Attacking Midfield,2000-02-08,Denmark,,676,FC Utrecht,2003
31243,Jesper Karlsson,Left Winger,1998-07-25,Sweden,,676,FC Utrecht,2003
8902,Siebe Horemans,Right-Back,1998-06-02,Belgium,,676,FC Utrecht,2003
7970,Mike van der Hoorn,Centre-Back,1992-10-15,Netherlands,,676,FC Utrecht,2003
7548,Nick Viergever,Centre-Back,1989-08-03,Netherlands,,676,FC Utrecht,2003
6721,Sébastien Haller,Centre-Forward,1994-06-22,Ivory Coast,,676,FC Utrecht,2003
265560,Artem Stepanov,Centre-Forward,2007-08-10,Ukraine,,676,FC Utrecht,2003
215554,Gjivai Zechiël,Defensive Midfield,2004-06-01,Netherlands,,676,FC Utrecht,2003
191058,Angel Alarcon,Left Winger,2004-05-15,Spain,,676,FC Utrecht,2003
182186,Adrian Blake,Left Winger,2005-07-15,England,,676,FC Utrecht,2003
7215,Hidde Jurjus,Goalkeeper,1994-02-09,Netherlands,,677,FC Groningen,2003
10111,Etienne Vaessen,Goalkeeper,1995-07-26,Suriname,,677,FC Groningen,2003
178057,Dirk Baron,Goalkeeper,2002-08-16,Netherlands,,677,FC Groningen,2003
186577,Lovro Stubljar,Goalkeeper,2004-08-09,Slovenia,,677,FC Groningen,2003
206801,Stijn Petiet,Goalkeeper,2003-08-26,Netherlands,,677,FC Groningen,2003
228985,Tyrique Mercera,Defence,2003-12-19,Curaçao,,677,FC Groningen,2003
276030,Elvis Van Der Laan,Defence,2008-02-29,Sweden,,677,FC Groningen,2003
282876,Robin Kelder,Defence,2005-03-25,Netherlands,,677,FC Groningen,2003
272985,David van der Werff,Midfield,2004-08-31,Netherlands,,677,FC Groningen,2003
282878,Yénio Holder,Midfield,2007-07-02,Netherlands,,677,FC Groningen,2003
7698,Mats Seuntjens,Offence,1992-04-17,Netherlands,,677,FC Groningen,2003
188950,Oskar Zawada,Offence,2004-06-05,Poland,,677,FC Groningen,2003
282874,Mark Hoekstra,Offence,2006-02-10,Netherlands,,677,FC Groningen,2003
282875,Jismerai Dillema,Offence,2007-02-14,Netherlands,,677,FC Groningen,2003
290883,Ryan Metu,Offence,2008-08-28,Netherlands,,677,FC Groningen,2003
189599,Jorg Schreuders,Right Winger,2004-09-09,Netherlands,,677,FC Groningen,2003
188914,Thom van Bergen,Centre-Forward,2004-01-06,Netherlands,,677,FC Groningen,2003
186400,Younes Taha,Attacking Midfield,2002-11-27,Morocco,,677,FC Groningen,2003
179522,Tijmen Blokzijl,Centre-Back,2005-02-25,Netherlands,,677,FC Groningen,2003
154590,Stije Resink,Central Midfield,2003-05-28,Netherlands,,677,FC Groningen,2003
71983,Marvin Peersman,Centre-Back,1991-02-10,Belgium,,677,FC Groningen,2003
57281,Rui Mendes,Right Winger,1999-11-10,Portugal,,677,FC Groningen,2003
45647,Marco Rente,Centre-Back,1997-02-25,Germany,,677,FC Groningen,2003
41302,Brynjolfur Darri Willumsson,Centre-Forward,2000-08-12,Iceland,,677,FC Groningen,2003
246685,Sven Bouland,Centre-Back,2006-02-22,Netherlands,,677,FC Groningen,2003
218463,Wouter Prins,Left-Back,2004-02-06,Netherlands,,677,FC Groningen,2003
218389,Tika de Jonge,Central Midfield,2003-03-11,Netherlands,,677,FC Groningen,2003
217464,Dies Janse,Centre-Back,2006-01-17,Netherlands,,677,FC Groningen,2003
204719,Travis Hernes,Central Midfield,2005-11-04,Norway,,677,FC Groningen,2003
190468,Tygo Land,Central Midfield,2006-01-11,Netherlands,,677,FC Groningen,2003
9854,Maarten Paes,Goalkeeper,1998-05-14,Indonesia,,678,AFC Ajax,2003
152579,Vítězslav Jaroš,Goalkeeper,2001-07-23,Czech Republic,,678,AFC Ajax,2003
202183,Paul Reverson,Goalkeeper,2005-06-20,Netherlands,,678,AFC Ajax,2003
264453,Aymean el Hani,Goalkeeper,2007-05-09,Netherlands,,678,AFC Ajax,2003
272771,Joeri Heerkens,Goalkeeper,2006-05-08,Netherlands,,678,AFC Ajax,2003
294576,Valentijn van der Velde,Goalkeeper,2007-01-12,Netherlands,,678,AFC Ajax,2003
9034,Takehiro Tomiyasu,Defence,1998-11-05,Japan,,678,AFC Ajax,2003
48902,Ko Itakura,Defence,1997-01-27,Japan,,678,AFC Ajax,2003
134835,Josip Šutalo,Defence,2000-02-28,Croatia,,678,AFC Ajax,2003
249025,Jorthy Mokio,Defence,2008-02-29,Belgium,,678,AFC Ajax,2003
250979,Aaron Bouwman,Defence,2007-08-28,Netherlands,,678,AFC Ajax,2003
261341,Lucas Jetten,Defence,2007-06-07,Netherlands,,678,AFC Ajax,2003
265344,Mylo van der Lans,Defence,2007-04-11,Netherlands,,678,AFC Ajax,2003
270676,Ryan van de Pavert,Defence,2006-01-24,Netherlands,,678,AFC Ajax,2003
276935,Marvyn Muzungu,Defence,2007-11-28,France,,678,AFC Ajax,2003
286356,Kennynho Kasanwirjo,Defence,2008-01-04,Netherlands,,678,AFC Ajax,2003
190731,Oscar Gloukh,Midfield,2004-01-04,Israel,,678,AFC Ajax,2003
251265,Sean Steur,Midfield,2008-01-11,Netherlands,,678,AFC Ajax,2003
265342,Jinairo Johnson,Midfield,2007-04-08,Netherlands,,678,AFC Ajax,2003
265343,Mark Verkuijl,Midfield,2006-02-10,Netherlands,,678,AFC Ajax,2003
273341,Rayane Bounida,Midfield,2006-03-03,Belgium,,678,AFC Ajax,2003
282165,Abdellah Ouazane,Midfield,2009-01-15,Morocco,,678,AFC Ajax,2003
286147,Tijn Peters,Midfield,2006-03-03,Netherlands,,678,AFC Ajax,2003
290695,Mohamed Abdalla,Midfield,2009-10-19,Netherlands,,678,AFC Ajax,2003
7570,Kasper Dolberg,Offence,1997-10-06,Denmark,,678,AFC Ajax,2003
7697,Wout Weghorst,Offence,1992-08-07,Netherlands,,678,AFC Ajax,2003
250608,Maher Carrizo,Offence,2006-02-19,Argentina,,678,AFC Ajax,2003
251224,Emre Ünüvar,Offence,2008-03-18,Netherlands,,678,AFC Ajax,2003
261340,Don-Angelo Konadu,Offence,2006-05-03,Netherlands,,678,AFC Ajax,2003
287306,Pharell Nash,Offence,2008-02-07,Netherlands,,678,AFC Ajax,2003
189574,Mika Godts,Left Winger,2005-06-07,Belgium,,678,AFC Ajax,2003
188830,Lucas Rosa,Right-Back,2000-04-03,Brazil,,678,AFC Ajax,2003
184716,Anton Gaaei,Right-Back,2002-11-19,Denmark,,678,AFC Ajax,2003
157120,Kian Fitz-Jim,Central Midfield,2003-07-05,Netherlands,,678,AFC Ajax,2003
156856,Youri Baas,Left-Back,2003-03-17,Netherlands,,678,AFC Ajax,2003
142087,Youri Regeer,Central Midfield,2003-08-18,Netherlands,,678,AFC Ajax,2003
130053,Oliver Edvardsen,Left Winger,1999-03-19,Norway,,678,AFC Ajax,2003
7889,Oleksandr Zinchenko,Left-Back,1996-12-15,Ukraine,,678,AFC Ajax,2003
7841,Davy Klaassen,Central Midfield,1993-02-21,Netherlands,,678,AFC Ajax,2003
7679,Owen Wijndal,Left-Back,1999-11-28,Netherlands,,678,AFC Ajax,2003
7478,Steven Berghuis,Right Winger,1991-12-19,Netherlands,,678,AFC Ajax,2003
7546,Kostas Lamprou,Goalkeeper,1991-09-18,Greece,,681,NAC Breda,2003
7738,Roy Kortsmit,Goalkeeper,1992-08-26,Netherlands,,681,NAC Breda,2003
84069,Daniel Bielica,Goalkeeper,1999-04-30,Poland,,681,NAC Breda,2003
288678,Thomas Goos,Goalkeeper,,Netherlands,,681,NAC Breda,2003
3957,Denis Odoi,Defence,1988-05-27,Ghana,,681,NAC Breda,2003
150439,Rio Hillen,Defence,2003-03-05,Netherlands,,681,NAC Breda,2003
282688,Jemuel Erat,Defence,2007-09-02,Netherlands,,681,NAC Breda,2003
284062,Jayden Candelaria,Defence,2004-03-02,Netherlands,,681,NAC Breda,2003
295555,Mylan Brouwers,Defence,2009-08-13,Netherlands,,681,NAC Breda,2003
179479,Kamal Sowah,Midfield,2000-01-09,Ghana,,681,NAC Breda,2003
181154,Max Balard,Midfield,2000-11-20,Australia,,681,NAC Breda,2003
181796,Brahim Ghalidi,Midfield,2005-01-31,Morocco,,681,NAC Breda,2003
282686,Christian Chiza,Midfield,2007-12-18,Netherlands,,681,NAC Breda,2003
282687,Pepijn Reulen,Offence,,Netherlands,,681,NAC Breda,2003
245796,Cherrion Valerius,Centre-Back,2005-09-22,Netherlands,,681,NAC Breda,2003
233584,Juho Talvitie,Right Winger,2005-03-25,Finland,,681,NAC Breda,2003
193091,Raul Paula,Attacking Midfield,1976-06-26,Germany,,681,NAC Breda,2003
191040,Moussa Soumano,Centre-Forward,2005-07-09,France,,681,NAC Breda,2003
177652,Amine Salama,Centre-Forward,2000-07-18,France,,681,NAC Breda,2003
154112,Mohamed Nassoh,Attacking Midfield,2003-01-26,Morocco,,681,NAC Breda,2003
125169,Charles-Andréas Brym,Centre-Forward,1998-08-08,Canada,,681,NAC Breda,2003
99195,Leo Greiml,Centre-Back,2001-07-03,Austria,,681,NAC Breda,2003
80767,Enes Mahmutović,Centre-Back,1997-05-22,Luxembourg,,681,NAC Breda,2003
67887,Boy Kemper,Left-Back,1999-06-21,Netherlands,,681,NAC Breda,2003
9299,Fredrik Jensen,Defensive Midfield,1993-05-18,Norway,,681,NAC Breda,2003
7990,André Ayew,Left Winger,1989-12-17,Ghana,,681,NAC Breda,2003
7590,Boyd Lucassen,Right-Back,1998-07-01,Netherlands,,681,NAC Breda,2003
7291,Clint Leemans,Central Midfield,1995-09-15,Netherlands,,681,NAC Breda,2003
6526,Lewis Holtby,Central Midfield,1990-09-18,Germany,,681,NAC Breda,2003
7433,Jeroen Zoet,Goalkeeper,1991-01-06,Netherlands,,682,AZ,2003
53417,Hobie Verhulst,Goalkeeper,1993-04-02,Netherlands,,682,AZ,2003
150752,Daniel Deen,Goalkeeper,2003-02-13,Netherlands,,682,AZ,2003
182029,Rome Owusu-Oduro,Goalkeeper,2004-07-02,Netherlands,,682,AZ,2003
192371,Jur Schipper,Goalkeeper,2006-07-11,Netherlands,,682,AZ,2003
203079,Billy van Duijl,Defence,2005-10-04,Netherlands,,682,AZ,2003
250978,Elijah Dijkstra,Defence,2006-08-05,Netherlands,,682,AZ,2003
271879,Mathijs Menu,Defence,2005-05-01,Netherlands,,682,AZ,2003
274021,Andrea Natali,Defence,2008-01-28,Italy,,682,AZ,2003
282243,Jesper Zwart,Defence,2006-11-08,Netherlands,,682,AZ,2003
291986,Rion Ichihara,Defence,2005-07-07,Japan,,682,AZ,2003
153974,Isak Jensen,Midfield,2003-12-23,Denmark,,682,AZ,2003
246447,Rio Robbemond,Midfield,,Netherlands,,682,AZ,2003
246558,Kasper Boogaard,Midfield,2006-01-29,Netherlands,,682,AZ,2003
254626,Ayoub Oufkir,Midfield,2006-01-04,Netherlands,,682,AZ,2003
255429,Matěj Šín,Midfield,2004-06-02,Czech Republic,,682,AZ,2003
178402,Ro-Zangelo Daal,Offence,2004-02-10,Netherlands,,682,AZ,2003
203263,Weslley Patati,Offence,2003-10-01,Brazil,,682,AZ,2003
250087,Jasper Hartog,Offence,2006-03-23,Netherlands,,682,AZ,2003
274092,Wassim Bouziane,Offence,2006-12-22,Netherlands,,682,AZ,2003
290041,Bendegúz Kovács,Offence,2007-03-31,Hungary,,682,AZ,2003
176746,Mexx Meerdink,Centre-Forward,2003-07-24,Netherlands,,682,AZ,2003
175823,Wouter Goes,Centre-Back,2004-06-10,Netherlands,,682,AZ,2003
171428,Maxim Dekker,Centre-Back,2004-04-21,Netherlands,,682,AZ,2003
166900,Alexandre Penetra,Centre-Back,2001-09-09,Portugal,,682,AZ,2003
142616,Seiya Maikuma,Right-Back,1997-10-16,Japan,,682,AZ,2003
136163,Denso Kasius,Right-Back,2002-10-06,Netherlands,,682,AZ,2003
131041,Troy Parrott,Centre-Forward,2002-02-04,Ireland,,682,AZ,2003
115116,Sven Mijnans,Attacking Midfield,2000-03-09,Netherlands,,682,AZ,2003
81552,Peer Koopmeiners,Defensive Midfield,2000-05-04,Netherlands,,682,AZ,2003
72536,Ibrahim Sadiq,Right Winger,2000-05-07,Ghana,,682,AZ,2003
67899,Mees De Wit,Left-Back,1998-04-17,Netherlands,,682,AZ,2003
8886,Jordy Clasie,Defensive Midfield,1991-06-27,Netherlands,,682,AZ,2003
7432,Jizz Hornkamp,Centre-Forward,1998-03-07,Netherlands,,682,AZ,2003
246145,Mateo Chávez,Left-Back,2004-05-12,Mexico,,682,AZ,2003
191223,Kees Smit,Central Midfield,2006-01-21,Netherlands,,682,AZ,2003
67905,Jasper Schendelaar,Goalkeeper,2000-09-02,Netherlands,,684,PEC Zwolle,2003
175970,Tom de Graaff,Goalkeeper,2004-12-10,Netherlands,,684,PEC Zwolle,2003
186393,Duke Verduin,Goalkeeper,2003-10-30,Netherlands,,684,PEC Zwolle,2003
274048,Nick Dobben,Goalkeeper,2008-01-01,Netherlands,,684,PEC Zwolle,2003
286264,Len Bakker,Goalkeeper,2006-06-14,Netherlands,,684,PEC Zwolle,2003
7744,Sheral Floranus,Defence,1998-08-23,Curaçao,,684,PEC Zwolle,2003
129930,Tijs Velthuis,Defence,2002-01-12,Netherlands,,684,PEC Zwolle,2003
176975,Olivier Aertssen,Defence,2004-08-07,Netherlands,,684,PEC Zwolle,2003
202714,Simon Graves,Defence,1999-05-22,Denmark,,684,PEC Zwolle,2003
245874,Dylan Ruward,Defence,,Netherlands,,684,PEC Zwolle,2003
288563,Jayden Holtman,Defence,2008-01-01,Netherlands,,684,PEC Zwolle,2003
295105,Rodney Kroeze,Defence,2004-02-27,Netherlands,,684,PEC Zwolle,2003
295557,Scott Calderwood,Defence,,Netherlands,,684,PEC Zwolle,2003
7723,Ryan Thomas,Midfield,1994-12-20,New Zealand,,684,PEC Zwolle,2003
7729,Younes Namli,Midfield,1994-06-20,Denmark,,684,PEC Zwolle,2003
167455,Jamiro Monteiro,Midfield,1993-11-23,Cape Verde Islands,,684,PEC Zwolle,2003
261139,Jan Faberski,Midfield,2006-04-22,Poland,,684,PEC Zwolle,2003
273533,Gabriël Reiziger,Midfield,2005-10-10,Netherlands,,684,PEC Zwolle,2003
282349,Givaro Renwarin,Midfield,2008-02-19,Netherlands,,684,PEC Zwolle,2003
282350,Jadiel Pereira da Gama,Midfield,2009-12-12,Netherlands,,684,PEC Zwolle,2003
288564,Lasse Aelbers,Midfield,,Netherlands,,684,PEC Zwolle,2003
288925,Corean Drost,Midfield,,Netherlands,,684,PEC Zwolle,2003
289718,Gilles van der Wal,Midfield,2008-01-01,Netherlands,,684,PEC Zwolle,2003
188411,David Voute,Offence,2005-11-04,Netherlands,,684,PEC Zwolle,2003
295553,Maxim de Troije,Offence,,Netherlands,,684,PEC Zwolle,2003
177978,Tristan Gooijer,Right-Back,2004-09-02,Netherlands,,684,PEC Zwolle,2003
176994,Damian van der Haar,Centre-Back,2004-01-16,Netherlands,,684,PEC Zwolle,2003
160846,Shola Shoretire,Attacking Midfield,2004-02-02,Nigeria,,684,PEC Zwolle,2003
152571,Samir Lagsir,Attacking Midfield,2003-05-20,Netherlands,,684,PEC Zwolle,2003
151283,Anselmo MacNulty,Centre-Back,2003-02-19,Ireland,,684,PEC Zwolle,2003
149178,Zico Buurmeester,Central Midfield,2002-06-07,Netherlands,,684,PEC Zwolle,2003
67920,Thijs Oosting,Attacking Midfield,2000-05-02,Netherlands,,684,PEC Zwolle,2003
53412,Kaj de Rooij,Right Winger,2000-11-25,Netherlands,,684,PEC Zwolle,2003
9701,Koen Kostons,Centre-Forward,1999-09-18,Netherlands,,684,PEC Zwolle,2003
7607,Thomas Buitink,Centre-Forward,2000-06-14,Netherlands,,684,PEC Zwolle,2003
7499,Odysseus Velanas,Attacking Midfield,1998-06-05,Netherlands,,684,PEC Zwolle,2003
214428,Nick Fichtinger,Defensive Midfield,,Netherlands,,684,PEC Zwolle,2003
17014,Jari De Busser,Goalkeeper,1999-10-21,Belgium,,718,Go Ahead Eagles,2003
56849,Luca Plogmann,Goalkeeper,2000-03-10,Germany,,718,Go Ahead Eagles,2003
154572,Sven Jansen,Goalkeeper,2004-10-23,Netherlands,,718,Go Ahead Eagles,2003
177271,Nando Verdoni,Goalkeeper,2004-09-27,Netherlands,,718,Go Ahead Eagles,2003
192851,Eus Waayers,Goalkeeper,2006-04-08,Netherlands,,718,Go Ahead Eagles,2003
10139,Melle  Meulensteen,Defence,1999-07-04,Netherlands,,718,Go Ahead Eagles,2003
31140,Alfons Sampsted,Defence,1998-04-06,Iceland,,718,Go Ahead Eagles,2003
214155,Giovanni van Zwam,Defence,2004-01-02,Netherlands,,718,Go Ahead Eagles,2003
289666,Dani Tijman,Defence,,Netherlands,,718,Go Ahead Eagles,2003
279695,Yassir Salah Rahmouni,Midfield,2006-06-13,Netherlands,,718,Go Ahead Eagles,2003
117884,Stefán Ingi Sigurðarson,Offence,2001-01-27,Iceland,,718,Go Ahead Eagles,2003
180531,Oskar Sivertsen,Offence,2004-02-15,Norway,,718,Go Ahead Eagles,2003
248997,Jaden Slory,Offence,2005-05-09,Netherlands,,718,Go Ahead Eagles,2003
276080,Ofosu Boakye,Offence,,Ghana,,718,Go Ahead Eagles,2003
187185,Robbin Weijenberg,Central Midfield,2001-05-21,Netherlands,,718,Go Ahead Eagles,2003
187178,Pim Saathof,Right-Back,2003-12-28,Netherlands,,718,Go Ahead Eagles,2003
186571,Aske Adelgaard,Left-Back,2003-11-10,Denmark,,718,Go Ahead Eagles,2003
157121,Julius Dirksen,Centre-Back,2003-02-02,Netherlands,,718,Go Ahead Eagles,2003
151613,Mathis Suray,Attacking Midfield,2001-07-26,Belgium,,718,Go Ahead Eagles,2003
149091,Dean James,Left-Back,2000-04-30,Indonesia,,718,Go Ahead Eagles,2003
147764,Thibo Baeten,Centre-Forward,2002-06-04,Belgium,,718,Go Ahead Eagles,2003
144445,Victor Edvardsen,Centre-Forward,1996-01-14,Sweden,,718,Go Ahead Eagles,2003
144367,Jakob Breum,Left Winger,2003-11-17,Denmark,,718,Go Ahead Eagles,2003
121280,Søren Tengstedt,Right Winger,2000-06-30,Denmark,,718,Go Ahead Eagles,2003
102404,Richonell Margaret,Centre-Forward,2000-07-07,Suriname,,718,Go Ahead Eagles,2003
67919,Kenzo Goudmijn,Central Midfield,2001-12-18,Netherlands,,718,Go Ahead Eagles,2003
53490,Finn Stokkers,Centre-Forward,1996-04-18,Netherlands,,718,Go Ahead Eagles,2003
9931,Gerrit Nauber,Centre-Back,1992-04-13,Germany,,718,Go Ahead Eagles,2003
7682,Joris Kramer,Centre-Back,1996-08-02,Netherlands,,718,Go Ahead Eagles,2003
7303,Evert Linthorst,Defensive Midfield,2000-03-03,Netherlands,,718,Go Ahead Eagles,2003
102186,Daan Reiziger,Goalkeeper,2001-06-18,Netherlands,,1912,Telstar 1963,2003
171283,Tyrick Bodak,Goalkeeper,2002-02-15,Curaçao,,1912,Telstar 1963,2003
171423,Ronald Koeman Jr.,Goalkeeper,1995-05-23,Netherlands,,1912,Telstar 1963,2003
274551,Finn Mulder,Goalkeeper,2008-02-01,Netherlands,,1912,Telstar 1963,2003
7354,Jeff Hardeveld,Defence,1995-02-27,Netherlands,,1912,Telstar 1963,2003
7624,Danny Bakker,Defence,1995-01-16,Netherlands,,1912,Telstar 1963,2003
80283,Dion Malone,Defence,1989-02-13,Suriname,,1912,Telstar 1963,2003
92124,Nigel Nwankwo,Defence,1998-08-04,Netherlands,,1912,Telstar 1963,2003
171436,Devon Koswal,Defence,2003-08-21,Netherlands,,1912,Telstar 1963,2003
191954,Tyrese Noslin,Defence,2002-09-11,Curaçao,,1912,Telstar 1963,2003
219215,Adil Lechkar,Defence,2001-09-02,Netherlands,,1912,Telstar 1963,2003
219280,Neville Ogidi Nwankwo,Defence,2002-10-08,Netherlands,,1912,Telstar 1963,2003
226917,Tyrone Owusu,Defence,1999-03-05,Netherlands,,1912,Telstar 1963,2003
244256,Guus Offerhaus,Defence,2001-01-03,Netherlands,,1912,Telstar 1963,2003
263658,Abdelraffie Benzzine,Defence,,Netherlands,,1912,Telstar 1963,2003
275265,Yamano Olfers,Defence,2006-08-02,Suriname,,1912,Telstar 1963,2003
292533,Amin Bouchouari,Defence,2008-10-17,Morocco,,1912,Telstar 1963,2003
117796,Nökkvi Þórisson,Midfield,1999-08-13,Iceland,,1912,Telstar 1963,2003
177052,Nils Rossen,Midfield,2005-08-01,Netherlands,,1912,Telstar 1963,2003
184643,Patrick Brouwer,Midfield,2001-03-19,Netherlands,,1912,Telstar 1963,2003
217462,Gerald Alders,Midfield,2005-05-07,Netherlands,,1912,Telstar 1963,2003
245618,Cedric Hatenboer,Midfield,2005-03-19,Netherlands,,1912,Telstar 1963,2003
279131,Rayyan Koubini,Midfield,2005-06-06,Netherlands,,1912,Telstar 1963,2003
282877,Rojendro Oudsten,Midfield,2007-11-12,Suriname,,1912,Telstar 1963,2003
183536,Dylan Mertens,Offence,1995-07-20,Netherlands,,1912,Telstar 1963,2003
244046,Sem van Duijn,Offence,2004-03-18,Netherlands,,1912,Telstar 1963,2003
244492,Soufiane Hetli,Offence,2001-05-30,Netherlands,,1912,Telstar 1963,2003
273131,Jelani Seedorf,Offence,2004-12-12,Netherlands,,1912,Telstar 1963,2003
211708,Jochem Ritmeester van de Kamp,Central Midfield,2003-11-02,Netherlands,,1912,Telstar 1963,2003
53432,Kay Tejan,Centre-Forward,1997-02-03,Netherlands,,1912,Telstar 1963,2003
15860,Jasper Cillessen,Goalkeeper,1989-04-22,Netherlands,,1915,NEC,2003
126924,Gonzalo Crettaz,Goalkeeper,2000-02-28,Argentina,,1915,NEC,2003
176714,Rijk Janse,Goalkeeper,2002-04-16,Netherlands,,1915,NEC,2003
263653,Martijn Overmars,Goalkeeper,2007-06-07,Netherlands,,1915,NEC,2003
273615,Freek Entius,Goalkeeper,2006-05-26,Netherlands,,1915,NEC,2003
6708,Jetro Willems,Defence,1994-03-30,Netherlands,,1915,NEC,2003
64612,Eli Dasa,Defence,1992-12-03,Israel,,1915,NEC,2003
97164,Darko Nejašmić,Defence,1999-01-25,Croatia,,1915,NEC,2003
177433,Deveron Fonville,Defence,2003-05-16,Curaçao,,1915,NEC,2003
285237,Yassin Moslih,Defence,,Netherlands,,1915,NEC,2003
290976,Douwe Vernooij,Defence,,Netherlands,,1915,NEC,2003
293710,Mees Rensen,Defence,2010-01-28,Netherlands,,1915,NEC,2003
21733,Tjaronn Chery,Midfield,1988-06-04,Suriname,,1915,NEC,2003
184259,Willum Thór Willumsson,Midfield,1998-10-23,Iceland,,1915,NEC,2003
282514,Sam de Laat,Midfield,2006-06-12,Netherlands,,1915,NEC,2003
7602,Bryan Linssen,Offence,1990-10-08,Netherlands,,1915,NEC,2003
15463,Virgil Misidjan,Offence,1993-07-24,Suriname,,1915,NEC,2003
48659,Koki Ogawa,Offence,1997-08-08,Japan,,1915,NEC,2003
67903,Danilo,Offence,1999-04-07,Brazil,,1915,NEC,2003
97017,Youssef El Kachati,Offence,1999-11-30,Morocco,,1915,NEC,2003
288803,Jesaja Mustapha,Offence,2007-03-15,Netherlands,,1915,NEC,2003
290975,Kevin Kers,Offence,,Netherlands,,1915,NEC,2003
150656,Ahmetcan Kaplan,Centre-Back,2003-01-16,Turkey,,1915,NEC,2003
145276,Isak Hansen-Aarøen,Attacking Midfield,2004-08-22,Norway,,1915,NEC,2003
131178,Dirk Proper,Defensive Midfield,2002-02-24,Netherlands,,1915,NEC,2003
7726,Philippe Sandler,Centre-Back,1997-02-10,Netherlands,,1915,NEC,2003
7685,Thomas Ouwejan,Left-Back,1996-09-30,Netherlands,,1915,NEC,2003
2119,Bram Nuytinck,Centre-Back,1990-05-04,Netherlands,,1915,NEC,2003
217935,Kodai Sano,Left Winger,2003-09-25,Japan,,1915,NEC,2003
187040,Sami Ouaissa,Attacking Midfield,2004-10-02,Netherlands,,1915,NEC,2003
182241,Noe Lebreton,Defensive Midfield,2004-04-22,France,,1915,NEC,2003
178127,Basar Onal,Left Winger,2004-07-06,Turkey,,1915,NEC,2003
176767,Brayann Pereira,Right-Back,2003-05-21,France,,1915,NEC,2003
150428,Dion Vlak,Goalkeeper,2001-06-28,Netherlands,,1919,FC Volendam,2003
186557,Kayne van Oevelen,Goalkeeper,2003-08-08,Netherlands,,1919,FC Volendam,2003
190993,Arouna Kabba,Goalkeeper,1965-12-20,Netherlands,,1919,FC Volendam,2003
191207,Roy Steur,Goalkeeper,2005-02-01,Netherlands,,1919,FC Volendam,2003
202307,Yaell Samson,Goalkeeper,2005-03-12,Netherlands,,1919,FC Volendam,2003
9602,Mawouna Amevor,Defence,1991-12-16,Togo,,1919,FC Volendam,2003
53429,Alex Plat,Defence,1998-02-04,Netherlands,,1919,FC Volendam,2003
130171,Yannick Leliendal,Defence,2002-04-23,Suriname,,1919,FC Volendam,2003
189583,Deron Payne,Defence,2002-09-25,Trinidad & Tobago,,1919,FC Volendam,2003
221767,Nick Verschuren,Defence,2005-01-13,Netherlands,,1919,FC Volendam,2003
248937,Precious Ugwu,Defence,2006-02-08,Netherlands,,1919,FC Volendam,2003
250646,Myron Mau-Asam,Defence,2004-04-01,Netherlands,,1919,FC Volendam,2003
267873,Luca Blondeau,Defence,,Netherlands,,1919,FC Volendam,2003
7518,Juninho Bacuna,Midfield,1997-08-07,Curaçao,,1919,FC Volendam,2003
10138,Özan Kökçü,Midfield,1998-08-18,Azerbaijan,,1919,FC Volendam,2003
161294,Silvinho Esajas,Midfield,2002-07-08,Suriname,,1919,FC Volendam,2003
215429,Nordin Bukala,Midfield,2005-09-18,Netherlands,,1919,FC Volendam,2003
217987,Gibbo Yah,Midfield,2003-09-27,Netherlands,,1919,FC Volendam,2003
246072,Mika van der Horst,Midfield,,Netherlands,,1919,FC Volendam,2003
263909,Tiago Codinha,Midfield,2005-07-20,Canada,,1919,FC Volendam,2003
270265,Anass Bouziane,Midfield,2006-12-22,Netherlands,,1919,FC Volendam,2003
282705,Robin van Cruijsen,Midfield,2006-02-20,Netherlands,,1919,FC Volendam,2003
7429,Henk Veerman,Offence,1991-02-26,Netherlands,,1919,FC Volendam,2003
7510,Bilal Ould-Chikh,Offence,1997-07-28,Netherlands,,1919,FC Volendam,2003
7773,Robert Mühren,Offence,1989-05-18,Netherlands,,1919,FC Volendam,2003
157061,Aurelio Oehlers,Offence,2004-02-05,Netherlands,,1919,FC Volendam,2003
190770,Brandley Kuwas,Offence,1992-09-19,Curaçao,,1919,FC Volendam,2003
214142,Joël Ideho,Offence,2003-07-17,Netherlands,,1919,FC Volendam,2003
231106,Benjamin Pauwels,Offence,2004-04-04,Belgium,,1919,FC Volendam,2003
273393,Key-Shawn Wong-a-Soij,Offence,2006-10-01,Netherlands,,1919,FC Volendam,2003
282709,Jesper Tielemans,Offence,,Netherlands,,1919,FC Volendam,2003
188075,Dave Kwakman,Central Midfield,2004-08-07,Netherlands,,1919,FC Volendam,2003
136381,Anthony Descotte,Centre-Forward,2003-08-03,Belgium,,1919,FC Volendam,2003
7623,Aaron Meijers,Left-Back,1987-10-28,Netherlands,,1919,FC Volendam,2003
7373,Mattijs Branderhorst,Goalkeeper,1993-12-31,Netherlands,,1920,Fortuna Sittard,2003
7434,Luuk Koopmans,Goalkeeper,1993-11-18,Netherlands,,1920,Fortuna Sittard,2003
7486,Nick Marsman,Goalkeeper,1990-10-01,Netherlands,,1920,Fortuna Sittard,2003
217955,Niels Martens,Goalkeeper,2004-05-07,Netherlands,,1920,Fortuna Sittard,2003
251087,Ramazan Bayram,Goalkeeper,2004-10-12,Belgium,,1920,Fortuna Sittard,2003
292026,Lars Van Parys,Goalkeeper,2006-10-07,Belgium,,1920,Fortuna Sittard,2003
251232,Daan Bisschops,Defence,2005-03-30,Netherlands,,1920,Fortuna Sittard,2003
278365,Alhaji Bah,Defence,,Netherlands,,1920,Fortuna Sittard,2003
290009,Wassim Elasri,Defence,2004-06-20,Netherlands,,1920,Fortuna Sittard,2003
295317,Gani Durmus Büyükhan,Defence,,Netherlands,,1920,Fortuna Sittard,2003
43513,Dimitris Limnios,Midfield,1998-05-27,Greece,,1920,Fortuna Sittard,2003
67979,Justin Lonwijk,Midfield,1999-12-21,Suriname,,1920,Fortuna Sittard,2003
81053,Lance Duijvestijn,Midfield,1999-01-15,Netherlands,,1920,Fortuna Sittard,2003
102339,Mohammed Ihattaren,Midfield,2002-02-12,Netherlands,,1920,Fortuna Sittard,2003
171440,Philip Brittijn,Midfield,2004-04-09,Netherlands,,1920,Fortuna Sittard,2003
221391,Owen Johnson,Midfield,,Netherlands,,1920,Fortuna Sittard,2003
252886,Tristan Schenkhuizen,Midfield,2004-07-12,Netherlands,,1920,Fortuna Sittard,2003
270541,Hasip Korkmazyürek,Midfield,2003-05-01,Turkey,,1920,Fortuna Sittard,2003
282441,Moussa Gbemou,Midfield,2007-09-09,Belgium,,1920,Fortuna Sittard,2003
287444,Amin Laoukili,Midfield,,Netherlands,,1920,Fortuna Sittard,2003
7370,Paul Gladon,Offence,1992-03-18,Netherlands,,1920,Fortuna Sittard,2003
160443,Edouard Michut,Offence,2003-03-04,France,,1920,Fortuna Sittard,2003
137048,Yassin Oukili,Central Midfield,2001-01-03,Netherlands,,1920,Fortuna Sittard,2003
127235,Neraysho Kasanwirjo,Right-Back,2002-02-18,Netherlands,,1920,Fortuna Sittard,2003
122378,Shawn Adewoye,Centre-Back,2000-06-29,Belgium,,1920,Fortuna Sittard,2003
31986,Iván Márquez,Centre-Back,1994-06-09,Spain,,1920,Fortuna Sittard,2003
7574,Kaj Sierhuis,Centre-Forward,1998-04-27,Netherlands,,1920,Fortuna Sittard,2003
7558,Daley Sinkgraven,Left-Back,1995-07-04,Netherlands,,1920,Fortuna Sittard,2003
7361,Kristoffer Peterson,Left Winger,1994-11-28,Sweden,,1920,Fortuna Sittard,2003
3983,Ivo Pinto,Right-Back,1990-01-07,Portugal,,1920,Fortuna Sittard,2003
3131,Alen Halilović,Attacking Midfield,1996-06-18,Croatia,,1920,Fortuna Sittard,2003
1948,Samuel Bastien,Central Midfield,1996-09-26,DR Congo,,1920,Fortuna Sittard,2003
262333,Luka Tunjic,Attacking Midfield,2005-11-19,Bosnia-Herzegovina,,1920,Fortuna Sittard,2003
244801,Justin Hubner,Centre-Back,2003-09-14,Indonesia,,1920,Fortuna Sittard,2003
150541,Jasper Dahlhaus,Left Midfield,2001-11-27,Netherlands,,1920,Fortuna Sittard,2003
149037,Syb Van Ottele,Centre-Back,2002-02-02,Netherlands,,1920,Fortuna Sittard,2003
7250,Joël Drommel,Goalkeeper,1996-11-16,Netherlands,,6806,Sparta Rotterdam,2003
9778,Filip Bednarek,Goalkeeper,1992-09-26,Poland,,6806,Sparta Rotterdam,2003
151104,Pascal Kuiper,Goalkeeper,2004-03-17,Netherlands,,6806,Sparta Rotterdam,2003
295316,Rik Suur,Goalkeeper,2006-11-14,Netherlands,,6806,Sparta Rotterdam,2003
8146,Patrick van Aanholt,Defence,1990-08-29,Netherlands,,6806,Sparta Rotterdam,2003
137697,Shurandy Sambo,Defence,2001-08-19,Curaçao,,6806,Sparta Rotterdam,2003
220689,Max de Ligt,Defence,2004-07-20,Netherlands,,6806,Sparta Rotterdam,2003
254333,Marvin Young,Defence,2005-10-02,Netherlands,,6806,Sparta Rotterdam,2003
289506,Lushendry Martes,Defence,2008-05-06,Netherlands,,6806,Sparta Rotterdam,2003
295558,Justice Esser,Defence,2007-03-29,Netherlands,,6806,Sparta Rotterdam,2003
133204,Casper Terho,Midfield,2003-06-24,Finland,,6806,Sparta Rotterdam,2003
218262,Alwande Roaldsøy,Midfield,2004-06-09,Norway,,6806,Sparta Rotterdam,2003
254376,Ayoni Santos,Midfield,2005-07-18,Netherlands,,6806,Sparta Rotterdam,2003
255854,Younes Jaber El Meftahi,Midfield,2007-10-11,Netherlands,,6806,Sparta Rotterdam,2003
7304,Vito van Crooij,Offence,1996-01-29,Netherlands,,6806,Sparta Rotterdam,2003
243902,Milan Zonneveld,Offence,2003-10-08,Netherlands,,6806,Sparta Rotterdam,2003
255723,Giannino Vianello,Offence,2007-06-10,Netherlands,,6806,Sparta Rotterdam,2003
231030,Teo Quintero,Centre-Back,1999-03-02,Venezuela,,6806,Sparta Rotterdam,2003
178159,Mike Kleijn,Left-Back,2005-02-09,Netherlands,,6806,Sparta Rotterdam,2003
161068,Shunsuke Mito,Right Winger,2002-09-28,Japan,,6806,Sparta Rotterdam,2003
149054,Julian Baas,Central Midfield,2002-04-16,Netherlands,,6806,Sparta Rotterdam,2003
38124,Tobias Lauritsen,Centre-Forward,1997-08-30,Norway,,6806,Sparta Rotterdam,2003
38122,Joshua Kitolano,Central Midfield,2001-08-03,Norway,,6806,Sparta Rotterdam,2003
10150,Saïd Bakari,Right-Back,1994-09-22,Comoros,,6806,Sparta Rotterdam,2003
7949,Bruno Martins Indi,Centre-Back,1992-02-08,Netherlands,,6806,Sparta Rotterdam,2003
7592,Mitchell van Bergen,Right Winger,1999-08-27,Netherlands,,6806,Sparta Rotterdam,2003
7470,Jens Toornstra,Attacking Midfield,1989-04-04,Netherlands,,6806,Sparta Rotterdam,2003
6715,Jonathan de Guzmán,Defensive Midfield,1987-09-13,Netherlands,,6806,Sparta Rotterdam,2003
4286,Pelle Clement,Central Midfield,1996-05-19,Netherlands,,6806,Sparta Rotterdam,2003
110864,Kevin Chamorro,Goalkeeper,2000-04-08,Costa Rica,,496,Rio Ave FC,2017
114150,Cezary Miszta,Goalkeeper,2001-10-30,Poland,,496,Rio Ave FC,2017
135116,Ennio van der Gouw,Goalkeeper,2001-01-01,England,,496,Rio Ave FC,2017
4266,Omar Richards,Defence,1998-02-15,England,,496,Rio Ave FC,2017
8966,Jakub Brabec,Defence,1992-08-06,Czech Republic,,496,Rio Ave FC,2017
81950,Georgios Liavas,Defence,2001-02-12,Greece,,496,Rio Ave FC,2017
193588,Joao Tome,Defence,2003-02-12,Portugal,,496,Rio Ave FC,2017
209594,Andreas Ndoj,Defence,2003-02-02,Greece,,496,Rio Ave FC,2017
250593,Francisco Petrasso,Defence,2002-02-28,Argentina,,496,Rio Ave FC,2017
276192,Gustavo,Defence,2004-07-25,Brazil,,496,Rio Ave FC,2017
188099,Julien Lomboto,Midfield,2002-05-13,France,,496,Rio Ave FC,2017
245365,Lorent Talla,Midfield,,Kosovo,,496,Rio Ave FC,2017
246203,Diogo Oliveira,Midfield,2002-07-16,Brazil,,496,Rio Ave FC,2017
250777,Ryan Guilherme,Midfield,2002-12-07,Brazil,,496,Rio Ave FC,2017
264302,Theofanis Bakoulas,Midfield,2005-01-04,Greece,,496,Rio Ave FC,2017
264675,Antonis Papakanellos,Midfield,2005-08-11,Greece,,496,Rio Ave FC,2017
274157,Rafael Genuino,Midfield,2006-02-23,Brazil,,496,Rio Ave FC,2017
32141,Marc Gual Huguet,Offence,1996-03-13,Spain,,496,Rio Ave FC,2017
118074,Dario Špikić,Offence,1999-03-22,Croatia,,496,Rio Ave FC,2017
211519,Tobias Medina,Offence,2004-03-03,Argentina,,496,Rio Ave FC,2017
243745,Tamble Monteiro,Offence,2000-11-15,Portugal,,496,Rio Ave FC,2017
244984,Karem Zoabi,Offence,2006-05-03,Israel,,496,Rio Ave FC,2017
247235,Jalen Blesa,Offence,2001-02-05,Spain,,496,Rio Ave FC,2017
185179,Brandon Aguilera,Attacking Midfield,2003-06-28,Costa Rica,,496,Rio Ave FC,2017
185150,João Graça,Central Midfield,1995-06-18,Portugal,,496,Rio Ave FC,2017
178767,Leonardo Buta,Left-Back,2002-06-05,Portugal,,496,Rio Ave FC,2017
149940,Nelson Abbey,Centre-Back,2003-08-28,England,,496,Rio Ave FC,2017
142162,Ole Pohlmann,Central Midfield,2001-04-05,Germany,,496,Rio Ave FC,2017
111896,Tamás Nikitscher,Central Midfield,1999-11-03,Hungary,,496,Rio Ave FC,2017
15990,Marious Vrousai,Right Winger,1998-07-02,Albania,,496,Rio Ave FC,2017
214166,Amine Rehmi,Left Winger,2002-04-01,Netherlands,,496,Rio Ave FC,2017
32014,Rui Silva,Goalkeeper,1994-02-07,Portugal,,498,Sporting Clube de Portugal,2017
82207,João Virgínia,Goalkeeper,1999-10-10,Portugal,,498,Sporting Clube de Portugal,2017
178770,Diego Callai,Goalkeeper,2004-07-18,Brazil,,498,Sporting Clube de Portugal,2017
194860,Francisco Silva,Goalkeeper,2005-11-20,Portugal,,498,Sporting Clube de Portugal,2017
28770,Maximiliano Araújo,Defence,2000-02-15,Uruguay,,498,Sporting Clube de Portugal,2017
137045,Georgios Vagiannidis,Defence,2001-09-12,Greece,,498,Sporting Clube de Portugal,2017
145357,Gonçalo Inácio,Defence,2001-08-25,Portugal,,498,Sporting Clube de Portugal,2017
160926,Zeno Debast,Defence,2003-10-24,Belgium,,498,Sporting Clube de Portugal,2017
178768,Eduardo Quaresma,Defence,2002-03-02,Portugal,,498,Sporting Clube de Portugal,2017
191760,Ousmane Diomande,Defence,2003-12-04,Ivory Coast,,498,Sporting Clube de Portugal,2017
213298,Rômulo,Defence,2004-01-31,Brazil,,498,Sporting Clube de Portugal,2017
229418,Rayan Lucas,Defence,2005-01-03,Brazil,,498,Sporting Clube de Portugal,2017
242475,Bruno Ramos,Defence,2005-01-18,Brazil,,498,Sporting Clube de Portugal,2017
277088,David Moreira,Defence,2004-04-18,Portugal,,498,Sporting Clube de Portugal,2017
282381,Salvador Blopa,Defence,2007-06-13,Portugal,,498,Sporting Clube de Portugal,2017
144628,Giorgi Kochorashvili,Midfield,1999-06-29,Georgia,,498,Sporting Clube de Portugal,2017
270551,João Simões,Midfield,2007-01-06,Portugal,,498,Sporting Clube de Portugal,2017
273613,Eduardo Felicíssimo,Midfield,2007-01-08,Portugal,,498,Sporting Clube de Portugal,2017
32386,Luis Suárez,Offence,1997-12-02,Colombia,,498,Sporting Clube de Portugal,2017
37332,Trincão,Offence,1999-12-29,Portugal,,498,Sporting Clube de Portugal,2017
186459,Fotis Ioannidis,Offence,2000-01-10,Greece,,498,Sporting Clube de Portugal,2017
204124,Mauro Couto,Offence,2005-11-15,Portugal,,498,Sporting Clube de Portugal,2017
229421,Geovany Quenda,Offence,2007-04-30,Guinea-Bissau,,498,Sporting Clube de Portugal,2017
247303,Rafael Nel,Offence,2005-04-03,Portugal,,498,Sporting Clube de Portugal,2017
275336,Lucas Anjos,Offence,2004-07-07,Portugal,,498,Sporting Clube de Portugal,2017
280747,Flávio Gonçalves,Offence,2007-05-30,France,,498,Sporting Clube de Portugal,2017
283132,Souleymane Faye,Offence,2003-02-08,Senegal,,498,Sporting Clube de Portugal,2017
176840,Ivan Fresneda,Right-Back,2004-09-28,Spain,,498,Sporting Clube de Portugal,2017
128825,Geny Catamo,Right Winger,2001-01-26,Mozambique,,498,Sporting Clube de Portugal,2017
102336,Daniel Bragança,Central Midfield,1999-05-27,Portugal,,498,Sporting Clube de Portugal,2017
92050,Pedro Gonçalves,Attacking Midfield,1998-06-28,Portugal,,498,Sporting Clube de Portugal,2017
73998,Morten Hjulmand,Defensive Midfield,1999-06-25,Denmark,,498,Sporting Clube de Portugal,2017
53190,Ricardo Mangas,Left-Back,1998-03-19,Portugal,,498,Sporting Clube de Portugal,2017
49092,Hidemasa Morita,Central Midfield,1995-05-10,Japan,,498,Sporting Clube de Portugal,2017
45463,Nuno Santos,Left-Back,1995-02-13,Portugal,,498,Sporting Clube de Portugal,2017
227767,João Muniz,Centre-Back,2005-06-26,Portugal,,498,Sporting Clube de Portugal,2017
217543,Samuel Justo,Central Midfield,2004-04-02,Portugal,,498,Sporting Clube de Portugal,2017
192653,Luis Guilherme,Right Winger,2006-02-09,Brazil,,498,Sporting Clube de Portugal,2017
37362,Diogo Costa,Goalkeeper,1999-09-19,Switzerland,,503,FC Porto,2017
43598,Andorinha,Goalkeeper,1996-02-02,Portugal,,503,FC Porto,2017
45217,Cláudio Ramos,Goalkeeper,1991-11-16,Portugal,,503,FC Porto,2017
216825,Dominik Prpić,Defence,2004-05-19,Croatia,,503,FC Porto,2017
227047,Martim Fernandes,Defence,2006-01-18,Portugal,,503,FC Porto,2017
250544,Gabriel Brás,Defence,2004-03-25,Portugal,,503,FC Porto,2017
2126,Seko Fofana,Midfield,1995-05-07,France,,503,FC Porto,2017
39102,William da Silva,Midfield,2006-03-15,Brazil,,503,FC Porto,2017
221262,Victor Froholdt,Midfield,2006-02-25,Denmark,,503,FC Porto,2017
261273,Rodrigo Mora,Midfield,2007-05-05,Portugal,,503,FC Porto,2017
262669,André Oliveira,Midfield,2005-10-01,Portugal,,503,FC Porto,2017
262715,João Teixeira,Midfield,2006-04-09,Portugal,,503,FC Porto,2017
276710,Bernardo Lima,Midfield,2008-03-26,Portugal,,503,FC Porto,2017
278459,Tiago Silva,Midfield,2007-07-10,Portugal,,503,FC Porto,2017
188466,Deniz Gul,Offence,2004-07-02,Sweden,,503,FC Porto,2017
251113,Gonçalo Sousa,Offence,2006-06-30,Portugal,,503,FC Porto,2017
262708,Tiago Andrade,Offence,2005-10-21,Portugal,,503,FC Porto,2017
265174,Oskar Pietuszewski,Offence,2008-05-20,Poland,,503,FC Porto,2017
265525,Bryan Caicedo,Offence,2006-08-14,Colombia,,503,FC Porto,2017
285295,André Miranda,Offence,2007-09-25,Portugal,,503,FC Porto,2017
153629,Alan Varela,Defensive Midfield,2001-07-04,Argentina,,503,FC Porto,2017
150519,Gabriel Veiga,Central Midfield,2002-05-27,Spain,,503,FC Porto,2017
147286,Jakub Kiwior,Centre-Back,2000-02-15,Poland,,503,FC Porto,2017
127034,Borja Sainz,Left Winger,2001-02-01,Spain,,503,FC Porto,2017
125160,Zaidu Sanusi,Left-Back,1997-06-13,Nigeria,,503,FC Porto,2017
113427,Terem Moffi,Centre-Forward,1999-05-25,Nigeria,,503,FC Porto,2017
98611,Moura,Left-Back,1999-08-16,Portugal,,503,FC Porto,2017
45671,Nehuén Pérez,Centre-Back,2000-06-24,Argentina,,503,FC Porto,2017
8086,Jan Bednarek,Centre-Back,1996-04-12,Poland,,503,FC Porto,2017
7452,Luuk de Jong,Centre-Forward,1990-08-27,Switzerland,,503,FC Porto,2017
7448,Pablo Rosario,Defensive Midfield,1997-01-07,Netherlands,,503,FC Porto,2017
3224,Thiago Silva,Centre-Back,1984-09-22,Brazil,,503,FC Porto,2017
2018,Yann Karamoh,Left Winger,1998-07-08,Ivory Coast,,503,FC Porto,2017
1166,Pepê,Left Winger,1997-02-24,Brazil,,503,FC Porto,2017
215434,Samu Omorodion,Centre-Forward,,Spain,,503,FC Porto,2017
184496,Alberto Baio,Right-Back,2003-09-29,Portugal,,503,FC Porto,2017
7821,Joel Robles,Goalkeeper,1990-06-17,Spain,,582,GD Estoril Praia,2017
153884,Martin Turk,Goalkeeper,2003-08-21,Slovenia,,582,GD Estoril Praia,2017
213111,Diogo Dias,Goalkeeper,2003-06-17,Portugal,,582,GD Estoril Praia,2017
37554,Ferro,Defence,1997-03-26,Portugal,,582,GD Estoril Praia,2017
37555,Pedro Amaral,Defence,1997-08-25,Portugal,,582,GD Estoril Praia,2017
75196,Felix Bacher,Defence,2000-10-25,Austria,,582,GD Estoril Praia,2017
141472,Ricard Sánchez,Defence,2000-02-22,Spain,,582,GD Estoril Praia,2017
151006,Kévin Boma,Defence,2002-11-20,France,,582,GD Estoril Praia,2017
175853,Antef Tsoungui,Defence,2002-12-30,Belgium,,582,GD Estoril Praia,2017
185120,Gonçalo Costa,Defence,2000-02-18,Portugal,,582,GD Estoril Praia,2017
190742,Or Israelov,Defence,2004-09-02,Israel,,582,GD Estoril Praia,2017
281951,Longin Bimai,Defence,2006-02-17,France,,582,GD Estoril Praia,2017
292946,Jan Montes,Defence,2006-05-12,Spain,,582,GD Estoril Praia,2017
8569,Xeka,Midfield,1994-11-10,Portugal,,582,GD Estoril Praia,2017
16752,João Carvalho,Midfield,1997-03-09,Portugal,,582,GD Estoril Praia,2017
146983,Jandro Orellana,Midfield,2000-08-07,Spain,,582,GD Estoril Praia,2017
213075,Peixinho,Midfield,2004-05-23,Portugal,,582,GD Estoril Praia,2017
243570,Pedro Carvalho,Midfield,2003-02-14,Portugal,,582,GD Estoril Praia,2017
254264,Nodar Lominadze,Midfield,2002-04-04,Georgia,,582,GD Estoril Praia,2017
270782,Luís Gomes,Midfield,2004-04-24,Portugal,,582,GD Estoril Praia,2017
281958,Bernardo Lourenço,Midfield,2002-08-21,Portugal,,582,GD Estoril Praia,2017
189251,Khayon Edwards,Offence,2003-09-12,England,,582,GD Estoril Praia,2017
249234,André,Left Winger,2001-05-19,Portugal,,582,GD Estoril Praia,2017
141357,Alejandro Marqués,Centre-Forward,2000-08-04,Venezuela,,582,GD Estoril Praia,2017
135650,Jordan Holsgrove,Defensive Midfield,1999-09-10,Scotland,,582,GD Estoril Praia,2017
16754,Pizzi,Attacking Midfield,1989-10-06,Portugal,,582,GD Estoril Praia,2017
636,Rafik Guitane,Right Winger,1999-05-26,France,,582,GD Estoril Praia,2017
553,Yanis Begraoui,Centre-Forward,2001-07-04,France,,582,GD Estoril Praia,2017
45260,Caio Secco,Goalkeeper,1990-12-22,Brazil,,583,Moreirense FC,2017
52791,André Ferreira,Goalkeeper,1996-05-29,Portugal,,583,Moreirense FC,2017
79821,Mika,Goalkeeper,1991-03-08,Switzerland,,583,Moreirense FC,2017
179028,Michel Augusto,Defence,2003-05-20,Brazil,,583,Moreirense FC,2017
245259,Diogo Travassos,Defence,2004-03-31,Portugal,,583,Moreirense FC,2017
249408,Kevyn Monteiro,Defence,2005-09-13,Brazil,,583,Moreirense FC,2017
262652,Kiko,Defence,2002-04-16,Portugal,,583,Moreirense FC,2017
263709,Leandro Santos,Defence,2005-09-28,Portugal,,583,Moreirense FC,2017
271514,Álvaro Martínez,Defence,2002-05-04,Spain,,583,Moreirense FC,2017
178712,Vasco Sousa,Midfield,2003-04-03,Portugal,,583,Moreirense FC,2017
191408,Rodri Alonso,Midfield,2003-01-04,Spain,,583,Moreirense FC,2017
191985,Mateja Stjepanovic,Midfield,2004-02-20,Serbia,,583,Moreirense FC,2017
263535,Nile John,Midfield,2003-03-06,England,,583,Moreirense FC,2017
270448,Jimi Gower,Midfield,2004-10-01,England,,583,Moreirense FC,2017
274500,Afonso Assis,Midfield,2006-07-15,Portugal,,583,Moreirense FC,2017
291863,Miguel Silva,Midfield,2007-12-17,Portugal,,583,Moreirense FC,2017
105208,Kiko Bondoso,Offence,1995-11-17,Portugal,,583,Moreirense FC,2017
149744,Cédric Teguia,Offence,2001-10-01,Cameroon,,583,Moreirense FC,2017
211818,Luís Semedo,Offence,2003-08-11,Portugal,,583,Moreirense FC,2017
264054,Landerson,Offence,2006-12-12,Brazil,,583,Moreirense FC,2017
275027,Yan Maranhão,Offence,2002-09-13,Brazil,,583,Moreirense FC,2017
213097,Gilberto Batista,Centre-Back,2003-12-29,Guinea-Bissau,,583,Moreirense FC,2017
188084,Dinis Pinto,Right-Back,2000-08-24,Portugal,,583,Moreirense FC,2017
171328,Fabiano Silva,Right-Back,2000-03-14,Brazil,,583,Moreirense FC,2017
169237,Alanzinho,Attacking Midfield,2000-03-08,Brazil,,583,Moreirense FC,2017
13839,Maracás,Centre-Back,1994-04-27,Brazil,,583,Moreirense FC,2017
100703,Ignacio De Arruabarrena,Goalkeeper,1997-01-16,Uruguay,,712,FC Arouca,2017
102210,João Valido,Goalkeeper,2000-03-03,Portugal,,712,FC Arouca,2017
202404,Jakub Vinarčík,Goalkeeper,2005-07-11,Slovakia,,712,FC Arouca,2017
131240,Amadou Dante,Defence,2000-10-07,Mali,,712,FC Arouca,2017
140169,José Fontán,Defence,2000-02-11,Spain,,712,FC Arouca,2017
151938,Boris Popović,Defence,2000-02-26,France,,712,FC Arouca,2017
157101,Diogo Monteiro,Defence,2005-01-28,Switzerland,,712,FC Arouca,2017
216483,Omar Fayed,Defence,2003-07-04,Egypt,,712,FC Arouca,2017
275631,José Silva,Defence,2005-08-20,Portugal,,712,FC Arouca,2017
81391,Barbero,Offence,1998-08-17,Spain,,712,FC Arouca,2017
161005,Dylan Nandín,Offence,2002-02-28,Uruguay,,712,FC Arouca,2017
178782,Brian Mansilla,Offence,2002-05-14,Uruguay,,712,FC Arouca,2017
281961,Batata,Offence,2007-04-15,Portugal,,712,FC Arouca,2017
270595,Mateo Flores,Central Midfield,2004-04-07,Spain,,712,FC Arouca,2017
214415,Espen van Ee,Central Midfield,2003-07-05,Netherlands,,712,FC Arouca,2017
203446,Yellu,Central Midfield,2004-05-25,Spain,,712,FC Arouca,2017
191142,Pedro Santos,Central Midfield,2000-10-12,Portugal,,712,FC Arouca,2017
182405,Hyun-Ju Lee,Attacking Midfield,2003-02-07,South Korea,,712,FC Arouca,2017
180178,Puche,Left Winger,2001-04-30,Spain,,712,FC Arouca,2017
169128,Taichi Fukui,Central Midfield,2004-07-15,Japan,,712,FC Arouca,2017
153734,Matí­as Rocha,Centre-Back,2001-02-13,Uruguay,,712,FC Arouca,2017
152585,Fally Mayulu,Centre-Forward,2002-07-15,France,,712,FC Arouca,2017
143641,Alfonso Trezza,Right Winger,1999-06-22,Uruguay,,712,FC Arouca,2017
136929,Pablo Gozalbez,Attacking Midfield,2001-04-30,Spain,,712,FC Arouca,2017
92089,Naïs Djouahra,Left Winger,1999-11-23,France,,712,FC Arouca,2017
80899,Javi Sánchez,Centre-Back,1997-03-14,Spain,,712,FC Arouca,2017
53121,Tiago Esgaio,Right-Back,1995-08-01,Portugal,,712,FC Arouca,2017
21132,David Simão,Central Midfield,1990-05-15,France,,712,FC Arouca,2017
7620,Bas Kuipers,Left-Back,1994-08-17,Netherlands,,712,FC Arouca,2017
152461,Lucas Cañizars,Goalkeeper,2002-05-10,Spain,,1049,CD Tondela,2017
182049,Bernardo Fontes,Goalkeeper,2002-07-23,Brazil,,1049,CD Tondela,2017
263552,Gabriel Souza,Goalkeeper,1997-01-01,Brazil,,1049,CD Tondela,2017
281728,Rodrigo Silva,Goalkeeper,2009-05-09,Portugal,,1049,CD Tondela,2017
32288,João Afonso,Defence,1990-05-28,Portugal,,1049,CD Tondela,2017
45331,Bebeto,Defence,1990-01-01,Brazil,,1049,CD Tondela,2017
98947,Rodrigo Conceição,Defence,2000-01-02,Portugal,,1049,CD Tondela,2017
146970,Christian Marques,Defence,2003-01-15,Switzerland,,1049,CD Tondela,2017
166113,Emmanuel Maviram,Defence,2001-04-04,Nigeria,,1049,CD Tondela,2017
171329,Tiago Manso,Defence,1999-12-13,Portugal,,1049,CD Tondela,2017
178447,Brayan Medina,Defence,2002-03-04,Colombia,,1049,CD Tondela,2017
187212,Joao Silva,Defence,1999-01-14,Portugal,,1049,CD Tondela,2017
281956,Tomás Brito,Defence,2007-09-13,Portugal,,1049,CD Tondela,2017
82672,Benjamin Mbunga-Kimpioka,Midfield,2000-02-21,Sweden,,1049,CD Tondela,2017
133788,Sphephelo Sithole,Midfield,1999-03-03,South Africa,,1049,CD Tondela,2017
167273,Helder Tavares,Midfield,1989-12-26,Portugal,,1049,CD Tondela,2017
204143,Hugo Félix,Midfield,2004-03-03,Portugal,,1049,CD Tondela,2017
243612,Cícero,Midfield,1997-05-10,Brazil,,1049,CD Tondela,2017
262938,Juan Rodríguez,Midfield,2006-03-27,Ecuador,,1049,CD Tondela,2017
102355,Arjen van der Heide,Offence,2001-11-19,Netherlands,,1049,CD Tondela,2017
179588,Sie Ouattara,Offence,2002-05-20,Ivory Coast,,1049,CD Tondela,2017
242516,Pedro Maranhão,Offence,1999-03-02,Brazil,,1049,CD Tondela,2017
255930,Makan Aïko,Left Winger,2001-01-07,France,,1049,CD Tondela,2017
251133,Xabi Huarte,Attacking Midfield,2001-02-25,Spain,,1049,CD Tondela,2017
188926,Joe Hodge,Defensive Midfield,2004-06-05,England,,1049,CD Tondela,2017
148272,Rémy Vita,Left-Back,2001-04-01,France,,1049,CD Tondela,2017
8758,Rony Lopes,Right Winger,1995-12-28,Brazil,,1049,CD Tondela,2017
812,Jordan Siebatcheu,Centre-Forward,1996-04-26,USA,,1049,CD Tondela,2017
111481,Anatolii Trubin,Goalkeeper,2001-08-01,Ukraine,,1903,Sport Lisboa e Benfica,2017
153846,Samuel Soares,Goalkeeper,2002-06-15,Portugal,,1903,Sport Lisboa e Benfica,2017
273525,Diogo Ferreira,Goalkeeper,2007-02-10,Portugal,,1903,Sport Lisboa e Benfica,2017
282866,Arnas Voitinovičius,Goalkeeper,2006-08-30,Lithuania,,1903,Sport Lisboa e Benfica,2017
3205,Nicolás Otamendi,Defence,1988-02-12,Argentina,,1903,Sport Lisboa e Benfica,2017
81816,Amar Dedić,Defence,2002-08-18,Austria,,1903,Sport Lisboa e Benfica,2017
177842,Tomas Araujo,Defence,2002-05-16,Portugal,,1903,Sport Lisboa e Benfica,2017
209178,Sidny Lopes Cabral,Defence,2002-09-18,Netherlands,,1903,Sport Lisboa e Benfica,2017
262709,João Fonseca,Defence,2006-08-31,Portugal,,1903,Sport Lisboa e Benfica,2017
262714,Joshua Wynder,Defence,2005-05-02,USA,,1903,Sport Lisboa e Benfica,2017
262856,Gonçalo Oliveira,Defence,2006-07-04,Portugal,,1903,Sport Lisboa e Benfica,2017
273524,Kevin Pinto,Defence,2006-09-23,Portugal,,1903,Sport Lisboa e Benfica,2017
282871,Daniel Banjaqui,Defence,2008-03-24,Portugal,,1903,Sport Lisboa e Benfica,2017
289781,José Neto,Defence,2008-04-19,Portugal,,1903,Sport Lisboa e Benfica,2017
8128,Dodi Lukebakio,Midfield,1997-09-24,Belgium,,1903,Sport Lisboa e Benfica,2017
38088,Fredrik Aursnes,Midfield,1995-12-10,Norway,,1903,Sport Lisboa e Benfica,2017
151558,Heorhii Sudakov,Midfield,2002-09-01,Ukraine,,1903,Sport Lisboa e Benfica,2017
170657,Richard Rios,Midfield,2000-06-02,Colombia,,1903,Sport Lisboa e Benfica,2017
183643,Franjo Ivanovic,Midfield,2003-10-01,Austria,,1903,Sport Lisboa e Benfica,2017
246194,Diogo Prioste,Midfield,2004-03-26,Portugal,,1903,Sport Lisboa e Benfica,2017
262645,João Veloso,Midfield,2005-06-26,Portugal,,1903,Sport Lisboa e Benfica,2017
275555,Tiago Freitas,Midfield,2006-08-17,Portugal,,1903,Sport Lisboa e Benfica,2017
282868,Miguel Figueiredo,Midfield,2008-08-02,Portugal,,1903,Sport Lisboa e Benfica,2017
16748,Rafa Silva,Offence,1993-05-17,Portugal,,1903,Sport Lisboa e Benfica,2017
67299,Vangelis Pavlidis,Offence,1998-11-21,Greece,,1903,Sport Lisboa e Benfica,2017
157796,Andreas Schjelderup,Offence,2004-06-01,Norway,,1903,Sport Lisboa e Benfica,2017
251296,João Rêgo,Offence,2005-06-20,Portugal,,1903,Sport Lisboa e Benfica,2017
263708,Rodrigo Rêgo,Offence,2005-01-03,Portugal,,1903,Sport Lisboa e Benfica,2017
282872,Gonçalo Moreira,Offence,2006-01-03,Portugal,,1903,Sport Lisboa e Benfica,2017
291341,Anísio Cabral,Offence,2008-02-15,Portugal,,1903,Sport Lisboa e Benfica,2017
182123,Gianluca Prestianni,Right Winger,2006-01-31,Argentina,,1903,Sport Lisboa e Benfica,2017
177322,Henrique Araujo,Centre-Forward,2002-01-19,Portugal,,1903,Sport Lisboa e Benfica,2017
175753,Samuel Dahl,Left-Back,2003-03-04,Sweden,,1903,Sport Lisboa e Benfica,2017
158894,Enzo Barrenechea,Defensive Midfield,2001-05-22,Argentina,,1903,Sport Lisboa e Benfica,2017
82403,Leandro Barreiro Martins,Central Midfield,2000-01-03,Luxembourg,,1903,Sport Lisboa e Benfica,2017
70583,Alexander Bah,Right-Back,1997-12-09,Denmark,,1903,Sport Lisboa e Benfica,2017
9553,Bruma,Left Winger,1994-10-24,Guinea-Bissau,,1903,Sport Lisboa e Benfica,2017
194008,Manu Silva,Defensive Midfield,2001-06-12,Portugal,,1903,Sport Lisboa e Benfica,2017
185610,Antonio Silva,Centre-Back,2003-10-31,Portugal,,1903,Sport Lisboa e Benfica,2017
1232,Lucas França,Goalkeeper,1996-01-19,Brazil,,5529,CD Nacional,2017
178927,Kaique,Goalkeeper,2003-04-16,Brazil,,5529,CD Nacional,2017
229282,Cesar Augusto,Goalkeeper,2003-08-23,Brazil,,5529,CD Nacional,2017
249175,Kevyn,Goalkeeper,2005-07-01,Brazil,,5529,CD Nacional,2017
1437,Léo Santos,Defence,1998-12-09,Brazil,,5529,CD Nacional,2017
37727,Ivanildo Fernandes,Defence,1996-03-26,Portugal,,5529,CD Nacional,2017
169570,Zé Vitor,Defence,2001-02-09,Brazil,,5529,CD Nacional,2017
181512,Ulisses,Defence,1999-09-28,Brazil,,5529,CD Nacional,2017
183093,Alan Nunez,Defence,2004-10-01,Paraguay,,5529,CD Nacional,2017
231219,Francisco Gonçalves,Defence,2004-03-05,Portugal,,5529,CD Nacional,2017
243604,José Gomes,Defence,1996-07-20,Portugal,,5529,CD Nacional,2017
37447,João Aurélio,Midfield,1988-08-17,Portugal,,5529,CD Nacional,2017
45304,André Sousa,Midfield,1990-07-09,Portugal,,5529,CD Nacional,2017
147456,Miguel Baeza,Midfield,2000-03-27,Spain,,5529,CD Nacional,2017
169258,Paulinho Bóia,Midfield,1998-06-26,Brazil,,5529,CD Nacional,2017
179837,Matheus Dias,Midfield,2002-05-09,Brazil,,5529,CD Nacional,2017
181585,Daniel Jr.,Midfield,2002-05-09,Brazil,,5529,CD Nacional,2017
242472,Martim Watts,Midfield,2005-07-14,Portugal,,5529,CD Nacional,2017
243620,Jota Garcês,Midfield,1993-03-07,Portugal,,5529,CD Nacional,2017
270035,Chiheb Labidi,Midfield,2001-06-01,Tunisia,,5529,CD Nacional,2017
280035,Deivison,Midfield,2006-05-04,Brazil,,5529,CD Nacional,2017
1362,Liziero,Offence,1998-02-07,Brazil,,5529,CD Nacional,2017
11541,Lucas João,Offence,1993-09-04,Portugal,,5529,CD Nacional,2017
37194,Witi,Offence,1996-08-26,Mozambique,,5529,CD Nacional,2017
169080,Gabriel Veron,Offence,2002-09-03,Brazil,,5529,CD Nacional,2017
188085,Chuchu,Offence,1998-05-04,Venezuela,,5529,CD Nacional,2017
218644,Pablo Ruan,Offence,2003-02-01,Brazil,,5529,CD Nacional,2017
188089,Joel Silva,Central Midfield,2003-02-11,Portugal,,5529,CD Nacional,2017
43565,Filipe Soares,Attacking Midfield,1999-05-20,Portugal,,5529,CD Nacional,2017
809,Lenny Vallier,Left-Back,1999-04-24,France,,5529,CD Nacional,2017
1528,Gabriel Batista,Goalkeeper,1998-06-03,Brazil,,5530,CD Santa Clara,2017
151951,Cristian,Goalkeeper,2002-02-25,Brazil,,5530,CD Santa Clara,2017
181527,Neneca,Goalkeeper,2003-08-27,Brazil,,5530,CD Santa Clara,2017
245889,João Afonso,Goalkeeper,2007-04-30,Portugal,,5530,CD Santa Clara,2017
11524,Frederico Venâncio,Defence,1993-02-04,Portugal,,5530,CD Santa Clara,2017
32569,Pedro Pacheco,Defence,1997-01-27,Portugal,,5530,CD Santa Clara,2017
165583,Paulo Victor,Defence,2001-04-13,Brazil,,5530,CD Santa Clara,2017
169655,Guilherme Romão,Defence,1997-10-07,Brazil,,5530,CD Santa Clara,2017
178743,Diogo Calila,Defence,1998-10-10,Portugal,,5530,CD Santa Clara,2017
181619,Matheus Nunes,Defence,2001-03-01,Brazil,,5530,CD Santa Clara,2017
243594,Sidney Lima,Defence,1997-01-17,Brazil,,5530,CD Santa Clara,2017
264159,Evertow,Defence,2007-02-01,Brazil,,5530,CD Santa Clara,2017
278473,Italo Cabelinho,Defence,2004-02-27,Brazil,,5530,CD Santa Clara,2017
278476,Henrique Silva,Defence,2005-10-17,Brazil,,5530,CD Santa Clara,2017
282356,Rodrigo Mendes,Defence,2005-04-22,Portugal,,5530,CD Santa Clara,2017
290427,Luiz Otavio,Defence,2007-01-23,Brazil,,5530,CD Santa Clara,2017
290871,José Franco,Defence,2007-03-21,Portugal,,5530,CD Santa Clara,2017
37393,Serginho,Midfield,1999-12-01,Portugal,,5530,CD Santa Clara,2017
80878,Pedro Ferreira,Midfield,1998-01-05,Portugal,,5530,CD Santa Clara,2017
115128,Darlan Mendes,Midfield,1998-04-16,Brazil,,5530,CD Santa Clara,2017
176614,Isaac,Midfield,2004-03-21,Brazil,,5530,CD Santa Clara,2017
179772,Andrey,Midfield,2002-02-06,Brazil,,5530,CD Santa Clara,2017
185110,Klismahn,Midfield,1999-11-23,Brazil,,5530,CD Santa Clara,2017
193668,Vitinho,Midfield,2003-03-25,Brazil,,5530,CD Santa Clara,2017
278474,José Tavares,Midfield,2003-06-02,Cape Verde Islands,,5530,CD Santa Clara,2017
289588,Melvin Costa,Midfield,2004-03-31,Portugal,,5530,CD Santa Clara,2017
289589,Tiago Queiroz,Midfield,2005-11-01,Portugal,,5530,CD Santa Clara,2017
118015,Vinícius,Offence,1999-05-07,Brazil,,5530,CD Santa Clara,2017
124982,Lucas Soares,Offence,1998-05-04,Brazil,,5530,CD Santa Clara,2017
129463,Welinton,Offence,1999-06-30,Brazil,,5530,CD Santa Clara,2017
168766,Gabriel Silva,Offence,2002-03-22,Brazil,,5530,CD Santa Clara,2017
168871,Elias Manoel,Offence,2001-11-30,Brazil,,5530,CD Santa Clara,2017
181456,Brenner,Offence,2002-01-02,Brazil,,5530,CD Santa Clara,2017
227024,Luis Fernando,Offence,2005-04-12,Brazil,,5530,CD Santa Clara,2017
261163,João Costa,Offence,2000-03-07,Portugal,,5530,CD Santa Clara,2017
274919,Vital Maia,Offence,2007-02-17,Portugal,,5530,CD Santa Clara,2017
276960,Adriel,Offence,2005-12-06,Brazil,,5530,CD Santa Clara,2017
287899,Tiago Duarte,Offence,2004-05-01,Portugal,,5530,CD Santa Clara,2017
15919,Gonçalo Paciência,Centre-Forward,1994-08-01,Portugal,,5530,CD Santa Clara,2017
37556,Ivan Zlobin,Goalkeeper,1997-03-07,Russia,,5531,FC Famalicão,2017
176011,Lazar Carevic,Goalkeeper,1999-03-16,Montenegro,,5531,FC Famalicão,2017
264463,Gabriel Cabral,Goalkeeper,2003-04-19,Brazil,,5531,FC Famalicão,2017
1785,Gil Dias,Defence,1996-09-28,Portugal,,5531,FC Famalicão,2017
11587,Rafa Soares,Defence,1995-05-09,Portugal,,5531,FC Famalicão,2017
112965,Leonardo Realpe,Defence,2001-02-26,Ecuador,,5531,FC Famalicão,2017
126147,Rodrigo Pinheiro,Defence,2002-08-28,Portugal,,5531,FC Famalicão,2017
169260,Gustavo Garcia,Defence,2002-01-04,Brazil,,5531,FC Famalicão,2017
213107,Pedro,Defence,2004-11-16,Angola,,5531,FC Famalicão,2017
217397,Vojin Serafimović,Defence,2005-10-14,Serbia,,5531,FC Famalicão,2017
221571,Ibrahima Ba,Defence,2003-09-03,Senegal,,5531,FC Famalicão,2017
276284,Renan,Defence,2005-03-13,Brazil,,5531,FC Famalicão,2017
286283,Matheus Mattara,Defence,2006-09-01,Brazil,,5531,FC Famalicão,2017
7533,Tommie van de Looi,Midfield,1999-07-02,Netherlands,,5531,FC Famalicão,2017
182916,Otar Mamageishvili,Midfield,2003-01-15,Georgia,,5531,FC Famalicão,2017
207131,Marcos Peña,Midfield,2005-01-22,Spain,,5531,FC Famalicão,2017
213102,Rodrigo Ribeiro,Midfield,2006-05-26,Portugal,,5531,FC Famalicão,2017
215432,Mathias De Amorin,Midfield,2004-12-10,France,,5531,FC Famalicão,2017
272442,Gonzalo Pastor,Midfield,2006-03-20,Spain,,5531,FC Famalicão,2017
287935,Lamine Beye,Midfield,2007-05-17,Senegal,,5531,FC Famalicão,2017
45511,Rochinha,Offence,1995-05-03,Portugal,,5531,FC Famalicão,2017
206657,Romeo Beney,Offence,2005-01-19,Switzerland,,5531,FC Famalicão,2017
262588,Pedro Santos,Offence,2003-02-10,Portugal,,5531,FC Famalicão,2017
280680,Umar Abubakar,Offence,2006-02-15,Nigeria,,5531,FC Famalicão,2017
292393,Rudi Almeida,Offence,2005-03-19,Portugal,,5531,FC Famalicão,2017
191017,Antoine Joujou,Left Winger,2003-03-12,France,,5531,FC Famalicão,2017
187280,Gustavo Sa,Attacking Midfield,2004-11-11,Portugal,,5531,FC Famalicão,2017
169412,Marcos Vinicios,Left Winger,2001-02-23,Brazil,,5531,FC Famalicão,2017
154741,Óscar Aranda,Left Winger,2002-04-29,Spain,,5531,FC Famalicão,2017
147884,Simon Elisor,Centre-Forward,1999-07-22,France,,5531,FC Famalicão,2017
97367,Justin de Haas,Centre-Back,2000-02-01,Netherlands,,5531,FC Famalicão,2017
128746,Lucão,Goalkeeper,2001-02-26,Brazil,,5533,Gil Vicente FC,2017
171325,Daniel Figueira,Goalkeeper,1998-07-20,Portugal,,5533,Gil Vicente FC,2017
184454,Andre Picornell,Goalkeeper,2004-04-03,Sweden,,5533,Gil Vicente FC,2017
37432,Ghislain Konan,Defence,1995-12-27,Ivory Coast,,5533,Gil Vicente FC,2017
160445,Marvin Elimbi,Defence,2003-02-20,France,,5533,Gil Vicente FC,2017
204139,Jonathan Mutombo Mawesi,Defence,2002-08-27,France,,5533,Gil Vicente FC,2017
98160,Sergio Bermejo,Midfield,1997-08-17,Spain,,5533,Gil Vicente FC,2017
157367,Luís Esteves,Midfield,1998-04-09,Portugal,,5533,Gil Vicente FC,2017
205576,Martín Fernández Benítez,Midfield,2003-06-23,Uruguay,,5533,Gil Vicente FC,2017
218939,Bassco Soyer,Midfield,2006-10-17,Peru,,5533,Gil Vicente FC,2017
260041,Agustin Moreira,Midfield,2001-05-28,Uruguay,,5533,Gil Vicente FC,2017
262713,Gil Martins,Midfield,2006-05-12,Portugal,,5533,Gil Vicente FC,2017
263792,Gui Beleza,Midfield,2006-12-09,Portugal,,5533,Gil Vicente FC,2017
267932,Mohamed Bamba,Midfield,2004-10-08,Ivory Coast,,5533,Gil Vicente FC,2017
275268,Diogo Costa,Midfield,2003-05-04,Portugal,,5533,Gil Vicente FC,2017
278446,Rodrigo Rodrigues,Midfield,2007-12-06,Portugal,,5533,Gil Vicente FC,2017
284048,Gonçalo Maia,Midfield,2005-11-30,Portugal,,5533,Gil Vicente FC,2017
32309,Héctor Hernández,Offence,1995-09-14,Spain,,5533,Gil Vicente FC,2017
143820,Carlos Eduardo,Offence,2002-08-10,Brazil,,5533,Gil Vicente FC,2017
144710,Joelson Fernandes,Offence,2003-02-28,Guinea-Bissau,,5533,Gil Vicente FC,2017
252836,Gustavo Varela,Offence,2005-01-30,Portugal,,5533,Gil Vicente FC,2017
180125,Santi García,Attacking Midfield,2001-08-29,Spain,,5533,Gil Vicente FC,2017
177301,Tidjany Touré,Left Winger,2002-07-15,France,,5533,Gil Vicente FC,2017
153579,Facundo Cáseres,Central Midfield,2001-05-28,Argentina,,5533,Gil Vicente FC,2017
146361,Weverson,Left-Back,2000-07-05,Brazil,,5533,Gil Vicente FC,2017
141483,José Carlos,Right-Back,1998-07-31,Portugal,,5533,Gil Vicente FC,2017
37160,Murilo,Right Winger,1994-10-31,Brazil,,5533,Gil Vicente FC,2017
9125,Jonathan Buatu,Centre-Back,1993-09-27,Belgium,,5533,Gil Vicente FC,2017
245428,Arthur Tchaptchet,Centre-Back,2006-05-10,France,,5533,Gil Vicente FC,2017
213131,Heverton Santos,Right-Back,2001-02-01,Brazil,,5533,Gil Vicente FC,2017
211848,Antonio Espigares,Centre-Back,2004-09-05,Spain,,5533,Gil Vicente FC,2017
188094,Zé Carlos,Right-Back,2001-10-30,Portugal,,5533,Gil Vicente FC,2017
45324,Charles Silva,Goalkeeper,1994-02-04,Brazil,,5543,Vitória SC,2017
203374,Lucas Furtado,Goalkeeper,2005-03-09,Brazil,,5543,Vitória SC,2017
204127,Gui,Goalkeeper,2006-05-13,Portugal,,5543,Vitória SC,2017
246248,Juan Castillo,Goalkeeper,2003-01-13,Colombia,,5543,Vitória SC,2017
28976,Orest Lebedenko,Defence,1998-09-23,Ukraine,,5543,Vitória SC,2017
177044,Joao Mendes,Defence,2000-04-13,Portugal,,5543,Vitória SC,2017
180163,Óscar Rivas,Defence,2000-03-27,Spain,,5543,Vitória SC,2017
243705,Ricardo Rocha,Defence,2003-09-07,Portugal,,5543,Vitória SC,2017
262361,Diogo Lobão,Defence,2006-01-20,Portugal,,5543,Vitória SC,2017
274548,Thiago Balieiro,Defence,2003-02-23,Brazil,,5543,Vitória SC,2017
290177,André Oliveira,Defence,2006-02-15,Portugal,,5543,Vitória SC,2017
293863,Francisco Dias,Defence,2002-10-23,Portugal,,5543,Vitória SC,2017
45514,Samu,Midfield,1996-04-21,Portugal,,5543,Vitória SC,2017
145346,Telmo Arcanjo,Midfield,2001-06-21,Portugal,,5543,Vitória SC,2017
280042,Matija Mitrović,Midfield,2004-12-12,Serbia,,5543,Vitória SC,2017
292315,Zeega,Midfield,2008-11-05,Portugal,,5543,Vitória SC,2017
295512,Hugo Nunes,Midfield,2002-02-15,Portugal,,5543,Vitória SC,2017
149724,Alioune Ndoye,Offence,2001-10-05,Senegal,,5543,Vitória SC,2017
170076,Fabio Blanco,Offence,2004-02-18,Spain,,5543,Vitória SC,2017
243569,Gustavo Silva,Offence,1999-06-01,Brazil,,5543,Vitória SC,2017
262363,Miguel Nogueira,Offence,2005-02-27,Portugal,,5543,Vitória SC,2017
280039,Oumar Camara,Offence,2007-05-11,France,,5543,Vitória SC,2017
281959,Noah Saviolo,Offence,2004-03-07,Belgium,,5543,Vitória SC,2017
284497,Ejike Opara,Offence,2005-07-05,Nigeria,,5543,Vitória SC,2017
289174,Guilherme Paula,Offence,2004-06-12,Portugal,,5543,Vitória SC,2017
204259,Anthony Strata,Right-Back,2004-09-07,France,,5543,Vitória SC,2017
191259,Beni,Central Midfield,2002-05-21,Angola,,5543,Vitória SC,2017
191013,Goncalo Nogueira,Central Midfield,2003-12-28,Portugal,,5543,Vitória SC,2017
185139,Miguel Nóbrega,Centre-Back,2000-04-17,Portugal,,5543,Vitória SC,2017
171351,Miguel Magalhães,Right-Back,2002-11-16,Portugal,,5543,Vitória SC,2017
28243,Rodrigo Abascal,Centre-Back,1994-01-14,Uruguay,,5543,Vitória SC,2017
4003,Nélson Oliveira,Centre-Forward,1991-08-08,Portugal,,5543,Vitória SC,2017
37817,Tiago Sá,Goalkeeper,1995-01-11,Portugal,,5613,Sporting Clube de Braga,2017
146753,Lukáš Horníček,Goalkeeper,2002-07-13,Czech Republic,,5613,Sporting Clube de Braga,2017
172575,Alaa Bellaarouch,Goalkeeper,2002-02-01,Morocco,,5613,Sporting Clube de Braga,2017
275026,João Carvalho,Goalkeeper,2004-04-09,Portugal,,5613,Sporting Clube de Braga,2017
294815,Romário Cunha,Goalkeeper,2008-03-21,Portugal,,5613,Sporting Clube de Braga,2017
146987,Bright Arrey-Mbi,Defence,2003-03-26,Germany,,5613,Sporting Clube de Braga,2017
166538,Gustaf Lagerbielke,Defence,2000-04-10,Sweden,,5613,Sporting Clube de Braga,2017
180150,Victor Gómez,Defence,2000-04-01,Spain,,5613,Sporting Clube de Braga,2017
180320,Adrian Barišić,Defence,2001-07-19,Bosnia-Herzegovina,,5613,Sporting Clube de Braga,2017
246367,Nuno Matos,Defence,2004-10-04,Portugal,,5613,Sporting Clube de Braga,2017
265148,Jonatás Noro,Defence,2005-07-09,Portugal,,5613,Sporting Clube de Braga,2017
281002,Yanis Da Rocha,Defence,2004-05-10,France,,5613,Sporting Clube de Braga,2017
287981,Fodé Pascoal,Defence,2004-12-26,Guinea-Bissau,,5613,Sporting Clube de Braga,2017
294814,Afonso Sousa,Defence,2007-04-17,Portugal,,5613,Sporting Clube de Braga,2017
404,Florian Grillitsch,Midfield,1995-08-07,Austria,,5613,Sporting Clube de Braga,2017
121007,Rodrigo Zalazar,Midfield,1999-08-12,Uruguay,,5613,Sporting Clube de Braga,2017
172912,Demir Tiknaz,Midfield,2004-08-17,Turkey,,5613,Sporting Clube de Braga,2017
178756,Jean-Baptiste Gorby,Midfield,2002-07-25,France,,5613,Sporting Clube de Braga,2017
180185,Gabriel Martínez,Midfield,2003-01-22,Spain,,5613,Sporting Clube de Braga,2017
186516,Mario Dorgeles,Midfield,2004-08-07,Ivory Coast,,5613,Sporting Clube de Braga,2017
273888,Diego Rodrigues,Midfield,2005-05-24,Portugal,,5613,Sporting Clube de Braga,2017
275993,Vasconcelos,Midfield,2005-02-26,Portugal,,5613,Sporting Clube de Braga,2017
291820,António Gil,Midfield,2008-01-08,Portugal,,5613,Sporting Clube de Braga,2017
294552,Luisinho,Midfield,2006-08-16,Portugal,,5613,Sporting Clube de Braga,2017
102579,Fran Navarro,Offence,1998-02-03,Spain,,5613,Sporting Clube de Braga,2017
137515,Amine El Ouazzani,Offence,2001-07-15,France,,5613,Sporting Clube de Braga,2017
206816,Rodrigo Mordomo,Offence,2004-12-08,Portugal,,5613,Sporting Clube de Braga,2017
247293,Samy Merheg,Offence,2006-12-06,Colombia,,5613,Sporting Clube de Braga,2017
275538,Sandro Vidigal,Offence,2007-07-28,Portugal,,5613,Sporting Clube de Braga,2017
286765,João Aragão,Offence,2008-03-24,Portugal,,5613,Sporting Clube de Braga,2017
144579,Pau Victor Delgado,Centre-Forward,2001-11-26,Spain,,5613,Sporting Clube de Braga,2017
45401,Ricardo Horta,Left Winger,1994-09-15,Portugal,,5613,Sporting Clube de Braga,2017
33339,Paulo Oliveira,Centre-Back,1992-01-08,Portugal,,5613,Sporting Clube de Braga,2017
13911,Vitor Carvalho,Defensive Midfield,1997-05-27,Brazil,,5613,Sporting Clube de Braga,2017
3249,João Moutinho,Central Midfield,1986-09-08,Portugal,,5613,Sporting Clube de Braga,2017
469,Sikou Niakaté,Centre-Back,1999-07-10,France,,5613,Sporting Clube de Braga,2017
210468,Moscardo,Defensive Midfield,2005-09-28,Brazil,,5613,Sporting Clube de Braga,2017
185146,Leonardo Lelo,Left-Back,2000-03-30,Portugal,,5613,Sporting Clube de Braga,2017
33894,Patrick Sequeira,Goalkeeper,1999-03-01,Costa Rica,,6618,Casa Pia AC,2017
77869,Ricardo Batista,Goalkeeper,1986-11-19,Portugal,,6618,Casa Pia AC,2017
185131,Rodrigo Moura,Goalkeeper,1996-01-25,Brazil,,6618,Casa Pia AC,2017
246140,Ivan Mandić,Goalkeeper,2003-03-10,Croatia,,6618,Casa Pia AC,2017
37728,Abdu Conté,Defence,1998-03-24,Guinea-Bissau,,6618,Casa Pia AC,2017
99358,Kaique Rocha,Defence,2001-02-28,Brazil,,6618,Casa Pia AC,2017
138218,David Sousa,Defence,2001-07-04,Brazil,,6618,Casa Pia AC,2017
171386,Joao Goulart,Defence,2000-01-27,Portugal,,6618,Casa Pia AC,2017
263516,Pedro Rosas,Defence,2000-11-28,Portugal,,6618,Casa Pia AC,2017
274982,Kaly,Defence,2003-11-27,Angola,,6618,Casa Pia AC,2017
45116,Jérémy Livolant,Midfield,1998-01-09,France,,6618,Casa Pia AC,2017
136091,Kelian Nsona Wa Saka,Midfield,2002-05-11,France,,6618,Casa Pia AC,2017
165916,Xander Severina,Midfield,2001-04-12,Netherlands,,6618,Casa Pia AC,2017
294326,Abdu Dafe,Midfield,2008-06-10,Portugal,,6618,Casa Pia AC,2017
144580,Claudio Mendes,Offence,2000-12-08,Spain,,6618,Casa Pia AC,2017
175919,Dailon Rocha Livramento,Offence,2001-05-04,Netherlands,,6618,Casa Pia AC,2017
218361,Korede Osundina,Offence,2004-02-13,USA,,6618,Casa Pia AC,2017
270882,Kevin Prieto,Offence,2003-06-27,Uruguay,,6618,Casa Pia AC,2017
204134,Kiki Silva,Right Winger,1998-02-14,Portugal,,6618,Casa Pia AC,2017
190876,Joao Marques,Left Winger,2002-02-13,Portugal,,6618,Casa Pia AC,2017
171553,Iyad Mohamed,Defensive Midfield,2001-10-29,Comoros,,6618,Casa Pia AC,2017
150925,Tiago Fonseca Morais,Left Winger,2003-09-03,Portugal,,6618,Casa Pia AC,2017
126877,Larra,Right-Back,1997-12-17,Spain,,6618,Casa Pia AC,2017
126156,Rafael Brito,Defensive Midfield,2002-01-19,Portugal,,6618,Casa Pia AC,2017
45303,Geraldes,Right-Back,1991-05-02,Portugal,,6618,Casa Pia AC,2017
39959,Lawrence Ofori,Central Midfield,1998-06-28,Ghana,,6618,Casa Pia AC,2017
14003,Cassiano,Centre-Forward,1989-06-16,Brazil,,6618,Casa Pia AC,2017
11702,Sebastián Pérez,Defensive Midfield,1993-03-29,Colombia,,6618,Casa Pia AC,2017
3245,José Fonte,Centre-Back,1983-12-22,Portugal,,6618,Casa Pia AC,2017
146351,Matheus Mendes,Goalkeeper,1999-03-10,Brazil,,7822,FC Alverca,2017
151205,André Paulo,Goalkeeper,1996-12-18,Portugal,,7822,FC Alverca,2017
154616,Mateus Oliveira,Goalkeeper,2002-05-02,Brazil,,7822,FC Alverca,2017
192010,Andre Gomes,Goalkeeper,2004-10-20,Portugal,,7822,FC Alverca,2017
246741,Francisco Chissumba,Defence,2005-05-29,Portugal,,7822,FC Alverca,2017
249393,Diogo Spencer,Defence,2004-04-17,Portugal,,7822,FC Alverca,2017
253528,Julian Martinez,Defence,2003-12-01,Honduras,,7822,FC Alverca,2017
264461,Isaac James,Defence,2004-08-28,Nigeria,,7822,FC Alverca,2017
280267,Ikker Julian,Defence,2005-07-07,Belgium,,7822,FC Alverca,2017
18602,Rhaldney,Midfield,1998-11-20,Brazil,,7822,FC Alverca,2017
30052,Lincoln,Midfield,1998-11-07,Brazil,,7822,FC Alverca,2017
110897,Sabit Abdulai,Midfield,1999-05-11,Ghana,,7822,FC Alverca,2017
169646,Lucas Figueiredo,Midfield,2001-08-14,Brazil,,7822,FC Alverca,2017
178839,Kaiky Marques,Midfield,2002-05-08,Brazil,,7822,FC Alverca,2017
263600,Vasco Moreira,Midfield,2001-05-07,Portugal,,7822,FC Alverca,2017
280296,Davy Gui,Midfield,2006-06-15,Ivory Coast,,7822,FC Alverca,2017
281159,Kauan,Midfield,2005-04-26,Brazil,,7822,FC Alverca,2017
281452,Abderrahmane Soumare,Midfield,2006-11-11,Mauritania,,7822,FC Alverca,2017
290806,Zakaria Kassary,Midfield,2006-01-25,Morocco,,7822,FC Alverca,2017
37269,Sandro Lima,Offence,1990-10-28,Brazil,,7822,FC Alverca,2017
172231,Marko Milovanovic,Offence,2003-08-04,Serbia,,7822,FC Alverca,2017
179607,Mathis Clairicia,Offence,2002-08-30,France,,7822,FC Alverca,2017
203421,Nabil,Offence,2001-02-01,Spain,,7822,FC Alverca,2017
248958,Fabrício Garcia,Offence,2001-05-04,Cape Verde Islands,,7822,FC Alverca,2017
267815,Felipe Lima,Offence,2006-04-17,Brazil,,7822,FC Alverca,2017
280037,Cédric Nuozzi,Offence,2006-01-30,Belgium,,7822,FC Alverca,2017
176854,Tomas Mendes,Central Midfield,2004-11-21,Spain,,7822,FC Alverca,2017
137985,Chiquinho,Left Winger,2000-02-05,Portugal,,7822,FC Alverca,2017
103003,Stéphane Diarra,Right Winger,1998-12-09,Ivory Coast,,7822,FC Alverca,2017
33620,Sergi Gómez,Centre-Back,1992-03-28,Spain,,7822,FC Alverca,2017
214507,Bastien Meupiyou Menadjou,Centre-Back,2006-03-19,France,,7822,FC Alverca,2017
212863,Steven Baseya,Centre-Back,2005-01-14,France,,7822,FC Alverca,2017
45159,Renan Ribeiro,Goalkeeper,1990-03-23,Brazil,,9136,CF Estrela da Amadora,2017
202181,Diogo Pinto,Goalkeeper,2004-06-18,Portugal,,9136,CF Estrela da Amadora,2017
202975,Dudu,Goalkeeper,1999-02-10,Germany,,9136,CF Estrela da Amadora,2017
231213,David Grilo,Goalkeeper,1996-08-13,Portugal,,9136,CF Estrela da Amadora,2017
80875,Jefferson Encada,Defence,1998-04-17,Guinea-Bissau,,9136,CF Estrela da Amadora,2017
122432,Kevin Höög-Jansson,Defence,2000-09-29,Belgium,,9136,CF Estrela da Amadora,2017
125171,Bruno Langa,Defence,1997-10-31,Mozambique,,9136,CF Estrela da Amadora,2017
136782,Luan Patrick,Defence,2002-01-20,Brazil,,9136,CF Estrela da Amadora,2017
143609,Bernardo,Defence,1999-03-22,Brazil,,9136,CF Estrela da Amadora,2017
150419,Yahya Kalley,Defence,2001-03-20,Sweden,,9136,CF Estrela da Amadora,2017
152119,Issiar Dramé,Defence,1999-02-16,France,,9136,CF Estrela da Amadora,2017
187322,Stefan Lekovic,Defence,2004-01-09,Serbia,,9136,CF Estrela da Amadora,2017
209792,Tom Moustier,Defence,2002-05-02,France,,9136,CF Estrela da Amadora,2017
263711,João Vale,Defence,2005-10-08,Portugal,,9136,CF Estrela da Amadora,2017
274113,Georgiy Tunguliyadi,Defence,2004-10-03,Russia,,9136,CF Estrela da Amadora,2017
277674,Otávio,Defence,2005-11-25,Brazil,,9136,CF Estrela da Amadora,2017
280040,Gabriel Rodrigues,Defence,2003-03-01,Portugal,,9136,CF Estrela da Amadora,2017
285704,Caica,Defence,2005-07-31,Angola,,9136,CF Estrela da Amadora,2017
81357,Ianis Stoica,Midfield,2002-12-08,Romania,,9136,CF Estrela da Amadora,2017
151113,Abraham Marcus,Midfield,2000-01-02,Nigeria,,9136,CF Estrela da Amadora,2017
154435,Paulo Moreira,Midfield,2000-02-17,Portugal,,9136,CF Estrela da Amadora,2017
261052,Chilohem Onuoha,Midfield,2005-05-07,Germany,,9136,CF Estrela da Amadora,2017
274552,Alexandre Sola,Midfield,2003-12-14,Angola,,9136,CF Estrela da Amadora,2017
277809,Robinho,Midfield,2002-08-07,Brazil,,9136,CF Estrela da Amadora,2017
280840,Loureiro,Midfield,2005-05-05,Brazil,,9136,CF Estrela da Amadora,2017
284756,Pape Fuhrer,Midfield,2005-12-23,Senegal,,9136,CF Estrela da Amadora,2017
285703,Emerson Vanga,Midfield,2006-02-11,France,,9136,CF Estrela da Amadora,2017
291311,Eddy Doué,Midfield,2005-12-11,Ivory Coast,,9136,CF Estrela da Amadora,2017
37116,Jovane Cabral,Offence,1998-06-14,Cape Verde Islands,,9136,CF Estrela da Amadora,2017
182080,Leandro Antonetti,Offence,2003-01-13,Spain,,9136,CF Estrela da Amadora,2017
216107,Mathew Gbomadu,Offence,2004-10-16,Nigeria,,9136,CF Estrela da Amadora,2017
256245,Alisson Jesus,Offence,2005-04-11,Brazil,,9136,CF Estrela da Amadora,2017
262611,Jorge Meireles,Offence,2004-04-04,Portugal,,9136,CF Estrela da Amadora,2017
292048,Henrique Poniewas,Offence,2006-09-25,Brazil,,9136,CF Estrela da Amadora,2017
202693,Max Scholze,Right-Back,2005-04-30,Germany,,9136,CF Estrela da Amadora,2017
181927,Bilal Brahimi,Left Winger,2000-03-14,France,,9136,CF Estrela da Amadora,2017
80336,Sydney van Hooijdonk,Centre-Forward,2000-02-06,Netherlands,,9136,CF Estrela da Amadora,2017
45350,Rodrigo Pinho,Centre-Forward,1991-05-30,Germany,,9136,CF Estrela da Amadora,2017
45195,Ruben Lima,Left-Back,1989-10-03,Portugal,,9136,CF Estrela da Amadora,2017
45404,Pedro Trigueira,Goalkeeper,1988-01-04,Portugal,,10340,AVS,2017
168959,Adriel Ramos,Goalkeeper,2001-01-14,Brazil,,10340,AVS,2017
169628,Simão Bertelli,Goalkeeper,1993-07-02,Brazil,,10340,AVS,2017
33110,Rúben Semedo,Defence,1994-04-04,Portugal,,10340,AVS,2017
45278,Kiki,Defence,1994-12-10,Portugal,,10340,AVS,2017
61232,Mateus Pivô,Defence,1997-12-16,Brazil,,10340,AVS,2017
178441,Cristian Castro,Defence,2001-01-25,Colombia,,10340,AVS,2017
178824,Leonardo Rivas,Defence,2001-12-06,Paraguay,,10340,AVS,2017
194165,Aderlan,Defence,1989-04-09,Brazil,,10340,AVS,2017
243610,Paulo Vitor,Defence,2001-07-19,Brazil,,10340,AVS,2017
273739,Guillem Molina,Defence,2000-05-03,Spain,,10340,AVS,2017
294840,Afonso Silva,Defence,2008-06-19,Portugal,,10340,AVS,2017
99922,Ángel Algobia,Midfield,1999-06-23,Spain,,10340,AVS,2017
169554,Roni,Midfield,1999-04-15,Brazil,,10340,AVS,2017
192912,Pedro Lima,Midfield,2003-03-27,Brazil,,10340,AVS,2017
243619,Gustavo Mendonça,Midfield,2003-03-11,Portugal,,10340,AVS,2017
260034,Tiago Galletto,Midfield,,Spain,,10340,AVS,2017
2470,Nenê,Offence,1983-07-28,Brazil,,10340,AVS,2017
3912,Andre Green,Offence,1998-07-26,England,,10340,AVS,2017
45243,Tómané,Offence,1992-10-23,Portugal,,10340,AVS,2017
81797,Antoine Baroan,Offence,2000-06-24,France,,10340,AVS,2017
179222,Diego Duarte,Offence,2002-04-08,Paraguay,,10340,AVS,2017
242230,Edson Mucuana,Offence,2003-12-12,Mozambique,,10340,AVS,2017
280041,Guilherme Neiva,Offence,2001-03-15,Brazil,,10340,AVS,2017
203426,Babatunde Akinsola,Left Winger,2003-03-10,Nigeria,,10340,AVS,2017
182441,Oscar Perea,Left Winger,2005-09-27,Colombia,,10340,AVS,2017
43699,Ponck,Centre-Back,1995-01-13,Cape Verde Islands,,10340,AVS,2017
1230,Fábio,Goalkeeper,1980-09-30,Brazil,,1765,Fluminense FC,2152
44235,Vitor Eudes,Goalkeeper,1998-10-21,Brazil,,1765,Fluminense FC,2152
136654,Marcelo Pitaluga,Goalkeeper,2002-12-20,Brazil,,1765,Fluminense FC,2152
169278,Gustavo Ramalho,Goalkeeper,2002-09-16,Brazil,,1765,Fluminense FC,2152
291296,Lucas Emanuel,Goalkeeper,2008-05-25,Brazil,,1765,Fluminense FC,2152
1107,Samuel Xavier,Defence,1990-06-06,Brazil,,1765,Fluminense FC,2152
1215,Igor Rabello,Defence,1995-04-28,Brazil,,1765,Fluminense FC,2152
1546,Renê,Defence,1992-09-14,Brazil,,1765,Fluminense FC,2152
12594,Guga,Defence,1998-08-29,Brazil,,1765,Fluminense FC,2152
15929,Guilherme Arana,Defence,1997-04-14,Brazil,,1765,Fluminense FC,2152
97470,Ignácio,Defence,1996-12-01,Brazil,,1765,Fluminense FC,2152
98654,Juan Freytes,Defence,2000-01-11,Argentina,,1765,Fluminense FC,2152
221385,Julio Cesar,Defence,2006-11-06,Brazil,,1765,Fluminense FC,2152
250800,Jemmes,Defence,2000-04-09,Brazil,,1765,Fluminense FC,2152
274161,Davi Schuindt,Defence,2004-04-26,Brazil,,1765,Fluminense FC,2152
76,Ganso,Midfield,1989-10-12,Brazil,,1765,Fluminense FC,2152
1154,Alisson,Midfield,1993-06-25,Brazil,,1765,Fluminense FC,2152
8503,Otávio,Midfield,1994-05-04,Brazil,,1765,Fluminense FC,2152
23333,Yeferson Soteldo,Midfield,1997-06-30,Venezuela,,1765,Fluminense FC,2152
28561,David Terans,Midfield,1994-08-11,Uruguay,,1765,Fluminense FC,2152
61369,Nonato,Midfield,1998-03-03,Brazil,,1765,Fluminense FC,2152
76910,Luciano Acosta,Midfield,1994-05-31,Argentina,,1765,Fluminense FC,2152
77159,Jefferson Savarino,Midfield,1996-11-11,Venezuela,,1765,Fluminense FC,2152
104480,Julián Millán,Midfield,1998-03-27,Colombia,,1765,Fluminense FC,2152
145985,Hércules,Midfield,2000-10-20,Brazil,,1765,Fluminense FC,2152
179177,Martinelli,Midfield,2001-10-05,Brazil,,1765,Fluminense FC,2152
203305,João Pedro,Midfield,2005-07-15,Brazil,,1765,Fluminense FC,2152
245200,Facundo Bernal,Midfield,2003-08-21,Uruguay,,1765,Fluminense FC,2152
274154,Kaio,Midfield,2007-02-19,Brazil,,1765,Fluminense FC,2152
274160,Breno,Midfield,2007-03-24,Brazil,,1765,Fluminense FC,2152
274164,Davi Melo,Midfield,2005-11-20,Brazil,,1765,Fluminense FC,2152
278022,Vagno,Midfield,2007-09-26,Brazil,,1765,Fluminense FC,2152
291284,Naarã Teixeira,Midfield,2008-01-12,Brazil,,1765,Fluminense FC,2152
293202,Natan Alves,Midfield,2005-06-02,Brazil,,1765,Fluminense FC,2152
21951,Germán Cano,Offence,1988-02-02,Argentina,,1765,Fluminense FC,2152
28614,Agustín Canobbio,Offence,1998-10-01,Uruguay,,1765,Fluminense FC,2152
178998,Yago,Offence,2001-08-02,Brazil,,1765,Fluminense FC,2152
181336,Kevin Serna,Offence,1997-12-22,Colombia,,1765,Fluminense FC,2152
191363,Rodrigo Castillo,Offence,1999-02-26,Argentina,,1765,Fluminense FC,2152
203321,Agner Moura,Offence,2005-03-22,Brazil,,1765,Fluminense FC,2152
221342,Matheus Reis,Offence,2007-04-02,Mexico,,1765,Fluminense FC,2152
273195,Riquelme Felipe,Offence,2007-03-13,Brazil,,1765,Fluminense FC,2152
274162,Oliver,Offence,2007-05-11,Brazil,,1765,Fluminense FC,2152
278023,Keven Samuel,Offence,2007-01-26,Brazil,,1765,Fluminense FC,2152
278024,Wesley Natã,Offence,2008-04-18,Brazil,,1765,Fluminense FC,2152
278025,Kelwin,Offence,2006-03-24,Brazil,,1765,Fluminense FC,2152
157533,John Kennedy,Centre-Forward,2002-05-18,Brazil,,1765,Fluminense FC,2152
1562,Marcelo Lomba,Goalkeeper,1986-12-18,Brazil,,1769,SE Palmeiras,2152
118029,Carlos Miguel,Goalkeeper,1998-10-09,Brazil,,1769,SE Palmeiras,2152
281726,Wanderson Ferreira,Goalkeeper,2005-02-07,Brazil,,1769,SE Palmeiras,2152
283241,Luiz Sá,Goalkeeper,2007-03-01,Brazil,,1769,SE Palmeiras,2152
287885,Kauan Lima,Goalkeeper,2007-02-14,Brazil,,1769,SE Palmeiras,2152
1741,Gustavo Gómez,Defence,1993-05-06,Paraguay,,1769,SE Palmeiras,2152
28740,Joaquín Piquerez,Defence,1998-08-24,Uruguay,,1769,SE Palmeiras,2152
115222,Bruno Fuchs,Defence,1999-04-01,Brazil,,1769,SE Palmeiras,2152
115559,Khellven,Defence,2001-02-25,Brazil,,1769,SE Palmeiras,2152
170525,Murilo Cerqueira,Defence,1997-03-27,Brazil,,1769,SE Palmeiras,2152
183528,Agustin Giay,Defence,2004-01-16,Argentina,,1769,SE Palmeiras,2152
206776,Jefte,Defence,2003-12-21,Brazil,,1769,SE Palmeiras,2152
260932,Luis Gustavo,Defence,2006-06-07,Brazil,,1769,SE Palmeiras,2152
281040,Arthur Santana,Defence,2005-09-04,Brazil,,1769,SE Palmeiras,2152
292249,Meykson Silmark,Defence,2006-04-01,Brazil,,1769,SE Palmeiras,2152
1080,Marlon Freitas,Midfield,1995-03-27,Brazil,,1769,SE Palmeiras,2152
22306,Jhon Arias,Midfield,1997-09-21,Colombia,,1769,SE Palmeiras,2152
45173,Lucas Evangelista,Midfield,1995-05-06,Brazil,,1769,SE Palmeiras,2152
119594,Mauricio,Midfield,2001-06-22,Brazil,,1769,SE Palmeiras,2152
130957,Emiliano Martínez,Midfield,1999-08-17,Uruguay,,1769,SE Palmeiras,2152
181523,Vitor de Almeida,Midfield,2005-10-25,Brazil,,1769,SE Palmeiras,2152
270549,Vitor Figueiredo,Midfield,2006-03-03,Brazil,,1769,SE Palmeiras,2152
281587,Rafael Coutinho,Midfield,2006-03-24,Brazil,,1769,SE Palmeiras,2152
282123,Erick Machado,Midfield,2007-01-21,Brazil,,1769,SE Palmeiras,2152
287767,Luis Pacheco,Midfield,2008-02-02,Brazil,,1769,SE Palmeiras,2152
291831,Gabriel Silva,Midfield,2007-02-04,Brazil,,1769,SE Palmeiras,2152
1490,Paulinho,Offence,2000-07-15,Brazil,,1769,SE Palmeiras,2152
140647,Ramón Sosa,Offence,1999-08-31,Paraguay,,1769,SE Palmeiras,2152
170698,José Manuel López,Offence,2000-12-06,Argentina,,1769,SE Palmeiras,2152
249169,Luighi Hanri,Offence,2006-04-30,Brazil,,1769,SE Palmeiras,2152
249222,Riquelme Fillipi,Offence,2006-09-15,Brazil,,1769,SE Palmeiras,2152
262366,Larson,Offence,2005-07-10,Brazil,,1769,SE Palmeiras,2152
274216,Allan,Offence,2004-04-19,Brazil,,1769,SE Palmeiras,2152
287314,Heittor da Silva,Offence,2007-09-18,Brazil,,1769,SE Palmeiras,2152
181439,Vítor Roque,Centre-Forward,2005-02-28,Brazil,,1769,SE Palmeiras,2152
33153,Andreas Pereira,Attacking Midfield,1996-01-01,Brazil,,1769,SE Palmeiras,2152
2060,Felipe Anderson,Left Winger,1993-04-15,Brazil,,1769,SE Palmeiras,2152
3221,Neto,Goalkeeper,1989-07-19,Brazil,,1770,Botafogo FR,2152
13152,Raul,Goalkeeper,1997-07-28,Brazil,,1770,Botafogo FR,2152
179157,Leo Linck,Goalkeeper,2001-03-03,Brazil,,1770,Botafogo FR,2152
250332,Cristhian Loor,Goalkeeper,2006-03-09,Ecuador,,1770,Botafogo FR,2152
250759,Rhyan Luca,Goalkeeper,2006-12-02,Brazil,,1770,Botafogo FR,2152
1239,Vitinho,Defence,1999-07-23,Brazil,,1770,Botafogo FR,2152
8457,Marçal,Defence,1989-02-19,Brazil,,1770,Botafogo FR,2152
15904,Alex Telles,Defence,1992-12-15,Brazil,,1770,Botafogo FR,2152
28433,Nahuel Ferraresi,Defence,1998-11-19,Venezuela,,1770,Botafogo FR,2152
37418,Kaio Pantaleão,Defence,1995-09-18,Brazil,,1770,Botafogo FR,2152
46454,Alexander Barboza,Defence,1995-03-16,Argentina,,1770,Botafogo FR,2152
151999,Caio Roque,Defence,2002-01-09,Brazil,,1770,Botafogo FR,2152
160792,Mateo Ponte,Defence,2003-05-24,Uruguay,,1770,Botafogo FR,2152
171861,Bastos,Defence,1991-11-23,Angola,,1770,Botafogo FR,2152
206227,Jhoan Hernández,Defence,2006-02-20,Colombia,,1770,Botafogo FR,2152
211500,Ythallo,Defence,2004-07-22,Brazil,,1770,Botafogo FR,2152
249506,Anthony,Defence,2005-07-12,Brazil,,1770,Botafogo FR,2152
260984,Wallace,Defence,2007-05-10,Brazil,,1770,Botafogo FR,2152
274158,Victor Hugo,Defence,2007-06-04,Brazil,,1770,Botafogo FR,2152
274540,Caio Valle,Defence,2007-10-11,Brazil,,1770,Botafogo FR,2152
276799,Carlos Santos,Defence,2005-08-16,Brazil,,1770,Botafogo FR,2152
286981,Gabriel Pereira,Defence,2006-04-16,Brazil,,1770,Botafogo FR,2152
287447,Gabriel Abdias,Defence,2006-06-19,Brazil,,1770,Botafogo FR,2152
287787,Marcos Vinagre,Defence,2007-02-15,Brazil,,1770,Botafogo FR,2152
291294,Pedro de Paula,Defence,2008-10-01,Brazil,,1770,Botafogo FR,2152
291298,João Lira,Defence,2008-02-24,Brazil,,1770,Botafogo FR,2152
291832,Arthur Alves,Defence,2008-09-16,Brazil,,1770,Botafogo FR,2152
1580,Edenilson,Midfield,1989-12-18,Brazil,,1770,Botafogo FR,2152
2096,Allan,Midfield,1991-01-08,Brazil,,1770,Botafogo FR,2152
113671,Santiago Rodríguez,Midfield,2000-01-08,Uruguay,,1770,Botafogo FR,2152
149704,Danilo dos Santos de Oliveira,Midfield,2001-04-29,Brazil,,1770,Botafogo FR,2152
154595,Cristian Medina,Midfield,2002-06-01,Argentina,,1770,Botafogo FR,2152
165989,Lucas Villalba,Midfield,2001-05-11,Uruguay,,1770,Botafogo FR,2152
169234,Matheus Martins,Midfield,2003-07-16,Brazil,,1770,Botafogo FR,2152
203361,Bernardo Valim,Midfield,2006-01-30,Brazil,,1770,Botafogo FR,2152
203397,Newton,Midfield,2000-03-12,Brazil,,1770,Botafogo FR,2152
206393,Jordan Barrera,Midfield,2006-04-11,Colombia,,1770,Botafogo FR,2152
221555,Kaua Branco,Midfield,2006-05-04,Brazil,,1770,Botafogo FR,2152
250493,Alvaro Montoro,Midfield,2007-04-17,Argentina,,1770,Botafogo FR,2152
274146,Lucyo,Midfield,2006-03-15,Brazil,,1770,Botafogo FR,2152
274539,Lucas Camilo,Midfield,2006-05-25,Brazil,,1770,Botafogo FR,2152
274541,Zappelini,Midfield,2007-03-26,Brazil,,1770,Botafogo FR,2152
275395,Kauan,Midfield,2006-04-15,Brazil,,1770,Botafogo FR,2152
291292,Samuel da Silva,Midfield,2008-03-30,Brazil,,1770,Botafogo FR,2152
291300,Davi Alves,Midfield,2008-06-27,Brazil,,1770,Botafogo FR,2152
291306,Felipe Januário,Midfield,2007-05-03,Brazil,,1770,Botafogo FR,2152
77,Joaquín Correa,Offence,1994-08-13,Argentina,,1770,Botafogo FR,2152
12653,Júnior Santos,Offence,1994-10-11,Brazil,,1770,Botafogo FR,2152
172113,Chris Ramos,Offence,1997-01-18,Spain,,1770,Botafogo FR,2152
182538,Weliton Santos,Offence,2005-04-13,Brazil,,1770,Botafogo FR,2152
206708,Nathan Ribeiro,Offence,2005-02-16,Brazil,,1770,Botafogo FR,2152
278626,Arthur Izaque,Offence,2007-06-29,Brazil,,1770,Botafogo FR,2152
286833,Kadir Barría,Offence,2007-07-18,Panama,,1770,Botafogo FR,2152
291288,Rogerio Medeiros,Offence,2008-04-11,Brazil,,1770,Botafogo FR,2152
291305,Matheusinho,Offence,2007-03-30,Brazil,,1770,Botafogo FR,2152
291892,Miguel Caldas,Offence,2008-07-20,Brazil,,1770,Botafogo FR,2152
1723,Arthur Cabral,Centre-Forward,1998-04-25,Brazil,,1770,Botafogo FR,2152
1431,Cássio,Goalkeeper,1987-06-06,Brazil,,1771,Cruzeiro EC,2152
178822,Matheus Cunha,Goalkeeper,2001-05-24,Brazil,,1771,Cruzeiro EC,2152
203390,Otávio,Goalkeeper,2005-12-27,Brazil,,1771,Cruzeiro EC,2152
276287,Marcelo,Goalkeeper,2006-02-12,Brazil,,1771,Cruzeiro EC,2152
278776,Vitor Lamounier,Goalkeeper,2007-10-18,Brazil,,1771,Cruzeiro EC,2152
290770,Felipe Teixeira,Goalkeeper,2009-05-05,Brazil,,1771,Cruzeiro EC,2152
1266,Fabrício Bruno,Defence,1996-02-12,Brazil,,1771,Cruzeiro EC,2152
1434,Fágner,Defence,1989-06-11,Brazil,,1771,Cruzeiro EC,2152
9418,William,Defence,1995-04-03,Brazil,,1771,Cruzeiro EC,2152
45865,Lucas Villalba,Defence,1994-08-19,Argentina,,1771,Cruzeiro EC,2152
115095,João Marcelo,Defence,2000-06-13,Brazil,,1771,Cruzeiro EC,2152
181633,Kaiki Bruno,Defence,2003-03-08,Brazil,,1771,Cruzeiro EC,2152
207251,Jonathan,Defence,2004-05-27,Brazil,,1771,Cruzeiro EC,2152
249190,Ian,Defence,2009-01-09,Brazil,,1771,Cruzeiro EC,2152
276232,José,Defence,2005-08-31,Brazil,,1771,Cruzeiro EC,2152
276255,Kaua Prates,Defence,2008-08-12,Brazil,,1771,Cruzeiro EC,2152
278484,Kauã Moraes,Defence,2006-06-29,Brazil,,1771,Cruzeiro EC,2152
278775,Nicolas Pontes,Defence,2006-01-14,Brazil,,1771,Cruzeiro EC,2152
290767,William Fernando,Defence,2006-02-11,Brazil,,1771,Cruzeiro EC,2152
295598,Bryan,Defence,2010-08-23,Brazil,,1771,Cruzeiro EC,2152
1246,Lucas Romero,Midfield,1994-04-18,Argentina,,1771,Cruzeiro EC,2152
1250,Lucas Silva,Midfield,1993-02-16,Brazil,,1771,Cruzeiro EC,2152
1815,Gerson,Midfield,1997-05-20,Brazil,,1771,Cruzeiro EC,2152
49264,Wanderson,Midfield,1994-10-07,Brazil,,1771,Cruzeiro EC,2152
118245,Christian,Midfield,2000-12-19,Brazil,,1771,Cruzeiro EC,2152
203387,João Wellington,Midfield,2004-01-02,Brazil,,1771,Cruzeiro EC,2152
205585,Keny Arroyo,Midfield,2006-02-14,Ecuador,,1771,Cruzeiro EC,2152
277675,Murilo,Midfield,2006-03-13,Brazil,,1771,Cruzeiro EC,2152
288902,Rayan,Midfield,2007-01-19,Brazil,,1771,Cruzeiro EC,2152
289855,Rhuan Gabriel,Midfield,2006-02-06,Brazil,,1771,Cruzeiro EC,2152
290771,Kaiquy,Midfield,2006-05-17,Brazil,,1771,Cruzeiro EC,2152
291156,Danilo Gimenes,Midfield,2007-02-25,Brazil,,1771,Cruzeiro EC,2152
40067,Chico,Offence,1995-05-05,Brazil,,1771,Cruzeiro EC,2152
45490,Matheus Pereira,Offence,1996-05-05,Brazil,,1771,Cruzeiro EC,2152
169004,Bruno Rodrigues,Offence,1997-03-07,Brazil,,1771,Cruzeiro EC,2152
218422,Neizer Villarreal,Offence,2005-04-24,Colombia,,1771,Cruzeiro EC,2152
224582,Ruan,Offence,2006-08-10,Brazil,,1771,Cruzeiro EC,2152
272933,Kenji,Offence,2006-01-30,Brazil,,1771,Cruzeiro EC,2152
276286,Bruno Ferreira,Offence,2005-08-04,Brazil,,1771,Cruzeiro EC,2152
169277,Marquinhos,Right Winger,2003-04-07,Brazil,,1771,Cruzeiro EC,2152
91310,Kaio Jorge,Centre-Forward,2002-01-24,Brazil,,1771,Cruzeiro EC,2152
22040,Luis Sinisterra,Left Winger,1999-06-17,Colombia,,1771,Cruzeiro EC,2152
6532,Walace,Defensive Midfield,1995-04-04,Brazil,,1771,Cruzeiro EC,2152
1153,Matheus Henrique,Central Midfield,1997-12-19,Brazil,,1771,Cruzeiro EC,2152
1296,João Paulo,Goalkeeper,1995-06-29,Brazil,,1777,EC Bahia,2152
1496,Ronaldo,Goalkeeper,1996-08-22,Brazil,,1777,EC Bahia,2152
1664,Léo Vieira,Goalkeeper,1990-09-22,Brazil,,1777,EC Bahia,2152
203299,Victor,Goalkeeper,2006-05-03,Brazil,,1777,EC Bahia,2152
203377,Gabriel Souza,Goalkeeper,2007-02-28,Brazil,,1777,EC Bahia,2152
249605,Iuri dos Santos,Goalkeeper,2007-02-11,Brazil,,1777,EC Bahia,2152
290802,Fabio Simplicio,Goalkeeper,2008-01-09,Brazil,,1777,EC Bahia,2152
1073,Gilberto,Defence,1993-03-07,Brazil,,1777,EC Bahia,2152
1205,Kanu,Defence,1997-03-07,Brazil,,1777,EC Bahia,2152
13419,David Duarte,Defence,1995-01-24,Brazil,,1777,EC Bahia,2152
122794,Santiago Ramos,Defence,2001-11-21,Argentina,,1777,EC Bahia,2152
140873,Luciano Juba,Defence,1999-08-29,Brazil,,1777,EC Bahia,2152
179535,Marcos Victor,Defence,2001-12-26,Brazil,,1777,EC Bahia,2152
181587,Gabriel Xavier,Defence,2001-05-06,Brazil,,1777,EC Bahia,2152
194863,Jose Guilherme,Defence,2005-03-16,Brazil,,1777,EC Bahia,2152
203291,Gerald Santos,Defence,2007-11-01,Brazil,,1777,EC Bahia,2152
249149,Pedro Henrique,Defence,2006-01-19,Brazil,,1777,EC Bahia,2152
249151,Luiz Gustavo,Defence,2006-04-12,Brazil,,1777,EC Bahia,2152
250314,Román Gómez,Defence,2004-07-14,Argentina,,1777,EC Bahia,2152
274110,Frederico,Defence,2006-05-23,Brazil,,1777,EC Bahia,2152
1547,Jean Lucas,Midfield,1998-06-22,Brazil,,1777,EC Bahia,2152
1548,Éverton Ribeiro,Midfield,1989-04-10,Brazil,,1777,EC Bahia,2152
18478,Erick,Midfield,1997-11-14,Brazil,,1777,EC Bahia,2152
107803,Nicolás Acevedo,Midfield,1999-04-14,Uruguay,,1777,EC Bahia,2152
110928,Rodrigo Nestor,Midfield,2000-08-09,Brazil,,1777,EC Bahia,2152
136393,Caio Alexandre,Midfield,1999-02-24,Brazil,,1777,EC Bahia,2152
142131,Cristian Olivera,Midfield,2002-04-17,Uruguay,,1777,EC Bahia,2152
191376,Mateo Sanabria,Midfield,2004-03-31,Argentina,,1777,EC Bahia,2152
203386,Sidney,Midfield,2006-03-12,Brazil,,1777,EC Bahia,2152
249189,Wendel Silva,Midfield,2006-02-28,Brazil,,1777,EC Bahia,2152
249194,Marco Antônio,Midfield,2006-07-01,Brazil,,1777,EC Bahia,2152
275330,David Martins,Midfield,2007-09-15,Brazil,,1777,EC Bahia,2152
278870,Daniel Lima,Midfield,2007-08-15,Brazil,,1777,EC Bahia,2152
278872,Saymon,Midfield,2007-03-07,Brazil,,1777,EC Bahia,2152
278874,Gustavo Santana,Midfield,2008-03-02,Brazil,,1777,EC Bahia,2152
280706,Kauê Junior,Midfield,2009-02-27,Brazil,,1777,EC Bahia,2152
286371,Lyan Araujo,Midfield,2009-02-17,Brazil,,1777,EC Bahia,2152
290716,Victor Oliveira,Midfield,2007-02-14,Brazil,,1777,EC Bahia,2152
292402,Ryan Nascimento,Midfield,2008-09-10,Brazil,,1777,EC Bahia,2152
293083,João Victor,Midfield,2008-08-08,Brazil,,1777,EC Bahia,2152
1661,Ademir Santos,Offence,1995-02-16,Brazil,,1777,EC Bahia,2152
28422,Michel Araujo,Offence,1996-09-28,Uruguay,,1777,EC Bahia,2152
39954,Everaldo,Offence,1991-07-05,Brazil,,1777,EC Bahia,2152
203316,Joao Vitor,Offence,2006-06-15,Brazil,,1777,EC Bahia,2152
203411,Roger Gabriel,Offence,2007-02-11,Brazil,,1777,EC Bahia,2152
203872,Erick,Offence,2000-10-02,Brazil,,1777,EC Bahia,2152
262357,Ruan Pablo,Offence,2008-07-23,Brazil,,1777,EC Bahia,2152
275590,Dell,Offence,2008-06-09,Brazil,,1777,EC Bahia,2152
290698,Caio Suassuna,Offence,2007-03-23,Brazil,,1777,EC Bahia,2152
1566,Iago Borduchi,Left-Back,1997-03-23,Brazil,,1777,EC Bahia,2152
8,Willian José,Centre-Forward,1991-11-23,Brazil,,1777,EC Bahia,2152
82991,Hugo Souza,Goalkeeper,1999-01-31,Brazil,,1779,SC Corinthians Paulista,2152
179167,Matheus Donelli,Goalkeeper,2002-05-17,Brazil,,1779,SC Corinthians Paulista,2152
211604,Kauê,Goalkeeper,2004-02-08,Brazil,,1779,SC Corinthians Paulista,2152
249314,Felipexxx,Goalkeeper,2005-03-05,Brazil,,1779,SC Corinthians Paulista,2152
13710,Matheuzinho,Defence,2000-09-08,Brazil,,1779,SC Corinthians Paulista,2152
16342,André Ramalho,Defence,1992-02-16,Brazil,,1779,SC Corinthians Paulista,2152
103611,Raniele,Defence,1996-12-31,Brazil,,1779,SC Corinthians Paulista,2152
120089,Hugo,Defence,1997-08-29,Brazil,,1779,SC Corinthians Paulista,2152
137557,Pedro Milans,Defence,2002-03-24,Uruguay,,1779,SC Corinthians Paulista,2152
169688,Bidu,Defence,1999-05-04,Brazil,,1779,SC Corinthians Paulista,2152
209145,Renato Santos,Defence,2004-10-11,Brazil,,1779,SC Corinthians Paulista,2152
211608,João Pedro,Defence,2003-12-31,Brazil,,1779,SC Corinthians Paulista,2152
249171,Guilherme Pellegrin,Defence,2006-07-26,Brazil,,1779,SC Corinthians Paulista,2152
274858,João Vitor,Defence,2007-01-03,Brazil,,1779,SC Corinthians Paulista,2152
285271,André Luiz,Defence,2006-06-20,Brazil,,1779,SC Corinthians Paulista,2152
291989,João Vitor,Defence,2005-03-01,Brazil,,1779,SC Corinthians Paulista,2152
294328,Iago da Silva,Defence,2009-02-17,Brazil,,1779,SC Corinthians Paulista,2152
1577,Charles,Midfield,1996-06-19,Brazil,,1779,SC Corinthians Paulista,2152
1609,Alex Santana,Midfield,1995-05-13,Bulgaria,,1779,SC Corinthians Paulista,2152
1614,Matheus Pereira,Midfield,1998-02-25,Brazil,,1779,SC Corinthians Paulista,2152
3325,Jesse Lingard,Midfield,1992-12-15,England,,1779,SC Corinthians Paulista,2152
3703,Zakaria Labyad,Midfield,1993-03-09,Morocco,,1779,SC Corinthians Paulista,2152
3789,André Carrillo,Midfield,1991-06-14,Peru,,1779,SC Corinthians Paulista,2152
56574,Allan,Midfield,1997-03-03,Brazil,,1779,SC Corinthians Paulista,2152
60058,Rodrigo Garro,Midfield,1998-01-04,Argentina,,1779,SC Corinthians Paulista,2152
179054,Bidon,Midfield,2005-02-20,Brazil,,1779,SC Corinthians Paulista,2152
211607,Kayke,Midfield,2004-04-28,Brazil,,1779,SC Corinthians Paulista,2152
249188,Yago,Midfield,2006-02-05,Brazil,,1779,SC Corinthians Paulista,2152
259933,Guilherme,Midfield,2007-02-06,Brazil,,1779,SC Corinthians Paulista,2152
272780,Luiz de Nardi,Midfield,2007-07-13,Brazil,,1779,SC Corinthians Paulista,2152
274859,Luiz Eduardo,Midfield,2007-06-26,Brazil,,1779,SC Corinthians Paulista,2152
275105,Luiz Gustavo,Midfield,2006-01-02,Brazil,,1779,SC Corinthians Paulista,2152
289853,Guilherme Amorim,Midfield,2008-01-15,Brazil,,1779,SC Corinthians Paulista,2152
1325,Yuri Alberto,Offence,2001-03-18,Brazil,,1779,SC Corinthians Paulista,2152
8472,Memphis Depay,Offence,1994-02-13,Netherlands,,1779,SC Corinthians Paulista,2152
15795,Vitinho,Offence,1993-10-09,Brazil,,1779,SC Corinthians Paulista,2152
40134,Pedro Raul,Offence,1996-11-05,Brazil,,1779,SC Corinthians Paulista,2152
275104,Dieguinho,Offence,2007-09-16,Brazil,,1779,SC Corinthians Paulista,2152
295178,Nícollas Mello,Offence,2008-06-13,Brazil,,1779,SC Corinthians Paulista,2152
46376,Fabrizio Angileri,Left-Back,1994-03-15,Argentina,,1779,SC Corinthians Paulista,2152
33145,Gabriel Paulista,Centre-Back,1990-11-26,Brazil,,1779,SC Corinthians Paulista,2152
1301,Gustavo Henrique,Centre-Back,1993-03-24,Brazil,,1779,SC Corinthians Paulista,2152
192626,Kaio César,Right Winger,2004-02-15,Brazil,,1779,SC Corinthians Paulista,2152
11656,Agustín Rossi,Goalkeeper,1995-08-21,Argentina,,1783,CR Flamengo,2152
81896,Andrew,Goalkeeper,2001-07-01,Brazil,,1783,CR Flamengo,2152
203290,Francisco Dyogo,Goalkeeper,2004-01-09,Brazil,,1783,CR Flamengo,2152
275020,Léo Nannetti,Goalkeeper,2007-08-21,Brazil,,1783,CR Flamengo,2152
291297,Pedro Henrique,Goalkeeper,2008-07-18,Brazil,,1783,CR Flamengo,2152
1074,Ayrton Lucas,Defence,1997-06-19,Brazil,,1783,CR Flamengo,2152
1408,Leo Ortiz,Defence,1996-01-03,Brazil,,1783,CR Flamengo,2152
2028,Alex Sandro,Defence,1991-01-26,Brazil,,1783,CR Flamengo,2152
3165,Guillermo Varela,Defence,1993-03-24,Uruguay,,1783,CR Flamengo,2152
7881,Danilo Luiz da Silva,Defence,1991-07-15,Brazil,,1783,CR Flamengo,2152
11192,Léo Pereira,Defence,1996-01-31,Brazil,,1783,CR Flamengo,2152
113807,Vitão,Defence,2000-02-02,Brazil,,1783,CR Flamengo,2152
203359,Daniel Sales,Defence,2006-06-23,Brazil,,1783,CR Flamengo,2152
272828,João Pedro,Defence,2006-03-13,Brazil,,1783,CR Flamengo,2152
275192,Gusttavo,Defence,2006-01-10,Brazil,,1783,CR Flamengo,2152
276943,Johnny Goes,Defence,2007-03-27,Brazil,,1783,CR Flamengo,2152
291289,Antonio Da Silva,Defence,2006-02-26,Brazil,,1783,CR Flamengo,2152
291304,Daniel Carvalho,Defence,2009-03-31,Brazil,,1783,CR Flamengo,2152
1244,Giorgian De Arrascaeta,Midfield,1994-06-01,Uruguay,,1783,CR Flamengo,2152
1543,Lucas Paquetá,Midfield,1997-08-27,Brazil,,1783,CR Flamengo,2152
1867,Erick Pulgar,Midfield,1994-01-15,Chile,,1783,CR Flamengo,2152
29012,Jorge Carrascal,Midfield,1998-05-25,Colombia,,1783,CR Flamengo,2152
168795,Nicolas de la Cruz,Midfield,1997-06-01,Uruguay,,1783,CR Flamengo,2152
203401,Evertton,Midfield,2003-02-28,Brazil,,1783,CR Flamengo,2152
249147,Yan,Midfield,2005-02-08,Brazil,,1783,CR Flamengo,2152
273193,João Victor,Midfield,2007-01-01,Brazil,,1783,CR Flamengo,2152
274693,Pablo Lucio,Midfield,2007-04-12,Brazil,,1783,CR Flamengo,2152
275191,Lucas,Midfield,2007-03-08,Brazil,,1783,CR Flamengo,2152
275676,Luiz Felipe,Midfield,2008-02-08,Brazil,,1783,CR Flamengo,2152
277520,Joshua,Midfield,2007-05-26,Brazil,,1783,CR Flamengo,2152
289886,Ramires,Midfield,2006-03-21,Brazil,,1783,CR Flamengo,2152
291301,João Vitor,Midfield,2009-03-02,Brazil,,1783,CR Flamengo,2152
291307,Kaio,Midfield,2007-04-05,Brazil,,1783,CR Flamengo,2152
291309,Kaio Júnior,Midfield,2007-01-22,Brazil,,1783,CR Flamengo,2152
293240,Juan Sayago,Midfield,2007-08-02,Argentina,,1783,CR Flamengo,2152
1077,Pedro,Offence,1997-06-20,Brazil,,1783,CR Flamengo,2152
1159,Éverton,Offence,1996-03-22,Brazil,,1783,CR Flamengo,2152
1317,Bruno Henrique,Offence,1990-12-30,Brazil,,1783,CR Flamengo,2152
8413,Luiz Araújo,Offence,1996-06-02,Brazil,,1783,CR Flamengo,2152
56066,Gonzalo Plata,Offence,2000-11-01,Ecuador,,1783,CR Flamengo,2152
249167,Guilherme,Offence,2006-02-02,Brazil,,1783,CR Flamengo,2152
288502,Douglas Telles,Offence,2007-06-01,Brazil,,1783,CR Flamengo,2152
289791,João Paulo,Offence,2007-04-12,Brazil,,1783,CR Flamengo,2152
291302,Alan Silva,Offence,2007-05-10,Brazil,,1783,CR Flamengo,2152
291308,Ryan de Oliveira,Offence,2008-03-05,Brazil,,1783,CR Flamengo,2152
178710,Samuel Lino,Left Winger,1999-12-23,Brazil,,1783,CR Flamengo,2152
2094,Jorginho,Defensive Midfield,1991-12-20,Italy,,1783,CR Flamengo,2152
1131,Emerson Royal,Right-Back,1999-01-14,Brazil,,1783,CR Flamengo,2152
118,Saúl,Central Midfield,1994-11-21,Spain,,1783,CR Flamengo,2152
3160,Fernando Muslera,Goalkeeper,1986-06-16,Uruguay,,2051,Estudiantes de La Plata,2152
187276,Fabricio Iacovich,Goalkeeper,2002-01-29,Argentina,,2051,Estudiantes de La Plata,2152
250281,Rodrigo Borzone,Goalkeeper,2004-10-21,Argentina,,2051,Estudiantes de La Plata,2152
3207,Ramiro Funes Mori,Defence,1991-03-05,Argentina,,2051,Estudiantes de La Plata,2152
76857,Leandro González Pírez,Defence,1992-02-26,Argentina,,2051,Estudiantes de La Plata,2152
103091,Santiago Arzamendia,Defence,1998-05-05,Paraguay,,2051,Estudiantes de La Plata,2152
153921,Eric Meza,Defence,1999-04-08,Argentina,,2051,Estudiantes de La Plata,2152
156869,Gastón Benedetti,Defence,2001-03-29,Argentina,,2051,Estudiantes de La Plata,2152
169088,Eros Mancuso,Defence,1999-04-17,Argentina,,2051,Estudiantes de La Plata,2152
178863,Santiago Núñez,Defence,2000-04-29,Argentina,,2051,Estudiantes de La Plata,2152
250147,Joaquin Pereyra,Defence,2005-06-16,Argentina,,2051,Estudiantes de La Plata,2152
263062,Valente Pierani,Defence,2006-02-22,Argentina,,2051,Estudiantes de La Plata,2152
282359,Matías Magdaleno,Defence,2007-02-06,Argentina,,2051,Estudiantes de La Plata,2152
28394,Gabriel Neves,Midfield,1997-08-11,Uruguay,,2051,Estudiantes de La Plata,2152
30314,José Sosa,Midfield,1985-06-19,Argentina,,2051,Estudiantes de La Plata,2152
46062,Alexis Castro,Midfield,1994-10-18,Argentina,,2051,Estudiantes de La Plata,2152
59534,Lucas Piovi,Midfield,1992-01-01,Argentina,,2051,Estudiantes de La Plata,2152
133926,Facundo Farías,Midfield,2002-08-28,Argentina,,2051,Estudiantes de La Plata,2152
169275,Edwuin Cetré,Midfield,1998-01-01,Colombia,,2051,Estudiantes de La Plata,2152
261839,Mikel Amondarain,Midfield,2005-01-06,Argentina,,2051,Estudiantes de La Plata,2152
270301,Fabricio Pérez Escudero,Midfield,2005-12-07,Argentina,,2051,Estudiantes de La Plata,2152
270901,Lucas Cornejo,Midfield,2005-03-01,Argentina,,2051,Estudiantes de La Plata,2152
270904,Joaquin Tobio Burgos,Midfield,2004-12-14,Argentina,,2051,Estudiantes de La Plata,2152
293114,Thiago Gonzalez,Midfield,2007-05-16,Argentina,,2051,Estudiantes de La Plata,2152
8103,Guido Carrillo,Offence,1991-05-25,Argentina,,2051,Estudiantes de La Plata,2152
81447,Adolfo Gaich,Offence,1999-02-26,Argentina,,2051,Estudiantes de La Plata,2152
157171,Brian Aguirre,Offence,2003-01-06,Argentina,,2051,Estudiantes de La Plata,2152
250342,Tiago Palacios,Offence,2001-03-28,Argentina,,2051,Estudiantes de La Plata,2152
282357,Franco Domínguez,Offence,2007-07-07,Argentina,,2051,Estudiantes de La Plata,2152
290942,Franco Basualdo,Offence,2007-02-05,Argentina,,2051,Estudiantes de La Plata,2152
142990,Tiago Palacios,Centre-Back,2003-04-28,Argentina,,2051,Estudiantes de La Plata,2152
154,Lucas Alario,Centre-Forward,1992-10-08,Argentina,,2051,Estudiantes de La Plata,2152
59456,Ramiro Macagno,Goalkeeper,1997-03-18,Argentina,,2052,CS Independiente Rivadavia,2152
179098,Emmanuel Gómez Riga,Goalkeeper,2001-09-14,Argentina,,2052,CS Independiente Rivadavia,2152
288901,Nicolás Bolcato,Goalkeeper,2004-05-06,Argentina,,2052,CS Independiente Rivadavia,2152
45717,Luciano Gómez,Defence,1996-03-22,Argentina,,2052,CS Independiente Rivadavia,2152
46485,Ezequiel Bonifacio,Defence,1994-05-09,Argentina,,2052,CS Independiente Rivadavia,2152
72745,Iván Villalba,Defence,1995-01-19,Paraguay,,2052,CS Independiente Rivadavia,2152
191809,Leonard Costa,Defence,1998-08-24,Uruguay,,2052,CS Independiente Rivadavia,2152
204058,Sheyko Studer,Defence,2002-11-12,Argentina,,2052,CS Independiente Rivadavia,2152
207567,Luciano Suárez,Defence,2004-02-23,Argentina,,2052,CS Independiente Rivadavia,2152
261975,Juan Elordi,Defence,1994-08-21,Argentina,,2052,CS Independiente Rivadavia,2152
274461,Alejo Osella,Defence,2000-09-30,Argentina,,2052,CS Independiente Rivadavia,2152
290943,Matías Salvo,Defence,2004-11-11,Argentina,,2052,CS Independiente Rivadavia,2152
290944,Santiago Cena,Defence,2005-03-16,Argentina,,2052,CS Independiente Rivadavia,2152
291079,Nahuel Arena,Defence,1998-06-02,Argentina,,2052,CS Independiente Rivadavia,2152
122423,Jose Florentín,Midfield,1996-07-05,Paraguay,,2052,CS Independiente Rivadavia,2152
135101,Luis Sequeira,Midfield,2003-01-08,Argentina,,2052,CS Independiente Rivadavia,2152
153922,Stéfano Moreyra,Midfield,2001-09-19,Argentina,,2052,CS Independiente Rivadavia,2152
165375,Gonzalo Ríos,Midfield,1999-01-27,Argentina,,2052,CS Independiente Rivadavia,2152
165929,Tomás Bottari,Midfield,2001-04-26,Argentina,,2052,CS Independiente Rivadavia,2152
184501,Tomas Muro,Midfield,2002-05-05,Argentina,,2052,CS Independiente Rivadavia,2152
192211,Alessandro Riep,Midfield,2003-07-03,Chile,,2052,CS Independiente Rivadavia,2152
250481,Kevin Vázquez,Midfield,2001-03-19,Argentina,,2052,CS Independiente Rivadavia,2152
290939,Facundo Ortiz,Midfield,2006-03-03,Argentina,,2052,CS Independiente Rivadavia,2152
22485,Sebastián Villa,Offence,1996-05-19,Colombia,,2052,CS Independiente Rivadavia,2152
46394,Victorio Ramis,Offence,1994-07-07,Argentina,,2052,CS Independiente Rivadavia,2152
127159,Matías Fernández,Offence,2001-06-23,Argentina,,2052,CS Independiente Rivadavia,2152
193564,Fabrizio Sartori,Offence,2002-07-15,Argentina,,2052,CS Independiente Rivadavia,2152
193606,Rodrigo Atencio,Offence,2002-06-30,Argentina,,2052,CS Independiente Rivadavia,2152
250206,Alex Arce,Offence,1995-06-16,Paraguay,,2052,CS Independiente Rivadavia,2152
279094,Juan Bautista Dadín,Offence,2006-05-20,Argentina,,2052,CS Independiente Rivadavia,2152
290940,Luciano Sábato,Offence,2008-05-28,Argentina,,2052,CS Independiente Rivadavia,2152
290941,Diego Crego,Offence,1997-06-19,Argentina,,2052,CS Independiente Rivadavia,2152
153938,Leonel Bucca,Central Midfield,1999-03-20,Argentina,,2052,CS Independiente Rivadavia,2152
21388,Brayan Cortés,Goalkeeper,1995-03-11,Chile,,2058,AA Argentinos Juniors,2152
44606,Diego Rodríguez,Goalkeeper,1989-06-25,Argentina,,2058,AA Argentinos Juniors,2152
250362,Gonzalo Siri Payer,Goalkeeper,2003-02-01,Argentina,,2058,AA Argentinos Juniors,2152
270344,Agustin Mangiaut,Goalkeeper,2004-05-24,Argentina,,2058,AA Argentinos Juniors,2152
45708,Claudio Bravo,Defence,1997-03-13,Argentina,,2058,AA Argentinos Juniors,2152
45742,Érik Godoy,Defence,1993-08-16,Argentina,,2058,AA Argentinos Juniors,2152
46083,Francisco Álvarez,Defence,2000-02-26,Argentina,,2058,AA Argentinos Juniors,2152
59709,Luciano Sánchez,Defence,1994-01-25,Argentina,,2058,AA Argentinos Juniors,2152
82660,Sebastián Prieto,Defence,1993-04-09,Argentina,,2058,AA Argentinos Juniors,2152
127269,Leandro Lozano,Defence,1998-12-19,Uruguay,,2058,AA Argentinos Juniors,2152
142935,Franco Paredes,Defence,1999-03-18,Argentina,,2058,AA Argentinos Juniors,2152
170457,Roman Riquelme,Defence,2002-05-18,Argentina,,2058,AA Argentinos Juniors,2152
228248,Kevin Coronel,Defence,2004-08-11,Argentina,,2058,AA Argentinos Juniors,2152
285281,Thiago Yáñez,Defence,2008-03-06,Argentina,,2058,AA Argentinos Juniors,2152
288908,Facundo Carrizo,Defence,2007-05-31,Argentina,,2058,AA Argentinos Juniors,2152
295118,Santino Gianini,Defence,2008-09-24,Argentina,,2058,AA Argentinos Juniors,2152
11658,Enzo Pérez,Midfield,1986-02-22,Argentina,,2058,AA Argentinos Juniors,2152
23697,Nicolás Oroz,Midfield,1994-04-01,Argentina,,2058,AA Argentinos Juniors,2152
46180,Federico Fattori,Midfield,1992-07-22,Argentina,,2058,AA Argentinos Juniors,2152
115543,Hernán López Muñoz,Midfield,2000-09-07,Argentina,,2058,AA Argentinos Juniors,2152
119015,César Florentín,Midfield,1999-03-13,Argentina,,2058,AA Argentinos Juniors,2152
165901,Joaquín Gho,Midfield,2003-05-14,Argentina,,2058,AA Argentinos Juniors,2152
170670,Lautaro Giaccone,Midfield,2001-02-01,Argentina,,2058,AA Argentinos Juniors,2152
204097,Emiliano Viveros,Midfield,2002-09-30,Argentina,,2058,AA Argentinos Juniors,2152
250553,Lucas Gómez,Midfield,2004-06-17,Argentina,,2058,AA Argentinos Juniors,2152
253016,Diego Porcel,Midfield,2005-01-21,Argentina,,2058,AA Argentinos Juniors,2152
23481,Iván Morales,Offence,1999-07-29,Chile,,2058,AA Argentinos Juniors,2152
45691,Gastón Verón,Offence,2001-04-23,Argentina,,2058,AA Argentinos Juniors,2152
45885,Tomás Molina,Offence,1995-04-12,Argentina,,2058,AA Argentinos Juniors,2152
46542,Leandro Fernández,Offence,1991-03-12,Argentina,,2058,AA Argentinos Juniors,2152
112968,Matías Giménez,Offence,1999-03-06,Argentina,,2058,AA Argentinos Juniors,2152
183234,Ryoga Kida,Offence,2005-07-15,Japan,,2058,AA Argentinos Juniors,2152
204066,Alan Lescano,Offence,2001-11-11,Argentina,,2058,AA Argentinos Juniors,2152
282992,Gastón Bouhier,Offence,2008-01-01,Argentina,,2058,AA Argentinos Juniors,2152
291077,Facundo Jainikoski,Offence,2008-03-15,Argentina,,2058,AA Argentinos Juniors,2152
293763,Rodrigo Fernández,Offence,2007-01-24,Argentina,,2058,AA Argentinos Juniors,2152
153979,Gino Infantino,Central Midfield,2003-05-19,Argentina,,2058,AA Argentinos Juniors,2152
39093,Agustín Marchesín,Goalkeeper,1988-03-16,Argentina,,2061,CA Boca Juniors,2152
46557,Javier García,Goalkeeper,1987-01-29,Argentina,,2061,CA Boca Juniors,2152
178795,Leandro Brey,Goalkeeper,2002-09-21,Argentina,,2061,CA Boca Juniors,2152
46522,Jorge Figal,Defence,1994-04-03,Argentina,,2061,CA Boca Juniors,2152
98582,Marcelo Weigandt,Defence,2000-01-11,Argentina,,2061,CA Boca Juniors,2152
125930,Juan Barinaga,Defence,2000-10-10,Argentina,,2061,CA Boca Juniors,2152
153980,Lautaro Blanco,Defence,1999-02-19,Argentina,,2061,CA Boca Juniors,2152
156850,Ayrton Costa,Defence,1999-07-12,Argentina,,2061,CA Boca Juniors,2152
183486,Lautaro Di Lollo,Defence,2004-03-10,Argentina,,2061,CA Boca Juniors,2152
261832,Dylan Gorosito,Defence,2006-02-03,Argentina,,2061,CA Boca Juniors,2152
1454,Ángel Romero,Midfield,1992-07-04,Paraguay,,2061,CA Boca Juniors,2152
3214,Leandro Paredes,Midfield,1994-06-29,Argentina,,2061,CA Boca Juniors,2152
9403,Santiago Ascacíbar,Midfield,1997-02-25,Argentina,,2061,CA Boca Juniors,2152
15885,Rodrigo Battaglia,Midfield,1991-07-12,Argentina,,2061,CA Boca Juniors,2152
23479,William Alarcón,Midfield,2000-11-29,Chile,,2061,CA Boca Juniors,2152
23888,Carlos Palacios,Midfield,2000-07-20,Chile,,2061,CA Boca Juniors,2152
45919,Tomás Belmonte,Midfield,1998-05-27,Argentina,,2061,CA Boca Juniors,2152
59996,Malcom Braida,Midfield,1997-05-17,Argentina,,2061,CA Boca Juniors,2152
153852,Kevin Zenon,Midfield,2001-07-30,Argentina,,2061,CA Boca Juniors,2152
250569,Milton Delgado,Midfield,2005-06-16,Argentina,,2061,CA Boca Juniors,2152
274416,Camilo Rey Domenech,Midfield,2006-03-10,Argentina,,2061,CA Boca Juniors,2152
291762,Tomás Aranda,Midfield,2007-05-09,Argentina,,2061,CA Boca Juniors,2152
3170,Edinson Cavani,Offence,1987-02-14,Uruguay,,2061,CA Boca Juniors,2152
33776,Miguel Merentiel,Offence,1996-02-24,Uruguay,,2061,CA Boca Juniors,2152
46233,Lucas Janson,Offence,1994-08-16,Argentina,,2061,CA Boca Juniors,2152
76337,Adam Bareiro,Offence,1996-07-26,Paraguay,,2061,CA Boca Juniors,2152
118906,Alan Velasco,Offence,2002-07-27,Argentina,,2061,CA Boca Juniors,2152
153632,Exequiel Zeballos,Offence,2002-04-24,Argentina,,2061,CA Boca Juniors,2152
166051,Milton Giménez,Offence,1996-08-12,Argentina,,2061,CA Boca Juniors,2152
170917,Erik Bodencer,Offence,2000-03-08,Argentina,,2061,CA Boca Juniors,2152
250463,Iker Zufiaurre,Offence,2005-08-07,Argentina,,2061,CA Boca Juniors,2152
291761,Gonzalo Gelini,Offence,2006-12-15,Argentina,,2061,CA Boca Juniors,2152
291763,Leonel Flores,Offence,2007-02-06,Argentina,,2061,CA Boca Juniors,2152
7904,Ander Herrera,Central Midfield,1989-08-14,Spain,,2061,CA Boca Juniors,2152
196495,Marco Pellegrino,Centre-Back,2002-07-18,Argentina,,2061,CA Boca Juniors,2152
169011,Agustin Martegani,Attacking Midfield,2000-03-20,Argentina,,2061,CA Boca Juniors,2152
11711,Franco Petroli,Goalkeeper,1998-06-11,Argentina,,2066,CA Lanús,2152
59580,Nahuel Losada,Goalkeeper,1993-04-17,Argentina,,2066,CA Lanús,2152
286174,Evaristo Dieguiz,Goalkeeper,2005-10-25,Argentina,,2066,CA Lanús,2152
291171,Martín Díaz,Goalkeeper,2007-03-14,Argentina,,2066,CA Lanús,2152
39543,Carlos Izquierdoz,Defence,1988-11-03,Argentina,,2066,CA Lanús,2152
82648,Nicolás Morgantini,Defence,1994-09-11,Argentina,,2066,CA Lanús,2152
147602,Gonzalo Pérez,Defence,2001-01-04,Uruguay,,2066,CA Lanús,2152
168832,Tomas Ezequiel Guidara,Defence,1996-03-13,Argentina,,2066,CA Lanús,2152
169605,Felipe Pena Biafore,Defence,2001-04-05,Argentina,,2066,CA Lanús,2152
170740,Sasha Marcich,Defence,1998-05-29,Argentina,,2066,CA Lanús,2152
178832,José Canale,Defence,1996-07-20,Paraguay,,2066,CA Lanús,2152
179185,Ronaldo De Jesús,Defence,2001-04-21,Paraguay,,2066,CA Lanús,2152
263621,Agustín Medina,Defence,2006-10-24,Argentina,,2066,CA Lanús,2152
272192,Luciano Romero,Defence,2006-01-03,Argentina,,2066,CA Lanús,2152
277688,Facundo Sanchez,Defence,2005-08-07,Argentina,,2066,CA Lanús,2152
278216,Thiago Laplace,Defence,2006-04-03,Argentina,,2066,CA Lanús,2152
285581,Tobías Quiroz,Defence,2005-03-23,Argentina,,2066,CA Lanús,2152
291173,Tomás López,Defence,2007-08-14,Argentina,,2066,CA Lanús,2152
22465,Raúl Loaiza,Midfield,1994-06-08,Colombia,,2066,CA Lanús,2152
23694,Matías Sepúlveda,Midfield,1999-03-12,Chile,,2066,CA Lanús,2152
23889,Ramiro Carrera,Midfield,1993-10-24,Argentina,,2066,CA Lanús,2152
45916,Marcelino Moreno,Midfield,1994-06-25,Argentina,,2066,CA Lanús,2152
46224,Agustín Cardozo,Midfield,1997-05-30,Argentina,,2066,CA Lanús,2152
204091,Franco Watson,Midfield,2002-07-25,Argentina,,2066,CA Lanús,2152
263623,Mariano Gerez,Midfield,2006-01-19,Argentina,,2066,CA Lanús,2152
280507,Yoshan Valois,Midfield,2004-10-04,Colombia,,2066,CA Lanús,2152
11706,Walter Bou,Offence,1993-08-25,Argentina,,2066,CA Lanús,2152
16745,Eduardo Salvio,Offence,1990-05-13,Argentina,,2066,CA Lanús,2152
153575,Lucas Besozzi,Offence,2003-01-22,Argentina,,2066,CA Lanús,2152
207555,Dylan Aquino,Offence,2005-06-04,Argentina,,2066,CA Lanús,2152
250697,Bruno Cabrera,Offence,2003-05-21,Argentina,,2066,CA Lanús,2152
263618,Thiago Balbuena,Offence,2006-03-16,Argentina,,2066,CA Lanús,2152
270555,Alexis González,Offence,2005-01-04,Argentina,,2066,CA Lanús,2152
277726,Benjamin Acosta,Offence,2006-02-08,Argentina,,2066,CA Lanús,2152
282455,Thomas de Martis,Offence,2008-06-26,Argentina,,2066,CA Lanús,2152
15467,Jorge Broun,Goalkeeper,1986-05-26,Argentina,,2070,CA Rosario Central,2152
45996,Jeremías Ledesma,Goalkeeper,1993-02-13,Argentina,,2070,CA Rosario Central,2152
292479,Leonardo Sosa,Goalkeeper,2007-04-18,Paraguay,,2070,CA Rosario Central,2152
28649,Facundo Mallo,Defence,1995-01-16,Uruguay,,2070,CA Rosario Central,2152
45704,Emanuel Coronel,Defence,1997-02-01,Argentina,,2070,CA Rosario Central,2152
46117,Carlos Quintana,Defence,1988-02-11,Argentina,,2070,CA Rosario Central,2152
46119,Juan Komar,Defence,1996-08-13,Argentina,,2070,CA Rosario Central,2152
46564,Alexis Soto,Defence,1993-10-20,Argentina,,2070,CA Rosario Central,2152
168907,Agustin Sandez,Defence,2001-01-16,Paraguay,,2070,CA Rosario Central,2152
250122,Juan Giménez,Defence,2006-04-27,Argentina,,2070,CA Rosario Central,2152
272935,Luca Raffin,Defence,2006-01-13,Argentina,,2070,CA Rosario Central,2152
275363,Ignacio Ovando,Defence,2007-06-29,Argentina,,2070,CA Rosario Central,2152
289153,Elías Verón,Defence,2007-03-07,Argentina,,2070,CA Rosario Central,2152
289330,Leonardo Rios,Defence,2006-11-09,Argentina,,2070,CA Rosario Central,2152
291279,Alvaro Güich,Defence,2009-03-23,Argentina,,2070,CA Rosario Central,2152
294267,Marco Vicente,Defence,2007-02-14,Argentina,,2070,CA Rosario Central,2152
294295,Marcelo Cabrera,Defence,2006-09-10,Argentina,,2070,CA Rosario Central,2152
294560,Franco Castorani,Defence,2006-02-05,Argentina,,2070,CA Rosario Central,2152
295117,Asael Oviedo,Defence,2006-04-15,Argentina,,2070,CA Rosario Central,2152
46379,Guillermo Fernández,Midfield,1991-10-11,Argentina,,2070,CA Rosario Central,2152
59445,Enzo Copetti,Midfield,1996-01-16,Argentina,,2070,CA Rosario Central,2152
83008,Federico Navarro,Midfield,2000-03-09,Argentina,,2070,CA Rosario Central,2152
133700,Franco Ibarra,Midfield,2001-04-28,Argentina,,2070,CA Rosario Central,2152
142835,Vicente Pizarro,Midfield,2002-11-05,Chile,,2070,CA Rosario Central,2152
170245,Jaminton Campaz,Midfield,2000-05-24,Colombia,,2070,CA Rosario Central,2152
179091,Julián Fernández,Midfield,2004-01-03,Argentina,,2070,CA Rosario Central,2152
179219,Enzo Giménez,Midfield,1998-02-17,Paraguay,,2070,CA Rosario Central,2152
264233,Kevin Gutiérrez,Midfield,2006-01-30,Argentina,,2070,CA Rosario Central,2152
270577,Santiago Segovia,Midfield,2007-03-26,Argentina,,2070,CA Rosario Central,2152
277628,Giovanni Cantizano,Midfield,2007-03-21,Argentina,,2070,CA Rosario Central,2152
291760,Paolo Giaccone,Midfield,2007-08-07,Argentina,,2070,CA Rosario Central,2152
292733,Juan Scaglia,Midfield,2009-01-30,Argentina,,2070,CA Rosario Central,2152
293641,Lucas Ramos,Midfield,2006-01-13,Argentina,,2070,CA Rosario Central,2152
294296,Bautista Cantero,Midfield,2008-06-28,Argentina,,2070,CA Rosario Central,2152
46027,Marco Rubén,Offence,1986-10-26,Argentina,,2070,CA Rosario Central,2152
185964,Fabricio Oviedo,Offence,2004-02-12,Argentina,,2070,CA Rosario Central,2152
270797,Gaspar Duarte,Offence,2003-01-06,Argentina,,2070,CA Rosario Central,2152
295120,Lisandro Duarte,Offence,2007-07-27,Argentina,,2070,CA Rosario Central,2152
170962,Alejo Veliz,Centre-Forward,2003-09-19,Argentina,,2070,CA Rosario Central,2152
140850,Gastón Ávila,Centre-Back,2001-09-30,Argentina,,2070,CA Rosario Central,2152
3210,Ángel di María,Right Winger,1988-02-14,Argentina,,2070,CA Rosario Central,2152
17504,Diego Méndez,Goalkeeper,1990-10-05,Bolivia,,4261,Club Bolívar,2152
23335,Carlos Lampe,Goalkeeper,1987-03-17,Bolivia,,4261,Club Bolívar,2152
294356,Juan Jose López,Goalkeeper,2006-07-24,Bolivia,,4261,Club Bolívar,2152
17335,José Sagredo,Defence,1994-03-10,Bolivia,,4261,Club Bolívar,2152
17346,Jesús Sagredo,Defence,1994-03-10,Bolivia,,4261,Club Bolívar,2152
22082,Santiago Echeverría,Defence,1990-03-28,Argentina,,4261,Club Bolívar,2152
24536,Xavier Arreaga,Defence,1994-09-28,Ecuador,,4261,Club Bolívar,2152
153936,Ignacio Gariglio,Defence,1998-12-20,Argentina,,4261,Club Bolívar,2152
205608,Luiz Paz,Defence,2004-06-09,Bolivia,,4261,Club Bolívar,2152
277565,Anderson Ayhuana,Defence,2006-01-30,Bolivia,,4261,Club Bolívar,2152
278002,Fernando Mena,Defence,2008-09-22,Bolivia,,4261,Club Bolívar,2152
278861,Heiden Butrón,Defence,2006-09-17,Bolivia,,4261,Club Bolívar,2152
294339,Cristian Vedia,Defence,2005-05-26,Bolivia,,4261,Club Bolívar,2152
4527,Patricio Rodríguez,Midfield,1990-05-04,Argentina,,4261,Club Bolívar,2152
17301,Erwin Saavedra,Midfield,1996-02-22,Bolivia,,4261,Club Bolívar,2152
17386,Leonel Justiniano,Midfield,1992-07-02,Bolivia,,4261,Club Bolívar,2152
46650,Christian Alemán,Midfield,1996-02-05,Ecuador,,4261,Club Bolívar,2152
168776,Carlos Melgar,Midfield,1994-11-04,Bolivia,,4261,Club Bolívar,2152
178903,Lucas Chávez,Midfield,2003-04-17,Bolivia,,4261,Club Bolívar,2152
179076,Jhon Velásquez,Midfield,2003-04-22,Bolivia,,4261,Club Bolívar,2152
191801,Matías Galindo,Midfield,2006-04-10,Bolivia,,4261,Club Bolívar,2152
191878,Robson Matheus,Midfield,2002-05-18,Bolivia,,4261,Club Bolívar,2152
205578,John García,Midfield,2000-04-13,Bolivia,,4261,Club Bolívar,2152
218908,Carlos Sejas,Midfield,2004-01-10,Bolivia,,4261,Club Bolívar,2152
218911,Ervin Vaca,Midfield,2004-03-18,Bolivia,,4261,Club Bolívar,2152
250240,Escleizon Freita,Midfield,2007-01-25,Bolivia,,4261,Club Bolívar,2152
39632,Martín Cauteruccio,Offence,1987-04-14,Uruguay,,4261,Club Bolívar,2152
191821,Dorny Romero,Offence,1998-01-24,Dominican Republic,,4261,Club Bolívar,2152
250267,Brian Oyola,Offence,1996-06-15,Argentina,,4261,Club Bolívar,2152
17404,Elder Arauz,Goalkeeper,1990-04-23,Bolivia,,4265,Club Nacional Potosí,2152
220129,Jorge Mejia,Goalkeeper,2002-03-24,Bolivia,,4265,Club Nacional Potosí,2152
262993,Pedro Galindo,Goalkeeper,1995-04-13,Bolivia,,4265,Club Nacional Potosí,2152
276529,Ronaldiño Saigua,Goalkeeper,2005-09-20,Bolivia,,4265,Club Nacional Potosí,2152
17465,Nelson Amarilla,Defence,1987-07-20,Paraguay,,4265,Club Nacional Potosí,2152
17556,Oscar Baldomar,Defence,1996-02-16,Bolivia,,4265,Club Nacional Potosí,2152
120200,Luis Demiquel,Defence,2000-01-15,Bolivia,,4265,Club Nacional Potosí,2152
165567,Carlos Abastoflor,Defence,2002-04-09,Bolivia,,4265,Club Nacional Potosí,2152
262933,José Orellana,Defence,1988-02-02,Bolivia,,4265,Club Nacional Potosí,2152
263038,Javier Guerra,Defence,2004-04-06,Bolivia,,4265,Club Nacional Potosí,2152
17243,Rodrigo Ávila,Midfield,1995-03-03,Bolivia,,4265,Club Nacional Potosí,2152
17375,Erick Cano,Midfield,1999-03-15,Bolivia,,4265,Club Nacional Potosí,2152
17424,Diego Hoyos,Midfield,1992-09-29,Bolivia,,4265,Club Nacional Potosí,2152
22158,Edisson Restrepo,Midfield,1996-12-19,Colombia,,4265,Club Nacional Potosí,2152
24648,Maicon Solís,Midfield,1994-05-11,Ecuador,,4265,Club Nacional Potosí,2152
80841,Luis Pavia,Midfield,1999-03-16,Bolivia,,4265,Club Nacional Potosí,2152
166265,Yesit Martinez Salazar,Midfield,2002-01-31,Bolivia,,4265,Club Nacional Potosí,2152
191785,Andres Torrico,Midfield,2004-08-10,Bolivia,,4265,Club Nacional Potosí,2152
205607,Maxi Núñez,Midfield,1986-09-17,Argentina,,4265,Club Nacional Potosí,2152
276521,Schneider Peña,Midfield,2004-03-26,Bolivia,,4265,Club Nacional Potosí,2152
279416,Kevin Quiroz,Midfield,2005-01-07,Bolivia,,4265,Club Nacional Potosí,2152
279437,Jhojan Arce,Midfield,2006-01-07,Bolivia,,4265,Club Nacional Potosí,2152
292522,Asaf Patzi,Midfield,2004-09-14,Bolivia,,4265,Club Nacional Potosí,2152
292599,Kevin Bailaba,Midfield,2007-07-04,Bolivia,,4265,Club Nacional Potosí,2152
294651,Kevin Medina,Midfield,2007-07-04,Bolivia,,4265,Club Nacional Potosí,2152
17298,Denis Pinto,Offence,1995-08-25,Bolivia,,4265,Club Nacional Potosí,2152
17304,Pedro Azogue,Offence,1994-12-06,Bolivia,,4265,Club Nacional Potosí,2152
191872,Tommy Tobar,Offence,1986-11-21,Colombia,,4265,Club Nacional Potosí,2152
246894,Luis Zeballos,Offence,2002-05-07,Bolivia,,4265,Club Nacional Potosí,2152
263025,William Álvarez,Offence,1995-09-15,Bolivia,,4265,Club Nacional Potosí,2152
263124,Jorge Rojas,Offence,1993-12-06,Bolivia,,4265,Club Nacional Potosí,2152
276516,Alfredo García,Offence,2002-03-07,Bolivia,,4265,Club Nacional Potosí,2152
292600,Óscar Villalba,Offence,1991-05-03,Argentina,,4265,Club Nacional Potosí,2152
140583,Diego Valdivia,Goalkeeper,2001-04-14,Bolivia,,4267,Club The Strongest,2152
192822,Luis Banegas,Goalkeeper,1995-11-08,Bolivia,,4267,Club The Strongest,2152
287646,Sebastian Arismendi,Goalkeeper,2005-10-08,Bolivia,,4267,Club The Strongest,2152
17337,Widen Saucedo,Defence,1997-03-01,Bolivia,,4267,Club The Strongest,2152
17385,Pablo Pedraza,Defence,1995-03-10,Bolivia,,4267,Club The Strongest,2152
22572,José Moya Rojas,Defence,1992-08-07,Colombia,,4267,Club The Strongest,2152
103386,Adrían Jusino,Defence,1992-07-09,Bolivia,,4267,Club The Strongest,2152
166263,Martín Chiatti,Defence,1992-12-01,Argentina,,4267,Club The Strongest,2152
286410,Yamil Portuncho,Defence,2006-01-26,Bolivia,,4267,Club The Strongest,2152
17281,Carlos Roca,Midfield,1997-05-11,Bolivia,,4267,Club The Strongest,2152
17285,Kevin Salvatierra,Midfield,2001-08-05,Bolivia,,4267,Club The Strongest,2152
17303,Jaime Arrascaita,Midfield,1993-09-02,Bolivia,,4267,Club The Strongest,2152
17541,Raúl Castro,Midfield,1989-08-19,Bolivia,,4267,Club The Strongest,2152
17605,Santiago Arce,Midfield,2000-05-30,Bolivia,,4267,Club The Strongest,2152
22228,Adrián Estacio,Midfield,1998-04-20,Colombia,,4267,Club The Strongest,2152
100114,Jonathan Bustos,Midfield,1994-06-29,Argentina,,4267,Club The Strongest,2152
105641,Jovani Welch,Midfield,1999-12-07,Panama,,4267,Club The Strongest,2152
142032,Victor Cuellar,Midfield,2000-09-23,Bolivia,,4267,Club The Strongest,2152
220196,Kevin Romay,Midfield,1994-04-17,Bolivia,,4267,Club The Strongest,2152
263178,Juan Cuéllar,Midfield,2006-12-27,Bolivia,,4267,Club The Strongest,2152
264742,Dilan Saavedra,Midfield,2006-04-10,Bolivia,,4267,Club The Strongest,2152
277583,Santiago Melgar,Midfield,2005-06-04,Bolivia,,4267,Club The Strongest,2152
283137,Jhosep Michel,Midfield,2008-09-15,Bolivia,,4267,Club The Strongest,2152
287416,Roy Ribertt Ribera,Midfield,2007-07-31,Bolivia,,4267,Club The Strongest,2152
17436,Victor Abrego,Offence,1997-02-11,Bolivia,,4267,Club The Strongest,2152
17613,Carmelo Algarañaz,Offence,1996-01-27,Bolivia,,4267,Club The Strongest,2152
141360,Gabriel Sotomayor,Offence,1999-07-02,Bolivia,,4267,Club The Strongest,2152
192770,Fabricio Quaglio,Offence,2003-07-30,Bolivia,,4267,Club The Strongest,2152
253470,Darwin Lom,Offence,1997-07-14,Guatemala,,4267,Club The Strongest,2152
253628,Carlos Ventura,Offence,1997-08-24,Dominican Republic,,4267,Club The Strongest,2152
287779,Pedro Espiritu,Offence,,Bolivia,,4267,Club The Strongest,2152
23807,Miguel Vargas,Goalkeeper,1996-06-15,Chile,,4268,Club Universitario de Deportes,2152
148986,Diego Romero,Goalkeeper,2001-08-17,Peru,,4268,Club Universitario de Deportes,2152
3775,Aldo Corzo,Defence,1989-05-20,Peru,,4268,Club Universitario de Deportes,2152
46179,Williams Riveros,Defence,1992-11-20,Paraguay,,4268,Club Universitario de Deportes,2152
59513,Matías Di Benedetto,Defence,1992-11-19,Argentina,,4268,Club Universitario de Deportes,2152
83715,Caín Fara,Defence,1994-03-06,Argentina,,4268,Club Universitario de Deportes,2152
3791,Édison Flores,Midfield,1994-05-14,Peru,,4268,Club Universitario de Deportes,2152
3792,Andy Polo,Midfield,1994-09-29,Peru,,4268,Club Universitario de Deportes,2152
44159,Horacio Calcaterra,Midfield,1989-02-22,Peru,,4268,Club Universitario de Deportes,2152
44215,Jorge Murrugarra,Midfield,1997-03-22,Peru,,4268,Club Universitario de Deportes,2152
58677,Jairo Concha,Midfield,1999-05-27,Peru,,4268,Club Universitario de Deportes,2152
59863,Martín Pérez Guedes,Midfield,1991-08-18,Argentina,,4268,Club Universitario de Deportes,2152
98508,Lisandro Alzugaray,Midfield,1990-04-17,Argentina,,4268,Club Universitario de Deportes,2152
112815,Paolo Reyna,Midfield,2001-10-13,Peru,,4268,Club Universitario de Deportes,2152
118755,Miguel Silveira,Midfield,2003-03-26,Brazil,,4268,Club Universitario de Deportes,2152
141639,José Carabalí,Midfield,1997-05-19,Ecuador,,4268,Club Universitario de Deportes,2152
181357,Hugo Ancajima,Midfield,1998-02-10,Peru,,4268,Club Universitario de Deportes,2152
264367,Rodrigo Dioses,Midfield,2005-02-20,Peru,,4268,Club Universitario de Deportes,2152
275293,Sebastián Flores,Midfield,2005-06-15,Peru,,4268,Club Universitario de Deportes,2152
291782,Fabián Cabanillas,Midfield,2005-06-05,Peru,,4268,Club Universitario de Deportes,2152
291793,Diogo Vásquez,Midfield,2007-03-17,Peru,,4268,Club Universitario de Deportes,2152
32656,Sékou Gassama,Offence,1995-05-06,Senegal,,4268,Club Universitario de Deportes,2152
44273,José Rivera,Offence,1997-05-08,Peru,,4268,Club Universitario de Deportes,2152
45952,Héctor Fértoli,Offence,1994-12-03,Argentina,,4268,Club Universitario de Deportes,2152
141186,Alex Valera,Offence,1996-05-16,Peru,,4268,Club Universitario de Deportes,2152
181263,Bryan Reyna,Offence,1998-08-23,Peru,,4268,Club Universitario de Deportes,2152
181294,Cesar Inga,Offence,2002-04-30,Peru,,4268,Club Universitario de Deportes,2152
291789,Jhon Guzmán,Offence,2010-06-05,Peru,,4268,Club Universitario de Deportes,2152
291791,Christipher Loayza,Offence,2007-06-05,Peru,,4268,Club Universitario de Deportes,2152
3787,Anderson Santamaría,Centre-Back,1992-01-10,Peru,,4268,Club Universitario de Deportes,2152
114011,Jesús Castillo,Defensive Midfield,2001-06-11,Peru,,4268,Club Universitario de Deportes,2152
1432,Walter,Goalkeeper,1987-11-18,Brazil,,4364,Mirassol FC,2152
18166,Georgemy,Goalkeeper,1995-08-15,Brazil,,4364,Mirassol FC,2152
44810,Alex Muralha,Goalkeeper,1989-11-10,Brazil,,4364,Mirassol FC,2152
203727,Lacerda,Goalkeeper,2005-02-13,Brazil,,4364,Mirassol FC,2152
291157,Thomazella,Goalkeeper,1990-08-15,Brazil,,4364,Mirassol FC,2152
1181,Victor Luis,Defence,1993-06-23,Brazil,,4364,Mirassol FC,2152
1340,Reinaldo,Defence,1989-09-28,Brazil,,4364,Mirassol FC,2152
12931,Daniel Borges,Defence,1993-03-23,Brazil,,4364,Mirassol FC,2152
13516,Willian Machado,Defence,1996-11-13,Brazil,,4364,Mirassol FC,2152
18206,Rodrigues,Defence,1997-10-10,Brazil,,4364,Mirassol FC,2152
103442,João Victor,Defence,1997-09-02,Brazil,,4364,Mirassol FC,2152
181603,Igor Formiga,Defence,1999-01-08,Brazil,,4364,Mirassol FC,2152
220659,Luiz Fernando,Defence,2008-02-07,Brazil,,4364,Mirassol FC,2152
292400,Marcelo Barbosa,Defence,2008-07-26,Brazil,,4364,Mirassol FC,2152
272,Gabriel,Midfield,1993-09-18,Brazil,,4364,Mirassol FC,2152
1348,Shaylon,Midfield,1997-04-27,Brazil,,4364,Mirassol FC,2152
13355,Yuri,Midfield,1994-04-20,Brazil,,4364,Mirassol FC,2152
18894,Everton,Midfield,1997-03-17,Brazil,,4364,Mirassol FC,2152
23363,Lucas Mugni,Midfield,1992-01-12,Argentina,,4364,Mirassol FC,2152
95982,Alesson,Midfield,1999-02-16,Brazil,,4364,Mirassol FC,2152
103163,Chico,Midfield,1991-05-16,Brazil,,4364,Mirassol FC,2152
103448,Edson Carioca,Midfield,1998-06-04,Brazil,,4364,Mirassol FC,2152
121909,José Aldo,Midfield,1998-07-25,Brazil,,4364,Mirassol FC,2152
179829,Denilson Alves,Midfield,2001-03-23,Brazil,,4364,Mirassol FC,2152
183580,Carlos Eduardo,Midfield,1989-10-17,Brazil,,4364,Mirassol FC,2152
292401,Vinicius Bacchi,Midfield,2007-07-12,Brazil,,4364,Mirassol FC,2152
294117,Giovanni Pacheco,Midfield,2006-07-19,Brazil,,4364,Mirassol FC,2152
1426,Neto Moura,Offence,1996-08-06,Brazil,,4364,Mirassol FC,2152
1617,Igor Cariús,Offence,1993-05-01,Brazil,,4364,Mirassol FC,2152
13116,André Luis,Offence,1994-03-09,Brazil,,4364,Mirassol FC,2152
13939,Nathan,Offence,1999-06-09,Brazil,,4364,Mirassol FC,2152
15914,Tiquinho Soares,Offence,1991-01-17,Brazil,,4364,Mirassol FC,2152
18732,Negueba,Offence,1999-12-03,Brazil,,4364,Mirassol FC,2152
179043,Antonio Galeano,Offence,2000-03-22,Paraguay,,4364,Mirassol FC,2152
179144,Carlos Eduardo,Offence,1996-10-10,Brazil,,4364,Mirassol FC,2152
294118,Glaucon,Offence,2006-04-02,Brazil,,4364,Mirassol FC,2152
12818,Lucas Oliveira,Centre-Back,1996-02-02,Brazil,,4364,Mirassol FC,2152
178368,Luis Marquines,Goalkeeper,2003-04-10,Colombia,,4437,CD Tolima,2152
178909,Neto Volpi,Goalkeeper,1992-08-01,Brazil,,4437,CD Tolima,2152
182472,Gali Balanta,Goalkeeper,2002-02-19,Colombia,,4437,CD Tolima,2152
22184,Anderson Angulo,Defence,1996-07-01,Colombia,,4437,CD Tolima,2152
22249,Cristian Arrieta,Defence,1996-01-03,Colombia,,4437,CD Tolima,2152
151341,Jherson Mosquera,Defence,1999-09-18,Colombia,,4437,CD Tolima,2152
184778,Juan Torres Patiño,Defence,2004-06-22,Colombia,,4437,CD Tolima,2152
193609,Shean Barbosa,Defence,2004-04-07,Colombia,,4437,CD Tolima,2152
274566,Jan Angulo,Defence,2001-05-01,Colombia,,4437,CD Tolima,2152
282809,Michael Martinez,Defence,2009-03-16,Colombia,,4437,CD Tolima,2152
291899,Daniel Pedrozo,Defence,2004-03-19,Colombia,,4437,CD Tolima,2152
292986,Erik Álvarez,Defence,,Colombia,,4437,CD Tolima,2152
293764,Nilder Zapata,Defence,2008-07-20,Colombia,,4437,CD Tolima,2152
294541,Santiago Cabezas,Defence,2007-09-26,Colombia,,4437,CD Tolima,2152
22062,Sebastián Guzmán,Midfield,1997-05-26,Colombia,,4437,CD Tolima,2152
22096,Ever Valencia,Midfield,1997-01-23,Colombia,,4437,CD Tolima,2152
22379,Brayan Rovira,Midfield,1996-12-02,Colombia,,4437,CD Tolima,2152
22380,Luis Sandoval,Midfield,1999-06-01,Colombia,,4437,CD Tolima,2152
143077,Jersson González,Midfield,2001-09-15,Colombia,,4437,CD Tolima,2152
150731,Cristian Trujillo,Midfield,1998-08-08,Colombia,,4437,CD Tolima,2152
182414,Élan Ricardo,Midfield,2004-02-20,Colombia,,4437,CD Tolima,2152
182468,Juan José Mera González,Midfield,2002-03-12,Colombia,,4437,CD Tolima,2152
192163,Juan Pablo Nieto,Midfield,1993-02-25,Colombia,,4437,CD Tolima,2152
250583,Kelvin Flórez,Midfield,2004-02-07,Colombia,,4437,CD Tolima,2152
270483,Víctor Reyes,Midfield,2007-02-01,Colombia,,4437,CD Tolima,2152
282997,Joan Hernández,Midfield,2006-01-05,Colombia,,4437,CD Tolima,2152
286488,Yoimar Moreno,Midfield,2007-10-27,Colombia,,4437,CD Tolima,2152
21983,Edwar López,Offence,1995-03-09,Colombia,,4437,CD Tolima,2152
125707,Junior Hernández,Offence,1999-04-05,Colombia,,4437,CD Tolima,2152
178357,Jader Valencia,Offence,1999-11-15,Colombia,,4437,CD Tolima,2152
192076,Adrián Parra,Offence,1997-01-16,Colombia,,4437,CD Tolima,2152
285636,Yilmar Parra,Offence,2007-01-21,Colombia,,4437,CD Tolima,2152
292087,Neifer Sánchez,Offence,2007-10-04,Colombia,,4437,CD Tolima,2152
293765,Santiago Joven,Offence,2008-05-02,Colombia,,4437,CD Tolima,2152
295362,Juan Joven,Offence,2004-11-23,Colombia,,4437,CD Tolima,2152
15906,Yordan Osorio,Centre-Back,1994-05-10,Venezuela,,4437,CD Tolima,2152
22247,Jefersson Martínez,Goalkeeper,1993-08-16,Colombia,,4439,CDP Junior FC,2152
260148,Mauro Silveira,Goalkeeper,2000-05-06,Uruguay,,4439,CDP Junior FC,2152
294372,Danny Castro,Goalkeeper,2006-03-07,Colombia,,4439,CDP Junior FC,2152
22909,Edwin Herrera,Defence,1998-09-02,Colombia,,4439,CDP Junior FC,2152
129389,Jermein Peña,Defence,1999-10-16,Colombia,,4439,CDP Junior FC,2152
147736,Lucas Monzón,Defence,2001-09-29,Uruguay,,4439,CDP Junior FC,2152
178420,Yeison Súarez,Defence,1997-07-08,Colombia,,4439,CDP Junior FC,2152
246243,Daniel Rivera,Defence,1999-02-28,Colombia,,4439,CDP Junior FC,2152
262195,Jhomier Guerrero,Defence,2001-03-25,Colombia,,4439,CDP Junior FC,2152
294377,José Munive,Defence,2007-02-06,Colombia,,4439,CDP Junior FC,2152
295372,Andrés Shmalbach,Defence,2007-02-27,Colombia,,4439,CDP Junior FC,2152
3741,Yimmi Chará,Midfield,1991-04-02,Colombia,,4439,CDP Junior FC,2152
22304,Cristian Barrios,Midfield,1998-05-19,Colombia,,4439,CDP Junior FC,2152
23023,Harold Rivera,Midfield,1993-03-19,Colombia,,4439,CDP Junior FC,2152
37452,Guillermo Celis,Midfield,1993-05-08,Colombia,,4439,CDP Junior FC,2152
130904,Fabián Ángel,Midfield,2001-01-10,Colombia,,4439,CDP Junior FC,2152
131266,Kevin Pérez,Midfield,1997-07-18,Colombia,,4439,CDP Junior FC,2152
178325,Jean Carlos Pestaña,Midfield,1997-08-25,Colombia,,4439,CDP Junior FC,2152
178329,Juan Ríos,Midfield,1991-10-07,Colombia,,4439,CDP Junior FC,2152
264334,Joel Canchimbo,Midfield,2005-08-12,Colombia,,4439,CDP Junior FC,2152
264490,Jhon Navia,Midfield,2003-07-27,Colombia,,4439,CDP Junior FC,2152
275076,Jannenson Sarmiento,Midfield,1999-10-18,Colombia,,4439,CDP Junior FC,2152
290813,Dilan Villarreal,Midfield,2008-09-23,Colombia,,4439,CDP Junior FC,2152
291088,Carlos Pérez,Midfield,2007-09-07,Colombia,,4439,CDP Junior FC,2152
3740,Carlos Bacca,Offence,1986-09-08,Colombia,,4439,CDP Junior FC,2152
22171,Deiber Caicedo,Offence,2000-03-25,Colombia,,4439,CDP Junior FC,2152
22821,Teófilo Gutiérrez,Offence,1985-05-17,Colombia,,4439,CDP Junior FC,2152
23033,Jesús Rivas,Offence,1997-04-06,Colombia,,4439,CDP Junior FC,2152
89514,Bryan Castrillón,Offence,1999-03-30,Colombia,,4439,CDP Junior FC,2152
104820,Guillermo Paiva,Offence,1997-08-17,Paraguay,,4439,CDP Junior FC,2152
293096,Daniel Socarras,Offence,2007-10-03,Colombia,,4439,CDP Junior FC,2152
294376,Jairo Torres,Offence,2007-01-16,Colombia,,4439,CDP Junior FC,2152
57,Luis Muriel,Centre-Forward,1991-04-16,Colombia,,4439,CDP Junior FC,2152
22073,Andrés Mosquera,Goalkeeper,1991-09-10,Colombia,,4441,Independiente Santa Fe,2152
178456,Weimar Asprilla,Goalkeeper,1999-05-23,Colombia,,4441,Independiente Santa Fe,2152
278744,Carlos Nemocón,Goalkeeper,2008-04-21,Colombia,,4441,Independiente Santa Fe,2152
22115,Jeison Angulo,Defence,1996-06-27,Colombia,,4441,Independiente Santa Fe,2152
22470,Christian Mafla,Defence,1993-01-15,Colombia,,4441,Independiente Santa Fe,2152
22504,Helibelton Palacios,Defence,1993-06-09,Colombia,,4441,Independiente Santa Fe,2152
32206,Juan Quintero,Defence,1995-03-23,Colombia,,4441,Independiente Santa Fe,2152
39934,Yerson Candelo,Defence,1992-02-24,Colombia,,4441,Independiente Santa Fe,2152
45830,Emanuel Olivera,Defence,1990-04-02,Argentina,,4441,Independiente Santa Fe,2152
111262,Yílmar Velásquez,Defence,1999-08-21,Colombia,,4441,Independiente Santa Fe,2152
121987,Mateo Puerta,Defence,1997-06-12,Colombia,,4441,Independiente Santa Fe,2152
184785,Yeicar Perlaza Perea,Defence,2003-01-24,Colombia,,4441,Independiente Santa Fe,2152
217879,John Meléndez,Defence,2002-01-11,Colombia,,4441,Independiente Santa Fe,2152
278748,Jhon Renteria,Defence,2006-06-28,Colombia,,4441,Independiente Santa Fe,2152
294375,Samuel Herrera,Defence,2008-09-17,Colombia,,4441,Independiente Santa Fe,2152
281,Daniel Torres,Midfield,1989-11-15,Colombia,,4441,Independiente Santa Fe,2152
22986,Alexis Zapata,Midfield,1995-05-10,Colombia,,4441,Independiente Santa Fe,2152
142187,Iván Scarpeta,Midfield,1996-06-05,Colombia,,4441,Independiente Santa Fe,2152
154003,Ewil Murillo,Midfield,2000-06-21,Colombia,,4441,Independiente Santa Fe,2152
178448,Víctor Moreno,Midfield,1994-10-23,Colombia,,4441,Independiente Santa Fe,2152
192137,Kevin Cortés,Midfield,2003-08-06,Colombia,,4441,Independiente Santa Fe,2152
294373,Jhojan Zúñiga,Midfield,2007-10-06,Colombia,,4441,Independiente Santa Fe,2152
294378,Cristhian Portocarrero,Midfield,2007-10-06,Colombia,,4441,Independiente Santa Fe,2152
30321,Hugo Rodallega,Offence,1985-07-25,Colombia,,4441,Independiente Santa Fe,2152
39537,Omar Fernández,Offence,1993-02-11,Colombia,,4441,Independiente Santa Fe,2152
46029,Maximiliano Lovera,Offence,1999-03-09,Argentina,,4441,Independiente Santa Fe,2152
46144,Nahuel Bustos,Offence,1998-07-04,Argentina,,4441,Independiente Santa Fe,2152
73795,Jáder Obrian,Offence,1995-05-18,Colombia,,4441,Independiente Santa Fe,2152
116215,Edwin Mosquera,Offence,2001-06-27,Colombia,,4441,Independiente Santa Fe,2152
178923,Franco Fagúndez,Offence,2000-07-19,Uruguay,,4441,Independiente Santa Fe,2152
184781,Kilian Toscano Bassa,Offence,2004-03-02,Colombia,,4441,Independiente Santa Fe,2152
185923,Johan Torres,Offence,2003-01-12,Colombia,,4441,Independiente Santa Fe,2152
192702,Luis Palacios,Offence,2001-04-10,Colombia,,4441,Independiente Santa Fe,2152
275471,Marlon Balanta,Offence,2008-07-02,Colombia,,4441,Independiente Santa Fe,2152
280604,Martin Palacios,Offence,2007-05-15,Colombia,,4441,Independiente Santa Fe,2152
294374,Jimmy Martínez,Offence,2007-03-20,Colombia,,4441,Independiente Santa Fe,2152
294401,Yan Vega,Offence,2005-01-27,Colombia,,4441,Independiente Santa Fe,2152
168027,Martin Parra,Goalkeeper,2000-09-01,Chile,,4457,CD Huachipato,2152
247197,Sebastián Mella,Goalkeeper,2005-07-31,Chile,,4457,CD Huachipato,2152
260135,Rodrigo Odriozola,Goalkeeper,1988-08-31,Uruguay,,4457,CD Huachipato,2152
263694,Christian Bravo,Goalkeeper,2006-07-19,Chile,,4457,CD Huachipato,2152
291992,Ignacio Cruzat,Goalkeeper,2007-08-18,Chile,,4457,CD Huachipato,2152
23428,Rafael Caroca,Defence,1989-07-19,Chile,,4457,CD Huachipato,2152
23815,Mario Briceño,Defence,1996-06-20,Chile,,4457,CD Huachipato,2152
141800,Renzo Malanca,Defence,2003-05-06,Argentina,,4457,CD Huachipato,2152
168032,Cristian Toro,Defence,2000-11-10,Chile,,4457,CD Huachipato,2152
179322,José Castro,Defence,2001-10-13,Chile,,4457,CD Huachipato,2152
179361,Pablo Vargas,Defence,1993-09-15,Chile,,4457,CD Huachipato,2152
263697,Benjamín Mellado,Defence,2003-11-15,Chile,,4457,CD Huachipato,2152
263966,Lucas Velásquez,Defence,2006-02-02,Chile,,4457,CD Huachipato,2152
270225,Leonel Macaya,Defence,2005-09-30,Chile,,4457,CD Huachipato,2152
295221,Maximiliano Osorio,Defence,2005-03-19,Chile,,4457,CD Huachipato,2152
23328,Claudio Sepúlveda,Midfield,1992-06-19,Chile,,4457,CD Huachipato,2152
58617,Maximiliano Rodríguez,Midfield,2000-05-31,Chile,,4457,CD Huachipato,2152
73203,Carlos Herrera,Midfield,2000-04-17,Chile,,4457,CD Huachipato,2152
165880,Maicol León,Midfield,2003-06-09,Chile,,4457,CD Huachipato,2152
171043,Claudio Torres,Midfield,2003-03-30,Chile,,4457,CD Huachipato,2152
206033,Nelson Guaiquil,Midfield,2003-01-13,Chile,,4457,CD Huachipato,2152
247165,Santiago Silva,Midfield,2004-08-20,Uruguay,,4457,CD Huachipato,2152
247215,Javier Cárcamo,Midfield,2005-02-01,Chile,,4457,CD Huachipato,2152
250532,Benjamín Ampuero,Midfield,2006-03-05,Chile,,4457,CD Huachipato,2152
270255,Alvaro Abarzúa,Midfield,2006-12-12,Chile,,4457,CD Huachipato,2152
273992,Kevin Altez,Midfield,2004-12-15,Uruguay,,4457,CD Huachipato,2152
282199,Sebastián Melgarejo,Midfield,2009-04-01,Chile,,4457,CD Huachipato,2152
293883,Martín Torrejón,Midfield,,Chile,,4457,CD Huachipato,2152
23753,Cris Martínez,Offence,1993-04-24,Paraguay,,4457,CD Huachipato,2152
141436,Ezequiel Cañete,Offence,1999-06-17,Argentina,,4457,CD Huachipato,2152
167905,Luciano Arriagada,Offence,2002-04-30,Chile,,4457,CD Huachipato,2152
206028,Juan Figueroa,Offence,2003-09-26,Chile,,4457,CD Huachipato,2152
275469,Lionel Altamirano,Offence,1992-11-11,Argentina,,4457,CD Huachipato,2152
289621,Ezequiel Morales,Offence,,Chile,,4457,CD Huachipato,2152
290727,Harold Antiñirre,Offence,2002-08-25,Chile,,4457,CD Huachipato,2152
294268,Pablo Bohle,Offence,2010-09-16,Chile,,4457,CD Huachipato,2152
29101,Jorge Peña,Goalkeeper,2000-07-17,Chile,,4459,O'Higgins FC,2152
115179,Omar Carabalí,Goalkeeper,1997-06-12,Chile,,4459,O'Higgins FC,2152
167866,Diego Carreno,Goalkeeper,2002-04-26,Chile,,4459,O'Higgins FC,2152
21352,Luis Pavez Muñoz,Defence,1995-09-17,Chile,,4459,O'Higgins FC,2152
45781,Alan Robledo,Defence,1998-02-17,Argentina,,4459,O'Higgins FC,2152
111610,Leandro Díaz,Defence,1999-03-16,Chile,,4459,O'Higgins FC,2152
123359,Miguel Brizuela,Defence,1997-01-05,Argentina,,4459,O'Higgins FC,2152
141502,Benjamín Rojas,Defence,2001-03-01,Chile,,4459,O'Higgins FC,2152
270298,Felipe Faúndez,Defence,2006-03-27,Chile,,4459,O'Higgins FC,2152
270669,Cristian Morales,Defence,2006-11-02,Chile,,4459,O'Higgins FC,2152
276992,José Movillo,Defence,2007-02-04,Chile,,4459,O'Higgins FC,2152
285549,Nicolás Garrido,Defence,2002-08-27,Chile,,4459,O'Higgins FC,2152
23526,Juan Leiva,Midfield,1993-11-11,Chile,,4459,O'Higgins FC,2152
39560,Bryan Rabello,Midfield,1994-05-16,Chile,,4459,O'Higgins FC,2152
143040,Esteban Moreira,Midfield,2002-02-17,Chile,,4459,O'Higgins FC,2152
167968,Cristobal Castillo,Midfield,2003-02-04,Chile,,4459,O'Higgins FC,2152
179318,Felipe Ogaz,Midfield,2003-05-07,Chile,,4459,O'Higgins FC,2152
194859,Martin Maturana,Midfield,2004-01-18,Chile,,4459,O'Higgins FC,2152
207521,Benjamín Schamine,Midfield,2003-10-24,Argentina,,4459,O'Higgins FC,2152
277485,Gabriel Pinto,Midfield,2005-02-25,Chile,,4459,O'Higgins FC,2152
279117,Joaquín Muñoz,Midfield,2009-06-07,Chile,,4459,O'Higgins FC,2152
294102,Benjamín Pérez,Midfield,2007-07-22,Chile,,4459,O'Higgins FC,2152
45887,Martín Sarrafiore,Offence,1997-07-20,Argentina,,4459,O'Higgins FC,2152
73062,Bastián Yañez,Offence,2001-06-27,Chile,,4459,O'Higgins FC,2152
117494,Francisco González,Offence,2001-04-06,Argentina,,4459,O'Higgins FC,2152
122594,Thiago Vecino,Offence,1999-02-25,Uruguay,,4459,O'Higgins FC,2152
191759,Arnaldo Castillo,Offence,1997-05-09,Paraguay,,4459,O'Higgins FC,2152
247224,Esteban Calderón,Offence,2004-02-13,Chile,,4459,O'Higgins FC,2152
247237,Joaquín Tapia,Offence,2004-12-24,Chile,,4459,O'Higgins FC,2152
275468,Rodrigo Godoy,Offence,2005-09-07,Chile,,4459,O'Higgins FC,2152
151524,Kleber Pinargote,Goalkeeper,2003-04-27,Ecuador,,4520,Barcelona SC,2152
187142,José Contreras,Goalkeeper,1994-10-20,Venezuela,,4520,Barcelona SC,2152
292598,Kevin Angulo,Goalkeeper,2004-08-21,Ecuador,,4520,Barcelona SC,2152
292602,Gabriel Cevallos,Goalkeeper,1998-03-19,Ecuador,,4520,Barcelona SC,2152
24709,Bryan Carabalí,Defence,1997-12-18,Ecuador,,4520,Barcelona SC,2152
24741,Byron Castillo,Defence,1998-11-10,Ecuador,,4520,Barcelona SC,2152
167161,Gustavo Vallecilla,Defence,1999-05-28,Ecuador,,4520,Barcelona SC,2152
178922,Willian Vargas,Defence,1997-06-12,Ecuador,,4520,Barcelona SC,2152
178960,Luca Sosa,Defence,1994-06-11,Argentina,,4520,Barcelona SC,2152
204059,Javier Báez,Defence,1990-04-09,Paraguay,,4520,Barcelona SC,2152
205657,Walter Chala,Defence,2000-05-04,Ecuador,,4520,Barcelona SC,2152
250175,Alex Rangel,Defence,2002-03-18,Ecuador,,4520,Barcelona SC,2152
250336,Jandry Gomez,Defence,2006-07-26,Ecuador,,4520,Barcelona SC,2152
293257,Brian Quintero,Defence,2005-12-27,Ecuador,,4520,Barcelona SC,2152
293259,Neyder Castañeda,Defence,2008-09-09,Ecuador,,4520,Barcelona SC,2152
77083,Tomás Martínez,Midfield,1995-03-07,Argentina,,4520,Barcelona SC,2152
95696,Jean Montaño,Midfield,1999-01-28,Ecuador,,4520,Barcelona SC,2152
111281,Luis Cano,Midfield,1999-09-05,Ecuador,,4520,Barcelona SC,2152
112834,Marcos Mejía,Midfield,1998-06-26,Ecuador,,4520,Barcelona SC,2152
142093,Jonnathan Mina,Midfield,1995-03-28,Ecuador,,4520,Barcelona SC,2152
170472,Matias Lugo,Midfield,2001-05-10,Argentina,,4520,Barcelona SC,2152
192892,Jhonny Quinonez,Midfield,1998-06-11,Ecuador,,4520,Barcelona SC,2152
207277,Elkin Caicedo,Midfield,2005-03-09,Ecuador,,4520,Barcelona SC,2152
220168,Ronald Perlaza,Midfield,2005-05-11,Ecuador,,4520,Barcelona SC,2152
263041,Pedro Rodriguez,Midfield,2004-12-11,Ecuador,,4520,Barcelona SC,2152
270465,Yaxi García,Midfield,2008-05-30,Ecuador,,4520,Barcelona SC,2152
275632,Pablo Calle,Midfield,2008-01-23,Ecuador,,4520,Barcelona SC,2152
292601,Jordan Medina,Midfield,2000-03-09,Ecuador,,4520,Barcelona SC,2152
292603,Dixon Gaspar,Midfield,2006-06-13,Ecuador,,4520,Barcelona SC,2152
11707,Darío Benedetto,Offence,1990-05-17,Argentina,,4520,Barcelona SC,2152
24603,Miguel Parrales,Offence,1995-12-26,Ecuador,,4520,Barcelona SC,2152
24876,Joao Rojas,Offence,1997-08-16,Ecuador,,4520,Barcelona SC,2152
60082,Milton Céliz,Offence,1992-07-25,Argentina,,4520,Barcelona SC,2152
76858,Héctor Villalba,Offence,1994-07-26,Paraguay,,4520,Barcelona SC,2152
259958,Sergio Núñez,Offence,2000-06-30,Uruguay,,4520,Barcelona SC,2152
263243,Richard Borja,Offence,2004-04-28,Ecuador,,4520,Barcelona SC,2152
293258,Abdala Bucaram,Offence,2008-04-03,Ecuador,,4520,Barcelona SC,2152
293260,Jefferson Wila,Offence,2006-07-27,Ecuador,,4520,Barcelona SC,2152
294721,Klever Caicedo,Offence,2004-10-20,Ecuador,,4520,Barcelona SC,2152
295126,Carlos Medina,Offence,,Ecuador,,4520,Barcelona SC,2152
24962,Jonathan Perlaza,Left Winger,1997-09-13,Ecuador,,4520,Barcelona SC,2152
24685,Jefferson Intriago,Defensive Midfield,1996-06-04,Ecuador,,4520,Barcelona SC,2152
24881,Gonzalo Valle,Goalkeeper,1996-02-28,Ecuador,,4528,LDU de Quito,2152
45821,Alexander Domínguez,Goalkeeper,1987-06-05,Ecuador,,4528,LDU de Quito,2152
192782,Alexis Villa,Goalkeeper,2001-09-22,Ecuador,,4528,LDU de Quito,2152
24593,Luis Segovia,Defence,1997-10-26,Ecuador,,4528,LDU de Quito,2152
24637,Leonel Quiñónez,Defence,1993-07-03,Ecuador,,4528,LDU de Quito,2152
24720,Kevin Minda,Defence,1998-11-21,Ecuador,,4528,LDU de Quito,2152
138026,Josué Cuero,Defence,2001-05-21,Ecuador,,4528,LDU de Quito,2152
166220,Ricardo Adé,Defence,1990-05-21,Haiti,,4528,LDU de Quito,2152
205690,Gian Allala,Defence,1997-01-17,Uruguay,,4528,LDU de Quito,2152
250231,Daniel De la Cruz,Defence,2004-03-06,Ecuador,,4528,LDU de Quito,2152
265060,Richard Mina,Defence,1999-07-22,Ecuador,,4528,LDU de Quito,2152
271875,José Quintero,Defence,1990-06-20,Ecuador,,4528,LDU de Quito,2152
289901,Josué Caicedo,Defence,2007-09-24,Ecuador,,4528,LDU de Quito,2152
23524,Fernando Cornejo,Midfield,1995-12-26,Chile,,4528,LDU de Quito,2152
105076,Jesús Pretell,Midfield,1999-03-26,Peru,,4528,LDU de Quito,2152
118671,Gabriel Villamíl,Midfield,2001-06-28,Bolivia,,4528,LDU de Quito,2152
263821,Patrick Ortíz,Midfield,2005-04-17,Ecuador,,4528,LDU de Quito,2152
264141,Ruddy Mina,Midfield,2007-01-29,Ecuador,,4528,LDU de Quito,2152
264448,Ederson Castillo,Midfield,2008-12-10,Ecuador,,4528,LDU de Quito,2152
270464,Paul Duran,Midfield,2005-07-03,Ecuador,,4528,LDU de Quito,2152
289902,Edison Gomez,Midfield,2007-02-02,Ecuador,,4528,LDU de Quito,2152
293993,Washington Olvera,Midfield,2007-05-28,Ecuador,,4528,LDU de Quito,2152
295102,Jandry Calle,Midfield,2009-06-17,Ecuador,,4528,LDU de Quito,2152
1196,Deyverson,Offence,1991-05-08,Brazil,,4528,LDU de Quito,2152
22150,Jeison Medina,Offence,1995-02-27,Colombia,,4528,LDU de Quito,2152
24642,Michael Estrada,Offence,1996-04-07,Ecuador,,4528,LDU de Quito,2152
24667,Janner Corozo,Offence,1995-09-08,Ecuador,,4528,LDU de Quito,2152
100397,Alexander Alvarado,Offence,1999-04-21,Ecuador,,4528,LDU de Quito,2152
110797,Rodney Redes,Offence,2000-02-22,Paraguay,,4528,LDU de Quito,2152
205630,Cristian Tobar,Offence,2000-07-05,Ecuador,,4528,LDU de Quito,2152
262951,Yerlin Quiñónez,Offence,2001-06-03,Ecuador,,4528,LDU de Quito,2152
60731,Lucas Bruera,Goalkeeper,1997-10-19,Argentina,,5166,Carabobo FC,2152
287615,Edgardo Canache,Goalkeeper,2007-03-28,Venezuela,,5166,Carabobo FC,2152
292574,Keiber Roa,Goalkeeper,2003-04-22,Venezuela,,5166,Carabobo FC,2152
27508,Leonardo Aponte,Defence,1994-04-30,Venezuela,,5166,Carabobo FC,2152
27598,Jean Fuentes,Defence,1997-02-07,Venezuela,,5166,Carabobo FC,2152
27769,Marcel Guaramato,Defence,1993-11-02,Venezuela,,5166,Carabobo FC,2152
32403,Alexander González,Defence,1992-09-13,Venezuela,,5166,Carabobo FC,2152
111628,Jonathan Bilbao,Defence,1999-07-29,Peru,,5166,Carabobo FC,2152
191791,Loureins Martínez,Defence,2005-04-16,Venezuela,,5166,Carabobo FC,2152
205590,Franyer Oliveros,Defence,2004-10-14,Venezuela,,5166,Carabobo FC,2152
254109,Ezequiel Neira,Defence,2001-02-03,Argentina,,5166,Carabobo FC,2152
273681,Ezequiel David Crespo,Defence,2008-05-26,Venezuela,,5166,Carabobo FC,2152
287616,Denny Reina,Defence,2007-11-23,Venezuela,,5166,Carabobo FC,2152
292572,José Durán,Defence,2004-02-05,Venezuela,,5166,Carabobo FC,2152
292981,Diego Lopez,Defence,2008-04-18,Venezuela,,5166,Carabobo FC,2152
22505,Yohandry Orozco,Midfield,1991-03-19,Venezuela,,5166,Carabobo FC,2152
27608,Edson Castillo,Midfield,1994-05-18,Venezuela,,5166,Carabobo FC,2152
27779,Maurice Cova,Midfield,1992-08-11,Venezuela,,5166,Carabobo FC,2152
116409,Angelo Lucena,Midfield,2003-01-26,Venezuela,,5166,Carabobo FC,2152
169076,Edson Tortolero,Midfield,1998-02-05,Venezuela,,5166,Carabobo FC,2152
191823,Franner López,Midfield,2003-06-19,Venezuela,,5166,Carabobo FC,2152
245106,Abraham Bahachille,Midfield,2001-03-08,Venezuela,,5166,Carabobo FC,2152
260141,Matías Núñez,Midfield,2000-10-09,Argentina,,5166,Carabobo FC,2152
263173,Sebastián Mendoza,Midfield,2005-10-29,Venezuela,,5166,Carabobo FC,2152
280847,Juan Obando,Midfield,2006-11-30,Colombia,,5166,Carabobo FC,2152
282064,Jesus Medina,Midfield,,Venezuela,,5166,Carabobo FC,2152
292300,Aimar Angulo,Midfield,2009-07-07,Venezuela,,5166,Carabobo FC,2152
293604,Gregory Molina,Midfield,2009-01-01,Venezuela,,5166,Carabobo FC,2152
27498,Dimas Meza,Offence,1994-04-23,Venezuela,,5166,Carabobo FC,2152
62601,Eric Ramírez,Offence,1998-11-20,Venezuela,,5166,Carabobo FC,2152
153549,José Riasco,Offence,2004-02-02,Venezuela,,5166,Carabobo FC,2152
259969,Joshuan Berrios,Offence,1997-01-24,Colombia,,5166,Carabobo FC,2152
272782,Juan Obando,Offence,2006-12-09,Colombia,,5166,Carabobo FC,2152
277043,Kevin Ojeda,Offence,,Venezuela,,5166,Carabobo FC,2152
280073,Pablo Silva,Offence,2008-03-07,Venezuela,,5166,Carabobo FC,2152
280947,Felix Diaz,Offence,2007-01-25,Venezuela,,5166,Carabobo FC,2152
282063,Sebastián Calabrese,Offence,2006-04-13,Venezuela,,5166,Carabobo FC,2152
292299,Nelyelbert Torres,Offence,,Venezuela,,5166,Carabobo FC,2152
293605,Santiago Sánchez,Offence,,Venezuela,,5166,Carabobo FC,2152
27966,Cristopher Varela,Goalkeeper,1999-11-27,Venezuela,,5170,Deportivo La Guaira FC,2152
263175,Jorge Sánchez,Goalkeeper,2006-09-30,Venezuela,,5170,Deportivo La Guaira FC,2152
275550,Abraham Pacheco,Goalkeeper,2008-09-23,Venezuela,,5170,Deportivo La Guaira FC,2152
27760,Carlos Rivero,Defence,1992-11-27,Venezuela,,5170,Deportivo La Guaira FC,2152
27765,Diego Osio,Defence,1997-01-03,Venezuela,,5170,Deportivo La Guaira FC,2152
27927,Rommell Ibarra,Defence,2000-03-24,Venezuela,,5170,Deportivo La Guaira FC,2152
45829,Guillermo Ortíz,Defence,1992-08-09,Argentina,,5170,Deportivo La Guaira FC,2152
250317,Martin Gianoli,Defence,2000-09-27,Uruguay,,5170,Deportivo La Guaira FC,2152
274605,Genderson Ascanio,Defence,2003-11-21,Venezuela,,5170,Deportivo La Guaira FC,2152
275040,Jorge Gutiérrez,Defence,1998-09-01,Panama,,5170,Deportivo La Guaira FC,2152
293987,Alfonzo Sánchez,Defence,2009-11-30,Venezuela,,5170,Deportivo La Guaira FC,2152
294305,Jhosmar Martinez,Defence,2009-10-02,Venezuela,,5170,Deportivo La Guaira FC,2152
294306,Carlo Córdova,Defence,2009-06-26,Venezuela,,5170,Deportivo La Guaira FC,2152
27560,Nelson Hernández,Midfield,1992-07-08,Venezuela,,5170,Deportivo La Guaira FC,2152
45949,Alexis Rodríguez,Midfield,1996-03-21,Argentina,,5170,Deportivo La Guaira FC,2152
95762,Juan Castellanos,Midfield,1995-10-30,Venezuela,,5170,Deportivo La Guaira FC,2152
117626,Juan Perdomo,Midfield,2001-01-20,Venezuela,,5170,Deportivo La Guaira FC,2152
178793,Manuel Sulbaran,Midfield,2002-10-08,Venezuela,,5170,Deportivo La Guaira FC,2152
191784,Luis Peña,Midfield,2002-03-07,Venezuela,,5170,Deportivo La Guaira FC,2152
226260,Carlos Faya,Midfield,2002-01-18,Venezuela,,5170,Deportivo La Guaira FC,2152
250706,Franco Cáceres,Midfield,2000-01-06,Argentina,,5170,Deportivo La Guaira FC,2152
262979,Miguel González,Midfield,2004-06-15,Venezuela,,5170,Deportivo La Guaira FC,2152
263000,César Da Silva,Midfield,2004-02-13,Venezuela,,5170,Deportivo La Guaira FC,2152
269827,Naygers Flores,Midfield,,Venezuela,,5170,Deportivo La Guaira FC,2152
270598,Anthwan Diaz,Midfield,2007-01-01,Venezuela,,5170,Deportivo La Guaira FC,2152
279420,José Correa,Midfield,2006-03-25,Venezuela,,5170,Deportivo La Guaira FC,2152
294866,Fabricio Lunar,Midfield,2007-01-03,Venezuela,,5170,Deportivo La Guaira FC,2152
17288,José Meza,Offence,1991-04-17,Venezuela,,5170,Deportivo La Guaira FC,2152
27847,Rafael Arace,Offence,1995-05-22,Venezuela,,5170,Deportivo La Guaira FC,2152
28078,Jesús Vargas,Offence,1999-08-26,Venezuela,,5170,Deportivo La Guaira FC,2152
28150,Anthony Uribe,Offence,1990-10-24,Venezuela,,5170,Deportivo La Guaira FC,2152
104742,Yackson Rivas,Offence,2002-03-18,Venezuela,,5170,Deportivo La Guaira FC,2152
170703,Flabián Londoño,Offence,2000-07-09,Colombia,,5170,Deportivo La Guaira FC,2152
263150,Mayken González,Offence,2006-05-11,Venezuela,,5170,Deportivo La Guaira FC,2152
274603,Junior Paredes,Offence,2001-01-01,Venezuela,,5170,Deportivo La Guaira FC,2152
293988,Jose Betancourt,Offence,,Venezuela,,5170,Deportivo La Guaira FC,2152
294307,Josue Machado,Offence,2008-07-02,Venezuela,,5170,Deportivo La Guaira FC,2152
28052,Alejandro Araque,Goalkeeper,1995-09-14,Venezuela,,5171,Deportivo Táchira FC,2152
250178,Edwin Vargas,Goalkeeper,2005-11-17,Venezuela,,5171,Deportivo Táchira FC,2152
250301,Jesús Camargo,Goalkeeper,1997-12-12,Venezuela,,5171,Deportivo Táchira FC,2152
278031,Luis Morales,Goalkeeper,2006-04-08,Venezuela,,5171,Deportivo Táchira FC,2152
27973,Pablo Camacho,Defence,1990-12-12,Venezuela,,5171,Deportivo Táchira FC,2152
28288,Guillermo Fratta,Defence,1995-09-19,Uruguay,,5171,Deportivo Táchira FC,2152
250283,Edicson Tamiche,Defence,2005-05-28,Venezuela,,5171,Deportivo Táchira FC,2152
250316,Juan Sánchez,Defence,2005-10-06,Venezuela,,5171,Deportivo Táchira FC,2152
250324,Alexander Boscan,Defence,2006-03-27,Venezuela,,5171,Deportivo Táchira FC,2152
280130,Wilder Wilches,Defence,2007-07-21,Venezuela,,5171,Deportivo Táchira FC,2152
294035,Keyber Rico,Defence,2006-11-24,Venezuela,,5171,Deportivo Táchira FC,2152
27789,Oscar Hernández,Midfield,1993-02-24,Venezuela,,5171,Deportivo Táchira FC,2152
27894,Carlos Sosa,Midfield,1995-08-02,Venezuela,,5171,Deportivo Táchira FC,2152
28206,Brayan Palmezano,Midfield,2000-09-17,Venezuela,,5171,Deportivo Táchira FC,2152
32839,Adalberto Peñaranda,Midfield,1997-05-31,Venezuela,,5171,Deportivo Táchira FC,2152
60061,Lautaro Lusnig,Midfield,1998-10-14,Argentina,,5171,Deportivo Táchira FC,2152
104783,Adrián Montañez,Midfield,2000-02-06,Venezuela,,5171,Deportivo Táchira FC,2152
133851,Carlos Calzadilla,Midfield,2001-11-14,Venezuela,,5171,Deportivo Táchira FC,2152
179096,Agustín Pérez,Midfield,2000-08-20,Uruguay,,5171,Deportivo Táchira FC,2152
250110,Carlos Méndez,Midfield,2004-01-20,Venezuela,,5171,Deportivo Táchira FC,2152
250120,Leandro Fioravanti,Midfield,1992-03-16,Argentina,,5171,Deportivo Táchira FC,2152
250211,Gustavo Lozano,Midfield,2007-05-25,Venezuela,,5171,Deportivo Táchira FC,2152
264746,Luis Zúñiga,Midfield,2003-12-21,Venezuela,,5171,Deportivo Táchira FC,2152
277023,Franco Provenzano,Midfield,2005-02-15,Venezuela,,5171,Deportivo Táchira FC,2152
278003,Roa,Midfield,2005-11-17,Venezuela,,5171,Deportivo Táchira FC,2152
283000,Brian La Cruz,Midfield,,Venezuela,,5171,Deportivo Táchira FC,2152
290510,Jairo Villalpando,Midfield,2000-04-01,Uruguay,,5171,Deportivo Táchira FC,2152
294852,Eugenio Bello,Midfield,,Venezuela,,5171,Deportivo Táchira FC,2152
27627,Luis González,Offence,1990-12-22,Venezuela,,5171,Deportivo Táchira FC,2152
27951,José Balza,Offence,1997-06-15,Venezuela,,5171,Deportivo Táchira FC,2152
46623,Rodrigo Pollero,Offence,1996-09-14,Uruguay,,5171,Deportivo Táchira FC,2152
124932,Heiderber Ramírez,Offence,2002-08-25,Venezuela,,5171,Deportivo Táchira FC,2152
141798,Delvin Alfonzo,Offence,2000-10-04,Venezuela,,5171,Deportivo Táchira FC,2152
250153,Jesùs Duarte,Offence,2005-12-20,Venezuela,,5171,Deportivo Táchira FC,2152
287045,Yeshua Arellano,Offence,2008-01-03,Venezuela,,5171,Deportivo Táchira FC,2152
290645,Alexander Rondón,Offence,1999-03-15,Venezuela,,5171,Deportivo Táchira FC,2152
292021,Alexander Rondón Oliveros,Offence,1999-12-02,Venezuela,,5171,Deportivo Táchira FC,2152
293996,Juan Aguilar,Offence,2006-09-21,Venezuela,,5171,Deportivo Táchira FC,2152
28245,Nicolás Fernández,Goalkeeper,1998-03-02,Uruguay,,5184,CA Peñarol,2152
112655,Sebastián Britos,Goalkeeper,1988-01-02,Uruguay,,5184,CA Peñarol,2152
112681,Washington Aguerre,Goalkeeper,1993-04-23,Uruguay,,5184,CA Peñarol,2152
264095,Luis Díaz,Goalkeeper,2006-05-28,Uruguay,,5184,CA Peñarol,2152
294481,Paulo da Costa,Goalkeeper,2008-06-13,Uruguay,,5184,CA Peñarol,2152
1770,Maximiliano Olivera,Defence,1992-03-05,Uruguay,,5184,CA Peñarol,2152
1973,Diego Laxalt,Defence,1993-02-07,Uruguay,,5184,CA Peñarol,2152
2189,Mauricio Lemos,Defence,1995-12-28,Uruguay,,5184,CA Peñarol,2152
28576,Lucas Hernández,Defence,1992-08-05,Uruguay,,5184,CA Peñarol,2152
57345,Franco Escobar,Defence,1995-02-21,Argentina,,5184,CA Peñarol,2152
178797,Matias Gonzalez,Defence,2002-11-29,Uruguay,,5184,CA Peñarol,2152
250278,Nahuel Herrera,Defence,2004-12-01,Uruguay,,5184,CA Peñarol,2152
260171,Lucas Ferreira,Defence,2000-06-16,Uruguay,,5184,CA Peñarol,2152
260209,Andrés Madruga,Defence,2004-02-06,Uruguay,,5184,CA Peñarol,2152
264101,Rodrigo Alvez,Defence,2007-10-09,Uruguay,,5184,CA Peñarol,2152
264103,Ignacio Alegre,Defence,2006-06-07,Uruguay,,5184,CA Peñarol,2152
283454,Kevin Rodríguez,Defence,2005-10-29,Uruguay,,5184,CA Peñarol,2152
286538,Brian Barboza,Defence,2008-05-14,Uruguay,,5184,CA Peñarol,2152
292409,Facundo Álvez González,Defence,2007-04-28,Uruguay,,5184,CA Peñarol,2152
28244,Leonardo Fernández,Midfield,1998-11-08,Uruguay,,5184,CA Peñarol,2152
28393,Jesús Trindade,Midfield,1993-07-10,Uruguay,,5184,CA Peñarol,2152
45696,Eric Remedi,Midfield,1995-06-04,Argentina,,5184,CA Peñarol,2152
142371,Eduardo Darias,Midfield,1998-02-28,Uruguay,,5184,CA Peñarol,2152
166325,Luis Angulo,Midfield,2004-03-23,Colombia,,5184,CA Peñarol,2152
250189,Franco González,Midfield,2004-06-22,Uruguay,,5184,CA Peñarol,2152
252973,Mateo Ureta,Midfield,2006-01-24,Uruguay,,5184,CA Peñarol,2152
252977,Tomás Olase,Midfield,2004-02-17,Uruguay,,5184,CA Peñarol,2152
253000,Germán Barbas,Midfield,2007-09-17,Uruguay,,5184,CA Peñarol,2152
264094,Lorenzo Couture,Midfield,2005-06-22,Uruguay,,5184,CA Peñarol,2152
264100,Leandro Umpierrez,Midfield,2004-03-20,Uruguay,,5184,CA Peñarol,2152
272045,Carlos Zambrano,Midfield,2005-04-07,Colombia,,5184,CA Peñarol,2152
278839,Stiven Muhlethaler,Midfield,2006-01-31,Uruguay,,5184,CA Peñarol,2152
283453,Júlio Daguer,Midfield,2008-02-22,Uruguay,,5184,CA Peñarol,2152
294405,Thiago Píriz Pereira,Midfield,2008-06-09,Uruguay,,5184,CA Peñarol,2152
11409,Abel Hernández,Offence,1990-08-08,Uruguay,,5184,CA Peñarol,2152
45686,Javier Cabrera,Offence,1992-03-18,Uruguay,,5184,CA Peñarol,2152
46543,Gastón Togni,Offence,1997-09-20,Argentina,,5184,CA Peñarol,2152
91428,Facundo Batista,Offence,1999-01-16,Uruguay,,5184,CA Peñarol,2152
177308,Matías Arezo,Offence,2002-11-21,Uruguay,,5184,CA Peñarol,2152
283452,Brandon Álvarez,Offence,2007-10-14,Uruguay,,5184,CA Peñarol,2152
286539,Estevan Pereira,Offence,2008-10-28,Uruguay,,5184,CA Peñarol,2152
294353,Francisco Fernández,Offence,2008-05-22,Uruguay,,5184,CA Peñarol,2152
294379,Lautaro Larrosa,Offence,2008-05-15,Uruguay,,5184,CA Peñarol,2152
294403,Facundo Martínez,Offence,2009-04-06,Uruguay,,5184,CA Peñarol,2152
294404,Tomás Gemelli,Offence,2007-10-10,Uruguay,,5184,CA Peñarol,2152
28750,Emanuel Gularte,Centre-Back,1997-09-30,Uruguay,,5184,CA Peñarol,2152
58773,Renato Solis,Goalkeeper,1998-01-28,Peru,,5347,CS Cristal,2152
147658,Diego Enriquez,Goalkeeper,2002-01-24,Peru,,5347,CS Cristal,2152
252989,Câsar Bautista,Goalkeeper,2007-01-16,Peru,,5347,CS Cristal,2152
291786,Tomás Dulanto,Goalkeeper,2008-03-28,Peru,,5347,CS Cristal,2152
3777,Luis Abram,Defence,1996-02-27,Peru,,5347,CS Cristal,2152
3778,Miguel Araujo,Defence,1994-10-24,Peru,,5347,CS Cristal,2152
15276,Cristiano,Defence,1993-08-29,Brazil,,5347,CS Cristal,2152
45776,Juan González,Defence,1996-12-02,Argentina,,5347,CS Cristal,2152
115456,Rafael Lutiger,Defence,2001-07-03,Peru,,5347,CS Cristal,2152
178997,Leonardo Díaz,Defence,2004-03-19,Peru,,5347,CS Cristal,2152
193590,Catriel Cabellos,Defence,2004-08-18,Argentina,,5347,CS Cristal,2152
275294,Franshesko Cassiano,Defence,2005-06-21,Peru,,5347,CS Cristal,2152
275295,Fabian Lora,Defence,2005-08-30,Peru,,5347,CS Cristal,2152
277683,Jair Moretti,Defence,2007-02-01,Peru,,5347,CS Cristal,2152
278366,Joao Cuenca,Defence,2007-04-19,Peru,,5347,CS Cristal,2152
279114,Duham Ballumbrosio,Defence,2007-06-23,Peru,,5347,CS Cristal,2152
289460,Carlos Salgado,Defence,2008-04-05,Peru,,5347,CS Cristal,2152
290835,Rodrigo Valenzuela,Defence,2005-09-30,Peru,,5347,CS Cristal,2152
292596,Fabrizzio Baylon,Defence,2006-04-07,Peru,,5347,CS Cristal,2152
3773,Yoshimar Yotún,Midfield,1990-04-07,Peru,,5347,CS Cristal,2152
3783,Cristian Benavente,Midfield,1994-05-19,Peru,,5347,CS Cristal,2152
23819,Christofer Gonzáles,Midfield,1992-10-12,Peru,,5347,CS Cristal,2152
28465,Leandro Sosa,Midfield,1994-06-24,Uruguay,,5347,CS Cristal,2152
37651,Gustavo Cazonatti,Midfield,1996-07-03,Brazil,,5347,CS Cristal,2152
58836,Gerald Távara,Midfield,1999-03-25,Peru,,5347,CS Cristal,2152
205609,Ian Wisdom,Midfield,2005-09-14,Peru,,5347,CS Cristal,2152
205702,Alejandro Posito,Midfield,2005-09-05,Peru,,5347,CS Cristal,2152
218929,Jean Lara,Midfield,2006-11-07,Peru,,5347,CS Cristal,2152
249558,Carlos del Valle,Midfield,2006-02-13,Peru,,5347,CS Cristal,2152
291787,Gerson Castillo,Midfield,2008-07-24,Peru,,5347,CS Cristal,2152
291788,Lionel Herrera,Midfield,2008-07-07,Peru,,5347,CS Cristal,2152
1427,Gabriel,Offence,1990-01-06,Brazil,,5347,CS Cristal,2152
1554,Felipe Vizeu,Offence,1997-03-12,Brazil,,5347,CS Cristal,2152
39239,Irven Ávila,Offence,1990-07-02,Peru,,5347,CS Cristal,2152
58644,Luis Iberíco,Offence,1998-02-06,Peru,,5347,CS Cristal,2152
192572,Diego Otoya,Offence,2004-09-13,USA,,5347,CS Cristal,2152
246124,Maxloren Castro,Offence,2007-12-08,Peru,,5347,CS Cristal,2152
246588,Santiago González,Offence,1999-07-25,Argentina,,5347,CS Cristal,2152
280887,Mateo Rodríguez,Offence,2006-08-04,Peru,,5347,CS Cristal,2152
289452,Jose Burga,Offence,2007-01-20,Peru,,5347,CS Cristal,2152
289457,Raul Rojas,Offence,2007-01-26,Peru,,5347,CS Cristal,2152
3772,Alejandro Duarte,Goalkeeper,1994-04-05,Peru,,5680,Club Alianza Lima,2152
64627,Guillermo Viscarra,Goalkeeper,1993-02-07,Bolivia,,5680,Club Alianza Lima,2152
178876,Ángel De la Cruz,Goalkeeper,2002-05-24,Peru,,5680,Club Alianza Lima,2152
3780,Luis Advíncula,Defence,1990-03-02,Peru,,5680,Club Alianza Lima,2152
44175,Renzo Garcés,Defence,1996-06-12,Peru,,5680,Club Alianza Lima,2152
44178,Gianfranco Chávez,Defence,1998-08-10,Peru,,5680,Club Alianza Lima,2152
112930,Cristian Carbajal,Defence,1999-09-20,Peru,,5680,Club Alianza Lima,2152
167667,Marco Huaman,Defence,2002-09-25,Peru,,5680,Club Alianza Lima,2152
181288,Josué Estrada,Defence,1994-09-07,Peru,,5680,Club Alianza Lima,2152
181840,Mateo Antoni,Defence,2003-04-22,Uruguay,,5680,Club Alianza Lima,2152
250287,D'Alessandro Montenegro,Defence,2003-06-14,Peru,,5680,Club Alianza Lima,2152
292234,Jonathan García,Defence,2007-07-06,Peru,,5680,Club Alianza Lima,2152
1685,Esteban Pavez,Midfield,1990-05-01,Chile,,5680,Club Alianza Lima,2152
28554,Pablo Ceppelini,Midfield,1991-09-11,Uruguay,,5680,Club Alianza Lima,2152
38878,Jairo Vélez,Midfield,1995-04-21,Ecuador,,5680,Club Alianza Lima,2152
43975,Jesús Castillo,Midfield,1996-03-10,Peru,,5680,Club Alianza Lima,2152
46539,Fernando Gaibor,Midfield,1991-10-08,Ecuador,,5680,Club Alianza Lima,2152
171667,Alessandro Burlamaqui,Midfield,2002-02-18,Peru,,5680,Club Alianza Lima,2152
181286,Jean Pierre Archimbaud,Midfield,1994-08-16,Peru,,5680,Club Alianza Lima,2152
206745,Jhoao Velasquez Chumpitaz,Midfield,2005-08-02,Peru,,5680,Club Alianza Lima,2152
218941,Adriano Neciosup,Midfield,2006-03-22,Peru,,5680,Club Alianza Lima,2152
275617,Piero Cari,Midfield,2007-08-21,Peru,,5680,Club Alianza Lima,2152
277481,Rait Alarcón,Midfield,2005-08-05,Peru,,5680,Club Alianza Lima,2152
1553,Paolo Guerrero,Offence,1984-01-01,Peru,,5680,Club Alianza Lima,2152
24554,Erick Castillo,Offence,1995-02-05,Ecuador,,5680,Club Alianza Lima,2152
44306,Kevin Quevedo,Offence,1997-02-22,Peru,,5680,Club Alianza Lima,2152
46192,Gaspar Gentile,Offence,1995-02-16,Argentina,,5680,Club Alianza Lima,2152
99903,Federico Girotti,Offence,1999-06-02,Argentina,,5680,Club Alianza Lima,2152
118448,Luis Ramos,Offence,1999-12-13,Peru,,5680,Club Alianza Lima,2152
154566,Alan Cantero,Offence,1998-06-28,Argentina,,5680,Club Alianza Lima,2152
290726,Geray Motta,Offence,2009-02-21,Peru,,5680,Club Alianza Lima,2152
3784,Pedro Aquino,Defensive Midfield,1995-04-13,Peru,,5680,Club Alianza Lima,2152
58681,Andy Vidal,Goalkeeper,1994-08-23,Peru,,5683,Cusco FC,2152
112002,Pedro Díaz,Goalkeeper,1998-04-21,Peru,,5683,Cusco FC,2152
247290,Rodolfo Anderson,Goalkeeper,1996-05-10,Peru,,5683,Cusco FC,2152
290828,Alessandro Cavagna,Goalkeeper,2004-03-26,Peru,,5683,Cusco FC,2152
45053,Carlos Diez,Defence,1996-04-18,Peru,,5683,Cusco FC,2152
73059,José Zevallos,Defence,1999-01-13,Peru,,5683,Cusco FC,2152
140838,Marlon Ruidías,Defence,1999-05-13,Peru,,5683,Cusco FC,2152
142402,Alex Custodio,Defence,2004-01-31,Venezuela,,5683,Cusco FC,2152
181312,Gu Rum Choi,Defence,1998-08-22,Peru,,5683,Cusco FC,2152
246109,Julinho Astudillo,Defence,2005-01-07,Peru,,5683,Cusco FC,2152
44238,Álvaro Ampuero,Midfield,1992-09-25,Peru,,5683,Cusco FC,2152
44299,Miguel Aucca,Midfield,1998-08-10,Peru,,5683,Cusco FC,2152
45678,Iván Colman,Midfield,1995-05-06,Argentina,,5683,Cusco FC,2152
58645,José Manzaneda,Midfield,1994-09-10,Peru,,5683,Cusco FC,2152
58699,Aldair Fuentes,Midfield,1998-01-25,Peru,,5683,Cusco FC,2152
112816,Carlos Gamarra,Midfield,2000-03-02,Peru,,5683,Cusco FC,2152
114660,Diego Soto,Midfield,2001-08-31,Peru,,5683,Cusco FC,2152
127102,Lucas Colitto,Midfield,1994-06-01,Argentina,,5683,Cusco FC,2152
147677,Oswaldo Valenzuela,Midfield,2000-12-20,Peru,,5683,Cusco FC,2152
264754,José Gutierrez,Midfield,2005-05-13,Bolivia,,5683,Cusco FC,2152
286599,Sergio Quillahuaman,Midfield,2007-07-04,Peru,,5683,Cusco FC,2152
27813,Facundo Callejo,Offence,1992-07-02,Argentina,,5683,Cusco FC,2152
44936,José Bolivar,Offence,2000-01-17,Peru,,5683,Cusco FC,2152
45890,Nicolás Silva,Offence,1990-01-24,Argentina,,5683,Cusco FC,2152
46111,Gabriel Carabajal,Offence,1991-12-09,Argentina,,5683,Cusco FC,2152
169095,Juan Manuel Tevez,Offence,1987-08-28,Argentina,,5683,Cusco FC,2152
192873,Joel Herrera,Offence,2004-06-15,Peru,,5683,Cusco FC,2152
22524,Aldair Quintana,Goalkeeper,1994-07-11,Colombia,,6989,CAR Independiente del Valle,2152
46403,Guido Villar,Goalkeeper,1995-02-15,Argentina,,6989,CAR Independiente del Valle,2152
279530,Eduardo Bores,Goalkeeper,2002-10-28,Venezuela,,6989,CAR Independiente del Valle,2152
293986,Miguel Peralta,Goalkeeper,2008-04-26,Ecuador,,6989,CAR Independiente del Valle,2152
24550,Gustavo Cortez,Defence,1997-10-11,Ecuador,,6989,CAR Independiente del Valle,2152
24627,Richard Schunke,Defence,1991-11-26,Argentina,,6989,CAR Independiente del Valle,2152
24786,Jhon Espinoza,Defence,1999-02-24,Ecuador,,6989,CAR Independiente del Valle,2152
46601,Mateo Carabajal,Defence,1997-02-21,Argentina,,6989,CAR Independiente del Valle,2152
178796,Luis Zarate,Defence,2000-02-25,Paraguay,,6989,CAR Independiente del Valle,2152
178906,Layan Loor,Defence,2001-05-23,Ecuador,,6989,CAR Independiente del Valle,2152
250320,Daykol Romero,Defence,2001-05-07,Ecuador,,6989,CAR Independiente del Valle,2152
293997,Deinner Ordoñez,Defence,2009-10-29,Ecuador,,6989,CAR Independiente del Valle,2152
1078,Junior Sornoza,Midfield,1994-01-28,Ecuador,,6989,CAR Independiente del Valle,2152
1112,Juan Cazares,Midfield,1992-04-03,Ecuador,,6989,CAR Independiente del Valle,2152
24623,Jhegson Méndez,Midfield,1997-04-26,Ecuador,,6989,CAR Independiente del Valle,2152
24721,Djorkaeff Reasco,Midfield,1999-01-18,Ecuador,,6989,CAR Independiente del Valle,2152
24988,Jordy Alcívar,Midfield,1999-08-05,Ecuador,,6989,CAR Independiente del Valle,2152
28544,Juan Viacava,Midfield,1999-02-20,Uruguay,,6989,CAR Independiente del Valle,2152
133980,Arón Rodríguez,Midfield,1999-08-06,Ecuador,,6989,CAR Independiente del Valle,2152
192793,Patrik Mercado,Midfield,2003-07-31,Ecuador,,6989,CAR Independiente del Valle,2152
205611,Jean Arroyo,Midfield,2003-10-04,Ecuador,,6989,CAR Independiente del Valle,2152
205694,Ronald Briones,Midfield,2000-06-15,Ecuador,,6989,CAR Independiente del Valle,2152
220132,Youri Ochoa,Midfield,2005-01-10,Ecuador,,6989,CAR Independiente del Valle,2152
250235,Aníbal Gomez,Midfield,2006-01-22,Ecuador,,6989,CAR Independiente del Valle,2152
250337,Justin Lerma,Midfield,2008-05-05,Ecuador,,6989,CAR Independiente del Valle,2152
263924,Darwin Guagua,Midfield,2007-11-06,Ecuador,,6989,CAR Independiente del Valle,2152
277032,Andy Velasco,Midfield,1998-10-29,Ecuador,,6989,CAR Independiente del Valle,2152
288921,Juan Angulo,Midfield,2008-01-12,Ecuador,,6989,CAR Independiente del Valle,2152
204086,Matías Perelló,Offence,2001-11-17,Argentina,,6989,CAR Independiente del Valle,2152
263920,Emerson Pata,Offence,2004-07-11,Ecuador,,6989,CAR Independiente del Valle,2152
271075,Steven Gongóra,Offence,2003-07-08,Ecuador,,6989,CAR Independiente del Valle,2152
39489,Carlos González,Centre-Forward,1993-02-04,Paraguay,,6989,CAR Independiente del Valle,2152
167900,Vicente Bernedo,Goalkeeper,2001-01-22,Chile,,6993,CD Universidad Católica,2152
275574,Francisco Váldes,Goalkeeper,2006-03-05,Chile,,6993,CD Universidad Católica,2152
276822,Darío Melo,Goalkeeper,1993-03-24,Chile,,6993,CD Universidad Católica,2152
1375,Eugenio Mena,Defence,1988-07-18,Chile,,6993,CD Universidad Católica,2152
7270,Cristián Cuevas,Defence,1995-04-02,Chile,,6993,CD Universidad Católica,2152
15950,Gary Medel,Defence,1987-08-03,Chile,,6993,CD Universidad Católica,2152
21354,Bernardo Cerezo,Defence,1995-01-21,Chile,,6993,CD Universidad Católica,2152
23636,Branco Ampuero,Defence,1993-07-19,Chile,,6993,CD Universidad Católica,2152
110953,Juan Ignacio Díaz,Defence,1998-05-26,Argentina,,6993,CD Universidad Católica,2152
138091,Daniel González,Defence,2002-02-20,Chile,,6993,CD Universidad Católica,2152
169143,Tomás Asta-Buruaga,Defence,1996-10-11,Chile,,6993,CD Universidad Católica,2152
262264,Ignacio Pérez,Defence,2006-06-06,Chile,,6993,CD Universidad Católica,2152
276498,Sebastián Arancibia,Defence,2006-06-15,Chile,,6993,CD Universidad Católica,2152
281559,José Salas,Defence,2008-01-01,Chile,,6993,CD Universidad Católica,2152
290246,Nicolás L'Huillier,Defence,2005-01-15,Chile,,6993,CD Universidad Católica,2152
15244,Agustín Farías,Midfield,1987-12-25,Argentina,,6993,CD Universidad Católica,2152
22126,Jhojan Valencia,Midfield,1996-07-27,Colombia,,6993,CD Universidad Católica,2152
23348,Jimmy Martínez,Midfield,1997-01-26,Chile,,6993,CD Universidad Católica,2152
46651,Fernando Zuqui,Midfield,1991-11-27,Argentina,,6993,CD Universidad Católica,2152
113610,Matías Palavecino,Midfield,1998-05-23,Argentina,,6993,CD Universidad Católica,2152
140227,Alfred Canales,Midfield,2000-04-27,Chile,,6993,CD Universidad Católica,2152
182128,Bryan Gonzalez,Midfield,2003-02-23,Chile,,6993,CD Universidad Católica,2152
192178,Diego Corral,Midfield,2005-03-09,Chile,,6993,CD Universidad Católica,2152
202538,Juan Rossel,Midfield,2005-03-17,Chile,,6993,CD Universidad Católica,2152
287633,Vicente Cárcamo,Midfield,2005-07-17,Chile,,6993,CD Universidad Católica,2152
293263,Martín Gómez,Midfield,2006-05-01,Argentina,,6993,CD Universidad Católica,2152
294330,Lucas Barraza,Midfield,2008-05-02,Chile,,6993,CD Universidad Católica,2152
23832,Diego Valencia,Offence,2000-01-14,Chile,,6993,CD Universidad Católica,2152
46032,Fernando Zampedri,Offence,1988-02-14,Chile,,6993,CD Universidad Católica,2152
59790,Justo Giani,Offence,1999-04-07,Argentina,,6993,CD Universidad Católica,2152
143990,Clemente Montes,Offence,2001-04-25,Chile,,6993,CD Universidad Católica,2152
294603,Nickolas Pino,Offence,2006-10-11,Chile,,6993,CD Universidad Católica,2152
28382,Luis Mejía,Goalkeeper,1991-03-16,Panama,,7055,Club Nacional de Football,2152
130956,Ignacio Suarez,Goalkeeper,2002-02-05,Uruguay,,7055,Club Nacional de Football,2152
278938,Federico Bonilla,Goalkeeper,2005-12-08,Uruguay,,7055,Club Nacional de Football,2152
294025,Juan Bianchi,Goalkeeper,2006-02-16,Uruguay,,7055,Club Nacional de Football,2152
294380,Tiago Deanés,Goalkeeper,2008-08-17,Uruguay,,7055,Club Nacional de Football,2152
28271,Nicolás Rodríguez,Defence,1991-07-22,Uruguay,,7055,Club Nacional de Football,2152
28702,Agustín Rogel,Defence,1997-10-17,Uruguay,,7055,Club Nacional de Football,2152
28789,Camilo Cándido,Defence,1995-06-02,Uruguay,,7055,Club Nacional de Football,2152
112664,Juan Pintado,Defence,1997-07-28,Uruguay,,7055,Club Nacional de Football,2152
260155,Emiliano Ancheta,Defence,1999-06-09,Uruguay,,7055,Club Nacional de Football,2152
270469,Paolo Calione,Defence,2006-05-22,Uruguay,,7055,Club Nacional de Football,2152
274993,Luciano Rodríguez,Defence,2007-03-15,Uruguay,,7055,Club Nacional de Football,2152
287689,Tomás Viera,Defence,2006-03-18,Uruguay,,7055,Club Nacional de Football,2152
292100,Federico Bais,Defence,2008-01-29,Uruguay,,7055,Club Nacional de Football,2152
293828,Federico Pedrouzo,Defence,2006-03-07,Uruguay,,7055,Club Nacional de Football,2152
294381,Román Clematte,Defence,2007-09-06,Uruguay,,7055,Club Nacional de Football,2152
28460,Lucas Rodríguez,Midfield,1993-05-08,Uruguay,,7055,Club Nacional de Football,2152
77022,Nicolás Lodeiro,Midfield,1989-03-21,Uruguay,,7055,Club Nacional de Football,2152
114878,Luciano Boggio,Midfield,1999-03-10,Uruguay,,7055,Club Nacional de Football,2152
191374,Mateo Barcia,Midfield,2001-02-19,Uruguay,,7055,Club Nacional de Football,2152
260156,Mauricio Vera,Midfield,1998-05-08,Argentina,,7055,Club Nacional de Football,2152
274101,Agustín dos Santos,Midfield,2008-02-09,Uruguay,,7055,Club Nacional de Football,2152
292112,Jhon Guzman,Midfield,2005-03-20,Colombia,,7055,Club Nacional de Football,2152
292395,Rodrigo Martínez,Midfield,2008-03-22,Uruguay,,7055,Club Nacional de Football,2152
293438,Mateo Soria,Midfield,2007-03-14,Uruguay,,7055,Club Nacional de Football,2152
294366,Luciano González,Midfield,2008-03-07,Uruguay,,7055,Club Nacional de Football,2152
294589,Juan García,Midfield,2006-06-25,Uruguay,,7055,Club Nacional de Football,2152
1588,Nicolás López,Offence,1993-10-01,Uruguay,,7055,Club Nacional de Football,2152
72764,Gonzalo Carneiro Méndez,Offence,1995-09-12,Uruguay,,7055,Club Nacional de Football,2152
177438,Maximiliano Silvera,Offence,1997-09-05,Uruguay,,7055,Club Nacional de Football,2152
178994,Renzo Sánchez,Offence,2004-02-17,Uruguay,,7055,Club Nacional de Football,2152
180079,Maximiliano Gómez,Offence,1996-08-14,Uruguay,,7055,Club Nacional de Football,2152
248661,Bruno Arady,Offence,2007-07-01,Uruguay,,7055,Club Nacional de Football,2152
259988,Tomás Verón Lupi,Offence,,Argentina,,7055,Club Nacional de Football,2152
260033,Juan de los Santos,Offence,2003-02-22,Uruguay,,7055,Club Nacional de Football,2152
270738,Exequiel Mereles,Offence,2005-09-16,Uruguay,,7055,Club Nacional de Football,2152
274991,Pavel Núñez,Offence,2006-04-02,Uruguay,,7055,Club Nacional de Football,2152
277999,Thomas Giraldez,Offence,2008-09-11,Uruguay,,7055,Club Nacional de Football,2152
293462,Lautaro Codina,Offence,2008-02-07,Uruguay,,7055,Club Nacional de Football,2152
3162,Sebastián Coates,Centre-Back,1990-10-07,Uruguay,,7055,Club Nacional de Football,2152
3161,Martín Campaña,Goalkeeper,1989-05-29,Uruguay,,7118,Liverpool FC,2152
169099,Mathias Bernatene,Goalkeeper,2000-07-24,Uruguay,,7118,Liverpool FC,2152
193019,Rafael Hornos,Goalkeeper,2004-11-05,Uruguay,,7118,Liverpool FC,2152
292562,Diego Cabrera,Goalkeeper,2005-02-13,Uruguay,,7118,Liverpool FC,2152
170332,Santiago Laquidain,Defence,2001-07-28,Argentina,,7118,Liverpool FC,2152
193024,Kevin Amaro,Defence,2004-03-03,Uruguay,,7118,Liverpool FC,2152
220178,Agustín Cayetano,Defence,1999-08-09,Uruguay,,7118,Liverpool FC,2152
260058,Ezequiel Olivera,Defence,2003-12-20,Uruguay,,7118,Liverpool FC,2152
260100,Enzo Castillo,Defence,2000-12-23,Uruguay,,7118,Liverpool FC,2152
260949,Lucas Fraga,Defence,2007-02-18,Uruguay,,7118,Liverpool FC,2152
290959,Santiago Strasorier,Defence,2000-06-07,Argentina,,7118,Liverpool FC,2152
292285,Jorge Castillo,Defence,2006-03-26,Uruguay,,7118,Liverpool FC,2152
28334,Federico Martínez,Midfield,1996-02-28,Uruguay,,7118,Liverpool FC,2152
46313,Diego Zabala,Midfield,1991-09-19,Uruguay,,7118,Liverpool FC,2152
124761,Facundo Perdomo,Midfield,1999-08-21,Uruguay,,7118,Liverpool FC,2152
156737,Nicolás Garayalde,Midfield,1999-07-21,Argentina,,7118,Liverpool FC,2152
179116,Santiago Milano,Midfield,2003-03-12,Uruguay,,7118,Liverpool FC,2152
191822,Matías Mir,Midfield,2003-05-26,Spain,,7118,Liverpool FC,2152
191829,Diego Romero,Midfield,2000-03-02,Uruguay,,7118,Liverpool FC,2152
193001,Yordi Lopez,Midfield,2002-06-17,Uruguay,,7118,Liverpool FC,2152
230192,Giuliano Ferrer,Midfield,2005-12-26,Uruguay,,7118,Liverpool FC,2152
230193,Agustín Pereira,Midfield,2006-08-29,Uruguay,,7118,Liverpool FC,2152
259974,Martín Rabuñal,Midfield,,Uruguay,,7118,Liverpool FC,2152
260005,Alfonso De Luca,Midfield,,Uruguay,,7118,Liverpool FC,2152
260130,Kevin Lewis,Midfield,1999-01-08,Uruguay,,7118,Liverpool FC,2152
274895,Gonzalo de Mello,Midfield,2005-04-07,Uruguay,,7118,Liverpool FC,2152
292561,Mathías Delbono,Midfield,2005-08-10,Uruguay,,7118,Liverpool FC,2152
292591,Nawel da Silva,Midfield,2005-09-21,Uruguay,,7118,Liverpool FC,2152
294783,Thiago Brizuela,Midfield,2009-02-26,Uruguay,,7118,Liverpool FC,2152
22563,Rúben Bentancourt,Offence,1993-03-02,Uruguay,,7118,Liverpool FC,2152
46108,Facundo Barcelo,Offence,1993-03-31,Uruguay,,7118,Liverpool FC,2152
192456,Hebert Vergara,Offence,2002-03-22,Uruguay,,7118,Liverpool FC,2152
193026,Renzo Machado,Offence,2005-09-21,Uruguay,,7118,Liverpool FC,2152
204101,Ramiro Degregorio,Offence,2003-02-06,Argentina,,7118,Liverpool FC,2152
251240,Tomás Pastorino,Offence,2005-05-09,Uruguay,,7118,Liverpool FC,2152
261511,Lucas Acosta,Offence,2002-01-26,Uruguay,,7118,Liverpool FC,2152
272738,Joaquín Núñez,Offence,2004-05-15,Uruguay,,7118,Liverpool FC,2152
274893,Mateo Telechea,Offence,2005-11-02,Uruguay,,7118,Liverpool FC,2152
292286,Felipe Barrenechea Acuña,Offence,2007-06-23,Lithuania,,7118,Liverpool FC,2152
2276,Salvador Ichazo,Goalkeeper,1992-01-26,Uruguay,,7119,CD Independiente Medellín,2152
22364,José Chunga,Goalkeeper,1991-07-11,Colombia,,7119,CD Independiente Medellín,2152
22407,Edér Chaux,Goalkeeper,1991-12-20,Colombia,,7119,CD Independiente Medellín,2152
211513,Iker Blanco,Goalkeeper,2006-04-25,Colombia,,7119,CD Independiente Medellín,2152
286595,Simón Romero,Goalkeeper,2007-01-01,Colombia,,7119,CD Independiente Medellín,2152
3725,Frank Fabra,Defence,1991-02-22,Colombia,,7119,CD Independiente Medellín,2152
22206,José Ortiz,Defence,1998-11-16,Colombia,,7119,CD Independiente Medellín,2152
22251,Daniel Londoño,Defence,1995-01-01,Colombia,,7119,CD Independiente Medellín,2152
22800,Hayen Palacios,Defence,1999-09-08,Colombia,,7119,CD Independiente Medellín,2152
178386,Kevin Mantilla,Defence,2003-05-22,Colombia,,7119,CD Independiente Medellín,2152
178466,Leyser Chaverra,Defence,1997-04-01,Colombia,,7119,CD Independiente Medellín,2152
207510,Malcom Palacios,Defence,2004-04-08,Colombia,,7119,CD Independiente Medellín,2152
218701,Andrés Dávila,Defence,2007-02-01,Colombia,,7119,CD Independiente Medellín,2152
270323,Luis Escorcia,Defence,2004-01-07,Colombia,,7119,CD Independiente Medellín,2152
280113,Jhan Mena,Defence,2006-03-16,Colombia,,7119,CD Independiente Medellín,2152
290455,Juan Viveros,Defence,2004-11-05,Colombia,,7119,CD Independiente Medellín,2152
291769,Marlon Balanta,Defence,2006-04-21,Colombia,,7119,CD Independiente Medellín,2152
292538,Jhan Carlos Blandón,Defence,2008-03-08,Colombia,,7119,CD Independiente Medellín,2152
292702,Jhon Banguera,Defence,2008-11-06,Colombia,,7119,CD Independiente Medellín,2152
22090,Didier Moreno,Midfield,1991-09-15,Colombia,,7119,CD Independiente Medellín,2152
22095,Daniel Cataño Torres,Midfield,1992-01-17,Colombia,,7119,CD Independiente Medellín,2152
22586,Diego Moreno,Midfield,1996-02-27,Colombia,,7119,CD Independiente Medellín,2152
22896,Baldomero Perlaza,Midfield,1992-06-02,Colombia,,7119,CD Independiente Medellín,2152
104485,Alexis Serna,Midfield,1997-12-07,Colombia,,7119,CD Independiente Medellín,2152
154622,Enzo Larrosa,Midfield,2001-04-21,Uruguay,,7119,CD Independiente Medellín,2152
178198,Francisco Chaverra,Midfield,2000-03-13,Colombia,,7119,CD Independiente Medellín,2152
178374,Léider Berrío,Midfield,1998-06-07,Colombia,,7119,CD Independiente Medellín,2152
278386,Halam Loboa,Midfield,2006-05-07,Colombia,,7119,CD Independiente Medellín,2152
278440,Nezareth Segura,Midfield,2007-06-11,Colombia,,7119,CD Independiente Medellín,2152
292705,Jaidinson Córdoba,Midfield,2007-12-12,Colombia,,7119,CD Independiente Medellín,2152
292885,Nazareth Segura,Midfield,2007-06-11,Colombia,,7119,CD Independiente Medellín,2152
22394,Yony González,Offence,1994-07-11,Colombia,,7119,CD Independiente Medellín,2152
22954,Esneyder Mena,Offence,1997-11-03,Colombia,,7119,CD Independiente Medellín,2152
32892,Francisco Fydriszewski,Offence,1993-04-13,Argentina,,7119,CD Independiente Medellín,2152
218705,John Montaño,Offence,2006-10-04,Colombia,,7119,CD Independiente Medellín,2152
278387,Davinson Estupiñán,Offence,2006-02-17,Colombia,,7119,CD Independiente Medellín,2152
280599,Gerónimo Mancilla,Offence,2008-12-29,Colombia,,7119,CD Independiente Medellín,2152
286953,Juan Bonilla,Offence,2006-01-18,Colombia,,7119,CD Independiente Medellín,2152
289272,Luis Maturana,Offence,2009-07-20,Colombia,,7119,CD Independiente Medellín,2152
292703,Luis Piedrahita,Offence,2007-05-21,Colombia,,7119,CD Independiente Medellín,2152
292704,Alan Valdelamar,Offence,2007-01-29,Colombia,,7119,CD Independiente Medellín,2152
46330,Matías Borgogno,Goalkeeper,1998-08-21,Argentina,,7580,CA Platense,2152
262268,Nicolás Sumavil,Goalkeeper,1999-11-20,Argentina,,7580,CA Platense,2152
1567,Víctor Cuesta,Defence,1988-11-19,Argentina,,7580,CA Platense,2152
60007,Ignacio Vázquez,Defence,1997-06-15,Argentina,,7580,CA Platense,2152
127236,Agustín Lagos,Defence,2001-10-09,Argentina,,7580,CA Platense,2152
183594,Tomas Silva,Defence,2003-03-08,Argentina,,7580,CA Platense,2152
191328,Santiago Quiros,Defence,2003-03-04,Argentina,,7580,CA Platense,2152
251312,Mateo Mendía,Defence,2004-02-03,Argentina,,7580,CA Platense,2152
279973,Celias Ingenthron,Defence,2008-06-28,Argentina,,7580,CA Platense,2152
289044,Thiago Currado,Defence,2006-11-04,Argentina,,7580,CA Platense,2152
291047,Eugenio Raggio,Defence,2001-08-31,Argentina,,7580,CA Platense,2152
28347,Lucas Ocampo,Midfield,1997-11-23,Uruguay,,7580,CA Platense,2152
28413,Martín Barrios,Midfield,1999-01-24,Uruguay,,7580,CA Platense,2152
45849,Leonardo Heredia,Midfield,1996-01-11,Argentina,,7580,CA Platense,2152
45946,Brian Bustos,Midfield,1996-08-22,Argentina,,7580,CA Platense,2152
46057,Bautista Merlini,Midfield,1995-07-04,Argentina,,7580,CA Platense,2152
46354,Guido Mainero,Midfield,1995-03-23,Argentina,,7580,CA Platense,2152
46644,Iván Gómez,Midfield,1997-02-28,Argentina,,7580,CA Platense,2152
170277,Franco Zapiola,Midfield,2001-02-19,Argentina,,7580,CA Platense,2152
184497,Marcos Portillo,Midfield,2000-01-31,Argentina,,7580,CA Platense,2152
250566,Juan Saborido,Midfield,1998-04-25,Argentina,,7580,CA Platense,2152
259942,Santiago Dalmasso,Midfield,2004-06-18,Argentina,,7580,CA Platense,2152
262273,Felipe Bussio,Midfield,2004-06-16,Argentina,,7580,CA Platense,2152
274411,Franco Amarfil,Midfield,2001-11-03,Argentina,,7580,CA Platense,2152
278250,Demian Troya,Midfield,2005-03-22,Argentina,,7580,CA Platense,2152
292291,Pablo Ferreira,Midfield,2004-10-23,Argentina,,7580,CA Platense,2152
46585,Augusto Lotti,Offence,1996-06-10,Argentina,,7580,CA Platense,2152
114148,Gonzalo Lencina,Offence,1997-10-18,Argentina,,7580,CA Platense,2152
114149,Mauro Luna Diale,Offence,1999-04-26,Argentina,,7580,CA Platense,2152
157111,Juan Gauto,Offence,2004-06-02,Argentina,,7580,CA Platense,2152
250358,Manuel Tucker,Offence,2004-10-31,Argentina,,7580,CA Platense,2152
250685,Franco Minerva,Offence,2006-01-31,Argentina,,7580,CA Platense,2152
263195,Héctor Bobadilla,Offence,2001-06-08,Paraguay,,7580,CA Platense,2152
263804,Benjamín Bosch,Offence,2005-06-15,Argentina,,7580,CA Platense,2152
274377,Tomás Nasif,Offence,2004-01-02,Argentina,,7580,CA Platense,2152
275173,Nicolás Retamar,Offence,1999-02-06,Argentina,,7580,CA Platense,2152
27625,Alain Baroja,Goalkeeper,1989-10-23,Venezuela,,7865,Club Always Ready,2152
247658,Enzo Rodriguez,Goalkeeper,2003-12-12,Bolivia,,7865,Club Always Ready,2152
276515,Santiago Paz,Goalkeeper,2004-06-09,Bolivia,,7865,Club Always Ready,2152
294361,Ronald Taborga,Goalkeeper,2009-01-31,Bolivia,,7865,Club Always Ready,2152
104507,Alex Rambal,Defence,1992-09-24,Colombia,,7865,Club Always Ready,2152
205614,Carlos Medina,Defence,2005-10-02,Bolivia,,7865,Club Always Ready,2152
218134,Marcelo Suárez,Defence,,Bolivia,,7865,Club Always Ready,2152
218287,Héctor Cuellar,Defence,2000-08-16,Bolivia,,7865,Club Always Ready,2152
247161,Luis Caicedo,Defence,1997-09-24,Ecuador,,7865,Club Always Ready,2152
263101,Carlitos Rodríguez,Defence,2004-11-22,Bolivia,,7865,Club Always Ready,2152
294341,Nicolás Cabrera,Defence,2009-12-21,Bolivia,,7865,Club Always Ready,2152
294342,Dieguito Rodríguez,Defence,2003-09-11,Bolivia,,7865,Club Always Ready,2152
294359,Nicolás Villarroel,Defence,2007-09-17,Bolivia,,7865,Club Always Ready,2152
17219,Richet Gómez,Midfield,1998-11-03,Bolivia,,7865,Club Always Ready,2152
17332,Fernando Saucedo,Midfield,1990-03-15,Bolivia,,7865,Club Always Ready,2152
22427,Yhormar Hurtado,Midfield,1996-12-14,Colombia,,7865,Club Always Ready,2152
45755,Emanuel Joel Amoroso,Midfield,1988-01-08,Argentina,,7865,Club Always Ready,2152
111453,Dario Torrico,Midfield,2000-10-18,Bolivia,,7865,Club Always Ready,2152
166210,Javier Uzeda,Midfield,2002-07-31,Bolivia,,7865,Club Always Ready,2152
179235,Rai Lima,Midfield,2000-04-08,Bolivia,,7865,Club Always Ready,2152
294340,Jesús Maraude,Midfield,2008-02-02,Bolivia,,7865,Club Always Ready,2152
294355,Roberto Perez,Midfield,2010-05-21,Bolivia,,7865,Club Always Ready,2152
294358,Juan Gómez,Midfield,1992-09-24,Argentina,,7865,Club Always Ready,2152
294363,Saul Choquevillca,Midfield,2010-07-05,Bolivia,,7865,Club Always Ready,2152
46582,Enrique Triverio,Offence,1988-12-31,Argentina,,7865,Club Always Ready,2152
218913,Fernando Nava,Offence,2004-06-08,Bolivia,,7865,Club Always Ready,2152
274212,Felipe Pasadore,Offence,2000-07-19,Argentina,,7865,Club Always Ready,2152
275591,Juan Godoy,Offence,1993-06-23,Paraguay,,7865,Club Always Ready,2152
293980,Máximo Mamani,Offence,2005-04-22,Argentina,,7865,Club Always Ready,2152
294360,Santiago Cuestas,Offence,2007-11-06,Bolivia,,7865,Club Always Ready,2152
294362,Carlos Collazo,Offence,2009-02-16,Bolivia,,7865,Club Always Ready,2152
39122,Gaspar Servio,Goalkeeper,1992-03-09,Argentina,,7868,Club Guaraní,2152
110782,Aldo Pérez,Goalkeeper,2000-11-03,Paraguay,,7868,Club Guaraní,2152
129267,Marino Arzamendia,Goalkeeper,1998-01-19,Paraguay,,7868,Club Guaraní,2152
179138,Gustavo Dionisi,Goalkeeper,2003-10-17,Paraguay,,7868,Club Guaraní,2152
154561,Imanol Segovia,Defence,2001-02-06,Argentina,,7868,Club Guaraní,2152
179163,César Ramírez,Defence,2003-09-09,Paraguay,,7868,Club Guaraní,2152
179192,Alcides Barbotte,Defence,2002-06-26,Paraguay,,7868,Club Guaraní,2152
245140,Sebastián Zaracho,Defence,1999-01-20,Paraguay,,7868,Club Guaraní,2152
263006,Daniel Pérez,Defence,1993-11-17,Paraguay,,7868,Club Guaraní,2152
276585,Alcides Domínguez,Defence,2007-02-23,Paraguay,,7868,Club Guaraní,2152
292638,Mariano Ramos,Defence,2004-05-03,Argentina,,7868,Club Guaraní,2152
293985,Manuel Caceres,Defence,2009-02-13,Paraguay,,7868,Club Guaraní,2152
294008,Javier Velázquez,Defence,2005-01-31,Paraguay,,7868,Club Guaraní,2152
294011,Luis Paredes,Defence,2008-04-17,Paraguay,,7868,Club Guaraní,2152
46387,Agustín Manzur,Midfield,2000-09-29,Argentina,,7868,Club Guaraní,2152
97642,Diego Fernández,Midfield,2002-09-02,Paraguay,,7868,Club Guaraní,2152
111280,Jhon Sánchez,Midfield,1999-07-30,Ecuador,,7868,Club Guaraní,2152
137184,Jesús Llano,Midfield,2001-07-01,Paraguay,,7868,Club Guaraní,2152
154698,Patricio Tanda,Midfield,2002-04-05,Argentina,,7868,Club Guaraní,2152
169003,Felix Llano,Midfield,2001-07-01,Paraguay,,7868,Club Guaraní,2152
178781,Marcos Gomez,Midfield,2001-11-10,Paraguay,,7868,Club Guaraní,2152
179209,Thiago Servín,Midfield,2003-06-05,Paraguay,,7868,Club Guaraní,2152
179213,Luis Martínez,Midfield,2000-02-16,Paraguay,,7868,Club Guaraní,2152
263168,Bruno Díaz,Midfield,2005-06-16,Paraguay,,7868,Club Guaraní,2152
280050,Jose Sosa Ramirez,Midfield,2007-03-05,Paraguay,,7868,Club Guaraní,2152
292637,Giovanni Gómez,Midfield,2007-10-18,Paraguay,,7868,Club Guaraní,2152
293136,Matías López,Midfield,2003-09-19,Paraguay,,7868,Club Guaraní,2152
294009,Martín Maldonado,Midfield,2007-02-17,Paraguay,,7868,Club Guaraní,2152
294010,Tadeo Sanabria,Midfield,2006-09-28,Paraguay,,7868,Club Guaraní,2152
38891,Fernando Fernandéz,Offence,1992-01-08,Paraguay,,7868,Club Guaraní,2152
262990,Richard Torales,Offence,2001-02-26,Paraguay,,7868,Club Guaraní,2152
263016,Derlis Rodríguez,Offence,1997-09-18,Paraguay,,7868,Club Guaraní,2152
263031,César Miño,Offence,2007-05-31,Paraguay,,7868,Club Guaraní,2152
263159,Ricardo Quiñónez,Offence,2001-02-05,Paraguay,,7868,Club Guaraní,2152
274611,Patricio Coronel,Offence,2007-04-19,Paraguay,,7868,Club Guaraní,2152
276582,Iván Ramírez,Offence,2004-06-05,Paraguay,,7868,Club Guaraní,2152
281969,Nelson Romero,Offence,2008-02-20,Paraguay,,7868,Club Guaraní,2152
293984,Víctor Rivarola,Offence,2002-05-16,Paraguay,,7868,Club Guaraní,2152
293990,Kevin Ferreira,Offence,2007-07-28,Paraguay,,7868,Club Guaraní,2152
294007,Josué Centurión,Offence,2008-10-31,Paraguay,,7868,Club Guaraní,2152
294022,Elder Alfonzo,Offence,2007-08-12,Paraguay,,7868,Club Guaraní,2152
23676,Diego Sánchez,Goalkeeper,1987-05-08,Chile,,7912,CD Coquimbo Unido,2152
247213,Cristóbal Dorador,Goalkeeper,2006-06-07,Chile,,7912,CD Coquimbo Unido,2152
275975,Gonzalo Flores,Goalkeeper,2000-02-29,Chile,,7912,CD Coquimbo Unido,2152
293185,Vicente Villegas,Goalkeeper,2009-08-23,Chile,,7912,CD Coquimbo Unido,2152
23497,Salvador Cordero,Defence,1996-03-11,Chile,,7912,CD Coquimbo Unido,2152
23541,Manuel Fernández,Defence,1989-01-25,Uruguay,,7912,CD Coquimbo Unido,2152
39406,Juan Cornejo,Defence,1990-02-27,Chile,,7912,CD Coquimbo Unido,2152
112280,Sebastian Cabrera,Defence,1998-03-16,Chile,,7912,CD Coquimbo Unido,2152
138234,Benjamín Gazzolo,Defence,1997-07-14,Chile,,7912,CD Coquimbo Unido,2152
141750,Elvis Hernández,Defence,1999-09-24,Argentina,,7912,CD Coquimbo Unido,2152
141801,Lukas Soza,Defence,1998-01-19,Chile,,7912,CD Coquimbo Unido,2152
191180,Francisco Salinas,Defence,1999-12-04,Chile,,7912,CD Coquimbo Unido,2152
289870,Miguel Rojas,Defence,2002-02-26,Chile,,7912,CD Coquimbo Unido,2152
290783,Joshua Arancibia,Defence,2004-11-27,Chile,,7912,CD Coquimbo Unido,2152
23600,Alejandro Camargo,Midfield,1989-06-12,Argentina,,7912,CD Coquimbo Unido,2152
112272,Cristián Zavala,Midfield,1999-08-03,Chile,,7912,CD Coquimbo Unido,2152
112276,Sebastián Galani,Midfield,1997-08-17,Chile,,7912,CD Coquimbo Unido,2152
130753,Dylan Glaby,Midfield,1996-04-07,Argentina,,7912,CD Coquimbo Unido,2152
179362,Benjamín Chandía,Midfield,2002-11-25,Chile,,7912,CD Coquimbo Unido,2152
179363,Dylan Escobar,Midfield,2000-12-02,Chile,,7912,CD Coquimbo Unido,2152
247272,Alejandro Azócar,Midfield,2000-10-19,Chile,,7912,CD Coquimbo Unido,2152
249617,Dixon Pereira,Midfield,,Chile,,7912,CD Coquimbo Unido,2152
260184,Matías Zepeda,Midfield,2004-04-21,Chile,,7912,CD Coquimbo Unido,2152
270635,Nicolas Julio,Midfield,2006-09-03,Chile,,7912,CD Coquimbo Unido,2152
290782,Pablo Rodríguez,Midfield,2006-11-10,Chile,,7912,CD Coquimbo Unido,2152
294093,Diego Chavez,Midfield,,Chile,,7912,CD Coquimbo Unido,2152
11664,Lucas Pratto,Offence,1988-06-04,Argentina,,7912,CD Coquimbo Unido,2152
23843,Luis Riveros,Offence,1998-03-24,Paraguay,,7912,CD Coquimbo Unido,2152
59028,Rodrigo Holgado,Offence,1995-06-28,Malaysia,,7912,CD Coquimbo Unido,2152
247241,Nicolas Johansen,Offence,1999-01-23,Argentina,,7912,CD Coquimbo Unido,2152
247246,Matías Alvarado,Offence,2003-03-25,Chile,,7912,CD Coquimbo Unido,2152
250222,Martín Mundaca,Offence,2007-01-08,Chile,,7912,CD Coquimbo Unido,2152
289813,Paulo Rojas,Offence,2008-01-01,Chile,,7912,CD Coquimbo Unido,2152
290175,Guido Vadalá,Offence,1997-02-08,Argentina,,7912,CD Coquimbo Unido,2152
295366,Gino Alfaro,Offence,2007-06-03,Chile,,7912,CD Coquimbo Unido,2152
27816,Carlos González,Goalkeeper,1999-07-31,Venezuela,,9357,Universidad Central de Venezuela FC,2152
27819,Giancarlo Schiavone,Goalkeeper,1993-11-02,Venezuela,,9357,Universidad Central de Venezuela FC,2152
122396,Lautaro Morales,Goalkeeper,1999-12-16,Argentina,,9357,Universidad Central de Venezuela FC,2152
274647,Diego Ochoa,Goalkeeper,2007-02-11,Venezuela,,9357,Universidad Central de Venezuela FC,2152
27497,Rubén Ramírez,Defence,1995-10-18,Venezuela,,9357,Universidad Central de Venezuela FC,2152
27507,Daniel Carrillo,Defence,1995-12-02,Venezuela,,9357,Universidad Central de Venezuela FC,2152
100407,Adrián Martínez,Defence,1993-07-14,Venezuela,,9357,Universidad Central de Venezuela FC,2152
114922,Williams Velásquez,Defence,1997-04-04,Venezuela,,9357,Universidad Central de Venezuela FC,2152
178455,Alfonso Simarra,Defence,2000-07-13,Colombia,,9357,Universidad Central de Venezuela FC,2152
246728,Salomón Salcedo,Defence,2007-11-29,Venezuela,,9357,Universidad Central de Venezuela FC,2152
250170,Yanniel Hernández,Defence,1997-07-10,Venezuela,,9357,Universidad Central de Venezuela FC,2152
273700,Roman Davis,Defence,2008-01-08,Venezuela,,9357,Universidad Central de Venezuela FC,2152
293989,Kevin Eduardo,Defence,1991-08-23,Venezuela,,9357,Universidad Central de Venezuela FC,2152
22437,Carlos Cermeño,Midfield,1995-08-09,Venezuela,,9357,Universidad Central de Venezuela FC,2152
22937,Alexander Gonzalez,Midfield,1994-12-14,Panama,,9357,Universidad Central de Venezuela FC,2152
59909,Francisco Solé,Midfield,1997-05-02,Argentina,,9357,Universidad Central de Venezuela FC,2152
100401,Kendrys Silva,Midfield,1993-12-17,Venezuela,,9357,Universidad Central de Venezuela FC,2152
178422,Juan Manuel Cuesta,Midfield,2002-02-09,Colombia,,9357,Universidad Central de Venezuela FC,2152
178779,Vicente Rodriguez,Midfield,1994-11-13,Venezuela,,9357,Universidad Central de Venezuela FC,2152
218288,Samuel Sosa,Midfield,,Venezuela,,9357,Universidad Central de Venezuela FC,2152
273691,Kendry Mendoza,Midfield,2003-08-27,Venezuela,,9357,Universidad Central de Venezuela FC,2152
273710,Sebastian Hernández,Midfield,,Venezuela,,9357,Universidad Central de Venezuela FC,2152
273727,Carlos Morales,Midfield,2006-04-07,Venezuela,,9357,Universidad Central de Venezuela FC,2152
274649,Maicol Ruiz,Midfield,2003-07-03,Venezuela,,9357,Universidad Central de Venezuela FC,2152
293981,Jose Lopez,Midfield,2004-08-07,Venezuela,,9357,Universidad Central de Venezuela FC,2152
294005,Diego Pena,Midfield,2009-02-25,Venezuela,,9357,Universidad Central de Venezuela FC,2152
27542,Charlis Ortiz,Offence,1986-07-21,Venezuela,,9357,Universidad Central de Venezuela FC,2152
27780,Yohan Cumana,Offence,1996-03-08,Venezuela,,9357,Universidad Central de Venezuela FC,2152
104810,Yeiber Murillo,Offence,1998-04-23,Venezuela,,9357,Universidad Central de Venezuela FC,2152
111040,Jovanny Bolívar,Offence,2001-12-16,Venezuela,,9357,Universidad Central de Venezuela FC,2152
185925,Ferlys García,Offence,2002-02-23,Colombia,,9357,Universidad Central de Venezuela FC,2152
273688,Alexander Granko,Offence,2008-09-24,Venezuela,,9357,Universidad Central de Venezuela FC,2152
273690,Daniel De Sousa,Offence,2004-02-13,Venezuela,,9357,Universidad Central de Venezuela FC,2152
273707,Yimvert Berroteran,Offence,2008-05-04,Venezuela,,9357,Universidad Central de Venezuela FC,2152
273716,Juan Camilo Zapata,Offence,1994-04-15,Colombia,,9357,Universidad Central de Venezuela FC,2152
277006,Carlos Colmenares,Offence,2007-06-15,Venezuela,,9357,Universidad Central de Venezuela FC,2152
278000,Cristhian Andrade,Offence,2007-10-16,Venezuela,,9357,Universidad Central de Venezuela FC,2152
294003,Roberto Sarli,Offence,2004-01-10,Venezuela,,9357,Universidad Central de Venezuela FC,2152
46478,Alexis Martín,Goalkeeper,1992-07-04,Argentina,,9373,Club Cerro Porteño,2152
169622,Roberto Fernández,Goalkeeper,1988-03-29,Paraguay,,9373,Club Cerro Porteño,2152
263121,Antonio Martínez,Goalkeeper,2003-05-13,Paraguay,,9373,Club Cerro Porteño,2152
16044,Blás Riveros,Defence,1998-02-03,Paraguay,,9373,Club Cerro Porteño,2152
45664,Guillermo Benítez,Defence,1993-12-08,Argentina,,9373,Club Cerro Porteño,2152
140848,Matías Pérez,Defence,1999-03-03,Argentina,,9373,Club Cerro Porteño,2152
159119,Rodrigo Melgarejo,Defence,2002-05-23,Paraguay,,9373,Club Cerro Porteño,2152
172169,Gustavo Velázquez,Defence,1991-04-17,Paraguay,,9373,Club Cerro Porteño,2152
184514,Abel Luciatti,Defence,1993-03-18,Argentina,,9373,Club Cerro Porteño,2152
191875,Lucas Quintana,Defence,2005-01-02,Paraguay,,9373,Club Cerro Porteño,2152
276556,Rodrigo Gómez,Defence,2006-05-09,Paraguay,,9373,Club Cerro Porteño,2152
286303,Josué Servín,Defence,2005-12-09,Paraguay,,9373,Club Cerro Porteño,2152
294002,Marcelo Chaparro,Defence,2007-04-30,Paraguay,,9373,Club Cerro Porteño,2152
294191,Víctor Sanchez,Defence,2004-01-17,Paraguay,,9373,Club Cerro Porteño,2152
46652,Gastón Giménez,Midfield,1991-07-27,Paraguay,,9373,Club Cerro Porteño,2152
46849,Alan Soñora,Midfield,1998-08-03,USA,,9373,Club Cerro Porteño,2152
77211,Cristhian Paredes,Midfield,1998-05-18,Paraguay,,9373,Club Cerro Porteño,2152
110784,Jorge Morel,Midfield,1998-01-22,Paraguay,,9373,Club Cerro Porteño,2152
127157,Fabricio Domínguez,Midfield,1998-06-24,Uruguay,,9373,Club Cerro Porteño,2152
168816,Wilder Viera,Midfield,2002-03-04,Paraguay,,9373,Club Cerro Porteño,2152
179042,Robert Piris Da Motta,Midfield,1994-07-26,Paraguay,,9373,Club Cerro Porteño,2152
192903,Fabrizio Peralta,Midfield,2002-08-02,Paraguay,,9373,Club Cerro Porteño,2152
250340,Gabriel Aguayo,Midfield,2005-02-10,Paraguay,,9373,Club Cerro Porteño,2152
280018,Darió Espinola,Midfield,2007-02-26,Paraguay,,9373,Club Cerro Porteño,2152
283728,Amín Cristaldo,Midfield,2007-06-11,Paraguay,,9373,Club Cerro Porteño,2152
286304,Carlos Franco,Midfield,2008-01-05,Paraguay,,9373,Club Cerro Porteño,2152
286305,Alvaro Espinola,Midfield,2008-01-11,Paraguay,,9373,Club Cerro Porteño,2152
293983,César Bobadilla,Midfield,2006-12-29,Paraguay,,9373,Club Cerro Porteño,2152
16678,Sergio Araujo,Offence,1992-01-28,Argentina,,9373,Club Cerro Porteño,2152
23071,Santiago Mosquera,Offence,1995-02-07,Colombia,,9373,Club Cerro Porteño,2152
39114,Cecilio Domínguez,Offence,1994-08-11,Paraguay,,9373,Club Cerro Porteño,2152
39603,Juan Iturbe,Offence,1993-06-04,Paraguay,,9373,Club Cerro Porteño,2152
59787,Jonathan Torres,Offence,1996-12-29,Argentina,,9373,Club Cerro Porteño,2152
59859,Pablo Vegetti,Offence,1988-10-15,Argentina,,9373,Club Cerro Porteño,2152
76233,Ignacio Aliseda,Offence,2000-03-14,Argentina,,9373,Club Cerro Porteño,2152
213297,Freddy Noguera,Offence,2004-01-09,Paraguay,,9373,Club Cerro Porteño,2152
250201,Edgar Páez,Offence,2007-01-13,Paraguay,,9373,Club Cerro Porteño,2152
280021,Fredy Silvero,Offence,2007-05-29,Paraguay,,9373,Club Cerro Porteño,2152
286543,Aaron Bobadilla,Offence,2007-05-22,Paraguay,,9373,Club Cerro Porteño,2152
286958,Mauricio de Carvalho,Offence,2008-02-04,Paraguay,,9373,Club Cerro Porteño,2152
59829,Mateo Klimowicz,Attacking Midfield,2000-07-06,Germany,,9373,Club Cerro Porteño,2152
46358,Luis Amarilla,Centre-Forward,1995-08-25,Paraguay,,9373,Club Cerro Porteño,2152
16813,Rafael Romo,Goalkeeper,1990-02-25,Venezuela,,9377,Universidad Catolica,2152
24999,Johan Lara,Goalkeeper,1999-02-28,Ecuador,,9377,Universidad Catolica,2152
111266,Lucas Cueva Gordillo,Goalkeeper,2001-05-16,Ecuador,,9377,Universidad Catolica,2152
24774,Diego Palacios,Defence,1999-07-12,Ecuador,,9377,Universidad Catolica,2152
24778,Luis Cangá,Defence,1995-06-15,Ecuador,,9377,Universidad Catolica,2152
49127,Jhon Chancellor,Defence,1992-01-02,Venezuela,,9377,Universidad Catolica,2152
118453,Eddy Mejía,Defence,2000-03-09,Ecuador,,9377,Universidad Catolica,2152
165913,Carlos Medina,Defence,2001-10-23,Ecuador,,9377,Universidad Catolica,2152
179236,Gregori Anangonó,Defence,1998-05-16,Ecuador,,9377,Universidad Catolica,2152
275552,Eric Valencia,Defence,2003-06-05,Ecuador,,9377,Universidad Catolica,2152
24544,Facundo Martínez,Midfield,1985-04-02,Argentina,,9377,Universidad Catolica,2152
45951,Jerónimo Cacciabue,Midfield,1998-01-21,Argentina,,9377,Universidad Catolica,2152
77695,Mauro Díaz,Midfield,1991-03-10,Argentina,,9377,Universidad Catolica,2152
178897,Alex Rodríguez,Midfield,2003-11-08,Ecuador,,9377,Universidad Catolica,2152
178987,Darwin Nazareno,Midfield,2004-04-20,Ecuador,,9377,Universidad Catolica,2152
220181,Luis Moreno,Midfield,2005-02-28,Ecuador,,9377,Universidad Catolica,2152
220186,Rooney Troya,Midfield,2006-02-20,Ecuador,,9377,Universidad Catolica,2152
275553,Marcos Sevilano,Midfield,2002-06-01,Ecuador,,9377,Universidad Catolica,2152
279523,Jackson Mohor,Midfield,2006-06-11,Ecuador,,9377,Universidad Catolica,2152
293991,Jeysinio Chala,Midfield,2007-09-25,Ecuador,,9377,Universidad Catolica,2152
3868,José Fajardo,Offence,1993-08-18,Panama,,9377,Universidad Catolica,2152
58160,Mauricio Alonso,Offence,1994-02-12,Uruguay,,9377,Universidad Catolica,2152
105674,Everardo Rose,Offence,1999-07-23,Panama,,9377,Universidad Catolica,2152
159094,Azarias Londoño,Offence,2001-06-21,Panama,,9377,Universidad Catolica,2152
165882,Byron Palacios,Offence,1995-02-20,Ecuador,,9377,Universidad Catolica,2152
168810,Daniel Clavijo,Offence,2000-05-28,Ecuador,,9377,Universidad Catolica,2152
279520,Saenddy Yánez,Offence,2002-01-31,Ecuador,,9377,Universidad Catolica,2152
292247,Cristopher Benalcazar,Offence,2005-04-14,Ecuador,,9377,Universidad Catolica,2152
168770,Rodrigo Morinigo,Goalkeeper,1998-10-07,Paraguay,,9379,Club Libertad Asuncion,2152
169010,Angel Gonzalez,Goalkeeper,2003-02-04,Paraguay,,9379,Club Libertad Asuncion,2152
250741,Victor Rojas,Goalkeeper,2005-02-01,Paraguay,,9379,Club Libertad Asuncion,2152
46369,Diego Viera,Defence,1991-04-30,Paraguay,,9379,Club Libertad Asuncion,2152
80461,Iván Ramírez,Defence,1994-12-08,Paraguay,,9379,Club Libertad Asuncion,2152
102445,Robert Rojas,Defence,1996-04-30,Paraguay,,9379,Club Libertad Asuncion,2152
132012,Matías Espinoza,Defence,1997-09-19,Paraguay,,9379,Club Libertad Asuncion,2152
137236,Néstor Giménez,Defence,1997-07-24,Paraguay,,9379,Club Libertad Asuncion,2152
169023,Alexis Duarte,Defence,2000-03-12,Paraguay,,9379,Club Libertad Asuncion,2152
169122,Alan Benitez,Defence,1994-01-25,Paraguay,,9379,Club Libertad Asuncion,2152
262949,Santiago del Valle,Defence,2005-02-07,Paraguay,,9379,Club Libertad Asuncion,2152
280498,Thiago Fernández,Defence,2007-07-08,Paraguay,,9379,Club Libertad Asuncion,2152
287022,Santiago Rodis,Defence,2009-05-26,Paraguay,,9379,Club Libertad Asuncion,2152
287023,Elías Díaz,Defence,2009-01-20,Paraguay,,9379,Club Libertad Asuncion,2152
293995,Estiven Villalba,Defence,2008-06-04,Paraguay,,9379,Club Libertad Asuncion,2152
293999,César Recalde,Defence,2009-01-05,Paraguay,,9379,Club Libertad Asuncion,2152
294004,Juan Bernal Acosta,Defence,2008-05-12,Paraguay,,9379,Club Libertad Asuncion,2152
294586,Fernando Herrera,Defence,2007-05-09,Paraguay,,9379,Club Libertad Asuncion,2152
45917,Matías Rojas,Midfield,1995-11-03,Paraguay,,9379,Club Libertad Asuncion,2152
46020,Federico Carrizo,Midfield,1991-05-17,Argentina,,9379,Club Libertad Asuncion,2152
129268,Iván Franco,Midfield,2000-04-16,Paraguay,,9379,Club Libertad Asuncion,2152
168792,Hugo Fernandez,Midfield,1997-12-02,Paraguay,,9379,Club Libertad Asuncion,2152
168843,Hernesto Caballero,Midfield,1991-04-09,Paraguay,,9379,Club Libertad Asuncion,2152
168934,Hugo Martinez,Midfield,2000-04-27,Paraguay,,9379,Club Libertad Asuncion,2152
179135,Álvaro Campuzano,Midfield,1995-06-12,Paraguay,,9379,Club Libertad Asuncion,2152
202210,Marcelo Fernandez,Midfield,2001-10-25,Paraguay,,9379,Club Libertad Asuncion,2152
205641,Christian Martínez,Midfield,2005-01-01,Paraguay,,9379,Club Libertad Asuncion,2152
220172,Rodrigo Villalba,Midfield,2006-03-02,Paraguay,,9379,Club Libertad Asuncion,2152
230675,Amin Molinas,Midfield,2005-09-01,Paraguay,,9379,Club Libertad Asuncion,2152
263106,Estifen Díaz,Midfield,2005-04-09,Paraguay,,9379,Club Libertad Asuncion,2152
263129,Alexis Fretes,Midfield,2005-09-25,Paraguay,,9379,Club Libertad Asuncion,2152
280074,Joaquín Bogarín,Midfield,2007-07-24,Paraguay,,9379,Club Libertad Asuncion,2152
287020,Santino Amarilla,Midfield,2009-05-18,Paraguay,,9379,Club Libertad Asuncion,2152
16150,Lorenzo Melgarejo,Offence,1990-08-10,Paraguay,,9379,Club Libertad Asuncion,2152
168933,Lucas Sanabria,Offence,1999-09-13,Paraguay,,9379,Club Libertad Asuncion,2152
168989,Jorge Recalde,Offence,1992-05-08,Paraguay,,9379,Club Libertad Asuncion,2152
191852,Gustavo Aguilar,Offence,1999-12-14,Paraguay,,9379,Club Libertad Asuncion,2152
250533,Pedro Villalba,Offence,2008-07-09,Paraguay,,9379,Club Libertad Asuncion,2152
264472,Rodrigo Vera,Offence,2007-12-14,Paraguay,,9379,Club Libertad Asuncion,2152
280019,Ever López,Offence,2009-06-14,Paraguay,,9379,Club Libertad Asuncion,2152
294148,José Buhring,Offence,2008-02-17,Paraguay,,9379,Club Libertad Asuncion,2152
274481,Carlos Servín,Goalkeeper,1987-05-24,Paraguay,,11242,2 de Mayo,2152
274483,Ángel Martinez,Goalkeeper,2002-07-31,Paraguay,,11242,2 de Mayo,2152
274527,Miguel Urquiza,Goalkeeper,2000-04-18,Paraguay,,11242,2 de Mayo,2152
276535,Juan Armoa,Goalkeeper,2007-05-10,Paraguay,,11242,2 de Mayo,2152
73970,Wilson Ibarrola,Defence,1996-07-02,Paraguay,,11242,2 de Mayo,2152
73973,Alberto Espínola,Defence,1991-02-08,Paraguay,,11242,2 de Mayo,2152
76350,Víctor Dávalos,Defence,1991-02-03,Paraguay,,11242,2 de Mayo,2152
172270,Juan Camilo Saiz,Defence,1992-03-01,Colombia,,11242,2 de Mayo,2152
178936,René Rodriguez,Defence,2002-01-13,Paraguay,,11242,2 de Mayo,2152
274468,Pedro Sosa,Defence,1991-10-11,Paraguay,,11242,2 de Mayo,2152
274471,Miguel Barreto,Defence,1998-01-30,Paraguay,,11242,2 de Mayo,2152
274473,Ulises Coronel,Defence,1998-07-28,Paraguay,,11242,2 de Mayo,2152
274476,César Castro,Defence,1993-07-29,Paraguay,,11242,2 de Mayo,2152
285566,Alan Veiga,Defence,2007-07-14,Paraguay,,11242,2 de Mayo,2152
292202,Denis Rodríguez,Defence,2004-07-24,Paraguay,,11242,2 de Mayo,2152
45753,Fabricio Brener,Midfield,1998-05-26,Argentina,,11242,2 de Mayo,2152
137246,Orlando Colmán,Midfield,2002-02-02,Paraguay,,11242,2 de Mayo,2152
169115,Pedro Delvalle,Midfield,1994-01-06,Paraguay,,11242,2 de Mayo,2152
192906,Alexis Farina,Midfield,2004-12-17,Paraguay,,11242,2 de Mayo,2152
263040,Óscar Romero,Midfield,1999-03-06,Paraguay,,11242,2 de Mayo,2152
274470,Sérgio Sanabria,Midfield,1999-05-16,Paraguay,,11242,2 de Mayo,2152
274472,Elías Alfonso,Midfield,1999-09-25,Paraguay,,11242,2 de Mayo,2152
275220,Marcelo Acosta Ríos,Midfield,2000-12-06,Paraguay,,11242,2 de Mayo,2152
276539,Luis Delgadillo,Midfield,2007-01-28,Paraguay,,11242,2 de Mayo,2152
277030,Álvaro Montiel,Midfield,2004-03-07,Paraguay,,11242,2 de Mayo,2152
280048,Henry Riquelme,Midfield,2007-05-13,Paraguay,,11242,2 de Mayo,2152
290369,José Díaz López,Midfield,2005-02-07,Paraguay,,11242,2 de Mayo,2152
291979,Félix Triñanes,Midfield,2004-05-03,Argentina,,11242,2 de Mayo,2152
294720,Alan Fernández,Midfield,2008-08-11,Paraguay,,11242,2 de Mayo,2152
72758,Rodrigo Ruiz Díaz,Offence,1999-01-15,Paraguay,,11242,2 de Mayo,2152
110792,Wilson Ayala,Offence,1995-06-29,Paraguay,,11242,2 de Mayo,2152
137250,Sergio Fretes,Offence,1999-02-07,Paraguay,,11242,2 de Mayo,2152
186572,Diego Acosta,Offence,2002-11-12,Paraguay,,11242,2 de Mayo,2152
205704,Alan Gómez,Offence,2002-08-29,Paraguay,,11242,2 de Mayo,2152
280787,Matías Cáceres,Offence,1996-07-31,Paraguay,,11242,2 de Mayo,2152
38972,Sebastián Sosa,Goalkeeper,1986-08-19,Uruguay,,11246,Juventud de Las Piedras,2152
168911,Nicolas Rossi,Goalkeeper,1998-05-16,Uruguay,,11246,Juventud de Las Piedras,2152
274875,Nicolás Rutuola,Goalkeeper,2004-10-28,Uruguay,,11246,Juventud de Las Piedras,2152
278559,Manuel Idiarte,Goalkeeper,2005-12-05,Uruguay,,11246,Juventud de Las Piedras,2152
2059,Martín Cáceres,Defence,1987-04-07,Uruguay,,11246,Juventud de Las Piedras,2152
11672,Emanuel Más,Defence,1989-01-15,Argentina,,11246,Juventud de Las Piedras,2152
28748,Federico Barrandeguy,Defence,1996-05-08,Uruguay,,11246,Juventud de Las Piedras,2152
157255,Patricio Pernicone,Defence,2001-07-04,Argentina,,11246,Juventud de Las Piedras,2152
260048,Renzo Rabino,Defence,,Uruguay,,11246,Juventud de Las Piedras,2152
260143,Axel Prado,Defence,2002-11-17,Uruguay,,11246,Juventud de Las Piedras,2152
274874,Rodrigo Rodríguez,Defence,2001-01-16,Uruguay,,11246,Juventud de Las Piedras,2152
274876,David Morosini,Defence,2004-02-18,Uruguay,,11246,Juventud de Las Piedras,2152
275920,Pablo Lago,Defence,2006-11-16,Uruguay,,11246,Juventud de Las Piedras,2152
290539,Ignacio Mujica,Defence,2006-06-07,Uruguay,,11246,Juventud de Las Piedras,2152
290725,Agustin Pérez,Defence,2004-04-23,Uruguay,,11246,Juventud de Las Piedras,2152
292251,Franco Risso,Defence,2003-05-15,Uruguay,,11246,Juventud de Las Piedras,2152
39425,Emanuel Cecchini,Midfield,1996-12-24,Argentina,,11246,Juventud de Las Piedras,2152
137283,Marcelo Pérez,Midfield,2001-03-23,Paraguay,,11246,Juventud de Las Piedras,2152
181813,Alejo Cruz Techera,Midfield,2000-09-01,Uruguay,,11246,Juventud de Las Piedras,2152
192829,Rodrigo Chagas,Midfield,2003-08-20,Uruguay,,11246,Juventud de Las Piedras,2152
217071,Ramiro Peralta,Midfield,2003-04-22,Argentina,,11246,Juventud de Las Piedras,2152
262277,Leonel Roldan,Midfield,2004-10-10,Argentina,,11246,Juventud de Las Piedras,2152
274877,Facundo Pérez,Midfield,2000-03-23,Uruguay,,11246,Juventud de Las Piedras,2152
274880,Mateo Izaguirre,Midfield,2003-05-24,Uruguay,,11246,Juventud de Las Piedras,2152
275540,Diego Simoes,Midfield,2005-10-08,Uruguay,,11246,Juventud de Las Piedras,2152
292357,Mauricio Rodriguez,Midfield,,Uruguay,,11246,Juventud de Las Piedras,2152
294269,Valentin Barrios,Midfield,2007-06-15,Uruguay,,11246,Juventud de Las Piedras,2152
177441,Sebastian Guerrero,Offence,2000-09-23,Uruguay,,11246,Juventud de Las Piedras,2152
178994,Renzo Sánchez,Offence,2004-02-17,Uruguay,,11246,Juventud de Las Piedras,2152
260016,Agustín Alaniz,Offence,,Uruguay,,11246,Juventud de Las Piedras,2152
273994,Fernando Mimbacas,Offence,2002-03-26,Uruguay,,11246,Juventud de Las Piedras,2152
274869,Juan Boselli,Offence,1994-10-28,Uruguay,,11246,Juventud de Las Piedras,2152
274881,Bruno Larregui,Offence,2001-03-07,Uruguay,,11246,Juventud de Las Piedras,2152
275258,Bruno Airaldi,Offence,2004-08-24,Uruguay,,11246,Juventud de Las Piedras,2152
286982,Facundo Dominguez,Offence,2007-07-15,Uruguay,,11246,Juventud de Las Piedras,2152
292191,Gonzalo Gómez,Offence,2004-12-13,Uruguay,,11246,Juventud de Las Piedras,2152
294402,Dunkan Dorrego,Offence,2006-02-06,Uruguay,,11246,Juventud de Las Piedras,2152
7444,Gastón Pereiro,Attacking Midfield,1995-06-11,Uruguay,,11246,Juventud de Las Piedras,2152
32570,Unai Simón,Goalkeeper,1997-06-11,Spain,,77,Athletic Club,2014
203459,Álex Padilla,Goalkeeper,2003-09-01,Spain,,77,Athletic Club,2014
286275,Mikel Santos,Goalkeeper,2004-11-01,Spain,,77,Athletic Club,2014
7884,Aymeric Laporte,Defence,1994-05-27,Spain,,77,Athletic Club,2014
217432,Unai Eguíluz,Defence,2002-03-19,Spain,,77,Athletic Club,2014
276865,Aimar Duñabeitia,Defence,2003-02-26,Spain,,77,Athletic Club,2014
276982,Ander Izagirre,Defence,2003-06-28,Spain,,77,Athletic Club,2014
283817,Jon de Luis,Defence,2003-08-05,Spain,,77,Athletic Club,2014
286606,Iker Monreal,Defence,2005-07-03,Spain,,77,Athletic Club,2014
278297,Alejandro Rego,Midfield,2003-06-11,Spain,,77,Athletic Club,2014
287081,Ibon Sánchez,Midfield,2004-03-08,Spain,,77,Athletic Club,2014
288898,Selton Sánchez,Midfield,2007-02-20,Spain,,77,Athletic Club,2014
157135,Nico Williams,Offence,2002-07-12,Spain,,77,Athletic Club,2014
189820,Urko Izeta,Offence,1999-09-29,Spain,,77,Athletic Club,2014
231471,Endika Buján,Offence,2003-01-16,Spain,,77,Athletic Club,2014
287080,Adrián Pérez,Offence,2006-10-25,Spain,,77,Athletic Club,2014
289113,Asier Hierro,Offence,2005-05-06,Spain,,77,Athletic Club,2014
289717,Éder García,Offence,2004-01-04,Spain,,77,Athletic Club,2014
291751,Elijah Gift,Offence,2006-06-11,Spain,,77,Athletic Club,2014
172027,Nico Serrano,Left Winger,2003-03-05,Spain,,77,Athletic Club,2014
168663,Benat Prados,Central Midfield,2001-02-08,Spain,,77,Athletic Club,2014
151439,Aitor Paredes Casamichana,Centre-Back,2000-04-29,Spain,,77,Athletic Club,2014
136000,Jesús Areso,Right-Back,1999-07-02,Spain,,77,Athletic Club,2014
126878,Oihan Sancet,Attacking Midfield,2000-04-25,Spain,,77,Athletic Club,2014
101870,Roberto Navarro,Attacking Midfield,2002-04-12,Spain,,77,Athletic Club,2014
96868,Mikel Vesga,Defensive Midfield,1993-04-08,Spain,,77,Athletic Club,2014
81565,Gorka Guruzeta,Centre-Forward,1996-09-12,Spain,,77,Athletic Club,2014
33091,Andoni Gorosabel,Right-Back,1996-08-04,Spain,,77,Athletic Club,2014
32629,Iñaki Williams,Right Winger,1994-06-15,Ghana,,77,Athletic Club,2014
32618,Daniel Vivian,Centre-Back,1999-07-05,Spain,,77,Athletic Club,2014
32581,Iñigo Lekue,Right-Back,1993-05-04,Spain,,77,Athletic Club,2014
32579,Yeray Álvarez,Centre-Back,1995-01-24,Spain,,77,Athletic Club,2014
32481,Ruiz de Galarreta,Central Midfield,1993-08-06,Spain,,77,Athletic Club,2014
8479,Yuri Berchiche,Left-Back,1990-02-10,Spain,,77,Athletic Club,2014
2294,Álex Berenguer,Left Winger,1995-07-04,Spain,,77,Athletic Club,2014
261580,Sannadi,Centre-Forward,2001-02-01,Spain,,77,Athletic Club,2014
246633,Adama Boiro,Left-Back,2002-06-22,Spain,,77,Athletic Club,2014
244599,Mikel Jauregizar,Central Midfield,2003-11-13,Spain,,77,Athletic Club,2014
202335,Unai Gomez,Attacking Midfield,2003-05-25,Spain,,77,Athletic Club,2014
120,Jan Oblak,Goalkeeper,1993-01-07,Slovenia,,78,Club Atlético de Madrid,2014
46554,Juan Musso,Goalkeeper,1994-05-06,Argentina,,78,Club Atlético de Madrid,2014
203506,Mario de Luis,Goalkeeper,2002-05-06,Spain,,78,Club Atlético de Madrid,2014
279062,Salvi Esquivel,Goalkeeper,2005-09-30,Spain,,78,Club Atlético de Madrid,2014
293698,Álvaro Moreno,Goalkeeper,2006-06-05,Spain,,78,Club Atlético de Madrid,2014
46452,Nahuel Molina,Defence,1998-04-06,Argentina,,78,Club Atlético de Madrid,2014
176745,Marc Pubill,Defence,2003-06-20,Spain,,78,Club Atlético de Madrid,2014
213277,José Giménez,Defence,1995-01-20,Uruguay,,78,Club Atlético de Madrid,2014
261186,Aleksa Puric,Defence,2003-07-07,Serbia,,78,Club Atlético de Madrid,2014
270792,Gerónimo Spina,Defence,2005-02-09,Argentina,,78,Club Atlético de Madrid,2014
289895,Daniel Martínez,Defence,2004-05-05,Spain,,78,Club Atlético de Madrid,2014
291147,Julio Díaz,Defence,2005-01-10,Spain,,78,Club Atlético de Madrid,2014
70,Marcos Llorente,Midfield,1995-01-30,Spain,,78,Club Atlético de Madrid,2014
79953,Thiago Almada,Midfield,2001-04-26,Argentina,,78,Club Atlético de Madrid,2014
123265,Johnny,Midfield,2001-09-20,USA,,78,Club Atlético de Madrid,2014
170442,Obed Vargas,Midfield,2005-08-05,Mexico,,78,Club Atlético de Madrid,2014
171955,Javier Serrano,Midfield,2003-01-16,Spain,,78,Club Atlético de Madrid,2014
177509,Pablo Barrios,Midfield,2003-06-15,Spain,,78,Club Atlético de Madrid,2014
189617,Rodrigo Mendoza,Midfield,2005-03-15,Spain,,78,Club Atlético de Madrid,2014
213278,Álex Baena,Midfield,2001-07-20,Spain,,78,Club Atlético de Madrid,2014
279061,Alejandro Monserrate,Midfield,2006-01-28,Spain,,78,Club Atlético de Madrid,2014
279065,Taufik,Midfield,2008-01-20,Ghana,,78,Club Atlético de Madrid,2014
294508,Javi Morcillo,Midfield,2006-03-15,Spain,,78,Club Atlético de Madrid,2014
8167,Alexander Sørloth,Offence,1995-12-05,Norway,,78,Club Atlético de Madrid,2014
9554,Ademola Lookman,Offence,1997-10-20,Nigeria,,78,Club Atlético de Madrid,2014
45680,Nicolás González,Offence,1998-04-06,Argentina,,78,Club Atlético de Madrid,2014
98571,Julián Álvarez,Offence,2000-01-31,Argentina,,78,Club Atlético de Madrid,2014
171964,Giuliano Simeone,Offence,2002-12-18,Argentina,,78,Club Atlético de Madrid,2014
290429,Iker Luque,Offence,2005-06-05,Spain,,78,Club Atlético de Madrid,2014
291335,Sergio Sánchez,Offence,2007-03-20,Spain,,78,Club Atlético de Madrid,2014
294736,Miguel Cubo,Offence,2008-02-08,Spain,,78,Club Atlético de Madrid,2014
151241,Matteo Ruggeri,Left Midfield,2002-07-11,Italy,,78,Club Atlético de Madrid,2014
99791,Robin Le Normand,Centre-Back,1996-11-11,Spain,,78,Club Atlético de Madrid,2014
15542,Dávid Hancko,Centre-Back,1997-12-13,Slovakia,,78,Club Atlético de Madrid,2014
114,Antoine Griezmann,Centre-Forward,1991-03-21,France,,78,Club Atlético de Madrid,2014
112,Koke,Central Midfield,1992-01-08,Spain,,78,Club Atlético de Madrid,2014
63,Clément Lenglet,Centre-Back,1995-06-17,France,,78,Club Atlético de Madrid,2014
244719,Rayane Belaid,Left Winger,2005-11-02,Spain,,78,Club Atlético de Madrid,2014
221562,Javier Boñar,Right-Back,2005-06-03,Spain,,78,Club Atlético de Madrid,2014
206337,Ilias Kostis,Centre-Back,2003-02-27,Cyprus,,78,Club Atlético de Madrid,2014
31968,Sergio Herrera,Goalkeeper,1993-06-05,Spain,,79,CA Osasuna,2014
32391,Aitor Fernández,Goalkeeper,1991-05-03,Spain,,79,CA Osasuna,2014
217550,Dimitrios Stamatakis,Goalkeeper,2003-04-23,Greece,,79,CA Osasuna,2014
278562,Rafa Fernández,Goalkeeper,2004-05-02,Spain,,79,CA Osasuna,2014
213260,Javi Galán,Defence,1994-11-19,Spain,,79,CA Osasuna,2014
243833,Mikel Serrano,Defence,2003-06-16,Spain,,79,CA Osasuna,2014
264456,Raúl Chasco,Defence,2003-09-13,Spain,,79,CA Osasuna,2014
277419,Jon García,Midfield,2003-01-28,Spain,,79,CA Osasuna,2014
284105,Mauro Echegoyen,Midfield,2005-03-03,Spain,,79,CA Osasuna,2014
2237,Ante Budimir,Offence,1991-07-22,Croatia,,79,CA Osasuna,2014
187083,Roberto Arroyo,Offence,2003-08-25,Spain,,79,CA Osasuna,2014
273423,Víctor Muñoz,Offence,2003-07-13,Spain,,79,CA Osasuna,2014
274205,Carlos Lumbreras,Offence,2005-02-20,Spain,,79,CA Osasuna,2014
286817,Martín Pedroarena,Offence,2003-08-18,Spain,,79,CA Osasuna,2014
289699,Aly Kall,Offence,2007-11-06,Spain,,79,CA Osasuna,2014
159409,Jorge Herrando,Centre-Back,2001-02-28,Spain,,79,CA Osasuna,2014
151019,Flavien Boyomo,Centre-Back,2001-10-07,Cameroon,,79,CA Osasuna,2014
146128,Raúl Moro,Left Winger,2002-12-05,Spain,,79,CA Osasuna,2014
130324,Raúl,Centre-Forward,2000-11-03,Spain,,79,CA Osasuna,2014
119093,Aimar Oroz,Attacking Midfield,2001-11-27,Spain,,79,CA Osasuna,2014
111674,Jon Moncayola,Central Midfield,1998-05-13,Spain,,79,CA Osasuna,2014
81183,Juan Cruz,Left-Back,1992-07-28,Spain,,79,CA Osasuna,2014
50890,Catena,Centre-Back,1994-10-28,Spain,,79,CA Osasuna,2014
32217,Moi Gómez,Left Winger,1994-06-23,Spain,,79,CA Osasuna,2014
32212,Rubén García,Right Winger,1993-07-14,Spain,,79,CA Osasuna,2014
32004,Kike Barja,Right Winger,1997-04-04,Spain,,79,CA Osasuna,2014
32002,Lucas Torró,Defensive Midfield,1994-07-19,Spain,,79,CA Osasuna,2014
8559,Valentin Rosier,Right-Back,1996-08-19,France,,79,CA Osasuna,2014
249577,Asier Osambela,Attacking Midfield,2004-02-08,Spain,,79,CA Osasuna,2014
248752,Iñigo Arguibide,Right Winger,2005-04-19,Spain,,79,CA Osasuna,2014
191925,Iker Munoz,Defensive Midfield,2002-11-05,Spain,,79,CA Osasuna,2014
186674,Abel Bretones,Left-Back,2000-08-21,Spain,,79,CA Osasuna,2014
176931,Iker Benito,Right Winger,2002-08-10,Spain,,79,CA Osasuna,2014
3430,Marko Dmitrović,Goalkeeper,1992-01-24,Serbia,,80,RCD Espanyol de Barcelona,2014
150560,Ángel Fortuño Viñas,Goalkeeper,2001-10-05,Spain,,80,RCD Espanyol de Barcelona,2014
244761,Pol Tristán,Goalkeeper,2002-03-18,Spain,,80,RCD Espanyol de Barcelona,2014
249600,Llorenç Serred,Goalkeeper,2005-09-04,Spain,,80,RCD Espanyol de Barcelona,2014
151257,José Salinas,Defence,2000-09-30,Spain,,80,RCD Espanyol de Barcelona,2014
180108,Rubén Sánchez,Defence,2001-01-09,Spain,,80,RCD Espanyol de Barcelona,2014
180164,Miguel Rubio,Defence,1998-03-11,Spain,,80,RCD Espanyol de Barcelona,2014
293731,Adama Timera,Defence,2005-04-09,France,,80,RCD Espanyol de Barcelona,2014
30876,Charles Pickel,Midfield,1997-05-15,DR Congo,,80,RCD Espanyol de Barcelona,2014
154714,Omar El Hilali,Midfield,2003-09-12,Morocco,,80,RCD Espanyol de Barcelona,2014
288783,Ferran Gómez,Midfield,2006-03-23,Spain,,80,RCD Espanyol de Barcelona,2014
294742,Miguel Londoño,Midfield,2007-01-01,Spain,,80,RCD Espanyol de Barcelona,2014
294741,Lluc Castell,Offence,2006-09-19,Spain,,80,RCD Espanyol de Barcelona,2014
244681,Álex Almansa,Left Winger,2003-11-08,Spain,,80,RCD Espanyol de Barcelona,2014
215544,Antoniu Roca,Right Winger,2002-05-09,Spain,,80,RCD Espanyol de Barcelona,2014
186564,Carlos Romero,Left-Back,2001-10-29,Spain,,80,RCD Espanyol de Barcelona,2014
180218,Roberto Fernández,Centre-Forward,2002-07-03,Spain,,80,RCD Espanyol de Barcelona,2014
170833,Clemens Riedel,Centre-Back,2003-07-19,Germany,,80,RCD Espanyol de Barcelona,2014
154000,RamónTerrats Espacio,Defensive Midfield,2000-10-18,Spain,,80,RCD Espanyol de Barcelona,2014
151031,Urko González,Defensive Midfield,2001-03-20,Spain,,80,RCD Espanyol de Barcelona,2014
150561,Jofre Carreras Pagès,Right Winger,2001-06-17,Spain,,80,RCD Espanyol de Barcelona,2014
149049,Tyrhys Dolan,Right Winger,2001-12-28,England,,80,RCD Espanyol de Barcelona,2014
125210,Pol Lozano,Central Midfield,1999-10-06,Spain,,80,RCD Espanyol de Barcelona,2014
99859,Cyril Ngonge,Right Winger,2000-05-26,Belgium,,80,RCD Espanyol de Barcelona,2014
81168,Javi Puado,Left Winger,1998-05-25,Spain,,80,RCD Espanyol de Barcelona,2014
33652,Edu Expósito,Central Midfield,1996-08-01,Spain,,80,RCD Espanyol de Barcelona,2014
33358,Kike García,Centre-Forward,1989-11-25,Spain,,80,RCD Espanyol de Barcelona,2014
32398,Pere Milla,Left Winger,1992-09-23,Spain,,80,RCD Espanyol de Barcelona,2014
32362,Fernando Calero,Centre-Back,1995-09-14,Spain,,80,RCD Espanyol de Barcelona,2014
11040,Leandro Cabrera,Centre-Back,1991-06-17,Uruguay,,80,RCD Espanyol de Barcelona,2014
2022,Wojciech Szczęsny,Goalkeeper,1990-04-18,Poland,,81,FC Barcelona,2014
152506,Joan García,Goalkeeper,2001-05-04,Spain,,81,FC Barcelona,2014
217424,Diego Kochen,Goalkeeper,2006-03-19,USA,,81,FC Barcelona,2014
286824,Eder Aller,Goalkeeper,2007-04-04,Spain,,81,FC Barcelona,2014
2000,João Cancelo,Defence,1994-05-27,Portugal,,81,FC Barcelona,2014
8499,Jules Koundé,Defence,1998-11-12,France,,81,FC Barcelona,2014
28292,Ronald Araújo,Defence,1999-03-07,Uruguay,,81,FC Barcelona,2014
101345,Eric García,Defence,2001-01-09,Spain,,81,FC Barcelona,2014
217540,Pau Cubarsí,Defence,2007-01-22,Spain,,81,FC Barcelona,2014
272984,Álvaro Cortés,Defence,2005-03-17,Spain,,81,FC Barcelona,2014
283414,Jofre Torrents,Defence,2007-01-28,Spain,,81,FC Barcelona,2014
7559,Frenkie de Jong,Midfield,1997-05-12,Netherlands,,81,FC Barcelona,2014
23132,Dani Olmo,Midfield,1998-05-07,Spain,,81,FC Barcelona,2014
33154,Ferrán Torres,Midfield,2000-02-29,Spain,,81,FC Barcelona,2014
133860,Pedri,Midfield,2002-11-25,Spain,,81,FC Barcelona,2014
270320,Guille Fernández,Midfield,2008-06-18,Spain,,81,FC Barcelona,2014
287848,Xavi Espart,Midfield,2007-05-21,Spain,,81,FC Barcelona,2014
289622,Tomy Marqués,Midfield,2006-10-30,Spain,,81,FC Barcelona,2014
3331,Marcus Rashford,Offence,1997-10-31,England,,81,FC Barcelona,2014
37428,Raphinha,Offence,1996-12-14,Brazil,,81,FC Barcelona,2014
202283,Lamine Yamal,Offence,2007-07-13,Spain,,81,FC Barcelona,2014
205534,Roony Bardagji,Offence,2005-11-15,Sweden,,81,FC Barcelona,2014
207017,Dani Rodríguez,Offence,2005-08-09,Spain,,81,FC Barcelona,2014
270450,Toni Fernández,Offence,2008-07-15,Spain,,81,FC Barcelona,2014
287866,Juan Hernández,Offence,2007-07-21,Spain,,81,FC Barcelona,2014
172761,Álex Balde,Left-Back,2003-10-18,Spain,,81,FC Barcelona,2014
171992,Pablo Gavira,Central Midfield,2004-08-05,Spain,,81,FC Barcelona,2014
3455,Andreas Christensen,Centre-Back,1996-04-10,Denmark,,81,FC Barcelona,2014
371,Robert Lewandowski,Centre-Forward,1988-08-21,Poland,,81,FC Barcelona,2014
264321,Marc Bernal,Defensive Midfield,2007-05-26,Spain,,81,FC Barcelona,2014
264320,Gerard Martín,Left-Back,2002-02-26,Spain,,81,FC Barcelona,2014
214533,Fermín López,Central Midfield,2003-05-11,Spain,,81,FC Barcelona,2014
188817,Marc Casado,Defensive Midfield,2003-09-14,Spain,,81,FC Barcelona,2014
78,David Soria,Goalkeeper,1993-04-04,Spain,,82,Getafe CF,2014
146888,Jiří Letáček,Goalkeeper,1999-01-09,Czech Republic,,82,Getafe CF,2014
214562,Jorge Benito,Goalkeeper,2006-01-01,Spain,,82,Getafe CF,2014
264160,Diego Ferrer,Goalkeeper,2007-01-01,Spain,,82,Getafe CF,2014
186687,Lucas Laso,Defence,2003-01-04,Spain,,82,Getafe CF,2014
191367,Zaid Romero,Defence,1999-12-15,Argentina,,82,Getafe CF,2014
213274,Kiko Femenía,Defence,1991-02-02,Spain,,82,Getafe CF,2014
220164,Sebastián Boselli,Defence,2003-12-04,Uruguay,,82,Getafe CF,2014
256157,Davinchi,Defence,,Spain,,82,Getafe CF,2014
274175,Ismael Bekhoucha,Defence,2004-11-20,Morocco,,82,Getafe CF,2014
283796,Marc Vilaplana,Defence,2003-01-20,Spain,,82,Getafe CF,2014
289600,Jorge Montes,Defence,2004-03-06,Spain,,82,Getafe CF,2014
289700,Tito,Defence,2005-01-01,Spain,,82,Getafe CF,2014
120456,Veljko Birmančević,Midfield,1998-03-05,Serbia,,82,Getafe CF,2014
167732,Damian Caceres,Midfield,2003-05-31,Spain,,82,Getafe CF,2014
211825,Alejandro Sancris,Midfield,1997-01-18,Spain,,82,Getafe CF,2014
249599,Adri Liso,Midfield,2005-04-02,Spain,,82,Getafe CF,2014
286777,Mykyta Alexandrov,Midfield,2004-08-26,Ukraine,,82,Getafe CF,2014
290559,Adrián Riquelme,Midfield,2006-02-27,Spain,,82,Getafe CF,2014
156967,Luis Vázquez,Offence,2001-01-24,Argentina,,82,Getafe CF,2014
290371,Mestanza,Offence,2004-12-07,Spain,,82,Getafe CF,2014
186707,Gorka Rivera,Left-Back,2004-08-01,Spain,,82,Getafe CF,2014
178634,Abu Kamara,Right Winger,2003-07-21,England,,82,Getafe CF,2014
152458,Martin Satriano,Centre-Forward,2001-02-20,Uruguay,,82,Getafe CF,2014
83351,Juan Iglesias,Right-Back,1998-07-03,Spain,,82,Getafe CF,2014
81187,Abdelkabir Abqar,Centre-Back,1999-03-10,Morocco,,82,Getafe CF,2014
45472,Domingos Duarte,Centre-Back,1995-03-10,Portugal,,82,Getafe CF,2014
32758,Mauro Arambarri,Central Midfield,1995-09-30,Uruguay,,82,Getafe CF,2014
32449,Luis Milla,Central Midfield,1994-10-07,Spain,,82,Getafe CF,2014
31969,Javi Muñoz,Central Midfield,1995-02-28,Spain,,82,Getafe CF,2014
8015,Allan Nyom,Right-Back,1988-05-10,Cameroon,,82,Getafe CF,2014
3125,Dakonam Djené,Centre-Back,1991-12-31,Togo,,82,Getafe CF,2014
277,Diego Rico,Left-Back,1993-02-23,Spain,,82,Getafe CF,2014
69,Borja Mayoral,Centre-Forward,1997-04-05,Spain,,82,Getafe CF,2014
2,Juanmi,Left Winger,1993-05-20,Spain,,82,Getafe CF,2014
250899,Yassin Tallal,Left Winger,2005-03-03,Morocco,,82,Getafe CF,2014
250399,Alberto Risco,Attacking Midfield,2005-08-30,Spain,,82,Getafe CF,2014
229070,Joselu Pérez,Centre-Forward,2004-03-12,Spain,,82,Getafe CF,2014
228935,Hugo Solozábal,Central Midfield,2003-02-07,Spain,,82,Getafe CF,2014
191064,Mario Martin,Defensive Midfield,2004-03-05,Spain,,82,Getafe CF,2014
3641,Thibaut Courtois,Goalkeeper,1992-05-11,Belgium,,86,Real Madrid CF,2014
28995,Andriy Lunin,Goalkeeper,1999-02-11,Ukraine,,86,Real Madrid CF,2014
188407,Sergio Mestre,Goalkeeper,2005-02-13,Spain,,86,Real Madrid CF,2014
206826,Fran Gonzalez,Goalkeeper,2005-06-24,Spain,,86,Real Madrid CF,2014
287049,Javi Navarro,Goalkeeper,2007-01-25,Spain,,86,Real Madrid CF,2014
295679,Álvaro González,Goalkeeper,2007-04-09,Spain,,86,Real Madrid CF,2014
349,David Alaba,Defence,1992-06-24,Austria,,86,Real Madrid CF,2014
3177,Antonio Rüdiger,Defence,1993-03-03,Germany,,86,Real Madrid CF,2014
182020,Álvaro Carreras,Defence,2003-03-23,Spain,,86,Real Madrid CF,2014
213266,Fran García,Defence,1999-08-14,Spain,,86,Real Madrid CF,2014
270615,David Jiménez,Defence,2004-03-14,Spain,,86,Real Madrid CF,2014
273000,Diego Aguado,Defence,2007-02-07,Spain,,86,Real Madrid CF,2014
276963,Víctor Valdepeñas,Defence,2006-10-20,Spain,,86,Real Madrid CF,2014
279092,Jesús Fortea,Defence,2007-03-26,Spain,,86,Real Madrid CF,2014
289856,Joan Martínez,Defence,2007-08-20,Spain,,86,Real Madrid CF,2014
293490,Lamini Fati,Defence,2006-04-18,Spain,,86,Real Madrid CF,2014
295678,Manu Serrano,Defence,2004-03-20,Spain,,86,Real Madrid CF,2014
96,Federico Valverde,Midfield,1998-07-22,Uruguay,,86,Real Madrid CF,2014
7887,Brahim Diaz,Midfield,1999-08-03,Morocco,,86,Real Madrid CF,2014
8514,Aurélien Tchouameni,Midfield,2000-01-27,France,,86,Real Madrid CF,2014
125010,Jude Bellingham,Midfield,2003-06-29,England,,86,Real Madrid CF,2014
169162,Arda Guler,Midfield,2005-02-25,Turkey,,86,Real Madrid CF,2014
250304,Franco Mastantuono,Midfield,2007-08-14,Argentina,,86,Real Madrid CF,2014
283110,Thiago Pitarch,Midfield,2007-08-03,Spain,,86,Real Madrid CF,2014
289908,Jorge Cestero,Midfield,2006-03-24,Spain,,86,Real Madrid CF,2014
290848,César Palacios,Midfield,2004-11-11,Spain,,86,Real Madrid CF,2014
290974,Dani Meso,Midfield,2005-09-03,Spain,,86,Real Madrid CF,2014
291727,Manuel Angel,Midfield,2004-03-15,Spain,,86,Real Madrid CF,2014
1556,Vinicius Junior,Offence,2000-07-12,Brazil,,86,Real Madrid CF,2014
3374,Kylian Mbappé,Offence,1998-12-20,France,,86,Real Madrid CF,2014
263282,Álvaro Leiva,Offence,2004-12-28,Spain,,86,Real Madrid CF,2014
273058,Daniel Yáñez,Offence,2007-03-28,Spain,,86,Real Madrid CF,2014
274728,Pol Fortuny,Offence,2005-03-11,Spain,,86,Real Madrid CF,2014
191727,Dean Huijsen,Centre-Back,2005-04-14,Spain,,86,Real Madrid CF,2014
102343,Eduardo Camavinga,Central Midfield,2002-11-10,France,,86,Real Madrid CF,2014
8458,Ferland Mendy,Left-Back,1995-06-08,France,,86,Real Madrid CF,2014
7867,Trent Alexander-Arnold,Right-Back,1998-10-07,England,,86,Real Madrid CF,2014
3194,Dani Carvajal,Right-Back,1992-01-11,Spain,,86,Real Madrid CF,2014
1337,Éder Militão,Centre-Back,1998-01-18,Brazil,,86,Real Madrid CF,2014
1324,Rodrygo,Right Winger,2001-01-09,Brazil,,86,Real Madrid CF,2014
68,Dani Ceballos,Central Midfield,1996-08-07,Spain,,86,Real Madrid CF,2014
272712,Raúl,Centre-Back,2003-02-13,Spain,,86,Real Madrid CF,2014
217658,Gonzalo García,Right Winger,2004-03-24,Spain,,86,Real Madrid CF,2014
46245,Augusto Batalla,Goalkeeper,1996-04-30,Argentina,,87,Rayo Vallecano de Madrid,2014
133288,Dani Cárdenas,Goalkeeper,1997-03-28,Spain,,87,Rayo Vallecano de Madrid,2014
182191,Gil Juanpe,Goalkeeper,2001-05-05,Spain,,87,Rayo Vallecano de Madrid,2014
273860,Adrián Molina,Goalkeeper,2005-07-22,Spain,,87,Rayo Vallecano de Madrid,2014
168725,Jozhua Vertrouwd,Defence,2004-08-21,Netherlands,,87,Rayo Vallecano de Madrid,2014
190558,Nobel Mendy,Defence,2004-08-16,Senegal,,87,Rayo Vallecano de Madrid,2014
264416,Marco de las Sías,Defence,2005-12-29,Spain,,87,Rayo Vallecano de Madrid,2014
276988,Sergio Lozano,Defence,2006-01-01,Spain,,87,Rayo Vallecano de Madrid,2014
37649,Pathé Ciss,Midfield,1994-03-16,Senegal,,87,Rayo Vallecano de Madrid,2014
283310,Samu Becerra,Midfield,2006-06-01,Spain,,87,Rayo Vallecano de Madrid,2014
289750,Marco Román,Midfield,2006-01-01,Spain,,87,Rayo Vallecano de Madrid,2014
106014,Alexandre Alemão,Offence,1998-04-01,Brazil,,87,Rayo Vallecano de Madrid,2014
98032,Randy Ntekja,Attacking Midfield,1997-12-06,Angola,,87,Rayo Vallecano de Madrid,2014
33711,Gerard Gumbau,Defensive Midfield,1994-12-18,Spain,,87,Rayo Vallecano de Madrid,2014
33496,Isi Palazón,Right Winger,1994-12-27,Spain,,87,Rayo Vallecano de Madrid,2014
32312,Álvaro García,Left Winger,1992-10-27,Spain,,87,Rayo Vallecano de Madrid,2014
32228,Pedro Díaz,Central Midfield,1998-06-05,Spain,,87,Rayo Vallecano de Madrid,2014
32124,Unai López,Central Midfield,1995-10-30,Spain,,87,Rayo Vallecano de Madrid,2014
32116,Óscar Trejo,Attacking Midfield,1988-04-26,Argentina,,87,Rayo Vallecano de Madrid,2014
32109,Óscar Valentín,Central Midfield,1994-08-20,Spain,,87,Rayo Vallecano de Madrid,2014
28384,Alfonso Espino,Left-Back,1992-01-05,Uruguay,,87,Rayo Vallecano de Madrid,2014
25641,Abdul Mumin,Centre-Back,1998-06-06,Ghana,,87,Rayo Vallecano de Madrid,2014
8716,Iván Balliu,Right-Back,1992-01-01,Albania,,87,Rayo Vallecano de Madrid,2014
7925,Florian Lejeune,Centre-Back,1991-05-20,France,,87,Rayo Vallecano de Madrid,2014
2071,Luiz Felipe,Centre-Back,1997-03-22,Italy,,87,Rayo Vallecano de Madrid,2014
187117,Fran Perez,Right Winger,2002-09-09,Spain,,87,Rayo Vallecano de Madrid,2014
176202,Ilias Akhomach,Right Winger,2004-04-16,Morocco,,87,Rayo Vallecano de Madrid,2014
175937,Carlos Martin,Left Winger,2002-04-22,Spain,,87,Rayo Vallecano de Madrid,2014
151251,Pep Chavarría,Left-Back,1998-04-10,Spain,,87,Rayo Vallecano de Madrid,2014
133276,Jorge de Frutos,Right Winger,1997-02-20,Spain,,87,Rayo Vallecano de Madrid,2014
115175,Sergio Camello,Centre-Forward,2001-02-10,Spain,,87,Rayo Vallecano de Madrid,2014
114955,Andrei Rațiu,Right-Back,1998-06-20,Romania,,87,Rayo Vallecano de Madrid,2014
3403,Maty Ryan,Goalkeeper,1992-04-08,Australia,,88,Levante UD,2014
165167,Pablo Cuñat,Goalkeeper,2002-04-28,Spain,,88,Levante UD,2014
182201,Alejandro Primo,Goalkeeper,2004-07-10,Spain,,88,Levante UD,2014
283440,Cayetano Romero,Goalkeeper,2005-02-26,Spain,,88,Levante UD,2014
32471,Unai Elgezabal,Defence,1993-04-25,Spain,,88,Levante UD,2014
33633,Diego Pampín,Defence,2000-03-15,Spain,,88,Levante UD,2014
98741,Adrián de la Fuente,Defence,1999-02-26,Spain,,88,Levante UD,2014
253521,Martín Krug,Defence,2006-07-09,Panama,,88,Levante UD,2014
283442,Nacho Pérez,Defence,2008-01-01,Spain,,88,Levante UD,2014
288777,Huseini,Defence,2006-09-13,Spain,,88,Levante UD,2014
4159,Oriol Rey,Midfield,1998-02-25,Spain,,88,Levante UD,2014
32830,Pablo Martínez,Midfield,1998-02-22,Spain,,88,Levante UD,2014
141828,Unai Vencedor Paris,Midfield,2000-11-15,Spain,,88,Levante UD,2014
156525,Carlos Álvarez,Midfield,2003-08-06,Spain,,88,Levante UD,2014
177772,Kervin Arriaga,Midfield,1998-01-05,Honduras,,88,Levante UD,2014
215417,Tai Abed,Midfield,2004-08-03,Israel,,88,Levante UD,2014
243966,Dani Cervera,Midfield,2003-03-15,Spain,,88,Levante UD,2014
253109,Paco Cortés,Midfield,2007-08-11,Spain,,88,Levante UD,2014
288776,Pablo Rosón,Midfield,2005-06-12,Spain,,88,Levante UD,2014
291162,Joan Ruiz,Midfield,2003-02-11,Spain,,88,Levante UD,2014
126913,Iker Losada,Offence,2001-08-01,Spain,,88,Levante UD,2014
156746,Iván Romero,Offence,2001-04-10,Spain,,88,Levante UD,2014
180282,Brugui,Offence,1996-11-04,Spain,,88,Levante UD,2014
203439,Karl Etta Eyong,Offence,2003-10-14,Cameroon,,88,Levante UD,2014
211851,Víctor García,Offence,1997-09-16,Spain,,88,Levante UD,2014
213275,José Morales,Offence,1987-07-23,Spain,,88,Levante UD,2014
247061,Carlos Espí,Offence,2005-07-24,Spain,,88,Levante UD,2014
290072,Kareem Tunde,Offence,2005-08-19,Spain,,88,Levante UD,2014
177365,Ugo Raghouber,Defensive Midfield,2003-07-13,France,,88,Levante UD,2014
161293,Jon Olasagasti,Central Midfield,2000-08-16,Spain,,88,Levante UD,2014
118715,Manuel Sánchez,Left-Back,2000-08-24,Spain,,88,Levante UD,2014
162,Jeremy Toljan,Right-Back,1994-08-08,Germany,,88,Levante UD,2014
210811,Matias Moreno,Centre-Back,2003-09-24,Argentina,,88,Levante UD,2014
191042,Alan Matturro,Centre-Back,2004-10-11,Uruguay,,88,Levante UD,2014
274,Cuéllar,Goalkeeper,1984-05-25,Spain,,89,RCD Mallorca,2014
172628,Leo Román,Goalkeeper,2000-07-06,Spain,,89,RCD Mallorca,2014
179663,Lucas Bergström,Goalkeeper,2002-09-05,Finland,,89,RCD Mallorca,2014
271379,Nil Torreguitart,Goalkeeper,2001-09-21,Spain,,89,RCD Mallorca,2014
293873,Rares Vlad,Goalkeeper,2006-01-06,Romania,,89,RCD Mallorca,2014
3724,Johan Mojica,Defence,1992-08-21,Colombia,,89,RCD Mallorca,2014
289702,Orejuela,Defence,2007-01-01,Spain,,89,RCD Mallorca,2014
293749,Leo Sánchez,Defence,2006-03-27,Spain,,89,RCD Mallorca,2014
295357,Calatayud,Defence,2006-04-26,Spain,,89,RCD Mallorca,2014
140814,Samuel Almeida Costa,Midfield,2000-11-27,Portugal,,89,RCD Mallorca,2014
180040,Antonio Sánchez,Midfield,1997-04-22,Spain,,89,RCD Mallorca,2014
264398,Iliesse Salhi,Midfield,2007-07-27,France,,89,RCD Mallorca,2014
286767,Javier Olaizola,Midfield,2007-03-15,Spain,,89,RCD Mallorca,2014
290006,Jandro García,Midfield,2006-02-23,Spain,,89,RCD Mallorca,2014
294725,Cesc Riba,Midfield,2006-07-14,Spain,,89,RCD Mallorca,2014
171122,Zito Luvumbo,Offence,2002-03-09,Angola,,89,RCD Mallorca,2014
285500,Jan Virgili,Offence,2006-07-26,Spain,,89,RCD Mallorca,2014
159520,Pablo Torre,Attacking Midfield,2003-04-03,Spain,,89,RCD Mallorca,2014
120984,Mateu Morey,Right-Back,2000-03-02,Spain,,89,RCD Mallorca,2014
33681,Abdón Prats,Centre-Forward,1992-12-07,Spain,,89,RCD Mallorca,2014
33513,Pablo Maffeo,Right-Back,1997-07-12,Spain,,89,RCD Mallorca,2014
33138,Toni Lato,Left-Back,1997-11-21,Spain,,89,RCD Mallorca,2014
33120,Manu Morlanes,Central Midfield,1999-01-12,Spain,,89,RCD Mallorca,2014
32984,Antonio Raíllo,Centre-Back,1991-10-08,Spain,,89,RCD Mallorca,2014
32717,Sergi Darder,Central Midfield,1993-12-22,Spain,,89,RCD Mallorca,2014
30059,Vedat Muriqi,Centre-Forward,1994-04-24,Kosovo,,89,RCD Mallorca,2014
9408,Takuma Asano,Right Winger,1994-11-10,Japan,,89,RCD Mallorca,2014
6713,Omar Mascarell,Defensive Midfield,1993-02-02,Equatorial Guinea,,89,RCD Mallorca,2014
2777,Martin Valjent,Centre-Back,1995-12-11,Slovakia,,89,RCD Mallorca,2014
2151,Marash Kumbulla,Centre-Back,2000-02-08,Albania,,89,RCD Mallorca,2014
218445,David López,Centre-Back,2003-02-03,Spain,,89,RCD Mallorca,2014
192777,Justin-Noel Kalumba,Right Winger,2004-12-25,France,,89,RCD Mallorca,2014
185178,Mateo Fernandez,Centre-Forward,2003-10-19,Spain,,89,RCD Mallorca,2014
176236,Javier Llabres,Left Winger,2002-09-11,Spain,,89,RCD Mallorca,2014
8197,Adrián,Goalkeeper,1987-01-03,Spain,,90,Real Betis Balompié,2014
32695,Pau López,Goalkeeper,1994-12-13,Spain,,90,Real Betis Balompié,2014
100130,Álvaro Vallés Rosa,Goalkeeper,1997-07-25,Spain,,90,Real Betis Balompié,2014
203476,Germán García,Goalkeeper,2004-02-01,Spain,,90,Real Betis Balompié,2014
265440,Manu González,Goalkeeper,2007-04-18,Spain,,90,Real Betis Balompié,2014
1745,Ricardo Rodriguez,Defence,1992-08-25,Switzerland,,90,Real Betis Balompié,2014
179155,Valentín Gómez,Defence,2003-06-26,Argentina,,90,Real Betis Balompié,2014
272694,Ángel Ortiz,Defence,2004-07-25,Spain,,90,Real Betis Balompié,2014
289911,Carlos De Roa,Defence,2007-07-10,Spain,,90,Real Betis Balompié,2014
3216,Giovani Lo Celso,Midfield,1996-04-09,Argentina,,90,Real Betis Balompié,2014
3705,Sofyan Amrabat,Midfield,1996-08-21,Morocco,,90,Real Betis Balompié,2014
285050,Iván Corralejo,Midfield,2007-05-01,Spain,,90,Real Betis Balompié,2014
21583,Cédric Bakambu,Offence,1991-04-11,DR Congo,,90,Real Betis Balompié,2014
32415,Cucho Hernández,Offence,1999-04-20,Colombia,,90,Real Betis Balompié,2014
175941,Abdessamad Ezzalzouli,Offence,2001-12-17,Morocco,,90,Real Betis Balompié,2014
213268,Ezequiel Ávila,Offence,1994-02-06,Argentina,,90,Real Betis Balompié,2014
274546,Pablo García,Offence,2006-08-15,Spain,,90,Real Betis Balompié,2014
286766,Morante,Offence,2007-06-28,Spain,,90,Real Betis Balompié,2014
291029,Rodrigo Marina,Offence,2006-07-28,Spain,,90,Real Betis Balompié,2014
99992,Álvaro Fidalgo,Central Midfield,1997-04-09,Spain,,90,Real Betis Balompié,2014
97085,Antony,Right Winger,2000-02-24,Brazil,,90,Real Betis Balompié,2014
33117,Pablo Fornals,Attacking Midfield,1996-02-22,Spain,,90,Real Betis Balompié,2014
33045,Aitor Ruibal,Right-Back,1996-03-22,Spain,,90,Real Betis Balompié,2014
33038,Bartra,Centre-Back,1991-01-15,Spain,,90,Real Betis Balompié,2014
33037,Júnior Firpo,Left-Back,1996-05-10,Dominican Republic,,90,Real Betis Balompié,2014
32710,Marc Roca,Defensive Midfield,1996-11-26,Spain,,90,Real Betis Balompié,2014
7783,Héctor Bellerín,Right-Back,1995-03-19,Spain,,90,Real Betis Balompié,2014
66,Isco,Attacking Midfield,1992-04-21,Spain,,90,Real Betis Balompié,2014
9,Diego Llorente,Centre-Back,1993-08-16,Spain,,90,Real Betis Balompié,2014
244238,Darling Bladi,Left-Back,2004-06-11,France,,90,Real Betis Balompié,2014
218485,Pablo Busto,Right-Back,2005-09-15,Spain,,90,Real Betis Balompié,2014
212861,Sergi Altimira,Central Midfield,2001-08-25,Spain,,90,Real Betis Balompié,2014
189529,Dani Perez,Attacking Midfield,2005-07-26,Spain,,90,Real Betis Balompié,2014
179141,Nelson Deossa,Central Midfield,2000-02-06,Colombia,,90,Real Betis Balompié,2014
138031,Natan,Centre-Back,2001-02-06,Brazil,,90,Real Betis Balompié,2014
128731,Rodrigo Riquelme,Left Winger,2000-04-02,Spain,,90,Real Betis Balompié,2014
32413,Álex Remiro,Goalkeeper,1995-03-24,Spain,,92,Real Sociedad de Fútbol,2014
157040,Unai Marrero,Goalkeeper,2001-10-09,Spain,,92,Real Sociedad de Fútbol,2014
215503,Aitor Fraga,Goalkeeper,2003-03-09,Spain,,92,Real Sociedad de Fútbol,2014
283801,Théo Folgado,Goalkeeper,2005-01-27,France,,92,Real Sociedad de Fútbol,2014
10206,Duje Ćaleta-Car,Defence,1996-09-17,Croatia,,92,Real Sociedad de Fútbol,2014
194029,Kazunari Kita,Defence,2005-09-16,Japan,,92,Real Sociedad de Fútbol,2014
272954,Luken Beitia,Defence,2004-06-30,Spain,,92,Real Sociedad de Fútbol,2014
3259,Gonçalo Guedes,Midfield,1996-11-29,Portugal,,92,Real Sociedad de Fútbol,2014
48555,Takefusa Kubo,Midfield,2001-06-04,Japan,,92,Real Sociedad de Fútbol,2014
82516,Luka Sučić,Midfield,2002-09-08,Croatia,,92,Real Sociedad de Fútbol,2014
180137,Mikel Oyarzabal,Midfield,1997-04-21,Spain,,92,Real Sociedad de Fútbol,2014
203292,Wesley Gassova,Midfield,2005-03-05,Brazil,,92,Real Sociedad de Fútbol,2014
263820,Jon Gorrotxategi,Midfield,2002-02-02,Spain,,92,Real Sociedad de Fútbol,2014
279952,Alex Lebarbier,Midfield,2004-08-23,France,,92,Real Sociedad de Fútbol,2014
283202,Tomy Carbonell,Midfield,2005-02-23,Spain,,92,Real Sociedad de Fútbol,2014
283802,Lander,Midfield,2006-04-07,Spain,,92,Real Sociedad de Fútbol,2014
285866,Ibai Aguirre,Midfield,2007-01-10,Spain,,92,Real Sociedad de Fútbol,2014
182319,Orri Oskarsson,Offence,2004-08-29,Iceland,,92,Real Sociedad de Fútbol,2014
272953,Arkaitz Mariezkurrena,Offence,2005-04-05,Spain,,92,Real Sociedad de Fútbol,2014
272957,Alex Marchal,Offence,2007-09-17,Spain,,92,Real Sociedad de Fútbol,2014
277466,Dani Díaz,Offence,2006-06-22,Spain,,92,Real Sociedad de Fútbol,2014
279958,Ochieng,Offence,2003-01-17,Kenya,,92,Real Sociedad de Fútbol,2014
283805,Gorka Carrera,Offence,2005-05-15,Spain,,92,Real Sociedad de Fútbol,2014
172786,Pablo Marin,Attacking Midfield,2003-07-03,Spain,,92,Real Sociedad de Fútbol,2014
171885,Jon Karrikaburu,Centre-Forward,2002-09-19,Spain,,92,Real Sociedad de Fútbol,2014
170540,Arsen Zakharyan,Attacking Midfield,2003-05-26,Russia,,92,Real Sociedad de Fútbol,2014
156615,Beñat Turrientes,Central Midfield,2002-01-31,Spain,,92,Real Sociedad de Fútbol,2014
141571,Jon Aramburu,Right-Back,2002-07-23,Venezuela,,92,Real Sociedad de Fútbol,2014
101182,Ander Barrenetxea,Left Winger,2001-12-27,Spain,,92,Real Sociedad de Fútbol,2014
100129,Aihen Muñoz,Left-Back,1997-08-16,Spain,,92,Real Sociedad de Fútbol,2014
77734,Yangel Herrera,Central Midfield,1998-01-07,Venezuela,,92,Real Sociedad de Fútbol,2014
33615,Brais Méndez,Attacking Midfield,1997-01-07,Spain,,92,Real Sociedad de Fútbol,2014
33148,Carlos Soler,Central Midfield,1997-01-02,Spain,,92,Real Sociedad de Fútbol,2014
164,Sergio Gómez,Right Winger,2000-09-04,Spain,,92,Real Sociedad de Fútbol,2014
29,Igor Zubeldía,Centre-Back,1997-03-30,Spain,,92,Real Sociedad de Fútbol,2014
27,Aritz Elustondo,Centre-Back,1994-03-28,Spain,,92,Real Sociedad de Fútbol,2014
11,Álvaro Odriozola,Right-Back,1995-12-14,Spain,,92,Real Sociedad de Fútbol,2014
246275,Iñaki Rupérez,Right-Back,2003-01-07,Spain,,92,Real Sociedad de Fútbol,2014
245442,Jon Martín,Centre-Back,2006-04-23,Spain,,92,Real Sociedad de Fútbol,2014
176828,Alberto Dadie,Right Winger,2002-07-20,Spain,,92,Real Sociedad de Fútbol,2014
146023,Arnau Tenas,Goalkeeper,2001-05-30,Spain,,94,Villarreal CF,2014
150546,Diego Conde,Goalkeeper,1998-10-28,Spain,,94,Villarreal CF,2014
178718,Luiz Junior,Goalkeeper,2001-01-14,Brazil,,94,Villarreal CF,2014
188765,Ruben Gomez,Goalkeeper,2002-01-24,Spain,,94,Villarreal CF,2014
814,Logan Costa,Defence,2001-04-01,Cape Verde Islands,,94,Villarreal CF,2014
177823,Alex Freeman,Defence,2004-08-09,USA,,94,Villarreal CF,2014
178769,Renato Veiga,Defence,2003-07-29,Portugal,,94,Villarreal CF,2014
229014,Sierra Arnal,Defence,2003-03-17,Spain,,94,Villarreal CF,2014
249095,Dani Budesca,Defence,2006-10-11,Spain,,94,Villarreal CF,2014
272229,Valou,Defence,2005-12-22,Ivory Coast,,94,Villarreal CF,2014
110,Thomas Partey,Midfield,1993-06-13,Ghana,,94,Villarreal CF,2014
633,Pape Gueye,Midfield,1999-01-24,Senegal,,94,Villarreal CF,2014
113175,Tajon Buchanan,Midfield,1999-02-08,Canada,,94,Villarreal CF,2014
213263,Santi Comesaña,Midfield,1996-10-05,Spain,,94,Villarreal CF,2014
273016,Alassane Diatta,Midfield,2005-05-14,Senegal,,94,Villarreal CF,2014
285597,Hugo López,Midfield,,Spain,,94,Villarreal CF,2014
289770,Carlos Macià,Midfield,2008-09-01,Spain,,94,Villarreal CF,2014
177826,Tani Oluwaseyi,Offence,2000-05-15,Canada,,94,Villarreal CF,2014
286659,Mahamoud Barry,Offence,2006-06-11,Mali,,94,Villarreal CF,2014
290388,Joselillo,Offence,2007-02-25,Spain,,94,Villarreal CF,2014
176758,Rafa Marin,Centre-Back,2002-05-19,Spain,,94,Villarreal CF,2014
150533,Alberto Moleiro,Attacking Midfield,2003-09-30,Spain,,94,Villarreal CF,2014
136646,Georges Mikautadze,Centre-Forward,2000-10-31,Georgia,,94,Villarreal CF,2014
32719,Gerard Moreno,Centre-Forward,1992-04-07,Spain,,94,Villarreal CF,2014
32324,Alfonso González,Left Winger,1999-05-04,Spain,,94,Villarreal CF,2014
8412,Nicolas Pépé,Right Winger,1995-05-29,Ivory Coast,,94,Villarreal CF,2014
7996,Juan Foyth,Right-Back,1998-01-12,Argentina,,94,Villarreal CF,2014
7936,Ayoze Pérez,Centre-Forward,1993-07-29,Spain,,94,Villarreal CF,2014
3198,Dani Parejo,Central Midfield,1989-04-16,Spain,,94,Villarreal CF,2014
267,Alfonso Pedraza,Left-Back,1996-04-09,Spain,,94,Villarreal CF,2014
252919,Pau Cabanes,Centre-Forward,2005-02-17,Spain,,94,Villarreal CF,2014
244860,Willy Kambwala,Centre-Back,2004-08-25,DR Congo,,94,Villarreal CF,2014
217521,Pau Navarro,Centre-Back,2005-04-25,Spain,,94,Villarreal CF,2014
212858,Santiago Mouriño,Centre-Back,2002-02-13,Uruguay,,94,Villarreal CF,2014
180289,Sergi Cardona,Left-Back,1999-07-08,Spain,,94,Villarreal CF,2014
33137,Cristian,Goalkeeper,1998-03-21,Spain,,95,Valencia CF,2014
33781,Stole Dimitrievski,Goalkeeper,1993-12-25,North Macedonia,,95,Valencia CF,2014
172017,Julen Agirrezabala,Goalkeeper,2000-12-26,Spain,,95,Valencia CF,2014
176253,Pere Garcia,Goalkeeper,2002-03-22,Spain,,95,Valencia CF,2014
251106,Vicent Abril,Goalkeeper,2005-02-15,Spain,,95,Valencia CF,2014
30823,Eray Cömert,Defence,1998-02-04,Switzerland,,95,Valencia CF,2014
46563,Renzo Saravia,Defence,1993-06-16,Argentina,,95,Valencia CF,2014
202483,Marcos Navarro,Defence,2004-05-30,Spain,,95,Valencia CF,2014
288490,Panach,Defence,2006-01-18,Spain,,95,Valencia CF,2014
289513,Joel Fontanet,Defence,2006-02-27,Spain,,95,Valencia CF,2014
292529,Aaron Mayol,Defence,2008-03-04,Spain,,95,Valencia CF,2014
295680,Rubén Muñoz,Defence,2007-03-21,Spain,,95,Valencia CF,2014
30802,Filip Ugrinic,Midfield,1999-01-05,Switzerland,,95,Valencia CF,2014
229065,Javier Navarro,Midfield,2004-02-24,Spain,,95,Valencia CF,2014
278431,Lucas Núñez,Midfield,2006-03-18,Spain,,95,Valencia CF,2014
271693,Marc Jurado,Offence,2005-12-08,Spain,,95,Valencia CF,2014
283441,Aimar Blázquez,Offence,2006-03-19,Spain,,95,Valencia CF,2014
136349,Largie Ramazani,Left Winger,2001-02-27,Belgium,,95,Valencia CF,2014
99811,Thierry Correia,Right-Back,1999-03-09,Portugal,,95,Valencia CF,2014
98572,Lucas Beltrán,Attacking Midfield,2001-06-23,Argentina,,95,Valencia CF,2014
50907,Luis Rioja,Left Winger,1993-10-16,Spain,,95,Valencia CF,2014
39104,Guido Rodríguez,Defensive Midfield,1994-04-12,Argentina,,95,Valencia CF,2014
37539,André Almeida,Attacking Midfield,2000-05-30,Portugal,,95,Valencia CF,2014
33270,Pepelu,Defensive Midfield,1998-08-11,Spain,,95,Valencia CF,2014
33146,Gaya,Left-Back,1995-05-25,Spain,,95,Valencia CF,2014
33131,Dani Raba,Right Winger,1995-10-29,Spain,,95,Valencia CF,2014
32762,Hugo Duro,Centre-Forward,1999-11-10,Spain,,95,Valencia CF,2014
32584,Unai Núñez,Centre-Back,1997-01-30,Spain,,95,Valencia CF,2014
9870,Arnaut Danjuma,Left Winger,1997-01-31,Netherlands,,95,Valencia CF,2014
8780,Dimitri Foulquier,Right-Back,1993-03-23,Guadeloupe,,95,Valencia CF,2014
8646,Baptiste Santamaria,Defensive Midfield,1995-03-09,France,,95,Valencia CF,2014
8456,Mouctar Diakhaby,Centre-Back,1996-12-19,Guinea,,95,Valencia CF,2014
7672,Umar Sadiq,Centre-Forward,1997-02-02,Nigeria,,95,Valencia CF,2014
244743,David Otorbi,Right Winger,2007-10-16,Spain,,95,Valencia CF,2014
181914,Mario Dominguez,Centre-Forward,2004-02-10,Spain,,95,Valencia CF,2014
180061,Diego López,Right Winger,2002-05-13,Spain,,95,Valencia CF,2014
177180,Javier Guerra,Central Midfield,2003-05-13,Spain,,95,Valencia CF,2014
176602,Ruben Iranzo,Centre-Back,2003-03-14,Spain,,95,Valencia CF,2014
176041,Cesar Tarrega,Centre-Back,2002-02-26,Spain,,95,Valencia CF,2014
172108,Copete,Centre-Back,1999-10-10,Spain,,95,Valencia CF,2014
157190,Jesus Vazquez Alcalde,Left-Back,2003-01-02,Spain,,95,Valencia CF,2014
283,Sivera,Goalkeeper,1996-08-11,Spain,,263,Deportivo Alavés,2014
32911,Raúl Fernández,Goalkeeper,1988-03-13,Spain,,263,Deportivo Alavés,2014
202315,Gregoire Swiderski,Goalkeeper,2005-10-05,Canada,,263,Deportivo Alavés,2014
253786,Rubén Montero,Goalkeeper,2005-08-28,Spain,,263,Deportivo Alavés,2014
221356,Paco Sanz,Defence,2004-11-15,Spain,,263,Deportivo Alavés,2014
226202,Ángel Pérez,Defence,2002-08-29,Spain,,263,Deportivo Alavés,2014
228406,Carlos Ballestero,Defence,2004-04-24,Spain,,263,Deportivo Alavés,2014
273343,Yusi,Defence,2005-10-07,Spain,,263,Deportivo Alavés,2014
289701,Xanet Oláiz,Defence,2005-07-18,Spain,,263,Deportivo Alavés,2014
146350,Calebe,Midfield,2000-04-30,Brazil,,263,Deportivo Alavés,2014
146969,Ville Koski,Midfield,2002-01-27,Finland,,263,Deportivo Alavés,2014
213262,Carles Aleñá,Midfield,1998-01-05,Spain,,263,Deportivo Alavés,2014
289619,Izei Hernández,Midfield,2007-02-02,Spain,,263,Deportivo Alavés,2014
11113,Lucas Boyé,Offence,1996-02-28,Argentina,,263,Deportivo Alavés,2014
151738,Ibrahim Diabaté,Offence,1999-11-17,Ivory Coast,,263,Deportivo Alavés,2014
246154,Aitor Mañas,Offence,2003-01-05,Spain,,263,Deportivo Alavés,2014
278561,Lander Pinillos,Offence,2003-10-06,Spain,,263,Deportivo Alavés,2014
287484,Diego Morcillo,Offence,2003-06-18,Spain,,263,Deportivo Alavés,2014
157626,Antonio Blanco,Defensive Midfield,2000-07-23,Spain,,263,Deportivo Alavés,2014
144615,Jon Pacheco,Centre-Back,2001-01-08,Spain,,263,Deportivo Alavés,2014
119282,Victor Parada,Left-Back,2002-04-04,Spain,,263,Deportivo Alavés,2014
46123,Nahuel Tenaglia,Right-Back,1996-02-21,Argentina,,263,Deportivo Alavés,2014
45831,Facundo Garcés,Centre-Back,1999-09-05,Malaysia,,263,Deportivo Alavés,2014
33622,Jonny Otto,null,1994-03-03,Spain,,263,Deportivo Alavés,2014
33093,Ander Guevara,Central Midfield,1997-07-07,Spain,,263,Deportivo Alavés,2014
33092,Jon Guridi,Central Midfield,1995-02-28,Spain,,263,Deportivo Alavés,2014
28663,Carlos Benavidez,Defensive Midfield,1998-03-30,Uruguay,,263,Deportivo Alavés,2014
15868,Denís Suárez,Attacking Midfield,1994-01-06,Spain,,263,Deportivo Alavés,2014
11733,Toni Martínez,Centre-Forward,1997-06-30,Spain,,263,Deportivo Alavés,2014
8474,Mariano Díaz,Centre-Forward,1993-08-01,Dominican Republic,,263,Deportivo Alavés,2014
250990,Álvaro García,Centre-Back,2005-09-15,Spain,,263,Deportivo Alavés,2014
244942,Egoitz Muñoz,Right-Back,2005-01-01,Spain,,263,Deportivo Alavés,2014
184988,Abde Rebbach,Left Winger,1998-08-11,Algeria,,263,Deportivo Alavés,2014
173617,Pablo Ibáñez Tébar,Central Midfield,1998-09-20,Spain,,263,Deportivo Alavés,2014
23810,Matías Dituro,Goalkeeper,1987-05-08,Argentina,,285,Elche CF,2014
175982,Alejandro Iturbe,Goalkeeper,2003-09-02,Spain,,285,Elche CF,2014
180898,Iñaki Peña,Goalkeeper,1999-03-02,Spain,,285,Elche CF,2014
33318,Pedro Bigas,Defence,1990-05-15,Spain,,285,Elche CF,2014
123212,David Affengruber,Defence,2001-03-19,Austria,,285,Elche CF,2014
151557,Víctor Chust,Defence,2000-03-05,Spain,,285,Elche CF,2014
172388,John Chetauya,Defence,2000-08-30,Spain,,285,Elche CF,2014
213280,Adrià Pedrosa,Defence,1998-05-13,Spain,,285,Elche CF,2014
244544,Buba,Defence,2007-08-06,Spain,,285,Elche CF,2014
271243,Bema Sina,Defence,2003-04-07,Ghana,,285,Elche CF,2014
273557,Albert Niculaesei,Defence,2008-03-26,Romania,,285,Elche CF,2014
287898,David Delgado,Defence,2008-01-01,Spain,,285,Elche CF,2014
289716,Nico Salvador,Defence,2005-05-30,Spain,,285,Elche CF,2014
293874,Pablo Felipe,Defence,2005-06-19,Spain,,285,Elche CF,2014
32052,Aleix Febas,Midfield,1996-02-02,Spain,,285,Elche CF,2014
32281,Josán Fernández,Midfield,1989-12-03,Spain,,285,Elche CF,2014
33150,Gonzalo Villar,Midfield,1998-03-23,Spain,,285,Elche CF,2014
159647,Marc Aguado,Midfield,2000-02-22,Spain,,285,Elche CF,2014
170459,Federico Redondo,Midfield,2003-01-18,Argentina,,285,Elche CF,2014
171148,Lucas Cepeda,Midfield,2002-10-31,Chile,,285,Elche CF,2014
284047,Antonio Martínez,Midfield,2006-04-09,Spain,,285,Elche CF,2014
291982,Álex Herráiz,Midfield,,Spain,,285,Elche CF,2014
229143,Adam,Offence,2005-10-13,Spain,,285,Elche CF,2014
288222,Juan Piera,Offence,2004-10-20,Spain,,285,Elche CF,2014
290923,Álex Sánchez,Offence,2006-03-05,Spain,,285,Elche CF,2014
165143,Martim Neto,Central Midfield,2003-01-14,Portugal,,285,Elche CF,2014
137485,Germán Valera,Right Winger,2002-03-16,Spain,,285,Elche CF,2014
117813,Léo Pétrot,Left-Back,1997-04-15,France,,285,Elche CF,2014
33843,Tete Morente,Left Winger,1996-12-04,Spain,,285,Elche CF,2014
8214,Grady Diangana,Right Winger,1998-04-19,DR Congo,,285,Elche CF,2014
4098,Rafael Mir,Centre-Forward,1997-06-18,Spain,,285,Elche CF,2014
1760,André Silva,Centre-Forward,1995-11-06,Portugal,,285,Elche CF,2014
227023,Héctor Fort,Right-Back,2006-08-02,Spain,,285,Elche CF,2014
214543,Piri,Right Winger,2003-07-10,Spain,,285,Elche CF,2014
206810,Yago Santiago,Left Winger,2003-04-15,Spain,,285,Elche CF,2014
189369,Alvaro Rodriguez,Centre-Forward,2004-07-14,Spain,,285,Elche CF,2014
3173,Marc-André ter Stegen,Goalkeeper,1992-04-30,Germany,,298,Girona FC,2014
7993,Paulo Gazzaniga,Goalkeeper,1992-01-02,Argentina,,298,Girona FC,2014
32854,Juan Carlos,Goalkeeper,1988-01-20,Spain,,298,Girona FC,2014
33614,Rubén Blanco,Goalkeeper,1995-07-25,Spain,,298,Girona FC,2014
215549,Vladyslav Krapyvtsov,Goalkeeper,2005-06-25,Ukraine,,298,Girona FC,2014
272525,Aleksandar Andreev,Goalkeeper,2006-03-25,Bulgaria,,298,Girona FC,2014
180280,Casals,Defence,2005-01-01,Spain,,298,Girona FC,2014
272516,Pol Arnau,Defence,2004-12-23,Spain,,298,Girona FC,2014
283309,Gibert Jordana,Defence,2007-02-26,Spain,,298,Girona FC,2014
288472,Salguero,Defence,2005-06-11,Spain,,298,Girona FC,2014
3656,Axel Witsel,Midfield,1989-01-12,Belgium,,298,Girona FC,2014
122511,Azzedine Ounahi,Midfield,2000-04-19,Morocco,,298,Girona FC,2014
180175,Ricard Artero,Midfield,2003-02-05,Spain,,298,Girona FC,2014
251326,Lass Kourouma,Midfield,2004-03-30,Spain,,298,Girona FC,2014
272147,Papa Ba,Midfield,2004-09-12,Senegal,,298,Girona FC,2014
160819,Vladyslav Vanat,Offence,2002-01-04,Ukraine,,298,Girona FC,2014
287435,Javi Sarasa,Offence,2005-07-22,Spain,,298,Girona FC,2014
102497,Iván Martín,Attacking Midfield,1999-02-14,Spain,,298,Girona FC,2014
101912,Bryan Gil,Left Winger,2001-02-11,Spain,,298,Girona FC,2014
32712,David López,Centre-Back,1989-10-09,Spain,,298,Girona FC,2014
32511,Abel Ruiz,Centre-Forward,2000-01-28,Spain,,298,Girona FC,2014
32123,Alex Moreno,Left-Back,1993-06-08,Spain,,298,Girona FC,2014
32111,Fran Beltrán,Central Midfield,1999-02-03,Spain,,298,Girona FC,2014
16173,Viktor Tsyhankov,Right Winger,1997-11-15,Ukraine,,298,Girona FC,2014
7899,Daley Blind,Centre-Back,1990-03-09,Netherlands,,298,Girona FC,2014
7556,Donny van de Beek,Central Midfield,1997-04-18,Netherlands,,298,Girona FC,2014
3369,Thomas Lemar,Attacking Midfield,1995-11-12,France,,298,Girona FC,2014
3171,Cristhian Stuani,Centre-Forward,1986-10-12,Uruguay,,298,Girona FC,2014
249196,Vitor Reis,Centre-Back,2006-01-12,Brazil,,298,Girona FC,2014
244589,Juan Arango,Left Winger,2006-06-27,Venezuela,,298,Girona FC,2014
229042,Hugo Rincón,Right-Back,2003-01-27,Spain,,298,Girona FC,2014
206908,Claudio Echeverri,Attacking Midfield,2006-01-02,Argentina,,298,Girona FC,2014
151744,Arnau Martinez,Right-Back,2003-04-25,Spain,,298,Girona FC,2014
135524,Alejandro Francés,Centre-Back,2002-08-01,Spain,,298,Girona FC,2014
2788,Ionuț Radu,Goalkeeper,1997-05-28,Romania,,558,RC Celta de Vigo,2014
32918,Iván Villar,Goalkeeper,1997-07-09,Spain,,558,RC Celta de Vigo,2014
185095,Marc Vidal,Goalkeeper,2000-02-14,Spain,,558,RC Celta de Vigo,2014
288770,Marcos Maestu,Goalkeeper,2006-01-10,Spain,,558,RC Celta de Vigo,2014
31019,Carl Starfelt,Defence,1995-06-01,Sweden,,558,RC Celta de Vigo,2014
211835,Álvaro Núñez,Defence,2000-07-07,Spain,,558,RC Celta de Vigo,2014
279927,Manuel Fernández,Defence,2001-04-23,Spain,,558,RC Celta de Vigo,2014
288771,Pablo González,Defence,2003-05-21,Spain,,558,RC Celta de Vigo,2014
83406,Ferran Jutglà,Midfield,1999-02-01,Spain,,558,RC Celta de Vigo,2014
180502,Jones El-Abdellaoui,Midfield,2006-01-12,Norway,,558,RC Celta de Vigo,2014
272431,Fer López,Midfield,2004-05-24,Spain,,558,RC Celta de Vigo,2014
272435,Miguel Román,Midfield,2002-12-26,Spain,,558,RC Celta de Vigo,2014
288772,Andrés Antañón,Midfield,2007-01-22,Spain,,558,RC Celta de Vigo,2014
288773,Óscar Marcos,Midfield,2006-02-19,Spain,,558,RC Celta de Vigo,2014
288775,Hugo Burcio,Midfield,2006-10-31,Spain,,558,RC Celta de Vigo,2014
32056,Borja Iglesias,Offence,1993-01-17,Spain,,558,RC Celta de Vigo,2014
289484,Ángel Arcos,Offence,2006-04-18,Spain,,558,RC Celta de Vigo,2014
175892,Hugo Gonzalez,Right Winger,2003-02-07,Spain,,558,RC Celta de Vigo,2014
175869,Hugo Alvarez,Left Winger,2003-07-02,Spain,,558,RC Celta de Vigo,2014
170438,Williot Swedberg,Left Winger,2004-02-01,Sweden,,558,RC Celta de Vigo,2014
168650,Hugo Sotelo,Central Midfield,2003-12-19,Spain,,558,RC Celta de Vigo,2014
159446,Carlos Dominguez,Centre-Back,2001-01-01,Spain,,558,RC Celta de Vigo,2014
157368,Ilaix Moriba,Central Midfield,2003-01-19,Guinea,,558,RC Celta de Vigo,2014
146986,Óscar Mingueza,Right-Back,1999-05-13,Spain,,558,RC Celta de Vigo,2014
133570,Sergio Carreira,Right-Back,2000-10-13,Spain,,558,RC Celta de Vigo,2014
57610,Mihajlo Ristić,Left-Back,1995-10-31,Serbia,,558,RC Celta de Vigo,2014
16747,Franco Cervi,Left Winger,1994-05-26,Argentina,,558,RC Celta de Vigo,2014
8968,Joseph Aidoo,Centre-Back,1995-09-29,Ghana,,558,RC Celta de Vigo,2014
3201,Iago Aspas,Centre-Forward,1987-08-01,Spain,,558,RC Celta de Vigo,2014
3195,Marcos Alonso,Left-Back,1990-12-28,Spain,,558,RC Celta de Vigo,2014
2009,Matías Vecino,Central Midfield,1991-08-24,Uruguay,,558,RC Celta de Vigo,2014
253001,Javi Rueda,Right-Back,2002-05-08,Spain,,558,RC Celta de Vigo,2014
252993,Yoel Lago,Centre-Back,2004-03-25,Spain,,558,RC Celta de Vigo,2014
229003,Javi Rodríguez,Centre-Back,2003-06-26,Spain,,558,RC Celta de Vigo,2014
188859,Pablo Duran,Centre-Forward,2001-05-25,Spain,,558,RC Celta de Vigo,2014
6843,Ørjan Nyland,Goalkeeper,1990-09-10,Norway,,559,Sevilla FC,2014
42871,Odisseas Vlachodimos,Goalkeeper,1994-04-26,Greece,,559,Sevilla FC,2014
161304,Rafa Romero,Goalkeeper,2003-08-07,Spain,,559,Sevilla FC,2014
177573,Alberto Flores,Goalkeeper,2003-11-10,Spain,,559,Sevilla FC,2014
289968,Loren Luchino,Goalkeeper,2006-03-20,Argentina,,559,Sevilla FC,2014
180165,Castrin,Defence,2003-05-26,Spain,,559,Sevilla FC,2014
289967,Iker Ortín,Defence,2004-01-05,Spain,,559,Sevilla FC,2014
16275,Djibril Sow,Midfield,1997-02-06,Switzerland,,559,Sevilla FC,2014
31913,Ruben Vargas,Midfield,1998-08-05,Switzerland,,559,Sevilla FC,2014
213257,Joan Jordán,Midfield,1994-07-06,Spain,,559,Sevilla FC,2014
213279,Manuel Bueno,Midfield,2004-07-27,Spain,,559,Sevilla FC,2014
226950,Miguel Ángel Sierra,Midfield,2004-07-14,Spain,,559,Sevilla FC,2014
264218,Pablo Rivera,Midfield,2004-01-11,Spain,,559,Sevilla FC,2014
283816,Eduardo Altozano,Midfield,2006-10-17,Spain,,559,Sevilla FC,2014
295172,Nicolás Guillén,Midfield,2008-01-30,Spain,,559,Sevilla FC,2014
185105,Peque,Offence,2002-10-04,Spain,,559,Sevilla FC,2014
249864,Costa,Offence,2003-01-12,Spain,,559,Sevilla FC,2014
140251,Batista Mendy,Defensive Midfield,2000-01-12,France,,559,Sevilla FC,2014
127127,Nianzou Kouassi,Centre-Back,2002-06-07,France,,559,Sevilla FC,2014
98223,Lucien Agoume,Defensive Midfield,2002-02-09,France,,559,Sevilla FC,2014
82132,Akor Adams,Centre-Forward,2000-01-29,Nigeria,,559,Sevilla FC,2014
80890,Federico Gattoni,Centre-Back,1999-02-16,Argentina,,559,Sevilla FC,2014
45449,Marcão,Centre-Back,1996-06-05,Brazil,,559,Sevilla FC,2014
38625,Chidera Ejuke,Left Winger,1998-01-02,Nigeria,,559,Sevilla FC,2014
34909,Fábio Cardoso,Centre-Back,1994-04-19,Portugal,,559,Sevilla FC,2014
21410,Nemanja Gudelj,Defensive Midfield,1991-11-16,Serbia,,559,Sevilla FC,2014
21385,Gabriel Suazo,Left-Back,1997-08-09,Chile,,559,Sevilla FC,2014
10210,Adnan Januzaj,Right Winger,1995-02-05,Belgium,,559,Sevilla FC,2014
7911,Alexis Sánchez,Centre-Forward,1988-12-19,Chile,,559,Sevilla FC,2014
4443,Neal Maupay,Centre-Forward,1996-08-14,France,,559,Sevilla FC,2014
3191,Azpilicueta,Centre-Back,1989-08-28,Spain,,559,Sevilla FC,2014
244751,Oso,Left Winger,2003-07-09,Spain,,559,Sevilla FC,2014
213043,Isaac,Centre-Forward,2000-05-18,Spain,,559,Sevilla FC,2014
180038,Juanlu,Right-Back,2003-08-15,Spain,,559,Sevilla FC,2014
178107,Kike Salas,Centre-Back,2002-04-23,Spain,,559,Sevilla FC,2014
171984,Jose Angel Carmona,Right-Back,2002-01-29,Spain,,559,Sevilla FC,2014
32016,Aarón,Goalkeeper,1995-09-27,Spain,,1048,Real Oviedo,2014
122005,Horaţiu Moldovan,Goalkeeper,1998-01-20,Romania,,1048,Real Oviedo,2014
271946,Miguel Narváez,Goalkeeper,2002-04-29,Spain,,1048,Real Oviedo,2014
15864,David Costas,Defence,1995-03-26,Spain,,1048,Real Oviedo,2014
32397,Dani Calvo,Defence,1994-04-01,Spain,,1048,Real Oviedo,2014
32935,Lucas Ahijado,Defence,1995-01-30,Spain,,1048,Real Oviedo,2014
80869,David Carmo,Defence,1999-07-19,Angola,,1048,Real Oviedo,2014
180060,Javi López,Defence,2002-03-25,Spain,,1048,Real Oviedo,2014
220693,Marco Esteban,Defence,2006-03-01,Spain,,1048,Real Oviedo,2014
226037,Rahim Alhassane,Defence,2002-01-01,Niger,,1048,Real Oviedo,2014
244676,Diego Espinosa,Defence,2004-07-02,Spain,,1048,Real Oviedo,2014
277618,Omar Falah,Defence,2003-09-09,Spain,,1048,Real Oviedo,2014
293700,Adri Fernández,Defence,2005-10-19,Spain,,1048,Real Oviedo,2014
2598,Santiago Colombatto,Midfield,1997-01-17,Argentina,,1048,Real Oviedo,2014
4068,Ovie Ejaria,Midfield,1997-11-18,England,,1048,Real Oviedo,2014
7790,Santi Cazorla,Midfield,1984-12-13,Spain,,1048,Real Oviedo,2014
67707,Luka Ilić,Midfield,1999-07-02,Serbia,,1048,Real Oviedo,2014
79960,Kwasi Sibo,Midfield,1998-06-24,Ghana,,1048,Real Oviedo,2014
191053,Alberto Reina,Midfield,1997-09-09,Spain,,1048,Real Oviedo,2014
193621,Thiago Fernandez,Midfield,2004-04-03,Argentina,,1048,Real Oviedo,2014
230706,Diego Menéndez,Midfield,2005-01-01,Spain,,1048,Real Oviedo,2014
278741,Lamine Gueye,Midfield,2004-01-01,Spain,,1048,Real Oviedo,2014
283317,Cheli,Midfield,2005-07-05,Spain,,1048,Real Oviedo,2014
288568,Pablo Menéndez,Midfield,2007-11-08,Spain,,1048,Real Oviedo,2014
98222,Haissem Hassan,Offence,2002-02-08,France,,1048,Real Oviedo,2014
112678,Federico Viñas,Offence,1998-06-30,Uruguay,,1048,Real Oviedo,2014
141633,Thiago Borbas,Offence,2002-04-07,Uruguay,,1048,Real Oviedo,2014
77477,Nicolas Fonseca,Defensive Midfield,1998-10-19,Uruguay,,1048,Real Oviedo,2014
33142,Nacho Vidal,Right-Back,1995-01-24,Spain,,1048,Real Oviedo,2014
7901,Eric Bailly,Centre-Back,1994-04-12,Ivory Coast,,1048,Real Oviedo,2014
3659,Leander Dendoncker,Defensive Midfield,1995-04-15,Belgium,,1048,Real Oviedo,2014
185104,Alex Forés,Centre-Forward,2001-04-12,Spain,,1048,Real Oviedo,2014
146126,Ilyas Chaira,Right Winger,2001-02-02,Morocco,,1048,Real Oviedo,2014
3160,Fernando Muslera,Goalkeeper,1986-06-16,Uruguay,,758,Uruguay,2000
30210,Santiago Mele,Goalkeeper,1997-09-06,Uruguay,,758,Uruguay,2000
30386,Sergio Rochet,Goalkeeper,1993-03-23,Uruguay,,758,Uruguay,2000
3165,Guillermo Varela,Defence,1993-03-24,Uruguay,,758,Uruguay,2000
28292,Ronald Araújo,Defence,1999-03-07,Uruguay,,758,Uruguay,2000
28326,Sebastían Cáceres,Defence,1999-08-18,Uruguay,,758,Uruguay,2000
28426,Matías Viña,Defence,1997-11-09,Uruguay,,758,Uruguay,2000
28740,Joaquín Piquerez,Defence,1998-08-24,Uruguay,,758,Uruguay,2000
28770,Maximiliano Araújo,Defence,2000-02-15,Uruguay,,758,Uruguay,2000
32754,Mathías Olivera,Defence,1997-10-31,Uruguay,,758,Uruguay,2000
32767,Santiago Bueno,Defence,1998-11-09,Uruguay,,758,Uruguay,2000
213277,José Giménez,Defence,1995-01-20,Uruguay,,758,Uruguay,2000
96,Federico Valverde,Midfield,1998-07-22,Uruguay,,758,Uruguay,2000
1244,Giorgian De Arrascaeta,Midfield,1994-06-01,Uruguay,,758,Uruguay,2000
2041,Rodrigo Bentancur,Midfield,1997-06-25,Uruguay,,758,Uruguay,2000
28549,Manuel Ugarte,Midfield,2001-04-11,Uruguay,,758,Uruguay,2000
28618,Brian Rodríguez,Midfield,2000-05-20,Uruguay,,758,Uruguay,2000
121007,Rodrigo Zalazar,Midfield,1999-08-12,Uruguay,,758,Uruguay,2000
122506,Facundo Pellistri,Midfield,2001-12-20,Uruguay,,758,Uruguay,2000
130957,Emiliano Martínez,Midfield,1999-08-17,Uruguay,,758,Uruguay,2000
152435,Juan Sanabria,Midfield,2000-03-29,Uruguay,,758,Uruguay,2000
168795,Nicolas de la Cruz,Midfield,1997-06-01,Uruguay,,758,Uruguay,2000
11206,Rodrigo Aguirre,Offence,1994-10-01,Uruguay,,758,Uruguay,2000
28612,Darwin Núñez,Offence,1999-06-24,Uruguay,,758,Uruguay,2000
28614,Agustín Canobbio,Offence,1998-10-01,Uruguay,,758,Uruguay,2000
112678,Federico Viñas,Offence,1998-06-30,Uruguay,,758,Uruguay,2000
316,Oliver Baumann,Goalkeeper,1990-06-02,Germany,,759,Germany,2000
341,Manuel Neuer,Goalkeeper,1986-03-27,Germany,,759,Germany,2000
6491,Alexander Nübel,Goalkeeper,1996-09-30,Germany,,759,Germany,2000
149,Jonathan Tah,Defence,1996-02-11,Germany,,759,Germany,2000
379,Waldemar Anton,Defence,1996-07-20,Germany,,759,Germany,2000
3177,Antonio Rüdiger,Defence,1993-03-03,Germany,,759,Germany,2000
9905,David Raum,Defence,1998-04-22,Germany,,759,Germany,2000
75539,Nico Schlotterbeck,Defence,1999-12-01,Germany,,759,Germany,2000
142732,Malick Thiaw,Defence,2001-08-08,Germany,,759,Germany,2000
184533,Nathaniel Brown,Defence,2003-06-16,Germany,,759,Germany,2000
320,Nadiem Amiri,Midfield,1996-10-27,Germany,,759,Germany,2000
359,Joshua Kimmich,Midfield,1995-02-08,Germany,,759,Germany,2000
3181,Leon Goretzka,Midfield,1995-02-06,Germany,,759,Germany,2000
8273,Pascal Groß,Midfield,1991-06-15,Germany,,759,Germany,2000
19334,Florian Wirtz,Midfield,2003-05-03,Germany,,759,Germany,2000
101074,Felix Kalu Nmecha,Midfield,2000-10-10,Germany,,759,Germany,2000
128565,Angelo Stiller,Midfield,2001-04-04,Germany,,759,Germany,2000
144393,Jamal Musiala,Midfield,2003-02-26,Germany,,759,Germany,2000
202665,Aleksandar Pavlović,Midfield,2004-05-03,Germany,,759,Germany,2000
277592,Lennart Karl,Midfield,2008-02-22,Germany,,759,Germany,2000
171,Kai Havertz,Offence,1999-06-11,Germany,,759,Germany,2000
3184,Leroy Sané,Offence,1996-01-11,Germany,,759,Germany,2000
6928,Deniz Undav,Offence,1996-07-19,Germany,,759,Germany,2000
123333,Jamie Leweling,Offence,2001-02-26,Germany,,759,Germany,2000
133547,Nick Woltemade,Offence,2002-02-14,Germany,,759,Germany,2000
133903,Maximilian Beier,Offence,2002-10-17,Germany,,759,Germany,2000
4832,David Raya,Goalkeeper,1995-09-15,Spain,,760,Spain,2000
32570,Unai Simón,Goalkeeper,1997-06-11,Spain,,760,Spain,2000
152506,Joan García,Goalkeeper,2001-05-04,Spain,,760,Spain,2000
7884,Aymeric Laporte,Defence,1994-05-27,Spain,,760,Spain,2000
15863,Cucurella,Defence,1998-07-22,Spain,,760,Spain,2000
16739,Alejandro Grimaldo,Defence,1995-09-20,Spain,,760,Spain,2000
81037,Pedro Porro,Defence,1999-09-13,Spain,,760,Spain,2000
101345,Eric García,Defence,2001-01-09,Spain,,760,Spain,2000
176745,Marc Pubill,Defence,2003-06-20,Spain,,760,Spain,2000
217540,Pau Cubarsí,Defence,2007-01-22,Spain,,760,Spain,2000
22,Fabián Ruiz,Midfield,1996-04-03,Spain,,760,Spain,2000
70,Marcos Llorente,Midfield,1995-01-30,Spain,,760,Spain,2000
3199,Rodri,Midfield,1996-06-22,Spain,,760,Spain,2000
7935,Mikel Merino,Midfield,1996-06-22,Spain,,760,Spain,2000
23132,Dani Olmo,Midfield,1998-05-07,Spain,,760,Spain,2000
33154,Ferrán Torres,Midfield,2000-02-29,Spain,,760,Spain,2000
115035,Martín Zubimendi,Midfield,1999-02-02,Spain,,760,Spain,2000
133860,Pedri,Midfield,2002-11-25,Spain,,760,Spain,2000
180137,Mikel Oyarzabal,Midfield,1997-04-21,Spain,,760,Spain,2000
213278,Álex Baena,Midfield,2001-07-20,Spain,,760,Spain,2000
32056,Borja Iglesias,Offence,1993-01-17,Spain,,760,Spain,2000
152505,Yeremi Pino,Offence,2002-10-20,Spain,,760,Spain,2000
157135,Nico Williams,Offence,2002-07-12,Spain,,760,Spain,2000
202283,Lamine Yamal,Offence,2007-07-13,Spain,,760,Spain,2000
273423,Víctor Muñoz,Offence,2003-07-13,Spain,,760,Spain,2000
171992,Pablo Gavira,Central Midfield,2004-08-05,Spain,,760,Spain,2000
28245,Nicolás Fernández,Goalkeeper,1998-03-02,Uruguay,,761,Paraguay,2000
28294,Gastón Olveira,Goalkeeper,1993-04-21,Uruguay,,761,Paraguay,2000
169622,Roberto Fernández,Goalkeeper,1988-03-29,Paraguay,,761,Paraguay,2000
270728,Orlando Gill,Goalkeeper,2000-06-11,Paraguay,,761,Paraguay,2000
1436,Fabián Balbuena,Defence,1991-08-23,Paraguay,,761,Paraguay,2000
1741,Gustavo Gómez,Defence,1993-05-06,Paraguay,,761,Paraguay,2000
8395,Júnior Alonso,Defence,1993-02-09,Paraguay,,761,Paraguay,2000
46491,Omar Alderete,Defence,1996-12-26,Paraguay,,761,Paraguay,2000
141752,Juan Cáceres,Defence,2000-06-01,Paraguay,,761,Paraguay,2000
169122,Alan Benitez,Defence,1994-01-25,Paraguay,,761,Paraguay,2000
172169,Gustavo Velázquez,Defence,1991-04-17,Paraguay,,761,Paraguay,2000
178832,José Canale,Defence,1996-07-20,Paraguay,,761,Paraguay,2000
274608,Alexandro Maidana,Defence,2005-07-26,Paraguay,,761,Paraguay,2000
119594,Mauricio,Midfield,2001-06-22,Brazil,,761,Paraguay,2000
122397,Braian Ojeda,Midfield,2000-06-27,Paraguay,,761,Paraguay,2000
165622,Matías Galarza,Midfield,2002-02-11,Paraguay,,761,Paraguay,2000
168949,Julio Enciso,Midfield,2004-01-23,Paraguay,,761,Paraguay,2000
168954,Damian Bobadilla,Midfield,2001-07-11,Paraguay,,761,Paraguay,2000
178951,Diego Gómez,Midfield,2003-03-27,Paraguay,,761,Paraguay,2000
286049,Lucas Romero,Midfield,2002-08-29,Paraguay,,761,Paraguay,2000
14,Antonio Sanabria,Offence,1996-03-04,Paraguay,,761,Paraguay,2000
59693,Gabriel Ávalos,Offence,1990-10-12,Paraguay,,761,Paraguay,2000
76861,Miguel Almirón,Offence,1994-02-10,Paraguay,,761,Paraguay,2000
140647,Ramón Sosa,Offence,1999-08-31,Paraguay,,761,Paraguay,2000
191772,Gustavo Caballero,Offence,2001-09-21,Paraguay,,761,Paraguay,2000
250206,Alex Arce,Offence,1995-06-16,Paraguay,,761,Paraguay,2000
6,Géronimo Rulli,Goalkeeper,1992-05-20,Argentina,,762,Argentina,2000
3141,Emiliano Martínez,Goalkeeper,1992-09-02,Argentina,,762,Argentina,2000
46554,Juan Musso,Goalkeeper,1994-05-06,Argentina,,762,Argentina,2000
3205,Nicolás Otamendi,Defence,1988-02-12,Argentina,,762,Argentina,2000
3208,Nicolás Tagliafico,Defence,1992-08-31,Argentina,,762,Argentina,2000
11667,Gonzalo Montiel,Defence,1997-01-01,Argentina,,762,Argentina,2000
45735,Christian Romero,Defence,1998-04-27,Argentina,,762,Argentina,2000
46125,Facundo Medina,Defence,1999-05-28,Argentina,,762,Argentina,2000
46451,Lisandro Martínez,Defence,1998-01-18,Argentina,,762,Argentina,2000
46452,Nahuel Molina,Defence,1998-04-06,Argentina,,762,Argentina,2000
82020,Leonardo Balerdi,Defence,1999-01-26,Argentina,,762,Argentina,2000
170261,Valentin Barco,Defence,2004-07-23,Argentina,,762,Argentina,2000
2127,Rodrigo de Paul,Midfield,1994-05-24,Argentina,,762,Argentina,2000
3214,Leandro Paredes,Midfield,1994-06-29,Argentina,,762,Argentina,2000
3216,Giovani Lo Celso,Midfield,1996-04-09,Argentina,,762,Argentina,2000
11720,Exequiel Palacios,Midfield,1998-10-05,Argentina,,762,Argentina,2000
45681,Alexis Mac Allister,Midfield,1998-12-24,Argentina,,762,Argentina,2000
79953,Thiago Almada,Midfield,2001-04-26,Argentina,,762,Argentina,2000
102603,Enzo Fernández,Midfield,2001-01-17,Argentina,,762,Argentina,2000
203511,Nico Paz,Midfield,2004-09-08,Argentina,,762,Argentina,2000
3218,Lionel Messi,Offence,1987-06-24,Argentina,,762,Argentina,2000
3220,Lautaro Martínez,Offence,1997-08-22,Argentina,,762,Argentina,2000
45680,Nicolás González,Offence,1998-04-06,Argentina,,762,Argentina,2000
98571,Julián Álvarez,Offence,2000-01-31,Argentina,,762,Argentina,2000
170698,José Manuel López,Offence,2000-12-06,Argentina,,762,Argentina,2000
171964,Giuliano Simeone,Offence,2002-12-18,Argentina,,762,Argentina,2000
495,Lawrence Ati-Zigi,Goalkeeper,1996-11-29,Ghana,,763,Ghana,2000
137390,Joseph Anang,Goalkeeper,2000-06-08,England,,763,Ghana,2000
277336,Benjamin Asare,Goalkeeper,1992-07-13,Ghana,,763,Ghana,2000
7442,Derrick Luckassen,Defence,1995-07-03,Netherlands,,763,Ghana,2000
8323,Alexander Djiku,Defence,1994-08-09,Ghana,,763,Ghana,2000
16340,Gideon Mensah,Defence,1998-07-18,Ghana,,763,Ghana,2000
64934,Derrick Köhn,Defence,1999-02-04,Ghana,,763,Ghana,2000
67398,Patric Pfeiffer,Defence,1999-08-20,Ghana,,763,Ghana,2000
128235,Jerome Opoku,Defence,1998-10-14,Ghana,,763,Ghana,2000
153924,Marvin Senaya,Defence,2001-01-28,Ghana,,763,Ghana,2000
191269,Jonas Adjei Adjetey,Defence,2003-12-13,Ghana,,763,Ghana,2000
202896,Kojo Peprah Oppong,Defence,2004-06-04,Ghana,,763,Ghana,2000
276631,Manu Duah,Defence,2005-06-05,Ghana,,763,Ghana,2000
110,Thomas Partey,Midfield,1993-06-13,Ghana,,763,Ghana,2000
8470,Elisha Owusu,Midfield,1997-11-07,Ghana,,763,Ghana,2000
79960,Kwasi Sibo,Midfield,1998-06-24,Ghana,,763,Ghana,2000
175747,Augustine Boakye,Midfield,2000-11-03,Ghana,,763,Ghana,2000
188791,Ibrahim Sulemana,Midfield,2003-05-22,Ghana,,763,Ghana,2000
262187,Caleb Yirenkyi,Midfield,2006-01-15,Ghana,,763,Ghana,2000
4417,Antoine Semenyo,Offence,2000-01-07,Ghana,,763,Ghana,2000
4969,Daniel Agyei,Offence,1997-06-01,Ghana,,763,Ghana,2000
7984,Jordan Ayew,Offence,1991-09-11,Ghana,,763,Ghana,2000
8863,Francis Amuzu,Offence,1999-08-23,Belgium,,763,Ghana,2000
137302,Ransford Königsdörffer,Offence,2001-09-13,Ghana,,763,Ghana,2000
142140,Kamal Deen Sulemana,Offence,2002-02-15,Ghana,,763,Ghana,2000
179712,Jesurun Rak-Sakyi,Offence,2002-10-05,England,,763,Ghana,2000
187162,Abdul Issahaku,Offence,2004-03-08,Ghana,,763,Ghana,2000
193596,Christopher Bonsu Baah,Offence,2004-12-14,Ghana,,763,Ghana,2000
218805,Prince Adu,Offence,2003-09-23,Ghana,,763,Ghana,2000
1170,Weverton,Goalkeeper,1987-12-13,Brazil,,764,Brazil,2000
1795,Alisson Becker,Goalkeeper,1992-10-02,Brazil,,764,Brazil,2000
3222,Ederson,Goalkeeper,1993-08-17,Brazil,,764,Brazil,2000
1081,Roger Ibañez,Defence,1998-11-23,Brazil,,764,Brazil,2000
1106,Bremer,Defence,1997-03-18,Brazil,,764,Brazil,2000
2028,Alex Sandro,Defence,1991-01-26,Brazil,,764,Brazil,2000
3225,Marquinhos,Defence,1994-05-14,Brazil,,764,Brazil,2000
6517,Douglas Santos,Defence,1994-03-22,Brazil,,764,Brazil,2000
7881,Danilo Luiz da Silva,Defence,1991-07-15,Brazil,,764,Brazil,2000
11192,Léo Pereira,Defence,1996-01-31,Brazil,,764,Brazil,2000
23128,Gabriel Magalhães,Defence,1997-12-19,Brazil,,764,Brazil,2000
1543,Lucas Paquetá,Midfield,1997-08-27,Brazil,,764,Brazil,2000
1684,Bruno Guimarães,Midfield,1997-11-16,Brazil,,764,Brazil,2000
3231,Casemiro,Midfield,1992-02-23,Brazil,,764,Brazil,2000
8749,Fabinho,Midfield,1993-10-23,Brazil,,764,Brazil,2000
61450,Martinelli,Midfield,2001-06-18,Brazil,,764,Brazil,2000
145539,Luiz Henrique,Midfield,2001-01-02,Brazil,,764,Brazil,2000
149704,Danilo dos Santos de Oliveira,Midfield,2001-04-29,Brazil,,764,Brazil,2000
1556,Vinicius Junior,Offence,2000-07-12,Brazil,,764,Brazil,2000
8491,Neymar,Offence,1992-02-05,Brazil,,764,Brazil,2000
30842,Matheus Cunha,Offence,1999-05-27,Brazil,,764,Brazil,2000
37428,Raphinha,Offence,1996-12-14,Brazil,,764,Brazil,2000
138230,Thiago,Offence,2001-06-26,Brazil,,764,Brazil,2000
188487,Endrick,Offence,2006-07-21,Brazil,,764,Brazil,2000
203356,Rayan,Offence,2006-08-03,Brazil,,764,Brazil,2000
15899,José Sá,Goalkeeper,1993-01-17,Portugal,,765,Portugal,2000
32014,Rui Silva,Goalkeeper,1994-02-07,Portugal,,765,Portugal,2000
37362,Diogo Costa,Goalkeeper,1999-09-19,Switzerland,,765,Portugal,2000
2000,João Cancelo,Defence,1994-05-27,Portugal,,765,Portugal,2000
10183,Rúben Dias,Defence,1997-05-14,Portugal,,765,Portugal,2000
15862,Nélson Semedo,Defence,1993-11-16,Portugal,,765,Portugal,2000
15905,Diogo Dalot,Defence,1999-03-18,Portugal,,765,Portugal,2000
91512,Matheus Nunes,Defence,1998-08-27,Portugal,,765,Portugal,2000
144570,Nuno Mendes,Defence,2002-06-19,Portugal,,765,Portugal,2000
145357,Gonçalo Inácio,Defence,2001-08-25,Portugal,,765,Portugal,2000
177842,Tomas Araujo,Defence,2002-05-16,Portugal,,765,Portugal,2000
178769,Renato Veiga,Defence,2003-07-29,Portugal,,765,Portugal,2000
3254,Bernardo Silva,Midfield,1994-08-10,Portugal,,765,Portugal,2000
3255,Rúben Neves,Midfield,1997-03-13,Portugal,,765,Portugal,2000
3257,Bruno Fernandes,Midfield,1994-09-08,Portugal,,765,Portugal,2000
3259,Gonçalo Guedes,Midfield,1996-11-29,Portugal,,765,Portugal,2000
140814,Samuel Almeida Costa,Midfield,2000-11-27,Portugal,,765,Portugal,2000
178722,Vitinha,Midfield,2000-02-13,Portugal,,765,Portugal,2000
190877,Joao Neves,Midfield,2004-09-27,Portugal,,765,Portugal,2000
44,Cristiano Ronaldo,Offence,1985-02-05,Portugal,,765,Portugal,2000
2074,Pedro Neto,Offence,2000-03-09,Portugal,,765,Portugal,2000
15892,Rafael Leão,Offence,1999-06-10,Portugal,,765,Portugal,2000
37332,Trincão,Offence,1999-12-29,Portugal,,765,Portugal,2000
39265,João Félix,Offence,1999-11-10,Portugal,,765,Portugal,2000
101431,Gonçalo Ramos,Offence,2001-06-20,Portugal,,765,Portugal,2000
150791,Francisco Conceição,Offence,2002-12-14,Portugal,,765,Portugal,2000
48729,Keisuke Ōsako,Goalkeeper,1999-07-28,Japan,,766,Japan,2000
118920,Zion Suzuki,Goalkeeper,2002-08-21,Japan,,766,Japan,2000
161335,Tomoki Hayakawa,Goalkeeper,1999-03-03,Japan,,766,Japan,2000
3264,Yūto Nagatomo,Defence,1986-09-12,Japan,,766,Japan,2000
9034,Takehiro Tomiyasu,Defence,1998-11-05,Japan,,766,Japan,2000
48657,Hiroki Ito,Defence,1999-05-12,Japan,,766,Japan,2000
48670,Yukinari Sugawara,Defence,2000-06-28,Japan,,766,Japan,2000
48902,Ko Itakura,Defence,1997-01-27,Japan,,766,Japan,2000
49097,Shogo Taniguchi,Defence,1991-07-15,Japan,,766,Japan,2000
113230,Ayumu Seko,Defence,2000-06-07,Japan,,766,Japan,2000
113595,Tsuyoshi Watanabe,Defence,1997-02-05,Japan,,766,Japan,2000
181210,Junnosuke Suzuki,Defence,2003-07-12,Japan,,766,Japan,2000
3269,Wataru Endō,Midfield,1993-02-09,Japan,,766,Japan,2000
6716,Daichi Kamada,Midfield,1996-08-05,Japan,,766,Japan,2000
48555,Takefusa Kubo,Midfield,2001-06-04,Japan,,766,Japan,2000
48595,Keito Nakamura,Midfield,2000-07-28,Japan,,766,Japan,2000
49105,Ao Tanaka,Midfield,1998-09-10,Japan,,766,Japan,2000
114809,Kaishu Sano,Midfield,2000-12-30,Japan,,766,Japan,2000
145293,Yuito Suzuki,Midfield,2001-10-25,Japan,,766,Japan,2000
7531,Ritsu Doan,Offence,1998-06-16,Japan,,766,Japan,2000
44017,Daizen Maeda,Offence,1997-10-20,Japan,,766,Japan,2000
48659,Koki Ogawa,Offence,1997-08-08,Japan,,766,Japan,2000
49080,Junya Ito,Offence,1993-03-09,Japan,,766,Japan,2000
119460,Ayase Ueda,Offence,1998-09-10,Japan,,766,Japan,2000
247160,Kento Shiogai,Offence,2005-03-26,Japan,,766,Japan,2000
274204,Keisuke Goto,Offence,2005-06-03,Japan,,766,Japan,2000
39540,Carlos Acevedo,Goalkeeper,1996-04-19,Mexico,,769,Mexico,2000
177674,José Rangel,Goalkeeper,2000-02-25,Mexico,,769,Mexico,2000
3298,Jesús Gallardo,Defence,1994-08-15,Mexico,,769,Mexico,2000
84096,Israel Reyes,Defence,2000-05-23,Mexico,,769,Mexico,2000
39927,Luis Romo,Midfield,1995-06-05,Mexico,,769,Mexico,2000
76356,Erik Lira,Midfield,2000-05-08,Mexico,,769,Mexico,2000
144457,Brian Gutiérrez,Midfield,2003-06-17,Mexico,,769,Mexico,2000
264596,Gilberto Mora,Midfield,2008-10-14,Mexico,,769,Mexico,2000
39472,Roberto Alvarado,Offence,1998-09-07,Mexico,,769,Mexico,2000
39667,Alexis Vega,Offence,1997-11-25,Mexico,,769,Mexico,2000
39833,Guillermo Martínez,Offence,1995-03-15,Mexico,,769,Mexico,2000
229284,Armando González,Offence,2003-04-20,Mexico,,769,Mexico,2000
3309,Jordan Pickford,Goalkeeper,1994-03-07,England,,770,England,2000
5457,Dean Henderson,Goalkeeper,1997-03-12,England,,770,England,2000
153874,James Trafford,Goalkeeper,2002-10-10,England,,770,England,2000
3313,John Stones,Defence,1994-05-28,England,,770,England,2000
4870,Dan Burn,Defence,1992-05-09,England,,770,England,2000
6317,Ezri Konsa,Defence,1997-10-23,England,,770,England,2000
56628,Reece James,Defence,1999-12-08,England,,770,England,2000
80775,Djed Spence,Defence,2000-08-09,England,,770,England,2000
118489,Marc Guéhi,Defence,2000-07-13,England,,770,England,2000
168712,Valentino Livramento,Defence,2002-11-12,England,,770,England,2000
176718,Jarell Quansah,Defence,2003-01-29,England,,770,England,2000
206743,Nico O'Reilly,Defence,2005-03-21,England,,770,England,2000
3320,Jordan Henderson,Midfield,1990-06-17,England,,770,England,2000
4032,Eberechi Eze,Midfield,1998-06-29,England,,770,England,2000
7848,Anthony Gordon,Midfield,2001-02-24,England,,770,England,2000
8215,Declan Rice,Midfield,1999-01-14,England,,770,England,2000
82140,Morgan Rogers,Midfield,2002-07-26,England,,770,England,2000
107330,Elliot Anderson,Midfield,2002-11-06,England,,770,England,2000
125010,Jude Bellingham,Midfield,2003-06-29,England,,770,England,2000
190797,Kobbie Mainoo,Midfield,2005-04-19,England,,770,England,2000
3331,Marcus Rashford,Offence,1997-10-31,England,,770,England,2000
4444,Ollie Watkins,Offence,1995-12-30,England,,770,England,2000
5453,Ivan Toney,Offence,1996-03-16,England,,770,England,2000
8004,Harry Kane,Offence,1993-07-28,England,,770,England,2000
99813,Bukayo Saka,Offence,2001-09-05,England,,770,England,2000
167720,Noni Madueke,Offence,2002-03-10,England,,770,England,2000
76936,Matt Turner,Goalkeeper,1994-06-24,USA,,771,United States,2000
113261,Matt Freese,Goalkeeper,1998-09-02,USA,,771,United States,2000
167172,Chris Brady,Goalkeeper,2004-03-03,USA,,771,United States,2000
177812,Patrick Schulte,Goalkeeper,2001-03-13,USA,,771,United States,2000
3927,Antonee Robinson,Defence,1997-08-08,USA,,771,United States,2000
3956,Tim Ream,Defence,1987-10-05,USA,,771,United States,2000
76866,Miles Robinson,Defence,1997-03-14,USA,,771,United States,2000
77185,Auston Trusty,Defence,1998-08-12,USA,,771,United States,2000
77803,Mark McKenzie,Defence,1999-02-25,USA,,771,United States,2000
82442,Joseph Scally,Defence,2002-12-31,USA,,771,United States,2000
99856,Chris Richards,Defence,2000-03-28,USA,,771,United States,2000
177823,Alex Freeman,Defence,2004-08-09,USA,,771,United States,2000
6507,Weston McKennie,Midfield,1998-08-28,USA,,771,United States,2000
8492,Tim Weah,Midfield,2000-02-22,USA,,771,United States,2000
77029,Cristian Roldan,Midfield,1995-06-03,USA,,771,United States,2000
113262,Brenden Aaronson,Midfield,2000-10-22,USA,,771,United States,2000
123265,Johnny,Midfield,2001-09-20,USA,,771,United States,2000
136733,Gio Reyna,Midfield,2002-11-13,USA,,771,United States,2000
140416,Sebastian Berhalter,Midfield,2001-05-17,USA,,771,United States,2000
140417,Aidan Morris,Midfield,2001-11-16,USA,,771,United States,2000
142456,Tanner Tessmann,Midfield,2001-09-24,USA,,771,United States,2000
144470,Malik Tillman,Midfield,2002-05-28,USA,,771,United States,2000
145,Christian Pulisic,Offence,1998-09-18,USA,,771,United States,2000
119731,Ricardo Pepi,Offence,2003-01-09,USA,,771,United States,2000
131040,Folarin Balogun,Offence,2001-07-03,USA,,771,United States,2000
192180,Max Arfsten,Offence,2001-04-19,USA,,771,United States,2000
192268,Patrick Agyemang,Offence,2000-11-07,USA,,771,United States,2000
166683,Seung-Gyu Kim,Goalkeeper,1990-09-30,South Korea,,772,South Korea,2000
189673,Bum-keun Song,Goalkeeper,1997-10-15,South Korea,,772,South Korea,2000
189775,Hyeon-woo Jo,Goalkeeper,1991-09-25,South Korea,,772,South Korea,2000
168299,Min-Jae Kim,Defence,1996-11-15,South Korea,,772,South Korea,2000
171221,Moon-hwan Kim,Defence,1995-08-01,South Korea,,772,South Korea,2000
189654,Yu-min Cho,Defence,1996-11-17,South Korea,,772,South Korea,2000
217715,Han-bum Lee,Defence,2002-06-17,South Korea,,772,South Korea,2000
243858,Young-woo Seol,Defence,1998-12-05,South Korea,,772,South Korea,2000
244407,Jin-seob Park,Defence,1995-10-23,South Korea,,772,South Korea,2000
246906,Tae-hyeon Kim,Defence,2000-09-17,South Korea,,772,South Korea,2000
254209,Gi-hyuk Lee,Defence,2000-07-07,South Korea,,772,South Korea,2000
282051,Tae-seok Lee,Defence,2002-07-28,South Korea,,772,South Korea,2000
151888,Jens Castrop,Midfield,2003-07-29,South Korea,,772,South Korea,2000
170561,In-beom Hwang,Midfield,1996-09-20,South Korea,,772,South Korea,2000
177318,Dong-gyeong Lee,Midfield,1997-09-20,South Korea,,772,South Korea,2000
179889,Jae-sung Lee,Midfield,1992-08-10,South Korea,,772,South Korea,2000
189741,Jin-Gyu Kim,Midfield,1997-02-24,South Korea,,772,South Korea,2000
189752,Seung-Ho Paik,Midfield,1997-03-17,South Korea,,772,South Korea,2000
213217,Kang-in Lee,Midfield,2001-02-19,South Korea,,772,South Korea,2000
217655,Joon-ho Bae,Midfield,2003-08-21,South Korea,,772,South Korea,2000
3354,Hwang Heechan,Offence,1996-01-26,South Korea,,772,South Korea,2000
170281,Heung-min Son,Offence,1992-07-08,South Korea,,772,South Korea,2000
189665,Hyun-jun Yang,Offence,2002-05-25,South Korea,,772,South Korea,2000
189762,Gue-Sung Cho,Offence,1998-01-25,South Korea,,772,South Korea,2000
191295,Hyun-Gyu Oh,Offence,2001-04-12,South Korea,,772,South Korea,2000
261683,Ji-sung Eom,Offence,2002-05-09,South Korea,,772,South Korea,2000
8316,Brice Samba,Goalkeeper,1994-04-25,France,,773,France,2000
8390,Mike Maignan,Goalkeeper,1995-07-03,France,,773,France,2000
188389,Robin Risser,Goalkeeper,2004-12-02,France,,773,France,2000
71,Theo Hernández,Defence,1997-10-06,France,,773,France,2000
3359,Lucas Digne,Defence,1993-07-20,France,,773,France,2000
3365,Lucas Hernández,Defence,1996-02-14,France,,773,France,2000
8499,Jules Koundé,Defence,1998-11-12,France,,773,France,2000
9541,Dayot Upamecano,Defence,1998-10-27,France,,773,France,2000
9542,Ibrahima Konaté,Defence,1999-05-25,France,,773,France,2000
80171,William Saliba,Defence,2001-03-24,France,,773,France,2000
82351,Maxence Lacroix,Defence,2000-04-06,France,,773,France,2000
152498,Malo Gusto,Defence,2003-05-19,France,,773,France,2000
3367,N'Golo Kanté,Midfield,1991-03-29,France,,773,France,2000
3368,Adrien Rabiot,Midfield,1995-04-03,France,,773,France,2000
8514,Aurélien Tchouameni,Midfield,2000-01-27,France,,773,France,2000
102395,Manu Koné,Midfield,2001-05-17,France,,773,France,2000
133242,Rayan Cherki,Midfield,2003-08-17,France,,773,France,2000
175701,Maghnes Akliouche,Midfield,2002-02-25,France,,773,France,2000
177522,Desire Doue,Midfield,2005-06-03,France,,773,France,2000
186089,Warren Zaïre-Emery,Midfield,2006-03-08,France,,773,France,2000
641,Jean-Philippe Mateta,Offence,1997-06-28,France,,773,France,2000
3373,Ousmane Dembélé,Offence,1997-05-15,France,,773,France,2000
3374,Kylian Mbappé,Offence,1998-12-20,France,,773,France,2000
8685,Marcus Thuram-Ulien,Offence,1997-08-06,France,,773,France,2000
113765,Michael Olise,Offence,2001-12-12,France,,773,France,2000
172762,Bradley Barcola,Offence,2002-09-02,France,,773,France,2000
33986,Ronwen Williams,Goalkeeper,1992-01-21,South Africa,,774,South Africa,2000
34123,Sipho Chaine,Goalkeeper,1996-12-14,South Africa,,774,South Africa,2000
34456,Ricardo Goss,Goalkeeper,1994-04-02,South Africa,,774,South Africa,2000
33994,Aubrey Modiba,Defence,1995-07-22,South Africa,,774,South Africa,2000
34481,Nkosinathi Sibisi,Defence,1995-09-22,South Africa,,774,South Africa,2000
74101,Khuliso Mudau,Defence,1995-04-26,South Africa,,774,South Africa,2000
217832,Olwethu Makhanya,Defence,2004-04-30,South Africa,,774,South Africa,2000
245836,Bradley Cross,Defence,2001-01-30,South Africa,,774,South Africa,2000
277223,Samukelo Kabini,Defence,2004-03-15,South Africa,,774,South Africa,2000
279850,Ime Okon,Defence,2004-02-20,South Africa,,774,South Africa,2000
285992,Mbekezeli Mbokazi,Defence,2005-09-19,South Africa,,774,South Africa,2000
286005,Khulumani Ndamane,Defence,2004-02-05,South Africa,,774,South Africa,2000
287754,Tholo Matuludi,Defence,1999-01-14,South Africa,,774,South Africa,2000
33954,Themba Zwane,Midfield,1989-08-03,South Africa,,774,South Africa,2000
34012,Teboho Mokoena,Midfield,1997-01-24,South Africa,,774,South Africa,2000
133788,Sphephelo Sithole,Midfield,1999-03-03,South Africa,,774,South Africa,2000
147928,Jayden Adams,Midfield,2001-05-05,South Africa,,774,South Africa,2000
245495,Thapelo Maseko,Midfield,2002-11-11,South Africa,,774,South Africa,2000
277299,Thalente Mbatha,Midfield,2000-03-06,South Africa,,774,South Africa,2000
286003,Kamogelo Sebelebele,Midfield,2002-07-21,South Africa,,774,South Africa,2000
34760,Lyle Foster,Offence,2000-09-04,South Africa,,774,South Africa,2000
118915,Oswin Appollis,Offence,2001-08-25,South Africa,,774,South Africa,2000
124636,Iqraam Rayners,Offence,1995-12-19,South Africa,,774,South Africa,2000
245511,Evidence Makgopa,Offence,2000-06-05,South Africa,,774,South Africa,2000
270771,Relebohile Mofokeng,Offence,2004-10-23,South Africa,,774,South Africa,2000
287753,Tshepang Moremi,Offence,2000-10-02,South Africa,,774,South Africa,2000
3871,Luca Zidane,Goalkeeper,1998-05-13,Algeria,,778,Algeria,2000
130440,Oussama Benbout,Goalkeeper,1994-10-11,Algeria,,778,Algeria,2000
171469,Melvin Mastil,Goalkeeper,2000-02-19,France,,778,Algeria,2000
19,Aïssa Mandi,Defence,1991-10-22,Algeria,,778,Algeria,2000
8642,Rayan Aït Nouri,Defence,2001-06-06,Algeria,,778,Algeria,2000
8805,Ramy Bensebaini,Defence,1995-04-16,Algeria,,778,Algeria,2000
116150,Samir Chergui,Defence,1999-02-06,Algeria,,778,Algeria,2000
147891,Jaouen Hadjam,Defence,2003-03-26,Algeria,,778,Algeria,2000
160756,Rafik Belghali,Defence,2002-06-07,Algeria,,778,Algeria,2000
245545,Zinédine Belaïd,Defence,1999-03-20,Algeria,,778,Algeria,2000
245574,Amine Tougai,Defence,2000-01-22,Algeria,,778,Algeria,2000
6503,Nabil Bentaleb,Midfield,1994-11-24,Algeria,,778,Algeria,2000
8466,Houssem Aouar,Midfield,1998-06-30,Algeria,,778,Algeria,2000
123508,Hicham Boudaoui,Midfield,1999-09-23,Algeria,,778,Algeria,2000
124715,Ramiz Zerrouki,Midfield,1998-05-26,Algeria,,778,Algeria,2000
178658,Fares Chaïbi,Midfield,2002-11-28,Algeria,,778,Algeria,2000
202532,Ibrahim Maza,Midfield,2005-11-24,Algeria,,778,Algeria,2000
261523,Yacine Titraoui,Midfield,2003-07-26,Algeria,,778,Algeria,2000
8069,Riyad Mahrez,Offence,1991-02-21,Algeria,,778,Algeria,2000
8476,Amine Gouiri,Offence,2000-02-16,Algeria,,778,Algeria,2000
180827,Mohammed Amoura,Offence,2000-05-09,Algeria,,778,Algeria,2000
192676,Nadhir Benbouali,Offence,2000-04-17,Algeria,,778,Algeria,2000
244466,Anis Moussa,Offence,2002-02-11,Algeria,,778,Algeria,2000
245324,Farés Ghedjemis,Offence,2002-09-06,Algeria,,778,Algeria,2000
3403,Maty Ryan,Goalkeeper,1992-04-08,Australia,,779,Australia,2000
4697,Paul Izzo,Goalkeeper,1995-01-06,Australia,,779,Australia,2000
3407,Aziz Behich,Defence,1990-12-16,Australia,,779,Australia,2000
3410,Miloš Degenek,Defence,1994-04-28,Australia,,779,Australia,2000
4646,Kye Rowles,Defence,1998-06-24,Australia,,779,Australia,2000
4795,Jacob Italiano,Defence,2001-07-30,Australia,,779,Australia,2000
5432,Cameron Burgess,Defence,1995-10-21,Australia,,779,Australia,2000
56254,Jason Geria,Defence,1993-05-10,Australia,,779,Australia,2000
176299,Jordan Bos,Defence,2002-10-29,Australia,,779,Australia,2000
176730,Alessandro Circati,Defence,2003-10-10,Australia,,779,Australia,2000
270733,Lucas Herrington,Defence,2007-09-05,Australia,,779,Australia,2000
4525,Riley McGree,Midfield,1998-11-02,Australia,,779,Australia,2000
4563,Kai Trewin,Midfield,2001-05-18,Australia,,779,Australia,2000
4635,Connor Metcalfe,Midfield,1999-11-05,Australia,,779,Australia,2000
7528,Ajdin Hrustic,Midfield,1996-07-05,Australia,,779,Australia,2000
8053,Aiden O'Neill,Midfield,1998-07-04,Australia,,779,Australia,2000
165042,Patrick Yazbek,Midfield,2002-08-22,Australia,,779,Australia,2000
170584,Alex Robertson,Midfield,2003-04-17,Australia,,779,Australia,2000
263718,Paul Okon-Engstler,Midfield,2005-01-24,Australia,,779,Australia,2000
34644,Martin Boyle,Offence,1993-04-25,Australia,,779,Australia,2000
45143,Awer Mabil,Offence,1995-09-15,Australia,,779,Australia,2000
147641,Deni Jurić,Offence,1997-09-03,Australia,,779,Australia,2000
167783,Nishan Velupillay,Offence,2001-05-07,Australia,,779,Australia,2000
177187,Nestory Irankunda,Offence,2006-02-09,Australia,,779,Australia,2000
292208,Ante Šuto,Offence,2000-06-19,Australia,,779,Australia,2000
48418,Max Crocombe,Goalkeeper,1993-08-12,New Zealand,,783,New Zealand,2000
80167,Michael Woud,Goalkeeper,1999-01-16,New Zealand,,783,New Zealand,2000
176204,Alex Paulsen,Goalkeeper,2002-07-04,New Zealand,,783,New Zealand,2000
4690,Liberato Cacace,Defence,2000-09-27,New Zealand,,783,New Zealand,2000
11392,Tommy Smith,Defence,1990-03-31,New Zealand,,783,New Zealand,2000
77036,Michael Boxall,Defence,1988-08-18,New Zealand,,783,New Zealand,2000
111787,Francis De Vries,Defence,1994-11-28,New Zealand,,783,New Zealand,2000
113754,Callan Elliot,Defence,1999-07-07,New Zealand,,783,New Zealand,2000
125116,Tim Payne,Defence,1994-01-10,New Zealand,,783,New Zealand,2000
146549,Nando Pijnaker,Defence,1999-02-25,New Zealand,,783,New Zealand,2000
176993,Finn Surman,Defence,2003-09-23,New Zealand,,783,New Zealand,2000
214425,Tyler Bindon,Defence,2005-01-27,New Zealand,,783,New Zealand,2000
4680,Alex Rufer,Midfield,1996-06-12,New Zealand,,783,New Zealand,2000
4684,Sarpreet Singh,Midfield,1999-02-20,New Zealand,,783,New Zealand,2000
7723,Ryan Thomas,Midfield,1994-12-20,New Zealand,,783,New Zealand,2000
125117,Callum McCowatt,Midfield,1999-04-30,New Zealand,,783,New Zealand,2000
144646,Joe Bell,Midfield,1999-04-27,New Zealand,,783,New Zealand,2000
156513,Marko Stamenic,Midfield,2002-02-19,New Zealand,,783,New Zealand,2000
177602,Ben Old,Midfield,2002-08-13,New Zealand,,783,New Zealand,2000
4593,Kosta Barbarouses,Offence,1990-02-19,New Zealand,,783,New Zealand,2000
8057,Chris Wood,Offence,1991-12-07,New Zealand,,783,New Zealand,2000
82829,Ben Waine,Offence,2001-06-11,New Zealand,,783,New Zealand,2000
118981,Elijah Just,Offence,2000-05-01,New Zealand,,783,New Zealand,2000
185023,Matthew Garbett,Offence,2002-04-13,New Zealand,,783,New Zealand,2000
218039,Lachlan Bayliss,Offence,2002-07-24,New Zealand,,783,New Zealand,2000
261259,Jesse Randall,Offence,2002-08-19,New Zealand,,783,New Zealand,2000
334,Gregor Kobel,Goalkeeper,1997-12-06,Switzerland,,788,Switzerland,2000
9534,Yvon Mvogo,Goalkeeper,1994-06-06,Switzerland,,788,Switzerland,2000
205190,Marvin Keller,Goalkeeper,2002-07-03,Switzerland,,788,Switzerland,2000
143,Manuel Akanji,Defence,1995-07-19,Switzerland,,788,Switzerland,2000
1745,Ricardo Rodriguez,Defence,1992-08-25,Switzerland,,788,Switzerland,2000
2114,Silvan Widmer,Defence,1993-03-05,Switzerland,,788,Switzerland,2000
3475,Nico Elvedi,Defence,1996-09-30,Switzerland,,788,Switzerland,2000
30823,Eray Cömert,Defence,1998-02-04,Switzerland,,788,Switzerland,2000
50215,Miro Muheim,Defence,1998-03-24,Switzerland,,788,Switzerland,2000
169297,Aurele Amenda,Defence,2003-07-31,Switzerland,,788,Switzerland,2000
176711,Luca Jaquez,Defence,2003-06-02,Switzerland,,788,Switzerland,2000
1841,Remo Freuler,Midfield,1992-04-15,Switzerland,,788,Switzerland,2000
3477,Granit Xhaka,Midfield,1992-09-27,Switzerland,,788,Switzerland,2000
6687,Denis Zakaria,Midfield,1996-11-20,Switzerland,,788,Switzerland,2000
16265,Michel Aebischer,Midfield,1997-01-06,Switzerland,,788,Switzerland,2000
16275,Djibril Sow,Midfield,1997-02-06,Switzerland,,788,Switzerland,2000
16281,Christian Fassnacht,Midfield,1993-11-11,Switzerland,,788,Switzerland,2000
31913,Ruben Vargas,Midfield,1998-08-05,Switzerland,,788,Switzerland,2000
144909,Ardon Jasari,Midfield,2002-07-30,Switzerland,,788,Switzerland,2000
152692,Fabian Rieder,Midfield,2002-02-16,Switzerland,,788,Switzerland,2000
212309,Johan Manzambi,Midfield,2005-10-14,Switzerland,,788,Switzerland,2000
3483,Breel Embolo,Offence,1997-02-14,Switzerland,,788,Switzerland,2000
16058,Noah Okafor,Offence,2000-05-24,Switzerland,,788,Switzerland,2000
30780,Cédric Itten,Offence,1996-12-27,Switzerland,,788,Switzerland,2000
77641,Dan Ndoye,Offence,2000-10-25,Switzerland,,788,Switzerland,2000
122313,Zeki Amdouni,Offence,2000-12-04,Switzerland,,788,Switzerland,2000
24545,Hernán Galíndez,Goalkeeper,1987-03-30,Ecuador,,791,Ecuador,2000
24896,David Cabezas,Goalkeeper,1995-06-12,Ecuador,,791,Ecuador,2000
169139,Moisés Ramírez,Goalkeeper,2000-09-09,Ecuador,,791,Ecuador,2000
189828,Gonzalo Valle,Goalkeeper,1960-04-08,,,791,Ecuador,2000
24673,Ángelo Preciado,Defence,1998-02-18,Ecuador,,791,Ecuador,2000
24740,Félix Torres,Defence,1997-01-11,Ecuador,,791,Ecuador,2000
32642,Pervis Estupiñán,Defence,1998-01-21,Ecuador,,791,Ecuador,2000
112965,Leonardo Realpe,Defence,2001-02-26,Ecuador,,791,Ecuador,2000
114102,William Pacho,Defence,2001-10-16,Ecuador,,791,Ecuador,2000
114331,Jackson Porozo,Defence,2000-08-04,Ecuador,,791,Ecuador,2000
125674,Piero Hincapié,Defence,2002-01-09,Ecuador,,791,Ecuador,2000
131279,José Hurtado,Defence,2001-12-23,Ecuador,,791,Ecuador,2000
178928,Joel Ordoñez,Defence,2004-04-21,Ecuador,,791,Ecuador,2000
192819,Yaimar Medina,Defence,2004-11-05,Ecuador,,791,Ecuador,2000
24670,Alan Franco,Midfield,1998-08-21,Ecuador,,791,Ecuador,2000
24988,Jordy Alcívar,Midfield,1999-08-05,Ecuador,,791,Ecuador,2000
121103,Moisés Caicedo,Midfield,2001-11-02,Ecuador,,791,Ecuador,2000
166131,Pedro Vite,Midfield,2002-03-09,Ecuador,,791,Ecuador,2000
205684,Ray Paez,Midfield,2007-05-04,Ecuador,,791,Ecuador,2000
212692,Denil Castillo,Midfield,2004-03-24,Ecuador,,791,Ecuador,2000
24562,Jordy Caicedo,Offence,1997-11-18,Ecuador,,791,Ecuador,2000
24667,Janner Corozo,Offence,1995-09-08,Ecuador,,791,Ecuador,2000
40009,Enner Valencia,Offence,1989-11-04,Ecuador,,791,Ecuador,2000
56066,Gonzalo Plata,Offence,2000-11-01,Ecuador,,791,Ecuador,2000
98549,John Yeboah,Offence,2000-06-23,Ecuador,,791,Ecuador,2000
178792,John Mercado,Offence,2002-06-03,Ecuador,,791,Ecuador,2000
178940,Anthony Valencia,Offence,2003-07-21,Ecuador,,791,Ecuador,2000
179174,Alan Minda,Offence,2003-05-14,Ecuador,,791,Ecuador,2000
215510,Jeremy,Offence,2005-03-19,Spain,,791,Ecuador,2000
250229,Bryan Ramírez,Offence,2000-08-11,Ecuador,,791,Ecuador,2000
289597,Elias Legendre Quiñonez,Offence,2008-04-22,Ecuador,,791,Ecuador,2000
3484,Kristoffer Nordfeldt,Goalkeeper,1989-06-23,Sweden,,792,Sweden,2000
149732,Viktor Johansson,Goalkeeper,1998-09-14,Sweden,,792,Sweden,2000
180671,Jacob Widell Zetterström,Goalkeeper,1998-07-11,Sweden,,792,Sweden,2000
3492,Victor Nilsson-Lindelöf,Defence,1994-07-17,Sweden,,792,Sweden,2000
31019,Carl Starfelt,Defence,1995-06-01,Sweden,,792,Sweden,2000
31531,Gabriel Gudmundsson,Defence,1999-04-29,Sweden,,792,Sweden,2000
31560,Hjalmar Ekdal,Defence,1998-10-21,Sweden,,792,Sweden,2000
31926,Eric Smith,Defence,1997-01-08,Sweden,,792,Sweden,2000
111777,Emil Holm,Defence,2000-05-13,Sweden,,792,Sweden,2000
145937,Daniel Svensson,Defence,2002-02-12,Sweden,,792,Sweden,2000
166538,Gustaf Lagerbielke,Defence,2000-04-10,Sweden,,792,Sweden,2000
167031,Isak Hien,Defence,1999-01-13,Sweden,,792,Sweden,2000
192811,Elliot Stroud,Defence,2002-06-22,Sweden,,792,Sweden,2000
3500,Ken Sema,Midfield,1993-09-30,Sweden,,792,Sweden,2000
15354,Mattias Svanberg,Midfield,1999-01-05,Sweden,,792,Sweden,2000
31065,Jesper Karlström,Midfield,1995-06-21,Sweden,,792,Sweden,2000
145613,Yasin Ayari,Midfield,2003-10-06,Sweden,,792,Sweden,2000
180627,Besfort Zeneli,Midfield,2002-11-21,Sweden,,792,Sweden,2000
180673,Taha Ali,Midfield,1998-07-01,Sweden,,792,Sweden,2000
193622,Lucas Bergvall,Midfield,2006-02-02,Sweden,,792,Sweden,2000
6486,Alexander Isak,Offence,1999-09-21,Sweden,,792,Sweden,2000
8279,Viktor Gyökeres,Offence,1998-06-04,Sweden,,792,Sweden,2000
24083,Gustaf Nilsson,Offence,1997-05-23,Sweden,,792,Sweden,2000
72511,Benjamin Nygren,Offence,2001-07-08,Sweden,,792,Sweden,2000
111622,Alexander Bernhardsson,Offence,1998-09-08,Sweden,,792,Sweden,2000
166376,Anthony Elanga,Offence,2002-04-27,Sweden,,792,Sweden,2000
120246,Jindřich Staněk,Goalkeeper,1996-04-27,Czech Republic,,798,Czechia,2000
136350,Matej Kovar,Goalkeeper,2000-05-17,Czech Republic,,798,Czechia,2000
146753,Lukáš Horníček,Goalkeeper,2002-07-13,Czech Republic,,798,Czechia,2000
62493,Ladislav Krejčí,Defence,1999-04-20,Czech Republic,,798,Czechia,2000
62536,Jaroslav Zelený,Defence,1992-08-20,Czech Republic,,798,Czechia,2000
62631,Vladimir Coufal,Defence,1992-08-22,Czech Republic,,798,Czechia,2000
62769,Tomáš Holeš,Defence,1993-03-31,Czech Republic,,798,Czechia,2000
127813,David Zima,Defence,2000-11-08,Czech Republic,,798,Czechia,2000
146716,David Jurásek,Defence,2000-08-07,Czech Republic,,798,Czechia,2000
188239,Robin Hranac,Defence,2000-01-29,Czech Republic,,798,Czechia,2000
254530,Štěpán Chaloupek,Defence,2003-03-08,Czech Republic,,798,Czechia,2000
6556,Vladimír Darida,Midfield,1990-08-08,Czech Republic,,798,Czechia,2000
15742,Tomáš Souček,Midfield,1995-02-27,Czech Republic,,798,Czechia,2000
62821,David Douděra,Midfield,1998-05-31,Czech Republic,,798,Czechia,2000
67970,Michal Sadílek,Midfield,1999-05-31,Czech Republic,,798,Czechia,2000
120279,Lukáš Provod,Midfield,1996-10-23,Czech Republic,,798,Czechia,2000
121312,Pavel Šulc,Midfield,2000-12-29,Czech Republic,,798,Czechia,2000
145322,Lukáš Červ,Midfield,2001-04-10,Czech Republic,,798,Czechia,2000
154082,Denis Višinský,Midfield,2003-03-21,Czech Republic,,798,Czechia,2000
269966,Alexandr Sojka,Midfield,2003-04-02,Czech Republic,,798,Czechia,2000
293648,Hugo Sochůrek,Midfield,2008-06-07,Czech Republic,,798,Czechia,2000
1826,Patrik Schick,Offence,1996-01-24,Czech Republic,,798,Czechia,2000
16396,Tomáš Chorý,Offence,1995-01-26,Czech Republic,,798,Czechia,2000
62726,Jan Kuchta,Offence,1997-01-08,Czech Republic,,798,Czechia,2000
99042,Adam Hložek,Offence,2002-07-25,Czech Republic,,798,Czechia,2000
99752,Mojmír Chytil,Offence,1999-04-29,Czech Republic,,798,Czechia,2000
3548,Dominik Livaković,Goalkeeper,1995-01-09,Croatia,,799,Croatia,2000
16577,Ivor Pandur,Goalkeeper,2000-03-25,Croatia,,799,Croatia,2000
67883,Dominik Kotarski,Goalkeeper,2000-02-10,Croatia,,799,Croatia,2000
10206,Duje Ćaleta-Car,Defence,1996-09-17,Croatia,,799,Croatia,2000
15110,Marin Pongračić,Defence,1997-09-11,Croatia,,799,Croatia,2000
74268,Martin Erlic,Defence,1998-01-24,Croatia,,799,Croatia,2000
122188,Josip Stanišić,Defence,2000-04-02,Croatia,,799,Croatia,2000
122266,Joško Gvardiol,Defence,2002-01-23,Croatia,,799,Croatia,2000
134835,Josip Šutalo,Defence,2000-02-28,Croatia,,799,Croatia,2000
216835,Luka Vušković,Defence,2007-02-24,Croatia,,799,Croatia,2000
43,Luka Modrić,Midfield,1985-09-09,Croatia,,799,Croatia,2000
65,Mateo Kovačić,Midfield,1994-05-06,Croatia,,799,Croatia,2000
3553,Mario Pašalić,Midfield,1995-02-09,Croatia,,799,Croatia,2000
7843,Nikola Vlašić,Midfield,1997-10-04,Croatia,,799,Croatia,2000
23135,Nikola Moro,Midfield,1998-03-12,Croatia,,799,Croatia,2000
23222,Kristijan Jakić,Midfield,1997-05-14,Croatia,,799,Croatia,2000
82516,Luka Sučić,Midfield,2002-09-08,Croatia,,799,Croatia,2000
154013,Petar Sucic,Midfield,2003-10-25,Croatia,,799,Croatia,2000
156912,Martin Baturina,Midfield,2003-02-16,Croatia,,799,Croatia,2000
216138,Toni Fruk,Midfield,2001-03-09,Croatia,,799,Croatia,2000
318,Andrej Kramarić,Offence,1991-06-19,Croatia,,799,Croatia,2000
2004,Ivan Perišić,Offence,1989-02-02,Croatia,,799,Croatia,2000
2237,Ante Budimir,Offence,1991-07-22,Croatia,,799,Croatia,2000
56589,Petar Musa,Offence,1998-03-04,Croatia,,799,Croatia,2000
150052,Marco Pašalić,Offence,2000-09-14,Croatia,,799,Croatia,2000
156629,Igor Matanovic,Offence,2003-03-31,Croatia,,799,Croatia,2000
189720,Mohammed Al-Rubaie,Goalkeeper,1997-08-14,,,801,Saudi Arabia,2000
189998,Nawaf Alaqidi,Goalkeeper,2000-05-10,Saudi Arabia,,801,Saudi Arabia,2000
249787,Ahmed Al Kassar,Goalkeeper,1991-05-08,Saudi Arabia,,801,Saudi Arabia,2000
103094,Abdulelah Al Amri,Defence,1997-01-15,Saudi Arabia,,801,Saudi Arabia,2000
114362,Muteb Al Mufarrij,Defence,1996-08-18,Saudi Arabia,,801,Saudi Arabia,2000
129098,Saud Abdulhamid,Defence,1999-07-18,Saudi Arabia,,801,Saudi Arabia,2000
189703,Ayman Yahya,Defence,2001-05-14,Saudi Arabia,,801,Saudi Arabia,2000
244552,Hassan Kadesh,Defence,1992-09-27,Saudi Arabia,,801,Saudi Arabia,2000
249789,Rayane Hamed,Defence,2002-04-13,Saudi Arabia,,801,Saudi Arabia,2000
3580,Mohamed Kanno,Midfield,1994-09-22,Saudi Arabia,,801,Saudi Arabia,2000
189706,Salman Al-Faraj,Midfield,1989-08-01,,,801,Saudi Arabia,2000
248781,Musab Al Juwayr,Midfield,2003-06-20,Saudi Arabia,,801,Saudi Arabia,2000
99391,Turki Al Ammar,Offence,1999-09-24,Saudi Arabia,,801,Saudi Arabia,2000
114373,Sultan Mandash,Offence,1994-10-17,Saudi Arabia,,801,Saudi Arabia,2000
189719,Firas Al-Buraikan,Offence,2000-05-14,,,801,Saudi Arabia,2000
189789,Saleh Al-Shehri,Offence,1993-11-01,,,801,Saudi Arabia,2000
189799,Abdullah Al-Hamdan,Offence,1999-09-12,,,801,Saudi Arabia,2000
244411,Khalid Al Ghannam,Offence,2000-11-07,Saudi Arabia,,801,Saudi Arabia,2000
251175,Marwan Al Sahafi,Offence,2004-02-17,Saudi Arabia,,801,Saudi Arabia,2000
99393,Aymen Dahmen,Goalkeeper,1997-01-28,Tunisia,,802,Tunisia,2000
3595,Dylan Bronn,Defence,1995-06-19,Tunisia,,802,Tunisia,2000
99394,Ali El Abdi,Defence,1993-12-20,Tunisia,,802,Tunisia,2000
99799,Yan Valery,Defence,1999-02-22,Tunisia,,802,Tunisia,2000
130471,Mortadha Ben Ouanes,Defence,1994-07-02,Tunisia,,802,Tunisia,2000
144669,Omar Rekik,Defence,2001-12-20,Tunisia,,802,Tunisia,2000
173578,Yassine Chikhaoui,Defence,2004-06-09,,,802,Tunisia,2000
177695,Montassar Talbi,Defence,1998-05-26,Tunisia,,802,Tunisia,2000
189007,Moutaz Neffati,Defence,2004-09-04,Tunisia,,802,Tunisia,2000
273918,Mohamed Amine Ben Hamida,Defence,1995-12-15,Tunisia,,802,Tunisia,2000
285769,Adem Arous,Defence,2004-07-17,Tunisia,,802,Tunisia,2000
3608,Ellyes Skhiri,Midfield,1995-05-10,Tunisia,,802,Tunisia,2000
6657,Rani Khedira,Midfield,1994-01-27,Germany,,802,Tunisia,2000
141826,Anis Ben Slimane,Midfield,2001-03-16,Tunisia,,802,Tunisia,2000
161414,Ismaël Gharbi,Midfield,2004-04-10,Tunisia,,802,Tunisia,2000
169325,Hannibal Mejbri,Midfield,2003-01-21,Tunisia,,802,Tunisia,2000
171368,Elias Achouri,Midfield,1999-02-10,Tunisia,,802,Tunisia,2000
172854,Hadj Mahmoud,Midfield,2000-04-24,Tunisia,,802,Tunisia,2000
95125,Sebastian Tounekti,Offence,2002-07-13,Norway,,802,Tunisia,2000
97476,Firas Chaouat,Offence,1996-05-08,Tunisia,,802,Tunisia,2000
171927,Elias Saad,Offence,1999-12-27,Tunisia,,802,Tunisia,2000
277192,Hazem Mastouri,Offence,1997-06-18,Tunisia,,802,Tunisia,2000
279116,Rayan Elloumi,Offence,2007-09-17,Canada,,802,Tunisia,2000
16641,Mert Günok,Goalkeeper,1989-03-01,Turkey,,803,Turkey,2000
29518,Altay Bayındır,Goalkeeper,1998-04-14,Turkey,,803,Turkey,2000
30271,Muhammed Şengezer,Goalkeeper,1997-01-05,Turkey,,803,Turkey,2000
30283,Uğurcan Çakır,Goalkeeper,1996-04-05,Turkey,,803,Turkey,2000
9869,Ferdi Kadıoğlu,Defence,1999-10-07,Turkey,,803,Turkey,2000
10647,Mert Müldür,Defence,1999-04-03,Turkey,,803,Turkey,2000
29622,Zeki Çelik,Defence,1997-02-17,Turkey,,803,Turkey,2000
29804,Abdülkerim Bardakcı,Defence,1994-09-07,Turkey,,803,Turkey,2000
30548,Ozan Kabak,Defence,2000-03-25,Turkey,,803,Turkey,2000
37118,Merih Demiral,Defence,1998-03-05,Turkey,,803,Turkey,2000
37830,Mustafa Eskihellaç,Defence,1997-05-05,Turkey,,803,Turkey,2000
127226,Samet Akaydın,Defence,1994-03-13,Turkey,,803,Turkey,2000
145831,Evren Eren Elmalı,Defence,2000-07-07,Turkey,,803,Turkey,2000
201,Salih Özcan,Midfield,1998-01-11,Turkey,,803,Turkey,2000
1754,Hakan Çalhanoğlu,Midfield,1994-02-08,Turkey,,803,Turkey,2000
7079,Atakan Karazor,Midfield,1996-10-13,Turkey,,803,Turkey,2000
7474,Orkun Kökçü,Midfield,2000-12-29,Turkey,,803,Turkey,2000
9512,Kaan Ayhan,Midfield,1994-11-10,Turkey,,803,Turkey,2000
148295,İsmail Yüksek,Midfield,1999-01-26,Turkey,,803,Turkey,2000
169162,Arda Guler,Midfield,2005-02-25,Turkey,,803,Turkey,2000
16655,İrfan Can Kahveci,Offence,1995-07-15,Turkey,,803,Turkey,2000
79906,Yunus Akgün,Offence,2000-07-07,Turkey,,803,Turkey,2000
149737,Muhammed Kerem Aktürkoğlu,Offence,1998-10-21,Turkey,,803,Turkey,2000
171972,Oguz Aydin,Offence,2000-10-27,Turkey,,803,Turkey,2000
172081,Baris Yilmaz,Offence,2000-05-23,Turkey,,803,Turkey,2000
188466,Deniz Gul,Offence,2004-07-02,Sweden,,803,Turkey,2000
191712,Kenan Yıldız,Offence,2005-05-04,Turkey,,803,Turkey,2000
805,Edouard Mendy,Goalkeeper,1992-03-01,Senegal,,804,Senegal,2000
8608,Yehvann Diouf,Goalkeeper,1999-11-16,Senegal,,804,Senegal,2000
20931,Mory Diaw,Goalkeeper,1993-06-22,Senegal,,804,Senegal,2000
194,Ismail Jakobs,Defence,1999-08-17,Senegal,,804,Senegal,2000
2086,Kalidou Koulibaly,Defence,1991-06-20,Senegal,,804,Senegal,2000
8723,Moussa Niakhaté,Defence,1996-03-08,Senegal,,804,Senegal,2000
38154,Abdoulaye Seck,Defence,1992-06-04,Senegal,,804,Senegal,2000
168667,Antoine Mendy,Defence,2004-05-27,Senegal,,804,Senegal,2000
190558,Nobel Mendy,Defence,2004-08-16,Senegal,,804,Senegal,2000
190866,Mamadou Sarr,Defence,2005-08-29,Senegal,,804,Senegal,2000
193633,El Hadji Malick Diouf,Defence,2023-02-21,Senegal,,804,Senegal,2000
633,Pape Gueye,Midfield,1999-01-24,Senegal,,804,Senegal,2000
3627,Idrissa Gana Guèye,Midfield,1989-09-26,Senegal,,804,Senegal,2000
8887,Krépin Diatta,Midfield,1999-02-25,Senegal,,804,Senegal,2000
37649,Pathé Ciss,Midfield,1994-03-16,Senegal,,804,Senegal,2000
170391,Pape Sarr,Midfield,2002-09-14,Senegal,,804,Senegal,2000
171876,Habib Diarra,Midfield,2004-01-03,Senegal,,804,Senegal,2000
204269,Lamine Camara,Midfield,2004-01-01,Senegal,,804,Senegal,2000
456,Habib Diallo,Offence,1995-06-18,Senegal,,804,Senegal,2000
3638,Ismaïla Sarr,Offence,1998-02-25,Senegal,,804,Senegal,2000
9148,Cherif Ndiaye,Offence,1996-01-23,Senegal,,804,Senegal,2000
94091,Iliman Ndiaye,Offence,1999-07-22,Senegal,,804,Senegal,2000
98299,Boulaye Dia,Offence,1996-11-16,Senegal,,804,Senegal,2000
152515,Nicolas Jackson,Offence,2001-06-20,Senegal,,804,Senegal,2000
160412,Cheikh Ahmadou Dieng,Offence,2000-09-01,Senegal,,804,Senegal,2000
206779,Mamadou Diakhon,Offence,2005-09-22,France,,804,Senegal,2000
218474,Assane Diao,Offence,2005-09-07,Senegal,,804,Senegal,2000
265040,Ibrahim M'Baye,Offence,2008-01-24,Senegal,,804,Senegal,2000
3641,Thibaut Courtois,Goalkeeper,1992-05-11,Belgium,,805,Belgium,2000
129946,Senne Lammens,Goalkeeper,2002-07-07,Belgium,,805,Belgium,2000
191068,Mike Penders,Goalkeeper,2005-07-31,Belgium,,805,Belgium,2000
1836,Timothy Castagne,Defence,1995-12-05,Belgium,,805,Belgium,2000
3650,Thomas Meunier,Defence,1991-09-12,Belgium,,805,Belgium,2000
8873,Brandon Mechele,Defence,1993-01-28,Belgium,,805,Belgium,2000
142075,Maxim De Cuyper,Defence,2000-12-22,Belgium,,805,Belgium,2000
145893,Arthur Theate,Defence,2000-05-25,Belgium,,805,Belgium,2000
153556,Koni De Winter,Defence,2002-06-12,Belgium,,805,Belgium,2000
160926,Zeno Debast,Defence,2003-10-24,Belgium,,805,Belgium,2000
192677,Nathan Ngoy,Defence,2003-06-10,Belgium,,805,Belgium,2000
213534,Joaquin Seys,Defence,2005-03-28,Belgium,,805,Belgium,2000
3654,Kevin De Bruyne,Midfield,1991-06-28,Belgium,,805,Belgium,2000
3656,Axel Witsel,Midfield,1989-01-12,Belgium,,805,Belgium,2000
3658,Youri Tielemans,Midfield,1997-05-07,Belgium,,805,Belgium,2000
8128,Dodi Lukebakio,Midfield,1997-09-24,Belgium,,805,Belgium,2000
8858,Alexis Saelemaekers,Midfield,1999-06-27,Belgium,,805,Belgium,2000
8888,Hans Vanaken,Midfield,1992-08-24,Belgium,,805,Belgium,2000
8915,Nicolas Raskin,Midfield,2001-02-23,Belgium,,805,Belgium,2000
99775,Jeremy Doku,Midfield,2002-05-27,Belgium,,805,Belgium,2000
114024,Amadou Onana,Midfield,2001-08-16,Belgium,,805,Belgium,2000
182192,Diego Moreira,Midfield,2004-08-06,Belgium,,805,Belgium,2000
3662,Romelu Lukaku,Offence,1993-05-13,Belgium,,805,Belgium,2000
8984,Leandro Trossard,Offence,1994-12-04,Belgium,,805,Belgium,2000
129947,Charles De Ketelaere,Offence,2001-03-10,Belgium,,805,Belgium,2000
213511,Matias Fernandez-Pardo,Offence,2005-02-03,Belgium,,805,Belgium,2000
3693,Munir Mohamedi,Goalkeeper,1989-05-10,Morocco,,815,Morocco,2000
3694,Yassine Bounou,Goalkeeper,1991-04-05,Morocco,,815,Morocco,2000
3695,Ahmed Reda Tagnaouti,Goalkeeper,1996-04-05,Morocco,,815,Morocco,2000
53,Achraf Hakimi,Defence,1998-11-04,Morocco,,815,Morocco,2000
7553,Noussair Mazraoui,Defence,1997-11-14,Morocco,,815,Morocco,2000
8296,Issa Diop,Defence,1997-01-09,France,,815,Morocco,2000
81191,Nayef Aguerd,Defence,1996-03-30,Morocco,,815,Morocco,2000
137693,Anass Salah-Eddine,Defence,2002-01-18,Morocco,,815,Morocco,2000
150948,Chadi Riad,Defence,2003-06-17,Morocco,,815,Morocco,2000
172822,Redouane Halhal,Defence,2003-03-05,France,,815,Morocco,2000
213459,Zakaria El Ouahdi,Defence,2001-12-31,Morocco,,815,Morocco,2000
277391,Youssef Belammari,Defence,1998-09-20,Morocco,,815,Morocco,2000
3705,Sofyan Amrabat,Midfield,1996-08-21,Morocco,,815,Morocco,2000
7887,Brahim Diaz,Midfield,1999-08-03,Morocco,,815,Morocco,2000
122511,Azzedine Ounahi,Midfield,2000-04-19,Morocco,,815,Morocco,2000
130173,Ismael Saibari,Midfield,2001-01-28,Morocco,,815,Morocco,2000
170647,Neil El Aynaoui,Midfield,2001-07-02,Morocco,,815,Morocco,2000
192313,Chemsdine Talbi,Midfield,2005-05-09,Morocco,,815,Morocco,2000
221819,Ayyoub Bouaddi,Midfield,2007-10-02,France,,815,Morocco,2000
244929,Samir El Mourabet,Midfield,2005-10-06,Morocco,,815,Morocco,2000
3720,Ayoub El Kaabi,Offence,1993-06-26,Morocco,,815,Morocco,2000
129343,Yassine Gasmi,Offence,,Belgium,,815,Morocco,2000
130502,Soufiane Rahimi,Offence,1996-06-02,Morocco,,815,Morocco,2000
175941,Abdessamad Ezzalzouli,Offence,2001-12-17,Morocco,,815,Morocco,2000
261438,Ayoube Amaimouni-Echghouyab,Offence,2004-11-30,Morocco,,815,Morocco,2000
10702,Alexander Schlager,Goalkeeper,1996-02-01,Austria,,816,Austria,2000
10837,Patrick Pentz,Goalkeeper,1997-01-02,Austria,,816,Austria,2000
217244,Florian Wiegele,Goalkeeper,2001-03-21,Austria,,816,Austria,2000
349,David Alaba,Defence,1992-06-24,Austria,,816,Austria,2000
395,Stefan Posch,Defence,1997-05-14,Austria,,816,Austria,2000
6576,Philipp Mwene,Defence,1994-01-29,Austria,,816,Austria,2000
6655,Kevin Danso,Defence,1998-09-19,Austria,,816,Austria,2000
9447,Marco Friedl,Defence,1998-03-16,Austria,,816,Austria,2000
9477,Philipp Lienhart,Defence,1996-07-11,Austria,,816,Austria,2000
61968,Michael Svoboda,Defence,1998-10-15,Austria,,816,Austria,2000
113457,Alexander Prass,Defence,2001-05-26,Austria,,816,Austria,2000
123212,David Affengruber,Defence,2001-03-19,Austria,,816,Austria,2000
404,Florian Grillitsch,Midfield,1995-08-07,Austria,,816,Austria,2000
6501,Alessandro Schöpf,Midfield,1994-02-07,Austria,,816,Austria,2000
9549,Konrad Laimer,Midfield,1997-05-27,Austria,,816,Austria,2000
9551,Marcel Sabitzer,Midfield,1994-03-17,Austria,,816,Austria,2000
16344,Xaver Schlager,Midfield,1997-09-28,Austria,,816,Austria,2000
16346,Romano Schmid,Midfield,2000-01-27,Austria,,816,Austria,2000
56829,Christoph Baumgartner,Midfield,1999-08-01,Austria,,816,Austria,2000
113038,Nicolas  Seiwald,Midfield,2001-05-04,Austria,,816,Austria,2000
124324,Patrick Wimmer,Midfield,2001-05-30,Austria,,816,Austria,2000
167570,Carney Chukwuemeka,Midfield,2003-10-20,Austria,,816,Austria,2000
176932,Paul Wanner,Midfield,2005-12-23,Austria,,816,Austria,2000
6661,Michael Gregoritsch,Offence,1994-04-18,Austria,,816,Austria,2000
8223,Marko Arnautovic,Offence,1989-04-19,Austria,,816,Austria,2000
10761,Saša Kalajdžić,Offence,1997-07-07,Austria,,816,Austria,2000
3721,Camilo Vargas,Goalkeeper,1989-03-09,Colombia,,818,Colombia,2000
3722,David Ospina,Goalkeeper,1988-08-31,Colombia,,818,Colombia,2000
22742,Álvaro Montero,Goalkeeper,1995-03-29,Colombia,,818,Colombia,2000
3723,Santiago Arias,Defence,1992-01-13,Colombia,,818,Colombia,2000
3724,Johan Mojica,Defence,1992-08-21,Colombia,,818,Colombia,2000
3728,Yerry Mina,Defence,1994-09-23,Colombia,,818,Colombia,2000
3733,Davinson Sánchez,Defence,1996-06-12,Colombia,,818,Colombia,2000
8913,Deiver Machado,Defence,1993-09-02,Colombia,,818,Colombia,2000
22010,Daniel Muñoz,Defence,1996-05-26,Colombia,,818,Colombia,2000
22113,Jhon Lucumí,Defence,1998-06-26,Colombia,,818,Colombia,2000
82825,Willer Ditta,Defence,1997-01-23,Colombia,,818,Colombia,2000
365,James Rodríguez,Midfield,1991-07-12,Colombia,,818,Colombia,2000
3737,Jefferson Lerma,Midfield,1994-10-25,Colombia,,818,Colombia,2000
22306,Jhon Arias,Midfield,1997-09-21,Colombia,,818,Colombia,2000
22396,Luis Díaz,Midfield,1997-01-13,Colombia,,818,Colombia,2000
29012,Jorge Carrascal,Midfield,1998-05-25,Colombia,,818,Colombia,2000
156738,Kevin Castaño,Midfield,2000-09-29,Colombia,,818,Colombia,2000
168403,Juan Quintero,Midfield,1993-01-18,Colombia,,818,Colombia,2000
170245,Jaminton Campaz,Midfield,2000-05-24,Colombia,,818,Colombia,2000
170657,Richard Rios,Midfield,2000-06-02,Colombia,,818,Colombia,2000
178353,Juan Portilla,Midfield,1998-09-12,Colombia,,818,Colombia,2000
191421,Gustavo Puerta,Midfield,2003-07-23,Colombia,,818,Colombia,2000
212,Jhon Córdoba,Offence,1993-05-11,Colombia,,818,Colombia,2000
32386,Luis Suárez,Offence,1997-12-02,Colombia,,818,Colombia,2000
32415,Cucho Hernández,Offence,1999-04-20,Colombia,,818,Colombia,2000
202797,Carlos Andrés Gómez,Offence,2002-09-22,Colombia,,818,Colombia,2000
3743,Mohamed El Shenawy,Goalkeeper,1988-12-18,Egypt,,825,Egypt,2000
132128,Mohamed Alaa,Goalkeeper,1999-09-01,Qatar,,825,Egypt,2000
174490,Ahmed Shobeir,Goalkeeper,2000-05-15,Egypt,,825,Egypt,2000
780,Karim Hafez,Defence,1996-03-12,Egypt,,825,Egypt,2000
83057,Mohamed Hany,Defence,1996-01-25,Egypt,,825,Egypt,2000
245519,Yasser Ibrahim,Defence,1993-02-10,Egypt,,825,Egypt,2000
245553,Ahmed El Fotouh,Defence,1998-03-22,Egypt,,825,Egypt,2000
245563,Mohamed Abdelmonem,Defence,1999-02-01,Egypt,,825,Egypt,2000
245625,Rami Rabia,Defence,1993-05-20,Egypt,,825,Egypt,2000
261033,Hossam Abdelmaguid,Defence,2001-04-30,Egypt,,825,Egypt,2000
3759,Trezeguet,Midfield,1994-01-10,Egypt,,825,Egypt,2000
114669,Nabil Dunga,Midfield,1996-04-06,Egypt,,825,Egypt,2000
132389,Hamdy Fathy,Midfield,1994-09-29,Egypt,,825,Egypt,2000
191972,Emam Ashour,Midfield,1998-02-20,Egypt,,825,Egypt,2000
245550,Mohanad Lashin,Midfield,1996-05-29,Egypt,,825,Egypt,2000
245582,Marwan Attia,Midfield,1998-08-12,Egypt,,825,Egypt,2000
261012,Mahmoud Saber,Midfield,2001-07-30,Egypt,,825,Egypt,2000
3754,Mohamed Salah,Offence,1992-06-15,Egypt,,825,Egypt,2000
66896,Omar Marmoush,Offence,1999-02-07,Egypt,,825,Egypt,2000
98222,Haissem Hassan,Offence,2002-02-08,France,,825,Egypt,2000
253635,Ibrahim Adel,Offence,2001-04-24,Egypt,,825,Egypt,2000
274542,Hamza Abdelkarim,Offence,2008-01-01,Egypt,,825,Egypt,2000
21226,Maxime Crépeau,Goalkeeper,1994-05-11,Canada,,828,Canada,2000
113351,Dayne St. Clair,Goalkeeper,1997-05-09,Canada,,828,Canada,2000
189264,Owen Goodman,Goalkeeper,2003-11-27,Canada,,828,Canada,2000
21288,Alphonso Davies,Defence,2000-11-02,Canada,,828,Canada,2000
77691,Richie Laryea,Defence,1995-01-07,Canada,,828,Canada,2000
81286,Alfie Jones,Defence,1997-10-07,England,,828,Canada,2000
112209,Joel Waterman,Defence,1996-01-24,Canada,,828,Canada,2000
113228,Derek Cornelius,Defence,1997-11-25,Canada,,828,Canada,2000
118604,Alistair Johnston,Defence,1998-10-08,Canada,,828,Canada,2000
192153,Moise Bombito,Defence,2000-03-30,Canada,,828,Canada,2000
217596,Luc De Fougerolles,Defence,2005-10-12,England,,828,Canada,2000
21199,Jonathan Osorio,Midfield,1992-12-06,Canada,,828,Canada,2000
37479,Stephen Eustáquio,Midfield,1996-12-21,Canada,,828,Canada,2000
72777,Mathieu Choinière,Midfield,1999-02-07,Canada,,828,Canada,2000
113175,Tajon Buchanan,Midfield,1999-02-08,Canada,,828,Canada,2000
140546,Marcelo Flores,Midfield,2003-10-01,Mexico,,828,Canada,2000
171216,Nathan-Dylan Saliba,Midfield,2004-02-07,Canada,,828,Canada,2000
172183,Ismael Kone,Midfield,2002-06-06,Canada,,828,Canada,2000
181976,Ali Ahmed,Midfield,2000-10-10,Canada,,828,Canada,2000
216809,Niko Sigur,Midfield,2003-09-09,Canada,,828,Canada,2000
8924,Jonathan David,Offence,2000-01-14,Canada,,828,Canada,2000
15958,Cyle Larin,Offence,1995-04-17,Canada,,828,Canada,2000
110807,Liam Millar,Offence,1999-09-27,Canada,,828,Canada,2000
111842,Jacob Shaffelburg,Offence,1999-11-26,Canada,,828,Canada,2000
177826,Tani Oluwaseyi,Offence,2000-05-15,Canada,,828,Canada,2000
260992,Promise Akinpelu,Offence,2001-07-03,Canada,,828,Canada,2000
154781,Alexandre Pierre,Goalkeeper,2001-02-25,Haiti,,836,Haiti,2000
170624,Johny Placide,Goalkeeper,1988-01-29,Haiti,,836,Haiti,2000
532,Carlens Arcus,Defence,1996-06-28,Haiti,,836,Haiti,2000
776,Jean-Kevin Duverne,Defence,1997-08-12,France,,836,Haiti,2000
8845,Hannes Delcroix,Defence,1999-02-28,Haiti,,836,Haiti,2000
158228,Martin Expérience,Defence,1999-03-09,Haiti,,836,Haiti,2000
166220,Ricardo Adé,Defence,1990-05-21,Haiti,,836,Haiti,2000
253605,Duke LaCroix,Defence,1993-10-14,USA,,836,Haiti,2000
256398,Keeto Thermoncy,Defence,2006-03-29,Haiti,,836,Haiti,2000
291152,Wilguens Paugain,Defence,2001-08-24,Haiti,,836,Haiti,2000
433,Leverton Pierre,Midfield,1998-03-09,Haiti,,836,Haiti,2000
788,Jean-Ricner Bellegarde,Midfield,1998-06-27,Haiti,,836,Haiti,2000
77609,Derrick Etienne,Midfield,1996-11-25,Haiti,,836,Haiti,2000
177049,Danley Jean Jacques,Midfield,2000-05-20,Haiti,,836,Haiti,2000
182788,Dominique Simon,Midfield,2000-07-29,France,,836,Haiti,2000
250006,Carl Sainté,Midfield,2002-08-09,Haiti,,836,Haiti,2000
5380,Duckens Nazon,Offence,1994-04-07,Haiti,,836,Haiti,2000
74870,Frantzdy Pierrot,Offence,1995-03-29,Haiti,,836,Haiti,2000
82421,Yassin Fortune,Offence,1999-01-30,Haiti,,836,Haiti,2000
83599,Wilson Isidor,Offence,2000-08-27,France,,836,Haiti,2000
106726,Lenny Joseph,Offence,2000-10-12,France,,836,Haiti,2000
125787,Louicius Don Deedson,Offence,2001-02-11,Haiti,,836,Haiti,2000
152737,Josué Casimir,Offence,2001-09-24,Haiti,,836,Haiti,2000
152801,Ruben Providence,Offence,2001-07-07,Haiti,,836,Haiti,2000
3797,Hossein Hosseini,Goalkeeper,1992-06-30,Iran,,840,Iran,2000
103099,Payam Niazmand,Goalkeeper,1995-04-06,Iran,,840,Iran,2000
171319,Alireza Beiranvand,Goalkeeper,1992-09-21,Iran,,840,Iran,2000
3800,Ehsan Hajsafi,Defence,1990-02-25,Iran,,840,Iran,2000
3804,Ramin Rezaeian,Defence,1990-03-21,Iran,,840,Iran,2000
3811,Milad Mohammadi,Defence,1993-09-29,Iran,,840,Iran,2000
189688,Hossein Kanaani,Defence,1994-03-23,Iran,,840,Iran,2000
189694,Shoja Khalilzadeh,Defence,1989-05-14,Iran,,840,Iran,2000
189699,Saleh Hardani,Defence,1998-09-14,,,840,Iran,2000
244158,Ariya Yousefi,Defence,2002-04-22,Iran,,840,Iran,2000
254587,Aref Aghasi,Defence,1997-01-02,Iran,,840,Iran,2000
3806,Roozbeh Cheshmi,Midfield,1993-07-24,Iran,,840,Iran,2000
189685,Omid Noorafkan,Midfield,1997-04-09,Iran,,840,Iran,2000
119530,Ali Alipour,Offence,1995-11-11,Iran,,840,Iran,2000
188028,Amirhossein Hosseinzadeh,Offence,2000-10-30,Iran,,840,Iran,2000
189724,Mehdi Torabi,Offence,1994-09-10,Iran,,840,Iran,2000
189807,Mehdi Hashemnejad,Offence,2001-10-27,,,840,Iran,2000
248727,Kasra Taheri,Offence,2006-08-06,Iran,,840,Iran,2000
10836,Osman Hadžikić,Goalkeeper,1996-03-12,Bosnia-Herzegovina,,1060,Bosnia-Herzegovina,2000
17645,Martin Zlomislić,Goalkeeper,1998-08-16,Bosnia-Herzegovina,,1060,Bosnia-Herzegovina,2000
65105,Nikola Vasilj,Goalkeeper,1995-12-02,Bosnia-Herzegovina,,1060,Bosnia-Herzegovina,2000
7786,Sead Kolašinac,Defence,1993-06-20,Bosnia-Herzegovina,,1060,Bosnia-Herzegovina,2000
15357,Dennis Hadžikadunić,Defence,1998-07-09,Bosnia-Herzegovina,,1060,Bosnia-Herzegovina,2000
17869,Nihad Mujakić,Defence,1998-04-15,Bosnia-Herzegovina,,1060,Bosnia-Herzegovina,2000
23182,Nikola Katić,Defence,1996-10-10,Bosnia-Herzegovina,,1060,Bosnia-Herzegovina,2000
65758,Stjepan Radeljić,Defence,1997-09-05,Bosnia-Herzegovina,,1060,Bosnia-Herzegovina,2000
81816,Amar Dedić,Defence,2002-08-18,Austria,,1060,Bosnia-Herzegovina,2000
189153,Tarik Muharemović,Defence,2003-02-28,Bosnia-Herzegovina,,1060,Bosnia-Herzegovina,2000
216398,Nidal Čelik,Defence,2006-07-17,Bosnia-Herzegovina,,1060,Bosnia-Herzegovina,2000
9400,Dženis Burnić,Midfield,1998-05-22,Bosnia-Herzegovina,,1060,Bosnia-Herzegovina,2000
30102,Amir Hadžiahmetović,Midfield,1997-03-08,Bosnia-Herzegovina,,1060,Bosnia-Herzegovina,2000
119385,Armin Gigovic,Midfield,2002-04-06,Bosnia-Herzegovina,,1060,Bosnia-Herzegovina,2000
147030,Ivan Bašić,Midfield,2002-04-30,Bosnia-Herzegovina,,1060,Bosnia-Herzegovina,2000
189280,Benjamin Tahirovic,Midfield,2003-03-03,Bosnia-Herzegovina,,1060,Bosnia-Herzegovina,2000
221764,Ermin Mahmic,Midfield,2005-03-14,Austria,,1060,Bosnia-Herzegovina,2000
275052,Amar Memić,Midfield,2001-01-20,Bosnia-Herzegovina,,1060,Bosnia-Herzegovina,2000
1822,Edin Džeko,Offence,1986-03-17,Bosnia-Herzegovina,,1060,Bosnia-Herzegovina,2000
17767,Jovo Lukić,Offence,1998-11-28,Bosnia-Herzegovina,,1060,Bosnia-Herzegovina,2000
33242,Ermedin Demirovic,Offence,1998-03-25,Bosnia-Herzegovina,,1060,Bosnia-Herzegovina,2000
63218,Haris Tabaković,Offence,1994-06-20,Bosnia-Herzegovina,,1060,Bosnia-Herzegovina,2000
172226,Samed Bazdar,Offence,2004-01-31,Bosnia-Herzegovina,,1060,Bosnia-Herzegovina,2000
186380,Esmir Bajraktarevic,Offence,2005-03-10,Bosnia-Herzegovina,,1060,Bosnia-Herzegovina,2000
272213,Kerim Alajbegović,Offence,2007-09-21,Bosnia-Herzegovina,,1060,Bosnia-Herzegovina,2000
28382,Luis Mejía,Goalkeeper,1991-03-16,Panama,,1836,Panama,2000
100186,Orlando Mosquera,Goalkeeper,1994-12-25,Panama,,1836,Panama,2000
110566,Cesar Samudio,Goalkeeper,1994-03-23,Panama,,1836,Panama,2000
22771,Roderick Miller,Defence,1992-04-03,Panama,,1836,Panama,2000
43786,Fidel Escobar,Defence,1995-01-09,Panama,,1836,Panama,2000
43787,Éric Davis,Defence,1991-03-31,Panama,,1836,Panama,2000
76711,Andrés Andrade,Defence,1998-10-16,Panama,,1836,Panama,2000
84481,César Blackman,Defence,1998-04-02,Panama,,1836,Panama,2000
100199,Jiovany Ramos,Defence,1997-01-26,Panama,,1836,Panama,2000
103208,José Cordoba,Defence,2001-06-03,Panama,,1836,Panama,2000
188908,Michael Murillo,Defence,1996-02-11,Panama,,1836,Panama,2000
253717,Edgardo Fariña,Defence,2001-09-21,Panama,,1836,Panama,2000
275040,Jorge Gutiérrez,Defence,1998-09-01,Panama,,1836,Panama,2000
3864,Adalberto Carrasquilla,Midfield,1998-11-28,Panama,,1836,Panama,2000
8919,José Luis Rodríguez,Midfield,1998-06-19,Panama,,1836,Panama,2000
28668,Cecilio Waterman,Midfield,1991-04-13,Panama,,1836,Panama,2000
39139,Édgar Bárcenas,Midfield,1993-10-23,Panama,,1836,Panama,2000
43793,Aníbal Godoy,Midfield,1990-02-10,Panama,,1836,Panama,2000
58751,Alberto Quintero,Midfield,1987-12-18,Panama,,1836,Panama,2000
103158,Carlos Harvey,Midfield,2000-02-03,Panama,,1836,Panama,2000
110577,César Yanis,Midfield,1996-01-28,Panama,,1836,Panama,2000
166946,Christian Martinez,Midfield,1997-02-06,Panama,,1836,Panama,2000
3868,José Fajardo,Offence,1993-08-18,Panama,,1836,Panama,2000
43795,Ismael Díaz,Offence,1997-05-12,Panama,,1836,Panama,2000
105650,Tomas Rodriguez,Offence,1999-03-09,Panama,,1836,Panama,2000
159094,Azarias Londoño,Offence,2001-06-21,Panama,,1836,Panama,2000
53172,Márcio Rosa,Goalkeeper,1997-02-23,Cape Verde Islands,,1930,Cape Verde Islands,2000
120725,Vózinha,Goalkeeper,1986-06-03,Cape Verde Islands,,1930,Cape Verde Islands,2000
150997,C.J. dos Santos,Goalkeeper,2000-08-24,USA,,1930,Cape Verde Islands,2000
593,Steven Moreira,Defence,1994-08-13,Cape Verde Islands,,1930,Cape Verde Islands,2000
814,Logan Costa,Defence,2001-04-01,Cape Verde Islands,,1930,Cape Verde Islands,2000
36618,Roberto Lopes,Defence,1992-06-17,Cape Verde Islands,,1930,Cape Verde Islands,2000
63097,Stopira,Defence,1988-05-20,Cape Verde Islands,,1930,Cape Verde Islands,2000
209178,Sidny Lopes Cabral,Defence,2002-09-18,Netherlands,,1930,Cape Verde Islands,2000
213136,Wagner Pina,Defence,2002-11-03,Cape Verde Islands,,1930,Cape Verde Islands,2000
246869,Kelvin Pires,Defence,2000-06-05,Cape Verde Islands,,1930,Cape Verde Islands,2000
7759,Deroy Duarte,Midfield,1999-07-04,Cape Verde Islands,,1930,Cape Verde Islands,2000
30554,Garry Rodrigues,Midfield,1990-11-27,Cape Verde Islands,,1930,Cape Verde Islands,2000
40121,Kevin Pina,Midfield,1997-01-27,Cape Verde Islands,,1930,Cape Verde Islands,2000
67968,Laros Duarte,Midfield,1997-02-28,Cape Verde Islands,,1930,Cape Verde Islands,2000
103108,Yannick Semedo,Midfield,1995-12-29,Cape Verde Islands,,1930,Cape Verde Islands,2000
145346,Telmo Arcanjo,Midfield,2001-06-21,Portugal,,1930,Cape Verde Islands,2000
167455,Jamiro Monteiro,Midfield,1993-11-23,Cape Verde Islands,,1930,Cape Verde Islands,2000
212575,João Paulo,Midfield,1998-05-26,Cape Verde Islands,,1930,Cape Verde Islands,2000
9278,Willy Semedo,Offence,1994-04-27,Cape Verde Islands,,1930,Cape Verde Islands,2000
30502,Ryan Mendes,Offence,1990-01-08,Cape Verde Islands,,1930,Cape Verde Islands,2000
37116,Jovane Cabral,Offence,1998-06-14,Cape Verde Islands,,1930,Cape Verde Islands,2000
166784,Nuno Da Costa,Offence,1991-02-10,Cape Verde Islands,,1930,Cape Verde Islands,2000
175919,Dailon Rocha Livramento,Offence,2001-05-04,Netherlands,,1930,Cape Verde Islands,2000
213119,Hélio Varela,Offence,2002-05-03,Cape Verde Islands,,1930,Cape Verde Islands,2000
98898,Timothy Fayulu,Goalkeeper,1999-07-24,DR Congo,,1934,Congo DR,2000
106838,Lionel Mpasi,Goalkeeper,1994-08-01,DR Congo,,1934,Congo DR,2000
170838,Matthieu Epolo,Goalkeeper,2005-01-15,Congo DR,,1934,Congo DR,2000
3894,Axel Tuanzebe,Defence,1997-11-14,DR Congo,,1934,Congo DR,2000
7918,Chancel Mbemba,Defence,1994-08-08,DR Congo,,1934,Congo DR,2000
8158,Aaron Wan-Bissaka,Defence,1997-11-26,DR Congo,,1934,Congo DR,2000
8204,Arthur Masuaku,Defence,1993-11-07,DR Congo,,1934,Congo DR,2000
8700,Joris Kayembe,Defence,1994-08-08,Congo DR,,1934,Congo DR,2000
9160,Dylan Batubinsika,Defence,1996-02-15,DR Congo,,1934,Congo DR,2000
82600,Gédéon Kalulu,Defence,1997-08-29,DR Congo,,1934,Congo DR,2000
220602,Steve Kapuadi,Defence,1998-04-30,Congo DR,,1934,Congo DR,2000
8596,Gaël Kakuta,Midfield,1991-06-21,DR Congo,,1934,Congo DR,2000
8701,Samuel Moutoussamy,Midfield,1996-08-12,DR Congo,,1934,Congo DR,2000
8854,Edo Kayembe,Midfield,1998-06-03,DR Congo,,1934,Congo DR,2000
14596,Aaron Tshibola,Midfield,1995-01-02,DR Congo,,1934,Congo DR,2000
30876,Charles Pickel,Midfield,1997-05-15,DR Congo,,1934,Congo DR,2000
182273,Noah Sadiki,Midfield,2004-12-17,DR Congo,,1934,Congo DR,2000
192666,Ngal'ayel Mukau,Midfield,2004-11-03,DR Congo,,1934,Congo DR,2000
612,Yoane Wissa,Offence,1996-09-03,DR Congo,,1934,Congo DR,2000
9309,Theo Bongonda,Offence,1995-11-20,DR Congo,,1934,Congo DR,2000
21583,Cédric Bakambu,Offence,1991-04-11,DR Congo,,1934,Congo DR,2000
74554,Simon Banza,Offence,1996-08-13,DR Congo,,1934,Congo DR,2000
125668,Nathanael Mbuku,Offence,2002-03-16,DR Congo,,1934,Congo DR,2000
166776,Meschack Elia,Offence,1997-08-06,DR Congo,,1934,Congo DR,2000
243626,Brian Cipenga,Offence,1998-03-11,DR Congo,,1934,Congo DR,2000
245577,Fiston Mayele,Offence,1994-06-24,DR Congo,,1934,Congo DR,2000
616,Yahia Fofana,Goalkeeper,2000-08-21,Ivory Coast,,1935,Ivory Coast,2000
8292,Alban Lafont,Goalkeeper,1999-01-23,Ivory Coast,,1935,Ivory Coast,2000
170943,Mohamed Kone,Goalkeeper,2002-03-07,Ivory Coast,,1935,Ivory Coast,2000
526,Evan N'Dicka,Defence,1999-08-20,Ivory Coast,,1935,Ivory Coast,2000
37432,Ghislain Konan,Defence,1995-12-27,Ivory Coast,,1935,Ivory Coast,2000
113375,Wilfried Singo,Defence,2000-12-25,Ivory Coast,,1935,Ivory Coast,2000
135473,Guela Doué,Defence,2002-10-17,Ivory Coast,,1935,Ivory Coast,2000
149731,Emmanuel Agbadou,Defence,1997-06-17,Ivory Coast,,1935,Ivory Coast,2000
167098,Odilon Kossounou,Defence,2001-01-04,Ivory Coast,,1935,Ivory Coast,2000
185194,Clement Akpa,Defence,2001-11-24,Ivory Coast,,1935,Ivory Coast,2000
191760,Ousmane Diomande,Defence,2003-12-04,Ivory Coast,,1935,Ivory Coast,2000
1747,Franck Kessié,Midfield,1996-12-19,Ivory Coast,,1935,Ivory Coast,2000
2126,Seko Fofana,Midfield,1995-05-07,France,,1935,Ivory Coast,2000
8307,Ibrahim Sangaré,Midfield,1997-12-02,Ivory Coast,,1935,Ivory Coast,2000
8430,Jean Michaël Seri,Midfield,1991-07-19,Ivory Coast,,1935,Ivory Coast,2000
133584,Amad Diallo,Midfield,2002-07-11,Ivory Coast,,1935,Ivory Coast,2000
144698,Parfait Guiagon,Midfield,2001-02-22,Ivory Coast,,1935,Ivory Coast,2000
269161,Christ Ravynel Inao Oulaï,Midfield,2006-04-06,Cote d'Ivoire,,1935,Ivory Coast,2000
128710,Evann Guessand,Offence,2001-07-01,Ivory Coast,,1935,Ivory Coast,2000
152738,Ange-Yoan Bonny,Offence,2003-10-25,Ivory Coast,,1935,Ivory Coast,2000
156808,Sepe Elye Wahi,Offence,2003-01-02,France,,1935,Ivory Coast,2000
166249,Simon Adingra,Offence,2002-01-01,Ivory Coast,,1935,Ivory Coast,2000
188275,Oumar Diakite,Offence,2003-12-20,Ivory Coast,,1935,Ivory Coast,2000
249312,Bazoumana Touré,Offence,2006-03-02,Ivory Coast,,1935,Ivory Coast,2000
277484,Yan Diomandé,Offence,2006-11-14,Ivory Coast,,1935,Ivory Coast,2000
8412,Nicolas Pépé,Right Winger,1995-05-29,Ivory Coast,,1935,Ivory Coast,2000
129104,Meshaal Barsham,Goalkeeper,1998-02-14,Qatar,,8030,Qatar,2000
156781,Mahmoud Abunada,Goalkeeper,2000-02-05,Qatar,,8030,Qatar,2000
253231,Shehab Mamdouh Ellethy,Goalkeeper,2000-04-18,Qatar,,8030,Qatar,2000
5281,Niall Mason,Defence,1997-01-10,England,,8030,Qatar,2000
8947,Yousef Ayman,Defence,1999-03-21,Qatar,,8030,Qatar,2000
82814,Mohammed Waad,Defence,1999-09-18,Qatar,,8030,Qatar,2000
115825,Tarek Salman,Defence,1997-12-05,Qatar,,8030,Qatar,2000
189725,Homam Ahmed,Defence,1999-08-25,Qatar,,8030,Qatar,2000
194260,Lucas Mendes,Defence,1990-07-03,Brazil,,8030,Qatar,2000
249804,Sultan Al Brake,Defence,1996-04-07,Qatar,,8030,Qatar,2000
272444,Al Hashmi Al Hussain,Defence,2003-08-15,Spain,,8030,Qatar,2000
295196,Ayoub Al-Oui,Defence,2005-03-11,Qatar,,8030,Qatar,2000
57667,Assim Madibo,Midfield,1996-10-22,Qatar,,8030,Qatar,2000
115827,Abdulaziz Hatem,Midfield,1990-10-28,Qatar,,8030,Qatar,2000
115832,Ahmed Fathy,Midfield,1993-01-25,Qatar,,8030,Qatar,2000
189707,Jassem Gaber Abdulsallam,Midfield,2002-02-20,Qatar,,8030,Qatar,2000
57652,Akram Afif,Offence,1996-11-18,Qatar,,8030,Qatar,2000
135684,Mohammed Muntari,Offence,1993-12-20,Qatar,,8030,Qatar,2000
189676,Ahmed Alaaeldin,Offence,1993-01-31,,,8030,Qatar,2000
253302,Mohamed Khaled Gouda,Offence,2005-01-26,Qatar,,8030,Qatar,2000
253365,Khalid Ali Sabah,Offence,2001-10-05,Qatar,,8030,Qatar,2000
255986,Edmílson,Offence,1994-08-19,Belgium,,8030,Qatar,2000
125598,Yazeed Abulaila,Goalkeeper,1993-01-06,Jordan,,8049,Jordan,2000
249669,Abdallah Al Fakhouri,Goalkeeper,2000-01-22,Jordan,,8049,Jordan,2000
116921,Saleem Obaid,Defence,1992-01-17,Jordan,,8049,Jordan,2000
119303,Yazan Al Arab,Defence,1996-01-31,Jordan,,8049,Jordan,2000
202806,Mohammad Abualnadi,Defence,2001-02-08,USA,,8049,Jordan,2000
244110,Abdallah Naseeb,Defence,1994-02-25,Jordan,,8049,Jordan,2000
244241,Mohammad Abu Hasheesh,Defence,1995-05-09,Jordan,,8049,Jordan,2000
244346,Mohannad Abu Taha,Defence,2003-02-02,Jordan,,8049,Jordan,2000
244507,Yousef Abu Al Jazar,Defence,1999-10-25,Jordan,,8049,Jordan,2000
17850,Ahmad Assaf,Midfield,1999-07-21,Germany,,8049,Jordan,2000
213823,Yousef Qashi,Midfield,2005-04-15,Jordan,,8049,Jordan,2000
231890,Nizar Al Rashdan,Midfield,1999-03-23,Jordan,,8049,Jordan,2000
244206,Noor Al Rawabdeh,Midfield,1997-02-24,Jordan,,8049,Jordan,2000
249756,Ibrahim Saadeh,Midfield,2000-04-27,Jordan,,8049,Jordan,2000
98763,Musa Al Taamari,Offence,1997-06-10,Jordan,,8049,Jordan,2000
116928,Mahmoud Al Mardi,Offence,1993-10-06,Jordan,,8049,Jordan,2000
116933,Baha' Faisal,Offence,1995-05-30,Jordan,,8049,Jordan,2000
280317,Ibrahim Sabra,Offence,2006-02-01,Jordan,,8049,Jordan,2000
132162,Fahad Talib,Goalkeeper,1994-10-21,Iraq,,8062,Iraq,2000
236206,Ahmed Basil,Goalkeeper,1996-08-19,Iraq,,8062,Iraq,2000
253185,Kumel Al Rekabe,Goalkeeper,2004-08-19,Iraq,,8062,Iraq,2000
24251,Frans Dhia Putros,Defence,1993-07-14,Iraq,,8062,Iraq,2000
117144,Maytham Jabbar,Defence,2000-11-10,Iraq,,8062,Iraq,2000
129968,Hussein Ali,Defence,2002-03-01,Iraq,,8062,Iraq,2000
152724,Merchas Doski,Defence,1999-12-07,Iraq,,8062,Iraq,2000
210821,Rebin Sulaka,Defence,1992-04-12,Iraq,,8062,Iraq,2000
249839,Zaid Tahseen,Defence,2001-01-29,Iraq,,8062,Iraq,2000
249877,Manaf Younis,Defence,1996-11-16,Iraq,,8062,Iraq,2000
253190,Akam Hashem,Defence,1998-08-16,Iraq,,8062,Iraq,2000
253536,Ahmed Maknazi,Defence,2001-09-24,Iraq,,8062,Iraq,2000
31373,Amir Al Ammari,Midfield,1997-07-27,Iraq,,8062,Iraq,2000
35515,Kevin Yakob,Midfield,2000-10-10,Iraq,,8062,Iraq,2000
117152,Karar Nabeel,Midfield,1998-01-16,Iraq,,8062,Iraq,2000
117481,Aimar Sher,Midfield,2002-12-20,Iraq,,8062,Iraq,2000
123067,Ibrahim Bayesh,Midfield,2000-05-01,Iraq,,8062,Iraq,2000
176642,Zidane Iqbal,Midfield,2003-04-27,Iraq,,8062,Iraq,2000
295321,Zaid Ismail,Midfield,2002-01-03,Iraq,,8062,Iraq,2000
31375,Peter Gwargis,Offence,2000-09-04,Sweden,,8062,Iraq,2000
117153,Aymen Hussein,Offence,1996-03-22,Iraq,,8062,Iraq,2000
165049,Youssef Amyn,Offence,2003-08-21,Iraq,,8062,Iraq,2000
177008,Ali Al-Hamadi,Offence,2002-03-01,Iraq,,8062,Iraq,2000
193630,Marko Farji,Offence,2004-03-16,Iraq,,8062,Iraq,2000
218847,Ali Jassim El-Aibi,Offence,2004-01-20,Iraq,,8062,Iraq,2000
221753,Mohanad Ali,Offence,2000-06-20,Iraq,,8062,Iraq,2000
236207,Hasan Abdulkareem,Offence,1999-01-01,Iraq,,8062,Iraq,2000
119215,Botirali Ergashev,Goalkeeper,1995-06-23,Uzbekistan,,8070,Uzbekistan,2000
243911,Abduvakhid Nematov,Goalkeeper,2001-03-20,Uzbekistan,,8070,Uzbekistan,2000
244531,Utkir Yusupov,Goalkeeper,1991-01-04,Uzbekistan,,8070,Uzbekistan,2000
132172,Rustam Ashurmatov,Defence,1996-07-07,Uzbekistan,,8070,Uzbekistan,2000
132173,Umar Eshmurodov,Defence,1992-11-30,Uzbekistan,,8070,Uzbekistan,2000
212868,Abdukodir Khusanov,Defence,2004-02-29,Uzbekistan,,8070,Uzbekistan,2000
221787,Jakhongir O'rozov,Defence,2004-01-18,Uzbekistan,,8070,Uzbekistan,2000
231904,Farrukh Sayfiyev,Defence,1991-01-17,Uzbekistan,,8070,Uzbekistan,2000
243825,Khodjiakbar Alijonov,Defence,1997-04-19,Uzbekistan,,8070,Uzbekistan,2000
243838,Sherzod Nasrullayev,Defence,1998-07-23,Uzbekistan,,8070,Uzbekistan,2000
253243,Mukhammadkodir Khamraliev,Defence,2001-07-06,Uzbekistan,,8070,Uzbekistan,2000
117321,Otabek Shukurov,Midfield,1996-06-22,Uzbekistan,,8070,Uzbekistan,2000
132176,Jamshid Iskanderov,Midfield,1993-10-16,Uzbekistan,,8070,Uzbekistan,2000
149716,Akmal Mozgovoy,Midfield,2000-04-02,Uzbekistan,,8070,Uzbekistan,2000
212371,Umarali Rahmonaliyev,Midfield,2003-08-18,Uzbekistan,,8070,Uzbekistan,2000
232740,Azizjon Ganiev,Midfield,1998-02-22,Uzbekistan,,8070,Uzbekistan,2000
232753,Odiljon Hamrobekov,Midfield,1996-02-13,Uzbekistan,,8070,Uzbekistan,2000
261032,Ibrokhim Ibrokhimov,Midfield,2001-01-12,Uzbekistan,,8070,Uzbekistan,2000
49149,Dostonbek Xamdamov,Offence,1996-07-24,Uzbekistan,,8070,Uzbekistan,2000
49307,Eldor Shomurodov,Offence,1995-06-29,Uzbekistan,,8070,Uzbekistan,2000
119221,Oston Urunov,Offence,2000-12-19,Uzbekistan,,8070,Uzbekistan,2000
183140,Igor Sergeev,Offence,1993-04-30,Uzbekistan,,8070,Uzbekistan,2000
261029,Alisher Odilov,Offence,2001-07-15,Uzbekistan,,8070,Uzbekistan,2000
9923,Mark Flekken,Goalkeeper,1993-06-13,Netherlands,,8601,Netherlands,2000
126870,Bart Verbruggen,Goalkeeper,2002-08-18,Netherlands,,8601,Netherlands,2000
137691,Robin Roefs,Goalkeeper,2003-01-17,Netherlands,,8601,Netherlands,2000
7417,Denzel Dumfries,Defence,1996-04-18,Netherlands,,8601,Netherlands,2000
7869,Virgil van Dijk,Defence,1991-07-08,Netherlands,,8601,Netherlands,2000
8240,Nathan Aké,Defence,1995-02-18,Netherlands,,8601,Netherlands,2000
98566,Jan Paul van Hecke,Defence,2000-06-08,Netherlands,,8601,Netherlands,2000
98816,Jurrien Timber,Defence,2001-06-17,Netherlands,,8601,Netherlands,2000
131177,Mickey van de Ven,Defence,2001-04-19,Netherlands,,8601,Netherlands,2000
189477,Jorrel Hato,Defence,2006-03-07,Netherlands,,8601,Netherlands,2000
1848,Marten de Roon,Midfield,1991-03-29,Netherlands,,8601,Netherlands,2000
7457,Donyell Malen,Midfield,1999-01-19,Netherlands,,8601,Netherlands,2000
7559,Frenkie de Jong,Midfield,1997-05-12,Netherlands,,8601,Netherlands,2000
7565,Noa Lang,Midfield,1999-06-17,Netherlands,,8601,Netherlands,2000
7688,Guus Til,Midfield,1997-12-22,Netherlands,,8601,Netherlands,2000
7693,Teun Koopmeiners,Midfield,1998-02-28,Netherlands,,8601,Netherlands,2000
7696,Tijjani Reijnders,Midfield,1998-07-29,Netherlands,,8601,Netherlands,2000
81793,Ryan Gravenberch,Midfield,2002-05-16,Netherlands,,8601,Netherlands,2000
97505,Mats Wieffer,Midfield,1999-11-16,Netherlands,,8601,Netherlands,2000
97536,Quinten Timber,Midfield,2001-06-17,Netherlands,,8601,Netherlands,2000
102193,Crysencio Summerville,Midfield,2001-10-30,Netherlands,,8601,Netherlands,2000
7459,Cody Gakpo,Offence,1999-05-07,Netherlands,,8601,Netherlands,2000
7561,Justin Kluivert,Offence,1999-05-05,Netherlands,,8601,Netherlands,2000
7697,Wout Weghorst,Offence,1992-08-07,Netherlands,,8601,Netherlands,2000
8472,Memphis Depay,Offence,1994-02-13,Netherlands,,8601,Netherlands,2000
97535,Brian Brobbey,Offence,2002-02-01,Netherlands,,8601,Netherlands,2000
6843,Ørjan Nyland,Goalkeeper,1990-09-10,Norway,,8872,Norway,2000
44441,Egil Selvik,Goalkeeper,1997-07-30,Norway,,8872,Norway,2000
146024,Sander Tangvik,Goalkeeper,2002-11-29,Norway,,8872,Norway,2000
16068,Kristoffer Ajer,Defence,1998-04-17,Norway,,8872,Norway,2000
16197,Torbjørn Heggem,Defence,1999-01-12,Norway,,8872,Norway,2000
38548,Marcus Pedersen,Defence,2000-07-16,Norway,,8872,Norway,2000
44030,Julian Ryerson,Defence,1997-11-17,Norway,,8872,Norway,2000
44032,Leo Østigård,Defence,1999-11-28,Norway,,8872,Norway,2000
135036,Henrik Falchener,Defence,2003-05-08,Norway,,8872,Norway,2000
145159,Sondre Langås,Defence,2001-02-02,Norway,,8872,Norway,2000
177303,Fredrik André Björkan,Defence,1998-08-21,Norway,,8872,Norway,2000
205467,David Wolfe,Defence,2002-04-23,Norway,,8872,Norway,2000
7421,Morten Thorsby,Midfield,1996-05-05,Norway,,8872,Norway,2000
7427,Martin Ødegaard,Midfield,1998-12-17,Norway,,8872,Norway,2000
8973,Sander Berge,Midfield,1998-02-14,Norway,,8872,Norway,2000
37924,Patrick Berg,Midfield,1997-11-24,Norway,,8872,Norway,2000
38088,Fredrik Aursnes,Midfield,1995-12-10,Norway,,8872,Norway,2000
44033,Kristian Thorstvedt,Midfield,1999-03-13,Norway,,8872,Norway,2000
150589,Thelo Aasgaard,Midfield,2002-05-02,Norway,,8872,Norway,2000
169295,Antonio Nusa,Midfield,2005-04-17,Norway,,8872,Norway,2000
179716,Oscar Bobb,Midfield,2003-07-12,Norway,,8872,Norway,2000
8167,Alexander Sørloth,Offence,1995-12-05,Norway,,8872,Norway,2000
37916,Jens Hauge,Offence,1999-10-12,Norway,,8872,Norway,2000
38101,Erling Haaland,Offence,2000-07-21,Norway,,8872,Norway,2000
157796,Andreas Schjelderup,Offence,2004-06-01,Norway,,8872,Norway,2000
213269,Jørgen Strand Larsen,Offence,2000-02-06,Norway,,8872,Norway,2000
3981,Angus Gunn,Goalkeeper,1996-01-22,Scotland,,8873,Scotland,2000
15607,Craig Gordon,Goalkeeper,1982-12-31,Scotland,,8873,Scotland,2000
34960,Liam Kelly,Goalkeeper,1996-01-23,Scotland,,8873,Scotland,2000
3986,Grant Hanley,Defence,1991-11-20,Scotland,,8873,Scotland,2000
5769,Dominic Hyam,Defence,1995-12-20,Scotland,,8873,Scotland,2000
7868,Andrew Robertson,Defence,1994-03-11,Scotland,,8873,Scotland,2000
15615,Kieran Tierney,Defence,1997-06-05,Scotland,,8873,Scotland,2000
16070,Jack Hendry,Defence,1995-05-07,Scotland,,8873,Scotland,2000
34411,Anthony Ralston,Defence,1998-11-16,Scotland,,8873,Scotland,2000
34429,John Souttar,Defence,1996-09-25,Scotland,,8873,Scotland,2000
34486,Scott McKenna,Defence,1996-11-12,Scotland,,8873,Scotland,2000
101111,Aaron Hickey,Defence,2002-01-01,Scotland,,8873,Scotland,2000
138174,Nathan Patterson,Defence,2001-10-16,Scotland,,8873,Scotland,2000
7905,Scott McTominay,Midfield,1996-12-08,Scotland,,8873,Scotland,2000
34494,Kenny McLean,Midfield,1992-01-08,Scotland,,8873,Scotland,2000
34495,Ryan Christie,Midfield,1995-02-22,Scotland,,8873,Scotland,2000
34638,Lewis Ferguson,Midfield,1999-08-24,Scotland,,8873,Scotland,2000
34646,John McGinn,Midfield,1994-10-18,Scotland,,8873,Scotland,2000
126289,Billy Gilmour,Midfield,2001-06-11,Scotland,,8873,Scotland,2000
176789,Ben Doak,Midfield,2005-11-11,Scotland,,8873,Scotland,2000
270697,Findlay Curtis,Midfield,,Scotland,,8873,Scotland,2000
4119,Che Adams,Offence,1996-07-13,Scotland,,8873,Scotland,2000
25606,George Hirst,Offence,1999-02-15,Scotland,,8873,Scotland,2000
35101,Ross Stewart,Offence,1996-07-11,Scotland,,8873,Scotland,2000
35126,Lyndon Dykes,Offence,1995-10-07,Scotland,,8873,Scotland,2000
52043,Lawrence Shankland,Offence,1995-08-10,Scotland,,8873,Scotland,2000
7412,Trevor Doornbusch,Goalkeeper,1999-07-06,Curaçao,,9460,Curaçao,2000
7437,Eloy Room,Goalkeeper,1989-02-06,Curaçao,,9460,Curaçao,2000
171283,Tyrick Bodak,Goalkeeper,2002-02-15,Curaçao,,9460,Curaçao,2000
7229,Roshon van Eijma,Defence,1998-06-09,Curaçao,,9460,Curaçao,2000
7438,Joshua Brenet,Defence,1994-03-20,Curaçao,,9460,Curaçao,2000
7443,Armando Obispo,Defence,1999-03-05,Curaçao,,9460,Curaçao,2000
7744,Sheral Floranus,Defence,1998-08-23,Curaçao,,9460,Curaçao,2000
9428,Riechedly Bazoer,Defence,1996-10-12,Curaçao,,9460,Curaçao,2000
55417,Juriën Gaari,Defence,1993-12-23,Curaçao,,9460,Curaçao,2000
137697,Shurandy Sambo,Defence,2001-08-19,Curaçao,,9460,Curaçao,2000
149120,Ar'jany Martha,Defence,2003-09-04,Curaçao,,9460,Curaçao,2000
166156,Livano Comenencia,Defence,2004-02-03,Curaçao,,9460,Curaçao,2000
177433,Deveron Fonville,Defence,2003-05-16,Curaçao,,9460,Curaçao,2000
191954,Tyrese Noslin,Defence,2002-09-11,Curaçao,,9460,Curaçao,2000
4280,Leandro Bacuna,Midfield,1991-08-21,Curaçao,,9460,Curaçao,2000
7274,Godfried Roemeratoe,Midfield,1999-08-19,Curaçao,,9460,Curaçao,2000
7518,Juninho Bacuna,Midfield,1997-08-07,Curaçao,,9460,Curaçao,2000
53327,Kevin Felida,Midfield,1999-11-11,Curaçao,,9460,Curaçao,2000
6597,Gervane Kastaneer,Offence,1996-06-09,Curaçao,,9460,Curaçao,2000
7986,Kenji Gorré,Offence,1994-09-29,Curaçao,,9460,Curaçao,2000
8288,Jürgen Locadia,Offence,1993-11-07,Curaçao,,9460,Curaçao,2000
98483,Tahith Chong,Offence,1999-12-04,Curaçao,,9460,Curaçao,2000
137025,Sontje Hansen,Offence,2000-05-18,Curaçao,,9460,Curaçao,2000
149134,Jearl Margaritha,Offence,2000-04-10,Curaçao,,9460,Curaçao,2000
156631,Jeremy Antonisse,Offence,2002-03-29,Curaçao,,9460,Curaçao,2000
190770,Brandley Kuwas,Offence,1992-09-19,Curaçao,,9460,Curaçao,2000
