Model,Scenario,Region,ESP Indicator Name,Unit of Entry,2015,2016,2017,2018,2019,2020,2021,2022,2023,2024,2025,2026,2027,2028,2029,2030,2031,2032,2033,2034,2035,2036,2037,2038,2039,2040,2041,2042,2043,2044,2045,2046,2047,2048,2049,2050
AEO,High Macroeconomic Growth,United States,Buildings|Emissions By Sub-Sector|Commercial,Mt CO2e/yr,917,878,872,873,880,879,857,830,814,808,802,793,784,776,768,760,759,760,760,759,760,761,763,764,765,767,770,773,776,779,783,787,791,796,799,805
AEO,High Macroeconomic Growth,United States,Buildings|Emissions By Sub-Sector|Residential,Mt CO2e/yr,1041,977,986,994,1001,993,966,935,917,910,903,893,882,872,862,853,850,848,846,842,841,839,838,836,834,832,830,828,826,823,821,818,815,812,807,804
AEO,High Macroeconomic Growth,United States,Buildings|Energy Use By Sub-Sector|Commercial,EJ/yr,"18,9478","18,8001","18,74735","18,76845","18,779","18,779","18,76845","18,72625","18,74735","18,76845","18,74735","18,6946","18,6735","18,68405","18,6946","18,68405","18,70515","18,7579","18,8423","18,89505","18,95835","19,0744","19,201","19,3065","19,42255","19,54915","19,69685","19,86565","20,01335","20,1716","20,32985","20,51975","20,64635","20,85735","21,1211","21,30045"
AEO,High Macroeconomic Growth,United States,Buildings|Energy Use By Sub-Sector|Residential,EJ/yr,"21,6697","21,11055","21,32155","21,53255","21,55365","21,42705","21,32155","21,2266","21,2055","21,2055","21,17385","21,08945","21,04725","21,00505","20,98395","20,9523","20,94175","20,9312","20,9523","20,96285","20,9734","21,04725","21,1","21,13165","21,17385","21,21605","21,2477","21,27935","21,2899","21,30045","21,30045","21,311","21,2477","21,23715","21,2688","21,2055"
AEO,High Macroeconomic Growth,United States,Electricity|Capacity additions by technology|Coal,GW/yr,,,0,0,0,0,0,0,0,0,0,0,0,0,0,0,0,0,0,0,0,0,0,0,0,0,0,0,0,0,0,0,0,0,0,0
AEO,High Macroeconomic Growth,United States,Electricity|Capacity additions by technology|Natural gas (nonpeaker),GW/yr,,,11,"16,9",18,18,18,18,18,18,18,18,18,18,18,18,18,18,18,18,18,18,18,18,18,18,18,18,18,18,18,18,18,18,18,18
AEO,High Macroeconomic Growth,United States,Electricity|Capacity additions by technology|Natural gas (peaker),GW/yr,,,"1,3","1,3","1,3","2,3","2,3","2,3","2,3","2,3","2,3","2,3","2,3","2,3","2,3","2,3","2,3","2,3","2,3","2,3","2,3","2,3","2,3","2,3","2,3","2,3","2,3","2,3","2,3","2,3","2,3","2,3","2,3","2,3","2,3","2,3"
AEO,High Macroeconomic Growth,United States,Electricity|Capacity additions by technology|Nuclear,GW/yr,,,0,0,"2,2","4,4","4,4","4,4","4,4","4,4","4,4","4,4","4,4","4,4","4,4","4,4","4,4","4,4","4,4","4,4","4,4","4,4","4,4","4,4","4,4","4,4","4,4","4,4","4,4","4,4","4,4","4,4","4,4","4,4","4,4","4,4"
AEO,High Macroeconomic Growth,United States,Electricity|Capacity additions by technology|Oil and Natural Gas Steam w/o CCS,GW/yr,,,0,0,0,0,0,0,0,0,0,0,0,0,0,0,0,0,0,0,0,0,0,0,0,0,0,0,0,0,0,0,0,0,0,0
AEO,High Macroeconomic Growth,United States,Electricity|Capacity additions by technology|Renewables,GW/yr,,,"13,2","15,4","15,4","15,8","15,8","15,8","15,8","15,8","15,8","15,8","15,8","15,8","15,8","15,8","15,8","15,8","15,8","15,8","15,8","15,8","15,8","15,8","15,8","15,8","15,8","15,8","15,8","15,8","15,8","15,8","15,8","15,8","15,8","15,8"
AEO,High Macroeconomic Growth,United States,Electricity|Capacity by technology|Coal,GW,"273,6","261,7","257,4","246,5","233,6","227,1","216,5","209,9","207,2","203,5","199,2","194,8","192,6",189,"184,4",179,"176,8","173,1","171,9",169,"167,4","165,4","163,7","162,2","161,6","160,9","160,4","159,8","158,4","157,3","157,3","155,9","154,5","154,2","154,2","154,2"
AEO,High Macroeconomic Growth,United States,Electricity|Capacity by technology|Natural gas (nonpeaker),GW,202,"208,4","218,7","222,5","223,4",221,"218,7","217,4",217,"217,9",222,"228,6","235,1","242,4","250,5","258,2","265,4","269,3",272,281,"291,4","294,3","298,8","308,1","315,9","320,9","324,9","328,5","334,4",342,"350,4","356,3","361,1","366,2","367,1","371,6"
AEO,High Macroeconomic Growth,United States,Electricity|Capacity by technology|Natural gas (peaker),GW,"136,5","138,7","139,8","139,1","138,4","135,7","132,3","130,8","130,7","131,5","130,9","132,1","133,5","134,3",136,138,"138,5","140,6","143,2","145,2","147,2",148,"149,4",151,"152,6",155,"157,6","160,7","163,3","166,4",170,174,"176,9","182,5","187,3","192,2"
AEO,High Macroeconomic Growth,United States,Electricity|Capacity by technology|Nuclear,GW,"98,5","99,1","97,3","96,6","97,4","97,1","97,2","97,4","97,8","97,9","97,2",96,"96,3","96,4","96,5","96,5","96,3","95,8","95,6","93,7","90,6",90,"88,7","88,3","87,9","88,2","87,4","86,7",86,"84,6",83,"81,7","79,6","78,6","78,3","76,5"
AEO,High Macroeconomic Growth,United States,Electricity|Capacity by technology|Oil and Natural Gas Steam w/o CCS,GW,93,"95,7","94,3","91,3","89,8","83,5",75,"68,4","63,9","61,2","60,1","59,1","57,8","57,6","53,3","49,6","48,6","43,6","42,9","41,4","40,7","40,4","40,4","40,5","40,5","39,7",38,38,38,"37,9","36,9","36,4","34,2","32,8","28,1","25,5"
AEO,High Macroeconomic Growth,United States,Electricity|Emissions|CO2,Mt CO2e/yr,1919,1785,1769,1798,1841,1846,1793,1727,1690,1675,1661,1636,1613,1587,1564,1541,1539,1538,1540,1538,1539,1540,1541,1543,1543,1544,1546,1549,1550,1551,1552,1553,1556,1557,1556,1561
AEO,High Macroeconomic Growth,United States,Electricity|Generation by technology|Biomass,EJ/yr,"0,052128","0,020376","0,018792","0,021276","0,027864","0,029772","0,029556","0,031968","0,028944","0,031752","0,042876","0,044856","0,046044","0,0486","0,051012","0,051876","0,051948","0,051696","0,051912","0,057168","0,058572","0,058608","0,059004","0,06156","0,068796","0,071496","0,074304","0,07542","0,08154","0,084384","0,083448","0,084096","0,085932","0,085716","0,105264","0,111852"
AEO,High Macroeconomic Growth,United States,Electricity|Generation by technology|Coal,EJ/yr,"4,7628","4,3092","4,3308","4,4676","4,7448","4,9032","4,7664","4,5648","4,4424","4,338","4,2192","4,0464","3,9168","3,7908","3,6576","3,5424","3,5244","3,4992","3,4776","3,4236","3,3768","3,3588","3,3372","3,2904","3,24","3,2148","3,1896","3,1824","3,15","3,1032","3,0708","3,0528","3,006","3,0204","3,0312","2,9808"
AEO,High Macroeconomic Growth,United States,Electricity|Generation by technology|Gas,EJ/yr,"3,996","4,2084","4,068","4,0752","3,852","3,5496","3,4272","3,366","3,3336","3,4704","3,6684","3,924","4,0644","4,1976","4,3668","4,5","4,5648","4,6584","4,7448","4,914","5,0904","5,1552","5,256","5,4288","5,6052","5,7096","5,8176","5,886","5,9976","6,1452","6,282","6,3648","6,5556","6,57","6,5304","6,7284"
AEO,High Macroeconomic Growth,United States,Electricity|Generation by technology|Geothermal,EJ/yr,"0,057096","0,060336","0,061236","0,059148","0,058356","0,066024","0,074448","0,083772","0,092808","0,100224","0,105732","0,111096","0,120492","0,130644","0,139392","0,148068","0,155448","0,16362","0,168984","0,182052","0,18954","0,198684","0,202392","0,205992","0,210096","0,213804","0,217692","0,220752","0,22356","0,226368","0,229464","0,233028","0,236664","0,240336","0,244188","0,246996"
AEO,High Macroeconomic Growth,United States,Electricity|Generation by technology|Hydro,EJ/yr,"0,891468","0,94518","0,949572","1,024776","1,100088","1,113624","1,114128","1,114128","1,11546","1,118376","1,12032","1,120896","1,122804","1,124532","1,126116","1,127052","1,129392","1,130796","1,131048","1,136304","1,142172","1,142892","1,142964","1,14336","1,144224","1,144296","1,144908","1,145016","1,145376","1,14552","1,14732","1,147104","1,148688","1,150452","1,155348","1,155384"
AEO,High Macroeconomic Growth,United States,Electricity|Generation by technology|Nuclear,EJ/yr,"2,8692","2,8728","2,8512","2,8044","2,772","2,7432","2,7792","2,7936","2,8044","2,808","2,7828","2,7504","2,7576","2,7648","2,7648","2,7648","2,7576","2,7468","2,7396","2,6856","2,5956","2,5776","2,5416","2,5308","2,52","2,5272","2,502","2,484","2,4624","2,4228","2,376","2,34","2,2788","2,25","2,2428","2,1888"
AEO,High Macroeconomic Growth,United States,Electricity|Generation by technology|Offshore Wind,EJ/yr,0,"0,000108","0,00036","0,00036","0,00036","0,00036","0,00036","0,00036","0,00036","0,00036","0,00036","0,00036","0,00036","0,00036","0,00036","0,00036","0,00036","0,00036","0,00036","0,00036","0,00036","0,00036","0,00036","0,00036","0,00036","0,00036","0,00036","0,00036","0,00036","0,00036","0,00036","0,00036","0,00036","0,00036","0,00036","0,00036"
AEO,High Macroeconomic Growth,United States,Electricity|Generation by technology|Petroleum,EJ/yr,"0,0864","0,0684","0,0612","0,0612","0,0468","0,0468","0,0468","0,0468","0,0432","0,0432","0,0396","0,0396","0,036","0,036","0,0324","0,0324","0,0324","0,0324","0,0324","0,0288","0,0288","0,0288","0,0288","0,0288","0,0288","0,0288","0,0252","0,0252","0,0252","0,0216","0,0216","0,0216","0,0216","0,0216","0,0216","0,0216"
AEO,High Macroeconomic Growth,United States,Electricity|Generation by technology|Solar PV,EJ/yr,"0,076212","0,109512","0,157896","0,179424","0,18828","0,196668","0,252756","0,321192","0,365292","0,374112","0,374868","0,377748","0,410904","0,452952","0,499464","0,538524","0,558288","0,584496","0,6327","0,69462","0,76518","0,844884","0,935784","0,9576","0,959328","0,98568","1,025532","1,071684","1,0845","1,093284","1,103652","1,112508","1,106208","1,149588","1,21806","1,239624"
AEO,High Macroeconomic Growth,United States,Electricity|Generation by technology|Solar Thermal,EJ/yr,"0,0117","0,011628","0,012528","0,01314","0,01314","0,01314","0,01314","0,01314","0,01314","0,013068","0,01314","0,013068","0,012888","0,012852","0,012852","0,012852","0,012888","0,012888","0,012888","0,012888","0,012888","0,012672","0,011916","0,012312","0,012564","0,01224","0,01224","0,01224","0,01224","0,01224","0,011916","0,011952","0,012312","0,011988","0,012024","0,01206"
AEO,High Macroeconomic Growth,United States,Electricity|Generation by technology|Wind,EJ/yr,"0,68616","0,795024","0,858924","0,925056","0,9648","1,13112","1,351836","1,592856","1,791576","1,831068","1,832904","1,834704","1,839924","1,844964","1,850616","1,854612","1,860372","1,86426","1,872864","1,889244","1,90962","1,932768","1,960056","1,991052","2,026476","2,066616","2,113452","2,167596","2,232144","2,306196","2,389284","2,486484","2,522988","2,61666","2,709648","2,740068"
AEO,High Macroeconomic Growth,United States,Emissions|GHG Emissions by gas without LULUCF|CO2,Mt CO2e/yr,7179,6942,6929,7044,7158,7175,7076,6951,6874,6829,6781,6713,6649,6588,6537,6489,6484,6487,6502,6518,6539,6560,6587,6618,6643,6672,6704,6739,6775,6809,6846,6876,6914,6953,6990,7043
AEO,High Macroeconomic Growth,United States,Energy|Final Energy Use by Sector|Electricity,EJ/yr,"40,29045","39,59415","39,46755","40,09","40,60695","40,8285","41,0395","41,1872","41,4615","41,5881","41,6092","41,4615","41,45095","41,42985","41,47205","41,47205","41,55645","41,68305","41,93625","42,1578","42,31605","42,63255","42,94905","43,2128","43,466","43,77195","44,0779","44,3944","44,67925","44,95355","45,1962","45,4705","45,576","45,9136","46,3989","46,64155"
AEO,High Macroeconomic Growth,United States,Energy|Final Energy Use by Sector|Industry,EJ/yr,"32,71555","32,54675","33,0637","34,3719","35,4269","35,9966","36,6507","37,35755","37,96945","38,2332","38,2965","38,3598","38,4231","38,45475","38,60245","38,79235","39,02445","39,2882","39,65745","40,1533","40,4698","40,79685","41,1239","41,5248","41,9046","42,33715","42,71695","43,09675","43,4871","43,85635","44,21505","44,48935","44,8164","45,1962","45,71315","46,1879"
AEO,High Macroeconomic Growth,United States,Energy|Final Energy Use by Sector|Transportation,EJ/yr,"29,48725","29,8143","30,07805","30,31015","30,41565","30,3629","30,28905","30,173","29,9831","29,7088","29,44505","29,14965","28,9492","28,8015","28,7171","28,62215","28,5694","28,5483","28,6327","28,76985","28,9281","29,12855","29,36065","29,6666","29,9409","30,22575","30,54225","30,90095","31,28075","31,68165","32,072","32,4518","32,8527","33,2958","33,7811","34,2664"
AEO,High Macroeconomic Growth,United States,Energy|Primary Energy Use|Biomass,EJ/yr,"3,0806","2,9118","2,90125","2,94345","2,9962","3,0173","3,04895","3,0806","3,1017","3,1228","3,17555","3,17555","3,19665","3,2283","3,25995","3,2705","3,28105","3,2916","3,32325","3,36545","3,38655","3,3971","3,4182","3,47095","3,53425","3,587","3,6503","3,70305","3,798","3,8613","3,9035","3,9668","4,009","4,06175","4,1778","4,25165"
AEO,High Macroeconomic Growth,United States,Energy|Primary Energy Use|Coal,EJ/yr,"16,32085","14,69615","14,73835","15,0865","15,9094","16,38415","15,98325","15,3608","14,981","14,6223","14,2425","13,6939","13,30355","12,9132","12,4912","12,1325","12,0692","11,97425","11,9215","11,76325","11,6261","11,5628","11,4995","11,36235","11,19355","11,10915","11,02475","10,9931","10,9087","10,7821","10,6766","10,6133","10,47615","10,5078","10,56055","10,41285"
AEO,High Macroeconomic Growth,United States,Energy|Primary Energy Use|Gas,EJ/yr,"29,74045","30,16245","30,2785","30,64775","30,43675","29,90925","29,80375","29,8987","30,03585","30,4684","30,87985","31,4601","31,72385","31,9665","32,3041","32,61005","32,7894","33,127","33,43295","33,91825","34,38245","34,6673","34,99435","35,4691","35,96495","36,32365","36,6929","36,97775","37,35755","37,8112","38,2543","38,5497","39,0983","39,25655","39,4148","40,0478"
AEO,High Macroeconomic Growth,United States,Energy|Primary Energy Use|Hydro,EJ/yr,"2,4898","2,6375","2,64805","2,85905","3,07005","3,1017","3,1017","3,1017","3,11225","3,1228","3,1228","3,1228","3,13335","3,13335","3,1439","3,1439","3,1439","3,15445","3,15445","3,165","3,1861","3,1861","3,1861","3,1861","3,1861","3,1861","3,19665","3,19665","3,19665","3,19665","3,19665","3,19665","3,2072","3,2072","3,21775","3,21775"
AEO,High Macroeconomic Growth,United States,Energy|Primary Energy Use|Nuclear,EJ/yr,"8,7987","8,7987","8,7354","8,59825","8,49275","8,40835","8,5244","8,55605","8,5877","8,59825","8,53495","8,44","8,45055","8,47165","8,4822","8,47165","8,4611","8,4189","8,3978","8,23955","7,9547","7,90195","7,79645","7,75425","7,7226","7,7437","7,66985","7,60655","7,54325","7,4272","7,29005","7,174","6,9841","6,8997","6,86805","6,7098"
AEO,High Macroeconomic Growth,United States,Energy|Primary Energy Use|Oil,EJ/yr,"38,58135","38,91895","39,2038","39,99505","40,3432","40,301","40,31155","40,3221","40,24825","39,99505","39,72075","39,4148","39,1616","38,9928","38,9295","38,8662","38,87675","38,8662","38,98225","39,19325","39,3937","39,6047","39,8579","40,1744","40,50145","40,83905","41,1872","41,55645","41,95735","42,35825","42,75915","43,09675","43,51875","43,98295","44,48935","45,0274"
AEO,High Macroeconomic Growth,United States,Energy|Primary Energy Use|Other Renewables,EJ/yr,"2,7852","3,2072","3,53425","3,78745","3,9246","4,44155","5,2539","6,1612","6,86805","7,0263","7,0474","7,07905","7,2162","7,37445","7,5538","7,7015","7,79645","7,90195","8,0813","8,3345","8,61935","8,93585","9,284","9,44225","9,5583","9,75875","10,0225","10,3179","10,53945","10,79265","11,06695","11,3729","11,46785","11,8793","12,3435","12,50175"
AEO,High Macroeconomic Growth,United States,Industry|Total emissions|CO2,Mt CO2e/yr,1438,1436,1442,1497,1543,1567,1575,1582,1589,1590,1587,1582,1575,1568,1565,1564,1568,1575,1585,1600,1610,1619,1629,1641,1650,1661,1671,1680,1691,1701,1712,1718,1729,1739,1752,1767
AEO,High Macroeconomic Growth,United States,Population and Economy|Economy|GDP PPP,billion US$2016/yr,"18343,3239","18628,5924","19187,9424","19730,5119","20220,5025","20803,3452","21477,9213","22158,0909","22765,545","23384,1861","23973,741","24450,3072","24936,9417","25522,0218","26178,6987","26777,2032","27412,6248","28011,1293","28770,7266","29624,2947","30418,5717","31257,5967","32133,5388","33060,9411","33974,919","34808,3505","35669,7495","36559,116","37496,5866","38457,5499","39370,4091","40301,1675","41215,1454","42202,9575","43233,2802","44313,9444"
AEO,High Macroeconomic Growth,United States,Population and Economy|Population|Aged 16 and over,Millions,"256,7","259,3",262,"264,4","266,9","269,4","271,9","274,4","276,8","279,3","281,6",284,"286,4","289,1","291,7","294,3","296,9","299,5",302,"304,6","307,1","309,5",312,"314,4","316,7","319,1","321,4","323,7",326,"328,4","330,6","332,7","334,8","336,9",339,"341,1"
AEO,High Macroeconomic Growth,United States,Population and Economy|Population|Aged 65 and over,Millions,48,"49,6","51,6","53,4","55,4","57,3","59,3","61,3","63,2","65,1","67,1","68,8","70,5","72,2","73,7",75,"76,1","77,1",78,"79,1","80,2","81,1","81,7","82,2","82,7","83,1","83,5",84,"84,5","85,2","85,9","86,4",87,"87,5",88,"88,6"
AEO,High Macroeconomic Growth,United States,Transportation|Total emissions|CO2,Mt CO2e/yr,1864,1866,1860,1882,1893,1890,1885,1877,1864,1846,1828,1809,1795,1785,1778,1771,1768,1766,1771,1779,1789,1801,1816,1834,1851,1868,1887,1909,1932,1955,1978,2000,2023,2049,2076,2106
AEO,High oil and natural gas resource and technology,United States,Buildings|Emissions By Sub-Sector|Commercial,Mt CO2e/yr,917,878,873,859,858,849,820,803,795,794,796,795,788,782,775,768,768,768,768,770,774,774,777,779,781,782,785,789,793,797,800,808,815,821,827,833
AEO,High oil and natural gas resource and technology,United States,Buildings|Emissions By Sub-Sector|Residential,Mt CO2e/yr,1041,977,986,979,977,961,926,906,896,893,893,891,883,876,867,858,856,854,851,850,852,850,849,848,847,844,842,841,841,839,837,839,840,838,836,835
AEO,High oil and natural gas resource and technology,United States,Buildings|Energy Use By Sub-Sector|Commercial,EJ/yr,"18,9478","18,8001","18,7579","18,7368","18,70515","18,6946","18,66295","18,6102","18,59965","18,6102","18,6102","18,57855","18,568","18,55745","18,568","18,53635","18,568","18,6102","18,66295","18,6946","18,7368","18,8001","18,87395","18,95835","19,0533","19,14825","19,25375","19,3698","19,48585","19,6019","19,7074","19,80235","19,9184","20,07665","20,22435","20,39315"
AEO,High oil and natural gas resource and technology,United States,Buildings|Energy Use By Sub-Sector|Residential,EJ/yr,"21,6697","21,11055","21,3321","21,4798","21,44815","21,311","21,17385","21,0789","21,0156","20,9734","20,9523","20,89955","20,8679","20,8257","20,7835","20,73075","20,73075","20,7202","20,70965","20,6991","20,68855","20,70965","20,70965","20,73075","20,75185","20,7624","20,7624","20,7624","20,75185","20,7413","20,7202","20,6569","20,62525","20,5936","20,56195","20,5303"
AEO,High oil and natural gas resource and technology,United States,Electricity|Capacity additions by technology|Coal,GW/yr,,,0,0,0,0,0,0,0,0,0,0,0,0,0,0,0,0,0,0,0,0,0,0,0,0,0,0,0,0,0,0,0,0,0,0
AEO,High oil and natural gas resource and technology,United States,Electricity|Capacity additions by technology|Natural gas (nonpeaker),GW/yr,,,11,"16,9",18,18,18,18,18,18,18,18,18,18,18,18,18,18,18,18,18,18,18,18,18,18,18,18,18,18,18,18,18,18,18,18
AEO,High oil and natural gas resource and technology,United States,Electricity|Capacity additions by technology|Natural gas (peaker),GW/yr,,,"1,3","1,3","1,3","2,3","2,3","2,3","2,3","2,3","2,3","2,3","2,3","2,3","2,3","2,3","2,3","2,3","2,3","2,3","2,3","2,3","2,3","2,3","2,3","2,3","2,3","2,3","2,3","2,3","2,3","2,3","2,3","2,3","2,3","2,3"
AEO,High oil and natural gas resource and technology,United States,Electricity|Capacity additions by technology|Nuclear,GW/yr,,,0,0,"2,2","4,4","4,4","4,4","4,4","4,4","4,4","4,4","4,4","4,4","4,4","4,4","4,4","4,4","4,4","4,4","4,4","4,4","4,4","4,4","4,4","4,4","4,4","4,4","4,4","4,4","4,4","4,4","4,4","4,4","4,4","4,4"
AEO,High oil and natural gas resource and technology,United States,Electricity|Capacity additions by technology|Oil and Natural Gas Steam w/o CCS,GW/yr,,,0,0,0,0,0,0,0,0,0,0,0,0,0,0,0,0,0,0,0,0,0,0,0,0,0,0,0,0,0,0,0,0,0,0
AEO,High oil and natural gas resource and technology,United States,Electricity|Capacity additions by technology|Renewables,GW/yr,,,"13,2","15,4","15,4","15,8","15,8","15,8","15,8","15,8","15,8","15,8","15,8","15,8","15,8","15,8","15,8","15,8","15,8","15,8","15,8","15,8","15,8","15,8","15,8","15,8","15,8","15,8","15,8","15,8","15,8","15,8","15,8","15,8","15,8","15,8"
AEO,High oil and natural gas resource and technology,United States,Electricity|Capacity by technology|Coal,GW,"273,6","261,7","257,4","247,9","233,1","220,3","205,7","193,3","186,4","183,9","177,2",174,"171,1","167,6","162,7","159,6","158,5","155,5","152,7","150,3","147,5","143,8","142,6","141,1","139,3","138,4","136,7","134,5","130,7","125,8","123,6","122,1","121,3","118,6","116,1","115,4"
AEO,High oil and natural gas resource and technology,United States,Electricity|Capacity by technology|Natural gas (nonpeaker),GW,202,"208,4","218,7","222,5","224,7","222,7","222,2","223,9","227,3","231,7","234,3","239,7","244,9","251,2",259,"267,9","274,7","284,3","292,2","302,6","310,1","316,4","324,7","331,2","338,2",346,"353,9","362,1","373,5","383,9","395,5","401,9","407,4","412,8","421,4","431,2"
AEO,High oil and natural gas resource and technology,United States,Electricity|Capacity by technology|Natural gas (peaker),GW,"136,5","138,7","139,8","139,5","137,7","137,3","137,5","138,1","136,2","136,2","136,1",136,"137,1","138,4","137,5","138,1","138,9","139,6","139,8",141,"143,3","145,6","147,6","149,1","150,2","151,7","153,9","155,6","158,7","162,1","164,6","168,8","172,2","176,1",179,"183,6"
AEO,High oil and natural gas resource and technology,United States,Electricity|Capacity by technology|Nuclear,GW,"98,5","99,1","97,3","96,6","97,4","97,1","97,2","97,4","97,8","97,1","96,3","94,6","94,8","94,7","94,8","94,4","93,7","93,2",93,"91,1","88,2","87,6","86,3","85,1","83,9","84,1","83,4","82,7","80,8","79,8","77,5","71,9","68,6","67,1","65,5","63,9"
AEO,High oil and natural gas resource and technology,United States,Electricity|Capacity by technology|Oil and Natural Gas Steam w/o CCS,GW,93,"95,7","94,3","91,4","91,1","88,4","80,9","78,4",77,"75,5","75,3",74,"72,6","71,7","70,4","69,1","68,3","67,2","67,8","65,9","65,9","65,3","63,2","63,3",64,64,64,"63,3","62,9","64,8","63,9","62,2",59,"58,9","57,9","57,5"
AEO,High oil and natural gas resource and technology,United States,Electricity|Emissions|CO2,Mt CO2e/yr,1919,1785,1769,1751,1765,1743,1664,1623,1609,1610,1616,1616,1596,1579,1556,1533,1529,1524,1520,1520,1528,1526,1528,1529,1529,1524,1522,1523,1526,1524,1523,1534,1542,1545,1548,1551
AEO,High oil and natural gas resource and technology,United States,Electricity|Generation by technology|Biomass,EJ/yr,"0,052128","0,019512","0,019224","0,023724","0,027468","0,027252","0,02304","0,023184","0,023292","0,024588","0,028224","0,031176","0,038664","0,038808","0,039564","0,041328","0,039492","0,037368","0,03582","0,035604","0,035532","0,03744","0,036108","0,038412","0,036756","0,036252","0,035064","0,035316","0,034956","0,034992","0,03708","0,038952","0,04014","0,039456","0,0396","0,041112"
AEO,High oil and natural gas resource and technology,United States,Electricity|Generation by technology|Coal,EJ/yr,"4,7628","4,3092","4,3308","4,2084","4,3236","4,2912","3,9528","3,7692","3,7008","3,6648","3,6612","3,6216","3,4848","3,3804","3,2616","3,1356","3,1032","3,0456","2,9916","2,9232","2,8764","2,8044","2,7468","2,6784","2,6064","2,5416","2,4732","2,4408","2,3976","2,3292","2,2536","2,1816","2,1348","2,0844","2,0412","1,998"
AEO,High oil and natural gas resource and technology,United States,Electricity|Generation by technology|Gas,EJ/yr,"3,996","4,2048","4,0644","4,302","4,212","4,1076","4,2372","4,3344","4,41","4,5324","4,6116","4,7448","4,9212","5,0652","5,2092","5,364","5,4576","5,5908","5,7204","5,9256","6,1488","6,3324","6,5196","6,732","6,9336","7,0848","7,2504","7,3908","7,5744","7,7724","8,0028","8,316","8,532","8,7048","8,874","9,054"
AEO,High oil and natural gas resource and technology,United States,Electricity|Generation by technology|Geothermal,EJ/yr,"0,057096","0,060336","0,061236","0,059148","0,058356","0,06606","0,074484","0,081504","0,089496","0,096192","0,100836","0,105048","0,113148","0,12096","0,128844","0,13698","0,143892","0,149688","0,154836","0,159228","0,162432","0,166176","0,169992","0,173304","0,175644","0,177372","0,178632","0,179928","0,181152","0,182556","0,1836","0,184608","0,18558","0,186732","0,18756","0,189036"
AEO,High oil and natural gas resource and technology,United States,Electricity|Generation by technology|Hydro,EJ/yr,"0,891468","0,94518","0,949572","1,024776","1,100088","1,105092","1,105164","1,105524","1,1052","1,1052","1,105164","1,105056","1,105056","1,105092","1,105128","1,105128","1,105128","1,105164","1,105164","1,1052","1,10592","1,10664","1,106676","1,106748","1,106784","1,106856","1,110348","1,110456","1,110528","1,110636","1,110744","1,110528","1,110564","1,112544","1,11258","1,11312"
AEO,High oil and natural gas resource and technology,United States,Electricity|Generation by technology|Nuclear,EJ/yr,"2,8692","2,8728","2,8512","2,8044","2,772","2,7432","2,7792","2,7936","2,8044","2,7828","2,7612","2,7108","2,718","2,7144","2,718","2,7036","2,6856","2,6712","2,6676","2,6136","2,5272","2,5092","2,4732","2,4372","2,4012","2,4084","2,3868","2,3688","2,3184","2,2896","2,2248","2,0664","1,9692","1,926","1,8792","1,8324"
AEO,High oil and natural gas resource and technology,United States,Electricity|Generation by technology|Offshore Wind,EJ/yr,0,"0,000108","0,00036","0,00036","0,00036","0,00036","0,00036","0,00036","0,00036","0,00036","0,00036","0,00036","0,00036","0,00036","0,00036","0,00036","0,00036","0,00036","0,00036","0,00036","0,00036","0,00036","0,00036","0,00036","0,00036","0,00036","0,00036","0,00036","0,00036","0,00036","0,00036","0,00036","0,00036","0,00036","0,00036","0,00036"
AEO,High oil and natural gas resource and technology,United States,Electricity|Generation by technology|Petroleum,EJ/yr,"0,0864","0,0684","0,0612","0,0612","0,0468","0,0432","0,0432","0,0432","0,0396","0,0396","0,0396","0,036","0,036","0,0324","0,0324","0,0324","0,0288","0,0288","0,0288","0,0288","0,0288","0,0288","0,0252","0,0252","0,0252","0,0252","0,0216","0,0216","0,0216","0,018","0,018","0,018","0,018","0,018","0,018","0,018"
AEO,High oil and natural gas resource and technology,United States,Electricity|Generation by technology|Solar PV,EJ/yr,"0,076212","0,109512","0,157896","0,178956","0,18684","0,18972","0,192312","0,192204","0,193284","0,193464","0,19404","0,193896","0,195012","0,207108","0,223668","0,228852","0,234216","0,247788","0,266688","0,277704","0,287244","0,292716","0,301284","0,309888","0,3204","0,32922","0,349488","0,365076","0,388476","0,401076","0,42678","0,438444","0,45954","0,476532","0,503604","0,529128"
AEO,High oil and natural gas resource and technology,United States,Electricity|Generation by technology|Solar Thermal,EJ/yr,"0,0117","0,011628","0,012528","0,01314","0,01314","0,01314","0,01314","0,01314","0,013104","0,01314","0,01314","0,01314","0,01314","0,01314","0,012852","0,012852","0,012852","0,012924","0,012852","0,012852","0,012924","0,012852","0,012816","0,012492","0,012492","0,012528","0,012564","0,0126","0,0126","0,012456","0,012456","0,012492","0,012492","0,012492","0,012672","0,012492"
AEO,High oil and natural gas resource and technology,United States,Electricity|Generation by technology|Wind,EJ/yr,"0,68616","0,795024","0,858924","0,92502","0,964188","1,1313","1,350648","1,485108","1,564884","1,57986","1,580364","1,581228","1,581876","1,582416","1,58346","1,58436","1,585224","1,586484","1,58796","1,589544","1,591056","1,592964","1,595772","1,5984","1,600776","1,603224","1,60614","1,60884","1,609884","1,610604","1,61298","1,61352","1,615356","1,61856","1,620504","1,622016"
AEO,High oil and natural gas resource and technology,United States,Emissions|GHG Emissions by gas without LULUCF|CO2,Mt CO2e/yr,7179,6943,6932,6951,6998,6959,6809,6734,6704,6698,6696,6681,6624,6577,6521,6462,6444,6430,6424,6432,6456,6461,6474,6491,6504,6505,6516,6535,6560,6578,6597,6640,6677,6704,6734,6769
AEO,High oil and natural gas resource and technology,United States,Energy|Final Energy Use by Sector|Electricity,EJ/yr,"40,29045","39,59415","39,46755","39,84735","40,1322","40,20605","40,20605","40,2799","40,4487","40,5542","40,62805","40,5753","40,5753","40,52255","40,4698","40,3432","40,33265","40,35375","40,4487","40,48035","40,5331","40,64915","40,73355","40,8707","40,9762","41,1028","41,2083","41,3138","41,3771","41,47205","41,5248","41,5037","41,55645","41,66195","41,78855","41,91515"
AEO,High oil and natural gas resource and technology,United States,Energy|Final Energy Use by Sector|Industry,EJ/yr,"32,71555","32,56785","33,09535","34,25585","35,07875","35,4902","36,00715","36,64015","37,29425","37,7479","38,0222","38,2543","38,2754","38,3387","38,41255","38,43365","38,4231","38,51805","38,6552","38,85565","39,0139","39,21435","39,3304","39,55195","39,7313","39,86845","39,99505","40,1111","40,24825","40,39595","40,54365","40,6386","40,75465","40,92345","41,145","41,40875"
AEO,High oil and natural gas resource and technology,United States,Energy|Final Energy Use by Sector|Transportation,EJ/yr,"29,48725","29,82485","30,07805","30,26795","30,28905","30,2152","30,12025","29,99365","29,78265","29,50835","29,2024","28,89645","28,66435","28,4639","28,274","28,07355","27,9364","27,852","27,84145","27,8731","27,9364","28,01025","28,1052","28,24235","28,3584","28,485","28,64325","28,83315","29,0547","29,29735","29,54","29,7932","30,0464","30,31015","30,58445","30,8693"
AEO,High oil and natural gas resource and technology,United States,Energy|Primary Energy Use|Biomass,EJ/yr,"3,0806","2,9118","2,90125","2,9329","2,96455","2,9751","2,96455","2,98565","3,0173","3,02785","3,0384","3,0384","3,07005","3,07005","3,07005","3,0595","3,0384","3,0173","3,0173","3,00675","3,00675","3,0173","3,0173","3,02785","3,02785","3,02785","3,0173","3,02785","3,0384","3,0384","3,0595","3,07005","3,07005","3,0595","3,0595","3,0595"
AEO,High oil and natural gas resource and technology,United States,Energy|Primary Energy Use|Coal,EJ/yr,"16,32085","14,69615","14,73835","14,2847","14,59065","14,48515","13,4618","12,90265","12,6811","12,54395","12,50175","12,33295","11,9004","11,5628","11,17245","10,761","10,6344","10,4445","10,26515","10,0647","9,8959","9,6638","9,4739","9,25235","9,0308","8,8198","8,6088","8,5033","8,3767","8,17625","7,9547","7,7226","7,5749","7,4272","7,3006","7,174"
AEO,High oil and natural gas resource and technology,United States,Energy|Primary Energy Use|Gas,EJ/yr,"29,74045","30,1941","30,35235","31,2702","31,34405","31,36515","31,93485","32,44125","32,90545","33,41185","33,7811","34,23475","34,59345","34,9416","35,33195","35,7012","35,90165","36,2709","36,64015","37,16765","37,73735","38,2332","38,6974","39,27765","39,8157","40,22715","40,7019","41,05005","41,4826","41,97845","42,52705","43,30775","43,87745","44,3733","44,8586","45,3439"
AEO,High oil and natural gas resource and technology,United States,Energy|Primary Energy Use|Hydro,EJ/yr,"2,4898","2,6375","2,64805","2,85905","3,07005","3,0806","3,0806","3,0806","3,0806","3,0806","3,0806","3,0806","3,0806","3,0806","3,0806","3,0806","3,0806","3,0806","3,0806","3,0806","3,0806","3,0806","3,0806","3,0806","3,0806","3,0806","3,09115","3,09115","3,09115","3,09115","3,09115","3,09115","3,09115","3,1017","3,1017","3,1017"
AEO,High oil and natural gas resource and technology,United States,Energy|Primary Energy Use|Nuclear,EJ/yr,"8,7987","8,7987","8,7354","8,59825","8,49275","8,40835","8,5244","8,55605","8,5877","8,5244","8,4611","8,30285","8,32395","8,32395","8,32395","8,2923","8,229","8,1868","8,17625","8,00745","7,7437","7,69095","7,58545","7,4694","7,3639","7,385","7,3217","7,2584","7,10015","7,01575","6,8153","6,33","6,0346","5,89745","5,7603","5,6126"
AEO,High oil and natural gas resource and technology,United States,Energy|Primary Energy Use|Oil,EJ/yr,"38,58135","38,9084","39,2038","39,9423","40,1533","40,01615","39,9423","39,9001","39,74185","39,48865","39,19325","38,89785","38,66575","38,4442","38,22265","38,0222","37,8745","37,75845","37,7268","37,77955","37,86395","37,98","38,0644","38,22265","38,37035","38,49695","38,6341","38,81345","39,035","39,27765","39,53085","39,78405","40,0478","40,33265","40,64915","41,0184"
AEO,High oil and natural gas resource and technology,United States,Energy|Primary Energy Use|Other Renewables,EJ/yr,"2,7852","3,19665","3,53425","3,7769","3,91405","4,42045","5,07455","5,47545","5,72865","5,8025","5,8025","5,8236","5,85525","5,908","5,98185","6,02405","6,0557","6,119","6,19285","6,2456","6,27725","6,31945","6,3511","6,40385","6,4566","6,48825","6,55155","6,61485","6,6887","6,74145","6,8153","6,86805","6,93135","6,9841","7,07905","7,174"
AEO,High oil and natural gas resource and technology,United States,Industry|Total emissions|CO2,Mt CO2e/yr,1438,1437,1443,1483,1514,1527,1526,1538,1555,1570,1581,1589,1582,1579,1575,1569,1566,1565,1567,1572,1579,1584,1587,1594,1598,1599,1601,1604,1608,1612,1616,1623,1629,1635,1642,1652
AEO,High oil and natural gas resource and technology,United States,Population and Economy|Economy|GDP PPP,billion US$2016/yr,"18343,3239","18628,5924","19147,6692","19588,437","19956,4893","20442,0051","21008,0673","21580,8417","22101,0372","22630,1823","23134,716","23554,2285","24008,4207","24496,1739","24954,8409","25420,2201","25919,1603","26466,2046","27077,0148","27731,4543","28367,9946","28992,2292","29619,8199","30283,209","30899,6127","31486,9302","32116,7583","32774,5539","33459,1983","34152,7923","34850,8611","35528,7933","36170,9271","36800,7552","37455,1947","38120,8212"
AEO,High oil and natural gas resource and technology,United States,Population and Economy|Population|Aged 16 and over,Millions,"256,7","259,3","261,9","264,3","266,8","269,3","271,7","274,1","276,6",279,"281,2","283,5","285,7","287,8","289,9",292,294,"296,1","298,1","300,1",302,304,"305,8","307,7","309,5","311,3","313,1","314,8","316,5","318,2","319,8","321,5","323,1","324,7","326,3","327,9"
AEO,High oil and natural gas resource and technology,United States,Population and Economy|Population|Aged 65 and over,Millions,48,"49,6","51,3",53,"54,8","56,7","58,5","60,5","62,4","64,2","66,2",68,"69,7","71,3","72,9","74,3","75,4","76,4","77,3","78,3","79,4","80,3",81,"81,5","81,9","82,4","82,7","83,2","83,6","84,1","84,8","85,4","86,1","86,7","87,3","88,1"
AEO,High oil and natural gas resource and technology,United States,Transportation|Total emissions|CO2,Mt CO2e/yr,1864,1866,1861,1879,1884,1879,1873,1864,1849,1831,1810,1790,1775,1761,1748,1734,1725,1719,1718,1720,1723,1727,1733,1741,1749,1756,1766,1778,1792,1806,1821,1836,1851,1865,1881,1898
AEO,High Oil Price,United States,Buildings|Emissions By Sub-Sector|Commercial,Mt CO2e/yr,917,878,868,830,819,813,791,777,775,778,778,772,763,755,748,740,739,740,741,741,741,742,743,743,744,746,748,751,754,758,762,767,771,775,779,783
AEO,High Oil Price,United States,Buildings|Emissions By Sub-Sector|Residential,Mt CO2e/yr,1041,977,985,950,937,925,898,881,876,877,876,868,859,849,840,831,828,825,823,821,818,817,814,811,808,807,805,804,802,801,800,798,795,792,789,786
AEO,High Oil Price,United States,Buildings|Energy Use By Sub-Sector|Commercial,EJ/yr,"18,93725","18,8001","18,68405","18,53635","18,47305","18,4414","18,40975","18,36755","18,34645","18,3781","18,36755","18,30425","18,26205","18,24095","18,24095","18,24095","18,26205","18,3148","18,36755","18,3992","18,4203","18,5047","18,57855","18,6735","18,76845","18,89505","19,02165","19,1588","19,33815","19,4542","19,59135","19,76015","19,9184","20,11885","20,30875","20,4881"
AEO,High Oil Price,United States,Buildings|Energy Use By Sub-Sector|Residential,EJ/yr,"21,6697","21,11055","21,3321","21,34265","21,30045","21,15275","21,02615","20,92065","20,8468","20,8257","20,7835","20,70965","20,6358","20,5936","20,5514","20,49865","20,47755","20,467","20,45645","20,4248","20,3826","20,39315","20,39315","20,41425","20,43535","20,47755","20,49865","20,51975","20,58305","20,5725","20,5725","20,5725","20,56195","20,56195","20,5514","20,51975"
AEO,High Oil Price,United States,Electricity|Capacity additions by technology|Coal,GW/yr,,,0,0,0,0,0,0,0,0,0,0,0,0,0,0,0,0,0,0,0,0,0,0,0,0,0,0,0,0,0,0,0,0,0,0
AEO,High Oil Price,United States,Electricity|Capacity additions by technology|Natural gas (nonpeaker),GW/yr,,,11,"16,9",18,18,18,18,18,18,18,18,18,18,18,18,18,18,18,18,18,18,18,18,18,18,18,18,18,18,18,18,18,18,18,18
AEO,High Oil Price,United States,Electricity|Capacity additions by technology|Natural gas (peaker),GW/yr,,,"1,3","1,3","1,3","2,3","2,3","2,3","2,3","2,3","2,3","2,3","2,3","2,3","2,3","2,3","2,3","2,3","2,3","2,3","2,3","2,3","2,3","2,3","2,3","2,3","2,3","2,3","2,3","2,3","2,3","2,3","2,3","2,3","2,3","2,3"
AEO,High Oil Price,United States,Electricity|Capacity additions by technology|Nuclear,GW/yr,,,0,0,"2,2","4,4","4,4","4,4","4,4","4,4","4,4","4,4","4,4","4,4","4,4","4,4","4,4","4,4","4,4","4,4","4,4","4,4","4,4","4,4","4,4","4,4","4,4","4,4","4,4","4,4","4,4","4,4","4,4","4,4","4,4","4,4"
AEO,High Oil Price,United States,Electricity|Capacity additions by technology|Oil and Natural Gas Steam w/o CCS,GW/yr,,,0,0,0,0,0,0,0,0,0,0,0,0,0,0,0,0,0,0,0,0,0,0,0,0,0,0,0,0,0,0,0,0,0,0
AEO,High Oil Price,United States,Electricity|Capacity additions by technology|Renewables,GW/yr,,,"13,2","15,4","15,4","15,8","15,8","15,8","15,8","15,8","15,8","15,8","15,8","15,8","15,8","15,8","15,8","15,8","15,8","15,8","15,8","15,8","15,8","15,8","15,8","15,8","15,8","15,8","15,8","15,8","15,8","15,8","15,8","15,8","15,8","15,8"
AEO,High Oil Price,United States,Electricity|Capacity by technology|Coal,GW,"273,6","261,7","257,4","246,5","233,4","225,5","211,9","201,1","197,9","197,9","194,6","192,4","191,1","188,9","184,8","182,8","177,4","176,4","176,1","175,5","174,1","172,3","171,3","171,3","171,3","170,8","170,8","170,8","170,8","170,8","170,8","169,5","169,5","169,5","169,5","169,5"
AEO,High Oil Price,United States,Electricity|Capacity by technology|Natural gas (nonpeaker),GW,202,"208,4","218,7","222,3","223,1","219,6","217,9","216,7","218,4","219,2","221,5","226,6","234,9","242,3","248,7","251,5","254,2","257,2","261,8","267,1","273,7","276,3","280,7","284,1","291,9","294,2","299,3","304,4","306,3","315,2","318,4","322,6","324,4","328,5","329,1","330,8"
AEO,High Oil Price,United States,Electricity|Capacity by technology|Natural gas (peaker),GW,"136,5","138,7","139,8","138,9","137,4","133,4",131,"130,2",129,"129,3","129,1","130,1","131,1","132,6",133,"132,6","133,5","132,6","133,3","134,6","135,9","136,6","138,4",140,"142,3","144,1","146,8","149,7","153,3","157,1","161,4","166,8","171,2","173,6","175,3","178,7"
AEO,High Oil Price,United States,Electricity|Capacity by technology|Nuclear,GW,"98,5","99,1","97,3","96,6","97,4","97,1","97,2","97,4","97,8","97,9","97,2",96,"96,3","96,4","96,5","96,5","96,3","95,8","95,6","93,7","90,6",90,"88,7","88,3","87,9","88,2","87,4","86,7",86,"84,6",83,"81,7","79,6","78,6","78,3","76,5"
AEO,High Oil Price,United States,Electricity|Capacity by technology|Oil and Natural Gas Steam w/o CCS,GW,93,"95,7","94,3","91,1","89,6","84,8","76,2","70,3","66,1","62,2",61,"60,8","55,6","53,1","49,6","47,2","46,5","46,1","43,8","42,3","40,6","40,4","40,4","38,9","36,9","35,5","34,8","33,2","32,5","30,6","26,9","25,9","25,1","24,6","20,4",19
AEO,High Oil Price,United States,Electricity|Emissions|CO2,Mt CO2e/yr,1919,1785,1768,1686,1679,1678,1634,1609,1617,1637,1641,1627,1603,1579,1556,1534,1527,1528,1527,1528,1529,1531,1531,1531,1531,1531,1532,1533,1534,1536,1537,1539,1541,1543,1544,1545
AEO,High Oil Price,United States,Electricity|Generation by technology|Biomass,EJ/yr,"0,052128","0,019512","0,017352","0,019908","0,021528","0,023112","0,022788","0,02322","0,023724","0,02754","0,03024","0,034236","0,03672","0,044892","0,048024","0,049176","0,047556","0,049104","0,049356","0,050004","0,052236","0,053208","0,05454","0,054612","0,054216","0,055944","0,060876","0,059436","0,060084","0,062568","0,06408","0,063504","0,083628","0,085644","0,091152","0,095832"
AEO,High Oil Price,United States,Electricity|Generation by technology|Coal,EJ/yr,"4,8744","4,4388","4,4568","4,0392","4,1148","4,2516","4,1616","4,14","4,212","4,2912","4,2624","4,1544","4,0716","3,9744","3,888","3,8412","3,8664","3,9096","3,9348","3,9384","3,8844","3,8808","3,8484","3,8232","3,7908","3,762","3,7044","3,6504","3,6324","3,5784","3,5604","3,5388","3,5316","3,5532","3,5604","3,5604"
AEO,High Oil Price,United States,Electricity|Generation by technology|Gas,EJ/yr,"4,8276","5,0904","4,9428","5,3748","5,1876","4,8744","4,7232","4,5936","4,536","4,5468","4,68","4,8744","5,0148","5,148","5,2524","5,2704","5,2632","5,2416","5,2776","5,382","5,5764","5,6556","5,7888","5,8932","6,0264","6,1236","6,2676","6,4044","6,4368","6,5916","6,7032","6,7716","6,8436","6,804","6,7896","6,8508"
AEO,High Oil Price,United States,Electricity|Generation by technology|Geothermal,EJ/yr,"0,057096","0,060336","0,061236","0,059148","0,05832","0,065952","0,073368","0,082008","0,091404","0,099504","0,105552","0,11196","0,119988","0,12798","0,135792","0,14328","0,150012","0,156456","0,161928","0,168084","0,173664","0,179568","0,185256","0,190764","0,196236","0,201744","0,205632","0,208872","0,216072","0,22212","0,228168","0,233604","0,2376","0,24102","0,2439","0,246636"
AEO,High Oil Price,United States,Electricity|Generation by technology|Hydro,EJ/yr,"0,891468","0,94518","0,949572","1,02474","1,100016","1,114272","1,114344","1,114308","1,11402","1,119276","1,122156","1,125036","1,125504","1,127412","1,129212","1,131408","1,132704","1,1331","1,13454","1,138608","1,13904","1,141236","1,145052","1,148256","1,148328","1,148508","1,149804","1,150452","1,150884","1,15236","1,153656","1,15596","1,156716","1,156788","1,156968","1,157148"
AEO,High Oil Price,United States,Electricity|Generation by technology|Nuclear,EJ/yr,"2,8692","2,8728","2,8512","2,8044","2,772","2,7432","2,7792","2,7936","2,8044","2,808","2,7828","2,7504","2,7576","2,7648","2,7648","2,7648","2,7576","2,7468","2,7396","2,6856","2,5956","2,5776","2,5416","2,5308","2,52","2,5272","2,502","2,484","2,4624","2,4228","2,376","2,34","2,2788","2,25","2,2428","2,1888"
AEO,High Oil Price,United States,Electricity|Generation by technology|Offshore Wind,EJ/yr,0,"0,000108","0,00036","0,00036","0,00036","0,00036","0,00036","0,00036","0,00036","0,00036","0,00036","0,00036","0,00036","0,00036","0,00036","0,00036","0,00036","0,00036","0,00036","0,00036","0,00036","0,00036","0,00036","0,00036","0,00036","0,00036","0,00036","0,00036","0,00036","0,00036","0,00036","0,00036","0,00036","0,00036","0,00036","0,00036"
AEO,High Oil Price,United States,Electricity|Generation by technology|Petroleum,EJ/yr,"0,1008","0,0756","0,0684","0,0612","0,0504","0,0504","0,0468","0,0468","0,0468","0,0468","0,0468","0,0432","0,0396","0,0396","0,0396","0,036","0,036","0,036","0,036","0,036","0,036","0,036","0,036","0,0324","0,0324","0,0324","0,0324","0,0288","0,0288","0,0288","0,0252","0,0252","0,0252","0,0252","0,0252","0,0252"
AEO,High Oil Price,United States,Electricity|Generation by technology|Solar PV,EJ/yr,"0,076212","0,109512","0,15786","0,225288","0,245052","0,254052","0,310032","0,323136","0,334332","0,341208","0,344124","0,348228","0,362772","0,38286","0,425808","0,490896","0,531648","0,59958","0,629028","0,681696","0,726552","0,76374","0,800784","0,84726","0,872496","0,886284","0,890172","0,896112","0,95706","0,976284","0,980676","0,990972","1,004076","1,059804","1,122768","1,170828"
AEO,High Oil Price,United States,Electricity|Generation by technology|Solar Thermal,EJ/yr,"0,0117","0,011628","0,012528","0,01314","0,01314","0,01314","0,01314","0,01314","0,01314","0,012996","0,012816","0,012816","0,012996","0,01296","0,01296","0,012996","0,01314","0,012888","0,012852","0,012852","0,012888","0,012888","0,0126","0,012204","0,012204","0,012132","0,012168","0,012204","0,01224","0,012204","0,01224","0,01224","0,012276","0,012024","0,012024","0,01206"
AEO,High Oil Price,United States,Electricity|Generation by technology|Wind,EJ/yr,"0,68616","0,795024","0,858924","0,924948","1,10016","1,321272","1,561464","1,753056","1,826532","1,83888","1,840356","1,842624","1,845684","1,848096","1,850544","1,854036","1,855548","1,857312","1,860408","1,875564","1,895904","1,919304","1,946124","1,976616","2,012148","2,052756","2,099592","2,154024","2,217276","2,235672","2,29572","2,377548","2,450448","2,543076","2,596032","2,66436"
AEO,High Oil Price,United States,Emissions|GHG Emissions by gas without LULUCF|CO2,Mt CO2e/yr,7179,6942,6918,6765,6734,6723,6637,6576,6581,6609,6601,6556,6500,6439,6386,6340,6328,6330,6331,6345,6348,6360,6368,6383,6399,6412,6420,6428,6437,6442,6456,6470,6489,6512,6534,6563
AEO,High Oil Price,United States,Energy|Final Energy Use by Sector|Electricity,EJ/yr,"40,2799","39,59415","39,42535","39,44645","39,80515","40,0689","40,39595","40,60695","40,92345","41,2294","41,34545","41,26105","41,17665","41,1028","41,0606","41,0184","41,02895","41,145","41,23995","41,356","41,42985","41,6514","41,85185","42,1156","42,3477","42,61145","42,82245","43,0229","43,3605","43,4871","43,62425","43,8458","44,04625","44,34165","44,63705","44,8586"
AEO,High Oil Price,United States,Energy|Final Energy Use by Sector|Industry,EJ/yr,"32,7472","32,54675","33,20085","34,3086","35,22645","35,9966","36,95665","37,69515","38,47585","39,10885","39,46755","39,76295","40,0689","40,2377","40,48035","40,77575","41,09225","41,51425","41,78855","42,18945","42,48485","42,8541","43,20225","43,677","44,10955","44,42605","44,6476","44,80585","45,0485","45,14345","45,2384","45,4283","45,75535","46,13515","46,51495","46,95805"
AEO,High Oil Price,United States,Energy|Final Energy Use by Sector|Transportation,EJ/yr,"29,48725","29,82485","29,5189","29,21295","28,9703","28,6538","28,41115","28,0841","27,73595","27,3878","27,03965","26,68095","26,3328","26,0163","25,71035","25,45715","25,2145","24,95075","24,80305","24,73975","24,69755","24,687","24,7292","24,80305","24,90855","25,0035","25,11955","25,2356","25,3622","25,47825","25,60485","25,742","25,8686","26,02685","26,2273","26,4594"
AEO,High Oil Price,United States,Energy|Primary Energy Use|Biomass,EJ/yr,"3,1228","2,9118","2,8907","2,9329","3,02785","3,09115","3,165","3,2072","3,2494","3,2916","3,30215","3,30215","3,32325","3,3549","3,36545","3,36545","3,3549","3,36545","3,376","3,38655","3,4182","3,44985","3,4815","3,5237","3,5448","3,59755","3,63975","3,6714","3,6925","3,72415","3,6714","3,6925","3,798","3,91405","3,95625","3,99845"
AEO,High Oil Price,United States,Energy|Primary Energy Use|Coal,EJ/yr,"16,32085","14,69615","14,67505","13,34575","13,5884","14,0315","13,8205","13,76775","14,0104","14,25305","14,1792","13,8416","13,59895","13,32465","13,07145","12,9554","13,05035","13,19805","13,30355","13,3563","13,15585","13,11365","12,9976","12,9132","12,81825","12,71275","12,4912","12,2802","12,1747","11,9637","11,88985","11,78435","11,7527","11,78435","11,78435","11,7738"
AEO,High Oil Price,United States,Energy|Primary Energy Use|Gas,EJ/yr,"29,74045","30,16245","30,62665","31,8188","31,6289","31,1858","31,0803","30,98535","31,06975","31,36515","31,87155","32,48345","32,88435","33,2325","33,60175","33,81275","33,9921","34,10815","34,3086","34,59345","35,1104","35,43745","35,88055","36,30255","36,7562","37,16765","37,65295","38,11715","38,3809","38,8451","39,2038","39,53085","39,879","40,0267","40,2588","40,6597"
AEO,High Oil Price,United States,Energy|Primary Energy Use|Hydro,EJ/yr,"2,4898","2,6375","2,64805","2,85905","3,07005","3,1017","3,1017","3,1017","3,1017","3,1228","3,13335","3,13335","3,13335","3,1439","3,1439","3,15445","3,15445","3,15445","3,165","3,17555","3,17555","3,1861","3,19665","3,19665","3,19665","3,19665","3,2072","3,2072","3,2072","3,2072","3,21775","3,21775","3,2283","3,2283","3,2283","3,2283"
AEO,High Oil Price,United States,Energy|Primary Energy Use|Nuclear,EJ/yr,"8,7987","8,7987","8,7354","8,59825","8,49275","8,40835","8,5244","8,55605","8,5877","8,59825","8,53495","8,44","8,45055","8,47165","8,4822","8,47165","8,4611","8,4189","8,3978","8,23955","7,9547","7,90195","7,79645","7,75425","7,7226","7,7437","7,66985","7,60655","7,54325","7,4272","7,29005","7,174","6,9841","6,8997","6,86805","6,7098"
AEO,High Oil Price,United States,Energy|Primary Energy Use|Oil,EJ/yr,"38,58135","38,91895","39,0561","39,1405","38,72905","38,34925","38,1699","37,8745","37,56855","37,18875","36,76675","36,36585","35,94385","35,54295","35,16315","34,86775","34,57235","34,36135","34,1187","34,0554","34,0343","34,04485","34,0554","34,15035","34,2664","34,31915","34,40355","34,4352","34,55125","34,5829","34,65675","34,7306","34,84665","34,9627","35,1526","35,35305"
AEO,High Oil Price,United States,Energy|Primary Energy Use|Other Renewables,EJ/yr,"2,77465","3,19665","3,5237","3,91405","4,4732","5,1273","5,9924","6,61485","6,8786","6,963","6,99465","7,03685","7,12125","7,20565","7,3428","7,56435","7,7015","7,90195","8,018","8,229","8,44","8,61935","8,8198","9,0519","9,2418","9,42115","9,56885","9,75875","10,13855","10,26515","10,45505","10,72935","10,9931","11,4151","11,7527","12,0903"
AEO,High Oil Price,United States,Industry|Total emissions|CO2,Mt CO2e/yr,1438,1436,1436,1472,1503,1534,1559,1577,1604,1631,1643,1650,1659,1662,1668,1678,1692,1710,1721,1739,1747,1757,1766,1780,1792,1799,1800,1800,1801,1797,1802,1804,1814,1819,1828,1842
AEO,High Oil Price,United States,Population and Economy|Economy|GDP PPP,billion US$2016/yr,"18343,3239","18628,5924","18926,1666","19120,8204","19548,1638","20101,9203","20765,3094","21409,6806","21999,2355","22634,6571","23197,3632","23619,1131","24011,7768","24423,4584","24820,5969","25230,0411","25613,7552","25978,4514","26491,9347","27158,6799","27798,5763","28431,7605","29126,4732","29852,5095","30561,7653","31256,478","31914,2736","32556,4074","33201,8973","33812,7075","34420,1616","34988,4612","35528,7933","36103,8051","36777,2625","37489,8744"
AEO,High Oil Price,United States,Population and Economy|Population|Aged 16 and over,Millions,"256,7","259,3","261,9","264,3","266,8","269,3","271,7","274,1","276,6",279,"281,2","283,5","285,7","287,8","289,9",292,294,"296,1","298,1","300,1",302,304,"305,8","307,7","309,5","311,3","313,1","314,8","316,5","318,2","319,8","321,5","323,1","324,7","326,3","327,9"
AEO,High Oil Price,United States,Population and Economy|Population|Aged 65 and over,Millions,48,"49,6","51,3",53,"54,8","56,7","58,5","60,5","62,4","64,2","66,2",68,"69,7","71,3","72,9","74,3","75,4","76,4","77,3","78,3","79,4","80,3",81,"81,5","81,9","82,4","82,7","83,2","83,6","84,1","84,8","85,4","86,1","86,7","87,3","88,1"
AEO,High Oil Price,United States,Transportation|Total emissions|CO2,Mt CO2e/yr,1864,1866,1861,1827,1796,1773,1755,1732,1709,1686,1663,1639,1616,1594,1574,1557,1542,1527,1519,1516,1513,1513,1514,1518,1524,1529,1535,1540,1546,1550,1555,1562,1568,1583,1594,1607
AEO,Low Macroeconomic Growth,United States,Buildings|Emissions By Sub-Sector|Commercial,Mt CO2e/yr,917,878,873,867,869,865,843,820,815,811,805,800,788,781,774,767,766,767,769,770,773,774,776,778,780,782,785,788,792,798,802,806,811,815,820,826
AEO,Low Macroeconomic Growth,United States,Buildings|Emissions By Sub-Sector|Residential,Mt CO2e/yr,1041,977,986,985,983,972,943,917,907,901,894,887,873,864,856,846,844,843,842,841,840,839,838,836,835,834,832,831,829,830,828,826,824,822,820,818
AEO,Low Macroeconomic Growth,United States,Buildings|Energy Use By Sub-Sector|Commercial,EJ/yr,"18,9478","18,8001","18,7579","18,74735","18,70515","18,68405","18,6524","18,568","18,53635","18,5258","18,5047","18,45195","18,40975","18,38865","18,3992","18,3781","18,3992","18,45195","18,51525","18,55745","18,57855","18,64185","18,6946","18,76845","18,8423","18,9478","19,0533","19,1588","19,27485","19,38035","19,50695","19,63355","19,73905","19,86565","20,0239","20,1505"
AEO,Low Macroeconomic Growth,United States,Buildings|Energy Use By Sub-Sector|Residential,EJ/yr,"21,6697","21,11055","21,32155","21,4376","21,3532","21,1633","21,00505","20,8468","20,7413","20,678","20,6147","20,5303","20,45645","20,39315","20,3615","20,3193","20,2982","20,2982","20,3193","20,2982","20,2771","20,2771","20,26655","20,256","20,26655","20,2982","20,2982","20,28765","20,28765","20,2771","20,256","20,2349","20,18215","20,13995","20,1083","20,05555"
AEO,Low Macroeconomic Growth,United States,Electricity|Capacity additions by technology|Coal,GW/yr,,,0,0,0,0,0,0,0,0,0,0,0,0,0,0,0,0,0,0,0,0,0,0,0,0,0,0,0,0,0,0,0,0,0,0
AEO,Low Macroeconomic Growth,United States,Electricity|Capacity additions by technology|Natural gas (nonpeaker),GW/yr,,,11,"16,9",18,18,18,18,18,18,18,18,18,18,18,18,18,18,18,18,18,18,18,18,18,18,18,18,18,18,18,18,18,18,18,18
AEO,Low Macroeconomic Growth,United States,Electricity|Capacity additions by technology|Natural gas (peaker),GW/yr,,,"1,3","1,3","1,3","2,3","2,3","2,3","2,3","2,3","2,3","2,3","2,3","2,3","2,3","2,3","2,3","2,3","2,3","2,3","2,3","2,3","2,3","2,3","2,3","2,3","2,3","2,3","2,3","2,3","2,3","2,3","2,3","2,3","2,3","2,3"
AEO,Low Macroeconomic Growth,United States,Electricity|Capacity additions by technology|Nuclear,GW/yr,,,0,0,"2,2","4,4","4,4","4,4","4,4","4,4","4,4","4,4","4,4","4,4","4,4","4,4","4,4","4,4","4,4","4,4","4,4","4,4","4,4","4,4","4,4","4,4","4,4","4,4","4,4","4,4","4,4","4,4","4,4","4,4","4,4","4,4"
AEO,Low Macroeconomic Growth,United States,Electricity|Capacity additions by technology|Oil and Natural Gas Steam w/o CCS,GW/yr,,,0,0,0,0,0,0,0,0,0,0,0,0,0,0,0,0,0,0,0,0,0,0,0,0,0,0,0,0,0,0,0,0,0,0
AEO,Low Macroeconomic Growth,United States,Electricity|Capacity additions by technology|Renewables,GW/yr,,,"13,2","15,4","15,4","15,8","15,8","15,8","15,8","15,8","15,8","15,8","15,8","15,8","15,8","15,8","15,8","15,8","15,8","15,8","15,8","15,8","15,8","15,8","15,8","15,8","15,8","15,8","15,8","15,8","15,8","15,8","15,8","15,8","15,8","15,8"
AEO,Low Macroeconomic Growth,United States,Electricity|Capacity by technology|Coal,GW,"273,6","261,7","257,4","246,4","233,3","224,9","213,5","206,2","203,5","200,6","195,7","192,3","191,2","188,7","186,6",183,"181,4","180,1","179,4","178,3",177,"176,4","174,4","172,1","171,7","170,9","170,4","169,9","169,4","168,1","166,5","165,1","164,5","163,9","163,9","162,4"
AEO,Low Macroeconomic Growth,United States,Electricity|Capacity by technology|Natural gas (nonpeaker),GW,202,"208,4","218,7","222,3","222,3","218,4","215,9","211,3","210,9","211,6","212,2","214,2","218,4","223,7","226,8","230,3","233,7","235,9","237,5","243,5",249,253,257,"262,7",267,"269,9","274,2","279,8","284,7",289,"294,2","299,9","305,9","313,3","318,3",324
AEO,Low Macroeconomic Growth,United States,Electricity|Capacity by technology|Natural gas (peaker),GW,"136,5","138,7","139,8","138,5","136,8",135,"131,9","131,2","130,1","129,1","129,1","128,5","128,8","128,2","128,5","128,6","127,9","129,1","130,4","131,5","133,2","133,9","135,5","136,3","137,5","139,4","141,7","144,2","145,6","146,1","147,3","150,1",153,"154,8","155,8","157,6"
AEO,Low Macroeconomic Growth,United States,Electricity|Capacity by technology|Nuclear,GW,"98,5","99,1","97,3","96,6","97,4","97,1","97,2","97,4","97,8","97,9","97,2",96,"96,3","96,4","96,5","96,5","96,3","95,8","95,6","93,7","90,6",90,"88,7","88,3","87,9","88,2","87,4","86,7",86,"83,7","82,1","80,8","78,7","77,7","77,4","75,6"
AEO,Low Macroeconomic Growth,United States,Electricity|Capacity by technology|Oil and Natural Gas Steam w/o CCS,GW,93,"95,7","94,3","91,3","90,6","84,9","75,3","67,3","63,7","61,7","61,5","61,5","60,6","58,3","57,4","58,1","57,5","57,2","57,2","54,8","55,2","55,2",55,"53,6",53,"52,7","52,7","49,6","48,6","48,4",49,49,49,49,"48,2","47,4"
AEO,Low Macroeconomic Growth,United States,Electricity|Emissions|CO2,Mt CO2e/yr,1919,1785,1769,1772,1792,1788,1732,1677,1667,1660,1644,1628,1596,1573,1553,1530,1526,1526,1527,1529,1531,1532,1533,1533,1534,1534,1534,1533,1533,1539,1538,1537,1537,1536,1537,1540
AEO,Low Macroeconomic Growth,United States,Electricity|Generation by technology|Biomass,EJ/yr,"0,052128","0,019728","0,019116","0,023148","0,027576","0,029196","0,024624","0,027936","0,030888","0,033012","0,036036","0,037692","0,049032","0,050724","0,05094","0,051444","0,05112","0,05112","0,049824","0,050508","0,051228","0,051156","0,051588","0,051552","0,052308","0,051984","0,051696","0,051768","0,05202","0,05274","0,053172","0,054756","0,05652","0,057672","0,058644","0,060372"
AEO,Low Macroeconomic Growth,United States,Electricity|Generation by technology|Coal,EJ/yr,"4,7628","4,3092","4,3308","4,3848","4,572","4,7196","4,5972","4,428","4,374","4,3092","4,2012","4,0932","3,9276","3,8088","3,6936","3,6","3,6072","3,5964","3,5892","3,5532","3,4956","3,4776","3,438","3,402","3,3624","3,3516","3,33","3,3012","3,2832","3,2724","3,2472","3,2148","3,1788","3,1644","3,1428","3,1104"
AEO,Low Macroeconomic Growth,United States,Electricity|Generation by technology|Gas,EJ/yr,"3,996","4,2048","4,05","4,0608","3,8412","3,4776","3,2904","3,2436","3,2904","3,3876","3,528","3,6756","3,8304","3,9528","4,0608","4,1184","4,0968","4,1364","4,1796","4,3092","4,5072","4,5828","4,716","4,8384","4,968","5,0076","5,0832","5,1696","5,2524","5,3532","5,4324","5,526","5,652","5,7132","5,7888","5,9328"
AEO,Low Macroeconomic Growth,United States,Electricity|Generation by technology|Geothermal,EJ/yr,"0,057096","0,060336","0,061236","0,059148","0,058392","0,066024","0,071424","0,080028","0,087948","0,094644","0,09954","0,105084","0,112752","0,121176","0,129564","0,137844","0,14454","0,150768","0,155736","0,160272","0,164196","0,168156","0,17082","0,173592","0,175752","0,177372","0,178956","0,181008","0,182628","0,184212","0,185724","0,187164","0,189216","0,190512","0,1926","0,193932"
AEO,Low Macroeconomic Growth,United States,Electricity|Generation by technology|Hydro,EJ/yr,"0,891468","0,94518","0,949572","1,024704","1,100016","1,11204","1,112076","1,11204","1,111716","1,112112","1,113696","1,113948","1,116072","1,11744","1,118304","1,11834","1,118664","1,1187","1,119456","1,120032","1,120572","1,121904","1,1223","1,123488","1,123524","1,12446","1,125684","1,125756","1,12626","1,12824","1,128312","1,12842","1,12878","1,128996","1,130328","1,131048"
AEO,Low Macroeconomic Growth,United States,Electricity|Generation by technology|Nuclear,EJ/yr,"2,8692","2,8728","2,8512","2,8044","2,772","2,7432","2,7792","2,7936","2,8044","2,808","2,7828","2,7504","2,7576","2,7648","2,7648","2,7648","2,7576","2,7468","2,7396","2,6856","2,5956","2,5776","2,5416","2,5308","2,52","2,5272","2,502","2,484","2,4624","2,4012","2,3544","2,3184","2,2572","2,2284","2,2176","2,1672"
AEO,Low Macroeconomic Growth,United States,Electricity|Generation by technology|Offshore Wind,EJ/yr,0,"0,000108","0,00036","0,00036","0,00036","0,00036","0,00036","0,00036","0,00036","0,00036","0,00036","0,00036","0,00036","0,00036","0,00036","0,00036","0,00036","0,00036","0,00036","0,00036","0,00036","0,00036","0,00036","0,00036","0,00036","0,00036","0,00036","0,00036","0,00036","0,00036","0,00036","0,00036","0,00036","0,00036","0,00036","0,00036"
AEO,Low Macroeconomic Growth,United States,Electricity|Generation by technology|Petroleum,EJ/yr,"0,0864","0,0684","0,0612","0,0612","0,0468","0,0468","0,0468","0,0432","0,0432","0,0432","0,0396","0,0396","0,036","0,0324","0,0324","0,0324","0,0324","0,0324","0,0324","0,0288","0,0288","0,0288","0,0288","0,0288","0,0288","0,0288","0,0252","0,0252","0,0252","0,0216","0,0216","0,0216","0,0216","0,0216","0,0216","0,0216"
AEO,Low Macroeconomic Growth,United States,Electricity|Generation by technology|Solar PV,EJ/yr,"0,076212","0,109512","0,15786","0,178344","0,185544","0,193392","0,245808","0,257796","0,257832","0,25776","0,258264","0,259416","0,268668","0,281268","0,31014","0,346896","0,373644","0,399132","0,429048","0,460692","0,471168","0,489852","0,5031","0,512892","0,515736","0,546552","0,583164","0,610128","0,637344","0,671832","0,712872","0,723168","0,724608","0,736308","0,743256","0,74502"
AEO,Low Macroeconomic Growth,United States,Electricity|Generation by technology|Solar Thermal,EJ/yr,"0,0117","0,011628","0,012528","0,01314","0,01314","0,01314","0,01314","0,01314","0,01314","0,01314","0,01314","0,013104","0,01314","0,01314","0,013032","0,013032","0,013032","0,01296","0,012888","0,012924","0,012924","0,012924","0,012924","0,01296","0,012924","0,012924","0,012924","0,013104","0,012492","0,012456","0,012276","0,012384","0,012348","0,01242","0,012276","0,012312"
AEO,Low Macroeconomic Growth,United States,Electricity|Generation by technology|Wind,EJ/yr,"0,68616","0,795024","0,858924","0,924984","0,965916","1,135512","1,354392","1,537128","1,5723","1,572804","1,573416","1,574388","1,57644","1,578348","1,579464","1,580652","1,581408","1,58256","1,58346","1,585188","1,589076","1,5921","1,594404","1,595808","1,596888","1,598256","1,602828","1,605348","1,60956","1,61406","1,626444","1,643328","1,664496","1,689444","1,697508","1,700964"
AEO,Low Macroeconomic Growth,United States,Emissions|GHG Emissions by gas without LULUCF|CO2,Mt CO2e/yr,7179,6942,6929,6969,7013,6991,6870,6749,6715,6672,6609,6545,6445,6373,6309,6238,6208,6190,6180,6176,6171,6161,6158,6155,6155,6149,6147,6146,6148,6164,6162,6163,6166,6166,6173,6187
AEO,Low Macroeconomic Growth,United States,Energy|Final Energy Use by Sector|Electricity,EJ/yr,"40,29045","39,59415","39,457","39,8157","40,0478","40,1111","40,16385","40,16385","40,2377","40,2799","40,1955","40,05835","39,95285","39,8579","39,82625","39,7524","39,74185","39,82625","39,95285","40,01615","39,99505","40,07945","40,1322","40,22715","40,33265","40,48035","40,5753","40,64915","40,7441","40,8074","40,86015","40,90235","40,8918","40,92345","41,00785","41,0395"
AEO,Low Macroeconomic Growth,United States,Energy|Final Energy Use by Sector|Industry,EJ/yr,"32,71555","32,54675","33,01095","34,0132","34,6884","34,99435","35,45855","35,9333","36,3342","36,51355","36,503","36,47135","36,28145","36,15485","36,081","36,0388","35,9544","35,96495","36,02825","36,15485","36,15485","36,17595","36,2498","36,32365","36,38695","36,3342","36,36585","36,3764","36,40805","36,4186","36,38695","36,34475","36,3342","36,3131","36,36585","36,45025"
AEO,Low Macroeconomic Growth,United States,Energy|Final Energy Use by Sector|Transportation,EJ/yr,"29,48725","29,8143","29,99365","30,0464","29,962","29,74045","29,50835","29,23405","28,91755","28,5061","28,063","27,6199","27,2612","26,95525","26,6704","26,3539","26,0796","25,8475","25,66815","25,52045","25,39385","25,2778","25,1934","25,1512","25,09845","25,05625","25,0457","25,05625","25,09845","25,14065","25,1723","25,1934","25,22505","25,2567","25,32","25,3622"
AEO,Low Macroeconomic Growth,United States,Energy|Primary Energy Use|Biomass,EJ/yr,"3,0806","2,9118","2,8907","2,92235","2,94345","2,954","2,94345","2,96455","2,98565","2,98565","2,98565","2,96455","3,00675","3,00675","2,98565","2,9751","2,94345","2,92235","2,9118","2,9118","2,90125","2,8907","2,8907","2,8907","2,8485","2,743","2,75355","2,7641","2,7641","2,7641","2,7641","2,7641","2,7641","2,75355","2,75355","2,743"
AEO,Low Macroeconomic Growth,United States,Energy|Primary Energy Use|Coal,EJ/yr,"16,32085","14,69615","14,7489","14,82275","15,3397","15,77225","15,403","14,8755","14,71725","14,48515","14,137","13,78885","13,2719","12,8921","12,52285","12,2169","12,20635","12,1536","12,1114","11,9848","11,78435","11,69995","11,55225","11,42565","11,2885","11,23575","11,1408","11,04585","10,96145","10,91925","10,8243","10,7188","10,5922","10,5289","10,4656","10,339"
AEO,Low Macroeconomic Growth,United States,Energy|Primary Energy Use|Gas,EJ/yr,"29,74045","30,16245","30,2785","30,5528","30,24685","29,5189","29,21295","29,27625","29,50835","29,8143","30,1519","30,52115","30,66885","30,8693","31,0803","31,1858","31,09085","31,2069","31,34405","31,68165","32,12475","32,31465","32,6417","32,9371","33,2536","33,3591","33,5701","33,7811","33,971","34,21365","34,4141","34,63565","34,93105","35,05765","35,26865","35,64845"
AEO,Low Macroeconomic Growth,United States,Energy|Primary Energy Use|Hydro,EJ/yr,"2,4898","2,6375","2,64805","2,85905","3,07005","3,1017","3,1017","3,1017","3,1017","3,1017","3,1017","3,1017","3,11225","3,11225","3,11225","3,11225","3,1228","3,1228","3,1228","3,1228","3,1228","3,1228","3,13335","3,13335","3,13335","3,13335","3,13335","3,13335","3,1439","3,1439","3,1439","3,1439","3,1439","3,1439","3,15445","3,15445"
AEO,Low Macroeconomic Growth,United States,Energy|Primary Energy Use|Nuclear,EJ/yr,"8,7987","8,7987","8,7354","8,59825","8,49275","8,40835","8,5244","8,55605","8,5877","8,59825","8,53495","8,44","8,45055","8,47165","8,4822","8,47165","8,4611","8,4189","8,3978","8,23955","7,9547","7,90195","7,79645","7,75425","7,7226","7,7437","7,66985","7,60655","7,54325","7,35335","7,2162","7,1107","6,9208","6,82585","6,80475","6,63595"
AEO,Low Macroeconomic Growth,United States,Energy|Primary Energy Use|Oil,EJ/yr,"38,58135","38,91895","39,19325","39,67855","39,7102","39,42535","39,23545","39,035","38,77125","38,37035","37,8956","37,4103","36,99885","36,6085","36,30255","35,98605","35,71175","35,45855","35,26865","35,14205","35,0049","34,86775","34,78335","34,72005","34,7095","34,67785","34,63565","34,6251","34,6462","34,67785","34,6673","34,6673","34,7095","34,74115","34,815","34,90995"
AEO,Low Macroeconomic Growth,United States,Energy|Primary Energy Use|Other Renewables,EJ/yr,"2,7852","3,19665","3,53425","3,7769","3,91405","4,431","5,2117","5,79195","5,91855","5,93965","5,96075","5,98185","6,0346","6,0979","6,2034","6,34055","6,42495","6,5199","6,6254","6,7309","6,78365","6,8575","6,91025","6,9419","6,963","7,05795","7,18455","7,26895","7,37445","7,4905","7,6382","7,7226","7,79645","7,90195","7,94415","7,96525"
AEO,Low Macroeconomic Growth,United States,Industry|Total emissions|CO2,Mt CO2e/yr,1438,1436,1441,1478,1505,1517,1518,1520,1532,1534,1529,1522,1504,1492,1483,1473,1467,1464,1463,1466,1465,1462,1463,1463,1464,1461,1459,1456,1454,1454,1449,1447,1445,1442,1442,1445
AEO,Low Macroeconomic Growth,United States,Population and Economy|Economy|GDP PPP,billion US$2016/yr,"18343,3239","18628,5924","19069,3602","19299,8124","19479,9231","19749,5298","20134,3626","20521,4328","20872,7046","21241,8756","21564,0612","21825,837","22139,073","22525,0245","22906,5012","23239,8738","23593,383","23967,0288","24421,221","24883,2441","25283,7387","25681,9959","26098,1523","26572,4811","27043,4538","27481,9842","27942,8886","28427,2857","28911,6828","29354,688","29751,8265","30136,6593","30528,2043","30927,5802","31350,4488","31772,1987"
AEO,Low Macroeconomic Growth,United States,Population and Economy|Population|Aged 16 and over,Millions,"256,7","259,3","261,5","263,5","265,4","267,4","269,3","271,3","273,2",275,"276,6","278,3",280,"281,8","283,6","285,4","287,1","288,8","290,4","292,1","293,6","295,2","296,7","298,1","299,5","300,9","302,2","303,5","304,7","305,9","307,1","308,3","309,4","310,6","311,8","312,9"
AEO,Low Macroeconomic Growth,United States,Population and Economy|Population|Aged 65 and over,Millions,48,"49,6","51,2","52,9","54,7","56,5","58,3","60,1","61,9","63,7","65,5","67,1","68,7","70,2","71,6","72,8","73,7","74,5","75,3","76,2","77,1","77,8","78,2","78,5","78,7","78,9","79,1","79,3","79,6",80,"80,4","80,8","81,3","81,7","82,1","82,5"
AEO,Low Macroeconomic Growth,United States,Transportation|Total emissions|CO2,Mt CO2e/yr,1864,1866,1860,1867,1864,1849,1834,1815,1794,1766,1737,1708,1684,1663,1643,1622,1605,1590,1579,1570,1562,1554,1548,1545,1542,1538,1537,1538,1540,1543,1545,1547,1549,1551,1554,1558
AEO,Low oil and natural gas resource and technology,United States,Buildings|Emissions By Sub-Sector|Commercial,Mt CO2e/yr,917,877,872,882,891,888,874,843,821,806,795,783,772,763,755,747,747,749,749,750,751,751,751,750,752,753,753,756,759,760,762,765,768,770,774,778
AEO,Low oil and natural gas resource and technology,United States,Buildings|Emissions By Sub-Sector|Residential,Mt CO2e/yr,1041,977,986,1002,1011,1000,981,946,920,902,889,876,863,853,842,833,831,830,828,826,824,822,818,813,811,809,804,802,800,796,792,789,785,780,777,774
AEO,Low oil and natural gas resource and technology,United States,Buildings|Energy Use By Sub-Sector|Commercial,EJ/yr,"18,9478","18,8001","18,74735","18,81065","18,85285","18,8634","18,8634","18,76845","18,76845","18,70515","18,62075","18,53635","18,4836","18,49415","18,5469","18,55745","18,6102","18,6946","18,78955","18,9056","18,99","19,12715","19,25375","19,40145","19,5386","19,69685","19,8762","20,045","20,2349","20,43535","20,6358","20,8679","21,06835","21,311","21,5431","21,76465"
AEO,Low oil and natural gas resource and technology,United States,Buildings|Energy Use By Sub-Sector|Residential,EJ/yr,"21,6697","21,1","21,32155","21,5431","21,5853","21,4587","21,34265","21,17385","21,1","20,98395","20,8679","20,7413","20,6569","20,6358","20,6358","20,6147","20,6358","20,6569","20,6991","20,75185","20,77295","20,8468","20,889","20,96285","21,0156","21,06835","21,13165","21,1633","21,21605","21,2688","21,311","21,3743","21,38485","21,42705","21,4376","21,4165"
AEO,Low oil and natural gas resource and technology,United States,Electricity|Capacity additions by technology|Coal,GW/yr,,,0,0,0,0,0,0,0,0,0,0,0,0,0,0,0,0,0,0,0,0,0,0,0,0,0,0,0,0,0,0,0,0,0,0
AEO,Low oil and natural gas resource and technology,United States,Electricity|Capacity additions by technology|Natural gas (nonpeaker),GW/yr,,,11,"16,9",18,18,18,18,18,18,18,18,18,18,18,18,18,18,18,18,18,18,18,18,18,18,18,18,18,18,18,18,18,18,18,18
AEO,Low oil and natural gas resource and technology,United States,Electricity|Capacity additions by technology|Natural gas (peaker),GW/yr,,,"1,3","1,3","1,3","2,3","2,3","2,3","2,3","2,3","2,3","2,3","2,3","2,3","2,3","2,3","2,3","2,3","2,3","2,3","2,3","2,3","2,3","2,3","2,3","2,3","2,3","2,3","2,3","2,3","2,3","2,3","2,3","2,3","2,3","2,3"
AEO,Low oil and natural gas resource and technology,United States,Electricity|Capacity additions by technology|Nuclear,GW/yr,,,0,0,"2,2","4,4","4,4","4,4","4,4","4,4","4,4","4,4","4,4","4,4","4,4","4,4","4,4","4,4","4,4","4,4","4,4","4,4","4,4","4,4","4,4","4,4","4,4","4,4","4,4","4,4","4,4","4,4","4,4","4,4","4,4","4,4"
AEO,Low oil and natural gas resource and technology,United States,Electricity|Capacity additions by technology|Oil and Natural Gas Steam w/o CCS,GW/yr,,,0,0,0,0,0,0,0,0,0,0,0,0,0,0,0,0,0,0,0,0,0,0,0,0,0,0,0,0,0,0,0,0,0,0
AEO,Low oil and natural gas resource and technology,United States,Electricity|Capacity additions by technology|Renewables,GW/yr,,,"13,2","15,4","15,4","15,8","15,8","15,8","15,8","15,8","15,8","15,8","15,8","15,8","15,8","15,8","15,8","15,8","15,8","15,8","15,8","15,8","15,8","15,8","15,8","15,8","15,8","15,8","15,8","15,8","15,8","15,8","15,8","15,8","15,8","15,8"
AEO,Low oil and natural gas resource and technology,United States,Electricity|Capacity by technology|Coal,GW,"273,6","261,7","257,4","246,9","238,1","235,2","227,7","225,3","224,5","220,4","216,1","211,6","210,5","210,5","209,8","209,8","209,8","209,8","209,8","209,4","209,4","209,4","209,4","209,4","209,4","209,4","209,4","209,4","209,4","209,4","209,4","209,4","209,4","209,4","209,4","209,4"
AEO,Low oil and natural gas resource and technology,United States,Electricity|Capacity by technology|Natural gas (nonpeaker),GW,202,"208,4","218,7","222,3","221,5","214,7","209,4","205,4",201,"200,6","201,2","203,3","204,9","205,3","206,1","205,6","205,3","205,3","204,8","203,2",205,"206,7","210,2","210,4",210,"209,1","209,5","208,6","207,9","209,3","203,5",202,"202,4","203,7","204,2","206,4"
AEO,Low oil and natural gas resource and technology,United States,Electricity|Capacity by technology|Natural gas (peaker),GW,"136,5","138,7","139,8",137,"134,9","132,1","130,1","129,1","126,8","125,1",125,"125,9","127,2",128,129,"130,6","131,8","133,6","135,7","136,1","137,5","139,6","142,8","144,8",146,"149,2","152,4","156,2","160,8","164,3","167,1","172,2","175,7",176,"178,8","182,1"
AEO,Low oil and natural gas resource and technology,United States,Electricity|Capacity by technology|Nuclear,GW,"98,5","99,1","97,3","96,6","97,4","97,1","97,2","97,4","97,8","97,9","97,2",96,"96,3","96,4","96,5","96,5","96,3","95,8","95,6","93,7","91,4","92,8","93,6","95,4",95,"95,5","95,6","96,6","98,9","100,9","101,1","103,7","103,3","106,8","108,2","109,3"
AEO,Low oil and natural gas resource and technology,United States,Electricity|Capacity by technology|Oil and Natural Gas Steam w/o CCS,GW,93,"95,7","94,3","90,9","88,2","82,6","73,2","63,9","59,3","53,8",46,"41,6",39,"35,8","34,9",34,34,34,"32,1","31,1","28,9",28,"25,4","24,2","24,2","22,6","22,1","22,1","21,9","18,8","17,9","17,4","17,4","16,9","16,5","16,5"
AEO,Low oil and natural gas resource and technology,United States,Electricity|Emissions|CO2,Mt CO2e/yr,1919,1784,1770,1818,1869,1870,1845,1774,1724,1686,1660,1629,1600,1575,1550,1528,1528,1530,1529,1531,1531,1531,1528,1522,1523,1522,1516,1515,1516,1512,1510,1508,1507,1502,1503,1505
AEO,Low oil and natural gas resource and technology,United States,Electricity|Generation by technology|Biomass,EJ/yr,"0,052128","0,019692","0,018252","0,02286","0,02862","0,032256","0,035244","0,039456","0,040248","0,04446","0,05328","0,060012","0,061956","0,063108","0,065952","0,06804","0,070812","0,075996","0,086364","0,096444","0,106488","0,10782","0,111276","0,127548","0,130824","0,1395","0,144684","0,153252","0,160668","0,17406","0,18468","0,196812","0,204732","0,219024","0,23058","0,241272"
AEO,Low oil and natural gas resource and technology,United States,Electricity|Generation by technology|Coal,EJ/yr,"4,7628","4,3128","4,3308","4,6368","5,058","5,256","5,31","5,1048","5,022","4,8564","4,7304","4,5828","4,4784","4,4064","4,338","4,266","4,2804","4,2912","4,2984","4,3272","4,3308","4,356","4,3668","4,3704","4,3812","4,392","4,3884","4,374","4,3704","4,374","4,3776","4,392","4,392","4,4064","4,4172","4,4064"
AEO,Low oil and natural gas resource and technology,United States,Electricity|Generation by technology|Gas,EJ/yr,"3,996","4,2012","4,068","3,8484","3,33","2,88","2,5164","2,3976","2,16","2,2644","2,3616","2,4948","2,5308","2,4948","2,4588","2,4444","2,4012","2,4084","2,3868","2,3508","2,3616","2,2932","2,2608","2,196","2,1852","2,1492","2,0988","2,1312","2,1492","2,1096","2,088","2,016","1,9944","1,9116","1,89","1,9368"
AEO,Low oil and natural gas resource and technology,United States,Electricity|Generation by technology|Geothermal,EJ/yr,"0,057096","0,060336","0,061236","0,059292","0,058392","0,065988","0,074772","0,0828","0,094356","0,10098","0,107964","0,11538","0,124272","0,133416","0,142344","0,151884","0,159156","0,166464","0,175032","0,18144","0,186912","0,195624","0,206424","0,21528","0,221148","0,225972","0,230004","0,234144","0,241632","0,249408","0,252036","0,254664","0,25758","0,260496","0,26388","0,265788"
AEO,Low oil and natural gas resource and technology,United States,Electricity|Generation by technology|Hydro,EJ/yr,"0,891468","0,94518","0,949572","1,02474","1,100052","1,12644","1,126476","1,130508","1,13544","1,139364","1,13976","1,141776","1,143972","1,147572","1,148256","1,148256","1,149228","1,151676","1,153044","1,15524","1,156932","1,15866","1,161036","1,162512","1,163052","1,163412","1,164096","1,16478","1,165428","1,165752","1,166508","1,166868","1,1682","1,17252","1,172952","1,173528"
AEO,Low oil and natural gas resource and technology,United States,Electricity|Generation by technology|Nuclear,EJ/yr,"3,996","4,2012","4,068","3,8484","3,33","2,88","2,5164","2,3976","2,16","2,2644","2,3616","2,4948","2,5308","2,4948","2,4588","2,4444","2,4012","2,4084","2,3868","2,3508","2,3616","2,2932","2,2608","2,196","2,1852","2,1492","2,0988","2,1312","2,1492","2,1096","2,088","2,016","1,9944","1,9116","1,89","1,9368"
AEO,Low oil and natural gas resource and technology,United States,Electricity|Generation by technology|Offshore Wind,EJ/yr,0,"0,000108","0,00036","0,00036","0,00036","0,00036","0,00036","0,00036","0,00036","0,00036","0,00036","0,00036","0,00036","0,00036","0,00036","0,00036","0,00036","0,00036","0,00036","0,00036","0,00036","0,00036","0,00036","0,00036","0,00036","0,00036","0,00036","0,00036","0,00036","0,00036","0,00036","0,00036","0,00036","0,00036","0,00036","0,00036"
AEO,Low oil and natural gas resource and technology,United States,Electricity|Generation by technology|Petroleum,EJ/yr,"0,0864","0,0684","0,0612","0,0612","0,0504","0,0504","0,0504","0,0468","0,0468","0,0468","0,0432","0,0396","0,0396","0,036","0,036","0,036","0,0324","0,0324","0,0324","0,0324","0,0324","0,0324","0,0324","0,0324","0,0324","0,0324","0,0288","0,0288","0,0288","0,0252","0,0252","0,0252","0,0252","0,0252","0,0252","0,0252"
AEO,Low oil and natural gas resource and technology,United States,Electricity|Generation by technology|Solar PV,EJ/yr,"0,076212","0,109512","0,157896","0,183204","0,197712","0,2556","0,314964","0,38916","0,47646","0,512424","0,54144","0,576864","0,622692","0,717804","0,840456","0,937872","0,99036","1,02618","1,070928","1,1871","1,289736","1,344384","1,388088","1,425672","1,464516","1,493352","1,569672","1,593","1,59948","1,620612","1,640448","1,658952","1,665","1,659492","1,669572","1,682064"
AEO,Low oil and natural gas resource and technology,United States,Electricity|Generation by technology|Solar Thermal,EJ/yr,"0,0117","0,011628","0,012528","0,01314","0,01314","0,01314","0,01314","0,01314","0,013068","0,012996","0,013068","0,013068","0,01296","0,013068","0,012852","0,012888","0,012888","0,012924","0,012924","0,012924","0,012888","0,012708","0,012708","0,012348","0,012384","0,012384","0,012384","0,01242","0,012384","0,012384","0,012096","0,012132","0,012024","0,012024","0,012024","0,011952"
AEO,Low oil and natural gas resource and technology,United States,Electricity|Generation by technology|Wind,EJ/yr,"0,68616","0,795024","0,858924","0,924984","1,06722","1,259208","1,479348","1,7199","1,98378","2,0385","2,042676","2,046528","2,05506","2,06856","2,08008","2,083212","2,087496","2,10726","2,134152","2,165328","2,201148","2,24244","2,290176","2,3454","2,408256","2,48112","2,565864","2,588688","2,607912","2,667348","2,762568","2,832876","2,939508","3,0132","3,054744","3,076704"
AEO,Low oil and natural gas resource and technology,United States,Emissions|GHG Emissions by gas without LULUCF|CO2,Mt CO2e/yr,7179,6939,6928,7061,7179,7174,7120,6968,6845,6734,6641,6547,6454,6375,6300,6239,6223,6217,6209,6214,6216,6215,6210,6208,6217,6226,6226,6241,6261,6273,6287,6298,6313,6321,6343,6368
AEO,Low oil and natural gas resource and technology,United States,Energy|Final Energy Use by Sector|Electricity,EJ/yr,"40,29045","39,5836","39,457","40,10055","40,73355","41,0184","41,3138","41,38765","41,6514","41,6303","41,49315","41,3138","41,2294","41,2505","41,34545","41,38765","41,51425","41,70415","41,93625","42,25275","42,4743","42,8119","43,11785","43,4871","43,7825","44,1201","44,4788","44,7531","45,0907","45,4705","45,83975","46,2512","46,57825","46,97915","47,33785","47,6227"
AEO,Low oil and natural gas resource and technology,United States,Energy|Final Energy Use by Sector|Industry,EJ/yr,"32,71555","32,52565","32,98985","33,9921","35,07875","35,5746","36,19705","36,7562","37,1782","37,23095","37,10435","36,95665","36,80895","36,6718","36,61905","36,6296","36,6929","36,83005","36,95665","37,25205","37,44195","37,6424","37,8323","38,13825","38,39145","38,66575","38,91895","39,1405","39,40425","39,67855","39,91065","39,99505","40,24825","40,5542","40,8707","41,17665"
AEO,Low oil and natural gas resource and technology,United States,Energy|Final Energy Use by Sector|Transportation,EJ/yr,"29,48725","29,82485","30,03585","30,20465","30,18355","30,03585","29,88815","29,67715","29,3712","28,9914","28,60105","28,20015","27,88365","27,60935","27,3878","27,18735","27,01855","26,9025","26,82865","26,8181","26,84975","26,87085","26,91305","27,01855","27,1135","27,20845","27,35615","27,52495","27,73595","27,96805","28,2107","28,4428","28,6749","28,89645","29,1391","29,38175"
AEO,Low oil and natural gas resource and technology,United States,Energy|Primary Energy Use|Biomass,EJ/yr,"3,0806","2,9118","2,8907","2,92235","2,96455","2,9962","3,0173","3,0595","3,09115","3,11225","3,1439","3,15445","3,15445","3,165","3,165","3,165","3,165","3,1861","3,2283","3,25995","3,30215","3,3127","3,3338","3,4182","3,42875","3,47095","3,5026","3,5448","3,59755","3,66085","3,70305","3,63975","3,6714","3,74525","3,80855","3,8613"
AEO,Low oil and natural gas resource and technology,United States,Energy|Primary Energy Use|Coal,EJ/yr,"16,32085","14,69615","14,73835","15,5929","16,84835","17,4075","17,5974","17,01715","16,74285","16,17315","15,7195","15,2131","14,8333","14,5801","14,3269","14,0948","14,137","14,137","14,14755","14,23195","14,2214","14,2847","14,29525","14,3058","14,31635","14,348","14,33745","14,29525","14,27415","14,2847","14,29525","14,348","14,35855","14,40075","14,4324","14,40075"
AEO,Low oil and natural gas resource and technology,United States,Energy|Primary Energy Use|Gas,EJ/yr,"29,74045","30,1308","30,2152","29,93035","29,0336","28,09465","27,3456","27,10295","26,5649","26,6704","26,72315","26,82865","26,7337","26,5438","26,40665","26,38555","26,3539","26,4805","26,49105","26,51215","26,6282","26,51215","26,4594","26,38555","26,4383","26,46995","26,46995","26,65985","26,80755","26,78645","26,80755","26,6915","26,7337","26,6493","26,7337","26,93415"
AEO,Low oil and natural gas resource and technology,United States,Energy|Primary Energy Use|Hydro,EJ/yr,"2,4898","2,6375","2,64805","2,85905","3,07005","3,1439","3,1439","3,15445","3,165","3,17555","3,17555","3,1861","3,1861","3,19665","3,19665","3,19665","3,2072","3,2072","3,21775","3,21775","3,2283","3,2283","3,23885","3,23885","3,23885","3,23885","3,2494","3,2494","3,2494","3,2494","3,2494","3,2494","3,25995","3,2705","3,2705","3,2705"
AEO,Low oil and natural gas resource and technology,United States,Energy|Primary Energy Use|Nuclear,EJ/yr,"8,7987","8,7987","8,7354","8,59825","8,49275","8,40835","8,5244","8,55605","8,5877","8,59825","8,53495","8,44","8,45055","8,47165","8,4822","8,47165","8,4611","8,4189","8,3978","8,23955","8,018","8,11295","8,1868","8,3345","8,3345","8,3767","8,3767","8,45055","8,6299","8,80925","8,8409","9,0519","9,04135","9,3051","9,4528","9,5372"
AEO,Low oil and natural gas resource and technology,United States,Energy|Primary Energy Use|Oil,EJ/yr,"38,58135","38,91895","39,2038","39,78405","40,03725","39,93175","39,9001","39,7946","39,59415","39,246","38,8662","38,4864","38,1488","37,8323","37,5791","37,35755","37,1782","37,04105","36,95665","36,9883","37,01995","37,08325","37,16765","37,3259","37,48415","37,6424","37,8112","37,98","38,2332","38,5075","38,7818","39,0561","39,3515","39,6469","39,95285","40,29045"
AEO,Low oil and natural gas resource and technology,United States,Energy|Primary Energy Use|Other Renewables,EJ/yr,"2,7852","3,2072","3,53425","3,798","4,23055","4,96905","5,77085","6,6887","7,71205","7,98635","8,1024","8,23955","8,4189","8,74595","9,14685","9,4528","9,63215","9,80095","10,03305","10,4656","10,8665","11,17245","11,4573","11,74215","12,0481","12,3435","12,81825","12,96595","13,0609","13,30355","13,64115","13,9049","14,23195","14,4324","14,6012","14,7067"
AEO,Low oil and natural gas resource and technology,United States,Industry|Total emissions|CO2,Mt CO2e/yr,1438,1435,1440,1483,1530,1547,1560,1560,1555,1541,1525,1512,1494,1477,1462,1454,1451,1450,1450,1456,1458,1458,1458,1462,1465,1470,1473,1477,1482,1486,1490,1490,1494,1497,1504,1511
AEO,Low oil and natural gas resource and technology,United States,Population and Economy|Economy|GDP PPP,billion US$2016/yr,"18343,3239","18628,5924","19148,7879","19591,7931","19925,1657","20354,7465","20890,6038","21417,5115","21875,0598","22360,5756","22837,1418","23207,4315","23613,5196","24072,1866","24549,8715","25040,9808","25537,6836","26065,71","26638,4844","27252,6507","27853,3926","28441,8288","29030,265","29675,7549","30285,4464","30878,3574","31512,6603","32176,0494","32868,5247",33561,"34257,9501","34930,2888","35550,0486","36154,1466","36766,0755","37392,5475"
AEO,Low oil and natural gas resource and technology,United States,Population and Economy|Population|Aged 16 and over,Millions,"256,7","259,3","261,9","264,3","266,8","269,3","271,7","274,1","276,6",279,"281,2","283,5","285,7","287,8","289,9",292,294,"296,1","298,1","300,1",302,304,"305,8","307,7","309,5","311,3","313,1","314,8","316,5","318,2","319,8","321,5","323,1","324,7","326,3","327,9"
AEO,Low oil and natural gas resource and technology,United States,Population and Economy|Population|Aged 65 and over,Millions,48,"49,6","51,3",53,"54,8","56,7","58,5","60,5","62,4","64,2","66,2",68,"69,7","71,3","72,9","74,3","75,4","76,4","77,3","78,3","79,4","80,3",81,"81,5","81,9","82,4","82,7","83,2","83,6","84,1","84,8","85,4","86,1","86,7","87,3","88,1"
AEO,Low oil and natural gas resource and technology,United States,Transportation|Total emissions|CO2,Mt CO2e/yr,1864,1866,1860,1876,1878,1869,1860,1845,1825,1799,1772,1747,1725,1707,1691,1677,1666,1658,1653,1651,1652,1653,1655,1661,1666,1672,1680,1691,1704,1719,1733,1746,1759,1772,1785,1800
AEO,Low Oil Price,United States,Buildings|Emissions By Sub-Sector|Commercial,Mt CO2e/yr,917,878,888,892,899,898,883,863,852,844,836,826,815,807,801,792,793,794,794,794,795,796,797,798,798,799,800,804,807,811,815,820,824,829,833,839
AEO,Low Oil Price,United States,Buildings|Emissions By Sub-Sector|Residential,Mt CO2e/yr,1041,977,988,1000,1006,998,976,952,937,927,918,908,896,886,876,867,865,863,861,859,857,856,855,852,850,847,845,843,841,839,837,836,834,831,828,826
AEO,Low Oil Price,United States,Buildings|Energy Use By Sub-Sector|Commercial,EJ/yr,"18,9478","18,8001","18,95835","19,04275","19,0955","19,12715","19,1588","19,1377","19,14825","19,12715","19,08495","19,0111","18,95835","18,93725","18,95835","18,91615","18,9689","19,00055","19,0744","19,1166","19,14825","19,2221","19,27485","19,35925","19,44365","19,57025","19,6863","19,82345","19,97115","20,11885","20,24545","20,39315","20,51975","20,678","20,85735","21,0156"
AEO,Low Oil Price,United States,Buildings|Energy Use By Sub-Sector|Residential,EJ/yr,"21,6697","21,11055","21,3321","21,57475","21,6064","21,5009","21,4165","21,32155","21,25825","21,19495","21,13165","21,02615","20,96285","20,9101","20,8679","20,81515","20,8046","20,7835","20,8046","20,81515","20,79405","20,81515","20,81515","20,8257","20,8468","20,889","20,9101","20,92065","20,92065","20,94175","20,92065","20,9101","20,87845","20,8468","20,8257","20,7835"
AEO,Low Oil Price,United States,Electricity|Capacity additions by technology|Coal,GW/yr,,,0,0,0,0,0,0,0,0,0,0,0,0,0,0,0,0,0,0,0,0,0,0,0,0,0,0,0,0,0,0,0,0,0,0
AEO,Low Oil Price,United States,Electricity|Capacity additions by technology|Natural gas (nonpeaker),GW/yr,,,11,"16,9",18,18,18,18,18,18,18,18,18,18,18,18,18,18,18,18,18,18,18,18,18,18,18,18,18,18,18,18,18,18,18,18
AEO,Low Oil Price,United States,Electricity|Capacity additions by technology|Natural gas (peaker),GW/yr,,,"1,3","1,3","1,3","2,3","2,3","2,3","2,3","2,3","2,3","2,3","2,3","2,3","2,3","2,3","2,3","2,3","2,3","2,3","2,3","2,3","2,3","2,3","2,3","2,3","2,3","2,3","2,3","2,3","2,3","2,3","2,3","2,3","2,3","2,3"
AEO,Low Oil Price,United States,Electricity|Capacity additions by technology|Nuclear,GW/yr,,,0,0,"2,2","4,4","4,4","4,4","4,4","4,4","4,4","4,4","4,4","4,4","4,4","4,4","4,4","4,4","4,4","4,4","4,4","4,4","4,4","4,4","4,4","4,4","4,4","4,4","4,4","4,4","4,4","4,4","4,4","4,4","4,4","4,4"
AEO,Low Oil Price,United States,Electricity|Capacity additions by technology|Oil and Natural Gas Steam w/o CCS,GW/yr,,,0,0,0,0,0,0,0,0,0,0,0,0,0,0,0,0,0,0,0,0,0,0,0,0,0,0,0,0,0,0,0,0,0,0
AEO,Low Oil Price,United States,Electricity|Capacity additions by technology|Renewables,GW/yr,,,"13,2","15,4","15,4","15,8","15,8","15,8","15,8","15,8","15,8","15,8","15,8","15,8","15,8","15,8","15,8","15,8","15,8","15,8","15,8","15,8","15,8","15,8","15,8","15,8","15,8","15,8","15,8","15,8","15,8","15,8","15,8","15,8","15,8","15,8"
AEO,Low Oil Price,United States,Electricity|Capacity by technology|Coal,GW,"273,6","261,7","257,4","246,6","232,9",222,"211,4","208,8","206,9","202,5","198,3","193,9","190,6","187,1","183,2","179,6","177,2","175,8","174,1","172,8","171,3","169,2","168,5","166,7","164,9","163,9","162,8","162,5","161,9",160,"158,5","158,5","157,4","156,6","156,6","156,6"
AEO,Low Oil Price,United States,Electricity|Capacity by technology|Natural gas (nonpeaker),GW,202,"208,4","218,7","222,3","222,9","220,4","218,7","216,5","216,4","217,5","219,8","225,3","230,7","237,6","245,3","251,7","256,1","260,7","261,6","266,6","275,3","280,6","287,6","292,8","299,9","304,9","307,2","313,3","316,1","318,8","324,9","329,6",336,"340,2","347,3","355,3"
AEO,Low Oil Price,United States,Electricity|Capacity by technology|Natural gas (peaker),GW,"136,5","138,7","139,8","139,2","138,7","138,3","134,3","131,9","131,2","131,2","131,2","131,8","132,6","133,8",134,"135,4","137,4","138,2","139,2","140,3","141,6","143,2","145,2","147,7",149,"149,6","151,5","153,8","156,4","158,4","160,6","164,1","166,8","170,1",172,"175,1"
AEO,Low Oil Price,United States,Electricity|Capacity by technology|Nuclear,GW,"98,5","99,1","97,3","96,6","97,4","97,1","97,2","97,4","97,8","97,9","97,2",96,"96,3","96,4","96,5","96,5","96,3","95,8","95,6","93,7","90,6",90,"88,7","88,3","87,9","88,2","87,4","86,7",86,"84,6",83,"81,7","79,6","78,6","78,3","76,5"
AEO,Low Oil Price,United States,Electricity|Capacity by technology|Oil and Natural Gas Steam w/o CCS,GW,93,"95,7","94,3","91,4","90,5","85,9",78,"72,1","67,6","67,3","66,5","65,5",64,"64,6","61,8","56,9","56,3","54,6","53,3","53,3","50,9","50,8","50,1","50,1","48,7","46,8","45,4",45,45,"44,1","44,1","44,1","43,5","40,9","40,4","40,4"
AEO,Low Oil Price,United States,Electricity|Emissions|CO2,Mt CO2e/yr,1919,1785,1770,1797,1827,1824,1779,1728,1701,1683,1662,1637,1608,1585,1562,1540,1537,1538,1539,1539,1540,1542,1542,1541,1538,1537,1536,1537,1539,1540,1542,1546,1548,1550,1550,1554
AEO,Low Oil Price,United States,Electricity|Generation by technology|Biomass,EJ/yr,"0,052128","0,019728","0,019944","0,024732","0,028152","0,030996","0,029808","0,029412","0,031176","0,034092","0,044892","0,046512","0,047484","0,050004","0,052236","0,052812","0,05328","0,054972","0,054972","0,054936","0,059868","0,060516","0,061236","0,0612","0,062136","0,062352","0,063036","0,06498","0,067068","0,069336","0,071316","0,071964","0,074052","0,076356","0,077004","0,081396"
AEO,Low Oil Price,United States,Electricity|Generation by technology|Coal,EJ/yr,"4,7628","4,3092","4,3344","4,4568","4,6512","4,7628","4,68","4,536","4,4424","4,338","4,2192","4,068","3,9168","3,8016","3,6756","3,5784","3,5748","3,5496","3,5352","3,5064","3,4344","3,3984","3,3516","3,3192","3,2868","3,2652","3,2436","3,2256","3,2004","3,168","3,1248","3,1032","3,0708","3,0564","3,0492","3,0168"
AEO,Low Oil Price,United States,Electricity|Generation by technology|Gas,EJ/yr,"3,996","4,2048","4,0752","4,0824","3,9204","3,6432","3,4668","3,3264","3,3012","3,4308","3,6","3,8052","3,9672","4,0932","4,2372","4,3236","4,3272","4,4208","4,4712","4,5648","4,7988","4,932","5,1012","5,2092","5,3136","5,3748","5,4504","5,5368","5,6412","5,7384","5,886","5,994","6,1416","6,2208","6,2748","6,4188"
AEO,Low Oil Price,United States,Electricity|Generation by technology|Geothermal,EJ/yr,"0,057096","0,060336","0,061236","0,059256","0,058356","0,065988","0,073368","0,081396","0,0909","0,098316","0,103932","0,108972","0,117072","0,12438","0,131508","0,138456","0,145296","0,151488","0,1584","0,166788","0,172188","0,177084","0,18072","0,186516","0,191232","0,195156","0,198252","0,199944","0,20232","0,204732","0,206784","0,209196","0,21186","0,214164","0,217008","0,219384"
AEO,Low Oil Price,United States,Electricity|Generation by technology|Hydro,EJ/yr,"0,891468","0,94518","0,949572","1,024776","1,100088","1,108044","1,108476","1,110672","1,113804","1,116144","1,11852","1,119816","1,1205","1,121652","1,121688","1,121688","1,12248","1,122516","1,12446","1,128564","1,129536","1,131552","1,133496","1,13418","1,134216","1,13454","1,134612","1,135188","1,135296","1,136556","1,136664","1,136448","1,1367","1,136736","1,137564","1,1376"
AEO,Low Oil Price,United States,Electricity|Generation by technology|Nuclear,EJ/yr,"2,8692","2,8728","2,8512","2,8044","2,772","2,7432","2,7792","2,7936","2,8044","2,808","2,7828","2,7504","2,7576","2,7648","2,7648","2,7648","2,7576","2,7468","2,7396","2,6856","2,5956","2,5776","2,5416","2,5308","2,52","2,5272","2,502","2,484","2,4624","2,4228","2,376","2,34","2,2788","2,25","2,2428","2,1888"
AEO,Low Oil Price,United States,Electricity|Generation by technology|Offshore Wind,EJ/yr,0,"0,000108","0,00036","0,00036","0,00036","0,00036","0,00036","0,00036","0,00036","0,00036","0,00036","0,00036","0,00036","0,00036","0,00036","0,00036","0,00036","0,00036","0,00036","0,00036","0,00036","0,00036","0,00036","0,00036","0,00036","0,00036","0,00036","0,00036","0,00036","0,00036","0,00036","0,00036","0,00036","0,00036","0,00036","0,00036"
AEO,Low Oil Price,United States,Electricity|Generation by technology|Petroleum,EJ/yr,"0,0864","0,0684","0,0612","0,0612","0,0576","0,0612","0,0612","0,0828","0,0864","0,0792","0,0612","0,0576","0,0504","0,0504","0,0468","0,0468","0,0468","0,0468","0,0468","0,0468","0,0468","0,0468","0,0432","0,0432","0,0432","0,0432","0,0396","0,0396","0,0396","0,036","0,036","0,036","0,036","0,036","0,036","0,036"
AEO,Low Oil Price,United States,Electricity|Generation by technology|Solar PV,EJ/yr,"0,076212","0,109512","0,157896","0,179856","0,187956","0,196452","0,203256","0,258516","0,279072","0,281196","0,282096","0,283464","0,298224","0,318672","0,335268","0,377568","0,413928","0,422748","0,46944","0,534924","0,551412","0,567684","0,586188","0,615348","0,651168","0,711648","0,783864","0,820908","0,852804","0,907056","0,92574","0,936396","0,948852","0,963072","0,975744","0,978264"
AEO,Low Oil Price,United States,Electricity|Generation by technology|Solar Thermal,EJ/yr,"0,0117","0,011628","0,012528","0,01314","0,01314","0,01314","0,01314","0,01314","0,01314","0,01314","0,01314","0,01314","0,013068","0,013032","0,012888","0,012888","0,012888","0,012888","0,012852","0,012708","0,012708","0,012348","0,012348","0,012348","0,012384","0,012384","0,012312","0,012384","0,012384","0,01206","0,012096","0,012096","0,011916","0,01188","0,01188","0,012024"
AEO,Low Oil Price,United States,Electricity|Generation by technology|Wind,EJ/yr,"0,68616","0,795024","0,858924","0,925128","0,95328","1,116684","1,331676","1,545552","1,66914","1,691496","1,69398","1,695708","1,69704","1,700676","1,704492","1,706904","1,709964","1,712808","1,715904","1,731384","1,738296","1,74312","1,752336","1,770768","1,791036","1,798056","1,803312","1,824012","1,84464","1,871856","1,903248","1,938024","1,977984","2,02446","2,078028","2,125116"
AEO,Low Oil Price,United States,Emissions|GHG Emissions by gas without LULUCF|CO2,Mt CO2e/yr,7179,6940,6944,7068,7163,7160,7075,6983,6929,6882,6817,6748,6674,6615,6562,6519,6515,6523,6532,6546,6558,6576,6593,6609,6622,6639,6655,6679,6707,6738,6767,6802,6834,6866,6895,6936
AEO,Low Oil Price,United States,Energy|Final Energy Use by Sector|Electricity,EJ/yr,"40,29045","39,59415","39,4781","40,10055","40,4909","40,5964","40,69135","40,8074","40,9551","40,98675","40,90235","40,71245","40,6175","40,54365","40,48035","40,4276","40,48035","40,56475","40,75465","40,92345","40,96565","41,11335","41,23995","41,40875","41,57755","41,80965","42,02065","42,2","42,411","42,63255","42,78025","42,9385","43,0651","43,24445","43,43435","43,5926"
AEO,Low Oil Price,United States,Energy|Final Energy Use by Sector|Industry,EJ/yr,"32,73665","32,5151","32,48345","33,4646","34,2031","34,393","34,72005","35,28975","35,7223","35,88055","35,79615","35,77505","35,7434","35,66955","35,5957","35,7012","35,73285","35,9333","36,15485","36,4397","36,59795","36,74565","36,95665","37,1993","37,48415","37,75845","38,0011","38,1488","38,3598","38,613","38,7607","38,89785","39,15105","39,3937","39,6258","39,9001"
AEO,Low Oil Price,United States,Energy|Final Energy Use by Sector|Transportation,EJ/yr,"29,48725","29,82485","30,43675","30,94315","31,1014","31,17525","31,17525","31,1647","31,0803","30,9115","30,66885","30,43675","30,2785","30,173","30,12025","30,1097","30,12025","30,173","30,26795","30,39455","30,54225","30,7216","30,9115","31,1225","31,32295","31,5234","31,7555","32,0087","32,3041","32,61005","32,9371","33,2747","33,58065","33,87605","34,2242","34,59345"
AEO,Low Oil Price,United States,Energy|Primary Energy Use|Biomass,EJ/yr,"3,11225","2,9118","2,90125","2,92235","2,92235","2,9118","2,90125","2,90125","2,9118","2,92235","2,94345","2,92235","2,92235","2,92235","2,9329","2,9329","2,92235","2,9329","2,9329","2,9329","2,954","2,96455","2,9751","2,9751","2,98565","2,9962","3,0173","3,0384","3,0595","3,0806","3,0806","3,09115","3,1017","3,11225","3,1228","3,1439"
AEO,Low Oil Price,United States,Energy|Primary Energy Use|Coal,EJ/yr,"16,32085","14,69615","14,78055","15,07595","15,62455","15,8883","15,5929","15,13925","14,84385","14,4957","14,0737","13,5884","13,1031","12,7233","12,33295","12,01645","12,0059","11,91095","11,8582","11,76325","11,5417","11,4151","11,25685","11,15135","11,0353","10,96145","10,8876","10,83485","10,7399","10,64495","10,5078","10,4445","10,32845","10,2757","10,2546","10,15965"
AEO,Low Oil Price,United States,Energy|Primary Energy Use|Gas,EJ/yr,"29,74045","30,1308","29,4345","29,57165","29,31845","28,74875","28,485","28,39005","28,47445","28,8015","29,1602","29,6033","29,9409","30,14135","30,35235","30,56335","30,4895","30,77435","30,96425","31,2913","31,80825","32,12475","32,50455","32,7894","33,1059","33,34855","33,64395","33,85495","34,12925","34,42465","34,78335","35,07875","35,45855","35,66955","35,8489","36,2287"
AEO,Low Oil Price,United States,Energy|Primary Energy Use|Hydro,EJ/yr,"2,4898","2,6375","2,64805","2,85905","3,07005","3,09115","3,09115","3,09115","3,1017","3,11225","3,1228","3,1228","3,1228","3,1228","3,1228","3,1228","3,13335","3,13335","3,13335","3,1439","3,1439","3,15445","3,165","3,165","3,165","3,165","3,165","3,165","3,165","3,165","3,165","3,165","3,165","3,165","3,17555","3,17555"
AEO,Low Oil Price,United States,Energy|Primary Energy Use|Nuclear,EJ/yr,"8,7987","8,7987","8,7354","8,59825","8,49275","8,40835","8,5244","8,55605","8,5877","8,59825","8,53495","8,44","8,45055","8,47165","8,4822","8,47165","8,4611","8,4189","8,3978","8,23955","7,9547","7,90195","7,79645","7,75425","7,7226","7,7437","7,66985","7,60655","7,54325","7,4272","7,29005","7,174","6,9841","6,8997","6,86805","6,7098"
AEO,Low Oil Price,United States,Energy|Primary Energy Use|Oil,EJ/yr,"38,58135","38,91895","39,63635","40,934","41,6725","41,76745","41,83075","42,0101","42,0312","41,8624","41,5248","41,23995","41,00785","40,8496","40,79685","40,7652","40,8496","40,92345","41,05005","41,19775","41,3771","41,567","41,80965","42,0734","42,31605","42,54815","42,78025","43,044","43,4027","43,77195","44,13065","44,46825","44,8797","45,29115","45,6815","46,1457"
AEO,Low Oil Price,United States,Energy|Primary Energy Use|Other Renewables,EJ/yr,"2,7852","3,2072","3,53425","3,7769","3,8824","4,3888","5,03235","5,8236","6,25615","6,3511","6,3722","6,3933","6,46715","6,55155","6,63595","6,7731","6,8997","6,95245","7,1107","7,3639","7,4483","7,52215","7,6171","7,7648","7,9336","8,13405","8,36615","8,53495","8,6932","8,9253","9,073","9,21015","9,3684","9,54775","9,73765","9,8959"
AEO,Low Oil Price,United States,Industry|Total emissions|CO2,Mt CO2e/yr,1438,1434,1438,1469,1495,1499,1496,1500,1505,1505,1493,1484,1473,1462,1452,1450,1449,1454,1458,1466,1469,1474,1478,1484,1490,1497,1502,1506,1513,1521,1526,1531,1540,1549,1556,1565
AEO,Low Oil Price,United States,Population and Economy|Economy|GDP PPP,billion US$2016/yr,"18343,3239","18628,5924","19308,762","19920,6909","20205,9594","20598,6231","21077,4267","21557,349","22001,4729","22464,6147","22891,9581","23253,2982","23654,9115","24123,6468","24628,1805","25153,9695","25701,0138","26265,9573","26864,4618","27498,7647","28108,4562","28712,5542","29325,6018","29954,3112","30538,2726","31115,5218","31726,332","32370,7032","33055,3476","33739,992","34432,4673","35127,18","35770,4325","36385,7175","37039,0383","37731,5136"
AEO,Low Oil Price,United States,Population and Economy|Population|Aged 16 and over,Millions,"256,7","259,3","261,9","264,3","266,8","269,3","271,7","274,1","276,6",279,"281,2","283,5","285,7","287,8","289,9",292,294,"296,1","298,1","300,1",302,304,"305,8","307,7","309,5","311,3","313,1","314,8","316,5","318,2","319,8","321,5","323,1","324,7","326,3","327,9"
AEO,Low Oil Price,United States,Population and Economy|Population|Aged 65 and over,Millions,48,"49,6","51,3",53,"54,8","56,7","58,5","60,5","62,4","64,2","66,2",68,"69,7","71,3","72,9","74,3","75,4","76,4","77,3","78,3","79,4","80,3",81,"81,5","81,9","82,4","82,7","83,2","83,6","84,1","84,8","85,4","86,1","86,7","87,3","88,1"
AEO,Low Oil Price,United States,Transportation|Total emissions|CO2,Mt CO2e/yr,1864,1866,1860,1910,1936,1941,1941,1940,1934,1923,1908,1893,1882,1875,1871,1870,1871,1874,1880,1888,1897,1908,1921,1934,1946,1959,1972,1989,2007,2027,2047,2069,2088,2107,2128,2152
AEO,Reference,United States,Buildings|Emissions By Sub-Sector|Commercial,Mt CO2e/yr,917,878,879,870,876,873,854,829,818,811,804,795,785,778,771,763,762,762,763,764,766,767,769,770,771,773,776,779,783,787,790,795,800,805,809,814
AEO,Reference,United States,Buildings|Emissions By Sub-Sector|Residential,Mt CO2e/yr,1041,977,993,990,995,986,961,932,918,909,901,890,879,870,861,852,849,846,844,843,843,842,840,838,836,834,832,831,829,827,825,824,822,820,817,814
AEO,Reference,United States,Buildings|Energy Use By Sub-Sector|Commercial,EJ/yr,"18,9478","18,8001","18,81065","18,7579","18,7579","18,74735","18,72625","18,68405","18,68405","18,6735","18,64185","18,568","18,5258","18,51525","18,53635","18,5258","18,55745","18,5891","18,6735","18,7157","18,74735","18,8423","18,89505","19,00055","19,10605","19,2432","19,3698","19,50695","19,6652","19,80235","19,9184","20,0661","20,2138","20,3826","20,58305","20,7202"
AEO,Reference,United States,Buildings|Energy Use By Sub-Sector|Residential,EJ/yr,"21,6697","21,11055","21,38485","21,5009","21,49035","21,3532","21,2266","21,1211","21,0578","21,00505","20,94175","20,8468","20,7835","20,73075","20,70965","20,678","20,66745","20,64635","20,678","20,678","20,6569","20,6991","20,68855","20,7202","20,75185","20,79405","20,81515","20,8257","20,85735","20,85735","20,83625","20,8257","20,8046","20,7835","20,77295","20,70965"
AEO,Reference,United States,Electricity|Capacity additions by technology|Coal,GW/yr,,,0,0,0,0,0,0,0,0,0,0,0,0,0,0,0,0,0,0,0,0,0,0,0,0,0,0,0,0,0,0,0,0,0,0
AEO,Reference,United States,Electricity|Capacity additions by technology|Natural gas (nonpeaker),GW/yr,,,11,"16,9",18,18,18,18,18,18,18,18,18,18,18,18,18,18,18,18,18,18,18,18,18,18,18,18,18,18,18,18,18,18,18,18
AEO,Reference,United States,Electricity|Capacity additions by technology|Natural gas (peaker),GW/yr,,,"1,3","1,3","1,3","2,3","2,3","2,3","2,3","2,3","2,3","2,3","2,3","2,3","2,3","2,3","2,3","2,3","2,3","2,3","2,3","2,3","2,3","2,3","2,3","2,3","2,3","2,3","2,3","2,3","2,3","2,3","2,3","2,3","2,3","2,3"
AEO,Reference,United States,Electricity|Capacity additions by technology|Nuclear,GW/yr,,,0,0,"2,2","4,4","4,4","4,4","4,4","4,4","4,4","4,4","4,4","4,4","4,4","4,4","4,4","4,4","4,4","4,4","4,4","4,4","4,4","4,4","4,4","4,4","4,4","4,4","4,4","4,4","4,4","4,4","4,4","4,4","4,4","4,4"
AEO,Reference,United States,Electricity|Capacity additions by technology|Oil and Natural Gas Steam w/o CCS,GW/yr,,,0,0,0,0,0,0,0,0,0,0,0,0,0,0,0,0,0,0,0,0,0,0,0,0,0,0,0,0,0,0,0,0,0,0
AEO,Reference,United States,Electricity|Capacity additions by technology|Renewables,GW/yr,,,"13,2","15,4","15,4","15,8","15,8","15,8","15,8","15,8","15,8","15,8","15,8","15,8","15,8","15,8","15,8","15,8","15,8","15,8","15,8","15,8","15,8","15,8","15,8","15,8","15,8","15,8","15,8","15,8","15,8","15,8","15,8","15,8","15,8","15,8"
AEO,Reference,United States,Electricity|Capacity by technology|Coal,GW,"273,6","261,7","257,4","246,5","233,1","224,7","213,6","210,4","208,2","205,4","199,8","195,2","192,1","188,8","185,8",183,177,"175,9","174,1","173,3","171,6","169,7","166,9","166,9","166,7","166,5","164,3","163,4","161,3","159,9","158,7","158,7","158,1","158,1","156,8","156,5"
AEO,Reference,United States,Electricity|Capacity by technology|Natural gas (nonpeaker),GW,202,"208,4","218,7","222,3","222,8","218,8","217,3","213,8","214,9","216,1","218,9","225,8","231,6","239,4",244,"248,1","254,7","261,1","263,5","270,7","277,4","281,2","290,1","293,8","299,4","301,9","306,7","310,8","312,2","315,3",323,329,"333,9","337,2","341,9","349,8"
AEO,Reference,United States,Electricity|Capacity by technology|Natural gas (peaker),GW,"136,5","138,7","139,8","138,8","137,9","136,5","132,8","131,8","131,2","131,9","131,6",132,133,"133,3","134,2","135,7","136,7","138,3","139,7","139,4","141,5","142,4","143,8",146,"148,2","149,6","152,3","154,7","156,1","158,4","159,9","162,3","165,3","167,5",170,"171,2"
AEO,Reference,United States,Electricity|Capacity by technology|Nuclear,GW,"98,5","99,1","97,3","96,6","97,4","97,1","97,2","97,4","97,8","97,9","97,2",96,"96,3","96,4","96,5","96,5","96,3","95,8","95,6","93,7","90,6",90,"88,7","88,3","87,9","88,2","87,4","86,7",86,"84,6",83,"81,7","79,6","78,6","78,3","76,5"
AEO,Reference,United States,Electricity|Capacity by technology|Oil and Natural Gas Steam w/o CCS,GW,93,"95,7","94,3","91,2","89,8","84,3","75,6","68,6","65,2","61,6",61,"61,2","58,6","56,7","56,9","51,8","51,8","49,9","49,9","47,5","46,3","45,6","43,1","43,1","41,3","41,3","40,5","40,5",40,"39,9","40,5","38,1","37,9","37,1","36,9","36,7"
AEO,Reference,United States,Electricity|Emissions|CO2,Mt CO2e/yr,1919,1785,1787,1785,1820,1820,1776,1715,1692,1677,1659,1633,1606,1582,1560,1537,1532,1528,1528,1529,1532,1535,1534,1533,1533,1531,1532,1533,1535,1536,1536,1540,1542,1544,1544,1547
AEO,Reference,United States,Electricity|Generation by technology|Biomass,EJ/yr,"0,052128","0,018828","0,017424","0,021204","0,027432","0,02934","0,028908","0,029952","0,030168","0,034344","0,03618","0,038448","0,048708","0,049104","0,050256","0,050976","0,051048","0,04986","0,050292","0,050508","0,05148","0,052452","0,055764","0,056088","0,056916","0,05796","0,05814","0,058212","0,059364","0,061236","0,0639","0,064908","0,066816","0,06984","0,072144","0,075492"
AEO,Reference,United States,Electricity|Generation by technology|Coal,EJ/yr,"4,7628","4,3092","4,3704","4,4172","4,6692","4,8168","4,7124","4,5396","4,464","4,3524","4,2192","4,068","3,9204","3,7944","3,6684","3,5712","3,5712","3,5352","3,528","3,4776","3,42","3,42","3,3732","3,3336","3,3084","3,294","3,2688","3,2472","3,2364","3,2076","3,1752","3,1572","3,132","3,1176","3,1176","3,0672"
AEO,Reference,United States,Electricity|Generation by technology|Gas,EJ/yr,"3,996","4,2084","4,0788","4,086","3,8484","3,5352","3,4092","3,3084","3,3012","3,4488","3,6432","3,8484","3,9996","4,1436","4,2732","4,3488","4,3488","4,446","4,482","4,6548","4,86","4,9032","5,0544","5,1732","5,2668","5,3028","5,4","5,4792","5,5368","5,6376","5,7672","5,8644","5,9688","6,0372","6,0696","6,2568"
AEO,Reference,United States,Electricity|Generation by technology|Geothermal,EJ/yr,"0,057096","0,060336","0,061236","0,059148","0,058356","0,06606","0,074268","0,081576","0,091044","0,098532","0,103212","0,109764","0,11826","0,126144","0,133416","0,1413","0,1476","0,155412","0,162432","0,168696","0,174204","0,177948","0,181584","0,184536","0,187416","0,191736","0,195372","0,199728","0,202104","0,204192","0,206748","0,209376","0,212112","0,214704","0,217368","0,219924"
AEO,Reference,United States,Electricity|Generation by technology|Hydro,EJ/yr,"0,891468","0,94518","0,949572","1,02474","1,100052","1,112112","1,112184","1,112544","1,114164","1,116036","1,118232","1,12032","1,120536","1,123992","1,124028","1,124748","1,124964","1,124964","1,127592","1,128168","1,129104","1,130076","1,131804","1,13292","1,132992","1,133064","1,133496","1,135044","1,135152","1,136268","1,137096","1,137636","1,137816","1,138788","1,139256","1,141308"
AEO,Reference,United States,Electricity|Generation by technology|Nuclear,EJ/yr,"2,8692","2,8728","2,8512","2,8044","2,772","2,7432","2,7792","2,7936","2,8044","2,808","2,7828","2,7504","2,7576","2,7648","2,7648","2,7648","2,7576","2,7468","2,7396","2,6856","2,5956","2,5776","2,5416","2,5308","2,52","2,5272","2,502","2,484","2,4624","2,4228","2,376","2,34","2,2788","2,25","2,2428","2,1888"
AEO,Reference,United States,Electricity|Generation by technology|Offshore Wind,EJ/yr,0,"0,000108","0,00036","0,00036","0,00036","0,00036","0,00036","0,00036","0,00036","0,00036","0,00036","0,00036","0,00036","0,00036","0,00036","0,00036","0,00036","0,00036","0,00036","0,00036","0,00036","0,00036","0,00036","0,00036","0,00036","0,00036","0,00036","0,00036","0,00036","0,00036","0,00036","0,00036","0,00036","0,00036","0,00036","0,00036"
AEO,Reference,United States,Electricity|Generation by technology|Petroleum,EJ/yr,"0,0864","0,0684","0,0612","0,0612","0,0468","0,0468","0,0468","0,0432","0,0432","0,0432","0,0396","0,0396","0,036","0,036","0,0324","0,0324","0,0324","0,0324","0,0288","0,0288","0,0288","0,0288","0,0288","0,0288","0,0288","0,0252","0,0252","0,0252","0,0216","0,0216","0,0216","0,0216","0,0216","0,0216","0,0216","0,0216"
AEO,Reference,United States,Electricity|Generation by technology|Solar PV,EJ/yr,"0,076212","0,109512","0,157896","0,179208","0,187632","0,1962","0,200916","0,255672","0,27","0,271152","0,272088","0,280224","0,2952","0,308412","0,351648","0,400104","0,432108","0,443952","0,492876","0,52398","0,546408","0,597924","0,620964","0,658728","0,694872","0,751932","0,802008","0,855684","0,91458","0,95706","0,964044","0,979812","1,00116","1,022472","1,047744","1,051272"
AEO,Reference,United States,Electricity|Generation by technology|Solar Thermal,EJ/yr,"0,0117","0,011628","0,012528","0,01314","0,01314","0,01314","0,01314","0,01314","0,013176","0,01296","0,01314","0,012852","0,012852","0,012852","0,012852","0,012852","0,012888","0,012888","0,012708","0,012708","0,012708","0,012348","0,012708","0,012348","0,012348","0,012312","0,012384","0,012348","0,01242","0,01206","0,01206","0,012096","0,012168","0,012456","0,012168","0,012204"
AEO,Reference,United States,Electricity|Generation by technology|Wind,EJ/yr,"0,68616","0,795024","0,858924","0,92502","0,964188","1,13094","1,34946","1,589184","1,728792","1,754568","1,75698","1,75842","1,7595","1,761084","1,763424","1,764792","1,767312","1,770048","1,774944","1,77804","1,791036","1,810368","1,817244","1,834524","1,857528","1,874088","1,879056","1,8837","1,906992","1,937808","1,973592","2,014092","2,060208","2,107404","2,160972","2,176704"
AEO,Reference,United States,Emissions|GHG Emissions by gas without LULUCF|CO2,Mt CO2e/yr,7179,6942,6970,7007,7092,7092,7006,6884,6832,6787,6728,6654,6571,6506,6447,6388,6364,6347,6343,6349,6360,6371,6379,6389,6402,6410,6424,6440,6463,6484,6503,6532,6555,6577,6600,6631
AEO,Reference,United States,Energy|Final Energy Use by Sector|Electricity,EJ/yr,"40,29045","39,59415","39,63635","39,95285","40,3643","40,52255","40,67025","40,79685","40,9973","41,09225","41,02895","40,83905","40,77575","40,69135","40,69135","40,64915","40,6808","40,7019","40,88125","40,9762","41,0184","41,23995","41,3349","41,5459","41,74635","41,989","42,16835","42,3688","42,61145","42,7908","42,8963","43,0651","43,20225","43,3816","43,62425","43,72975"
AEO,Reference,United States,Energy|Final Energy Use by Sector|Industry,EJ/yr,"32,71555","32,54675","33,09535","34,1398","35,03655","35,4902","36,0599","36,68235","37,27315","37,6002","37,7057","37,75845","37,6213","37,54745","37,558","37,61075","37,61075","37,6846","37,82175","38,03275","38,20155","38,4231","38,60245","38,824","39,0983","39,31985","39,46755","39,61525","39,80515","40,01615","40,1955","40,3854","40,5753","40,75465","41,00785","41,2716"
AEO,Reference,United States,Energy|Final Energy Use by Sector|Transportation,EJ/yr,"29,48725","29,82485","30,0464","30,2152","30,20465","30,09915","29,9831","29,82485","29,5822","29,2868","28,93865","28,5905","28,30565","28,0841","27,8942","27,71485","27,54605","27,4089","27,35615","27,3456","27,37725","27,41945","27,50385","27,63045","27,7465","27,86255","28,01025","28,20015","28,41115","28,6327","28,85425","29,0969","29,329","29,5611","29,8354","30,1097"
AEO,Reference,United States,Energy|Primary Energy Use|Biomass,EJ/yr,"3,0806","2,9118","2,8907","2,92235","2,96455","2,9751","2,9962","3,0173","3,04895","3,07005","3,07005","3,0595","3,11225","3,11225","3,11225","3,1017","3,09115","3,0806","3,0806","3,0806","3,09115","3,1017","3,1228","3,13335","3,1439","3,165","3,165","3,17555","3,19665","3,21775","3,23885","3,2494","3,25995","3,28105","3,28105","3,2705"
AEO,Reference,United States,Energy|Primary Energy Use|Coal,EJ/yr,"16,32085","14,69615","14,8966","14,90715","15,6351","16,0782","15,7617","15,24475","15,0021","14,6434","14,21085","13,72555","13,26135","12,86045","12,4701","12,14305","12,1114","11,97425","11,93205","11,76325","11,57335","11,5628","11,4151","11,27795","11,19355","11,13025","11,0353","10,96145","10,9298","10,83485","10,72935","10,6766","10,60275","10,56055","10,53945","10,39175"
AEO,Reference,United States,Energy|Primary Energy Use|Gas,EJ/yr,"29,74045","30,16245","30,35235","30,6161","30,3418","29,7721","29,63495","29,61385","29,78265","30,24685","30,7427","31,19635","31,34405","31,5867","31,85045","32,0298","31,99815","32,2408","32,39905","32,8316","33,34855","33,5279","33,89715","34,21365","34,50905","34,67785","34,9627","35,20535","35,4058","35,7223","36,0599","36,3553","36,68235","36,9039","37,1149","37,61075"
AEO,Reference,United States,Energy|Primary Energy Use|Hydro,EJ/yr,"2,4898","2,6375","2,64805","2,85905","3,07005","3,1017","3,1017","3,1017","3,1017","3,11225","3,11225","3,1228","3,1228","3,13335","3,13335","3,13335","3,13335","3,13335","3,1439","3,1439","3,1439","3,15445","3,15445","3,15445","3,15445","3,15445","3,165","3,165","3,165","3,165","3,165","3,17555","3,17555","3,17555","3,17555","3,1861"
AEO,Reference,United States,Energy|Primary Energy Use|Nuclear,EJ/yr,"8,7987","8,7987","8,7354","8,59825","8,49275","8,40835","8,5244","8,55605","8,5877","8,59825","8,53495","8,44","8,45055","8,47165","8,4822","8,47165","8,4611","8,4189","8,3978","8,23955","7,9547","7,90195","7,79645","7,75425","7,7226","7,7437","7,66985","7,60655","7,54325","7,4272","7,29005","7,174","6,9841","6,8997","6,86805","6,7098"
AEO,Reference,United States,Energy|Primary Energy Use|Oil,EJ/yr,"38,58135","38,91895","39,25655","39,879","40,0689","39,93175","39,88955","39,8368","39,6891","39,4359","39,06665","38,7185","38,402","38,13825","37,9378","37,77955","37,6213","37,48415","37,4103","37,44195","37,4947","37,558","37,6635","37,8112","38,0011","38,1488","38,28595","38,47585","38,70795","38,9506","39,19325","39,44645","39,72075","39,9845","40,301","40,6597"
AEO,Reference,United States,Energy|Primary Energy Use|Other Renewables,EJ/yr,"2,7852","3,2072","3,5237","3,7769","3,9246","4,431","5,09565","5,9502","6,40385","6,50935","6,541","6,5832","6,65705","6,72035","6,86805","7,0263","7,14235","7,20565","7,37445","7,4905","7,596","7,81755","7,9125","8,0813","8,26065","8,4822","8,651","8,83035","9,06245","9,27345","9,4106","9,56885","9,77985","9,96975","10,20185","10,26515"
AEO,Reference,United States,Industry|Total emissions|CO2,Mt CO2e/yr,1438,1436,1446,1485,1522,1541,1549,1554,1566,1572,1570,1565,1549,1539,1531,1525,1521,1520,1521,1527,1532,1537,1542,1546,1552,1555,1558,1560,1565,1570,1575,1582,1587,1591,1597,1607
AEO,Reference,United States,Population and Economy|Economy|GDP PPP,billion US$2016/yr,"18343,3239","18628,5924","19145,4318","19576,1313","19931,8779","20400,6132","20957,7258","21502,5327","21982,455","22516,0749","22998,2346","23387,5422","23810,4108","24303,7575","24795,9855","25265,8395","25739,0496","26227,9215","26796,2211","27420,4557","28027,9098","28627,533","29255,1237","29942,0055","30567,3588","31158,0324","31785,6231","32443,4187","33113,52","33774,6717","34435,8234","35094,7377","35712,2601","36321,9516","36986,4594","37647,6111"
AEO,Reference,United States,Population and Economy|Population|Aged 16 and over,Millions,"256,7","259,3","261,9","264,3","266,8","269,3","271,7","274,1","276,6",279,"281,2","283,5","285,7","287,8","289,9",292,294,"296,1","298,1","300,1",302,304,"305,8","307,7","309,5","311,3","313,1","314,8","316,5","318,2","319,8","321,5","323,1","324,7","326,3","327,9"
AEO,Reference,United States,Population and Economy|Population|Aged 65 and over,Millions,48,"49,6","51,3",53,"54,8","56,7","58,5","60,5","62,4","64,2","66,2",68,"69,7","71,3","72,9","74,3","75,4","76,4","77,3","78,3","79,4","80,3",81,"81,5","81,9","82,4","82,7","83,2","83,6","84,1","84,8","85,4","86,1","86,7","87,3","88,1"
AEO,Reference,United States,Transportation|Total emissions|CO2,Mt CO2e/yr,1864,1866,1865,1877,1879,1872,1866,1854,1838,1818,1794,1771,1752,1737,1724,1711,1700,1691,1687,1686,1687,1690,1694,1702,1710,1717,1726,1737,1751,1764,1777,1791,1804,1817,1833,1849
AEO,Reference-No CPP,United States,Buildings|Emissions By Sub-Sector|Commercial,Mt CO2e/yr,917,878,879,869,878,877,862,858,857,863,867,869,873,876,881,881,880,881,882,886,892,895,900,906,909,912,917,922,930,938,947,955,964,970,977,986
AEO,Reference-No CPP,United States,Buildings|Emissions By Sub-Sector|Residential,Mt CO2e/yr,1041,977,993,989,997,995,977,973,973,978,981,983,987,989,992,992,991,990,989,991,995,996,999,1002,1002,996,992,990,990,990,991,991,990,987,984,983
AEO,Reference-No CPP,United States,Buildings|Energy Use By Sub-Sector|Commercial,EJ/yr,"18,9478","18,8001","18,81065","18,7579","18,76845","18,76845","18,76845","18,81065","18,8845","18,9689","19,0322","19,06385","19,14825","19,23265","19,31705","19,3487","19,38035","19,4331","19,50695","19,57025","19,65465","19,73905","19,834","19,95005","20,0661","20,1716","20,2982","20,4459","20,6147","20,77295","20,9312","21,08945","21,25825","21,4165","21,61695","21,7963"
AEO,Reference-No CPP,United States,Buildings|Energy Use By Sub-Sector|Residential,EJ/yr,"21,6697","21,11055","21,38485","21,5009","21,51145","21,49035","21,4798","21,53255","21,59585","21,68025","21,733","21,76465","21,8385","21,89125","21,95455","21,9862","22,0073","22,03895","22,06005","22,0917","22,1339","22,1761","22,2183","22,2605","22,3027","22,22885","22,16555","22,14445","22,1339","22,1128","22,0917","22,0706","22,0284","21,9862","21,9651","21,91235"
AEO,Reference-No CPP,United States,Electricity|Capacity additions by technology|Coal,GW/yr,,,0,0,0,0,0,0,0,0,0,0,0,0,0,0,0,0,0,0,0,0,0,0,0,0,0,0,0,0,0,0,0,0,0,0
AEO,Reference-No CPP,United States,Electricity|Capacity additions by technology|Natural gas (nonpeaker),GW/yr,,,11,"16,9",18,18,18,18,18,18,18,18,18,18,18,18,18,18,18,18,18,18,18,18,18,18,18,18,18,18,18,18,18,18,18,18
AEO,Reference-No CPP,United States,Electricity|Capacity additions by technology|Natural gas (peaker),GW/yr,,,"1,3","1,3","1,3","2,3","2,3","2,3","2,3","2,3","2,3","2,3","2,3","2,3","2,3","2,3","2,3","2,3","2,3","2,3","2,3","2,3","2,3","2,3","2,3","2,3","2,3","2,3","2,3","2,3","2,3","2,3","2,3","2,3","2,3","2,3"
AEO,Reference-No CPP,United States,Electricity|Capacity additions by technology|Nuclear,GW/yr,,,0,0,"2,2","4,4","4,4","4,4","4,4","4,4","4,4","4,4","4,4","4,4","4,4","4,4","4,4","4,4","4,4","4,4","4,4","4,4","4,4","4,4","4,4","4,4","4,4","4,4","4,4","4,4","4,4","4,4","4,4","4,4","4,4","4,4"
AEO,Reference-No CPP,United States,Electricity|Capacity additions by technology|Oil and Natural Gas Steam w/o CCS,GW/yr,,,0,0,0,0,0,0,0,0,0,0,0,0,0,0,0,0,0,0,0,0,0,0,0,0,0,0,0,0,0,0,0,0,0,0
AEO,Reference-No CPP,United States,Electricity|Capacity additions by technology|Renewables,GW/yr,,,"13,2","15,4","15,4","15,8","15,8","15,8","15,8","15,8","15,8","15,8","15,8","15,8","15,8","15,8","15,8","15,8","15,8","15,8","15,8","15,8","15,8","15,8","15,8","15,8","15,8","15,8","15,8","15,8","15,8","15,8","15,8","15,8","15,8","15,8"
AEO,Reference-No CPP,United States,Electricity|Capacity by technology|Coal,GW,"273,6","261,7","257,4","246,2","234,5","228,8","223,4","221,9","220,9","220,9","218,7","217,3","217,3","217,3","217,1","217,1","217,1","217,1","217,1","217,1","217,1","217,1","216,8","216,8","216,8","216,8","216,8","216,8","216,8","216,8","216,8","216,8","216,8","216,8","216,8","216,8"
AEO,Reference-No CPP,United States,Electricity|Capacity by technology|Natural gas (nonpeaker),GW,202,"208,4","218,7","222,3","223,3","220,9",219,"215,5","214,8","216,1","218,2","221,7","223,6","228,1","233,2","239,1","243,9","248,2","252,1","256,8","259,7",263,"269,6","274,6","280,3",288,"291,8","296,9","300,2","305,8",312,"317,1","323,2","331,4","336,3","345,4"
AEO,Reference-No CPP,United States,Electricity|Capacity by technology|Natural gas (peaker),GW,"136,5","138,7","139,8","139,1","138,3","135,7","133,5","132,8","131,9","133,1","133,8","134,6","135,3","134,4","135,3","136,2","137,9","139,8","140,8","142,4","144,1","144,9","145,6","148,3",150,"150,4","152,3","154,1","156,2","159,7","161,9","164,3","166,1","168,4","170,4","172,5"
AEO,Reference-No CPP,United States,Electricity|Capacity by technology|Nuclear,GW,"98,5","99,1","97,3","96,6","97,4","97,1","97,2","97,4","97,8","97,9","97,2",96,"96,3","96,4","96,5","96,5","96,3","95,8","95,6","93,7","90,6",90,"88,7","88,3","87,9","88,2","87,4","86,7",86,"84,6",83,"81,7","79,6","78,6","78,3","76,5"
AEO,Reference-No CPP,United States,Electricity|Capacity by technology|Oil and Natural Gas Steam w/o CCS,GW,93,"95,7","94,3","91,3","88,7","83,4","75,4","70,3",68,"66,4","66,5","66,4","66,4","65,9","65,8","64,5","63,4","63,4","63,4",62,62,"60,2","60,2","60,2","59,6","58,3","57,7","54,9","54,9","53,3",53,"52,1","50,3","49,8","49,7","48,5"
AEO,Reference-No CPP,United States,Electricity|Emissions|CO2,Mt CO2e/yr,1919,1785,1787,1781,1825,1836,1805,1807,1817,1838,1850,1856,1868,1875,1885,1886,1882,1882,1882,1892,1907,1912,1925,1938,1943,1941,1942,1945,1955,1967,1979,1989,1998,2003,2007,2019
AEO,Reference-No CPP,United States,Electricity|Generation by technology|Biomass,EJ/yr,"0,052128","0,019728","0,01746","0,022284","0,02772","0,02934","0,029088","0,031104","0,031284","0,0333","0,034632","0,03906","0,044604","0,04482","0,046872","0,047988","0,048564","0,049932","0,047988","0,047556","0,048384","0,048132","0,0468","0,049608","0,050328","0,049932","0,048636","0,050256","0,050472","0,05202","0,053172","0,053748","0,053064","0,055188","0,05346","0,054756"
AEO,Reference-No CPP,United States,Electricity|Generation by technology|Coal,EJ/yr,"4,7628","4,3092","4,3704","4,3956","4,6944","4,8636","4,8132","4,86","4,8888","4,95","4,9392","4,9212","4,9464","4,9644","4,9968","5,0004","4,9788","4,9608","4,9392","4,9284","4,9248","4,9104","4,9248","4,9392","4,914","4,8924","4,878","4,8816","4,8888","4,8996","4,9248","4,9248","4,932","4,9284","4,932","4,95"
AEO,Reference-No CPP,United States,Electricity|Generation by technology|Gas,EJ/yr,"3,996","4,2048","4,0752","4,104","3,8268","3,5424","3,4164","3,3372","3,3552","3,402","3,5352","3,6576","3,7116","3,7584","3,7872","3,8196","3,87","3,9456","4,0212","4,1544","4,3092","4,4136","4,5252","4,6368","4,7808","4,86","4,9428","5,0004","5,0688","5,1804","5,2848","5,364","5,4576","5,5368","5,5908","5,6952"
AEO,Reference-No CPP,United States,Electricity|Generation by technology|Geothermal,EJ/yr,"0,057096","0,060336","0,061236","0,059148","0,058392","0,06606","0,073584","0,081468","0,09036","0,097848","0,103428","0,10926","0,118332","0,127116","0,1359","0,146016","0,15426","0,161748","0,168228","0,172908","0,175896","0,179856","0,184428","0,186768","0,1899","0,194184","0,19566","0,198216","0,200484","0,203544","0,206856","0,21006","0,213228","0,215568","0,217872","0,220572"
AEO,Reference-No CPP,United States,Electricity|Generation by technology|Hydro,EJ/yr,"0,891468","0,94518","0,949572","1,02474","1,100088","1,112148","1,112652","1,114272","1,114272","1,115316","1,118268","1,118376","1,118412","1,118448","1,118484","1,119024","1,11906","1,11906","1,119096","1,119132","1,119852","1,121724","1,121796","1,122444","1,125036","1,125576","1,127772","1,12878","1,128996","1,12932","1,129932","1,13274","1,132884","1,134288","1,136736","1,136772"
AEO,Reference-No CPP,United States,Electricity|Generation by technology|Nuclear,EJ/yr,"2,8692","2,8728","2,8512","2,8044","2,772","2,7432","2,7792","2,7936","2,8044","2,808","2,7828","2,7504","2,7576","2,7648","2,7648","2,7648","2,7576","2,7468","2,7396","2,6856","2,5956","2,5776","2,5416","2,5308","2,52","2,5272","2,502","2,484","2,4624","2,4228","2,376","2,34","2,2788","2,25","2,2428","2,1888"
AEO,Reference-No CPP,United States,Electricity|Generation by technology|Offshore Wind,EJ/yr,0,"0,000108","0,00036","0,00036","0,00036","0,00036","0,00036","0,00036","0,00036","0,00036","0,00036","0,00036","0,00036","0,00036","0,00036","0,00036","0,00036","0,00036","0,00036","0,00036","0,00036","0,00036","0,00036","0,00036","0,00036","0,00036","0,00036","0,00036","0,00036","0,00036","0,00036","0,00036","0,00036","0,00036","0,00036","0,00036"
AEO,Reference-No CPP,United States,Electricity|Generation by technology|Petroleum,EJ/yr,"0,0864","0,0684","0,0612","0,0612","0,0468","0,0468","0,0468","0,0468","0,0468","0,0468","0,0432","0,0432","0,0396","0,0396","0,0396","0,0396","0,036","0,036","0,036","0,036","0,036","0,036","0,036","0,036","0,0324","0,0324","0,0324","0,0324","0,0288","0,0288","0,0288","0,0288","0,0288","0,0288","0,0288","0,0288"
AEO,Reference-No CPP,United States,Electricity|Generation by technology|Solar PV,EJ/yr,"0,076212","0,109512","0,157896","0,179172","0,186264","0,192096","0,194724","0,194904","0,196272","0,197568","0,19908","0,20448","0,21114","0,224568","0,241488","0,260712","0,283104","0,308952","0,33912","0,374976","0,41562","0,445716","0,468432","0,47988","0,490968","0,496944","0,525096","0,558684","0,600948","0,620712","0,626112","0,655164","0,689148","0,706428","0,745488","0,763272"
AEO,Reference-No CPP,United States,Electricity|Generation by technology|Solar Thermal,EJ/yr,"0,0117","0,011628","0,012528","0,01314","0,01314","0,01314","0,01314","0,01314","0,01314","0,01296","0,01314","0,01314","0,01314","0,01314","0,01314","0,01314","0,013032","0,012924","0,01278","0,01278","0,01296","0,013104","0,01314","0,012888","0,012852","0,012312","0,012276","0,012348","0,012456","0,01224","0,012312","0,012348","0,012348","0,01242","0,01242","0,012312"
AEO,Reference-No CPP,United States,Electricity|Generation by technology|Wind,EJ/yr,"0,68616","0,795024","0,858924","0,92502","0,964224","1,1304","1,352952","1,493424","1,589436","1,607832","1,608372","1,608984","1,609488","1,61064","1,612764","1,615104","1,617948","1,619244","1,621224","1,6245","1,628784","1,632888","1,635984","1,640088","1,64448","1,64772","1,656036","1,665216","1,672272","1,677204","1,688004","1,706904","1,72854","1,754712","1,781064","1,809504"
AEO,Reference-No CPP,United States,Emissions|GHG Emissions by gas without LULUCF|CO2,Mt CO2e/yr,7179,6942,6970,7000,7103,7125,7065,7073,7088,7117,7118,7107,7106,7102,7109,7096,7074,7063,7058,7080,7115,7134,7168,7208,7231,7238,7251,7272,7311,7353,7398,7438,7475,7502,7534,7583
AEO,Reference-No CPP,United States,Energy|Final Energy Use by Sector|Electricity,EJ/yr,"40,29045","39,59415","39,6258","39,93175","40,39595","40,7019","40,98675","41,4193","41,8624","42,23165","42,4321","42,54815","42,8119","42,9807","43,16005","43,24445","43,30775","43,41325","43,53985","43,7192","43,9091","44,1201","44,32055","44,57375","44,78475","44,86915","44,9641","45,12235","45,35445","45,5338","45,7026","45,88195","46,02965","46,17735","46,42","46,5888"
AEO,Reference-No CPP,United States,Energy|Final Energy Use by Sector|Industry,EJ/yr,"32,71555","32,54675","33,09535","34,12925","35,0471","35,50075","36,09155","36,7984","37,4314","37,8323","38,0011","38,0855","38,09605","38,11715","38,18045","38,2543","38,24375","38,30705","38,39145","38,5919","38,8029","39,02445","39,246","39,4992","39,74185","39,9423","40,07945","40,22715","40,41705","40,62805","40,8285","41,02895","41,23995","41,42985","41,68305","41,9679"
AEO,Reference-No CPP,United States,Energy|Final Energy Use by Sector|Transportation,EJ/yr,"29,48725","29,82485","30,0464","30,2152","30,20465","30,1097","29,99365","29,8565","29,63495","29,36065","29,0125","28,6749","28,41115","28,20015","28,01025","27,82035","27,65155","27,50385","27,43","27,41945","27,4511","27,50385","27,58825","27,7254","27,852","27,9575","28,1052","28,28455","28,5061","28,72765","28,9492","29,19185","29,42395","29,65605","29,93035","30,2152"
AEO,Reference-No CPP,United States,Energy|Primary Energy Use|Biomass,EJ/yr,"3,0806","2,9118","2,8907","2,92235","2,96455","2,9751","2,9962","3,02785","3,0595","3,07005","3,07005","3,07005","3,1017","3,1017","3,11225","3,1017","3,0806","3,0806","3,07005","3,07005","3,07005","3,07005","3,0806","3,1017","3,11225","3,1228","3,1228","3,1439","3,15445","3,17555","3,1861","3,19665","3,19665","3,2072","3,19665","3,17555"
AEO,Reference-No CPP,United States,Energy|Primary Energy Use|Coal,EJ/yr,"16,32085","14,69615","14,8966","14,84385","15,73005","16,2259","16,0782","16,2259","16,3103","16,48965","16,4369","16,3525","16,40525","16,4369","16,51075","16,5002","16,40525","16,32085","16,247","16,19425","16,17315","16,1204","16,1626","16,2048","16,10985","16,02545","15,96215","15,9727","15,9938","16,0149","16,0782","16,0782","16,0993","16,0993","16,0993","16,1415"
AEO,Reference-No CPP,United States,Energy|Primary Energy Use|Gas,EJ/yr,"29,74045","30,16245","30,35235","30,66885","30,28905","29,80375","29,63495","29,69825","29,9409","30,18355","30,5739","30,8904","30,9326","31,0381","31,09085","31,11195","31,21745","31,42845","31,6289","31,99815","32,46235","32,8105","33,11645","33,4224","33,83385","34,04485","34,27695","34,4352","34,65675","34,97325","35,3003","35,58515","35,87","36,09155","36,32365","36,64015"
AEO,Reference-No CPP,United States,Energy|Primary Energy Use|Hydro,EJ/yr,"2,4898","2,6375","2,64805","2,85905","3,07005","3,1017","3,1017","3,1017","3,1017","3,11225","3,11225","3,1228","3,1228","3,1228","3,1228","3,1228","3,1228","3,1228","3,1228","3,1228","3,1228","3,1228","3,1228","3,13335","3,13335","3,13335","3,1439","3,1439","3,1439","3,1439","3,15445","3,15445","3,15445","3,165","3,165","3,165"
AEO,Reference-No CPP,United States,Energy|Primary Energy Use|Nuclear,EJ/yr,"8,7987","8,7987","8,7354","8,59825","8,49275","8,40835","8,5244","8,55605","8,5877","8,59825","8,53495","8,44","8,45055","8,47165","8,4822","8,47165","8,4611","8,4189","8,3978","8,23955","7,9547","7,90195","7,79645","7,75425","7,7226","7,7437","7,66985","7,60655","7,54325","7,4272","7,29005","7,174","6,9841","6,8997","6,86805","6,7098"
AEO,Reference-No CPP,United States,Energy|Primary Energy Use|Oil,EJ/yr,"38,58135","38,91895","39,25655","39,86845","40,0689","39,9423","39,91065","39,88955","39,7735","39,5414","39,19325","38,87675","38,5919","38,3598","38,18045","38,03275","37,8534","37,69515","37,61075","37,63185","37,6846","37,7479","37,86395","38,03275","38,2121","38,34925","38,4864","38,68685","38,9084","39,15105","39,40425","39,6469","39,9212","40,1955","40,52255","40,88125"
AEO,Reference-No CPP,United States,Energy|Primary Energy Use|Other Renewables,EJ/yr,"2,7852","3,2072","3,5237","3,7769","3,91405","4,431","5,0851","5,5071","5,8025","5,8869","5,908","5,93965","5,9924","6,06625","6,1401","6,23505","6,31945","6,4144","6,5199","6,65705","6,7942","6,8997","6,99465","7,0474","7,1107","7,14235","7,2584","7,385","7,5327","7,6171","7,6804","7,8281","7,98635","8,1235","8,3134","8,44"
AEO,Reference-No CPP,United States,Industry|Total emissions|CO2,Mt CO2e/yr,1438,1436,1446,1484,1524,1544,1555,1578,1599,1615,1620,1620,1617,1615,1616,1615,1610,1609,1609,1616,1624,1631,1639,1648,1655,1660,1662,1666,1673,1681,1690,1698,1705,1711,1719,1731
AEO,Reference-No CPP,United States,Population and Economy|Economy|GDP PPP,billion US$2016/yr,"18343,3239","18628,5924","19145,4318","19576,1313","19931,8779","20407,3254","20968,9128","21534,975","22055,1705","22588,7904","23069,8314","23472,5634","23909,9751","24403,3218","24875,4132","25331,8428","25787,1537","26260,3638","26817,4764","27437,2362","28051,4025","28658,8566","29292,0408","29990,1096","30627,7686","31220,6796","31844,9142","32500,4724","33183,9981","33850,7433","34508,5389","35160,741","35783,8569","36404,7354","37074,8367","37750,5315"
AEO,Reference-No CPP,United States,Population and Economy|Population|Aged 16 and over,Millions,"256,7","259,3","261,9","264,3","266,8","269,3","271,7","274,1","276,6",279,"281,2","283,5","285,7","287,8","289,9",292,294,"296,1","298,1","300,1",302,304,"305,8","307,7","309,5","311,3","313,1","314,8","316,5","318,2","319,8","321,5","323,1","324,7","326,3","327,9"
AEO,Reference-No CPP,United States,Population and Economy|Population|Aged 65 and over,Millions,48,"49,6","51,3",53,"54,8","56,7","58,5","60,5","62,4","64,2","66,2",68,"69,7","71,3","72,9","74,3","75,4","76,4","77,3","78,3","79,4","80,3",81,"81,5","81,9","82,4","82,7","83,2","83,6","84,1","84,8","85,4","86,1","86,7","87,3","88,1"
AEO,Reference-No CPP,United States,Transportation|Total emissions|CO2,Mt CO2e/yr,1864,1866,1865,1877,1879,1873,1866,1857,1842,1823,1800,1779,1761,1747,1735,1722,1711,1701,1696,1695,1697,1700,1705,1714,1722,1729,1738,1749,1763,1777,1791,1805,1818,1831,1847,1864