Model,Scenario,Region,ESP Indicator Name,Unit of Entry,2010,2011,2012,2013,2014,2015,2016,2017,2018,2019,2020,2021,2022,2023,2024,2025,2026,2027,2028,2029,2030,2031,2032,2033,2034,2035,2036,2037,2038,2039,2040
IEO,Reference,World,Buildings|Emissions By Sub-Sector|Commercial,Mt CO2e/yr,"30,409742","30,6005915","30,91783","32,038451","32,9903775","33,953909","34,5726665","34,9157525","35,462981","35,902494","36,3986605","37,0128815","37,5952415","38,074317","38,6882215","39,251908","39,8077875","40,3920465","41,006162","41,551175","42,187762","42,75071","43,3135525","43,8545565","44,474158","45,034996","45,5478315","46,162369","46,627202","47,1892005","47,6831515"
IEO,Reference,World,Buildings|Emissions By Sub-Sector|Residential,Mt CO2e/yr,"55,420838","55,2996185","55,9292425","58,3084785","60,0775025","61,752737","61,988424","62,443129","63,043424","63,7195735","64,448051","65,437852","66,3283775","67,1177285","68,0957135","69,042365","69,9090475","70,81793","71,7552975","72,5830505","73,6530315","74,5755235","75,479342","76,3211265","77,3130375","78,20082","78,9999825","80,0053975","80,7816665","81,7583855","82,6038625"
IEO,Reference,Africa,Electricity|Capacity by technology|Coal,GW,"37,339","36,384","35,572","35,288","39,705","41,014","42,326","45,026","46,342","46,071","45,802","45,535","45,27","45,008","44,985","45,069","45,129","45,228","45,35","45,497","45,711","46,065","46,33","46,674","47,015","47,407","47,869","48,397","49,028","49,751","50,58"
IEO,Reference,Australia/New Zealand,Electricity|Capacity by technology|Coal,GW,"30,775","30,693","30,227","29,985","29,746","29,508","29,279","29,184","28,988","28,85","28,704","28,582","28,449","28,311","28,16","28,015","27,867","27,69","27,512","27,336","27,17","27,002","26,851","26,699","26,556","26,425","26,306","26,194","26,112","26,092","26,096"
IEO,Reference,Brazil,Electricity|Capacity by technology|Coal,GW,"3,048","3,307","3,642","5,047","5,024","4,995","4,966","4,938","4,91","4,882","4,855","4,828","4,801","4,774","4,747","4,72","4,694","4,668","4,642","4,617","4,591","4,566","4,541","4,516","4,492","4,467","4,443","4,419","4,395","4,372","4,348"
IEO,Reference,Canada,Electricity|Capacity by technology|Coal,GW,"10,154","10,024","9,838","9,725","9,679","9,403","9,254","9,254","9,101","7,615","7,112","6,959","6,96","6,963","6,963","6,965","6,613","5,941","5,589","3,352","3,353","3,355","3,357","3,359","3,361","3,365","2,981","2,983","2,986","2,611","2,234"
IEO,Reference,China,Electricity|Capacity by technology|Coal,GW,"661,877","719,156","769,573","807,102","837,358","848,78","851,656","857,929","889,015","887,884","887,604","891,106","892,526","897,287","900,575","901,078","898,228","895,832","892,785","888,982","885,71","882,161","878,213","873,887","869,533","865,2","860,92","856,711","852,813","848,875","845,101"
IEO,Reference,European Union,Electricity|Capacity by technology|Coal,GW,"200,533","197,479","197,834","198,491","208,306","209,145","209,124","209,176","208,556","208,074","206,578","205,107","203,763","202,493","201,186","199,931","198,688","197,446","196,21","194,988","193,748","192,516","191,291","190,097","188,905","187,747","186,724","185,721","184,812","183,922","183,133"
IEO,Reference,India,Electricity|Capacity by technology|Coal,GW,"116,779","138,526","152,778","151,555","165,343","181,805","186,821","190,284","190,589","189,425","188,269","187,123","185,986","185,154","188,333","188,888","189,571","190,895","192,293","194,181","196,902","201,019","205,586","210,507","215,619","221,664","227,021","232,682","238,898","245,332","254,536"
IEO,Reference,Japan,Electricity|Capacity by technology|Coal,GW,"49,973","50,356","50,491","52,091","52,119","52,119","50,523","50,298","49,91","49,559","49,195","48,855","48,505","48,158","47,805","47,451","47,103","46,75","46,401","46,055","45,713","45,378","45,046","44,717","44,39","44,077","43,753","43,442","43,148","42,85","42,54"
IEO,Reference,Mexico/Chile,Electricity|Capacity by technology|Coal,GW,"8,359","8,858","9,439","9,634","9,559","9,636","9,565","9,495","9,422","9,351","9,279","9,208","9,15","9,09","9,021","8,982","8,942","8,904","8,87","8,836","8,804","8,784","8,77","8,764","8,762","8,764","8,773","8,766","8,774","8,791","8,846"
IEO,Reference,Middle East,Electricity|Capacity by technology|Coal,GW,"0,219","0,217","0,218","0,216","0,214","0,482","0,483","0,484","0,497","0,512","0,535","0,547","0,566","0,607","0,655","0,698","0,741","0,782","0,821","0,858","0,891","0,906","0,92","0,953","0,987","1,024","1,064","1,104","1,146","1,193","1,244"
IEO,Reference,Russia,Electricity|Capacity by technology|Coal,GW,"49,635","49,157","48,958","48,766","53,858","54,392","54,13","53,751","53,375","53,001","52,631","52,264","51,899","51,538","51,179","50,824","51,642","52,364","53,144","53,224","53,813","53,781","53,759","54,514","55,234","56,242","56,538","56,624","56,583","56,646","56,332"
IEO,Reference,South Korea,Electricity|Capacity by technology|Coal,GW,"29,007","27,545","30,925","31,743","33,268","35,374","38,658","39,418","39,181","38,945","38,811","38,579","38,349","38,121","37,894","37,893","37,999","37,778","37,559","37,581","37,664","37,858","38,123","38,375","38,619","38,872","39,167","39,484","39,874","40,357","40,95"
IEO,Reference,United States,Electricity|Capacity by technology|Coal,GW,313,"314,4","308,1","303,8","300,4",289,"269,3","266,6","264,8","263,2","262,9","262,3","262,1","262,1","262,1","260,3","260,3","260,3","260,3","260,3","260,3","260,3","260,3","260,3","260,3","260,3","260,3","260,3","260,4","260,4","260,4"
IEO,Reference,World,Electricity|Capacity by technology|Coal,GW,"1634,492","1715,199","1782,458","1822,704","1891,799","1920,131","1916,211","1928,174","1956,964","1950,72","1946,745","1945,547","1942,168","1944,179","1948,91","1947,126","1944,751","1942,859","1940,829","1936,284","1936,045","1936,776","1937,732","1939,685","1941,909","1945,672","1948,125","1951,475","1956,368","1961,678","1970,474"
IEO,Reference,Africa,Electricity|Capacity by technology|Gas,GW,"52,573","54,925","58,911","65,067","70,865","73,651","74,06","75,444","74,884","74,329","73,78","73,236","72,698","72,165","74,878","78,019","80,824","84,049","87,375","90,76","94,002","98,395","102,494","106,548","110,727","115,097","119,407","123,746","128,136","132,708","137,448"
IEO,Reference,Australia/New Zealand,Electricity|Capacity by technology|Gas,GW,"19,015","19,619","20,661","20,662","20,849","20,647","20,497","21,05","21,103","21,512","21,895","22,662","23,458","24,131","24,775","25,484","26,181","26,803","27,518","28,271","29,072","29,852","30,785","31,743","32,852","34,025","35,253","36,563","37,97","39,336","40,675"
IEO,Reference,Brazil,Electricity|Capacity by technology|Gas,GW,"12,15","11,575","11,457","15,464","16,701","16,701","16,701","16,701","16,701","16,701","16,701","16,701","16,701","16,701","16,701","16,701","16,701","16,701","16,701","16,701","16,701","16,701","16,701","16,701","16,701","16,701","16,701","16,701","16,701","16,701","16,701"
IEO,Reference,Canada,Electricity|Capacity by technology|Gas,GW,"21,637","20,397","20,472","20,537","20,338","21,141","20,942","21,025","22,085","23,973","24,965","25,499","26,45","28,436","28,252","29,614","30,492","31,593","32,549","35,091","35,882","36,774","37,614","38,524","39,502","41,12","42,828","43,541","44,251","45,26","46,295"
IEO,Reference,China,Electricity|Capacity by technology|Gas,GW,"36,421","38,61","41,243","50,746","56,674","58,419","60,799","68,765","68,372","70,533","73,77","80,353","86,071","94,423","101,892","107,181","109,533","112,454","115,693","118,452","123,93","130,484","137,302","143,099","149,529","156,126","162,271","168,323","175,112","180,905","185,942"
IEO,Reference,European Union,Electricity|Capacity by technology|Gas,GW,"231,466","237,654","243,532","249,649","253,144","251,766","251,323","248,984","246,668","246,333","244,064","242,141","243,005","245,163","246,573","249,163","252,023","254,909","257,985","261,055","263,865","266,404","268,922","271,659","274,449","277,734","283,379","289,134","295,174","301,241","307,597"
IEO,Reference,India,Electricity|Capacity by technology|Gas,GW,"23,222","24,815","24,199","23,978","26,524","26,287","26,052","25,819","25,589","25,361","25,136","24,912","24,691","24,643","26,215","26,701","27,198","27,935","28,774","29,646","31,321","33,415","35,169","36,741","38,31","39,919","41,211","42,44","43,421","44,158","44,832"
IEO,Reference,Japan,Electricity|Capacity by technology|Gas,GW,"80,697","82,919","86,102","89,016","91,178","92,151","88,759","87,932","87,113","88,39","89,083","91,455","93,064","94,583","95,537","96,056","96,815","96,925","97,127","97,313","97,403","97,994","98,546","99,117","99,589","100,812","101,033","101,912","103,202","103,93","103,889"
IEO,Reference,Mexico/Chile,Electricity|Capacity by technology|Gas,GW,"32,541","32,49","32,443","33,029","32,707","32,389","32,557","32,697","33,888","35,583","37,781","39,981","42,807","45,49","47,699","48,787","49,665","50,661","51,768","52,905","54,092","55,543","56,989","58,486","60,036","61,67","63,061","64,538","66,151","67,651","69,195"
IEO,Reference,Middle East,Electricity|Capacity by technology|Gas,GW,"143,808","152,824","164,847","176,447","182,695","190,097","191,586","193,636","195,218","197,64","200,711","202,021","203,485","208,893","214,674","220,842","226,018","230,401","234,308","237,765","241,18","242,179","242,713","245,886","249,314","252,857","256,776","260,559","264,174","268,133","272,198"
IEO,Reference,Russia,Electricity|Capacity by technology|Gas,GW,"103,935","107,129","108,969","109,82","121,155","122,445","122,128","121,081","120,045","119,019","118,003","116,998","116,002","115,017","114,041","113,075","113,932","114,775","115,768","115,618","116,468","116,178","115,914","116,78","117,702","118,941","118,962","118,703","118,198","117,775","116,945"
IEO,Reference,South Korea,Electricity|Capacity by technology|Gas,GW,"26,587","26,244","29,585","31,734","36,784","37,754","37,592","38,107","37,826","37,548","37,489","37,216","36,945","36,678","36,413","36,911","37,831","37,574","37,32","37,904","38,514","39,542","40,644","41,767","42,862","43,913","44,996","46,106","47,077","48,06","48,939"
IEO,Reference,United States,Electricity|Capacity by technology|Gas,GW,"348,3","357,5","366,7","373,5",381,"384,2","388,4",398,"394,8","393,4","392,6","393,3","394,8","396,8","400,4","409,1","412,7","419,4","429,2","436,6","443,9","451,8",458,"464,9","472,3",481,"490,4","498,7","506,9","515,6",525
IEO,Reference,World,Electricity|Capacity by technology|Gas,GW,"1332,703","1369,803","1423,183","1482,356","1543,848","1565,862","1571,491","1588,73","1583,383","1590,739","1596,789","1607,788","1622,737","1651,277","1681,895","1716,908","1743,832","1772,913","1806,001","1836,876","1870,299","1905,191","1937,219","1972,823","2010,45","2052,113","2093,877","2133,808","2174,421","2213,562","2252,347"
IEO,Reference,Africa,Electricity|Capacity by technology|Geothermal,GW,"0,196","0,198","0,207","0,243","0,409","0,982","1,057","1,657","1,706","1,756","1,77","1,784","1,798","2,09","2,382","2,674","2,966","3,258","3,55","3,842","4,134","4,134","4,276","4,417","4,562","4,714","4,864","5,015","5,17","5,331","5,5"
IEO,Reference,Australia/New Zealand,Electricity|Capacity by technology|Geothermal,GW,"0,732","0,732","0,749","0,849","1,015","1,202","1,261","1,449","1,636","1,636","1,636","1,636","1,636","1,673","1,707","1,745","1,782","1,814","1,851","1,89","1,931","1,971","2,02","2,07","2,129","2,191","2,256","2,326","2,402","2,479","2,556"
IEO,Reference,China,Electricity|Capacity by technology|Geothermal,GW,"0,024","0,024","0,028","0,028","0,038","0,048","0,058","0,068","0,075","0,082","0,088","0,088","0,088","0,088","0,088","0,088","0,088","0,088","0,088","0,088","0,088","0,088","0,088","0,088","0,088","0,088","0,088","0,088","0,088","0,088","0,088"
IEO,Reference,European Union,Electricity|Capacity by technology|Geothermal,GW,"1,433","1,543","1,595","1,687","1,719","1,849","1,89","1,928","1,982","2,402","2,822","2,896","2,969","3,042","3,042","3,042","3,042","3,042","3,042","3,042","3,042","3,042","3,042","3,042","3,042","3,042","3,078","3,114","3,153","3,193","3,234"
IEO,Reference,India,Electricity|Capacity by technology|Geothermal,GW,,,,,"0,009","0,019","0,019","0,019","0,019","0,019","0,019","0,019","0,019","0,019","0,019","0,019","0,019","0,019","0,019","0,019","0,019","0,019","0,02","0,021","0,022","0,022","0,023","0,024","0,025","0,025","0,026"
IEO,Reference,Japan,Electricity|Capacity by technology|Geothermal,GW,"0,537","0,537","0,512","0,512","0,512","0,512","0,512","0,512","0,512","0,512","0,512","0,512","0,512","0,512","0,512","0,512","0,512","0,512","0,512","0,512","0,512","0,514","0,515","0,517","0,518","0,519","0,52","0,52","0,52","0,52","0,519"
IEO,Reference,Mexico/Chile,Electricity|Capacity by technology|Geothermal,GW,"0,965","0,887","0,812","0,862","0,912","1,03","1,112","1,238","1,363","1,363","1,363","1,363","1,363","1,363","1,363","1,363","1,363","1,399","1,439","1,48","1,522","1,565","1,607","1,652","1,697","1,746","1,793","1,844","1,898","1,949","2,002"
IEO,Reference,Middle East,Electricity|Capacity by technology|Geothermal,GW,,,,,"0,159","0,319","0,478","0,638","0,797","0,956","1,116","1,275","1,435","1,466","1,498","1,53","1,669","1,808","1,947","2,086","2,225","2,364","2,503","2,569","2,638","2,709","2,782","2,853","2,922","2,995","3,07"
IEO,Reference,Russia,Electricity|Capacity by technology|Geothermal,GW,"0,082","0,082","0,092","0,092","0,294","0,497","0,7","0,903","1,105","1,308","1,511","1,511","1,511","1,525","1,542","1,561","1,578","1,594","1,609","1,624","1,64","1,656","1,672","1,688","1,705","1,717","1,722","1,726","1,725","1,722","1,715"
IEO,Reference,South Korea,Electricity|Capacity by technology|Geothermal,GW,,,,,"0,014","0,029","0,043","0,058","0,072","0,087","0,101","0,115","0,13","0,144","0,159","0,173","0,188","0,202","0,216","0,231","0,245","0,249","0,253","0,257","0,261","0,265","0,269","0,273","0,277","0,282","0,286"
IEO,Reference,United States,Electricity|Capacity by technology|Geothermal,GW,"2,4","2,5","2,6","2,6","2,6","2,6","2,7","2,7","2,9","3,4","3,8","4,2","4,6","4,8","5,1","5,3","5,5","5,9","6,3","6,7",7,"7,3","7,6","7,8",8,"8,2","8,4","8,6","8,8",9,"9,1"
IEO,Reference,World,Electricity|Capacity by technology|Geothermal,GW,"10,106","10,075","10,454","11,282","12,167","13,653","15,049","16,848","18,454","20,019","21,509","22,842","24,174","25,507","26,868","28,133","30,475","33,048","35,628","38,209","40,697","41,737","42,913","43,932","44,992","46,062","47,166","48,277","49,415","50,516","51,604"
IEO,Reference,Africa,Electricity|Capacity by technology|Hydro,GW,"26,314","27,171","29,095","30,39","31,693","38,732","40,587","43,08","46,119","49,073","54,075","56,569","59,062","59,834","60,606","61,378","63,826","66,275","68,724","71,173","73,622","74,248","76,798","79,331","81,935","84,656","87,348","90,067","92,841","95,739","98,76"
IEO,Reference,Australia/New Zealand,Electricity|Capacity by technology|Hydro,GW,"17,851","19,038","19,633","21,379","23,11","24,559","27,632","28,071","29,598","30,915","32,194","32,344","32,485","33,057","33,594","34,187","34,767","35,265","35,836","36,439","37,087","37,715","38,478","39,259","40,169","41,137","42,157","43,248","44,436","45,633","46,825"
IEO,Reference,Brazil,Electricity|Capacity by technology|Hydro,GW,"89,456","94,822","97,014","101,181","105,389","105,924","105,476","106,122","109,398","112,878","115,71","118,684","121,628","124,602","127,508","130,346","133,147","135,938","138,785","141,62","144,471","147,913","151,363","154,86","158,289","161,826","165,481","169,277","173,157","177,024","181,094"
IEO,Reference,Canada,Electricity|Capacity by technology|Hydro,GW,"83,231","85,304","86,64","89,081","93,672","96,407","98,627","100,849","102,438","104,027","105,616","107,366","109,117","110,868","112,619","114,369","116,12","117,871","119,622","121,372","123,123","124,874","126,625","128,376","130,126","131,877","134,112","136,409","138,817","141,183","143,605"
IEO,Reference,China,Electricity|Capacity by technology|Hydro,GW,"255,417","287,313","321,45","381,712","425,669","480,238","515,562","541,703","576,72","611,736","646,753","664,618","682,484","700,349","718,214","736,08","753,945","771,811","789,676","807,541","825,407","843,272","861,138","879,003","896,868","914,734","932,599","950,465","968,33","986,195","1004,061"
IEO,Reference,European Union,Electricity|Capacity by technology|Hydro,GW,"286,117","336,534","371,762","392,207","408,906","436,249","445,749","458,629","473,694","483,105","514,091","519,068","524,046","526,269","530,109","533,95","537,79","541,631","545,472","549,312","553,153","561,292","569,431","577,571","585,71","593,849","599,9","606,085","612,688","619,321","626,381"
IEO,Reference,India,Electricity|Capacity by technology|Hydro,GW,"56,285","62,412","66,017","67,788","70,657","78,854","87,42","96,513","102,468","108,674","115,102","123,528","131,954","139,305","146,655","154,006","161,357","168,708","176,059","183,41","190,761","196,897","203,15","209,565","216,14","222,913","229,849",237,"244,299","251,758","260,604"
IEO,Reference,Japan,Electricity|Capacity by technology|Hydro,GW,"30,312","31,515","33,455","40,628","50,983","60,791","61,218","62,41","63,591","64,932","66,271","67,881","69,491","71,099","72,706","74,313","75,92","77,527","79,134","80,741","82,348","82,749","83,123","83,508","83,829","84,088","84,245","84,286","84,187","84,121","84,101"
IEO,Reference,Mexico/Chile,Electricity|Capacity by technology|Hydro,GW,"19,841","20,354","21,434","22,055","24,7","26,113","26,717","28,492","30,71","32,455","34,28","35,962","37,644","39,113","40,583","42,052","43,522","44,595","45,763","46,957","48,191","49,453","50,71","52,011","53,357","54,773","56,182","57,661","59,256","60,757","62,306"
IEO,Reference,Middle East,Electricity|Capacity by technology|Hydro,GW,"12,66","13,169","14,885","15,188","16,436","17,36","19,817","22,275","23,883","25,438","26,992","37,946","48,9","49,696","50,493","51,29","52,446","53,602","54,758","55,914","57,07","66,801","76,532","78,305","80,172","82,081","84,054","85,972","87,823","89,802","91,818"
IEO,Reference,Russia,Electricity|Capacity by technology|Hydro,GW,"47,527","47,404","48,289","49,927","51,649","52,266","52,913","53,457","54,211","56,761","59,31","59,367","59,423","59,906","60,479","61,105","61,672","62,189","62,703","63,187","63,733","64,267","64,821","65,348","65,893","66,307","66,484","66,617","66,587","66,476","66,227"
IEO,Reference,South Korea,Electricity|Capacity by technology|Hydro,GW,"2,896","3,206","3,631","4,087","5,313","8,37","9,213","10,054","12,023","13,73","16,223","18,217","18,855","19,493","20,131","20,768","21,406","22,044","23,367","24,689","26,012","26,378","26,783","27,191","27,587","27,973","28,378","28,797","29,195","29,62","30,046"
IEO,Reference,United States,Electricity|Capacity by technology|Hydro,GW,"158,9","167,8","184,9","191,7","201,5","216,5","226,4","228,7","230,4","231,4","232,5","233,6","235,2","236,5","238,3","239,8","241,7",244,"246,3","248,6","252,4","256,3","260,5","265,1","269,8","272,9","277,4","283,4","290,3","297,4","300,9"
IEO,Reference,World,Electricity|Capacity by technology|Hydro,GW,"1234,09","1353,459","1466,065","1581,668","1689,62","1829,764","1909,702","1978,727","2057,791","2130,549","2231,106","2297,027","2357,848","2400,831","2445,872","2490,58","2538,842","2586,998","2636,011","2684,953","2735,598","2795,786","2858,337","2913,629","2969,633","3024,5","3079,226","3136,009","3194,47","3253,092","3310,819"
IEO,Reference,Africa,Electricity|Capacity by technology|Nuclear,GW,"1,8","1,83","1,86","1,86","1,86","1,86","1,86","1,86","1,86","1,86","1,86","2,046","2,232","2,418","2,604","2,79","2,976","3,162","3,348","3,534","3,72","3,906","4,092","4,278","4,464","4,65","4,836","5,022","5,208","5,394","5,58"
IEO,Reference,Australia/New Zealand,Electricity|Capacity by technology|Nuclear,GW,0,0,0,0,0,0,0,0,0,0,0,0,0,0,0,0,0,0,0,0,0,0,0,0,0,0,0,0,0,0,0
IEO,Reference,Brazil,Electricity|Capacity by technology|Nuclear,GW,"1,884","1,884","1,884","1,884","1,884","1,884","2,133","2,382","2,631","2,88","3,129","3,129","3,129","3,129","3,129","3,129","3,963","4,797","5,632","6,466","7,3","7,3","7,3","7,3","7,3","7,3","7,3","7,3","7,3","7,3","7,3"
IEO,Reference,Canada,Electricity|Capacity by technology|Nuclear,GW,"12,604","12,604","13,5","13,5","13,5","13,5","12,984","12,984","12,468","12,468","12,468","12,468","11,953","10,406","11,438","10,406","10,406","10,406","10,406","10,406","10,406","10,406","10,406","10,406","10,406","9,746","8,946","8,9","8,9","8,9","8,9"
IEO,Reference,China,Electricity|Capacity by technology|Nuclear,GW,"10,065","11,816","12,86","16,038",19,"22,61","29,88","33,08","35,07","37,06","41,294","46,411","51,021","51,021","51,021","56,681","65,091","72,841","80,841","88,841","94,591","100,341","106,091","111,841","117,591","123,341","129,091","134,841","140,591","146,341","152,091"
IEO,Reference,European Union,Electricity|Capacity by technology|Nuclear,GW,"130,969","122,578","122,019","125,62","123,91","122,2","121,04","119,88","118,72","117,56","116,4","117,1","117,8","118,5","119,2","119,9","121,04","122,18","123,32","124,46","125,6","125,88","126,16","126,44","126,72",127,"125,6","124,2","122,8","121,4",120
IEO,Reference,India,Electricity|Capacity by technology|Nuclear,GW,"4,189","4,391","4,391","5,308","5,308","7,058","8,338","9,255","9,255","9,255","10,915","11,545","13,792","15,409","15,109","19,019","22,929","26,099","29,359","32,269","33,519","34,219","34,919","35,619","36,319","36,132","37,332","38,532","39,527","40,727","40,522"
IEO,Reference,Japan,Electricity|Capacity by technology|Nuclear,GW,"46,821","44,215","44,215","42,4","42,4","6,204","11,433","18,311","22,634","24,809","28,486","29,553","30,62","30,62","30,62","30,62","29,84","29,84","29,84","29,84","29,84","29,84","29,84","29,84","29,84","28,773","28,773","27,717","25,868","24,801","24,801"
IEO,Reference,Mexico/Chile,Electricity|Capacity by technology|Nuclear,GW,"1,3","1,3","1,53","1,46","1,48","1,5","1,5","1,5","1,5","1,5","1,5","1,5","1,5","1,5","1,5","1,5","1,72","1,94","2,16","2,38","2,6","2,6","2,6","2,6","2,6","2,6","2,82","3,04","3,26","3,48","3,7"
IEO,Reference,Middle East,Electricity|Capacity by technology|Nuclear,GW,,"0,915","0,915","0,549","0,732","0,915","1,906","2,897","3,888","4,879","5,87","6,548","7,226","7,904","8,582","9,26","10,2","11,14","12,08","13,02","13,96","14,9","15,84","16,78","17,72","18,66","19,38","20,1","20,82","21,54","22,26"
IEO,Reference,Russia,Electricity|Capacity by technology|Nuclear,GW,"22,693","23,643","23,643","23,643","25,546","26,557","28,371","27,986","31,167","32,318","33,422","34,496","36,916","37,106","36,347","38,157","36,282","35,332","34,161","34,865","34,13","35,23","36,345","35,395","34,47","32,595","32,184","32,184","32,184","31,773","31,773"
IEO,Reference,South Korea,Electricity|Capacity by technology|Nuclear,GW,"18,698","18,751","20,739","20,721","23,011","24,411","25,751","27,091","27,091","27,091","27,091","28,491","29,891","31,291","32,691","32,691","32,691","34,191","35,691","35,691","35,691","35,691","35,691","35,691","35,691","35,691","35,691","35,691","35,691","35,691","35,691"
IEO,Reference,United States,Electricity|Capacity by technology|Nuclear,GW,"101,4","101,5","102,1","98,9",99,"99,6","100,2","100,8","100,3","100,9","101,4","101,4","101,4","101,4","101,4","101,4","101,4","101,4","101,4","101,4","101,6","101,8","101,8","101,8","101,9","102,1","102,2","102,7","103,2","103,7","104,9"
IEO,Reference,World,Electricity|Capacity by technology|Nuclear,GW,"375,453","368,793","373,032","377,397","341,192","354,706","372,551","385,929","395,235","401,979","413,982","425,868","439,695","443,953","447,924","460,87","474,679","490,293","506,027","521,785","532,394","542,03","551,481","558,867","566,378","570,425","576,544","583,172","588,848","595,1","602,125"
IEO,Reference,Africa,Electricity|Capacity by technology|Oil,GW,"15,071","15,164","15,434","15,896","16,79","16,639","16,489","16,341","16,194","16,049","15,905","15,763","15,622","15,482","15,344","15,207","15,072","14,938","14,805","14,674","14,544","14,415","14,287","14,161","14,036","13,912","13,79","13,669","13,548","13,43","13,312"
IEO,Reference,Australia/New Zealand,Electricity|Capacity by technology|Oil,GW,"1,416","1,491","1,507","1,492","1,619","1,604","1,589","1,575","1,56","1,546","1,532","1,518","1,505","1,491","1,477","1,464","1,451","1,438","1,425","1,412","1,399","1,387","1,374","1,362","1,35","1,338","1,326","1,314","1,302","1,29","1,279"
IEO,Reference,Brazil,Electricity|Capacity by technology|Oil,GW,"7,068","7,486","7,687","8,213","8,177","8,101","8,027","7,953","7,88","7,807","7,736","7,665","7,595","7,525","7,456","7,388","7,321","7,254","7,188","7,122","7,057","6,993","6,93","6,867","6,805","6,743","6,682","6,622","6,562","6,503","6,444"
IEO,Reference,Canada,Electricity|Capacity by technology|Oil,GW,"4,399","4,294","4,41","4,376","4,351","4,31","4,267","4,225","4,183","4,142","4,101","4,06","4,02","3,98","3,94","3,901","3,862","3,824","3,786","3,749","3,711","3,675","3,638","3,602","3,566","3,531","3,496","3,461","3,427","3,393","3,36"
IEO,Reference,China,Electricity|Capacity by technology|Oil,GW,"8,302","8,234","8,185","8,103","8,228","8,148","8,069","7,99","7,912","7,835","7,759","7,683","7,609","7,535","7,461","7,389","7,317","7,246","7,175","7,106","7,037","6,968","6,901","6,834","6,768","6,702","6,637","6,573","6,509","6,446","6,384"
IEO,Reference,European Union,Electricity|Capacity by technology|Oil,GW,"50,918","50,227","49,623","49,417","49,791","49,624","49,143","48,666","48,194","47,727","47,265","46,807","46,353","45,905","45,46","45,021","44,585","44,154","43,727","43,305","42,886","42,472","42,062","41,656","41,255","40,857","40,463","40,073","39,687","39,305","38,927"
IEO,Reference,India,Electricity|Capacity by technology|Oil,GW,"7,247","7,757","7,299","7,226","7,267","7,795","7,724","7,654","7,585","7,516","7,448","7,381","7,314","7,249","7,186","7,122","7,06","6,997","6,935","6,873","6,812","6,751","6,691","6,632","6,574","6,516","6,458","6,402","6,346","6,293","6,258"
IEO,Reference,Japan,Electricity|Capacity by technology|Oil,GW,"51,71","52,035","52,307","52,308","52,546","52,546","50,485","49,983","49,485","48,993","48,505","48,023","47,545","47,072","46,604","46,14","45,681","45,226","44,777","44,331","43,89","43,454","43,022","42,594","42,17","41,751","41,336","40,925","40,518","40,115","39,716"
IEO,Reference,Mexico/Chile,Electricity|Capacity by technology|Oil,GW,"16,39","16,096","15,603","15,489","15,383","15,23","15,079","14,929","14,781","14,634","14,488","14,344","14,202","14,061","13,921","13,783","13,646","13,51","13,376","13,243","13,112","12,982","12,853","12,725","12,599","12,474","12,35","12,227","12,106","11,986","11,867"
IEO,Reference,Middle East,Electricity|Capacity by technology|Oil,GW,"35,704","37,212","39,442","41,801","47,517","49,431","51,688","51,309","53,814","53,443","53,075","52,711","52,351","51,994","51,641","51,291","50,945","50,602","50,263","49,927","49,595","49,266","48,94","48,617","48,298","47,982","47,669","47,359","47,052","46,748","46,448"
IEO,Reference,Russia,Electricity|Capacity by technology|Oil,GW,"3,13","3,114","3,372","3,371","4,004","3,971","3,938","3,906","3,874","3,842","3,81","3,779","3,749","3,718","3,688","3,658","3,628","3,599","3,57","3,541","3,513","3,485","3,457","3,429","3,402","3,375","3,348","3,322","3,296","3,27","3,244"
IEO,Reference,South Korea,Electricity|Capacity by technology|Oil,GW,"4,594","4,267","4,773","4,725","4,681","4,635","4,588","4,543","4,497","4,452","4,408","4,364","4,32","4,277","4,234","4,192","4,15","4,109","4,067","4,027","3,987","3,947","3,907","3,868","3,83","3,791","3,754","3,716","3,679","3,642","3,606"
IEO,Reference,United States,Electricity|Capacity by technology|Oil,GW,"109,5","105,1","101,2","96,6","94,9","95,5","98,1","97,6","95,2","92,4","89,4",85,"82,3","81,2","80,4","80,2","79,9","79,4",76,"75,6",75,"74,5","73,1","71,3","71,2","71,1","71,1","71,1","70,7","70,2","70,1"
IEO,Reference,World,Electricity|Capacity by technology|Oil,GW,"395,269","394,361","394,88","393,231","402,166","404,222","405,059","401,738","399,425","393,86","388,123","381,013","375,63","371,875","368,448","365,646","362,77","359,72","353,795","350,895","347,819","344,869","341,043","336,842","334,364","331,91","329,58","327,273","324,59","321,832","319,514"
IEO,Reference,Africa,Electricity|Capacity by technology|Other,GW,"0,553","0,556","0,999","1,055","1,183","1,22","1,256","1,288","1,377","1,38","1,383","1,384","1,386","1,388","1,39","1,392","1,394","1,397","1,4","1,402","1,405","1,496","1,524","1,552","1,581","1,611","1,64","1,67","1,7","1,732","1,765"
IEO,Reference,Australia/New Zealand,Electricity|Capacity by technology|Other,GW,"0,96","0,961","0,952","0,952","0,982","1,021","1,134","1,202","1,272","1,319","1,329","1,329","1,329","1,346","1,362","1,38","1,397","1,412","1,43","1,448","1,467","1,486","1,509","1,533","1,56","1,589","1,62","1,653","1,689","1,725","1,761"
IEO,Reference,Brazil,Electricity|Capacity by technology|Other,GW,"7,826","10,9","10,195","11,568","12,448","12,482","12,452","12,496","12,718","12,955","13,147","13,349","13,549","13,751","13,948","14,141","14,331","14,521","14,714","14,907","15,1","15,334","15,569","15,806","16,039","16,279","16,527","16,785","17,049","17,311","17,588"
IEO,Reference,Canada,Electricity|Capacity by technology|Other,GW,"4,255","4,249","4,249","4,451","4,54","4,621","4,67","4,742","4,811","4,881","4,951","5,643","6,335","7,028","7,72","8,412","9,105","9,797","10,49","11,182","11,874","12,567","13,259","13,952","14,644","15,336","15,545","15,758","15,983","16,203","16,428"
IEO,Reference,China,Electricity|Capacity by technology|Other,GW,"4,4","8,196","8,121","8,683","9,169","16,004","17,63","19,245","21,006","22,768","24,53","27,452","30,374","33,297","36,219","39,141","42,063","44,985","47,907","50,829","53,751","56,673","59,595","62,518","65,44","68,362","71,284","74,206","77,128","80,05","82,972"
IEO,Reference,European Union,Electricity|Capacity by technology|Other,GW,"31,298","35,45","38,144","39,641","40,222","40,883","41,309","42,118","45,482","45,617","60,646","60,72","60,793","60,866","60,866","60,866","60,866","60,866","60,866","60,866","60,866","60,866","60,866","60,866","60,866","60,866","61,661","62,474","63,342","64,214","65,142"
IEO,Reference,India,Electricity|Capacity by technology|Other,GW,"2,6","3,482","3,616","3,646","3,694","3,76","4,83","5,908","5,94","5,945","5,95","6,407","6,863","7,32","7,776","8,233","8,689","9,146","9,602","10,059","10,515","10,787","11,063","11,347","11,638","11,938","12,245","12,562","12,885","13,215","13,606"
IEO,Reference,Japan,Electricity|Capacity by technology|Other,GW,"1,501","1,501","1,501","1,514","1,541","1,584","1,739","1,752","1,761","1,93","2,099","2,268","2,438","2,607","2,776","2,945","3,115","3,284","3,453","3,622","3,792","3,827","3,86","3,893","3,921","3,944","3,958","3,962","3,953","3,947","3,945"
IEO,Reference,Mexico/Chile,Electricity|Capacity by technology|Other,GW,"1,022","1,045","1,179","1,201","1,209","1,229","1,248","1,268","1,287","1,288","1,288","1,288","1,288","1,288","1,288","1,288","1,288","1,321","1,356","1,393","1,431","1,469","1,508","1,548","1,589","1,632","1,675","1,721","1,77","1,815","1,863"
IEO,Reference,Middle East,Electricity|Capacity by technology|Other,GW,"0,004","0,004","0,721","0,723","0,888","1,053","1,218","1,409","1,601","1,76","1,918","2,397","2,876","2,89","2,904","2,918","2,925","2,933","2,941","2,949","2,957","3,629","4,301","4,395","4,494","4,596","4,701","4,802","4,901","5,006","5,113"
IEO,Reference,Russia,Electricity|Capacity by technology|Other,GW,,,"0,831","0,837","0,846","0,855","0,865","0,869","0,873","0,874","0,875","0,875","0,875","0,879","0,885","0,89","0,896","0,901","0,905","0,91","0,915","0,92","0,925","0,93","0,935","0,939","0,941","0,942","0,942","0,941","0,938"
IEO,Reference,South Korea,Electricity|Capacity by technology|Other,GW,"0,239","0,309","0,317","0,342","1,013","1,688","1,774","1,864","1,954","2,034","2,901","3,06","3,22","3,379","3,539","3,698","3,857","4,017","4,107","4,197","4,287","4,349","4,418","4,487","4,555","4,62","4,689","4,76","4,828","4,9","4,972"
IEO,Reference,United States,Electricity|Capacity by technology|Other,GW,"35,7","36,1","36,9","37,4","37,6","37,9",38,"38,9","38,9","38,9","38,9","38,9","38,9","38,9","38,9","38,9","38,9",39,39,39,"39,1","39,2","39,3","39,4","39,5","39,6","39,8","40,2","40,6","40,8","41,1"
IEO,Reference,World,Electricity|Capacity by technology|Other,GW,"92,802","105,462","112,821","117,366","121,168","132,293","136,367","141,534","147,688","150,506","168,923","177,835","183,137","187,998","192,78","197,558","202,399","207,37","212,18","216,988","221,902","227,358","232,754","237,592","242,45","247,324","252,622","258,157","263,767","269,17","274,859"
IEO,Reference,Africa,Electricity|Capacity by technology|Solar,GW,"0,019","0,054","0,291","0,306","0,406","1,548","1,904","2,26","2,425","2,59","4,538","4,61","4,682","4,753","4,825","4,897","6,354","7,81","9,266","10,722","12,179","12,262","12,679","13,094","13,52","13,965","14,405","14,85","15,304","15,778","16,272"
IEO,Reference,Australia/New Zealand,Electricity|Capacity by technology|Solar,GW,"0,5","1,298","1,421","2,282","3,203","4,022","4,445","4,483","4,491","4,5","4,508","4,517","4,517","4,6","4,679","4,765","4,85","4,923","5,006","5,094","5,189","5,281","5,392","5,506","5,639","5,78","5,929","6,089","6,262","6,437","6,611"
IEO,Reference,Brazil,Electricity|Capacity by technology|Solar,GW,,"0,032","0,017","0,017","0,017","0,017","0,017","0,017","0,017","0,017","0,017","0,017","0,017","0,017","0,017","0,017","0,017","0,017","0,017","0,017","0,017","0,017","0,017","0,017","0,017","0,017","0,017","0,017","0,017","0,017","0,017"
IEO,Reference,Canada,Electricity|Capacity by technology|Solar,GW,"0,108","0,563","0,795","1,23","1,915","2,192","2,267","2,306","2,344","2,383","2,422","2,506","2,591","2,675","2,76","2,844","2,929","3,014","3,098","3,183","3,267","3,352","3,436","3,521","3,605","3,69","3,743","3,797","3,853","3,909","3,966"
IEO,Reference,China,Electricity|Capacity by technology|Solar,GW,"0,893","3,093","3,3",18,27,"46,8","55,8","64,8","73,8","82,8","91,8","96,41","101,02","105,63","110,24","114,85","119,46","124,07","128,68","133,29","137,9","142,51","147,12","151,73","156,34","160,95","165,56","170,17","174,78","179,39",184
IEO,Reference,European Union,Electricity|Capacity by technology|Solar,GW,"28,264","52,321","70,247","79,803","86,276","92,084","92,451","92,711","92,755","92,799","92,843","92,887","92,931","92,975","93,019","93,062","93,106","93,15","93,194","93,238","93,282","93,326","93,37","93,414","93,458","93,502","94,346","95,209","96,13","97,055","98,039"
IEO,Reference,India,Electricity|Capacity by technology|Solar,GW,"0,01","0,461","1,176","2,144","2,959","5,049","6,246","6,358","7,638","8,917","10,197","13,277","16,358","19,438","22,518","25,598","28,679","31,759","34,839","37,92",41,"42,462","43,951","45,479","47,045","48,658","50,31","52,014","53,752","55,529","57,636"
IEO,Reference,Japan,Electricity|Capacity by technology|Solar,GW,"3,618","4,914","6,6","13,692","23,945","33,44","33,496","34,622","35,748","36,874",38,"38,97","39,94","40,91","41,88","42,85","43,82","44,79","45,76","46,73","47,7","47,934","48,153","48,378","48,565","48,716","48,808","48,832","48,774","48,735","48,724"
IEO,Reference,Mexico/Chile,Electricity|Capacity by technology|Solar,GW,"0,029","0,045","0,059","0,129","0,665","1,114","1,2","1,283","1,331","1,527","1,723","1,723","1,723","1,723","1,723","1,723","1,723","1,771","1,823","1,877","1,932","1,989","2,045","2,103","2,164","2,227","2,29","2,357","2,428","2,495","2,565"
IEO,Reference,Middle East,Electricity|Capacity by technology|Solar,GW,"0,01","0,011","0,063","0,179","0,313","0,446","2,069","2,947","3,824","4,702","5,579","13,875","22,17","22,782","23,395","24,007","24,619","25,232","25,844","26,456","27,068","34,458","41,848","42,945","44,102","45,284","46,506","47,693","48,839","50,064","51,313"
IEO,Reference,Russia,Electricity|Capacity by technology|Solar,GW,,,,"0,002","0,007","0,045","0,18","0,315","0,45","1,327","2,205","2,205","2,205","2,226","2,252","2,28","2,305","2,328","2,351","2,373","2,397","2,421","2,445","2,469","2,493","2,512","2,52","2,526","2,524","2,519","2,508"
IEO,Reference,South Korea,Electricity|Capacity by technology|Solar,GW,"0,65","0,754","1,084","1,445","1,925","2,38","2,388","2,389","2,39","2,391","2,392","2,601","2,81","3,019","3,228","3,437","3,646","3,855","3,855","3,855","3,855","3,905","3,961","4,017","4,072","4,125","4,181","4,239","4,293","4,352","4,411"
IEO,Reference,United States,Electricity|Capacity by technology|Solar,GW,"2,7","4,4","7,6","12,7","17,2","20,8","26,1","26,4","26,7",27,"27,6","28,2",29,"29,8","30,8","31,9","33,2","34,5","35,9","37,3",39,"40,8","42,6","44,5","46,3","48,3","50,6","52,8","55,4","58,1","60,6"
IEO,Reference,World,Electricity|Capacity by technology|Solar,GW,"36,889","69,123","95,297","135,392","169,727","214,271","233,753","246,569","260,081","274,484","293,416","312,17","330,596","341,444","352,489","363,641","376,271","388,937","401,506","414,076","426,959","443,126","459,657","470,042","480,428","491,077","502,808","514,427","526,442","538,702","551,237"
IEO,Reference,Africa,Electricity|Capacity by technology|Total,GW,"133,098","135,474","140,872","148,501","160,913","171,897","175,322","181,751","185,4","187,382","191,422","193,149","194,884","194,907","198,416","202,463","207,827","213,652","219,602","225,637","231,598","237,029","244,001","250,992","258,176","265,722","273,25","280,901","288,762","297,022","305,681"
IEO,Reference,Australia/New Zealand,Electricity|Capacity by technology|Total,GW,"69,057","70,841","72,028","73,519","75,324","76,317","78,997","79,88","81,25","82,824","84,326","85,106","85,896","86,99","88,007","89,15","90,265","91,197","92,291","93,457","94,729","95,955","97,488","99,063","100,926","102,924","105,042","107,319","109,82","112,351","114,875"
IEO,Reference,Brazil,Electricity|Capacity by technology|Total,GW,"113,607","119,074","121,684","131,789","137,174","137,605","137,302","138,096","141,52","145,149","148,13","151,006","153,853","156,73","159,541","162,285","165,826","169,358","172,948","176,525","180,12","183,474","186,835","190,244","193,586","197,037","200,607","204,319","208,115","211,899","215,887"
IEO,Reference,Canada,Electricity|Capacity by technology|Total,GW,"132,024","132,623","134,86","137,22","141,541","144,761","146,074","148,338","150,276","152,224","154,261","156,353","158,5","160,652","163,212","165,255","167,494","169,634","171,952","173,97","176,476","179,084","181,639","184,267","186,962","189,64","192,363","195,295","198,38","201,347","204,394"
IEO,Reference,China,Electricity|Capacity by technology|Total,GW,"972,082","1065,129","1153,31","1263,7","1346,929","1418,195","1465,965","1509,467","1577,089","1615,049","1657,18","1690,171","1719,71","1750,614","1779,164","1808,409","1834,115","1860,183","1886,17","1910,922","1936,674","1963,226","1989,645","2014,663","2040,289","2066,103","2091,518","2116,912","2143,355","2168,762","2193,578"
IEO,Reference,European Union,Electricity|Capacity by technology|Total,GW,"900,003","944,473","984,77","1015,384","1044,057","1068,984","1076,379","1085,335","1095,832","1102,799","1128,396","1130,223","1134,967","1138,329","1142,529","1147,964","1154,127","1160,32","1166,715","1173,12","1179,252","1188,564","1197,867","1207,423","1217,038","1227,187","1236,066","1245,213","1255,162","1265,19","1276,037"
IEO,Reference,India,Electricity|Capacity by technology|Total,GW,"207,722","237,901","254,684","255,855","275,099","301,799","316,355","329,526","335,487","340,231","346,87","354,489","363,737","371,759","383,498","395,737","408,114","420,634","433,42","446,379","459,314","472,301","485,516","499,064","512,962","527,145","541,871","557,055","572,491","588,267","606,752"
IEO,Reference,Japan,Electricity|Capacity by technology|Total,GW,"259,514","261,04","266,57","276,443","246,827","263,812","262,417","268,933","272,733","276,684","281,541","285,767","289,225","291,531","293,271","294,58","295,359","296,269","297,279","298,281","299,194","299,414","299,577","299,776","299,818","299,501","299,139","298,282","296,923","295,818","295,047"
IEO,Reference,Mexico/Chile,Electricity|Capacity by technology|Total,GW,"78,431","79,098","80,449","81,666","83,829","84,869","85,418","87,113","90,301","93,522","97,328","100,996","105,302","109,253","112,724","115,104","117,494","119,61","121,936","124,321","126,798","129,362","131,921","134,587","137,354","140,279","143,186","146,232","149,546","152,664","155,914"
IEO,Reference,Middle East,Electricity|Capacity by technology|Total,GW,"192,391","204,337","220,306","234,201","247,594","258,285","265,48","270,601","277,3","281,911","287,183","299,773","312,528","319,094","326,046","333,382","340,35","346,527","352,23","357,484","362,696","374,052","384,945","390,541","396,491","402,603","408,943","415,094","421,016","427,417","433,968"
IEO,Reference,Russia,Electricity|Capacity by technology|Total,GW,"226,92","230,447","233,232","235,527","256,212","259,632","261,48","260,181","262,671","264,941","267,177","266,903","267,989","267,285","265,734","266,819","267,156","268,26","269,347","270,436","271,656","272,942","274,295","275,466","276,701","277,46","277,517","277,45","276,848","275,939","274,521"
IEO,Reference,South Korea,Electricity|Capacity by technology|Total,GW,"81,782","80,013","89,653","93,01","103,057","110,543","115,802","119,213","120,618","121,766","124,022","126,867","128,361","129,859","131,363","132,455","134,078","135,696","138,004","139,892","141,867","143,415","145,148","146,893","148,589","150,24","151,986","153,794","155,515","157,37","159,231"
IEO,Reference,United States,Electricity|Capacity by technology|Total,GW,"1031,1","1046,3",1063,"1064,5","1076,8","1084,8","1082,4","1091,7","1085,5","1081,3","1078,8","1075,6","1075,8",1078,"1082,6","1090,8",1096,"1104,5","1113,2","1122,5","1133,2","1144,7","1153,7","1163,4","1175,5","1187,4","1201,4","1216,2","1231,5","1247,3","1261,3"
IEO,Reference,World,Electricity|Capacity by technology|Total,GW,"4972,007","5201,616","5439,618","5657,356","5868,624","6074,685","6175,015","6283,298","6392,798","6467,847","6576,746","6657,243","6738,079","6812,115","6893,049","6981,13","7064,875","7152,784","7242,662","7330,793","7422,155","7524,652","7625,812","7721,847","7822,734","7924,619","8027,352","8131,737","8238,698","8345,264","8455,279"
IEO,Reference,Africa,Electricity|Capacity by technology|Wind,GW,"0,926","0,962","1,096","1,437","1,933","3,733","4,552","5,49","6,879","8,268","9,657","9,675","9,692","9,71","9,728","9,745","10,055","10,365","10,674","10,984","11,293","11,356","11,736","12,114","12,501","12,907","13,308","13,713","14,127","14,558","15,009"
IEO,Reference,Australia/New Zealand,Electricity|Capacity by technology|Wind,GW,"2,376","2,749","3,207","3,981","4,589","4,961","7,436","7,577","8,834","10,092","11,349","11,349","11,349","11,587","11,81","12,057","12,299","12,506","12,744","12,995","13,264","13,526","13,843","14,168","14,547","14,95","15,375","15,829","16,323","16,822","17,318"
IEO,Reference,Brazil,Electricity|Capacity by technology|Wind,GW,"0,927","1,431","2,508","2,826","5,667","6,168","6,144","6,179","6,358","6,549","6,704","6,867","7,029","7,192","7,351","7,506","7,66","7,813","7,969","8,124","8,28","8,469","8,658","8,85","9,038","9,231","9,432","9,64","9,852","10,064","10,287"
IEO,Reference,Canada,Electricity|Capacity by technology|Wind,GW,"3,967","5,265","6,2","7,711","9,582","11,305","12,465","13,419","14,048","14,677","15,307","15,783","16,259","16,735","17,212","17,688","18,164","18,64","19,117","19,593","20,069","20,545","21,022","21,498","21,974","22,451","22,788","23,135","23,499","23,856","24,222"
IEO,Reference,China,Electricity|Capacity by technology|Wind,GW,"31,1",45,61,75,96,"110,667","125,334",140,"154,445","168,889","183,334","191,667",200,"208,334","216,667",225,"233,334","241,667",250,"258,334","266,667",275,"283,333","291,667",300,"308,333","316,667",325,"333,333","341,667",350
IEO,Reference,European Union,Electricity|Capacity by technology|Wind,GW,"75,24","94,439","106,55","112,931","119,761","137,684","144,616","155,034","165,445",174,"189,418","191,45","193,482","195,515","199,311","203,108","206,905","210,701","214,498","218,295","222,091","230,187","238,282","246,377","254,473","262,568","265,288","268,069","271,037","274,019","277,192"
IEO,Reference,India,Electricity|Capacity by technology|Wind,GW,"13,065","16,084","18,421","18,656","18,821","20,747","23,268","25,789","27,822","29,856","31,89","33,923","35,957","37,991","40,025","42,058","44,092","46,126","48,159","50,193","52,227","53,773","55,349","56,965","58,622","60,328","62,076","63,878","65,717","67,596","69,825"
IEO,Reference,Japan,Electricity|Capacity by technology|Wind,GW,"2,294","2,419","2,614","2,618","2,669","2,781","2,948","2,997","3,038","3,08","3,121","3,589","4,057","4,525","4,993","5,461","5,929","6,396","6,864","7,332","7,8","7,835","7,867","7,901","7,929","7,951","7,965","7,968","7,96","7,954","7,952"
IEO,Reference,Mexico/Chile,Electricity|Capacity by technology|Wind,GW,"0,732","0,785","1,742","2,124","3,644","4,079","4,463","5,708","6,952","8,197","9,442","10,726","12,011","13,295","14,58","15,864","17,149","17,623","18,139","18,666","19,212","19,77","20,325","20,9","21,495","22,121","22,744","23,397","24,102","24,765","25,45"
IEO,Reference,Middle East,Electricity|Capacity by technology|Wind,GW,"0,103","0,103","0,104","0,104","0,124","0,458","0,779","1,03","1,282","1,533","1,785","3,697","5,61","5,749","5,888","6,026","6,423","6,82","7,217","7,614","8,011","9,541","11,071","11,361","11,666","11,978","12,301","12,615","12,917","13,241","13,571"
IEO,Reference,Russia,Electricity|Capacity by technology|Wind,GW,"0,015","0,017","0,017","0,017","0,08","0,274","0,469","0,664","0,858","2,271","3,683","3,683","3,683","3,719","3,761","3,808","3,85","3,888","3,927","3,962","4,003","4,043","4,084","4,123","4,163","4,194","4,207","4,217","4,215","4,207","4,188"
IEO,Reference,South Korea,Electricity|Capacity by technology|Wind,GW,"0,382","0,425","0,483","0,547","0,608","2,519","3,254","3,99","5,853","7,464","9,075","10,686","10,941","11,195","11,45","11,705","11,96","12,215","13,433","14,651","15,869","16,106","16,367","16,63","16,886","17,135","17,396","17,666","17,923","18,197","18,472"
IEO,Reference,United States,Electricity|Capacity by technology|Wind,GW,"39,8","46,5","59,4","60,5","65,4","76,3","80,7","81,9","82,5","82,6","82,7","82,8","83,2","83,3","83,7","83,8","84,2","84,7","85,2","85,7","87,3",89,91,"93,4",96,"96,7","98,4","101,5","105,1","109,1","109,7"
IEO,Reference,World,Electricity|Capacity by technology|Wind,GW,"172,897","219,717","268,724","294,823","336,204","390,237","426,16","460,109","495,271","528,777","568,852","587,42","604,927","620,636","638,397","655,878","674,53","692,434","711,375","730,335","750,438","773,794","797,864","821,165","844,803","866,658","884,056","903,039","922,827","943,057","960,519"
IEO,Reference,Africa,Electricity|Generation by technology|Coal,EJ/yr,"0,8600148","0,87156","0,8590752","0,8522028","0,8756136","0,8802072","0,8873784","0,9121824","0,9428472","0,97704","1,0196748","1,0996776","1,093284","1,0869444","1,0870128","1,089954","1,0922508","1,0955844","1,0995192","1,1041128","1,1105244","1,1206584","1,1284272","1,1382732","1,1480544","1,1592144","1,1722104","1,186992","1,2045348","1,2245076","1,2473532"
IEO,Reference,Australia/New Zealand,Electricity|Generation by technology|Coal,EJ/yr,"0,61911","0,5937624","0,5914944","0,586764","0,5820696","0,5774112","0,5729904","0,5721372","0,568566","0,56655","0,5642784","0,562644","0,5607072","0,5586336","0,556182","0,5538708","0,5514984","0,5483232","0,5451012","0,5419116","0,5390028","0,5360112","0,5334444","0,5308596","0,5285268","0,5264712","0,5247396","0,523188","0,5224032","0,5232888","0,5248044"
IEO,Reference,Brazil,Electricity|Generation by technology|Coal,EJ/yr,"0,0384192","0,0482076","0,0449496","0,0672156","0,0669204","0,0665676","0,0662148","0,0658692","0,0655236","0,065178","0,0648396","0,0645012","0,0641664","0,0638352","0,0635076","0,06318","0,062856","0,0625356","0,0622152","0,0618984","0,0615852","0,0612756","0,060966","0,06066","0,0603576","0,0600552","0,0597564","0,0594576","0,059166","0,0588744","0,0585828"
IEO,Reference,Canada,Electricity|Generation by technology|Coal,EJ/yr,"0,281988","0,2639484","0,2154852","0,213012","0,212004","0,2059596","0,20268","0,20268","0,19935","0,166806","0,1557936","0,152442","0,1524744","0,1525428","0,1525428","0,1525968","0,1449036","0,1301832","0,1224972","0,073512","0,073548","0,0735948","0,0736416","0,0736956","0,0737604","0,0738684","0,0654732","0,0655344","0,0656064","0,05742","0,0491796"
IEO,Reference,China,Electricity|Generation by technology|Coal,EJ/yr,"11,2706892","12,872736","12,9144744","13,5505116","14,0637636","14,2554312","14,3346312","14,562558","15,0842196","15,112728","15,1635564","15,3152928","15,4107756","15,5953476","15,7399704","15,8095152","15,788718","15,7796316","15,7526532","15,7049964","15,6711348","15,6293964","15,5765592","15,5131416","15,4485828","15,38415","15,3207216","15,2587836","15,2047836","15,1493148","15,0978204"
IEO,Reference,European Union,Electricity|Generation by technology|Coal,EJ/yr,"3,0545568","3,1348548","3,3477084","3,1497048","3,30066","3,3066432","3,3048396","3,3108804","3,3119748","3,3229404","3,3216336","3,3268824","3,3412248","3,3631416","3,3894792","3,3909192","3,3716952","3,3523884","3,333132","3,3141312","3,294522","3,2750352","3,2556456","3,2369508","3,2181984","3,2002812","3,185856","3,1718808","3,1603212","3,1491576","3,1405824"
IEO,Reference,India,Electricity|Generation by technology|Coal,EJ/yr,"2,2265208","2,4275448","2,711736","2,8536156","3,0101904","3,125484","3,1560012","3,1915368","3,236436","3,3081444","3,3994908","3,5775684","3,5553348","3,5412012","3,6345348","3,6574632","3,683754","3,7271808","3,7725012","3,830904","3,9115836","4,029606","4,1596524","4,2991128","4,4436348","4,6130976","4,7640744","4,9231224","5,0969952","5,276646","5,5305108"
IEO,Reference,Japan,Electricity|Generation by technology|Coal,EJ/yr,"1,0122696","0,954072","1,0261296","1,0586484","1,0592172","1,0433808","1,0111716","0,9941364","0,9864036","0,9795096","0,9722268","0,9655668","0,9586008","0,951732","0,9446724","0,937566","0,930582","0,9234756","0,9164304","0,9094572","0,9025632","0,8958456","0,8892144","0,88263","0,8760672","0,8698644","0,863352","0,857178","0,8514504","0,8455932","0,8393688"
IEO,Reference,Mexico/Chile,Electricity|Generation by technology|Coal,EJ/yr,"0,167454","0,1818936","0,2018628","0,2060208","0,2044188","0,206082","0,2045664","0,2030868","0,2015352","0,1999944","0,198468","0,196956","0,195768","0,1945368","0,1930572","0,192384","0,1916856","0,1910448","0,190476","0,189936","0,1894248","0,189252","0,1892232","0,1894068","0,189702","0,1900944","0,1906812","0,190836","0,191394","0,192186","0,1939788"
IEO,Reference,Middle East,Electricity|Generation by technology|Coal,EJ/yr,"0,0011736","0,001422","0,0013464","0,0013356","0,0013248","0,002988","0,0030456","0,0031068","0,003474","0,0039168","0,0045612","0,0049284","0,0054792","0,0065952","0,0079344","0,0091188","0,0102888","0,011412","0,012492","0,0135216","0,0144396","0,0148824","0,0152892","0,0161928","0,0171468","0,0181512","0,0192528","0,0203472","0,0215244","0,0228024","0,0242136"
IEO,Reference,Russia,Electricity|Generation by technology|Coal,EJ/yr,"0,5620608","0,5561532","0,5716476","0,5722452","0,61542","0,6152328","0,599976","0,5957964","0,5705496","0,5596164","0,5485392","0,5378544","0,5195016","0,5156604","0,5114736","0,5073192","0,5345856","0,5592528","0,5854068","0,5927652","0,6137028","0,6179904","0,6224724","0,6477696","0,6720768","0,70407","0,7169328","0,7241148","0,7278624","0,7343676","0,73071"
IEO,Reference,South Korea,Electricity|Generation by technology|Coal,EJ/yr,"0,7420284","0,7597692","0,8099496","0,8320248","0,7656084","0,808668","0,8644572","0,8602956","0,8548128","0,8486352","0,8452008","0,839124","0,833094","0,8271144","0,8211852","0,8212824","0,824274","0,8184852","0,8127396","0,8134668","0,815814","0,8211528","0,8283816","0,8352864","0,8419428","0,8488692","0,8568756","0,8655192","0,876096","0,8891496","0,9051696"
IEO,Reference,United States,Electricity|Generation by technology|Coal,EJ/yr,"6,65028","6,23988","5,4504","5,70852","5,81868","5,73768","5,62572","5,742","5,8086","6,02784","6,15276","6,16932","6,19236","6,21468","6,23412","6,20676","6,2028","6,19524","6,18552","6,17436","6,16788","6,15636","6,14808","6,138","6,1344","6,13548","6,13692","6,12864","6,13368","6,12792","6,12648"
IEO,Reference,World,Electricity|Generation by technology|Coal,EJ/yr,"29,4657696","31,085856","30,9731616","31,8992472","32,85918","33,141366","33,1652556","33,5692188","34,2247176","34,6318956","35,0177256","35,5982472","35,6598504","35,8791588","36,1728864","36,2664252","36,2993472","36,342378","36,3771972","36,351648","36,4344336","36,537408","36,6489252","36,7845984","36,9332604","37,1270988","37,2873816","37,4593644","37,6826112","37,910034","38,2345524"
IEO,Reference,Africa,Electricity|Generation by technology|Gas,EJ/yr,"0,729396","0,8003844","0,8487468","0,8445096","0,8786376","0,9631044","1,0338624","1,0636236","1,0788696","1,0708812","1,0629684","1,0551384","1,047384","1,0397088","1,110096","1,1889684","1,2595356","1,3399596","1,4223132","1,505538","1,5836004","1,6880976","1,7867124","1,8825192","1,9813644","2,0838636","2,183508","2,2825044","2,3810256","2,4824628","2,5862868"
IEO,Reference,Australia/New Zealand,Electricity|Generation by technology|Gas,EJ/yr,"0,1866672","0,1965924","0,1979856","0,1980036","0,1997928","0,1978524","0,1972872","0,215478","0,2202768","0,234576","0,248184","0,2721204","0,2968488","0,318222","0,3388284","0,3611448","0,383094","0,4031136","0,4256136","0,4491324","0,4739004","0,49806","0,5263236","0,5552316","0,5881752","0,6228072","0,6588648","0,6970932","0,73782","0,7771716","0,8157204"
IEO,Reference,Brazil,Electricity|Generation by technology|Gas,EJ/yr,"0,1235952","0,0977292","0,1483668","0,244872","0,221166","0,2132712","0,2065968","0,2002896","0,246564","0,246582","0,246582","0,246582","0,246582","0,246582","0,246582","0,246582","0,246582","0,246582","0,246582","0,246582","0,246582","0,246582","0,246582","0,246582","0,246582","0,246582","0,246582","0,246582","0,246582","0,246582","0,246582"
IEO,Reference,Canada,Electricity|Generation by technology|Gas,EJ/yr,"0,174672","0,2179512","0,2285424","0,2292696","0,2270484","0,2360052","0,2337876","0,23472","0,266634","0,320904","0,3508128","0,3682944","0,39699","0,4536432","0,4515948","0,4912596","0,5178204","0,5503392","0,578952","0,6503112","0,674406","0,7011792","0,7264512","0,7535988","0,7824924","0,8285148","0,8768628","0,8984916","0,919944","0,9493092","0,9792288"
IEO,Reference,China,Electricity|Generation by technology|Gas,EJ/yr,"0,2393496","0,2904984","0,2923668","0,3643092","0,4101228","0,422496","0,4957092","0,7216128","0,7188336","0,7857936","0,8821188","1,0698984","1,2339756","1,4700024","1,6818408","1,833948","1,9056276","1,992798","2,0886264","2,1712392","2,3281524","2,5144452","2,7079092","2,8733148","3,055968","3,2430996","3,4177608","3,5897868","3,7818828","3,9466548","4,0906872"
IEO,Reference,European Union,Electricity|Generation by technology|Gas,EJ/yr,"2,9662704","2,75895","2,3206788","2,3789736","2,3789628","2,3991444","2,3949216","2,3726304","2,3505588","2,3808204","2,3591916","2,34648","2,407914","2,5034112","2,5786836","2,6851644","2,7985644","2,9123316","3,0309372","3,1489092","3,2597712","3,362904","3,4651008","3,572622","3,6812916","3,802716","3,9863016","4,172292","4,364748","4,55742","4,7566008"
IEO,Reference,India,Electricity|Generation by technology|Gas,EJ/yr,"0,3833712","0,3864276","0,3177864","0,2017944","0,2204424","0,2186064","0,23238","0,2304252","0,2284884","0,2265732","0,224676","0,2227968","0,2209392","0,22329","0,2627712","0,27729","0,29196","0,3120732","0,3345876","0,3575844","0,3995352","0,4507956","0,4935204","0,531666","0,5695812","0,6080436","0,6392412","0,6688296","0,6925608","0,7107408","0,7272288"
IEO,Reference,Japan,Electricity|Generation by technology|Gas,EJ/yr,"1,0177416","1,2691548","1,3441896","1,3896828","1,4108184","1,4171292","1,3644828","1,3348404","1,322262","1,3647456","1,3920804","1,4637636","1,515294","1,5641568","1,5980508","1,62027","1,648728","1,6598772","1,6733988","1,686384","1,6966152","1,7201736","1,7425332","1,7653104","1,785384","1,8250992","1,8383256","1,8687096","1,909458","1,9353132","1,9410588"
IEO,Reference,Mexico/Chile,Electricity|Generation by technology|Gas,EJ/yr,"0,5132376","0,57528","0,554202","0,5499936","0,5587164","0,553284","0,5608152","0,5675544","0,5879088","0,6168564","0,6543936","0,6919884","0,7459308","0,796086","0,833832","0,864864","0,8902656","0,9187668","0,9501336","0,9822744","1,0156572","1,0557468","1,0955124","1,1364588","1,1786688","1,2229704","1,260702","1,3010184","1,3445532","1,38492","1,4258124"
IEO,Reference,Middle East,Electricity|Generation by technology|Gas,EJ/yr,"1,8030924","1,7576892","1,8611712","1,93887","2,0351916","2,1372804","2,1757176","2,2240044","2,2916844","2,3819256","2,4893424","2,5488396","2,6120052","2,7817164","2,9610684","3,1509144","3,3134832","3,4542252","3,5818164","3,6969336","3,8108412","3,8592864","3,8949228","4,0015044","4,1146632","4,2306588","4,356504","4,478382","4,595364","4,721292","4,849668"
IEO,Reference,Russia,Electricity|Generation by technology|Gas,EJ/yr,"1,7614692","1,75698","1,7778744","1,794726","1,7467092","1,6367724","1,6000236","1,5969204","1,5883848","1,6243776","1,644282","1,6491204","1,6100532","1,6237368","1,6078212","1,5920604","1,6244028","1,6563708","1,6922232","1,6977168","1,7296704","1,7313264","1,733562","1,7654616","1,7988228","1,8403416","1,8495864","1,8513756","1,8465408","1,843722","1,8301932"
IEO,Reference,South Korea,Electricity|Generation by technology|Gas,EJ/yr,"0,3491748","0,3915864","0,3787956","0,412002","0,4127472","0,417762","0,3941568","0,3988908","0,4014864","0,3979224","0,4000716","0,396576","0,3931128","0,3896892","0,386298","0,40302","0,4308984","0,4276044","0,4243464","0,4431708","0,4625136","0,4928832","0,5250816","0,5578092","0,589734","0,6203772","0,6518052","0,6838308","0,7119684","0,740268","0,7656192"
IEO,Reference,United States,Electricity|Generation by technology|Gas,EJ/yr,"3,55392","3,64896","4,42116","4,02516","4,07916","4,12776","4,2462","4,13136","4,19328","4,11948","4,0194","4,01904","4,07412","4,15764","4,26348","4,40244","4,50648","4,6224","4,74012","4,84524","4,93488","4,99644","5,05656","5,13504","5,21712","5,32224","5,42448","5,50152","5,553","5,5908","5,64768"
IEO,Reference,World,Electricity|Generation by technology|Gas,EJ/yr,"16,3750248","16,6532616","17,3815596","17,3011356","17,5050828","17,6653512","17,862588","18,0574668","18,3305664","18,6901812","18,924534","19,3358412","19,8412416","20,7770184","21,7013364","22,6620612","23,5040652","24,3296604","25,1788968","26,0179308","26,9083152","27,7858224","28,6315488","29,5689132","30,5492544","31,6216548","32,6734344","33,6772728","34,6720464","35,5972824","36,5076144"
IEO,Reference,Africa,Electricity|Generation by technology|Geothermal,EJ/yr,"0,0052956","0,0054576","0,005814","0,0057852","0,0057564","0,0057276","0,0056988","0,00567","0,0105336","0,0200196","0,026802","0,0290232","0,0396324","0,0565596","0,0675288","0,075816","0,0841032","0,0923904","0,1006776","0,1089648","0,117252","0,117252","0,121284","0,1252944","0,1294092","0,1337148","0,1379736","0,1422756","0,146664","0,1512504","0,1560312"
IEO,Reference,Australia/New Zealand,Electricity|Generation by technology|Geothermal,EJ/yr,"0,0211788","0,022032","0,0222984","0,0232056","0,0269532","0,0344196","0,0368352","0,0421596","0,0474804","0,0474804","0,0474804","0,0474804","0,0474804","0,0485208","0,0495","0,0505764","0,0516312","0,0525384","0,0535788","0,0546768","0,055854","0,0569988","0,0583848","0,0598104","0,0614628","0,0632268","0,0650844","0,067068","0,0692316","0,0714096","0,0735804"
IEO,Reference,China,Electricity|Generation by technology|Geothermal,EJ/yr,"0,0005832","0,0005832","0,0005508","0,0005508","0,0008352","0,0009864","0,001404","0,0016848","0,001746","0,0020628","0,0022536","0,0022536","0,0022536","0,0022536","0,0022536","0,0022536","0,0022536","0,0022536","0,0022536","0,0022536","0,0022536","0,0022536","0,0022536","0,0022536","0,0022536","0,0022536","0,0022536","0,0022536","0,0022536","0,0022536","0,0022536"
IEO,Reference,European Union,Electricity|Generation by technology|Geothermal,EJ/yr,"0,038682","0,0406404","0,0428076","0,044136","0,0442836","0,0460548","0,049536","0,0516132","0,053334","0,0657216","0,0744228","0,079722","0,0818028","0,0838836","0,0838836","0,0838836","0,0838836","0,0838836","0,0838836","0,0838836","0,0838836","0,0838836","0,0838836","0,0838836","0,0838836","0,0838836","0,0848988","0,085932","0,0870408","0,0881496","0,089334"
IEO,Reference,India,Electricity|Generation by technology|Geothermal,EJ/yr,,,,,,,"0,0000432","0,0001944","0,000342","0,0004392","0,0004716","0,0004752","0,0005112","0,0005328","0,0005328","0,0005328","0,0005328","0,0005328","0,0005328","0,0005328","0,0005328","0,0005508","0,0005724","0,0005904","0,000612","0,0006336","0,0006552","0,0006768","0,0006984","0,00072","0,0007488"
IEO,Reference,Japan,Electricity|Generation by technology|Geothermal,EJ/yr,"0,0094752","0,0096336","0,0093924","0,0093924","0,0093924","0,0093924","0,00936","0,0093132","0,0093492","0,0093924","0,0093924","0,0093924","0,0093924","0,0093924","0,0093924","0,0093924","0,0093924","0,0093924","0,0093924","0,0093924","0,0093924","0,0094392","0,009486","0,0095328","0,0095688","0,0096012","0,0096192","0,0096264","0,009612","0,0096048","0,0096012"
IEO,Reference,Mexico/Chile,Electricity|Generation by technology|Geothermal,EJ/yr,"0,0238248","0,0234252","0,0209412","0,0208368","0,0212796","0,0242748","0,0294624","0,0330228","0,0353448","0,0361152","0,0363348","0,0365544","0,0365796","0,0365796","0,036576","0,0365796","0,0365796","0,0376164","0,0387432","0,0398952","0,0410868","0,0423036","0,0435168","0,0447732","0,0460728","0,0474372","0,048798","0,0502236","0,0517644","0,0532116","0,0547092"
IEO,Reference,Middle East,Electricity|Generation by technology|Geothermal,EJ/yr,,,,,,"0,0064692","0,013572","0,0180972","0,0226188","0,027144","0,0316692","0,0361908","0,040716","0,0416196","0,0425196","0,0434232","0,0473688","0,0513144","0,05526","0,059202","0,0631476","0,0670932","0,0710388","0,0729036","0,0748692","0,076878","0,0789552","0,0809748","0,0829224","0,0850068","0,0871272"
IEO,Reference,Russia,Electricity|Generation by technology|Geothermal,EJ/yr,"0,001818","0,0018792","0,0017172","0,0017172","0,00171","0,0016992","0,001692","0,0050976","0,0050868","0,0050796","0,0050724","0,0050616","0,0050544","0,0121428","0,0336348","0,0386388","0,0439092","0,0443484","0,044784","0,0451944","0,0456588","0,0461124","0,046584","0,0470304","0,0474948","0,0478476","0,0479988","0,0481104","0,0481032","0,048096","0,0480888"
IEO,Reference,South Korea,Electricity|Generation by technology|Geothermal,EJ/yr,,,,,,,,,"0,0007848","0,0020772","0,0028656","0,0031104","0,0033876","0,0035964","0,0038592","0,004914","0,0053244","0,005616","0,005904","0,006552","0,0069624","0,0070668","0,007182","0,0073008","0,0074124","0,007524","0,0076392","0,007758","0,0078732","0,0079956","0,008118"
IEO,Reference,United States,Electricity|Generation by technology|Geothermal,EJ/yr,"0,05472","0,05508","0,05616","0,0594","0,05976","0,06084","0,0612","0,06264","0,06984","0,08388","0,09648","0,10764","0,11844","0,12456","0,13212","0,1386","0,14616","0,15624","0,16956","0,17964","0,18864","0,198","0,20628","0,21276","0,2196","0,22428","0,23004","0,23616","0,24156","0,2466","0,25056"
IEO,Reference,World,Electricity|Generation by technology|Geothermal,EJ/yr,"0,2386008","0,242064","0,245628","0,2644632","0,2689812","0,2900844","0,3191328","0,3543984","0,408852","0,4584636","0,5013432","0,527832","0,5910552","0,6453792","0,706572","0,7484004","0,8215596","0,8931816","0,9682596","1,0404936","1,1115936","1,1419524","1,1751012","1,2048264","1,2360564","1,2654216","1,2968496","1,3288212","1,3608648","1,39158","1,423782"
IEO,Reference,Africa,Electricity|Generation by technology|Hydro,EJ/yr,"0,4168836","0,420642","0,430452","0,4294476","0,4284432","0,427446","0,4264524","0,4254588","0,451638","0,5108616","0,5648112","0,5851692","0,7009956","0,8209368","0,85482","0,8695548","0,8978976","0,9262404","0,9545796","0,9829224","1,0112652","1,0206432","1,0557576","1,0906416","1,1264904","1,1639628","1,2010392","1,23849","1,2766788","1,316592","1,3582008"
IEO,Reference,Australia/New Zealand,Electricity|Generation by technology|Hydro,EJ/yr,"0,1978416","0,2172672","0,1994328","0,2078712","0,2284236","0,2583144","0,2959884","0,304884","0,3256992","0,3405924","0,3544884","0,3568464","0,3591396","0,3670092","0,3744072","0,3825648","0,3905496","0,3974112","0,4052736","0,4135716","0,4224924","0,431136","0,4416372","0,4523976","0,4649184","0,4782492","0,4922964","0,507312","0,5236704","0,5401476","0,5565564"
IEO,Reference,Brazil,Electricity|Generation by technology|Hydro,EJ/yr,"1,5585408","1,65258","1,6253136","1,6692048","1,6648524","1,660518","1,6562016","1,6519032","1,6476264","1,7090172","1,75788","1,8161496","1,8738432","1,9321092","1,9890504","2,044674","2,0771964","2,1095388","2,1429432","2,1761064","2,2095756","2,2768056","2,344176","2,4124428","2,479392","2,5484076","2,6196984","2,6937216","2,769336","2,844684","2,9239668"
IEO,Reference,Canada,Electricity|Generation by technology|Hydro,EJ/yr,"1,3184892","1,4338296","1,4304384","1,4270652","1,4716152","1,4833872","1,5291792","1,5712056","1,60569","1,6283412","1,6509924","1,6745112","1,69803","1,7215524","1,7396928","1,7685936","1,7921124","1,8156348","1,8391536","1,862676","1,8861948","1,9097172","1,933236","1,9567584","1,9802772","2,0037996","2,0376144","2,0723796","2,1088188","2,1446208","2,181276"
IEO,Reference,China,Electricity|Generation by technology|Hydro,EJ/yr,"2,7753084","2,8820592","3,612654","4,081914","4,5132948","4,8373344","5,4888084","5,731236","5,8384476","6,451992","6,81237","6,9898356","7,1672976","7,3447632","7,5222252","7,6996908","7,8771528","8,0546184","8,2320804","8,409546","8,5870116","8,7644736","8,9419392","9,1194012","9,2968668","9,4743324","9,6517944","9,82926","10,006722","10,1841876","10,3616496"
IEO,Reference,European Union,Electricity|Generation by technology|Hydro,EJ/yr,"3,17277","3,2095188","3,5868564","3,6533376","3,6684756","3,814812","4,114692","4,3346232","4,5307188","4,693014","4,9081716","5,0618124","5,1314076","5,156352","5,1977808","5,2392096","5,2806384","5,3220672","5,3634924","5,4049212","5,44635","5,5344132","5,6224728","5,710536","5,7985992","5,8866588","5,957784","6,0304932","6,1081092","6,1860744","6,2690652"
IEO,Reference,India,Electricity|Generation by technology|Hydro,EJ/yr,"0,518112","0,6227028","0,5758092","0,5751468","0,5731884","0,5712444","0,5919552","0,7083756","0,850032","0,9782964","1,0498212","1,0584828","1,2431448","1,430802","1,5056172","1,5804288","1,655244","1,7300592","1,8048744","1,8796896","1,9545048","2,024478","2,0957796","2,1689208","2,2439016","2,3211288","2,40021","2,4817464","2,564982","2,6500248","2,7508932"
IEO,Reference,Japan,Electricity|Generation by technology|Hydro,EJ/yr,"0,4148568","0,4236912","0,4405248","0,453546","0,5037552","0,5037552","0,605358","0,6032556","0,6286032","0,653868","0,664956","0,6798204","0,6946848","0,7094988","0,7243164","0,7391304","0,753948","0,768762","0,783576","0,7983936","0,8132076","0,8173764","0,8212644","0,8252712","0,8286084","0,8313048","0,8329356","0,8333604","0,8324496","0,8317836","0,8314524"
IEO,Reference,Mexico/Chile,Electricity|Generation by technology|Hydro,EJ/yr,"0,2570616","0,2551428","0,2486736","0,2478024","0,2577348","0,2922732","0,3329568","0,356004","0,3759444","0,3954924","0,4131612","0,4453128","0,4681512","0,4850856","0,5013756","0,5189544","0,5358888","0,5510628","0,567576","0,5844492","0,601902","0,6197472","0,6375168","0,6559164","0,6749388","0,6949548","0,7148844","0,7357896","0,7583364","0,7795584","0,801468"
IEO,Reference,Middle East,Electricity|Generation by technology|Hydro,EJ/yr,"0,0640836","0,0735948","0,0799776","0,079812","0,0796464","0,1202796","0,1641384","0,198864","0,2198196","0,2395728","0,2593224","0,361314","0,4633056","0,4706856","0,4780656","0,4854456","0,49851","0,5115744","0,5246388","0,5377032","0,5507676","0,6445332","0,7382988","0,7576956","0,778122","0,7989984","0,820584","0,8415612","0,8618076","0,8834508","0,9054972"
IEO,Reference,Russia,Electricity|Generation by technology|Hydro,EJ/yr,"0,6051636","0,6030432","0,6045768","0,6519024","0,6506028","0,6493068","0,648018","0,656442","0,6551568","0,6538788","0,6526008","0,6513264","0,6500556","0,6750324","0,759222","0,782478","0,8148276","0,8229888","0,831096","0,8387352","0,847332","0,8557668","0,8644968","0,8728128","0,8814132","0,8879328","0,8907372","0,8928324","0,8924112","0,891252","0,890064"
IEO,Reference,South Korea,Electricity|Generation by technology|Hydro,EJ/yr,"0,0228276","0,0271296","0,0256428","0,0298872","0,0297504","0,0296172","0,0294804","0,0293508","0,0701856","0,1364796","0,1870488","0,2002392","0,2083356","0,2131668","0,218664","0,2402496","0,2479464","0,2533788","0,2627064","0,2854512","0,3003552","0,3048768","0,3098808","0,31491","0,319806","0,3245724","0,3295764","0,334746","0,33966","0,344916","0,3501756"
IEO,Reference,United States,Electricity|Generation by technology|Hydro,EJ/yr,"1,60848","1,926","1,87344","1,97784","2,00916","2,13912","2,28312","2,40948","2,4768","2,50524","2,53584","2,57508","2,60136","2,6226","2,64672","2,66724","2,69172","2,71584","2,74464","2,77452","2,81232","2,86344","2,91456","2,96748","3,01932","3,05244","3,09852","3,16764","3,24144","3,32064","3,3624"
IEO,Reference,World,Electricity|Generation by technology|Hydro,EJ/yr,"15,0990624","15,9517152","17,0167212","17,811792","18,4013928","19,1630952","20,6263368","21,5423064","22,393836","23,712912","24,7474584","25,4540628","26,4951396","27,2435112","27,858258","28,4159304","28,9942848","29,5431444","30,1033044","30,676932","31,2536196","31,9655808","32,7044916","33,3750348","34,0527816","34,718166","35,3906208","36,0943704","36,813978","37,5363612","38,2591548"
IEO,Reference,Africa,Electricity|Generation by technology|Nuclear,EJ/yr,"0,04644","0,0465804","0,0446328","0,049284","0,049284","0,049284","0,049284","0,049284","0,049284","0,049284","0,049284","0,0543888","0,0594936","0,0645984","0,0697032","0,074808","0,0797904","0,0847728","0,0897552","0,0947376","0,09972","0,1049976","0,1102752","0,1155528","0,1208304","0,126108","0,1311552","0,1362024","0,1412496","0,1462968","0,151344"
IEO,Reference,Brazil,Electricity|Generation by technology|Nuclear,EJ/yr,"0,0495864","0,053262","0,054612","0,050508","0,050508","0,050508","0,0571824","0,0638568","0,0705312","0,0772056","0,08388","0,08388","0,08388","0,08388","0,08388","0,08388","0,1062432","0,1286064","0,1509696","0,1733328","0,195696","0,195696","0,195696","0,195696","0,195696","0,195696","0,195696","0,195696","0,195696","0,195696","0,195696"
IEO,Reference,Canada,Electricity|Generation by technology|Nuclear,EJ/yr,"0,3078036","0,3179448","0,320616","0,3462084","0,33633","0,33633","0,3234744","0,3234744","0,3106224","0,3106224","0,3106224","0,3106224","0,297792","0,2592504","0,2849616","0,2592504","0,2592504","0,2592504","0,2592504","0,2592504","0,2592504","0,2592504","0,2592504","0,2592504","0,2592504","0,2428056","0,222876","0,2217312","0,2217312","0,2217312","0,2217312"
IEO,Reference,China,Electricity|Generation by technology|Nuclear,EJ/yr,"0,2554632","0,2972484","0,3335472","0,398556","0,4457088","0,6488568","0,8574876","0,9493236","1,0064304","1,0635372","1,1850444","1,331892","1,4641884","1,4641884","1,4641884","1,6266168","1,8679644","2,0903724","2,3199552","2,549538","2,7145512","2,8795608","3,044574","3,2095872","3,3745968","3,53961","3,7046232","3,8696364","4,034646","4,1996592","4,3646724"
IEO,Reference,European Union,Electricity|Generation by technology|Nuclear,EJ/yr,"3,1380048","3,1001868","3,01455","3,2241672","3,1910256","3,157884","3,1347432","3,1116024","3,0884616","3,0653208","3,04218","3,0665232","3,0908664","3,1152096","3,1395528","3,163896","3,2007384","3,2375808","3,2744232","3,3112656","3,348108","3,3610824","3,3740568","3,3870312","3,4000056","3,41298","3,375216","3,337452","3,299688","3,261924","3,22416"
IEO,Reference,India,Electricity|Generation by technology|Nuclear,EJ/yr,"0,0737388","0,1042128","0,106794","0,1090548","0,1090548","0,1090548","0,1840644","0,2043072","0,2043072","0,2043072","0,2409516","0,2548584","0,3044628","0,3401568","0,3335328","0,41985","0,5061636","0,5761404","0,6481044","0,7123464","0,7399404","0,7553916","0,7708428","0,7862976","0,8017488","0,7976196","0,824112","0,8506008","0,872568","0,8990568","0,8945316"
IEO,Reference,Japan,Electricity|Generation by technology|Nuclear,EJ/yr,"1,0089","0,5622552","0,062028","0,0502092","0,0502092","0,1310868","0,2415708","0,3868956","0,4782348","0,5241924","0,601884","0,6244272","0,646974","0,646974","0,646974","0,646974","0,6304932","0,6304932","0,6304932","0,6304932","0,6304932","0,6304932","0,6304932","0,6304932","0,6304932","0,6079464","0,6079464","0,5856372","0,5465664","0,5240232","0,5240232"
IEO,Reference,Mexico/Chile,Electricity|Generation by technology|Nuclear,EJ/yr,"0,0201312","0,0335268","0,0302832","0,0403992","0,0415224","0,042084","0,042084","0,042084","0,042084","0,042084","0,042084","0,042084","0,042084","0,042084","0,042084","0,042084","0,0482616","0,0544392","0,0606168","0,0667944","0,072972","0,072972","0,072972","0,072972","0,072972","0,072972","0,0791496","0,0853272","0,0915048","0,0976824","0,10386"
IEO,Reference,Middle East,Electricity|Generation by technology|Nuclear,EJ/yr,,"0,0003528","0,0047808","0,0135","0,018","0,0225","0,0468792","0,0712584","0,0956376","0,1200168","0,144396","0,1610712","0,1777464","0,1944216","0,2110968","0,227772","0,2508984","0,2740248","0,2971512","0,3202776","0,343404","0,3665232","0,3896424","0,4127616","0,4358808","0,459","0,476712","0,494424","0,512136","0,529848","0,54756"
IEO,Reference,Russia,Electricity|Generation by technology|Nuclear,EJ/yr,"0,5738796","0,5832648","0,5986548","0,580968","0,6444936","0,6699996","0,7157664","0,7060536","0,7863048","0,815346","0,8431956","0,8702928","0,9313452","0,9361404","0,916992","0,9626544","0,9153504","0,8913852","0,86184","0,8796024","0,8610588","0,8888112","0,9169416","0,8929728","0,8696376","0,8223336","0,811962","0,811962","0,811962","0,801594","0,801594"
IEO,Reference,South Korea,Electricity|Generation by technology|Nuclear,EJ/yr,"0,510804","0,5319468","0,51678","0,476874","0,6458508","0,6851448","0,7308756","0,768906","0,768906","0,768906","0,768906","0,8086428","0,8483796","0,8881128","0,9278496","0,9278496","0,9278496","0,9704232","1,0129968","1,0129968","1,0129968","1,0129968","1,0129968","1,0129968","1,0129968","1,0129968","1,0129968","1,0129968","1,0129968","1,0129968","1,0129968"
IEO,Reference,United States,Electricity|Generation by technology|Nuclear,EJ/yr,"2,9052","2,84472","2,76948","2,8404","2,82096","2,78712","2,81304","2,86164","2,87208","2,88288","2,89332","2,90376","2,907","2,907","2,907","2,907","2,907","2,907","2,907","2,907","2,90988","2,91564","2,91708","2,91744","2,92032","2,92428","2,92788","2,94012","2,95416","2,96964","2,99952"
IEO,Reference,World,Electricity|Generation by technology|Nuclear,EJ/yr,"9,4670676","9,0638676","8,44119","8,8391088","9,0159408","9,37197","9,8978004","10,2592656","10,5126948","10,6827408","10,9840176","11,3171796","11,6854128","11,7996876","11,9119536","12,2532408","12,6321408","13,058154","13,4877564","13,9143564","14,2063236","14,475852","14,7414384","14,9538492","15,1694136","15,3035172","15,4740096","15,6599856","15,8276232","16,007382","16,203438"
IEO,Reference,Africa,Electricity|Generation by technology|Oil,EJ/yr,"0,2477988","0,2327544","0,2735172","0,2817036","0,2975544","0,294876","0,2922192","0,2895948","0,286992","0,284418","0,2818692","0,2793456","0,2768472","0,2743704","0,2719224","0,2694996","0,2670984","0,2647224","0,2623716","0,2600424","0,2577348","0,2554524","0,2531916","0,250956","0,248742","0,2465496","0,2443788","0,2422296","0,240102","0,237996","0,2359116"
IEO,Reference,Australia/New Zealand,Electricity|Generation by technology|Oil,EJ/yr,"0,0147528","0,0138924","0,0137808","0,0136404","0,0147996","0,0146628","0,0145296","0,0144","0,0142668","0,0141372","0,0140076","0,0138816","0,0137556","0,0136332","0,0135072","0,0133848","0,013266","0,0131436","0,0130284","0,0129096","0,0127944","0,0126792","0,012564","0,0124524","0,0123408","0,0122292","0,0121212","0,0120132","0,0119052","0,0117972","0,0116928"
IEO,Reference,Brazil,Electricity|Generation by technology|Oil,EJ/yr,"0,0544356","0,0576216","0,0621648","0,06642","0,0661248","0,0353484","0,0313596","0,0484776","0,0637236","0,0631368","0,0625572","0,0619848","0,061416","0,0608544","0,0602964","0,0597456","0,059202","0,058662","0,0581256","0,0575964","0,0570744","0,056556","0,0560412","0,0555336","0,0550296","0,0545292","0,054036","0,05355","0,053064","0,0525852","0,0521136"
IEO,Reference,Canada,Electricity|Generation by technology|Oil,EJ/yr,"0,026298","0,022464","0,023634","0,023454","0,0233208","0,0231012","0,0228708","0,022644","0,0224208","0,0221976","0,021978","0,0217584","0,0215424","0,02133","0,0211176","0,0209088","0,0207","0,0204948","0,0202932","0,0200916","0,0198936","0,0196956","0,0195012","0,0193068","0,019116","0,0189252","0,018738","0,0185508","0,0183672","0,0181872","0,0180072"
IEO,Reference,China,Electricity|Generation by technology|Oil,EJ/yr,"0,0459612","0,0271656","0,0231588","0,0229248","0,0232812","0,0230544","0,0228312","0,022608","0,0223884","0,0221688","0,0219528","0,0217404","0,021528","0,0213192","0,0211104","0,0209052","0,0207036","0,020502","0,020304","0,020106","0,0199116","0,0197172","0,0195264","0,0193356","0,0191484","0,0189612","0,0187776","0,0185976","0,0184176","0,0182376","0,0180612"
IEO,Reference,European Union,Electricity|Generation by technology|Oil,EJ/yr,"0,2781648","0,2354364","0,269208","0,268092","0,2701224","0,2692188","0,2666052","0,2640204","0,2614608","0,2589264","0,2564172","0,2539332","0,2514744","0,2490372","0,2466288","0,244242","0,2418804","0,2395404","0,2372256","0,2349324","0,2326644","0,230418","0,2281932","0,22599","0,223812","0,221652","0,2195172","0,2174004","0,2153088","0,2132352","0,2111832"
IEO,Reference,India,Electricity|Generation by technology|Oil,EJ/yr,"0,0825444","0,0816516","0,0768708","0,076104","0,0448884","0,0487008","0,0813492","0,0806112","0,0798804","0,0791568","0,0784404","0,0777312","0,0770292","0,076338","0,0756684","0,0749916","0,0743256","0,0736632","0,0730044","0,0723528","0,0717048","0,0710676","0,070434","0,0698076","0,0691884","0,0685764","0,067968","0,0673668","0,0667764","0,066204","0,0657396"
IEO,Reference,Japan,Electricity|Generation by technology|Oil,EJ/yr,"0,3102048","0,5109048","0,6134832","0,5976144","0,5776488","0,5374836","0,4741632","0,4095324","0,3381768","0,2583936","0,1779552","0,1073268","0,0553824","0,0246384","0,010512","0,0055944","0,004266","0,0039132","0,0037476","0,0036036","0,0034632","0,0033264","0,0031896","0,0030564","0,0029232","0,00279","0,0026604","0,0025308","0,0024012","0,0022752","0,0021492"
IEO,Reference,Mexico/Chile,Electricity|Generation by technology|Oil,EJ/yr,"0,1771488","0,1851912","0,2092104","0,207684","0,2062656","0,2036628","0,2004336","0,1958364","0,1883772","0,1753668","0,1532016","0,1206396","0,0852444","0,0610452","0,0518004","0,0497088","0,0490896","0,0486036","0,048132","0,0476604","0,047196","0,0467352","0,0462816","0,0458316","0,0453852","0,0449424","0,0445068","0,0440748","0,0436464","0,0432216","0,0428004"
IEO,Reference,Middle East,Electricity|Generation by technology|Oil,EJ/yr,"0,9110268","1,0352844","1,1045808","1,097874","1,0965672","1,0893708","1,0828152","1,0722024","1,0525968","1,0229724","0,9860508","0,9399564","0,8833392","0,816426","0,742302","0,6676596","0,6015744","0,5517612","0,5203908","0,5034924","0,4946328","0,488934","0,484128","0,4795272","0,4749948","0,4705092","0,4660668","0,4616676","0,4573152","0,4530024","0,4487364"
IEO,Reference,Russia,Electricity|Generation by technology|Oil,EJ/yr,"0,0315108","0,092592","0,0949608","0,0949068","0,0329508","0,0324684","0,03168","0,031554","0,0303012","0,0298116","0,0293112","0,0536616","0,0985068","0,0977184","0,0968688","0,0960264","0,0951948","0,0943704","0,0935532","0,0927432","0,091944","0,091152","0,0903672","0,0895896","0,0888228","0,0880596","0,0873072","0,086562","0,0858204","0,0850896","0,084366"
IEO,Reference,South Korea,Electricity|Generation by technology|Oil,EJ/yr,"0,0640764","0,0562788","0,0716328","0,0709164","0,0329184","0,0147888","0,0140904","0,0368316","0,0612864","0,0606132","0,0599472","0,0592848","0,0586296","0,0579816","0,0573408","0,0567072","0,0560772","0,0554544","0,0548388","0,0542304","0,0536256","0,053028","0,0524376","0,0518508","0,0512712","0,0506952","0,0501264","0,0495648","0,0490068","0,048456","0,0479088"
IEO,Reference,United States,Electricity|Generation by technology|Oil,EJ/yr,"0,13356","0,10872","0,0828","0,09792","0,1008","0,0918","0,09072","0,08172","0,08208","0,063","0,06372","0,06372","0,06372","0,06408","0,06444","0,06408","0,06336","0,06336","0,063","0,063","0,06336","0,06264","0,06264","0,06264","0,063","0,063","0,06336","0,06372","0,06372","0,06408","0,06408"
IEO,Reference,World,Electricity|Generation by technology|Oil,EJ/yr,"3,2292792","3,5695116","3,8012904","3,791682","3,6915264","3,5637984","3,5331588","3,4717752","3,3950412","3,236706","3,0816468","2,9411244","2,8265868","2,6890344","2,575944","2,4781248","2,39373","2,3275872","2,2798764","2,2471812","2,2230432","2,2011444","2,1810132","2,161242","2,1420468","2,1226896","2,1038832","2,0852712","2,0664936","2,0482776","2,029986"
IEO,Reference,Africa,Electricity|Generation by technology|Other Renewables,EJ/yr,"0,0081252","0,0081252","0,0082476","0,0081648","0,008082","0,0080028","0,0079236","0,0078444","0,0089496","0,011124","0,0126684","0,0131292","0,015606","0,017982","0,0184176","0,018468","0,0185328","0,0186012","0,018666","0,0187344","0,0187992","0,021204","0,0219348","0,0226584","0,0234036","0,0241812","0,0249516","0,0257328","0,0265248","0,0273528","0,0282168"
IEO,Reference,Australia/New Zealand,Electricity|Generation by technology|Other Renewables,EJ/yr,"0,0162828","0,0148896","0,0107064","0,010638","0,0110736","0,0122544","0,015264","0,016956","0,018684","0,0198108","0,019944","0,019944","0,019944","0,0203832","0,0207936","0,0212472","0,02169","0,0220716","0,0225072","0,022968","0,0234612","0,0239436","0,0245268","0,0251244","0,0258192","0,0265608","0,0273384","0,0281736","0,0290808","0,0299952","0,0309096"
IEO,Reference,Brazil,Electricity|Generation by technology|Other Renewables,EJ/yr,"0,113382","0,1152","0,1268532","0,1627848","0,1615284","0,1602864","0,1590552","0,1578384","0,1566324","0,1696716","0,178632","0,1881576","0,1966716","0,2045844","0,2118348","0,2185812","0,2221524","0,22563","0,2291904","0,2326932","0,2362176","0,2437956","0,2513304","0,2589264","0,2663316","0,2739564","0,2818152","0,289962","0,2982636","0,3065184","0,315198"
IEO,Reference,Canada,Electricity|Generation by technology|Other Renewables,EJ/yr,"0,0314496","0,023076","0,0323856","0,0320616","0,0377388","0,038718","0,0417312","0,04437","0,0469512","0,0487656","0,05058","0,0604044","0,0702324","0,0800568","0,0878508","0,0997092","0,1095336","0,1193616","0,129186","0,139014","0,1488384","0,1586664","0,1684908","0,1783188","0,1881432","0,1979676","0,2013084","0,2047428","0,2083464","0,2118816","0,2155032"
IEO,Reference,China,Electricity|Generation by technology|Other Renewables,EJ/yr,"0,0410616","0,1224","0,1608444","0,1755576","0,1882548","0,2833848","0,409662","0,451908","0,465498","0,5441328","0,5902452","0,6379056","0,6855624","0,7332228","0,7808796","0,82854","0,8762004","0,9238572","0,9715176","1,0191744","1,0668348","1,1144952","1,162152","1,2098124","1,2574692","1,3051296","1,35279","1,4004468","1,4481072","1,495764","1,5434244"
IEO,Reference,European Union,Electricity|Generation by technology|Other Renewables,EJ/yr,"0,5253192","0,5573268","0,53721","0,5441004","0,5425344","0,5492196","0,5687208","0,5829048","0,623538","0,6365844","0,7223364","0,7557408","0,7563132","0,7568892","0,7568892","0,7568892","0,7568892","0,7568892","0,7568892","0,7568892","0,7568892","0,7568892","0,7568892","0,7568892","0,7568892","0,7568892","0,7660368","0,7753824","0,7853652","0,7953876","0,806058"
IEO,Reference,India,Electricity|Generation by technology|Other Renewables,EJ/yr,"0,0074052","0,0144","0,018","0,0178596","0,0176796","0,0175032","0,0199836","0,037818","0,0553968","0,0670104","0,0711396","0,071658","0,0840384","0,0981108","0,1045872","0,1110672","0,1175436","0,1240236","0,1305","0,13698","0,1434564","0,1485936","0,153828","0,1591956","0,1646964","0,1703664","0,1761696","0,1821564","0,1882656","0,194508","0,2019096"
IEO,Reference,Japan,Electricity|Generation by technology|Other Renewables,EJ/yr,"0,0844344","0,0833256","0,1196172","0,1196856","0,1201284","0,1201284","0,1240272","0,1228788","0,1248264","0,1308456","0,1352772","0,1397052","0,1441368","0,1485648","0,1529964","0,1574244","0,1618524","0,166284","0,170712","0,1751436","0,1795716","0,1804932","0,18135","0,1822356","0,1829736","0,1835676","0,1839276","0,1840212","0,1837944","0,1836432","0,1835964"
IEO,Reference,Mexico/Chile,Electricity|Generation by technology|Other Renewables,EJ/yr,"0,0177696","0,0213048","0,027522","0,0272484","0,0272124","0,0279144","0,0293148","0,0298224","0,0300708","0,0301536","0,03015","0,0303084","0,0303408","0,0303408","0,0303336","0,0303408","0,0303408","0,0312012","0,0321336","0,0330912","0,0340776","0,0350892","0,0360936","0,0371376","0,038214","0,039348","0,0404748","0,0416592","0,0429372","0,044136","0,045378"
IEO,Reference,Middle East,Electricity|Generation by technology|Other Renewables,EJ/yr,"0,0000252","0,0000252","0,0001044","0,0001044","0,0001008","0,0063072","0,0131004","0,0181152","0,0231336","0,027288","0,0314424","0,043974","0,0565056","0,0568692","0,0572292","0,0575928","0,0577944","0,0579996","0,0582048","0,05841","0,0586152","0,076212","0,0938052","0,0962712","0,0988668","0,1015164","0,1042596","0,1069272","0,1094976","0,112248","0,1150488"
IEO,Reference,Russia,Electricity|Generation by technology|Other Renewables,EJ/yr,"0,0099864","0,01008","0,0109188","0,0110772","0,0109692","0,0108612","0,0107532","0,0108324","0,010728","0,0106236","0,0105228","0,010422","0,0103212","0,0105804","0,0117216","0,012024","0,0125424","0,0126684","0,0127908","0,0129096","0,0130428","0,0131724","0,0133056","0,0134352","0,0135684","0,0136656","0,0137088","0,0137412","0,013734","0,0137088","0,0136512"
IEO,Reference,South Korea,Electricity|Generation by technology|Other Renewables,EJ/yr,"0,0039852","0,0043524","0,0042264","0,0048852","0,004842","0,0048024","0,0047592","0,0047196","0,0201456","0,0409104","0,060156","0,0619668","0,0640584","0,0656316","0,06759","0,0756144","0,0787068","0,080892","0,0820692","0,0843552","0,0856368","0,0869256","0,0883512","0,089784","0,0911808","0,092538","0,0939672","0,0954396","0,09684","0,0983412","0,0998388"
IEO,Reference,United States,Electricity|Generation by technology|Other Renewables,EJ/yr,"0,2646","0,26892","0,27864","0,2862","0,28008","0,28728","0,297","0,34056","0,34704","0,35496","0,369","0,39168","0,39852","0,40356","0,40824","0,41256","0,41868","0,41904","0,41976","0,42444","0,42696","0,43452","0,44064","0,4464","0,44712","0,45036","0,45828","0,47232","0,48204","0,49032","0,4968"
IEO,Reference,World,Electricity|Generation by technology|Other Renewables,EJ/yr,"1,1914704","1,31121","1,4065488","1,4764572","1,4856588","1,6180416","1,8096696","1,9483164","2,0728584","2,2498344","2,4518628","2,6109612","2,8043208","2,9045304","2,9905992","3,0847356","3,1721868","3,2532948","3,3339492","3,419604","3,5022132","3,61179","3,7182348","3,8096172","3,89637","3,9860496","4,0833504","4,1873796","4,288086","4,3870968","4,4878824"
IEO,Reference,Africa,Electricity|Generation by technology|Solar,EJ/yr,"0,0008748","0,000936","0,0011664","0,001152","0,0011412","0,0011304","0,0011196","0,0011088","0,0029448","0,0066996","0,012654","0,014634","0,0241128","0,0333","0,035298","0,035838","0,0468","0,057762","0,068724","0,079686","0,090648","0,091278","0,0944172","0,0975384","0,1007424","0,104094","0,1074096","0,1107612","0,114174","0,1177452","0,121464"
IEO,Reference,Australia/New Zealand,Electricity|Generation by technology|Solar,EJ/yr,"0,0010188","0,0030744","0,0053712","0,007578","0,0139572","0,0239544","0,0281376","0,0284184","0,0284832","0,028548","0,0286128","0,0286776","0,0286776","0,029304","0,0298944","0,030546","0,0311832","0,031734","0,0323604","0,0330228","0,0337356","0,0344268","0,0352656","0,0361224","0,0371232","0,0381888","0,0393084","0,0405072","0,041814","0,0431316","0,044442"
IEO,Reference,Canada,Electricity|Generation by technology|Solar,EJ/yr,"0,0004212","0,000936","0,0011952","0,0011844","0,0056484","0,006534","0,0083916","0,0092412","0,0096768","0,0098892","0,0101016","0,0105624","0,0110268","0,0114912","0,0118584","0,0124164","0,0128772","0,0133416","0,0138024","0,0142668","0,0147312","0,015192","0,0156564","0,0161172","0,0165816","0,017046","0,0173304","0,0176292","0,0179388","0,0182412","0,0185544"
IEO,Reference,China,Electricity|Generation by technology|Solar,EJ/yr,"0,0033804","0,009378","0,022878","0,1234764","0,1850652","0,2575764","0,3821508","0,4437432","0,4631436","0,5669208","0,6285096","0,66006","0,6916068","0,7231536","0,7547004","0,7862508","0,8177976","0,8493444","0,8808912","0,9124416","0,9439884","0,9755352","1,007082","1,0386324","1,0701792","1,101726","1,1332728","1,1648232","1,19637","1,2279168","1,2594636"
IEO,Reference,European Union,Electricity|Generation by technology|Solar,EJ/yr,"0,0843192","0,1710576","0,2550924","0,2824128","0,289278","0,3161196","0,3573072","0,3729672","0,3768156","0,378558","0,3781008","0,3790368","0,379278","0,3795192","0,3797604","0,3800016","0,3802392","0,3804804","0,3807216","0,3809628","0,381204","0,3814452","0,3816828","0,381924","0,3821652","0,3824064","0,3870252","0,3917484","0,396792","0,4018572","0,4072464"
IEO,Reference,India,Electricity|Generation by technology|Solar,EJ/yr,"0,0004068","0,0029772","0,0075564","0,007776","0,0077004","0,0076248","0,010692","0,0217908","0,0366876","0,0513396","0,0600588","0,061848","0,0992016","0,145026","0,1682136","0,1914012","0,2145888","0,2377764","0,260964","0,2841516","0,3073356","0,3183408","0,3295512","0,3410532","0,3528432","0,364986","0,3774204","0,3902436","0,4033332","0,4167036","0,4325652"
IEO,Reference,Japan,Electricity|Generation by technology|Solar,EJ/yr,"0,01368","0,018576","0,0250668","0,0326592","0,0720576","0,0720576","0,1545984","0,1543572","0,174258","0,1908072","0,1969704","0,2022804","0,2075904","0,2129004","0,218214","0,223524","0,228834","0,234144","0,239454","0,244764","0,250074","0,2513556","0,2525508","0,2537856","0,2548116","0,2556396","0,25614","0,2562732","0,2560788","0,2558844","0,2556936"
IEO,Reference,Mexico/Chile,Electricity|Generation by technology|Solar,EJ/yr,"0,0001116","0,0001116","0,0002484","0,0002448","0,0009936","0,0043632","0,0080604","0,008622","0,0088416","0,0097884","0,0108288","0,0115776","0,0116316","0,0116316","0,0116316","0,0116316","0,0116316","0,0119628","0,0123192","0,0126864","0,0130644","0,0134532","0,0138384","0,014238","0,014652","0,015084","0,0155196","0,0159732","0,0164628","0,0169236","0,0173988"
IEO,Reference,Middle East,Electricity|Generation by technology|Solar,EJ/yr,"0,000072","0,0000684","0,000072","0,000072","0,000072","0,0021384","0,0151776","0,0217836","0,0283896","0,0349956","0,0416016","0,1040436","0,1664892","0,1710972","0,1757088","0,1803168","0,1849248","0,1895364","0,1941444","0,1987524","0,203364","0,2589876","0,3146148","0,3228804","0,3315852","0,3404808","0,3496788","0,3586176","0,3672468","0,37647","0,3858624"
IEO,Reference,Russia,Electricity|Generation by technology|Solar,EJ/yr,,,,"0,0000108","0,0000108","0,0000108","0,0000108","0,0002484","0,0002484","0,0002484","0,0002484","0,0002484","0,0002484","0,0023724","0,0087912","0,0102816","0,0118296","0,0119484","0,0120672","0,0121788","0,0123012","0,0124236","0,0125496","0,012672","0,012798","0,0128916","0,0129312","0,0129636","0,0129636","0,0129636","0,0129636"
IEO,Reference,South Korea,Electricity|Generation by technology|Solar,EJ/yr,"0,0027792","0,0033012","0,0039708","0,0064404","0,0064008","0,0063648","0,0063252","0,0062856","0,0087984","0,01197","0,0129204","0,013752","0,0147096","0,0154296","0,0163296","0,0200736","0,0215028","0,0225072","0,0227232","0,022932","0,022932","0,0232776","0,0236592","0,0240444","0,0244188","0,0247824","0,025164","0,02556","0,0259344","0,026334","0,0267372"
IEO,Reference,United States,Electricity|Generation by technology|Solar,EJ/yr,"0,0144","0,02232","0,04032","0,0666","0,10404","0,1296","0,15588","0,17604","0,17928","0,18144","0,18468","0,18864","0,19296","0,19836","0,20448","0,21132","0,21888","0,22716","0,2358","0,2448","0,25524","0,26676","0,27864","0,29052","0,3024","0,315","0,32976","0,34416","0,36108","0,37944","0,39636"
IEO,Reference,World,Electricity|Generation by technology|Solar,EJ/yr,"0,1220472","0,2334816","0,36981","0,5382756","0,6950088","0,8375508","1,1408436","1,2598992","1,336446","1,4959332","1,6112664","1,7275068","1,8856404","1,9936224","2,0766852","2,1571524","2,2457016","2,3333652","2,420694","2,50839","2,5974","2,71278","2,8312956","2,9027952","2,9751156","3,0487212","3,1289364","3,2088096","3,291354","3,376314","3,463128"
IEO,Reference,Africa,Electricity|Generation by technology|Wind,EJ/yr,"0,0085032","0,0099972","0,0085032","0,0084348","0,0083664","0,0083016","0,0082332","0,0081684","0,015336","0,03249","0,0479844","0,0529956","0,0765828","0,098478","0,1021464","0,1023372","0,1056996","0,1090584","0,1124172","0,115776","0,1191348","0,1198116","0,1239336","0,1280304","0,1322388","0,136638","0,1409904","0,145386","0,149868","0,1545552","0,1594368"
IEO,Reference,Australia/New Zealand,Electricity|Generation by technology|Wind,EJ/yr,"0,0231552","0,0280476","0,0294732","0,0322236","0,0391212","0,0476424","0,075348","0,0768852","0,0905256","0,1041624","0,1177992","0,1177992","0,1177992","0,1203804","0,1228068","0,1254852","0,1281024","0,130356","0,1329336","0,1356552","0,138582","0,1414152","0,1448604","0,1483884","0,152496","0,15687","0,161478","0,1664028","0,1717668","0,177174","0,182556"
IEO,Reference,Brazil,Electricity|Generation by technology|Wind,EJ/yr,"0,0078372","0,0108","0,01818","0,0209412","0,0207972","0,0206532","0,0205128","0,0203724","0,020232","0,0309096","0,0375588","0,04365","0,0483804","0,0521784","0,0552096","0,0577044","0,058986","0,0601488","0,0612756","0,0623448","0,063396","0,0654624","0,0674928","0,0695268","0,0714996","0,0735192","0,0755964","0,0777456","0,079938","0,082116","0,0844092"
IEO,Reference,Canada,Electricity|Generation by technology|Wind,EJ/yr,"0,0344052","0,0708732","0,040716","0,040392","0,0672264","0,0750492","0,0979668","0,1146096","0,125856","0,1326816","0,1395072","0,1446732","0,1498392","0,1550088","0,1590768","0,1653408","0,1705068","0,1756728","0,1808424","0,1860084","0,1911744","0,1963404","0,2015064","0,206676","0,211842","0,217008","0,2206692","0,2244348","0,2283804","0,2322576","0,2362284"
IEO,Reference,China,Electricity|Generation by technology|Wind,EJ/yr,"0,1606392","0,26352","0,3455208","0,4670244","0,6492744","0,7162308","0,903852","1,0311408","1,0691172","1,2818592","1,4072184","1,4795424","1,5518628","1,6241868","1,6965108","1,7688312","1,8411552","1,9134756","1,9857996","2,05812","2,130444","2,2027644","2,2750884","2,3474088","2,4197328","2,4920568","2,5643772","2,6367012","2,7090216","2,7813456","2,853666"
IEO,Reference,European Union,Electricity|Generation by technology|Wind,EJ/yr,"0,5458608","0,6467256","0,7496892","0,784638","0,7957368","0,8892144","1,076886","1,23066","1,3570272","1,4814072","1,6027344","1,6707132","1,6927596","1,7148096","1,7559972","1,7971848","1,8383724","1,87956","1,9207476","1,9619352","2,0031228","2,0909448","2,1787632","2,2665852","2,3544072","2,4422292","2,4717348","2,5019028","2,5341012","2,5664472","2,6008776"
IEO,Reference,India,Electricity|Generation by technology|Wind,EJ/yr,"0,0716796","0,0936","0,1018044","0,101124","0,1003176","0,0995148","0,1032984","0,1271268","0,159966","0,1927908","0,2123316","0,2143764","0,2624832","0,3141072","0,336168","0,3582324","0,3802932","0,4023576","0,4244184","0,4464828","0,4685436","0,4853196","0,5024088","0,5199444","0,5379192","0,5564304","0,575388","0,594936","0,6148908","0,6352776","0,6594588"
IEO,Reference,Japan,Electricity|Generation by technology|Wind,EJ/yr,"0,0142632","0,015642","0,0174168","0,017424","0,0176904","0,0176904","0,0203544","0,0202176","0,0213624","0,0224712","0,0229212","0,0279972","0,0330732","0,0381456","0,0432216","0,0482976","0,0533736","0,0584496","0,0635256","0,0686016","0,0736776","0,074052","0,0744048","0,0747684","0,0750708","0,0753156","0,0754632","0,0755028","0,0754092","0,0753444","0,0753264"
IEO,Reference,Mexico/Chile,Electricity|Generation by technology|Wind,EJ/yr,"0,0056556","0,006174","0,0145908","0,0144756","0,0181188","0,02943","0,0441108","0,0576144","0,0665172","0,0783","0,0894564","0,1104804","0,1259892","0,1399248","0,1533492","0,1677924","0,181728","0,1868724","0,1924704","0,1981944","0,2041128","0,2101644","0,2161908","0,2224296","0,2288808","0,2356668","0,2424276","0,249516","0,2571624","0,2643588","0,2717892"
IEO,Reference,Middle East,Electricity|Generation by technology|Wind,EJ/yr,"0,0006048","0,001008","0,0007668","0,0007596","0,0007524","0,00351","0,0080892","0,010818","0,0135432","0,016272","0,0189972","0,0397476","0,060498","0,0620028","0,0635076","0,065016","0,0693216","0,0736272","0,0779292","0,0822348","0,0865404","0,10314","0,1197432","0,122886","0,1262016","0,1295856","0,1330848","0,1364904","0,1397736","0,1432836","0,1468584"
IEO,Reference,Russia,Electricity|Generation by technology|Wind,EJ/yr,"0,0000144","0,0000144","0,000018","0,000018","0,000018","0,000018","0,000018","0,0010584","0,0010548","0,0010548","0,0010548","0,0010548","0,0010548","0,0084852","0,0309636","0,0361728","0,0416016","0,0420192","0,0424332","0,042822","0,0432612","0,0436932","0,044136","0,0445608","0,045","0,0453348","0,0454788","0,0455832","0,0455832","0,0455832","0,0455832"
IEO,Reference,South Korea,Electricity|Generation by technology|Wind,EJ/yr,"0,0029412","0,0030888","0,0033012","0,003996","0,0039708","0,003942","0,0039168","0,0038916","0,0259668","0,0669636","0,0965088","0,1068228","0,1116","0,11394","0,1163232","0,1250424","0,1278072","0,1297656","0,1374192","0,1570032","0,1702188","0,172782","0,1756188","0,17847","0,181242","0,183942","0,1867824","0,1897092","0,1924956","0,1954728","0,1984536"
IEO,Reference,United States,Electricity|Generation by technology|Wind,EJ/yr,"0,34128","0,43308","0,5076","0,60408","0,64224","0,69444","0,79056","0,82296","0,83052","0,83268","0,8334","0,83484","0,8388","0,8406","0,8442","0,84564","0,84888","0,85428","0,85968","0,86544","0,88056","0,9018","0,92664","0,95544","0,98784","1,00008","1,01556","1,0476","1,08792","1,13508","1,14948"
IEO,Reference,World,Electricity|Generation by technology|Wind,EJ/yr,"1,230228","1,60758","1,8726444","2,1331008","2,4010812","2,647728","3,2046444","3,5854992","3,8707704","4,359348","4,7239416","4,9455","5,1738228","5,3868276","5,58549","5,7704868","5,958234","6,1330536","6,3142956","6,5079936","6,7051224","6,9432264","7,1893944","7,4268108","7,669296","7,8928668","8,0604756","8,246628","8,4443868","8,6495148","8,82882"
IEO,Reference,Africa,Emissions|CO2 by fuel|Coal,Mt CO2e/yr,,"462,84","482,676",,,,,,,,"542,87826",,,,,"585,15098",,,,,"611,84142",,,,,"650,52162",,,,,"706,0514"
IEO,Reference,Australia/New Zealand,Emissions|CO2 by fuel|Coal,Mt CO2e/yr,,"219,298","215,992",,,,,,,,"201,7762",,,,,"198,66856",,,,,"194,54708",,,,,"191,84718",,,,,"193,57732"
IEO,Reference,Brazil,Emissions|CO2 by fuel|Coal,Mt CO2e/yr,,"53,998","56,202",,,,,,,,"53,3368",,,,,"57,64562",,,,,"61,86628",,,,,"66,16408",,,,,"70,71534"
IEO,Reference,Canada,Emissions|CO2 by fuel|Coal,Mt CO2e/yr,,"74,936","74,936",,,,,,,,"58,83578",,,,,"59,66228",,,,,"39,76016",,,,,"41,62254",,,,,"36,7517"
IEO,Reference,China,Emissions|CO2 by fuel|Coal,Mt CO2e/yr,,"7278,71","7483,682",,,,,,,,"8474,8208",,,,,"8612,38346",,,,,"8519,19834",,,,,"8358,21818",,,,,"8155,11958"
IEO,Reference,European Union,Emissions|CO2 by fuel|Coal,Mt CO2e/yr,,"1331,216","1378,602",,,,,,,,"1353,02458",,,,,"1371,02024",,,,,"1343,47024",,,,,"1316,59246",,,,,"1298,05682"
IEO,Reference,India,Emissions|CO2 by fuel|Coal,Mt CO2e/yr,,"1238,648","1351,052",,,,,,,,"1587,75058",,,,,"1734,4378",,,,,"1901,71038",,,,,"2198,6553",,,,,"2576,48702"
IEO,Reference,Japan,Emissions|CO2 by fuel|Coal,Mt CO2e/yr,,"437,494","461,738",,,,,,,,"457,72672",,,,,"448,6242",,,,,"436,29282",,,,,"420,964",,,,,"399,5852"
IEO,Reference,Mexico/Chile,Emissions|CO2 by fuel|Coal,Mt CO2e/yr,,"61,712","59,508",,,,,,,,"58,63742",,,,,"58,1856",,,,,"58,97904",,,,,"60,90754",,,,,"63,916"
IEO,Reference,Middle East,Emissions|CO2 by fuel|Coal,Mt CO2e/yr,,"7,714","9,918",,,,,,,,"12,44158",,,,,"15,30678",,,,,"18,53564",,,,,"21,25758",,,,,"24,22196"
IEO,Reference,Russia,Emissions|CO2 by fuel|Coal,Mt CO2e/yr,,"479,37","555,408",,,,,,,,"544,3329",,,,,"546,69118",,,,,"567,53",,,,,"582,2968",,,,,"563,9485"
IEO,Reference,South Korea,Emissions|CO2 by fuel|Coal,Mt CO2e/yr,,"326,192","309,662",,,,,,,,"380,04674",,,,,"382,87888",,,,,"390,85736",,,,,"409,0624",,,,,"433,68108"
IEO,Reference,United States,Emissions|CO2 by fuel|Coal,Mt CO2e/yr,,"2067,124255","1826,219818",,,,,,,,"2010,1582",,,,,"2027,68",,,,,"2008,2848",,,,,"1992,3058",,,,,"1988,3386"
IEO,Reference,World,Emissions|CO2 by fuel|Coal,Mt CO2e/yr,,"15201,86225","15426,00182",,,,,,,,"16948,02166",,,,,"17410,498",,,,,"17548,42432",,,,,"17813,48838",,,,,"18158,40336"
IEO,Reference,Africa,Emissions|CO2 by fuel|Gas,Mt CO2e/yr,,"241,338","276,602",,,,,,,,"337,22302",,,,,"384,50984",,,,,"472,43842",,,,,"577,74554",,,,,"684,59546"
IEO,Reference,Australia/New Zealand,Emissions|CO2 by fuel|Gas,Mt CO2e/yr,,"94,9924","88,3804",,,,,,,,"101,24074",,,,,"120,4486",,,,,"139,96502",,,,,"164,56166",,,,,"195,41766"
IEO,Reference,Brazil,Emissions|CO2 by fuel|Gas,Mt CO2e/yr,,"54,7694","66,2302",,,,,,,,"83,56466",,,,,"92,47984",,,,,"103,52188",,,,,"116,96628",,,,,"134,0583"
IEO,Reference,Canada,Emissions|CO2 by fuel|Gas,Mt CO2e/yr,,"225,5794","225,5794",,,,,,,,"234,9464",,,,,"257,40516",,,,,"288,02974",,,,,"316,69276",,,,,"341,81836"
IEO,Reference,China,Emissions|CO2 by fuel|Gas,Mt CO2e/yr,,"283,5446","309,9926",,,,,,,,"557,21528",,,,,"826,2245",,,,,"1072,75292",,,,,"1383,96874",,,,,"1682,3683"
IEO,Reference,European Union,Emissions|CO2 by fuel|Gas,Mt CO2e/yr,,"1119,8524","1068,94",,,,,,,,"1152,28426",,,,,"1236,13544",,,,,"1342,11478",,,,,"1422,65996",,,,,"1523,80152"
IEO,Reference,India,Emissions|CO2 by fuel|Gas,Mt CO2e/yr,,"137,4194","128,934",,,,,,,,"143,27102",,,,,"178,82154",,,,,"233,44768",,,,,"305,0336",,,,,"373,18128"
IEO,Reference,Japan,Emissions|CO2 by fuel|Gas,Mt CO2e/yr,,"276,8224","286,8506",,,,,,,,"317,22172",,,,,"347,98956",,,,,"353,86322",,,,,"365,93012",,,,,"371,07646"
IEO,Reference,Mexico/Chile,Emissions|CO2 by fuel|Gas,Mt CO2e/yr,,"172,3528","162,1042",,,,,,,,"174,54578",,,,,"202,2721",,,,,"227,98176",,,,,"261,84622",,,,,"298,38854"
IEO,Reference,Middle East,Emissions|CO2 by fuel|Gas,Mt CO2e/yr,,"849,8624","899,783",,,,,,,,"1087,40952",,,,,"1258,06524",,,,,"1443,80734",,,,,"1604,39078",,,,,"1773,5037"
IEO,Reference,Russia,Emissions|CO2 by fuel|Gas,Mt CO2e/yr,,"919,5088","942,4304",,,,,,,,"920,3353",,,,,"948,08366",,,,,"970,54242",,,,,"988,28462",,,,,"960,35994"
IEO,Reference,South Korea,Emissions|CO2 by fuel|Gas,Mt CO2e/yr,,"107,6654","116,1508",,,,,,,,"138,91812",,,,,"144,07548",,,,,"154,15878",,,,,"175,9343",,,,,"194,5581"
IEO,Reference,United States,Emissions|CO2 by fuel|Gas,Mt CO2e/yr,,"1437,9998","1501,8056",,,,,,,,"1536,2982",,,,,"1578,064",,,,,"1649,9144",,,,,"1694,876",,,,,"1748,2128"
IEO,Reference,World,Emissions|CO2 by fuel|Gas,Mt CO2e/yr,,"7084,5376","7235,8422",,,,,,,,"8051,13486",,,,,"9017,30234",,,,,"10086,83742",,,,,"11221,41254",,,,,"12324,3272"
IEO,Reference,Africa,Emissions|CO2 by fuel|Oil,Mt CO2e/yr,,"529,511","545,3798",,,,,,,,"704,46452",,,,,"786,9933",,,,,"855,12996",,,,,"945,83558",,,,,"1077,12786"
IEO,Reference,Australia/New Zealand,Emissions|CO2 by fuel|Oil,Mt CO2e/yr,,"173,2344","175,9894",,,,,,,,"193,47814",,,,,"198,97712",,,,,"202,53658",,,,,"208,6637",,,,,"219,77186"
IEO,Reference,Brazil,Emissions|CO2 by fuel|Oil,Mt CO2e/yr,,"414,2418","430,1106",,,,,,,,"467,65574",,,,,"510,2811",,,,,"551,2755",,,,,"592,51234",,,,,"637,29762"
IEO,Reference,Canada,Emissions|CO2 by fuel|Oil,Mt CO2e/yr,,"318,478","320,131",,,,,,,,"320,5718",,,,,"318,35678",,,,,"319,43674",,,,,"325,59692",,,,,"334,77658"
IEO,Reference,China,Emissions|CO2 by fuel|Oil,Mt CO2e/yr,,"1384,7732","1438,8814",,,,,,,,"1835,14958",,,,,"1990,24506",,,,,"2128,88768",,,,,"2245,34704",,,,,"2341,16594"
IEO,Reference,European Union,Emissions|CO2 by fuel|Oil,Mt CO2e/yr,,"2169,9482","2097,2162",,,,,,,,"2008,42806",,,,,"1988,09616",,,,,"1999,82144",,,,,"2018,44524",,,,,"2043,52676"
IEO,Reference,India,Emissions|CO2 by fuel|Oil,Mt CO2e/yr,,"456,1178","479,7006",,,,,,,,"631,0052",,,,,"724,55398",,,,,"832,77038",,,,,"979,4025",,,,,"1163,1059"
IEO,Reference,Japan,Emissions|CO2 by fuel|Oil,Mt CO2e/yr,,"591,8842","625,7156",,,,,,,,"521,04764",,,,,"498,52276",,,,,"486,83054",,,,,"474,11346",,,,,"453,31872"
IEO,Reference,Mexico/Chile,Emissions|CO2 by fuel|Oil,Mt CO2e/yr,,"331,4816","338,6446",,,,,,,,"331,7571",,,,,"326,4124",,,,,"344,90396",,,,,"369,62182",,,,,"398,22974"
IEO,Reference,Middle East,Emissions|CO2 by fuel|Oil,Mt CO2e/yr,,"1156,7694","1177,0462",,,,,,,,"1544,14444",,,,,"1600,57786",,,,,"1719,59386",,,,,"1868,48508",,,,,"1999,4137"
IEO,Reference,Russia,Emissions|CO2 by fuel|Oil,Mt CO2e/yr,,"468,5704","480,6924",,,,,,,,"534,4149",,,,,"557,43568",,,,,"552,56484",,,,,"549,33598",,,,,"529,87466"
IEO,Reference,South Korea,Emissions|CO2 by fuel|Oil,Mt CO2e/yr,,"273,4062","278,6958",,,,,,,,"290,2668",,,,,"291,01616",,,,,"293,89238",,,,,"300,2399",,,,,"308,36164"
IEO,Reference,United States,Emissions|CO2 by fuel|Oil,Mt CO2e/yr,,"2524,5718","2468,3698",,,,,,,,"2500,6584",,,,,"2454,4846",,,,,"2405,0048",,,,,"2383,4056",,,,,"2365,5532"
IEO,Reference,World,Emissions|CO2 by fuel|Oil,Mt CO2e/yr,,"12787,608","12887,5594",,,,,,,,"14253,67574",,,,,"14809,38128",,,,,"15442,8219",,,,,"16240,01972",,,,,"17128,90394"
IEO,Reference,Africa,Emissions|GHG Emissions by gas without LULUCF|CO2,Mt CO2e/yr,,"1233,689","1304,6578",,,,,,,,"1584,57682",,,,,"1756,65412",,,,,"1939,4098",,,,,"2174,10274",,,,,"2467,77472"
IEO,Reference,Australia/New Zealand,Emissions|GHG Emissions by gas without LULUCF|CO2,Mt CO2e/yr,,"487,5248","480,3618",,,,,,,,"496,49508",,,,,"518,09428",,,,,"537,03766",,,,,"565,08356",,,,,"608,76684"
IEO,Reference,Brazil,Emissions|GHG Emissions by gas without LULUCF|CO2,Mt CO2e/yr,,"523,0092","552,5428",,,,,,,,"604,5572",,,,,"660,39554",,,,,"716,66366",,,,,"775,63168",,,,,"842,06024"
IEO,Reference,Canada,Emissions|GHG Emissions by gas without LULUCF|CO2,Mt CO2e/yr,,"618,9934","620,6464",,,,,,,,"614,35398",,,,,"635,42422",,,,,"647,22664",,,,,"683,91222",,,,,"713,34664"
IEO,Reference,China,Emissions|GHG Emissions by gas without LULUCF|CO2,Mt CO2e/yr,,"8947,0278","9232,556",,,,,,,,"10867,19668",,,,,"11428,85302",,,,,"11720,82792",,,,,"11987,54498",,,,,"12178,65382"
IEO,Reference,European Union,Emissions|GHG Emissions by gas without LULUCF|CO2,Mt CO2e/yr,,"4621,0166","4544,7582",,,,,,,,"4513,72588",,,,,"4595,24082",,,,,"4685,41748",,,,,"4757,70868",,,,,"4865,37408"
IEO,Reference,India,Emissions|GHG Emissions by gas without LULUCF|CO2,Mt CO2e/yr,,"1832,1852","1959,6866",,,,,,,,"2362,0268",,,,,"2637,82434",,,,,"2967,91742",,,,,"3483,0914",,,,,"4112,7742"
IEO,Reference,Japan,Emissions|GHG Emissions by gas without LULUCF|CO2,Mt CO2e/yr,,"1306,2006","1374,3042",,,,,,,,"1295,99608",,,,,"1295,13652",,,,,"1276,9976",,,,,"1261,00758",,,,,"1223,9914"
IEO,Reference,Mexico/Chile,Emissions|GHG Emissions by gas without LULUCF|CO2,Mt CO2e/yr,,"565,5464","560,2568",,,,,,,,"564,95132",,,,,"586,8701",,,,,"631,86476",,,,,"692,37558",,,,,"760,53428"
IEO,Reference,Middle East,Emissions|GHG Emissions by gas without LULUCF|CO2,Mt CO2e/yr,,"2014,3458","2086,7472",,,,,,,,"2643,99554",,,,,"2873,94988",,,,,"3181,93684",,,,,"3494,13344",,,,,"3797,13936"
IEO,Reference,Russia,Emissions|GHG Emissions by gas without LULUCF|CO2,Mt CO2e/yr,,"1867,4492","1978,5308",,,,,,,,"1999,0831",,,,,"2052,22154",,,,,"2090,63726",,,,,"2119,90638",,,,,"2054,1831"
IEO,Reference,South Korea,Emissions|GHG Emissions by gas without LULUCF|CO2,Mt CO2e/yr,,"707,2636","704,5086",,,,,,,,"809,23166",,,,,"817,97052",,,,,"838,90852",,,,,"885,2366",,,,,"936,60082"
IEO,Reference,United States,Emissions|GHG Emissions by gas without LULUCF|CO2,Mt CO2e/yr,,"6042,574323","5809,38725",,,,,,,,"6060,1184",,,,,"6073,2322",,,,,"6076,2076",,,,,"6083,591",,,,,"6115,1082"
IEO,Reference,World,Emissions|GHG Emissions by gas without LULUCF|CO2,Mt CO2e/yr,,"35086,88633","35562,39545",,,,,,,,"39265,83586",,,,,"41250,18522",,,,,"43091,08724",,,,,"45287,91322",,,,,"47624,6381"
IEO,Reference,World,Energy|Final Energy Use by Sector|Electricity,EJ/yr,"213,444646","219,855037","222,327746","227,359885","232,4096425","236,246361","242,6636095","247,532329","253,118765","259,148512","264,3641155","269,474219","274,643719","279,1056305","283,3391345","287,615577","291,7822995","296,004937","300,3123965","304,564785","308,801243","313,421088","318,082289","322,6117205","327,2891685","331,9929915","336,714855","341,497381","346,394269","351,183547","356,2345705"
IEO,Reference,World,Energy|Final Energy Use by Sector|Industry,EJ/yr,"220,843572","228,9547285","234,5605765","236,069754","239,6076965","241,379569","246,12728","247,8345865","251,5188575","255,6474945","259,358879","262,8018715","266,564951","270,06101","273,461275","277,0293905","280,28185","283,51437","286,900076","290,2303945","293,31743","296,82847","300,244771","303,428128","306,7255305","310,1622985","313,440078","316,6210085","320,0231725","322,889502","326,067162"
IEO,Reference,World,Energy|Final Energy Use by Sector|Transportation,EJ/yr,"105,8204035","108,4887095","109,9646545","112,1267715","112,122446","115,023274","116,2984525","117,8176525","118,9635935","120,6923165","122,137772","123,3931165","124,7905695","126,3068155","127,9718165","129,678068","131,459119","133,2309915","135,0996075","136,9342525","138,831037","140,873939","142,9950165","145,2134705","147,570024","150,051384","152,627061","155,2758495","157,9513295","160,636621","163,3449115"
IEO,Reference,Africa,Energy|Primary Energy Use|Coal,EJ/yr,,"4,809745","5,01969",,,,,,,,"5,645305",,,,,"6,08524",,,,,"6,362705",,,,,"6,765715",,,,,"7,3428"
IEO,Reference,Australia/New Zealand,Energy|Primary Energy Use|Coal,EJ/yr,,"2,25348","2,216555",,,,,,,,"2,070965",,,,,"2,03826",,,,,"1,99606",,,,,"1,96863",,,,,"1,986565"
IEO,Reference,Brazil,Energy|Primary Energy Use|Coal,EJ/yr,,"0,56759","0,58658",,,,,,,,"0,55704",,,,,"0,60135",,,,,"0,64566",,,,,"0,691025",,,,,"0,7385"
IEO,Reference,Canada,Energy|Primary Energy Use|Coal,EJ/yr,,"0,771205","0,77859",,,,,,,,"0,610845",,,,,"0,62034",,,,,"0,41356",,,,,"0,43255",,,,,"0,38191"
IEO,Reference,China,Energy|Primary Energy Use|Coal,EJ/yr,,"79,56388","80,6653",,,,,,,,"91,34823",,,,,"92,83156",,,,,"91,8272",,,,,"90,091725",,,,,"87,9026"
IEO,Reference,European Union,Energy|Primary Energy Use|Coal,EJ/yr,,"13,652755","14,14122",,,,,,,,"13,878525",,,,,"14,06315",,,,,"13,78041",,,,,"13,505055",,,,,"13,315155"
IEO,Reference,India,Energy|Primary Energy Use|Coal,EJ/yr,,"12,5545","13,6939",,,,,,,,"16,09297",,,,,"17,579465",,,,,"19,27485",,,,,"22,284765",,,,,"26,114415"
IEO,Reference,Japan,Energy|Primary Energy Use|Coal,EJ/yr,,"4,575535","4,826625",,,,,,,,"4,784425",,,,,"4,689475",,,,,"4,560765",,,,,"4,400405",,,,,"4,176745"
IEO,Reference,Mexico/Chile,Energy|Primary Energy Use|Coal,EJ/yr,,"0,640385","0,61823",,,,,,,,"0,608735",,,,,"0,604515",,,,,"0,612955",,,,,"0,633",,,,,"0,663595"
IEO,Reference,Middle East,Energy|Primary Energy Use|Coal,EJ/yr,,"0,07385","0,096005",,,,,,,,"0,12027",,,,,"0,1477",,,,,"0,17935",,,,,"0,205725",,,,,"0,23421"
IEO,Reference,Russia,Energy|Primary Energy Use|Coal,EJ/yr,,"4,94584","5,72654",,,,,,,,"5,6126",,,,,"5,636865",,,,,"5,85103",,,,,"6,004005",,,,,"5,814105"
IEO,Reference,South Korea,Energy|Primary Energy Use|Coal,EJ/yr,,"3,39077","3,21142",,,,,,,,"3,94148",,,,,"3,97102",,,,,"4,05331",,,,,"4,242155",,,,,"4,497465"
IEO,Reference,United States,Energy|Primary Energy Use|Coal,EJ/yr,,"20,70121","18,284205",,,,,,,,"20,23068",,,,,"20,392095",,,,,"20,212745",,,,,"20,075595",,,,,"20,05344"
IEO,Reference,World,Energy|Primary Energy Use|Coal,EJ/yr,,"160,344175","161,698795",,,,,,,,"177,888825",,,,,"182,67325",,,,,"184,041585",,,,,"186,676975",,,,,"190,090955"
IEO,Reference,Africa,Energy|Primary Energy Use|Gas,EJ/yr,,"4,123995","4,73906",,,,,,,,"5,77718",,,,,"6,58742",,,,,"8,09396",,,,,"9,89801",,,,,"11,728435"
IEO,Reference,Australia/New Zealand,Energy|Primary Energy Use|Gas,EJ/yr,,"1,513925","1,52975",,,,,,,,"1,752355",,,,,"2,08468",,,,,"2,42228",,,,,"2,8485",,,,,"3,38233"
IEO,Reference,Brazil,Energy|Primary Energy Use|Gas,EJ/yr,,"0,933675","1,129905",,,,,,,,"1,42636",,,,,"1,57828",,,,,"1,767125",,,,,"1,99606",,,,,"2,288295"
IEO,Reference,Canada,Energy|Primary Energy Use|Gas,EJ/yr,,"3,936205","3,915105",,,,,,,,"4,077575",,,,,"4,467925",,,,,"4,99859",,,,,"5,49655",,,,,"5,932265"
IEO,Reference,China,Energy|Primary Energy Use|Gas,EJ/yr,,"4,87832","5,35307",,,,,,,,"9,622655",,,,,"14,26782",,,,,"18,5258",,,,,"23,89997",,,,,"29,053645"
IEO,Reference,European Union,Energy|Primary Energy Use|Gas,EJ/yr,,"19,57025","18,76001",,,,,,,,"20,22224",,,,,"21,693965",,,,,"23,55393",,,,,"24,96763",,,,,"26,74214"
IEO,Reference,India,Energy|Primary Energy Use|Gas,EJ/yr,,"2,385355","2,1944",,,,,,,,"2,438105",,,,,"3,043675",,,,,"3,97313",,,,,"5,191655",,,,,"6,3511"
IEO,Reference,Japan,Energy|Primary Energy Use|Gas,EJ/yr,,"4,73062","4,911025",,,,,,,,"5,43114",,,,,"5,957585",,,,,"6,05781",,,,,"6,26459",,,,,"6,35321"
IEO,Reference,Mexico/Chile,Energy|Primary Energy Use|Gas,EJ/yr,,"2,69869","2,72612",,,,,,,,"2,936065",,,,,"3,402375",,,,,"3,83387",,,,,"4,40357",,,,,"5,018635"
IEO,Reference,Middle East,Energy|Primary Energy Use|Gas,EJ/yr,,"14,67927","15,45575",,,,,,,,"18,67772",,,,,"21,609565",,,,,"24,799885",,,,,"27,55871",,,,,"30,463125"
IEO,Reference,Russia,Energy|Primary Energy Use|Gas,EJ/yr,,"16,17104","16,575105",,,,,,,,"16,186865",,,,,"16,67533",,,,,"17,0699",,,,,"17,38218",,,,,"16,89055"
IEO,Reference,South Korea,Energy|Primary Energy Use|Gas,EJ/yr,,"1,731255","1,87157",,,,,,,,"2,23871",,,,,"2,322055",,,,,"2,484525",,,,,"2,83584",,,,,"3,13546"
IEO,Reference,United States,Energy|Primary Energy Use|Gas,EJ/yr,,"25,819015","26,93204",,,,,,,,"27,57981",,,,,"28,359455",,,,,"29,6244",,,,,"30,404045",,,,,"31,33561"
IEO,Reference,World,Energy|Primary Energy Use|Gas,EJ/yr,,"123,566875","126,40588",,,,,,,,"140,51756",,,,,"157,282565",,,,,"175,806255",,,,,"195,4071",,,,,"214,461455"
IEO,Reference,Africa,Energy|Primary Energy Use|Nuclear,EJ/yr,,"13,6517","13,082",,,,,,,,"14,44295",,,,,"21,9229",,,,,"29,2235",,,,,"36,95665",,,,,"44,3522"
IEO,Reference,Australia/New Zealand,Energy|Primary Energy Use|Nuclear,EJ/yr,,0,0,,,,,,,,0,,,,,0,,,,,0,,,,,0,,,,,0
IEO,Reference,Brazil,Energy|Primary Energy Use|Nuclear,EJ/yr,,"15,60345","16,00435",,,,,,,,"24,5815",,,,,"24,5815",,,,,"57,3498",,,,,"57,3498",,,,,"57,3498"
IEO,Reference,Canada,Energy|Primary Energy Use|Nuclear,EJ/yr,,"93,1776","93,9583",,,,,,,,"91,0254",,,,,"75,97055",,,,,"75,97055",,,,,"71,15975",,,,,"64,97745"
IEO,Reference,China,Energy|Primary Energy Use|Nuclear,EJ/yr,,"87,11135","97,74575",,,,,,,,"347,2849",,,,,"476,6912",,,,,"795,5122",,,,,"1037,30765",,,,,"1279,09255"
IEO,Reference,European Union,Energy|Primary Energy Use|Nuclear,EJ/yr,,"908,5238","883,4359",,,,,,,,"891,52775",,,,,"927,1973",,,,,"981,18165",,,,,"1000,19275",,,,,"944,858"
IEO,Reference,India,Energy|Primary Energy Use|Nuclear,EJ/yr,,"30,54225","31,2913",,,,,,,,"70,61115",,,,,"123,0341",,,,,"216,8447",,,,,"233,7458",,,,,"262,1464"
IEO,Reference,Japan,Energy|Primary Energy Use|Nuclear,EJ/yr,,"164,7699","18,17765",,,,,,,,"176,38545",,,,,"189,59405",,,,,"184,7727",,,,,"178,15785",,,,,"153,5658"
IEO,Reference,Mexico/Chile,Energy|Primary Energy Use|Nuclear,EJ/yr,,"9,82205","8,87255",,,,,,,,"12,33295",,,,,"12,33295",,,,,"21,38485",,,,,"21,38485",,,,,"30,43675"
IEO,Reference,Middle East,Energy|Primary Energy Use|Nuclear,EJ/yr,,"0,1055","1,40315",,,,,,,,"42,31605",,,,,"66,74985",,,,,"100,63645",,,,,"134,5125",,,,,"160,4655"
IEO,Reference,Russia,Energy|Primary Energy Use|Nuclear,EJ/yr,,"170,9311","175,43595",,,,,,,,"247,1021",,,,,"282,107",,,,,"252,3349",,,,,"240,99365",,,,,"234,91685"
IEO,Reference,South Korea,Energy|Primary Energy Use|Nuclear,EJ/yr,,"155,8868","151,44525",,,,,,,,"225,33745",,,,,"271,9157",,,,,"296,86645",,,,,"296,86645",,,,,"296,86645"
IEO,Reference,United States,Energy|Primary Energy Use|Nuclear,EJ/yr,,"833,661","811,64315",,,,,,,,"847,9035",,,,,"851,9125",,,,,"852,7565",,,,,"856,9765",,,,,"879,026"
IEO,Reference,World,Energy|Primary Energy Use|Nuclear,EJ/yr,,"2656,20515","2473,764",,,,,,,,"3218,9316",,,,,"3590,8824",,,,,"4163,241",,,,,"4484,7839",,,,,"4748,5128"
IEO,Reference,Africa,Energy|Primary Energy Use|Oil,EJ/yr,,"3,636585","3,807495",,,,,,,,"4,78759",,,,,"5,34252",,,,,"5,80461",,,,,"6,41862",,,,,"7,310095"
IEO,Reference,Australia/New Zealand,Energy|Primary Energy Use|Oil,EJ/yr,,"1,26811","1,292375",,,,,,,,"1,42636",,,,,"1,465395",,,,,"1,48966",,,,,"1,53186",,,,,"1,61204"
IEO,Reference,Brazil,Energy|Primary Energy Use|Oil,EJ/yr,,"2,929735","3,083765",,,,,,,,"3,592275",,,,,"3,94148",,,,,"4,28752",,,,,"4,62723",,,,,"4,967995"
IEO,Reference,Canada,Energy|Primary Energy Use|Oil,EJ/yr,,"2,43705","2,48136",,,,,,,,"2,516175",,,,,"2,50668",,,,,"2,52145",,,,,"2,57209",,,,,"2,642775"
IEO,Reference,China,Energy|Primary Energy Use|Oil,EJ/yr,,"10,02672","10,734625",,,,,,,,"13,40905",,,,,"14,566385",,,,,"15,625605",,,,,"16,511805",,,,,"17,25769"
IEO,Reference,European Union,Energy|Primary Energy Use|Oil,EJ/yr,,"15,279565","14,82486",,,,,,,,"14,456665",,,,,"14,31635",,,,,"14,40497",,,,,"14,54634",,,,,"14,743625"
IEO,Reference,India,Energy|Primary Energy Use|Oil,EJ/yr,,"3,651355","3,81699",,,,,,,,"4,79392",,,,,"5,474395",,,,,"6,2667",,,,,"7,35124",,,,,"8,717465"
IEO,Reference,Japan,Energy|Primary Energy Use|Oil,EJ/yr,,"4,68631","4,953225",,,,,,,,"4,123995",,,,,"3,950975",,,,,"3,856025",,,,,"3,75158",,,,,"3,58278"
IEO,Reference,Mexico/Chile,Energy|Primary Energy Use|Oil,EJ/yr,,"2,579475","2,560485",,,,,,,,"2,507735",,,,,"2,49402",,,,,"2,634335",,,,,"2,81896",,,,,"3,03207"
IEO,Reference,Middle East,Energy|Primary Energy Use|Oil,EJ/yr,,"7,805945","8,128775",,,,,,,,"10,50569",,,,,"10,9931",,,,,"11,89618",,,,,"12,98916",,,,,"13,95976"
IEO,Reference,Russia,Energy|Primary Energy Use|Oil,EJ/yr,,"3,61021","3,634475",,,,,,,,"3,85286",,,,,"4,00056",,,,,"3,96047",,,,,"3,93093",,,,,"3,78745"
IEO,Reference,South Korea,Energy|Primary Energy Use|Oil,EJ/yr,,"2,383245","2,44971",,,,,,,,"2,54466",,,,,"2,547825",,,,,"2,568925",,,,,"2,62062",,,,,"2,689195"
IEO,Reference,United States,Energy|Primary Energy Use|Oil,EJ/yr,,"19,900465","19,48163",,,,,,,,"20,72653",,,,,"20,69066",,,,,"20,47755",,,,,"20,34673",,,,,"20,328795"
IEO,Reference,World,Energy|Primary Energy Use|Oil,EJ/yr,,"93,972015","95,27072",,,,,,,,"105,790125",,,,,"110,204245",,,,,"115,04775",,,,,"120,912495",,,,,"127,537895"
IEO,Reference,Africa,Energy|Primary Energy Use|Other,EJ/yr,,"4,55971","4,76227",,,,,,,,"5,66535",,,,,"7,175055",,,,,"8,24377",,,,,"9,45913",,,,,"10,86861"
IEO,Reference,Australia/New Zealand,Energy|Primary Energy Use|Other,EJ/yr,,"0,77437","0,766985",,,,,,,,"1,220635",,,,,"1,31031",,,,,"1,4348",,,,,"1,61415",,,,,"1,876845"
IEO,Reference,Brazil,Energy|Primary Energy Use|Other,EJ/yr,,"7,339635","7,20987",,,,,,,,"7,341745",,,,,"8,40624",,,,,"9,097265",,,,,"10,32001",,,,,"11,67463"
IEO,Reference,Canada,Energy|Primary Energy Use|Other,EJ/yr,,"4,55971","4,45843",,,,,,,,"5,098815",,,,,"5,432195",,,,,"5,76874",,,,,"6,105285",,,,,"6,613795"
IEO,Reference,China,Energy|Primary Energy Use|Other,EJ/yr,,"9,33886","12,013285",,,,,,,,"22,20564",,,,,"24,95075",,,,,"27,646275",,,,,"30,351295",,,,,"33,071085"
IEO,Reference,European Union,Energy|Primary Energy Use|Other,EJ/yr,,"11,25052","12,18314",,,,,,,,"16,60148",,,,,"17,613225",,,,,"18,22407",,,,,"19,48585",,,,,"20,632635"
IEO,Reference,India,Energy|Primary Energy Use|Other,EJ/yr,,"3,53003","3,45618",,,,,,,,"4,92263",,,,,"6,704525",,,,,"8,126665",,,,,"9,628985",,,,,"11,376065"
IEO,Reference,Japan,Energy|Primary Energy Use|Other,EJ/yr,,"1,66479","1,67745",,,,,,,,"2,383245",,,,,"2,630115",,,,,"2,870655",,,,,"2,92446",,,,,"2,900195"
IEO,Reference,Mexico/Chile,Energy|Primary Energy Use|Other,EJ/yr,,"0,944225","1,055",,,,,,,,"1,554015",,,,,"1,89267",,,,,"2,184905",,,,,"2,51301",,,,,"2,885425"
IEO,Reference,Middle East,Energy|Primary Energy Use|Other,EJ/yr,,"0,22999","0,24476",,,,,,,,"0,794415",,,,,"1,47067",,,,,"1,66057",,,,,"2,419115",,,,,"2,739835"
IEO,Reference,Russia,Energy|Primary Energy Use|Other,EJ/yr,,"1,8357","1,807215",,,,,,,,"1,931705",,,,,"2,30412",,,,,"2,490855",,,,,"2,60796",,,,,"2,60796"
IEO,Reference,South Korea,Energy|Primary Energy Use|Other,EJ/yr,,"0,17724","0,18146",,,,,,,,"0,710015",,,,,"0,878815",,,,,"1,06133",,,,,"1,142565",,,,,"1,22802"
IEO,Reference,United States,Energy|Primary Energy Use|Other,EJ/yr,,"8,36193","8,137215",,,,,,,,"9,84526",,,,,"10,213455",,,,,"10,485645",,,,,"11,02264",,,,,"11,9004"
IEO,Reference,World,Energy|Primary Energy Use|Other,EJ/yr,,"63,693515","67,278405",,,,,,,,"91,77023",,,,,"104,247715",,,,,"114,0877",,,,,"126,044015",,,,,"138,5848"
IEO,Reference,Africa,Energy|Primary Energy Use|Total,EJ/yr,,"21,22027","22,68883",,,,,,,,"27,58192",,,,,"31,640505",,,,,"35,622075",,,,,"40,515165",,,,,"46,380965"
IEO,Reference,Australia/New Zealand,Energy|Primary Energy Use|Total,EJ/yr,,"7,316425","7,206705",,,,,,,,"8,00745",,,,,"8,493805",,,,,"8,981215",,,,,"9,669075",,,,,"10,671325"
IEO,Reference,Brazil,Energy|Primary Energy Use|Total,EJ/yr,,"15,593955","16,070815",,,,,,,,"17,191225",,,,,"19,14614",,,,,"21,08101",,,,,"23,253255",,,,,"25,683975"
IEO,Reference,Canada,Energy|Primary Energy Use|Total,EJ/yr,,"15,27429","15,28484",,,,,,,,"15,90307",,,,,"16,46011",,,,,"17,159575",,,,,"18,07637",,,,,"19,064905"
IEO,Reference,China,Energy|Primary Energy Use|Total,EJ/yr,,"115,46553","121,351375",,,,,,,,"155,36774",,,,,"168,17755",,,,,"179,76145",,,,,"190,650105",,,,,"200,55128"
IEO,Reference,European Union,Energy|Primary Energy Use|Total,EJ/yr,,"86,48468","85,83691",,,,,,,,"89,52097",,,,,"92,298785",,,,,"95,275995",,,,,"98,189905",,,,,"100,76938"
IEO,Reference,India,Energy|Primary Energy Use|Total,EJ/yr,,"26,33702","27,599855",,,,,,,,"34,57446",,,,,"40,53943",,,,,"47,364225",,,,,"55,709275",,,,,"65,776085"
IEO,Reference,Japan,Energy|Primary Energy Use|Total,EJ/yr,,"22,36178","21,907075",,,,,,,,"23,084455",,,,,"23,56659",,,,,"23,5476",,,,,"23,38513",,,,,"22,641355"
IEO,Reference,Mexico/Chile,Energy|Primary Energy Use|Total,EJ/yr,,"9,83049","9,707055",,,,,,,,"10,325285",,,,,"11,080665",,,,,"12,21268",,,,,"13,538815",,,,,"15,12026"
IEO,Reference,Middle East,Energy|Primary Energy Use|Total,EJ/yr,,"31,52762","33,434005",,,,,,,,"43,05877",,,,,"47,904385",,,,,"53,53281",,,,,"59,69823",,,,,"65,242255"
IEO,Reference,Russia,Energy|Primary Energy Use|Total,EJ/yr,,"32,55308","33,815915",,,,,,,,"34,99435",,,,,"36,607445",,,,,"37,0305",,,,,"37,451445",,,,,"36,398555"
IEO,Reference,South Korea,Energy|Primary Energy Use|Total,EJ/yr,,"11,94049","12,02489",,,,,,,,"14,67294",,,,,"15,46208",,,,,"16,220625",,,,,"16,999215",,,,,"17,82317"
IEO,Reference,United States,Energy|Primary Energy Use|Total,EJ/yr,,"102,074415","99,58989",,,,,,,,"106,38831",,,,,"107,577295",,,,,"108,52996",,,,,"109,55753",,,,,"111,544095"
IEO,Reference,World,Energy|Primary Energy Use|Total,EJ/yr,,"570,255985","579,48618",,,,,,,,"663,53592",,,,,"710,96661",,,,,"757,208315",,,,,"807,65736",,,,,"859,775415"
IEO,Reference,Africa,Energy|Secondary Energy|Electricity,EJ/yr,"2,3005296","2,3719212","2,4564204","2,4571476","2,5295364","2,6149176","2,6892","2,7401436","2,8096344","2,8924848","2,9786076","3,0737196","3,1780044","3,2865588","3,3935544","3,4927848","3,5965764","3,711276","3,8285388","3,9473496","4,0628448","4,1898456","4,334364","4,4779428","4,6254816","4,7796948","4,9322916","5,0864184","5,2435872","5,4078516","5,5790928"
IEO,Reference,Australia/New Zealand,Energy|Secondary Energy|Electricity,EJ/yr,"1,0183752","1,0215108","1,0026936","1,0062756","1,0250856","1,0482444","1,0807992","1,1069028","1,1288124","1,1558556","1,1809584","1,2054924","1,2304548","1,2574944","1,2829248","1,3109688","1,338408","1,3619916","1,3890132","1,4175252","1,44819","1,4778864","1,5139728","1,5509412","1,5939612","1,6397568","1,688022","1,7396064","1,7957952","1,8524124","1,9087776"
IEO,Reference,Brazil,Energy|Secondary Energy|Electricity,EJ/yr,"1,8245772","1,909404","1,9354068","2,0982204","2,0695716","2,0262096","2,0175552","2,0303964","2,0939688","2,1611232","2,2157424","2,2731012","2,3298912","2,3872608","2,4433164","2,4980652","2,5520796","2,6059248","2,6608392","2,7155196","2,7705132","2,8369116","2,9034612","2,9709144","3,0370536","3,10527","3,1757688","3,2490072","3,323844","3,3984216","3,4769412"
IEO,Reference,Canada,Energy|Secondary Energy|Electricity,EJ/yr,"2,1092508","2,256138","2,218716","2,2390092","2,270322","2,2847832","2,3119956","2,354724","2,4047136","2,448864","2,4901956","2,5276284","2,5668288","2,6083152","2,6499096","2,6926092","2,7347904","2,7759024","2,8201428","2,8658412","2,9132928","2,96343","3,0120768","3,0626064","3,1148928","3,16791","3,2215644","3,276684","3,334464","3,3912684","3,4494228"
IEO,Reference,China,Energy|Secondary Energy|Electricity,EJ/yr,"14,5867716","16,3697076","17,1762012","18,4182156","19,4561712","20,1871764","21,1994676","21,9873384","22,6703196","23,4362232","24,065046","24,7286556","25,2977652","25,8956208","26,4293352","26,990676","27,46017","27,937926","28,4136228","28,8554256","29,3207544","29,8075968","30,290508","30,7347768","31,1951628","31,6601532","32,1136812","32,5660608","33,046452","33,498054","33,9328908"
IEO,Reference,European Union,Energy|Secondary Energy|Electricity,EJ/yr,"12,6097668","12,4389468","12,5390052","12,6742752","12,80925","12,9477024","13,2158052","13,3937532","13,5431748","13,721022","13,887594","14,0556312","14,2228872","14,3871552","14,5521288","14,7234312","14,8935168","15,0639084","15,2392104","15,4141596","15,5814156","15,7638528","15,9454728","16,1331336","16,3219068","16,5242952","16,7246748","16,929522","17,1481716","17,3678148","17,6015916"
IEO,Reference,India,Energy|Secondary Energy|Electricity,EJ/yr,"3,2842872","3,6225432","3,7889964","3,815712","3,957768","4,0730904","4,24575","4,415256","4,599144","4,796478","4,9933836","5,1914376","5,4009108","5,6117844","5,8121208","6,0100236","6,2114472","6,4191204","6,6330756","6,8528772","7,0772688","7,3313388","7,5902292","7,8558012","8,1280548","8,408466","8,6956056","8,9916696","9,2938824","9,602676","9,9689004"
IEO,Reference,Japan,Energy|Secondary Energy|Electricity,EJ/yr,"3,7639728","3,720078","3,4863552","3,5497008","3,5514432","3,632832","3,69675","3,7286604","3,7536876","3,7807092","3,8091024","3,8409084","3,8709396","3,897","3,924522","3,9495312","3,9680172","3,9865212","4,007646","4,0283316","4,046346","4,0672116","4,0866984","4,1067576","4,123476","4,1370084","4,1452236","4,147416","4,1423292","4,1389848","4,1380524"
IEO,Reference,Mexico/Chile,Energy|Secondary Energy|Electricity,EJ/yr,"1,1350332","1,2310344","1,2442284","1,2519036","1,268658","1,2973824","1,340856","1,3645656","1,395846","1,4297904","1,461312","1,4969772","1,5371784","1,5788376","1,6221492","1,6679952","1,7151912","1,7639172","1,8169344","1,8711144","1,927152","1,9844568","2,041506","2,1005856","2,1616632","2,225934","2,289924","2,3570424","2,4294312","2,4975684","2,5679196"
IEO,Reference,Middle East,Energy|Secondary Energy|Electricity,EJ/yr,"2,77938","2,8683396","3,0518568","3,1313952","3,2307336","3,3724152","3,4725924","3,569436","3,663216","3,7684008","3,8836728","4,0161096","4,1418792","4,2698412","4,4004672","4,5409104","4,6747548","4,8029976","4,9364892","5,0719284","5,2140816","5,3741628","5,5222812","5,6676816","5,8208076","5,9773176","6,139116","6,296382","6,4481472","6,6103992","6,7756752"
IEO,Reference,Russia,Energy|Secondary Energy|Electricity,EJ/yr,"3,5340876","3,5920332","3,647718","3,6947448","3,69018","3,6037836","3,595464","3,5867628","3,6307008","3,6830232","3,7179252","3,762252","3,8094588","3,8482884","3,892374","3,940542","3,9843648","4,024368","4,0641228","4,1015628","4,143708","4,1850468","4,2278364","4,26861","4,3107696","4,3427376","4,356522","4,3668468","4,3645968","4,3560288","4,3369272"
IEO,Reference,South Korea,Energy|Secondary Energy|Electricity,EJ/yr,"1,6889112","1,7667108","1,8028008","1,8217008","1,8868752","1,9559808","2,033064","2,0942748","2,1566772","2,21256","2,2611708","2,3038668","2,3415552","2,3760684","2,411334","2,4491088","2,487042","2,525346","2,567628","2,6093124","2,6453052","2,6849376","2,7287748","2,7728532","2,8157472","2,8575108","2,9013804","2,9466576","2,989728","3,0357864","3,08187"
IEO,Reference,United States,Energy|Secondary Energy|Electricity,EJ/yr,"14,85144","14,76828","14,59728","14,64984","14,82876","14,88348","15,0588","15,2262","15,43284","15,59844","15,66504","15,73092","15,83856","15,966","16,11576","16,24752","16,37136","16,50384","16,64028","16,76412","16,88832","16,99452","17,09892","17,2206","17,35416","17,49744","17,65116","17,80164","17,946","18,07308","18,20016"
IEO,Reference,World,Energy|Secondary Energy|Electricity,EJ/yr,"73,6362072","76,324212","77,6139192","79,642962","81,4731192","82,9055808","85,0851432","86,9000328","88,8568596","90,9544356","92,755386","94,6464624","96,5082312","98,3884068","100,2203784","102,075786","103,8235716","105,600924","107,4270312","109,208052","111,025728","112,9658076","114,9074244","116,8436376","118,8467568","120,8931192","122,929326","124,9762644","127,0627596","129,0993336","131,2347384"
IEO,Reference,Africa,Population and Economy|Economy|GDP MER,billion US$2016/yr,,"2099,691","2204,114",,,,,,,,"3123,923",,,,,"3933,842",,,,,"4965,147",,,,,"6276,611",,,,,"7923,729"
IEO,Reference,Australia/New Zealand,Population and Economy|Economy|GDP MER,billion US$2016/yr,,"1567,291","1622,247",,,,,,,,"2006,829",,,,,"2261,182",,,,,"2532,211",,,,,"2870,747",,,,,"3296,326"
IEO,Reference,Brazil,Population and Economy|Economy|GDP MER,billion US$2016/yr,,"2524,214","2568,709",,,,,,,,"2951,685",,,,,"3418,316",,,,,"3889,369",,,,,"4394,588",,,,,"4957,656"
IEO,Reference,Canada,Population and Economy|Economy|GDP MER,billion US$2016/yr,,"1828,134","1863,29",,,,,,,,"2226,565",,,,,"2464,396",,,,,"2717,143",,,,,3003,,,,,"3313,321"
IEO,Reference,China,Population and Economy|Economy|GDP MER,billion US$2016/yr,,"7276,599","7836,895",,,,,,,,"12681,042",,,,,"16164,797",,,,,"19882,368",,,,,"23930,049",,,,,"28341,698"
IEO,Reference,European Union,Population and Economy|Economy|GDP MER,billion US$2016/yr,,"20761,444","20716,707",,,,,,,,"23688,962",,,,,"25893,868",,,,,"28012,864",,,,,"30141,056",,,,,"32436,756"
IEO,Reference,India,Population and Economy|Economy|GDP MER,billion US$2016/yr,,"1900,734","1984,048",,,,,,,,"3384,205",,,,,"4468,97",,,,,"5702,158",,,,,"7171,868",,,,,"8943,935"
IEO,Reference,Japan,Population and Economy|Economy|GDP MER,billion US$2016/yr,,"6026,889","6131,532",,,,,,,,"6582,455",,,,,"6850,184",,,,,"7044,631",,,,,"7207,574",,,,,"7252,454"
IEO,Reference,Mexico/Chile,Population and Economy|Economy|GDP MER,billion US$2016/yr,,"1455,927","1515,151",,,,,,,,"1915,309",,,,,"2253,691",,,,,"2631,552",,,,,"3054,689",,,,,"3530,769"
IEO,Reference,Middle East,Population and Economy|Economy|GDP MER,billion US$2016/yr,,"2588,476","2699,862",,,,,,,,"3598,617",,,,,"4392,619",,,,,"5241,72",,,,,"6150,628",,,,,"7099,576"
IEO,Reference,Russia,Population and Economy|Economy|GDP MER,billion US$2016/yr,,"1749,495","1809,071",,,,,,,,"2014,749",,,,,"2271,17",,,,,"2544,817",,,,,"2858,581",,,,,"3108,534"
IEO,Reference,South Korea,Population and Economy|Economy|GDP MER,billion US$2016/yr,,"1247,84","1276,451",,,,,,,,"1600,335",,,,,"1743,61",,,,,"1900,668",,,,,"2070,574",,,,,"2257,09"
IEO,Reference,United States,Population and Economy|Economy|GDP MER,billion US$2016/yr,,"16522,638","16906,087",,,,,,,,"20680,858",,,,,"23424,962",,,,,"26283,499",,,,,"29324,515",,,,,"32887,668"
IEO,Reference,World,Population and Economy|Economy|GDP MER,billion US$2016/yr,,"74091,71","75929,436",,,,,,,,"95475,468",,,,,"110398,618",,,,,"126190,141",,,,,"143574,178",,,,,"163108,374"
IEO,Reference,Africa,Population and Economy|Economy|GDP PPP,billion US$2016/yr,,"4790,687","5017,573",,,,,,,,"7193,395",,,,,"9124,852",,,,,"11615,12",,,,,"14813,524",,,,,"18858,642"
IEO,Reference,Australia/New Zealand,Population and Economy|Economy|GDP PPP,billion US$2016/yr,,"1184,942","1226,225",,,,,,,,"1516,944",,,,,"1709,015",,,,,"1913,417",,,,,"2168,188",,,,,"2487,837"
IEO,Reference,Brazil,Population and Economy|Economy|GDP PPP,billion US$2016/yr,,"3208,106","3264,657",,,,,,,,"3751,396",,,,,"4344,439",,,,,"4943,125",,,,,"5585,217",,,,,"6300,833"
IEO,Reference,Canada,Population and Economy|Economy|GDP PPP,billion US$2016/yr,,"1535,16","1564,684",,,,,,,,"1869,747",,,,,"2069,463",,,,,"2281,708",,,,,"2521,75",,,,,"2782,351"
IEO,Reference,China,Population and Economy|Economy|GDP PPP,billion US$2016/yr,,"14615,04","15740,395",,,,,,,,"25469,862",,,,,"32466,973",,,,,"39933,718",,,,,"48063,477",,,,,"56924,252"
IEO,Reference,European Union,Population and Economy|Economy|GDP PPP,billion US$2016/yr,,"20536,615","20501,613",,,,,,,,"23646,073",,,,,"25982,792",,,,,"28266,909",,,,,"30590,428",,,,,"33080,883"
IEO,Reference,India,Population and Economy|Economy|GDP PPP,billion US$2016/yr,,"6276,358","6552,469",,,,,,,,"11181,698",,,,,"14765,08",,,,,"18839,139",,,,,"23694,55",,,,,"29548,893"
IEO,Reference,Japan,Population and Economy|Economy|GDP PPP,billion US$2016/yr,,"4728,647","4810,751",,,,,,,,"5164,533",,,,,"5374,6",,,,,"5527,159",,,,,"5655,001",,,,,"5690,212"
IEO,Reference,Mexico/Chile,Population and Economy|Economy|GDP PPP,billion US$2016/yr,,"2419,593","2517,24",,,,,,,,"3178,846",,,,,"3739,978",,,,,"4371,444",,,,,"5079,822",,,,,"5877,223"
IEO,Reference,Middle East,Population and Economy|Economy|GDP PPP,billion US$2016/yr,,"5484,358","5579,233",,,,,,,,"7646,1",,,,,"9435,976",,,,,"11339,988",,,,,"13380,697",,,,,"15558,675"
IEO,Reference,Russia,Population and Economy|Economy|GDP PPP,billion US$2016/yr,,"3481,412","3599,97",,,,,,,,"4009,258",,,,,"4519,515",,,,,"5064,081",,,,,"5688,452",,,,,"6185,839"
IEO,Reference,South Korea,Population and Economy|Economy|GDP PPP,billion US$2016/yr,,"1680,756","1719,289",,,,,,,,"2155,549",,,,,"2348,522",,,,,"2560,074",,,,,"2788,918",,,,,"3040,147"
IEO,Reference,United States,Population and Economy|Economy|GDP PPP,billion US$2016/yr,,"16522,638","16906,087",,,,,,,,"20680,858",,,,,"23424,962",,,,,"26283,499",,,,,"29324,515",,,,,"32887,668"
IEO,Reference,World,Population and Economy|Economy|GDP PPP,billion US$2016/yr,,"100757,382","103900,423",,,,,,,,"137626,951",,,,,"163779,638",,,,,"192181,638",,,,,"224135,747",,,,,"260514,342"
IEO,Reference,Africa,Population and Economy|Population|Total,Million,,"1044,88","1070,42",,,,,,,,"1283,82",,,,,"1429,26",,,,,"1582,71",,,,,"1745,15",,,,,"1915,73"
IEO,Reference,Australia/New Zealand,Population and Economy|Population|Total,Million,,"26,94","27,39",,,,,,,,"31,18",,,,,"33,46",,,,,"35,55",,,,,"37,67",,,,,"39,77"
IEO,Reference,Brazil,Population and Economy|Population|Total,Million,,"197,82","199,53",,,,,,,,"211,79",,,,,"218,1",,,,,"223,2",,,,,"227,04",,,,,"229,6"
IEO,Reference,Canada,Population and Economy|Population|Total,Million,,"34,47","34,88",,,,,,,,"37,75",,,,,"39,49",,,,,"41,16",,,,,"42,71",,,,,"44,17"
IEO,Reference,China,Population and Economy|Population|Total,Million,,"1372,67","1381,35",,,,,,,,"1435,15",,,,,"1449,93",,,,,"1453,23",,,,,"1447,66",,,,,"1433,73"
IEO,Reference,European Union,Population and Economy|Population|Total,Million,,"547,98","550,29",,,,,,,,"564,77",,,,,"571,2",,,,,"576,03",,,,,"579,35",,,,,"581,22"
IEO,Reference,India,Population and Economy|Population|Total,Million,,"1228,97","1244,48",,,,,,,,"1360,11",,,,,"1424,87",,,,,"1481,67",,,,,"1529,78",,,,,"1569,04"
IEO,Reference,Japan,Population and Economy|Population|Total,Million,,"127,29","127,2",,,,,,,,"125,2",,,,,"123,01",,,,,"120,34",,,,,"117,36",,,,,"114,2"
IEO,Reference,Mexico/Chile,Population and Economy|Population|Total,Million,,"137,48","139,13",,,,,,,,"151,32",,,,,"158,12",,,,,"164,02",,,,,"168,89",,,,,"172,68"
IEO,Reference,Middle East,Population and Economy|Population|Total,Million,,"210,1","214,34",,,,,,,,"248,6",,,,,"270,77",,,,,"293,03",,,,,"316,09",,,,,"340,01"
IEO,Reference,Russia,Population and Economy|Population|Total,Million,,"143,27","142,97",,,,,,,,"139,75",,,,,"136,64",,,,,"133,22",,,,,"129,87",,,,,"126,69"
IEO,Reference,South Korea,Population and Economy|Population|Total,Million,,"48,86","49,13",,,,,,,,"50,86",,,,,"51,67",,,,,"52,23",,,,,"52,43",,,,,"52,24"
IEO,Reference,United States,Population and Economy|Population|Total,Million,,"312,32","314,52",,,,,,,,"334,03",,,,,"346,53",,,,,"358,56",,,,,"369,71",,,,,"380,04"
IEO,Reference,World,Population and Economy|Population|Total,Million,,"6991,22","7072,84",,,,,,,,"7699,26",,,,,"8062,88",,,,,"8401,67",,,,,"8718,76",,,,,"9013,84"
IEO,High Economic growth,Africa,Energy|Primary Energy Use|Total,EJ/yr,,"21,22027","22,68883",,,,,,,,"27,78237",,,,,"32,05934",,,,,"36,28778",,,,,"41,515305",,,,,"47,85269"
IEO,High Economic growth,Australia/New Zealand,Energy|Primary Energy Use|Total,EJ/yr,,"7,316425","7,206705",,,,,,,,"8,048595",,,,,"8,603525",,,,,"9,183775",,,,,"9,99085",,,,,"11,146075"
IEO,High Economic growth,Brazil,Energy|Primary Energy Use|Total,EJ/yr,,"15,593955","16,070815",,,,,,,,"17,353695",,,,,"19,48585",,,,,"21,65915",,,,,"24,120465",,,,,"26,869795"
IEO,High Economic growth,Canada,Energy|Primary Energy Use|Total,EJ/yr,,"15,27429","15,28484",,,,,,,,"15,98114",,,,,"16,63735",,,,,"17,48346",,,,,"18,58066",,,,,"19,78758"
IEO,High Economic growth,China,Energy|Primary Energy Use|Total,EJ/yr,,"115,46553","121,351375",,,,,,,,"157,07051",,,,,"172,90184",,,,,"187,34901",,,,,"201,210655",,,,,"214,47728"
IEO,High Economic growth,European Union,Energy|Primary Energy Use|Total,EJ/yr,,"86,48468","85,83691",,,,,,,,"90,12443",,,,,"93,59538",,,,,"97,339575",,,,,"101,114365",,,,,"104,75306"
IEO,High Economic growth,India,Energy|Primary Energy Use|Total,EJ/yr,,"26,33702","27,599855",,,,,,,,"34,92472",,,,,"41,22729",,,,,"48,537385",,,,,"57,530205",,,,,"68,327075"
IEO,High Economic growth,Japan,Energy|Primary Energy Use|Total,EJ/yr,,"22,36178","21,907075",,,,,,,,"23,19101",,,,,"24,040285",,,,,"24,010745",,,,,"24,0751",,,,,"23,453705"
IEO,High Economic growth,Mexico/Chile,Energy|Primary Energy Use|Total,EJ/yr,,"9,83049","9,707055",,,,,,,,"10,4023",,,,,"11,249465",,,,,"12,57349",,,,,"14,12856",,,,,"15,9305"
IEO,High Economic growth,Middle East,Energy|Primary Energy Use|Total,EJ/yr,,"31,52762","33,434005",,,,,,,,"43,51453",,,,,"49,13557",,,,,"55,643865",,,,,"62,925475",,,,,"69,842055"
IEO,High Economic growth,Russia,Energy|Primary Energy Use|Total,EJ/yr,,"32,55308","33,815915",,,,,,,,"35,10196",,,,,"36,919725",,,,,"37,544285",,,,,"38,18889",,,,,"37,38287"
IEO,High Economic growth,South Korea,Energy|Primary Energy Use|Total,EJ/yr,,"11,94049","12,02489",,,,,,,,"14,800595",,,,,"15,73216",,,,,"16,65634",,,,,"17,65015",,,,,"18,712535"
IEO,High Economic growth,United States,Energy|Primary Energy Use|Total,EJ/yr,,"102,074415","99,58989",,,,,,,,"108,82114",,,,,"111,674915",,,,,"114,4675",,,,,"117,49957",,,,,"122,642695"
IEO,High Economic growth,World,Energy|Primary Energy Use|Total,EJ/yr,,"570,255985","579,48618",,,,,,,,"670,493645",,,,,"726,43502",,,,,"781,903755",,,,,"843,55057",,,,,"909,733885"
IEO,High Economic growth,Africa,Population and Economy|Economy|GDP PPP,billion US$2016/yr,,"4790,687","5017,573",,,,,,,,"7271,374",,,,,"9305,505",,,,,"11946,77",,,,,"15363,755",,,,,"19718,688"
IEO,High Economic growth,Australia/New Zealand,Population and Economy|Economy|GDP PPP,billion US$2016/yr,,"1184,942","1226,225",,,,,,,,"1532,036",,,,,"1744,622",,,,,"1975,787",,,,,"2265,362",,,,,"2632,355"
IEO,High Economic growth,Brazil,Population and Economy|Economy|GDP PPP,billion US$2016/yr,,"3208,106","3264,657",,,,,,,,"3808,266",,,,,"4468,783",,,,,"5151,146",,,,,"5895,439",,,,,"6735,619"
IEO,High Economic growth,Canada,Population and Economy|Economy|GDP PPP,billion US$2016/yr,,"1535,16","1564,684",,,,,,,,"1889,041",,,,,"2113,298",,,,,"2357,707",,,,,"2637,635",,,,,"2947,67"
IEO,High Economic growth,China,Population and Economy|Economy|GDP PPP,billion US$2016/yr,,"14615,04","15740,395",,,,,,,,"25950,023",,,,,"33763,114",,,,,"42360,395",,,,,"51922,794",,,,,"62651,347"
IEO,High Economic growth,European Union,Population and Economy|Economy|GDP PPP,billion US$2016/yr,,"20536,615","20501,613",,,,,,,,"23888,821",,,,,"26621,188",,,,,"29337,671",,,,,"32145,993",,,,,"35184,534"
IEO,High Economic growth,India,Population and Economy|Economy|GDP PPP,billion US$2016/yr,,"6276,358","6552,469",,,,,,,,"11349,316",,,,,"15185,104",,,,,"19628,598",,,,,"25006,41",,,,,"31582,595"
IEO,High Economic growth,Japan,Population and Economy|Economy|GDP PPP,billion US$2016/yr,,"4728,647","4810,751",,,,,,,,"5208,731",,,,,"5540,15",,,,,"5709,836",,,,,"5916,416",,,,,"6003,976"
IEO,High Economic growth,Mexico/Chile,Population and Economy|Economy|GDP PPP,billion US$2016/yr,,"2419,593","2517,24",,,,,,,,"3214,948",,,,,"3833,687",,,,,"4551,338",,,,,"5368,22",,,,,"6283,761"
IEO,High Economic growth,Middle East,Population and Economy|Economy|GDP PPP,billion US$2016/yr,,"5484,358","5579,233",,,,,,,,"7808,284",,,,,"9808,183",,,,,"12004,234",,,,,"14436,895",,,,,"17127,242"
IEO,High Economic growth,Russia,Population and Economy|Economy|GDP PPP,billion US$2016/yr,,"3481,412","3599,97",,,,,,,,"4045,283",,,,,"4619,021",,,,,"5249,552",,,,,"5979,996",,,,,"6608,767"
IEO,High Economic growth,South Korea,Population and Economy|Economy|GDP PPP,billion US$2016/yr,,"1680,756","1719,289",,,,,,,,"2182,301",,,,,"2409,682",,,,,"2660,328",,,,,"2935,581",,,,,"3240,457"
IEO,High Economic growth,United States,Population and Economy|Economy|GDP PPP,billion US$2016/yr,,"16522,638","16906,087",,,,,,,,"21549,022",,,,,"25137,178",,,,,"28760,842",,,,,"32646,273",,,,,"37561,128"
IEO,High Economic growth,World,Population and Economy|Economy|GDP PPP,billion US$2016/yr,,"100757,382","103900,423",,,,,,,,"140009,837",,,,,"169380,255",,,,,"201627,822",,,,,"238534,318",,,,,"281671,632"
IEO,High Oil Price,Africa,Energy|Primary Energy Use|Total,EJ/yr,,"21,22027","22,68883",,,,,,,,"26,72104",,,,,"31,22167",,,,,"35,61047",,,,,"40,99308",,,,,"47,44546"
IEO,High Oil Price,Australia/New Zealand,Energy|Primary Energy Use|Total,EJ/yr,,"7,316425","7,206705",,,,,,,,"7,884015",,,,,"8,392525",,,,,"8,91053",,,,,"9,6427",,,,,"10,707195"
IEO,High Oil Price,Brazil,Energy|Primary Energy Use|Total,EJ/yr,,"15,593955","16,070815",,,,,,,,"16,6479",,,,,"18,942525",,,,,"21,27091",,,,,"23,89575",,,,,"26,819155"
IEO,High Oil Price,Canada,Energy|Primary Energy Use|Total,EJ/yr,,"15,27429","15,28484",,,,,,,,"15,81656",,,,,"16,32718",,,,,"17,04247",,,,,"18,073205",,,,,"19,166185"
IEO,High Oil Price,China,Energy|Primary Energy Use|Total,EJ/yr,,"115,46553","121,351375",,,,,,,,"154,54062",,,,,"170,48167",,,,,"185,4479",,,,,"200,48587",,,,,"214,522645"
IEO,High Oil Price,European Union,Energy|Primary Energy Use|Total,EJ/yr,,"86,48468","85,83691",,,,,,,,"88,213825",,,,,"91,098195",,,,,"94,23682",,,,,"97,556905",,,,,"101,086935"
IEO,High Oil Price,India,Energy|Primary Energy Use|Total,EJ/yr,,"26,33702","27,599855",,,,,,,,"33,915085",,,,,"40,302055",,,,,"47,600545",,,,,"56,50369",,,,,"67,225655"
IEO,High Oil Price,Japan,Energy|Primary Energy Use|Total,EJ/yr,,"22,36178","21,907075",,,,,,,,"22,49893",,,,,"23,07496",,,,,"23,154085",,,,,"23,17202",,,,,"22,70149"
IEO,High Oil Price,Mexico/Chile,Energy|Primary Energy Use|Total,EJ/yr,,"9,83049","9,707055",,,,,,,,"10,000345",,,,,"10,795815",,,,,"11,98058",,,,,"13,416435",,,,,"15,07595"
IEO,High Oil Price,Middle East,Energy|Primary Energy Use|Total,EJ/yr,,"31,52762","33,434005",,,,,,,,"42,682135",,,,,"48,65871",,,,,"55,50988",,,,,"63,15019",,,,,"70,578445"
IEO,High Oil Price,Russia,Energy|Primary Energy Use|Total,EJ/yr,,"32,55308","33,815915",,,,,,,,"34,543865",,,,,"36,375345",,,,,"36,97775",,,,,"37,64029",,,,,"36,862755"
IEO,High Oil Price,South Korea,Energy|Primary Energy Use|Total,EJ/yr,,"11,94049","12,02489",,,,,,,,"14,195025",,,,,"15,079115",,,,,"15,908345",,,,,"16,790325",,,,,"17,74932"
IEO,High Oil Price,United States,Energy|Primary Energy Use|Total,EJ/yr,,"102,074415","99,58989",,,,,,,,"106,383035",,,,,"107,81467",,,,,"109,018425",,,,,"111,472355",,,,,"115,702905"
IEO,High Oil Price,World,Energy|Primary Energy Use|Total,EJ/yr,,"570,255985","579,48618",,,,,,,,"655,164495",,,,,"709,657355",,,,,"763,928665",,,,,"826,20848",,,,,"893,050115"
IEO,High Oil Price,Africa,Population and Economy|Economy|GDP PPP,billion US$2016/yr,,"4790,687","5017,573",,,,,,,,"7271,341",,,,,"9304,702",,,,,"11945,142",,,,,"15360,851",,,,,"19713,881"
IEO,High Oil Price,Australia/New Zealand,Population and Economy|Economy|GDP PPP,billion US$2016/yr,,"1184,942","1226,225",,,,,,,,"1517,351",,,,,"1710,621",,,,,"1916,519",,,,,"2173,886",,,,,"2498,485"
IEO,High Oil Price,Brazil,Population and Economy|Economy|GDP PPP,billion US$2016/yr,,"3208,106","3264,657",,,,,,,,"3808,266",,,,,"4468,783",,,,,"5151,146",,,,,"5895,439",,,,,"6735,619"
IEO,High Oil Price,Canada,Population and Economy|Economy|GDP PPP,billion US$2016/yr,,"1535,16","1564,684",,,,,,,,"1869,956",,,,,"2070,068",,,,,"2283,281",,,,,"2524,841",,,,,"2789,38"
IEO,High Oil Price,China,Population and Economy|Economy|GDP PPP,billion US$2016/yr,,"14615,04","15740,395",,,,,,,,"25834,798",,,,,"33584,837",,,,,"42108,11",,,,,"51689,308",,,,,"62462,653"
IEO,High Oil Price,European Union,Population and Economy|Economy|GDP PPP,billion US$2016/yr,,"20536,615","20501,613",,,,,,,,"23650,671",,,,,"26004,737",,,,,"28311,25",,,,,"30673,115",,,,,"33213,565"
IEO,High Oil Price,India,Population and Economy|Economy|GDP PPP,billion US$2016/yr,,"6276,358","6552,469",,,,,,,,"11349,316",,,,,"15185,104",,,,,"19628,598",,,,,"25006,41",,,,,"31582,595"
IEO,High Oil Price,Japan,Population and Economy|Economy|GDP PPP,billion US$2016/yr,,"4728,647","4810,751",,,,,,,,"5162,718",,,,,"5371,289",,,,,"5520,064",,,,,"5645,002",,,,,"5678,893"
IEO,High Oil Price,Mexico/Chile,Population and Economy|Economy|GDP PPP,billion US$2016/yr,,"2419,593","2517,24",,,,,,,,"3180,265",,,,,"3746,875",,,,,"4384,864",,,,,"5099,424",,,,,"5901,973"
IEO,High Oil Price,Middle East,Population and Economy|Economy|GDP PPP,billion US$2016/yr,,"5484,358","5579,233",,,,,,,,"7806,733",,,,,"9806,907",,,,,"12004,784",,,,,"14441,141",,,,,"17135,844"
IEO,High Oil Price,Russia,Population and Economy|Economy|GDP PPP,billion US$2016/yr,,"3481,412","3599,97",,,,,,,,"4029,905",,,,,"4584,69",,,,,"5192,946",,,,,"5906,219",,,,,"6519,953"
IEO,High Oil Price,South Korea,Population and Economy|Economy|GDP PPP,billion US$2016/yr,,"1680,756","1719,289",,,,,,,,"2154,537",,,,,"2351,217",,,,,"2565,838",,,,,"2801,865",,,,,"3061,905"
IEO,High Oil Price,United States,Population and Economy|Economy|GDP PPP,billion US$2016/yr,,"16522,638","16906,087",,,,,,,,"20678,218",,,,,"23647,173",,,,,"26228,169",,,,,"29216,858",,,,,"32736,319"
IEO,High Oil Price,World,Population and Economy|Economy|GDP PPP,billion US$2016/yr,,"100757,382","103900,423",,,,,,,,"138573,347",,,,,"166573,099",,,,,"197065,803",,,,,"232360,722",,,,,"273373,43"
IEO,Low Economic growth,Africa,Energy|Primary Energy Use|Total,EJ/yr,,"21,22027","22,68883",,,,,,,,"27,36037",,,,,"31,25965",,,,,"35,00279",,,,,"39,58993",,,,,"44,982035"
IEO,Low Economic growth,Australia/New Zealand,Energy|Primary Energy Use|Total,EJ/yr,,"7,316425","7,206705",,,,,,,,"7,96103",,,,,"8,379865",,,,,"8,77338",,,,,"9,34308",,,,,"10,169145"
IEO,Low Economic growth,Brazil,Energy|Primary Energy Use|Total,EJ/yr,,"15,593955","16,070815",,,,,,,,"17,01926",,,,,"18,790605",,,,,"20,47966",,,,,"22,33646",,,,,"24,38105"
IEO,Low Economic growth,Canada,Energy|Primary Energy Use|Total,EJ/yr,,"15,27429","15,28484",,,,,,,,"15,821835",,,,,"16,271265",,,,,"16,819865",,,,,"17,556255",,,,,"18,250445"
IEO,Low Economic growth,China,Energy|Primary Energy Use|Total,EJ/yr,,"115,46553","121,351375",,,,,,,,"153,619605",,,,,"163,734945",,,,,"172,2393",,,,,"179,83108",,,,,"181,97273"
IEO,Low Economic growth,European Union,Energy|Primary Energy Use|Total,EJ/yr,,"86,48468","85,83691",,,,,,,,"88,65587",,,,,"91,037005",,,,,"93,271495",,,,,"95,358285",,,,,"96,74139"
IEO,Low Economic growth,India,Energy|Primary Energy Use|Total,EJ/yr,,"26,33702","27,599855",,,,,,,,"34,189385",,,,,"39,81359",,,,,"46,1246",,,,,"53,723765",,,,,"62,74929"
IEO,Low Economic growth,Japan,Energy|Primary Energy Use|Total,EJ/yr,,"22,36178","21,907075",,,,,,,,"22,88928",,,,,"23,206835",,,,,"23,04753",,,,,"22,776395",,,,,"21,89125"
IEO,Low Economic growth,Mexico/Chile,Energy|Primary Energy Use|Total,EJ/yr,,"9,83049","9,707055",,,,,,,,"10,21873",,,,,"10,869665",,,,,"11,825495",,,,,"12,924805",,,,,"14,20452"
IEO,Low Economic growth,Middle East,Energy|Primary Energy Use|Total,EJ/yr,,"31,52762","33,434005",,,,,,,,"42,64732",,,,,"46,756545",,,,,"51,352125",,,,,"56,300075",,,,,"60,309075"
IEO,Low Economic growth,Russia,Energy|Primary Energy Use|Total,EJ/yr,,"32,55308","33,815915",,,,,,,,"34,828715",,,,,"36,23503",,,,,"36,5241",,,,,"36,643315",,,,,"35,22012"
IEO,Low Economic growth,South Korea,Energy|Primary Energy Use|Total,EJ/yr,,"11,94049","12,02489",,,,,,,,"14,496755",,,,,"15,163515",,,,,"15,804955",,,,,"16,37782",,,,,"16,81881"
IEO,Low Economic growth,United States,Energy|Primary Energy Use|Total,EJ/yr,,"102,074415","99,58989",,,,,,,,"104,09263",,,,,"103,53137",,,,,"102,88149",,,,,"102,730625",,,,,"103,38367"
IEO,Low Economic growth,World,Energy|Primary Energy Use|Total,EJ/yr,,"570,255985","579,48618",,,,,,,,"656,067575",,,,,"695,900155",,,,,"732,865245",,,,,"772,52375",,,,,"806,29641"
IEO,Low Economic growth,Africa,Population and Economy|Economy|GDP PPP,billion US$2016/yr,,"4790,687","5017,573",,,,,,,,"7115,284",,,,,"8944,54",,,,,"11284,196",,,,,"14264,745",,,,,"18001,621"
IEO,Low Economic growth,Australia/New Zealand,Population and Economy|Economy|GDP PPP,billion US$2016/yr,,"1184,942","1226,225",,,,,,,,"1501,214",,,,,"1673,298",,,,,"1851,333",,,,,"2072,18",,,,,"2340,074"
IEO,Low Economic growth,Brazil,Population and Economy|Economy|GDP PPP,billion US$2016/yr,,"3208,106","3264,657",,,,,,,,"3694,526",,,,,"4220,106",,,,,"4735,115",,,,,"5275,006",,,,,"5866,047"
IEO,Low Economic growth,Canada,Population and Economy|Economy|GDP PPP,billion US$2016/yr,,"1535,16","1564,684",,,,,,,,"1850,079",,,,,"2025,474",,,,,"2205,159",,,,,"2404,578",,,,,"2612,368"
IEO,Low Economic growth,China,Population and Economy|Economy|GDP PPP,billion US$2016/yr,,"14615,04","15740,395",,,,,,,,"25003,748",,,,,"31220,31",,,,,"37530,933",,,,,"44103,345",,,,,"49040,431"
IEO,Low Economic growth,European Union,Population and Economy|Economy|GDP PPP,billion US$2016/yr,,"20536,615","20501,613",,,,,,,,"23367,069",,,,,"25370,257",,,,,"27229,631",,,,,"29061,604",,,,,"30896,998"
IEO,Low Economic growth,India,Population and Economy|Economy|GDP PPP,billion US$2016/yr,,"6276,358","6552,469",,,,,,,,"11012,221",,,,,"14342,559",,,,,"18046,446",,,,,"22378,598",,,,,"27510,032"
IEO,Low Economic growth,Japan,Population and Economy|Economy|GDP PPP,billion US$2016/yr,,"4728,647","4810,751",,,,,,,,"5087,357",,,,,"5236,693",,,,,"5330,314",,,,,"5411,571",,,,,"5385,468"
IEO,Low Economic growth,Mexico/Chile,Population and Economy|Economy|GDP PPP,billion US$2016/yr,,"2419,593","2517,24",,,,,,,,"3141,886",,,,,"3648,799",,,,,"4194,179",,,,,"4793,932",,,,,"5444,56"
IEO,Low Economic growth,Middle East,Population and Economy|Economy|GDP PPP,billion US$2016/yr,,"5484,358","5579,233",,,,,,,,"7482,86",,,,,"9063,802",,,,,"10677,216",,,,,"12325,643",,,,,"13975,5"
IEO,Low Economic growth,Russia,Population and Economy|Economy|GDP PPP,billion US$2016/yr,,"3481,412","3599,97",,,,,,,,"3971,242",,,,,"4418,766",,,,,"4876,74",,,,,"5381,354",,,,,"5714,676"
IEO,Low Economic growth,South Korea,Population and Economy|Economy|GDP PPP,billion US$2016/yr,,"1680,756","1719,289",,,,,,,,"2127,246",,,,,"2289,276",,,,,"2462,955",,,,,"2645,434",,,,,"2810,907"
IEO,Low Economic growth,United States,Population and Economy|Economy|GDP PPP,billion US$2016/yr,,"16522,638","16906,087",,,,,,,,"19521,788",,,,,"21384,583",,,,,"23346,279",,,,,"25636,006",,,,,"28339,597"
IEO,Low Economic growth,World,Population and Economy|Economy|GDP PPP,billion US$2016/yr,,"100757,382","103900,423",,,,,,,,"134872,804",,,,,"157955,05",,,,,"182339,762",,,,,"209318,538",,,,,"236950,197"
IEO,Low Oil Price,Africa,Energy|Primary Energy Use|Total,EJ/yr,,"21,22027","22,68883",,,,,,,,"27,926905",,,,,"31,81458",,,,,"35,723355",,,,,"40,508835",,,,,"46,188955"
IEO,Low Oil Price,Australia/New Zealand,Energy|Primary Energy Use|Total,EJ/yr,,"7,316425","7,206705",,,,,,,,"8,054925",,,,,"8,531785",,,,,"9,00759",,,,,"9,68068",,,,,"10,63862"
IEO,Low Oil Price,Brazil,Energy|Primary Energy Use|Total,EJ/yr,,"15,593955","16,070815",,,,,,,,"17,427545",,,,,"19,17357",,,,,"20,93964",,,,,"22,90405",,,,,"25,095285"
IEO,Low Oil Price,Canada,Energy|Primary Energy Use|Total,EJ/yr,,"15,27429","15,28484",,,,,,,,"16,142555",,,,,"16,69221",,,,,"17,38429",,,,,"18,36333",,,,,"19,347645"
IEO,Low Oil Price,China,Energy|Primary Energy Use|Total,EJ/yr,,"115,46553","121,351375",,,,,,,,"155,054405",,,,,"165,195065",,,,,"174,073945",,,,,"181,76806",,,,,"183,438125"
IEO,Low Oil Price,European Union,Energy|Primary Energy Use|Total,EJ/yr,,"86,48468","85,83691",,,,,,,,"90,106495",,,,,"92,982425",,,,,"96,160085",,,,,"99,257565",,,,,"101,85814"
IEO,Low Oil Price,India,Energy|Primary Energy Use|Total,EJ/yr,,"26,33702","27,599855",,,,,,,,"34,65886",,,,,"40,306275",,,,,"46,739665",,,,,"54,53295",,,,,"63,849655"
IEO,Low Oil Price,Japan,Energy|Primary Energy Use|Total,EJ/yr,,"22,36178","21,907075",,,,,,,,"23,365085",,,,,"23,87254",,,,,"23,932675",,,,,"23,827175",,,,,"23,03487"
IEO,Low Oil Price,Mexico/Chile,Energy|Primary Energy Use|Total,EJ/yr,,"9,83049","9,707055",,,,,,,,"10,57954",,,,,"11,29694",,,,,"12,407855",,,,,"13,745595",,,,,"15,2553"
IEO,Low Oil Price,Middle East,Energy|Primary Energy Use|Total,EJ/yr,,"31,52762","33,434005",,,,,,,,"43,73819",,,,,"47,71765",,,,,"52,597025",,,,,"57,84776",,,,,"62,29353"
IEO,Low Oil Price,Russia,Energy|Primary Energy Use|Total,EJ/yr,,"32,55308","33,815915",,,,,,,,"35,09352",,,,,"36,50933",,,,,"36,88913",,,,,"37,08747",,,,,"35,71597"
IEO,Low Oil Price,South Korea,Energy|Primary Energy Use|Total,EJ/yr,,"11,94049","12,02489",,,,,,,,"14,87339",,,,,"15,672025",,,,,"16,480155",,,,,"17,29356",,,,,"17,92445"
IEO,Low Oil Price,United States,Energy|Primary Energy Use|Total,EJ/yr,,"102,074415","99,58989",,,,,,,,"106,762835",,,,,"108,29786",,,,,"109,301165",,,,,"110,3319",,,,,"111,949215"
IEO,Low Oil Price,World,Energy|Primary Energy Use|Total,EJ/yr,,"570,255985","579,48618",,,,,,,,"667,70106",,,,,"710,62479",,,,,"752,25087",,,,,"796,264415",,,,,"834,415325"
IEO,Low Oil Price,Africa,Population and Economy|Economy|GDP PPP,billion US$2016/yr,,"4790,687","5017,573",,,,,,,,"7115,438",,,,,"8944,98",,,,,"11285,043",,,,,"14266,087",,,,,"18003,898"
IEO,Low Oil Price,Australia/New Zealand,Population and Economy|Economy|GDP PPP,billion US$2016/yr,,"1184,942","1226,225",,,,,,,,"1516,548",,,,,"1707,563",,,,,"1910,546",,,,,"2163,051",,,,,"2471,26"
IEO,Low Oil Price,Brazil,Population and Economy|Economy|GDP PPP,billion US$2016/yr,,"3208,106","3264,657",,,,,,,,"3694,526",,,,,"4220,106",,,,,"4735,115",,,,,"5275,006",,,,,"5866,047"
IEO,Low Oil Price,Canada,Population and Economy|Economy|GDP PPP,billion US$2016/yr,,"1535,16","1564,684",,,,,,,,"1869,538",,,,,"2068,924",,,,,"2280,366",,,,,"2519,11",,,,,"2773,078"
IEO,Low Oil Price,China,Population and Economy|Economy|GDP PPP,billion US$2016/yr,,"14615,04","15740,395",,,,,,,,"25105,982",,,,,"31367,589",,,,,"37759,777",,,,,"44351,186",,,,,"49423,693"
IEO,Low Oil Price,European Union,Population and Economy|Economy|GDP PPP,billion US$2016/yr,,"20536,615","20501,613",,,,,,,,"23641,849",,,,,"25963,905",,,,,"28227,727",,,,,"30515,331",,,,,"32868,33"
IEO,Low Oil Price,India,Population and Economy|Economy|GDP PPP,billion US$2016/yr,,"6276,358","6552,469",,,,,,,,"11012,221",,,,,"14342,559",,,,,"18046,446",,,,,"22378,598",,,,,"27510,032"
IEO,Low Oil Price,Japan,Population and Economy|Economy|GDP PPP,billion US$2016/yr,,"4728,647","4810,751",,,,,,,,"5166,458",,,,,"5378,769",,,,,"5535,552",,,,,"5666,001",,,,,"5674,658"
IEO,Low Oil Price,Mexico/Chile,Population and Economy|Economy|GDP PPP,billion US$2016/yr,,"2419,593","2517,24",,,,,,,,"3177,504",,,,,"3733,125",,,,,"4358,354",,,,,"5060,583",,,,,"5825,292"
IEO,Low Oil Price,Middle East,Population and Economy|Economy|GDP PPP,billion US$2016/yr,,"5484,358","5579,233",,,,,,,,"7485,412",,,,,"9065,331",,,,,"10675,368",,,,,"12319,571",,,,,"13967,14"
IEO,Low Oil Price,Russia,Population and Economy|Economy|GDP PPP,billion US$2016/yr,,"3481,412","3599,97",,,,,,,,"3988,204",,,,,"4451,689",,,,,"4920,828",,,,,"5433,263",,,,,"5773,581"
IEO,Low Oil Price,South Korea,Population and Economy|Economy|GDP PPP,billion US$2016/yr,,"1680,756","1719,289",,,,,,,,"2156,748",,,,,"2347,224",,,,,"2556,774",,,,,"2779,645",,,,,"2972,882"
IEO,Low Oil Price,United States,Population and Economy|Economy|GDP PPP,billion US$2016/yr,,"16522,638","16906,087",,,,,,,,"20616,409",,,,,"23429,428",,,,,"26358,871",,,,,"29409,028",,,,,"32873,786"
IEO,Low Oil Price,World,Population and Economy|Economy|GDP PPP,billion US$2016/yr,,"100757,382","103900,423",,,,,,,,"136613,532",,,,,"161237,329",,,,,"187314,545",,,,,"215760,259",,,,,"245118,434"