"Data last updated April 1, 2025",,,,,,,,,,,,,,,,,,,,,,,,,,,,,,,,,,,,,,,,,,,
,,,,,,,,,,,,,,,,,,,,,,,,,,,,,,,,,,,,,,,,,,,
"Updated August 28, 2025: The share of jurisdictional emissions covered data reflects the ""gross"" emissions covered by a specific carbon pricing instrument. This does not take into account any overlaps in emissions coverage with other instruments implemented in that jurisdiction.",,,,,,,,,,,,,,,,,,,,,,,,,,,,,,,,,,,,,,,,,,,
,,,,,,,,,,,,,,,,,,,,,,,,,,,,,,,,,,,,,,,,,,,
Unique ID,Instrument name,Type,Status,Jurisdiction covered,Share of jurisdiction emissions covered,Price on 1 April,2020,2021,2022,2023,2024,2025,Change,Government revenue,2019,2020,2021,2022,2023,2024,Change,Gases covered,Electricity and heat,Industry,Mining and extractives,Transport,Aviation,Buildings,"Agriculture, forestry and fishing fuel use",Agricultural emissions,Waste,LULUCF,Fuels covered,Allocation approaches,Price or market management,Point of Regulation,Offset eligibility,Description,Recent developments,Coverage,Pricing and allocation,Compliance,Relation to other instruments
Tax_AL,Albania carbon tax,Carbon tax,Implemented,Albania,"73% of jurisdiction emissions, 0.0106% of global emissions","US$14 (ALL1,255)",,,,,"13,11135507","13,69190487","0,044278398",US$0 million (2024) (ALL0 million),,,,,,,,,No,No,No,No,No,No,No,No,No,No,,,,,,,,,,,
ETS_AL,Albania ETS,ETS,Under consideration,Albania,,,,,,,,,,,,,,,,,,,,,,,,,,,,,,,,,,,,,,,
Tax_CA_Alberta,Alberta carbon tax,Carbon tax,Abolished,Alberta,,,,,,,,,,,,,,,,,,,,,,,,,,,,,,,,,,,,,,,
ETS_CA_Alberta,Alberta TIER,ETS,Implemented,Alberta,"59% of jurisdiction emissions, 0.2852% of global emissions",US$66 (CAN$95),"21,10149821","31,8344608","39,96163683","48,03073967","58,94488653","66,21131865","2,137754391",US$412 million (2024) (CAN$564 million),"407,4272178","349,3542706","441,8266903","390,7341301","652,5679758","412,1429093","0,011574316","CO2, CH4, N2O, HFCs, SF6, PFCs, Other",Yes,Yes,Yes,No,No,No,No,No,Yes,No,Diesel; Other oil products; Gasoline; Kerosene; LPG; Natural gas; Coal,"Free allocation (Intensity-based), Set price",Set price trajectory,Point Source,"Yes, unlimited","The Technology Innovation and Emissions Reduction (TIER) Regulation is a baseline-and-credit ETS. It covers large emitting facilities, with the ability for lower emitting facilities to opt in to the regulation. 
 
Covered entities must reduce their emissions intensity (emissions per unit of production) by a set percentage each year. The reduction requirement is based on a facility’s average emissions intensity over a three-year historic period or compared to a sector-specific benchmark. Covered entities that outperform their targets generate emissions performance credits (EPCs), which can be sold or used in future compliance years. Those that exceed their limits are required to provide compensation by either (1) purchasing EPCs from other covered facilities, (2) paying into the TIER fund to purchase a fund credit for each tonne of excess emissions, or (3) purchasing emission offset credits generated within Alberta under an approved offset protocol or sequestration credits. ","Alberta’s Technology Innovation and Emissions Reduction (TIER) Regulation was amended in December 2022, with changes taking effect on January 1, 2023. Updates included setting the carbon price in line with the federal benchmark; tightening output-based benchmarks by 2% annually from 2023 to 2030 and also increasing the tightening rates of the oil sands sectors by 4% in 2029 and 2030; reducing the opt-in threshold to 2,000 tonne  per year; increasing the limits on emission performance and offsets usage from 60% in 2023 by 10% annually until it reaches 90% in 2026; reducing the credit expiry to five years; establishing sequestration credits and capture recognition tonnes  to support carbon capture, utilization, and storage investments; and changing the biomass emissions treatment to support bioenergy with carbon capture and storage.
","Alberta’s TIER Regulation applies to all greenhouse gas emissions from facilities that emit 100 ktCO2-e/year or more, including industry, power, food processing, waste and other sectors. Smaller conventional oil and gas facilities can aggregate and opt-in to the regulation. Lower emitting facilities (those emitting 2,000 tonnes CO2e or more per year) can opt-in to the regulation.

Alberta’s TIER system directly covers approximately 60% of Alberta’s emissions. The ETS extends the price signal to broader sectors.",Baselines (Intensity-based),Annual,Facilities covered by the TIER Regulation are exempt from paying the Canadian federal carbon tax.
Tax_AN,Andorra carbon tax,Carbon tax,Implemented,Andorra,"95% of jurisdiction emissions, 0.0008% of global emissions",US$32 (€30),,,,,,"32,364",,US$0 million (2024) (€0 million),,,,,,,,,No,No,No,No,No,No,No,No,No,No,,,,,,,,,,,
Tax_AR,Argentina carbon tax,Carbon tax,Implemented,Argentina,"38% of jurisdiction emissions, 0.2624% of global emissions","US$5 (ARS5,716)","6,342014552","5,321599371","4,995626444","3,218257023","0,811554266","5,327914694","-0,15990185","US$225 million (2024) (ARS203,646 million)",,,,"313,929632","152,8346165","225,0505586","-0,283117821","CO2, CH4, N2O, HFCs, SF6, PFCs",In principle,Yes,Yes,Yes,Yes,In principle,Yes,No,No,No,"Coal; Diesel; Gasoline; Kerosene; Other oil products (crude oil, etc); Jet fuel",Set price,,Upstream,Not permitted,,,,,,
ETS_AR,Argentina ETS,ETS,Under consideration,Argentina ,,,,,,,,,,,,,,,,,,,,,,,,,,,,,,,,,,,"References to an ETS were removed from a revised framework law in April 2024. However, In September 2024 Argentina partnered with the InterAmerican Development Bank to commission an ETS blueprint that includes an impact cost assessment",,,,
ETS_AU1,Australia CPM,ETS,Abolished,Australia,,,,,,,,,,,,,,,,,,,,,,,,,,,,,,,,,,"The carbon pricing mechanism was an emissions trading system introduced by the Clean Energy Act 2011 and related legislation. Under the mechanism, liable entities had to pay a price for the carbon emissions they produced in the 2012-13 and 2013-14 financial  years. This covered approximately 60 per cent of Australia's carbon emissions including from electricity generation, stationary energy, landfills, wastewater, industrial processes and fugitive emissions. The carbon pricing mechanism was repealed, with effect from 1 July 2014.",,,,,
ETS_AU2,Australia Safeguard Mechanism,ETS,Implemented,Australia,"26% of jurisdiction emissions, 0.2807% of global emissions",US$22 (A$35),,,,,"21,90375","21,81612","-0,004000685",US$ million (2024) (A$ million),,,,,,,,"CO2, CH4, N2O, SF6, HFCs, PFCs, Other",In principle,Yes,Yes,Yes,Yes,No,No,No,In principle,No,Diesel; Other oil products; Gasoline; Kerosene; LPG; Natural gas; Jet fuel; Coal,Free allocation (Intensity-based),None,Point Source,"Yes, unlimited","The Safeguard Mechanism assigns mandatory emissions baselines for over 200 large facilities in Australia. Facility-level baselines are calculated using output-based benchmarking based on emissions intensity.  
 
Facilities emitting above their baseline must offset excess emissions by surrendering Safeguard Mechanism Credits (SMCs) or Australian Carbon Credit Units (ACCUs). In some cases, facilities can also apply to average their emissions over a longer period or borrow from a future year.  
 
The Safeguard Mechanism was introduced in 2016 but had not been classified as a baseline-and-credit system as no tradeable permits were issued. However, as of July 2023, the government issues SMCs to facilities that over-achieve on their baseline. This reform was accompanied by a tightening of baselines and a default decline rate of 4.9% per year, to align the outcome with Australia’s 2030 targets.
","Legislation to reform the Safeguard Mechanism was passed in March 2023, with changes entering into force from July 2023. The Safeguard Mechanism now assigns emissions baselines to over 200 large facilities, with those emitting above their baseline required to offset excess emissions. The reforms tightened emissions baselines for covered facilities and now allow the issuance of credits to facilities that overachieve on their baseline. This in effect turned the Safeguard Mechanism into a baseline-and-credit system. 
","The Safeguard Mechanism covers all direct (scope 1) GHG emissions from facilities emitting over 100kt CO2-e/year in electricity, mining, oil and gas production, manufacturing, transport and waste. Grid-connected electricity facilities are covered by one combined ‘sectoral’ baseline and it is not expected that the sectoral baseline will ever be breached. ",Baselines (Intensity-based),Annual,ACCUs issued under Australia’s Emissions Reduction Fund are eligible offsets under the Safeguard. 
ETS_AT,Austria ETS,ETS,Implemented,Austria,"36% of jurisdiction emissions, 0.0496% of global emissions",US$49 (€45),,,,"35,34375","48,3705","48,546","0,373538462","US$1,264 million (2024) (€1,177 million)",,,,,"916,32978","1264,2567","0,379696183",Several gases (primarily CO2 for fuels not in EU ETS),In principle,No,In principle,Yes,No,Yes,Yes,No,No,No,Diesel; Other oil products; Gasoline; Kerosene; LPG; Natural gas; Coal,Set price,Fixed price,Upstream,Not permitted,"Austria launched its national emissions certificate trading system (Nationales Emissionszertifikatehandelsgesetz – NEHG) for fossil fuels not already covered by the EU ETS in October 2022.  
 
Although the NEHG does not establish a carbon tax, the carbon pricing instrument follows in central parts the logic of existing energy taxes (fuel tax, coal tax, and natural gas tax). Thus, if a certain event is taxable under the existing energy taxes regime, an obligation to buy allowances arises under the NEHG. Taxable events are the production, import, or release of energy products from a tax warehouse in Austria or the supply of coal and natural gas to consumers. In practice, only a limited number of energy distributors and oil companies are subject to the NEHG 2022.
 
The NEHG aims to cover emissions outside the EU ETS, encompassing predominantly emissions in the buildings and transport sectors. Between 2022 and 2025, the system will operate with an annually increasing fixed price and a flexible cap, such that more allowances will be available for entities if needed. The NEHG is being phased in gradually. The system has been designed in line with the reduction targets for non-EU ETS sectors as defined by the “European Effort Sharing Regulation” (ESR). The system may eventually transfer into the EU ETS 2. ","Austria is preparing for its NEHG to replace its national ETS with the EU ETS 2. Austria's request to ""opt-in"" sectors not covered in the European system was approved in December 2024. The Austria ETS will therefore conclude in December 2026","The Austria ETS applies to fossil fuels used in the transport, buildings, agriculture, and energy sectors, as well as from small industries. This essentially concerns the following fossil energy sources: petrol, gasoil (diesel), heating oil, natural gas, liquefied gas, coal, and kerosene. Fuels in admixture with biogenic fuels receive a lower emissions factor than purely fossil fuels. ENtities that would be liable for less than 1 tonne of CO2e per year are excluded. In practice it covers mostly buildings and road transport.",Set price,Annual,Facilities covered by the EU ETS are exempt from the Austria ETS.
Tax_BH,Bahrain carbon tax,Carbon tax,Under consideration,Bahrain,,,,,,,,,,,,,,,,,,,,,,,,,,,,,,,,,,,,,,,
Tax_MX_BC,Baja California carbon tax,Carbon tax,Abolished,Baja California,,,,"8,31702544",,,,,,,,,"1,202437515",,,,,,,,,,,,,,,,,,,,,,,,,,
ETS_CN_Beijing,Beijing pilot ETS,ETS,Implemented,Beijing,"17% of jurisdiction emissions, 0.0472% of global emissions",US$12 (RMB88),"12,2042201","4,323279666","6,527961251","12,95770547","14,51218332","12,1526058","-0,004229217",US$1 million (2024) (RMB8 million),,,,,,"1,140796655",,CO2,In principle,Yes,Yes,Yes,No,Yes,No,No,No,No,Diesel; Other oil products; Gasoline; Kerosene; LPG; Natural gas; Coal,"Free allocation (Grandfathering), Free allocation (Intensity-based)",Price corridor,Point Source,"Yes, with quantitative limit",The Beijing pilot ETS is a cap-and-trade system. The total amount of emission allowances is determined top-down. Covered entities must surrender allowances for all their covered emissions.,"In March 2024, the People’s Government of Beijing Municipality updated the “Measures for the Management of Emissions Trading in Beijing”. The previous “Interim Measures for the Management of Emissions Trading in Beijing” issued in 2014 was replaced by the new management measures in May 2024. The new management measures clarify the management responsibilities of the Beijing Municipal Ecology and Environment Bureau (short for BEE) and relevant departments in the Beijing pilot ETS, as well as the policy framework.

In May, BEE, which manages Beijing ETS, released a notice on the “Management of Key Carbon Emission Units and the Work of Carbon Emissions Trading in 2024”, which included several documents on MRV, allowance allocation, and offset credits.  In this document, BEE sets the compliance deadline for 2023 emissions to November 15, 2024. 

In September, BEE released a notice on the “Measures for the Administration of offset use in Beijing”, which introduced new rules for offset credits use ","The ETS covers  around 45% of the city’s total emissions, including those from: heat, cement, petrochemicals, and other industrial enterprises; manufacturers; the service sector; and public transport. The coverage threshold is 5,000 tCO2 per year, considering both direct and indirect emissions.","Free allocation (Grandfathering), Free allocation (Intensity-based), Auctioning",Annual,The Beijing Pilot ETS is not linked with any other system.  Coverage of power sector emissions was transferred to the Chinese national ETS. 
Tax_BW,Botswana carbon tax,Carbon tax,Under consideration,Botswana,,,,,,,,,,,,,,,,,,,,,,,,,,,,,,,,,,,,,,,
ETS_BR,Brazil ETS,ETS,Under development,Brazil,,,,,,,,,,,,,,,,,,,,,,,,,,,,,,,,,,"In 2009, Brazil adopted the “National Policy on Climate Change” (Política Nacional sobre Mudança do Clima, PNMC), aiming to identify, plan, and coordinate actions and measures for GHG abatement and to adapt to climate change. The PNMC lays out the basis for a carbon pricing regulation and is currently being reviewed, with a view to updating it based on the commitments assumed under the Paris Agreement. 
 
Between 2016 and 2020, as part of its activities under the World Bank’s Partnership for Market Readiness, the government carried out studies on the possible implementation of market instruments to meet its emissions targets and reduce overall mitigation costs.  The federal government's proposal for the establishment of the Brazilian Greenhouse Gas Emissions Trading System (Sistema Brasileiro de Comércio de Emissões de Gases de Efeito Estufa, SBCE) was guided by the recommendations of the PMR Brazil project, which indicated the adoption of a cap-and-trade scheme as the most desirable carbon pricing option within the PNMC. 
 
Under draft bill (Projeto de Lei, PL) “PL 412/2022” the government proposal was approved with minor modifications by the Senate in October 2023. Under draft bill “2148/2015”, the Chamber of Deputies modified and approved the establishment of the SBCE in late December 2023. The reviewed proposal will be sent back to the Senate for new appreciation under PL 2148/2015, and the National Congress is expected to approve it in 2024. 
 
PL 2148/2015 would establish the governance framework and the legal foundation for obligations by covered entities, with key design elements (such as scope, cap, and allocation) to be determined in the coming years.
","Law No. 15,042/2024 was approved in 2024, which formally establishes Brazil's ETS for implementation within 5 to 6 years",,,,
Tax_CA_BC,BC carbon tax,Carbon tax,Abolished,British Columbia,,,"28,13533094","35,8137684","39,96163683","48,03073967","58,94488653",,"1,09504863",,"1243,982578","1167,082477","2314,829756","1706,115164","2001,510574","1888,105502","0,517790952",,#N/A,#N/A,#N/A,#N/A,#N/A,#N/A,#N/A,#N/A,#N/A,#N/A,,,,,,,,,,,
ETS_CA_BC,BC OBPS,ETS,Implemented,British Columbia,"26% of jurisdiction emissions, 0.0290% of global emissions",US$66 (CAN$95),,"19,896538","19,98081841","18,47336141","58,94488653","66,21131865","2,327780875",US$ million (2024) (CAN$ million),,,,,,,,"CO2, CH4, N2O, HFCs, SF6, PFCs",No,Yes,Yes,No,No,No,No,No,No,No,Diesel; Other oil products; Gasoline; Kerosene; LPG; Natural gas; Jet fuel; Coal,"Free allocation (Intensity-based), Set price",Set price trajectory,Point Source,"Yes, with quantitative limit","Starting in April 2024, the B.C. Output-Based Pricing System (B.C. OBPS) replaced the province’s carbon pricing mechanism for industrial operators, which had included the provincial carbon tax and a baseline-and-credit system under the CleanBC Program for Industry. The CleanBC Program for Industry had been in place since April 2019 and included the CleanBC Industrial Incentive Program (CIIP) and the CleanBC Industry Fund (CIF); the CIIP will be discontinued, and the CIF is under review and will continue under the new mechanism. The B.C. OBPS follows the Canadian federal carbon price path and ensures a price incentive for industrial emitters to reduce GHG emissions through a performance-based system. Facilities that emit under their annual emission limit earn credits. For facilities that emit over their emission limit, the B.C. OBPS provides flexible compliance options to meet compliance obligations. Flexible payment options include using earned credits, B.C. offsets, or making a direct payment. Banking is allowed. Borrowing is not allowed. 
"," British Columbia's transition to an OBPS for large industrial emitters with its official implementation commenced in April 2024. In April 2025, the British Columbia OBPS was repealed.
","Participation is mandatory for producers of certain regulated industrial products under the “Greenhouse Gas Industrial Reporting and Control Act” (GGIRCA) emitting ≥10,000 tCO2e/year. Industrial operations within regulated sectors under this threshold with annual emissions of ≥10,000 tCO2e/year are permitted to opt-in to the B.C. OBPS on a voluntary basis; those that do not opt-in remain subject to the B.C. Carbon Tax. 

The BC OBPS covers energy utilities, electricity import operations, greenhouses, waste management, and remediation services",,Annual,"BC also imposes a carbon tax. Under the B.C. OBPS, instead of paying the carbon tax on fuels and combustibles that they use or burn, industrial facilities in the system will face a carbon price on the portion of their emissions that are above a product-specific emissions limit 

A subset of B.C. OBPS offset types are recognized as compliance units under the Canadian (federal) output-based pricing system"
UND_BN,Brunei Darussalam Undecided,Undefined,Under consideration,Brunei Darussalam,,,,,,,,,,,,,,,,,,,,,,,,,,,,,,,,,,,,,,,
ETS_US_California,California CaT,ETS,Implemented,California,"76% of jurisdiction emissions, 0.5644% of global emissions",US$29 (US$29),"15,3","17,94","30,82","29,84","38,59","29,27","0,913071895","US$4,401 million (2024) (US$4,401 million)","3064,749861","1698,315586","3993,21413","4027,362236","4720,559638","4400,713191","0,435912682","CO2, CH4, N2O, HFCs, SF6, PFCs, Other",Yes,Yes,Yes,Yes,No,Yes,Yes,No,No,No,Diesel; Other oil products; Gasoline; Kerosene; LPG; Natural gas; Coal,"Free allocation (Intensity-based), Auctioning","Price floor, Market stability reserve","Point Source, Upstream","Yes, with quantitative limit","The California Cap-and-Trade Program requires covered entities to surrender allowances for all their covered emissions. Allowances are distributed via a combination of auction, free allocation, and free allocation with consignment. 
","In 2024 California progressed adoption of amendments to the Cap-and-Trade Program, with proposed targets to reduce GHG emissions 48% below 1990 levels by 2030 and 80% below by 2045. Proposed amendments also include changes to the program's design, including a one-time increase in cost containment prices, additional market oversight measures, revisions to offset provisions, etc.","The scheme applies to GHG emissions (CO2, CH4, N2O, SF6, HFCs, PFCs, NF3, and other fluorinated GHGs) from the industry, power, transport and buildings sectors and includes industrial process emissions.

Facilities emitting ≥25,000 tCO2e per year are covered. All electricity imported from specified sources connected to a specific generator with emissions >25,000 tCO2e per year is covered. 

The program covers ~75% of the state’s GHG emissions, and around 400 facilities. ","Free allocation (Intensity-based), Auctioning",Other,California has been part of the Western Climate Initiative (WCI) since 2007 and formally linked its program with Québec’s in January 2014. 
ETS_CA2,Canada ETS,ETS,Under development,Canada,,,,,,,,,,,,,,,,,,,,,,,,,,,,,,,,,,,"Draft regulations for ""Oil and Gas Sector Greenhouse Gas Emissions Cap"" were released in November 2024, proposing to establish a cap-and-trade system for upstream oil and gas and LNG production.",,,,
Tax_CA,Canada federal fuel charge,Carbon tax,Abolished,Canada,,,"21,10149821","31,8344608","39,96163683","48,03073967","58,94488653",,"1,793398173",,"1489,455185","3140,959789","4843,270938","5724,429614","5845,92145","8858,771097",5x,,#N/A,#N/A,#N/A,#N/A,#N/A,#N/A,#N/A,#N/A,#N/A,#N/A,,,,,,,,,,,
ETS_CA,Canada federal OBPS,ETS,Implemented,Canada,"3% of jurisdiction emissions, 0.0424% of global emissions",US$66 (CAN$95),,"31,8344608","39,96163683","48,03073967","58,94488653","66,21131865","1,079863047",US$0 million (2024) (CAN$0 million),,"120,3404755","192,0284008","228,9306224",,,,"CO2, CH4, N2O, HFCs, SF6, PFCs",In principle,Yes,Yes,No,No,No,No,No,No,No,Diesel; Other oil products; Gasoline; Kerosene; LPG; Natural gas; Coal,Free allocation (Intensity-based),Set price trajectory,Point Source,"Yes, with quantitative limit","The pan-Canadian approach to carbon pricing was adopted in 2016. The approach requires all Canadian provinces and territories to have a carbon pricing system in place that aligns with the federal standard. A federal carbon pricing backstop system comes into effect, in whole or in part in any province or territory that requested it or that does not have a price on carbon in place that meets the federal standard. The federal backstop system consists of two components: a regulatory charge on fuels, and a baseline-and-credit ETS for emissions-intensive and trade-exposed industrial facilities called the Output-Based Pricing System (OBPS).

To comply with the national system, provinces need to implement systems that meet the minimum national carbon price. The minimum national carbon price was set at CAD 65 (USD 48.15) in 2023, increasing by CAD 15 (USD 11.11) each year to reach CAD 170 (USD 125.93) in 2030.  As cap-and-trade systems set maximum emissions levels rather than minimum carbon prices, for these systems the minimum carbon pollution price is translated into an equivalent cap on emissions.","On March 14, 2025 Canada announced changes to the Federal OBPS, including changing the effective carbon price to CAD 0/tCO2e from April 2025 onwards","Coverage is mandatory for facilities in the EITE industrial and electricity sectors that emit equal to or more than 50,000 tCO2e per year. Smaller facilities with annual emissions equal to or more than 10,000 tCO₂e from sectors at risk of carbon leakage and adverse competitiveness impacts can opt in to participate voluntarily.",Set price ,Monthly,The federal OBPS only applies in those jurisdictions that requested it or do not have a system in place that meets minimum national stringency criteria.
Tax_CAT,Catalonia carbon tax,Carbon tax,Under consideration,Catalonia,,,,,,,,,,,,,,,,,,,,,,,,,,,,,,,,,,,,,,,
Tax_CL,Chile carbon tax,Carbon tax,Implemented,Chile,"55% of jurisdiction emissions, 0.1261% of global emissions",US$5 (US$5),5,5,5,5,5,5,0,US$140 million (2024) (US$140 million),"165,5",165,168,171,139,140,"-0,15407855",CO2 ,Yes,Yes,Yes,No,No,No,No,No,No,No,"Coal; Diesel; Gasoline; Kerosene; Other oil products (crude oil, etc); Natural gas; LPG; Emissions not from fuel use; Non-fuel emissions ","Set price, no allocation of allowances.",,Downstream,"Yes, unlimited",,,,,,
ETS_CL,Chile ETS,ETS,Under development,Chile,,,,,,,,,,,,,,,,,,,,,,,,,,,,,,,,,,"In June 2022, Chile enacted its “Framework Law on Climate Change”, which sets a 2050 carbon neutrality goal and describes the national, regional, and local climate policies that Chile will implement to achieve it. These include Chile’s NDC, Long-Term Climate Strategy, Climate Change Financial Strategy, and sectoral mitigation and adaptation plans. 

Article 14 of the law mandates the Ministry of Environment to specify GHG emissions limits set by technology, sector, or activity. GHG emissions limits may be set as emissions benchmarks for individual installations or in aggregate, for a group of installations or a sector. If set in aggregate, GHG emissions limits could be akin to a cap. According to Article 15, installations that perform better than their benchmark will have their surplus emissions reductions certified, which may then be used by other regulated entities for compliance with their respective emissions limits. 

The specific design of the emissions limits system is not yet defined and could be implemented either as an ETS or a tradable performance standard. In November 2023, the Ministry of Environment published the “Draft Rules for the Development of GHG Emissions and Short-Lived Climate Pollutant Limits” for public consultation. The document specifies procedures and characteristics of the emission limits to be developed under the Framework Law.

Based on Article 37 of the Law, which provides a basis for the development of market-based, fiscal, and financial instruments to address the negative impacts of GHG emissions, the country’s “2022-2026 Energy Agenda” states that a pilot ETS project for the energy sector will be developed. Work around this will be supported by the World Bank’s Partnership for Market Implementation.

Chile has had a carbon tax in place since 2017. The country’s “Long-Term Climate Strategy”, presented in October 2021, specifies that Chile will set an increasing trajectory for its carbon price between 2025 and 2030. It also specifies that the country seeks to have an integral carbon pricing portfolio to deliver coherent and predictable price signals. In line with this, the government launched its “National Energy Policy by 2050”, which states that carbon prices in Chile should reach USD 35/tCO2e by 2030 and USD 80/tCO2e by 2040.","In March 2024, the ""Rules for the Development of GHG Emissions Standards and Short-Lived Climate Pollutant Limits"" were approved by Chile's Council of Ministers for Sustainability and Climate Change. This sets the procedures for setting emissions limits, and a public consultation concluded in early 2025. 

The draft Green Hydrogen Action Plan foresee a pilot ETS for the energy sector to commence operations in 2026. ",,,,
ETS_CN,China national ETS,ETS,Implemented,China,"51% of jurisdiction emissions, 15.2937% of global emissions",US$12 (RMB86),,,"9,199849028","8,15316299","12,57307921","11,76462495","0,278784567",US$ million (2024) (RMB million),,,,,,,,CO2,Yes,Yes,No,No,No,No,No,No,No,No,Diesel; Other oil products; Gasoline; Kerosene; LPG; Natural gas; Waste as fuel; Coal,Free allocation (Intensity-based),None,Point Source,"Yes, with quantitative limit","China’s national ETS began operating in 2021. It regulates more than 2,000 companies from the power sector with annual emissions of more than 26,000 tCO2, including combined heat and power, as well as captive power plants in other sectors. Covered entities must surrender allowances for all their covered emissions, and allocation is based on intensity, with allowances freely allocated using benchmarks and based on actual production levels. Compliance obligations are currently limited and vary between different types of power generation. The system’s coverage will expand to other sectors over time. 
 
The national ETS builds on the experience of pilot carbon markets implemented in eight regions. These pilots continue to operate in parallel with the national ETS, covering sectors and entities not included in the national system. As the national system expands, entities covered by regional systems are expected to be integrated into it.
","The “Interim Regulations for the Management of Carbon Emissions Trading” (Interim Regulations), took effect from May 2024. It is intended to further enhance enforcement measures and non-compliance penalties for different stakeholders.

In March 2025, the Ministry of Ecology and Environment (MEE) published “ The work plan of China National ETS covering the iron and steel, cement and aluminum industries”. It proposes expanding the ETS to also cover GHG Emissions from iron and steel, cement, and aluminum industries, over two phases. Phase 1 (2024 to 2026) aims to familiarize companies in these sectors with the national ETS and enhance emissions data quality. Companies will start to surrender allowances for emissions of 2024 by December 2025. Phase 2 (starting in 2027) aims to tighten and further improve the functioning of the system. This scope expansion, as being approved, brings an additional 1,500 companies into the Chinese national ETS, increasing the system’s emissions coverage by 3 billion tCO2e. Further details, including on allowance allocation methods, are expected to be published in the future.

In October 2024, the MEE released the allocation plan and compliance work plan for the power sector for 2023 and 2024. The allocation plan updates benchmarks and excludes indirect emissions. It also sets a rule on allowance carryover. According to this plan, the compliance is shifting from a two-years cycle to a one-year cycle. ","The ETS  initially only applies to CO2 emissions from the power sector, including combined heat and power and captive power plants from other sectors. ","Baselines (Intensity-based), Auctioning
",Biennial,"Under the national ETS work plan, the eight pilot ETSs operating in China will gradually be integrated into the national ETS. "
ETS_CN_Chongqing,Chongqing pilot ETS,ETS,Implemented,Chongqing,"14% of jurisdiction emissions, 0.0555% of global emissions",US$6 (RMB40),"5,30538703","3,714581368","5,661445556","4,65895028","5,988694318","5,510153541","0,038595961",US$3 million (2024) (RMB23 million),,,,,,"3,106183484",,"CO2, CH4, N2O, HFCs, SF6, PFCs",No,Yes,No,No,No,No,No,No,No,No,Diesel; Other oil products; Gasoline; Kerosene; LPG; Natural gas; Coal,"Free allocation (Grandfathering), Free allocation (Intensity-based)",None,Point Source,"Yes, with quantitative limit","The Chongqing pilot ETS  is a cap-and-trade emissions trading scheme. Auctioning was introduced in 2021. While the scheme implemented absolute caps until 2021, a revision of the scheme in 2022 changed the allocation approach such that there are no longer absolute caps and allocation is determined on a bottom up intensity basis.","In September 2024, Chongqing EEB published the allocation plan for the compliance year 2023. In this plan, it introduced a “synergies mechanism for reducing pollution and carbon emissions,” rewarding entities that achieve emission reduction and air pollution control with a 0.3 to 0.5% increase in their allowance allocation. 

In addition, Chongqing became the fifth city in China to implement the “electricity and carbon synergy” policy and allowed entities to offset up to 8% of the shortfall in allowance with eligible non-fossil energy purchases outside of the city (see ‘Offset Credits’ section). ","The coverage threshold for the scheme is 26,000 tCO2 per year or energy consumption of 10,000 tonnes of coal equivalent (tce) per year. The scheme applies to GHG emissions (CO2, CH4, N2O, HFCs, PFCs, SF6) from the industrial sectors.","Free allocation (Grandfathering), Auctioning",Annual,The Chongqing pilot ETS is to be merged into the national ETS under unified rules and a detailed transition plan is under development.
Tax_MX_Colima,Colima carbon tax,Carbon tax,Implemented,Colima,"17% of jurisdiction emissions, 0.0166% of global emissions",US$28 (MXN566),,,,,,"27,7866465",,US$0 million (2024) (MXN0 million),,,,,,,,"CO2, CH4, N2O, HFCs, SF6, PFCs, Other ",Yes,Yes,Yes,No,No,Yes,Yes,No,No,No,,Set price,Introductory set price,Point source,"Yes, with quantitative limits",,,,,,
Tax_CO,Colombia carbon tax,Carbon tax,Implemented,Colombia,"20% of jurisdiction emissions, 0.0846% of global emissions","US$7 (COP27,398)","4,244865787","4,605676883","5,013271992","5,035341621","6,678546744","6,536619117","0,53988829","US$133 million (2024) (COP551,965 million)","140,7025676","29,16848584","90,79491766","112,8595884","124,3225487","133,0665206","-0,054270844","CO2, CH4, N2O",In principle,Yes,Yes,Yes,Yes,Yes,Yes,No,No,No,Coal; Diesel; Other oil products; Gasoline; Kerosene; Natural Gas; LPG; Jet fuel.,Set price,"The price is set by the Government, with the price fixed, except for coal where the rate is set to increase gradually.",Upstream,"Yes, with quantitative limits",,,,,,
ETS_CO,Colombia ETS,ETS,Under development,Colombia,,,,,,,,,,,,,,,,,,,,,,,,,,,,,,,,,,"In 2018, Colombia adopted a law for climate change management, which outlines basic provisions for the establishment of an ETS, or the “National Program of Tradable GHG Emission Quotas” (Programa Nacional de Cupos Transables de Emisión de Gases de Efecto Invernadero – PNCTE).
Covered entities will have to surrender allowances for all their covered emissions. The Ministry of Environment and Sustainable Development (Minambiente) will determine the number of allowances in line with Colombia’s national mitigation targets. Minambiente is also in charge of allocation, which will take place primarily via auctions. Non-compliance is to be punishable by a fine of up to double the auction price. Auction revenues, as updated by Article 262 of Law 2294 of 2023, will now be allocated to the “Fund for Life and Biodiversity” (formerly the “Fund for Sustainability and Climate Resilience”). These funds are designated for purposes set by the national carbon tax, as well as for administering the PNCTE and the Mandatory Emissions Report under Law 2169 of 2021. The Climate Change law also includes crediting provisions: voluntary actions of non-regulated entities that generate GHG emissions reductions or removals may be issued allowances if they are verified, certified, and registered in the National Emission Reductions Registry (Registro nacional de reducción de emisiones de GEI – Renare), and deemed eligible for the program.
The PNCTE will complement Colombia's revised carbon tax, according to Resolution 12 of 2023 by the National Directorate of Taxes and Customs. The 2018 “Climate Change Management Law” states that the government may recognize tonnes paid through the carbon tax as part of the compliance obligation of regulated entities under the PNCTE. 
The ETS design is currently being analyzed by the government. The 2021 “Climate Action Law” (Ley de Acción Climática) sets a goal to fully implement the ETS by 2030. This has also set an obligation for legal persons to report direct and indirect GHG emissions, following criteria to be set by Minambiente. It also appoints an independent group of experts (the Study Commission) to provide recommendations and promote and develop carbon markets in Colombia. These recommendations are to be considered by the environment and finance ministries.  ",The Colombian government opened a public consultation into regulations under the Decree “National Program of Tradable GHG Emission Quotas” (Programa Nacional de Cupos Transables de Emisión de Gases de Efecto Invernadero – PNCTE),,,,
ETS_US_CO,Colorado GHG crediting trading system,ETS,Implemented,Colorado,"3% of jurisdiction emissions, 0.0000% of global emissions",US$ (US$),,,,,,,,US$ million (2024) (US$ million),,,,,,,,"CO2, CH4, N2O, SF6, HFCs, PFCs, NF3",No,Yes,In principle,No,No,No,No,No,No,No,Diesel; Gasoline; Kerosene; LPG; Natural gas; Coal,Free allocation (Grandfathering) possibly implied,"None (baseline-and-credit structure, no price corridor)",Point Source,Not permitted,,,,,,
Tax_CD,Côte d’Ivoire carbon tax,Carbon tax,Under consideration,Côte d’Ivoire,,,,,,,,,,,,,,,,,,,,,,,,,,,,,,,,,,,,,,,
Tax_DK,Denmark carbon tax,Carbon tax,Implemented,Denmark,"64% of jurisdiction emissions, 0.0505% of global emissions","US$108 (DKK (Øre)75,000)","25,67350408","27,91970556","26,36740721","26,29306655","28,39950998","108,4347801",3x,"US$503 million (2024) (DKR3,495 million)","539,574908","548,5175","550,4059324","472,9672917","482,0308714","503,4934812","-0,066870098","CO2, CH4, N2O, HFCs, SF6, PFCs",Yes,Yes,Yes,Yes,Yes,Yes,Yes,No,No,No,Diesel; Other oil products; Gasoline; Kerosene; LPG; Natural gas; Waste as fuel; Jet fuel; Coal,Set Price,Set Price,"Upstream, Point source",Not permitted,,,,,,
ETS_DO,Dominican Republic ETS,ETS,Under consideration,Dominican Republic,,,,,,,,,,,,,,,,,,,,,,,,,,,,,,,,,,,,,,,
Tax_MX_Durango,Durango carbon tax,Carbon tax,Implemented,Durango,"34% of jurisdiction emissions, 0.0088% of global emissions",US$5 (MXN100),,,,,"6,035986552","4,911904984","-0,186229966",US$6 million (2024) (MXN112 million),,,,,,"6,090365803",,"CO2, CH4, N2O HFCs, SF6, PFCs ",Yes,Yes,Yes,No,No,Yes,Yes,No,No,No,,Set price,Introductory set price,Point source,Not permitted,,,,,,
Tax_EE,Estonia carbon tax,Carbon tax,Implemented,Estonia,"10% of jurisdiction emissions, 0.0027% of global emissions",US$27 (€25),"2,1872","2,3492","2,2104","2,175","2,1498","26,97",11x,US$2 million (2024) (€2 million),"2,8497339","1,5904","2,032164","1,6419375","1,711395","2,149","-0,245894503",CO2,Yes,Yes,Yes,No,No,No,No,No,No,No,Diesel; Other oil products; Gasoline; Kerosene; LPG; Natural gas; Coal,Set price,Set price,Point source,Not permitted,,,,,,
ETS_EU,EU ETS,ETS,Implemented,EU27+,"40% of jurisdiction emissions, 2.4793% of global emissions",US$70 (€65),"18,53652","49,779548","86,526108","96,298125","61,301547","70,370124",3x,"US$41,703 million (2024) (€38,811 million)","16615,45415","21456,28472","36909,94455","40407,43572","47330,23605","41702,91389","1,509887092","CO2, N2O, PFCs, and additional coverage in certain industries",Yes,Yes,Yes,Yes,Yes,No,No,No,No,No,Diesel; Other oil products; Gasoline; Kerosene; LPG; Natural gas; Jet fuel; Coal,"Free allocation (Intensity-based), Auctioning","None (Market stability reserve, no direct corridor)",Point Source,Not permitted,"Operational since 2005, the European Union Emissions Trading System (EU ETS) is the oldest cap-and-trade system in force. It is a cornerstone instrument of the EU’s policy framework to combat climate change under the “European Green Deal” and reduce GHG emissions cost-effectively. The EU ETS is currently in its fourth trading phase (2021 to 2030). Every year, covered entities must surrender allowances for their emissions under the EU ETS. Auctioning is the main method of distributing allowances, with free allocation, based on benchmarks, used to address carbon leakage. ","The EU has adopted a number of reforms to the EU ETS as part of the “Fit for 55” package to align the system with the EU’s 2030 climate target of at least 55% net emissions reductions compared to 1990 levels and the European Green Deal objectives. The reforms increased the ambition and expanded the scope of the EU ETS to maritime transport, and introduced a new, separate emissions trading system for buildings, road transport and additional sectors (called EU ETS 2). The reforms also established a Carbon Border Adjustment Mechanism to address the risk of carbon leakage from specific sectors under the EU ETS (as an alternative to free allocation). ","The EU ETS applies to direct (scope 1) emissions from activities in the power sector, manufacturing, industry, and intra-EU aviation (including flights from the EEA to the United Kingdom). The EU ETS covers CO2 emissions, and emissions of other gases from certain activities. Each sector or activity has a specific threshold for participation.

Recent reforms to the scheme expanded its scope to maritime transport, and introduced a new, separate emissions trading system for buildings, road transport and additional sectors (EU ETS 2)","Free allocation (Intensity-based), Auctioning",Annual,The EU ETS has been linked with the Switzerland ETS since 2020. Several countries that participate in the EU ETS also have domestic mechanisms.
ETS_EU2,EU ETS2,ETS,Under development,EU27+,,,,,,,,,,,,,,,,,,,,,,,,,,,,,,,,,,"In July 2021, the European Commission proposed the “Fit for 55” package of reforms to align EU climate and energy policy with the objectives of the “European Green Deal”, most importantly the ambitious 2030 climate target of reducing net emissions to at least 55% below the 1990 level. The package included important amendments to the EU ETS framework, including a proposal to extend emissions trading to new sectors. These amendments were adopted in the first half of 2023 and are now in force. 
 
A new, separate emissions trading system (ETS 2) will be established for emissions from fuels used for combustion in buildings, road transport and additional sectors (mainly small industry not covered by the existing EU ETS). The ETS 2 will complement other policies of the European Green Deal in the covered sectors, helping Member States achieve their emission reduction targets under the “Effort Sharing Regulation” (Regulation (EU) 2018/842).   
 
The ETS 2 is based on the ‘cap-and-trade’ principle. It will cover emissions upstream, meaning the obligation to surrender allowances will fall on the fuel suppliers rather than end-consumers. The ETS 2 cap will be set to bring emissions down by 42% by 2030 compared to 2005 levels.  
 
The ETS 2 is due to become fully operational in 2027. As a first step, the monitoring and reporting of emissions from the covered sectors will start in 2025. To necessary rules were adopted in October 2023.  
  
A share of revenues from the ETS 2 will be used to support vulnerable households and micro-enterprises through a dedicated Social Climate Fund, created as part of the “Fit for 55” package. Member States will be required to use the remaining ETS 2 revenues for climate action and social measures.  ","Monitoring and reporting of emissions from sectors covered under the EU ETS 2 will start in 2025, with full operationalization scheduled for 2027",,,,
Tax_FI,Finland carbon tax,Carbon tax,Implemented,Finland,"45% of jurisdiction emissions, 0.0369% of global emissions",US$67 (€62),"84,2072","90,4442","85,1004","83,7375","99,98486304","66,8856","-0,205702125","US$1,375 million (2024) (€1,280 million)","1473,242063","1453,76","1663,76","1636,052419","2095,01913","1375,36","-0,066439905","CO2, CH4, N2O",No,Yes,Yes,Yes,No,Yes,Yes,No,No,No,Diesel; Other oil products; Gasoline; Kerosene; LPG; Natural gas; Jet fuel; Coal,Set price,Fixed price,Upstream,Not permitted,,,,,,
Tax_FR,France carbon tax,Carbon tax,Implemented,France,"41% of jurisdiction emissions, 0.2984% of global emissions",US$48 (€45),"48,77456","52,38716","49,29192","48,5025","47,94054","48,11448","-0,013533285","US$7,844 million (2024) (€7,300 million)","9306,18",9184,"9031,84","8027,25","8366,82","7843,85","-0,157135366",CO2,No,Yes,Yes,Yes,No,Yes,In principle,No,No,No,"Diesel, Other oil products; Gasoline, Kerosene, LPG, Natural gas, Coal",Set price,The price is set by the Government ,Upstream,Not permitted,,,,,,
ETS_CN_Fujian,Fujian pilot ETS,ETS,Implemented,Fujian,"16% of jurisdiction emissions, 0.0963% of global emissions",US$5 (RMB34),"1,280950437","1,246309767","1,825816192","4,65895028","3,746907523","4,727312751",3x,US$ million (2024) (RMB million),,,"0,193423598","0,186450285",,,,CO2,No,Yes,Yes,No,Yes,No,No,No,No,No,Diesel; Other oil products; Gasoline; Kerosene; LPG; Natural gas; Coal,"Free allocation (Grandfathering), Free allocation (Intensity-based)",None,Point Source,"Yes, with quantitative limit","The province of Fujian launched its ETS in September 2016. It covers around half of the province’s emissions and nearly 300 entities.

Covered entities must surrender allowances for all their covered emissions, and allocation is based predominantly on free allocation, using benchmarking or grandparenting based on production levels. Auctioning may take place when considered appropriate by the ETS authorities. The Fujian ETS pilot has a special focus on carbon sinks. In 2017, the Fujian government outlined a plan to promote forestry offset projects in the province. By the end of 2020, 2.8 million forestry offset credits had traded in the Fujian ETS.  ","In January 2024, the Department of Ecology and Environment of Fujian  Provincial (EEB) released the draft allocation plan for 2023. The draft plan is similar to the 2022 allocation plan, with slightly reduced benchmarks and changes to the base year for the grandparenting method. ","The scheme covers the petrochemical, chemical, building materials, iron and steel, nonferrous metals, paper, aviation, and ceramics sectors. Electricity production was covered until 2019, after which it transitioned to the Chinese national ETS. 
","Free allocation (Grandfathering), Free allocation (Intensity-based), Auctioning,
",Annual,The Fujian pilot ETS is to be merged into the national ETS under unified rules and a detailed transition plan is under development.
ETS_DE,Germany ETS,ETS,Implemented,Germany,"39% of jurisdiction emissions, 0.5021% of global emissions",US$49 (€45),,"29,365","33,156","32,625","48,3705","48,546","0,653192576","US$13,933 million (2024) (€12,967 million)",,,"8537,207956","6675,073102","11670,20513","13933,16874","0,632052166",CO2,No,In principle,Yes,Yes,No,Yes,Yes,No,Yes,No,Diesel; Other oil products; Gasoline; Kerosene; LPG; Natural gas; Coal,Set price,Fixed price,Upstream,Not permitted,"Germany launched its national ETS (Nationales Emissionshandelssystem) for heating and transport fuels in 2021. With the introduction of the ETS, a wide range of sectors in Germany are now subject to a carbon price.  
 
The national ETS complements the EU ETS by covering all fuel emissions not covered by the bloc’s system. It is being phased in gradually, with an increasing fixed price per tCO2 from 2021 to 2025. 

During the fixed price and price corridor phases, the cap is flexible. Covered entities must surrender allowances for all their covered emissions, and allocation is based on auctions or free allocation. 
 
The national ETS was established through the 2019 “Fuel Emissions Trading Act” 2019, which was amended in 2020, 2022 and again in 2023. 
","A law was passed by the German parliament in February 2025 which will transition the Germany ETS (nETS) into the EU ETS2, when it comes into effect in 2027. The waste sector, added in 2024, will remain in the nETS until its conclusion in December 2026","All main fuel types (gasoline, diesel, heating oil, natural and liquid gases) have been covered from the outset, while other fuels such as coal and the incineration of waste will gradually be phased in by the end of 2024.

 Emissions from biogenic fuels that meet the sustainability criteria as set out in national regulations transposing the “European Renewable Energy Directives 2029/28/EC” and “2018/2001” do not face compliance obligations. 

The system started with a limited scope in 2021 and 2022, including fuel oil, LPG, natural gas, gasoline, and diesel. Coal was added in 2023. Fuels used in waste incineration are covered from 2024 onwards. ",Set price,Annual,"The German national ETS is not linked with any other system. Emissions from facilities covered by the EU ETS are exempt.
"
Tax_MX_Guanajuato,Guanajuato carbon tax,Carbon tax,Implemented,Guanajuato,"40% of jurisdiction emissions, 0.0185% of global emissions",US$5 (MXN100),,,,,"2,716193948","4,911904984","0,808377854",US$2 million (2024) (MXN34 million),,,,,"1,050432428","1,831731893","0,74378841","CO2, CH4, N2O, HFCs, PFCs, other",Yes,Yes,Yes,No,No,Yes,Yes,No,No,No,Diesel; Other oil products; Gasoline; Kerosene; LPG; Natural gas; Jet fuel; Coal,Set price,Exemption for the first 35 tCO2e emitted ,Point source,,,,,,,
ETS_CN_Guangdong,Guangdong pilot ETS,ETS,Implemented,Guangdong (except Shenzhen),"12% of jurisdiction emissions, 0.1775% of global emissions",US$5 (RMB39),"4,131417069","5,715677025","12,51022205","12,34185048","8,939504927","5,406967145","0,308743962",US$ million (2024) (RMB million),,"1,597055076",,"121,6401659",,,,CO2,No,Yes,Yes,No,Yes,No,No,No,No,No,Diesel; Other oil products; Gasoline; Kerosene; LPG; Natural gas; Jet fuel; Coal,"Free allocation (Grandfathering), Free allocation (Intensity-based), Auctioning",None,Point Source,"Yes, with quantitative limit","The Guangdong ETS was launched in December 2013. It covers around 40% of the province’s emissions. It covers emissions from 200 entities in the cement, steel, petrochemicals, paper, and domestic aviation sectors. Covered entities must surrender allowances for all their covered emissions. Since its launch, its scope has expanded to include ceramics, textiles, and data centres. The ETS has an absolute cap that is announced annually.","In January 2024, the Department of Ecology and Environment of Guangdong Ecology and Environment BureauProvince (GDEEEEB) released the 2023 allocation plan, expanding coverage to ceramics production, ports, and data centers. According to the allocation plan, 222 new entities from these three sectors are covered from 2023. The Guangdong ETS also covers airports and textile companies above the threshold, though on a voluntary basis. 

In August, the Guangdong EEB released a work notice to freeze the allowance for power, steel, cement sectors, to ensure a smooth transition from Guangdong ETS to the national ETS. These sectors cannot trade allowances before Guangdong EEB releases a transition plan for these allowances in the 2024 allocation plan",The Guangdong pilot ETS applies to CO2 emissions from the industry and domestic aviation sectors.,"Free allocation (Grandfathering), Free allocation (Intensity-based), Auctioning",Annual,Coverage of power sector emissions was transferred to the the Chinese national ETS. 
Tax_US_HI,Hawaii carbon tax,Carbon tax,Under consideration,Hawaii,,,,,,,,,,,,,,,,,,,,,,,,,,,,,,,,,,,,,,,
ETS_CN_Hubei,Hubei pilot ETS,ETS,Implemented,Hubei,"20% of jurisdiction emissions, 0.1449% of global emissions",US$5 (RMB38),"3,566954294","4,41154092","7,240359816","6,962218825","5,618288115","5,272136921","0,478050036",US$ million (2024) (RMB million),"17,93579121","6,984284298","13,23017408","12,93070016","6,473561699",,"-0,639070191","CO2, CH4, N2O, HFCs, SF6, PFCs",No,Yes,Yes,No,No,No,No,No,No,No,Diesel; Other oil products; Gasoline; Kerosene; LPG; Natural gas; Coal,"Free allocation (Grandfathering), Free allocation (Intensity-based), Auctioning","None (ad-hoc auctions, market adjustment factor)",Point Source,"Yes, with quantitative limit",The Hubei pilot ETS has the most active market among the Chinese ETS pilots consisting of both spot and forward trades. The cap-and-trade system is a key instrument in achieving the province's GHG emission reduction target by turning carbon emissions into a resource and giving it a value by establishing resource scarcity through a cap on emissions. The total amount of emission allowances is determined through a combined top-down and bottom-up approach based on reported emission data.,"In November 2024, the Hubei EEB released the 2023 allocation plan, which applies similar allocation methods as the 2022 plan. 
The allocation method of plate glass is changed from  historical intensity method to benchmarking. ","Hubei does not pre-define which sectors are covered under its ETS; rather, it sets a threshold which applies to all industrial sectors. Sub-sectors with entities above the threshold are then covered.  

Sectors currently covered include heat supply, iron and steel, nonferrous metals, petrochemicals, chemicals, textiles, cement, glass and other building materials, pulp and paper, ceramics, automobile manufacturing, equipment manufacturing, food and beverages, medicine producers, and water supply.  power generation was covered until 2019 when it was integrated into the national Chinese ETS.","Free allocation (Grandfathering), Free allocation (Intensity-based), Auctioning,",Annual,The Hubei pilot ETS is to be merged into the national ETS under unified rules and a detailed transition plan is under development.
Tax_HU,Hungary carbon tax,Carbon tax,Implemented,Hungary,"32% of jurisdiction emissions, 0.0368% of global emissions",US$39 (€36),,,,,"38,6964","38,8368","0,003628244",US$182 million (2024) (€170 million),,,,,"115,3911504","182,381332","0,580548693","CO2, N2O, HFCs, SF6, PFCs",Yes,Yes,Yes,Yes,Yes,No,No,No,No,No,"Diesel, Gasoline, Other oil products (crude oil, etc.), Kerosene, LPG, Natural Gas, Jet fuel, Coal ",,Fixed price,Point source,Not permitted,,,,,,
Tax_IS,Iceland carbon tax,Carbon tax,Implemented,Iceland,"37% of jurisdiction emissions, 0.0029% of global emissions","US$60 (ISK8,000)","30,74379989","35,36209385","35,61275839","36,10866608","36,50816385","60,06006006","0,953566582","US$54 million (2024) (ISK7,515 million)","48,4858514","47,92626728","50,06075334","54,87235367","55,05984766","54,22860442","0,118441831","CO2, HFCs, PFCs",Yes,Yes,Yes,Yes,In principle,Yes,Yes,No,No,No,Diesel; Other oil products; Gasoline; Kerosene; LPG; Natural gas,Set price,Set price,Upstream,Not permitted,,,,,,
ETS_IN,India ETS,ETS,Under development,India,,,,,,,,,,,,,,,,,,,,,,,,,,,,,,,,,,"The government of India introduced an amendment to the “Energy Conservation Act, 2001”, providing a legal basis for the establishment of a Carbon Credit Trading Scheme (CCTS) and issuance of carbon credit certificates. The amendment bill, incorporating these provisions, was passed in the Lower House (Lok Sabha) in August 2022, adopted, and subsequently passed in the Upper House (Rajya Sabha) in December 2022. The amendment bill provides the legal basis to establish a domestic carbon market (ICM) and grants the power to issue carbon credit certificates (CCCs) for the reduction of emissions.  
 
Following passage of the amendment, the government began work on the institutional and regulatory framework for the CCTS. The draft notification was published for stakeholder consultation in March 2023. Based on received comments, the notification was revised and officially issued in June 2023. 

Under the compliance mechanism, obligated entities will receive an annual emissions intensity target covering a three-year period, denominated in tCO2e per unit of product. New emissions intensity targets will be announced every three years to enable longer-term planning for covered entities. If an obligated entity overachieves its emissions intensity target, it can earn CCCs based on the difference between the achieved and the targeted emissions intensity. Entities that fail to achieve their targets will have to surrender/purchase a corresponding number of CCCs to ensure compliance and this will be achieved by facilitating trading among the obligated entities on a registry/trading platform. In this way the scheme will operate as a baseline-and-credit emissions trading scheme. 
 
The CCTS scope will include both direct emissions from fuel combustion and industrial processes, as well as indirect emissions from electricity and heat consumption. It will cover CO2, and perfluorocarbons (PFCs).  
 
The CCTS will be based on the existing Perform, Achieve and Trade (PAT) scheme – a mandatory energy efficiency scheme covering more than 1,000 entities from 13 energy-intensive sectors – that should be gradually transitioned into a compliance carbon market.

It is expected that a phased transition from the current PAT scheme to the compliance mechanism under CCTS will begin in 2024. The compliance mechanism will be jointly managed by the Ministry of Power, the Ministry of Environment, Forests and Climate Change, and the Bureau of Energy Efficiency (BEE). 
 
In December 2023, the government amended the CCTS notification, introducing provisions for the offset mechanism to support non-obligated entities and promote mitigation efforts, encompassing  a comprehensive approach for GHG reduction. The government is actively working to operationalize both the compliance and offset mechanisms. ","In July 2024, India's government adopted regulations for the Carbon Credit Trading Scheme (CCTS), clarifying that it will take the form of an intensity-based trading system covering nine sectors",,Baselines (intensity),,
Tax_ID,Indonesia carbon tax,Carbon tax,Under development,Indonesia,,,,,,,,,,,,,,,,,,,,,,,,,,,,,,,,,,,,,,,
ETS_ID,Indonesia ETS,ETS,Implemented,Indonesia,"24% of jurisdiction emissions, 0.5436% of global emissions","US$1 (IDR12,000)",,,,,"0,612165181","0,724375226","0,183300273",US$ million (2024) (IDR million),,,,,,,,"CO2, CH4, N2O",Yes,No,No,No,No,No,No,No,No,No,Coal,Free allocation (Intensity-based),None,Point Source,"Yes, with quantitative limit","Indonesia’s Economic Value of Carbon, or Nilai Ekonomi Karbon (NEK), Trading Scheme is a mandatory, intensity-based, baseline-and-credit ETS for the power sector launched in early 2023. In its first phase spanning from 2023 to 2024, it exclusively targets coal-fired power plants connected to the Perusahaan Listrik Negara (PLN) grid with a capacity of 25 MW or more. For 2023, the ETS covered 99 coal-fired power plants, estimated to represent around 81.4 % of the country’s power generation capacity.

Covered entities are required to surrender allowances corresponding to all their covered emissions, with allocation based on PTBAE (intensity targets), emission intensity, and emission average. Additionally, entities have the option to purchase allowances via auctions.  ","The scope of Indonesia's ETS was expanded to include an additional 47 coal-fired power plants. From 2025 onwards, additional power plants will join the ETS
","Initially, coal-fired power generation facilities with a production capacity exceeding 100 MW are included. However, smaller coal and fossil fuel plants may be incorporated at a later point.

The Ministry of Environment and Forestry (MoEF) has indicated that the government plans to implement emission caps for four additional sectors in the future: forestry, industrial processes and product use, agriculture, and waste management. 
",,,"The Economic Value of Carbon NEK Trading Scheme is not linked with any other system. 
"
Tax_IE,Ireland carbon tax,Carbon tax,Implemented,Ireland,"34% of jurisdiction emissions, 0.0371% of global emissions",US$69 (€64),"28,5216403","39,67853261","45,69004849","53,18511109","52,56889739","68,5038","1,401818384","US$1,111 million (2024) (€1,034 million)","499,356",,"582,316","824,6175","1015,971","1111,033","1,224931712",CO2,Yes,Yes,Yes,Yes,No,Yes,Yes,No,No,No,"Diesel, Other oil products, Gasoline, Kerosene, LPG, Natural gas, Coal",Set price,Set price trajectory - Rates of carbon taxation are set by the Government and increases each year based on a pre-determined trajectory up to 2030.,Upstream,Not permitted,,,,,,
Tax_IL,Israel carbon tax,Carbon tax,Implemented,Israel,"78% of jurisdiction emissions, 0.1172% of global emissions",US$2 (ILS6),,,,,,"1,511470985",,US$0 million (2024) (ILS0 million),,,,,,,,CO2,Yes,Yes,Yes,No,No,Yes,Yes,No,No,No,"Coal; Natural gas; LPG, Fuel Oil 1% sulfur; Fuel Oil 0.5% sulfur, Petroleum Coke.

Regarding Diesel and Gasoline, both will not be taxed further and the carbon tax will replace a share of the existing excise tax.",Set price with exemptions mentioned above,Set price trajectory adjusted with inflation, Upstream,,,,,,,
Tax_MX_JA,Jalisco carbon tax,Carbon tax,Under consideration,Jalisco,,,,,,,,,,,,,,,,,,,,,,,,,,,,,,,,,,,,,,,
Tax_JP,Japan carbon tax,Carbon tax,Implemented,Japan,"80% of jurisdiction emissions, 1.5724% of global emissions",US$2 (JPY289),"2,496382603","2,424053077","2,197715552","2,011993111","1,905075808","1,929238985","-0,227186176","US$1,452 million (2024) (JPY234,000 million)","2423,318551","2432,909277","1980,376271","1617,884983","1541,503313","1451,883105","-0,400869892","CO2, CH4, N2O, HFCs, SF6, PFCs, Other",Yes,Yes,Yes,Yes,No,Yes,No,No,No,No,Diesel; Other oil products; Gasoline; Kerosene; LPG; Natural gas; Coal,Set price,Set price,Upstream,Not permitted,,,,,,
ETS_JP,Japan ETS,ETS,Under development,Japan,,,,,,,,,,,,,,,,,,,,,,,,,,,,,,,,,,"Japan combines several carbon pricing instruments to help meet net zero by 2050: an existing carbon tax, a voluntary emission trading system named “GX-ETS”, and a carbon levy to be introduced from 2028. Plans for this are outlined in the Basic Plan for the “Green Transformation (GX) Policy”, Japan’s ten-year decarbonization strategy. 
The GX-ETS started as a voluntary baseline-and-credit system in 2023. Almost 570 companies, making up more than 50% of national emissions, participate. Under the GX-ETS, J-Credits (see below) are traded on the Tokyo Stock Exchange. 
 
The GX-ETS is expected to transition to a mandatory ETS from 2026 after its first compliance deadline. Upper and lower price limits are planned to be introduced. From 2033, auctioning is anticipated to be introduced for high-emitting entities in the power sector. Separately, a carbon levy is anticipated to be introduced from 2028 on fossil fuel importers. 

Japan is actively participating in international carbon markets. Its Joint Crediting Mechanism (JCM) is a bilateral scheme to incentivize decarbonizing technologies and mitigation actions in 28 partner countries.  JCM credits will also be eligible for use in the GX-ETS. Separately, over 100 countries and organizations have joined Japan’s global capacity-building initiative, the Article 6 Implementation Partnership. ","Japan's GX-ETS is currently a voluntary baseline-and-credit system with more than 700 companies participating. From FY2026 onwards, the GX-ETS will transition to a mandatory ETS.",,,,
ETS_KZ,Kazakhstan ETS,ETS,Implemented,Kazakhstan,"43% of jurisdiction emissions, 0.2601% of global emissions",US$1 (KZT470),"1,112451318","1,176775165","1,08082606","1,115760112","1,059208169","0,931726271","-0,16245659",US$ million (2024) (KZT million),,,,,,,,CO2,Yes,Yes,Yes,No,No,No,No,No,No,No,Diesel; Other oil products; Gasoline; Kerosene; LPG; Natural gas; Coal,Free allocation (Intensity-based),None (auctions planned but not implemented),Point Source,"Yes, unlimited","Kazakhstan launched its ETS (KAZ ETS) in January 2013. It covers installations in the power, centralized heating, extracting industries, and manufacturing sectors. Facilities emitting more than 20,000 tCO2/year are covered. Covered entities must surrender one allowance per tCO2e emitted for all their covered emissions. 
",Work is underway to introduce auctioning under the scheme.,The Kazakhstan ETS applies to CO2 emissions from the power sector and centralized heating as well as certain industry sectors.,Free allocation (Intensity-based),Annual ,The Kazakhstan ETS is not linked with any other system. 
Tax_KE,Kenya carbon tax,Carbon tax,Under consideration,Kenya,,,,,,,,,,,,,,,,,,,,,,,,,,,,,,,,,,,,,,,
ETS_KR,Korea ETS,ETS,Implemented,"Korea, Rep.","79% of jurisdiction emissions, 0.9753% of global emissions","US$6 (KRW9,490)","32,78688525","15,89263641","18,74948377","11,23638595","6,302427437","6,453148375","-0,803178975","US$134 million (2024) (KRW185,859 million)","200,994271","207,1671439","260,9862157","243,9323242","64,12266149","134,4467701","-0,331091531","CO2, CH4, N2O, HFCs, PFCs, SF6",Yes,Yes,Yes,Yes,Yes,Yes,No,No,Yes,No,Diesel; Other oil products; Gasoline; Kerosene; LPG; Natural gas; Coal,"Free allocation (Intensity-based), Auctioning",None (market stabilization measures),Point Source,"Yes, with quantitative limit","The Republic of Korea launched its national ETS (Korea ETS) in 2015, the first national cap-and-trade system in operation in East Asia. The total amount of emission allowances is determined top-down. Covered entities must surrender allowances for all their covered emissions, and allocation is done via auctions or free distribution. At least 10% of allowances must be auctioned. Free allocation is provided for EITE sectors based on production cost and trade intensity benchmarks.","New rules entered into force in 2024 with the objective of increasing liquidity in the K-ETS. This included: Restrictions on the carryover of unused allowances, encouraging carbon price-linked financial products, introducing consignment trading and increasing financial institution participation, and annual adjustment of auction volume, as necessary. Further measures were introduced in September 2024 from the Ministry of Environment, including broadening to allow a wider group of financial institutions and individuals to participate, revising criteria for market stabilization measures, and tightening regulations for cancelling emissions allowances. A fourth ""Basic Plan for Emissions Trading System"" covering 2026 to 2035 was released in December 2024.","The Korea ETS applies to GHG emissions (CO2, CH4, N2O, PFCs, HFCs and SF6) from the industry, power, buildings, domestic aviation, public sector and waste sectors. ","Free allocation (Grandfathering), Free allocation (Intensity-based), Auctioning,",Annual,
Tax_LT,Latvia carbon Tax,Carbon tax,Implemented,Latvia,"2% of jurisdiction emissions, 0.0004% of global emissions",US$16 (€15),"9,8424","14,0952","16,578","16,3125","16,1235","16,182","0,644111192",US$8 million (2024) (€8 million),"9,402286907","4,76784","7,18982","7,88390625","8,214696","8,12322","-0,136037851",CO2,In principle,Yes,Yes,No,No,No,No,No,No,No,Diesel; Other oil products; Gasoline; Kerosene; LPG; Natural gas; Coal,Set price,Set price,Upstream,Not permitted,,,,,,
Tax_LI,Liechtenstein carbon tax,Carbon tax,Implemented,Liechtenstein,"72% of jurisdiction emissions, 0.0002% of global emissions",US$136 (Sfr120),"99,44064636","101,4745521","129,8560762","130,8115768","132,122213","136,0389978","0,368042172",US$9 million (2024) (Sfr8 million),"4,244922889","6,344012245","6,907361366","4,739938564","5,050224763","9,155570351","1,156828425",CO2,In principle,Yes,Yes,Yes,No,Yes,No,No,No,No,"Diesel, Other oil products, Gasoline, Kerosene, LPG, Natural gas, Coal",Set price,The price is set by the Government ,Upstream,"Yes, with quantitative limits",,,,,,
Tax_LU,Luxembourg carbon tax,Carbon tax,Implemented,Luxembourg,"72% of jurisdiction emissions, 0.0107% of global emissions",US$59 (€54),,"40,124336","43,345944","45,00075","49,907607","58,546476","0,459126352",US$303 million (2024) (€282 million),,,"259,19004","270,61215","294,675054","303,150834","0,169608346",CO2,No,Yes,Yes,Yes,No,Yes,No,No,No,No,"Diesel, Other oil products, Gasoline, Kerosene, LPG, Natural gas, Coal",Set price,Set price trajectory,Upstream,Not permitted,,,,,,
ETS_MY,Malaysia ETS,ETS,Under consideration,Malaysia,,,,,,,,,,,,,,,,,,,,,,,,,,,,,,,,,,"The Malaysian Ministry of Environment and Water (KASA) published the “National Guidance on International Voluntary Market Mechanisms” in September 2021, which indicates its intent to implement a domestic ETS.

The Malaysian government, in close cooperation with the World Bank, is conducting the Malaysia Partnership for Market Implementation (MY PMI). It is looking into the implementation of carbon pricing instruments such as a carbon tax and an ETS in Malaysia and is covering several key aspects such as policy and market design frameworks, national registry development, and alignment with international standards. It is expected to conclude in 2024.  
 
At the subnational level, in November 2023 the state of Sarawak passed a climate bill that includes provisions to introduce mandatory emissions thresholds for certain industrial emitters. According to Sarawak officials, covered entities will be required to report their annual emissions to the state regulator and to set themselves binding emissions thresholds. Entities that fail to do so will be subject to a carbon tax, the rate of which is still to be determined by the state Cabinet.  ",A draft bill establishing the framework for a domestic ETS in Malaysia is expected to be introduced to parliament in 2025,,,,
Tax_MY,Malaysia carbon tax,Carbon tax,Under development,Malaysia,,,,,,,,,,,,,,,,,,,,,,,,,,,,,,,,,,,,,,,
ETS_US_Maryland,Maryland ETS,ETS,Under consideration,Maryland,,,,,,,,,,,,,,,,,,,,,,,,,,,,,,,,,,"In December 2023, Maryland’s Climate Pollution Reduction Plan was published, describing how economy-wide policies, such as a cap-and-invest program, could be necessary for Maryland to achieve its emissions reduction goals. Maryland’s power sector is currently regulated by the Regional Greenhouse Gas Initiative (RGGI), but the 2023 plan includes direction for the state to consider expanding to an economy-wide cap-and-invest program. It cites potential for additional revenues to be invested in clean energy projects, consumer rebates, and other decarbonization programs. In 2024, the Maryland Department of the Environment (MDE) is exploring how this coverage of additional emission sources could work. 
 
In June 2023, the economy-wide cap-and-invest program was proposed by MDE and the University of Maryland’s Center for Global Sustainability as a supportive policy to achieve Maryland’s 2031 target of a 60% reduction in GHG emissions from 2006 levels. The proposal anticipated the program achieving 4.8 MtCO2e of emissions reductions by 2031. ","The Maryland Commission on Climate Change has recommended that the Maryland General Assembly authorize a study into a potential cap-and-invest program, and a reporting rule for major emitters beginning in 2027",,,,
ETS_US_MA,Massachusetts ETS,ETS,Implemented,Massachusetts,"9% of jurisdiction emissions, 0.0106% of global emissions",US$9 (US$9),"8,198567","6,5","0,5","12,05","2,25","9,3","0,134344575",US$19 million (2024) (US$19 million),"8,41975666","15,77973875","44,25823375","53,7654864","41,42299035","19,24632685","1,285853099",CO2,Yes,No,No,No,No,No,No,No,No,No,Diesel; Other oil products; Gasoline; Kerosene; LPG; Natural gas; Coal,Auctioning,None (state-level quarterly auctions),Point Source,Not permitted,"The ETS, called the Massachusetts Limits on Emissions from Electricity Generators (regulation “310 CMR 7.74”), began operating in 2018. It covers around 8% of the state’s CO2 emissions, all from the power sector. Under this regulation, covered entities must surrender allowances for all of their covered emissions. 
 
Since 2021, 100% of allowances have been allocated in quarterly auctions. Since 2022, future vintage allowances have also been sold in the regular auctions.
 ",In 2024 Massachussetts Department of Environmental Protection (MasDEP) opened a proposal to increase the minimum auction reserve price from its current level of $0.50.,The Massachusetts ETS applies to CO2 emissions from the power sector.,Auctioning,Annual,"The program complements the Regional Greenhous Gas Initiative (RGGI): electricity generators in the state must comply (i.e., hold and surrender allowances) with both RGGI and the Massachusetts program. "
Tax_MR,Mauritania carbon tax,Carbon tax,Under consideration,Mauritania,,,,,,,,,,,,,,,,,,,,,,,,,,,,,,,,,,,,,,,
Tax_MX,Mexico carbon tax,Carbon tax,Implemented,Mexico,"29% of jurisdiction emissions, 0.3899% of global emissions",US$4 (MXN80),"2,334344628","2,890222937","3,196554986","3,789652385","4,305144789","3,942786131","0,689033438","US$411 million (2024) (MXN7,552 million)","270,140702","206,0260086","311,4768825","211,2679512","460,2936542","410,6483521","0,520127656",CO2 ,Yes,Yes,Yes,Yes,Yes,Yes,Yes,No,No,No,"Coal; Diesel; Gasoline; Kerosene; Other oil products (fuel oil, coke, crude oil, etc); LPG; Jet fuel",Set price,The price is set by the Government ,Upstream,"Yes, unlimited",,,,,,
ETS_MX,Mexico ETS,ETS,Implemented,Mexico,"36% of jurisdiction emissions, 0.4840% of global emissions",US$0 (MXN0),,,,,,,,US$ million (2024) (MXN million),,,,,,,,CO2,Yes,Yes,Yes,No,No,No,No,No,No,No,Diesel; Other oil products; Gasoline; Kerosene; LPG; Natural gas; Coal,Free allocation (Grandfathering),None,Point Source,"Yes, with quantitative limit","The Mexico ETS, the first in Latin America, started in January 2020. It covers direct CO2 emissions from fixed sources in the energy and industry sectors emitting at least 100,000 tCO2 per year, representing around 40% of national GHG emissions and 90% of emissions reported in the National Emissions Registry (RENE).  Under the Mexico ETS, participating entities must surrender allowances for all of their covered emissions. Allowances are allocated through grandparenting based on historical emissions, which are verified annually.

The Mexican ETS started with a Pilot Program with two phases: a pilot phase between 2020 and 2021, and a transition phase in 2022.","SEMARNAT prepared a draft regulation, and met with industry stakeholders to understand their opinion on the next phase of the Mexico ETS.","Installations in the power and industry sectors with annual direct emissions from stationary sources of at least 100,000 tCO2. 
",Free allocation (Grandfathering),Annual ,"The Mexico ETS is not linked with any other system, though the General Law of Climate Change provides for linkages with other systems. 
Various cooperation activities have taken place in recent years. Mexico signed a Memorandum of Understanding with California in 2014 and with Québec in 2015 that includes cooperation on emissions trading. In August 2016, Mexico, Québec, and Ontario issued a joint declaration on carbon markets collaboration. Additionally, in December 2017, Mexico – together with four countries and seven subnational governments – issued the Paris Declaration on Carbon Pricing in the Americas for carbon pricing implementation, which creates a platform for cooperation in the region."
Tax_MX_MC,Mexico City carbon tax,Carbon tax,Implemented,Mexico City,"18% of jurisdiction emissions, 0.0074% of global emissions",US$3 (MXN58),,,,,,"2,848904891",,US$0 million (2024) (MXN0 million),,,,,,,,"CO2, CH4, and N2O",Yes,Yes,Yes,No,No,Yes,Yes,No,No,No,,Set price,Introductory set price,Point source,Not permitted,,,,,,
ETS_MO,Montenegro ETS,ETS,Implemented,Montenegro,"43% of jurisdiction emissions, 0.0001% of global emissions",US$26 (€24),,,,,"25,7976","25,8912","0,003628244",US$14 million (2024) (€13 million),,,,,"10,061916","13,80456606","0,371961966",CO2,Yes,Yes,Yes,No,No,No,No,No,No,No,Diesel; Gasoline; Kerosene; LPG; Natural gas; Coal,"Free allocation (Grandfathering), Free allocation (Fixed Benchmarking), Auctioning","None (about 19% auctions, min price around EUR 24)",Point Source,Not permitted,"The “Decree on Activities for which a GHG Permit is Issued” (ETS Decree), was adopted in February 2020. This regulation establishes a national ETS covering emissions from the industrial and power sectors. It includes provisions for banking allowances, a minimum reserve price of EUR 24 (USD 26.08), and a linear reduction factor for the emissions cap of 1.5% annually in the period from 2020 to 2030.  
  
The ETS formally began operations in February 2020 and applies to three installations: the Pljevlja coal plant, the KAP aluminium plant, and the Tosčelik steel mill. Covered entities must surrender allowances for all their covered emissions, and allocation is based on auctions or free allocation. They received 100% of their allowances for free in 2020 and 2021. For 2022, 64% of all allowances were auctioned. ","The operation of the Montenegro ETS was negatively affected by several changes of government in the past two years, which caused major delays in the adoption of the yearly allocation plan. In addition, two of the three covered installations shut down their operations in 2022 in response to rapidly rising energy prices. This is still the case as of January 2024, leaving the Pljevlja coal plant as the only operational covered entity.  
 
The Montenegro government set up a working group in mid-2022 to review the country’s climate legislation, including the ETS. This work was concluded in December 2024 and sent to the Legislative Secretariat for its opinion.","Industries listed under Appendix 1 of the “ETS Decree must participate in the system. These include power plants, oil refineries, coke production, the production or processing of iron and steel, non-ferrous metals, cement clinker, glass, ceramic products, and paper (pulp). As of 2023, 3 entities were covered by the scheme, with only 1 entity continuing operations. ","Free allocation (Grandfathering), Free allocation (Intensity-based), Auctioning",Annual,Montenegro has been an EU candidate country since 2010. It is required to bring its environmental and climate policy in line with the EU as part of accession talks that began in late 2018. Having an established national ETS helps to ensure that Montenegro has the climate policy framework in place to take part in the EU ETS should it join the EU. 
Tax_MX_MO,Morelos carbon tax,Carbon tax,Implemented,Morelos,"31% of jurisdiction emissions, 0.0034% of global emissions",US$12 (MXN250),,,,,,"12,27976246",,US$0 million (2024) (MXN0 million),,,,,,,,"CH4, N2O, HFCs, SF6, PFCs",Yes,Yes,Yes,No,No,Yes,Yes,No,No,No,,Set price,Introductory set price,Point source,,,,,,,
Tax_MA,Morocco carbon tax,Carbon tax,Under consideration,Morocco,,,,,,,,,,,,,,,,,,,,,,,,,,,,,,,,,,,,,,,
Tax_NL,Netherlands carbon tax,Carbon tax,Implemented,Netherlands,"45% of jurisdiction emissions, 0.1281% of global emissions",US$95 (€88),,"35,238","46,1421","60,83475","71,48085","94,82652","1,691030138",US$0 million (2024) (€0 million),,,,,,,,"CO2, N2O",Yes,Yes,Yes,No,No,No,No,No,No,No,"Diesel, Other oil products, Gasoline, Kerosene, LPG, Natural gas, Waste as fuel, Jet fuel, Coal",Set price,Set price trajectory,Point source,Not permitted,,,,,,
Tax_CA_NB,New Brunswick carbon tax,Carbon tax,Abolished,New Brunswick,,,"21,10149821","31,8344608","39,96163683","48,03073967",,,,,,"91,20927502","99,84670002","124,1657613",,,,,,,,,,,,,,,,,,,,,,,,,
ETS_CA_NB,New Brunswick OBPS,ETS,Implemented,New Brunswick,"54% of jurisdiction emissions, 0.0122% of global emissions",US$66 (CAN$95),,,"39,96163683","48,03073967","58,94488653","66,21131865","0,656872038",US$0 million (2024) (CAN$0 million),,,,,,,,"CO2, CH4, N2O, SF6, HFCs, PFCs",Yes,Yes,Yes,No,No,No,No,No,No,No,Diesel; Other oil products; Gasoline; Kerosene; LPG; Natural gas; Coal,Free allocation (Intensity-based),None (set carbon price path),Point Source,Not permitted,"New Brunswick transitioned large industrial emitters from the federal output-based pricing system (OBPS) to a provincial OBPS from January 2021. It is an intensity-based ETS in which each covered entity must surrender compliance units for emissions that exceed the facility’s annual emissions limit. The annual emissions limits are based on emissions intensity benchmarks, which are derived from historical emissions data. The system applies to the same sectors and gases as the federal system, and follows the same price trajectory, rising CAD 15 (USD 11.11) each year until 2030, resulting in a price of CAD 170 (USD 125.93) per tCO2e in 2030.   
","A list of projects awarded funding from the Climate Change Fund were announced in 2024
"," Coverage is mandatory for facilities with emissions exceeding 50,000 tCO2e/year. Smaller emitters (exceeding 10,000 tCO2e/year) may also be covered by the system, on an opt-in basis.",Baselines (Intensity-based),Annual,"The New Brunswick OBPS is not linked with any other system. However, covered facilities can become eligible for certain exemptions from the Canada federal fuel charge.  
"
ETS_US_NJ,New Jersey ETS,ETS,Under consideration,New Jersey,,,,,,,,,,,,,,,,,,,,,,,,,,,,,,,,,,,,,,,
ETS_US_NY,New York State ETS,ETS,Under development,New York State,,,,,,,,,,,,,,,,,,,,,,,,,,,,,,,,,,,,,,,
Tax_NZ,New Zealand carbon tax,Carbon tax,Under consideration,New Zealand,,,,,,,,,,,,,,,,,,,,,,,,,,,,,,,,,,,,,,,
ETS_NZ,New Zealand ETS,ETS,Implemented,New Zealand,"44% of jurisdiction emissions, 0.0700% of global emissions",US$32 (NZ$56),"14,304","25,75989","52,6224","34,19875","35,105","32,007124","1,237634508",US$293 million (2024) (NZ$481 million),"281,6064631","149,2341828","1664,77979","1280,882844","21,09215396","293,3856903","0,041828682","CO2, CH4, N2O, HFCs, SF6, PFCs",Yes,Yes,Yes,Yes,Yes,Yes,Yes,No,Yes,Yes,Diesel; Other oil products; Gasoline; Kerosene; LPG; Natural gas; Jet fuel; Coal,"Free allocation (Intensity-based), Auctioning",Auction floor + cost containment reserve,Upstream + point source,No,"The New Zealand Emissions Trading Scheme (NZ ETS) was launched in 2008 and covers roughly half of the country's emissions. Covered entities must surrender allowances for all their reported emissions.  

The NZ ETS was originally designed to operate without a specific hard domestic cap as this accommodated carbon sequestration from forestry activities and a full link to the international Kyoto Protocol carbon markets, but in 2015 the allowance supply was restricted to NZUs. The NZ ETS was originally conceived as a nested system under the Kyoto Protocol, with full links to international carbon markets. However, as of June 1 2015, the NZ ETS became a domestic-only system. In 2024, the cap is 27.9 MtCO2e. 

Extensive legislative reforms of the NZ ETS were implemented in 2020.","In 2024 legislation to include agricultural emissions in the NZ ETS was repealed, and the government instead plans to price agricultural emissions through a different mechanism no later than 2030. A report on the latest science related to biogenic methane was delivered to ministers in December 2024, for consideration by the Climate Change Commission in 2025. The cap was reduced from 27.9 million in 2024 to 19.1 million in 2025. The auction reserve price floor for 2025 is set at NZD 69, with a first CCR trigger price of NZD 193.","The NZ ETS applies to GHG emissions (CO2, CH4, N2O, SF6, HFCs and PFCs) from the industry, power, waste, transport and forestry sectors and includes industrial process emissions. The agriculture sector needs to report its emissions but has no allowance surrendering obligations.","Free allocation (Intensity-based), Auctioning  
",Annual,"The NZ ETS is not linked with any other system.  

Until June 2015, the NZ ETS was indirectly linked to other systems (e.g., the EU ETS) via the international Kyoto Protocol flexible mechanisms. Since then, the NZ ETS has been an exclusively domestic system. "
Tax_CA_NL,Newfoundland and Labrador carbon tax,Carbon tax,Abolished,Newfoundland and Labrador,,,"14,06766547","23,8758456","39,96163683","48,03073967",,,,,"44,26052571","42,81626064","79,26416008","84,86981996","26,43504532",,"-0,402739916",,,,,,,,,,,,,,,,,,,,,,
ETS_CA_NL,Newfoundland and Labrador PSS,ETS,Implemented,Newfoundland and Labrador,"36% of jurisdiction emissions, 0.0056% of global emissions",US$66 (CAN$95),,"23,8758456","39,96163683","48,03073967","58,94488653","66,21131865","1,773150729",US$0 million (2024) (CAN$1 million),,,"0,043375827","0,130249884","0,140332326","0,437765763",9x,"CO2, CH4, N2O, SF6, HFCs, PFCs",Yes,Yes,Yes,No,No,No,No,No,No,No,Diesel; Other oil products; Gasoline; Kerosene; LPG; Natural gas; Coal,Free allocation (Intensity-based),None (set carbon price path),Point Source,Not permitted,"Newfoundland and Labrador’s Performance Standards System (PSS) came into effect in 2019. It is an intensity-based ETS for large industrial emitters, in which each covered entity must surrender compliance units for emissions that exceed each facility’s annual emissions limit. Each facility’s annual emissions limit is based on a combination of historical emission intensity, actual production activity data, and an annually decreasing reduction factor. Special provisions are in place for offshore petroleum facilities which must reduce emissions by an equivalent percentage in absolute terms (regardless of production). The system applies to the same sectors and GHGs as the federal Canadian system, and follows the same price trajectory, rising CAD 15 (USD 11.11) each year until 2030, resulting in a price of CAD 170 (USD 125) per tCO2e in 2030.  
","In line with the federal OBPS pricing trajectory, the 2024 price was CAD 80 (USD 58.42) per tCO2e and increased to CAD 95 (USD 69.38) per tCO2e in 2025 .","The mandatory inclusion threshold is set lower than in the Canadian federal system, applying to facilities in covered sectors with emissions exceeding 25,000 tCO2e/year and with a voluntary opt-in option for smaller emitters (emitting any amount greater than 15 tCO2e/year). 
",Baselines (Intensity-based),Annual,"The Newfoundland and Labrador PSS is not linked with any other system. However, covered facilities can become eligible for certain exemptions from the Canada federal fuel charge.  "
Tax_CA_NT,Northwest Territories carbon tax,Carbon tax,Abolished,Northwest Territories,,,"14,06766547","23,8758456","31,96930946","48,03073967","58,94488653",,3x,,"5,335283651","13,91253302","26,14168146","34,11551296","43,80664653","54,57733616",9x,,#N/A,#N/A,#N/A,#N/A,#N/A,#N/A,#N/A,#N/A,#N/A,#N/A,,,,,,,,,,,
Tax_NO,Norway carbon tax,Carbon tax,Implemented,Norway,"65% of jurisdiction emissions, 0.0696% of global emissions","US$134 (NOK1,405)","63,27639752","80,35284871","96,30561592","94,49089451","107,7835515","133,9204865","1,116436646","US$1,605 million (2024) (NOK17,080 million)","1659,323146","1558,32545","1746,083475","1897,208951","1466,781788","1605,429133","-0,032479516","CO2, N2O, CH4, HFCs, PFCs, SF6",In principle,Yes,Yes,Yes,Yes,Yes,Yes,No,Yes,No,Diesel; Other oil products; Gasoline; Kerosene; LPG; Natural gas; Waste as fuel; Jet fuel,Set price,The price is set yearly by the Norwegian Parliament. The government has also announced a plan to increase prices towards 2030. ,Upstream,Not permitted,,,,,,
ETS_CA_NS,Nova Scotia OBPS,ETS,Implemented,Nova Scotia,"36% of jurisdiction emissions, 0.0102% of global emissions",US$66 (CAN$95),,"19,65777955","23,09782609","20,8748984","58,94488653","66,21131865","2,368199267",US$13 million (2024) (CAN$18 million),,"21,09362017","36,1601133","40,36900512","25,74618622","13,0062665","-0,38340283","CO2, CH4, N2O, HFCs, SF6, PFCs, NF3",Yes,Yes,Yes,No,No,No,No,No,No,No,Diesel; Other oil products; Gasoline; Kerosene; LPG; Natural gas; Coal,Free allocation (Intensity-based),None (set carbon price path),Point Source,Not permitted,"The Nova Scotia Output-Based Pricing System for Industry (Nova Scotia OBPS) is part of the province’s approach to reduce GHG emissions from large industrial facilities. 
 
The Nova Scotia OBPS was approved by the Canadian federal government in November 2022 and began operating in 2023. It replaced Nova Scotia’s cap-and-trade program, which had been in place since 2019 but was officially phased out after the final compliance deadline in December 2023. 
   
Covered entities must surrender allowances (compliance units) for emissions that exceed the facility’s annual emissions limit. The annual emissions limit is based on an emissions intensity benchmark. If a facility’s emissions are below its limit, it earns performance credits (compliance units), which can be banked for future use or sold.  ",The Nova Scotia government released final regulations for performance standards and reporting in January 2024,"The Nova Scotia OBPS sets facility-level emissions-intensity standards (performance standards) for electricity generators and large industrial emitters. 

The Nova Scotia OBPS is mandatory for facilities with annual emissions equal to or more than 50,000 tCO2e. Other facilities under this threshold with annual emissions of  ≥10,000 tCO2e/year have the option to voluntarily join the system. If not, they would be subject to the Canada federal fuel charge. ",,Other,The Nova Scotia Cap-and-Trade program meets the federal carbon pricing requirements and the federal backstop is therefore not applied.
ETS_CA_Ontario,Ontario CaT,ETS,Abolished,Ontario,,,,,,,,,,,,,,,,,,,,,,,,,,,,,,,,,,,,,,,
ETS_CA_Ontario2,Ontario EPS,ETS,Implemented,Ontario,"26% of jurisdiction emissions, 0.0741% of global emissions",US$66 (CAN$95),,,"31,96930946","48,03073967","58,94488653","66,21131865","1,071090047",US$0 million (2024) (CAN$0 million),,,,,,,,"CO2, CH4, N2O, SF6, HFCs, PFCs, NF3",Yes,Yes,Yes,No,No,No,No,No,No,No,Diesel; Other oil products; Gasoline; Kerosene; LPG; Natural gas; Coal,Free allocation (Intensity-based),None (set carbon price path),Point Source,Not permitted,"Ontario’s Emissions Performance Standards (EPS) program came into effect in January 2022, replacing the federal output-based pricing system (OBPS) that was operational in Ontario from 2019 to 2021. It is an intensity-based ETS for large industrial emitters, in which each covered entity must surrender compliance units for emissions that exceed the facility’s annual emissions limit. The annual emissions limit is based on facility-specific, sectoral, or historical emissions benchmarks, depending on the facility. The system applies to the same sectors and gases as the federal OBPS.  

 

The federal fuel charge took effect in Ontario in 2019 and remains in effect, with the price rising CAD 15 (USD 11.11) each year until 2030, resulting in a price of CAD 170 (USD 125.93) per tCO2e in 2030.    ","Ontario continued to make amendments to the EPS and GHG Reporting Programs in 2024, including adding certain industrial activities, altering baseline emissions intensities, among others","The intended scope of emissions coverage is similar to the federal OBPS. It covers all greenhouse gas emissions from facilities that are engaged in covered industrial activities and with emissions exceeding 50,000 tCO2e/year. Smaller emitters may also be covered by the system, on an opt-in basis.",Baselines (Intensity-based),Annual,Allocation is determined in relation to annual emissions limits based on emissions intensity benchmarks.  
ETS_US_Oregon,Oregon ETS,ETS,Implemented,Oregon,"48% of jurisdiction emissions, 0.0466% of global emissions",US$0 (US$0),,,,,,,,US$ million (2024) (US$ million),,,,,,,,"CO2, CH4, N2O, SF6, HFCs, PFCs, NF3",No,Yes,Yes,Yes,No,Yes,Yes,No,Yes,No,Diesel; Gasoline; LPG; Natural gas,"Free allocation (some from second compliance), Auctioning","Auction floor + cost containment, plus “Community Climate Investment” credits",Mixed (upstream fuels + point sources),"Yes, with quantitative limit","Oregon’s Environmental Quality Commission (EQC) is taking steps to reinstate the Climate Protection Program (CPP) after its invalidation due to a ruling by the Oregon Court of Appeals in December 2023.   
 
Initially launched in 2022, the CPP aimed to reduce GHGs in the state and deliver benefits to Oregon communities. The CPP established a declining cap on regulated emissions for covered entities, which included natural gas utilities (referred to as ""local distribution companies"") and non-natural gas fuel suppliers. The cap for 2024 was set to cover ~40% of the state’s emissions, and planned to reduce each year, to reach 90% below 2017-2019 emissions levels by 2050. 
 
Covered entities were allocated yearly allowances based on their emissions. Additionally, the program permitted these companies to meet up to 10% of their emissions reduction obligations using compliance offset credits sourced from within Oregon, a threshold planned to increase to 20% over time. 
 

","Following a court ruling to invalidate the prior program, a revised program was adopted by Oregon's Environmental Quality Commission in November 2024, commencing in January 2025.",,,,
ETS_PK,Pakistan ETS,ETS,Under consideration,Pakistan,,,,,,,,,,,,,,,,,,,,,,,,,,,,,,,,,,"Pakistan is considering market-based climate policy instruments, including an ETS. The Ministry of Climate Change and Environmental Coordination (MoCC&EC) has received support from the UNFCCC and the World Bank in developing a MRV roadmap, establishing a domestic ETS framework, and in building a communication strategy for carbon pricing. The ongoing work on establishing a registry and MRV system has progressed to the implementation phase. 
 
Pakistan launched the National Committee on Establishment of Carbon Markets (NCEC) in December 2019, which coordinated ministerial activities on carbon pricing. Among other responsibilities, the one-year committee was tasked with assessing the role and scope of carbon markets in delivering Pakistan’s NDC and identifying opportunities for and challenges to improving emissions data. The NCEC reviewed existing carbon market designs, deliberated with national stakeholders, and coordinated information-sharing and capacity-building activities. The MoCC&EC is currently advancing the work in these areas under the World Bank’s PMI program where the initial mapping exercise has led to the implementation of activities contributing to four broad outcomes. The country will initiate work on: 1) domestic carbon pricing policy; 2) international carbon market to operationalize Article 6; 3) an MRV framework; and 4) knowledge management/capacity building under the current support in next five years. 
 
Besides a domestic ETS, Pakistan aims to launch credit-based trading mechanisms linked to international carbon markets, which would enable it to supply offset credits to partner countries. Policy guidelines are being drafted to provide a roadmap for carbon trading in international markets. This includes the guidelines for developing emission reduction projects and protocols for corresponding adjustment.",No significant recent developments.,,,,
Tax_PY,Paraguay carbon tax,Carbon tax,Under consideration,Paraguay,,,,,,,,,,,,,,,,,,,,,,,,,,,,,,,,,,,,,,,
ETS_US_PE,Pennsylvania ETS,ETS,Under consideration,Pennsylvania,,,,,,,,,,,,,,,,,,,,,,,,,,,,,,,,,,"In October 2019, Pennsylvania’s Governor Tom Wolf signed an executive order directing the state’s Department of Environmental Protection (DEP) to develop and present to the Environmental Quality Board (EQB) a proposal for an ETS covering CO2 emissions from the electric power sector and its linkage to the Regional Greenhouse Gas Initiative (RGGI).
  
In April 2022, the final regulation to establish an ETS in Pennsylvania and to participate in RGGI was published. It set a base cap of 78 million short tons (70.8 MtCO2) if Pennsylvania was a participating state of RGGI as of 1 January 2022. The cap decreases by 3% annually to 58.1 million short tons (52.7 MtCO2) in 2030.

The regulation includes the implementation of both emissions containment and cost containment reserves, as well as quarterly auctions to allocate allowances. It includes additional features such as set-aside accounts (accounts from which allowances may be transferred to the accounts of regulated units or retired on their behalf) for waste coal and cogeneration units (including combined heat and power systems), and a limited exemption for cogeneration units that supply less than 15% of their total energy to the electricity grid. 
","In September 2024, Pennsylvania's state senate approved SB1058 to repeal the regulation establishing an ETS (and participation in RGGI), but the bill is under consideration by the House of Representatives.",,,,
ETS_PH,Philippines ETS,ETS,Under consideration,Philippines,,,,,,,,,,,,,,,,,,,,,,,,,,,,,,,,,,,,,,,
Tax_PL,Poland carbon tax,Carbon tax,Implemented,Poland,"24% of jurisdiction emissions, 0.1649% of global emissions",US$0 (PLZ0),"0,071940534","0,078624328","0,076230406",,"0,084980879","0,09830298","0,366447745",US$7 million (2024) (PLZ27 million),,,,"6,623094432","1,257744445","6,864587248","0,036462234","CO2, CH4, N2O, HFCs, SF6, PFCs, Other",In principle,Yes,Yes,Yes,In principle,Yes,Yes,No,No,No,Diesel; Other oil products; Gasoline; Kerosene; Coal,Set price ,,Point source ,Not permitted,,,,,,
Tax_PT,Portugal carbon tax,Carbon tax,Implemented,Portugal,"40% of jurisdiction emissions, 0.0400% of global emissions",US$73 (€67),"13,79141638","27,81387335","26,17052003","25,75139389","25,45303292","72,700332",4x,"US$1,270 million (2024) (€1,182 million)","291,2832683","263,2","356,04464","467,2485",,"1270,231838",3x,CO2,No,No,No,No,No,No,No,No,No,No,Diesel; Other oil products; Gasoline; Kerosene; LPG; Natural gas; Jet fuel; Coal,"Set price, Rebates",,Upstream,Not permitted,,,,,,
Tax_CA_PE,Prince Edward Island carbon tax,Carbon tax,Abolished,Prince Edward Island,,,"21,10149821","23,8758456","23,9769821","36,94672283",,,,,"7,18250936","9,539184033","24,68936582","23,33734285","10,57401813",,"0,472189954",,,,,,,,,,,,,,,,,,,,,,
ETS_CA_Quebec,Quebec CaT,ETS,Implemented,Quebec,"76% of jurisdiction emissions, 0.1101% of global emissions",US$42 (US$42),"21,75201163","17,94","38,58","29,84","38,59","41,54","0,909708431","US$1,055 million (2024) (CAN$1,444 million)","739,6699768","506,232901","908,4183043","1038,356528","1072,012866","1054,886144","0,426157851","CO2, CH4, N2O, HFCs, PFCs, SF6, NF3",Yes,Yes,Yes,Yes,No,Yes,Yes,No,No,No,Diesel; Other oil products; Gasoline; Kerosene; LPG; Natural gas; Coal,"Free allocation (Intensity-based), Auctioning","Price floor, Market stability reserve",Mixed (point source + upstream fuels + electricity),"Yes, with quantitative limit","Québec’s Cap-and-Trade System started in 2013 and covers ~80% of the province’s GHG emissions. 
 
The system covers fuel combustion emissions in the power, buildings, transport, and industrial sectors, as well as industrial process emissions. Covered entities must surrender allowances for all their covered emissions. Most emission units are auctioned, with a portion freely allocated to emissions-intensive, trade-exposed (EITE) sectors and to electricity producers with fixed-price sales contracts concluded before the announcement of the system. 
 
Québec has been a member of the Western Climate Initiative (WCI) since 2008 and formally linked its system with California’s in 2014.  ","In 2024 Quebec worked to prepare draft regulations to refine its cap-and-trade program, expected to be published in 2025. Proposed amendments to the system include changing the supply of emissions units, adjusting offset credit limits, increasing reserve prices, modifying compliance periods to align with 2030 and 2050 targets. Quebec also released a statement in September 2024 to begin linkage agreement discussions with Washington and California.","The Quebec CaT applies to GHG emissions from the industry, power, transport and buildings sectors and includes industrial process emissions.","Free allocation (Intensity-based), Auctioning",Other,"The Quebec CaT has linked with the California CaT since 2014 under the Western Climate Initiative (WCI).

The Quebec Cap-and-Trade system meets the federal carbon pricing requirements and the federal backstop is therefore not applied."
Tax_MX_Queretaro,Queretaro carbon tax,Carbon tax,Implemented,Queretaro,"18% of jurisdiction emissions, 0.0068% of global emissions",US$33 (MXN668),,,,"32,20020508","36,69819464","32,78794815","0,018252774",US$15 million (2024) (MXN282 million),,,,,"16,28637122","15,33662866","-0,058315174","CO2, CH4, N2O, HFCs, SF6, PFCs, Other",No,Yes,Yes,No,No,Yes,Yes,No,No,No,,Set price,Set price,Point source,"Yes, with quantitative limits",,,,,,
ETS_RGGI,RGGI,ETS,Implemented,RGGI,"14% of jurisdiction emissions, 0.1670% of global emissions",US$23 (US$23),"5,13","8,69","13,89","15,3882476","17,64","23,32",4x,"US$1,456 million (2024) (US$1,456 million)","283,9890488","416,2655057","926,1725379","1193,619123","1264,941115","1456,170302",4x,CO2,Yes,No,No,No,No,No,No,No,No,No,Diesel; Other oil products; Gasoline; Kerosene; LPG; Natural gas; Coal,Auctioning,"Price floor, Emissions containment reserve, Cost containment reserve",Point Source,"Yes, with quantitative limit","The Regional Greenhouse Gas Initiative (RGGI) launched in 2009 and is the first mandatory GHG ETS in the United States. It started operating with ten states (Connecticut, Delaware, Maine, Maryland, Massachusetts, New Hampshire, New Jersey, New York, Rhode Island, and Vermont). RGGI’s development was based on the “2005 RGGI Memorandum of Understanding” (MOU) and on the “2006 RGGI Model Rule”. Through statutes or regulations based on the Model Rule, each state then established individual CO2budget trading programs.
 
RGGI covers power sector emissions in participating states. In 2020, it covered around 14% of the aggregate participant states’ emissions; in 2021, 228 facilities were covered by the state regulations. The aggregate cap will decrease by 30% compared to 2020 between 2021 and 2030. Under the ETS, covered entities must surrender allowances for all their covered emissions. Covered entities obtain most of their allowances through regular auctions, while some states have “set-aside” accounts from which they may transfer a limited number of allowances to entities’ compliance accounts.  ","Virginia repealed its CO2 Budget Trading Program, which effectively ended RGGI participation in December 2023. However, a Viginia circuit court decision in November 2024 deemed the repeal unlawful. RGGI has undergone two review processes that updated the Model Rule and enshrined tighter caps and adjustments to system design. RGGI’s third review process is currently ongoing. In September 2024 RGGI states released an exploratory scenario with new cap reductions trajectories, with a steeper decline in the cap from 2027-2033 followed by a lessening decline from 2033 to 2037.  ","RGGI covers CO2 emissions from fossil fuel electric generating units (i.e., fossil fuel-fired stationary boilers, combustion turbines, or combined cycle systems). RGGI covers CO2 emissions only. ", Auctioning,Other,Operators in Massachusetts need to meet their compliance obligations under both the Massachusetts ETS and RGGI.
ETS_JP_Saitama,Saitama ETS,ETS,Implemented,Saitama,"16% of jurisdiction emissions, 0.0118% of global emissions",US$1 (JPY144),"5,577244841","5,415651232","3,83797054","1,078813305","0,949241925","0,961281709","-0,82764219",US$ million (2024) (JPY million),,,,,,,,CO2,In principle,Yes,Yes,No,No,Yes,Yes,No,No,No,Diesel; Other oil products; Gasoline; Kerosene; LPG; Natural gas; Coal,Free allocation (Grandfathering),None (no corridor). Baseline approach with compliance factors,Downstream,"Yes, with partial limit","The Saitama ETS is a baseline-and-credit system that sets mandatory emission reduction targets for large buildings and factories. The cap is aggregated bottom-up from annual facility-level emissions limits (‘baselines’). Covered entities must surrender allowances for emissions that exceed the facility-specific baseline, which is based on absolute historical emissions. The baselines are calculated using base-year emissions and a compliance factor, which is set for each period based on regulations established by the Governor of Saitama and expert consultation. Saitama’s ETS is linked to Tokyo’s cap-and-trade program, with credits mutually exchangeable between the two jurisdictions.
","The Saitama government has announced three updates for the fourth compliance period (FY 2025 to FY 2029). First, the compliance factor will rise to 50% for office buildings and 48% for factories. Second, all off-site renewable energy will count as zero-emissions, and renewable energy certificates can be used to discount energy-related CO2 emissions.Finally, from April 2025 onwards, a new system will limit credits to those achieved through energy efficiency or renewable energy.","The Saitama ETS applies to energy-use-related CO2 emissions from the industry, power and buildings sectors. It covers about 600 entities in the industrial and commercial buildings sectors.",Free allocation (Grandfathering),Other,The Saitama ETS is linked to the Tokyo CaT and operators can use credits from the Tokyo CaT to meet their compliance. 
ETS_RU_Sakhalin,Sakhalin ETS,ETS,Under development,Sakhalin,,,,,,,,,,,,,,,,,,,,,,,,,,,,,,,,,,"In January 2021, the Russian Ministry of Economic Development, in cooperation with the regional government, approved the “Roadmap for the Implementation of an Experiment to Establish Special Regulation of GHG in the Sakhalin Region”. The overall aim of the roadmap is to ensure that Sakhalin achieves carbon neutrality by 2025, and includes plans for a pilot carbon trading system.  
 
In 2022, the State Duma approved a “Federal Law on Conducting an Experiment to Limit GHG Emissions in Selected Federal States of the Russian Federation”, introducing mandatory emissions reporting and verification requirements for regulated entities and obliging them to comply with the allocated emissions allowances. The law also sets a legal basis for allowance circulation between entities. 

The Sakhalin government approved a list of 50 regulated entities for the new ETS, emitting at least 20,000 tCO2 per year, in 2022, and a carbon registry started operating in test mode in September that year. The first compliance period is set to start in 2024. Covered entities will have to surrender allowances for all their covered emissions, and allocation is expected to be based on free allocation.  
 
In 2023, regulated entities submitted their first verified emissions reports for 2022, which became the basis for setting individual caps for 35 entities in September 2023.  ",,,,,
Tax_MX_SLP,San Luis Potosí carbon tax,Carbon tax,Implemented,San Luis Potosí,"68% of jurisdiction emissions, 0.0308% of global emissions",US$17 (MXN339),,,,,,"16,6719879",,US$1 million (2024) (MXN20 million),,,,,,"1,062551319",,"CO2, CH4, N2O, HFCs, PFCs, and Black Carbon",Yes,Yes,Yes,No,No,Yes,Yes,No,No,No,"Coal; Diesel; Gasoline; Kerosene; Other oil products (crude oil, etc.); Natural gas; LPG; Jet fuel; Waste as fuel; Biofuels",Set price,Set price,Point source,,,,,,,
ETS_CA_SK,Saskatchewan OBPS,ETS,Abolished,Saskatchewan,,,,"31,8344608","39,96163683","48,03073967","58,94488653",,"0,851606248",,,,,"22,7041355","342,8354249","266,4283668",11x,,,,,,,,,,,,,,,,,"Saskatchewan’s Output-Based Performance Standards (OBPS) Program came into effect in 2019. It is an emission intensity-based baseline-and-credit ETS for large industrial emitters, in which covered entities are required to fulfill a compliance obligation for emissions that exceed the facility’s annual permitted emissions. Emissions limits are based on production levels multiplied by an emissions intensity value. Each facility’s baseline draws on historical emissions and production data. All emissions up until the limit do not require payment, with only the surplus triggering the compliance obligation. 

A compliance obligation may be fulfilled by retiring performance credits (compliance units) generated within the OBPS Program or by making a payment at a prescribed rate per tonne of CO2e into the Saskatchewan Technology Fund. 

The system applies to the same gases and covers equivalent sectors as those under the federal system, and follows the same price trajectory, rising CAD 15 (USD 11.11) each year until 2030, resulting in a price of CAD 170 (USD 125.93) per tCO2e for 2030 emissions. ",,,,,
Tax_SN,Senegal carbon tax,Carbon tax,Under consideration,Senegal,,,,,,,,,,,,,,,,,,,,,,,,,,,,,,,,,,,,,,,
ETS_CN_Shanghai,Shanghai pilot ETS,ETS,Implemented,Shanghai,"21% of jurisdiction emissions, 0.1045% of global emissions",US$11 (RMB78),"5,068903872","6,315244849","9,276907593","8,720972556","10,06178044","10,79742447","1,130130052",US$13 million (2024) (RMB96 million),,,,,,"13,16073178",,CO2,No,Yes,Yes,Yes,Yes,Yes,Yes,No,No,No,Diesel; Other oil products; Gasoline; Kerosene; LPG; Natural gas; Jet fuel; Coal,"Free allocation (Grandfathering), Free allocation (Intensity-based), Auctioning",None (some auctions),Point Source,"Yes, with quantitative limit","The Shanghai pilot ETS is a cap-and-trade system that aims to promote the implementation of carbon emission control responsibilities and support the achievement of Shanghai's emission reduction targets. The pilot covers more than half of the city’s emissions, including industry and non-industrial sectors such as buildings, aviation, and shipping. The total amount of emission allowances is determined through a combined top-down and bottom-up approach based on reported emission data. The system covered electricity generation until 2020, after which it was integrated into the national ETS. The coverage threshold is 10,000 tCO2 per yea","In February 2024, the 2023 allowance allocation plan was released. According to it, 23 data centers have been added with compliance obligation starting from compliance year 2023. Also 17 logistics companies in the road transport sector have been added, but with MRV obligations only.","The Shanghai pilot ETS applies to CO2 emissions from the industry,buildings and transport sectors.","Free allocation (Grandfathering), Auctioning",Annual,"The Shanghai ETS operates in parallel with the China national ETS.
"
ETS_CN_Shenzhen,Shenzhen pilot ETS,ETS,Implemented,Shenzhen,"37% of jurisdiction emissions, 0.0351% of global emissions",US$7 (RMB47),"2,384538506","1,12000487","0,641630496","8,769017981","8,95609028","6,533762589","1,740053294",US$ million (2024) (RMB million),,"0,376610505",,"3,767787357",,,,CO2,No,Yes,Yes,Yes,No,Yes,No,No,Yes,No,Diesel; Other oil products; Gasoline; Kerosene; LPG; Natural gas; Coal,"Free allocation (Grandfathering), Free allocation (Intensity-based)",None (two auctions historically),Downstream,"Yes, with quantitative limit","The Shenzhen pilot ETS is the first Chinese pilot ETS, launching an intensity-based cap-and-trade system in the city of Shenzhen. It is the only Chinese pilot at the sub-provincial level. The Shenzhen pilot ETS is seen as a means for stable economic growth and comprehensive sustainable development. The total amount of emission allowances is the bottom-up combination of the free allowances to each covered business entity.","In 2024, the Shenzhen Environment and Ecology Bureau (EEB) updated its coverage list for compliance year 2023, removing 87 companies from the list of covered entities and adding 103 companies to the list.

In August, the EEB published the allocation plan for 2024, which expanded coverage to data centers and solid waste, and broadened the service industry inclusion by adding accommodation and catering, wholesale and retail, warehousing and postal services, software and information services,, government agencies and public institutions. Also from 2024,  green power purchased in the power market, in addition to CCERs and local offset credits, can be used to fulfil the shortfall in compliance obligation. ","The Shenzhen pilot ETS applies to CO2 emissions from the industry, power, buildings and transport sectors.","Free allocation (Grandfathering), Free allocation (Intensity-based), Auctioning
",Annual,"Coverage of power sector emissions was transferred to the the Chinese national ETS. 

Shenzhen has pioneered cross-regional cooperation. In 2014, Shenzhen and Baotou signed the 'Memorandum of Strategic Cooperation on the Construction of Carbon Trading Systems.' As a consequence of this, six companies in Baotou city of the Inner Mongolia Autonomous Region were covered in Shenzhen market on a voluntary basis as of June 2016."
Tax_SG,Singapore carbon tax,Carbon tax,Implemented,Singapore,"71% of jurisdiction emissions, 0.0996% of global emissions",US$19 (S$25),"3,51024993","3,713606655","3,6856848","3,767897513","18,47882327","18,61920012",4x,US$150 million (2024) (S$204 million),,"138,7473994","154,147664","142,0877306","158,7593125","150,2729821","0,08306882","CO2, CH4, N2O, HFCs, SF6, PFCs, NF3",Yes,Yes,Yes,No,No,No,No,No,Yes,No,Diesel; Other oil products; Gasoline; Kerosene; LPG; Natural gas; Waste as fuel; Jet fuel; Coal,"Auctioned at fixed price, with free allocation (intensity-based) for EITE sectors. ",Set price trajectory,Point source,"Yes, with quantitative limits",,,,,,
Tax_SL,Slovenia carbon tax,Carbon tax,Implemented,Slovenia,"46% of jurisdiction emissions, 0.0139% of global emissions",US$33 (€31),"18,91928","20,32058","19,11996",,"18,59577","33,28098","0,759103941",US$173 million (2024) (€161 million),"83,92431362","140,448","156,1171132","80,2902225","90,5322522","172,9945","1,061315637",CO2,No,No,No,Yes,No,Yes,No,No,No,No,Coal; Diesel; Kerosene; Other oil products; Gasoline; Natural gas; LPG; ,Set price,Fixed price,Midstream,,,,,,,
Tax_ZA,South Africa carbon tax,Carbon tax,Implemented,South Africa,"82% of jurisdiction emissions, 0.8084% of global emissions",US$13 (R236),"7,059869921","9,150942752","9,83519223","8,925614268","10,08578223","12,84892173","0,819994117","US$92 million (2024) (R1,689 million)",,"36,72561145","96,77417774","102,8874269","119,8497123","92,17822214","1,509916609","CO2, CH4, N2O, HFCs, SF6, PFCs",Yes,Yes,Yes,Yes,Yes,Yes,Yes,No,No,No,Diesel; Other oil products; Gasoline; Kerosene; LPG; Natural gas; Waste as fuel; Jet fuel; Coal,Set price,Set price trajectory. The Carbon Tax rate trajectory is set out in the 2022 Taxation Laws Amendment Act,Point source ,"Yes, with quantitative limits",,,,,,
Tax_ES,Spain carbon tax,Carbon tax,Implemented,Spain,"2% of jurisdiction emissions, 0.0108% of global emissions",US$16 (€15),"16,404","17,619","16,578","16,3125","16,1235","16,182","-0,013533285",US$118 million (2024) (€110 million),"124,839","123,2","83,188","99,0375","103,227","118,195","-0,053220548","HFCs, PFCs, SF6",No,Yes,No,No,No,No,No,No,No,No,Non-fuel emissions,Set price,"Formula-based price based on the multiplication of 0,015 coefficient and fluorinate’s GWP. General rate of EUR 15/tCO2e, price floor or minimum rate of EUR 4,39/tCO2 for a few high GWP fluorinates (EUR100/kg fluorinate cap or price ceiling applies)",Upstream,Not permitted,,,,,,
Tax_MX_SoMexico,State of Mexico carbon tax,Carbon tax,Implemented,State of Mexico,"47% of jurisdiction emissions, 0.0408% of global emissions",US$3 (MXN58),,,,"2,383393842","3,5008722","2,848904891","0,195314362",US$14 million (2024) (MXN252 million),,,,,"4,960842213","13,71311114","1,764270774","CO2, CH4, N2O",Yes,Yes,Yes,No,No,Yes,Yes,No,No,No,Not specified,Set price,Introductory set price,Point source,"Yes, with quantitative limits",,,,,,
Tax_SE,Sweden carbon tax,Carbon tax,Implemented,Sweden,"40% of jurisdiction emissions, 0.0371% of global emissions","US$145 (SEK1,450)","119,4323451","136,0995471","129,8881046","125,5565536","123,696076","144,6246989","0,210934097","US$2,306 million (2024) (SEK24,400 million)","2477,778243","2143,531836","2487,789747","2137,894174","2073,560718","2306,382062","-0,069173334",CO2,Yes,Yes,Yes,Yes,In principle,Yes,Yes,No,No,No,"Diesel, Other oil products, Gasoline, Kerosene, LPG, Natural gas, Jet fuel, Coal",Set price,The price is set by the Government ,Upstream,Not permitted,,,,,,
Tax_CH,Switzerland carbon tax,Carbon tax,Implemented,Switzerland,"35% of jurisdiction emissions, 0.0287% of global emissions",US$136 (Sfr120),"99,44064636","101,4745521","129,8560762","130,8115768","132,122213","136,0389978","0,368042172","US$1,426 million (2024) (Sfr1,285 million)","1213,416807","1237,135167","1260,404281","1555,734888","1187,635274","1425,876609","0,175092187",CO2,In principle,In principle,In principle,No,No,Yes,In principle,No,No,No,"Other oil products, Kerosene, LPG, Natural gas, Coal","Set price, Rebates",The price is set by the Government,Upstream,"Yes, with quantitative limits",,,,,,
ETS_CH,Switzerland ETS,ETS,Implemented,Switzerland,"13% of jurisdiction emissions, 0.0107% of global emissions",US$65 (€60),"19,84884","46,10305","65,59362","93,80775","59,173245","64,749576","2,262134009",US$50 million (2024) (Sfr45 million),"8,712732635","8,270122305","18,93428704","45,65282985","38,74602159","49,9576117",5x,"CO2, N2O, CH4, HFCs, PFCs, SF6, NF3",Yes,Yes,Yes,No,Yes,No,No,No,No,No,Other oil products; Kerosene; Natural gas; Coal,"Free allocation (Intensity-based), Auctioning","None (linked with EU ETS, no offsets)","Point Source, Aviation",Not permitted,"The Switzerland Emissions Trading System is a mandatory cap-and-trade system. The total amount of emission allowances is determined top-down and decreases annually. The ETS started in 2008 with a five-year phase during which companies could voluntarily join as an alternative to facing the Switzerland carbon tax (CO2 levy on fossil fuels). Starting from 2013, the ETS became mandatory for large energy-intensive industries and medium-sized industries could voluntarily join. Participants in the ETS continue to be exempted from the CO2 levy. On January 1, 2020, the linking of the Swiss and EU ETS came into force.  Ratification of the agreement by the EU and Switzerland was announced on December 12, 2019 and followed legislative revisions required for the Swiss ETS to be compatible with the EU ETS and comply with the agreement. With the linking agreement now in effect, covered entities in the Switzerland ETS can use allowances from the EU ETS for compliance, and vice versa. However, the two systems run separate auctions. The revised ‘Ordinance on the Reduction of CO2 Emissions (CO2 Ordinance),’ was adopted in November 2020, which embedded the new legal base for the Swiss ETS into the partially revised “CO2 Act” – the core framework of Switzerland’s climate legislation – that entered into force in January 2021.
","After a revision of the CO2 Act failed to pass a referendum in June 2021, the Swiss Parliament extended the current CO2 Act to 2024. This included the target to reduce emissions by 1.5% per year compared to 1990 levels. In November 2022, the Swiss Federal Council published a new proposal for a revision of the CO2 Act that covers the period from 2025 to 2030, including Switzerland’s 50% emission reduction target for 2030. The proposal includes provisions to align the Swiss ETS with the revised EU ETS.
 
In November 2023, the EU and Switzerland concluded the 2024 emission allowance transfer arrangements between their systems. From January 2024, daily transfers, with exceptions for specific dates, replaced the previous twice-weekly schedule. Details on the 2025 arrangements are anticipated by the end of 2024. ","The Switzerland ETS applies to GHG emissions (CO2, NO2, CH4, HFCs, NF3, SF6 and PFCs) from fuel use in the industry, power and aviation sectors and industrial process emissions.","Free allocation (Intensity-based), Auctioning
",Annual,"Switzerland's ETS has been linked with the EU ETS since January 2020. Prior to that, revisions were made to align with the EU ETS legislative framework.
 
Covered entities in the Swiss ETS can use allowances from the EU ETS for compliance, and vice versa. The two systems run separate auctions. Market participants from the EEA need an account in the Swiss Emissions Trading Register in order to participate. Allowance transfers between the EU and Swiss registries are generally executed bi-monthly on pre-announced dates. 


In 2024, allowance transfers between the EU and Swiss registries will be executed on a daily basis, with specific exceptions for certain dates. This arrangement follows an agreement reached in November 2023 by the Joint Committee overseeing the EU and Swiss linking agreement. The 2024 arrangements cover a 12-month period, with information on 2025 arrangements expected before the end of 2024. "
Tax_CN_Taiwan,"Taiwan, China carbon fee",Carbon tax,Implemented,"Taiwan, China","54% of jurisdiction emissions, 0.3137% of global emissions",US$9 (RMB66),,,,,"9,121943803","9,08040284","-0,00455396",US$0 million (2024) (RMB0 million),,,,,,,,"CO2, CH4, N2O, HFCs, PFCs, SF6, NF3",In principle,Yes,Yes,No,No,No,No,No,No,No,,Set price,,Point source/Downstream,"Yes, with quantitative limits",,,,,,
ETS_CN_Taiwan,"Taiwan, China ETS",ETS,Under consideration,"Taiwan, China",,,,,,,,,,,,,,,,,,,,,,,,,,,,,,,,,,"
Taiwan, China, enacted the “GHG Reduction and Management Act” (the Act) in 2015, which legislates a 50% reduction in emissions by 2050 compared to 2005 levels. It also mandates regulatory mitigation goals to be set in stages. The Act further stipulates that the Taiwanese Environmental Protection Administration (TEPA) will implement a domestic cap-and-trade scheme. This is further referred to in the “Climate Change Action Guideline 2017”.  
 
The Act also mandated TEPA to develop a “GHG Reduction Action Plan”, which was published in 2018. This plan outlines strategies for mitigation policies; it includes five-year regulatory goals for national and sectoral GHG emissions and eight policy implementation packages. The plan also proposes to implement a cap-and-trade system, calculate baseline emissions, and establish regulations – although there is no precise timeline. 

Subsidiary regulations are also in place. Mandatory emissions reporting for entities with annual emissions above 25,000 tCO2e from certain sectors has been in place since 2014. The “2018 Regulations Governing GHG Offset Program Management” allows enterprises to acquire carbon offset credits.  ","The Ministry of Environment announced in October 2024 the intention to transfer Taiwan's ""carbon fee"" into an ETS within four years. This could occur as early as 2026, according to a statement by the Vice Prime Minister in January 2025",,,,
Tax_MX_TA,Tamaulipas carbon tax,Carbon tax,Implemented,Tamaulipas,"48% of jurisdiction emissions, 0.0364% of global emissions",US$17 (MXN339),,,"13,10272537","17,25022864","19,6598118","16,6719879","0,272406116","US$82 million (2024) (MXN1,512 million)",,,,"1,846264051",,"82,19438055",44x,"CO2, CH4, N2O, HFCs, SF6, PFCs",Yes,Yes,Yes,No,No,Yes,Yes,No,No,No,Diesel; Other oil products; Gasoline; Kerosene; LPG; Coal,Set price,Fixed price,Point source,"Yes, with quantitative limits",,,,,,
Tax_TH,Thailand carbon tax,Carbon tax,Under development,Thailand,,,,,,,,,,,,,,,,,,,,,,,,,,,,,,,,,,,,,,,
ETS_TH,Thailand ETS,ETS,Under consideration,Thailand,,,,,,,,,,,,,,,,,,,,,,,,,,,,,,,,,,"Thailand has been considering economic instruments to incentivize GHG emissions reductions for several years. The 2018 “National Reform Plan” mandated the Thai government to begin developing such instruments. The Emission Trading Scheme, Carbon Tax on Products, and Crediting Mechanism are some of the potential economic instruments to be implemented; further details on these will be provided in the policy and legislative processes that follow the development of the framework for the “Climate Change Act”. The Department of Climate Change and Environment (DCCE) is currently drafting the act for the public hearing process as well as working on implementing the Regulatory Impact Assessment (RIA). The final draft is expected to be submitted for cabinet and parliamentary approval in 2024 to 2025. 
 
In 2013, the Thailand Greenhouse Gas Management Organization (TGO) began developing an MRV system and basic trading infrastructures for the Thailand Voluntary Emissions Trading Scheme (Thailand V-ETS).  This voluntary pilot project aims to develop and test MRV systems, cap-setting and allocation procedures, and trading infrastructure for 12 GHG-intensive sectors. Targets are set for each sector based on their average emissions intensity in the base years of 2012 to 2013. Both direct and indirect emissions are covered. As a voluntary system, allowances are provided for free based on MRV reporting. Based on TGO’s feasibility study and pilot implementation test cases, covered entities may be allowed to use offset credits from Thailand’s domestic crediting mechanism, Thailand Voluntary Emission Reduction (T-VER) credits, to meet up to 15% of their compliance obligations. Supporting these initiatives, TGO regularly conducts capacity building activities to engage key stakeholders across Thailand. 
 
Since 2021, TGO has collaborated with the Eastern Economic Corridor Office of Thailand to develop a pilot ETS in its Eastern Economic Corridor (EEC) region. The project aimed to conduct engagement, build up capacity on ETS implementation for pilot organizations, and provide technical assistance on T-VER project development. Several pilot organizations fulfilled their ETS Capacity building program, 12 in 2022 and 11 in 2023.",Thailand's Department for Climate Change and Environment (DCCE) is finalizing a draft act for parliamentary submission during 2-25. The Act would be expected to take effect in 2027,,,,
ETS_CN_Tianjin,Tianjin pilot ETS,ETS,Implemented,Tianjin,"18% of jurisdiction emissions, 0.0665% of global emissions",US$5 (RMB39),"2,815275686","3,804364367","4,403346543","4,603625246","4,70885796","5,296901656","0,881485953",US$ million (2024) (RMB million),,"8,036245222","11,70754352","12,74451197",,,,CO2,No,Yes,Yes,No,In principle,No,No,No,No,No,Diesel; Other oil products; Gasoline; Kerosene; LPG; Natural gas; Coal,"Free allocation (Grandfathering), Free allocation (Intensity-based), Auctioning",None (ad-hoc auctions),Point Source,"Yes, with quantitative limit","Tianjin launched its pilot ETS in 2013. The Tianjin pilot ETS is a cap-and-trade system. Covered entities must surrender one allowance per tCO2e emitted for all their covered emissions. The system covers; iron and steel; petrochemicals; chemicals; oil and gas exploration; papermaking; aviation; and building materials. The Tianjin pilot ETS operates in parallel with the China national ETS. A cap limits the total emissions allowed in the system. the cap was set at 75 MtCO2 in 2021 and 2022, and 74 MtCO2 in 2023. As the national ETS expands to new sectors, covered entities in these sectors will be integrated into the national ETS.  ","In June 2024, the Tianjin Pilot ETS completed the compliance process for 2023, with a reported 100% compliance rate for the ninth consecutive year.

In August, Tianjin launched a public consultation on “Tianjin Work Plan for Expanding the Scope of the Coverage of the Local Carbon Emissions Trading Market,” where the government proposed including maritime, domestic aviation and data centers into the current ETS scope. The public consultation ended in early September 2024, and final decisions are to be announced. The proposed scope expansion is anticipated to apply to 150 entities, covering an additional 300 MtCO2 of emissions annually. 

In September, the Tianjin Ecology and Environment Bureau (EEB) published the 2024 allocation plan. A total of 159 entities were covered in 2024","The coverage threshold is 20,000 tCO2/year, considering both direct and indirect emissions. Covered entities come from the Iron and steel, petrochemicals, chemicals, oil and gas exploration, papermaking, aviation, and building materials sectors. Electricity production was covered until 2020, after which it transitioned to the China national ETS. ","Free allocation (Grandfathering), Auctioning",Annual,Coverage of power sector emissions was transferred to the the Chinese national ETS. 
ETS_JP_Tokyo,Tokyo CaT,ETS,Implemented,Tokyo,"19% of jurisdiction emissions, 0.0218% of global emissions",US$4 (JPY600),"5,577244841","4,874086109","4,41898527","5,244231346","36,91496374","4,005340454","-0,281842457",US$ million (2024) (JPY million),,,,,,,,CO2,In principle,Yes,Yes,No,No,In principle,No,No,Yes,No,Diesel; Other oil products; Gasoline; Kerosene; LPG; Natural gas; Coal,Free allocation (Grandfathering),"None (baseline approach, no corridor)",Downstream,"Yes, with partial limit","The Tokyo Cap-and-Trade Program is a baseline-and-credit system. Launched in April 2010, the Tokyo CaT is Japan's first mandatory carbon market and is linked to the Saitama ETS. The Tokyo CaT introduced mandatory emission reduction targets for large emitters.

Each covered facility has its own cap, which serves as the “baseline” from which it must achieve its reduction target. Facilities’ baselines are calculated using base-year emissions and a compliance factor. Compliance factors are determined based on the type of facility and factors such as expected energy efficiency gains and the extent to which they consume energy supplied by other facilities.
","Tokyo Metropolitan Government's Cap-and-Trade Program concluded its third compliance period (FY2020 to FY2024) in March 2025. The government has announced three updates for the fourth compliance period (FY 2025 to FY 2029). First, the compliance factor will rise to 50% for office buildings and 48% for factories. Second, all off-site renewable energy will count as zero-emissions, and renewable energy certificates can be used to discount energy-related CO2 emissions.Finally, from April 2025 onwards, a new system will limit credits to those achieved through energy efficiency or renewable energy.","The Tokyo CaT applies to energy-use related CO2 emissions from the industry, power and buildings sectors.",Free allocation (Grandfathering),Other,"The Tokyo CaT is linked to the Saitama ETS and operators can use credits from the Saitama ETS to meet their compliance obligations. 
"
ETS_TR,Türkiye ETS,ETS,Under development,Türkiye,,,,,,,,,,,,,,,,,,,,,,,,,,,,,,,,,,"Türkiye has been preparing for the use of carbon pricing instruments to help achieve its mitigation targets with efforts gathering pace in 2023. These include the submission of an Updated First NDC, which has explicit references to the Turkish Emission Trading System (TR ETS), and an announcement from the Directorate of Climate Change (DoCC) during COP28 that a pilot ETS is planned to launch in October 2024 with the publication of the National Allocation Plan. Moreover, following its publication in the Official Gazette in December, the Grant Agreement with the World Bank PMI program supporting the implementation of the pilot ETS came into force. The program will assist Türkiye in assessing various design options through modelling studies and provide support during the pilot as well as the first implementation phases of the new system. 
 
These developments follow the advisory decisions of the Climate Council (a multi-stakeholder consultation event with broad participation) in 2022, which included the launch of the pilot ETS in 2024 aligned with the country’s 2053 Net-Zero Target. The intention to develop an ETS has also been reflected in Türkiye’s annual Medium-Term Programs (MTPs) since 2022. Moreover, the high-level planning outlined in the 12th Turkish Development Plan (2024 to 2028) takes the year 2053 as a long-term reference in the country’s green and digital transformation agenda and considers the TR ETS as an instrument of this transformation.  ","Türkiye released its long-term strategy during COP 29, which references a pilot ETS expected to launch in 2026",,,,
Tax_UA,Ukraine carbon tax,Carbon tax,Implemented,Ukraine,"32% of jurisdiction emissions, 0.1306% of global emissions",US$1 (UAH30),"0,384615385","0,35942004","1,025469238","0,820375951","0,767756283","0,730410393","0,899067022","US$80 million (2024) (UAH3,300 million)",,"32,18362357","43,46708291","112,8016161","85,93438086","79,70417674","1,476544525",CO2,Yes,Yes,Yes,No,No,Yes,No,No,In principle,No,Diesel; Other oil products; Gasoline; Kerosene; LPG; Natural gas; Coal,Set price,Set price,Point source,Not permitted,,,,,,
ETS_UA,Ukraine ETS,ETS,Under development,Ukraine,,,,,,,,,,,,,,,,,,,,,,,,,,,,,,,,,,"Ukraine plans to establish a national ETS in line with its obligations under the “Ukraine-EU Association Agreement”, which entered into force in September 2017. Issues related to climate change are addressed in Article 365 (c) Title V and in an annex to the agreement, which outlines steps for the implementation of a national ETS 

The country has since established a national MRV system, with its scope partially covering activities similar to EU ETS activities, to provide a solid basis for the upcoming ETS. Since 2021, the MRV procedures as adopted in the framework law on MRV have been applied by regulated installations. To establish its ETS, Ukraine plans to develop separate legislation based on at least three years of data from the MRV system. According to a statement made by the Minister of Environmental Protection and Natural Resources in October 2023, the ETS may be launched in a pilot mode in 2025.  

In 2022, covered installations were supposed to submit first monitoring reports for 2021. However, from 2022, due to the ongoing war in the country, the MRV system is implemented on a voluntary basis. Draft instruments for cap-setting and allowance allocation were developed, and a stakeholder engagement process was also carried out in 2022 to early 2023.  
 

","In October 2024, the Law on Basic Principles of State Climate Policy was approved by the Ukrainian Parliament, which mandates the establishment of an emssions trading system with an absolute cap on covered sector emissions
",,,,
Tax_UK,UK Carbon Price Support,Carbon tax,Implemented,United Kingdom,"12% of jurisdiction emissions, 0.0824% of global emissions",US$23 (£18),"22,284","24,795","23,6538","22,2759","22,6188","23,2371","0,042770598",US$872 million (2024) (£688 million),"1120,9019","853,4984","724,00125","850,79192","1016,31292","871,9368","-0,222111409",CO2,Yes,No,No,No,No,No,No,No,No,No,"Other oil products, LPG, Natural gas, Coal",Set price,,Upstream,Not permitted,,,,,,
ETS_UK,UK ETS,ETS,Implemented,United Kingdom,"27% of jurisdiction emissions, 0.1934% of global emissions",US$57 (£44),,,"98,5575","88,1259355","45,061676","57,2278135","-0,41934593","US$3,250 million (2024) (£2,564 million)",,,"5943,445822","7395,64853","5315,370593","3249,599462","-0,453246558","CO2, N2O, PFCs",Yes,Yes,Yes,No,Yes,No,No,No,No,No,Diesel; Other oil products; Gasoline; Kerosene; LPG; Natural gas; Jet fuel; Coal,"Free allocation (Intensity-based), Auctioning","Auction with floor (GBP22), cost containment mechanism","Point Source, Aviation",Not permitted,"The UK Emissions Trading Scheme (UK ETS) began operating in January 2021, following the departure of the UK (excluding power operators located in Northern Ireland) from the EU ETS. Verified emissions from stationary UK ETS operators currently cover around a quarter of the UK’s territorial GHG emissions. The first phase of the UK ETS runs until 2030. 
 
The UK ETS covers around 1,000 installations in the power and industrial sectors, as well as around 400 aircraft operators. Aviation activity covered includes flights within the UK as well as flights departing the UK to the European Economic Area (EEA) and Switzerland. Covered installations and aircraft operators must surrender allowances for all their covered emissions. Allowances are allocated primarily through auctioning, with a portion freely allocated to mitigate the risk of carbon leakage. The system has both a cost containment mechanism (CCM) and auction reserve price, to support market stability.  
 
The UK government remains open to the possibility of linking the UK ETS to other systems, if such a link would be advantageous for both systems. ","The UK ETS cap was reset in January 2024 to align with the UK's net zero target by 2050. This includes a 30% reduction in available allowances between 2021 and 2030. 

Two consultations were launched in May 2024 related to scope expansion for waste (waste incineration or waste-to-energy) from 2028 onwards. 

To address the risk of carbon leakage, the UK Carbon Border Adjustment Mechanism (UK CBAM) will enter into force in January 2027, the UK government confirmed in October 2024.

The UK launched two further consultations on scope expansion in November 2024, for maritime activities and pipeline transport for carbon capture and storage.
 
The UK ETS Authority has also announced its intention to cover emissions from domestic maritime activities from 2026, and from waste incineration and waste from energy from 2028 (preceded by a two-year MRV-only period from 2026 to 2028). 
 
Further consultation on bringing additional sectors into the UK ETS and incorporation of GGRs is anticipated. 
  
The UK government has announced it will introduce aCarbon Border Adjustment Mechanism by 2027.","The UK ETS covers emissions of CO2, N2O, and PFCs in energy-intensive industries, the power sector, and aviation within the UK and European Economic Area.","Free allocation (Intensity-based), Auctioning",Annual,"The UK ETS is not linked with any other system. 
The UK government has indicated it is open to the possibility of internationally linking the scheme in the future but has not made any decision on preferred linking partners. The post-Brexit Trade and Cooperation Agreement between the EU and UK stipulates that the jurisdictions “shall give serious consideration to linking their respective carbon pricing systems in a way that preserves the integrity of these systems and provides for the possibility to increase their effectiveness”. 
"
Tax_UY,Uruguay CO2 tax,Carbon tax,Implemented,Uruguay,"5% of jurisdiction emissions, 0.0039% of global emissions","US$159 (YUY6,704)",,,"137,2954109","155,8683502","167,1738104","158,7647421","0,156373262","US$302 million (2024) (YUY12,078 million)",,,,"262,3451383","283,709367","301,7463212","0,150188348",CO2,No,Yes,Yes,Yes,No,Yes,Yes,No,No,No,Gasoline,Set price,,Upstream,Not permitted,,,,,,
ETS_US_VT,Vermont ETS,ETS,Under consideration,Vermont,,,,,,,,,,,,,,,,,,,,,,,,,,,,,,,,,,,,,,,
ETS_VN,Viet Nam ETS,ETS,Under development,Viet Nam,,,,,,,,,,,,,,,,,,,,,,,,,,,,,,,,,,"In November 2021, Vietnam’s government issued its revised “Law on Environmental Protection”. This law establishes a mandate for the Ministry of Natural Resources and Environment (MONRE) and the Ministry of Finance to design a national crediting mechanism (NCM) and a domestic ETS. The framework legislation also empowers MONRE to set the ETS cap and determine the method of allowance allocation. It also allows for the inclusion of domestic and international offset credits in the ETS. 
 
“Decree 06/2022/ND-CP” outlines a roadmap for the implementation of the NCM and the ETS. The decree requires facilities with annual GHG emissions above 3,000 tCO2e to submit a biennial inventory report of their emissions from 2025 onwards. The accompanying “Decision 01/2022/QD-TTg” lists the sectors and facilities with emissions inventory obligations.  
 
Decree 06 also includes provisions for developing a national ETS, focusing initially on the steel, cement, and thermal power sectors, with a declining cap that corresponds to Vietnam’s NDC. The roadmap for the ETS states that regulations and a trading platform should be in place by 2025. A pilot ETS is planned for 2027-. The ETS should be implemented from 2030, and provisions will allow for participation under Article 6 of the Paris Agreement. ","Vietnam's Prime Minister approved the establishment of a framework for developing both an ETS and carbon credit market (Decision 232/QD-TTg), with a pilot phase expected to begin in June 2025",,,,
ETS_US_Washington,Washington CCA,ETS,Implemented,Washington,"71% of jurisdiction emissions, 0.1155% of global emissions",US$50 (US$50),,,,"22,2","25,75",50,"1,252252252",US$811 million (2024) (US$811 million),,,,,"1824,524331","810,7652785","-0,555629232","CO2, CH4, N2O, SF6, HFCs, PFCs, NF3, others",Yes,Yes,Yes,Yes,Yes,Yes,Yes,Yes,In principle,No,Diesel; Other oil products; Gasoline; Kerosene; LPG; Natural gas; Jet fuel; Coal,"Free allocation (Grandfathering, Benchmark), Auctioning","Price floor, cost containment reserve","Mixed (upstream fuels, point sources)","Yes, with quantitative limit","Washington’s cap-and-invest program began operating in January 2023. It covers around 70% of the state’s emissions, and its cap trajectory is consistent with the long-term target to reduce statewide emissions to 95% below 1990 levels by 2050. 
 
The program covers around 150 entities in the energy, industrial, buildings, and transport sectors. Many of the cap-and-invest program’s design elements are similar to those of California’s cap-and-trade program.  Covered entities must surrender allowances for all their covered emissions. Allowances are distributed through auctioning and free allocation, with the latter based primarily on benchmarking. 
 
The cap-and-invest program was established by the “Climate Commitment Act” (CCA), signed into law by Governor Jay Inslee in May 2021. ","In March 2024, the governments of California, Quebec and Washington issued a joint statement on potential market linkage. Governor Inslee signed into law a bill that modified the CCA to facilitate future linkage, with the modifications taking effect on 1 January 2025.
","The Washington CAR applies to GHG emissions from the industry, power, transport, waste and buildings sectors, and include industrial process emissions.","Free allocation (Intensity-based), Auctioning",Other,"The Washington cap-and-invest program is not currently linked with any other system. However, in November 2023, the Department of Ecology announced that it would pursue linkage with the cap-and-trade programs of California and Québec. If implemented, linkage is not expected to come into effect until at least 2025. "
Tax_MX_Yucatan,Yucatan carbon tax,Carbon tax,Implemented,Yucatan,"32% of jurisdiction emissions, 0.0117% of global emissions",US$15 (MXN305),,,,"15,52531663","17,69383062","15,00488735","-0,033521332",US$6 million (2024) (MXN117 million),,,,,"3,096441368","6,36769496","1,056455848","CO2, CH4, N2O, HFCs, SF6, PFCs",Yes,Yes,Yes,No,No,Yes,Yes,No,No,No,,Set price,Fixed price,Point source,"Yes, with quantitative limits",,,,,,
Tax_MX_ZA,Zacatecas carbon tax,Carbon tax,Implemented,Zacatecas,"50% of jurisdiction emissions, 0.0103% of global emissions",US$12 (MXN250),"10,20749802","14,14187867","12,59877439","13,85694094","15,08996638","12,27976246","0,203013945",US$16 million (2024) (MXN290 million),,,"27,66409806","27,19596501","19,8905216","15,76969717","-0,429958022","CO2, CH4, N2O, HFCs, SF6, PFCs",Yes,Yes,Yes,No,No,In principle,Yes,No,No,No,Diesel; Other oil products; Gasoline; Kerosene; LPG; Natural gas; Coal,Set price,Set price,Point source,Not permitted,,,,,,